init_r,r,ur
2.709100, 3.607624, 0.079854
2.709100, 7.926706, -0.116840
2.709100, 2.806446, -0.016384
2.709100, 2.840999, 0.020285
2.709100, 9.074671, 0.099654
2.709100, 3.420429, -0.068733
2.709100, 2.713289, 0.001804
2.709100, 3.938900, 0.095582
2.709100, 6.592634, -0.128366
2.709100, 2.772201, -0.011925
2.709100, 2.940847, 0.030494
2.709100, 11.230977, 0.043882
2.709100, 3.148194, -0.048970
2.709100, 2.736538, 0.006419
2.709100, 5.049827, 0.123596
2.709100, 4.759351, -0.119052
2.709100, 2.730130, -0.005295
2.709100, 3.202686, 0.053304
2.709100, 10.807811, -0.059348
2.709100, 2.912755, -0.027722
2.709100, 2.779470, 0.012931
2.709100, 6.890153, 0.126732
2.709100, 3.848399, -0.091727
2.709100, 2.711733, -0.001364
2.709100, 3.457062, 0.071055
2.709100, 8.821729, -0.103968
2.709100, 2.832852, -0.019398
2.709100, 2.811500, 0.016984
2.709100, 8.107347, 0.114543
2.709100, 3.574020, -0.077990
2.709100, 2.709205, 0.000248
2.709100, 3.644817, 0.081854
2.709100, 7.738392, -0.119065
2.709100, 2.801307, -0.015759
2.709100, 2.850918, 0.021349
2.709100, 9.368081, 0.094256
2.709100, 3.380275, -0.066101
2.709100, 2.715405, 0.002333
2.709100, 4.052966, 0.100020
2.709100, 6.270336, -0.129389
2.709100, 2.764499, -0.010820
2.709100, 2.975181, 0.033788
2.709100, 11.564150, 0.025959
2.709100, 3.094891, -0.044531
2.709100, 2.743766, 0.007624
2.709100, 5.372143, 0.126963
2.709100, 4.510841, -0.113805
2.709100, 2.724762, -0.004298
2.709100, 3.255908, 0.057346
2.709100, 10.365806, -0.072037
2.709100, 2.890311, -0.025455
2.709100, 2.786169, 0.013829
2.709100, 7.158063, 0.124759
2.709100, 3.776550, -0.088440
2.709100, 2.710625, -0.000998
2.709100, 3.490788, 0.073128
2.709100, 8.601407, -0.107481
2.709100, 2.826020, -0.018642
2.709100, 2.816675, 0.017585
2.709100, 8.287577, 0.112098
2.709100, 3.542296, -0.076179
2.709100, 2.709534, 0.000509
2.709100, 3.687738, 0.084084
2.709100, 7.535229, -0.121265
2.709100, 2.795897, -0.015085
2.709100, 2.863238, 0.022652
2.709100, 9.709580, 0.087394
2.709100, 3.336059, -0.063096
2.709100, 2.718238, 0.002975
2.709100, 4.197119, 0.105014
2.709100, 5.929963, -0.129488
2.709100, 2.756530, -0.009632
2.709100, 3.016142, 0.037590
2.709100, 11.733749, 0.006293
2.709100, 3.044824, -0.040172
2.709100, 2.751548, 0.008865
2.709100, 5.713949, 0.128947
2.709100, 4.305029, -0.108339
2.709100, 2.720439, -0.003440
2.709100, 3.306422, 0.061016
2.709100, 9.947857, -0.082188
2.709100, 2.872456, -0.023615
2.709100, 2.792319, 0.014629
2.709100, 7.398228, 0.122626
2.709100, 3.718520, -0.085632
2.709100, 2.709864, -0.000684
2.709100, 3.522766, 0.075038
2.709100, 8.403411, -0.110447
2.709100, 2.820074, -0.017974
2.709100, 2.822241, 0.018219
2.709100, 8.476251, 0.109377
2.709100, 3.510804, -0.074330
2.709100, 2.710116, 0.000798
2.709100, 3.739100, 0.086644
2.709100, 7.310440, -0.123444
2.709100, 2.790054, -0.014337
2.709100, 2.878734, 0.024266
2.709100, 10.101445, 0.078623
2.709100, 3.287700, -0.059674
2.709100, 2.721955, 0.003748
2.709100, 4.378022, 0.110404
2.709100, 5.583261, -0.128362
2.709100, 2.748558, -0.008394
2.709100, 3.063258, 0.041799
2.709100, 11.692848, -0.013869
2.709100, 2.999872, -0.036096
2.709100, 2.759562, 0.010090
2.709100, 6.060227, 0.129580
2.709100, 4.138605, -0.103066
2.709100, 2.717071, -0.002718
2.709100, 3.353283, 0.064280
2.709100, 9.574401, -0.090190
2.709100, 2.858248, -0.022127
2.709100, 2.797986, 0.015347
2.709100, 7.614279, 0.120435
2.709100, 3.670669, -0.083207
2.709100, 2.709382, -0.000407
2.709100, 3.554180, 0.076863
2.709100, 8.218929, -0.113047
2.709100, 2.814687, -0.017356
2.709100, 2.828477, 0.018915
2.709100, 8.681501, 0.106230
2.709100, 3.478314, -0.072369
2.709100, 2.710999, 0.001129
2.709100, 3.801835, 0.089620
2.709100, 7.060273, -0.125531
2.709100, 2.783705, -0.013502
2.709100, 2.898193, 0.026257
2.709100, 10.531679, 0.067560
2.709100, 3.236057, -0.055860
2.709100, 2.726664, 0.004659
2.709100, 4.599613, 0.115838
2.709100, 5.247364, -0.125848
2.709100, 2.740955, -0.007162
2.709100, 3.114754, 0.046209
2.709100, 11.453727, -0.032985
2.709100, 2.961441, -0.032482
2.709100, 2.767450, 0.011248
2.709100, 6.394666, 0.129093
2.709100, 4.006714, -0.098275
2.709100, 2.714530, -0.002121
2.709100, 3.395899, 0.067136
2.709100, 9.251943, -0.096445
2.709100, 2.846926, -0.020922
2.709100, 2.803270, 0.016000
2.709100, 7.810900, 0.118229
2.709100, 3.630218, -0.081077
2.709100, 2.709141, -0.000153
2.709100, 3.586409, 0.078683
2.709100, 8.039551, -0.115423
2.709100, 2.809588, -0.016759
2.709100, 2.835754, 0.019715
2.709100, 8.913028, 0.102446
2.709100, 3.443600, -0.070210
2.709100, 2.712263, 0.001521
2.709100, 3.880158, 0.093115
2.709100, 6.781027, -0.127403
2.709100, 2.776784, -0.012563
2.709100, 2.922668, 0.028708
2.709100, 10.973404, 0.053823
2.709100, 3.182112, -0.051692
2.709100, 2.732438, 0.005707
2.709100, 4.864602, 0.120882
2.709100, 4.935576, -0.121995
2.709100, 2.734004, -0.005981
2.709100, 3.168793, 0.050632
2.709100, 11.077356, -0.050047
2.709100, 2.929516, -0.029385
2.709100, 2.775009, 0.012317
2.709100, 6.708390, 0.127804
2.709100, 3.902192, -0.094055
2.709100, 2.712641, -0.001628
2.709100, 3.434668, 0.069644
2.709100, 8.974664, -0.101396
2.709100, 2.837737, -0.019931
2.709100, 2.808357, 0.016613
2.709100, 7.995550, 0.115983
2.709100, 3.594591, -0.079137
2.709100, 2.709115, 0.000093
2.709100, 3.621165, 0.080590
2.709100, 7.856770, -0.117687
2.709100, 2.804522, -0.016152
2.709100, 2.844512, 0.020663
2.709100, 9.180446, 0.097758
2.709100, 3.405688, -0.067778
2.709100, 2.714015, 0.001992
2.709100, 3.978952, 0.097192
2.709100, 6.473345, -0.128841
2.709100, 2.769330, -0.011518
2.709100, 2.953070, 0.031678
2.709100, 11.371728, 0.037364
2.709100, 3.127776, -0.047294
2.709100, 2.739189, 0.006867
2.709100, 5.168623, 0.125025
2.709100, 4.660230, -0.117123
2.709100, 2.727973, -0.004902
2.709100, 3.223062, 0.054874
2.709100, 10.639895, -0.064468
2.709100, 2.903657, -0.026809
2.709100, 2.782071, 0.013283
2.709100, 6.994948, 0.126014
2.709100, 3.819313, -0.090421
2.709100, 2.711268, -0.001218
2.709100, 3.470100, 0.071864
2.709100, 8.735140, -0.105376
2.709100, 2.830139, -0.019099
2.709100, 2.813428, 0.017210
2.709100, 8.175054, 0.113642
2.709100, 3.561902, -0.077304
2.709100, 2.709302, 0.000344
2.709100, 3.660226, 0.082664
2.709100, 7.663768, -0.119898
2.709100, 2.799304, -0.015511
2.709100, 2.855250, 0.021810
2.709100, 9.491132, 0.091859
2.709100, 3.364067, -0.065013
2.709100, 2.716382, 0.002561
2.709100, 4.103510, 0.101846
2.709100, 6.143367, -0.129552
2.709100, 2.761508, -0.010380
2.709100, 2.989877, 0.035168
2.709100, 11.650973, 0.018679
2.709100, 3.075490, -0.042864
2.709100, 2.746657, 0.008091
2.709100, 5.499738, 0.127879
2.709100, 4.428196, -0.111741
2.709100, 2.723009, -0.003958
2.709100, 3.275369, 0.058779
2.709100, 10.203586, -0.076150
2.709100, 2.883081, -0.024714
2.709100, 2.788554, 0.014142
2.709100, 7.251887, 0.123965
2.709100, 3.753222, -0.087328
2.709100, 2.710301, -0.000874
2.709100, 3.503014, 0.073865
2.709100, 8.524471, -0.108655
2.709100, 2.823689, -0.018381
2.709100, 2.818718, 0.017819
2.709100, 8.357456, 0.111109
2.709100, 3.530438, -0.075489
2.709100, 2.709723, 0.000614
2.709100, 3.706016, 0.085008
2.709100, 7.453037, -0.122094
2.709100, 2.793744, -0.014812
2.709100, 2.868683, 0.023222
2.709100, 9.852140, 0.084324
2.709100, 3.318229, -0.061851
2.709100, 2.719533, 0.003251
2.709100, 4.260929, 0.107021
2.709100, 5.798708, -0.129220
2.709100, 2.753496, -0.009167
2.709100, 3.033311, 0.039143
2.709100, 11.743866, -0.001359
2.709100, 3.027124, -0.038586
2.709100, 2.754571, 0.009333
2.709100, 5.845316, 0.129336
2.709100, 4.237673, -0.106303
2.709100, 2.719059, -0.003151
2.709100, 3.324621, 0.062299
2.709100, 9.800750, -0.085446
2.709100, 2.866697, -0.023015
2.709100, 2.794515, 0.014910
2.709100, 7.482565, 0.121800
2.709100, 3.699386, -0.084674
2.709100, 2.709652, -0.000576
2.709100, 3.534645, 0.075734
2.709100, 8.332501, -0.111465
2.709100, 2.817986, -0.017736
2.709100, 2.824503, 0.018473
2.709100, 8.551433, 0.108247
2.709100, 3.498701, -0.073606
2.709100, 2.710411, 0.000917
2.709100, 3.761287, 0.087715
2.709100, 7.219046, -0.124249
2.709100, 2.787717, -0.014032
2.709100, 2.885574, 0.024970
2.709100, 10.260621, 0.074731
2.709100, 3.268513, -0.058277
2.709100, 2.723614, 0.004076
2.709100, 4.456821, 0.112475
2.709100, 5.454198, -0.127577
2.709100, 2.745623, -0.007925
2.709100, 3.082313, 0.043453
2.709100, 11.623104, -0.021287
2.709100, 2.984554, -0.034670
2.709100, 2.762573, 0.010537
2.709100, 6.188681, 0.129510
2.709100, 4.085064, -0.101190
2.709100, 2.716023, -0.002479
2.709100, 3.369885, 0.065405
2.709100, 9.446666, -0.092735
2.709100, 2.853672, -0.021642
2.709100, 2.800019, 0.015600
2.709100, 7.690507, 0.119603
2.709100, 3.654658, -0.082373
2.709100, 2.709264, -0.000310
2.709100, 3.566175, 0.077547
2.709100, 8.151019, -0.113965
2.709100, 2.812741, -0.017130
2.709100, 2.831081, 0.019203
2.709100, 8.765347, 0.104888
2.709100, 3.465521, -0.071581
2.709100, 2.711426, 0.001269
2.709100, 3.829340, 0.090875
2.709100, 6.958277, -0.126273
2.709100, 2.781158, -0.013160
2.709100, 2.906794, 0.027125
2.709100, 10.699523, 0.062698
2.709100, 3.215864, -0.054322
2.709100, 2.728720, 0.005039
2.709100, 4.694670, 0.117817
2.709100, 5.126012, -0.124539
2.709100, 2.738236, -0.006707
2.709100, 3.134989, 0.047889
2.709100, 11.323547, -0.039714
2.709100, 2.948631, -0.031250
2.709100, 2.770355, 0.011664
2.709100, 6.516037, 0.128684
2.709100, 3.964345, -0.096611
2.709100, 2.713748, -0.001924
2.709100, 3.410975, 0.068122
2.709100, 9.142245, -0.098449
2.709100, 2.843236, -0.020526
2.709100, 2.805207, 0.016235
2.709100, 7.881722, 0.117387
2.709100, 3.616298, -0.080326
2.709100, 2.709106, -0.000060
2.709100, 3.599161, 0.079390
2.709100, 7.971236, -0.116288
2.709100, 2.807680, -0.016532
2.709100, 2.838867, 0.020054
2.709100, 9.009498, 0.100795
2.709100, 3.429673, -0.069326
2.709100, 2.712862, 0.001689
2.709100, 3.914846, 0.094587
2.709100, 6.667761, -0.128013
2.709100, 2.774020, -0.012180
2.709100, 2.933434, 0.029770
2.709100, 11.133046, 0.047903
2.709100, 3.161475, -0.050045
2.709100, 2.734888, 0.006135
2.709100, 4.975534, 0.122581
2.709100, 4.826591, -0.120246
2.709100, 2.731602, -0.005559
2.709100, 3.189425, 0.052268
2.709100, 10.915148, -0.055829
2.709100, 2.919056, -0.028350
2.709100, 2.777746, 0.012695
2.709100, 6.820222, 0.127171
2.709100, 3.868571, -0.092613
2.709100, 2.712067, -0.001464
2.709100, 3.448426, 0.070514
2.709100, 8.880074, -0.103000
2.709100, 2.834701, -0.019600
2.709100, 2.810265, 0.016839
2.709100, 8.063637, 0.115113
2.709100, 3.581978, -0.078436
2.709100, 2.709160, 0.000187
2.709100, 3.635312, 0.081349
2.709100, 7.785396, -0.118526
2.709100, 2.802578, -0.015915
2.709100, 2.848305, 0.021070
2.709100, 9.292375, 0.095691
2.709100, 3.390422, -0.066775
2.709100, 2.714829, 0.002195
2.709100, 4.022655, 0.098885
2.709100, 6.350889, -0.129212
2.709100, 2.766408, -0.011098
2.709100, 2.966207, 0.032937
2.709100, 11.495360, 0.030525
2.709100, 3.107662, -0.045613
2.709100, 2.741942, 0.007325
2.709100, 5.291262, 0.126266
2.709100, 4.567413, -0.115122
2.709100, 2.725972, -0.004529
2.709100, 3.243140, 0.056393
2.709100, 10.472520, -0.069191
2.709100, 2.895318, -0.025965
2.709100, 2.784589, 0.013619
2.709100, 7.095429, 0.125260
2.709100, 3.792626, -0.089194
2.709100, 2.710860, -0.001082
2.709100, 3.482771, 0.072641
2.709100, 8.652694, -0.106683
2.709100, 2.827590, -0.018817
2.709100, 2.815387, 0.017437
2.709100, 8.243168, 0.112715
2.709100, 3.549956, -0.076621
2.709100, 2.709432, 0.000443
2.709100, 3.676594, 0.083513
2.709100, 7.586582, -0.120729
2.709100, 2.797252, -0.015255
2.709100, 2.859968, 0.022308
2.709100, 9.621492, 0.089228
2.709100, 3.347245, -0.063867
2.709100, 2.717471, 0.002807
2.709100, 4.158772, 0.103749
2.709100, 6.014193, -0.129567
2.709100, 2.758488, -0.009928
2.709100, 3.005536, 0.036618
2.709100, 11.710783, 0.011196
2.709100, 3.056643, -0.041218
2.709100, 2.749613, 0.008561
2.709100, 5.629475, 0.128592
2.709100, 4.351476, -0.109670
2.709100, 2.721402, -0.003637
2.709100, 3.294397, 0.060157
2.709100, 10.046278, -0.079924
2.709100, 2.876446, -0.024029
2.709100, 2.790866, 0.014442
2.709100, 7.341982, 0.123155
2.709100, 3.731625, -0.086279
2.709100, 2.710022, -0.000757
2.709100, 3.515060, 0.074583
2.709100, 8.450169, -0.109763
2.709100, 2.821462, -0.018131
2.709100, 2.820832, 0.018060
2.709100, 8.429005, 0.110074
2.709100, 3.518536, -0.074789
2.709100, 2.709949, 0.000724
2.709100, 3.725646, 0.085984
2.709100, 7.367492, -0.122917
2.709100, 2.791524, -0.014527
2.709100, 2.874622, 0.023840
2.709100, 10.001635, 0.080959
2.709100, 3.299838, -0.060547
2.709100, 2.720961, 0.003547
2.709100, 4.330266, 0.109070
2.709100, 5.667464, -0.128762
2.709100, 2.750482, -0.008698
2.709100, 3.051284, 0.040745
2.709100, 11.722691, -0.008994
2.709100, 3.010265, -0.037053
2.709100, 2.757607, 0.009795
2.709100, 5.976329, 0.129540
2.709100, 4.175772, -0.104315
2.709100, 2.717810, -0.002882
2.709100, 3.342239, 0.063523
2.709100, 9.660776, -0.088416
2.709100, 2.861418, -0.022461
2.709100, 2.796645, 0.015179
2.709100, 7.563614, 0.120971
2.709100, 3.681553, -0.083767
2.709100, 2.709476, -0.000472
2.709100, 3.546504, 0.076422
2.709100, 8.263112, -0.112439
2.709100, 2.815964, -0.017504
2.709100, 2.826876, 0.018738
2.709100, 8.629425, 0.107047
2.709100, 3.486395, -0.072862
2.709100, 2.710752, 0.001043
2.709100, 3.785281, 0.088851
2.709100, 7.123845, -0.125036
2.709100, 2.785304, -0.013714
2.709100, 2.893028, 0.025732
2.709100, 10.424298, 0.070492
2.709100, 3.248909, -0.056825
2.709100, 2.725419, 0.004424
2.709100, 4.541617, 0.114531
2.709100, 5.327530, -0.126591
2.709100, 2.742759, -0.007459
2.709100, 3.101888, 0.045125
2.709100, 11.527492, -0.028483
2.709100, 2.970199, -0.033316
2.709100, 2.765551, 0.010973
2.709100, 6.314755, 0.129298
2.709100, 4.036092, -0.099392
2.709100, 2.715083, -0.002256
2.709100, 3.385882, 0.066474
2.709100, 9.326120, -0.095055
2.709100, 2.849465, -0.021194
2.709100, 2.802007, 0.015845
2.709100, 7.764330, 0.118769
2.709100, 3.639553, -0.081575
2.709100, 2.709179, -0.000214
2.709100, 3.578378, 0.078235
2.709100, 8.083334, -0.114857
2.709100, 2.810821, -0.016905
2.709100, 2.833858, 0.019508
2.709100, 8.853548, 0.103442
2.709100, 3.452338, -0.070760
2.709100, 2.711913, 0.001419
2.709100, 3.859344, 0.092209
2.709100, 6.851937, -0.126976
2.709100, 2.778526, -0.012802
2.709100, 2.916176, 0.028064
2.709100, 10.866985, 0.057435
2.709100, 3.195405, -0.052737
2.709100, 2.730932, 0.005439
2.709100, 4.795999, 0.119714
2.709100, 5.008744, -0.123046
2.709100, 2.735625, -0.006262
2.709100, 3.155487, 0.049562
2.709100, 11.177737, -0.046111
2.709100, 2.936727, -0.030092
2.709100, 2.773204, 0.012066
2.709100, 6.634118, 0.128176
2.709100, 3.925511, -0.095031
2.709100, 2.713050, -0.001740
2.709100, 3.425536, 0.069061
2.709100, 9.038557, -0.100289
2.709100, 2.839815, -0.020156
2.709100, 2.807124, 0.016466
2.709100, 7.951233, 0.116537
2.709100, 3.602948, -0.079598
2.709100, 2.709102, 0.000033
2.709100, 3.612364, 0.080113
2.709100, 7.902042, -0.117141
2.709100, 2.805765, -0.016302
2.709100, 2.842215, 0.020416
2.709100, 9.111511, 0.099000
2.709100, 3.415259, -0.068399
2.709100, 2.713537, 0.001869
2.709100, 3.952709, 0.096144
2.709100, 6.550707, -0.128546
2.709100, 2.771189, -0.011782
2.709100, 2.945080, 0.030906
2.709100, 11.282597, 0.041609
2.709100, 3.140924, -0.048377
2.709100, 2.737466, 0.006577
2.709100, 5.091482, 0.124123
2.709100, 4.723476, -0.118378
2.709100, 2.729347, -0.005154
2.709100, 3.209942, 0.053866
2.709100, 10.748352, -0.061210
2.709100, 2.909437, -0.027390
2.709100, 2.780402, 0.013057
2.709100, 6.927823, 0.126482
2.709100, 3.837790, -0.091254
2.709100, 2.711561, -0.001311
2.709100, 3.461733, 0.071346
2.709100, 8.790504, -0.104480
2.709100, 2.831870, -0.019290
2.709100, 2.812181, 0.017064
2.709100, 8.131349, 0.114226
2.709100, 3.569696, -0.077746
2.709100, 2.709236, 0.000282
2.709100, 3.650182, 0.082138
2.709100, 7.712188, -0.119361
2.709100, 2.800601, -0.015672
2.709100, 2.852413, 0.021508
2.709100, 9.410912, 0.093431
2.709100, 3.374595, -0.065722
2.709100, 2.715739, 0.002412
2.709100, 4.070381, 0.100659
2.709100, 6.225583, -0.129463
2.709100, 2.763442, -0.010665
2.709100, 2.980283, 0.034269
2.709100, 11.597835, 0.023403
2.709100, 3.087952, -0.043938
2.709100, 2.744783, 0.007789
2.709100, 5.417111, 0.127311
2.709100, 4.480835, -0.113075
2.709100, 2.724123, -0.004175
2.709100, 3.262857, 0.057861
2.709100, 10.307776, -0.073536
2.709100, 2.887675, -0.025185
2.709100, 2.787024, 0.013941
2.709100, 7.191784, 0.124480
2.709100, 3.768064, -0.088039
2.709100, 2.710505, -0.000953
2.709100, 3.495149, 0.073392
2.709100, 8.573785, -0.107906
2.709100, 2.825180, -0.018548
2.709100, 2.817392, 0.017668
2.709100, 8.312199, 0.111752
2.709100, 3.538091, -0.075935
2.709100, 2.709597, 0.000545
2.709100, 3.694076, 0.084406
2.709100, 7.506448, -0.121559
2.709100, 2.795141, -0.014989
2.709100, 2.865115, 0.022849
2.709100, 9.759317, 0.086338
2.709100, 3.329802, -0.062661
2.709100, 2.718683, 0.003071
2.709100, 4.219132, 0.105720
2.709100, 5.883471, -0.129414
2.709100, 2.755453, -0.009468
2.709100, 3.022133, 0.038134
2.709100, 11.740920, 0.003583
2.709100, 3.038456, -0.039604
2.709100, 2.752617, 0.009031
2.709100, 5.760520, 0.129107
2.709100, 4.280501, -0.107613
2.709100, 2.719934, -0.003335
2.709100, 3.312940, 0.061478
2.709100, 9.894897, -0.083378
2.709100, 2.870356, -0.023397
2.709100, 2.793106, 0.014730
2.709100, 7.428530, 0.122334
2.709100, 3.711575, -0.085286
2.709100, 2.709784, -0.000645
2.709100, 3.526986, 0.075286
2.709100, 8.378058, -0.110813
2.709100, 2.819325, -0.017888
2.709100, 2.823032, 0.018308
2.709100, 8.502628, 0.108983
2.709100, 3.506530, -0.074075
2.709100, 2.710216, 0.000839
2.709100, 3.746776, 0.087017
2.709100, 7.278444, -0.123731
2.709100, 2.789234, -0.014230
2.709100, 2.881094, 0.024509
2.709100, 10.157317, 0.077281
2.709100, 3.280945, -0.059185
2.709100, 2.722527, 0.003862
2.709100, 4.405299, 0.111139
2.709100, 5.537253, -0.128107
2.709100, 2.747510, -0.008228
2.709100, 3.069951, 0.042383
2.709100, 11.671274, -0.016522
2.709100, 2.994329, -0.035582
2.709100, 2.760633, 0.010250
2.709100, 6.106032, 0.129573
2.709100, 4.119065, -0.102392
2.709100, 2.716686, -0.002631
2.709100, 3.359243, 0.064686
2.709100, 9.528248, -0.091120
2.709100, 2.856580, -0.021950
2.709100, 2.798713, 0.015438
2.709100, 7.641620, 0.120140
2.709100, 3.664877, -0.082907
2.709100, 2.709336, -0.000372
2.709100, 3.558417, 0.077105
2.709100, 8.194784, -0.113376
2.709100, 2.813993, -0.017276
2.709100, 2.829383, 0.019015
2.709100, 8.710780, 0.105765
2.709100, 3.473817, -0.072093
2.709100, 2.711143, 0.001178
2.709100, 3.811323, 0.090057
2.709100, 7.024587, -0.125798
2.709100, 2.782811, -0.013382
2.709100, 2.901158, 0.026557
2.709100, 10.591093, 0.065881
2.709100, 3.228930, -0.055321
2.709100, 2.727376, 0.004792
2.709100, 4.632607, 0.116547
2.709100, 5.203896, -0.125405
2.709100, 2.739980, -0.007000
2.709100, 3.121894, 0.046805
2.709100, 11.409604, -0.035408
2.709100, 2.956792, -0.032036
2.709100, 2.768487, 0.011397
2.709100, 6.438071, 0.128960
2.709100, 3.991261, -0.097675
2.709100, 2.714243, -0.002050
2.709100, 3.401307, 0.067491
2.709100, 9.212320, -0.097176
2.709100, 2.845584, -0.020778
2.709100, 2.803960, 0.016084
2.709100, 7.836193, 0.117931
2.709100, 3.625209, -0.080808
2.709100, 2.709125, -0.000120
2.709100, 3.590886, 0.078932
2.709100, 8.015399, -0.115732
2.709100, 2.808911, -0.016679
2.709100, 2.836832, 0.019832
2.709100, 8.946634, 0.101876
2.709100, 3.438715, -0.069901
2.709100, 2.712467, 0.001579
2.709100, 3.892114, 0.093627
2.709100, 6.741309, -0.127627
2.709100, 2.775812, -0.012429
2.709100, 2.926388, 0.029076
2.709100, 11.030917, 0.051768
2.709100, 3.174792, -0.051111
2.709100, 2.733292, 0.005857
2.709100, 4.903331, 0.121501
2.709100, 4.896281, -0.121390
2.709100, 2.733136, -0.005830
2.709100, 3.176115, 0.051216
2.709100, 11.020587, -0.052143
2.709100, 2.925708, -0.029009
2.709100, 2.775988, 0.012453
2.709100, 6.748525, 0.127587
2.709100, 3.889926, -0.093534
2.709100, 2.712430, -0.001569
2.709100, 3.439602, 0.069958
2.709100, 8.940512, -0.101980
2.709100, 2.836635, -0.019811
2.709100, 2.809033, 0.016693
2.709100, 8.019769, 0.115676
2.709100, 3.590073, -0.078887
2.709100, 2.709127, 0.000126
2.709100, 3.626108, 0.080856
2.709100, 7.831637, -0.117985
2.709100, 2.803835, -0.016069
2.709100, 2.845824, 0.020804
2.709100, 9.219421, 0.097046
2.709100, 3.400335, -0.067427
2.709100, 2.714294, 0.002062
2.709100, 3.994018, 0.097783
2.709100, 6.430255, -0.128985
2.709100, 2.768300, -0.011370
2.709100, 2.957624, 0.032116
2.709100, 11.417754, 0.034973
2.709100, 3.120601, -0.046697
2.709100, 2.740155, 0.007029
2.709100, 5.211717, 0.125487
2.709100, 4.626586, -0.116420
2.709100, 2.727246, -0.004767
2.709100, 3.230221, 0.055419
2.709100, 10.580342, -0.066188
2.709100, 2.900616, -0.026502
2.709100, 2.782974, 0.013404
2.709100, 7.031075, 0.125750
2.709100, 3.809587, -0.089977
2.709100, 2.711117, -0.001169
2.709100, 3.474633, 0.072143
2.709100, 8.705453, -0.105850
2.709100, 2.829218, -0.018997
2.709100, 2.814119, 0.017290
2.709100, 8.199141, 0.113317
2.709100, 3.557650, -0.077062
2.709100, 2.709344, 0.000379
2.709100, 3.665914, 0.082960
2.709100, 7.636705, -0.120193
2.709100, 2.798582, -0.015422
2.709100, 2.856877, 0.021982
2.709100, 9.536519, 0.090954
2.709100, 3.358171, -0.064613
2.709100, 2.716755, 0.002646
2.709100, 4.122550, 0.102513
2.709100, 6.097773, -0.129575
2.709100, 2.760439, -0.010221
2.709100, 2.995321, 0.035674
2.709100, 11.675436, 0.016044
2.709100, 3.068736, -0.042277
2.709100, 2.747699, 0.008258
2.709100, 5.545550, 0.128155
2.709100, 4.400315, -0.111006
2.709100, 2.722423, -0.003842
2.709100, 3.282170, 0.059274
2.709100, 10.147171, -0.077526
2.709100, 2.880662, -0.024465
2.709100, 2.789383, 0.014250
2.709100, 7.284260, 0.123679
2.709100, 3.745374, -0.086949
2.709100, 2.710198, -0.000832
2.709100, 3.507304, 0.074122
2.709100, 8.497839, -0.109055
2.709100, 2.822888, -0.018291
2.709100, 2.819459, 0.017904
2.709100, 8.382623, 0.110748
2.709100, 3.526224, -0.075242
2.709100, 2.709799, 0.000652
2.709100, 3.712817, 0.085348
2.709100, 7.423087, -0.122387
2.709100, 2.792965, -0.014712
2.709100, 2.870731, 0.023436
2.709100, 9.904405, 0.083165
2.709100, 3.311767, -0.061395
2.709100, 2.720024, 0.003354
2.709100, 4.284881, 0.107744
2.709100, 5.752100, -0.129080
2.709100, 2.752424, -0.009001
2.709100, 3.039599, 0.039707
2.709100, 11.739914, -0.004074
2.709100, 3.021042, -0.038035
2.709100, 2.755648, 0.009498
2.709100, 5.891880, 0.129429
2.709100, 4.215104, -0.105591
2.709100, 2.718601, -0.003053
2.709100, 3.330939, 0.062740
2.709100, 9.750261, -0.086531
2.709100, 2.864771, -0.022813
2.709100, 2.795278, 0.015006
2.709100, 7.511679, 0.121506
2.709100, 3.692919, -0.084347
2.709100, 2.709585, -0.000539
2.709100, 3.538850, 0.075979
2.709100, 8.307737, -0.111815
2.709100, 2.817262, -0.017653
2.709100, 2.825331, 0.018565
2.709100, 8.578749, 0.107830
2.709100, 3.494363, -0.073345
2.709100, 2.710526, 0.000961
2.709100, 3.769580, 0.088111
2.709100, 7.185727, -0.124531
2.709100, 2.786870, -0.013921
2.709100, 2.888145, 0.025234
2.709100, 10.318225, 0.073269
2.709100, 3.261605, -0.057768
2.709100, 2.724237, 0.004197
2.709100, 4.486201, 0.113207
2.709100, 5.408960, -0.127250
2.709100, 2.744599, -0.007759
2.709100, 3.089201, 0.044045
2.709100, 11.591975, -0.023868
2.709100, 2.979353, -0.034181
2.709100, 2.763633, 0.010693
2.709100, 6.233694, 0.129451
2.709100, 4.067193, -0.100543
2.709100, 2.715678, -0.002398
2.709100, 3.375627, 0.065791
2.709100, 9.403107, -0.093582
2.709100, 2.852140, -0.021479
2.709100, 2.800729, 0.015688
2.709100, 7.716944, 0.119307
2.709100, 3.649205, -0.082086
2.709100, 2.709230, -0.000275
2.709100, 3.570475, 0.077790
2.709100, 8.127011, -0.114284
2.709100, 2.812058, -0.017050
2.709100, 2.832045, 0.019309
2.709100, 8.796104, 0.104388
2.709100, 3.460892, -0.071294
2.709100, 2.711592, 0.001321
2.709100, 3.839682, 0.091339
2.709100, 6.921057, -0.126528
2.709100, 2.780234, -0.013035
2.709100, 2.910030, 0.027449
2.709100, 10.759111, 0.060877
2.709100, 3.208633, -0.053765
2.709100, 2.729487, 0.005179
2.709100, 4.729901, 0.118501
2.709100, 5.083914, -0.124029
2.709100, 2.737297, -0.006548
2.709100, 3.142236, 0.048484
2.709100, 11.273398, -0.042023
2.709100, 2.944306, -0.030831
2.709100, 2.771372, 0.011808
2.709100, 6.558315, 0.128514
2.709100, 3.950182, -0.096041
2.709100, 2.713491, -0.001857
2.709100, 3.416198, 0.068460
2.709100, 9.104799, -0.099120
2.709100, 2.841993, -0.020392
2.709100, 2.805888, 0.016317
2.709100, 7.906510, 0.117087
2.709100, 3.611503, -0.080066
2.709100, 2.709101, -0.000027
2.709100, 3.603788, 0.079644
2.709100, 7.946811, -0.116592
2.709100, 2.807002, -0.016451
2.709100, 2.840026, 0.020179
2.709100, 9.045029, 0.100175
2.709100, 3.424618, -0.069002
2.709100, 2.713092, 0.001751
2.709100, 3.927900, 0.095130
2.709100, 6.626655, -0.128211
2.709100, 2.773023, -0.012040
2.709100, 2.937463, 0.030164
2.709100, 11.187469, 0.045712
2.709100, 3.154168, -0.049455
2.709100, 2.735789, 0.006290
2.709100, 5.016124, 0.123147
2.709100, 4.789320, -0.119596
2.709100, 2.730785, -0.005413
2.709100, 3.196722, 0.052840
2.709100, 10.856320, -0.057784
2.709100, 2.915550, -0.028001
2.709100, 2.778697, 0.012826
2.709100, 6.858883, 0.126932
2.709100, 3.857341, -0.092121
2.709100, 2.711880, -0.001409
2.709100, 3.453196, 0.070814
2.709100, 8.847753, -0.103538
2.709100, 2.833675, -0.019488
2.709100, 2.810943, 0.016919
2.709100, 8.087675, 0.114801
2.709100, 3.577588, -0.078190
2.709100, 2.709183, 0.000220
2.709100, 3.640497, 0.081625
2.709100, 7.759662, -0.118823
2.709100, 2.801881, -0.015830
2.709100, 2.849724, 0.021222
2.709100, 9.333639, 0.094913
2.709100, 3.384874, -0.066407
2.709100, 2.715140, 0.002270
2.709100, 4.039102, 0.099505
2.709100, 6.306754, -0.129316
2.709100, 2.765361, -0.010946
2.709100, 2.971091, 0.033401
2.709100, 11.534329, 0.028029
2.709100, 3.100620, -0.045018
2.709100, 2.742940, 0.007489
2.709100, 5.335564, 0.126660
2.709100, 4.535998, -0.114400
2.709100, 2.725299, -0.004401
2.709100, 3.250177, 0.056920
2.709100, 10.413697, -0.070775
2.709100, 2.892531, -0.025681
2.709100, 2.785461, 0.013735
2.709100, 7.130065, 0.124986
2.709100, 3.783685, -0.088776
2.709100, 2.710728, -0.001035
2.709100, 3.487191, 0.072910
2.709100, 8.624332, -0.107126
2.709100, 2.826721, -0.018720
2.709100, 2.816092, 0.017518
2.709100, 8.267522, 0.112378
2.709100, 3.545743, -0.076378
2.709100, 2.709487, 0.000479
2.709100, 3.682660, 0.083824
2.709100, 7.558514, -0.121024
2.709100, 2.796510, -0.015162
2.709100, 2.861742, 0.022495
2.709100, 9.669525, 0.088234
2.709100, 3.341128, -0.063446
2.709100, 2.717887, 0.002898
2.709100, 4.179581, 0.104441
2.709100, 5.967962, -0.129532
2.709100, 2.757412, -0.009766
2.709100, 3.011318, 0.037149
2.709100, 11.724974, 0.008507
2.709100, 3.050111, -0.040642
2.709100, 2.750674, 0.008728
2.709100, 5.675855, 0.128797
2.709100, 4.325653, -0.108938
2.709100, 2.720865, -0.003528
2.709100, 3.301033, 0.060632
2.709100, 9.991859, -0.081184
2.709100, 2.874225, -0.023799
2.709100, 2.791668, 0.014546
2.709100, 7.373078, 0.122865
2.709100, 3.724345, -0.085920
2.709100, 2.709933, -0.000717
2.709100, 3.519301, 0.074834
2.709100, 8.424362, -0.110141
2.709100, 2.820695, -0.018044
2.709100, 2.821602, 0.018147
2.709100, 8.454860, 0.109693
2.709100, 3.514292, -0.074537
2.709100, 2.710039, 0.000764
2.709100, 3.732961, 0.086344
2.709100, 7.336316, -0.123207
2.709100, 2.790720, -0.014423
2.709100, 2.876854, 0.024072
2.709100, 10.056192, 0.079691
2.709100, 3.293191, -0.060070
2.709100, 2.721500, 0.003657
2.709100, 4.356219, 0.109802
2.709100, 5.621112, -0.128553
2.709100, 2.749422, -0.008531
2.709100, 3.057832, 0.041323
2.709100, 11.707816, -0.011681
2.709100, 3.004504, -0.036523
2.709100, 2.758682, 0.009958
2.709100, 6.022527, 0.129571
2.709100, 4.155081, -0.103625
2.709100, 2.717398, -0.002791
2.709100, 3.348342, 0.063942
2.709100, 9.612913, -0.089404
2.709100, 2.859654, -0.022275
2.709100, 2.797385, 0.015272
2.709100, 7.591614, 0.120676
2.709100, 3.675514, -0.083457
2.709100, 2.709423, -0.000437
2.709100, 3.550719, 0.076665
2.709100, 8.238780, -0.112775
2.709100, 2.815260, -0.017422
2.709100, 2.827749, 0.018835
2.709100, 8.657866, 0.106602
2.709100, 3.481969, -0.072592
2.709100, 2.710885, 0.001090
2.709100, 3.794270, 0.089270
2.709100, 7.089116, -0.125309
2.709100, 2.784430, -0.013598
2.709100, 2.895831, 0.026017
2.709100, 10.483186, 0.068900
2.709100, 3.241863, -0.056298
2.709100, 2.726095, 0.004552
2.709100, 4.573172, 0.115252
2.709100, 5.283300, -0.126193
2.709100, 2.741763, -0.007295
2.709100, 3.108939, 0.045721
2.709100, 11.488030, -0.030972
2.709100, 2.965337, -0.032854
2.709100, 2.766597, 0.011125
2.709100, 6.358826, 0.129192
2.709100, 4.019738, -0.098774
2.709100, 2.714774, -0.002181
2.709100, 3.391416, 0.066841
2.709100, 9.285009, -0.095829
2.709100, 2.848053, -0.021043
2.709100, 2.802703, 0.015930
2.709100, 7.790021, 0.118473
2.709100, 3.634385, -0.081300
2.709100, 2.709156, -0.000181
2.709100, 3.582775, 0.078481
2.709100, 8.059289, -0.115169
2.709100, 2.810143, -0.016825
2.709100, 2.834889, 0.019621
2.709100, 8.885981, 0.102901
2.709100, 3.447559, -0.070460
2.709100, 2.712102, 0.001474
2.709100, 3.870638, 0.092703
2.709100, 6.813179, -0.127213
2.709100, 2.777573, -0.012671
2.709100, 2.919701, 0.028414
2.709100, 10.925721, 0.055470
2.709100, 3.188104, -0.052164
2.709100, 2.731752, 0.005586
2.709100, 4.833405, 0.120362
2.709100, 4.968266, -0.122477
2.709100, 2.734727, -0.006107
2.709100, 3.162796, 0.050152
2.709100, 11.123072, -0.048294
2.709100, 2.932718, -0.029699
2.709100, 2.774200, 0.012205
2.709100, 6.675138, 0.127976
2.709100, 3.912531, -0.094490
2.709100, 2.712822, -0.001678
2.709100, 3.430581, 0.069384
2.709100, 9.003153, -0.100905
2.709100, 2.838661, -0.020031
2.709100, 2.807802, 0.016547
2.709100, 7.975637, 0.116233
2.709100, 3.598331, -0.079344
2.709100, 2.709107, 0.000066
2.709100, 3.617172, 0.080374
2.709100, 7.877226, -0.117441
2.709100, 2.805083, -0.016220
2.709100, 2.843464, 0.020550
2.709100, 9.149091, 0.098326
2.709100, 3.410025, -0.068060
2.709100, 2.713796, 0.001936
2.709100, 3.966951, 0.096716
2.709100, 6.508353, -0.128713
2.709100, 2.770170, -0.011637
2.709100, 2.949425, 0.031326
2.709100, 11.332403, 0.039293
2.709100, 3.133683, -0.047782
2.709100, 2.738408, 0.006736
2.709100, 5.133674, 0.124628
2.709100, 4.688388, -0.117692
2.709100, 2.728584, -0.005014
2.709100, 3.217167, 0.054422
2.709100, 10.688749, -0.063022
2.709100, 2.906220, -0.027067
2.709100, 2.781324, 0.013182
2.709100, 6.964943, 0.126227
2.709100, 3.827506, -0.090792
2.709100, 2.711397, -0.001260
2.709100, 3.466351, 0.071632
2.709100, 8.759850, -0.104977
2.709100, 2.830910, -0.019184
2.709100, 2.812865, 0.017144
2.709100, 8.155359, 0.113907
2.709100, 3.565401, -0.077503
2.709100, 2.709271, 0.000316
2.709100, 3.655656, 0.082425
2.709100, 7.685699, -0.119656
2.709100, 2.799891, -0.015584
2.709100, 2.853953, 0.021672
2.709100, 9.454633, 0.092579
2.709100, 3.368840, -0.065335
2.709100, 2.716087, 0.002493
2.709100, 4.088354, 0.101307
2.709100, 6.180516, -0.129519
2.709100, 2.762381, -0.010509
2.709100, 2.985507, 0.034759
2.709100, 11.628385, 0.020818
2.709100, 3.081075, -0.043347
2.709100, 2.745809, 0.007955
2.709100, 5.462405, 0.127633
2.709100, 4.451594, -0.112343
2.709100, 2.723503, -0.004055
2.709100, 3.269756, 0.058368
2.709100, 10.250273, -0.074991
2.709100, 2.885118, -0.024923
2.709100, 2.787869, 0.014052
2.709100, 7.225015, 0.124198
2.709100, 3.759814, -0.087645
2.709100, 2.710391, -0.000909
2.709100, 3.499482, 0.073653
2.709100, 8.546536, -0.108321
2.709100, 2.824355, -0.018456
2.709100, 2.818118, 0.017751
2.709100, 8.336995, 0.111401
2.709100, 3.533885, -0.075690
2.709100, 2.709664, 0.000583
2.709100, 3.700571, 0.084734
2.709100, 7.477261, -0.121853
2.709100, 2.794377, -0.014892
2.709100, 2.867051, 0.023052
2.709100, 9.809969, 0.085246
2.709100, 3.323471, -0.062219
2.709100, 2.719143, 0.003169
2.709100, 4.241824, 0.106432
2.709100, 5.836897, -0.129317
2.709100, 2.754377, -0.009303
2.709100, 3.028234, 0.038686
2.709100, 11.744158, 0.000868
2.709100, 3.032185, -0.039042
2.709100, 2.753690, 0.009197
2.709100, 5.807130, 0.129243
2.709100, 4.256676, -0.106891
2.709100, 2.719446, -0.003233
2.709100, 3.319389, 0.061932
2.709100, 9.842789, -0.084529
2.709100, 2.868319, -0.023184
2.709100, 2.793884, 0.014829
2.709100, 7.458403, 0.122041
2.709100, 3.704806, -0.084947
2.709100, 2.709709, -0.000607
2.709100, 3.531198, 0.075533
2.709100, 8.352933, -0.111174
2.709100, 2.818585, -0.017804
2.709100, 2.823835, 0.018398
2.709100, 8.529317, 0.108582
2.709100, 3.502236, -0.073818
2.709100, 2.710321, 0.000882
2.709100, 3.754663, 0.087398
2.709100, 7.245989, -0.124017
2.709100, 2.788404, -0.014122
2.709100, 2.883526, 0.024760
2.709100, 10.213846, 0.075897
2.709100, 3.274134, -0.058689
2.709100, 2.723117, 0.003979
2.709100, 4.433312, 0.111874
2.709100, 5.491490, -0.127826
2.709100, 2.746470, -0.008061
2.709100, 3.076717, 0.042970
2.709100, 11.646186, -0.019152
2.709100, 2.988906, -0.035077
2.709100, 2.761701, 0.010408
2.709100, 6.151575, 0.129546
2.709100, 4.100134, -0.101727
2.709100, 2.716316, -0.002546
2.709100, 3.365124, 0.065084
2.709100, 9.483031, -0.092020
2.709100, 2.854962, -0.021779
2.709100, 2.799434, 0.015528
2.709100, 7.668622, 0.119845
2.709100, 3.659211, -0.082611
2.709100, 2.709295, -0.000338
2.709100, 3.562672, 0.077348
2.709100, 8.170709, -0.113701
2.709100, 2.813304, -0.017195
2.709100, 2.830308, 0.019118
2.709100, 8.740557, 0.105289
2.709100, 3.469276, -0.071813
2.709100, 2.711296, 0.001227
2.709100, 3.821102, 0.090502
2.709100, 6.988363, -0.126061
2.709100, 2.781907, -0.013261
2.709100, 2.904217, 0.026865
2.709100, 10.650665, 0.064152
2.709100, 3.221764, -0.054774
2.709100, 2.728107, 0.004927
2.709100, 4.666393, 0.117249
2.709100, 5.160889, -0.124939
2.709100, 2.739016, -0.006838
2.709100, 3.129076, 0.047401
2.709100, 11.363178, -0.037791
2.709100, 2.952260, -0.031600
2.709100, 2.769516, 0.011544
2.709100, 6.481088, 0.128814
2.709100, 3.976280, -0.097086
2.709100, 2.713966, -0.001980
2.709100, 3.406648, 0.067840
2.709100, 9.173488, -0.097885
2.709100, 2.844279, -0.020638
2.709100, 2.804646, 0.016167
2.709100, 7.861290, 0.117633
2.709100, 3.620281, -0.080542
2.709100, 2.709113, -0.000087
2.709100, 3.595412, 0.079183
2.709100, 7.991165, -0.116038
2.709100, 2.808235, -0.016598
2.709100, 2.837939, 0.019953
2.709100, 8.980906, 0.101289
2.709100, 3.433770, -0.069587
2.709100, 2.712680, 0.001639
2.709100, 3.904449, 0.094150
2.709100, 6.701086, -0.127843
2.709100, 2.774831, -0.012293
2.709100, 2.930216, 0.029453
2.709100, 11.087502, 0.049663
2.709100, 3.167470, -0.050527
2.709100, 2.734162, 0.006009
2.709100, 4.942746, 0.122102
2.709100, 4.857682, -0.120768
2.709100, 2.732286, -0.005680
2.709100, 3.183434, 0.051796
2.709100, 10.962929, -0.054189
2.709100, 2.922008, -0.028643
2.709100, 2.776958, 0.012587
2.709100, 6.788147, 0.127361
2.709100, 3.878038, -0.093023
2.709100, 2.712227, -0.001511
2.709100, 3.444476, 0.070266
2.709100, 8.907027, -0.102547
2.709100, 2.835561, -0.019694
2.709100, 2.809710, 0.016773
2.709100, 8.043907, 0.115368
2.709100, 3.585605, -0.078639
2.709100, 2.709144, 0.000159
2.709100, 3.631132, 0.081126
2.709100, 7.806309, -0.118283
2.709100, 2.803146, -0.015985
2.709100, 2.847172, 0.020949
2.709100, 9.259186, 0.096311
2.709100, 3.394914, -0.067071
2.709100, 2.714583, 0.002134
2.709100, 4.009557, 0.098384
2.709100, 6.386785, -0.129116
2.709100, 2.767263, -0.011221
2.709100, 2.962293, 0.032563
2.709100, 11.461437, 0.032543
2.709100, 3.113469, -0.046101
2.709100, 2.741133, 0.007191
2.709100, 5.255263, 0.125926
2.709100, 4.593738, -0.115709
2.709100, 2.726538, -0.004635
2.709100, 3.237339, 0.055957
2.709100, 10.520971, -0.067859
2.709100, 2.897667, -0.026203
2.709100, 2.783865, 0.013523
2.709100, 7.066663, 0.125482
2.709100, 3.800151, -0.089543
2.709100, 2.710973, -0.001120
2.709100, 3.479122, 0.072418
2.709100, 8.676263, -0.106313
2.709100, 2.828315, -0.018897
2.709100, 2.814813, 0.017371
2.709100, 8.223300, 0.112987
2.709100, 3.553416, -0.076819
2.709100, 2.709391, 0.000414
2.709100, 3.671729, 0.083262
2.709100, 7.609303, -0.120488
2.709100, 2.797854, -0.015331
2.709100, 2.858555, 0.022159
2.709100, 9.582837, 0.090019
2.709100, 3.352198, -0.064206
2.709100, 2.717143, 0.002734
2.709100, 4.142201, 0.103188
2.709100, 6.051928, -0.129579
2.709100, 2.759368, -0.010061
2.709100, 3.000887, 0.036190
2.709100, 11.696360, 0.013388
2.709100, 3.062057, -0.041694
2.709100, 2.748748, 0.008424
2.709100, 5.591595, 0.128406
2.709100, 4.373173, -0.110271
2.709100, 2.721854, -0.003728
2.709100, 3.288914, 0.059762
2.709100, 10.091426, -0.078861
2.709100, 2.878316, -0.024223
2.709100, 2.790201, 0.014356
2.709100, 7.316171, 0.123392
2.709100, 3.737735, -0.086578
2.709100, 2.710099, -0.000790
2.709100, 3.511574, 0.074376
2.709100, 8.471518, -0.109447
2.709100, 2.822099, -0.018203
2.709100, 2.820210, 0.017989
2.709100, 8.408015, 0.110380
2.709100, 3.522003, -0.074993
2.709100, 2.709879, 0.000691
2.709100, 3.719793, 0.085695
2.709100, 7.392709, -0.122679
2.709100, 2.792176, -0.014611
2.709100, 2.872842, 0.023656
2.709100, 9.957512, 0.081969
2.709100, 3.305238, -0.060932
2.709100, 2.720532, 0.003459
2.709100, 4.309535, 0.108471
2.709100, 5.705544, -0.128915
2.709100, 2.751355, -0.008834
2.709100, 3.045984, 0.040276
2.709100, 11.732037, -0.006782
2.709100, 3.015072, -0.037492
2.709100, 2.756724, 0.009662
2.709100, 5.938349, 0.129499
2.709100, 4.193214, -0.104887
2.709100, 2.718160, -0.002958
2.709100, 3.337181, 0.063173
2.709100, 9.700695, -0.087581
2.709100, 2.862905, -0.022617
2.709100, 2.796033, 0.015102
2.709100, 7.540386, 0.121212
2.709100, 3.686610, -0.084026
2.709100, 2.709523, -0.000502
2.709100, 3.543055, 0.076223
2.709100, 8.283147, -0.112160
2.709100, 2.816546, -0.017571
2.709100, 2.826174, 0.018659
2.709100, 8.606438, 0.107403
2.709100, 3.489997, -0.073080
2.709100, 2.710648, 0.001006
2.709100, 3.778108, 0.088514
2.709100, 7.151920, -0.124809
2.709100, 2.786014, -0.013808
2.709100, 2.890795, 0.025504
2.709100, 10.376339, 0.071761
2.709100, 3.254647, -0.057253
2.709100, 2.724879, 0.004321
2.709100, 4.516342, 0.113936
2.709100, 5.364058, -0.126898
2.709100, 2.743583, -0.007594
2.709100, 3.096151, 0.044638
2.709100, 11.557744, -0.026417
2.709100, 2.974273, -0.033702
2.709100, 2.764689, 0.010848
2.709100, 6.278384, 0.129374
2.709100, 4.049879, -0.099906
2.709100, 2.715346, -0.002319
2.709100, 3.381293, 0.066169
2.709100, 9.360438, -0.094403
2.709100, 2.850652, -0.021321
2.709100, 2.801433, 0.015775
2.709100, 7.743096, 0.119012
2.709100, 3.643859, -0.081804
2.709100, 2.709200, -0.000242
2.709100, 3.574805, 0.078034
2.709100, 8.103011, -0.114600
2.709100, 2.811377, -0.016970
2.709100, 2.833032, 0.019417
2.709100, 8.827432, 0.103874
2.709100, 3.456213, -0.071002
2.709100, 2.711765, 0.001374
2.709100, 3.850350, 0.091813
2.709100, 6.883291, -0.126776
2.709100, 2.779300, -0.012908
2.709100, 2.913365, 0.027783
2.709100, 10.818525, 0.059006
2.709100, 3.201373, -0.053202
2.709100, 2.730273, 0.005321
2.709100, 4.765913, 0.119173
2.709100, 5.042363, -0.123498
2.709100, 2.736372, -0.006390
2.709100, 3.149510, 0.049077
2.709100, 11.221475, -0.044288
2.709100, 2.940095, -0.030421
2.709100, 2.772382, 0.011950
2.709100, 6.600160, 0.128333
2.709100, 3.936451, -0.095482
2.709100, 2.713245, -0.001792
2.709100, 3.421356, 0.068793
2.709100, 9.068095, -0.099770
2.709100, 2.840783, -0.020261
2.709100, 2.806568, 0.016399
2.709100, 7.931146, 0.116785
2.709100, 3.606775, -0.079808
2.709100, 2.709100, 0.000006
2.709100, 3.608475, 0.079900
2.709100, 7.922262, -0.116894
2.709100, 2.806323, -0.016369
2.709100, 2.841216, 0.020308
2.709100, 9.081271, 0.099537
2.709100, 3.419500, -0.068673
2.709100, 2.713333, 0.001815
2.709100, 3.941363, 0.095683
2.709100, 6.585094, -0.128399
2.709100, 2.772018, -0.011899
2.709100, 2.941603, 0.030568
2.709100, 11.240425, 0.043475
2.709100, 3.146879, -0.048863
2.709100, 2.736705, 0.006447
2.709100, 5.057309, 0.123692
2.709100, 4.752814, -0.118931
2.709100, 2.729987, -0.005270
2.709100, 3.203999, 0.053406
2.709100, 10.797089, -0.059688
2.709100, 2.912149, -0.027662
2.709100, 2.779639, 0.012954
2.709100, 6.896998, 0.126687
2.709100, 3.846458, -0.091641
2.709100, 2.711702, -0.001355
2.709100, 3.457910, 0.071108
2.709100, 8.816046, -0.104062
2.709100, 2.832673, -0.019378
2.709100, 2.811623, 0.016999
2.709100, 8.111682, 0.114486
2.709100, 3.573237, -0.077946
2.709100, 2.709211, 0.000254
2.709100, 3.645778, 0.081905
2.709100, 7.733680, -0.119119
2.709100, 2.801180, -0.015743
2.709100, 2.851185, 0.021377
2.709100, 9.375751, 0.094109
2.709100, 3.379255, -0.066033
2.709100, 2.715464, 0.002347
2.709100, 4.056071, 0.100135
2.709100, 6.262277, -0.129403
2.709100, 2.764308, -0.010792
2.709100, 2.976094, 0.033874
2.709100, 11.570458, 0.025500
2.709100, 3.093633, -0.044424
2.709100, 2.743949, 0.007654
2.709100, 5.380239, 0.127028
2.709100, 4.505364, -0.113673
2.709100, 2.724645, -0.004276
2.709100, 3.257167, 0.057440
2.709100, 10.355289, -0.072311
2.709100, 2.889828, -0.025406
2.709100, 2.786324, 0.013849
2.709100, 7.164190, 0.124709
2.709100, 3.774999, -0.088367
2.709100, 2.710603, -0.000990
2.709100, 3.491578, 0.073176
2.709100, 8.596390, -0.107558
2.709100, 2.825868, -0.018625
2.709100, 2.816804, 0.017600
2.709100, 8.292012, 0.112036
2.709100, 3.541536, -0.076135
2.709100, 2.709545, 0.000515
2.709100, 3.688871, 0.084141
2.709100, 7.530061, -0.121318
2.709100, 2.795761, -0.015067
2.709100, 2.863572, 0.022687
2.709100, 9.718495, 0.087206
2.709100, 3.334935, -0.063018
2.709100, 2.718318, 0.002992
2.709100, 4.201045, 0.105141
2.709100, 5.921575, -0.129477
2.709100, 2.756336, -0.009603
2.709100, 3.017216, 0.037688
2.709100, 11.735333, 0.005805
2.709100, 3.043667, -0.040069
2.709100, 2.751740, 0.008895
2.709100, 5.722355, 0.128978
2.709100, 4.300546, -0.108208
2.709100, 2.720346, -0.003421
2.709100, 3.307604, 0.061100
2.709100, 9.938231, -0.082405
2.709100, 2.872072, -0.023576
2.709100, 2.792462, 0.014648
2.709100, 7.403733, 0.122573
2.709100, 3.717252, -0.085569
2.709100, 2.709849, -0.000677
2.709100, 3.523529, 0.075083
2.709100, 8.398814, -0.110513
2.709100, 2.819938, -0.017958
2.709100, 2.822383, 0.018235
2.709100, 8.480992, 0.109306
2.709100, 3.510034, -0.074284
2.709100, 2.710134, 0.000805
2.709100, 3.740471, 0.086711
2.709100, 7.304695, -0.123496
2.709100, 2.789907, -0.014318
2.709100, 2.879155, 0.024310
2.709100, 10.111485, 0.078383
2.709100, 3.286485, -0.059587
2.709100, 2.722057, 0.003769
2.709100, 4.382894, 0.110537
2.709100, 5.574936, -0.128318
2.709100, 2.748368, -0.008364
2.709100, 3.064461, 0.041904
2.709100, 11.689217, -0.014350
2.709100, 2.998862, -0.036002
2.709100, 2.759755, 0.010119
2.709100, 6.068518, 0.129580
2.709100, 4.135030, -0.102943
2.709100, 2.717001, -0.002702
2.709100, 3.354365, 0.064354
2.709100, 9.565996, -0.090360
2.709100, 2.857943, -0.022095
2.709100, 2.798118, 0.015364
2.709100, 7.619243, 0.120381
2.709100, 3.669613, -0.083152
2.709100, 2.709374, -0.000401
2.709100, 3.554944, 0.076907
2.709100, 8.214562, -0.113107
2.709100, 2.814562, -0.017342
2.709100, 2.828639, 0.018933
2.709100, 8.686753, 0.106147
2.709100, 3.477505, -0.072319
2.709100, 2.711024, 0.001138
2.709100, 3.803527, 0.089699
2.709100, 7.053868, -0.125580
2.709100, 2.783545, -0.013480
2.709100, 2.898722, 0.026310
2.709100, 10.542393, 0.067261
2.709100, 3.234773, -0.055763
2.709100, 2.726791, 0.004683
2.709100, 4.605513, 0.115967
2.709100, 5.239481, -0.125770
2.709100, 2.740778, -0.007132
2.709100, 3.116040, 0.046317
2.709100, 11.445937, -0.033425
2.709100, 2.960593, -0.032401
2.709100, 2.767638, 0.011275
2.709100, 6.402532, 0.129070
2.709100, 4.003888, -0.098166
2.709100, 2.714477, -0.002108
2.709100, 3.396880, 0.067201
2.709100, 9.244728, -0.096579
2.709100, 2.846681, -0.020896
2.709100, 2.803395, 0.016015
2.709100, 7.815483, 0.118175
2.709100, 3.629308, -0.081028
2.709100, 2.709137, -0.000147
2.709100, 3.587214, 0.078728
2.709100, 8.035195, -0.115479
2.709100, 2.809466, -0.016744
2.709100, 2.835946, 0.019736
2.709100, 8.919048, 0.102344
2.709100, 3.442722, -0.070155
2.709100, 2.712299, 0.001531
2.709100, 3.882290, 0.093206
2.709100, 6.773893, -0.127444
2.709100, 2.776609, -0.012539
2.709100, 2.923332, 0.028774
2.709100, 10.983850, 0.053456
2.709100, 3.180791, -0.051587
2.709100, 2.732591, 0.005734
2.709100, 4.871544, 0.120995
2.709100, 4.928429, -0.121887
2.709100, 2.733846, -0.005954
2.709100, 3.170115, 0.050738
2.709100, 11.067178, -0.050429
2.709100, 2.928820, -0.029316
2.709100, 2.775186, 0.012342
2.709100, 6.715675, 0.127766
2.709100, 3.899948, -0.093960
2.709100, 2.712602, -0.001617
2.709100, 3.435564, 0.069701
2.709100, 8.968447, -0.101503
2.709100, 2.837536, -0.019909
2.709100, 2.808479, 0.016627
2.709100, 7.999930, 0.115928
2.709100, 3.593771, -0.079092
2.709100, 2.709117, 0.000099
2.709100, 3.622052, 0.080638
2.709100, 7.852245, -0.117741
2.709100, 2.804398, -0.016137
2.709100, 2.844747, 0.020688
2.709100, 9.187427, 0.097631
2.709100, 3.404726, -0.067715
2.709100, 2.714065, 0.002005
2.709100, 3.981639, 0.097298
2.709100, 6.465593, -0.128868
2.709100, 2.769145, -0.011491
2.709100, 2.953884, 0.031757
2.709100, 11.380205, 0.036935
2.709100, 3.126477, -0.047186
2.709100, 2.739363, 0.006896
2.709100, 5.176371, 0.125110
2.709100, 4.654095, -0.116996
2.709100, 2.727840, -0.004878
2.709100, 3.224357, 0.054972
2.709100, 10.629132, -0.064782
2.709100, 2.903101, -0.026753
2.709100, 2.782235, 0.013305
2.709100, 7.001512, 0.125967
2.709100, 3.817534, -0.090340
2.709100, 2.711240, -0.001209
2.709100, 3.470922, 0.071915
2.709100, 8.729741, -0.105462
2.709100, 2.829971, -0.019081
2.709100, 2.813552, 0.017224
2.709100, 8.179400, 0.113584
2.709100, 3.561133, -0.077260
2.709100, 2.709309, 0.000350
2.709100, 3.661244, 0.082717
2.709100, 7.658905, -0.119951
2.709100, 2.799174, -0.015495
2.709100, 2.855540, 0.021840
2.709100, 9.499259, 0.091698
2.709100, 3.363008, -0.064941
2.709100, 2.716448, 0.002577
2.709100, 4.106904, 0.101966
2.709100, 6.135154, -0.129558
2.709100, 2.761315, -0.010351
2.709100, 2.990851, 0.035258
2.709100, 11.655646, 0.018205
2.709100, 3.074265, -0.042758
2.709100, 2.746845, 0.008121
2.709100, 5.507992, 0.127930
2.709100, 4.423106, -0.111609
2.709100, 2.722902, -0.003937
2.709100, 3.276601, 0.058869
2.709100, 10.193351, -0.076402
2.709100, 2.882639, -0.024669
2.709100, 2.788705, 0.014161
2.709100, 7.257767, 0.123914
2.709100, 3.751789, -0.087259
2.709100, 2.710282, -0.000866
2.709100, 3.503790, 0.073911
2.709100, 8.519638, -0.108728
2.709100, 2.823543, -0.018365
2.709100, 2.818851, 0.017834
2.709100, 8.361985, 0.111044
2.709100, 3.529677, -0.075444
2.709100, 2.709736, 0.000621
2.709100, 3.707232, 0.085069
2.709100, 7.447660, -0.122147
2.709100, 2.793604, -0.014794
2.709100, 2.869048, 0.023260
2.709100, 9.861514, 0.084118
2.709100, 3.317068, -0.061769
2.709100, 2.719620, 0.003270
2.709100, 4.265203, 0.107151
2.709100, 5.790290, -0.129197
2.709100, 2.753302, -0.009137
2.709100, 3.034439, 0.039245
2.709100, 11.743444, -0.001849
2.709100, 3.026017, -0.038486
2.709100, 2.754765, 0.009363
2.709100, 5.853729, 0.129355
2.709100, 4.233547, -0.106174
2.709100, 2.718975, -0.003133
2.709100, 3.325767, 0.062379
2.709100, 9.791566, -0.085644
2.709100, 2.866345, -0.022978
2.709100, 2.794654, 0.014927
2.709100, 7.487853, 0.121747
2.709100, 3.698206, -0.084615
2.709100, 2.709639, -0.000569
2.709100, 3.535405, 0.075779
2.709100, 8.328016, -0.111529
2.709100, 2.817855, -0.017721
2.709100, 2.824651, 0.018489
2.709100, 8.556339, 0.108172
2.709100, 3.497920, -0.073559
2.709100, 2.710431, 0.000925
2.709100, 3.762768, 0.087786
2.709100, 7.213065, -0.124300
2.709100, 2.787565, -0.014012
2.709100, 2.886033, 0.025017
2.709100, 10.270983, 0.074471
2.709100, 3.267270, -0.058186
2.709100, 2.723725, 0.004098
2.709100, 4.462070, 0.112608
2.709100, 5.446006, -0.127520
2.709100, 2.745438, -0.007895
2.709100, 3.083552, 0.043560
2.709100, 11.617720, -0.021755
2.709100, 2.983606, -0.034581
2.709100, 2.762765, 0.010565
2.709100, 6.196832, 0.129501
2.709100, 4.081795, -0.101072
2.709100, 2.715959, -0.002464
2.709100, 3.370927, 0.065475
2.709100, 9.438734, -0.092890
2.709100, 2.853392, -0.021612
2.709100, 2.800148, 0.015616
2.709100, 7.695303, 0.119550
2.709100, 3.653665, -0.082321
2.709100, 2.709258, -0.000303
2.709100, 3.566950, 0.077591
2.709100, 8.146682, -0.114023
2.709100, 2.812618, -0.017115
2.709100, 2.831254, 0.019222
2.709100, 8.770860, 0.104799
2.709100, 3.464688, -0.071529
2.709100, 2.711455, 0.001278
2.709100, 3.831184, 0.090958
2.709100, 6.951596, -0.126319
2.709100, 2.780992, -0.013137
2.709100, 2.907371, 0.027183
2.709100, 10.710290, 0.062373
2.709100, 3.214561, -0.054222
2.709100, 2.728857, 0.005064
2.709100, 4.700973, 0.117941
2.709100, 5.118371, -0.124448
2.709100, 2.738066, -0.006678
2.709100, 3.136295, 0.047997
2.709100, 11.314631, -0.040134
2.709100, 2.947842, -0.031173
2.709100, 2.770539, 0.011690
2.709100, 6.523702, 0.128654
2.709100, 3.961755, -0.096508
2.709100, 2.713701, -0.001912
2.709100, 3.411923, 0.068183
2.709100, 9.135428, -0.098572
2.709100, 2.843009, -0.020501
2.709100, 2.805330, 0.016250
2.709100, 7.886210, 0.117333
2.709100, 3.615427, -0.080279
2.709100, 2.709105, -0.000054
2.709100, 3.599992, 0.079435
2.709100, 7.966834, -0.116343
2.709100, 2.807557, -0.016517
2.709100, 2.839074, 0.020076
2.709100, 9.015862, 0.100684
2.709100, 3.428765, -0.069268
2.709100, 2.712903, 0.001700
2.709100, 3.917173, 0.094684
2.709100, 6.660373, -0.128049
2.709100, 2.773841, -0.012155
2.709100, 2.934154, 0.029840
2.709100, 11.142973, 0.047511
2.709100, 3.160154, -0.049939
2.709100, 2.735050, 0.006163
2.709100, 4.982817, 0.122685
2.709100, 4.819806, -0.120130
2.709100, 2.731454, -0.005532
2.709100, 3.190744, 0.052372
2.709100, 10.904563, -0.056186
2.709100, 2.918415, -0.028286
2.709100, 2.777918, 0.012719
2.709100, 6.827243, 0.127128
2.709100, 3.866517, -0.092523
2.709100, 2.712033, -0.001454
2.709100, 3.449292, 0.070569
2.709100, 8.874192, -0.103098
2.709100, 2.834514, -0.019580
2.709100, 2.810387, 0.016853
2.709100, 8.067981, 0.115057
2.709100, 3.581182, -0.078392
2.709100, 2.709164, 0.000193
2.709100, 3.636242, 0.081399
2.709100, 7.780767, -0.118580
2.709100, 2.802452, -0.015900
2.709100, 2.848559, 0.021097
2.709100, 9.299764, 0.095552
2.709100, 3.389425, -0.066709
2.709100, 2.714884, 0.002208
2.709100, 4.025587, 0.098996
2.709100, 6.342946, -0.129232
2.709100, 2.766220, -0.011070
2.709100, 2.967080, 0.033020
2.709100, 11.502599, 0.030077
2.709100, 3.106386, -0.045505
2.709100, 2.742122, 0.007355
2.709100, 5.299233, 0.126339
2.709100, 4.561682, -0.114992
2.709100, 2.725849, -0.004505
2.709100, 3.244414, 0.056489
2.709100, 10.461871, -0.069481
2.709100, 2.894809, -0.025913
2.709100, 2.784747, 0.013640
2.709100, 7.101722, 0.125211
2.709100, 3.790992, -0.089118
2.709100, 2.710836, -0.001073
2.709100, 3.483572, 0.072690
2.709100, 8.647541, -0.106764
2.709100, 2.827432, -0.018799
2.709100, 2.815514, 0.017452
2.709100, 8.247556, 0.112654
2.709100, 3.549195, -0.076577
2.709100, 2.709441, 0.000449
2.709100, 3.677679, 0.083569
2.709100, 7.581542, -0.120783
2.709100, 2.797119, -0.015238
2.709100, 2.860284, 0.022342
2.709100, 9.630096, 0.089051
2.709100, 3.346146, -0.063791
2.709100, 2.717545, 0.002823
2.709100, 4.162481, 0.103873
2.709100, 6.005859, -0.129562
2.709100, 2.758294, -0.009899
2.709100, 3.006572, 0.036714
2.709100, 11.713625, 0.010712
2.709100, 3.055457, -0.041114
2.709100, 2.749804, 0.008591
2.709100, 5.637839, 0.128631
2.709100, 4.346760, -0.109538
2.709100, 2.721304, -0.003617
2.709100, 3.295600, 0.060243
2.709100, 10.036395, -0.080154
2.709100, 2.876040, -0.023987
2.709100, 2.791011, 0.014461
2.709100, 7.347630, 0.123103
2.709100, 3.730296, -0.086213
2.709100, 2.710006, -0.000750
2.709100, 3.515827, 0.074628
2.709100, 8.445489, -0.109832
2.709100, 2.821323, -0.018115
2.709100, 2.820971, 0.018075
2.709100, 8.433654, 0.110005
2.709100, 3.517771, -0.074744
2.709100, 2.709965, 0.000731
2.709100, 3.726953, 0.086049
2.709100, 7.361896, -0.122970
2.709100, 2.791380, -0.014508
2.709100, 2.875020, 0.023882
2.709100, 10.011430, 0.080733
2.709100, 3.298643, -0.060461
2.709100, 2.721057, 0.003567
2.709100, 4.334899, 0.109202
2.709100, 5.659083, -0.128726
2.709100, 2.750290, -0.008668
2.709100, 3.052460, 0.040849
2.709100, 11.720285, -0.009480
2.709100, 3.009216, -0.036956
2.709100, 2.757801, 0.009825
2.709100, 5.984684, 0.129547
2.709100, 4.171988, -0.104190
2.709100, 2.717735, -0.002865
2.709100, 3.343347, 0.063599
2.709100, 9.652064, -0.088597
2.709100, 2.861095, -0.022427
2.709100, 2.796779, 0.015196
2.709100, 7.568698, 0.120918
2.709100, 3.680452, -0.083711
2.709100, 2.709466, -0.000466
2.709100, 3.547264, 0.076466
2.709100, 8.258709, -0.112500
2.709100, 2.815837, -0.017489
2.709100, 2.827033, 0.018755
2.709100, 8.634529, 0.106967
2.709100, 3.485599, -0.072813
2.709100, 2.710775, 0.001052
2.709100, 3.786885, 0.088926
2.709100, 7.117612, -0.125086
2.709100, 2.785147, -0.013694
2.709100, 2.893528, 0.025783
2.709100, 10.434904, 0.070208
2.709100, 3.247640, -0.056731
2.709100, 2.725540, 0.004447
2.709100, 4.547257, 0.114661
2.709100, 5.319514, -0.126521
2.709100, 2.742578, -0.007430
2.709100, 3.103157, 0.045233
2.709100, 11.520569, -0.028935
2.709100, 2.969313, -0.033232
2.709100, 2.765740, 0.011001
2.709100, 6.322739, 0.129280
2.709100, 4.033101, -0.099280
2.709100, 2.715026, -0.002243
2.709100, 3.386886, 0.066541
2.709100, 9.318634, -0.095197
2.709100, 2.849207, -0.021166
2.709100, 2.802133, 0.015861
2.709100, 7.768986, 0.118716
2.709100, 3.638613, -0.081525
2.709100, 2.709174, -0.000208
2.709100, 3.579169, 0.078279
2.709100, 8.078995, -0.114914
2.709100, 2.810698, -0.016890
2.709100, 2.834043, 0.019528
2.709100, 8.859358, 0.103346
2.709100, 3.451479, -0.070706
2.709100, 2.711947, 0.001429
2.709100, 3.861357, 0.092298
2.709100, 6.844978, -0.127019
2.709100, 2.778355, -0.012779
2.709100, 2.916804, 0.028126
2.709100, 10.877628, 0.057084
2.709100, 3.194088, -0.052634
2.709100, 2.731078, 0.005466
2.709100, 4.802698, 0.119832
2.709100, 5.001389, -0.122945
2.709100, 2.735462, -0.006234
2.709100, 3.156806, 0.049669
2.709100, 11.167966, -0.046509
2.709100, 2.935995, -0.030020
2.709100, 2.773385, 0.012091
2.709100, 6.641559, 0.128141
2.709100, 3.923137, -0.094932
2.709100, 2.713008, -0.001729
2.709100, 3.426451, 0.069120
2.709100, 9.032112, -0.100401
2.709100, 2.839604, -0.020134
2.709100, 2.807247, 0.016480
2.709100, 7.955648, 0.116482
2.709100, 3.602110, -0.079552
2.709100, 2.709102, 0.000039
2.709100, 3.613227, 0.080159
2.709100, 7.897573, -0.117196
2.709100, 2.805642, -0.016287
2.709100, 2.842438, 0.020440
2.709100, 9.118241, 0.098880
2.709100, 3.414318, -0.068338
2.709100, 2.713583, 0.001881
2.709100, 3.955249, 0.096246
2.709100, 6.543090, -0.128577
2.709100, 2.771006, -0.011756
2.709100, 2.945856, 0.030981
2.709100, 11.291730, 0.041194
2.709100, 3.139614, -0.048269
2.709100, 2.737635, 0.006605
2.709100, 5.099061, 0.124216
2.709100, 4.717082, -0.118255
2.709100, 2.729208, -0.005128
2.709100, 3.211249, 0.053967
2.709100, 10.737596, -0.061541
2.709100, 2.908849, -0.027331
2.709100, 2.780569, 0.013080
2.709100, 6.934567, 0.126436
2.709100, 3.835909, -0.091170
2.709100, 2.711531, -0.001302
2.709100, 3.462570, 0.071398
2.709100, 8.784928, -0.104571
2.709100, 2.831695, -0.019270
2.709100, 2.812304, 0.017079
2.709100, 8.135683, 0.114169
2.709100, 3.568918, -0.077702
2.709100, 2.709242, 0.000288
2.709100, 3.651162, 0.082189
2.709100, 7.707427, -0.119414
2.709100, 2.800474, -0.015656
2.709100, 2.852688, 0.021537
2.709100, 9.418740, 0.093279
2.709100, 3.373561, -0.065652
2.709100, 2.715801, 0.002427
2.709100, 4.073584, 0.100775
2.709100, 6.217468, -0.129474
2.709100, 2.763251, -0.010637
2.709100, 2.981218, 0.034357
2.709100, 11.603587, 0.022939
2.709100, 3.086705, -0.043831
2.709100, 2.744968, 0.007819
2.709100, 5.425266, 0.127371
2.709100, 4.475499, -0.112943
2.709100, 2.724010, -0.004153
2.709100, 3.264107, 0.057953
2.709100, 10.297353, -0.073802
2.709100, 2.887207, -0.025138
2.709100, 2.787177, 0.013961
2.709100, 7.197820, 0.124429
2.709100, 3.766557, -0.087967
2.709100, 2.710484, -0.000945
2.709100, 3.495933, 0.073439
2.709100, 8.568838, -0.107981
2.709100, 2.825030, -0.018532
2.709100, 2.817523, 0.017683
2.709100, 8.316663, 0.111689
2.709100, 3.537331, -0.075891
2.709100, 2.709609, 0.000552
2.709100, 3.695237, 0.084465
2.709100, 7.501209, -0.121613
2.709100, 2.795004, -0.014972
2.709100, 2.865460, 0.022885
2.709100, 9.768396, 0.086143
2.709100, 3.328665, -0.062582
2.709100, 2.718765, 0.003088
2.709100, 4.223179, 0.105848
2.709100, 5.875066, -0.129398
2.709100, 2.755259, -0.009438
2.709100, 3.023227, 0.038234
2.709100, 11.741796, 0.003093
2.709100, 3.037316, -0.039503
2.709100, 2.752811, 0.009061
2.709100, 5.768935, 0.129133
2.709100, 4.276147, -0.107482
2.709100, 2.719845, -0.003317
2.709100, 3.314110, 0.061560
2.709100, 9.885424, -0.083588
2.709100, 2.869984, -0.023358
2.709100, 2.793247, 0.014748
2.709100, 7.433956, 0.122281
2.709100, 3.710340, -0.085224
2.709100, 2.709771, -0.000638
2.709100, 3.527747, 0.075331
2.709100, 8.373506, -0.110879
2.709100, 2.819191, -0.017873
2.709100, 2.823176, 0.018324
2.709100, 8.507423, 0.108911
2.709100, 3.505756, -0.074029
2.709100, 2.710234, 0.000847
2.709100, 3.748184, 0.087085
2.709100, 7.272618, -0.123783
2.709100, 2.789085, -0.014211
2.709100, 2.881528, 0.024554
2.709100, 10.167477, 0.077034
2.709100, 3.279720, -0.059096
2.709100, 2.722632, 0.003883
2.709100, 4.410302, 0.111272
2.709100, 5.528971, -0.128058
2.709100, 2.747321, -0.008197
2.709100, 3.071168, 0.042489
2.709100, 11.667000, -0.016999
2.709100, 2.993340, -0.035490
2.709100, 2.760826, 0.010278
2.709100, 6.114275, 0.129569
2.709100, 4.115602, -0.102271
2.709100, 2.716618, -0.002615
2.709100, 3.360310, 0.064758
2.709100, 9.520015, -0.091285
2.709100, 2.856284, -0.021919
2.709100, 2.798844, 0.015454
2.709100, 7.646520, 0.120086
2.709100, 3.663845, -0.082853
2.709100, 2.709329, -0.000366
2.709100, 3.559184, 0.077149
2.709100, 8.190432, -0.113435
2.709100, 2.813869, -0.017261
2.709100, 2.829548, 0.019034
2.709100, 8.716119, 0.105680
2.709100, 3.473000, -0.072043
2.709100, 2.711170, 0.001187
2.709100, 3.813066, 0.090136
2.709100, 7.018086, -0.125846
2.709100, 2.782649, -0.013360
2.709100, 2.901703, 0.026612
2.709100, 10.601841, 0.065572
2.709100, 3.227639, -0.055222
2.709100, 2.727506, 0.004816
2.709100, 4.638648, 0.116675
2.709100, 5.196095, -0.125323
2.709100, 2.739805, -0.006970
2.709100, 3.123188, 0.046913
2.709100, 11.401387, -0.035841
2.709100, 2.955965, -0.031957
2.709100, 2.768673, 0.011424
2.709100, 6.445867, 0.128935
2.709100, 3.988522, -0.097568
2.709100, 2.714192, -0.002037
2.709100, 3.402276, 0.067555
2.709100, 9.205250, -0.097306
2.709100, 2.845346, -0.020753
2.709100, 2.804084, 0.016099
2.709100, 7.840738, 0.117877
2.709100, 3.624314, -0.080760
2.709100, 2.709122, -0.000114
2.709100, 3.591699, 0.078977
2.709100, 8.011030, -0.115787
2.709100, 2.808789, -0.016664
2.709100, 2.837030, 0.019854
2.709100, 8.952772, 0.101771
2.709100, 3.437827, -0.069845
2.709100, 2.712505, 0.001590
2.709100, 3.894313, 0.093721
2.709100, 6.734084, -0.127666
2.709100, 2.775636, -0.012404
2.709100, 2.927071, 0.029144
2.709100, 11.041208, 0.051391
2.709100, 3.173470, -0.051006
2.709100, 2.733448, 0.005884
2.709100, 4.910398, 0.121611
2.709100, 4.889259, -0.121279
2.709100, 2.732981, -0.005803
2.709100, 3.177437, 0.051321
2.709100, 11.010237, -0.052516
2.709100, 2.925031, -0.028942
2.709100, 2.776164, 0.012477
2.709100, 6.755717, 0.127547
2.709100, 3.887752, -0.093441
2.709100, 2.712392, -0.001558
2.709100, 3.440487, 0.070014
2.709100, 8.934417, -0.102084
2.709100, 2.836439, -0.019790
2.709100, 2.809156, 0.016708
2.709100, 8.024133, 0.115621
2.709100, 3.589263, -0.078842
2.709100, 2.709130, 0.000132
2.709100, 3.627009, 0.080905
2.709100, 7.827079, -0.118039
2.709100, 2.803711, -0.016053
2.709100, 2.846065, 0.020830
2.709100, 9.226542, 0.096915
2.709100, 3.399361, -0.067364
2.709100, 2.714345, 0.002075
2.709100, 3.996788, 0.097891
2.709100, 6.422434, -0.129010
2.709100, 2.768113, -0.011343
2.709100, 2.958458, 0.032196
2.709100, 11.425820, 0.034537
2.709100, 3.119310, -0.046590
2.709100, 2.740330, 0.007058
2.709100, 5.219547, 0.125568
2.709100, 4.620596, -0.116292
2.709100, 2.727116, -0.004743
2.709100, 3.231510, 0.055516
2.709100, 10.569606, -0.066493
2.709100, 2.900077, -0.026447
2.709100, 2.783136, 0.013426
2.709100, 7.037541, 0.125702
2.709100, 3.807862, -0.089898
2.709100, 2.711090, -0.001160
2.709100, 3.475446, 0.072193
2.709100, 8.700147, -0.105934
2.709100, 2.829053, -0.018979
2.709100, 2.814244, 0.017305
2.709100, 8.203497, 0.113258
2.709100, 3.556884, -0.077018
2.709100, 2.709352, 0.000385
2.709100, 3.666955, 0.083014
2.709100, 7.631783, -0.120246
2.709100, 2.798452, -0.015405
2.709100, 2.857176, 0.022013
2.709100, 9.544813, 0.090788
2.709100, 3.357099, -0.064540
2.709100, 2.716824, 0.002662
2.709100, 4.126053, 0.102634
2.709100, 6.089513, -0.129578
2.709100, 2.760246, -0.010192
2.709100, 2.996317, 0.035767
2.709100, 11.679480, 0.015566
2.709100, 3.067524, -0.042172
2.709100, 2.747888, 0.008288
2.709100, 5.553848, 0.128202
2.709100, 4.395360, -0.110874
2.709100, 2.722319, -0.003821
2.709100, 3.283392, 0.059363
2.709100, 10.137055, -0.077770
2.709100, 2.880233, -0.024421
2.709100, 2.789531, 0.014269
2.709100, 7.290055, 0.123628
2.709100, 3.743979, -0.086882
2.709100, 2.710179, -0.000824
2.709100, 3.508076, 0.074168
2.709100, 8.493064, -0.109126
2.709100, 2.822745, -0.018275
2.709100, 2.819594, 0.017919
2.709100, 8.387190, 0.110682
2.709100, 3.525463, -0.075197
2.709100, 2.709813, 0.000659
2.709100, 3.714063, 0.085410
2.709100, 7.417633, -0.122439
2.709100, 2.792823, -0.014694
2.709100, 2.871107, 0.023475
2.709100, 9.913932, 0.082952
2.709100, 3.310593, -0.061312
2.709100, 2.720114, 0.003373
2.709100, 4.289280, 0.107875
2.709100, 5.743689, -0.129052
2.709100, 2.752230, -0.008971
2.709100, 3.040745, 0.039809
2.709100, 11.738781, -0.004563
2.709100, 3.019956, -0.037937
2.709100, 2.755842, 0.009527
2.709100, 5.900278, 0.129444
2.709100, 4.211102, -0.105464
2.709100, 2.718520, -0.003036
2.709100, 3.332071, 0.062819
2.709100, 9.741243, -0.086723
2.709100, 2.864430, -0.022777
2.709100, 2.795415, 0.015024
2.709100, 7.516892, 0.121453
2.709100, 3.691768, -0.084289
2.709100, 2.709574, -0.000532
2.709100, 3.539609, 0.076023
2.709100, 8.303285, -0.111878
2.709100, 2.817132, -0.017638
2.709100, 2.825482, 0.018582
2.709100, 8.583720, 0.107753
2.709100, 3.493577, -0.073297
2.709100, 2.710548, 0.000969
2.709100, 3.771102, 0.088183
2.709100, 7.179659, -0.124581
2.709100, 2.786716, -0.013901
2.709100, 2.888618, 0.025282
2.709100, 10.328682, 0.073000
2.709100, 3.260353, -0.057676
2.709100, 2.724351, 0.004219
2.709100, 4.491586, 0.113339
2.709100, 5.400827, -0.127188
2.709100, 2.744415, -0.007729
2.709100, 3.090452, 0.044152
2.709100, 11.586019, -0.024330
2.709100, 2.978426, -0.034094
2.709100, 2.763824, 0.010721
2.709100, 6.241787, 0.129438
2.709100, 4.064026, -0.100427
2.709100, 2.715617, -0.002384
2.709100, 3.376655, 0.065860
2.709100, 9.395338, -0.093733
2.709100, 2.851868, -0.021450
2.709100, 2.800857, 0.015704
2.709100, 7.721686, 0.119254
2.709100, 3.648232, -0.082035
2.709100, 2.709224, -0.000269
2.709100, 3.571254, 0.077834
2.709100, 8.122678, -0.114341
2.709100, 2.811935, -0.017035
2.709100, 2.832222, 0.019328
2.709100, 8.801717, 0.104296
2.709100, 3.460051, -0.071241
2.709100, 2.711622, 0.001330
2.709100, 3.841584, 0.091424
2.709100, 6.914279, -0.126573
2.709100, 2.780066, -0.013012
2.709100, 2.910624, 0.027509
2.709100, 10.769855, 0.060543
2.709100, 3.207324, -0.053664
2.709100, 2.729628, 0.005205
2.709100, 4.736346, 0.118623
2.709100, 5.076370, -0.123935
2.709100, 2.737129, -0.006519
2.709100, 3.143547, 0.048591
2.709100, 11.264148, -0.042435
2.709100, 2.943538, -0.030756
2.709100, 2.771555, 0.011834
2.709100, 6.565903, 0.128482
2.709100, 3.947671, -0.095939
2.709100, 2.713446, -0.001845
2.709100, 3.417134, 0.068520
2.709100, 9.098118, -0.099239
2.709100, 2.841772, -0.020368
2.709100, 2.806011, 0.016332
2.709100, 7.910968, 0.117032
2.709100, 3.610644, -0.080019
2.709100, 2.709100, -0.000021
2.709100, 3.604630, 0.079690
2.709100, 7.942388, -0.116647
2.709100, 2.806879, -0.016436
2.709100, 2.840239, 0.020202
2.709100, 9.051520, 0.100062
2.709100, 3.423698, -0.068943
2.709100, 2.713135, 0.001763
2.709100, 3.930300, 0.095229
2.709100, 6.619184, -0.128246
2.709100, 2.772842, -0.012015
2.709100, 2.938203, 0.030236
2.709100, 11.197144, 0.045311
2.709100, 3.152850, -0.049349
2.709100, 2.735953, 0.006318
2.709100, 5.023517, 0.123247
2.709100, 4.782672, -0.119477
2.709100, 2.730640, -0.005387
2.709100, 3.198038, 0.052942
2.709100, 10.845651, -0.058132
2.709100, 2.914928, -0.027939
2.709100, 2.778868, 0.012849
2.709100, 6.865805, 0.126888
2.709100, 3.855351, -0.092034
2.709100, 2.711847, -0.001399
2.709100, 3.454051, 0.070867
2.709100, 8.841984, -0.103634
2.709100, 2.833492, -0.019468
2.709100, 2.811066, 0.016933
2.709100, 8.092011, 0.114744
2.709100, 3.576800, -0.078146
2.709100, 2.709188, 0.000226
2.709100, 3.641443, 0.081676
2.709100, 7.754989, -0.118876
2.709100, 2.801755, -0.015814
2.709100, 2.849985, 0.021250
2.709100, 9.341179, 0.094770
2.709100, 3.383865, -0.066340
2.709100, 2.715198, 0.002284
2.709100, 4.042126, 0.099618
2.709100, 6.298748, -0.129333
2.709100, 2.765171, -0.010918
2.709100, 2.971985, 0.033486
2.709100, 11.541067, 0.027575
2.709100, 3.099354, -0.044910
2.709100, 2.743122, 0.007519
2.709100, 5.343603, 0.126728
2.709100, 4.530410, -0.114269
2.709100, 2.725179, -0.004378
2.709100, 3.251443, 0.057014
2.709100, 10.403119, -0.071055
2.709100, 2.892037, -0.025631
2.709100, 2.785618, 0.013756
2.709100, 7.136264, 0.124936
2.709100, 3.782098, -0.088702
2.709100, 2.710705, -0.001027
2.709100, 3.487986, 0.072958
2.709100, 8.619257, -0.107205
2.709100, 2.826565, -0.018703
2.709100, 2.816220, 0.017533
2.709100, 8.271933, 0.112316
2.709100, 3.544983, -0.076334
2.709100, 2.709497, 0.000485
2.709100, 3.683770, 0.083881
2.709100, 7.553405, -0.121077
2.709100, 2.796376, -0.015145
2.709100, 2.862069, 0.022529
2.709100, 9.678298, 0.088051
2.709100, 3.340016, -0.063369
2.709100, 2.717963, 0.002915
2.709100, 4.183407, 0.104566
2.709100, 5.959597, -0.129524
2.709100, 2.757218, -0.009737
2.709100, 3.012375, 0.037246
2.709100, 11.727130, 0.008020
2.709100, 3.048940, -0.040538
2.709100, 2.750866, 0.008758
2.709100, 5.684243, 0.128832
2.709100, 4.321067, -0.108806
2.709100, 2.720770, -0.003508
2.709100, 3.302224, 0.060717
2.709100, 9.982117, -0.081408
2.709100, 2.873832, -0.023758
2.709100, 2.791812, 0.014564
2.709100, 7.378646, 0.122812
2.709100, 3.723051, -0.085856
2.709100, 2.709918, -0.000710
2.709100, 3.520065, 0.074879
2.709100, 8.419731, -0.110209
2.709100, 2.820557, -0.018028
2.709100, 2.821742, 0.018162
2.709100, 8.459558, 0.109624
2.709100, 3.513524, -0.074492
2.709100, 2.710056, 0.000772
2.709100, 3.734302, 0.086410
2.709100, 7.330640, -0.123260
2.709100, 2.790574, -0.014404
2.709100, 2.877264, 0.024114
2.709100, 10.066122, 0.079458
2.709100, 3.291985, -0.059983
2.709100, 2.721600, 0.003677
2.709100, 4.360982, 0.109935
2.709100, 5.612760, -0.128512
2.709100, 2.749231, -0.008501
2.709100, 3.059023, 0.041428
2.709100, 11.704731, -0.012164
2.709100, 3.003476, -0.036429
2.709100, 2.758876, 0.009987
2.709100, 6.030847, 0.129574
2.709100, 4.151414, -0.103501
2.709100, 2.717325, -0.002774
2.709100, 3.349435, 0.064017
2.709100, 9.604372, -0.089579
2.709100, 2.859341, -0.022242
2.709100, 2.797518, 0.015289
2.709100, 7.596629, 0.120623
2.709100, 3.674438, -0.083402
2.709100, 2.709413, -0.000430
2.709100, 3.551481, 0.076708
2.709100, 8.234400, -0.112835
2.709100, 2.815134, -0.017408
2.709100, 2.827908, 0.018852
2.709100, 8.663047, 0.106521
2.709100, 3.481166, -0.072543
2.709100, 2.710909, 0.001099
2.709100, 3.795921, 0.089347
2.709100, 7.082791, -0.125358
2.709100, 2.784271, -0.013577
2.709100, 2.896347, 0.026069
2.709100, 10.493855, 0.068608
2.709100, 3.240586, -0.056202
2.709100, 2.726219, 0.004575
2.709100, 4.578953, 0.115381
2.709100, 5.275357, -0.126118
2.709100, 2.741584, -0.007266
2.709100, 3.110218, 0.045828
2.709100, 11.480619, -0.031418
2.709100, 2.964472, -0.032771
2.709100, 2.766785, 0.011152
2.709100, 6.366744, 0.129171
2.709100, 4.016840, -0.098663
2.709100, 2.714720, -0.002168
2.709100, 3.392408, 0.066906
2.709100, 9.277675, -0.095966
2.709100, 2.847803, -0.021016
2.709100, 2.802828, 0.015946
2.709100, 7.794634, 0.118419
2.709100, 3.633462, -0.081250
2.709100, 2.709152, -0.000175
2.709100, 3.583573, 0.078525
2.709100, 8.054943, -0.115225
2.709100, 2.810020, -0.016810
2.709100, 2.835078, 0.019641
2.709100, 8.891904, 0.102802
2.709100, 3.446690, -0.070405
2.709100, 2.712137, 0.001484
2.709100, 3.872715, 0.092793
2.709100, 6.806125, -0.127256
2.709100, 2.777399, -0.012648
2.709100, 2.920349, 0.028478
2.709100, 10.936266, 0.055110
2.709100, 3.186785, -0.052060
2.709100, 2.731902, 0.005612
2.709100, 4.840237, 0.120478
2.709100, 4.961026, -0.122372
2.709100, 2.734567, -0.006079
2.709100, 3.164117, 0.050258
2.709100, 11.113066, -0.048683
2.709100, 2.932007, -0.029629
2.709100, 2.774378, 0.012230
2.709100, 6.682493, 0.127938
2.709100, 3.910230, -0.094394
2.709100, 2.712781, -0.001667
2.709100, 3.431485, 0.069442
2.709100, 8.996836, -0.101014
2.709100, 2.838455, -0.020009
2.709100, 2.807924, 0.016561
2.709100, 7.980031, 0.116178
2.709100, 3.597504, -0.079298
2.709100, 2.709109, 0.000072
2.709100, 3.618048, 0.080421
2.709100, 7.872729, -0.117496
2.709100, 2.804960, -0.016205
2.709100, 2.843693, 0.020575
2.709100, 9.155956, 0.098202
2.709100, 3.409073, -0.067998
2.709100, 2.713843, 0.001948
2.709100, 3.969570, 0.096820
2.709100, 6.500663, -0.128742
2.709100, 2.769986, -0.011611
2.709100, 2.950221, 0.031403
2.709100, 11.341188, 0.038870
2.709100, 3.132379, -0.047674
2.709100, 2.738579, 0.006765
2.709100, 5.141346, 0.124717
2.709100, 4.682138, -0.117567
2.709100, 2.728448, -0.004989
2.709100, 3.218468, 0.054522
2.709100, 10.677983, -0.063343
2.709100, 2.905650, -0.027010
2.709100, 2.781489, 0.013204
2.709100, 6.971586, 0.126180
2.709100, 3.825683, -0.090710
2.709100, 2.711368, -0.001251
2.709100, 3.467180, 0.071684
2.709100, 8.754374, -0.105066
2.709100, 2.830739, -0.019165
2.709100, 2.812989, 0.017159
2.709100, 8.159696, 0.113849
2.709100, 3.564629, -0.077459
2.709100, 2.709277, 0.000322
2.709100, 3.656656, 0.082478
2.709100, 7.680885, -0.119709
2.709100, 2.799762, -0.015568
2.709100, 2.854236, 0.021702
2.709100, 9.462622, 0.092422
2.709100, 3.367792, -0.065264
2.709100, 2.716151, 0.002508
2.709100, 4.091660, 0.101426
2.709100, 6.172347, -0.129528
2.709100, 2.762189, -0.010480
2.709100, 2.986463, 0.034849
2.709100, 11.633554, 0.020348
2.709100, 3.079840, -0.043240
2.709100, 2.745996, 0.007985
2.709100, 5.470614, 0.127689
2.709100, 4.446395, -0.112210
2.709100, 2.723393, -0.004033
2.709100, 3.270996, 0.058459
2.709100, 10.239951, -0.075249
2.709100, 2.884665, -0.024877
2.709100, 2.788021, 0.014072
2.709100, 7.230963, 0.124147
2.709100, 3.758348, -0.087575
2.709100, 2.710371, -0.000902
2.709100, 3.500262, 0.073700
2.709100, 8.541655, -0.108395
2.709100, 2.824207, -0.018440
2.709100, 2.818249, 0.017766
2.709100, 8.341492, 0.111337
2.709100, 3.533126, -0.075646
2.709100, 2.709677, 0.000590
2.709100, 3.701761, 0.084794
2.709100, 7.471948, -0.121906
2.709100, 2.794238, -0.014874
2.709100, 2.867407, 0.023089
2.709100, 9.819210, 0.085045
2.709100, 3.322320, -0.062138
2.709100, 2.719228, 0.003187
2.709100, 4.245994, 0.106562
2.709100, 5.828484, -0.129297
2.709100, 2.754183, -0.009273
2.709100, 3.029346, 0.038787
2.709100, 11.744322, 0.000377
2.709100, 3.031064, -0.038941
2.709100, 2.753884, 0.009227
2.709100, 5.815545, 0.129265
2.709100, 4.252449, -0.106761
2.709100, 2.719360, -0.003215
2.709100, 3.320546, 0.062014
2.709100, 9.833475, -0.084733
2.709100, 2.867958, -0.023147
2.709100, 2.794024, 0.014847
2.709100, 7.463751, 0.121988
2.709100, 3.703602, -0.084887
2.709100, 2.709696, -0.000600
2.709100, 3.531958, 0.075578
2.709100, 8.348419, -0.111238
2.709100, 2.818453, -0.017789
2.709100, 2.823981, 0.018414
2.709100, 8.534170, 0.108508
2.709100, 3.501459, -0.073772
2.709100, 2.710340, 0.000890
2.709100, 3.756110, 0.087467
2.709100, 7.240079, -0.124068
2.709100, 2.788253, -0.014102
2.709100, 2.883973, 0.024806
2.709100, 10.224119, 0.075643
2.709100, 3.272899, -0.058598
2.709100, 2.723226, 0.004000
2.709100, 4.438449, 0.112007
2.709100, 5.483256, -0.127773
2.709100, 2.746283, -0.008031
2.709100, 3.077946, 0.043077
2.709100, 11.641292, -0.019624
2.709100, 2.987940, -0.034987
2.709100, 2.761893, 0.010437
2.709100, 6.159768, 0.129539
2.709100, 4.096780, -0.101608
2.709100, 2.716250, -0.002531
2.709100, 3.366177, 0.065155
2.709100, 9.474965, -0.092179
2.709100, 2.854675, -0.021749
2.709100, 2.799563, 0.015544
2.709100, 7.673462, 0.119791
2.709100, 3.658201, -0.082558
2.709100, 2.709288, -0.000332
2.709100, 3.563443, 0.077392
2.709100, 8.166368, -0.113759
2.709100, 2.813180, -0.017181
2.709100, 2.830477, 0.019136
2.709100, 8.745989, 0.105201
2.709100, 3.468451, -0.071762
2.709100, 2.711324, 0.001236
2.709100, 3.822899, 0.090584
2.709100, 6.981765, -0.126108
2.709100, 2.781743, -0.013239
2.709100, 2.904779, 0.026922
2.709100, 10.661430, 0.063835
2.709100, 3.220466, -0.054675
2.709100, 2.728241, 0.004951
2.709100, 4.672578, 0.117375
2.709100, 5.153175, -0.124852
2.709100, 2.738844, -0.006809
2.709100, 3.130377, 0.047509
2.709100, 11.354564, -0.038217
2.709100, 2.951454, -0.031522
2.709100, 2.769701, 0.011571
2.709100, 6.488812, 0.128786
2.709100, 3.973624, -0.096981
2.709100, 2.713917, -0.001967
2.709100, 3.407605, 0.067902
2.709100, 9.166560, -0.098010
2.709100, 2.844047, -0.020613
2.709100, 2.804770, 0.016182
2.709100, 7.865802, 0.117579
2.709100, 3.619399, -0.080494
2.709100, 2.709111, -0.000081
2.709100, 3.596235, 0.079228
2.709100, 7.986780, -0.116093
2.709100, 2.808112, -0.016584
2.709100, 2.838142, 0.019975
2.709100, 8.987166, 0.101181
2.709100, 3.432871, -0.069530
2.709100, 2.712720, 0.001650
2.709100, 3.906717, 0.094246
2.709100, 6.693771, -0.127881
2.709100, 2.774653, -0.012268
2.709100, 2.930919, 0.029523
2.709100, 11.097605, 0.049278
2.709100, 3.166149, -0.050421
2.709100, 2.734321, 0.006037
2.709100, 4.949933, 0.122209
2.709100, 4.850789, -0.120654
2.709100, 2.732134, -0.005653
2.709100, 3.184755, 0.051900
2.709100, 10.952439, -0.054554
2.709100, 2.921351, -0.028578
2.709100, 2.777132, 0.012611
2.709100, 6.795245, 0.127320
2.709100, 3.875931, -0.092932
2.709100, 2.712191, -0.001500
2.709100, 3.445350, 0.070321
2.709100, 8.901051, -0.102648
2.709100, 2.835370, -0.019673
2.709100, 2.809833, 0.016788
2.709100, 8.048257, 0.115312
2.709100, 3.584803, -0.078594
2.709100, 2.709147, 0.000165
2.709100, 3.632048, 0.081175
2.709100, 7.801713, -0.118337
2.709100, 2.803021, -0.015969
2.709100, 2.847420, 0.020975
2.709100, 9.266452, 0.096176
2.709100, 3.393928, -0.067006
2.709100, 2.714637, 0.002148
2.709100, 4.012415, 0.098494
2.709100, 6.378896, -0.129138
2.709100, 2.767075, -0.011194
2.709100, 2.963149, 0.032645
2.709100, 11.469061, 0.032100
2.709100, 3.112187, -0.045994
2.709100, 2.741310, 0.007221
2.709100, 5.263171, 0.126002
2.709100, 4.587892, -0.115580
2.709100, 2.726412, -0.004612
2.709100, 3.238620, 0.056054
2.709100, 10.510277, -0.068155
2.709100, 2.897144, -0.026150
2.709100, 2.784025, 0.013544
2.709100, 7.073032, 0.125434
2.709100, 3.798477, -0.089465
2.709100, 2.710948, -0.001112
2.709100, 3.479929, 0.072468
2.709100, 8.671043, -0.106395
2.709100, 2.828155, -0.018880
2.709100, 2.814939, 0.017385
2.709100, 8.227672, 0.112928
2.709100, 3.552653, -0.076776
2.709100, 2.709400, 0.000420
2.709100, 3.672794, 0.083317
2.709100, 7.604317, -0.120541
2.709100, 2.797722, -0.015314
2.709100, 2.858863, 0.022192
2.709100, 9.591301, 0.089846
2.709100, 3.351111, -0.064132
2.709100, 2.717214, 0.002750
2.709100, 4.145816, 0.103311
2.709100, 6.043625, -0.129577
2.709100, 2.759174, -0.010032
2.709100, 3.001904, 0.036284
2.709100, 11.699751, 0.012906
2.709100, 3.060859, -0.041589
2.709100, 2.748939, 0.008455
2.709100, 5.599932, 0.128448
2.709100, 4.368350, -0.110139
2.709100, 2.721753, -0.003708
2.709100, 3.290126, 0.059849
2.709100, 10.081436, -0.079097
2.709100, 2.877900, -0.024180
2.709100, 2.790348, 0.014375
2.709100, 7.321884, 0.123340
2.709100, 3.736377, -0.086511
2.709100, 2.710082, -0.000783
2.709100, 3.512343, 0.074422
2.709100, 8.466797, -0.109517
2.709100, 2.821958, -0.018187
2.709100, 2.820347, 0.018004
2.709100, 8.412626, 0.110313
2.709100, 3.521240, -0.074948
2.709100, 2.709894, 0.000699
2.709100, 3.721073, 0.085758
2.709100, 7.387177, -0.122731
2.709100, 2.792033, -0.014592
2.709100, 2.873231, 0.023696
2.709100, 9.967189, 0.081749
2.709100, 3.304052, -0.060847
2.709100, 2.720625, 0.003478
2.709100, 4.314062, 0.108603
2.709100, 5.697147, -0.128883
2.709100, 2.751162, -0.008804
2.709100, 3.047147, 0.040379
2.709100, 11.730200, -0.007270
2.709100, 3.014006, -0.037395
2.709100, 2.756919, 0.009691
2.709100, 5.946727, 0.129510
2.709100, 4.189332, -0.104760
2.709100, 2.718082, -0.002941
2.709100, 3.338300, 0.063251
2.709100, 9.691845, -0.087767
2.709100, 2.862574, -0.022582
2.709100, 2.796168, 0.015119
2.709100, 7.545527, 0.121159
2.709100, 3.685487, -0.083969
2.709100, 2.709513, -0.000495
2.709100, 3.543815, 0.076267
2.709100, 8.278724, -0.112222
2.709100, 2.816417, -0.017556
2.709100, 2.826328, 0.018677
2.709100, 8.611480, 0.107325
2.709100, 3.489205, -0.073032
2.709100, 2.710670, 0.001014
2.709100, 3.779675, 0.088588
2.709100, 7.145762, -0.124860
2.709100, 2.785858, -0.013788
2.709100, 2.891283, 0.025554
2.709100, 10.386882, 0.071484
2.709100, 3.253386, -0.057159
2.709100, 2.724997, 0.004343
2.709100, 4.521867, 0.114067
2.709100, 5.355987, -0.126832
2.709100, 2.743401, -0.007564
2.709100, 3.097412, 0.044745
2.709100, 11.551244, -0.026874
2.709100, 2.973368, -0.033617
2.709100, 2.764879, 0.010875
2.709100, 6.286418, 0.129358
2.709100, 4.046810, -0.099792
2.709100, 2.715287, -0.002305
2.709100, 3.382309, 0.066237
2.709100, 9.352826, -0.094548
2.709100, 2.850388, -0.021293
2.709100, 2.801560, 0.015790
2.709100, 7.747790, 0.118958
2.709100, 3.642904, -0.081753
2.709100, 2.709195, -0.000236
2.709100, 3.575590, 0.078078
2.709100, 8.098676, -0.114657
2.709100, 2.811254, -0.016956
2.709100, 2.833213, 0.019437
2.709100, 8.833152, 0.103780
2.709100, 3.455362, -0.070949
2.709100, 2.711797, 0.001384
2.709100, 3.852313, 0.091900
2.709100, 6.876413, -0.126821
2.709100, 2.779130, -0.012885
2.709100, 2.913979, 0.027844
2.709100, 10.829225, 0.058663
2.709100, 3.200059, -0.053100
2.709100, 2.730417, 0.005347
2.709100, 4.772499, 0.119293
2.709100, 5.034921, -0.123400
2.709100, 2.736207, -0.006362
2.709100, 3.150826, 0.049184
2.709100, 11.211924, -0.044693
2.709100, 2.939346, -0.030348
2.709100, 2.772564, 0.011976
2.709100, 6.607670, 0.128299
2.709100, 3.934016, -0.095382
2.709100, 2.713201, -0.001780
2.709100, 3.422281, 0.068852
2.709100, 9.061544, -0.099885
2.709100, 2.840568, -0.020238
2.709100, 2.806691, 0.016414
2.709100, 7.935580, 0.116731
2.709100, 3.605928, -0.079761
2.709100, 2.709100, 0.000012
2.709100, 3.609329, 0.079947
2.709100, 7.917814, -0.116949
2.709100, 2.806200, -0.016355
2.709100, 2.841435, 0.020332
2.709100, 9.087893, 0.099420
2.709100, 3.418569, -0.068613
2.709100, 2.713377, 0.001827
2.709100, 3.943839, 0.095784
2.709100, 6.577541, -0.128432
2.709100, 2.771836, -0.011873
2.709100, 2.942363, 0.030642
2.709100, 11.249818, 0.043066
2.709100, 3.145565, -0.048756
2.709100, 2.736872, 0.006475
2.709100, 5.064808, 0.123789
2.709100, 4.746303, -0.118810
2.709100, 2.729845, -0.005244
2.709100, 3.205310, 0.053508
2.709100, 10.786360, -0.060026
2.709100, 2.911545, -0.027601
2.709100, 2.779808, 0.012977
2.709100, 6.903823, 0.126642
2.709100, 3.844529, -0.091555
2.709100, 2.711670, -0.001345
2.709100, 3.458755, 0.071161
2.709100, 8.810384, -0.104154
2.709100, 2.832495, -0.019358
2.709100, 2.811746, 0.017013
2.709100, 8.116016, 0.114429
2.709100, 3.572455, -0.077902
2.709100, 2.709216, 0.000260
2.709100, 3.646743, 0.081956
2.709100, 7.728959, -0.119172
2.709100, 2.801052, -0.015728
2.709100, 2.851453, 0.021406
2.709100, 9.383449, 0.093962
2.709100, 3.378232, -0.065965
2.709100, 2.715524, 0.002362
2.709100, 4.059193, 0.100250
2.709100, 6.254209, -0.129417
2.709100, 2.764118, -0.010764
2.709100, 2.977010, 0.033961
2.709100, 11.576668, 0.025040
2.709100, 3.092378, -0.044317
2.709100, 2.744132, 0.007684
2.709100, 5.388345, 0.127092
2.709100, 4.499915, -0.113542
2.709100, 2.724529, -0.004254
2.709100, 3.258424, 0.057533
2.709100, 10.344789, -0.072584
2.709100, 2.889349, -0.025357
2.709100, 2.786479, 0.013870
2.709100, 7.170300, 0.124659
2.709100, 3.773457, -0.088294
2.709100, 2.710581, -0.000982
2.709100, 3.492366, 0.073224
2.709100, 8.591386, -0.107635
2.709100, 2.825715, -0.018608
2.709100, 2.816933, 0.017615
2.709100, 8.296451, 0.111974
2.709100, 3.540777, -0.076091
2.709100, 2.709556, 0.000522
2.709100, 3.690009, 0.084199
2.709100, 7.524880, -0.121372
2.709100, 2.795625, -0.015050
2.709100, 2.863909, 0.022723
2.709100, 9.727438, 0.087017
2.709100, 3.333808, -0.062940
2.709100, 2.718397, 0.003009
2.709100, 4.204992, 0.105268
2.709100, 5.913183, -0.129464
2.709100, 2.756141, -0.009573
2.709100, 3.018293, 0.037786
2.709100, 11.736790, 0.005315
2.709100, 3.042513, -0.039967
2.709100, 2.751933, 0.008925
2.709100, 5.730762, 0.129008
2.709100, 4.296088, -0.108077
2.709100, 2.720254, -0.003402
2.709100, 3.308784, 0.061184
2.709100, 9.928633, -0.082622
2.709100, 2.871690, -0.023536
2.709100, 2.792605, 0.014666
2.709100, 7.409223, 0.122521
2.709100, 3.715991, -0.085506
2.709100, 2.709835, -0.000670
2.709100, 3.524292, 0.075128
2.709100, 8.394227, -0.110580
2.709100, 2.819802, -0.017943
2.709100, 2.822525, 0.018251
2.709100, 8.485743, 0.109235
2.709100, 3.509262, -0.074238
2.709100, 2.710152, 0.000813
2.709100, 3.741849, 0.086778
2.709100, 7.298936, -0.123548
2.709100, 2.789759, -0.014299
2.709100, 2.879578, 0.024353
2.709100, 10.121546, 0.078143
2.709100, 3.285267, -0.059498
2.709100, 2.722160, 0.003789
2.709100, 4.387789, 0.110670
2.709100, 5.566618, -0.128273
2.709100, 2.748179, -0.008334
2.709100, 3.065667, 0.042010
2.709100, 11.685469, -0.014830
2.709100, 2.997856, -0.035909
2.709100, 2.759949, 0.010148
2.709100, 6.076800, 0.129579
2.709100, 4.131476, -0.102821
2.709100, 2.716931, -0.002686
2.709100, 3.355445, 0.064428
2.709100, 9.557623, -0.090529
2.709100, 2.857640, -0.022062
2.709100, 2.798250, 0.015380
2.709100, 7.624194, 0.120328
2.709100, 3.668562, -0.083098
2.709100, 2.709365, -0.000395
2.709100, 3.555708, 0.076951
2.709100, 8.210199, -0.113166
2.709100, 2.814436, -0.017327
2.709100, 2.828802, 0.018951
2.709100, 8.692020, 0.106063
2.709100, 3.476695, -0.072269
2.709100, 2.711050, 0.001147
2.709100, 3.805229, 0.089777
2.709100, 7.047446, -0.125628
2.709100, 2.783384, -0.013459
2.709100, 2.899253, 0.026364
2.709100, 10.553114, 0.066959
2.709100, 3.233488, -0.055666
2.709100, 2.726919, 0.004706
2.709100, 4.611438, 0.116095
2.709100, 5.231613, -0.125691
2.709100, 2.740601, -0.007103
2.709100, 3.117328, 0.046424
2.709100, 11.438068, -0.033864
2.709100, 2.959749, -0.032320
2.709100, 2.767825, 0.011302
2.709100, 6.410387, 0.129047
2.709100, 4.001077, -0.098057
2.709100, 2.714425, -0.002095
2.709100, 3.397860, 0.067265
2.709100, 9.237539, -0.096712
2.709100, 2.846437, -0.020870
2.709100, 2.803520, 0.016030
2.709100, 7.820059, 0.118122
2.709100, 3.628399, -0.080979
2.709100, 2.709134, -0.000141
2.709100, 3.588020, 0.078773
2.709100, 8.030836, -0.115535
2.709100, 2.809344, -0.016730
2.709100, 2.836140, 0.019757
2.709100, 8.925090, 0.102242
2.709100, 3.441842, -0.070099
2.709100, 2.712336, 0.001542
2.709100, 3.884433, 0.093299
2.709100, 6.766741, -0.127485
2.709100, 2.776434, -0.012515
2.709100, 2.923999, 0.028840
2.709100, 10.994272, 0.053087
2.709100, 3.179469, -0.051482
2.709100, 2.732744, 0.005761
2.709100, 4.878509, 0.121107
2.709100, 4.921305, -0.121779
2.709100, 2.733688, -0.005926
2.709100, 3.171437, 0.050844
2.709100, 11.056966, -0.050810
2.709100, 2.928128, -0.029248
2.709100, 2.775364, 0.012367
2.709100, 6.722944, 0.127727
2.709100, 3.897717, -0.093866
2.709100, 2.712564, -0.001606
2.709100, 3.436457, 0.069758
2.709100, 8.962251, -0.101609
2.709100, 2.837336, -0.019887
2.709100, 2.808601, 0.016642
2.709100, 8.004308, 0.115872
2.709100, 3.592953, -0.079047
2.709100, 2.709119, 0.000105
2.709100, 3.622942, 0.080686
2.709100, 7.847714, -0.117795
2.709100, 2.804274, -0.016122
2.709100, 2.844982, 0.020714
2.709100, 9.194433, 0.097503
2.709100, 3.403762, -0.067652
2.709100, 2.714114, 0.002017
2.709100, 3.984340, 0.097404
2.709100, 6.457827, -0.128895
2.709100, 2.768959, -0.011465
2.709100, 2.954701, 0.031835
2.709100, 11.388610, 0.036505
2.709100, 3.125179, -0.047078
2.709100, 2.739537, 0.006926
2.709100, 5.184134, 0.125195
2.709100, 4.647986, -0.116870
2.709100, 2.727708, -0.004853
2.709100, 3.225652, 0.055071
2.709100, 10.618371, -0.065095
2.709100, 2.902548, -0.026697
2.709100, 2.782398, 0.013327
2.709100, 7.008059, 0.125919
2.709100, 3.815766, -0.090260
2.709100, 2.711212, -0.001200
2.709100, 3.471742, 0.071965
2.709100, 8.724358, -0.105548
2.709100, 2.829804, -0.019062
2.709100, 2.813677, 0.017239
2.709100, 8.183747, 0.113525
2.709100, 3.560364, -0.077216
2.709100, 2.709317, 0.000356
2.709100, 3.662266, 0.082771
2.709100, 7.654031, -0.120005
2.709100, 2.799044, -0.015479
2.709100, 2.855832, 0.021871
2.709100, 9.507418, 0.091536
2.709100, 3.361947, -0.064869
2.709100, 2.716515, 0.002592
2.709100, 4.110318, 0.102086
2.709100, 6.126930, -0.129563
2.709100, 2.761123, -0.010322
2.709100, 2.991829, 0.035350
2.709100, 11.660209, 0.017730
2.709100, 3.073042, -0.042652
2.709100, 2.747032, 0.008151
2.709100, 5.516255, 0.127981
2.709100, 4.418040, -0.111476
2.709100, 2.722795, -0.003915
2.709100, 3.277832, 0.058959
2.709100, 10.183136, -0.076652
2.709100, 2.882199, -0.024623
2.709100, 2.788855, 0.014181
2.709100, 7.263633, 0.123862
2.709100, 3.750363, -0.087191
2.709100, 2.710263, -0.000859
2.709100, 3.504566, 0.073958
2.709100, 8.514815, -0.108800
2.709100, 2.823398, -0.018349
2.709100, 2.818985, 0.017850
2.709100, 8.366521, 0.110979
2.709100, 3.528917, -0.075400
2.709100, 2.709749, 0.000628
2.709100, 3.708453, 0.085130
2.709100, 7.442268, -0.122200
2.709100, 2.793464, -0.014776
2.709100, 2.869415, 0.023299
2.709100, 9.870918, 0.083910
2.709100, 3.315903, -0.061687
2.709100, 2.719708, 0.003288
2.709100, 4.269500, 0.107281
2.709100, 5.781871, -0.129172
2.709100, 2.753108, -0.009107
2.709100, 3.035571, 0.039346
2.709100, 11.742893, -0.002340
2.709100, 3.024915, -0.038386
2.709100, 2.754960, 0.009392
2.709100, 5.862142, 0.129373
2.709100, 4.229443, -0.106045
2.709100, 2.718892, -0.003116
2.709100, 3.326911, 0.062459
2.709100, 9.782409, -0.085842
2.709100, 2.865994, -0.022941
2.709100, 2.794792, 0.014945
2.709100, 7.493128, 0.121694
2.709100, 3.697031, -0.084555
2.709100, 2.709627, -0.000563
2.709100, 3.536164, 0.075823
2.709100, 8.323535, -0.111592
2.709100, 2.817724, -0.017706
2.709100, 2.824800, 0.018506
2.709100, 8.561257, 0.108097
2.709100, 3.497137, -0.073512
2.709100, 2.710452, 0.000933
2.709100, 3.764256, 0.087857
2.709100, 7.207067, -0.124351
2.709100, 2.787412, -0.013992
2.709100, 2.886494, 0.025064
2.709100, 10.281365, 0.074208
2.709100, 3.266024, -0.058094
2.709100, 2.723837, 0.004120
2.709100, 4.467345, 0.112740
2.709100, 5.437822, -0.127462
2.709100, 2.745252, -0.007865
2.709100, 3.084794, 0.043667
2.709100, 11.612229, -0.022222
2.709100, 2.982661, -0.034492
2.709100, 2.762956, 0.010594
2.709100, 6.204975, 0.129491
2.709100, 4.078544, -0.100955
2.709100, 2.715897, -0.002449
2.709100, 3.371968, 0.065545
2.709100, 9.430830, -0.093044
2.709100, 2.853113, -0.021583
2.709100, 2.800276, 0.015632
2.709100, 7.700090, 0.119496
2.709100, 3.652676, -0.082269
2.709100, 2.709251, -0.000297
2.709100, 3.567725, 0.077634
2.709100, 8.142346, -0.114080
2.709100, 2.812494, -0.017101
2.709100, 2.831427, 0.019241
2.709100, 8.776392, 0.104709
2.709100, 3.463855, -0.071478
2.709100, 2.711485, 0.001288
2.709100, 3.833039, 0.091041
2.709100, 6.944897, -0.126366
2.709100, 2.780826, -0.013115
2.709100, 2.907951, 0.027241
2.709100, 10.721057, 0.062046
2.709100, 3.213256, -0.054122
2.709100, 2.728995, 0.005090
2.709100, 4.707304, 0.118065
2.709100, 5.110746, -0.124357
2.709100, 2.737896, -0.006649
2.709100, 3.137603, 0.048104
2.709100, 11.305651, -0.040553
2.709100, 2.947056, -0.031097
2.709100, 2.770723, 0.011716
2.709100, 6.531356, 0.128624
2.709100, 3.959179, -0.096404
2.709100, 2.713654, -0.001900
2.709100, 3.412869, 0.068244
2.709100, 9.128634, -0.098694
2.709100, 2.842783, -0.020477
2.709100, 2.805453, 0.016265
2.709100, 7.890693, 0.117279
2.709100, 3.614558, -0.080232
2.709100, 2.709104, -0.000048
2.709100, 3.600825, 0.079481
2.709100, 7.962427, -0.116398
2.709100, 2.807435, -0.016503
2.709100, 2.839282, 0.020099
2.709100, 9.022250, 0.100573
2.709100, 3.427855, -0.069210
2.709100, 2.712944, 0.001711
2.709100, 3.919514, 0.094782
2.709100, 6.652968, -0.128085
2.709100, 2.773661, -0.012130
2.709100, 2.934877, 0.029911
2.709100, 11.152859, 0.047117
2.709100, 3.158834, -0.049832
2.709100, 2.735212, 0.006191
2.709100, 4.990123, 0.122788
2.709100, 4.813043, -0.120013
2.709100, 2.731305, -0.005506
2.709100, 3.192063, 0.052475
2.709100, 10.893957, -0.056541
2.709100, 2.917778, -0.028223
2.709100, 2.778091, 0.012743
2.709100, 6.834248, 0.127086
2.709100, 3.864474, -0.092434
2.709100, 2.711999, -0.001444
2.709100, 3.450156, 0.070623
2.709100, 8.868328, -0.103196
2.709100, 2.834328, -0.019559
2.709100, 2.810510, 0.016868
2.709100, 8.072324, 0.115001
2.709100, 3.580388, -0.078347
2.709100, 2.709168, 0.000199
2.709100, 3.637174, 0.081449
2.709100, 7.776128, -0.118633
2.709100, 2.802326, -0.015884
2.709100, 2.848813, 0.021124
2.709100, 9.307182, 0.095413
2.709100, 3.388426, -0.066643
2.709100, 2.714940, 0.002222
2.709100, 4.028536, 0.099107
2.709100, 6.334988, -0.129251
2.709100, 2.766031, -0.011043
2.709100, 2.967957, 0.033103
2.709100, 11.509752, 0.029627
2.709100, 3.105112, -0.045398
2.709100, 2.742302, 0.007384
2.709100, 5.307218, 0.126411
2.709100, 4.555976, -0.114862
2.709100, 2.725726, -0.004482
2.709100, 3.245687, 0.056584
2.709100, 10.451231, -0.069769
2.709100, 2.894302, -0.025862
2.709100, 2.784905, 0.013661
2.709100, 7.107999, 0.125162
2.709100, 3.789367, -0.089042
2.709100, 2.710812, -0.001065
2.709100, 3.484372, 0.072739
2.709100, 8.642400, -0.106844
2.709100, 2.827274, -0.018782
2.709100, 2.815641, 0.017466
2.709100, 8.251950, 0.112593
2.709100, 3.548434, -0.076533
2.709100, 2.709451, 0.000456
2.709100, 3.678769, 0.083625
2.709100, 7.576488, -0.120836
2.709100, 2.796985, -0.015222
2.709100, 2.860603, 0.022375
2.709100, 9.638732, 0.088873
2.709100, 3.345045, -0.063716
2.709100, 2.717619, 0.002840
2.709100, 4.166213, 0.103998
2.709100, 5.997516, -0.129557
2.709100, 2.758099, -0.009870
2.709100, 3.007611, 0.036809
2.709100, 11.716345, 0.010227
2.709100, 3.054274, -0.041009
2.709100, 2.749996, 0.008621
2.709100, 5.646210, 0.128669
2.709100, 4.342066, -0.109405
2.709100, 2.721206, -0.003597
2.709100, 3.296801, 0.060329
2.709100, 10.026534, -0.080383
2.709100, 2.875636, -0.023945
2.709100, 2.791157, 0.014480
2.709100, 7.353265, 0.123050
2.709100, 3.728973, -0.086148
2.709100, 2.709990, -0.000742
2.709100, 3.516594, 0.074674
2.709100, 8.440817, -0.109900
2.709100, 2.821184, -0.018099
2.709100, 2.821109, 0.018091
2.709100, 8.438313, 0.109937
2.709100, 3.517005, -0.074698
2.709100, 2.709981, 0.000738
2.709100, 3.728266, 0.086114
2.709100, 7.356283, -0.123022
2.709100, 2.791235, -0.014490
2.709100, 2.875420, 0.023923
2.709100, 10.021253, 0.080506
2.709100, 3.297445, -0.060375
2.709100, 2.721154, 0.003586
2.709100, 4.339557, 0.109334
2.709100, 5.650705, -0.128689
2.709100, 2.750099, -0.008638
2.709100, 3.053640, 0.040953
2.709100, 11.717754, -0.009966
2.709100, 3.008170, -0.036860
2.709100, 2.757995, 0.009854
2.709100, 5.993036, 0.129554
2.709100, 4.168224, -0.104065
2.709100, 2.717660, -0.002849
2.709100, 3.344453, 0.063675
2.709100, 9.643380, -0.088777
2.709100, 2.860774, -0.022393
2.709100, 2.796913, 0.015213
2.709100, 7.573771, 0.120864
2.709100, 3.679355, -0.083655
2.709100, 2.709456, -0.000459
2.709100, 3.548025, 0.076510
2.709100, 8.254309, -0.112561
2.709100, 2.815709, -0.017474
2.709100, 2.827190, 0.018772
2.709100, 8.639648, 0.106887
2.709100, 3.484801, -0.072765
2.709100, 2.710799, 0.001060
2.709100, 3.788498, 0.089001
2.709100, 7.111360, -0.125135
2.709100, 2.784990, -0.013673
2.709100, 2.894031, 0.025834
2.709100, 10.445526, 0.069922
2.709100, 3.246370, -0.056636
2.709100, 2.725661, 0.004470
2.709100, 4.552924, 0.114792
2.709100, 5.311509, -0.126450
2.709100, 2.742398, -0.007400
2.709100, 3.104429, 0.045340
2.709100, 11.513553, -0.029386
2.709100, 2.968429, -0.033148
2.709100, 2.765929, 0.011028
2.709100, 6.330714, 0.129262
2.709100, 4.030126, -0.099167
2.709100, 2.714970, -0.002229
2.709100, 3.387889, 0.066607
2.709100, 9.311174, -0.095338
2.709100, 2.848950, -0.021139
2.709100, 2.802259, 0.015876
2.709100, 7.773636, 0.118662
2.709100, 3.637676, -0.081475
2.709100, 2.709170, -0.000202
2.709100, 3.579962, 0.078323
2.709100, 8.074654, -0.114970
2.709100, 2.810576, -0.016876
2.709100, 2.834228, 0.019548
2.709100, 8.865190, 0.103248
2.709100, 3.450618, -0.070652
2.709100, 2.711981, 0.001439
2.709100, 3.863383, 0.092386
2.709100, 6.838000, -0.127063
2.709100, 2.778183, -0.012755
2.709100, 2.917437, 0.028189
2.709100, 10.888259, 0.056731
2.709100, 3.192770, -0.052531
2.709100, 2.731226, 0.005492
2.709100, 4.809424, 0.119950
2.709100, 4.994052, -0.122843
2.709100, 2.735299, -0.006206
2.709100, 3.158125, 0.049775
2.709100, 11.158147, -0.046905
2.709100, 2.935266, -0.029949
2.709100, 2.773565, 0.012116
2.709100, 6.648988, 0.128105
2.709100, 3.920776, -0.094834
2.709100, 2.712966, -0.001717
2.709100, 3.427365, 0.069178
2.709100, 9.025688, -0.100513
2.709100, 2.839394, -0.020111
2.709100, 2.807369, 0.016495
2.709100, 7.960061, 0.116428
2.709100, 3.601273, -0.079506
2.709100, 2.709103, 0.000045
2.709100, 3.614093, 0.080207
2.709100, 7.893097, -0.117250
2.709100, 2.805519, -0.016273
2.709100, 2.842662, 0.020464
2.709100, 9.124998, 0.098759
2.709100, 3.413376, -0.068277
2.709100, 2.713629, 0.001893
2.709100, 3.957803, 0.096349
2.709100, 6.535457, -0.128607
2.709100, 2.770822, -0.011730
2.709100, 2.946636, 0.031057
2.709100, 11.300806, 0.040777
2.709100, 3.138305, -0.048162
2.709100, 2.737805, 0.006634
2.709100, 5.106661, 0.124308
2.709100, 4.710711, -0.118131
2.709100, 2.729069, -0.005103
2.709100, 3.212555, 0.054068
2.709100, 10.726833, -0.061870
2.709100, 2.908264, -0.027272
2.709100, 2.780736, 0.013103
2.709100, 6.941294, 0.126390
2.709100, 3.834038, -0.091086
2.709100, 2.711501, -0.001293
2.709100, 3.463407, 0.071450
2.709100, 8.779368, -0.104661
2.709100, 2.831520, -0.019251
2.709100, 2.812428, 0.017093
2.709100, 8.140019, 0.114111
2.709100, 3.568142, -0.077658
2.709100, 2.709248, 0.000294
2.709100, 3.652146, 0.082241
2.709100, 7.702654, -0.119468
2.709100, 2.800345, -0.015641
2.709100, 2.852964, 0.021567
2.709100, 9.426600, 0.093127
2.709100, 3.372525, -0.065583
2.709100, 2.715863, 0.002441
2.709100, 4.076807, 0.100892
2.709100, 6.209340, -0.129485
2.709100, 2.763059, -0.010609
2.709100, 2.982156, 0.034445
2.709100, 11.609239, 0.022473
2.709100, 3.085461, -0.043724
2.709100, 2.745153, 0.007849
2.709100, 5.433435, 0.127430
2.709100, 4.470186, -0.112811
2.709100, 2.723897, -0.004131
2.709100, 3.265355, 0.058045
2.709100, 10.286943, -0.074067
2.709100, 2.886742, -0.025090
2.709100, 2.787330, 0.013982
2.709100, 7.203842, 0.124378
2.709100, 3.765057, -0.087895
2.709100, 2.710463, -0.000937
2.709100, 3.496717, 0.073487
2.709100, 8.563901, -0.108057
2.709100, 2.824881, -0.018515
2.709100, 2.817653, 0.017698
2.709100, 8.321134, 0.111626
2.709100, 3.536572, -0.075847
2.709100, 2.709621, 0.000559
2.709100, 3.696403, 0.084524
2.709100, 7.495953, -0.121666
2.709100, 2.794866, -0.014954
2.709100, 2.865807, 0.022922
2.709100, 9.777508, 0.085947
2.709100, 3.327524, -0.062502
2.709100, 2.718847, 0.003106
2.709100, 4.227250, 0.105976
2.709100, 5.866655, -0.129382
2.709100, 2.755064, -0.009408
2.709100, 3.024324, 0.038333
2.709100, 11.742545, 0.002603
2.709100, 3.036179, -0.039401
2.709100, 2.753004, 0.009091
2.709100, 5.777354, 0.129159
2.709100, 4.271815, -0.107351
2.709100, 2.719756, -0.003298
2.709100, 3.315278, 0.061643
2.709100, 9.875975, -0.083798
2.709100, 2.869613, -0.023319
2.709100, 2.793388, 0.014766
2.709100, 7.439370, 0.122228
2.709100, 3.709110, -0.085163
2.709100, 2.709757, -0.000631
2.709100, 3.528508, 0.075376
2.709100, 8.368958, -0.110944
2.709100, 2.819057, -0.017858
2.709100, 2.823320, 0.018340
2.709100, 8.512231, 0.108839
2.709100, 3.504982, -0.073983
2.709100, 2.710253, 0.000855
2.709100, 3.749600, 0.087154
2.709100, 7.266775, -0.123835
2.709100, 2.788935, -0.014192
2.709100, 2.881964, 0.024599
2.709100, 10.177663, 0.076786
2.709100, 3.278491, -0.059007
2.709100, 2.722738, 0.003904
2.709100, 4.415332, 0.111405
2.709100, 5.520693, -0.128008
2.709100, 2.747133, -0.008167
2.709100, 3.072387, 0.042595
2.709100, 11.662610, -0.017475
2.709100, 2.992356, -0.035399
2.709100, 2.761019, 0.010307
2.709100, 6.122514, 0.129565
2.709100, 4.112158, -0.102150
2.709100, 2.716551, -0.002600
2.709100, 3.361376, 0.064831
2.709100, 9.511808, -0.091448
2.709100, 2.855990, -0.021888
2.709100, 2.798974, 0.015470
2.709100, 7.651412, 0.120033
2.709100, 3.662816, -0.082799
2.709100, 2.709321, -0.000360
2.709100, 3.559952, 0.077193
2.709100, 8.186081, -0.113494
2.709100, 2.813744, -0.017247
2.709100, 2.829714, 0.019052
2.709100, 8.721477, 0.105594
2.709100, 3.472182, -0.071992
2.709100, 2.711198, 0.001195
2.709100, 3.814821, 0.090217
2.709100, 7.011565, -0.125894
2.709100, 2.782486, -0.013339
2.709100, 2.902252, 0.026667
2.709100, 10.612598, 0.065262
2.709100, 3.226346, -0.055124
2.709100, 2.727638, 0.004840
2.709100, 4.644719, 0.116802
2.709100, 5.188306, -0.125240
2.709100, 2.739630, -0.006941
2.709100, 3.124484, 0.047020
2.709100, 11.393091, -0.036273
2.709100, 2.955142, -0.031878
2.709100, 2.768859, 0.011450
2.709100, 6.453655, 0.128909
2.709100, 3.985796, -0.097462
2.709100, 2.714142, -0.002024
2.709100, 3.403244, 0.067618
2.709100, 9.198203, -0.097435
2.709100, 2.845109, -0.020727
2.709100, 2.804208, 0.016114
2.709100, 7.845280, 0.117824
2.709100, 3.623420, -0.080711
2.709100, 2.709120, -0.000108
2.709100, 3.592515, 0.079023
2.709100, 8.006655, -0.115843
2.709100, 2.808667, -0.016650
2.709100, 2.837229, 0.019876
2.709100, 8.958936, 0.101666
2.709100, 3.436936, -0.069789
2.709100, 2.712543, 0.001601
2.709100, 3.896526, 0.093815
2.709100, 6.726837, -0.127706
2.709100, 2.775459, -0.012380
2.709100, 2.927758, 0.029211
2.709100, 11.051473, 0.051013
2.709100, 3.172147, -0.050900
2.709100, 2.733604, 0.005912
2.709100, 4.917491, 0.121720
2.709100, 4.882256, -0.121167
2.709100, 2.732827, -0.005775
2.709100, 3.178760, 0.051426
2.709100, 10.999853, -0.052888
2.709100, 2.924359, -0.028876
2.709100, 2.776340, 0.012502
2.709100, 6.762897, 0.127506
2.709100, 3.885589, -0.093348
2.709100, 2.712355, -0.001547
2.709100, 3.441370, 0.070069
2.709100, 8.928340, -0.102187
2.709100, 2.836244, -0.019768
2.709100, 2.809278, 0.016722
2.709100, 8.028497, 0.115565
2.709100, 3.588454, -0.078797
2.709100, 2.709133, 0.000138
2.709100, 3.627914, 0.080953
2.709100, 7.822511, -0.118093
2.709100, 2.803587, -0.016038
2.709100, 2.846307, 0.020856
2.709100, 9.233693, 0.096783
2.709100, 3.398385, -0.067300
2.709100, 2.714397, 0.002088
2.709100, 3.999576, 0.097999
2.709100, 6.414596, -0.129034
2.709100, 2.767926, -0.011317
2.709100, 2.959297, 0.032277
2.709100, 11.433813, 0.034099
2.709100, 3.118019, -0.046482
2.709100, 2.740507, 0.007087
2.709100, 5.227397, 0.125648
2.709100, 4.614628, -0.116164
2.709100, 2.726987, -0.004719
2.709100, 3.232797, 0.055614
2.709100, 10.558869, -0.066797
2.709100, 2.899540, -0.026393
2.709100, 2.783297, 0.013447
2.709100, 7.043993, 0.125654
2.709100, 3.806146, -0.089819
2.709100, 2.711064, -0.001151
2.709100, 3.476259, 0.072243
2.709100, 8.694853, -0.106019
2.709100, 2.828890, -0.018961
2.709100, 2.814369, 0.017319
2.709100, 8.207858, 0.113198
2.709100, 3.556119, -0.076974
2.709100, 2.709361, 0.000391
2.709100, 3.668000, 0.083069
2.709100, 7.626846, -0.120300
2.709100, 2.798320, -0.015389
2.709100, 2.857477, 0.022045
2.709100, 9.553143, 0.090620
2.709100, 3.356023, -0.064467
2.709100, 2.716893, 0.002678
2.709100, 4.129578, 0.102756
2.709100, 6.081240, -0.129579
2.709100, 2.760053, -0.010163
2.709100, 2.997318, 0.035859
2.709100, 11.683410, 0.015087
2.709100, 3.066315, -0.042066
2.709100, 2.748077, 0.008318
2.709100, 5.562158, 0.128248
2.709100, 4.390426, -0.110741
2.709100, 2.722215, -0.003800
2.709100, 3.284613, 0.059451
2.709100, 10.126954, -0.078013
2.709100, 2.879806, -0.024377
2.709100, 2.789679, 0.014288
2.709100, 7.295840, 0.123576
2.709100, 3.742591, -0.086814
2.709100, 2.710161, -0.000817
2.709100, 3.508849, 0.074214
2.709100, 8.488296, -0.109197
2.709100, 2.822602, -0.018259
2.709100, 2.819729, 0.017934
2.709100, 8.391768, 0.110616
2.709100, 3.524700, -0.075152
2.709100, 2.709827, 0.000666
2.709100, 3.715317, 0.085473
2.709100, 7.412162, -0.122492
2.709100, 2.792681, -0.014676
2.709100, 2.871486, 0.023515
2.709100, 9.923494, 0.082737
2.709100, 3.309416, -0.061228
2.709100, 2.720205, 0.003392
2.709100, 4.293706, 0.108006
2.709100, 5.735273, -0.129023
2.709100, 2.752037, -0.008941
2.709100, 3.041895, 0.039912
2.709100, 11.737519, -0.005053
2.709100, 3.018873, -0.037838
2.709100, 2.756037, 0.009557
2.709100, 5.908680, 0.129457
2.709100, 4.207119, -0.105336
2.709100, 2.718440, -0.003019
2.709100, 3.333203, 0.062897
2.709100, 9.732248, -0.086915
2.709100, 2.864090, -0.022742
2.709100, 2.795551, 0.015041
2.709100, 7.522096, 0.121400
2.709100, 3.690622, -0.084230
2.709100, 2.709562, -0.000525
2.709100, 3.540369, 0.076067
2.709100, 8.298835, -0.111940
2.709100, 2.817002, -0.017623
2.709100, 2.825634, 0.018599
2.709100, 8.588707, 0.107677
2.709100, 3.492789, -0.073250
2.709100, 2.710569, 0.000977
2.709100, 3.772633, 0.088255
2.709100, 7.173570, -0.124632
2.709100, 2.786562, -0.013881
2.709100, 2.889093, 0.025331
2.709100, 10.339164, 0.072729
2.709100, 3.259097, -0.057583
2.709100, 2.724467, 0.004242
2.709100, 4.497001, 0.113471
2.709100, 5.392699, -0.127126
2.709100, 2.744231, -0.007700
2.709100, 3.091705, 0.044259
2.709100, 11.579958, -0.024792
2.709100, 2.977503, -0.034007
2.709100, 2.764015, 0.010749
2.709100, 6.249877, 0.129425
2.709100, 4.060875, -0.100312
2.709100, 2.715556, -0.002369
2.709100, 3.377682, 0.065928
2.709100, 9.387590, -0.093882
2.709100, 2.851597, -0.021421
2.709100, 2.800984, 0.015719
2.709100, 7.726424, 0.119201
2.709100, 3.647261, -0.081984
2.709100, 2.709219, -0.000263
2.709100, 3.572035, 0.077878
2.709100, 8.118341, -0.114398
2.709100, 2.811812, -0.017021
2.709100, 2.832399, 0.019348
2.709100, 8.807354, 0.104204
2.709100, 3.459208, -0.071189
2.709100, 2.711654, 0.001340
2.709100, 3.843498, 0.091509
2.709100, 6.907476, -0.126618
2.709100, 2.779898, -0.012989
2.709100, 2.911223, 0.027569
2.709100, 10.780602, 0.060207
2.709100, 3.206013, -0.053562
2.709100, 2.729769, 0.005230
2.709100, 4.742821, 0.118745
2.709100, 5.068838, -0.123840
2.709100, 2.736961, -0.006491
2.709100, 3.144861, 0.048699
2.709100, 11.254834, -0.042846
2.709100, 2.942772, -0.030681
2.709100, 2.771738, 0.011859
2.709100, 6.573484, 0.128450
2.709100, 3.945172, -0.095838
2.709100, 2.713401, -0.001833
2.709100, 3.418068, 0.068581
2.709100, 9.091454, -0.099357
2.709100, 2.841552, -0.020344
2.709100, 2.806134, 0.016347
2.709100, 7.915427, 0.116978
2.709100, 3.609787, -0.079972
2.709100, 2.709100, -0.000015
2.709100, 3.605474, 0.079736
2.709100, 7.937957, -0.116701
2.709100, 2.806757, -0.016421
2.709100, 2.840453, 0.020225
2.709100, 9.058040, 0.099947
2.709100, 3.422776, -0.068884
2.709100, 2.713178, 0.001774
2.709100, 3.932716, 0.095328
2.709100, 6.611692, -0.128280
2.709100, 2.772661, -0.011989
2.709100, 2.938946, 0.030309
2.709100, 11.206780, 0.044909
2.709100, 3.151532, -0.049242
2.709100, 2.736118, 0.006347
2.709100, 5.030936, 0.123347
2.709100, 4.776042, -0.119357
2.709100, 2.730495, -0.005361
2.709100, 3.199354, 0.053045
2.709100, 10.834960, -0.058478
2.709100, 2.914309, -0.027877
2.709100, 2.779039, 0.012872
2.709100, 6.872716, 0.126844
2.709100, 3.853370, -0.091946
2.709100, 2.711815, -0.001389
2.709100, 3.454905, 0.070920
2.709100, 8.836228, -0.103729
2.709100, 2.833310, -0.019448
2.709100, 2.811189, 0.016948
2.709100, 8.096351, 0.114687
2.709100, 3.576012, -0.078102
2.709100, 2.709193, 0.000232
2.709100, 3.642394, 0.081726
2.709100, 7.750304, -0.118930
2.709100, 2.801628, -0.015799
2.709100, 2.850247, 0.021277
2.709100, 9.348754, 0.094626
2.709100, 3.382852, -0.066273
2.709100, 2.715256, 0.002298
2.709100, 4.045171, 0.099731
2.709100, 6.290724, -0.129349
2.709100, 2.764981, -0.010890
2.709100, 2.972885, 0.033571
2.709100, 11.547718, 0.027119
2.709100, 3.098089, -0.044803
2.709100, 2.743304, 0.007548
2.709100, 5.351663, 0.126796
2.709100, 4.524841, -0.114138
2.709100, 2.725060, -0.004356
2.709100, 3.252708, 0.057109
2.709100, 10.392544, -0.071335
2.709100, 2.891545, -0.025581
2.709100, 2.785774, 0.013777
2.709100, 7.142453, 0.124886
2.709100, 3.780518, -0.088627
2.709100, 2.710683, -0.001019
2.709100, 3.488780, 0.073007
2.709100, 8.614190, -0.107283
2.709100, 2.826411, -0.018686
2.709100, 2.816348, 0.017548
2.709100, 8.276353, 0.112255
2.709100, 3.544223, -0.076290
2.709100, 2.709507, 0.000492
2.709100, 3.684887, 0.083938
2.709100, 7.548279, -0.121130
2.709100, 2.796240, -0.015128
2.709100, 2.862397, 0.022564
2.709100, 9.687110, 0.087866
2.709100, 3.338899, -0.063292
2.709100, 2.718040, 0.002932
2.709100, 4.187259, 0.104693
2.709100, 5.951218, -0.129515
2.709100, 2.757023, -0.009707
2.709100, 3.013436, 0.037343
2.709100, 11.729163, 0.007532
2.709100, 3.047772, -0.040434
2.709100, 2.751059, 0.008788
2.709100, 5.692644, 0.128865
2.709100, 4.316499, -0.108674
2.709100, 2.720676, -0.003489
2.709100, 3.303415, 0.060802
2.709100, 9.972390, -0.081630
2.709100, 2.873440, -0.023718
2.709100, 2.791956, 0.014583
2.709100, 7.384204, 0.122760
2.709100, 3.721761, -0.085792
2.709100, 2.709902, -0.000702
2.709100, 3.520830, 0.074924
2.709100, 8.415103, -0.110277
2.709100, 2.820420, -0.018013
2.709100, 2.821883, 0.018178
2.709100, 8.464269, 0.109554
2.709100, 3.512755, -0.074446
2.709100, 2.710073, 0.000779
2.709100, 3.735651, 0.086476
2.709100, 7.324943, -0.123312
2.709100, 2.790427, -0.014385
2.709100, 2.877678, 0.024157
2.709100, 10.076087, 0.079224
2.709100, 3.290775, -0.059896
2.709100, 2.721700, 0.003697
2.709100, 4.365773, 0.110068
2.709100, 5.604406, -0.128471
2.709100, 2.749041, -0.008471
2.709100, 3.060218, 0.041532
2.709100, 11.701521, -0.012647
2.709100, 3.002452, -0.036334
2.709100, 2.759070, 0.010016
2.709100, 6.039169, 0.129576
2.709100, 4.147763, -0.103377
2.709100, 2.717252, -0.002758
2.709100, 3.350527, 0.064092
2.709100, 9.595853, -0.089753
2.709100, 2.859029, -0.022209
2.709100, 2.797651, 0.015305
2.709100, 7.601638, 0.120570
2.709100, 3.673366, -0.083346
2.709100, 2.709404, -0.000424
2.709100, 3.552244, 0.076752
2.709100, 8.230018, -0.112895
2.709100, 2.815007, -0.017393
2.709100, 2.828069, 0.018870
2.709100, 8.668250, 0.106439
2.709100, 3.480361, -0.072494
2.709100, 2.710934, 0.001107
2.709100, 3.797583, 0.089424
2.709100, 7.076441, -0.125407
2.709100, 2.784111, -0.013556
2.709100, 2.896865, 0.026122
2.709100, 10.504546, 0.068313
2.709100, 3.239306, -0.056105
2.709100, 2.726344, 0.004599
2.709100, 4.584767, 0.115511
2.709100, 5.267419, -0.126043
2.709100, 2.741406, -0.007236
2.709100, 3.111500, 0.045936
2.709100, 11.473115, -0.031863
2.709100, 2.963609, -0.032689
2.709100, 2.766974, 0.011179
2.709100, 6.374660, 0.129150
2.709100, 4.013954, -0.098553
2.709100, 2.714666, -0.002155
2.709100, 3.393399, 0.066972
2.709100, 9.270360, -0.096103
2.709100, 2.847553, -0.020990
2.709100, 2.802954, 0.015961
2.709100, 7.799246, 0.118365
2.709100, 3.632541, -0.081201
2.709100, 2.709149, -0.000169
2.709100, 3.584374, 0.078570
2.709100, 8.050590, -0.115282
2.709100, 2.809898, -0.016796
2.709100, 2.835268, 0.019662
2.709100, 8.897855, 0.102702
2.709100, 3.445818, -0.070350
2.709100, 2.712172, 0.001495
2.709100, 3.874806, 0.092883
2.709100, 6.799045, -0.127298
2.709100, 2.777226, -0.012624
2.709100, 2.921000, 0.028543
2.709100, 10.946803, 0.054748
2.709100, 3.185463, -0.051956
2.709100, 2.732053, 0.005639
2.709100, 4.847102, 0.120593
2.709100, 4.953797, -0.122266
2.709100, 2.734407, -0.006052
2.709100, 3.165440, 0.050364
2.709100, 11.103009, -0.049071
2.709100, 2.931297, -0.029560
2.709100, 2.774557, 0.012255
2.709100, 6.689841, 0.127901
2.709100, 3.907939, -0.094297
2.709100, 2.712741, -0.001656
2.709100, 3.432388, 0.069499
2.709100, 8.990533, -0.101123
2.709100, 2.838251, -0.019987
2.709100, 2.808047, 0.016576
2.709100, 7.984426, 0.116123
2.709100, 3.596677, -0.079253
2.709100, 2.709110, 0.000078
2.709100, 3.618927, 0.080469
2.709100, 7.868220, -0.117550
2.709100, 2.804836, -0.016190
2.709100, 2.843923, 0.020600
2.709100, 9.162854, 0.098077
2.709100, 3.408118, -0.067936
2.709100, 2.713892, 0.001961
2.709100, 3.972206, 0.096925
2.709100, 6.492949, -0.128771
2.709100, 2.769800, -0.011585
2.709100, 2.951023, 0.031481
2.709100, 11.349916, 0.038445
2.709100, 3.131075, -0.047566
2.709100, 2.738751, 0.006794
2.709100, 5.149045, 0.124805
2.709100, 4.675905, -0.117442
2.709100, 2.728313, -0.004965
2.709100, 3.219769, 0.054622
2.709100, 10.667203, -0.063664
2.709100, 2.905082, -0.026953
2.709100, 2.781654, 0.013227
2.709100, 6.978220, 0.126133
2.709100, 3.823867, -0.090628
2.709100, 2.711339, -0.001241
2.709100, 3.468008, 0.071735
2.709100, 8.748909, -0.105154
2.709100, 2.830568, -0.019146
2.709100, 2.813113, 0.017173
2.709100, 8.164041, 0.113790
2.709100, 3.563856, -0.077415
2.709100, 2.709284, 0.000328
2.709100, 3.657661, 0.082530
2.709100, 7.676054, -0.119763
2.709100, 2.799633, -0.015552
2.709100, 2.854521, 0.021732
2.709100, 9.470652, 0.092264
2.709100, 3.366741, -0.065193
2.709100, 2.716215, 0.002523
2.709100, 4.094989, 0.101544
2.709100, 6.164158, -0.129535
2.709100, 2.761996, -0.010452
2.709100, 2.987424, 0.034939
2.709100, 11.638622, 0.019877
2.709100, 3.078606, -0.043134
2.709100, 2.746182, 0.008015
2.709100, 5.478845, 0.127744
2.709100, 4.441213, -0.112078
2.709100, 2.723284, -0.004012
2.709100, 3.272236, 0.058550
2.709100, 10.229635, -0.075506
2.709100, 2.884214, -0.024830
2.709100, 2.788172, 0.014092
2.709100, 7.236904, 0.124096
2.709100, 3.756889, -0.087505
2.709100, 2.710351, -0.000894
2.709100, 3.501041, 0.073747
2.709100, 8.536778, -0.108469
2.709100, 2.824060, -0.018423
2.709100, 2.818382, 0.017781
2.709100, 8.346002, 0.111273
2.709100, 3.532365, -0.075601
2.709100, 2.709690, 0.000596
2.709100, 3.702959, 0.084854
2.709100, 7.466614, -0.121959
2.709100, 2.794098, -0.014857
2.709100, 2.867765, 0.023127
2.709100, 9.828492, 0.084842
2.709100, 3.321165, -0.062057
2.709100, 2.719314, 0.003205
2.709100, 4.250192, 0.106691
2.709100, 5.820058, -0.129276
2.709100, 2.753988, -0.009243
2.709100, 3.030464, 0.038887
2.709100, 11.744357, -0.000114
2.709100, 3.029944, -0.038841
2.709100, 2.754079, 0.009257
2.709100, 5.823972, 0.129286
2.709100, 4.248239, -0.106631
2.709100, 2.719274, -0.003197
2.709100, 3.321702, 0.062095
2.709100, 9.824177, -0.084937
2.709100, 2.867599, -0.023109
2.709100, 2.794163, 0.014865
2.709100, 7.469093, 0.121935
2.709100, 3.702402, -0.084826
2.709100, 2.709683, -0.000593
2.709100, 3.532719, 0.075622
2.709100, 8.343906, -0.111303
2.709100, 2.818320, -0.017774
2.709100, 2.824128, 0.018431
2.709100, 8.539042, 0.108435
2.709100, 3.500679, -0.073725
2.709100, 2.710360, 0.000897
2.709100, 3.757566, 0.087537
2.709100, 7.234146, -0.124119
2.709100, 2.788102, -0.014083
2.709100, 2.884423, 0.024852
2.709100, 10.234425, 0.075387
2.709100, 3.271660, -0.058508
2.709100, 2.723335, 0.004022
2.709100, 4.443617, 0.112139
2.709100, 5.475020, -0.127718
2.709100, 2.746096, -0.008001
2.709100, 3.079179, 0.043183
2.709100, 11.636282, -0.020096
2.709100, 2.986977, -0.034897
2.709100, 2.762086, 0.010465
2.709100, 6.167963, 0.129532
2.709100, 4.093440, -0.101489
2.709100, 2.716185, -0.002516
2.709100, 3.367230, 0.065226
2.709100, 9.466918, -0.092338
2.709100, 2.854389, -0.021718
2.709100, 2.799693, 0.015560
2.709100, 7.678299, 0.119738
2.709100, 3.657194, -0.082506
2.709100, 2.709281, -0.000325
2.709100, 3.564215, 0.077435
2.709100, 8.162022, -0.113817
2.709100, 2.813055, -0.017166
2.709100, 2.830647, 0.019155
2.709100, 8.751445, 0.105113
2.709100, 3.467624, -0.071711
2.709100, 2.711353, 0.001246
2.709100, 3.824709, 0.090666
2.709100, 6.975140, -0.126155
2.709100, 2.781578, -0.013216
2.709100, 2.905345, 0.026979
2.709100, 10.672211, 0.063515
2.709100, 3.219165, -0.054576
2.709100, 2.728376, 0.004976
2.709100, 4.678798, 0.117500
2.709100, 5.145466, -0.124764
2.709100, 2.738671, -0.006780
2.709100, 3.131681, 0.047617
2.709100, 11.345870, -0.038643
2.709100, 2.950650, -0.031445
2.709100, 2.769887, 0.011597
2.709100, 6.496534, 0.128757
2.709100, 3.970979, -0.096876
2.709100, 2.713869, -0.001955
2.709100, 3.408562, 0.067965
2.709100, 9.159647, -0.098135
2.709100, 2.843816, -0.020588
2.709100, 2.804893, 0.016197
2.709100, 7.870315, 0.117525
2.709100, 3.618518, -0.080447
2.709100, 2.709110, -0.000075
2.709100, 3.597061, 0.079274
2.709100, 7.982385, -0.116149
2.709100, 2.807990, -0.016569
2.709100, 2.838346, 0.019997
2.709100, 8.993458, 0.101072
2.709100, 3.431969, -0.069473
2.709100, 2.712760, 0.001661
2.709100, 3.909002, 0.094342
2.709100, 6.686429, -0.127918
2.709100, 2.774474, -0.012243
2.709100, 2.931626, 0.029592
2.709100, 11.107686, 0.048891
2.709100, 3.164825, -0.050315
2.709100, 2.734481, 0.006064
2.709100, 4.957152, 0.122315
2.709100, 4.843910, -0.120539
2.709100, 2.731983, -0.005626
2.709100, 3.186077, 0.052005
2.709100, 10.941910, -0.054917
2.709100, 2.920697, -0.028513
2.709100, 2.777307, 0.012635
2.709100, 6.802336, 0.127278
2.709100, 3.873833, -0.092841
2.709100, 2.712156, -0.001490
2.709100, 3.446223, 0.070376
2.709100, 8.895088, -0.102748
2.709100, 2.835180, -0.019652
2.709100, 2.809955, 0.016802
2.709100, 8.052613, 0.115256
2.709100, 3.584002, -0.078549
2.709100, 2.709151, 0.000171
2.709100, 3.632968, 0.081224
2.709100, 7.797104, -0.118390
2.709100, 2.802895, -0.015954
2.709100, 2.847669, 0.021002
2.709100, 9.273755, 0.096039
2.709100, 3.392939, -0.066941
2.709100, 2.714691, 0.002161
2.709100, 4.015293, 0.098604
2.709100, 6.370984, -0.129160
2.709100, 2.766886, -0.011167
2.709100, 2.964009, 0.032727
2.709100, 11.476612, 0.031656
2.709100, 3.110904, -0.045886
2.709100, 2.741489, 0.007250
2.709100, 5.271105, 0.126078
2.709100, 4.582063, -0.115450
2.709100, 2.726286, -0.004588
2.709100, 3.239901, 0.056150
2.709100, 10.499578, -0.068450
2.709100, 2.896624, -0.026098
2.709100, 2.784185, 0.013566
2.709100, 7.079393, 0.125385
2.709100, 3.796810, -0.089388
2.709100, 2.710923, -0.001103
2.709100, 3.480735, 0.072517
2.709100, 8.665831, -0.106477
2.709100, 2.827994, -0.018862
2.709100, 2.815066, 0.017400
2.709100, 8.232054, 0.112867
2.709100, 3.551889, -0.076732
2.709100, 2.709409, 0.000427
2.709100, 3.673864, 0.083372
2.709100, 7.599312, -0.120594
2.709100, 2.797589, -0.015298
2.709100, 2.859174, 0.022224
2.709100, 9.599807, 0.089673
2.709100, 3.350020, -0.064057
2.709100, 2.717286, 0.002766
2.709100, 4.149457, 0.103435
2.709100, 6.035303, -0.129575
2.709100, 2.758980, -0.010002
2.709100, 3.002927, 0.036378
2.709100, 11.703027, 0.012423
2.709100, 3.059662, -0.041484
2.709100, 2.749129, 0.008485
2.709100, 5.608287, 0.128490
2.709100, 4.363544, -0.110006
2.709100, 2.721653, -0.003688
2.709100, 3.291337, 0.059937
2.709100, 10.071454, -0.079333
2.709100, 2.877485, -0.024137
2.709100, 2.790495, 0.014394
2.709100, 7.327592, 0.123288
2.709100, 3.735024, -0.086445
2.709100, 2.710065, -0.000776
2.709100, 3.513113, 0.074467
2.709100, 8.462079, -0.109587
2.709100, 2.821817, -0.018171
2.709100, 2.820484, 0.018020
2.709100, 8.417252, 0.110245
2.709100, 3.520475, -0.074903
2.709100, 2.709909, 0.000706
2.709100, 3.722359, 0.085822
2.709100, 7.381623, -0.122784
2.709100, 2.791889, -0.014574
2.709100, 2.873622, 0.023737
2.709100, 9.976906, 0.081527
2.709100, 3.302862, -0.060762
2.709100, 2.720720, 0.003498
2.709100, 4.318619, 0.108735
2.709100, 5.688740, -0.128850
2.709100, 2.750970, -0.008774
2.709100, 3.048314, 0.040482
2.709100, 11.728234, -0.007759
2.709100, 3.012943, -0.037298
2.709100, 2.757114, 0.009721
2.709100, 5.955112, 0.129519
2.709100, 4.185467, -0.104634
2.709100, 2.718004, -0.002924
2.709100, 3.339418, 0.063328
2.709100, 9.683012, -0.087952
2.709100, 2.862244, -0.022548
2.709100, 2.796303, 0.015136
2.709100, 7.550663, 0.121106
2.709100, 3.684367, -0.083911
2.709100, 2.709502, -0.000489
2.709100, 3.544576, 0.076311
2.709100, 8.274299, -0.112283
2.709100, 2.816289, -0.017541
2.709100, 2.826483, 0.018694
2.709100, 8.616543, 0.107247
2.709100, 3.488411, -0.072984
2.709100, 2.710693, 0.001022
2.709100, 3.781251, 0.088662
2.709100, 7.139579, -0.124910
2.709100, 2.785702, -0.013767
2.709100, 2.891773, 0.025604
2.709100, 10.397456, 0.071205
2.709100, 3.252120, -0.057065
2.709100, 2.725115, 0.004366
2.709100, 4.527425, 0.114199
2.709100, 5.347916, -0.126764
2.709100, 2.743219, -0.007535
2.709100, 3.098677, 0.044853
2.709100, 11.544639, -0.027331
2.709100, 2.972466, -0.033531
2.709100, 2.765070, 0.010903
2.709100, 6.294454, 0.129342
2.709100, 4.043754, -0.099678
2.709100, 2.715229, -0.002291
2.709100, 3.383323, 0.066304
2.709100, 9.345230, -0.094693
2.709100, 2.850125, -0.021264
2.709100, 2.801687, 0.015806
2.709100, 7.752482, 0.118905
2.709100, 3.641952, -0.081703
2.709100, 2.709191, -0.000229
2.709100, 3.576378, 0.078122
2.709100, 8.094334, -0.114714
2.709100, 2.811131, -0.016941
2.709100, 2.833395, 0.019457
2.709100, 8.838901, 0.103685
2.709100, 3.454508, -0.070896
2.709100, 2.711830, 0.001394
2.709100, 3.854289, 0.091987
2.709100, 6.869507, -0.126865
2.709100, 2.778959, -0.012861
2.709100, 2.914597, 0.027906
2.709100, 10.839930, 0.058317
2.709100, 3.198742, -0.052997
2.709100, 2.730562, 0.005373
2.709100, 4.779120, 0.119413
2.709100, 5.027486, -0.123301
2.709100, 2.736041, -0.006334
2.709100, 3.152145, 0.049291
2.709100, 11.202308, -0.045096
2.709100, 2.938600, -0.030275
2.709100, 2.772745, 0.012001
2.709100, 6.615176, 0.128264
2.709100, 3.931591, -0.095282
2.709100, 2.713158, -0.001769
2.709100, 3.423205, 0.068912
2.709100, 9.055007, -0.100000
2.709100, 2.840353, -0.020215
2.709100, 2.806814, 0.016428
2.709100, 7.940017, 0.116676
2.709100, 3.605082, -0.079715
2.709100, 2.709101, 0.000018
2.709100, 3.610185, 0.079994
2.709100, 7.913355, -0.117003
2.709100, 2.806077, -0.016340
2.709100, 2.841654, 0.020355
2.709100, 9.094548, 0.099302
2.709100, 3.417634, -0.068553
2.709100, 2.713422, 0.001839
2.709100, 3.946332, 0.095885
2.709100, 6.569962, -0.128465
2.709100, 2.771653, -0.011847
2.709100, 2.943127, 0.030716
2.709100, 11.259170, 0.042656
2.709100, 3.144250, -0.048649
2.709100, 2.737039, 0.006504
2.709100, 5.072336, 0.123884
2.709100, 4.739809, -0.118688
2.709100, 2.729703, -0.005218
2.709100, 3.206622, 0.053610
2.709100, 10.775608, -0.060364
2.709100, 2.910944, -0.027541
2.709100, 2.779976, 0.013000
2.709100, 6.910640, 0.126597
2.709100, 3.842607, -0.091469
2.709100, 2.711639, -0.001336
2.709100, 3.459600, 0.071213
2.709100, 8.804732, -0.104247
2.709100, 2.832317, -0.019339
2.709100, 2.811869, 0.017028
2.709100, 8.120357, 0.114372
2.709100, 3.571672, -0.077858
2.709100, 2.709221, 0.000266
2.709100, 3.647712, 0.082007
2.709100, 7.724223, -0.119225
2.709100, 2.800925, -0.015712
2.709100, 2.851723, 0.021435
2.709100, 9.391187, 0.093813
2.709100, 3.377205, -0.065896
2.709100, 2.715584, 0.002376
2.709100, 4.062337, 0.100365
2.709100, 6.246118, -0.129431
2.709100, 2.763927, -0.010736
2.709100, 2.977932, 0.034048
2.709100, 11.582788, 0.024578
2.709100, 3.091122, -0.044209
2.709100, 2.744316, 0.007713
2.709100, 5.396475, 0.127155
2.709100, 4.494481, -0.113410
2.709100, 2.724413, -0.004231
2.709100, 3.259681, 0.057626
2.709100, 10.334290, -0.072855
2.709100, 2.888872, -0.025308
2.709100, 2.786634, 0.013890
2.709100, 7.176402, 0.124608
2.709100, 3.771920, -0.088222
2.709100, 2.710559, -0.000974
2.709100, 3.493155, 0.073272
2.709100, 8.586388, -0.107712
2.709100, 2.825563, -0.018591
2.709100, 2.817063, 0.017630
2.709100, 8.300903, 0.111911
2.709100, 3.540016, -0.076047
2.709100, 2.709568, 0.000529
2.709100, 3.691154, 0.084257
2.709100, 7.519679, -0.121425
2.709100, 2.795488, -0.015033
2.709100, 2.864248, 0.022758
2.709100, 9.736425, 0.086826
2.709100, 3.332677, -0.062861
2.709100, 2.718477, 0.003027
2.709100, 4.208967, 0.105395
2.709100, 5.904775, -0.129451
2.709100, 2.755946, -0.009543
2.709100, 3.019376, 0.037884
2.709100, 11.738122, 0.004825
2.709100, 3.041360, -0.039864
2.709100, 2.752127, 0.008955
2.709100, 5.739185, 0.129037
2.709100, 4.291646, -0.107945
2.709100, 2.720163, -0.003383
2.709100, 3.309964, 0.061267
2.709100, 9.919047, -0.082837
2.709100, 2.871310, -0.023496
2.709100, 2.792747, 0.014684
2.709100, 7.414707, 0.122468
2.709100, 3.714733, -0.085444
2.709100, 2.709820, -0.000663
2.709100, 3.525055, 0.075173
2.709100, 8.389640, -0.110646
2.709100, 2.819667, -0.017927
2.709100, 2.822668, 0.018267
2.709100, 8.490511, 0.109164
2.709100, 3.508490, -0.074192
2.709100, 2.710170, 0.000820
2.709100, 3.743235, 0.086845
2.709100, 7.293153, -0.123600
2.709100, 2.789610, -0.014279
2.709100, 2.880004, 0.024397
2.709100, 10.131646, 0.077901
2.709100, 3.284046, -0.059410
2.709100, 2.722263, 0.003810
2.709100, 4.392716, 0.110803
2.709100, 5.558295, -0.128227
2.709100, 2.747989, -0.008304
2.709100, 3.066877, 0.042115
2.709100, 11.681598, -0.015310
2.709100, 2.996852, -0.035816
2.709100, 2.760143, 0.010177
2.709100, 6.085086, 0.129578
2.709100, 4.127937, -0.102699
2.709100, 2.716861, -0.002670
2.709100, 3.356523, 0.064501
2.709100, 9.549268, -0.090698
2.709100, 2.857337, -0.022030
2.709100, 2.798381, 0.015397
2.709100, 7.629142, 0.120275
2.709100, 3.667513, -0.083043
2.709100, 2.709357, -0.000388
2.709100, 3.556474, 0.076994
2.709100, 8.205831, -0.113226
2.709100, 2.814311, -0.017312
2.709100, 2.828966, 0.018969
2.709100, 8.697312, 0.105979
2.709100, 3.475882, -0.072220
2.709100, 2.711076, 0.001155
2.709100, 3.806942, 0.089856
2.709100, 7.040996, -0.125676
2.709100, 2.783222, -0.013437
2.709100, 2.899789, 0.026418
2.709100, 10.563859, 0.066656
2.709100, 3.232199, -0.055569
2.709100, 2.727047, 0.004730
2.709100, 4.617399, 0.116223
2.709100, 5.223747, -0.125611
2.709100, 2.740425, -0.007074
2.709100, 3.118619, 0.046532
2.709100, 11.430108, -0.034303
2.709100, 2.958907, -0.032239
2.709100, 2.768013, 0.011329
2.709100, 6.418241, 0.129023
2.709100, 3.998278, -0.097949
2.709100, 2.714373, -0.002082
2.709100, 3.398839, 0.067329
2.709100, 9.230366, -0.096844
2.709100, 2.846194, -0.020844
2.709100, 2.803644, 0.016045
2.709100, 7.824635, 0.118068
2.709100, 3.627493, -0.080931
2.709100, 2.709132, -0.000135
2.709100, 3.588830, 0.078818
2.709100, 8.026469, -0.115591
2.709100, 2.809221, -0.016715
2.709100, 2.836335, 0.019778
2.709100, 8.931162, 0.102139
2.709100, 3.440959, -0.070044
2.709100, 2.712372, 0.001552
2.709100, 3.886593, 0.093391
2.709100, 6.759562, -0.127525
2.709100, 2.776258, -0.012490
2.709100, 2.924671, 0.028907
2.709100, 11.004683, 0.052715
2.709100, 3.178145, -0.051377
2.709100, 2.732899, 0.005788
2.709100, 4.885508, 0.121219
2.709100, 4.914191, -0.121669
2.709100, 2.733531, -0.005899
2.709100, 3.172762, 0.050949
2.709100, 11.046705, -0.051189
2.709100, 2.927438, -0.029180
2.709100, 2.775541, 0.012391
2.709100, 6.730208, 0.127688
2.709100, 3.895496, -0.093771
2.709100, 2.712525, -0.001596
2.709100, 3.437350, 0.069815
2.709100, 8.956068, -0.101715
2.709100, 2.837136, -0.019866
2.709100, 2.808724, 0.016656
2.709100, 8.008689, 0.115817
2.709100, 3.592136, -0.079002
2.709100, 2.709121, 0.000111
2.709100, 3.623835, 0.080734
2.709100, 7.843170, -0.117849
2.709100, 2.804150, -0.016107
2.709100, 2.845219, 0.020739
2.709100, 9.201476, 0.097375
2.709100, 3.402795, -0.067589
2.709100, 2.714165, 0.002030
2.709100, 3.987061, 0.097511
2.709100, 6.450036, -0.128921
2.709100, 2.768772, -0.011438
2.709100, 2.955524, 0.031914
2.709100, 11.396956, 0.036072
2.709100, 3.123881, -0.046970
2.709100, 2.739711, 0.006955
2.709100, 5.191925, 0.125278
2.709100, 4.641894, -0.116743
2.709100, 2.727576, -0.004829
2.709100, 3.226947, 0.055170
2.709100, 10.607597, -0.065407
2.709100, 2.901997, -0.026641
2.709100, 2.782562, 0.013349
2.709100, 7.014598, 0.125871
2.709100, 3.814004, -0.090179
2.709100, 2.711185, -0.001191
2.709100, 3.472562, 0.072016
2.709100, 8.718985, -0.105634
2.709100, 2.829637, -0.019044
2.709100, 2.813802, 0.017253
2.709100, 8.188103, 0.113466
2.709100, 3.559595, -0.077173
2.709100, 2.709324, 0.000363
2.709100, 3.663294, 0.082824
2.709100, 7.649139, -0.120058
2.709100, 2.798914, -0.015463
2.709100, 2.856126, 0.021902
2.709100, 9.515620, 0.091372
2.709100, 3.360881, -0.064797
2.709100, 2.716582, 0.002607
2.709100, 4.113756, 0.102206
2.709100, 6.118685, -0.129567
2.709100, 2.760929, -0.010294
2.709100, 2.992813, 0.035441
2.709100, 11.664665, 0.017254
2.709100, 3.071820, -0.042546
2.709100, 2.747221, 0.008181
2.709100, 5.524540, 0.128032
2.709100, 4.412990, -0.111343
2.709100, 2.722689, -0.003894
2.709100, 3.279063, 0.059048
2.709100, 10.172925, -0.076901
2.709100, 2.881761, -0.024578
2.709100, 2.789004, 0.014201
2.709100, 7.269493, 0.123811
2.709100, 3.748941, -0.087122
2.709100, 2.710244, -0.000851
2.709100, 3.505342, 0.074004
2.709100, 8.509995, -0.108873
2.709100, 2.823253, -0.018333
2.709100, 2.819119, 0.017865
2.709100, 8.371071, 0.110914
2.709100, 3.528155, -0.075355
2.709100, 2.709763, 0.000635
2.709100, 3.709681, 0.085192
2.709100, 7.436855, -0.122253
2.709100, 2.793323, -0.014758
2.709100, 2.869785, 0.023337
2.709100, 9.880365, 0.083701
2.709100, 3.314735, -0.061605
2.709100, 2.719797, 0.003307
2.709100, 4.273826, 0.107412
2.709100, 5.773440, -0.129147
2.709100, 2.752914, -0.009077
2.709100, 3.036707, 0.039448
2.709100, 11.742213, -0.002831
2.709100, 3.023814, -0.038287
2.709100, 2.755155, 0.009422
2.709100, 5.870566, 0.129390
2.709100, 4.225355, -0.105916
2.709100, 2.718809, -0.003098
2.709100, 3.328055, 0.062539
2.709100, 9.773268, -0.086039
2.709100, 2.865646, -0.022905
2.709100, 2.794930, 0.014962
2.709100, 7.498398, 0.121641
2.709100, 3.695860, -0.084496
2.709100, 2.709615, -0.000556
2.709100, 3.536925, 0.075867
2.709100, 8.319054, -0.111655
2.709100, 2.817593, -0.017691
2.709100, 2.824950, 0.018523
2.709100, 8.566195, 0.108022
2.709100, 3.496353, -0.073465
2.709100, 2.710473, 0.000941
2.709100, 3.765754, 0.087929
2.709100, 7.201044, -0.124402
2.709100, 2.787259, -0.013972
2.709100, 2.886958, 0.025112
2.709100, 10.291781, 0.073944
2.709100, 3.264775, -0.058002
2.709100, 2.723949, 0.004142
2.709100, 4.472653, 0.112872
2.709100, 5.429636, -0.127403
2.709100, 2.745067, -0.007835
2.709100, 3.086039, 0.043774
2.709100, 11.606624, -0.022690
2.709100, 2.981719, -0.034404
2.709100, 2.763148, 0.010622
2.709100, 6.213121, 0.129480
2.709100, 4.075307, -0.100838
2.709100, 2.715834, -0.002435
2.709100, 3.373007, 0.065615
2.709100, 9.422942, -0.093198
2.709100, 2.852836, -0.021553
2.709100, 2.800405, 0.015648
2.709100, 7.704875, 0.119443
2.709100, 3.651688, -0.082217
2.709100, 2.709245, -0.000291
2.709100, 3.568503, 0.077678
2.709100, 8.138003, -0.114138
2.709100, 2.812370, -0.017086
2.709100, 2.831601, 0.019260
2.709100, 8.781950, 0.104619
2.709100, 3.463018, -0.071426
2.709100, 2.711515, 0.001297
2.709100, 3.834907, 0.091125
2.709100, 6.938168, -0.126412
2.709100, 2.780659, -0.013092
2.709100, 2.908536, 0.027300
2.709100, 10.731838, 0.061717
2.709100, 3.211948, -0.054021
2.709100, 2.729134, 0.005115
2.709100, 4.713670, 0.118189
2.709100, 5.103125, -0.124265
2.709100, 2.737726, -0.006621
2.709100, 3.138914, 0.048212
2.709100, 11.296594, -0.040971
2.709100, 2.946273, -0.031021
2.709100, 2.770907, 0.011742
2.709100, 6.539008, 0.128593
2.709100, 3.956613, -0.096301
2.709100, 2.713608, -0.001887
2.709100, 3.413814, 0.068306
2.709100, 9.121854, -0.098815
2.709100, 2.842558, -0.020453
2.709100, 2.805576, 0.016279
2.709100, 7.895178, 0.117225
2.709100, 3.613690, -0.080185
2.709100, 2.709103, -0.000042
2.709100, 3.601662, 0.079527
2.709100, 7.958010, -0.116453
2.709100, 2.807313, -0.016488
2.709100, 2.839492, 0.020121
2.709100, 9.028672, 0.100461
2.709100, 3.426940, -0.069151
2.709100, 2.712986, 0.001723
2.709100, 3.921872, 0.094880
2.709100, 6.645536, -0.128121
2.709100, 2.773481, -0.012104
2.709100, 2.935605, 0.029982
2.709100, 11.162718, 0.046721
2.709100, 3.157512, -0.049726
2.709100, 2.735375, 0.006219
2.709100, 4.997461, 0.122890
2.709100, 4.806293, -0.119895
2.709100, 2.731157, -0.005480
2.709100, 3.193383, 0.052579
2.709100, 10.883318, -0.056895
2.709100, 2.917142, -0.028160
2.709100, 2.778263, 0.012766
2.709100, 6.841247, 0.127042
2.709100, 3.862439, -0.092345
2.709100, 2.711965, -0.001434
2.709100, 3.451019, 0.070677
2.709100, 8.862476, -0.103294
2.709100, 2.834142, -0.019539
2.709100, 2.810632, 0.016882
2.709100, 8.076673, 0.114944
2.709100, 3.579593, -0.078303
2.709100, 2.709172, 0.000205
2.709100, 3.638111, 0.081498
2.709100, 7.771475, -0.118687
2.709100, 2.802200, -0.015869
2.709100, 2.849069, 0.021152
2.709100, 9.314640, 0.095272
2.709100, 3.387423, -0.066577
2.709100, 2.714996, 0.002235
2.709100, 4.031507, 0.099220
2.709100, 6.327007, -0.129270
2.709100, 2.765841, -0.011015
2.709100, 2.968840, 0.033187
2.709100, 11.516827, 0.029176
2.709100, 3.103838, -0.045290
2.709100, 2.742482, 0.007414
2.709100, 5.315230, 0.126483
2.709100, 4.550286, -0.114731
2.709100, 2.725604, -0.004459
2.709100, 3.246961, 0.056680
2.709100, 10.440585, -0.070055
2.709100, 2.893797, -0.025810
2.709100, 2.785063, 0.013682
2.709100, 7.114269, 0.125112
2.709100, 3.787747, -0.088966
2.709100, 2.710788, -0.001056
2.709100, 3.485172, 0.072787
2.709100, 8.637266, -0.106925
2.709100, 2.827117, -0.018764
2.709100, 2.815769, 0.017481
2.709100, 8.256354, 0.112532
2.709100, 3.547671, -0.076489
2.709100, 2.709461, 0.000462
2.709100, 3.679865, 0.083681
2.709100, 7.571413, -0.120889
2.709100, 2.796851, -0.015205
2.709100, 2.860923, 0.022409
2.709100, 9.647414, 0.088693
2.709100, 3.343939, -0.063640
2.709100, 2.717694, 0.002856
2.709100, 4.169972, 0.104123
2.709100, 5.989153, -0.129551
2.709100, 2.757905, -0.009841
2.709100, 3.008656, 0.036905
2.709100, 11.718947, 0.009740
2.709100, 3.053091, -0.040905
2.709100, 2.750188, 0.008652
2.709100, 5.654600, 0.128707
2.709100, 4.337388, -0.109273
2.709100, 2.721109, -0.003577
2.709100, 3.298002, 0.060415
2.709100, 10.016681, -0.080612
2.709100, 2.875234, -0.023904
2.709100, 2.791302, 0.014498
2.709100, 7.358895, 0.122998
2.709100, 3.727655, -0.086083
2.709100, 2.709973, -0.000735
2.709100, 3.517361, 0.074719
2.709100, 8.436145, -0.109969
2.709100, 2.821045, -0.018084
2.709100, 2.821248, 0.018107
2.709100, 8.442988, 0.109868
2.709100, 3.516237, -0.074653
2.709100, 2.709997, 0.000746
2.709100, 3.729588, 0.086179
2.709100, 7.350646, -0.123075
2.709100, 2.791089, -0.014471
2.709100, 2.875824, 0.023965
2.709100, 10.031117, 0.080277
2.709100, 3.296243, -0.060289
2.709100, 2.721251, 0.003606
2.709100, 4.344246, 0.109467
2.709100, 5.642316, -0.128652
2.709100, 2.749907, -0.008607
2.709100, 3.054823, 0.041058
2.709100, 11.715096, -0.010452
2.709100, 3.007127, -0.036765
2.709100, 2.758190, 0.009884
2.709100, 6.001397, 0.129559
2.709100, 4.164475, -0.103940
2.709100, 2.717585, -0.002832
2.709100, 3.345557, 0.063751
2.709100, 9.634712, -0.088956
2.709100, 2.860455, -0.022359
2.709100, 2.797047, 0.015230
2.709100, 7.578840, 0.120811
2.709100, 3.678261, -0.083598
2.709100, 2.709447, -0.000453
2.709100, 3.548788, 0.076553
2.709100, 8.249906, -0.112622
2.709100, 2.815582, -0.017460
2.709100, 2.827347, 0.018790
2.709100, 8.644789, 0.106807
2.709100, 3.484000, -0.072716
2.709100, 2.710823, 0.001069
2.709100, 3.790122, 0.089077
2.709100, 7.105081, -0.125185
2.709100, 2.784831, -0.013652
2.709100, 2.894537, 0.025886
2.709100, 10.456178, 0.069635
2.709100, 3.245095, -0.056540
2.709100, 2.725783, 0.004493
2.709100, 4.558627, 0.114922
2.709100, 5.303502, -0.126378
2.709100, 2.742218, -0.007370
2.709100, 3.105704, 0.045448
2.709100, 11.506436, -0.029836
2.709100, 2.967549, -0.033064
2.709100, 2.766119, 0.011056
2.709100, 6.338691, 0.129242
2.709100, 4.027163, -0.099056
2.709100, 2.714914, -0.002215
2.709100, 3.388891, 0.066674
2.709100, 9.303729, -0.095478
2.709100, 2.848695, -0.021112
2.709100, 2.802385, 0.015892
2.709100, 7.778287, 0.118608
2.709100, 3.636740, -0.081425
2.709100, 2.709166, -0.000196
2.709100, 3.580757, 0.078368
2.709100, 8.070304, -0.115027
2.709100, 2.810453, -0.016861
2.709100, 2.834414, 0.019569
2.709100, 8.871053, 0.103151
2.709100, 3.449754, -0.070598
2.709100, 2.712015, 0.001449
2.709100, 3.865423, 0.092475
2.709100, 6.830992, -0.127106
2.709100, 2.778011, -0.012732
2.709100, 2.918074, 0.028252
2.709100, 10.898892, 0.056376
2.709100, 3.191449, -0.052427
2.709100, 2.731374, 0.005518
2.709100, 4.816185, 0.120067
2.709100, 4.986722, -0.122740
2.709100, 2.735136, -0.006178
2.709100, 3.159448, 0.049882
2.709100, 11.148266, -0.047300
2.709100, 2.934540, -0.029878
2.709100, 2.773745, 0.012141
2.709100, 6.656415, 0.128069
2.709100, 3.918424, -0.094736
2.709100, 2.712925, -0.001706
2.709100, 3.428278, 0.069237
2.709100, 9.019276, -0.100625
2.709100, 2.839185, -0.020088
2.709100, 2.807492, 0.016510
2.709100, 7.964478, 0.116373
2.709100, 3.600438, -0.079460
2.709100, 2.709104, 0.000051
2.709100, 3.614962, 0.080254
2.709100, 7.888608, -0.117304
2.709100, 2.805396, -0.016258
2.709100, 2.842888, 0.020488
2.709100, 9.131791, 0.098637
2.709100, 3.412429, -0.068216
2.709100, 2.713676, 0.001905
2.709100, 3.960376, 0.096452
2.709100, 6.527797, -0.128638
2.709100, 2.770638, -0.011704
2.709100, 2.947421, 0.031133
2.709100, 11.309836, 0.040358
2.709100, 3.136994, -0.048054
2.709100, 2.737975, 0.006663
2.709100, 5.114291, 0.124400
2.709100, 4.704356, -0.118007
2.709100, 2.728931, -0.005078
2.709100, 3.213863, 0.054169
2.709100, 10.716048, -0.062199
2.709100, 2.907681, -0.027214
2.709100, 2.780903, 0.013125
2.709100, 6.948016, 0.126344
2.709100, 3.832175, -0.091003
2.709100, 2.711471, -0.001283
2.709100, 3.464243, 0.071502
2.709100, 8.773816, -0.104751
2.709100, 2.831347, -0.019232
2.709100, 2.812552, 0.017108
2.709100, 8.144363, 0.114053
2.709100, 3.567364, -0.077614
2.709100, 2.709254, 0.000300
2.709100, 3.653136, 0.082293
2.709100, 7.697864, -0.119521
2.709100, 2.800217, -0.015625
2.709100, 2.853243, 0.021596
2.709100, 9.434503, 0.092973
2.709100, 3.371484, -0.065513
2.709100, 2.715926, 0.002456
2.709100, 4.080054, 0.101009
2.709100, 6.201188, -0.129496
2.709100, 2.762867, -0.010581
2.709100, 2.983100, 0.034534
2.709100, 11.614796, 0.022005
2.709100, 3.084216, -0.043617
2.709100, 2.745338, 0.007879
2.709100, 5.441628, 0.127489
2.709100, 4.464888, -0.112678
2.709100, 2.723785, -0.004110
2.709100, 3.266604, 0.058137
2.709100, 10.276532, -0.074330
2.709100, 2.886279, -0.025042
2.709100, 2.787483, 0.014002
2.709100, 7.209860, 0.124327
2.709100, 3.763563, -0.087824
2.709100, 2.710442, -0.000929
2.709100, 3.497501, 0.073534
2.709100, 8.558968, -0.108132
2.709100, 2.824731, -0.018498
2.709100, 2.817785, 0.017713
2.709100, 8.325619, 0.111563
2.709100, 3.535811, -0.075802
2.709100, 2.709633, 0.000566
2.709100, 3.697577, 0.084583
2.709100, 7.490676, -0.121719
2.709100, 2.794728, -0.014937
2.709100, 2.866157, 0.022958
2.709100, 9.786665, 0.085750
2.709100, 3.326379, -0.062422
2.709100, 2.718930, 0.003124
2.709100, 4.231350, 0.106105
2.709100, 5.858228, -0.129364
2.709100, 2.754869, -0.009379
2.709100, 3.025427, 0.038433
2.709100, 11.743166, 0.002111
2.709100, 3.035044, -0.039299
2.709100, 2.753199, 0.009121
2.709100, 5.785788, 0.129184
2.709100, 4.267498, -0.107221
2.709100, 2.719667, -0.003280
2.709100, 3.316445, 0.061725
2.709100, 9.866539, -0.084007
2.709100, 2.869244, -0.023281
2.709100, 2.793529, 0.014784
2.709100, 7.444779, 0.122175
2.709100, 3.707884, -0.085102
2.709100, 2.709743, -0.000624
2.709100, 3.529271, 0.075420
2.709100, 8.364410, -0.111010
2.709100, 2.818923, -0.017843
2.709100, 2.823465, 0.018356
2.709100, 8.517057, 0.108767
2.709100, 3.504205, -0.073936
2.709100, 2.710272, 0.000862
2.709100, 3.751025, 0.087223
2.709100, 7.260906, -0.123886
2.709100, 2.788785, -0.014172
2.709100, 2.882403, 0.024644
2.709100, 10.187886, 0.076536
2.709100, 3.277259, -0.058917
2.709100, 2.722845, 0.003925
2.709100, 4.420394, 0.111538
2.709100, 5.512410, -0.127958
2.709100, 2.746945, -0.008137
2.709100, 3.073611, 0.042701
2.709100, 11.658100, -0.017951
2.709100, 2.991374, -0.035307
2.709100, 2.761212, 0.010336
2.709100, 6.130758, 0.129561
2.709100, 4.108727, -0.102030
2.709100, 2.716484, -0.002585
2.709100, 3.362441, 0.064903
2.709100, 9.503618, -0.091612
2.709100, 2.855697, -0.021857
2.709100, 2.799105, 0.015487
2.709100, 7.656300, 0.119980
2.709100, 3.661790, -0.082746
2.709100, 2.709313, -0.000354
2.709100, 3.560721, 0.077237
2.709100, 8.181724, -0.113553
2.709100, 2.813619, -0.017232
2.709100, 2.829882, 0.019071
2.709100, 8.726861, 0.105508
2.709100, 3.471361, -0.071942
2.709100, 2.711225, 0.001204
2.709100, 3.816587, 0.090297
2.709100, 7.005015, -0.125941
2.709100, 2.782322, -0.013317
2.709100, 2.902805, 0.026723
2.709100, 10.623378, 0.064950
2.709100, 3.225050, -0.055025
2.709100, 2.727770, 0.004865
2.709100, 4.650826, 0.116929
2.709100, 5.180520, -0.125155
2.709100, 2.739456, -0.006912
2.709100, 3.125783, 0.047128
2.709100, 11.384708, -0.036705
2.709100, 2.954320, -0.031799
2.709100, 2.769045, 0.011477
2.709100, 6.461442, 0.128882
2.709100, 3.983081, -0.097355
2.709100, 2.714091, -0.002012
2.709100, 3.404211, 0.067681
2.709100, 9.191170, -0.097563
2.709100, 2.844872, -0.020702
2.709100, 2.804332, 0.016129
2.709100, 7.849823, 0.117770
2.709100, 3.622527, -0.080663
2.709100, 2.709118, -0.000102
2.709100, 3.593334, 0.079068
2.709100, 8.002271, -0.115898
2.709100, 2.808544, -0.016635
2.709100, 2.837429, 0.019897
2.709100, 8.965131, 0.101560
2.709100, 3.436042, -0.069732
2.709100, 2.712582, 0.001611
2.709100, 3.898754, 0.093910
2.709100, 6.719563, -0.127745
2.709100, 2.775281, -0.012355
2.709100, 2.928450, 0.029280
2.709100, 11.061723, 0.050633
2.709100, 3.170822, -0.050795
2.709100, 2.733762, 0.005939
2.709100, 4.924618, 0.121829
2.709100, 4.875265, -0.121055
2.709100, 2.732673, -0.005748
2.709100, 3.180084, 0.051531
2.709100, 10.989425, -0.053259
2.709100, 2.923688, -0.028809
2.709100, 2.776515, 0.012526
2.709100, 6.770071, 0.127466
2.709100, 3.883434, -0.093256
2.709100, 2.712319, -0.001537
2.709100, 3.442252, 0.070125
2.709100, 8.922275, -0.102290
2.709100, 2.836050, -0.019747
2.709100, 2.809400, 0.016737
2.709100, 8.032865, 0.115509
2.709100, 3.587645, -0.078752
2.709100, 2.709136, 0.000144
2.709100, 3.628822, 0.081002
2.709100, 7.817930, -0.118147
2.709100, 2.803462, -0.016023
2.709100, 2.846550, 0.020882
2.709100, 9.240882, 0.096650
2.709100, 3.397404, -0.067235
2.709100, 2.714449, 0.002101
2.709100, 4.002384, 0.098108
2.709100, 6.406733, -0.129058
2.709100, 2.767738, -0.011290
2.709100, 2.960141, 0.032357
2.709100, 11.441740, 0.033660
2.709100, 3.116729, -0.046374
2.709100, 2.740683, 0.007117
2.709100, 5.235273, 0.125728
2.709100, 4.608677, -0.116035
2.709100, 2.726859, -0.004695
2.709100, 3.234086, 0.055711
2.709100, 10.548123, -0.067100
2.709100, 2.899006, -0.026339
2.709100, 2.783459, 0.013469
2.709100, 7.050437, 0.125605
2.709100, 3.804436, -0.089740
2.709100, 2.711038, -0.001142
2.709100, 3.477072, 0.072293
2.709100, 8.689567, -0.106102
2.709100, 2.828726, -0.018943
2.709100, 2.814495, 0.017334
2.709100, 8.212229, 0.113139
2.709100, 3.555352, -0.076930
2.709100, 2.709369, 0.000398
2.709100, 3.669051, 0.083123
2.709100, 7.621891, -0.120353
2.709100, 2.798189, -0.015372
2.709100, 2.857780, 0.022077
2.709100, 9.561516, 0.090451
2.709100, 3.354942, -0.064393
2.709100, 2.716963, 0.002693
2.709100, 4.133128, 0.102878
2.709100, 6.072946, -0.129580
2.709100, 2.759859, -0.010134
2.709100, 2.998324, 0.035953
2.709100, 11.687228, 0.014607
2.709100, 3.065105, -0.041961
2.709100, 2.748267, 0.008348
2.709100, 5.570489, 0.128294
2.709100, 4.385508, -0.110608
2.709100, 2.722112, -0.003780
2.709100, 3.285834, 0.059540
2.709100, 10.116860, -0.078255
2.709100, 2.879381, -0.024333
2.709100, 2.789828, 0.014308
2.709100, 7.301619, 0.123524
2.709100, 3.741207, -0.086747
2.709100, 2.710144, -0.000809
2.709100, 3.509621, 0.074260
2.709100, 8.483531, -0.109268
2.709100, 2.822459, -0.018243
2.709100, 2.819865, 0.017950
2.709100, 8.396361, 0.110549
2.709100, 3.523937, -0.075107
2.709100, 2.709842, 0.000673
2.709100, 3.716577, 0.085535
2.709100, 7.406669, -0.122545
2.709100, 2.792538, -0.014657
2.709100, 2.871868, 0.023554
2.709100, 9.933097, 0.082521
2.709100, 3.308235, -0.061145
2.709100, 2.720297, 0.003411
2.709100, 4.298160, 0.108138
2.709100, 5.726848, -0.128994
2.709100, 2.751844, -0.008911
2.709100, 3.043050, 0.040014
2.709100, 11.736128, -0.005543
2.709100, 3.017791, -0.037740
2.709100, 2.756232, 0.009587
2.709100, 5.917090, 0.129470
2.709100, 4.203152, -0.105208
2.709100, 2.718360, -0.003001
2.709100, 3.334333, 0.062976
2.709100, 9.723271, -0.087105
2.709100, 2.863752, -0.022706
2.709100, 2.795688, 0.015058
2.709100, 7.527294, 0.121347
2.709100, 3.689479, -0.084172
2.709100, 2.709551, -0.000519
2.709100, 3.541130, 0.076111
2.709100, 8.294384, -0.112003
2.709100, 2.816873, -0.017608
2.709100, 2.825786, 0.018616
2.709100, 8.593714, 0.107600
2.709100, 3.491999, -0.073202
2.709100, 2.710591, 0.000985
2.709100, 3.774174, 0.088328
2.709100, 7.167458, -0.124682
2.709100, 2.786407, -0.013860
2.709100, 2.889572, 0.025379
2.709100, 10.349675, 0.072457
2.709100, 3.257839, -0.057490
2.709100, 2.724583, 0.004264
2.709100, 4.502449, 0.113603
2.709100, 5.384570, -0.127062
2.709100, 2.744047, -0.007670
2.709100, 3.092962, 0.044366
2.709100, 11.573789, -0.025254
2.709100, 2.976583, -0.033920
2.709100, 2.764206, 0.010777
2.709100, 6.257966, 0.129411
2.709100, 4.057738, -0.100196
2.709100, 2.715496, -0.002355
2.709100, 3.378709, 0.065997
2.709100, 9.379862, -0.094030
2.709100, 2.851328, -0.021393
2.709100, 2.801112, 0.015735
2.709100, 7.731158, 0.119147
2.709100, 3.646293, -0.081932
2.709100, 2.709213, -0.000257
2.709100, 3.572819, 0.077922
2.709100, 8.113999, -0.114456
2.709100, 2.811689, -0.017007
2.709100, 2.832577, 0.019367
2.709100, 8.813018, 0.104111
2.709100, 3.458362, -0.071136
2.709100, 2.711685, 0.001350
2.709100, 3.845426, 0.091595
2.709100, 6.900647, -0.126663
2.709100, 2.779729, -0.012966
2.709100, 2.911826, 0.027629
2.709100, 10.791356, 0.059869
2.709100, 3.204700, -0.053461
2.709100, 2.729911, 0.005256
2.709100, 4.749331, 0.118867
2.709100, 5.061314, -0.123744
2.709100, 2.736794, -0.006462
2.709100, 3.146177, 0.048806
2.709100, 11.245452, -0.043257
2.709100, 2.942009, -0.030607
2.709100, 2.771921, 0.011885
2.709100, 6.581059, 0.128417
2.709100, 3.942684, -0.095736
2.709100, 2.713356, -0.001822
2.709100, 3.419002, 0.068641
2.709100, 9.084807, -0.099475
2.709100, 2.841333, -0.020321
2.709100, 2.806257, 0.016361
2.709100, 7.919886, 0.116923
2.709100, 3.608931, -0.079925
2.709100, 2.709100, -0.000009
2.709100, 3.606322, 0.079783
2.709100, 7.933516, -0.116756
2.709100, 2.806634, -0.016407
2.709100, 2.840668, 0.020249
2.709100, 9.064591, 0.099832
2.709100, 3.421850, -0.068824
2.709100, 2.713221, 0.001786
2.709100, 3.935148, 0.095428
2.709100, 6.604175, -0.128315
2.709100, 2.772479, -0.011964
2.709100, 2.939694, 0.030382
2.709100, 11.216377, 0.044504
2.709100, 3.150213, -0.049134
2.709100, 2.736283, 0.006375
2.709100, 5.038384, 0.123446
2.709100, 4.769429, -0.119237
2.709100, 2.730350, -0.005335
2.709100, 3.200671, 0.053148
2.709100, 10.824244, -0.058823
2.709100, 2.913693, -0.027816
2.709100, 2.779209, 0.012895
2.709100, 6.879618, 0.126800
2.709100, 3.851398, -0.091859
2.709100, 2.711782, -0.001379
2.709100, 3.455759, 0.070974
2.709100, 8.830486, -0.103824
2.709100, 2.833128, -0.019428
2.709100, 2.811311, 0.016962
2.709100, 8.100695, 0.114631
2.709100, 3.575224, -0.078058
2.709100, 2.709198, 0.000238
2.709100, 3.643348, 0.081777
2.709100, 7.745605, -0.118983
2.709100, 2.801501, -0.015783
2.709100, 2.850511, 0.021306
2.709100, 9.356367, 0.094480
2.709100, 3.381836, -0.066205
2.709100, 2.715314, 0.002312
2.709100, 4.048237, 0.099845
2.709100, 6.282678, -0.129365
2.709100, 2.764791, -0.010863
2.709100, 2.973789, 0.033656
2.709100, 11.554283, 0.026662
2.709100, 3.096824, -0.044695
2.709100, 2.743486, 0.007578
2.709100, 5.359744, 0.126863
2.709100, 4.519291, -0.114006
2.709100, 2.724942, -0.004333
2.709100, 3.253973, 0.057203
2.709100, 10.381970, -0.071614
2.709100, 2.891055, -0.025531
2.709100, 2.785931, 0.013797
2.709100, 7.148632, 0.124836
2.709100, 3.778944, -0.088553
2.709100, 2.710660, -0.001010
2.709100, 3.489574, 0.073055
2.709100, 8.609130, -0.107362
2.709100, 2.826256, -0.018669
2.709100, 2.816477, 0.017563
2.709100, 8.280783, 0.112193
2.709100, 3.543461, -0.076246
2.709100, 2.709518, 0.000499
2.709100, 3.686010, 0.083995
2.709100, 7.543134, -0.121184
2.709100, 2.796105, -0.015111
2.709100, 2.862728, 0.022599
2.709100, 9.695963, 0.087681
2.709100, 3.337779, -0.063215
2.709100, 2.718118, 0.002949
2.709100, 4.191137, 0.104819
2.709100, 5.942825, -0.129505
2.709100, 2.756828, -0.009678
2.709100, 3.014502, 0.037440
2.709100, 11.731071, 0.007043
2.709100, 3.046605, -0.040331
2.709100, 2.751252, 0.008818
2.709100, 5.701057, 0.128898
2.709100, 4.311950, -0.108541
2.709100, 2.720582, -0.003469
2.709100, 3.304604, 0.060887
2.709100, 9.962678, -0.081851
2.709100, 2.873050, -0.023677
2.709100, 2.792100, 0.014601
2.709100, 7.389755, 0.122707
2.709100, 3.720476, -0.085729
2.709100, 2.709887, -0.000695
2.709100, 3.521595, 0.074969
2.709100, 8.410478, -0.110344
2.709100, 2.820283, -0.017997
2.709100, 2.822024, 0.018194
2.709100, 8.468995, 0.109484
2.709100, 3.511985, -0.074400
2.709100, 2.710090, 0.000786
2.709100, 3.737009, 0.086542
2.709100, 7.319225, -0.123364
2.709100, 2.790280, -0.014366
2.709100, 2.878093, 0.024200
2.709100, 10.086086, 0.078987
2.709100, 3.289562, -0.059809
2.709100, 2.721800, 0.003717
2.709100, 4.370594, 0.110201
2.709100, 5.596048, -0.128429
2.709100, 2.748850, -0.008440
2.709100, 3.061417, 0.041638
2.709100, 11.698186, -0.013130
2.709100, 3.001430, -0.036240
2.709100, 2.759264, 0.010045
2.709100, 6.047494, 0.129578
2.709100, 4.144130, -0.103254
2.709100, 2.717180, -0.002742
2.709100, 3.351618, 0.064166
2.709100, 9.587355, -0.089927
2.709100, 2.858719, -0.022177
2.709100, 2.797783, 0.015322
2.709100, 7.606641, 0.120516
2.709100, 3.672297, -0.083291
2.709100, 2.709395, -0.000417
2.709100, 3.553008, 0.076796
2.709100, 8.225635, -0.112955
2.709100, 2.814881, -0.017379
2.709100, 2.828229, 0.018888
2.709100, 8.673473, 0.106357
2.709100, 3.479553, -0.072445
2.709100, 2.710959, 0.001116
2.709100, 3.799256, 0.089501
2.709100, 7.070067, -0.125456
2.709100, 2.783951, -0.013534
2.709100, 2.897388, 0.026175
2.709100, 10.515258, 0.068017
2.709100, 3.238024, -0.056009
2.709100, 2.726470, 0.004623
2.709100, 4.590612, 0.115640
2.709100, 5.259485, -0.125967
2.709100, 2.741227, -0.007207
2.709100, 3.112784, 0.046044
2.709100, 11.465519, -0.032307
2.709100, 2.962750, -0.032607
2.709100, 2.767162, 0.011207
2.709100, 6.382572, 0.129128
2.709100, 4.011082, -0.098443
2.709100, 2.714612, -0.002141
2.709100, 3.394388, 0.067037
2.709100, 9.263064, -0.096239
2.709100, 2.847304, -0.020963
2.709100, 2.803079, 0.015976
2.709100, 7.803855, 0.118312
2.709100, 3.631621, -0.081152
2.709100, 2.709145, -0.000163
2.709100, 3.585177, 0.078615
2.709100, 8.046231, -0.115338
