init_r,r,ur
2.671100, 2.987747, 0.035671
2.671100, 11.661509, 0.017817
2.671100, 3.069820, -0.042941
2.671100, 2.674243, -0.000229
2.671100, 3.007520, 0.037450
2.671100, 11.726791, 0.008561
2.671100, 3.046772, -0.040933
2.671100, 2.675546, 0.000095
2.671100, 3.072722, 0.043180
2.671100, 11.650714, -0.018913
2.671100, 2.985546, -0.035457
2.671100, 2.672524, 0.000186
2.671100, 3.036088, 0.040017
2.671100, 11.741921, -0.004132
2.671100, 3.017161, -0.038338
2.671100, 2.671757, -0.000138
2.671100, 2.979636, 0.034918
2.671100, 11.619489, 0.021785
2.671100, 3.080272, -0.043826
2.671100, 2.675341, -0.000175
2.671100, 3.032612, 0.039687
2.671100, 11.744622, -0.002587
2.671100, 3.020763, -0.038636
2.671100, 2.674953, 0.000216
2.671100, 3.079583, 0.043771
2.671100, 11.622415, -0.021533
2.671100, 2.980129, -0.034967
2.671100, 2.671300, 0.000080
2.671100, 3.001871, 0.036961
2.671100, 11.713389, 0.011117
2.671100, 3.052900, -0.041485
2.671100, 2.673329, -0.000214
2.671100, 2.994825, 0.036303
2.671100, 11.690336, 0.014475
2.671100, 3.061361, -0.042202
2.671100, 2.675589, -0.000007
2.671100, 3.059508, 0.042041
2.671100, 11.695904, -0.013737
2.671100, 2.996388, -0.036445
2.671100, 2.673451, 0.000217
2.671100, 3.055309, 0.041694
2.671100, 11.707339, -0.012091
2.671100, 2.999787, -0.036771
2.671100, 2.671253, -0.000070
2.671100, 2.980685, 0.035019
2.671100, 11.625551, 0.021259
2.671100, 3.078852, -0.043709
2.671100, 2.674878, -0.000219
2.671100, 3.019041, 0.038482
2.671100, 11.743404, 0.003353
2.671100, 3.034397, -0.039845
2.671100, 2.675380, 0.000166
2.671100, 3.079762, 0.043783
2.671100, 11.621717, -0.021592
2.671100, 2.980031, -0.034954
2.671100, 2.671843, 0.000146
2.671100, 3.019538, 0.038550
2.671100, 11.743969, 0.003070
2.671100, 3.033602, -0.039798
2.671100, 2.672413, -0.000181
2.671100, 2.984446, 0.035357
2.671100, 11.645261, 0.019445
2.671100, 3.074109, -0.043299
2.671100, 2.675531, -0.000107
2.671100, 3.044909, 0.040770
2.671100, 11.730173, -0.007788
2.671100, 3.009208, -0.037602
2.671100, 2.674349, 0.000229
2.671100, 3.071570, 0.043091
2.671100, 11.654962, -0.018491
2.671100, 2.986353, -0.035543
2.671100, 2.671103, 0.000011
2.671100, 2.989252, 0.035809
2.671100, 11.668284, 0.017092
2.671100, 3.067947, -0.042781
2.671100, 2.674133, -0.000228
2.671100, 3.005838, 0.037299
2.671100, 11.723089, 0.009334
2.671100, 3.048645, -0.041097
2.671100, 2.675558, 0.000083
2.671100, 3.071239, 0.043053
2.671100, 11.656402, -0.018342
2.671100, 2.986729, -0.035565
2.671100, 2.672637, 0.000191
2.671100, 3.038584, 0.040236
2.671100, 11.739280, -0.005189
2.671100, 3.014806, -0.038127
2.671100, 2.671676, -0.000131
2.671100, 2.979359, 0.034893
2.671100, 11.617916, 0.021920
2.671100, 3.080629, -0.043857
2.671100, 2.675297, -0.000183
2.671100, 3.030837, 0.039530
2.671100, 11.745526, -0.001822
2.671100, 3.022492, -0.038790
2.671100, 2.675024, 0.000212
2.671100, 3.080151, 0.043819
2.671100, 11.619958, -0.021745
2.671100, 2.979699, -0.034927
2.671100, 2.671353, 0.000090
2.671100, 3.004012, 0.037155
2.671100, 11.719048, 0.010122
2.671100, 3.050456, -0.041273
2.671100, 2.673206, -0.000210
2.671100, 2.993299, 0.036164
2.671100, 11.684595, 0.015198
2.671100, 3.063187, -0.042360
2.671100, 2.675587, -0.000020
2.671100, 3.057636, 0.041879
2.671100, 11.701261, -0.012988
2.671100, 2.997980, -0.036589
2.671100, 2.673573, 0.000219
2.671100, 3.057671, 0.041898
2.671100, 11.700956, -0.013040
2.671100, 2.997767, -0.036588
2.671100, 2.671212, -0.000060
2.671100, 2.981368, 0.035082
2.671100, 11.629341, 0.020923
2.671100, 3.077959, -0.043634
2.671100, 2.674797, -0.000223
2.671100, 3.017324, 0.038329
2.671100, 11.741870, 0.004119
2.671100, 3.036192, -0.040004
2.671100, 2.675416, 0.000157
2.671100, 3.079104, 0.043726
2.671100, 11.624565, -0.021344
2.671100, 2.980540, -0.035000
2.671100, 2.671932, 0.000152
2.671100, 3.021937, 0.038764
2.671100, 11.745416, 0.002006
2.671100, 3.031127, -0.039579
2.671100, 2.672306, -0.000176
2.671100, 2.983437, 0.035265
2.671100, 11.640111, 0.019934
2.671100, 3.075390, -0.043409
2.671100, 2.675514, -0.000119
2.671100, 3.043058, 0.040607
2.671100, 11.733233, -0.007016
2.671100, 3.010902, -0.037754
2.671100, 2.674451, 0.000229
2.671100, 3.073187, 0.043228
2.671100, 11.648729, -0.019111
2.671100, 2.985076, -0.035425
2.671100, 2.671114, 0.000021
2.671100, 2.990864, 0.035957
2.671100, 11.675198, 0.016318
2.671100, 3.065961, -0.042611
2.671100, 2.674020, -0.000227
2.671100, 3.004164, 0.037148
2.671100, 11.719069, 0.010106
2.671100, 3.050527, -0.041261
2.671100, 2.675568, 0.000070
2.671100, 3.069671, 0.042918
2.671100, 11.662252, -0.017735
2.671100, 2.987989, -0.035681
2.671100, 2.672753, 0.000195
2.671100, 3.041084, 0.040455
2.671100, 11.736056, -0.006242
2.671100, 3.012477, -0.037918
2.671100, 2.671599, -0.000123
2.671100, 2.979200, 0.034878
2.671100, 11.617021, 0.021996
2.671100, 3.080830, -0.043875
2.671100, 2.675249, -0.000190
2.671100, 3.029070, 0.039374
2.671100, 11.746116, -0.001058
2.671100, 3.024228, -0.038944
2.671100, 2.675090, 0.000207
2.671100, 3.080556, 0.043853
2.671100, 11.618199, -0.021896
2.671100, 2.979395, -0.034898
2.671100, 2.671412, 0.000099
2.671100, 3.006203, 0.037353
2.671100, 11.724264, 0.009109
2.671100, 3.047987, -0.041058
2.671100, 2.673084, -0.000207
2.671100, 2.991815, 0.036029
2.671100, 11.678724, 0.015904
2.671100, 3.064979, -0.042514
2.671100, 2.675585, -0.000034
2.671100, 3.055752, 0.041716
2.671100, 11.706374, -0.012230
2.671100, 2.999598, -0.036735
2.671100, 2.673695, 0.000222
2.671100, 3.059976, 0.042097
2.671100, 11.694310, -0.013959
2.671100, 2.995818, -0.036410
2.671100, 2.671177, -0.000050
2.671100, 2.982178, 0.035157
2.671100, 11.633746, 0.020525
2.671100, 3.076905, -0.043544
2.671100, 2.674711, -0.000225
2.671100, 3.015612, 0.038176
2.671100, 11.740019, 0.004887
2.671100, 3.037999, -0.040163
2.671100, 2.675447, 0.000148
2.671100, 3.078302, 0.043658
2.671100, 11.627997, -0.021041
2.671100, 2.981162, -0.035057
2.671100, 2.672026, 0.000159
2.671100, 3.024354, 0.038979
2.671100, 11.746257, 0.000941
2.671100, 3.028665, -0.039362
2.671100, 2.672201, -0.000170
2.671100, 2.982524, 0.035181
2.671100, 11.635334, 0.020378
2.671100, 3.076554, -0.043508
2.671100, 2.675493, -0.000130
2.671100, 3.041219, 0.040446
2.671100, 11.735969, -0.006246
2.671100, 3.012601, -0.037906
2.671100, 2.674549, 0.000228
2.671100, 3.074663, 0.043354
2.671100, 11.642888, -0.019674
2.671100, 2.983919, -0.035318
2.671100, 2.671131, 0.000032
2.671100, 2.992575, 0.036114
2.671100, 11.682161, 0.015500
2.671100, 3.063875, -0.042432
2.671100, 2.673904, -0.000225
2.671100, 3.002501, 0.036998
2.671100, 11.714741, 0.010877
2.671100, 3.052415, -0.041425
2.671100, 2.675575, 0.000057
2.671100, 3.068028, 0.042777
2.671100, 11.668196, -0.017097
2.671100, 2.989319, -0.035802
2.671100, 2.672871, 0.000200
2.671100, 3.043585, 0.040674
2.671100, 11.732267, -0.007287
2.671100, 3.010178, -0.037711
2.671100, 2.671527, -0.000114
2.671100, 2.979162, 0.034876
2.671100, 11.616822, 0.022013
2.671100, 3.080873, -0.043879
2.671100, 2.675196, -0.000196
2.671100, 3.027313, 0.039218
2.671100, 11.746392, -0.000293
2.671100, 3.025971, -0.039099
2.671100, 2.675152, 0.000201
2.671100, 3.080797, 0.043873
2.671100, 11.617148, -0.021985
2.671100, 2.979216, -0.034881
2.671100, 2.671475, 0.000108
2.671100, 3.008439, 0.037555
2.671100, 11.728993, 0.008082
2.671100, 3.045499, -0.040841
2.671100, 2.672963, -0.000203
2.671100, 2.990381, 0.035899
2.671100, 11.672774, 0.016588
2.671100, 3.066726, -0.042665
2.671100, 2.675580, -0.000047
2.671100, 3.053863, 0.041551
2.671100, 11.711220, -0.011466
2.671100, 3.001235, -0.036883
2.671100, 2.673814, 0.000224
2.671100, 3.062213, 0.042289
2.671100, 11.687476, -0.014846
2.671100, 2.993949, -0.036240
2.671100, 2.671148, -0.000040
2.671100, 2.983116, 0.035244
2.671100, 11.638722, 0.020067
2.671100, 3.075695, -0.043442
2.671100, 2.674621, -0.000227
2.671100, 3.013906, 0.038023
2.671100, 11.737850, 0.005655
2.671100, 3.039817, -0.040323
2.671100, 2.675474, 0.000138
2.671100, 3.077363, 0.043577
2.671100, 11.631963, -0.020685
2.671100, 2.981893, -0.035124
2.671100, 2.672124, 0.000165
2.671100, 3.026788, 0.039195
2.671100, 11.746491, -0.000124
2.671100, 3.026219, -0.039145
2.671100, 2.672101, -0.000164
2.671100, 2.981713, 0.035107
2.671100, 11.630993, 0.020773
2.671100, 3.077594, -0.043597
2.671100, 2.675468, -0.000140
2.671100, 3.039392, 0.040285
2.671100, 11.738385, -0.005476
2.671100, 3.014303, -0.038059
2.671100, 2.674643, 0.000226
2.671100, 3.075991, 0.043467
2.671100, 11.637513, -0.020179
2.671100, 2.982886, -0.035223
2.671100, 2.671154, 0.000042
2.671100, 2.994378, 0.036279
2.671100, 11.689083, 0.014642
2.671100, 3.061698, -0.042245
2.671100, 2.673786, -0.000224
2.671100, 3.000851, 0.036849
2.671100, 11.710114, 0.011645
2.671100, 3.054304, -0.041590
2.671100, 2.675581, 0.000044
2.671100, 3.066323, 0.042630
2.671100, 11.674167, -0.016431
2.671100, 2.990711, -0.035929
2.671100, 2.672991, 0.000204
2.671100, 3.046081, 0.040892
2.671100, 11.727935, -0.008323
2.671100, 3.007913, -0.037507
2.671100, 2.671460, -0.000106
2.671100, 2.979247, 0.034884
2.671100, 11.617330, 0.021970
2.671100, 3.080756, -0.043869
2.671100, 2.675138, -0.000202
2.671100, 3.025564, 0.039063
2.671100, 11.746356, 0.000471
2.671100, 3.027722, -0.039255
2.671100, 2.675208, 0.000195
2.671100, 3.080877, 0.043879
2.671100, 11.616806, -0.022014
2.671100, 2.979160, -0.034875
2.671100, 2.671544, 0.000116
2.671100, 3.010712, 0.037759
2.671100, 11.733201, 0.007044
2.671100, 3.043002, -0.040623
2.671100, 2.672844, -0.000199
2.671100, 2.989002, 0.035773
2.671100, 11.666804, 0.017248
2.671100, 3.068418, -0.042810
2.671100, 2.675574, -0.000060
2.671100, 3.051974, 0.041387
2.671100, 11.715778, -0.010697
2.671100, 3.002888, -0.037033
2.671100, 2.673932, 0.000226
2.671100, 3.064370, 0.042475
2.671100, 11.680536, -0.015695
2.671100, 2.992167, -0.036077
2.671100, 2.671126, -0.000029
2.671100, 2.984178, 0.035342
2.671100, 11.644212, 0.019548
2.671100, 3.074332, -0.043326
2.671100, 2.674527, -0.000228
2.671100, 3.012204, 0.037871
2.671100, 11.735360, 0.006425
2.671100, 3.041647, -0.040484
2.671100, 2.675498, 0.000127
2.671100, 3.076293, 0.043486
2.671100, 11.636412, -0.020278
2.671100, 2.982728, -0.035200
2.671100, 2.672225, 0.000171
2.671100, 3.029238, 0.039412
2.671100, 11.746115, -0.001190
2.671100, 3.023788, -0.038929
2.671100, 2.672004, -0.000158
2.671100, 2.981007, 0.035043
2.671100, 11.627146, 0.021116
2.671100, 3.078502, -0.043675
2.671100, 2.675440, -0.000150
2.671100, 3.037576, 0.040126
2.671100, 11.740480, -0.004708
2.671100, 3.016011, -0.038212
2.671100, 2.674732, 0.000224
2.671100, 3.077165, 0.043566
2.671100, 11.632665, -0.020623
2.671100, 2.981978, -0.035139
2.671100, 2.671185, 0.000053
2.671100, 2.996266, 0.036451
2.671100, 11.695881, 0.013747
2.671100, 3.059444, -0.042051
2.671100, 2.673666, -0.000221
2.671100, 2.999218, 0.036701
2.671100, 11.705204, 0.012407
2.671100, 3.056193, -0.041754
2.671100, 2.675585, 0.000031
2.671100, 3.064565, 0.042479
2.671100, 11.680103, -0.015741
2.671100, 2.992157, -0.036060
2.671100, 2.673113, 0.000207
2.671100, 3.048565, 0.041109
2.671100, 11.723089, -0.009347
2.671100, 3.005688, -0.037306
2.671100, 2.671398, -0.000097
2.671100, 2.979455, 0.034904
2.671100, 11.618547, 0.021866
2.671100, 3.080476, -0.043846
2.671100, 2.675075, -0.000208
2.671100, 3.023822, 0.038908
2.671100, 11.746006, 0.001236
2.671100, 3.029482, -0.039410
2.671100, 2.675260, 0.000188
2.671100, 3.080797, 0.043872
2.671100, 11.617168, -0.021983
2.671100, 2.979226, -0.034881
2.671100, 2.671617, 0.000125
2.671100, 3.013018, 0.037967
2.671100, 11.736860, 0.005997
2.671100, 3.040500, -0.040404
2.671100, 2.672726, -0.000194
2.671100, 2.987688, 0.035653
2.671100, 11.660876, 0.017879
2.671100, 3.070044, -0.042950
2.671100, 2.675566, -0.000073
2.671100, 3.050087, 0.041222
2.671100, 11.720035, -0.009926
2.671100, 3.004554, -0.037183
2.671100, 2.674047, 0.000227
2.671100, 3.066434, 0.042652
2.671100, 11.673577, -0.016503
2.671100, 2.990479, -0.035922
2.671100, 2.671110, -0.000019
2.671100, 2.985363, 0.035452
2.671100, 11.650151, 0.018972
2.671100, 3.072822, -0.043197
2.671100, 2.674428, -0.000229
2.671100, 3.010506, 0.037718
2.671100, 11.732548, 0.007196
2.671100, 3.043489, -0.040645
2.671100, 2.675518, 0.000116
2.671100, 3.075101, 0.043384
2.671100, 11.641282, -0.019824
2.671100, 2.983664, -0.035285
2.671100, 2.672330, 0.000177
2.671100, 3.031703, 0.039630
2.671100, 11.745132, -0.002255
2.671100, 3.021375, -0.038714
2.671100, 2.671911, -0.000151
2.671100, 2.980411, 0.034988
2.671100, 11.623847, 0.021407
2.671100, 3.079271, -0.043741
2.671100, 2.675408, -0.000159
2.671100, 3.035772, 0.039967
2.671100, 11.742257, -0.003941
2.671100, 3.017724, -0.038365
2.671100, 2.674816, 0.000222
2.671100, 3.078182, 0.043652
2.671100, 11.628400, -0.021007
2.671100, 2.981197, -0.035066
2.671100, 2.671221, 0.000063
2.671100, 2.998232, 0.036630
2.671100, 11.702472, 0.012821
2.671100, 3.057124, -0.041851
2.671100, 2.673545, -0.000219
2.671100, 2.997606, 0.036555
2.671100, 11.700031, 0.013163
2.671100, 3.058074, -0.041917
2.671100, 2.675588, 0.000017
2.671100, 3.062764, 0.042323
2.671100, 11.685948, -0.015031
2.671100, 2.993652, -0.036196
2.671100, 2.673235, 0.000211
2.671100, 3.051029, 0.041323
2.671100, 11.717766, -0.010356
2.671100, 3.003508, -0.037109
2.671100, 2.671341, -0.000087
2.671100, 2.979788, 0.034935
2.671100, 11.620470, 0.021701
2.671100, 3.080034, -0.043809
2.671100, 2.675008, -0.000213
2.671100, 3.022088, 0.038754
2.671100, 11.745343, 0.002001
2.671100, 3.031250, -0.039567
2.671100, 2.675308, 0.000181
2.671100, 3.080559, 0.043851
2.671100, 11.618223, -0.021893
2.671100, 2.979413, -0.034897
2.671100, 2.671694, 0.000132
2.671100, 3.015353, 0.038176
2.671100, 11.739949, 0.004943
2.671100, 3.038001, -0.040185
2.671100, 2.672611, -0.000190
2.671100, 2.986445, 0.035540
2.671100, 11.655058, 0.018478
2.671100, 3.071593, -0.043083
2.671100, 2.675555, -0.000086
2.671100, 3.048208, 0.041058
2.671100, 11.723981, -0.009153
2.671100, 3.006230, -0.037334
2.671100, 2.674159, 0.000228
2.671100, 3.068395, 0.042819
2.671100, 11.666687, -0.017265
2.671100, 2.988891, -0.035776
2.671100, 2.671102, -0.000008
2.671100, 2.986668, 0.035572
2.671100, 11.656465, 0.018339
2.671100, 3.071173, -0.043057
2.671100, 2.674324, -0.000229
2.671100, 3.008814, 0.037566
2.671100, 11.729413, 0.007968
2.671100, 3.045343, -0.040808
2.671100, 2.675535, 0.000104
2.671100, 3.073795, 0.043272
2.671100, 11.646509, -0.019324
2.671100, 2.984695, -0.035380
2.671100, 2.672439, 0.000182
2.671100, 3.034181, 0.039849
2.671100, 11.743545, -0.003318
2.671100, 3.018982, -0.038501
2.671100, 2.671822, -0.000144
2.671100, 2.979928, 0.034944
2.671100, 11.621140, 0.021642
2.671100, 3.079894, -0.043794
2.671100, 2.675371, -0.000168
2.671100, 3.033979, 0.039808
2.671100, 11.743717, -0.003174
2.671100, 3.019442, -0.038518
2.671100, 2.674895, 0.000219
2.671100, 3.079037, 0.043725
2.671100, 11.624760, -0.021328
2.671100, 2.980544, -0.035005
2.671100, 2.671264, 0.000073
2.671100, 3.000268, 0.036815
2.671100, 11.708783, 0.011866
2.671100, 3.054750, -0.041645
2.671100, 2.673423, -0.000216
2.671100, 2.996020, 0.036411
2.671100, 11.694623, 0.013910
2.671100, 3.059942, -0.042079
2.671100, 2.675589, 0.000004
2.671100, 3.060930, 0.042165
2.671100, 11.691653, -0.014304
2.671100, 2.995187, -0.036336
2.671100, 2.673358, 0.000214
2.671100, 3.053466, 0.041534
2.671100, 11.712011, -0.011346
2.671100, 3.001379, -0.036916
2.671100, 2.671289, -0.000078
2.671100, 2.980247, 0.034978
2.671100, 11.623087, 0.021474
2.671100, 3.079427, -0.043758
2.671100, 2.674936, -0.000217
2.671100, 3.020361, 0.038600
2.671100, 11.744366, 0.002766
2.671100, 3.033027, -0.039724
2.671100, 2.675350, 0.000173
2.671100, 3.080166, 0.043817
2.671100, 11.619952, -0.021745
2.671100, 2.979718, -0.034925
2.671100, 2.671777, 0.000140
2.671100, 3.017714, 0.038387
2.671100, 11.742452, 0.003884
2.671100, 3.035507, -0.039966
2.671100, 2.672498, -0.000185
2.671100, 2.985281, 0.035433
2.671100, 11.649418, 0.019041
2.671100, 3.073055, -0.043209
2.671100, 2.675543, -0.000098
2.671100, 3.046337, 0.040895
2.671100, 11.727609, -0.008380
2.671100, 3.007913, -0.037485
2.671100, 2.674268, 0.000229
2.671100, 3.070240, 0.042977
2.671100, 11.659958, -0.017979
2.671100, 2.987411, -0.035640
2.671100, 2.671100, 0.000002
2.671100, 2.988088, 0.035702
2.671100, 11.663073, 0.017652
2.671100, 3.069394, -0.042905
2.671100, 2.674218, -0.000229
2.671100, 3.007127, 0.037415
2.671100, 11.725956, 0.008741
2.671100, 3.047209, -0.040971
2.671100, 2.675549, 0.000092
2.671100, 3.072384, 0.043151
2.671100, 11.652023, -0.018783
2.671100, 2.985814, -0.035482
2.671100, 2.672550, 0.000187
2.671100, 3.036670, 0.040068
2.671100, 11.741357, -0.004379
2.671100, 3.016609, -0.038288
2.671100, 2.671738, -0.000137
2.671100, 2.979561, 0.034911
2.671100, 11.619063, 0.021821
2.671100, 3.080369, -0.043835
2.671100, 2.675331, -0.000177
2.671100, 3.032197, 0.039651
2.671100, 11.744861, -0.002409
2.671100, 3.021166, -0.038672
2.671100, 2.674970, 0.000215
2.671100, 3.079731, 0.043783
2.671100, 11.621780, -0.021588
2.671100, 2.980017, -0.034956
2.671100, 2.671312, 0.000082
2.671100, 3.002366, 0.037006
2.671100, 11.714747, 0.010887
2.671100, 3.052333, -0.041436
2.671100, 2.673300, -0.000213
2.671100, 2.994466, 0.036270
2.671100, 11.689011, 0.014645
2.671100, 3.061790, -0.042239
2.671100, 2.675588, -0.000010
2.671100, 3.059072, 0.042004
2.671100, 11.697174, -0.013563
2.671100, 2.996757, -0.036478
2.671100, 2.673480, 0.000217
2.671100, 3.055864, 0.041742
2.671100, 11.705877, -0.012315
2.671100, 2.999309, -0.036728
2.671100, 2.671243, -0.000068
2.671100, 2.980833, 0.035032
2.671100, 11.626378, 0.021186
2.671100, 3.078658, -0.043693
2.671100, 2.674859, -0.000220
2.671100, 3.018640, 0.038446
2.671100, 11.743075, 0.003532
2.671100, 3.034815, -0.039882
2.671100, 2.675389, 0.000164
2.671100, 3.079622, 0.043771
2.671100, 11.622327, -0.021539
2.671100, 2.980139, -0.034963
2.671100, 2.671863, 0.000147
2.671100, 3.020096, 0.038600
2.671100, 11.744361, 0.002822
2.671100, 3.033023, -0.039747
2.671100, 2.672388, -0.000180
2.671100, 2.984202, 0.035335
2.671100, 11.644029, 0.019563
2.671100, 3.074418, -0.043325
2.671100, 2.675527, -0.000110
2.671100, 3.044477, 0.040732
2.671100, 11.730916, -0.007608
2.671100, 3.009603, -0.037637
2.671100, 2.674373, 0.000229
2.671100, 3.071960, 0.043124
2.671100, 11.653477, -0.018641
2.671100, 2.986044, -0.035514
2.671100, 2.671105, 0.000013
2.671100, 2.989619, 0.035843
2.671100, 11.669888, 0.016915
2.671100, 3.067494, -0.042742
2.671100, 2.674107, -0.000228
2.671100, 3.005447, 0.037263
2.671100, 11.722179, 0.009514
2.671100, 3.049084, -0.041135
2.671100, 2.675561, 0.000080
2.671100, 3.070880, 0.043022
2.671100, 11.657755, -0.018203
2.671100, 2.987016, -0.035592
2.671100, 2.672664, 0.000192
2.671100, 3.039167, 0.040287
2.671100, 11.738579, -0.005435
2.671100, 3.014260, -0.038078
2.671100, 2.671658, -0.000129
2.671100, 2.979311, 0.034888
2.671100, 11.617646, 0.021943
2.671100, 3.080690, -0.043862
2.671100, 2.675286, -0.000184
2.671100, 3.030424, 0.039494
2.671100, 11.745691, -0.001644
2.671100, 3.022897, -0.038826
2.671100, 2.675040, 0.000210
2.671100, 3.080260, 0.043828
2.671100, 11.619485, -0.021786
2.671100, 2.979617, -0.034919
2.671100, 2.671366, 0.000092
2.671100, 3.004519, 0.037201
2.671100, 11.720307, 0.009887
2.671100, 3.049882, -0.041223
2.671100, 2.673178, -0.000209
2.671100, 2.992949, 0.036132
2.671100, 11.683235, 0.015364
2.671100, 3.063609, -0.042396
2.671100, 2.675587, -0.000024
2.671100, 3.057197, 0.041841
2.671100, 11.702476, -0.012812
2.671100, 2.998356, -0.036623
2.671100, 2.673602, 0.000220
2.671100, 3.058214, 0.041945
2.671100, 11.699426, -0.013257
2.671100, 2.997305, -0.036546
2.671100, 2.671203, -0.000058
2.671100, 2.981546, 0.035099
2.671100, 11.630315, 0.020835
2.671100, 3.077727, -0.043614
2.671100, 2.674777, -0.000223
2.671100, 3.016924, 0.038293
2.671100, 11.741467, 0.004298
2.671100, 3.036613, -0.040041
2.671100, 2.675423, 0.000155
2.671100, 3.078930, 0.043711
2.671100, 11.625316, -0.021278
2.671100, 2.980675, -0.035012
2.671100, 2.671954, 0.000154
2.671100, 3.022499, 0.038814
2.671100, 11.745667, 0.001758
2.671100, 3.030551, -0.039529
2.671100, 2.672281, -0.000174
2.671100, 2.983215, 0.035244
2.671100, 11.638961, 0.020042
2.671100, 3.075672, -0.043433
2.671100, 2.675509, -0.000121
2.671100, 3.042628, 0.040570
2.671100, 11.733900, -0.006836
2.671100, 3.011298, -0.037789
2.671100, 2.674474, 0.000229
2.671100, 3.073544, 0.043259
2.671100, 11.647328, -0.019248
2.671100, 2.984795, -0.035399
2.671100, 2.671117, 0.000024
2.671100, 2.991254, 0.035993
2.671100, 11.676821, 0.016131
2.671100, 3.065483, -0.042570
2.671100, 2.673994, -0.000227
2.671100, 3.003775, 0.037113
2.671100, 11.718087, 0.010286
2.671100, 3.050967, -0.041299
2.671100, 2.675570, 0.000067
2.671100, 3.069294, 0.042886
2.671100, 11.663633, -0.017589
2.671100, 2.988293, -0.035708
2.671100, 2.672781, 0.000196
2.671100, 3.041668, 0.040507
2.671100, 11.735222, -0.006486
2.671100, 3.011938, -0.037870
2.671100, 2.671582, -0.000121
2.671100, 2.979180, 0.034877
2.671100, 11.616912, 0.022005
2.671100, 3.080854, -0.043877
2.671100, 2.675237, -0.000191
2.671100, 3.028660, 0.039338
2.671100, 11.746208, -0.000879
2.671100, 3.024634, -0.038980
2.671100, 2.675105, 0.000205
2.671100, 3.080627, 0.043858
2.671100, 11.617890, -0.021922
2.671100, 2.979342, -0.034893
2.671100, 2.671426, 0.000101
2.671100, 3.006721, 0.037400
2.671100, 11.725413, 0.008871
2.671100, 3.047407, -0.041008
2.671100, 2.673056, -0.000206
2.671100, 2.991476, 0.035998
2.671100, 11.677340, 0.016066
2.671100, 3.065391, -0.042550
2.671100, 2.675584, -0.000037
2.671100, 3.055312, 0.041677
2.671100, 11.707529, -0.012052
2.671100, 2.999978, -0.036770
2.671100, 2.673723, 0.000222
2.671100, 3.060505, 0.042142
2.671100, 11.692730, -0.014169
2.671100, 2.995375, -0.036370
2.671100, 2.671170, -0.000048
2.671100, 2.982386, 0.035176
2.671100, 11.634858, 0.020424
2.671100, 3.076637, -0.043522
2.671100, 2.674691, -0.000225
2.671100, 3.015214, 0.038140
2.671100, 11.739542, 0.005066
2.671100, 3.038422, -0.040200
2.671100, 2.675454, 0.000145
2.671100, 3.078095, 0.043640
2.671100, 11.628876, -0.020962
2.671100, 2.981323, -0.035071
2.671100, 2.672049, 0.000161
2.671100, 3.024920, 0.039030
2.671100, 11.746366, 0.000693
2.671100, 3.028093, -0.039311
2.671100, 2.672177, -0.000169
2.671100, 2.982325, 0.035163
2.671100, 11.634280, 0.020474
2.671100, 3.076809, -0.043530
2.671100, 2.675487, -0.000132
2.671100, 3.040791, 0.040408
2.671100, 11.736562, -0.006066
2.671100, 3.012997, -0.037942
2.671100, 2.674571, 0.000228
2.671100, 3.074986, 0.043381
2.671100, 11.641590, -0.019797
2.671100, 2.983667, -0.035295
2.671100, 2.671136, 0.000034
2.671100, 2.992987, 0.036152
2.671100, 11.683783, 0.015303
2.671100, 3.063374, -0.042389
2.671100, 2.673877, -0.000225
2.671100, 3.002115, 0.036963
2.671100, 11.713687, 0.011056
2.671100, 3.052855, -0.041464
2.671100, 2.675577, 0.000054
2.671100, 3.067636, 0.042743
2.671100, 11.669589, -0.016944
2.671100, 2.989638, -0.035831
2.671100, 2.672899, 0.000201
2.671100, 3.044168, 0.040725
2.671100, 11.731304, -0.007530
2.671100, 3.009647, -0.037663
2.671100, 2.671511, -0.000112
2.671100, 2.979171, 0.034876
2.671100, 11.616877, 0.022008
2.671100, 3.080860, -0.043878
2.671100, 2.675182, -0.000198
2.671100, 3.026904, 0.039182
2.671100, 11.746411, -0.000115
2.671100, 3.026379, -0.039135
2.671100, 2.675165, 0.000200
2.671100, 3.080830, 0.043875
2.671100, 11.617004, -0.021998
2.671100, 2.979192, -0.034879
2.671100, 2.671490, 0.000110
2.671100, 3.008966, 0.037602
2.671100, 11.730023, 0.007841
2.671100, 3.044917, -0.040791
2.671100, 2.672935, -0.000202
2.671100, 2.990054, 0.035869
2.671100, 11.671381, 0.016745
2.671100, 3.067126, -0.042699
2.671100, 2.675579, -0.000050
2.671100, 3.053422, 0.041513
2.671100, 11.712309, -0.011287
2.671100, 3.001619, -0.036918
2.671100, 2.673842, 0.000225
2.671100, 3.062724, 0.042333
2.671100, 11.685863, -0.015047
2.671100, 2.993525, -0.036201
2.671100, 2.671142, -0.000038
2.671100, 2.983352, 0.035266
2.671100, 11.639959, 0.019951
2.671100, 3.075390, -0.043416
2.671100, 2.674600, -0.000227
2.671100, 3.013508, 0.037988
2.671100, 11.737298, 0.005835
2.671100, 3.040243, -0.040360
2.671100, 2.675480, 0.000135
2.671100, 3.077125, 0.043557
2.671100, 11.632960, -0.020595
2.671100, 2.982078, -0.035140
2.671100, 2.672147, 0.000167
2.671100, 3.027358, 0.039246
2.671100, 11.746458, -0.000373
2.671100, 3.025650, -0.039094
2.671100, 2.672078, -0.000162
2.671100, 2.981538, 0.035091
2.671100, 11.630049, 0.020857
2.671100, 3.077818, -0.043616
2.671100, 2.675462, -0.000142
2.671100, 3.038967, 0.040248
2.671100, 11.738902, -0.005297
2.671100, 3.014702, -0.038094
2.671100, 2.674664, 0.000226
2.671100, 3.076279, 0.043491
2.671100, 11.636332, -0.020288
2.671100, 2.982663, -0.035202
2.671100, 2.671161, 0.000045
2.671100, 2.994811, 0.036318
2.671100, 11.690684, 0.014436
2.671100, 3.061179, -0.042200
2.671100, 2.673759, -0.000223
2.671100, 3.000469, 0.036814
2.671100, 11.708993, 0.011823
2.671100, 3.054745, -0.041628
2.671100, 2.675582, 0.000041
2.671100, 3.065917, 0.042595
2.671100, 11.675557, -0.016272
2.671100, 2.991044, -0.035959
2.671100, 2.673020, 0.000205
2.671100, 3.046661, 0.040943
2.671100, 11.726849, -0.008563
2.671100, 3.007390, -0.037460
2.671100, 2.671445, -0.000104
2.671100, 2.979284, 0.034887
2.671100, 11.617550, 0.021951
2.671100, 3.080705, -0.043865
2.671100, 2.675124, -0.000204
2.671100, 3.025157, 0.039027
2.671100, 11.746302, 0.000650
2.671100, 3.028132, -0.039291
2.671100, 2.675221, 0.000193
2.671100, 3.080873, 0.043878
2.671100, 11.616828, -0.022013
2.671100, 2.979165, -0.034876
2.671100, 2.671560, 0.000118
2.671100, 3.011247, 0.037807
2.671100, 11.734105, 0.006800
2.671100, 3.042418, -0.040572
2.671100, 2.672816, -0.000198
2.671100, 2.988690, 0.035744
2.671100, 11.665415, 0.017398
2.671100, 3.068803, -0.042844
2.671100, 2.675572, -0.000063
2.671100, 3.051533, 0.041349
2.671100, 11.716799, -0.010517
2.671100, 3.003276, -0.037068
2.671100, 2.673959, 0.000226
2.671100, 3.064860, 0.042517
2.671100, 11.678911, -0.015887
2.671100, 2.991764, -0.036040
2.671100, 2.671122, -0.000027
2.671100, 2.984444, 0.035367
2.671100, 11.645560, 0.019419
2.671100, 3.073992, -0.043297
2.671100, 2.674504, -0.000228
2.671100, 3.011807, 0.037835
2.671100, 11.734732, 0.006605
2.671100, 3.042076, -0.040521
2.671100, 2.675503, 0.000124
2.671100, 3.076026, 0.043463
2.671100, 11.637513, -0.020177
2.671100, 2.982938, -0.035219
2.671100, 2.672250, 0.000173
2.671100, 3.029812, 0.039463
2.671100, 11.745940, -0.001439
2.671100, 3.023224, -0.038879
2.671100, 2.671982, -0.000156
2.671100, 2.980858, 0.035029
2.671100, 11.626326, 0.021189
2.671100, 3.078694, -0.043691
2.671100, 2.675433, -0.000152
2.671100, 3.037154, 0.040088
2.671100, 11.740923, -0.004529
2.671100, 3.016410, -0.038247
2.671100, 2.674752, 0.000224
2.671100, 3.077417, 0.043588
2.671100, 11.631616, -0.020718
2.671100, 2.981785, -0.035121
2.671100, 2.671193, 0.000055
2.671100, 2.996718, 0.036492
2.671100, 11.697440, 0.013534
2.671100, 3.058908, -0.042005
2.671100, 2.673638, -0.000221
2.671100, 2.998840, 0.036667
2.671100, 11.704020, 0.012584
2.671100, 3.056633, -0.041792
2.671100, 2.675586, 0.000028
2.671100, 3.064148, 0.042443
2.671100, 11.681476, -0.015577
2.671100, 2.992502, -0.036092
2.671100, 2.673141, 0.000208
2.671100, 3.049142, 0.041159
2.671100, 11.721888, -0.009584
2.671100, 3.005175, -0.037260
2.671100, 2.671384, -0.000095
2.671100, 2.979521, 0.034910
2.671100, 11.618932, 0.021833
2.671100, 3.080387, -0.043838
2.671100, 2.675060, -0.000209
2.671100, 3.023417, 0.038872
2.671100, 11.745879, 0.001414
2.671100, 3.029894, -0.039447
2.671100, 2.675272, 0.000187
2.671100, 3.080756, 0.043868
2.671100, 11.617353, -0.021968
2.671100, 2.979259, -0.034884
2.671100, 2.671634, 0.000126
2.671100, 3.013561, 0.038015
2.671100, 11.737632, 0.005751
2.671100, 3.039917, -0.040353
2.671100, 2.672699, -0.000193
2.671100, 2.987392, 0.035626
2.671100, 11.659506, 0.018022
2.671100, 3.070413, -0.042982
2.671100, 2.675564, -0.000076
2.671100, 3.049648, 0.041184
2.671100, 11.720984, -0.009746
2.671100, 3.004944, -0.037218
2.671100, 2.674073, 0.000228
2.671100, 3.066902, 0.042692
2.671100, 11.671960, -0.016685
2.671100, 2.990099, -0.035887
2.671100, 2.671108, -0.000016
2.671100, 2.985657, 0.035479
2.671100, 11.651594, 0.018829
2.671100, 3.072450, -0.043166
2.671100, 2.674404, -0.000229
2.671100, 3.010111, 0.037683
2.671100, 11.731845, 0.007376
2.671100, 3.043921, -0.040683
2.671100, 2.675522, 0.000113
2.671100, 3.074806, 0.043359
2.671100, 11.642472, -0.019711
2.671100, 2.983896, -0.035307
2.671100, 2.672355, 0.000178
2.671100, 3.032280, 0.039681
2.671100, 11.744816, -0.002503
2.671100, 3.020815, -0.038664
2.671100, 2.671890, -0.000149
2.671100, 2.980289, 0.034977
2.671100, 11.623161, 0.021467
2.671100, 3.079429, -0.043754
2.671100, 2.675400, -0.000162
2.671100, 3.035353, 0.039930
2.671100, 11.742625, -0.003762
2.671100, 3.018124, -0.038400
2.671100, 2.674835, 0.000221
2.671100, 3.078396, 0.043671
2.671100, 11.627493, -0.021087
2.671100, 2.981033, -0.035051
2.671100, 2.671231, 0.000065
2.671100, 2.998701, 0.036673
2.671100, 11.703972, 0.012600
2.671100, 3.056575, -0.041803
2.671100, 2.673517, -0.000218
2.671100, 2.997234, 0.036521
2.671100, 11.698789, 0.013338
2.671100, 3.058511, -0.041955
2.671100, 2.675588, 0.000014
2.671100, 3.062339, 0.042286
2.671100, 11.687293, -0.014862
2.671100, 2.994007, -0.036228
2.671100, 2.673263, 0.000212
2.671100, 3.051601, 0.041372
2.671100, 11.716460, -0.010589
2.671100, 3.003006, -0.037064
2.671100, 2.671328, -0.000085
2.671100, 2.979884, 0.034944
2.671100, 11.621019, 0.021654
2.671100, 3.079907, -0.043798
2.671100, 2.674992, -0.000214
2.671100, 3.021684, 0.038718
2.671100, 11.745143, 0.002179
2.671100, 3.031664, -0.039604
2.671100, 2.675318, 0.000179
2.671100, 3.080481, 0.043844
2.671100, 11.618567, -0.021864
2.671100, 2.979473, -0.034903
2.671100, 2.671713, 0.000134
2.671100, 3.015902, 0.038225
2.671100, 11.740586, 0.004696
2.671100, 3.037418, -0.040134
2.671100, 2.672584, -0.000189
2.671100, 2.986167, 0.035514
2.671100, 11.653723, 0.018613
2.671100, 3.071942, -0.043113
2.671100, 2.675553, -0.000089
2.671100, 3.047770, 0.041020
2.671100, 11.724856, -0.008973
2.671100, 3.006622, -0.037369
2.671100, 2.674185, 0.000228
2.671100, 3.068836, 0.042857
2.671100, 11.665100, -0.017436
2.671100, 2.988536, -0.035744
2.671100, 2.671101, -0.000006
2.671100, 2.986989, 0.035601
2.671100, 11.657984, 0.018183
2.671100, 3.070769, -0.043022
2.671100, 2.674300, -0.000229
2.671100, 3.008420, 0.037531
2.671100, 11.728635, 0.008149
2.671100, 3.045777, -0.040846
2.671100, 2.675538, 0.000102
2.671100, 3.073474, 0.043245
2.671100, 11.647772, -0.019202
2.671100, 2.984948, -0.035403
2.671100, 2.672464, 0.000183
2.671100, 3.034761, 0.039900
2.671100, 11.743088, -0.003566
2.671100, 3.018426, -0.038451
2.671100, 2.671802, -0.000142
2.671100, 2.979832, 0.034935
2.671100, 11.620598, 0.021689
2.671100, 3.080019, -0.043805
2.671100, 2.675363, -0.000170
2.671100, 3.033563, 0.039771
2.671100, 11.744012, -0.002996
2.671100, 3.019844, -0.038554
2.671100, 2.674913, 0.000218
2.671100, 3.079214, 0.043740
2.671100, 11.624005, -0.021394
2.671100, 2.980409, -0.034993
2.671100, 2.671275, 0.000075
2.671100, 3.000752, 0.036859
2.671100, 11.710207, 0.011639
2.671100, 3.054190, -0.041597
2.671100, 2.673394, -0.000215
2.671100, 2.995655, 0.036378
2.671100, 11.693330, 0.014083
2.671100, 3.060375, -0.042117
2.671100, 2.675589, 0.000000
2.671100, 3.060499, 0.042127
2.671100, 11.692959, -0.014132
2.671100, 2.995550, -0.036369
2.671100, 2.673386, 0.000215
2.671100, 3.054029, 0.041583
2.671100, 11.710611, -0.011574
2.671100, 3.000891, -0.036872
2.671100, 2.671278, -0.000076
2.671100, 2.980372, 0.034989
2.671100, 11.623795, 0.021413
2.671100, 3.079263, -0.043744
2.671100, 2.674919, -0.000218
2.671100, 3.019959, 0.038564
2.671100, 11.744093, 0.002945
2.671100, 3.033444, -0.039761
2.671100, 2.675360, 0.000171
2.671100, 3.080053, 0.043808
2.671100, 11.620449, -0.021702
2.671100, 2.979806, -0.034933
2.671100, 2.671797, 0.000142
2.671100, 3.018268, 0.038437
2.671100, 11.742951, 0.003637
2.671100, 3.034927, -0.039915
2.671100, 2.672472, -0.000184
2.671100, 2.985022, 0.035410
2.671100, 11.648136, 0.019166
2.671100, 3.073382, -0.043237
2.671100, 2.675540, -0.000101
2.671100, 3.045902, 0.040857
2.671100, 11.728409, -0.008200
2.671100, 3.008307, -0.037521
2.671100, 2.674293, 0.000229
2.671100, 3.070653, 0.043012
2.671100, 11.658420, -0.018138
2.671100, 2.987082, -0.035610
2.671100, 2.671101, 0.000005
2.671100, 2.988436, 0.035734
2.671100, 11.664648, 0.017485
2.671100, 3.068961, -0.042868
2.671100, 2.674192, -0.000229
2.671100, 3.006734, 0.037379
2.671100, 11.725103, 0.008922
2.671100, 3.047645, -0.041009
2.671100, 2.675552, 0.000089
2.671100, 3.072041, 0.043122
2.671100, 11.653344, -0.018651
2.671100, 2.986088, -0.035507
2.671100, 2.672576, 0.000188
2.671100, 3.037252, 0.040119
2.671100, 11.740762, -0.004626
2.671100, 3.016059, -0.038239
2.671100, 2.671719, -0.000135
2.671100, 2.979492, 0.034905
2.671100, 11.618672, 0.021855
2.671100, 3.080458, -0.043842
2.671100, 2.675321, -0.000179
2.671100, 3.031782, 0.039614
2.671100, 11.745083, -0.002230
2.671100, 3.021569, -0.038708
2.671100, 2.674987, 0.000214
2.671100, 3.079869, 0.043795
2.671100, 11.621183, -0.021640
2.671100, 2.979912, -0.034947
2.671100, 2.671324, 0.000085
2.671100, 3.002864, 0.037051
2.671100, 11.716082, 0.010655
2.671100, 3.051764, -0.041387
2.671100, 2.673272, -0.000212
2.671100, 2.994108, 0.036238
2.671100, 11.687676, 0.014814
2.671100, 3.062217, -0.042276
2.671100, 2.675588, -0.000013
2.671100, 3.058636, 0.041966
2.671100, 11.698432, -0.013388
2.671100, 2.997128, -0.036512
2.671100, 2.673509, 0.000218
2.671100, 3.056417, 0.041790
2.671100, 11.704397, -0.012537
2.671100, 2.998836, -0.036685
2.671100, 2.671233, -0.000066
2.671100, 2.980988, 0.035047
2.671100, 11.627240, 0.021110
2.671100, 3.078456, -0.043676
2.671100, 2.674840, -0.000221
2.671100, 3.018239, 0.038411
2.671100, 11.742728, 0.003711
2.671100, 3.035233, -0.039919
2.671100, 2.675397, 0.000162
2.671100, 3.079473, 0.043758
2.671100, 11.622971, -0.021483
2.671100, 2.980254, -0.034974
2.671100, 2.671884, 0.000149
2.671100, 3.020655, 0.038650
2.671100, 11.744719, 0.002574
2.671100, 3.032445, -0.039696
2.671100, 2.672363, -0.000178
2.671100, 2.983963, 0.035313
2.671100, 11.642816, 0.019679
2.671100, 3.074720, -0.043351
2.671100, 2.675523, -0.000112
2.671100, 3.044044, 0.040694
2.671100, 11.731641, -0.007428
2.671100, 3.009998, -0.037673
2.671100, 2.674397, 0.000229
2.671100, 3.072342, 0.043156
2.671100, 11.652010, -0.018788
2.671100, 2.985742, -0.035487
2.671100, 2.671107, 0.000016
2.671100, 2.989991, 0.035877
2.671100, 11.671499, 0.016736
2.671100, 3.067034, -0.042703
2.671100, 2.674081, -0.000228
2.671100, 3.005056, 0.037228
2.671100, 11.721252, 0.009694
2.671100, 3.049523, -0.041173
2.671100, 2.675563, 0.000077
2.671100, 3.070517, 0.042991
2.671100, 11.659116, -0.018063
2.671100, 2.987308, -0.035618
2.671100, 2.672691, 0.000193
2.671100, 3.039750, 0.040339
2.671100, 11.737847, -0.005681
2.671100, 3.013716, -0.038029
2.671100, 2.671639, -0.000127
2.671100, 2.979270, 0.034885
2.671100, 11.617413, 0.021963
2.671100, 3.080742, -0.043867
2.671100, 2.675275, -0.000186
2.671100, 3.030011, 0.039457
2.671100, 11.745840, -0.001465
2.671100, 3.023301, -0.038862
2.671100, 2.675056, 0.000209
2.671100, 3.080361, 0.043836
2.671100, 11.619050, -0.021823
2.671100, 2.979542, -0.034912
2.671100, 2.671380, 0.000094
2.671100, 3.005029, 0.037247
2.671100, 11.721540, 0.009652
2.671100, 3.049306, -0.041173
2.671100, 2.673149, -0.000209
2.671100, 2.992601, 0.036101
2.671100, 11.681868, 0.015530
2.671100, 3.064028, -0.042432
2.671100, 2.675586, -0.000027
2.671100, 3.056758, 0.041803
2.671100, 11.703679, -0.012635
2.671100, 2.998732, -0.036657
2.671100, 2.673630, 0.000221
2.671100, 3.058755, 0.041991
2.671100, 11.697883, -0.013473
2.671100, 2.996848, -0.036504
2.671100, 2.671195, -0.000056
2.671100, 2.981730, 0.035116
2.671100, 11.631322, 0.020745
2.671100, 3.077487, -0.043594
2.671100, 2.674758, -0.000224
2.671100, 3.016524, 0.038257
2.671100, 11.741046, 0.004477
2.671100, 3.037034, -0.040078
2.671100, 2.675431, 0.000153
2.671100, 3.078747, 0.043696
2.671100, 11.626097, -0.021209
2.671100, 2.980817, -0.035025
2.671100, 2.671976, 0.000156
2.671100, 3.023062, 0.038864
2.671100, 11.745884, 0.001510
2.671100, 3.029976, -0.039478
2.671100, 2.672257, -0.000173
2.671100, 2.982999, 0.035225
2.671100, 11.637831, 0.020147
2.671100, 3.075948, -0.043456
2.671100, 2.675504, -0.000124
2.671100, 3.042198, 0.040532
2.671100, 11.734550, -0.006656
2.671100, 3.011694, -0.037825
2.671100, 2.674497, 0.000228
2.671100, 3.073894, 0.043289
2.671100, 11.645950, -0.019381
2.671100, 2.984521, -0.035374
2.671100, 2.671121, 0.000026
2.671100, 2.991650, 0.036029
2.671100, 11.678446, 0.015942
2.671100, 3.065000, -0.042529
2.671100, 2.673966, -0.000226
2.671100, 3.003387, 0.037078
2.671100, 11.717087, 0.010466
2.671100, 3.051407, -0.041338
2.671100, 2.675572, 0.000064
2.671100, 3.068913, 0.042853
2.671100, 11.665018, -0.017441
2.671100, 2.988601, -0.035736
2.671100, 2.672808, 0.000197
2.671100, 3.042251, 0.040558
2.671100, 11.734357, -0.006731
2.671100, 3.011401, -0.037821
2.671100, 2.671565, -0.000119
2.671100, 2.979167, 0.034876
2.671100, 11.616841, 0.022011
2.671100, 3.080870, -0.043878
2.671100, 2.675224, -0.000193
2.671100, 3.028249, 0.039301
2.671100, 11.746284, -0.000701
2.671100, 3.025041, -0.039016
2.671100, 2.675119, 0.000204
2.671100, 3.080689, 0.043864
2.671100, 11.617620, -0.021945
2.671100, 2.979296, -0.034889
2.671100, 2.671441, 0.000103
2.671100, 3.007241, 0.037447
2.671100, 11.726534, 0.008632
2.671100, 3.046827, -0.040957
2.671100, 2.673028, -0.000205
2.671100, 2.991139, 0.035968
2.671100, 11.675954, 0.016226
2.671100, 3.065800, -0.042585
2.671100, 2.675583, -0.000040
2.671100, 3.054871, 0.041639
2.671100, 11.708670, -0.011874
2.671100, 3.000359, -0.036804
2.671100, 2.673751, 0.000223
2.671100, 3.061030, 0.042187
2.671100, 11.691140, -0.014377
2.671100, 2.994936, -0.036330
2.671100, 2.671163, -0.000045
2.671100, 2.982600, 0.035196
2.671100, 11.636000, 0.020319
2.671100, 3.076360, -0.043498
2.671100, 2.674670, -0.000226
2.671100, 3.014815, 0.038105
2.671100, 11.739047, 0.005245
2.671100, 3.038846, -0.040237
2.671100, 2.675460, 0.000143
2.671100, 3.077881, 0.043622
2.671100, 11.629784, -0.020881
2.671100, 2.981490, -0.035087
2.671100, 2.672071, 0.000162
2.671100, 3.025488, 0.039080
2.671100, 11.746442, 0.000444
2.671100, 3.027521, -0.039260
2.671100, 2.672154, -0.000167
2.671100, 2.982133, 0.035145
2.671100, 11.633250, 0.020568
2.671100, 3.077056, -0.043551
2.671100, 2.675482, -0.000135
2.671100, 3.040365, 0.040371
2.671100, 11.737136, -0.005886
2.671100, 3.013395, -0.037977
2.671100, 2.674593, 0.000227
2.671100, 3.075302, 0.043408
2.671100, 11.640318, -0.019917
2.671100, 2.983421, -0.035272
2.671100, 2.671141, 0.000037
2.671100, 2.993405, 0.036190
2.671100, 11.685402, 0.015105
2.671100, 3.062869, -0.042346
2.671100, 2.673850, -0.000225
2.671100, 3.001729, 0.036928
2.671100, 11.712618, 0.011236
2.671100, 3.053296, -0.041502
2.671100, 2.675578, 0.000051
2.671100, 3.067240, 0.042709
2.671100, 11.670983, -0.016789
2.671100, 2.989961, -0.035860
2.671100, 2.672927, 0.000202
2.671100, 3.044751, 0.040776
2.671100, 11.730312, -0.007772
2.671100, 3.009117, -0.037616
2.671100, 2.671495, -0.000110
2.671100, 2.979187, 0.034878
2.671100, 11.616971, 0.022001
2.671100, 3.080838, -0.043876
2.671100, 2.675169, -0.000199
2.671100, 3.026496, 0.039146
2.671100, 11.746414, 0.000064
2.671100, 3.026788, -0.039172
2.671100, 2.675179, 0.000198
2.671100, 3.080855, 0.043877
2.671100, 11.616900, -0.022006
2.671100, 2.979175, -0.034877
2.671100, 2.671506, 0.000112
2.671100, 3.009495, 0.037650
2.671100, 11.731024, 0.007599
2.671100, 3.044334, -0.040740
2.671100, 2.672907, -0.000201
2.671100, 2.989730, 0.035839
2.671100, 11.669987, 0.016900
2.671100, 3.067523, -0.042733
2.671100, 2.675577, -0.000053
2.671100, 3.052981, 0.041475
2.671100, 11.713384, -0.011108
2.671100, 3.002005, -0.036953
2.671100, 2.673869, 0.000225
2.671100, 3.063231, 0.042377
2.671100, 11.684246, -0.015247
2.671100, 2.993106, -0.036162
2.671100, 2.671137, -0.000035
2.671100, 2.983596, 0.035288
2.671100, 11.641224, 0.019832
2.671100, 3.075077, -0.043389
2.671100, 2.674578, -0.000227
2.671100, 3.013111, 0.037952
2.671100, 11.736728, 0.006015
2.671100, 3.040669, -0.040398
2.671100, 2.675485, 0.000133
2.671100, 3.076880, 0.043536
2.671100, 11.633983, -0.020501
2.671100, 2.982270, -0.035158
2.671100, 2.672171, 0.000168
2.671100, 3.027930, 0.039297
2.671100, 11.746391, -0.000622
2.671100, 3.025082, -0.039044
2.671100, 2.672055, -0.000161
2.671100, 2.981370, 0.035076
2.671100, 11.629133, 0.020939
2.671100, 3.078035, -0.043635
2.671100, 2.675455, -0.000145
2.671100, 3.038543, 0.040211
2.671100, 11.739402, -0.005117
2.671100, 3.015100, -0.038130
2.671100, 2.674685, 0.000226
2.671100, 3.076558, 0.043515
2.671100, 11.635181, -0.020394
2.671100, 2.982446, -0.035182
2.671100, 2.671168, 0.000047
2.671100, 2.995249, 0.036358
2.671100, 11.692276, 0.014229
2.671100, 3.060655, -0.042155
2.671100, 2.673731, -0.000223
2.671100, 3.000087, 0.036780
2.671100, 11.707857, 0.012001
2.671100, 3.055186, -0.041666
2.671100, 2.675583, 0.000038
2.671100, 3.065508, 0.042560
2.671100, 11.676945, -0.016112
2.671100, 2.991379, -0.035989
2.671100, 2.673048, 0.000205
2.671100, 3.047242, 0.040993
2.671100, 11.725736, -0.008803
2.671100, 3.006870, -0.037413
2.671100, 2.671430, -0.000102
2.671100, 2.979328, 0.034892
2.671100, 11.617809, 0.021929
2.671100, 3.080645, -0.043860
2.671100, 2.675109, -0.000205
2.671100, 3.024750, 0.038991
2.671100, 11.746231, 0.000828
2.671100, 3.028542, -0.039327
2.671100, 2.675233, 0.000192
2.671100, 3.080860, 0.043877
2.671100, 11.616888, -0.022007
2.671100, 2.979176, -0.034876
2.671100, 2.671577, 0.000120
2.671100, 3.011784, 0.037856
2.671100, 11.734978, 0.006556
2.671100, 3.041834, -0.040521
2.671100, 2.672789, -0.000197
2.671100, 2.988381, 0.035716
2.671100, 11.664029, 0.017547
2.671100, 3.069185, -0.042876
2.671100, 2.675570, -0.000066
2.671100, 3.051093, 0.041310
2.671100, 11.717803, -0.010338
2.671100, 3.003664, -0.037103
2.671100, 2.673986, 0.000227
2.671100, 3.065346, 0.042558
2.671100, 11.677286, -0.016077
2.671100, 2.991367, -0.036003
2.671100, 2.671118, -0.000025
2.671100, 2.984716, 0.035392
2.671100, 11.646932, 0.019286
2.671100, 3.073645, -0.043267
2.671100, 2.674481, -0.000228
2.671100, 3.011411, 0.037800
2.671100, 11.734087, 0.006785
2.671100, 3.042505, -0.040559
2.671100, 2.675507, 0.000122
2.671100, 3.075752, 0.043440
2.671100, 11.638636, -0.020072
2.671100, 2.983153, -0.035239
2.671100, 2.672274, 0.000174
2.671100, 3.030387, 0.039514
2.671100, 11.745732, -0.001687
2.671100, 3.022660, -0.038829
2.671100, 2.671960, -0.000154
2.671100, 2.980715, 0.035016
2.671100, 11.625536, 0.021259
2.671100, 3.078878, -0.043707
2.671100, 2.675425, -0.000155
2.671100, 3.036733, 0.040051
2.671100, 11.741348, -0.004350
2.671100, 3.016810, -0.038283
2.671100, 2.674772, 0.000223
2.671100, 3.077660, 0.043608
2.671100, 11.630599, -0.020810
2.671100, 2.981598, -0.035103
2.671100, 2.671201, 0.000057
2.671100, 2.997174, 0.036534
2.671100, 11.698987, 0.013319
2.671100, 3.058369, -0.041958
2.671100, 2.673610, -0.000220
2.671100, 2.998463, 0.036633
2.671100, 11.702821, 0.012761
2.671100, 3.057072, -0.041830
2.671100, 2.675587, 0.000024
2.671100, 3.063729, 0.042406
2.671100, 11.682845, -0.015412
2.671100, 2.992849, -0.036123
2.671100, 2.673170, 0.000209
2.671100, 3.049718, 0.041209
2.671100, 11.720662, -0.009820
2.671100, 3.004665, -0.037214
2.671100, 2.671370, -0.000092
2.671100, 2.979595, 0.034917
2.671100, 11.619357, 0.021797
2.671100, 3.080290, -0.043830
2.671100, 2.675044, -0.000210
2.671100, 3.023012, 0.038836
2.671100, 11.745736, 0.001593
2.671100, 3.030306, -0.039483
2.671100, 2.675283, 0.000185
2.671100, 3.080706, 0.043864
2.671100, 11.617575, -0.021949
2.671100, 2.979298, -0.034887
2.671100, 2.671652, 0.000128
2.671100, 3.014105, 0.038064
2.671100, 11.738373, 0.005506
2.671100, 3.039333, -0.040302
2.671100, 2.672672, -0.000192
2.671100, 2.987099, 0.035599
2.671100, 11.658143, 0.018163
2.671100, 3.070777, -0.043013
2.671100, 2.675561, -0.000079
2.671100, 3.049209, 0.041146
2.671100, 11.721916, -0.009566
2.671100, 3.005335, -0.037253
2.671100, 2.674100, 0.000228
2.671100, 3.067363, 0.042731
2.671100, 11.670348, -0.016865
2.671100, 2.989725, -0.035853
2.671100, 2.671106, -0.000014
2.671100, 2.985957, 0.035506
2.671100, 11.653056, 0.018683
2.671100, 3.072069, -0.043133
2.671100, 2.674380, -0.000229
2.671100, 3.009716, 0.037647
2.671100, 11.731125, 0.007556
2.671100, 3.044353, -0.040721
2.671100, 2.675526, 0.000111
2.671100, 3.074505, 0.043333
2.671100, 11.643681, -0.019596
2.671100, 2.984134, -0.035328
2.671100, 2.672380, 0.000179
2.671100, 3.032858, 0.039732
2.671100, 11.744467, -0.002751
2.671100, 3.020256, -0.038614
2.671100, 2.671869, -0.000148
2.671100, 2.980172, 0.034966
2.671100, 11.622508, 0.021524
2.671100, 3.079580, -0.043767
2.671100, 2.675391, -0.000164
2.671100, 3.034935, 0.039893
2.671100, 11.742977, -0.003583
2.671100, 3.018525, -0.038436
2.671100, 2.674854, 0.000220
2.671100, 3.078601, 0.043688
2.671100, 11.626621, -0.021164
2.671100, 2.980876, -0.035036
2.671100, 2.671241, 0.000067
2.671100, 2.999174, 0.036716
2.671100, 11.705456, 0.012378
2.671100, 3.056023, -0.041755
2.671100, 2.673488, -0.000217
2.671100, 2.996863, 0.036488
2.671100, 11.697535, 0.013513
2.671100, 3.058948, -0.041993
2.671100, 2.675588, 0.000011
2.671100, 3.061912, 0.042249
2.671100, 11.688630, -0.014693
2.671100, 2.994363, -0.036261
2.671100, 2.673292, 0.000213
2.671100, 3.052170, 0.041422
2.671100, 11.715131, -0.010821
2.671100, 3.002508, -0.037018
2.671100, 2.671316, -0.000083
2.671100, 2.979986, 0.034953
2.671100, 11.621606, 0.021603
2.671100, 3.079771, -0.043787
2.671100, 2.674975, -0.000215
2.671100, 3.021281, 0.038682
2.671100, 11.744926, 0.002358
2.671100, 3.032078, -0.039640
2.671100, 2.675328, 0.000177
2.671100, 3.080395, 0.043837
2.671100, 11.618948, -0.021831
2.671100, 2.979540, -0.034909
2.671100, 2.671732, 0.000136
2.671100, 3.016452, 0.038274
2.671100, 11.741191, 0.004449
2.671100, 3.036836, -0.040083
2.671100, 2.672557, -0.000187
2.671100, 2.985892, 0.035489
2.671100, 11.652399, 0.018745
2.671100, 3.072287, -0.043143
2.671100, 2.675550, -0.000091
2.671100, 3.047333, 0.040982
2.671100, 11.725714, -0.008793
2.671100, 3.007015, -0.037405
2.671100, 2.674210, 0.000229
2.671100, 3.069271, 0.042894
2.671100, 11.663522, -0.017605
2.671100, 2.988187, -0.035712
2.671100, 2.671100, -0.000003
2.671100, 2.987317, 0.035632
2.671100, 11.659517, 0.018025
2.671100, 3.070359, -0.042987
2.671100, 2.674275, -0.000229
2.671100, 3.008026, 0.037495
2.671100, 11.727840, 0.008329
2.671100, 3.046212, -0.040884
2.671100, 2.675542, 0.000099
2.671100, 3.073149, 0.043217
2.671100, 11.649051, -0.019077
2.671100, 2.985207, -0.035426
2.671100, 2.672490, 0.000185
2.671100, 3.035341, 0.039951
2.671100, 11.742598, -0.003813
2.671100, 3.017872, -0.038401
2.671100, 2.671782, -0.000140
2.671100, 2.979742, 0.034927
2.671100, 11.620090, 0.021733
2.671100, 3.080135, -0.043815
2.671100, 2.675353, -0.000172
2.671100, 3.033146, 0.039735
2.671100, 11.744290, -0.002817
2.671100, 3.020246, -0.038590
2.671100, 2.674931, 0.000217
2.671100, 3.079381, 0.043754
2.671100, 11.623286, -0.021457
2.671100, 2.980282, -0.034981
2.671100, 2.671286, 0.000077
2.671100, 3.001239, 0.036903
2.671100, 11.711613, 0.011412
2.671100, 3.053627, -0.041548
2.671100, 2.673366, -0.000214
2.671100, 2.995291, 0.036345
2.671100, 11.692027, 0.014255
2.671100, 3.060807, -0.042154
2.671100, 2.675589, -0.000003
2.671100, 3.060066, 0.042090
2.671100, 11.694255, -0.013959
2.671100, 2.995916, -0.036402
2.671100, 2.673415, 0.000216
2.671100, 3.054590, 0.041632
2.671100, 11.709192, -0.011801
2.671100, 3.000406, -0.036828
2.671100, 2.671267, -0.000073
2.671100, 2.980505, 0.035002
2.671100, 11.624540, 0.021347
2.671100, 3.079089, -0.043729
2.671100, 2.674901, -0.000218
2.671100, 3.019557, 0.038528
2.671100, 11.743803, 0.003123
2.671100, 3.033860, -0.039798
2.671100, 2.675369, 0.000169
2.671100, 3.079931, 0.043797
2.671100, 11.620982, -0.021656
2.671100, 2.979900, -0.034942
2.671100, 2.671817, 0.000143
2.671100, 3.018823, 0.038486
2.671100, 11.743418, 0.003389
2.671100, 3.034347, -0.039864
2.671100, 2.672446, -0.000183
2.671100, 2.984767, 0.035386
2.671100, 11.646868, 0.019289
2.671100, 3.073704, -0.043264
2.671100, 2.675536, -0.000104
2.671100, 3.045467, 0.040819
2.671100, 11.729192, -0.008020
2.671100, 3.008701, -0.037556
2.671100, 2.674317, 0.000229
2.671100, 3.071059, 0.043047
2.671100, 11.656897, -0.018295
2.671100, 2.986759, -0.035580
2.671100, 2.671101, 0.000007
2.671100, 2.988789, 0.035767
2.671100, 11.666233, 0.017315
2.671100, 3.068522, -0.042830
2.671100, 2.674166, -0.000228
2.671100, 3.006342, 0.037344
2.671100, 11.724233, 0.009102
2.671100, 3.048083, -0.041047
2.671100, 2.675555, 0.000087
2.671100, 3.071693, 0.043092
2.671100, 11.654675, -0.018517
2.671100, 2.986365, -0.035532
2.671100, 2.672603, 0.000189
2.671100, 3.037834, 0.040170
2.671100, 11.740134, -0.004872
2.671100, 3.015510, -0.038190
2.671100, 2.671700, -0.000133
2.671100, 2.979429, 0.034899
2.671100, 11.618318, 0.021885
2.671100, 3.080538, -0.043849
2.671100, 2.675311, -0.000180
2.671100, 3.031368, 0.039577
2.671100, 11.745288, -0.002052
2.671100, 3.021973, -0.038744
2.671100, 2.675003, 0.000213
2.671100, 3.079998, 0.043806
2.671100, 11.620623, -0.021688
2.671100, 2.979815, -0.034937
2.671100, 2.671337, 0.000087
2.671100, 3.003364, 0.037096
2.671100, 11.717395, 0.010423
2.671100, 3.051193, -0.041337
2.671100, 2.673243, -0.000211
2.671100, 2.993753, 0.036205
2.671100, 11.686333, 0.014983
2.671100, 3.062643, -0.042313
2.671100, 2.675588, -0.000016
2.671100, 3.058199, 0.041928
2.671100, 11.699678, -0.013213
2.671100, 2.997500, -0.036545
2.671100, 2.673537, 0.000219
2.671100, 3.056968, 0.041837
2.671100, 11.702902, -0.012758
2.671100, 2.998366, -0.036642
2.671100, 2.671224, -0.000063
2.671100, 2.981150, 0.035062
2.671100, 11.628137, 0.021030
2.671100, 3.078244, -0.043658
2.671100, 2.674821, -0.000222
2.671100, 3.017838, 0.038375
2.671100, 11.742364, 0.003889
2.671100, 3.035653, -0.039956
2.671100, 2.675406, 0.000160
2.671100, 3.079317, 0.043745
2.671100, 11.623648, -0.021424
2.671100, 2.980376, -0.034985
2.671100, 2.671905, 0.000150
2.671100, 3.021215, 0.038700
2.671100, 11.745045, 0.002326
2.671100, 3.031868, -0.039645
2.671100, 2.672337, -0.000177
2.671100, 2.983730, 0.035291
2.671100, 11.641620, 0.019792
2.671100, 3.075017, -0.043377
2.671100, 2.675519, -0.000115
2.671100, 3.043612, 0.040656
2.671100, 11.732349, -0.007248
2.671100, 3.010393, -0.037708
2.671100, 2.674421, 0.000229
2.671100, 3.072716, 0.043188
2.671100, 11.650561, -0.018931
2.671100, 2.985446, -0.035459
2.671100, 2.671110, 0.000018
2.671100, 2.990369, 0.035912
2.671100, 11.673114, 0.016555
2.671100, 3.066568, -0.042663
2.671100, 2.674055, -0.000227
2.671100, 3.004665, 0.037193
2.671100, 11.720308, 0.009875
2.671100, 3.049962, -0.041212
2.671100, 2.675565, 0.000074
2.671100, 3.070150, 0.042959
2.671100, 11.660484, -0.017920
2.671100, 2.987603, -0.035645
2.671100, 2.672718, 0.000194
2.671100, 3.040334, 0.040390
2.671100, 11.737084, -0.005927
2.671100, 3.013173, -0.037980
2.671100, 2.671622, -0.000125
2.671100, 2.979235, 0.034882
2.671100, 11.617217, 0.021979
2.671100, 3.080786, -0.043871
2.671100, 2.675263, -0.000188
2.671100, 3.029599, 0.039421
2.671100, 11.745971, -0.001287
2.671100, 3.023707, -0.038898
2.671100, 2.675071, 0.000208
2.671100, 3.080452, 0.043844
2.671100, 11.618653, -0.021857
2.671100, 2.979473, -0.034905
2.671100, 2.671393, 0.000096
2.671100, 3.005541, 0.037293
2.671100, 11.722749, 0.009415
2.671100, 3.048730, -0.041123
2.671100, 2.673121, -0.000208
2.671100, 2.992256, 0.036069
2.671100, 11.680496, 0.015694
2.671100, 3.064446, -0.042468
2.671100, 2.675585, -0.000030
2.671100, 3.056318, 0.041765
2.671100, 11.704867, -0.012458
2.671100, 2.999110, -0.036691
2.671100, 2.673658, 0.000221
2.671100, 3.059291, 0.042038
2.671100, 11.696327, -0.013687
2.671100, 2.996395, -0.036463
2.671100, 2.671187, -0.000053
2.671100, 2.981922, 0.035133
2.671100, 11.632362, 0.020651
2.671100, 3.077238, -0.043573
2.671100, 2.674738, -0.000224
2.671100, 3.016125, 0.038222
2.671100, 11.740608, 0.004657
2.671100, 3.037456, -0.040115
2.671100, 2.675438, 0.000151
2.671100, 3.078558, 0.043680
2.671100, 11.626909, -0.021137
2.671100, 2.980964, -0.035039
2.671100, 2.671998, 0.000157
2.671100, 3.023627, 0.038915
2.671100, 11.746069, 0.001261
2.671100, 3.029402, -0.039427
2.671100, 2.672232, -0.000172
2.671100, 2.982787, 0.035205
2.671100, 11.636724, 0.020250
2.671100, 3.076218, -0.043479
2.671100, 2.675499, -0.000126
2.671100, 3.041770, 0.040494
2.671100, 11.735182, -0.006477
2.671100, 3.012091, -0.037860
2.671100, 2.674520, 0.000228
2.671100, 3.074236, 0.043318
2.671100, 11.644595, -0.019512
2.671100, 2.984253, -0.035349
2.671100, 2.671125, 0.000029
2.671100, 2.992051, 0.036066
2.671100, 11.680072, 0.015750
2.671100, 3.064511, -0.042487
2.671100, 2.673940, -0.000226
2.671100, 3.002999, 0.037043
2.671100, 11.716071, 0.010646
2.671100, 3.051848, -0.041376
2.671100, 2.675573, 0.000061
2.671100, 3.068528, 0.042820
2.671100, 11.666407, -0.017291
2.671100, 2.988913, -0.035765
2.671100, 2.672836, 0.000198
2.671100, 3.042835, 0.040609
2.671100, 11.733462, -0.006974
2.671100, 3.010865, -0.037773
2.671100, 2.671548, -0.000117
2.671100, 2.979161, 0.034875
2.671100, 11.616808, 0.022014
2.671100, 3.080877, -0.043879
2.671100, 2.675212, -0.000195
2.671100, 3.027839, 0.039265
2.671100, 11.746342, -0.000522
2.671100, 3.025448, -0.039053
2.671100, 2.675134, 0.000203
2.671100, 3.080742, 0.043868
2.671100, 11.617389, -0.021965
2.671100, 2.979257, -0.034885
2.671100, 2.671455, 0.000105
2.671100, 3.007764, 0.037494
2.671100, 11.727628, 0.008392
2.671100, 3.046247, -0.040907
2.671100, 2.672999, -0.000204
2.671100, 2.990805, 0.035937
2.671100, 11.674564, 0.016385
2.671100, 3.066207, -0.042620
2.671100, 2.675582, -0.000043
2.671100, 3.054430, 0.041601
2.671100, 11.709795, -0.011696
2.671100, 3.000742, -0.036839
2.671100, 2.673778, 0.000223
2.671100, 3.061550, 0.042232
2.671100, 11.689541, -0.014583
2.671100, 2.994501, -0.036290
2.671100, 2.671156, -0.000043
2.671100, 2.982821, 0.035217
2.671100, 11.637173, 0.020210
2.671100, 3.076074, -0.043474
2.671100, 2.674649, -0.000226
2.671100, 3.014417, 0.038069
2.671100, 11.738534, 0.005425
2.671100, 3.039270, -0.040275
2.671100, 2.675466, 0.000141
2.671100, 3.077659, 0.043603
2.671100, 11.630720, -0.020797
2.671100, 2.981662, -0.035102
2.671100, 2.672094, 0.000163
2.671100, 3.026056, 0.039130
2.671100, 11.746485, 0.000195
2.671100, 3.026951, -0.039210
2.671100, 2.672131, -0.000166
2.671100, 2.981945, 0.035128
2.671100, 11.632246, 0.020659
2.671100, 3.077296, -0.043572
2.671100, 2.675476, -0.000137
2.671100, 3.039938, 0.040333
2.671100, 11.737694, -0.005707
2.671100, 3.013792, -0.038013
2.671100, 2.674615, 0.000227
2.671100, 3.075609, 0.043434
2.671100, 11.639073, -0.020034
2.671100, 2.983182, -0.035250
2.671100, 2.671147, 0.000039
2.671100, 2.993828, 0.036228
2.671100, 11.687016, 0.014904
2.671100, 3.062360, -0.042302
2.671100, 2.673822, -0.000224
2.671100, 3.001345, 0.036893
2.671100, 11.711533, 0.011415
2.671100, 3.053737, -0.041541
2.671100, 2.675580, 0.000048
2.671100, 3.066840, 0.042675
2.671100, 11.672376, -0.016633
2.671100, 2.990287, -0.035890
2.671100, 2.672955, 0.000202
2.671100, 3.045333, 0.040827
2.671100, 11.729290, -0.008014
2.671100, 3.008589, -0.037568
2.671100, 2.671479, -0.000108
2.671100, 2.979209, 0.034880
2.671100, 11.617103, 0.021989
2.671100, 3.080808, -0.043873
2.671100, 2.675156, -0.000201
2.671100, 3.026088, 0.039109
2.671100, 11.746399, 0.000242
2.671100, 3.027196, -0.039208
2.671100, 2.675192, 0.000197
2.671100, 3.080870, 0.043878
2.671100, 11.616834, -0.022012
2.671100, 2.979164, -0.034876
2.671100, 2.671522, 0.000114
2.671100, 3.010026, 0.037698
2.671100, 11.731995, 0.007357
2.671100, 3.043751, -0.040689
2.671100, 2.672879, -0.000200
2.671100, 2.989410, 0.035810
2.671100, 11.668594, 0.017053
2.671100, 3.067916, -0.042767
2.671100, 2.675576, -0.000056
2.671100, 3.052540, 0.041436
2.671100, 11.714442, -0.010928
2.671100, 3.002391, -0.036988
2.671100, 2.673897, 0.000225
2.671100, 3.063732, 0.042420
2.671100, 11.682624, -0.015444
2.671100, 2.992692, -0.036125
2.671100, 2.671132, -0.000033
2.671100, 2.983846, 0.035312
2.671100, 11.642515, 0.019710
2.671100, 3.074756, -0.043362
2.671100, 2.674556, -0.000228
2.671100, 3.012714, 0.037916
2.671100, 11.736140, 0.006194
2.671100, 3.041097, -0.040435
2.671100, 2.675491, 0.000130
2.671100, 3.076628, 0.043515
2.671100, 11.635030, -0.020406
2.671100, 2.982467, -0.035176
2.671100, 2.672195, 0.000170
2.671100, 3.028502, 0.039347
2.671100, 11.746292, -0.000870
2.671100, 3.024515, -0.038994
2.671100, 2.672033, -0.000160
2.671100, 2.981207, 0.035061
2.671100, 11.628245, 0.021019
2.671100, 3.078244, -0.043653
2.671100, 2.675449, -0.000147
2.671100, 3.038120, 0.040173
2.671100, 11.739885, -0.004938
2.671100, 3.015498, -0.038166
2.671100, 2.674706, 0.000225
2.671100, 3.076830, 0.043538
2.671100, 11.634061, -0.020496
2.671100, 2.982237, -0.035163
2.671100, 2.671175, 0.000050
2.671100, 2.995691, 0.036399
2.671100, 11.693860, 0.014019
2.671100, 3.060128, -0.042110
2.671100, 2.673703, -0.000222
2.671100, 2.999706, 0.036745
2.671100, 11.706706, 0.012179
2.671100, 3.055627, -0.041705
2.671100, 2.675584, 0.000035
2.671100, 3.065097, 0.042524
2.671100, 11.678329, -0.015950
2.671100, 2.991718, -0.036020
2.671100, 2.673076, 0.000206
2.671100, 3.047821, 0.041044
2.671100, 11.724595, -0.009041
2.671100, 3.006351, -0.037366
2.671100, 2.671416, -0.000099
2.671100, 2.979379, 0.034897
2.671100, 11.618107, 0.021904
2.671100, 3.080577, -0.043854
2.671100, 2.675095, -0.000206
2.671100, 3.024344, 0.038955
2.671100, 11.746144, 0.001007
2.671100, 3.028953, -0.039364
2.671100, 2.675245, 0.000190
2.671100, 3.080838, 0.043875
2.671100, 11.616986, -0.021999
2.671100, 2.979194, -0.034878
2.671100, 2.671594, 0.000122
2.671100, 3.012323, 0.037904
2.671100, 11.735821, 0.006312
2.671100, 3.041251, -0.040470
2.671100, 2.672761, -0.000196
2.671100, 2.988075, 0.035688
2.671100, 11.662646, 0.017693
2.671100, 3.069564, -0.042909
2.671100, 2.675569, -0.000069
2.671100, 3.050653, 0.041272
2.671100, 11.718790, -0.010158
2.671100, 3.004053, -0.037138
2.671100, 2.674013, 0.000227
2.671100, 3.065825, 0.042600
2.671100, 11.675661, -0.016265
2.671100, 2.990975, -0.035967
2.671100, 2.671115, -0.000022
2.671100, 2.984995, 0.035418
2.671100, 11.648327, 0.019151
2.671100, 3.073290, -0.043237
2.671100, 2.674458, -0.000229
2.671100, 3.011015, 0.037764
2.671100, 11.733425, 0.006965
2.671100, 3.042935, -0.040597
2.671100, 2.675512, 0.000119
2.671100, 3.075471, 0.043416
2.671100, 11.639780, -0.019965
2.671100, 2.983373, -0.035259
2.671100, 2.672298, 0.000175
2.671100, 3.030962, 0.039565
2.671100, 11.745491, -0.001936
2.671100, 3.022097, -0.038778
2.671100, 2.671939, -0.000153
2.671100, 2.980578, 0.035003
2.671100, 11.624777, 0.021325
2.671100, 3.079055, -0.043722
2.671100, 2.675418, -0.000157
2.671100, 3.036313, 0.040014
2.671100, 11.741757, -0.004171
2.671100, 3.017210, -0.038319
2.671100, 2.674791, 0.000223
2.671100, 3.077894, 0.043628
2.671100, 11.629615, -0.020898
2.671100, 2.981418, -0.035087
2.671100, 2.671210, 0.000060
2.671100, 2.997634, 0.036576
2.671100, 11.700521, 0.013102
2.671100, 3.057827, -0.041911
2.671100, 2.673582, -0.000220
2.671100, 2.998087, 0.036599
2.671100, 11.701609, 0.012937
2.671100, 3.057511, -0.041868
2.671100, 2.675587, 0.000021
2.671100, 3.063308, 0.042370
2.671100, 11.684207, -0.015246
2.671100, 2.993199, -0.036155
2.671100, 2.673198, 0.000210
2.671100, 3.050292, 0.041259
2.671100, 11.719410, -0.010055
2.671100, 3.004157, -0.037168
2.671100, 2.671357, -0.000090
2.671100, 2.979675, 0.034924
2.671100, 11.619819, 0.021757
2.671100, 3.080183, -0.043821
2.671100, 2.675029, -0.000211
2.671100, 3.022608, 0.038800
2.671100, 11.745575, 0.001771
2.671100, 3.030719, -0.039520
2.671100, 2.675294, 0.000183
2.671100, 3.080647, 0.043859
2.671100, 11.617835, -0.021927
2.671100, 2.979344, -0.034891
2.671100, 2.671671, 0.000130
2.671100, 3.014650, 0.038113
2.671100, 11.739083, 0.005260
2.671100, 3.038750, -0.040251
2.671100, 2.672645, -0.000191
2.671100, 2.986810, 0.035573
2.671100, 11.656788, 0.018302
2.671100, 3.071137, -0.043044
2.671100, 2.675559, -0.000082
2.671100, 3.048771, 0.041108
2.671100, 11.722830, -0.009385
2.671100, 3.005726, -0.037289
2.671100, 2.674126, 0.000228
2.671100, 3.067818, 0.042770
2.671100, 11.668742, -0.017042
2.671100, 2.989357, -0.035819
2.671100, 2.671104, -0.000011
2.671100, 2.986264, 0.035535
2.671100, 11.654536, 0.018534
2.671100, 3.071682, -0.043100
2.671100, 2.674356, -0.000229
2.671100, 3.009321, 0.037612
2.671100, 11.730387, 0.007737
2.671100, 3.044786, -0.040759
2.671100, 2.675530, 0.000108
2.671100, 3.074198, 0.043307
2.671100, 11.644907, -0.019479
2.671100, 2.984376, -0.035351
2.671100, 2.672406, 0.000181
2.671100, 3.033437, 0.039783
2.671100, 11.744084, -0.002999
2.671100, 3.019698, -0.038565
2.671100, 2.671849, -0.000146
2.671100, 2.980061, 0.034956
2.671100, 11.621888, 0.021578
2.671100, 3.079723, -0.043779
2.671100, 2.675383, -0.000166
2.671100, 3.034516, 0.039856
2.671100, 11.743312, -0.003404
2.671100, 3.018926, -0.038472
2.671100, 2.674872, 0.000220
2.671100, 3.078798, 0.043704
2.671100, 11.625784, -0.021238
2.671100, 2.980726, -0.035022
2.671100, 2.671250, 0.000070
2.671100, 2.999650, 0.036759
2.671100, 11.706923, 0.012155
2.671100, 3.055468, -0.041707
2.671100, 2.673460, -0.000217
2.671100, 2.996493, 0.036454
2.671100, 11.696268, 0.013687
2.671100, 3.059383, -0.042031
2.671100, 2.675589, 0.000008
2.671100, 3.061483, 0.042212
2.671100, 11.689959, -0.014523
2.671100, 2.994723, -0.036293
2.671100, 2.673321, 0.000213
2.671100, 3.052738, 0.041471
2.671100, 11.713779, -0.011051
2.671100, 3.002012, -0.036973
2.671100, 2.671304, -0.000081
2.671100, 2.980096, 0.034964
2.671100, 11.622230, 0.021549
2.671100, 3.079626, -0.043774
2.671100, 2.674958, -0.000216
2.671100, 3.020878, 0.038646
2.671100, 11.744692, 0.002536
2.671100, 3.032493, -0.039677
2.671100, 2.675338, 0.000175
2.671100, 3.080300, 0.043829
2.671100, 11.619364, -0.021795
2.671100, 2.979614, -0.034916
2.671100, 2.671752, 0.000138
2.671100, 3.017003, 0.038324
2.671100, 11.741763, 0.004202
2.671100, 3.036255, -0.040032
2.671100, 2.672531, -0.000186
2.671100, 2.985622, 0.035464
2.671100, 11.651087, 0.018876
2.671100, 3.072626, -0.043172
2.671100, 2.675547, -0.000094
2.671100, 3.046897, 0.040944
2.671100, 11.726554, -0.008612
2.671100, 3.007408, -0.037440
2.671100, 2.674236, 0.000229
2.671100, 3.069699, 0.042931
2.671100, 11.661955, -0.017770
2.671100, 2.987844, -0.035680
2.671100, 2.671100, -0.000001
2.671100, 2.987650, 0.035662
2.671100, 11.661065, 0.017864
2.671100, 3.069941, -0.042952
2.671100, 2.674250, -0.000229
2.671100, 3.007632, 0.037460
2.671100, 11.727027, 0.008509
2.671100, 3.046648, -0.040922
2.671100, 2.675545, 0.000096
2.671100, 3.072818, 0.043188
2.671100, 11.650343, -0.018949
2.671100, 2.985469, -0.035450
2.671100, 2.672516, 0.000186
2.671100, 3.035922, 0.040002
2.671100, 11.742076, -0.004061
2.671100, 3.017319, -0.038352
2.671100, 2.671763, -0.000139
2.671100, 2.979659, 0.034920
2.671100, 11.619618, 0.021774
2.671100, 3.080242, -0.043824
2.671100, 2.675344, -0.000174
2.671100, 3.032731, 0.039698
2.671100, 11.744551, -0.002638
2.671100, 3.020648, -0.038625
2.671100, 2.674948, 0.000216
2.671100, 3.079540, 0.043767
2.671100, 11.622603, -0.021517
2.671100, 2.980162, -0.034970
2.671100, 2.671297, 0.000080
2.671100, 3.001730, 0.036948
2.671100, 11.712998, 0.011183
2.671100, 3.053062, -0.041499
2.671100, 2.673337, -0.000214
2.671100, 2.994929, 0.036312
2.671100, 11.690713, 0.014426
2.671100, 3.061238, -0.042191
2.671100, 2.675589, -0.000006
2.671100, 3.059632, 0.042052
2.671100, 11.695539, -0.013786
2.671100, 2.996283, -0.036435
2.671100, 2.673443, 0.000216
2.671100, 3.055149, 0.041680
2.671100, 11.707753, -0.012027
2.671100, 2.999924, -0.036784
2.671100, 2.671256, -0.000071
2.671100, 2.980644, 0.035015
2.671100, 11.625322, 0.021279
2.671100, 3.078906, -0.043714
2.671100, 2.674883, -0.000219
2.671100, 3.019155, 0.038492
2.671100, 11.743495, 0.003302
2.671100, 3.034278, -0.039835
2.671100, 2.675378, 0.000167
2.671100, 3.079801, 0.043786
2.671100, 11.621548, -0.021607
2.671100, 2.980001, -0.034951
2.671100, 2.671837, 0.000145
2.671100, 3.019379, 0.038536
2.671100, 11.743851, 0.003141
2.671100, 3.033767, -0.039812
2.671100, 2.672420, -0.000181
2.671100, 2.984517, 0.035363
2.671100, 11.645616, 0.019411
2.671100, 3.074020, -0.043291
2.671100, 2.675532, -0.000106
2.671100, 3.045033, 0.040781
2.671100, 11.729958, -0.007840
2.671100, 3.009095, -0.037592
2.671100, 2.674342, 0.000229
2.671100, 3.071457, 0.043081
2.671100, 11.655390, -0.018448
2.671100, 2.986442, -0.035551
2.671100, 2.671103, 0.000010
2.671100, 2.989149, 0.035800
2.671100, 11.667827, 0.017142
2.671100, 3.068076, -0.042792
2.671100, 2.674140, -0.000228
2.671100, 3.005950, 0.037309
2.671100, 11.723345, 0.009282
2.671100, 3.048520, -0.041086
2.671100, 2.675557, 0.000084
2.671100, 3.071341, 0.043062
2.671100, 11.656017, -0.018381
2.671100, 2.986648, -0.035558
2.671100, 2.672629, 0.000191
2.671100, 3.038417, 0.040222
2.671100, 11.739474, -0.005119
2.671100, 3.014962, -0.038141
2.671100, 2.671681, -0.000131
2.671100, 2.979373, 0.034894
2.671100, 11.618000, 0.021912
2.671100, 3.080610, -0.043855
2.671100, 2.675300, -0.000182
2.671100, 3.030955, 0.039541
2.671100, 11.745475, -0.001873
2.671100, 3.022377, -0.038779
2.671100, 2.675020, 0.000212
2.671100, 3.080119, 0.043816
2.671100, 11.620100, -0.021733
2.671100, 2.979724, -0.034929
2.671100, 2.671350, 0.000089
2.671100, 3.003868, 0.037142
2.671100, 11.718684, 0.010189
2.671100, 3.050620, -0.041287
2.671100, 2.673214, -0.000210
2.671100, 2.993400, 0.036173
2.671100, 11.684982, 0.015150
2.671100, 3.063067, -0.042349
2.671100, 2.675587, -0.000019
2.671100, 3.057761, 0.041890
2.671100, 11.700911, -0.013038
2.671100, 2.997873, -0.036579
2.671100, 2.673566, 0.000219
2.671100, 3.057515, 0.041884
2.671100, 11.701391, -0.012977
2.671100, 2.997899, -0.036600
2.671100, 2.671215, -0.000061
2.671100, 2.981319, 0.035077
2.671100, 11.629068, 0.020947
2.671100, 3.078023, -0.043639
2.671100, 2.674802, -0.000222
2.671100, 3.017438, 0.038339
2.671100, 11.741982, 0.004068
2.671100, 3.036072, -0.039993
2.671100, 2.675413, 0.000158
2.671100, 3.079152, 0.043731
2.671100, 11.624357, -0.021362
2.671100, 2.980503, -0.034997
2.671100, 2.671926, 0.000152
2.671100, 3.021776, 0.038750
2.671100, 11.745338, 0.002077
2.671100, 3.031291, -0.039594
2.671100, 2.672313, -0.000176
2.671100, 2.983501, 0.035271
2.671100, 11.640444, 0.019903
2.671100, 3.075308, -0.043402
2.671100, 2.675515, -0.000118
2.671100, 3.043181, 0.040618
2.671100, 11.733039, -0.007068
2.671100, 3.010789, -0.037744
2.671100, 2.674444, 0.000229
2.671100, 3.073084, 0.043220
2.671100, 11.649133, -0.019072
2.671100, 2.985157, -0.035433
2.671100, 2.671113, 0.000021
2.671100, 2.990753, 0.035947
2.671100, 11.674734, 0.016371
2.671100, 3.066097, -0.042623
2.671100, 2.674028, -0.000227
2.671100, 3.004276, 0.037158
2.671100, 11.719347, 0.010055
2.671100, 3.050401, -0.041250
2.671100, 2.675567, 0.000071
2.671100, 3.069778, 0.042927
2.671100, 11.661859, -0.017776
2.671100, 2.987903, -0.035673
2.671100, 2.672745, 0.000195
2.671100, 3.040917, 0.040441
2.671100, 11.736289, -0.006172
2.671100, 3.012632, -0.037932
2.671100, 2.671604, -0.000123
2.671100, 2.979207, 0.034879
2.671100, 11.617059, 0.021993
2.671100, 3.080822, -0.043874
2.671100, 2.675252, -0.000189
2.671100, 3.029188, 0.039384
2.671100, 11.746086, -0.001108
2.671100, 3.024112, -0.038934
2.671100, 2.675086, 0.000207
2.671100, 3.080534, 0.043851
2.671100, 11.618295, -0.021888
2.671100, 2.979412, -0.034900
2.671100, 2.671408, 0.000098
2.671100, 3.006056, 0.037340
2.671100, 11.723931, 0.009177
2.671100, 3.048152, -0.041073
2.671100, 2.673092, -0.000207
2.671100, 2.991913, 0.036038
2.671100, 11.679118, 0.015857
2.671100, 3.064861, -0.042504
2.671100, 2.675585, -0.000033
2.671100, 3.055878, 0.041727
2.671100, 11.706041, -0.012281
2.671100, 2.999489, -0.036725
2.671100, 2.673687, 0.000222
2.671100, 3.059825, 0.042084
2.671100, 11.694760, -0.013899
2.671100, 2.995946, -0.036422
2.671100, 2.671179, -0.000051
2.671100, 2.982120, 0.035152
2.671100, 11.633434, 0.020553
2.671100, 3.076981, -0.043551
2.671100, 2.674717, -0.000225
2.671100, 3.015726, 0.038186
2.671100, 11.740153, 0.004836
2.671100, 3.037878, -0.040152
2.671100, 2.675445, 0.000148
2.671100, 3.078360, 0.043663
2.671100, 11.627751, -0.021063
2.671100, 2.981117, -0.035053
2.671100, 2.672020, 0.000159
2.671100, 3.024192, 0.038965
2.671100, 11.746220, 0.001012
2.671100, 3.028829, -0.039376
2.671100, 2.672208, -0.000170
2.671100, 2.982582, 0.035187
2.671100, 11.635639, 0.020350
2.671100, 3.076481, -0.043502
2.671100, 2.675494, -0.000129
2.671100, 3.041341, 0.040457
2.671100, 11.735797, -0.006297
2.671100, 3.012487, -0.037896
2.671100, 2.674543, 0.000228
2.671100, 3.074569, 0.043346
2.671100, 11.643264, -0.019639
2.671100, 2.983992, -0.035325
2.671100, 2.671129, 0.000031
2.671100, 2.992458, 0.036103
2.671100, 11.681697, 0.015556
2.671100, 3.064017, -0.042444
2.671100, 2.673912, -0.000226
2.671100, 3.002612, 0.037008
2.671100, 11.715039, 0.010826
2.671100, 3.052289, -0.041414
2.671100, 2.675575, 0.000058
2.671100, 3.068140, 0.042787
2.671100, 11.667798, -0.017140
2.671100, 2.989228, -0.035794
2.671100, 2.672864, 0.000199
2.671100, 3.043418, 0.040660
2.671100, 11.732537, -0.007218
2.671100, 3.010331, -0.037725
2.671100, 2.671532, -0.000115
2.671100, 2.979161, 0.034875
2.671100, 11.616814, 0.022014
2.671100, 3.080875, -0.043879
2.671100, 2.675199, -0.000196
2.671100, 3.027430, 0.039229
2.671100, 11.746383, -0.000344
2.671100, 3.025855, -0.039089
2.671100, 2.675148, 0.000201
2.671100, 3.080786, 0.043872
2.671100, 11.617196, -0.021981
2.671100, 2.979224, -0.034882
2.671100, 2.671471, 0.000107
2.671100, 3.008288, 0.037541
2.671100, 11.728694, 0.008151
2.671100, 3.045665, -0.040856
2.671100, 2.672971, -0.000203
2.671100, 2.990475, 0.035907
2.671100, 11.673172, 0.016544
2.671100, 3.066611, -0.042655
2.671100, 2.675580, -0.000046
2.671100, 3.053989, 0.041562
2.671100, 11.710905, -0.011517
2.671100, 3.001125, -0.036873
2.671100, 2.673806, 0.000224
2.671100, 3.062067, 0.042277
2.671100, 11.687936, -0.014788
2.671100, 2.994071, -0.036251
2.671100, 2.671150, -0.000041
2.671100, 2.983049, 0.035238
2.671100, 11.638374, 0.020099
2.671100, 3.075780, -0.043449
2.671100, 2.674627, -0.000227
2.671100, 3.014019, 0.038033
2.671100, 11.738004, 0.005604
2.671100, 3.039696, -0.040312
2.671100, 2.675472, 0.000138
2.671100, 3.077430, 0.043583
2.671100, 11.631683, -0.020710
2.671100, 2.981841, -0.035119
2.671100, 2.672117, 0.000165
2.671100, 3.026625, 0.039181
2.671100, 11.746494, -0.000053
2.671100, 3.026381, -0.039159
2.671100, 2.672107, -0.000164
2.671100, 2.981764, 0.035112
2.671100, 11.631267, 0.020748
2.671100, 3.077529, -0.043592
2.671100, 2.675470, -0.000139
2.671100, 3.039513, 0.040296
2.671100, 11.738234, -0.005527
2.671100, 3.014190, -0.038049
2.671100, 2.674637, 0.000227
2.671100, 3.075907, 0.043460
2.671100, 11.637855, -0.020147
2.671100, 2.982951, -0.035229
2.671100, 2.671153, 0.000042
2.671100, 2.994255, 0.036267
2.671100, 11.688625, 0.014700
2.671100, 3.061846, -0.042258
2.671100, 2.673794, -0.000224
2.671100, 3.000961, 0.036859
2.671100, 11.710431, 0.011593
2.671100, 3.054178, -0.041579
2.671100, 2.675581, 0.000045
2.671100, 3.066438, 0.042640
2.671100, 11.673769, -0.016476
2.671100, 2.990616, -0.035920
2.671100, 2.672984, 0.000203
2.671100, 3.045915, 0.040878
2.671100, 11.728240, -0.008254
2.671100, 3.008063, -0.037521
2.671100, 2.671464, -0.000106
2.671100, 2.979237, 0.034883
2.671100, 11.617274, 0.021975
2.671100, 3.080768, -0.043870
2.671100, 2.675142, -0.000202
2.671100, 3.025680, 0.039073
2.671100, 11.746368, 0.000420
2.671100, 3.027605, -0.039244
2.671100, 2.675205, 0.000195
2.671100, 3.080877, 0.043879
2.671100, 11.616806, -0.022014
2.671100, 2.979160, -0.034875
2.671100, 2.671539, 0.000116
2.671100, 3.010559, 0.037746
2.671100, 11.732937, 0.007114
2.671100, 3.043168, -0.040638
2.671100, 2.672852, -0.000199
2.671100, 2.989092, 0.035781
2.671100, 11.667202, 0.017205
2.671100, 3.068307, -0.042801
2.671100, 2.675574, -0.000059
2.671100, 3.052099, 0.041398
2.671100, 11.715483, -0.010749
2.671100, 3.002778, -0.037023
2.671100, 2.673924, 0.000226
2.671100, 3.064229, 0.042463
2.671100, 11.681000, -0.015640
2.671100, 2.992283, -0.036087
2.671100, 2.671127, -0.000030
2.671100, 2.984103, 0.035335
2.671100, 11.643832, 0.019585
2.671100, 3.074427, -0.043334
2.671100, 2.674533, -0.000228
2.671100, 3.012317, 0.037881
2.671100, 11.735536, 0.006374
2.671100, 3.041525, -0.040473
2.671100, 2.675496, 0.000128
2.671100, 3.076369, 0.043492
2.671100, 11.636102, -0.020307
2.671100, 2.982669, -0.035195
2.671100, 2.672218, 0.000171
2.671100, 3.029075, 0.039398
2.671100, 11.746159, -0.001119
2.671100, 3.023950, -0.038943
2.671100, 2.672010, -0.000158
2.671100, 2.981051, 0.035047
2.671100, 11.627386, 0.021095
2.671100, 3.078446, -0.043670
2.671100, 2.675442, -0.000149
2.671100, 3.037697, 0.040136
2.671100, 11.740350, -0.004759
2.671100, 3.015897, -0.038201
2.671100, 2.674726, 0.000225
2.671100, 3.077092, 0.043560
2.671100, 11.632971, -0.020596
2.671100, 2.982034, -0.035144
2.671100, 2.671182, 0.000052
2.671100, 2.996138, 0.036439
2.671100, 11.695433, 0.013808
2.671100, 3.059597, -0.042064
2.671100, 2.673674, -0.000222
2.671100, 2.999326, 0.036711
2.671100, 11.705540, 0.012357
2.671100, 3.056067, -0.041743
2.671100, 2.675585, 0.000032
2.671100, 3.064683, 0.042489
2.671100, 11.679709, -0.015787
2.671100, 2.992059, -0.036051
2.671100, 2.673105, 0.000207
2.671100, 3.048400, 0.041094
2.671100, 11.723427, -0.009279
2.671100, 3.005835, -0.037320
2.671100, 2.671402, -0.000097
2.671100, 2.979437, 0.034902
2.671100, 11.618443, 0.021875
2.671100, 3.080500, -0.043848
2.671100, 2.675080, -0.000207
2.671100, 3.023938, 0.038918
2.671100, 11.746039, 0.001185
2.671100, 3.029364, -0.039400
2.671100, 2.675257, 0.000189
2.671100, 3.080807, 0.043873
2.671100, 11.617122, -0.021987
2.671100, 2.979218, -0.034880
2.671100, 2.671612, 0.000124
2.671100, 3.012864, 0.037953
2.671100, 11.736633, 0.006067
2.671100, 3.040667, -0.040419
2.671100, 2.672734, -0.000195
2.671100, 2.987774, 0.035661
2.671100, 11.661269, 0.017838
2.671100, 3.069938, -0.042941
2.671100, 2.675566, -0.000072
2.671100, 3.050213, 0.041233
2.671100, 11.719761, -0.009977
2.671100, 3.004443, -0.037173
2.671100, 2.674039, 0.000227
2.671100, 3.066300, 0.042640
2.671100, 11.674040, -0.016450
2.671100, 2.990588, -0.035932
2.671100, 2.671111, -0.000020
2.671100, 2.985280, 0.035444
2.671100, 11.649743, 0.019012
2.671100, 3.072927, -0.043206
2.671100, 2.674434, -0.000229
2.671100, 3.010619, 0.037728
2.671100, 11.732745, 0.007145
2.671100, 3.043366, -0.040634
2.671100, 2.675517, 0.000117
2.671100, 3.075184, 0.043391
2.671100, 11.640946, -0.019856
2.671100, 2.983599, -0.035279
2.671100, 2.672323, 0.000176
2.671100, 3.031539, 0.039616
2.671100, 11.745217, -0.002184
2.671100, 3.021536, -0.038728
2.671100, 2.671917, -0.000151
2.671100, 2.980447, 0.034991
2.671100, 11.624049, 0.021389
2.671100, 3.079224, -0.043737
2.671100, 2.675410, -0.000159
2.671100, 3.035892, 0.039977
2.671100, 11.742148, -0.003992
2.671100, 3.017610, -0.038354
2.671100, 2.674810, 0.000222
2.671100, 3.078119, 0.043647
2.671100, 11.628665, -0.020983
2.671100, 2.981245, -0.035071
2.671100, 2.671219, 0.000062
2.671100, 2.998099, 0.036618
2.671100, 11.702040, 0.012883
2.671100, 3.057281, -0.041864
2.671100, 2.673553, -0.000219
2.671100, 2.997713, 0.036565
2.671100, 11.700384, 0.013113
2.671100, 3.057949, -0.041906
2.671100, 2.675588, 0.000018
2.671100, 3.062885, 0.042334
2.671100, 11.685562, -0.015078
2.671100, 2.993551, -0.036187
2.671100, 2.673227, 0.000211
2.671100, 3.050866, 0.041309
2.671100, 11.718135, -0.010289
2.671100, 3.003652, -0.037122
2.671100, 2.671344, -0.000088
2.671100, 2.979762, 0.034932
2.671100, 11.620320, 0.021714
2.671100, 3.080068, -0.043812
2.671100, 2.675013, -0.000212
2.671100, 3.022204, 0.038764
2.671100, 11.745397, 0.001950
2.671100, 3.031132, -0.039557
2.671100, 2.675305, 0.000181
2.671100, 3.080580, 0.043853
2.671100, 11.618132, -0.021901
2.671100, 2.979397, -0.034896
2.671100, 2.671689, 0.000132
2.671100, 3.015197, 0.038162
2.671100, 11.739761, 0.005013
2.671100, 3.038167, -0.040200
2.671100, 2.672618, -0.000190
2.671100, 2.986526, 0.035547
2.671100, 11.655441, 0.018439
2.671100, 3.071493, -0.043075
2.671100, 2.675556, -0.000085
2.671100, 3.048333, 0.041069
2.671100, 11.723728, -0.009205
2.671100, 3.006118, -0.037324
2.671100, 2.674152, 0.000228
2.671100, 3.068268, 0.042809
2.671100, 11.667143, -0.017216
2.671100, 2.988994, -0.035786
2.671100, 2.671102, -0.000009
2.671100, 2.986577, 0.035563
2.671100, 11.656034, 0.018383
2.671100, 3.071287, -0.043067
2.671100, 2.674332, -0.000229
2.671100, 3.008926, 0.037576
2.671100, 11.729632, 0.007917
2.671100, 3.045219, -0.040797
2.671100, 2.675534, 0.000105
2.671100, 3.073885, 0.043280
2.671100, 11.646151, -0.019359
2.671100, 2.984623, -0.035373
2.671100, 2.672431, 0.000182
2.671100, 3.034016, 0.039834
2.671100, 11.743669, -0.003247
2.671100, 3.019141, -0.038515
2.671100, 2.671828, -0.000144
2.671100, 2.979957, 0.034947
2.671100, 11.621301, 0.021628
2.671100, 3.079858, -0.043791
2.671100, 2.675374, -0.000168
2.671100, 3.034099, 0.039819
2.671100, 11.743629, -0.003225
2.671100, 3.019327, -0.038508
2.671100, 2.674890, 0.000219
2.671100, 3.078986, 0.043720
2.671100, 11.624982, -0.021309
2.671100, 2.980583, -0.035009
2.671100, 2.671261, 0.000072
2.671100, 3.000130, 0.036803
2.671100, 11.708372, 0.011930
2.671100, 3.054910, -0.041659
2.671100, 2.673431, -0.000216
2.671100, 2.996125, 0.036421
2.671100, 11.694990, 0.013861
2.671100, 3.059818, -0.042068
2.671100, 2.675589, 0.000005
2.671100, 3.061053, 0.042175
2.671100, 11.691278, -0.014352
2.671100, 2.995084, -0.036326
2.671100, 2.673349, 0.000214
2.671100, 3.053304, 0.041520
2.671100, 11.712407, -0.011281
2.671100, 3.001519, -0.036929
2.671100, 2.671292, -0.000079
2.671100, 2.980212, 0.034975
2.671100, 11.622891, 0.021491
2.671100, 3.079473, -0.043761
2.671100, 2.674941, -0.000216
2.671100, 3.020476, 0.038610
2.671100, 11.744441, 0.002715
2.671100, 3.032909, -0.039714
2.671100, 2.675348, 0.000173
2.671100, 3.080197, 0.043820
2.671100, 11.619816, -0.021757
2.671100, 2.979694, -0.034923
2.671100, 2.671771, 0.000139
2.671100, 3.017556, 0.038373
2.671100, 11.742304, 0.003955
2.671100, 3.035673, -0.039980
2.671100, 2.672505, -0.000185
2.671100, 2.985356, 0.035440
2.671100, 11.649787, 0.019004
2.671100, 3.072960, -0.043200
2.671100, 2.675544, -0.000097
2.671100, 3.046461, 0.040906
2.671100, 11.727377, -0.008432
2.671100, 3.007801, -0.037475
2.671100, 2.674261, 0.000229
2.671100, 3.070121, 0.042967
2.671100, 11.660400, -0.017933
2.671100, 2.987506, -0.035649
2.671100, 2.671100, 0.000002
2.671100, 2.987990, 0.035693
2.671100, 11.662625, 0.017700
2.671100, 3.069516, -0.042915
2.671100, 2.674225, -0.000229
2.671100, 3.007239, 0.037425
2.671100, 11.726196, 0.008690
2.671100, 3.047084, -0.040960
2.671100, 2.675548, 0.000093
2.671100, 3.072481, 0.043159
2.671100, 11.651648, -0.018820
2.671100, 2.985737, -0.035475
2.671100, 2.672543, 0.000187
2.671100, 3.036504, 0.040053
2.671100, 11.741522, -0.004308
2.671100, 3.016767, -0.038303
2.671100, 2.671743, -0.000137
2.671100, 2.979582, 0.034913
2.671100, 11.619181, 0.021811
2.671100, 3.080342, -0.043832
2.671100, 2.675334, -0.000176
2.671100, 3.032315, 0.039661
2.671100, 11.744795, -0.002460
2.671100, 3.021051, -0.038661
2.671100, 2.674965, 0.000215
2.671100, 3.079690, 0.043780
2.671100, 11.621958, -0.021573
2.671100, 2.980048, -0.034959
2.671100, 2.671309, 0.000082
2.671100, 3.002224, 0.036993
2.671100, 11.714361, 0.010953
2.671100, 3.052495, -0.041450
2.671100, 2.673309, -0.000213
2.671100, 2.994569, 0.036279
2.671100, 11.689390, 0.014596
2.671100, 3.061667, -0.042228
2.671100, 2.675589, -0.000009
2.671100, 3.059197, 0.042015
2.671100, 11.696813, -0.013613
2.671100, 2.996651, -0.036468
2.671100, 2.673472, 0.000217
2.671100, 3.055706, 0.041728
2.671100, 11.706296, -0.012251
2.671100, 2.999445, -0.036740
2.671100, 2.671246, -0.000069
2.671100, 2.980790, 0.035028
2.671100, 11.626139, 0.021207
2.671100, 3.078715, -0.043697
2.671100, 2.674864, -0.000220
2.671100, 3.018754, 0.038457
2.671100, 11.743170, 0.003481
2.671100, 3.034695, -0.039872
2.671100, 2.675387, 0.000165
2.671100, 3.079663, 0.043774
2.671100, 11.622149, -0.021555
2.671100, 2.980108, -0.034961
2.671100, 2.671857, 0.000147
2.671100, 3.019937, 0.038586
2.671100, 11.744252, 0.002893
2.671100, 3.033189, -0.039761
2.671100, 2.672395, -0.000180
2.671100, 2.984271, 0.035341
2.671100, 11.644379, 0.019529
2.671100, 3.074330, -0.043318
2.671100, 2.675528, -0.000109
2.671100, 3.044600, 0.040743
2.671100, 11.730706, -0.007659
2.671100, 3.009490, -0.037627
2.671100, 2.674366, 0.000229
2.671100, 3.071849, 0.043114
2.671100, 11.653900, -0.018599
2.671100, 2.986132, -0.035522
2.671100, 2.671105, 0.000012
2.671100, 2.989514, 0.035833
2.671100, 11.669429, 0.016966
2.671100, 3.067624, -0.042754
2.671100, 2.674115, -0.000228
2.671100, 3.005558, 0.037273
2.671100, 11.722440, 0.009463
2.671100, 3.048959, -0.041124
2.671100, 2.675560, 0.000081
2.671100, 3.070983, 0.043031
2.671100, 11.657368, -0.018243
2.671100, 2.986934, -0.035584
2.671100, 2.672656, 0.000192
2.671100, 3.039000, 0.040273
2.671100, 11.738782, -0.005365
2.671100, 3.014416, -0.038092
2.671100, 2.671663, -0.000129
2.671100, 2.979324, 0.034889
2.671100, 11.617719, 0.021936
2.671100, 3.080673, -0.043861
2.671100, 2.675289, -0.000184
2.671100, 3.030542, 0.039504
2.671100, 11.745646, -0.001695
2.671100, 3.022781, -0.038815
2.671100, 2.675036, 0.000211
2.671100, 3.080230, 0.043825
2.671100, 11.619616, -0.021775
2.671100, 2.979640, -0.034921
2.671100, 2.671363, 0.000091
2.671100, 3.004374, 0.037187
2.671100, 11.719950, 0.009954
2.671100, 3.050046, -0.041237
2.671100, 2.673186, -0.000210
2.671100, 2.993049, 0.036141
2.671100, 11.683624, 0.015317
2.671100, 3.063489, -0.042386
2.671100, 2.675587, -0.000023
2.671100, 3.057323, 0.041852
2.671100, 11.702130, -0.012862
2.671100, 2.998248, -0.036613
2.671100, 2.673594, 0.000220
2.671100, 3.058059, 0.041931
2.671100, 11.699865, -0.013195
2.671100, 2.997437, -0.036558
2.671100, 2.671206, -0.000059
2.671100, 2.981494, 0.035094
2.671100, 11.630033, 0.020861
2.671100, 3.077794, -0.043620
2.671100, 2.674783, -0.000223
2.671100, 3.017038, 0.038303
2.671100, 11.741584, 0.004247
2.671100, 3.036493, -0.040030
2.671100, 2.675421, 0.000156
2.671100, 3.078980, 0.043716
2.671100, 11.625098, -0.021297
2.671100, 2.980636, -0.035009
2.671100, 2.671948, 0.000154
2.671100, 3.022338, 0.038800
2.671100, 11.745598, 0.001829
2.671100, 3.030716, -0.039543
2.671100, 2.672288, -0.000175
2.671100, 2.983278, 0.035250
2.671100, 11.639287, 0.020011
2.671100, 3.075592, -0.043426
2.671100, 2.675510, -0.000120
2.671100, 3.042751, 0.040580
2.671100, 11.733711, -0.006888
2.671100, 3.011185, -0.037779
2.671100, 2.674468, 0.000229
2.671100, 3.073443, 0.043250
2.671100, 11.647726, -0.019209
2.671100, 2.984874, -0.035406
2.671100, 2.671116, 0.000023
2.671100, 2.991142, 0.035983
2.671100, 11.676357, 0.016185
2.671100, 3.065620, -0.042582
2.671100, 2.674001, -0.000227
2.671100, 3.003886, 0.037123
2.671100, 11.718369, 0.010235
2.671100, 3.050841, -0.041288
2.671100, 2.675569, 0.000068
2.671100, 3.069402, 0.042895
2.671100, 11.663238, -0.017631
2.671100, 2.988206, -0.035700
2.671100, 2.672773, 0.000196
2.671100, 3.041501, 0.040492
2.671100, 11.735464, -0.006417
2.671100, 3.012092, -0.037883
2.671100, 2.671587, -0.000121
2.671100, 2.979185, 0.034877
2.671100, 11.616939, 0.022003
2.671100, 3.080848, -0.043876
2.671100, 2.675240, -0.000191
2.671100, 3.028777, 0.039348
2.671100, 11.746183, -0.000930
2.671100, 3.024518, -0.038970
2.671100, 2.675101, 0.000206
2.671100, 3.080607, 0.043857
2.671100, 11.617975, -0.021915
2.671100, 2.979357, -0.034894
2.671100, 2.671422, 0.000100
2.671100, 3.006573, 0.037386
2.671100, 11.725087, 0.008939
2.671100, 3.047573, -0.041022
2.671100, 2.673064, -0.000206
2.671100, 2.991573, 0.036007
2.671100, 11.677736, 0.016019
2.671100, 3.065274, -0.042540
2.671100, 2.675584, -0.000036
2.671100, 3.055438, 0.041688
2.671100, 11.707201, -0.012103
2.671100, 2.999869, -0.036760
2.671100, 2.673715, 0.000222
2.671100, 3.060354, 0.042129
2.671100, 11.693182, -0.014109
2.671100, 2.995501, -0.036381
2.671100, 2.671172, -0.000049
2.671100, 2.982326, 0.035171
2.671100, 11.634537, 0.020453
2.671100, 3.076714, -0.043528
2.671100, 2.674697, -0.000225
2.671100, 3.015328, 0.038150
2.671100, 11.739680, 0.005015
2.671100, 3.038301, -0.040189
2.671100, 2.675452, 0.000146
2.671100, 3.078155, 0.043645
2.671100, 11.628622, -0.020985
2.671100, 2.981276, -0.035067
2.671100, 2.672042, 0.000160
2.671100, 3.024758, 0.039015
2.671100, 11.746339, 0.000764
2.671100, 3.028256, -0.039326
2.671100, 2.672184, -0.000169
2.671100, 2.982382, 0.035168
2.671100, 11.634578, 0.020447
2.671100, 3.076737, -0.043524
2.671100, 2.675489, -0.000131
2.671100, 3.040913, 0.040419
2.671100, 11.736394, -0.006117
2.671100, 3.012884, -0.037932
2.671100, 2.674565, 0.000228
2.671100, 3.074895, 0.043374
2.671100, 11.641958, -0.019763
2.671100, 2.983738, -0.035302
2.671100, 2.671134, 0.000034
2.671100, 2.992869, 0.036141
2.671100, 11.683320, 0.015360
2.671100, 3.063518, -0.042401
2.671100, 2.673885, -0.000225
2.671100, 3.002225, 0.036973
2.671100, 11.713990, 0.011005
2.671100, 3.052729, -0.041453
2.671100, 2.675577, 0.000055
2.671100, 3.067748, 0.042753
2.671100, 11.669191, -0.016988
2.671100, 2.989546, -0.035823
2.671100, 2.672891, 0.000200
2.671100, 3.044001, 0.040711
2.671100, 11.731582, -0.007461
2.671100, 3.009798, -0.037677
2.671100, 2.671516, -0.000113
2.671100, 2.979168, 0.034876
2.671100, 11.616858, 0.022010
2.671100, 3.080865, -0.043878
2.671100, 2.675186, -0.000197
2.671100, 3.027021, 0.039192
2.671100, 11.746408, -0.000166
2.671100, 3.026263, -0.039125
2.671100, 2.675162, 0.000200
2.671100, 3.080822, 0.043875
2.671100, 11.617041, -0.021994
2.671100, 2.979198, -0.034879
2.671100, 2.671486, 0.000109
2.671100, 3.008815, 0.037588
2.671100, 11.729732, 0.007910
2.671100, 3.045083, -0.040805
2.671100, 2.672943, -0.000202
2.671100, 2.990147, 0.035877
2.671100, 11.671779, 0.016700
2.671100, 3.067012, -0.042689
2.671100, 2.675579, -0.000049
2.671100, 3.053548, 0.041524
2.671100, 11.712000, -0.011338
2.671100, 3.001510, -0.036908
2.671100, 2.673834, 0.000224
2.671100, 3.062579, 0.042321
2.671100, 11.686325, -0.014990
2.671100, 2.993646, -0.036212
2.671100, 2.671144, -0.000038
2.671100, 2.983284, 0.035260
2.671100, 11.639603, 0.019984
2.671100, 3.075478, -0.043423
2.671100, 2.674606, -0.000227
2.671100, 3.013622, 0.037998
2.671100, 11.737457, 0.005784
2.671100, 3.040121, -0.040349
2.671100, 2.675478, 0.000136
2.671100, 3.077194, 0.043563
2.671100, 11.632673, -0.020621
2.671100, 2.982025, -0.035136
2.671100, 2.672141, 0.000166
2.671100, 3.027195, 0.039231
2.671100, 11.746470, -0.000302
2.671100, 3.025812, -0.039109
2.671100, 2.672084, -0.000163
2.671100, 2.981588, 0.035096
2.671100, 11.630316, 0.020833
2.671100, 3.077755, -0.043611
2.671100, 2.675464, -0.000142
2.671100, 3.039088, 0.040259
2.671100, 11.738756, -0.005348
2.671100, 3.014588, -0.038084
2.671100, 2.674658, 0.000226
2.671100, 3.076198, 0.043484
2.671100, 11.636667, -0.020257
2.671100, 2.982726, -0.035208
2.671100, 2.671159, 0.000044
2.671100, 2.994687, 0.036307
2.671100, 11.690227, 0.014495
2.671100, 3.061328, -0.042213
2.671100, 2.673766, -0.000223
2.671100, 3.000578, 0.036824
2.671100, 11.709315, 0.011772
2.671100, 3.054619, -0.041617
2.671100, 2.675582, 0.000042
2.671100, 3.066033, 0.042605
2.671100, 11.675160, -0.016317
2.671100, 2.990948, -0.035950
2.671100, 2.673011, 0.000204
2.671100, 3.046496, 0.040928
2.671100, 11.727162, -0.008495
2.671100, 3.007540, -0.037473
2.671100, 2.671449, -0.000104
2.671100, 2.979273, 0.034886
2.671100, 11.617483, 0.021957
2.671100, 3.080720, -0.043866
2.671100, 2.675128, -0.000203
2.671100, 3.025273, 0.039037
2.671100, 11.746319, 0.000599
2.671100, 3.028015, -0.039280
2.671100, 2.675217, 0.000194
2.671100, 3.080875, 0.043879
2.671100, 11.616817, -0.022013
2.671100, 2.979163, -0.034875
2.671100, 2.671555, 0.000118
2.671100, 3.011094, 0.037794
2.671100, 11.733850, 0.006870
2.671100, 3.042585, -0.040587
2.671100, 2.672824, -0.000198
2.671100, 2.988779, 0.035753
2.671100, 11.665811, 0.017356
2.671100, 3.068693, -0.042834
2.671100, 2.675573, -0.000062
2.671100, 3.051659, 0.041360
2.671100, 11.716509, -0.010569
2.671100, 3.003165, -0.037058
2.671100, 2.673951, 0.000226
2.671100, 3.064721, 0.042505
2.671100, 11.679375, -0.015833
2.671100, 2.991879, -0.036050
2.671100, 2.671123, -0.000028
2.671100, 2.984367, 0.035360
2.671100, 11.645173, 0.019456
2.671100, 3.074090, -0.043305
2.671100, 2.674511, -0.000228
2.671100, 3.011921, 0.037845
2.671100, 11.734913, 0.006554
2.671100, 3.041953, -0.040510
2.671100, 2.675501, 0.000125
2.671100, 3.076103, 0.043470
2.671100, 11.637196, -0.020206
2.671100, 2.982877, -0.035214
2.671100, 2.672243, 0.000172
2.671100, 3.029648, 0.039449
2.671100, 11.745994, -0.001368
2.671100, 3.023385, -0.038893
2.671100, 2.671988, -0.000156
2.671100, 2.980900, 0.035033
2.671100, 11.626557, 0.021168
2.671100, 3.078640, -0.043687
2.671100, 2.675435, -0.000152
2.671100, 3.037275, 0.040099
2.671100, 11.740798, -0.004580
2.671100, 3.016296, -0.038237
2.671100, 2.674746, 0.000224
2.671100, 3.077346, 0.043582
2.671100, 11.631913, -0.020691
2.671100, 2.981839, -0.035126
2.671100, 2.671190, 0.000054
2.671100, 2.996589, 0.036480
2.671100, 11.696996, 0.013595
2.671100, 3.059062, -0.042018
2.671100, 2.673646, -0.000221
2.671100, 2.998948, 0.036677
2.671100, 11.704359, 0.012534
2.671100, 3.056507, -0.041781
2.671100, 2.675586, 0.000028
2.671100, 3.064267, 0.042453
2.671100, 11.681085, -0.015624
2.671100, 2.992403, -0.036083
2.671100, 2.673133, 0.000208
2.671100, 3.048977, 0.041144
2.671100, 11.722234, -0.009516
2.671100, 3.005321, -0.037273
2.671100, 2.671388, -0.000095
2.671100, 2.979502, 0.034908
2.671100, 11.618818, 0.021843
2.671100, 3.080414, -0.043841
2.671100, 2.675065, -0.000209
2.671100, 3.023533, 0.038882
2.671100, 11.745917, 0.001363
2.671100, 3.029776, -0.039437
2.671100, 2.675268, 0.000187
2.671100, 3.080768, 0.043869
2.671100, 11.617296, -0.021973
2.671100, 2.979249, -0.034883
2.671100, 2.671629, 0.000126
2.671100, 3.013406, 0.038001
2.671100, 11.737415, 0.005821
2.671100, 3.040084, -0.040368
2.671100, 2.672706, -0.000194
2.671100, 2.987476, 0.035634
2.671100, 11.659897, 0.017982
2.671100, 3.070308, -0.042973
2.671100, 2.675564, -0.000075
2.671100, 3.049773, 0.041195
2.671100, 11.720715, -0.009797
2.671100, 3.004833, -0.037208
2.671100, 2.674066, 0.000228
2.671100, 3.066769, 0.042680
2.671100, 11.672421, -0.016633
2.671100, 2.990207, -0.035897
2.671100, 2.671109, -0.000017
2.671100, 2.985572, 0.035471
2.671100, 11.651180, 0.018870
2.671100, 3.072557, -0.043175
2.671100, 2.674411, -0.000229
2.671100, 3.010224, 0.037693
2.671100, 11.732047, 0.007325
2.671100, 3.043797, -0.040672
2.671100, 2.675521, 0.000114
2.671100, 3.074891, 0.043366
2.671100, 11.642130, -0.019744
2.671100, 2.983829, -0.035301
2.671100, 2.672348, 0.000178
2.671100, 3.032115, 0.039667
2.671100, 11.744910, -0.002432
2.671100, 3.020975, -0.038678
2.671100, 2.671896, -0.000150
2.671100, 2.980323, 0.034980
2.671100, 11.623354, 0.021450
2.671100, 3.079385, -0.043750
2.671100, 2.675402, -0.000161
2.671100, 3.035473, 0.039940
2.671100, 11.742522, -0.003813
2.671100, 3.018010, -0.038390
2.671100, 2.674830, 0.000221
2.671100, 3.078336, 0.043665
2.671100, 11.627749, -0.021065
2.671100, 2.981079, -0.035055
2.671100, 2.671228, 0.000064
2.671100, 2.998567, 0.036661
2.671100, 11.703545, 0.012663
2.671100, 3.056732, -0.041817
2.671100, 2.673525, -0.000218
2.671100, 2.997340, 0.036531
2.671100, 11.699146, 0.013289
2.671100, 3.058386, -0.041944
2.671100, 2.675588, 0.000015
2.671100, 3.062460, 0.042297
2.671100, 11.686910, -0.014910
2.671100, 2.993905, -0.036219
2.671100, 2.673255, 0.000212
2.671100, 3.051438, 0.041358
2.671100, 11.716835, -0.010522
2.671100, 3.003149, -0.037077
2.671100, 2.671331, -0.000086
2.671100, 2.979856, 0.034941
2.671100, 11.620858, 0.021668
2.671100, 3.079944, -0.043801
2.671100, 2.674996, -0.000213
2.671100, 3.021800, 0.038728
2.671100, 11.745202, 0.002128
2.671100, 3.031546, -0.039593
2.671100, 2.675315, 0.000180
2.671100, 3.080504, 0.043846
2.671100, 11.618465, -0.021873
2.671100, 2.979455, -0.034901
2.671100, 2.671708, 0.000134
2.671100, 3.015745, 0.038211
2.671100, 11.740407, 0.004767
2.671100, 3.037585, -0.040148
2.671100, 2.672591, -0.000189
2.671100, 2.986246, 0.035521
2.671100, 11.654103, 0.018575
2.671100, 3.071843, -0.043105
2.671100, 2.675554, -0.000088
2.671100, 3.047895, 0.041031
2.671100, 11.724608, -0.009025
2.671100, 3.006510, -0.037359
2.671100, 2.674178, 0.000228
2.671100, 3.068711, 0.042847
2.671100, 11.665552, -0.017388
2.671100, 2.988637, -0.035753
2.671100, 2.671101, -0.000006
2.671100, 2.986897, 0.035593
2.671100, 11.657548, 0.018228
2.671100, 3.070885, -0.043032
2.671100, 2.674307, -0.000229
2.671100, 3.008532, 0.037541
2.671100, 11.728859, 0.008097
2.671100, 3.045653, -0.040835
2.671100, 2.675537, 0.000102
2.671100, 3.073566, 0.043252
2.671100, 11.647410, -0.019237
2.671100, 2.984875, -0.035396
2.671100, 2.672457, 0.000183
2.671100, 3.034596, 0.039885
2.671100, 11.743222, -0.003495
2.671100, 3.018585, -0.038465
2.671100, 2.671808, -0.000143
2.671100, 2.979859, 0.034938
2.671100, 11.620749, 0.021676
2.671100, 3.079984, -0.043802
2.671100, 2.675365, -0.000170
2.671100, 3.033682, 0.039782
2.671100, 11.743929, -0.003047
2.671100, 3.019729, -0.038544
2.671100, 2.674908, 0.000218
2.671100, 3.079164, 0.043735
2.671100, 11.624217, -0.021376
2.671100, 2.980447, -0.034996
2.671100, 2.671271, 0.000074
2.671100, 3.000613, 0.036847
2.671100, 11.709802, 0.011704
2.671100, 3.054350, -0.041611
2.671100, 2.673402, -0.000215
2.671100, 2.995759, 0.036387
2.671100, 11.693701, 0.014033
2.671100, 3.060252, -0.042106
2.671100, 2.675589, 0.000001
2.671100, 3.060622, 0.042138
2.671100, 11.692587, -0.014181
2.671100, 2.995446, -0.036359
2.671100, 2.673378, 0.000215
2.671100, 3.053869, 0.041569
2.671100, 11.711013, -0.011509
2.671100, 3.001030, -0.036884
2.671100, 2.671281, -0.000076
2.671100, 2.980336, 0.034986
2.671100, 11.623589, 0.021431
2.671100, 3.079311, -0.043748
2.671100, 2.674924, -0.000217
2.671100, 3.020073, 0.038574
2.671100, 11.744173, 0.002894
2.671100, 3.033325, -0.039750
2.671100, 2.675357, 0.000171
2.671100, 3.080086, 0.043810
2.671100, 11.620303, -0.021715
2.671100, 2.979780, -0.034931
2.671100, 2.671791, 0.000141
2.671100, 3.018109, 0.038423
2.671100, 11.742812, 0.003707
2.671100, 3.035093, -0.039929
2.671100, 2.672479, -0.000184
2.671100, 2.985095, 0.035416
2.671100, 11.648501, 0.019130
2.671100, 3.073289, -0.043229
2.671100, 2.675540, -0.000100
2.671100, 3.046026, 0.040868
2.671100, 11.728183, -0.008252
2.671100, 3.008195, -0.037511
2.671100, 2.674286, 0.000229
2.671100, 3.070536, 0.043002
2.671100, 11.658858, -0.018093
2.671100, 2.987176, -0.035619
2.671100, 2.671100, 0.000004
2.671100, 2.988336, 0.035725
2.671100, 11.664197, 0.017533
2.671100, 3.069085, -0.042879
2.671100, 2.674199, -0.000229
2.671100, 3.006846, 0.037389
2.671100, 11.725348, 0.008870
2.671100, 3.047520, -0.040998
2.671100, 2.675551, 0.000090
2.671100, 3.072140, 0.043130
2.671100, 11.652965, -0.018689
2.671100, 2.986009, -0.035500
2.671100, 2.672569, 0.000188
2.671100, 3.037086, 0.040105
2.671100, 11.740935, -0.004555
2.671100, 3.016216, -0.038253
2.671100, 2.671724, -0.000135
2.671100, 2.979511, 0.034906
2.671100, 11.618780, 0.021846
2.671100, 3.080433, -0.043840
2.671100, 2.675324, -0.000178
2.671100, 3.031901, 0.039625
2.671100, 11.745021, -0.002281
2.671100, 3.021454, -0.038697
2.671100, 2.674982, 0.000214
2.671100, 3.079830, 0.043792
2.671100, 11.621350, -0.021625
2.671100, 2.979942, -0.034949
2.671100, 2.671321, 0.000084
2.671100, 3.002721, 0.037038
2.671100, 11.715703, 0.010721
2.671100, 3.051926, -0.041401
2.671100, 2.673280, -0.000212
2.671100, 2.994210, 0.036247
2.671100, 11.688058, 0.014766
2.671100, 3.062095, -0.042265
2.671100, 2.675588, -0.000012
2.671100, 3.058761, 0.041977
2.671100, 11.698074, -0.013438
2.671100, 2.997022, -0.036502
2.671100, 2.673500, 0.000218
2.671100, 3.056260, 0.041776
2.671100, 11.704822, -0.012474
2.671100, 2.998971, -0.036697
2.671100, 2.671236, -0.000066
2.671100, 2.980943, 0.035043
2.671100, 11.626991, 0.021132
2.671100, 3.078514, -0.043681
2.671100, 2.674846, -0.000221
2.671100, 3.018353, 0.038421
2.671100, 11.742829, 0.003659
2.671100, 3.035114, -0.039908
2.671100, 2.675395, 0.000163
2.671100, 3.079516, 0.043762
2.671100, 11.622784, -0.021500
2.671100, 2.980221, -0.034971
2.671100, 2.671878, 0.000148
2.671100, 3.020495, 0.038636
2.671100, 11.744620, 0.002645
2.671100, 3.032610, -0.039710
2.671100, 2.672370, -0.000179
2.671100, 2.984031, 0.035319
2.671100, 11.643161, 0.019646
2.671100, 3.074635, -0.043344
2.671100, 2.675524, -0.000112
2.671100, 3.044168, 0.040705
2.671100, 11.731436, -0.007479
2.671100, 3.009885, -0.037663
2.671100, 2.674390, 0.000229
2.671100, 3.072233, 0.043147
2.671100, 11.652427, -0.018746
2.671100, 2.985828, -0.035494
2.671100, 2.671106, 0.000015
2.671100, 2.989884, 0.035867
2.671100, 11.671038, 0.016788
2.671100, 3.067166, -0.042714
2.671100, 2.674088, -0.000228
2.671100, 3.005167, 0.037238
2.671100, 11.721519, 0.009643
2.671100, 3.049397, -0.041162
2.671100, 2.675562, 0.000078
2.671100, 3.070621, 0.043000
2.671100, 11.658726, -0.018103
2.671100, 2.987224, -0.035611
2.671100, 2.672683, 0.000193
2.671100, 3.039583, 0.040324
2.671100, 11.738059, -0.005611
2.671100, 3.013871, -0.038043
2.671100, 2.671645, -0.000127
2.671100, 2.979281, 0.034886
2.671100, 11.617476, 0.021957
2.671100, 3.080728, -0.043866
2.671100, 2.675278, -0.000186
2.671100, 3.030129, 0.039468
2.671100, 11.745799, -0.001516
2.671100, 3.023186, -0.038851
2.671100, 2.675051, 0.000210
2.671100, 3.080333, 0.043834
2.671100, 11.619170, -0.021813
2.671100, 2.979562, -0.034914
2.671100, 2.671376, 0.000093
2.671100, 3.004883, 0.037233
2.671100, 11.721191, 0.009719
2.671100, 3.049471, -0.041187
2.671100, 2.673158, -0.000209
2.671100, 2.992700, 0.036110
2.671100, 11.682259, 0.015483
2.671100, 3.063909, -0.042422
2.671100, 2.675586, -0.000026
2.671100, 3.056883, 0.041814
2.671100, 11.703337, -0.012685
2.671100, 2.998625, -0.036647
2.671100, 2.673622, 0.000220
2.671100, 3.058601, 0.041978
2.671100, 11.698325, -0.013411
2.671100, 2.996978, -0.036516
2.671100, 2.671198, -0.000056
2.671100, 2.981677, 0.035111
2.671100, 11.631031, 0.020771
2.671100, 3.077557, -0.043599
2.671100, 2.674763, -0.000224
2.671100, 3.016639, 0.038268
2.671100, 11.741168, 0.004426
2.671100, 3.036914, -0.040067
2.671100, 2.675428, 0.000154
2.671100, 3.078800, 0.043700
2.671100, 11.625871, -0.021229
2.671100, 2.980776, -0.035021
2.671100, 2.671969, 0.000155
2.671100, 3.022901, 0.038850
2.671100, 11.745825, 0.001581
2.671100, 3.030140, -0.039492
2.671100, 2.672263, -0.000173
2.671100, 2.983060, 0.035230
2.671100, 11.638152, 0.020117
2.671100, 3.075870, -0.043450
2.671100, 2.675505, -0.000123
2.671100, 3.042321, 0.040543
2.671100, 11.734366, -0.006708
2.671100, 3.011581, -0.037815
2.671100, 2.674491, 0.000228
2.671100, 3.073795, 0.043280
2.671100, 11.646341, -0.019343
2.671100, 2.984598, -0.035381
2.671100, 2.671119, 0.000026
2.671100, 2.991536, 0.036019
2.671100, 11.677982, 0.015996
2.671100, 3.065138, -0.042541
2.671100, 2.673974, -0.000226
2.671100, 3.003498, 0.037088
2.671100, 11.717375, 0.010415
2.671100, 3.051281, -0.041327
2.671100, 2.675571, 0.000065
2.671100, 3.069022, 0.042862
2.671100, 11.664622, -0.017483
2.671100, 2.988513, -0.035728
2.671100, 2.672800, 0.000197
2.671100, 3.042085, 0.040543
2.671100, 11.734608, -0.006661
2.671100, 3.011554, -0.037835
2.671100, 2.671570, -0.000119
2.671100, 2.979170, 0.034876
2.671100, 11.616857, 0.022010
2.671100, 3.080866, -0.043878
2.671100, 2.675228, -0.000193
2.671100, 3.028366, 0.039312
2.671100, 11.746264, -0.000752
2.671100, 3.024924, -0.039006
2.671100, 2.675115, 0.000204
2.671100, 3.080672, 0.043862
2.671100, 11.617693, -0.021939
2.671100, 2.979309, -0.034890
2.671100, 2.671436, 0.000102
2.671100, 3.007093, 0.037433
2.671100, 11.726216, 0.008700
2.671100, 3.046993, -0.040972
2.671100, 2.673036, -0.000205
2.671100, 2.991235, 0.035976
2.671100, 11.676350, 0.016180
2.671100, 3.065684, -0.042575
2.671100, 2.675583, -0.000039
2.671100, 3.054997, 0.041650
2.671100, 11.708346, -0.011925
2.671100, 3.000250, -0.036794
2.671100, 2.673743, 0.000223
2.671100, 3.060880, 0.042175
2.671100, 11.691595, -0.014318
2.671100, 2.995061, -0.036341
2.671100, 2.671165, -0.000046
2.671100, 2.982538, 0.035191
2.671100, 11.635671, 0.020349
2.671100, 3.076440, -0.043505
2.671100, 2.674676, -0.000226
2.671100, 3.014929, 0.038115
2.671100, 11.739190, 0.005194
2.671100, 3.038725, -0.040227
2.671100, 2.675458, 0.000144
2.671100, 3.077943, 0.043627
2.671100, 11.629522, -0.020905
2.671100, 2.981442, -0.035082
2.671100, 2.672065, 0.000162
2.671100, 3.025325, 0.039066
2.671100, 11.746424, 0.000515
2.671100, 3.027685, -0.039275
2.671100, 2.672161, -0.000168
2.671100, 2.982187, 0.035150
2.671100, 11.633542, 0.020542
2.671100, 3.076986, -0.043545
2.671100, 2.675483, -0.000134
2.671100, 3.040487, 0.040382
2.671100, 11.736974, -0.005938
2.671100, 3.013281, -0.037967
2.671100, 2.674587, 0.000227
2.671100, 3.075213, 0.043401
2.671100, 11.640679, -0.019883
2.671100, 2.983491, -0.035279
2.671100, 2.671139, 0.000036
2.671100, 2.993285, 0.036179
2.671100, 11.684939, 0.015162
2.671100, 3.063014, -0.042358
2.671100, 2.673857, -0.000225
2.671100, 3.001839, 0.036938
2.671100, 11.712925, 0.011184
2.671100, 3.053170, -0.041491
2.671100, 2.675578, 0.000052
2.671100, 3.067353, 0.042719
2.671100, 11.670584, -0.016833
2.671100, 2.989869, -0.035852
2.671100, 2.672919, 0.000201
2.671100, 3.044584, 0.040762
2.671100, 11.730598, -0.007703
2.671100, 3.009268, -0.037629
2.671100, 2.671500, -0.000111
2.671100, 2.979181, 0.034878
2.671100, 11.616940, 0.022003
2.671100, 3.080845, -0.043877
2.671100, 2.675173, -0.000199
2.671100, 3.026613, 0.039156
2.671100, 11.746415, 0.000013
2.671100, 3.026671, -0.039161
2.671100, 2.675175, 0.000199
2.671100, 3.080849, 0.043877
2.671100, 11.616926, -0.022004
2.671100, 2.979179, -0.034877
2.671100, 2.671502, 0.000111
2.671100, 3.009344, 0.037636
2.671100, 11.730741, 0.007668
2.671100, 3.044501, -0.040754
2.671100, 2.672915, -0.000201
2.671100, 2.989822, 0.035848
2.671100, 11.670385, 0.016856
2.671100, 3.067410, -0.042724
2.671100, 2.675578, -0.000052
2.671100, 3.053107, 0.041486
2.671100, 11.713078, -0.011159
2.671100, 3.001894, -0.036943
2.671100, 2.673861, 0.000225
2.671100, 3.063086, 0.042364
2.671100, 11.684708, -0.015190
2.671100, 2.993225, -0.036173
2.671100, 2.671139, -0.000036
2.671100, 2.983526, 0.035282
2.671100, 11.640860, 0.019866
2.671100, 3.075168, -0.043397
2.671100, 2.674584, -0.000227
2.671100, 3.013224, 0.037962
2.671100, 11.736892, 0.005963
2.671100, 3.040547, -0.040387
2.671100, 2.675484, 0.000133
2.671100, 3.076951, 0.043542
2.671100, 11.633688, -0.020528
2.671100, 2.982215, -0.035153
2.671100, 2.672164, 0.000168
2.671100, 3.027766, 0.039282
2.671100, 11.746414, -0.000551
2.671100, 3.025244, -0.039058
2.671100, 2.672061, -0.000161
2.671100, 2.981418, 0.035080
2.671100, 11.629392, 0.020916
2.671100, 3.077974, -0.043630
2.671100, 2.675457, -0.000144
2.671100, 3.038664, 0.040221
2.671100, 11.739261, -0.005169
2.671100, 3.014986, -0.038120
2.671100, 2.674679, 0.000226
2.671100, 3.076479, 0.043508
2.671100, 11.635507, -0.020364
2.671100, 2.982507, -0.035188
2.671100, 2.671166, 0.000047
2.671100, 2.995123, 0.036347
2.671100, 11.691822, 0.014288
2.671100, 3.060805, -0.042168
2.671100, 2.673739, -0.000223
2.671100, 3.000196, 0.036789
2.671100, 11.708183, 0.011950
2.671100, 3.055060, -0.041656
2.671100, 2.675583, 0.000039
2.671100, 3.065625, 0.042570
2.671100, 11.676548, -0.016157
2.671100, 2.991283, -0.035981
2.671100, 2.673040, 0.000205
2.671100, 3.047076, 0.040979
2.671100, 11.726057, -0.008734
2.671100, 3.007018, -0.037426
2.671100, 2.671434, -0.000102
2.671100, 2.979315, 0.034890
2.671100, 11.617731, 0.021936
2.671100, 3.080663, -0.043861
2.671100, 2.675113, -0.000205
2.671100, 3.024866, 0.039001
2.671100, 11.746253, 0.000777
2.671100, 3.028425, -0.039317
2.671100, 2.675230, 0.000192
2.671100, 3.080864, 0.043878
2.671100, 11.616867, -0.022009
2.671100, 2.979172, -0.034876
2.671100, 2.671572, 0.000120
2.671100, 3.011631, 0.037842
2.671100, 11.734732, 0.006626
2.671100, 3.042001, -0.040536
2.671100, 2.672796, -0.000197
2.671100, 2.988469, 0.035724
2.671100, 11.664424, 0.017504
2.671100, 3.069077, -0.042867
2.671100, 2.675571, -0.000065
2.671100, 3.051218, 0.041321
2.671100, 11.717518, -0.010389
2.671100, 3.003553, -0.037093
2.671100, 2.673978, 0.000226
2.671100, 3.065208, 0.042547
2.671100, 11.677750, -0.016023
2.671100, 2.991480, -0.036014
2.671100, 2.671119, -0.000025
2.671100, 2.984637, 0.035385
2.671100, 11.646538, 0.019324
2.671100, 3.073745, -0.043276
2.671100, 2.674488, -0.000228
2.671100, 3.011524, 0.037810
2.671100, 11.734274, 0.006734
2.671100, 3.042382, -0.040548
2.671100, 2.675506, 0.000123
2.671100, 3.075831, 0.043446
2.671100, 11.638313, -0.020102
2.671100, 2.983091, -0.035233
2.671100, 2.672267, 0.000174
2.671100, 3.030223, 0.039500
2.671100, 11.745795, -0.001616
2.671100, 3.022821, -0.038843
2.671100, 2.671966, -0.000155
2.671100, 2.980755, 0.035020
2.671100, 11.625758, 0.021239
2.671100, 3.078826, -0.043703
2.671100, 2.675427, -0.000154
2.671100, 3.036854, 0.040062
2.671100, 11.741229, -0.004401
2.671100, 3.016696, -0.038273
2.671100, 2.674766, 0.000223
2.671100, 3.077591, 0.043602
2.671100, 11.630887, -0.020784
2.671100, 2.981650, -0.035108
2.671100, 2.671199, 0.000057
2.671100, 2.997044, 0.036522
2.671100, 11.698546, 0.013380
2.671100, 3.058524, -0.041972
2.671100, 2.673618, -0.000220
2.671100, 2.998571, 0.036642
2.671100, 11.703165, 0.012711
2.671100, 3.056946, -0.041819
2.671100, 2.675586, 0.000025
2.671100, 3.063849, 0.042417
2.671100, 11.682454, -0.015459
2.671100, 2.992750, -0.036114
2.671100, 2.673162, 0.000209
2.671100, 3.049553, 0.041195
2.671100, 11.721015, -0.009753
2.671100, 3.004810, -0.037227
2.671100, 2.671374, -0.000093
2.671100, 2.979573, 0.034915
2.671100, 11.619232, 0.021808
2.671100, 3.080319, -0.043833
2.671100, 2.675049, -0.000210
2.671100, 3.023128, 0.038846
2.671100, 11.745778, 0.001542
2.671100, 3.030188, -0.039473
2.671100, 2.675280, 0.000185
2.671100, 3.080721, 0.043865
2.671100, 11.617508, -0.021954
2.671100, 2.979287, -0.034886
2.671100, 2.671647, 0.000128
2.671100, 3.013949, 0.038050
2.671100, 11.738165, 0.005576
2.671100, 3.039500, -0.040317
2.671100, 2.672679, -0.000193
2.671100, 2.987182, 0.035607
2.671100, 11.658532, 0.018123
2.671100, 3.070673, -0.043004
2.671100, 2.675562, -0.000078
2.671100, 3.049334, 0.041157
2.671100, 11.721651, -0.009617
2.671100, 3.005223, -0.037243
2.671100, 2.674092, 0.000228
2.671100, 3.067232, 0.042720
2.671100, 11.670808, -0.016813
2.671100, 2.989831, -0.035863
2.671100, 2.671106, -0.000015
2.671100, 2.985871, 0.035498
2.671100, 11.652636, 0.018725
2.671100, 3.072179, -0.043143
2.671100, 2.674387, -0.000229
2.671100, 3.009829, 0.037657
2.671100, 11.731332, 0.007505
2.671100, 3.044229, -0.040710
2.671100, 2.675525, 0.000111
2.671100, 3.074591, 0.043340
2.671100, 11.643334, -0.019629
2.671100, 2.984065, -0.035322
2.671100, 2.672373, 0.000179
2.671100, 3.032693, 0.039718
2.671100, 11.744570, -0.002680
2.671100, 3.020416, -0.038629
2.671100, 2.671875, -0.000148
2.671100, 2.980204, 0.034969
2.671100, 11.622691, 0.021508
2.671100, 3.079538, -0.043763
2.671100, 2.675394, -0.000163
2.671100, 3.035054, 0.039903
2.671100, 11.742878, -0.003634
2.671100, 3.018410, -0.038426
2.671100, 2.674848, 0.000221
2.671100, 3.078543, 0.043683
2.671100, 11.626867, -0.021143
2.671100, 2.980920, -0.035040
2.671100, 2.671238, 0.000067
2.671100, 2.999038, 0.036703
2.671100, 11.705033, 0.012442
2.671100, 3.056181, -0.041769
2.671100, 2.673496, -0.000218
2.671100, 2.996969, 0.036497
2.671100, 11.697895, 0.013463
2.671100, 3.058823, -0.041982
2.671100, 2.675588, 0.000012
2.671100, 3.062034, 0.042260
2.671100, 11.688249, -0.014742
2.671100, 2.994261, -0.036252
2.671100, 2.673284, 0.000212
2.671100, 3.052008, 0.041408
2.671100, 11.715513, -0.010755
2.671100, 3.002650, -0.037031
2.671100, 2.671319, -0.000084
2.671100, 2.979956, 0.034951
2.671100, 11.621434, 0.021618
2.671100, 3.079811, -0.043790
2.671100, 2.674980, -0.000214
2.671100, 3.021397, 0.038692
2.671100, 11.744990, 0.002307
2.671100, 3.031960, -0.039630
2.671100, 2.675325, 0.000178
2.671100, 3.080420, 0.043839
2.671100, 11.618835, -0.021841
2.671100, 2.979521, -0.034907
2.671100, 2.671727, 0.000135
2.671100, 3.016295, 0.038260
2.671100, 11.741021, 0.004520
2.671100, 3.037003, -0.040097
2.671100, 2.672565, -0.000188
2.671100, 2.985970, 0.035496
2.671100, 11.652777, 0.018708
2.671100, 3.072189, -0.043134
2.671100, 2.675551, -0.000091
2.671100, 3.047458, 0.040993
2.671100, 11.725471, -0.008844
2.671100, 3.006902, -0.037394
2.671100, 2.674203, 0.000229
2.671100, 3.069147, 0.042884
2.671100, 11.663972, -0.017557
2.671100, 2.988286, -0.035721
2.671100, 2.671100, -0.000004
2.671100, 2.987223, 0.035623
2.671100, 11.659078, 0.018071
2.671100, 3.070477, -0.042997
2.671100, 2.674282, -0.000229
2.671100, 3.008138, 0.037506
2.671100, 11.728069, 0.008277
2.671100, 3.046088, -0.040873
2.671100, 2.675541, 0.000100
2.671100, 3.073242, 0.043225
2.671100, 11.648684, -0.019113
2.671100, 2.985132, -0.035420
2.671100, 2.672483, 0.000184
2.671100, 3.035176, 0.039937
2.671100, 11.742741, -0.003743
2.671100, 3.018030, -0.038416
2.671100, 2.671788, -0.000141
2.671100, 2.979767, 0.034930
2.671100, 11.620232, 0.021721
2.671100, 3.080102, -0.043812
2.671100, 2.675356, -0.000172
2.671100, 3.033265, 0.039745
2.671100, 11.744212, -0.002868
2.671100, 3.020131, -0.038579
2.671100, 2.674926, 0.000217
2.671100, 3.079334, 0.043750
2.671100, 11.623487, -0.021440
2.671100, 2.980318, -0.034984
2.671100, 2.671283, 0.000077
2.671100, 3.001100, 0.036891
2.671100, 11.711213, 0.011477
2.671100, 3.053788, -0.041562
2.671100, 2.673374, -0.000215
2.671100, 2.995395, 0.036354
2.671100, 11.692400, 0.014206
2.671100, 3.060684, -0.042143
2.671100, 2.675589, -0.000002
2.671100, 3.060190, 0.042100
2.671100, 11.693885, -0.014009
2.671100, 2.995811, -0.036392
2.671100, 2.673406, 0.000216
2.671100, 3.054430, 0.041618
2.671100, 11.709599, -0.011737
2.671100, 3.000544, -0.036840
2.671100, 2.671270, -0.000074
2.671100, 2.980466, 0.034998
2.671100, 11.624324, 0.021366
2.671100, 3.079139, -0.043733
2.671100, 2.674906, -0.000218
2.671100, 3.019671, 0.038538
2.671100, 11.743887, 0.003072
2.671100, 3.033741, -0.039787
2.671100, 2.675367, 0.000170
2.671100, 3.079966, 0.043800
2.671100, 11.620826, -0.021669
2.671100, 2.979873, -0.034939
2.671100, 2.671811, 0.000143
2.671100, 3.018664, 0.038472
2.671100, 11.743288, 0.003460
2.671100, 3.034513, -0.039878
2.671100, 2.672453, -0.000183
2.671100, 2.984839, 0.035393
2.671100, 11.647229, 0.019254
2.671100, 3.073612, -0.043256
2.671100, 2.675537, -0.000103
2.671100, 3.045591, 0.040829
2.671100, 11.728970, -0.008071
2.671100, 3.008588, -0.037546
2.671100, 2.674310, 0.000229
2.671100, 3.070943, 0.043037
2.671100, 11.657331, -0.018250
2.671100, 2.986851, -0.035589
2.671100, 2.671101, 0.000007
2.671100, 2.988688, 0.035758
2.671100, 11.665779, 0.017363
2.671100, 3.068648, -0.042841
2.671100, 2.674174, -0.000228
2.671100, 3.006454, 0.037354
2.671100, 11.724483, 0.009050
2.671100, 3.047957, -0.041036
2.671100, 2.675554, 0.000087
2.671100, 3.071793, 0.043100
2.671100, 11.654294, -0.018555
2.671100, 2.986286, -0.035525
2.671100, 2.672595, 0.000189
2.671100, 3.037668, 0.040156
2.671100, 11.740317, -0.004802
2.671100, 3.015667, -0.038204
2.671100, 2.671705, -0.000133
2.671100, 2.979447, 0.034900
2.671100, 11.618415, 0.021877
2.671100, 3.080516, -0.043847
2.671100, 2.675314, -0.000180
2.671100, 3.031487, 0.039588
2.671100, 11.745231, -0.002103
2.671100, 3.021857, -0.038733
2.671100, 2.674999, 0.000213
2.671100, 3.079962, 0.043803
2.671100, 11.620779, -0.021675
2.671100, 2.979842, -0.034940
2.671100, 2.671333, 0.000086
2.671100, 3.003221, 0.037083
2.671100, 11.717022, 0.010489
2.671100, 3.051356, -0.041351
2.671100, 2.673251, -0.000211
2.671100, 2.993854, 0.036215
2.671100, 11.686718, 0.014935
2.671100, 3.062521, -0.042302
2.671100, 2.675588, -0.000015
2.671100, 3.058324, 0.041939
2.671100, 11.699323, -0.013264
2.671100, 2.997393, -0.036536
2.671100, 2.673529, 0.000218
2.671100, 3.056811, 0.041824
2.671100, 11.703331, -0.012695
2.671100, 2.998500, -0.036654
2.671100, 2.671226, -0.000064
2.671100, 2.981103, 0.035057
2.671100, 11.627877, 0.021053
2.671100, 3.078305, -0.043663
2.671100, 2.674827, -0.000221
2.671100, 3.017953, 0.038385
2.671100, 11.742470, 0.003838
2.671100, 3.035533, -0.039945
2.671100, 2.675403, 0.000161
2.671100, 3.079362, 0.043748
2.671100, 11.623451, -0.021441
2.671100, 2.980340, -0.034982
2.671100, 2.671899, 0.000150
2.671100, 3.021055, 0.038686
2.671100, 11.744956, 0.002397
2.671100, 3.032033, -0.039659
2.671100, 2.672344, -0.000178
2.671100, 2.983796, 0.035298
2.671100, 11.641960, 0.019760
2.671100, 3.074933, -0.043370
2.671100, 2.675520, -0.000114
2.671100, 3.043736, 0.040667
2.671100, 11.732148, -0.007299
2.671100, 3.010280, -0.037698
2.671100, 2.674414, 0.000229
2.671100, 3.072610, 0.043179
2.671100, 11.650973, -0.018890
2.671100, 2.985530, -0.035467
2.671100, 2.671109, 0.000017
2.671100, 2.990261, 0.035902
2.671100, 11.672652, 0.016607
2.671100, 3.066702, -0.042675
2.671100, 2.674062, -0.000227
2.671100, 3.004777, 0.037203
2.671100, 11.720580, 0.009823
2.671100, 3.049836, -0.041201
2.671100, 2.675565, 0.000075
2.671100, 3.070255, 0.042968
2.671100, 11.660093, -0.017961
2.671100, 2.987518, -0.035638
2.671100, 2.672710, 0.000194
2.671100, 3.040167, 0.040375
2.671100, 11.737305, -0.005857
2.671100, 3.013328, -0.037994
2.671100, 2.671627, -0.000126
2.671100, 2.979244, 0.034882
2.671100, 11.617269, 0.021975
2.671100, 3.080775, -0.043870
2.671100, 2.675267, -0.000187
2.671100, 3.029717, 0.039431
2.671100, 11.745936, -0.001338
2.671100, 3.023591, -0.038888
2.671100, 2.675067, 0.000208
2.671100, 3.080426, 0.043842
2.671100, 11.618763, -0.021848
2.671100, 2.979492, -0.034907
2.671100, 2.671390, 0.000095
2.671100, 3.005394, 0.037280
2.671100, 11.722406, 0.009483
2.671100, 3.048895, -0.041137
2.671100, 2.673129, -0.000208
2.671100, 2.992354, 0.036078
2.671100, 11.680888, 0.015647
2.671100, 3.064327, -0.042458
2.671100, 2.675586, -0.000029
2.671100, 3.056444, 0.041776
2.671100, 11.704529, -0.012509
2.671100, 2.999002, -0.036681
2.671100, 2.673650, 0.000221
2.671100, 3.059138, 0.042025
2.671100, 11.696773, -0.013626
2.671100, 2.996524, -0.036475
2.671100, 2.671189, -0.000054
2.671100, 2.981867, 0.035128
2.671100, 11.632062, 0.020678
2.671100, 3.077310, -0.043579
2.671100, 2.674743, -0.000224
2.671100, 3.016239, 0.038232
2.671100, 11.740735, 0.004605
2.671100, 3.037335, -0.040104
2.671100, 2.675436, 0.000151
2.671100, 3.078613, 0.043684
2.671100, 11.626674, -0.021158
2.671100, 2.980921, -0.035035
2.671100, 2.671992, 0.000157
2.671100, 3.023465, 0.038900
2.671100, 11.746019, 0.001332
2.671100, 3.029566, -0.039441
2.671100, 2.672239, -0.000172
2.671100, 2.982847, 0.035211
2.671100, 11.637038, 0.020221
2.671100, 3.076141, -0.043473
2.671100, 2.675501, -0.000126
2.671100, 3.041892, 0.040505
2.671100, 11.735003, -0.006528
2.671100, 3.011977, -0.037850
2.671100, 2.674514, 0.000228
2.671100, 3.074139, 0.043309
2.671100, 11.644980, -0.019475
2.671100, 2.984329, -0.035356
2.671100, 2.671124, 0.000028
2.671100, 2.991936, 0.036055
2.671100, 11.679607, 0.015805
2.671100, 3.064651, -0.042499
2.671100, 2.673947, -0.000226
2.671100, 3.003110, 0.037053
2.671100, 11.716364, 0.010594
2.671100, 3.051722, -0.041365
2.671100, 2.675573, 0.000062
2.671100, 3.068638, 0.042829
2.671100, 11.666010, -0.017334
2.671100, 2.988823, -0.035757
2.671100, 2.672828, 0.000198
2.671100, 3.042668, 0.040594
2.671100, 11.733721, -0.006905
2.671100, 3.011018, -0.037787
2.671100, 2.671553, -0.000117
2.671100, 2.979162, 0.034875
2.671100, 11.616814, 0.022014
2.671100, 3.080876, -0.043879
2.671100, 2.675216, -0.000194
2.671100, 3.027957, 0.039275
2.671100, 11.746327, -0.000573
2.671100, 3.025331, -0.039042
2.671100, 2.675130, 0.000203
2.671100, 3.080728, 0.043867
2.671100, 11.617451, -0.021960
2.671100, 2.979267, -0.034886
2.671100, 2.671451, 0.000104
2.671100, 3.007614, 0.037480
2.671100, 11.727318, 0.008461
2.671100, 3.046413, -0.040921
2.671100, 2.673007, -0.000204
2.671100, 2.990901, 0.035946
2.671100, 11.674962, 0.016340
2.671100, 3.066091, -0.042610
2.671100, 2.675582, -0.000042
2.671100, 3.054557, 0.041612
2.671100, 11.709475, -0.011747
2.671100, 3.000632, -0.036829
2.671100, 2.673770, 0.000223
2.671100, 3.061402, 0.042220
2.671100, 11.689999, -0.014525
2.671100, 2.994625, -0.036301
2.671100, 2.671158, -0.000044
2.671100, 2.982757, 0.035211
2.671100, 11.636835, 0.020242
2.671100, 3.076157, -0.043481
2.671100, 2.674655, -0.000226
2.671100, 3.014531, 0.038079
2.671100, 11.738683, 0.005373
2.671100, 3.039149, -0.040264
2.671100, 2.675465, 0.000141
2.671100, 3.077723, 0.043608
2.671100, 11.630450, -0.020821
2.671100, 2.981612, -0.035098
2.671100, 2.672088, 0.000163
2.671100, 3.025893, 0.039116
2.671100, 11.746476, 0.000266
2.671100, 3.027114, -0.039224
2.671100, 2.672137, -0.000166
2.671100, 2.981998, 0.035133
2.671100, 11.632530, 0.020634
2.671100, 3.077228, -0.043566
2.671100, 2.675477, -0.000136
2.671100, 3.040060, 0.040344
2.671100, 11.737536, -0.005758
2.671100, 3.013678, -0.038003
2.671100, 2.674609, 0.000227
2.671100, 3.075522, 0.043427
2.671100, 11.639426, -0.020001
2.671100, 2.983250, -0.035256
2.671100, 2.671145, 0.000039
2.671100, 2.993706, 0.036217
2.671100, 11.686555, 0.014961
2.671100, 3.062506, -0.042315
2.671100, 2.673830, -0.000224
2.671100, 3.001455, 0.036903
2.671100, 11.711844, 0.011363
2.671100, 3.053611, -0.041530
2.671100, 2.675579, 0.000049
2.671100, 3.066955, 0.042685
2.671100, 11.671978, -0.016678
2.671100, 2.990193, -0.035881
2.671100, 2.672947, 0.000202
2.671100, 3.045166, 0.040812
2.671100, 11.729585, -0.007945
2.671100, 3.008740, -0.037582
2.671100, 2.671484, -0.000109
2.671100, 2.979202, 0.034880
2.671100, 11.617061, 0.021993
2.671100, 3.080817, -0.043874
2.671100, 2.675160, -0.000200
2.671100, 3.026204, 0.039120
2.671100, 11.746405, 0.000191
2.671100, 3.027079, -0.039197
2.671100, 2.675188, 0.000197
2.671100, 3.080867, 0.043878
2.671100, 11.616849, -0.022011
2.671100, 2.979166, -0.034876
2.671100, 2.671518, 0.000113
2.671100, 3.009874, 0.037684
2.671100, 11.731720, 0.007426
2.671100, 3.043918, -0.040703
2.671100, 2.672887, -0.000200
2.671100, 2.989501, 0.035818
2.671100, 11.668992, 0.017009
2.671100, 3.067804, -0.042758
2.671100, 2.675577, -0.000055
2.671100, 3.052666, 0.041447
2.671100, 11.714141, -0.010979
2.671100, 3.002280, -0.036978
2.671100, 2.673889, 0.000225
2.671100, 3.063589, 0.042408
2.671100, 11.683088, -0.015388
2.671100, 2.992810, -0.036135
2.671100, 2.671133, -0.000033
2.671100, 2.983774, 0.035305
2.671100, 11.642143, 0.019745
2.671100, 3.074849, -0.043370
2.671100, 2.674562, -0.000228
2.671100, 3.012827, 0.037927
2.671100, 11.736310, 0.006143
2.671100, 3.040974, -0.040424
2.671100, 2.675489, 0.000131
2.671100, 3.076700, 0.043521
2.671100, 11.634728, -0.020433
2.671100, 2.982410, -0.035171
2.671100, 2.672188, 0.000169
2.671100, 3.028338, 0.039333
2.671100, 11.746324, -0.000799
2.671100, 3.024677, -0.039008
2.671100, 2.672039, -0.000160
2.671100, 2.981253, 0.035065
2.671100, 11.628496, 0.020996
2.671100, 3.078185, -0.043648
2.671100, 2.675451, -0.000146
2.671100, 3.038241, 0.040184
2.671100, 11.739749, -0.004989
2.671100, 3.015385, -0.038155
2.671100, 2.674700, 0.000225
2.671100, 3.076753, 0.043531
2.671100, 11.634378, -0.020467
2.671100, 2.982296, -0.035168
2.671100, 2.671173, 0.000049
2.671100, 2.995564, 0.036387
2.671100, 11.693408, 0.014079
2.671100, 3.060279, -0.042123
2.671100, 2.673711, -0.000222
2.671100, 2.999815, 0.036755
2.671100, 11.707036, 0.012128
2.671100, 3.055501, -0.041694
2.671100, 2.675584, 0.000036
2.671100, 3.065215, 0.042535
2.671100, 11.677933, -0.015996
2.671100, 2.991621, -0.036011
2.671100, 2.673068, 0.000206
2.671100, 3.047656, 0.041029
2.671100, 11.724924, -0.008973
2.671100, 3.006499, -0.037380
2.671100, 2.671420, -0.000100
2.671100, 2.979364, 0.034895
2.671100, 11.618018, 0.021911
2.671100, 3.080597, -0.043856
2.671100, 2.675099, -0.000206
2.671100, 3.024460, 0.038965
2.671100, 11.746170, 0.000956
2.671100, 3.028836, -0.039353
2.671100, 2.675242, 0.000191
2.671100, 3.080845, 0.043876
2.671100, 11.616954, -0.022002
2.671100, 2.979188, -0.034877
2.671100, 2.671589, 0.000122
2.671100, 3.012169, 0.037890
2.671100, 11.735583, 0.006382
2.671100, 3.041418, -0.040485
2.671100, 2.672769, -0.000196
2.671100, 2.988163, 0.035696
2.671100, 11.663041, 0.017652
2.671100, 3.069456, -0.042900
2.671100, 2.675569, -0.000068
2.671100, 3.050778, 0.041283
2.671100, 11.718510, -0.010209
2.671100, 3.003942, -0.037128
2.671100, 2.674005, 0.000227
2.671100, 3.065689, 0.042588
2.671100, 11.676126, -0.016212
2.671100, 2.991086, -0.035978
2.671100, 2.671116, -0.000023
2.671100, 2.984914, 0.035410
2.671100, 11.647926, 0.019190
2.671100, 3.073392, -0.043246
2.671100, 2.674465, -0.000229
2.671100, 3.011128, 0.037774
2.671100, 11.733616, 0.006913
2.671100, 3.042812, -0.040586
2.671100, 2.675511, 0.000120
2.671100, 3.075552, 0.043422
2.671100, 11.639451, -0.019996
2.671100, 2.983310, -0.035253
2.671100, 2.672291, 0.000175
2.671100, 3.030798, 0.039550
2.671100, 11.745563, -0.001864
2.671100, 3.022258, -0.038793
2.671100, 2.671945, -0.000153
2.671100, 2.980617, 0.035007
2.671100, 11.624991, 0.021307
2.671100, 3.079005, -0.043718
2.671100, 2.675420, -0.000156
2.671100, 3.036433, 0.040025
2.671100, 11.741642, -0.004222
2.671100, 3.017095, -0.038308
2.671100, 2.674786, 0.000223
2.671100, 3.077828, 0.043622
2.671100, 11.629894, -0.020873
2.671100, 2.981469, -0.035091
2.671100, 2.671207, 0.000059
2.671100, 2.997502, 0.036564
2.671100, 11.700083, 0.013164
2.671100, 3.057982, -0.041925
2.671100, 2.673590, -0.000220
2.671100, 2.998195, 0.036608
2.671100, 11.701957, 0.012887
2.671100, 3.057385, -0.041857
2.671100, 2.675587, 0.000022
2.671100, 3.063429, 0.042381
2.671100, 11.683818, -0.015293
2.671100, 2.993099, -0.036146
2.671100, 2.673190, 0.000210
2.671100, 3.050128, 0.041245
2.671100, 11.719771, -0.009988
2.671100, 3.004302, -0.037181
2.671100, 2.671361, -0.000091
2.671100, 2.979651, 0.034922
2.671100, 11.619683, 0.021769
2.671100, 3.080215, -0.043824
2.671100, 2.675033, -0.000211
2.671100, 3.022723, 0.038810
2.671100, 11.745623, 0.001720
2.671100, 3.030600, -0.039510
2.671100, 2.675291, 0.000184
2.671100, 3.080665, 0.043860
2.671100, 11.617757, -0.021933
2.671100, 2.979330, -0.034890
2.671100, 2.671666, 0.000130
2.671100, 3.014494, 0.038099
2.671100, 11.738883, 0.005330
2.671100, 3.038917, -0.040265
2.671100, 2.672653, -0.000191
2.671100, 2.986893, 0.035580
2.671100, 11.657174, 0.018263
2.671100, 3.071034, -0.043035
2.671100, 2.675560, -0.000081
2.671100, 3.048896, 0.041118
2.671100, 11.722571, -0.009437
2.671100, 3.005614, -0.037278
2.671100, 2.674118, 0.000228
2.671100, 3.067689, 0.042759
2.671100, 11.669200, -0.016991
2.671100, 2.989461, -0.035829
2.671100, 2.671104, -0.000012
2.671100, 2.986176, 0.035526
2.671100, 11.654111, 0.018577
2.671100, 3.071794, -0.043110
2.671100, 2.674363, -0.000229
2.671100, 3.009434, 0.037622
2.671100, 11.730600, 0.007685
2.671100, 3.044662, -0.040748
2.671100, 2.675529, 0.000109
2.671100, 3.074286, 0.043314
2.671100, 11.644555, -0.019513
2.671100, 2.984306, -0.035344
2.671100, 2.672398, 0.000180
2.671100, 3.033271, 0.039769
2.671100, 11.744197, -0.002928
2.671100, 3.019857, -0.038579
2.671100, 2.671854, -0.000146
2.671100, 2.980092, 0.034959
2.671100, 11.622062, 0.021562
2.671100, 3.079683, -0.043776
2.671100, 2.675385, -0.000165
2.671100, 3.034636, 0.039866
2.671100, 11.743218, -0.003455
2.671100, 3.018811, -0.038462
2.671100, 2.674867, 0.000220
2.671100, 3.078742, 0.043700
2.671100, 11.626020, -0.021217
2.671100, 2.980768, -0.035026
2.671100, 2.671247, 0.000069
2.671100, 2.999513, 0.036747
2.671100, 11.706505, 0.012219
2.671100, 3.055627, -0.041721
2.671100, 2.673468, -0.000217
2.671100, 2.996599, 0.036464
2.671100, 11.696632, 0.013637
2.671100, 3.059259, -0.042020
2.671100, 2.675589, 0.000009
2.671100, 3.061606, 0.042223
2.671100, 11.689580, -0.014572
2.671100, 2.994620, -0.036284
2.671100, 2.673313, 0.000213
2.671100, 3.052576, 0.041457
2.671100, 11.714168, -0.010986
2.671100, 3.002153, -0.036986
2.671100, 2.671307, -0.000081
2.671100, 2.980064, 0.034961
2.671100, 11.622048, 0.021565
2.671100, 3.079669, -0.043778
2.671100, 2.674963, -0.000215
2.671100, 3.020993, 0.038656
2.671100, 11.744761, 0.002485
2.671100, 3.032374, -0.039666
2.671100, 2.675335, 0.000176
2.671100, 3.080328, 0.043831
2.671100, 11.619241, -0.021806
2.671100, 2.979592, -0.034914
2.671100, 2.671746, 0.000137
2.671100, 3.016845, 0.038310
2.671100, 11.741603, 0.004273
2.671100, 3.036421, -0.040046
2.671100, 2.672539, -0.000187
2.671100, 2.985699, 0.035471
2.671100, 11.651461, 0.018839
2.671100, 3.072529, -0.043164
2.671100, 2.675548, -0.000094
2.671100, 3.047022, 0.040955
2.671100, 11.726316, -0.008664
2.671100, 3.007295, -0.037430
2.671100, 2.674228, 0.000229
2.671100, 3.069577, 0.042921
2.671100, 11.662402, -0.017723
2.671100, 2.987941, -0.035689
2.671100, 2.671100, -0.000001
2.671100, 2.987554, 0.035653
2.671100, 11.660621, 0.017910
2.671100, 3.070061, -0.042962
2.671100, 2.674257, -0.000229
2.671100, 3.007745, 0.037470
2.671100, 11.727261, 0.008458
2.671100, 3.046523, -0.040911
2.671100, 2.675544, 0.000097
2.671100, 3.072913, 0.043196
2.671100, 11.649972, -0.018986
2.671100, 2.985394, -0.035444
2.671100, 2.672509, 0.000185
2.671100, 3.035756, 0.039988
2.671100, 11.742229, -0.003990
2.671100, 3.017477, -0.038366
2.671100, 2.671768, -0.000139
2.671100, 2.979682, 0.034922
2.671100, 11.619749, 0.021762
2.671100, 3.080212, -0.043821
2.671100, 2.675346, -0.000174
2.671100, 3.032849, 0.039708
2.671100, 11.744478, -0.002689
2.671100, 3.020533, -0.038615
2.671100, 2.674943, 0.000216
2.671100, 3.079495, 0.043763
2.671100, 11.622795, -0.021500
2.671100, 2.980195, -0.034973
2.671100, 2.671294, 0.000079
2.671100, 3.001589, 0.036935
2.671100, 11.712604, 0.011248
2.671100, 3.053224, -0.041513
2.671100, 2.673345, -0.000214
2.671100, 2.995032, 0.036322
2.671100, 11.691090, 0.014377
2.671100, 3.061115, -0.042181
2.671100, 2.675589, -0.000005
2.671100, 3.059756, 0.042063
2.671100, 11.695173, -0.013836
2.671100, 2.996178, -0.036425
2.671100, 2.673435, 0.000216
2.671100, 3.054990, 0.041666
2.671100, 11.708166, -0.011962
2.671100, 3.000061, -0.036796
2.671100, 2.671259, -0.000072
2.671100, 2.980603, 0.035011
2.671100, 11.625095, 0.021299
2.671100, 3.078959, -0.043718
2.671100, 2.674888, -0.000219
2.671100, 3.019270, 0.038503
2.671100, 11.743585, 0.003251
2.671100, 3.034158, -0.039824
2.671100, 2.675375, 0.000168
2.671100, 3.079839, 0.043789
2.671100, 11.621383, -0.021621
2.671100, 2.979971, -0.034948
2.671100, 2.671831, 0.000145
2.671100, 3.019220, 0.038522
2.671100, 11.743730, 0.003212
2.671100, 3.033933, -0.039827
2.671100, 2.672428, -0.000182
2.671100, 2.984588, 0.035370
2.671100, 11.645972, 0.019376
2.671100, 3.073930, -0.043284
2.671100, 2.675533, -0.000105
2.671100, 3.045157, 0.040791
2.671100, 11.729741, -0.007891
2.671100, 3.008983, -0.037581
2.671100, 2.674335, 0.000229
2.671100, 3.071344, 0.043071
2.671100, 11.655820, -0.018405
2.671100, 2.986532, -0.035559
2.671100, 2.671102, 0.000009
2.671100, 2.989045, 0.035790
2.671100, 11.667370, 0.017191
2.671100, 3.068204, -0.042803
2.671100, 2.674148, -0.000228
2.671100, 3.006062, 0.037319
2.671100, 11.723601, 0.009231
2.671100, 3.048395, -0.041075
2.671100, 2.675557, 0.000084
2.671100, 3.071442, 0.043070
2.671100, 11.655632, -0.018420
2.671100, 2.986566, -0.035551
2.671100, 2.672622, 0.000190
2.671100, 3.038250, 0.040207
2.671100, 11.739666, -0.005048
2.671100, 3.015119, -0.038155
2.671100, 2.671686, -0.000132
2.671100, 2.979389, 0.034895
2.671100, 11.618087, 0.021905
2.671100, 3.080590, -0.043854
2.671100, 2.675303, -0.000182
2.671100, 3.031073, 0.039551
2.671100, 11.745423, -0.001924
2.671100, 3.022261, -0.038769
2.671100, 2.675015, 0.000212
2.671100, 3.080085, 0.043813
2.671100, 11.620246, -0.021720
2.671100, 2.979749, -0.034931
2.671100, 2.671346, 0.000088
2.671100, 3.003723, 0.037129
2.671100, 11.718318, 0.010256
2.671100, 3.050784, -0.041302
2.671100, 2.673223, -0.000211
2.671100, 2.993500, 0.036182
2.671100, 11.685369, 0.015102
2.671100, 3.062946, -0.042339
2.671100, 2.675588, -0.000019
2.671100, 3.057886, 0.041901
2.671100, 11.700559, -0.013088
2.671100, 2.997767, -0.036569
2.671100, 2.673557, 0.000219
2.671100, 3.057359, 0.041871
2.671100, 11.701825, -0.012915
2.671100, 2.998032, -0.036612
2.671100, 2.671217, -0.000062
2.671100, 2.981270, 0.035073
2.671100, 11.628799, 0.020971
2.671100, 3.078087, -0.043644
2.671100, 2.674808, -0.000222
2.671100, 3.017552, 0.038349
2.671100, 11.742093, 0.004017
2.671100, 3.035952, -0.039982
2.671100, 2.675411, 0.000159
2.671100, 3.079200, 0.043735
2.671100, 11.624151, -0.021380
2.671100, 2.980466, -0.034993
2.671100, 2.671920, 0.000152
2.671100, 3.021616, 0.038736
2.671100, 11.745258, 0.002148
2.671100, 3.031456, -0.039609
2.671100, 2.672320, -0.000176
2.671100, 2.983566, 0.035277
2.671100, 11.640778, 0.019871
2.671100, 3.075225, -0.043395
2.671100, 2.675516, -0.000117
2.671100, 3.043305, 0.040629
2.671100, 11.732843, -0.007119
2.671100, 3.010676, -0.037734
2.671100, 2.674438, 0.000229
2.671100, 3.072979, 0.043211
2.671100, 11.649540, -0.019032
2.671100, 2.985239, -0.035440
2.671100, 2.671112, 0.000020
2.671100, 2.990643, 0.035937
2.671100, 11.674271, 0.016424
2.671100, 3.066233, -0.042634
2.671100, 2.674035, -0.000227
2.671100, 3.004387, 0.037168
2.671100, 11.719624, 0.010003
2.671100, 3.050276, -0.041239
2.671100, 2.675567, 0.000072
2.671100, 3.069884, 0.042937
2.671100, 11.661465, -0.017818
2.671100, 2.987817, -0.035665
2.671100, 2.672738, 0.000195
2.671100, 3.040750, 0.040426
2.671100, 11.736519, -0.006102
2.671100, 3.012786, -0.037946
2.671100, 2.671609, -0.000124
2.671100, 2.979214, 0.034880
2.671100, 11.617101, 0.021989
2.671100, 3.080812, -0.043873
2.671100, 2.675255, -0.000189
2.671100, 3.029306, 0.039395
2.671100, 11.746055, -0.001160
2.671100, 3.023996, -0.038924
2.671100, 2.675082, 0.000207
2.671100, 3.080511, 0.043849
2.671100, 11.618393, -0.021879
2.671100, 2.979429, -0.034901
2.671100, 2.671404, 0.000098
2.671100, 3.005908, 0.037326
2.671100, 11.723596, 0.009245
2.671100, 3.048317, -0.041087
2.671100, 2.673101, -0.000207
2.671100, 2.992010, 0.036047
2.671100, 11.679513, 0.015811
2.671100, 3.064742, -0.042494
2.671100, 2.675585, -0.000032
2.671100, 3.056004, 0.041738
2.671100, 11.705707, -0.012331
2.671100, 2.999381, -0.036716
2.671100, 2.673679, 0.000222
2.671100, 3.059672, 0.042071
2.671100, 11.695210, -0.013838
2.671100, 2.996074, -0.036433
2.671100, 2.671181, -0.000052
2.671100, 2.982063, 0.035147
2.671100, 11.633124, 0.020582
2.671100, 3.077055, -0.043557
2.671100, 2.674723, -0.000225
2.671100, 3.015840, 0.038196
2.671100, 11.740285, 0.004784
2.671100, 3.037757, -0.040141
2.671100, 2.675443, 0.000149
2.671100, 3.078417, 0.043668
2.671100, 11.627507, -0.021084
2.671100, 2.981073, -0.035049
2.671100, 2.672013, 0.000158
2.671100, 3.024030, 0.038950
2.671100, 11.746180, 0.001084
2.671100, 3.028993, -0.039391
2.671100, 2.672215, -0.000171
2.671100, 2.982640, 0.035192
2.671100, 11.635947, 0.020321
2.671100, 3.076406, -0.043496
2.671100, 2.675495, -0.000128
2.671100, 3.041463, 0.040467
2.671100, 11.735623, -0.006348
2.671100, 3.012374, -0.037886
2.671100, 2.674536, 0.000228
2.671100, 3.074475, 0.043338
2.671100, 11.643642, -0.019603
2.671100, 2.984066, -0.035332
2.671100, 2.671128, 0.000031
2.671100, 2.992341, 0.036092
2.671100, 11.681232, 0.015612
2.671100, 3.064158, -0.042457
2.671100, 2.673920, -0.000226
2.671100, 3.002722, 0.037018
2.671100, 11.715336, 0.010774
2.671100, 3.052162, -0.041403
2.671100, 2.675574, 0.000059
2.671100, 3.068251, 0.042796
2.671100, 11.667400, -0.017184
2.671100, 2.989137, -0.035785
2.671100, 2.672856, 0.000199
2.671100, 3.043251, 0.040645
2.671100, 11.732805, -0.007148
2.671100, 3.010483, -0.037739
2.671100, 2.671536, -0.000115
2.671100, 2.979160, 0.034875
2.671100, 11.616808, 0.022014
2.671100, 3.080876, -0.043879
2.671100, 2.675203, -0.000196
2.671100, 3.027547, 0.039239
2.671100, 11.746373, -0.000395
2.671100, 3.025738, -0.039078
2.671100, 2.675144, 0.000202
2.671100, 3.080774, 0.043871
2.671100, 11.617247, -0.021977
2.671100, 2.979233, -0.034883
2.671100, 2.671466, 0.000107
2.671100, 3.008138, 0.037527
2.671100, 11.728392, 0.008220
2.671100, 3.045832, -0.040870
2.671100, 2.672980, -0.000203
2.671100, 2.990569, 0.035916
2.671100, 11.673571, 0.016498
2.671100, 3.066496, -0.042645
2.671100, 2.675581, -0.000045
2.671100, 3.054116, 0.041573
2.671100, 11.710589, -0.011568
2.671100, 3.001015, -0.036864
2.671100, 2.673798, 0.000224
2.671100, 3.061919, 0.042264
2.671100, 11.688396, -0.014729
2.671100, 2.994194, -0.036262
2.671100, 2.671152, -0.000041
2.671100, 2.982983, 0.035232
2.671100, 11.638027, 0.020131
2.671100, 3.075865, -0.043456
2.671100, 2.674634, -0.000227
2.671100, 3.014133, 0.038043
2.671100, 11.738158, 0.005553
2.671100, 3.039574, -0.040301
2.671100, 2.675471, 0.000139
2.671100, 3.077496, 0.043589
2.671100, 11.631405, -0.020735
2.671100, 2.981789, -0.035114
2.671100, 2.672111, 0.000165
2.671100, 3.026462, 0.039166
2.671100, 11.746495, 0.000018
2.671100, 3.026544, -0.039174
2.671100, 2.672114, -0.000165
2.671100, 2.981815, 0.035116
2.671100, 11.631545, 0.020723
2.671100, 3.077463, -0.043586
2.671100, 2.675471, -0.000139
2.671100, 3.039635, 0.040307
2.671100, 11.738081, -0.005579
2.671100, 3.014076, -0.038038
2.671100, 2.674630, 0.000227
2.671100, 3.075823, 0.043452
2.671100, 11.638201, -0.020115
2.671100, 2.983016, -0.035235
2.671100, 2.671151, 0.000041
2.671100, 2.994132, 0.036256
2.671100, 11.688165, 0.014759
2.671100, 3.061993, -0.042270
2.671100, 2.673802, -0.000224
2.671100, 3.001071, 0.036868
2.671100, 11.710748, 0.011542
2.671100, 3.054052, -0.041568
2.671100, 2.675581, 0.000046
2.671100, 3.066554, 0.042650
2.671100, 11.673371, -0.016521
2.671100, 2.990522, -0.035911
2.671100, 2.672975, 0.000203
2.671100, 3.045748, 0.040863
2.671100, 11.728544, -0.008186
2.671100, 3.008213, -0.037534
2.671100, 2.671469, -0.000107
2.671100, 2.979228, 0.034882
2.671100, 11.617221, 0.021979
2.671100, 3.080781, -0.043871
2.671100, 2.675146, -0.000202
2.671100, 3.025797, 0.039084
2.671100, 11.746378, 0.000369
2.671100, 3.027488, -0.039234
2.671100, 2.675201, 0.000196
2.671100, 3.080876, 0.043879
2.671100, 11.616810, -0.022014
2.671100, 2.979161, -0.034875
2.671100, 2.671534, 0.000115
2.671100, 3.010407, 0.037732
2.671100, 11.732671, 0.007183
2.671100, 3.043335, -0.040652
2.671100, 2.672860, -0.000199
2.671100, 2.989183, 0.035789
2.671100, 11.667600, 0.017162
2.671100, 3.068195, -0.042791
2.671100, 2.675575, -0.000059
2.671100, 3.052226, 0.041409
2.671100, 11.715187, -0.010800
2.671100, 3.002667, -0.037013
2.671100, 2.673916, 0.000226
2.671100, 3.064087, 0.042450
2.671100, 11.681465, -0.015584
2.671100, 2.992399, -0.036098
2.671100, 2.671129, -0.000031
2.671100, 2.984029, 0.035328
2.671100, 11.643452, 0.019621
2.671100, 3.074522, -0.043342
2.671100, 2.674540, -0.000228
2.671100, 3.012431, 0.037891
2.671100, 11.735711, 0.006322
2.671100, 3.041402, -0.040462
2.671100, 2.675495, 0.000128
2.671100, 3.076444, 0.043499
2.671100, 11.635793, -0.020336
2.671100, 2.982611, -0.035189
2.671100, 2.672212, 0.000170
2.671100, 3.028911, 0.039383
2.671100, 11.746201, -0.001048
2.671100, 3.024111, -0.038958
2.671100, 2.672017, -0.000158
2.671100, 2.981095, 0.035051
2.671100, 11.627629, 0.021073
2.671100, 3.078389, -0.043665
2.671100, 2.675444, -0.000149
2.671100, 3.037818, 0.040147
2.671100, 11.740219, -0.004810
2.671100, 3.015783, -0.038191
2.671100, 2.674720, 0.000225
2.671100, 3.077018, 0.043554
2.671100, 11.633280, -0.020568
2.671100, 2.982092, -0.035149
2.671100, 2.671180, 0.000051
2.671100, 2.996009, 0.036428
2.671100, 11.694984, 0.013869
2.671100, 3.059749, -0.042077
2.671100, 2.673683, -0.000222
2.671100, 2.999435, 0.036721
2.671100, 11.705875, 0.012306
2.671100, 3.055941, -0.041732
2.671100, 2.675585, 0.000032
2.671100, 3.064802, 0.042499
2.671100, 11.679315, -0.015834
2.671100, 2.991961, -0.036042
2.671100, 2.673097, 0.000207
2.671100, 3.048234, 0.041080
2.671100, 11.723764, -0.009211
2.671100, 3.005982, -0.037333
2.671100, 2.671406, -0.000098
2.671100, 2.979420, 0.034900
2.671100, 11.618343, 0.021884
2.671100, 3.080523, -0.043850
2.671100, 2.675084, -0.000207
2.671100, 3.024054, 0.038929
2.671100, 11.746071, 0.001134
2.671100, 3.029246, -0.039390
2.671100, 2.675254, 0.000189
2.671100, 3.080817, 0.043873
2.671100, 11.617080, -0.021991
2.671100, 2.979211, -0.034879
2.671100, 2.671607, 0.000123
2.671100, 3.012709, 0.037939
2.671100, 11.736404, 0.006137
2.671100, 3.040834, -0.040434
2.671100, 2.672741, -0.000195
2.671100, 2.987860, 0.035669
2.671100, 11.661663, 0.017797
2.671100, 3.069831, -0.042932
2.671100, 2.675567, -0.000071
2.671100, 3.050339, 0.041244
2.671100, 11.719485, -0.010029
2.671100, 3.004331, -0.037163
2.671100, 2.674032, 0.000227
2.671100, 3.066165, 0.042629
2.671100, 11.674503, -0.016397
2.671100, 2.990698, -0.035942
2.671100, 2.671112, -0.000020
2.671100, 2.985198, 0.035436
2.671100, 11.649335, 0.019052
2.671100, 3.073032, -0.043215
2.671100, 2.674441, -0.000229
2.671100, 3.010733, 0.037739
2.671100, 11.732941, 0.007093
2.671100, 3.043243, -0.040624
2.671100, 2.675515, 0.000117
2.671100, 3.075267, 0.043398
2.671100, 11.640610, -0.019887
2.671100, 2.983533, -0.035274
2.671100, 2.672316, 0.000176
2.671100, 3.031374, 0.039601
2.671100, 11.745299, -0.002113
2.671100, 3.021696, -0.038743
2.671100, 2.671923, -0.000152
2.671100, 2.980484, 0.034995
2.671100, 11.624254, 0.021371
2.671100, 3.079176, -0.043733
2.671100, 2.675412, -0.000158
2.671100, 3.036013, 0.039988
2.671100, 11.742038, -0.004043
2.671100, 3.017495, -0.038344
2.671100, 2.674805, 0.000222
2.671100, 3.078055, 0.043642
2.671100, 11.628934, -0.020959
2.671100, 2.981294, -0.035075
2.671100, 2.671216, 0.000061
2.671100, 2.997965, 0.036606
2.671100, 11.701607, 0.012946
2.671100, 3.057437, -0.041878
2.671100, 2.673561, -0.000219
2.671100, 2.997820, 0.036574
2.671100, 11.700736, 0.013063
2.671100, 3.057823, -0.041895
2.671100, 2.675588, 0.000019
2.671100, 3.063006, 0.042344
2.671100, 11.685175, -0.015126
2.671100, 2.993450, -0.036178
2.671100, 2.673219, 0.000211
2.671100, 3.050702, 0.041294
2.671100, 11.718502, -0.010222
2.671100, 3.003796, -0.037135
2.671100, 2.671348, -0.000089
2.671100, 2.979736, 0.034930
2.671100, 11.620173, 0.021727
2.671100, 3.080102, -0.043814
2.671100, 2.675017, -0.000212
2.671100, 3.022319, 0.038774
2.671100, 11.745450, 0.001899
2.671100, 3.031013, -0.039546
2.671100, 2.675302, 0.000182
2.671100, 3.080600, 0.043855
2.671100, 11.618043, -0.021909
2.671100, 2.979381, -0.034895
2.671100, 2.671684, 0.000131
2.671100, 3.015040, 0.038148
2.671100, 11.739570, 0.005084
2.671100, 3.038334, -0.040214
2.671100, 2.672626, -0.000190
2.671100, 2.986607, 0.035554
2.671100, 11.655825, 0.018400
2.671100, 3.071391, -0.043066
2.671100, 2.675557, -0.000084
2.671100, 3.048458, 0.041080
2.671100, 11.723473, -0.009257
2.671100, 3.006006, -0.037314
2.671100, 2.674144, 0.000228
2.671100, 3.068139, 0.042798
2.671100, 11.667600, -0.017166
2.671100, 2.989097, -0.035795
2.671100, 2.671103, -0.000010
2.671100, 2.986487, 0.035555
2.671100, 11.655604, 0.018426
2.671100, 3.071401, -0.043076
2.671100, 2.674339, -0.000229
2.671100, 3.009039, 0.037587
2.671100, 11.729850, 0.007865
2.671100, 3.045095, -0.040786
2.671100, 2.675533, 0.000106
2.671100, 3.073975, 0.043287
2.671100, 11.645793, -0.019393
2.671100, 2.984552, -0.035367
2.671100, 2.672424, 0.000181
2.671100, 3.033850, 0.039820
2.671100, 11.743791, -0.003176
2.671100, 3.019300, -0.038529
2.671100, 2.671834, -0.000145
2.671100, 2.979986, 0.034949
2.671100, 11.621466, 0.021614
2.671100, 3.079820, -0.043788
2.671100, 2.675377, -0.000167
2.671100, 3.034218, 0.039829
2.671100, 11.743540, -0.003276
2.671100, 3.019212, -0.038497
2.671100, 2.674885, 0.000219
2.671100, 3.078933, 0.043716
2.671100, 11.625208, -0.021289
2.671100, 2.980623, -0.035013
2.671100, 2.671258, 0.000071
2.671100, 2.999992, 0.036790
2.671100, 11.707959, 0.011995
2.671100, 3.055070, -0.041673
2.671100, 2.673439, -0.000216
2.671100, 2.996230, 0.036430
2.671100, 11.695357, 0.013811
2.671100, 3.059694, -0.042058
2.671100, 2.675589, 0.000005
2.671100, 3.061177, 0.042186
2.671100, 11.690901, -0.014401
2.671100, 2.994980, -0.036317
2.671100, 2.673341, 0.000214
2.671100, 3.053143, 0.041506
2.671100, 11.712802, -0.011215
2.671100, 3.001660, -0.036942
2.671100, 2.671296, -0.000079
2.671100, 2.980178, 0.034971
2.671100, 11.622698, 0.021508
2.671100, 3.079518, -0.043765
2.671100, 2.674946, -0.000216
2.671100, 3.020591, 0.038620
2.671100, 11.744515, 0.002664
2.671100, 3.032790, -0.039703
2.671100, 2.675345, 0.000174
2.671100, 3.080227, 0.043823
2.671100, 11.619683, -0.021768
2.671100, 2.979670, -0.034921
2.671100, 2.671765, 0.000139
2.671100, 3.017397, 0.038359
2.671100, 11.742152, 0.004026
2.671100, 3.035840, -0.039995
2.671100, 2.672512, -0.000186
2.671100, 2.985432, 0.035447
2.671100, 11.650158, 0.018968
2.671100, 3.072865, -0.043192
2.671100, 2.675545, -0.000096
2.671100, 3.046586, 0.040917
2.671100, 11.727143, -0.008484
2.671100, 3.007688, -0.037465
2.671100, 2.674254, 0.000229
2.671100, 3.070001, 0.042957
2.671100, 11.660844, -0.017887
2.671100, 2.987602, -0.035658
2.671100, 2.671100, 0.000001
2.671100, 2.987892, 0.035684
2.671100, 11.662177, 0.017747
2.671100, 3.069638, -0.042926
2.671100, 2.674232, -0.000229
2.671100, 3.007352, 0.037435
2.671100, 11.726436, 0.008638
2.671100, 3.046959, -0.040949
2.671100, 2.675547, 0.000094
2.671100, 3.072578, 0.043168
2.671100, 11.651273, -0.018857
2.671100, 2.985660, -0.035468
2.671100, 2.672535, 0.000187
2.671100, 3.036337, 0.040039
2.671100, 11.741684, -0.004237
2.671100, 3.016925, -0.038317
2.671100, 2.671749, -0.000138
2.671100, 2.979603, 0.034915
2.671100, 11.619303, 0.021801
2.671100, 3.080314, -0.043830
2.671100, 2.675337, -0.000176
2.671100, 3.032434, 0.039672
2.671100, 11.744727, -0.002511
2.671100, 3.020936, -0.038651
2.671100, 2.674961, 0.000215
2.671100, 3.079647, 0.043776
2.671100, 11.622139, -0.021557
2.671100, 2.980080, -0.034962
2.671100, 2.671305, 0.000081
2.671100, 3.002082, 0.036980
2.671100, 11.713973, 0.011019
2.671100, 3.052658, -0.041464
2.671100, 2.673317, -0.000213
2.671100, 2.994671, 0.036289
2.671100, 11.689770, 0.014547
2.671100, 3.061545, -0.042218
2.671100, 2.675589, -0.000008
2.671100, 3.059321, 0.042025
2.671100, 11.696449, -0.013662
2.671100, 2.996546, -0.036459
2.671100, 2.673464, 0.000217
2.671100, 3.055547, 0.041714
2.671100, 11.706715, -0.012187
2.671100, 2.999582, -0.036753
2.671100, 2.671249, -0.000069
2.671100, 2.980747, 0.035024
2.671100, 11.625901, 0.021228
2.671100, 3.078770, -0.043702
2.671100, 2.674870, -0.000220
2.671100, 3.018869, 0.038467
2.671100, 11.743265, 0.003430
2.671100, 3.034576, -0.039861
2.671100, 2.675384, 0.000165
2.671100, 3.079703, 0.043778
2.671100, 11.621974, -0.021570
2.671100, 2.980077, -0.034958
2.671100, 2.671852, 0.000146
2.671100, 3.019777, 0.038572
2.671100, 11.744141, 0.002964
2.671100, 3.033354, -0.039776
2.671100, 2.672402, -0.000180
2.671100, 2.984341, 0.035347
2.671100, 11.644732, 0.019496
2.671100, 3.074242, -0.043310
2.671100, 2.675530, -0.000108
2.671100, 3.044724, 0.040754
2.671100, 11.730493, -0.007711
2.671100, 3.009377, -0.037617
2.671100, 2.674359, 0.000229
2.671100, 3.071738, 0.043105
2.671100, 11.654325, -0.018556
2.671100, 2.986220, -0.035531
2.671100, 2.671104, 0.000012
2.671100, 2.989409, 0.035824
2.671100, 11.668970, 0.017017
2.671100, 3.067754, -0.042765
2.671100, 2.674122, -0.000228
2.671100, 3.005670, 0.037284
2.671100, 11.722701, 0.009411
2.671100, 3.048833, -0.041113
2.671100, 2.675559, 0.000082
2.671100, 3.071086, 0.043040
2.671100, 11.656980, -0.018283
2.671100, 2.986851, -0.035577
2.671100, 2.672649, 0.000191
2.671100, 3.038833, 0.040258
2.671100, 11.738984, -0.005295
2.671100, 3.014572, -0.038106
2.671100, 2.671668, -0.000130
2.671100, 2.979337, 0.034891
2.671100, 11.617796, 0.021930
2.671100, 3.080656, -0.043859
2.671100, 2.675292, -0.000183
2.671100, 3.030660, 0.039515
2.671100, 11.745599, -0.001746
2.671100, 3.022665, -0.038805
2.671100, 2.675031, 0.000211
2.671100, 3.080199, 0.043823
2.671100, 11.619751, -0.021763
2.671100, 2.979663, -0.034923
2.671100, 2.671359, 0.000091
2.671100, 3.004229, 0.037174
2.671100, 11.719590, 0.010022
2.671100, 3.050211, -0.041252
2.671100, 2.673194, -0.000210
2.671100, 2.993149, 0.036150
2.671100, 11.684013, 0.015269
2.671100, 3.063368, -0.042375
2.671100, 2.675587, -0.000022
2.671100, 3.057448, 0.041863
2.671100, 11.701783, -0.012912
2.671100, 2.998141, -0.036603
2.671100, 2.673586, 0.000220
2.671100, 3.057904, 0.041918
2.671100, 11.700303, -0.013133
2.671100, 2.997569, -0.036570
2.671100, 2.671208, -0.000059
2.671100, 2.981443, 0.035089
2.671100, 11.629754, 0.020886
2.671100, 3.077861, -0.043625
2.671100, 2.674789, -0.000223
2.671100, 3.017153, 0.038314
2.671100, 11.741700, 0.004196
2.671100, 3.036372, -0.040019
2.671100, 2.675419, 0.000156
2.671100, 3.079030, 0.043720
2.671100, 11.624883, -0.021316
2.671100, 2.980598, -0.035005
2.671100, 2.671942, 0.000153
2.671100, 3.022177, 0.038786
2.671100, 11.745527, 0.001900
2.671100, 3.030880, -0.039558
2.671100, 2.672295, -0.000175
2.671100, 2.983342, 0.035256
2.671100, 11.639616, 0.019981
2.671100, 3.075511, -0.043419
2.671100, 2.675512, -0.000120
2.671100, 3.042874, 0.040591
2.671100, 11.733520, -0.006939
2.671100, 3.011071, -0.037769
2.671100, 2.674461, 0.000229
2.671100, 3.073341, 0.043242
2.671100, 11.648127, -0.019170
2.671100, 2.984955, -0.035414
2.671100, 2.671115, 0.000022
2.671100, 2.991030, 0.035972
2.671100, 11.675892, 0.016238
2.671100, 3.065757, -0.042594
2.671100, 2.674009, -0.000227
2.671100, 3.003998, 0.037133
2.671100, 11.718651, 0.010183
2.671100, 3.050715, -0.041277
2.671100, 2.675569, 0.000069
2.671100, 3.069510, 0.042904
2.671100, 11.662843, -0.017673
2.671100, 2.988119, -0.035692
2.671100, 2.672765, 0.000196
2.671100, 3.041334, 0.040477
2.671100, 11.735703, -0.006346
2.671100, 3.012246, -0.037897
2.671100, 2.671592, -0.000122
2.671100, 2.979191, 0.034878
2.671100, 11.616970, 0.022000
2.671100, 3.080842, -0.043876
2.671100, 2.675244, -0.000191
2.671100, 3.028895, 0.039358
2.671100, 11.746157, -0.000981
2.671100, 3.024402, -0.038960
2.671100, 2.675097, 0.000206
2.671100, 3.080587, 0.043855
2.671100, 11.618062, -0.021908
2.671100, 2.979372, -0.034896
2.671100, 2.671418, 0.000100
2.671100, 3.006425, 0.037373
2.671100, 11.724759, 0.009007
2.671100, 3.047739, -0.041037
2.671100, 2.673072, -0.000206
2.671100, 2.991670, 0.036016
2.671100, 11.678132, 0.015973
2.671100, 3.065156, -0.042530
2.671100, 2.675584, -0.000035
2.671100, 3.055564, 0.041699
2.671100, 11.706870, -0.012154
2.671100, 2.999760, -0.036750
2.671100, 2.673707, 0.000222
2.671100, 3.060203, 0.042116
2.671100, 11.693635, -0.014049
2.671100, 2.995628, -0.036393
2.671100, 2.671174, -0.000049
2.671100, 2.982266, 0.035165
2.671100, 11.634218, 0.020482
2.671100, 3.076791, -0.043535
2.671100, 2.674703, -0.000225
2.671100, 3.015442, 0.038161
2.671100, 11.739817, 0.004964
2.671100, 3.038180, -0.040179
2.671100, 2.675450, 0.000147
2.671100, 3.078215, 0.043650
2.671100, 11.628370, -0.021008
2.671100, 2.981230, -0.035063
2.671100, 2.672036, 0.000160
2.671100, 3.024596, 0.039001
2.671100, 11.746308, 0.000835
2.671100, 3.028420, -0.039340
2.671100, 2.672191, -0.000169
2.671100, 2.982438, 0.035173
2.671100, 11.634880, 0.020419
2.671100, 3.076664, -0.043518
2.671100, 2.675490, -0.000131
2.671100, 3.041036, 0.040430
2.671100, 11.736225, -0.006169
2.671100, 3.012770, -0.037921
2.671100, 2.674559, 0.000228
