init_r,r,ur
2.670100, 2.971570, 0.034181
2.670100, 11.569125, 0.025755
2.670100, 3.090974, -0.044739
2.670100, 2.674652, -0.000335
2.670100, 2.999713, 0.036738
2.670100, 11.706575, 0.012196
2.670100, 3.055706, -0.041705
2.670100, 2.676407, 0.000132
2.670100, 3.091726, 0.044789
2.670100, 11.565723, -0.025997
2.670100, 2.971187, -0.034127
2.670100, 2.672451, 0.000283
2.670100, 3.048165, 0.041079
2.670100, 11.723861, -0.009195
2.670100, 3.005986, -0.037339
2.670100, 2.670688, -0.000184
2.670100, 2.956246, 0.032739
2.670100, 11.445468, 0.033571
2.670100, 3.113254, -0.046590
2.670100, 2.676079, -0.000328
2.670100, 3.023678, 0.038887
2.670100, 11.745923, 0.001319
2.670100, 3.029720, -0.039424
2.670100, 2.676260, 0.000305
2.670100, 3.113079, 0.046574
2.670100, 11.446579, -0.033509
2.670100, 2.956379, -0.032750
2.670100, 2.670972, 0.000216
2.670100, 3.015037, 0.038153
2.670100, 11.739624, 0.005071
2.670100, 3.038272, -0.040214
2.670100, 2.671953, -0.000270
2.670100, 2.964943, 0.033548
2.670100, 11.519516, 0.029139
2.670100, 3.100494, -0.045525
2.670100, 2.676425, -0.000194
2.670100, 3.047542, 0.040993
2.670100, 11.725361, -0.008862
2.670100, 3.006906, -0.037387
2.670100, 2.675172, 0.000344
2.670100, 3.100640, 0.045547
2.670100, 11.518413, -0.029212
2.670100, 2.964722, -0.033541
2.670100, 2.670160, 0.000058
2.670100, 2.980365, 0.034997
2.670100, 11.624050, 0.021393
2.670100, 3.079168, -0.043742
2.670100, 2.674050, -0.000320
2.670100, 2.992010, 0.036039
2.670100, 11.679320, 0.015831
2.670100, 3.064830, -0.042495
2.670100, 2.676374, 0.000061
2.670100, 3.081491, 0.043922
2.670100, 11.614303, -0.022223
2.670100, 2.978800, -0.034830
2.670100, 2.673026, 0.000296
2.670100, 3.059195, 0.042034
2.670100, 11.696540, -0.013660
2.670100, 2.996419, -0.036471
2.670100, 2.670448, -0.000142
2.670100, 2.958022, 0.032909
2.670100, 11.461746, 0.032649
2.670100, 3.110540, -0.046367
2.670100, 2.675808, -0.000341
2.670100, 3.017617, 0.038347
2.670100, 11.742086, 0.004009
2.670100, 3.035976, -0.039977
2.670100, 2.676363, 0.000272
2.670100, 3.110119, 0.046328
2.670100, 11.464397, -0.032495
2.670100, 2.958357, -0.032934
2.670100, 2.671298, 0.000241
2.670100, 3.023634, 0.038921
2.670100, 11.746098, 0.001244
2.670100, 3.029332, -0.039426
2.670100, 2.671539, -0.000254
2.670100, 2.960490, 0.033133
2.670100, 11.482975, 0.031404
2.670100, 3.106958, -0.046065
2.670100, 2.676402, -0.000244
2.670100, 3.040368, 0.040364
2.670100, 11.737164, -0.005870
2.670100, 3.013475, -0.037977
2.670100, 2.675583, 0.000344
2.670100, 3.107402, 0.046108
2.670100, 11.480187, -0.031571
2.670100, 2.960111, -0.033107
2.670100, 2.670313, 0.000110
2.670100, 2.989952, 0.035880
2.670100, 11.671499, 0.016739
2.670100, 3.067009, -0.042706
2.670100, 2.673431, -0.000305
2.670100, 2.984101, 0.035317
2.670100, 11.643259, 0.019634
2.670100, 3.074644, -0.043338
2.670100, 2.676362, -0.000012
2.670100, 3.071294, 0.043051
2.670100, 11.656316, -0.018348
2.670100, 2.986759, -0.035561
2.670100, 2.673637, 0.000310
2.670100, 3.071035, 0.043050
2.670100, 11.656884, -0.018298
2.670100, 2.986715, -0.035583
2.670100, 2.670254, -0.000093
2.670100, 2.961436, 0.033232
2.670100, 11.491514, 0.030891
2.670100, 3.105437, -0.045945
2.670100, 2.675456, -0.000345
2.670100, 3.011337, 0.037785
2.670100, 11.733867, 0.006838
2.670100, 3.042675, -0.040567
2.670100, 2.676414, 0.000228
2.670100, 3.105041, 0.045905
2.670100, 11.494022, -0.030736
2.670100, 2.961798, -0.033255
2.670100, 2.671670, 0.000260
2.670100, 3.032248, 0.039684
2.670100, 11.744835, -0.002502
2.670100, 3.020785, -0.038667
2.670100, 2.671184, -0.000233
2.670100, 2.957519, 0.032856
2.670100, 11.456914, 0.032925
2.670100, 3.111370, -0.046432
2.670100, 2.676336, -0.000284
2.670100, 3.033847, 0.039789
2.670100, 11.743818, -0.003099
2.670100, 3.019657, -0.038529
2.670100, 2.675908, 0.000337
2.670100, 3.111732, 0.046465
2.670100, 11.454629, -0.033055
2.670100, 2.957238, -0.032834
2.670100, 2.670524, 0.000157
2.670100, 2.999652, 0.036765
2.670100, 11.707045, 0.012139
2.670100, 3.055398, -0.041706
2.670100, 2.672828, -0.000291
2.670100, 2.976172, 0.034588
2.670100, 11.598476, 0.023519
2.670100, 3.084970, -0.044217
2.670100, 2.676384, -0.000085
2.670100, 3.061693, 0.042224
2.670100, 11.689403, -0.014592
2.670100, 2.994619, -0.036277
2.670100, 2.674256, 0.000325
2.670100, 3.083234, 0.044087
2.670100, 11.606060, -0.022912
2.670100, 2.977280, -0.034712
2.670100, 2.670127, -0.000039
2.670100, 2.966747, 0.033731
2.670100, 11.534150, 0.028184
2.670100, 3.097737, -0.045305
2.670100, 2.675010, -0.000342
2.670100, 3.004575, 0.037177
2.670100, 11.719959, 0.009936
2.670100, 3.050151, -0.041221
2.670100, 2.676423, 0.000175
2.670100, 3.097813, 0.045300
2.670100, 11.534067, -0.028187
2.670100, 2.966826, -0.033723
2.670100, 2.672109, 0.000275
2.670100, 3.041451, 0.040493
2.670100, 11.735510, -0.006408
2.670100, 3.012078, -0.037888
2.670100, 2.670872, -0.000206
2.670100, 2.956111, 0.032725
2.670100, 11.444141, 0.033645
2.670100, 3.113478, -0.046608
2.670100, 2.676210, -0.000314
2.670100, 3.027688, 0.039244
2.670100, 11.746338, -0.000437
2.670100, 3.025689, -0.039066
2.670100, 2.676150, 0.000322
2.670100, 3.113537, 0.046613
2.670100, 11.443763, -0.033667
2.670100, 2.956066, -0.032722
2.670100, 2.670778, 0.000196
2.670100, 3.009080, 0.037618
2.670100, 11.730320, 0.007774
2.670100, 3.044726, -0.040779
2.670100, 2.672274, -0.000279
2.670100, 2.968901, 0.033915
2.670100, 11.549478, 0.027143
2.670100, 3.094897, -0.045055
2.670100, 2.676417, -0.000154
2.670100, 3.052857, 0.041457
2.670100, 11.713755, -0.011041
2.670100, 3.002190, -0.036962
2.670100, 2.674838, 0.000339
2.670100, 3.094524, 0.045036
2.670100, 11.551065, -0.027036
2.670100, 2.969019, -0.033943
2.670100, 2.670107, 0.000020
2.670100, 2.974349, 0.034440
2.670100, 11.587694, 0.024367
2.670100, 3.087173, -0.044419
2.670100, 2.674456, -0.000330
2.670100, 2.997176, 0.036509
2.670100, 11.698434, 0.013385
2.670100, 3.058665, -0.041962
2.670100, 2.676396, 0.000109
2.670100, 3.088383, 0.044506
2.670100, 11.582252, -0.024777
2.670100, 2.973634, -0.034354
2.670100, 2.672637, 0.000287
2.670100, 3.051738, 0.041389
2.670100, 11.716092, -0.010657
2.670100, 3.002829, -0.037053
2.670100, 2.670603, -0.000170
2.670100, 2.956644, 0.032778
2.670100, 11.449170, 0.033364
2.670100, 3.112640, -0.046540
2.670100, 2.675998, -0.000333
2.670100, 3.021664, 0.038708
2.670100, 11.745083, 0.002208
2.670100, 3.031776, -0.039606
2.670100, 2.676302, 0.000295
2.670100, 3.112362, 0.046515
2.670100, 11.450933, -0.033264
2.670100, 2.956857, -0.032794
2.670100, 2.671076, 0.000225
2.670100, 3.017942, 0.038413
2.670100, 11.742709, 0.003768
2.670100, 3.035203, -0.039944
2.670100, 2.671807, -0.000265
2.670100, 2.963267, 0.033392
2.670100, 11.506122, 0.029989
2.670100, 3.102905, -0.045727
2.670100, 2.676422, -0.000212
2.670100, 3.045047, 0.040775
2.670100, 11.729981, -0.007828
2.670100, 3.009164, -0.037590
2.670100, 2.675321, 0.000345
2.670100, 3.103206, 0.045760
2.670100, 11.504162, -0.030113
2.670100, 2.962956, -0.033375
2.670100, 2.670203, 0.000076
2.670100, 2.983530, 0.035290
2.670100, 11.641117, 0.019844
2.670100, 3.075074, -0.043395
2.670100, 2.673843, -0.000315
2.670100, 2.989381, 0.035800
2.670100, 11.668260, 0.017087
2.670100, 3.068041, -0.042772
2.670100, 2.676366, 0.000037
2.670100, 3.078028, 0.043627
2.670100, 11.629319, -0.020920
2.670100, 2.981459, -0.035075
2.670100, 2.673228, 0.000300
2.670100, 3.063081, 0.042369
2.670100, 11.684648, -0.015200
2.670100, 2.993172, -0.036174
2.670100, 2.670378, -0.000126
2.670100, 2.958984, 0.033000
2.670100, 11.470323, 0.032152
2.670100, 3.109089, -0.046248
2.670100, 2.675699, -0.000343
2.670100, 3.015553, 0.038163
2.670100, 11.739871, 0.004934
2.670100, 3.038152, -0.040169
2.670100, 2.676385, 0.000258
2.670100, 3.108640, 0.046205
2.670100, 11.473150, -0.031985
2.670100, 2.959352, -0.033026
2.670100, 2.671416, 0.000247
2.670100, 3.026484, 0.039174
2.670100, 11.746513, -0.000005
2.670100, 3.026459, -0.039172
2.670100, 2.671415, -0.000247
2.670100, 2.959343, 0.033026
2.670100, 11.473068, 0.031990
2.670100, 3.108654, -0.046206
2.670100, 2.676385, -0.000258
2.670100, 3.038133, 0.040167
2.670100, 11.739893, -0.004925
2.670100, 3.015571, -0.038164
2.670100, 2.675700, 0.000343
2.670100, 3.109103, 0.046249
2.670100, 11.470242, -0.032157
2.670100, 2.958975, -0.032999
2.670100, 2.670378, 0.000126
2.670100, 2.993200, 0.036177
2.670100, 11.684758, 0.015186
2.670100, 3.063047, -0.042366
2.670100, 2.673226, -0.000300
2.670100, 2.981436, 0.035073
2.670100, 11.629191, 0.020932
2.670100, 3.078058, -0.043630
2.670100, 2.676366, -0.000037
2.670100, 3.068013, 0.042769
2.670100, 11.668361, -0.017076
2.670100, 2.989404, -0.035802
2.670100, 2.673844, 0.000315
2.670100, 3.075110, 0.043398
2.670100, 11.640972, -0.019858
2.670100, 2.983502, -0.035287
2.670100, 2.670203, -0.000076
2.670100, 2.962970, 0.033376
2.670100, 11.504281, 0.030106
2.670100, 3.103184, -0.045759
2.670100, 2.675319, -0.000345
2.670100, 3.009144, 0.037588
2.670100, 11.729943, 0.007837
2.670100, 3.045069, -0.040777
2.670100, 2.676422, 0.000212
2.670100, 3.102885, 0.045725
2.670100, 11.506235, -0.029982
2.670100, 2.963281, -0.033393
2.670100, 2.671808, 0.000265
2.670100, 3.035230, 0.039947
2.670100, 11.742686, -0.003779
2.670100, 3.017917, -0.038411
2.670100, 2.671075, -0.000225
2.670100, 2.956852, 0.032794
2.670100, 11.450887, 0.033267
2.670100, 3.112370, -0.046515
2.670100, 2.676302, -0.000295
2.670100, 3.031758, 0.039604
2.670100, 11.745092, -0.002201
2.670100, 3.021682, -0.038710
2.670100, 2.675998, 0.000333
2.670100, 3.112647, 0.046540
2.670100, 11.449129, -0.033366
2.670100, 2.956639, -0.032777
2.670100, 2.670604, 0.000171
2.670100, 3.002857, 0.037056
2.670100, 11.716166, 0.010644
2.670100, 3.051706, -0.041386
2.670100, 2.672635, -0.000287
2.670100, 2.973612, 0.034352
2.670100, 11.582107, 0.024788
2.670100, 3.088413, -0.044509
2.670100, 2.676396, -0.000109
2.670100, 3.058639, 0.041960
2.670100, 11.698510, -0.013374
2.670100, 2.997199, -0.036511
2.670100, 2.674458, 0.000330
2.670100, 3.087207, 0.044422
2.670100, 11.587531, -0.024379
2.670100, 2.974324, -0.034438
2.670100, 2.670107, -0.000020
2.670100, 2.969041, 0.033945
2.670100, 11.551220, 0.027026
2.670100, 3.094494, -0.045034
2.670100, 2.674836, -0.000339
2.670100, 3.002169, 0.036960
2.670100, 11.713696, 0.011051
2.670100, 3.052881, -0.041459
2.670100, 2.676417, 0.000154
2.670100, 3.094870, 0.045053
2.670100, 11.549618, -0.027133
2.670100, 2.968920, -0.033917
2.670100, 2.672276, 0.000279
2.670100, 3.044756, 0.040782
2.670100, 11.730269, -0.007787
2.670100, 3.009053, -0.037615
2.670100, 2.670777, -0.000195
2.670100, 2.956067, 0.032722
2.670100, 11.443769, 0.033666
2.670100, 3.113536, -0.046613
2.670100, 2.676149, -0.000322
2.670100, 3.025671, 0.039065
2.670100, 11.746336, 0.000444
2.670100, 3.027705, -0.039245
2.670100, 2.676210, 0.000314
2.670100, 3.113476, 0.046607
2.670100, 11.444153, -0.033645
2.670100, 2.956112, -0.032725
2.670100, 2.670873, 0.000207
2.670100, 3.012105, 0.037890
2.670100, 11.735551, 0.006396
2.670100, 3.041422, -0.040490
2.670100, 2.672108, -0.000275
2.670100, 2.966809, 0.033721
2.670100, 11.533935, 0.028196
2.670100, 3.097838, -0.045302
2.670100, 2.676423, -0.000175
2.670100, 3.050128, 0.041219
2.670100, 11.720010, -0.009926
2.670100, 3.004596, -0.037179
2.670100, 2.675012, 0.000342
2.670100, 3.097764, 0.045307
2.670100, 11.534006, -0.028194
2.670100, 2.966728, -0.033729
2.670100, 2.670127, 0.000039
2.670100, 2.977307, 0.034714
2.670100, 11.606221, 0.022899
2.670100, 3.083199, -0.044084
2.670100, 2.674254, -0.000325
2.670100, 2.994596, 0.036275
2.670100, 11.689318, 0.014602
2.670100, 3.061721, -0.042227
2.670100, 2.676384, 0.000085
2.670100, 3.084939, 0.044215
2.670100, 11.598618, -0.023508
2.670100, 2.976195, -0.034590
2.670100, 2.672830, 0.000292
2.670100, 3.055431, 0.041709
2.670100, 11.706959, -0.012152
2.670100, 2.999624, -0.036762
2.670100, 2.670523, -0.000156
2.670100, 2.957244, 0.032835
2.670100, 11.454685, 0.033052
2.670100, 3.111723, -0.046465
2.670100, 2.675907, -0.000337
2.670100, 3.019639, 0.038528
2.670100, 11.743805, 0.003107
2.670100, 3.033866, -0.039791
2.670100, 2.676336, 0.000284
2.670100, 3.111360, 0.046431
2.670100, 11.456974, -0.032921
2.670100, 2.957526, -0.032856
2.670100, 2.671185, 0.000233
2.670100, 3.020810, 0.038669
2.670100, 11.744850, 0.002491
2.670100, 3.032222, -0.039681
2.670100, 2.671669, -0.000260
2.670100, 2.961786, 0.033253
2.670100, 11.493920, 0.030743
2.670100, 3.105059, -0.045906
2.670100, 2.676414, -0.000229
2.670100, 3.042654, 0.040565
2.670100, 11.733899, -0.006830
2.670100, 3.011356, -0.037787
2.670100, 2.675458, 0.000345
2.670100, 3.105455, 0.045947
2.670100, 11.491409, -0.030897
2.670100, 2.961424, -0.033230
2.670100, 2.670255, 0.000093
2.670100, 2.986743, 0.035585
2.670100, 11.657018, 0.018284
2.670100, 3.071000, -0.043047
2.670100, 2.673635, -0.000310
2.670100, 2.986736, 0.035558
2.670100, 11.656206, 0.018359
2.670100, 3.071323, -0.043054
2.670100, 2.676362, 0.000012
2.670100, 3.074614, 0.043336
2.670100, 11.643378, -0.019623
2.670100, 2.984125, -0.035319
2.670100, 2.673433, 0.000305
2.670100, 3.067044, 0.042709
2.670100, 11.671376, -0.016752
2.670100, 2.989924, -0.035877
2.670100, 2.670313, -0.000110
2.670100, 2.960122, 0.033108
2.670100, 11.480280, 0.031566
2.670100, 3.107386, -0.046107
2.670100, 2.675582, -0.000344
2.670100, 3.013457, 0.037975
2.670100, 11.737137, 0.005878
2.670100, 3.040388, -0.040366
2.670100, 2.676402, 0.000244
2.670100, 3.106943, 0.046064
2.670100, 11.483067, -0.031398
2.670100, 2.960501, -0.033134
2.670100, 2.671540, 0.000254
2.670100, 3.029357, 0.039428
2.670100, 11.746091, -0.001255
2.670100, 3.023609, -0.038918
2.670100, 2.671297, -0.000241
2.670100, 2.958349, 0.032933
2.670100, 11.464326, 0.032499
2.670100, 3.110131, -0.046329
2.670100, 2.676363, -0.000272
2.670100, 3.035957, 0.039975
2.670100, 11.742104, -0.004000
2.670100, 3.017635, -0.038349
2.670100, 2.675809, 0.000341
2.670100, 3.110551, 0.046368
2.670100, 11.461677, -0.032653
2.670100, 2.958015, -0.032908
2.670100, 2.670449, 0.000142
2.670100, 2.996447, 0.036473
2.670100, 11.696638, 0.013647
2.670100, 3.059161, -0.042031
2.670100, 2.673025, -0.000296
2.670100, 2.978777, 0.034828
2.670100, 11.614167, 0.022235
2.670100, 3.081521, -0.043925
2.670100, 2.676374, -0.000061
2.670100, 3.064803, 0.042493
2.670100, 11.679413, -0.015820
2.670100, 2.992033, -0.036042
2.670100, 2.674052, 0.000320
2.670100, 3.079204, 0.043745
2.670100, 11.623896, -0.021406
2.670100, 2.980337, -0.034995
2.670100, 2.670159, -0.000058
2.670100, 2.964739, 0.033542
2.670100, 11.518545, 0.029204
2.670100, 3.100616, -0.045545
2.670100, 2.675170, -0.000344
2.670100, 3.006886, 0.037385
2.670100, 11.725317, 0.008872
2.670100, 3.047564, -0.040995
2.670100, 2.676425, 0.000194
2.670100, 3.100471, 0.045523
2.670100, 11.519639, -0.029131
2.670100, 2.964958, -0.033549
2.670100, 2.671954, 0.000270
2.670100, 3.038300, 0.040216
2.670100, 11.739592, -0.005082
2.670100, 3.015012, -0.038151
2.670100, 2.670971, -0.000216
2.670100, 2.956376, 0.032749
2.670100, 11.446549, 0.033511
2.670100, 3.113084, -0.046575
2.670100, 2.676260, -0.000305
2.670100, 3.029702, 0.039422
2.670100, 11.745928, -0.001312
2.670100, 3.023696, -0.038889
2.670100, 2.676079, 0.000328
2.670100, 3.113258, 0.046590
2.670100, 11.445444, -0.033573
2.670100, 2.956244, -0.032739
2.670100, 2.670689, 0.000184
2.670100, 3.006013, 0.037341
2.670100, 11.723924, 0.009183
2.670100, 3.048134, -0.041076
2.670100, 2.672449, -0.000283
2.670100, 2.971166, 0.034125
2.670100, 11.565579, 0.026007
2.670100, 3.091755, -0.044791
2.670100, 2.676407, -0.000132
2.670100, 3.055680, 0.041703
2.670100, 11.706643, -0.012185
2.670100, 2.999735, -0.036740
2.670100, 2.674654, 0.000335
2.670100, 3.091006, 0.044742
2.670100, 11.568963, -0.025766
2.670100, 2.971547, -0.034179
2.670100, 2.670100, 0.000000
2.670100, 2.971594, 0.034183
2.670100, 11.569286, 0.025743
2.670100, 3.090942, -0.044736
2.670100, 2.674650, -0.000335
2.670100, 2.999691, 0.036736
2.670100, 11.706508, 0.012206
2.670100, 3.055731, -0.041707
2.670100, 2.676407, 0.000132
2.670100, 3.091697, 0.044786
2.670100, 11.565867, -0.025986
2.670100, 2.971208, -0.034129
2.670100, 2.672452, 0.000283
2.670100, 3.048196, 0.041081
2.670100, 11.723799, -0.009208
2.670100, 3.005958, -0.037336
2.670100, 2.670688, -0.000183
2.670100, 2.956249, 0.032740
2.670100, 11.445492, 0.033570
2.670100, 3.113250, -0.046590
2.670100, 2.676078, -0.000328
2.670100, 3.023661, 0.038886
2.670100, 11.745917, 0.001327
2.670100, 3.029738, -0.039425
2.670100, 2.676261, 0.000305
2.670100, 3.113074, 0.046574
2.670100, 11.446609, -0.033507
2.670100, 2.956382, -0.032750
2.670100, 2.670973, 0.000216
2.670100, 3.015063, 0.038156
2.670100, 11.739655, 0.005059
2.670100, 3.038245, -0.040212
2.670100, 2.671951, -0.000270
2.670100, 2.964927, 0.033546
2.670100, 11.519394, 0.029147
2.670100, 3.100516, -0.045527
2.670100, 2.676425, -0.000194
2.670100, 3.047520, 0.040991
2.670100, 11.725405, -0.008853
2.670100, 3.006926, -0.037389
2.670100, 2.675173, 0.000344
2.670100, 3.100664, 0.045549
2.670100, 11.518281, -0.029221
2.670100, 2.964706, -0.033539
2.670100, 2.670160, 0.000058
2.670100, 2.980392, 0.035000
2.670100, 11.624204, 0.021379
2.670100, 3.079132, -0.043739
2.670100, 2.674048, -0.000320
2.670100, 2.991987, 0.036037
2.670100, 11.679228, 0.015842
2.670100, 3.064858, -0.042498
2.670100, 2.676374, 0.000061
2.670100, 3.081460, 0.043919
2.670100, 11.614438, -0.022212
2.670100, 2.978823, -0.034833
2.670100, 2.673028, 0.000296
2.670100, 3.059229, 0.042037
2.670100, 11.696442, -0.013673
2.670100, 2.996390, -0.036468
2.670100, 2.670448, -0.000142
2.670100, 2.958030, 0.032909
2.670100, 11.461815, 0.032645
2.670100, 3.110528, -0.046366
2.670100, 2.675807, -0.000341
2.670100, 3.017599, 0.038346
2.670100, 11.742069, 0.004017
2.670100, 3.035994, -0.039979
2.670100, 2.676363, 0.000271
2.670100, 3.110107, 0.046327
2.670100, 11.464468, -0.032491
2.670100, 2.958365, -0.032934
2.670100, 2.671299, 0.000241
2.670100, 3.023659, 0.038923
2.670100, 11.746106, 0.001233
2.670100, 3.029306, -0.039424
2.670100, 2.671538, -0.000254
2.670100, 2.960479, 0.033132
2.670100, 11.482884, 0.031409
2.670100, 3.106974, -0.046066
2.670100, 2.676402, -0.000244
2.670100, 3.040348, 0.040362
2.670100, 11.737190, -0.005861
2.670100, 3.013494, -0.037979
2.670100, 2.675584, 0.000344
2.670100, 3.107418, 0.046109
2.670100, 11.480094, -0.031577
2.670100, 2.960101, -0.033106
2.670100, 2.670314, 0.000110
2.670100, 2.989981, 0.035882
2.670100, 11.671621, 0.016725
2.670100, 3.066974, -0.042703
2.670100, 2.673429, -0.000305
2.670100, 2.984078, 0.035315
2.670100, 11.643140, 0.019645
2.670100, 3.074673, -0.043341
2.670100, 2.676362, -0.000012
2.670100, 3.071265, 0.043049
2.670100, 11.656426, -0.018337
2.670100, 2.986782, -0.035563
2.670100, 2.673639, 0.000310
2.670100, 3.071071, 0.043053
2.670100, 11.656750, -0.018312
2.670100, 2.986687, -0.035580
2.670100, 2.670254, -0.000093
2.670100, 2.961449, 0.033233
2.670100, 11.491620, 0.030885
2.670100, 3.105419, -0.045944
2.670100, 2.675455, -0.000345
2.670100, 3.011318, 0.037784
2.670100, 11.733836, 0.006847
2.670100, 3.042695, -0.040569
2.670100, 2.676414, 0.000228
2.670100, 3.105023, 0.045903
2.670100, 11.494124, -0.030730
2.670100, 2.961810, -0.033256
2.670100, 2.671671, 0.000260
2.670100, 3.032273, 0.039686
2.670100, 11.744820, -0.002514
2.670100, 3.020760, -0.038665
2.670100, 2.671183, -0.000233
2.670100, 2.957512, 0.032855
2.670100, 11.456855, 0.032928
2.670100, 3.111380, -0.046433
2.670100, 2.676336, -0.000284
2.670100, 3.033829, 0.039787
2.670100, 11.743831, -0.003091
2.670100, 3.019675, -0.038531
2.670100, 2.675908, 0.000337
2.670100, 3.111741, 0.046466
2.670100, 11.454574, -0.033059
2.670100, 2.957232, -0.032834
2.670100, 2.670524, 0.000157
2.670100, 2.999681, 0.036767
2.670100, 11.707131, 0.012126
2.670100, 3.055365, -0.041704
2.670100, 2.672826, -0.000291
2.670100, 2.976149, 0.034586
2.670100, 11.598335, 0.023530
2.670100, 3.085000, -0.044220
2.670100, 2.676384, -0.000085
2.670100, 3.061666, 0.042222
2.670100, 11.689486, -0.014581
2.670100, 2.994642, -0.036279
2.670100, 2.674258, 0.000325
2.670100, 3.083270, 0.044090
2.670100, 11.605900, -0.022925
2.670100, 2.977254, -0.034710
2.670100, 2.670127, -0.000039
2.670100, 2.966766, 0.033732
2.670100, 11.534294, 0.028175
2.670100, 3.097710, -0.045303
2.670100, 2.675009, -0.000342
2.670100, 3.004555, 0.037175
2.670100, 11.719908, 0.009945
2.670100, 3.050174, -0.041223
2.670100, 2.676423, 0.000174
2.670100, 3.097788, 0.045298
2.670100, 11.534199, -0.028178
2.670100, 2.966843, -0.033724
2.670100, 2.672110, 0.000275
2.670100, 3.041479, 0.040495
2.670100, 11.735469, -0.006420
2.670100, 3.012052, -0.037885
2.670100, 2.670871, -0.000206
2.670100, 2.956110, 0.032725
2.670100, 11.444128, 0.033646
2.670100, 3.113480, -0.046608
2.670100, 2.676210, -0.000314
2.670100, 3.027670, 0.039242
2.670100, 11.746340, -0.000429
2.670100, 3.025707, -0.039068
2.670100, 2.676150, 0.000322
2.670100, 3.113538, 0.046613
2.670100, 11.443757, -0.033667
2.670100, 2.956066, -0.032722
2.670100, 2.670779, 0.000196
2.670100, 3.009107, 0.037620
2.670100, 11.730371, 0.007762
2.670100, 3.044697, -0.040776
2.670100, 2.672273, -0.000279
2.670100, 2.968881, 0.033914
2.670100, 11.549339, 0.027152
2.670100, 3.094923, -0.045058
2.670100, 2.676417, -0.000154
2.670100, 3.052832, 0.041455
2.670100, 11.713814, -0.011031
2.670100, 3.002212, -0.036964
2.670100, 2.674839, 0.000339
2.670100, 3.094554, 0.045039
2.670100, 11.550911, -0.027047
2.670100, 2.968998, -0.033941
2.670100, 2.670107, 0.000020
2.670100, 2.974374, 0.034442
2.670100, 11.587857, 0.024354
2.670100, 3.087139, -0.044416
2.670100, 2.674455, -0.000330
2.670100, 2.997154, 0.036507
2.670100, 11.698358, 0.013396
2.670100, 3.058691, -0.041964
2.670100, 2.676396, 0.000109
2.670100, 3.088354, 0.044504
2.670100, 11.582396, -0.024766
2.670100, 2.973656, -0.034356
2.670100, 2.672638, 0.000287
2.670100, 3.051769, 0.041392
2.670100, 11.716018, -0.010670
2.670100, 3.002801, -0.037051
2.670100, 2.670602, -0.000170
2.670100, 2.956648, 0.032778
2.670100, 11.449210, 0.033362
2.670100, 3.112633, -0.046539
2.670100, 2.675997, -0.000333
2.670100, 3.021646, 0.038707
2.670100, 11.745074, 0.002216
2.670100, 3.031795, -0.039608
2.670100, 2.676303, 0.000295
2.670100, 3.112355, 0.046514
2.670100, 11.450979, -0.033261
2.670100, 2.956862, -0.032794
2.670100, 2.671077, 0.000225
2.670100, 3.017968, 0.038415
2.670100, 11.742732, 0.003756
2.670100, 3.035177, -0.039942
2.670100, 2.671805, -0.000265
2.670100, 2.963254, 0.033390
2.670100, 11.506010, 0.029996
2.670100, 3.102925, -0.045728
2.670100, 2.676422, -0.000212
2.670100, 3.045026, 0.040773
2.670100, 11.730018, -0.007819
2.670100, 3.009183, -0.037592
2.670100, 2.675322, 0.000345
2.670100, 3.103227, 0.045762
2.670100, 11.504044, -0.030121
2.670100, 2.962941, -0.033373
2.670100, 2.670203, 0.000076
2.670100, 2.983558, 0.035292
2.670100, 11.641261, 0.019831
2.670100, 3.075038, -0.043392
2.670100, 2.673841, -0.000315
2.670100, 2.989357, 0.035798
2.670100, 11.668158, 0.017098
2.670100, 3.068070, -0.042774
2.670100, 2.676366, 0.000036
2.670100, 3.077998, 0.043625
2.670100, 11.629446, -0.020909
2.670100, 2.981483, -0.035077
2.670100, 2.673230, 0.000300
2.670100, 3.063116, 0.042372
2.670100, 11.684537, -0.015213
2.670100, 2.993143, -0.036172
2.670100, 2.670377, -0.000126
2.670100, 2.958993, 0.033001
2.670100, 11.470405, 0.032147
2.670100, 3.109075, -0.046246
2.670100, 2.675698, -0.000343
2.670100, 3.015534, 0.038161
2.670100, 11.739850, 0.004942
2.670100, 3.038171, -0.040171
2.670100, 2.676385, 0.000258
2.670100, 3.108626, 0.046204
2.670100, 11.473232, -0.031981
2.670100, 2.959361, -0.033027
2.670100, 2.671417, 0.000247
2.670100, 3.026509, 0.039176
2.670100, 11.746513, -0.000016
2.670100, 3.026434, -0.039169
2.670100, 2.671414, -0.000247
2.670100, 2.959333, 0.033025
2.670100, 11.472986, 0.031995
2.670100, 3.108667, -0.046207
2.670100, 2.676385, -0.000258
2.670100, 3.038114, 0.040166
2.670100, 11.739914, -0.004917
2.670100, 3.015589, -0.038166
2.670100, 2.675701, 0.000343
2.670100, 3.109117, 0.046250
2.670100, 11.470161, -0.032162
2.670100, 2.958966, -0.032998
2.670100, 2.670379, 0.000126
2.670100, 2.993229, 0.036180
2.670100, 11.684868, 0.015173
2.670100, 3.063012, -0.042363
2.670100, 2.673225, -0.000300
2.670100, 2.981413, 0.035071
2.670100, 11.629064, 0.020943
2.670100, 3.078088, -0.043632
2.670100, 2.676366, -0.000037
2.670100, 3.067985, 0.042767
2.670100, 11.668462, -0.017065
2.670100, 2.989427, -0.035804
2.670100, 2.673846, 0.000315
2.670100, 3.075146, 0.043401
2.670100, 11.640827, -0.019871
2.670100, 2.983475, -0.035284
2.670100, 2.670202, -0.000076
2.670100, 2.962984, 0.033377
2.670100, 11.504399, 0.030098
2.670100, 3.103163, -0.045757
2.670100, 2.675318, -0.000345
2.670100, 3.009125, 0.037587
2.670100, 11.729906, 0.007846
2.670100, 3.045090, -0.040779
2.670100, 2.676422, 0.000212
2.670100, 3.102865, 0.045723
2.670100, 11.506347, -0.029975
2.670100, 2.963295, -0.033394
2.670100, 2.671809, 0.000265
2.670100, 3.035256, 0.039949
2.670100, 11.742664, -0.003790
2.670100, 3.017892, -0.038409
2.670100, 2.671074, -0.000225
2.670100, 2.956847, 0.032793
2.670100, 11.450841, 0.033269
2.670100, 3.112377, -0.046516
2.670100, 2.676302, -0.000295
2.670100, 3.031740, 0.039603
2.670100, 11.745101, -0.002193
2.670100, 3.021699, -0.038711
2.670100, 2.675999, 0.000333
2.670100, 3.112654, 0.046541
2.670100, 11.449089, -0.033368
2.670100, 2.956635, -0.032777
2.670100, 2.670605, 0.000171
2.670100, 3.002884, 0.037058
2.670100, 11.716240, 0.010631
2.670100, 3.051674, -0.041384
2.670100, 2.672633, -0.000287
2.670100, 2.973590, 0.034350
2.670100, 11.581962, 0.024799
2.670100, 3.088443, -0.044511
2.670100, 2.676396, -0.000109
2.670100, 3.058613, 0.041958
2.670100, 11.698585, -0.013364
2.670100, 2.997221, -0.036513
2.670100, 2.674460, 0.000330
2.670100, 3.087241, 0.044425
2.670100, 11.587368, -0.024392
2.670100, 2.974299, -0.034435
2.670100, 2.670107, -0.000019
2.670100, 2.969062, 0.033947
2.670100, 11.551374, 0.027015
2.670100, 3.094464, -0.045031
2.670100, 2.674835, -0.000339
2.670100, 3.002147, 0.036958
2.670100, 11.713637, 0.011061
2.670100, 3.052906, -0.041462
2.670100, 2.676417, 0.000154
2.670100, 3.094843, 0.045051
2.670100, 11.549758, -0.027123
2.670100, 2.968939, -0.033919
2.670100, 2.672277, 0.000279
2.670100, 3.044785, 0.040784
2.670100, 11.730218, -0.007799
2.670100, 3.009026, -0.037613
2.670100, 2.670777, -0.000195
2.670100, 2.956067, 0.032722
2.670100, 11.443775, 0.033666
2.670100, 3.113535, -0.046613
2.670100, 2.676149, -0.000322
2.670100, 3.025654, 0.039063
2.670100, 11.746334, 0.000452
2.670100, 3.027723, -0.039247
2.670100, 2.676211, 0.000314
2.670100, 3.113473, 0.046607
2.670100, 11.444166, -0.033644
2.670100, 2.956114, -0.032725
2.670100, 2.670874, 0.000207
2.670100, 3.012131, 0.037892
2.670100, 11.735591, 0.006385
2.670100, 3.041394, -0.040488
2.670100, 2.672106, -0.000275
2.670100, 2.966791, 0.033719
2.670100, 11.533803, 0.028205
2.670100, 3.097862, -0.045304
2.670100, 2.676423, -0.000175
2.670100, 3.050104, 0.041217
2.670100, 11.720061, -0.009917
2.670100, 3.004617, -0.037181
2.670100, 2.675013, 0.000342
2.670100, 3.097790, 0.045309
2.670100, 11.533862, -0.028204
2.670100, 2.966709, -0.033727
2.670100, 2.670128, 0.000039
2.670100, 2.977333, 0.034717
2.670100, 11.606382, 0.022886
2.670100, 3.083164, -0.044081
2.670100, 2.674253, -0.000325
2.670100, 2.994574, 0.036273
2.670100, 11.689234, 0.014613
2.670100, 3.061748, -0.042229
2.670100, 2.676384, 0.000085
2.670100, 3.084909, 0.044212
2.670100, 11.598759, -0.023496
2.670100, 2.976217, -0.034592
2.670100, 2.672832, 0.000292
2.670100, 3.055464, 0.041712
2.670100, 11.706873, -0.012165
2.670100, 2.999596, -0.036760
2.670100, 2.670522, -0.000156
2.670100, 2.957250, 0.032835
2.670100, 11.454741, 0.033049
2.670100, 3.111713, -0.046464
2.670100, 2.675906, -0.000337
2.670100, 3.019622, 0.038526
2.670100, 11.743792, 0.003114
2.670100, 3.033884, -0.039792
2.670100, 2.676336, 0.000284
2.670100, 3.111350, 0.046430
2.670100, 11.457034, -0.032918
2.670100, 2.957532, -0.032857
2.670100, 2.671186, 0.000233
2.670100, 3.020835, 0.038671
2.670100, 11.744865, 0.002480
2.670100, 3.032196, -0.039679
2.670100, 2.671667, -0.000259
2.670100, 2.961774, 0.033252
2.670100, 11.493819, 0.030749
2.670100, 3.105076, -0.045908
2.670100, 2.676414, -0.000229
2.670100, 3.042634, 0.040563
2.670100, 11.733930, -0.006821
2.670100, 3.011375, -0.037789
2.670100, 2.675459, 0.000345
2.670100, 3.105474, 0.045949
2.670100, 11.491304, -0.030904
2.670100, 2.961411, -0.033229
2.670100, 2.670255, 0.000094
2.670100, 2.986772, 0.035588
2.670100, 11.657151, 0.018271
2.670100, 3.070964, -0.043044
2.670100, 2.673634, -0.000310
2.670100, 2.986712, 0.035556
2.670100, 11.656096, 0.018370
2.670100, 3.071352, -0.043056
2.670100, 2.676362, 0.000012
2.670100, 3.074585, 0.043333
2.670100, 11.643497, -0.019611
2.670100, 2.984148, -0.035322
2.670100, 2.673435, 0.000305
2.670100, 3.067079, 0.042712
2.670100, 11.671254, -0.016766
2.670100, 2.989896, -0.035875
2.670100, 2.670312, -0.000110
2.670100, 2.960133, 0.033109
2.670100, 11.480374, 0.031560
2.670100, 3.107370, -0.046105
2.670100, 2.675581, -0.000344
2.670100, 3.013438, 0.037974
2.670100, 11.737111, 0.005887
2.670100, 3.040407, -0.040368
2.670100, 2.676402, 0.000244
2.670100, 3.106927, 0.046062
2.670100, 11.483159, -0.031393
2.670100, 2.960512, -0.033135
2.670100, 2.671542, 0.000254
2.670100, 3.029382, 0.039431
2.670100, 11.746084, -0.001266
2.670100, 3.023584, -0.038916
2.670100, 2.671296, -0.000241
2.670100, 2.958341, 0.032932
2.670100, 11.464255, 0.032503
2.670100, 3.110143, -0.046330
2.670100, 2.676363, -0.000272
2.670100, 3.035938, 0.039974
2.670100, 11.742121, -0.003992
2.670100, 3.017653, -0.038350
2.670100, 2.675809, 0.000340
2.670100, 3.110563, 0.046369
2.670100, 11.461609, -0.032657
2.670100, 2.958007, -0.032907
2.670100, 2.670449, 0.000142
2.670100, 2.996476, 0.036476
2.670100, 11.696736, 0.013633
2.670100, 3.059128, -0.042029
2.670100, 2.673023, -0.000296
2.670100, 2.978754, 0.034826
2.670100, 11.614032, 0.022246
2.670100, 3.081552, -0.043927
2.670100, 2.676374, -0.000061
2.670100, 3.064775, 0.042491
2.670100, 11.679506, -0.015809
2.670100, 2.992056, -0.036044
2.670100, 2.674054, 0.000320
2.670100, 3.079240, 0.043749
2.670100, 11.623742, -0.021420
2.670100, 2.980310, -0.034992
2.670100, 2.670159, -0.000057
2.670100, 2.964755, 0.033544
2.670100, 11.518676, 0.029195
2.670100, 3.100592, -0.045543
2.670100, 2.675169, -0.000344
2.670100, 3.006866, 0.037384
2.670100, 11.725273, 0.008881
2.670100, 3.047587, -0.040997
2.670100, 2.676425, 0.000194
2.670100, 3.100449, 0.045521
2.670100, 11.519762, -0.029123
2.670100, 2.964974, -0.033550
2.670100, 2.671955, 0.000270
2.670100, 3.038327, 0.040219
2.670100, 11.739561, -0.005094
2.670100, 3.014986, -0.038149
2.670100, 2.670970, -0.000216
2.670100, 2.956372, 0.032749
2.670100, 11.446519, 0.033512
2.670100, 3.113089, -0.046575
2.670100, 2.676260, -0.000305
2.670100, 3.029684, 0.039421
2.670100, 11.745933, -0.001304
2.670100, 3.023713, -0.038891
2.670100, 2.676080, 0.000328
2.670100, 3.113262, 0.046591
2.670100, 11.445421, -0.033574
2.670100, 2.956241, -0.032739
2.670100, 2.670690, 0.000184
2.670100, 3.006041, 0.037344
2.670100, 11.723986, 0.009170
2.670100, 3.048104, -0.041073
2.670100, 2.672448, -0.000283
2.670100, 2.971146, 0.034123
2.670100, 11.565435, 0.026018
2.670100, 3.091783, -0.044793
2.670100, 2.676407, -0.000132
2.670100, 3.055655, 0.041701
2.670100, 11.706709, -0.012175
2.670100, 2.999757, -0.036742
2.670100, 2.674655, 0.000335
2.670100, 3.091038, 0.044744
2.670100, 11.568802, -0.025778
2.670100, 2.971524, -0.034177
2.670100, 2.670100, 0.000000
2.670100, 2.971617, 0.034186
2.670100, 11.569447, 0.025731
2.670100, 3.090909, -0.044733
2.670100, 2.674648, -0.000335
2.670100, 2.999669, 0.036734
2.670100, 11.706441, 0.012216
2.670100, 3.055757, -0.041710
2.670100, 2.676407, 0.000132
2.670100, 3.091669, 0.044784
2.670100, 11.566012, -0.025976
2.670100, 2.971229, -0.034131
2.670100, 2.672454, 0.000283
2.670100, 3.048227, 0.041084
2.670100, 11.723737, -0.009221
2.670100, 3.005931, -0.037334
2.670100, 2.670687, -0.000183
2.670100, 2.956251, 0.032740
2.670100, 11.445516, 0.033569
2.670100, 3.113246, -0.046589
2.670100, 2.676077, -0.000328
2.670100, 3.023643, 0.038884
2.670100, 11.745912, 0.001335
2.670100, 3.029755, -0.039427
2.670100, 2.676261, 0.000305
2.670100, 3.113069, 0.046573
2.670100, 11.446639, -0.033506
2.670100, 2.956385, -0.032750
2.670100, 2.670974, 0.000216
2.670100, 3.015089, 0.038158
2.670100, 11.739686, 0.005048
2.670100, 3.038218, -0.040209
2.670100, 2.671950, -0.000270
2.670100, 2.964912, 0.033545
2.670100, 11.519271, 0.029155
2.670100, 3.100538, -0.045529
2.670100, 2.676425, -0.000194
2.670100, 3.047497, 0.040989
2.670100, 11.725448, -0.008844
2.670100, 3.006946, -0.037391
2.670100, 2.675175, 0.000344
2.670100, 3.100688, 0.045551
2.670100, 11.518150, -0.029229
2.670100, 2.964689, -0.033538
2.670100, 2.670161, 0.000058
2.670100, 2.980420, 0.035003
2.670100, 11.624358, 0.021366
2.670100, 3.079096, -0.043736
2.670100, 2.674046, -0.000320
2.670100, 2.991964, 0.036035
2.670100, 11.679135, 0.015853
2.670100, 3.064886, -0.042500
2.670100, 2.676374, 0.000061
2.670100, 3.081430, 0.043917
2.670100, 11.614573, -0.022200
2.670100, 2.978847, -0.034835
2.670100, 2.673030, 0.000296
2.670100, 3.059262, 0.042040
2.670100, 11.696344, -0.013687
2.670100, 2.996362, -0.036466
2.670100, 2.670447, -0.000141
2.670100, 2.958038, 0.032910
2.670100, 11.461884, 0.032641
2.670100, 3.110516, -0.046365
2.670100, 2.675806, -0.000341
2.670100, 3.017581, 0.038344
2.670100, 11.742052, 0.004025
2.670100, 3.036013, -0.039980
2.670100, 2.676364, 0.000271
2.670100, 3.110095, 0.046326
2.670100, 11.464540, -0.032487
2.670100, 2.958373, -0.032935
2.670100, 2.671300, 0.000241
2.670100, 3.023684, 0.038925
2.670100, 11.746113, 0.001222
2.670100, 3.029281, -0.039422
2.670100, 2.671537, -0.000254
2.670100, 2.960469, 0.033131
2.670100, 11.482792, 0.031414
2.670100, 3.106990, -0.046067
2.670100, 2.676402, -0.000244
2.670100, 3.040328, 0.040361
2.670100, 11.737216, -0.005853
2.670100, 3.013512, -0.037980
2.670100, 2.675585, 0.000344
2.670100, 3.107434, 0.046111
2.670100, 11.480001, -0.031582
2.670100, 2.960090, -0.033104
2.670100, 2.670314, 0.000110
2.670100, 2.990009, 0.035885
2.670100, 11.671743, 0.016711
2.670100, 3.066939, -0.042700
2.670100, 2.673427, -0.000305
2.670100, 2.984055, 0.035313
2.670100, 11.643021, 0.019657
2.670100, 3.074703, -0.043343
2.670100, 2.676362, -0.000013
2.670100, 3.071236, 0.043046
2.670100, 11.656535, -0.018326
2.670100, 2.986805, -0.035565
2.670100, 2.673641, 0.000310
2.670100, 3.071106, 0.043056
2.670100, 11.656616, -0.018326
2.670100, 2.986659, -0.035578
2.670100, 2.670253, -0.000093
2.670100, 2.961461, 0.033234
2.670100, 11.491725, 0.030878
2.670100, 3.105400, -0.045942
2.670100, 2.675454, -0.000345
2.670100, 3.011299, 0.037782
2.670100, 11.733804, 0.006856
2.670100, 3.042716, -0.040570
2.670100, 2.676415, 0.000228
2.670100, 3.105005, 0.045902
2.670100, 11.494226, -0.030724
2.670100, 2.961823, -0.033257
2.670100, 2.671672, 0.000260
2.670100, 3.032299, 0.039688
2.670100, 11.744805, -0.002525
2.670100, 3.020735, -0.038663
2.670100, 2.671182, -0.000233
2.670100, 2.957506, 0.032854
2.670100, 11.456796, 0.032931
2.670100, 3.111390, -0.046434
2.670100, 2.676335, -0.000284
2.670100, 3.033810, 0.039786
2.670100, 11.743844, -0.003083
2.670100, 3.019693, -0.038533
2.670100, 2.675909, 0.000337
2.670100, 3.111750, 0.046467
2.670100, 11.454518, -0.033062
2.670100, 2.957225, -0.032833
2.670100, 2.670525, 0.000157
2.670100, 2.999709, 0.036770
2.670100, 11.707217, 0.012112
2.670100, 3.055332, -0.041701
2.670100, 2.672825, -0.000291
2.670100, 2.976126, 0.034584
2.670100, 11.598193, 0.023541
2.670100, 3.085030, -0.044223
2.670100, 2.676384, -0.000086
2.670100, 3.061639, 0.042220
2.670100, 11.689570, -0.014570
2.670100, 2.994665, -0.036281
2.670100, 2.674260, 0.000326
2.670100, 3.083305, 0.044093
2.670100, 11.605739, -0.022939
2.670100, 2.977227, -0.034707
2.670100, 2.670127, -0.000039
2.670100, 2.966785, 0.033734
2.670100, 11.534438, 0.028165
2.670100, 3.097683, -0.045300
2.670100, 2.675007, -0.000342
2.670100, 3.004534, 0.037174
2.670100, 11.719857, 0.009955
2.670100, 3.050198, -0.041225
2.670100, 2.676423, 0.000174
2.670100, 3.097763, 0.045296
2.670100, 11.534332, -0.028169
2.670100, 2.966861, -0.033726
2.670100, 2.672112, 0.000275
2.670100, 3.041508, 0.040498
2.670100, 11.735428, -0.006432
2.670100, 3.012026, -0.037883
2.670100, 2.670870, -0.000206
2.670100, 2.956108, 0.032725
2.670100, 11.444116, 0.033647
2.670100, 3.113482, -0.046608
2.670100, 2.676209, -0.000314
2.670100, 3.027652, 0.039241
2.670100, 11.746341, -0.000421
2.670100, 3.025724, -0.039069
2.670100, 2.676151, 0.000322
2.670100, 3.113539, 0.046613
2.670100, 11.443752, -0.033667
2.670100, 2.956065, -0.032722
2.670100, 2.670780, 0.000196
2.670100, 3.009134, 0.037623
2.670100, 11.730422, 0.007750
2.670100, 3.044667, -0.040774
2.670100, 2.672271, -0.000279
2.670100, 2.968862, 0.033912
2.670100, 11.549199, 0.027162
2.670100, 3.094950, -0.045060
2.670100, 2.676417, -0.000154
2.670100, 3.052808, 0.041453
2.670100, 11.713872, -0.011021
2.670100, 3.002233, -0.036966
2.670100, 2.674841, 0.000339
2.670100, 3.094584, 0.045041
2.670100, 11.550756, -0.027058
2.670100, 2.968977, -0.033939
2.670100, 2.670107, 0.000020
2.670100, 2.974399, 0.034445
2.670100, 11.588021, 0.024342
2.670100, 3.087104, -0.044413
2.670100, 2.674453, -0.000330
2.670100, 2.997132, 0.036505
2.670100, 11.698283, 0.013406
2.670100, 3.058718, -0.041967
2.670100, 2.676396, 0.000108
2.670100, 3.088324, 0.044501
2.670100, 11.582541, -0.024755
2.670100, 2.973678, -0.034358
2.670100, 2.672640, 0.000287
2.670100, 3.051801, 0.041395
2.670100, 11.715944, -0.010683
2.670100, 3.002773, -0.037048
2.670100, 2.670602, -0.000170
2.670100, 2.956653, 0.032778
2.670100, 11.449251, 0.033359
2.670100, 3.112627, -0.046539
2.670100, 2.675996, -0.000333
2.670100, 3.021629, 0.038705
2.670100, 11.745064, 0.002224
2.670100, 3.031813, -0.039609
2.670100, 2.676303, 0.000295
2.670100, 3.112347, 0.046513
2.670100, 11.451025, -0.033259
2.670100, 2.956867, -0.032795
2.670100, 2.671078, 0.000225
2.670100, 3.017993, 0.038418
2.670100, 11.742755, 0.003745
2.670100, 3.035150, -0.039940
2.670100, 2.671804, -0.000265
2.670100, 2.963240, 0.033389
2.670100, 11.505898, 0.030003
2.670100, 3.102945, -0.045730
2.670100, 2.676422, -0.000212
2.670100, 3.045005, 0.040771
2.670100, 11.730055, -0.007811
2.670100, 3.009203, -0.037594
2.670100, 2.675323, 0.000345
2.670100, 3.103248, 0.045764
2.670100, 11.503926, -0.030128
2.670100, 2.962927, -0.033372
2.670100, 2.670204, 0.000076
2.670100, 2.983586, 0.035295
2.670100, 11.641406, 0.019817
2.670100, 3.075003, -0.043389
2.670100, 2.673839, -0.000315
2.670100, 2.989334, 0.035796
2.670100, 11.668057, 0.017109
2.670100, 3.068098, -0.042777
2.670100, 2.676366, 0.000036
2.670100, 3.077968, 0.043622
2.670100, 11.629574, -0.020898
2.670100, 2.981506, -0.035079
2.670100, 2.673232, 0.000300
2.670100, 3.063150, 0.042375
2.670100, 11.684427, -0.015227
2.670100, 2.993115, -0.036169
2.670100, 2.670376, -0.000126
2.670100, 2.959002, 0.033002
2.670100, 11.470486, 0.032143
2.670100, 3.109062, -0.046245
2.670100, 2.675697, -0.000343
2.670100, 3.015516, 0.038160
2.670100, 11.739828, 0.004950
2.670100, 3.038191, -0.040172
2.670100, 2.676385, 0.000258
2.670100, 3.108612, 0.046203
2.670100, 11.473314, -0.031976
2.670100, 2.959371, -0.033028
2.670100, 2.671419, 0.000248
2.670100, 3.026534, 0.039178
2.670100, 11.746513, -0.000027
2.670100, 3.026409, -0.039167
2.670100, 2.671413, -0.000247
2.670100, 2.959324, 0.033024
2.670100, 11.472904, 0.032000
2.670100, 3.108681, -0.046208
2.670100, 2.676385, -0.000258
2.670100, 3.038094, 0.040164
2.670100, 11.739936, -0.004909
2.670100, 3.015607, -0.038168
2.670100, 2.675702, 0.000343
2.670100, 3.109131, 0.046251
2.670100, 11.470080, -0.032166
2.670100, 2.958956, -0.032997
2.670100, 2.670380, 0.000127
2.670100, 2.993257, 0.036182
2.670100, 11.684978, 0.015159
2.670100, 3.062978, -0.042360
2.670100, 2.673223, -0.000300
2.670100, 2.981389, 0.035068
2.670100, 11.628936, 0.020955
2.670100, 3.078119, -0.043635
2.670100, 2.676366, -0.000037
2.670100, 3.067956, 0.042765
2.670100, 11.668563, -0.017054
2.670100, 2.989450, -0.035806
2.670100, 2.673848, 0.000315
2.670100, 3.075182, 0.043404
2.670100, 11.640682, -0.019885
2.670100, 2.983447, -0.035282
2.670100, 2.670202, -0.000075
2.670100, 2.962999, 0.033379
2.670100, 11.504517, 0.030091
2.670100, 3.103142, -0.045755
2.670100, 2.675317, -0.000345
2.670100, 3.009105, 0.037585
2.670100, 11.729869, 0.007855
2.670100, 3.045112, -0.040781
2.670100, 2.676422, 0.000211
2.670100, 3.102845, 0.045722
2.670100, 11.506459, -0.029968
2.670100, 2.963309, -0.033395
2.670100, 2.671810, 0.000265
2.670100, 3.035283, 0.039951
2.670100, 11.742641, -0.003802
2.670100, 3.017867, -0.038406
2.670100, 2.671073, -0.000225
2.670100, 2.956842, 0.032793
2.670100, 11.450796, 0.033272
2.670100, 3.112385, -0.046516
2.670100, 2.676301, -0.000295
2.670100, 3.031722, 0.039601
2.670100, 11.745110, -0.002185
2.670100, 3.021717, -0.038713
2.670100, 2.676000, 0.000333
2.670100, 3.112660, 0.046542
2.670100, 11.449048, -0.033371
2.670100, 2.956631, -0.032776
2.670100, 2.670605, 0.000171
2.670100, 3.002912, 0.037061
2.670100, 11.716313, 0.010618
2.670100, 3.051642, -0.041381
2.670100, 2.672632, -0.000287
2.670100, 2.973568, 0.034348
2.670100, 11.581817, 0.024810
2.670100, 3.088473, -0.044514
2.670100, 2.676396, -0.000109
2.670100, 3.058586, 0.041955
2.670100, 11.698661, -0.013353
2.670100, 2.997244, -0.036515
2.670100, 2.674462, 0.000331
2.670100, 3.087275, 0.044428
2.670100, 11.587204, -0.024404
2.670100, 2.974274, -0.034433
2.670100, 2.670107, -0.000019
2.670100, 2.969083, 0.033949
2.670100, 11.551529, 0.027004
2.670100, 3.094435, -0.045029
2.670100, 2.674833, -0.000339
2.670100, 3.002126, 0.036956
2.670100, 11.713578, 0.011071
2.670100, 3.052930, -0.041464
2.670100, 2.676417, 0.000153
2.670100, 3.094816, 0.045049
2.670100, 11.549898, -0.027114
2.670100, 2.968958, -0.033921
2.670100, 2.672279, 0.000279
2.670100, 3.044815, 0.040787
2.670100, 11.730166, -0.007811
2.670100, 3.008999, -0.037611
2.670100, 2.670776, -0.000195
2.670100, 2.956068, 0.032722
2.670100, 11.443781, 0.033666
2.670100, 3.113534, -0.046613
2.670100, 2.676148, -0.000322
2.670100, 3.025636, 0.039062
2.670100, 11.746332, 0.000460
2.670100, 3.027741, -0.039248
2.670100, 2.676211, 0.000314
2.670100, 3.113471, 0.046607
2.670100, 11.444179, -0.033643
2.670100, 2.956115, -0.032726
2.670100, 2.670875, 0.000207
2.670100, 3.012157, 0.037895
2.670100, 11.735632, 0.006373
2.670100, 3.041366, -0.040485
2.670100, 2.672105, -0.000275
2.670100, 2.966774, 0.033718
2.670100, 11.533671, 0.028213
2.670100, 3.097887, -0.045307
2.670100, 2.676423, -0.000175
2.670100, 3.050081, 0.041215
2.670100, 11.720112, -0.009907
2.670100, 3.004638, -0.037183
2.670100, 2.675015, 0.000342
2.670100, 3.097817, 0.045312
2.670100, 11.533718, -0.028213
2.670100, 2.966690, -0.033725
2.670100, 2.670128, 0.000039
2.670100, 2.977360, 0.034719
2.670100, 11.606542, 0.022873
2.670100, 3.083128, -0.044078
2.670100, 2.674251, -0.000325
2.670100, 2.994551, 0.036271
2.670100, 11.689150, 0.014624
2.670100, 3.061775, -0.042231
2.670100, 2.676384, 0.000085
2.670100, 3.084878, 0.044210
2.670100, 11.598901, -0.023485
2.670100, 2.976240, -0.034594
2.670100, 2.672833, 0.000292
2.670100, 3.055497, 0.041715
2.670100, 11.706787, -0.012179
2.670100, 2.999568, -0.036757
2.670100, 2.670522, -0.000156
2.670100, 2.957256, 0.032836
2.670100, 11.454797, 0.033046
2.670100, 3.111704, -0.046463
2.670100, 2.675905, -0.000337
2.670100, 3.019604, 0.038525
2.670100, 11.743778, 0.003122
2.670100, 3.033903, -0.039794
2.670100, 2.676337, 0.000284
2.670100, 3.111341, 0.046430
2.670100, 11.457093, -0.032914
2.670100, 2.957539, -0.032857
2.670100, 2.671187, 0.000233
2.670100, 3.020860, 0.038674
2.670100, 11.744879, 0.002469
2.670100, 3.032170, -0.039677
2.670100, 2.671666, -0.000259
2.670100, 2.961761, 0.033251
2.670100, 11.493717, 0.030755
2.670100, 3.105094, -0.045909
2.670100, 2.676414, -0.000229
2.670100, 3.042613, 0.040561
2.670100, 11.733962, -0.006813
2.670100, 3.011394, -0.037790
2.670100, 2.675460, 0.000345
2.670100, 3.105492, 0.045950
2.670100, 11.491198, -0.030910
2.670100, 2.961399, -0.033228
2.670100, 2.670256, 0.000094
2.670100, 2.986800, 0.035591
2.670100, 11.657285, 0.018257
2.670100, 3.070929, -0.043041
2.670100, 2.673632, -0.000310
2.670100, 2.986689, 0.035554
2.670100, 11.655985, 0.018382
2.670100, 3.071381, -0.043059
2.670100, 2.676362, 0.000012
2.670100, 3.074555, 0.043331
2.670100, 11.643615, -0.019600
2.670100, 2.984171, -0.035324
2.670100, 2.673437, 0.000305
2.670100, 3.067114, 0.042715
2.670100, 11.671131, -0.016780
2.670100, 2.989867, -0.035872
2.670100, 2.670312, -0.000110
2.670100, 2.960144, 0.033110
2.670100, 11.480467, 0.031555
2.670100, 3.107354, -0.046104
2.670100, 2.675580, -0.000344
2.670100, 3.013420, 0.037972
2.670100, 11.737084, 0.005895
2.670100, 3.040427, -0.040369
2.670100, 2.676402, 0.000243
2.670100, 3.106911, 0.046061
2.670100, 11.483251, -0.031387
2.670100, 2.960522, -0.033136
2.670100, 2.671543, 0.000254
2.670100, 3.029408, 0.039433
2.670100, 11.746076, -0.001277
2.670100, 3.023559, -0.038914
2.670100, 2.671295, -0.000240
2.670100, 2.958333, 0.032931
2.670100, 11.464183, 0.032507
2.670100, 3.110155, -0.046331
2.670100, 2.676362, -0.000272
2.670100, 3.035919, 0.039972
2.670100, 11.742138, -0.003984
2.670100, 3.017671, -0.038352
2.670100, 2.675810, 0.000340
2.670100, 3.110574, 0.046370
2.670100, 11.461540, -0.032661
2.670100, 2.957999, -0.032907
2.670100, 2.670450, 0.000142
2.670100, 2.996504, 0.036478
2.670100, 11.696834, 0.013620
2.670100, 3.059094, -0.042026
2.670100, 2.673021, -0.000296
2.670100, 2.978731, 0.034824
2.670100, 11.613896, 0.022258
2.670100, 3.081582, -0.043930
2.670100, 2.676374, -0.000062
2.670100, 3.064747, 0.042488
2.670100, 11.679598, -0.015798
2.670100, 2.992079, -0.036046
2.670100, 2.674056, 0.000320
2.670100, 3.079276, 0.043752
2.670100, 11.623587, -0.021433
2.670100, 2.980282, -0.034990
2.670100, 2.670159, -0.000057
2.670100, 2.964772, 0.033545
2.670100, 11.518808, 0.029187
2.670100, 3.100568, -0.045541
2.670100, 2.675168, -0.000344
2.670100, 3.006846, 0.037382
2.670100, 11.725229, 0.008890
2.670100, 3.047609, -0.040999
2.670100, 2.676425, 0.000193
2.670100, 3.100427, 0.045519
2.670100, 11.519885, -0.029115
2.670100, 2.964990, -0.033552
2.670100, 2.671957, 0.000270
2.670100, 3.038355, 0.040221
2.670100, 11.739529, -0.005105
2.670100, 3.014960, -0.038146
2.670100, 2.670969, -0.000216
2.670100, 2.956369, 0.032749
2.670100, 11.446490, 0.033514
2.670100, 3.113094, -0.046575
2.670100, 2.676259, -0.000306
2.670100, 3.029666, 0.039419
2.670100, 11.745939, -0.001296
2.670100, 3.023731, -0.038892
2.670100, 2.676081, 0.000328
2.670100, 3.113265, 0.046591
2.670100, 11.445397, -0.033575
2.670100, 2.956239, -0.032739
2.670100, 2.670691, 0.000184
2.670100, 3.006068, 0.037346
2.670100, 11.724048, 0.009157
2.670100, 3.048073, -0.041071
2.670100, 2.672446, -0.000283
2.670100, 2.971125, 0.034122
2.670100, 11.565290, 0.026028
2.670100, 3.091812, -0.044796
2.670100, 2.676407, -0.000132
2.670100, 3.055629, 0.041699
2.670100, 11.706776, -0.012165
2.670100, 2.999779, -0.036744
2.670100, 2.674657, 0.000335
2.670100, 3.091071, 0.044747
2.670100, 11.568641, -0.025790
2.670100, 2.971500, -0.034175
2.670100, 2.670100, 0.000001
2.670100, 2.971641, 0.034188
2.670100, 11.569609, 0.025719
2.670100, 3.090877, -0.044731
2.670100, 2.674647, -0.000335
2.670100, 2.999647, 0.036732
2.670100, 11.706374, 0.012226
2.670100, 3.055782, -0.041712
2.670100, 2.676407, 0.000131
2.670100, 3.091640, 0.044781
2.670100, 11.566156, -0.025966
2.670100, 2.971250, -0.034133
2.670100, 2.672456, 0.000283
2.670100, 3.048258, 0.041087
2.670100, 11.723674, -0.009233
2.670100, 3.005903, -0.037331
2.670100, 2.670686, -0.000183
2.670100, 2.956254, 0.032740
2.670100, 11.445541, 0.033567
2.670100, 3.113242, -0.046589
2.670100, 2.676077, -0.000328
2.670100, 3.023625, 0.038883
2.670100, 11.745906, 0.001343
2.670100, 3.029773, -0.039429
2.670100, 2.676262, 0.000305
2.670100, 3.113064, 0.046573
2.670100, 11.446670, -0.033504
2.670100, 2.956389, -0.032751
2.670100, 2.670974, 0.000217
2.670100, 3.015114, 0.038160
2.670100, 11.739718, 0.005036
2.670100, 3.038190, -0.040207
2.670100, 2.671949, -0.000270
2.670100, 2.964896, 0.033543
2.670100, 11.519149, 0.029163
2.670100, 3.100560, -0.045531
2.670100, 2.676425, -0.000194
2.670100, 3.047475, 0.040987
2.670100, 11.725492, -0.008835
2.670100, 3.006966, -0.037393
2.670100, 2.675176, 0.000344
2.670100, 3.100712, 0.045553
2.670100, 11.518019, -0.029238
2.670100, 2.964672, -0.033536
2.670100, 2.670161, 0.000058
2.670100, 2.980447, 0.035005
2.670100, 11.624512, 0.021352
2.670100, 3.079060, -0.043733
2.670100, 2.674045, -0.000320
2.670100, 2.991941, 0.036033
2.670100, 11.679042, 0.015864
2.670100, 3.064914, -0.042503
2.670100, 2.676374, 0.000060
2.670100, 3.081399, 0.043914
2.670100, 11.614709, -0.022189
2.670100, 2.978870, -0.034837
2.670100, 2.673032, 0.000296
2.670100, 3.059296, 0.042043
2.670100, 11.696245, -0.013700
2.670100, 2.996333, -0.036463
2.670100, 2.670446, -0.000141
2.670100, 2.958046, 0.032911
2.670100, 11.461954, 0.032637
2.670100, 3.110505, -0.046364
2.670100, 2.675805, -0.000341
2.670100, 3.017563, 0.038342
2.670100, 11.742034, 0.004033
2.670100, 3.036032, -0.039982
2.670100, 2.676364, 0.000271
2.670100, 3.110083, 0.046325
2.670100, 11.464612, -0.032483
2.670100, 2.958381, -0.032936
2.670100, 2.671301, 0.000241
2.670100, 3.023709, 0.038927
2.670100, 11.746120, 0.001211
2.670100, 3.029256, -0.039419
2.670100, 2.671536, -0.000254
2.670100, 2.960458, 0.033130
2.670100, 11.482700, 0.031420
2.670100, 3.107006, -0.046069
2.670100, 2.676402, -0.000244
2.670100, 3.040308, 0.040359
2.670100, 11.737242, -0.005845
2.670100, 3.013531, -0.037982
2.670100, 2.675586, 0.000344
2.670100, 3.107450, 0.046112
2.670100, 11.479908, -0.031588
2.670100, 2.960079, -0.033103
2.670100, 2.670315, 0.000111
2.670100, 2.990038, 0.035888
2.670100, 11.671865, 0.016698
2.670100, 3.066903, -0.042697
2.670100, 2.673426, -0.000305
2.670100, 2.984031, 0.035311
2.670100, 11.642902, 0.019668
2.670100, 3.074733, -0.043346
2.670100, 2.676362, -0.000013
2.670100, 3.071206, 0.043044
2.670100, 11.656645, -0.018314
2.670100, 2.986829, -0.035567
2.670100, 2.673643, 0.000310
2.670100, 3.071142, 0.043059
2.670100, 11.656481, -0.018339
2.670100, 2.986630, -0.035575
2.670100, 2.670253, -0.000093
2.670100, 2.961474, 0.033235
2.670100, 11.491831, 0.030872
2.670100, 3.105382, -0.045941
2.670100, 2.675453, -0.000345
2.670100, 3.011280, 0.037780
2.670100, 11.733773, 0.006864
2.670100, 3.042737, -0.040572
2.670100, 2.676415, 0.000228
2.670100, 3.104987, 0.045900
2.670100, 11.494328, -0.030718
2.670100, 2.961835, -0.033258
2.670100, 2.671673, 0.000260
2.670100, 3.032325, 0.039691
2.670100, 11.744790, -0.002536
2.670100, 3.020710, -0.038660
2.670100, 2.671181, -0.000233
2.670100, 2.957499, 0.032854
2.670100, 11.456736, 0.032935
2.670100, 3.111400, -0.046434
2.670100, 2.676335, -0.000284
2.670100, 3.033792, 0.039784
2.670100, 11.743857, -0.003075
2.670100, 3.019711, -0.038534
2.670100, 2.675910, 0.000337
2.670100, 3.111760, 0.046468
2.670100, 11.454463, -0.033065
2.670100, 2.957219, -0.032832
2.670100, 2.670526, 0.000157
2.670100, 2.999737, 0.036773
2.670100, 11.707303, 0.012099
2.670100, 3.055300, -0.041698
2.670100, 2.672823, -0.000291
2.670100, 2.976103, 0.034582
2.670100, 11.598051, 0.023553
2.670100, 3.085061, -0.044225
2.670100, 2.676384, -0.000086
2.670100, 3.061612, 0.042217
2.670100, 11.689654, -0.014559
2.670100, 2.994687, -0.036283
2.670100, 2.674261, 0.000326
2.670100, 3.083340, 0.044096
2.670100, 11.605578, -0.022952
2.670100, 2.977201, -0.034705
2.670100, 2.670126, -0.000038
2.670100, 2.966804, 0.033736
2.670100, 11.534583, 0.028156
2.670100, 3.097656, -0.045298
2.670100, 2.675006, -0.000342
2.670100, 3.004513, 0.037172
2.670100, 11.719806, 0.009965
2.670100, 3.050221, -0.041227
2.670100, 2.676423, 0.000174
2.670100, 3.097739, 0.045294
2.670100, 11.534464, -0.028161
2.670100, 2.966879, -0.033728
2.670100, 2.672113, 0.000275
2.670100, 3.041536, 0.040500
2.670100, 11.735387, -0.006444
2.670100, 3.012000, -0.037881
2.670100, 2.670869, -0.000206
2.670100, 2.956107, 0.032725
2.670100, 11.444104, 0.033647
2.670100, 3.113484, -0.046608
2.670100, 2.676209, -0.000314
2.670100, 3.027635, 0.039239
2.670100, 11.746343, -0.000413
2.670100, 3.025742, -0.039071
2.670100, 2.676152, 0.000322
2.670100, 3.113540, 0.046613
2.670100, 11.443746, -0.033667
2.670100, 2.956064, -0.032721
2.670100, 2.670780, 0.000196
2.670100, 3.009160, 0.037625
2.670100, 11.730473, 0.007738
2.670100, 3.044637, -0.040771
2.670100, 2.672270, -0.000279
2.670100, 2.968843, 0.033910
2.670100, 11.549059, 0.027172
2.670100, 3.094977, -0.045062
2.670100, 2.676417, -0.000155
2.670100, 3.052783, 0.041451
2.670100, 11.713931, -0.011011
2.670100, 3.002254, -0.036968
2.670100, 2.674842, 0.000339
2.670100, 3.094613, 0.045044
2.670100, 11.550602, -0.027068
2.670100, 2.968956, -0.033937
2.670100, 2.670107, 0.000020
2.670100, 2.974425, 0.034447
2.670100, 11.588184, 0.024329
2.670100, 3.087070, -0.044410
2.670100, 2.674451, -0.000330
2.670100, 2.997109, 0.036503
2.670100, 11.698207, 0.013417
2.670100, 3.058744, -0.041969
2.670100, 2.676395, 0.000108
2.670100, 3.088294, 0.044499
2.670100, 11.582686, -0.024744
2.670100, 2.973700, -0.034360
2.670100, 2.672642, 0.000288
2.670100, 3.051833, 0.041398
2.670100, 11.715869, -0.010696
2.670100, 3.002745, -0.037045
2.670100, 2.670601, -0.000170
2.670100, 2.956657, 0.032779
2.670100, 11.449292, 0.033357
2.670100, 3.112620, -0.046538
2.670100, 2.675995, -0.000333
2.670100, 3.021611, 0.038703
2.670100, 11.745055, 0.002232
2.670100, 3.031831, -0.039611
2.670100, 2.676303, 0.000295
2.670100, 3.112339, 0.046513
2.670100, 11.451071, -0.033256
2.670100, 2.956872, -0.032795
2.670100, 2.671079, 0.000225
2.670100, 3.018018, 0.038420
2.670100, 11.742777, 0.003734
2.670100, 3.035124, -0.039937
2.670100, 2.671803, -0.000265
2.670100, 2.963226, 0.033388
2.670100, 11.505786, 0.030010
2.670100, 3.102965, -0.045732
2.670100, 2.676422, -0.000212
2.670100, 3.044983, 0.040769
2.670100, 11.730092, -0.007802
2.670100, 3.009222, -0.037595
2.670100, 2.675324, 0.000345
2.670100, 3.103269, 0.045766
2.670100, 11.503808, -0.030135
2.670100, 2.962912, -0.033371
2.670100, 2.670204, 0.000076
2.670100, 2.983615, 0.035297
2.670100, 11.641551, 0.019803
2.670100, 3.074967, -0.043385
2.670100, 2.673837, -0.000315
2.670100, 2.989311, 0.035794
2.670100, 11.667955, 0.017121
2.670100, 3.068127, -0.042779
2.670100, 2.676366, 0.000036
2.670100, 3.077937, 0.043620
2.670100, 11.629702, -0.020886
2.670100, 2.981530, -0.035081
2.670100, 2.673234, 0.000300
2.670100, 3.063184, 0.042378
2.670100, 11.684316, -0.015240
2.670100, 2.993086, -0.036167
2.670100, 2.670376, -0.000126
2.670100, 2.959012, 0.033003
2.670100, 11.470568, 0.032138
2.670100, 3.109048, -0.046244
2.670100, 2.675696, -0.000343
2.670100, 3.015498, 0.038158
2.670100, 11.739806, 0.004958
2.670100, 3.038210, -0.040174
2.670100, 2.676386, 0.000258
2.670100, 3.108598, 0.046201
2.670100, 11.473396, -0.031971
2.670100, 2.959380, -0.033029
2.670100, 2.671420, 0.000248
2.670100, 3.026559, 0.039180
2.670100, 11.746513, -0.000038
2.670100, 3.026384, -0.039165
2.670100, 2.671412, -0.000247
2.670100, 2.959315, 0.033023
2.670100, 11.472823, 0.032005
2.670100, 3.108695, -0.046209
2.670100, 2.676384, -0.000259
2.670100, 3.038075, 0.040162
2.670100, 11.739958, -0.004901
2.670100, 3.015626, -0.038169
2.670100, 2.675703, 0.000343
2.670100, 3.109144, 0.046252
2.670100, 11.469999, -0.032171
2.670100, 2.958947, -0.032996
2.670100, 2.670380, 0.000127
2.670100, 2.993286, 0.036185
2.670100, 11.685088, 0.015146
2.670100, 3.062944, -0.042357
2.670100, 2.673221, -0.000300
2.670100, 2.981366, 0.035066
2.670100, 11.628808, 0.020966
2.670100, 3.078149, -0.043638
2.670100, 2.676366, -0.000037
2.670100, 3.067928, 0.042762
2.670100, 11.668664, -0.017043
2.670100, 2.989473, -0.035808
2.670100, 2.673850, 0.000315
2.670100, 3.075218, 0.043407
2.670100, 11.640537, -0.019899
2.670100, 2.983418, -0.035279
2.670100, 2.670201, -0.000075
2.670100, 2.963013, 0.033380
2.670100, 11.504636, 0.030084
2.670100, 3.103121, -0.045753
2.670100, 2.675316, -0.000345
2.670100, 3.009086, 0.037583
2.670100, 11.729831, 0.007864
2.670100, 3.045133, -0.040782
2.670100, 2.676422, 0.000211
2.670100, 3.102825, 0.045720
2.670100, 11.506572, -0.029961
2.670100, 2.963323, -0.033397
2.670100, 2.671811, 0.000265
2.670100, 3.035309, 0.039954
2.670100, 11.742617, -0.003813
2.670100, 3.017841, -0.038404
2.670100, 2.671072, -0.000225
2.670100, 2.956837, 0.032792
2.670100, 11.450750, 0.033274
2.670100, 3.112392, -0.046517
2.670100, 2.676301, -0.000296
2.670100, 3.031704, 0.039600
2.670100, 11.745120, -0.002177
2.670100, 3.021735, -0.038714
2.670100, 2.676001, 0.000333
2.670100, 3.112667, 0.046542
2.670100, 11.449008, -0.033373
2.670100, 2.956626, -0.032776
2.670100, 2.670606, 0.000171
2.670100, 3.002940, 0.037063
2.670100, 11.716387, 0.010605
2.670100, 3.051610, -0.041378
2.670100, 2.672630, -0.000287
2.670100, 2.973546, 0.034346
2.670100, 11.581672, 0.024821
2.670100, 3.088503, -0.044516
2.670100, 2.676396, -0.000110
2.670100, 3.058560, 0.041953
2.670100, 11.698736, -0.013343
2.670100, 2.997266, -0.036517
2.670100, 2.674463, 0.000331
2.670100, 3.087309, 0.044431
2.670100, 11.587040, -0.024417
2.670100, 2.974248, -0.034431
2.670100, 2.670106, -0.000019
2.670100, 2.969105, 0.033951
2.670100, 11.551684, 0.026993
2.670100, 3.094405, -0.045026
2.670100, 2.674831, -0.000339
2.670100, 3.002104, 0.036954
2.670100, 11.713519, 0.011081
2.670100, 3.052955, -0.041466
2.670100, 2.676417, 0.000153
2.670100, 3.094789, 0.045046
2.670100, 11.550039, -0.027104
2.670100, 2.968978, -0.033922
2.670100, 2.672280, 0.000279
2.670100, 3.044844, 0.040789
2.670100, 11.730115, -0.007823
2.670100, 3.008973, -0.037608
2.670100, 2.670775, -0.000195
2.670100, 2.956069, 0.032722
2.670100, 11.443788, 0.033665
2.670100, 3.113533, -0.046613
2.670100, 2.676147, -0.000322
2.670100, 3.025619, 0.039060
2.670100, 11.746330, 0.000467
2.670100, 3.027759, -0.039250
2.670100, 2.676212, 0.000314
2.670100, 3.113469, 0.046607
2.670100, 11.444192, -0.033643
2.670100, 2.956116, -0.032726
2.670100, 2.670875, 0.000207
2.670100, 3.012183, 0.037897
2.670100, 11.735673, 0.006361
2.670100, 3.041337, -0.040483
2.670100, 2.672103, -0.000275
2.670100, 2.966756, 0.033716
2.670100, 11.533538, 0.028222
2.670100, 3.097912, -0.045309
2.670100, 2.676423, -0.000175
2.670100, 3.050057, 0.041213
2.670100, 11.720163, -0.009897
2.670100, 3.004658, -0.037185
2.670100, 2.675016, 0.000342
2.670100, 3.097844, 0.045314
2.670100, 11.533574, -0.028223
2.670100, 2.966671, -0.033724
2.670100, 2.670128, 0.000040
2.670100, 2.977387, 0.034722
2.670100, 11.606703, 0.022860
2.670100, 3.083093, -0.044075
2.670100, 2.674249, -0.000325
2.670100, 2.994528, 0.036268
2.670100, 11.689065, 0.014635
2.670100, 3.061802, -0.042234
2.670100, 2.676384, 0.000084
2.670100, 3.084848, 0.044207
2.670100, 11.599042, -0.023474
2.670100, 2.976263, -0.034597
2.670100, 2.672835, 0.000292
2.670100, 3.055530, 0.041718
2.670100, 11.706700, -0.012192
2.670100, 2.999539, -0.036755
2.670100, 2.670521, -0.000156
2.670100, 2.957262, 0.032836
2.670100, 11.454853, 0.033043
2.670100, 3.111694, -0.046462
2.670100, 2.675904, -0.000338
2.670100, 3.019586, 0.038523
2.670100, 11.743765, 0.003130
2.670100, 3.033921, -0.039796
2.670100, 2.676337, 0.000283
2.670100, 3.111331, 0.046429
2.670100, 11.457154, -0.032911
2.670100, 2.957546, -0.032858
2.670100, 2.671188, 0.000234
2.670100, 3.020885, 0.038676
2.670100, 11.744894, 0.002458
2.670100, 3.032144, -0.039675
2.670100, 2.671665, -0.000259
2.670100, 2.961749, 0.033250
2.670100, 11.493615, 0.030761
2.670100, 3.105112, -0.045911
2.670100, 2.676414, -0.000229
2.670100, 3.042592, 0.040560
2.670100, 11.733993, -0.006804
2.670100, 3.011413, -0.037792
2.670100, 2.675461, 0.000345
2.670100, 3.105511, 0.045952
2.670100, 11.491093, -0.030916
2.670100, 2.961386, -0.033227
2.670100, 2.670256, 0.000094
2.670100, 2.986828, 0.035593
2.670100, 11.657419, 0.018243
2.670100, 3.070893, -0.043038
2.670100, 2.673630, -0.000310
2.670100, 2.986666, 0.035552
2.670100, 11.655875, 0.018393
2.670100, 3.071410, -0.043061
2.670100, 2.676362, 0.000011
2.670100, 3.074525, 0.043328
2.670100, 11.643734, -0.019589
2.670100, 2.984195, -0.035326
2.670100, 2.673438, 0.000305
2.670100, 3.067149, 0.042718
2.670100, 11.671009, -0.016793
2.670100, 2.989839, -0.035869
2.670100, 2.670311, -0.000110
2.670100, 2.960155, 0.033111
2.670100, 11.480561, 0.031549
2.670100, 3.107338, -0.046103
2.670100, 2.675579, -0.000344
2.670100, 3.013401, 0.037970
2.670100, 11.737058, 0.005903
2.670100, 3.040447, -0.040371
2.670100, 2.676402, 0.000243
2.670100, 3.106895, 0.046060
2.670100, 11.483344, -0.031381
2.670100, 2.960533, -0.033137
2.670100, 2.671544, 0.000254
2.670100, 3.029433, 0.039435
2.670100, 11.746069, -0.001288
2.670100, 3.023534, -0.038912
2.670100, 2.671294, -0.000240
2.670100, 2.958325, 0.032931
2.670100, 11.464112, 0.032511
2.670100, 3.110167, -0.046332
2.670100, 2.676362, -0.000272
2.670100, 3.035900, 0.039970
2.670100, 11.742155, -0.003976
2.670100, 3.017689, -0.038354
2.670100, 2.675811, 0.000340
2.670100, 3.110586, 0.046371
2.670100, 11.461471, -0.032665
2.670100, 2.957992, -0.032906
2.670100, 2.670451, 0.000142
2.670100, 2.996533, 0.036481
2.670100, 11.696932, 0.013606
2.670100, 3.059060, -0.042023
2.670100, 2.673019, -0.000296
2.670100, 2.978707, 0.034822
2.670100, 11.613760, 0.022269
2.670100, 3.081613, -0.043932
2.670100, 2.676374, -0.000062
2.670100, 3.064719, 0.042486
2.670100, 11.679691, -0.015787
2.670100, 2.992102, -0.036048
2.670100, 2.674058, 0.000320
2.670100, 3.079312, 0.043755
2.670100, 11.623432, -0.021447
2.670100, 2.980255, -0.034987
2.670100, 2.670158, -0.000057
2.670100, 2.964789, 0.033547
2.670100, 11.518940, 0.029179
2.670100, 3.100544, -0.045539
2.670100, 2.675166, -0.000344
2.670100, 3.006826, 0.037380
2.670100, 11.725185, 0.008899
2.670100, 3.047632, -0.041001
2.670100, 2.676425, 0.000193
2.670100, 3.100404, 0.045517
2.670100, 11.520008, -0.029107
2.670100, 2.965005, -0.033553
2.670100, 2.671958, 0.000270
2.670100, 3.038382, 0.040224
2.670100, 11.739497, -0.005117
2.670100, 3.014935, -0.038144
2.670100, 2.670968, -0.000216
2.670100, 2.956366, 0.032748
2.670100, 11.446460, 0.033516
2.670100, 3.113099, -0.046576
2.670100, 2.676259, -0.000306
2.670100, 3.029648, 0.039417
2.670100, 11.745944, -0.001288
2.670100, 3.023749, -0.038894
2.670100, 2.676081, 0.000328
2.670100, 3.113269, 0.046591
2.670100, 11.445374, -0.033577
2.670100, 2.956236, -0.032738
2.670100, 2.670691, 0.000184
2.670100, 3.006095, 0.037349
2.670100, 11.724110, 0.009145
2.670100, 3.048042, -0.041068
2.670100, 2.672445, -0.000283
2.670100, 2.971104, 0.034120
2.670100, 11.565146, 0.026038
2.670100, 3.091841, -0.044798
2.670100, 2.676408, -0.000133
2.670100, 3.055604, 0.041696
2.670100, 11.706844, -0.012154
2.670100, 2.999801, -0.036746
2.670100, 2.674659, 0.000335
2.670100, 3.091103, 0.044750
2.670100, 11.568479, -0.025801
2.670100, 2.971477, -0.034173
2.670100, 2.670100, 0.000001
2.670100, 2.971664, 0.034190
2.670100, 11.569771, 0.025707
2.670100, 3.090844, -0.044728
2.670100, 2.674645, -0.000335
2.670100, 2.999625, 0.036730
2.670100, 11.706306, 0.012237
2.670100, 3.055808, -0.041714
2.670100, 2.676407, 0.000131
2.670100, 3.091611, 0.044779
2.670100, 11.566301, -0.025955
2.670100, 2.971270, -0.034135
2.670100, 2.672457, 0.000283
2.670100, 3.048288, 0.041089
2.670100, 11.723611, -0.009246
2.670100, 3.005876, -0.037329
2.670100, 2.670685, -0.000183
2.670100, 2.956256, 0.032740
2.670100, 11.445565, 0.033566
2.670100, 3.113238, -0.046589
2.670100, 2.676076, -0.000328
2.670100, 3.023608, 0.038881
2.670100, 11.745900, 0.001351
2.670100, 3.029791, -0.039430
2.670100, 2.676262, 0.000305
2.670100, 3.113059, 0.046573
2.670100, 11.446701, -0.033502
2.670100, 2.956392, -0.032751
2.670100, 2.670975, 0.000217
2.670100, 3.015140, 0.038162
2.670100, 11.739749, 0.005024
2.670100, 3.038163, -0.040204
2.670100, 2.671948, -0.000270
2.670100, 2.964880, 0.033542
2.670100, 11.519026, 0.029170
2.670100, 3.100583, -0.045532
2.670100, 2.676425, -0.000195
2.670100, 3.047453, 0.040986
2.670100, 11.725536, -0.008825
2.670100, 3.006987, -0.037394
2.670100, 2.675177, 0.000344
2.670100, 3.100736, 0.045555
2.670100, 11.517887, -0.029246
2.670100, 2.964656, -0.033535
2.670100, 2.670161, 0.000058
2.670100, 2.980475, 0.035008
2.670100, 11.624666, 0.021339
2.670100, 3.079025, -0.043730
2.670100, 2.674043, -0.000320
2.670100, 2.991918, 0.036031
2.670100, 11.678949, 0.015875
2.670100, 3.064942, -0.042505
2.670100, 2.676373, 0.000060
2.670100, 3.081369, 0.043912
2.670100, 11.614845, -0.022178
2.670100, 2.978893, -0.034839
2.670100, 2.673033, 0.000296
2.670100, 3.059330, 0.042046
2.670100, 11.696146, -0.013714
2.670100, 2.996305, -0.036460
2.670100, 2.670446, -0.000141
2.670100, 2.958053, 0.032912
2.670100, 11.462023, 0.032633
2.670100, 3.110493, -0.046363
2.670100, 2.675804, -0.000341
2.670100, 3.017544, 0.038341
2.670100, 11.742017, 0.004041
2.670100, 3.036051, -0.039984
2.670100, 2.676364, 0.000271
2.670100, 3.110071, 0.046324
2.670100, 11.464683, -0.032478
2.670100, 2.958389, -0.032937
2.670100, 2.671302, 0.000241
2.670100, 3.023734, 0.038930
2.670100, 11.746127, 0.001200
2.670100, 3.029230, -0.039417
2.670100, 2.671535, -0.000253
2.670100, 2.960447, 0.033129
2.670100, 11.482608, 0.031425
2.670100, 3.107022, -0.046070
2.670100, 2.676401, -0.000244
2.670100, 3.040288, 0.040357
2.670100, 11.737269, -0.005836
2.670100, 3.013549, -0.037984
2.670100, 2.675588, 0.000344
2.670100, 3.107466, 0.046113
2.670100, 11.479815, -0.031593
2.670100, 2.960068, -0.033102
2.670100, 2.670315, 0.000111
2.670100, 2.990066, 0.035890
2.670100, 11.671987, 0.016684
2.670100, 3.066868, -0.042694
2.670100, 2.673424, -0.000305
2.670100, 2.984008, 0.035309
2.670100, 11.642782, 0.019679
2.670100, 3.074763, -0.043348
2.670100, 2.676362, -0.000013
2.670100, 3.071177, 0.043041
2.670100, 11.656755, -0.018303
2.670100, 2.986852, -0.035569
2.670100, 2.673644, 0.000310
2.670100, 3.071178, 0.043062
2.670100, 11.656347, -0.018353
2.670100, 2.986602, -0.035572
2.670100, 2.670252, -0.000093
2.670100, 2.961486, 0.033236
2.670100, 11.491938, 0.030865
2.670100, 3.105363, -0.045939
2.670100, 2.675452, -0.000345
2.670100, 3.011261, 0.037778
2.670100, 11.733741, 0.006873
2.670100, 3.042757, -0.040574
2.670100, 2.676415, 0.000228
2.670100, 3.104969, 0.045899
2.670100, 11.494431, -0.030711
2.670100, 2.961847, -0.033259
2.670100, 2.671675, 0.000260
2.670100, 3.032351, 0.039693
2.670100, 11.744775, -0.002547
2.670100, 3.020685, -0.038658
2.670100, 2.671180, -0.000233
2.670100, 2.957492, 0.032853
2.670100, 11.456677, 0.032938
2.670100, 3.111410, -0.046435
2.670100, 2.676335, -0.000284
2.670100, 3.033773, 0.039783
2.670100, 11.743870, -0.003067
2.670100, 3.019728, -0.038536
2.670100, 2.675911, 0.000337
2.670100, 3.111769, 0.046468
2.670100, 11.454408, -0.033068
2.670100, 2.957213, -0.032832
2.670100, 2.670526, 0.000157
2.670100, 2.999766, 0.036775
2.670100, 11.707389, 0.012086
2.670100, 3.055267, -0.041695
2.670100, 2.672821, -0.000291
2.670100, 2.976080, 0.034580
2.670100, 11.597909, 0.023564
2.670100, 3.085091, -0.044228
2.670100, 2.676384, -0.000086
2.670100, 3.061585, 0.042215
2.670100, 11.689739, -0.014549
2.670100, 2.994710, -0.036285
2.670100, 2.674263, 0.000326
2.670100, 3.083376, 0.044099
2.670100, 11.605417, -0.022965
2.670100, 2.977174, -0.034702
2.670100, 2.670126, -0.000038
2.670100, 2.966823, 0.033738
2.670100, 11.534728, 0.028146
2.670100, 3.097629, -0.045296
2.670100, 2.675004, -0.000342
2.670100, 3.004492, 0.037170
2.670100, 11.719754, 0.009974
2.670100, 3.050245, -0.041230
2.670100, 2.676423, 0.000174
2.670100, 3.097714, 0.045292
2.670100, 11.534597, -0.028152
2.670100, 2.966896, -0.033729
2.670100, 2.672115, 0.000275
2.670100, 3.041565, 0.040503
2.670100, 11.735346, -0.006456
2.670100, 3.011973, -0.037878
2.670100, 2.670869, -0.000206
2.670100, 2.956106, 0.032725
2.670100, 11.444092, 0.033648
2.670100, 3.113485, -0.046608
2.670100, 2.676208, -0.000315
2.670100, 3.027617, 0.039237
2.670100, 11.746345, -0.000406
2.670100, 3.025760, -0.039072
2.670100, 2.676152, 0.000322
2.670100, 3.113541, 0.046613
2.670100, 11.443741, -0.033668
2.670100, 2.956064, -0.032721
2.670100, 2.670781, 0.000196
2.670100, 3.009187, 0.037628
2.670100, 11.730524, 0.007725
2.670100, 3.044608, -0.040769
2.670100, 2.672268, -0.000279
2.670100, 2.968824, 0.033908
2.670100, 11.548919, 0.027181
2.670100, 3.095004, -0.045064
2.670100, 2.676417, -0.000155
2.670100, 3.052759, 0.041449
2.670100, 11.713990, -0.011001
2.670100, 3.002276, -0.036970
2.670100, 2.674844, 0.000339
2.670100, 3.094643, 0.045046
2.670100, 11.550447, -0.027079
2.670100, 2.968934, -0.033935
2.670100, 2.670107, 0.000020
2.670100, 2.974450, 0.034449
2.670100, 11.588348, 0.024317
2.670100, 3.087036, -0.044408
2.670100, 2.674449, -0.000330
2.670100, 2.997087, 0.036501
2.670100, 11.698131, 0.013427
2.670100, 3.058771, -0.041971
2.670100, 2.676395, 0.000108
2.670100, 3.088264, 0.044496
2.670100, 11.582831, -0.024733
2.670100, 2.973722, -0.034362
2.670100, 2.672643, 0.000288
2.670100, 3.051865, 0.041400
2.670100, 11.715795, -0.010709
2.670100, 3.002717, -0.037043
2.670100, 2.670600, -0.000170
2.670100, 2.956662, 0.032779
2.670100, 11.449334, 0.033355
2.670100, 3.112613, -0.046538
2.670100, 2.675995, -0.000333
2.670100, 3.021593, 0.038702
2.670100, 11.745046, 0.002240
2.670100, 3.031849, -0.039612
2.670100, 2.676304, 0.000295
2.670100, 3.112332, 0.046512
2.670100, 11.451118, -0.033254
2.670100, 2.956877, -0.032796
2.670100, 2.671080, 0.000226
2.670100, 3.018044, 0.038422
2.670100, 11.742800, 0.003722
2.670100, 3.035097, -0.039935
2.670100, 2.671801, -0.000265
2.670100, 2.963212, 0.033386
2.670100, 11.505674, 0.030017
2.670100, 3.102985, -0.045733
2.670100, 2.676422, -0.000212
2.670100, 3.044962, 0.040767
2.670100, 11.730130, -0.007793
2.670100, 3.009241, -0.037597
2.670100, 2.675325, 0.000345
2.670100, 3.103290, 0.045767
2.670100, 11.503689, -0.030143
2.670100, 2.962898, -0.033369
2.670100, 2.670205, 0.000077
2.670100, 2.983643, 0.035300
2.670100, 11.641696, 0.019790
2.670100, 3.074931, -0.043382
2.670100, 2.673835, -0.000315
2.670100, 2.989288, 0.035791
2.670100, 11.667854, 0.017132
2.670100, 3.068155, -0.042782
2.670100, 2.676366, 0.000036
2.670100, 3.077907, 0.043617
2.670100, 11.629829, -0.020875
2.670100, 2.981553, -0.035083
2.670100, 2.673236, 0.000300
2.670100, 3.063219, 0.042381
2.670100, 11.684205, -0.015254
2.670100, 2.993058, -0.036164
2.670100, 2.670375, -0.000126
2.670100, 2.959021, 0.033003
2.670100, 11.470650, 0.032133
2.670100, 3.109034, -0.046243
2.670100, 2.675695, -0.000343
2.670100, 3.015480, 0.038156
2.670100, 11.739784, 0.004966
2.670100, 3.038229, -0.040176
2.670100, 2.676386, 0.000258
2.670100, 3.108584, 0.046200
2.670100, 11.473478, -0.031966
2.670100, 2.959390, -0.033030
2.670100, 2.671421, 0.000248
2.670100, 3.026584, 0.039183
2.670100, 11.746512, -0.000049
2.670100, 3.026359, -0.039163
2.670100, 2.671411, -0.000247
2.670100, 2.959305, 0.033022
2.670100, 11.472741, 0.032009
2.670100, 3.108709, -0.046211
2.670100, 2.676384, -0.000259
2.670100, 3.038056, 0.040160
2.670100, 11.739979, -0.004893
2.670100, 3.015644, -0.038171
2.670100, 2.675704, 0.000343
2.670100, 3.109158, 0.046253
2.670100, 11.469918, -0.032176
2.670100, 2.958938, -0.032996
2.670100, 2.670381, 0.000127
2.670100, 2.993314, 0.036187
2.670100, 11.685198, 0.015132
2.670100, 3.062909, -0.042354
2.670100, 2.673219, -0.000300
2.670100, 2.981343, 0.035064
2.670100, 11.628680, 0.020978
2.670100, 3.078179, -0.043640
2.670100, 2.676366, -0.000038
2.670100, 3.067899, 0.042760
2.670100, 11.668766, -0.017032
2.670100, 2.989496, -0.035810
2.670100, 2.673852, 0.000315
2.670100, 3.075254, 0.043410
2.670100, 11.640391, -0.019912
2.670100, 2.983390, -0.035277
2.670100, 2.670201, -0.000075
2.670100, 2.963028, 0.033381
2.670100, 11.504756, 0.030076
2.670100, 3.103100, -0.045752
2.670100, 2.675314, -0.000345
2.670100, 3.009066, 0.037581
2.670100, 11.729793, 0.007873
2.670100, 3.045154, -0.040784
2.670100, 2.676422, 0.000211
2.670100, 3.102805, 0.045718
2.670100, 11.506685, -0.029953
2.670100, 2.963337, -0.033398
2.670100, 2.671813, 0.000265
2.670100, 3.035336, 0.039956
2.670100, 11.742594, -0.003824
2.670100, 3.017816, -0.038402
2.670100, 2.671071, -0.000225
2.670100, 2.956832, 0.032792
2.670100, 11.450705, 0.033277
2.670100, 3.112400, -0.046518
2.670100, 2.676300, -0.000296
2.670100, 3.031685, 0.039598
2.670100, 11.745129, -0.002169
2.670100, 3.021752, -0.038716
2.670100, 2.676001, 0.000333
2.670100, 3.112674, 0.046543
2.670100, 11.448968, -0.033375
2.670100, 2.956622, -0.032775
2.670100, 2.670607, 0.000171
2.670100, 3.002968, 0.037066
2.670100, 11.716461, 0.010592
2.670100, 3.051578, -0.041375
2.670100, 2.672628, -0.000287
2.670100, 2.973524, 0.034344
2.670100, 11.581527, 0.024832
2.670100, 3.088533, -0.044519
2.670100, 2.676396, -0.000110
2.670100, 3.058533, 0.041951
2.670100, 11.698812, -0.013332
2.670100, 2.997289, -0.036519
2.670100, 2.674465, 0.000331
2.670100, 3.087344, 0.044433
2.670100, 11.586876, -0.024430
2.670100, 2.974223, -0.034428
2.670100, 2.670106, -0.000019
2.670100, 2.969126, 0.033953
2.670100, 11.551840, 0.026983
2.670100, 3.094375, -0.045024
2.670100, 2.674830, -0.000339
2.670100, 3.002083, 0.036953
2.670100, 11.713460, 0.011091
2.670100, 3.052979, -0.041468
2.670100, 2.676416, 0.000153
2.670100, 3.094762, 0.045044
2.670100, 11.550179, -0.027094
2.670100, 2.968997, -0.033924
2.670100, 2.672282, 0.000279
2.670100, 3.044874, 0.040792
2.670100, 11.730063, -0.007836
2.670100, 3.008946, -0.037606
2.670100, 2.670774, -0.000195
2.670100, 2.956069, 0.032722
2.670100, 11.443794, 0.033665
2.670100, 3.113532, -0.046613
2.670100, 2.676147, -0.000322
2.670100, 3.025601, 0.039058
2.670100, 11.746328, 0.000475
2.670100, 3.027777, -0.039252
2.670100, 2.676212, 0.000314
2.670100, 3.113467, 0.046607
2.670100, 11.444205, -0.033642
2.670100, 2.956118, -0.032726
2.670100, 2.670876, 0.000207
2.670100, 3.012209, 0.037899
2.670100, 11.735713, 0.006349
2.670100, 3.041309, -0.040480
2.670100, 2.672102, -0.000275
2.670100, 2.966739, 0.033715
2.670100, 11.533406, 0.028231
2.670100, 3.097936, -0.045311
2.670100, 2.676423, -0.000175
2.670100, 3.050034, 0.041211
2.670100, 11.720214, -0.009888
2.670100, 3.004679, -0.037187
2.670100, 2.675018, 0.000342
2.670100, 3.097871, 0.045316
2.670100, 11.533430, -0.028232
2.670100, 2.966653, -0.033722
2.670100, 2.670128, 0.000040
2.670100, 2.977413, 0.034724
2.670100, 11.606864, 0.022847
2.670100, 3.083057, -0.044072
2.670100, 2.674247, -0.000325
2.670100, 2.994505, 0.036266
2.670100, 11.688981, 0.014646
2.670100, 3.061829, -0.042236
2.670100, 2.676384, 0.000084
2.670100, 3.084817, 0.044204
2.670100, 11.599184, -0.023462
2.670100, 2.976286, -0.034599
2.670100, 2.672837, 0.000292
2.670100, 3.055563, 0.041721
2.670100, 11.706614, -0.012205
2.670100, 2.999511, -0.036752
2.670100, 2.670520, -0.000156
2.670100, 2.957268, 0.032837
2.670100, 11.454909, 0.033040
2.670100, 3.111685, -0.046461
2.670100, 2.675903, -0.000338
2.670100, 3.019568, 0.038521
2.670100, 11.743752, 0.003138
2.670100, 3.033939, -0.039797
2.670100, 2.676337, 0.000283
2.670100, 3.111321, 0.046428
2.670100, 11.457214, -0.032907
2.670100, 2.957552, -0.032859
2.670100, 2.671189, 0.000234
2.670100, 3.020910, 0.038678
2.670100, 11.744909, 0.002447
2.670100, 3.032119, -0.039672
2.670100, 2.671664, -0.000259
2.670100, 2.961737, 0.033249
2.670100, 11.493514, 0.030767
2.670100, 3.105130, -0.045912
2.670100, 2.676414, -0.000229
2.670100, 3.042572, 0.040558
2.670100, 11.734025, -0.006795
2.670100, 3.011432, -0.037794
2.670100, 2.675462, 0.000345
2.670100, 3.105529, 0.045953
2.670100, 11.490988, -0.030923
2.670100, 2.961374, -0.033226
2.670100, 2.670257, 0.000094
2.670100, 2.986857, 0.035596
2.670100, 11.657553, 0.018230
2.670100, 3.070857, -0.043035
2.670100, 2.673628, -0.000310
2.670100, 2.986643, 0.035550
2.670100, 11.655764, 0.018404
2.670100, 3.071439, -0.043064
2.670100, 2.676362, 0.000011
2.670100, 3.074495, 0.043326
2.670100, 11.643853, -0.019577
2.670100, 2.984218, -0.035328
2.670100, 2.673440, 0.000305
2.670100, 3.067184, 0.042721
2.670100, 11.670886, -0.016807
2.670100, 2.989810, -0.035867
2.670100, 2.670310, -0.000109
2.670100, 2.960166, 0.033112
2.670100, 11.480655, 0.031543
2.670100, 3.107321, -0.046101
2.670100, 2.675578, -0.000344
2.670100, 3.013382, 0.037969
2.670100, 11.737031, 0.005912
2.670100, 3.040467, -0.040373
2.670100, 2.676402, 0.000243
2.670100, 3.106879, 0.046058
2.670100, 11.483436, -0.031376
2.670100, 2.960544, -0.033138
2.670100, 2.671545, 0.000254
2.670100, 3.029458, 0.039437
2.670100, 11.746061, -0.001299
2.670100, 3.023509, -0.038910
2.670100, 2.671293, -0.000240
2.670100, 2.958317, 0.032930
2.670100, 11.464041, 0.032516
2.670100, 3.110179, -0.046333
2.670100, 2.676362, -0.000272
2.670100, 3.035881, 0.039969
2.670100, 11.742172, -0.003968
2.670100, 3.017707, -0.038355
2.670100, 2.675812, 0.000340
2.670100, 3.110597, 0.046372
2.670100, 11.461403, -0.032669
2.670100, 2.957984, -0.032905
2.670100, 2.670451, 0.000142
2.670100, 2.996561, 0.036484
2.670100, 11.697030, 0.013593
2.670100, 3.059027, -0.042020
2.670100, 2.673018, -0.000296
2.670100, 2.978684, 0.034820
2.670100, 11.613624, 0.022280
2.670100, 3.081643, -0.043935
2.670100, 2.676374, -0.000062
2.670100, 3.064691, 0.042483
2.670100, 11.679783, -0.015776
2.670100, 2.992125, -0.036050
2.670100, 2.674059, 0.000320
2.670100, 3.079347, 0.043758
2.670100, 11.623278, -0.021460
2.670100, 2.980227, -0.034985
2.670100, 2.670158, -0.000057
2.670100, 2.964806, 0.033549
2.670100, 11.519073, 0.029170
2.670100, 3.100520, -0.045537
2.670100, 2.675165, -0.000344
2.670100, 3.006805, 0.037378
2.670100, 11.725141, 0.008909
2.670100, 3.047654, -0.041003
2.670100, 2.676425, 0.000193
2.670100, 3.100382, 0.045516
2.670100, 11.520131, -0.029099
2.670100, 2.965021, -0.033555
2.670100, 2.671959, 0.000270
2.670100, 3.038410, 0.040226
2.670100, 11.739465, -0.005129
2.670100, 3.014909, -0.038142
2.670100, 2.670967, -0.000216
2.670100, 2.956363, 0.032748
2.670100, 11.446431, 0.033517
2.670100, 3.113103, -0.046576
2.670100, 2.676259, -0.000306
2.670100, 3.029630, 0.039416
2.670100, 11.745950, -0.001281
2.670100, 3.023766, -0.038895
2.670100, 2.676082, 0.000328
2.670100, 3.113273, 0.046592
2.670100, 11.445350, -0.033578
2.670100, 2.956234, -0.032738
2.670100, 2.670692, 0.000184
2.670100, 3.006123, 0.037351
2.670100, 11.724172, 0.009132
2.670100, 3.048011, -0.041065
2.670100, 2.672443, -0.000283
2.670100, 2.971083, 0.034118
2.670100, 11.565001, 0.026049
2.670100, 3.091869, -0.044801
2.670100, 2.676408, -0.000133
2.670100, 3.055578, 0.041694
2.670100, 11.706910, -0.012144
2.670100, 2.999823, -0.036748
2.670100, 2.674660, 0.000335
2.670100, 3.091135, 0.044752
2.670100, 11.568318, -0.025813
2.670100, 2.971453, -0.034170
2.670100, 2.670100, 0.000001
2.670100, 2.971688, 0.034192
2.670100, 11.569933, 0.025696
2.670100, 3.090812, -0.044725
2.670100, 2.674643, -0.000335
2.670100, 2.999603, 0.036728
2.670100, 11.706239, 0.012247
2.670100, 3.055833, -0.041716
2.670100, 2.676407, 0.000131
2.670100, 3.091582, 0.044776
2.670100, 11.566445, -0.025945
2.670100, 2.971291, -0.034137
2.670100, 2.672459, 0.000284
2.670100, 3.048319, 0.041092
2.670100, 11.723549, -0.009259
2.670100, 3.005848, -0.037326
2.670100, 2.670684, -0.000183
2.670100, 2.956259, 0.032741
2.670100, 11.445590, 0.033565
2.670100, 3.113233, -0.046588
2.670100, 2.676076, -0.000328
2.670100, 3.023590, 0.038880
2.670100, 11.745895, 0.001358
2.670100, 3.029809, -0.039432
2.670100, 2.676263, 0.000305
2.670100, 3.113054, 0.046572
2.670100, 11.446731, -0.033500
2.670100, 2.956396, -0.032751
2.670100, 2.670976, 0.000217
2.670100, 3.015166, 0.038165
2.670100, 11.739780, 0.005013
2.670100, 3.038136, -0.040202
2.670100, 2.671946, -0.000270
2.670100, 2.964865, 0.033540
2.670100, 11.518904, 0.029178
2.670100, 3.100605, -0.045534
2.670100, 2.676425, -0.000195
2.670100, 3.047430, 0.040984
2.670100, 11.725579, -0.008816
2.670100, 3.007007, -0.037396
2.670100, 2.675179, 0.000344
2.670100, 3.100759, 0.045557
2.670100, 11.517756, -0.029254
2.670100, 2.964639, -0.033533
2.670100, 2.670162, 0.000059
2.670100, 2.980502, 0.035010
2.670100, 11.624820, 0.021325
2.670100, 3.078989, -0.043727
2.670100, 2.674041, -0.000320
2.670100, 2.991895, 0.036029
2.670100, 11.678856, 0.015885
2.670100, 3.064970, -0.042507
2.670100, 2.676373, 0.000060
2.670100, 3.081338, 0.043909
2.670100, 11.614980, -0.022166
2.670100, 2.978916, -0.034841
2.670100, 2.673035, 0.000296
2.670100, 3.059364, 0.042049
2.670100, 11.696048, -0.013727
2.670100, 2.996277, -0.036458
2.670100, 2.670445, -0.000141
2.670100, 2.958061, 0.032912
2.670100, 11.462093, 0.032629
2.670100, 3.110481, -0.046362
2.670100, 2.675803, -0.000341
2.670100, 3.017527, 0.038339
2.670100, 11.742000, 0.004049
2.670100, 3.036070, -0.039985
2.670100, 2.676364, 0.000271
2.670100, 3.110059, 0.046323
2.670100, 11.464755, -0.032474
2.670100, 2.958397, -0.032937
2.670100, 2.671303, 0.000241
2.670100, 3.023759, 0.038932
2.670100, 11.746134, 0.001189
2.670100, 3.029205, -0.039415
2.670100, 2.671534, -0.000253
2.670100, 2.960436, 0.033128
2.670100, 11.482517, 0.031431
2.670100, 3.107037, -0.046071
2.670100, 2.676401, -0.000245
2.670100, 3.040268, 0.040355
2.670100, 11.737295, -0.005828
2.670100, 3.013568, -0.037985
2.670100, 2.675589, 0.000344
2.670100, 3.107482, 0.046115
2.670100, 11.479722, -0.031599
2.670100, 2.960058, -0.033101
2.670100, 2.670316, 0.000111
2.670100, 2.990095, 0.035893
2.670100, 11.672109, 0.016670
2.670100, 3.066833, -0.042691
2.670100, 2.673422, -0.000305
2.670100, 2.983984, 0.035307
2.670100, 11.642663, 0.019691
2.670100, 3.074792, -0.043351
2.670100, 2.676362, -0.000013
2.670100, 3.071148, 0.043039
2.670100, 11.656865, -0.018292
2.670100, 2.986875, -0.035571
2.670100, 2.673646, 0.000310
2.670100, 3.071213, 0.043066
2.670100, 11.656212, -0.018367
2.670100, 2.986574, -0.035570
2.670100, 2.670252, -0.000093
2.670100, 2.961499, 0.033237
2.670100, 11.492044, 0.030859
2.670100, 3.105344, -0.045938
2.670100, 2.675451, -0.000345
2.670100, 3.011242, 0.037777
2.670100, 11.733709, 0.006882
2.670100, 3.042778, -0.040576
2.670100, 2.676415, 0.000228
2.670100, 3.104951, 0.045898
2.670100, 11.494533, -0.030705
2.670100, 2.961859, -0.033260
2.670100, 2.671676, 0.000260
2.670100, 3.032377, 0.039695
2.670100, 11.744760, -0.002558
2.670100, 3.020660, -0.038656
2.670100, 2.671179, -0.000233
2.670100, 2.957486, 0.032853
2.670100, 11.456618, 0.032941
2.670100, 3.111420, -0.046436
2.670100, 2.676335, -0.000284
2.670100, 3.033755, 0.039781
2.670100, 11.743883, -0.003059
2.670100, 3.019746, -0.038537
2.670100, 2.675912, 0.000337
2.670100, 3.111778, 0.046469
2.670100, 11.454353, -0.033071
2.670100, 2.957207, -0.032831
2.670100, 2.670527, 0.000157
2.670100, 2.999794, 0.036778
2.670100, 11.707474, 0.012073
2.670100, 3.055234, -0.041692
2.670100, 2.672819, -0.000291
2.670100, 2.976058, 0.034578
2.670100, 11.597767, 0.023575
2.670100, 3.085122, -0.044230
2.670100, 2.676385, -0.000086
2.670100, 3.061558, 0.042213
2.670100, 11.689822, -0.014538
2.670100, 2.994733, -0.036287
2.670100, 2.674265, 0.000326
2.670100, 3.083411, 0.044102
2.670100, 11.605256, -0.022978
2.670100, 2.977148, -0.034700
2.670100, 2.670126, -0.000038
2.670100, 2.966842, 0.033739
2.670100, 11.534872, 0.028136
2.670100, 3.097602, -0.045294
2.670100, 2.675003, -0.000342
2.670100, 3.004471, 0.037168
2.670100, 11.719703, 0.009984
2.670100, 3.050268, -0.041232
2.670100, 2.676423, 0.000174
2.670100, 3.097689, 0.045290
2.670100, 11.534730, -0.028143
2.670100, 2.966914, -0.033731
2.670100, 2.672116, 0.000275
2.670100, 3.041593, 0.040505
2.670100, 11.735304, -0.006468
2.670100, 3.011947, -0.037876
2.670100, 2.670868, -0.000206
2.670100, 2.956104, 0.032725
2.670100, 11.444080, 0.033649
2.670100, 3.113487, -0.046608
2.670100, 2.676208, -0.000315
2.670100, 3.027599, 0.039236
2.670100, 11.746346, -0.000398
2.670100, 3.025777, -0.039074
2.670100, 2.676153, 0.000321
2.670100, 3.113541, 0.046613
2.670100, 11.443736, -0.033668
2.670100, 2.956063, -0.032721
2.670100, 2.670782, 0.000196
2.670100, 3.009214, 0.037630
2.670100, 11.730574, 0.007713
2.670100, 3.044578, -0.040766
2.670100, 2.672267, -0.000279
2.670100, 2.968804, 0.033906
2.670100, 11.548780, 0.027191
2.670100, 3.095031, -0.045067
2.670100, 2.676417, -0.000155
2.670100, 3.052734, 0.041447
2.670100, 11.714048, -0.010991
2.670100, 3.002297, -0.036972
2.670100, 2.674845, 0.000339
2.670100, 3.094673, 0.045049
2.670100, 11.550293, -0.027090
2.670100, 2.968913, -0.033933
2.670100, 2.670107, 0.000021
2.670100, 2.974475, 0.034452
2.670100, 11.588511, 0.024304
2.670100, 3.087002, -0.044405
2.670100, 2.674448, -0.000330
2.670100, 2.997064, 0.036499
2.670100, 11.698055, 0.013438
2.670100, 3.058797, -0.041974
2.670100, 2.676395, 0.000108
2.670100, 3.088234, 0.044494
2.670100, 11.582976, -0.024722
2.670100, 2.973744, -0.034364
2.670100, 2.672645, 0.000288
2.670100, 3.051897, 0.041403
2.670100, 11.715720, -0.010722
2.670100, 3.002689, -0.037040
2.670100, 2.670600, -0.000170
2.670100, 2.956666, 0.032780
2.670100, 11.449375, 0.033352
2.670100, 3.112606, -0.046537
2.670100, 2.675994, -0.000334
2.670100, 3.021575, 0.038700
2.670100, 11.745036, 0.002248
2.670100, 3.031867, -0.039614
2.670100, 2.676304, 0.000295
2.670100, 3.112324, 0.046511
2.670100, 11.451164, -0.033251
2.670100, 2.956882, -0.032796
2.670100, 2.671080, 0.000226
2.670100, 3.018069, 0.038425
2.670100, 11.742822, 0.003711
2.670100, 3.035071, -0.039933
2.670100, 2.671800, -0.000265
2.670100, 2.963199, 0.033385
2.670100, 11.505563, 0.030024
2.670100, 3.103005, -0.045735
2.670100, 2.676422, -0.000213
2.670100, 3.044940, 0.040766
2.670100, 11.730167, -0.007784
2.670100, 3.009261, -0.037599
2.670100, 2.675327, 0.000345
2.670100, 3.103311, 0.045769
2.670100, 11.503572, -0.030150
2.670100, 2.962884, -0.033368
2.670100, 2.670205, 0.000077
2.670100, 2.983671, 0.035303
2.670100, 11.641840, 0.019776
2.670100, 3.074895, -0.043379
2.670100, 2.673834, -0.000315
2.670100, 2.989265, 0.035789
2.670100, 11.667752, 0.017143
2.670100, 3.068184, -0.042784
2.670100, 2.676366, 0.000035
2.670100, 3.077877, 0.043614
2.670100, 11.629956, -0.020863
2.670100, 2.981576, -0.035086
2.670100, 2.673237, 0.000300
2.670100, 3.063253, 0.042384
2.670100, 11.684095, -0.015268
2.670100, 2.993029, -0.036161
2.670100, 2.670375, -0.000125
2.670100, 2.959030, 0.033004
2.670100, 11.470731, 0.032128
2.670100, 3.109020, -0.046242
2.670100, 2.675694, -0.000343
2.670100, 3.015461, 0.038155
2.670100, 11.739763, 0.004975
2.670100, 3.038249, -0.040177
2.670100, 2.676386, 0.000258
2.670100, 3.108570, 0.046199
2.670100, 11.473561, -0.031961
2.670100, 2.959399, -0.033031
2.670100, 2.671422, 0.000248
2.670100, 3.026609, 0.039185
2.670100, 11.746512, -0.000060
2.670100, 3.026334, -0.039160
2.670100, 2.671410, -0.000247
2.670100, 2.959296, 0.033021
2.670100, 11.472660, 0.032014
2.670100, 3.108723, -0.046212
2.670100, 2.676384, -0.000259
2.670100, 3.038036, 0.040159
2.670100, 11.740000, -0.004885
2.670100, 3.015662, -0.038173
2.670100, 2.675705, 0.000343
2.670100, 3.109172, 0.046254
2.670100, 11.469837, -0.032180
2.670100, 2.958929, -0.032995
2.670100, 2.670381, 0.000127
2.670100, 2.993343, 0.036190
2.670100, 11.685308, 0.015118
2.670100, 3.062875, -0.042351
2.670100, 2.673218, -0.000300
2.670100, 2.981319, 0.035062
2.670100, 11.628552, 0.020989
2.670100, 3.078209, -0.043643
2.670100, 2.676367, -0.000038
2.670100, 3.067871, 0.042757
2.670100, 11.668866, -0.017021
2.670100, 2.989519, -0.035813
2.670100, 2.673854, 0.000315
2.670100, 3.075289, 0.043413
2.670100, 11.640247, -0.019926
2.670100, 2.983363, -0.035274
2.670100, 2.670200, -0.000075
2.670100, 2.963042, 0.033383
2.670100, 11.504874, 0.030069
2.670100, 3.103079, -0.045750
2.670100, 2.675313, -0.000345
2.670100, 3.009047, 0.037580
2.670100, 11.729756, 0.007882
2.670100, 3.045176, -0.040786
2.670100, 2.676422, 0.000211
2.670100, 3.102785, 0.045717
2.670100, 11.506797, -0.029946
2.670100, 2.963351, -0.033399
2.670100, 2.671814, 0.000265
2.670100, 3.035362, 0.039958
2.670100, 11.742571, -0.003835
2.670100, 3.017791, -0.038400
2.670100, 2.671070, -0.000225
2.670100, 2.956827, 0.032791
2.670100, 11.450660, 0.033279
2.670100, 3.112407, -0.046518
2.670100, 2.676300, -0.000296
2.670100, 3.031667, 0.039596
2.670100, 11.745138, -0.002161
2.670100, 3.021770, -0.038718
2.670100, 2.676002, 0.000333
2.670100, 3.112680, 0.046543
2.670100, 11.448928, -0.033378
2.670100, 2.956618, -0.032775
2.670100, 2.670608, 0.000171
2.670100, 3.002996, 0.037068
2.670100, 11.716534, 0.010579
2.670100, 3.051547, -0.041373
2.670100, 2.672627, -0.000287
2.670100, 2.973502, 0.034342
2.670100, 11.581383, 0.024843
2.670100, 3.088562, -0.044522
2.670100, 2.676396, -0.000110
2.670100, 3.058507, 0.041948
2.670100, 11.698886, -0.013322
2.670100, 2.997311, -0.036521
2.670100, 2.674467, 0.000331
2.670100, 3.087378, 0.044436
2.670100, 11.586714, -0.024442
2.670100, 2.974198, -0.034426
2.670100, 2.670106, -0.000019
2.670100, 2.969147, 0.033955
2.670100, 11.551994, 0.026972
2.670100, 3.094345, -0.045021
2.670100, 2.674828, -0.000339
2.670100, 3.002062, 0.036951
2.670100, 11.713401, 0.011101
2.670100, 3.053003, -0.041470
2.670100, 2.676416, 0.000153
2.670100, 3.094735, 0.045042
2.670100, 11.550319, -0.027085
2.670100, 2.969016, -0.033926
2.670100, 2.672283, 0.000279
2.670100, 3.044904, 0.040794
2.670100, 11.730012, -0.007848
2.670100, 3.008919, -0.037603
2.670100, 2.670773, -0.000195
2.670100, 2.956070, 0.032722
2.670100, 11.443801, 0.033664
2.670100, 3.113531, -0.046612
2.670100, 2.676146, -0.000322
2.670100, 3.025583, 0.039057
2.670100, 11.746326, 0.000483
2.670100, 3.027794, -0.039253
2.670100, 2.676213, 0.000314
2.670100, 3.113465, 0.046607
2.670100, 11.444218, -0.033641
2.670100, 2.956119, -0.032726
2.670100, 2.670877, 0.000207
2.670100, 3.012235, 0.037902
2.670100, 11.735753, 0.006337
2.670100, 3.041281, -0.040478
2.670100, 2.672100, -0.000275
2.670100, 2.966722, 0.033713
2.670100, 11.533275, 0.028240
2.670100, 3.097961, -0.045313
2.670100, 2.676423, -0.000176
2.670100, 3.050011, 0.041209
2.670100, 11.720264, -0.009878
2.670100, 3.004700, -0.037189
2.670100, 2.675019, 0.000342
2.670100, 3.097898, 0.045318
2.670100, 11.533287, -0.028242
2.670100, 2.966634, -0.033720
2.670100, 2.670129, 0.000040
2.670100, 2.977440, 0.034727
2.670100, 11.607024, 0.022834
2.670100, 3.083022, -0.044069
2.670100, 2.674245, -0.000325
2.670100, 2.994483, 0.036264
2.670100, 11.688897, 0.014656
2.670100, 3.061856, -0.042238
2.670100, 2.676384, 0.000084
2.670100, 3.084787, 0.044202
2.670100, 11.599325, -0.023451
2.670100, 2.976309, -0.034601
2.670100, 2.672838, 0.000292
2.670100, 3.055595, 0.041723
2.670100, 11.706527, -0.012218
2.670100, 2.999483, -0.036749
2.670100, 2.670520, -0.000156
2.670100, 2.957275, 0.032838
2.670100, 11.454965, 0.033036
2.670100, 3.111676, -0.046461
2.670100, 2.675902, -0.000338
2.670100, 3.019550, 0.038520
2.670100, 11.743738, 0.003146
2.670100, 3.033958, -0.039799
2.670100, 2.676337, 0.000283
2.670100, 3.111311, 0.046427
2.670100, 11.457274, -0.032904
2.670100, 2.957559, -0.032859
2.670100, 2.671190, 0.000234
2.670100, 3.020935, 0.038680
2.670100, 11.744923, 0.002436
2.670100, 3.032093, -0.039670
2.670100, 2.671663, -0.000259
2.670100, 2.961725, 0.033248
2.670100, 11.493413, 0.030773
2.670100, 3.105147, -0.045914
2.670100, 2.676414, -0.000229
2.670100, 3.042551, 0.040556
2.670100, 11.734056, -0.006787
2.670100, 3.011450, -0.037795
2.670100, 2.675463, 0.000345
2.670100, 3.105547, 0.045955
2.670100, 11.490884, -0.030929
2.670100, 2.961362, -0.033225
2.670100, 2.670257, 0.000094
2.670100, 2.986885, 0.035598
2.670100, 11.657685, 0.018216
2.670100, 3.070822, -0.043032
2.670100, 2.673626, -0.000309
2.670100, 2.986620, 0.035548
2.670100, 11.655654, 0.018415
2.670100, 3.071468, -0.043066
2.670100, 2.676362, 0.000011
2.670100, 3.074466, 0.043323
2.670100, 11.643971, -0.019566
2.670100, 2.984241, -0.035330
2.670100, 2.673442, 0.000305
2.670100, 3.067219, 0.042724
2.670100, 11.670764, -0.016820
2.670100, 2.989782, -0.035864
2.670100, 2.670310, -0.000109
2.670100, 2.960176, 0.033113
2.670100, 11.480748, 0.031538
2.670100, 3.107305, -0.046100
2.670100, 2.675577, -0.000344
2.670100, 3.013364, 0.037967
2.670100, 11.737005, 0.005920
2.670100, 3.040487, -0.040375
2.670100, 2.676403, 0.000243
2.670100, 3.106863, 0.046057
2.670100, 11.483528, -0.031370
2.670100, 2.960555, -0.033139
2.670100, 2.671546, 0.000254
2.670100, 3.029484, 0.039440
2.670100, 11.746053, -0.001310
2.670100, 3.023484, -0.038907
2.670100, 2.671292, -0.000240
2.670100, 2.958309, 0.032929
2.670100, 11.463971, 0.032520
2.670100, 3.110191, -0.046334
2.670100, 2.676362, -0.000272
2.670100, 3.035862, 0.039967
2.670100, 11.742189, -0.003960
2.670100, 3.017724, -0.038357
2.670100, 2.675813, 0.000340
2.670100, 3.110609, 0.046373
2.670100, 11.461335, -0.032672
2.670100, 2.957977, -0.032904
2.670100, 2.670452, 0.000142
2.670100, 2.996589, 0.036486
2.670100, 11.697127, 0.013579
2.670100, 3.058993, -0.042017
2.670100, 2.673016, -0.000295
2.670100, 2.978661, 0.034818
2.670100, 11.613489, 0.022292
2.670100, 3.081674, -0.043938
2.670100, 2.676374, -0.000062
2.670100, 3.064664, 0.042481
2.670100, 11.679875, -0.015765
2.670100, 2.992148, -0.036052
2.670100, 2.674061, 0.000320
2.670100, 3.079383, 0.043761
2.670100, 11.623124, -0.021473
2.670100, 2.980200, -0.034982
2.670100, 2.670158, -0.000057
2.670100, 2.964822, 0.033550
2.670100, 11.519204, 0.029162
2.670100, 3.100496, -0.045535
2.670100, 2.675164, -0.000344
2.670100, 3.006785, 0.037376
2.670100, 11.725097, 0.008918
2.670100, 3.047676, -0.041005
2.670100, 2.676425, 0.000193
2.670100, 3.100359, 0.045514
2.670100, 11.520253, -0.029091
2.670100, 2.965037, -0.033556
2.670100, 2.671961, 0.000270
2.670100, 3.038437, 0.040228
2.670100, 11.739434, -0.005140
2.670100, 3.014883, -0.038139
2.670100, 2.670966, -0.000216
2.670100, 2.956359, 0.032748
2.670100, 11.446401, 0.033519
2.670100, 3.113108, -0.046577
2.670100, 2.676258, -0.000306
2.670100, 3.029612, 0.039414
2.670100, 11.745955, -0.001273
2.670100, 3.023784, -0.038897
2.670100, 2.676083, 0.000328
2.670100, 3.113277, 0.046592
2.670100, 11.445328, -0.033579
2.670100, 2.956231, -0.032738
2.670100, 2.670693, 0.000184
2.670100, 3.006150, 0.037354
2.670100, 11.724233, 0.009119
2.670100, 3.047981, -0.041063
2.670100, 2.672442, -0.000283
2.670100, 2.971063, 0.034116
2.670100, 11.564858, 0.026059
2.670100, 3.091898, -0.044803
2.670100, 2.676408, -0.000133
2.670100, 3.055553, 0.041692
2.670100, 11.706977, -0.012134
2.670100, 2.999845, -0.036750
2.670100, 2.674662, 0.000335
2.670100, 3.091167, 0.044755
2.670100, 11.568158, -0.025825
2.670100, 2.971430, -0.034168
2.670100, 2.670100, 0.000001
2.670100, 2.971711, 0.034194
2.670100, 11.570093, 0.025684
2.670100, 3.090780, -0.044722
2.670100, 2.674642, -0.000335
2.670100, 2.999581, 0.036726
2.670100, 11.706172, 0.012257
2.670100, 3.055859, -0.041719
2.670100, 2.676407, 0.000131
2.670100, 3.091554, 0.044774
2.670100, 11.566589, -0.025934
2.670100, 2.971312, -0.034139
2.670100, 2.672460, 0.000284
2.670100, 3.048350, 0.041095
2.670100, 11.723486, -0.009271
2.670100, 3.005821, -0.037324
2.670100, 2.670684, -0.000183
2.670100, 2.956262, 0.032741
2.670100, 11.445614, 0.033563
2.670100, 3.113229, -0.046588
2.670100, 2.676075, -0.000328
2.670100, 3.023572, 0.038878
2.670100, 11.745889, 0.001366
2.670100, 3.029827, -0.039433
2.670100, 2.676263, 0.000305
2.670100, 3.113049, 0.046572
2.670100, 11.446762, -0.033499
2.670100, 2.956399, -0.032752
2.670100, 2.670977, 0.000217
2.670100, 3.015191, 0.038167
2.670100, 11.739811, 0.005001
2.670100, 3.038109, -0.040200
2.670100, 2.671945, -0.000270
2.670100, 2.964850, 0.033539
2.670100, 11.518783, 0.029186
2.670100, 3.100627, -0.045536
2.670100, 2.676425, -0.000195
2.670100, 3.047408, 0.040982
2.670100, 11.725623, -0.008807
2.670100, 3.007027, -0.037398
2.670100, 2.675180, 0.000344
2.670100, 3.100783, 0.045559
2.670100, 11.517626, -0.029263
2.670100, 2.964623, -0.033531
2.670100, 2.670162, 0.000059
2.670100, 2.980529, 0.035013
2.670100, 11.624973, 0.021312
2.670100, 3.078953, -0.043724
2.670100, 2.674039, -0.000320
2.670100, 2.991872, 0.036027
2.670100, 11.678764, 0.015896
2.670100, 3.064997, -0.042510
2.670100, 2.676373, 0.000060
2.670100, 3.081308, 0.043907
2.670100, 11.615114, -0.022155
2.670100, 2.978939, -0.034843
2.670100, 2.673037, 0.000296
2.670100, 3.059397, 0.042052
2.670100, 11.695950, -0.013741
2.670100, 2.996248, -0.036455
2.670100, 2.670444, -0.000141
2.670100, 2.958069, 0.032913
2.670100, 11.462162, 0.032625
2.670100, 3.110470, -0.046361
2.670100, 2.675802, -0.000341
2.670100, 3.017509, 0.038338
2.670100, 11.741982, 0.004057
2.670100, 3.036089, -0.039987
2.670100, 2.676365, 0.000271
2.670100, 3.110047, 0.046322
2.670100, 11.464827, -0.032470
2.670100, 2.958405, -0.032938
2.670100, 2.671304, 0.000241
2.670100, 3.023783, 0.038934
2.670100, 11.746141, 0.001178
2.670100, 3.029180, -0.039413
2.670100, 2.671533, -0.000253
2.670100, 2.960426, 0.033127
2.670100, 11.482426, 0.031436
2.670100, 3.107053, -0.046073
2.670100, 2.676401, -0.000245
2.670100, 3.040249, 0.040354
2.670100, 11.737321, -0.005820
2.670100, 3.013586, -0.037987
2.670100, 2.675590, 0.000344
2.670100, 3.107498, 0.046116
2.670100, 11.479630, -0.031604
2.670100, 2.960047, -0.033100
2.670100, 2.670317, 0.000111
2.670100, 2.990123, 0.035895
2.670100, 11.672230, 0.016657
2.670100, 3.066799, -0.042688
2.670100, 2.673420, -0.000305
2.670100, 2.983961, 0.035304
2.670100, 11.642545, 0.019702
2.670100, 3.074822, -0.043353
2.670100, 2.676362, -0.000014
2.670100, 3.071120, 0.043036
2.670100, 11.656974, -0.018281
2.670100, 2.986898, -0.035573
2.670100, 2.673648, 0.000310
2.670100, 3.071248, 0.043069
2.670100, 11.656079, -0.018380
2.670100, 2.986546, -0.035567
2.670100, 2.670252, -0.000092
2.670100, 2.961511, 0.033239
2.670100, 11.492149, 0.030852
2.670100, 3.105326, -0.045936
2.670100, 2.675450, -0.000345
2.670100, 3.011223, 0.037775
2.670100, 11.733677, 0.006890
2.670100, 3.042798, -0.040578
2.670100, 2.676415, 0.000228
2.670100, 3.104934, 0.045896
2.670100, 11.494635, -0.030699
2.670100, 2.961872, -0.033261
2.670100, 2.671677, 0.000260
2.670100, 3.032403, 0.039697
2.670100, 11.744744, -0.002569
2.670100, 3.020635, -0.038654
2.670100, 2.671178, -0.000233
2.670100, 2.957479, 0.032852
2.670100, 11.456560, 0.032945
2.670100, 3.111430, -0.046437
2.670100, 2.676334, -0.000285
2.670100, 3.033736, 0.039779
2.670100, 11.743896, -0.003051
2.670100, 3.019764, -0.038539
2.670100, 2.675913, 0.000337
2.670100, 3.111787, 0.046470
2.670100, 11.454298, -0.033074
2.670100, 2.957201, -0.032831
2.670100, 2.670528, 0.000157
2.670100, 2.999822, 0.036780
2.670100, 11.707559, 0.012060
2.670100, 3.055201, -0.041689
2.670100, 2.672818, -0.000291
2.670100, 2.976035, 0.034576
2.670100, 11.597626, 0.023586
2.670100, 3.085152, -0.044233
2.670100, 2.676385, -0.000087
2.670100, 3.061531, 0.042210
2.670100, 11.689905, -0.014527
2.670100, 2.994756, -0.036289
2.670100, 2.674267, 0.000326
2.670100, 3.083446, 0.044105
2.670100, 11.605096, -0.022991
2.670100, 2.977122, -0.034697
2.670100, 2.670126, -0.000038
2.670100, 2.966861, 0.033741
2.670100, 11.535016, 0.028127
2.670100, 3.097575, -0.045291
2.670100, 2.675002, -0.000342
2.670100, 3.004451, 0.037166
2.670100, 11.719652, 0.009993
2.670100, 3.050292, -0.041234
2.670100, 2.676423, 0.000173
2.670100, 3.097664, 0.045288
2.670100, 11.534862, -0.028134
2.670100, 2.966931, -0.033732
2.670100, 2.672118, 0.000275
2.670100, 3.041621, 0.040508
2.670100, 11.735263, -0.006480
2.670100, 3.011921, -0.037874
2.670100, 2.670867, -0.000206
2.670100, 2.956103, 0.032724
2.670100, 11.444069, 0.033649
2.670100, 3.113489, -0.046609
2.670100, 2.676207, -0.000315
2.670100, 3.027582, 0.039234
2.670100, 11.746348, -0.000390
2.670100, 3.025795, -0.039076
2.670100, 2.676153, 0.000321
2.670100, 3.113542, 0.046613
2.670100, 11.443731, -0.033668
2.670100, 2.956063, -0.032721
2.670100, 2.670783, 0.000196
2.670100, 3.009241, 0.037632
2.670100, 11.730624, 0.007701
2.670100, 3.044549, -0.040764
2.670100, 2.672265, -0.000279
2.670100, 2.968785, 0.033905
2.670100, 11.548641, 0.027200
2.670100, 3.095057, -0.045069
2.670100, 2.676418, -0.000155
2.670100, 3.052710, 0.041445
2.670100, 11.714106, -0.010981
2.670100, 3.002318, -0.036974
2.670100, 2.674847, 0.000339
2.670100, 3.094702, 0.045051
2.670100, 11.550140, -0.027100
2.670100, 2.968892, -0.033931
2.670100, 2.670107, 0.000021
2.670100, 2.974500, 0.034454
2.670100, 11.588674, 0.024291
2.670100, 3.086968, -0.044402
2.670100, 2.674446, -0.000330
2.670100, 2.997042, 0.036497
2.670100, 11.697979, 0.013448
2.670100, 3.058823, -0.041976
2.670100, 2.676395, 0.000108
2.670100, 3.088204, 0.044491
2.670100, 11.583119, -0.024711
2.670100, 2.973766, -0.034366
2.670100, 2.672647, 0.000288
2.670100, 3.051929, 0.041406
2.670100, 11.715646, -0.010734
2.670100, 3.002661, -0.037038
2.670100, 2.670599, -0.000170
2.670100, 2.956671, 0.032780
2.670100, 11.449416, 0.033350
2.670100, 3.112599, -0.046537
2.670100, 2.675993, -0.000334
2.670100, 3.021558, 0.038699
2.670100, 11.745027, 0.002255
2.670100, 3.031885, -0.039616
2.670100, 2.676304, 0.000295
2.670100, 3.112316, 0.046511
2.670100, 11.451210, -0.033248
2.670100, 2.956888, -0.032797
2.670100, 2.671081, 0.000226
2.670100, 3.018094, 0.038427
2.670100, 11.742845, 0.003700
2.670100, 3.035045, -0.039930
2.670100, 2.671799, -0.000265
2.670100, 2.963185, 0.033384
2.670100, 11.505452, 0.030031
2.670100, 3.103024, -0.045737
2.670100, 2.676422, -0.000213
2.670100, 3.044919, 0.040764
2.670100, 11.730203, -0.007775
2.670100, 3.009280, -0.037601
2.670100, 2.675328, 0.000345
2.670100, 3.103332, 0.045771
2.670100, 11.503455, -0.030157
2.670100, 2.962869, -0.033367
2.670100, 2.670205, 0.000077
2.670100, 2.983698, 0.035305
2.670100, 11.641983, 0.019762
2.670100, 3.074859, -0.043376
2.670100, 2.673832, -0.000315
2.670100, 2.989242, 0.035787
2.670100, 11.667651, 0.017154
2.670100, 3.068212, -0.042787
2.670100, 2.676366, 0.000035
2.670100, 3.077847, 0.043612
2.670100, 11.630082, -0.020852
2.670100, 2.981600, -0.035088
2.670100, 2.673239, 0.000300
2.670100, 3.063287, 0.042387
2.670100, 11.683985, -0.015281
2.670100, 2.993001, -0.036159
2.670100, 2.670374, -0.000125
2.670100, 2.959039, 0.033005
2.670100, 11.470812, 0.032124
2.670100, 3.109006, -0.046241
2.670100, 2.675693, -0.000343
2.670100, 3.015443, 0.038153
2.670100, 11.739741, 0.004983
2.670100, 3.038268, -0.040179
2.670100, 2.676386, 0.000257
2.670100, 3.108556, 0.046198
2.670100, 11.473642, -0.031956
2.670100, 2.959408, -0.033032
2.670100, 2.671423, 0.000248
2.670100, 3.026634, 0.039187
2.670100, 11.746512, -0.000071
2.670100, 3.026309, -0.039158
2.670100, 2.671409, -0.000247
2.670100, 2.959286, 0.033020
2.670100, 11.472579, 0.032019
2.670100, 3.108737, -0.046213
2.670100, 2.676384, -0.000259
2.670100, 3.038017, 0.040157
2.670100, 11.740022, -0.004876
2.670100, 3.015680, -0.038174
2.670100, 2.675706, 0.000343
2.670100, 3.109185, 0.046256
2.670100, 11.469757, -0.032185
2.670100, 2.958920, -0.032994
2.670100, 2.670382, 0.000127
2.670100, 2.993371, 0.036193
2.670100, 11.685416, 0.015105
2.670100, 3.062841, -0.042348
2.670100, 2.673216, -0.000300
2.670100, 2.981296, 0.035060
2.670100, 11.628425, 0.021000
2.670100, 3.078239, -0.043645
2.670100, 2.676367, -0.000038
2.670100, 3.067842, 0.042755
2.670100, 11.668966, -0.017010
2.670100, 2.989542, -0.035815
2.670100, 2.673856, 0.000315
2.670100, 3.075325, 0.043416
2.670100, 11.640102, -0.019940
2.670100, 2.983335, -0.035272
2.670100, 2.670200, -0.000075
2.670100, 2.963057, 0.033384
2.670100, 11.504992, 0.030061
2.670100, 3.103058, -0.045748
2.670100, 2.675312, -0.000345
2.670100, 3.009027, 0.037578
2.670100, 11.729718, 0.007891
2.670100, 3.045197, -0.040788
2.670100, 2.676422, 0.000211
2.670100, 3.102765, 0.045715
2.670100, 11.506909, -0.029939
2.670100, 2.963365, -0.033401
2.670100, 2.671815, 0.000265
2.670100, 3.035389, 0.039961
2.670100, 11.742548, -0.003847
2.670100, 3.017766, -0.038397
2.670100, 2.671069, -0.000225
2.670100, 2.956822, 0.032791
2.670100, 11.450615, 0.033282
2.670100, 3.112415, -0.046519
2.670100, 2.676300, -0.000296
2.670100, 3.031649, 0.039595
2.670100, 11.745147, -0.002154
2.670100, 3.021787, -0.038719
2.670100, 2.676003, 0.000333
2.670100, 3.112687, 0.046544
2.670100, 11.448889, -0.033380
2.670100, 2.956613, -0.032775
2.670100, 2.670608, 0.000171
2.670100, 3.003024, 0.037071
2.670100, 11.716607, 0.010566
2.670100, 3.051515, -0.041370
2.670100, 2.672625, -0.000287
2.670100, 2.973480, 0.034340
2.670100, 11.581239, 0.024854
2.670100, 3.088592, -0.044524
2.670100, 2.676396, -0.000110
2.670100, 3.058481, 0.041946
2.670100, 11.698961, -0.013311
2.670100, 2.997333, -0.036523
2.670100, 2.674469, 0.000331
2.670100, 3.087412, 0.044439
2.670100, 11.586552, -0.024454
2.670100, 2.974173, -0.034424
2.670100, 2.670106, -0.000018
2.670100, 2.969169, 0.033957
2.670100, 11.552148, 0.026961
2.670100, 3.094315, -0.045019
2.670100, 2.674827, -0.000339
2.670100, 3.002040, 0.036949
2.670100, 11.713342, 0.011111
2.670100, 3.053028, -0.041472
2.670100, 2.676416, 0.000153
2.670100, 3.094708, 0.045040
2.670100, 11.550458, -0.027075
2.670100, 2.969035, -0.033928
2.670100, 2.672285, 0.000279
2.670100, 3.044933, 0.040797
2.670100, 11.729960, -0.007860
2.670100, 3.008892, -0.037601
2.670100, 2.670773, -0.000195
2.670100, 2.956071, 0.032722
2.670100, 11.443808, 0.033664
2.670100, 3.113529, -0.046612
2.670100, 2.676146, -0.000322
2.670100, 3.025566, 0.039055
2.670100, 11.746324, 0.000491
2.670100, 3.027812, -0.039255
2.670100, 2.676213, 0.000314
2.670100, 3.113463, 0.046606
2.670100, 11.444232, -0.033640
2.670100, 2.956121, -0.032726
2.670100, 2.670878, 0.000207
2.670100, 3.012261, 0.037904
2.670100, 11.735793, 0.006325
2.670100, 3.041252, -0.040475
2.670100, 2.672099, -0.000275
2.670100, 2.966704, 0.033711
2.670100, 11.533144, 0.028248
2.670100, 3.097985, -0.045315
2.670100, 2.676423, -0.000176
2.670100, 3.049988, 0.041207
2.670100, 11.720314, -0.009869
2.670100, 3.004721, -0.037190
2.670100, 2.675021, 0.000342
2.670100, 3.097924, 0.045321
2.670100, 11.533145, -0.028251
2.670100, 2.966615, -0.033718
2.670100, 2.670129, 0.000040
2.670100, 2.977466, 0.034729
2.670100, 11.607183, 0.022820
2.670100, 3.082987, -0.044066
2.670100, 2.674244, -0.000325
2.670100, 2.994460, 0.036262
2.670100, 11.688813, 0.014667
2.670100, 3.061883, -0.042241
2.670100, 2.676384, 0.000084
2.670100, 3.084757, 0.044199
2.670100, 11.599465, -0.023440
2.670100, 2.976331, -0.034603
2.670100, 2.672840, 0.000292
2.670100, 3.055628, 0.041726
2.670100, 11.706441, -0.012231
2.670100, 2.999455, -0.036747
2.670100, 2.670519, -0.000156
2.670100, 2.957281, 0.032838
2.670100, 11.455021, 0.033033
2.670100, 3.111666, -0.046460
2.670100, 2.675902, -0.000338
2.670100, 3.019533, 0.038518
2.670100, 11.743725, 0.003154
2.670100, 3.033976, -0.039801
2.670100, 2.676338, 0.000283
2.670100, 3.111301, 0.046426
2.670100, 11.457333, -0.032901
2.670100, 2.957566, -0.032860
2.670100, 2.671191, 0.000234
2.670100, 3.020960, 0.038683
2.670100, 11.744937, 0.002425
2.670100, 3.032067, -0.039668
2.670100, 2.671662, -0.000259
2.670100, 2.961713, 0.033247
2.670100, 11.493312, 0.030780
2.670100, 3.105165, -0.045915
2.670100, 2.676414, -0.000229
2.670100, 3.042531, 0.040554
2.670100, 11.734087, -0.006778
2.670100, 3.011469, -0.037797
2.670100, 2.675465, 0.000345
2.670100, 3.105565, 0.045956
2.670100, 11.490780, -0.030935
2.670100, 2.961349, -0.033223
2.670100, 2.670258, 0.000094
2.670100, 2.986913, 0.035601
2.670100, 11.657817, 0.018203
2.670100, 3.070787, -0.043029
2.670100, 2.673625, -0.000309
2.670100, 2.986596, 0.035546
2.670100, 11.655545, 0.018426
2.670100, 3.071497, -0.043069
2.670100, 2.676362, 0.000011
2.670100, 3.074437, 0.043320
2.670100, 11.644088, -0.019555
2.670100, 2.984264, -0.035332
2.670100, 2.673444, 0.000305
2.670100, 3.067254, 0.042727
2.670100, 11.670642, -0.016834
2.670100, 2.989754, -0.035862
2.670100, 2.670309, -0.000109
2.670100, 2.960187, 0.033114
2.670100, 11.480841, 0.031532
2.670100, 3.107289, -0.046099
2.670100, 2.675576, -0.000344
2.670100, 3.013346, 0.037965
2.670100, 11.736978, 0.005928
2.670100, 3.040507, -0.040376
2.670100, 2.676403, 0.000243
2.670100, 3.106847, 0.046056
2.670100, 11.483619, -0.031365
2.670100, 2.960565, -0.033140
2.670100, 2.671547, 0.000254
2.670100, 3.029509, 0.039442
2.670100, 11.746046, -0.001321
2.670100, 3.023459, -0.038905
2.670100, 2.671291, -0.000240
2.670100, 2.958301, 0.032928
2.670100, 11.463901, 0.032524
2.670100, 3.110202, -0.046335
2.670100, 2.676362, -0.000272
2.670100, 3.035844, 0.039965
2.670100, 11.742206, -0.003952
2.670100, 3.017742, -0.038358
2.670100, 2.675814, 0.000340
2.670100, 3.110620, 0.046374
2.670100, 11.461267, -0.032676
2.670100, 2.957969, -0.032904
2.670100, 2.670453, 0.000143
2.670100, 2.996618, 0.036489
2.670100, 11.697224, 0.013566
2.670100, 3.058960, -0.042014
2.670100, 2.673014, -0.000295
2.670100, 2.978638, 0.034815
2.670100, 11.613354, 0.022303
2.670100, 3.081704, -0.043940
2.670100, 2.676374, -0.000063
2.670100, 3.064636, 0.042479
2.670100, 11.679966, -0.015754
2.670100, 2.992170, -0.036054
2.670100, 2.674063, 0.000320
2.670100, 3.079419, 0.043764
2.670100, 11.622971, -0.021487
2.670100, 2.980173, -0.034980
2.670100, 2.670157, -0.000057
2.670100, 2.964839, 0.033552
2.670100, 11.519335, 0.029153
2.670100, 3.100472, -0.045533
2.670100, 2.675162, -0.000344
2.670100, 3.006765, 0.037375
2.670100, 11.725053, 0.008927
2.670100, 3.047699, -0.041007
2.670100, 2.676425, 0.000193
2.670100, 3.100337, 0.045512
2.670100, 11.520376, -0.029084
2.670100, 2.965052, -0.033558
2.670100, 2.671962, 0.000270
2.670100, 3.038464, 0.040231
2.670100, 11.739402, -0.005152
2.670100, 3.014858, -0.038137
2.670100, 2.670965, -0.000216
2.670100, 2.956356, 0.032748
2.670100, 11.446373, 0.033520
2.670100, 3.113113, -0.046577
2.670100, 2.676258, -0.000306
2.670100, 3.029595, 0.039413
2.670100, 11.745960, -0.001265
2.670100, 3.023801, -0.038898
2.670100, 2.676084, 0.000328
2.670100, 3.113281, 0.046592
2.670100, 11.445305, -0.033581
2.670100, 2.956229, -0.032738
2.670100, 2.670694, 0.000184
2.670100, 3.006177, 0.037356
2.670100, 11.724294, 0.009107
2.670100, 3.047951, -0.041060
2.670100, 2.672440, -0.000283
2.670100, 2.971042, 0.034114
2.670100, 11.564715, 0.026069
2.670100, 3.091926, -0.044805
2.670100, 2.676408, -0.000133
2.670100, 3.055528, 0.041690
2.670100, 11.707043, -0.012124
2.670100, 2.999867, -0.036752
2.670100, 2.674664, 0.000335
2.670100, 3.091199, 0.044758
2.670100, 11.567998, -0.025836
2.670100, 2.971407, -0.034166
2.670100, 2.670100, 0.000001
2.670100, 2.971734, 0.034197
2.670100, 11.570253, 0.025672
2.670100, 3.090748, -0.044720
2.670100, 2.674640, -0.000335
2.670100, 2.999559, 0.036724
2.670100, 11.706105, 0.012267
2.670100, 3.055884, -0.041721
2.670100, 2.676407, 0.000131
2.670100, 3.091525, 0.044772
2.670100, 11.566732, -0.025924
2.670100, 2.971333, -0.034141
2.670100, 2.672462, 0.000284
2.670100, 3.048380, 0.041097
2.670100, 11.723424, -0.009284
2.670100, 3.005794, -0.037321
2.670100, 2.670683, -0.000183
2.670100, 2.956264, 0.032741
2.670100, 11.445639, 0.033562
2.670100, 3.113225, -0.046588
2.670100, 2.676074, -0.000329
2.670100, 3.023555, 0.038876
2.670100, 11.745883, 0.001374
2.670100, 3.029845, -0.039435
2.670100, 2.676263, 0.000305
2.670100, 3.113044, 0.046571
2.670100, 11.446793, -0.033497
2.670100, 2.956402, -0.032752
2.670100, 2.670978, 0.000217
2.670100, 3.015217, 0.038169
2.670100, 11.739841, 0.004990
2.670100, 3.038081, -0.040197
2.670100, 2.671944, -0.000270
2.670100, 2.964834, 0.033537
2.670100, 11.518662, 0.029194
2.670100, 3.100649, -0.045538
2.670100, 2.676425, -0.000195
2.670100, 3.047386, 0.040980
2.670100, 11.725666, -0.008798
2.670100, 3.007046, -0.037400
2.670100, 2.675181, 0.000344
2.670100, 3.100807, 0.045561
2.670100, 11.517497, -0.029271
2.670100, 2.964607, -0.033530
2.670100, 2.670162, 0.000059
2.670100, 2.980557, 0.035015
2.670100, 11.625125, 0.021298
2.670100, 3.078917, -0.043721
2.670100, 2.674037, -0.000320
2.670100, 2.991849, 0.036025
2.670100, 11.678671, 0.015907
2.670100, 3.065025, -0.042512
2.670100, 2.676373, 0.000060
2.670100, 3.081278, 0.043904
2.670100, 11.615248, -0.022144
2.670100, 2.978963, -0.034845
2.670100, 2.673039, 0.000296
2.670100, 3.059431, 0.042055
2.670100, 11.695852, -0.013754
2.670100, 2.996220, -0.036453
2.670100, 2.670444, -0.000141
2.670100, 2.958076, 0.032914
2.670100, 11.462231, 0.032621
2.670100, 3.110458, -0.046360
2.670100, 2.675802, -0.000341
2.670100, 3.017491, 0.038336
2.670100, 11.741965, 0.004065
2.670100, 3.036107, -0.039989
2.670100, 2.676365, 0.000271
2.670100, 3.110035, 0.046321
2.670100, 11.464898, -0.032466
2.670100, 2.958413, -0.032939
2.670100, 2.671305, 0.000241
2.670100, 3.023808, 0.038936
2.670100, 11.746148, 0.001167
2.670100, 3.029155, -0.039410
2.670100, 2.671532, -0.000253
2.670100, 2.960415, 0.033126
2.670100, 11.482336, 0.031442
2.670100, 3.107068, -0.046074
2.670100, 2.676401, -0.000245
2.670100, 3.040229, 0.040352
2.670100, 11.737346, -0.005811
2.670100, 3.013605, -0.037988
2.670100, 2.675591, 0.000344
2.670100, 3.107514, 0.046117
2.670100, 11.479539, -0.031610
2.670100, 2.960037, -0.033099
2.670100, 2.670317, 0.000111
2.670100, 2.990151, 0.035898
2.670100, 11.672350, 0.016643
2.670100, 3.066764, -0.042685
2.670100, 2.673418, -0.000304
2.670100, 2.983938, 0.035302
2.670100, 11.642426, 0.019713
2.670100, 3.074851, -0.043356
2.670100, 2.676362, -0.000014
2.670100, 3.071091, 0.043034
2.670100, 11.657082, -0.018270
2.670100, 2.986921, -0.035575
2.670100, 2.673650, 0.000310
2.670100, 3.071284, 0.043072
2.670100, 11.655946, -0.018394
2.670100, 2.986518, -0.035565
2.670100, 2.670251, -0.000092
2.670100, 2.961524, 0.033240
2.670100, 11.492254, 0.030846
2.670100, 3.105308, -0.045935
2.670100, 2.675449, -0.000345
2.670100, 3.011204, 0.037773
2.670100, 11.733646, 0.006899
2.670100, 3.042819, -0.040579
2.670100, 2.676415, 0.000227
2.670100, 3.104916, 0.045895
2.670100, 11.494736, -0.030693
2.670100, 2.961884, -0.033263
2.670100, 2.671678, 0.000260
2.670100, 3.032428, 0.039700
2.670100, 11.744729, -0.002580
2.670100, 3.020610, -0.038651
2.670100, 2.671177, -0.000233
2.670100, 2.957473, 0.032851
2.670100, 11.456501, 0.032948
2.670100, 3.111439, -0.046438
2.670100, 2.676334, -0.000285
2.670100, 3.033718, 0.039778
2.670100, 11.743909, -0.003043
2.670100, 3.019782, -0.038540
2.670100, 2.675913, 0.000337
2.670100, 3.111796, 0.046471
2.670100, 11.454244, -0.033077
2.670100, 2.957195, -0.032830
2.670100, 2.670528, 0.000157
2.670100, 2.999850, 0.036783
2.670100, 11.707644, 0.012046
2.670100, 3.055169, -0.041687
2.670100, 2.672816, -0.000291
2.670100, 2.976013, 0.034573
2.670100, 11.597486, 0.023598
2.670100, 3.085182, -0.044235
2.670100, 2.676385, -0.000087
2.670100, 3.061504, 0.042208
2.670100, 11.689988, -0.014516
2.670100, 2.994778, -0.036291
2.670100, 2.674268, 0.000326
2.670100, 3.083481, 0.044108
2.670100, 11.604937, -0.023004
2.670100, 2.977095, -0.034695
2.670100, 2.670126, -0.000038
2.670100, 2.966880, 0.033743
2.670100, 11.535160, 0.028117
2.670100, 3.097548, -0.045289
2.670100, 2.675000, -0.000342
2.670100, 3.004430, 0.037164
2.670100, 11.719601, 0.010003
2.670100, 3.050315, -0.041236
2.670100, 2.676423, 0.000173
2.670100, 3.097640, 0.045286
2.670100, 11.534993, -0.028125
2.670100, 2.966948, -0.033734
2.670100, 2.672119, 0.000275
2.670100, 3.041650, 0.040510
2.670100, 11.735222, -0.006491
2.670100, 3.011895, -0.037871
2.670100, 2.670866, -0.000206
2.670100, 2.956102, 0.032724
2.670100, 11.444058, 0.033650
2.670100, 3.113491, -0.046609
2.670100, 2.676206, -0.000315
2.670100, 3.027564, 0.039233
2.670100, 11.746350, -0.000383
2.670100, 3.025812, -0.039077
2.670100, 2.676154, 0.000321
2.670100, 3.113543, 0.046613
2.670100, 11.443726, -0.033669
2.670100, 2.956062, -0.032721
2.670100, 2.670784, 0.000196
2.670100, 3.009267, 0.037635
2.670100, 11.730675, 0.007689
2.670100, 3.044520, -0.040761
2.670100, 2.672264, -0.000279
2.670100, 2.968766, 0.033903
2.670100, 11.548503, 0.027210
2.670100, 3.095084, -0.045071
2.670100, 2.676418, -0.000155
2.670100, 3.052686, 0.041442
2.670100, 11.714164, -0.010971
2.670100, 3.002340, -0.036976
2.670100, 2.674849, 0.000339
2.670100, 3.094732, 0.045054
2.670100, 11.549988, -0.027111
2.670100, 2.968871, -0.033929
2.670100, 2.670108, 0.000021
2.670100, 2.974525, 0.034456
2.670100, 11.588835, 0.024279
2.670100, 3.086934, -0.044399
2.670100, 2.674444, -0.000330
2.670100, 2.997020, 0.036495
2.670100, 11.697904, 0.013459
2.670100, 3.058850, -0.041978
2.670100, 2.676395, 0.000107
2.670100, 3.088175, 0.044489
2.670100, 11.583263, -0.024701
2.670100, 2.973788, -0.034368
2.670100, 2.672649, 0.000288
2.670100, 3.051961, 0.041409
2.670100, 11.715572, -0.010747
2.670100, 3.002633, -0.037035
2.670100, 2.670598, -0.000170
2.670100, 2.956675, 0.032780
2.670100, 11.449457, 0.033348
2.670100, 3.112592, -0.046536
2.670100, 2.675992, -0.000334
2.670100, 3.021540, 0.038697
2.670100, 11.745017, 0.002263
2.670100, 3.031903, -0.039617
2.670100, 2.676304, 0.000294
2.670100, 3.112309, 0.046510
2.670100, 11.451257, -0.033246
2.670100, 2.956893, -0.032797
2.670100, 2.671082, 0.000226
2.670100, 3.018119, 0.038429
2.670100, 11.742867, 0.003689
2.670100, 3.035018, -0.039928
2.670100, 2.671798, -0.000265
2.670100, 2.963171, 0.033383
2.670100, 11.505341, 0.030037
2.670100, 3.103044, -0.045738
2.670100, 2.676422, -0.000213
2.670100, 3.044898, 0.040762
2.670100, 11.730240, -0.007766
2.670100, 3.009300, -0.037602
2.670100, 2.675329, 0.000345
2.670100, 3.103352, 0.045773
2.670100, 11.503339, -0.030164
2.670100, 2.962855, -0.033365
2.670100, 2.670206, 0.000077
2.670100, 2.983726, 0.035308
2.670100, 11.642126, 0.019749
2.670100, 3.074824, -0.043373
2.670100, 2.673830, -0.000315
2.670100, 2.989219, 0.035785
2.670100, 11.667550, 0.017165
2.670100, 3.068240, -0.042789
2.670100, 2.676366, 0.000035
2.670100, 3.077817, 0.043609
2.670100, 11.630208, -0.020841
2.670100, 2.981623, -0.035090
2.670100, 2.673241, 0.000300
2.670100, 3.063322, 0.042390
2.670100, 11.683875, -0.015295
2.670100, 2.992973, -0.036156
2.670100, 2.670373, -0.000125
2.670100, 2.959049, 0.033006
2.670100, 11.470894, 0.032119
2.670100, 3.108992, -0.046240
2.670100, 2.675692, -0.000343
2.670100, 3.015425, 0.038151
2.670100, 11.739719, 0.004991
2.670100, 3.038287, -0.040181
2.670100, 2.676386, 0.000257
2.670100, 3.108542, 0.046197
2.670100, 11.473724, -0.031952
2.670100, 2.959418, -0.033033
2.670100, 2.671424, 0.000248
2.670100, 3.026659, 0.039189
2.670100, 11.746511, -0.000082
2.670100, 3.026284, -0.039156
2.670100, 2.671408, -0.000247
2.670100, 2.959277, 0.033020
2.670100, 11.472499, 0.032024
2.670100, 3.108750, -0.046214
2.670100, 2.676384, -0.000259
2.670100, 3.037998, 0.040155
2.670100, 11.740043, -0.004868
2.670100, 3.015698, -0.038176
2.670100, 2.675707, 0.000343
2.670100, 3.109199, 0.046257
2.670100, 11.469678, -0.032190
2.670100, 2.958911, -0.032993
2.670100, 2.670382, 0.000127
2.670100, 2.993399, 0.036195
2.670100, 11.685525, 0.015092
2.670100, 3.062807, -0.042345
2.670100, 2.673214, -0.000300
2.670100, 2.981273, 0.035058
2.670100, 11.628298, 0.021012
2.670100, 3.078269, -0.043648
2.670100, 2.676367, -0.000038
2.670100, 3.067814, 0.042752
2.670100, 11.669066, -0.016999
2.670100, 2.989565, -0.035817
2.670100, 2.673857, 0.000315
2.670100, 3.075360, 0.043419
2.670100, 11.639958, -0.019953
2.670100, 2.983307, -0.035269
2.670100, 2.670200, -0.000075
2.670100, 2.963071, 0.033386
2.670100, 11.505110, 0.030054
2.670100, 3.103037, -0.045746
2.670100, 2.675310, -0.000345
2.670100, 3.009008, 0.037576
2.670100, 11.729681, 0.007900
2.670100, 3.045218, -0.040790
2.670100, 2.676422, 0.000211
2.670100, 3.102745, 0.045713
2.670100, 11.507021, -0.029932
2.670100, 2.963378, -0.033402
2.670100, 2.671816, 0.000265
2.670100, 3.035415, 0.039963
2.670100, 11.742525, -0.003858
2.670100, 3.017741, -0.038395
2.670100, 2.671068, -0.000225
2.670100, 2.956817, 0.032790
2.670100, 11.450570, 0.033284
2.670100, 3.112422, -0.046519
2.670100, 2.676299, -0.000296
2.670100, 3.031631, 0.039593
2.670100, 11.745156, -0.002146
2.670100, 3.021805, -0.038721
2.670100, 2.676004, 0.000333
2.670100, 3.112693, 0.046544
2.670100, 11.448849, -0.033382
2.670100, 2.956609, -0.032774
2.670100, 2.670609, 0.000171
2.670100, 3.003051, 0.037073
2.670100, 11.716680, 0.010553
2.670100, 3.051484, -0.041367
2.670100, 2.672623, -0.000287
2.670100, 2.973458, 0.034338
2.670100, 11.581095, 0.024864
2.670100, 3.088621, -0.044526
2.670100, 2.676397, -0.000110
2.670100, 3.058455, 0.041944
2.670100, 11.699035, -0.013301
2.670100, 2.997356, -0.036525
2.670100, 2.674470, 0.000331
2.670100, 3.087445, 0.044442
2.670100, 11.586390, -0.024467
2.670100, 2.974148, -0.034421
2.670100, 2.670106, -0.000018
2.670100, 2.969190, 0.033959
2.670100, 11.552301, 0.026950
2.670100, 3.094285, -0.045016
2.670100, 2.674825, -0.000339
2.670100, 3.002019, 0.036947
2.670100, 11.713283, 0.011120
2.670100, 3.053052, -0.041474
2.670100, 2.676416, 0.000152
2.670100, 3.094682, 0.045037
2.670100, 11.550597, -0.027065
2.670100, 2.969054, -0.033930
2.670100, 2.672286, 0.000279
2.670100, 3.044962, 0.040800
2.670100, 11.729909, -0.007872
2.670100, 3.008866, -0.037599
2.670100, 2.670772, -0.000195
2.670100, 2.956071, 0.032722
2.670100, 11.443815, 0.033664
2.670100, 3.113528, -0.046612
2.670100, 2.676145, -0.000322
2.670100, 3.025548, 0.039054
2.670100, 11.746322, 0.000498
2.670100, 3.027829, -0.039256
2.670100, 2.676214, 0.000314
2.670100, 3.113461, 0.046606
2.670100, 11.444245, -0.033640
2.670100, 2.956122, -0.032726
2.670100, 2.670879, 0.000207
2.670100, 3.012287, 0.037906
2.670100, 11.735833, 0.006313
2.670100, 3.041224, -0.040473
2.670100, 2.672098, -0.000274
2.670100, 2.966687, 0.033710
2.670100, 11.533014, 0.028257
2.670100, 3.098009, -0.045317
2.670100, 2.676423, -0.000176
2.670100, 3.049965, 0.041205
2.670100, 11.720364, -0.009859
2.670100, 3.004741, -0.037192
2.670100, 2.675022, 0.000342
2.670100, 3.097951, 0.045323
2.670100, 11.533003, -0.028261
2.670100, 2.966597, -0.033717
2.670100, 2.670129, 0.000040
2.670100, 2.977493, 0.034732
2.670100, 11.607342, 0.022807
2.670100, 3.082952, -0.044063
2.670100, 2.674242, -0.000325
2.670100, 2.994438, 0.036260
2.670100, 11.688729, 0.014678
2.670100, 3.061910, -0.042243
2.670100, 2.676384, 0.000084
2.670100, 3.084727, 0.044197
2.670100, 11.599605, -0.023429
2.670100, 2.976354, -0.034605
2.670100, 2.672842, 0.000292
2.670100, 3.055661, 0.041729
2.670100, 11.706355, -0.012245
2.670100, 2.999427, -0.036744
2.670100, 2.670518, -0.000156
2.670100, 2.957287, 0.032839
2.670100, 11.455077, 0.033030
2.670100, 3.111657, -0.046459
2.670100, 2.675901, -0.000338
2.670100, 3.019515, 0.038517
2.670100, 11.743712, 0.003162
2.670100, 3.033995, -0.039802
2.670100, 2.676338, 0.000283
2.670100, 3.111291, 0.046425
2.670100, 11.457393, -0.032897
2.670100, 2.957572, -0.032861
2.670100, 2.671192, 0.000234
2.670100, 3.020985, 0.038685
2.670100, 11.744952, 0.002414
2.670100, 3.032042, -0.039666
2.670100, 2.671660, -0.000259
2.670100, 2.961701, 0.033246
2.670100, 11.493212, 0.030786
2.670100, 3.105182, -0.045917
2.670100, 2.676414, -0.000229
2.670100, 3.042511, 0.040552
2.670100, 11.734118, -0.006770
2.670100, 3.011488, -0.037799
2.670100, 2.675466, 0.000345
2.670100, 3.105583, 0.045958
2.670100, 11.490676, -0.030942
2.670100, 2.961337, -0.033222
2.670100, 2.670258, 0.000095
2.670100, 2.986941, 0.035603
2.670100, 11.657950, 0.018189
2.670100, 3.070752, -0.043026
2.670100, 2.673623, -0.000309
2.670100, 2.986573, 0.035544
2.670100, 11.655435, 0.018438
2.670100, 3.071526, -0.043071
2.670100, 2.676362, 0.000011
2.670100, 3.074407, 0.043318
2.670100, 11.644206, -0.019544
2.670100, 2.984287, -0.035334
2.670100, 2.673445, 0.000305
2.670100, 3.067288, 0.042730
2.670100, 11.670520, -0.016848
2.670100, 2.989726, -0.035859
2.670100, 2.670309, -0.000109
2.670100, 2.960198, 0.033115
2.670100, 11.480934, 0.031527
2.670100, 3.107273, -0.046098
2.670100, 2.675574, -0.000344
2.670100, 3.013327, 0.037964
2.670100, 11.736952, 0.005937
2.670100, 3.040527, -0.040378
2.670100, 2.676403, 0.000243
2.670100, 3.106832, 0.046054
2.670100, 11.483711, -0.031360
2.670100, 2.960576, -0.033141
2.670100, 2.671548, 0.000254
2.670100, 3.029534, 0.039444
2.670100, 11.746038, -0.001332
2.670100, 3.023435, -0.038903
2.670100, 2.671290, -0.000240
2.670100, 2.958293, 0.032928
2.670100, 11.463830, 0.032528
2.670100, 3.110214, -0.046336
2.670100, 2.676361, -0.000272
2.670100, 3.035825, 0.039964
2.670100, 11.742223, -0.003944
2.670100, 3.017760, -0.038360
2.670100, 2.675815, 0.000340
2.670100, 3.110631, 0.046375
2.670100, 11.461199, -0.032680
2.670100, 2.957962, -0.032903
2.670100, 2.670453, 0.000143
2.670100, 2.996646, 0.036491
2.670100, 11.697320, 0.013553
2.670100, 3.058927, -0.042011
2.670100, 2.673012, -0.000295
2.670100, 2.978615, 0.034813
2.670100, 11.613219, 0.022314
2.670100, 3.081734, -0.043943
2.670100, 2.676374, -0.000063
2.670100, 3.064608, 0.042476
2.670100, 11.680058, -0.015743
2.670100, 2.992193, -0.036056
2.670100, 2.674065, 0.000321
2.670100, 3.079454, 0.043767
2.670100, 11.622817, -0.021500
2.670100, 2.980146, -0.034977
2.670100, 2.670157, -0.000056
2.670100, 2.964855, 0.033553
2.670100, 11.519467, 0.029145
2.670100, 3.100448, -0.045531
2.670100, 2.675161, -0.000344
2.670100, 3.006745, 0.037373
2.670100, 11.725009, 0.008936
2.670100, 3.047721, -0.041009
2.670100, 2.676425, 0.000193
2.670100, 3.100315, 0.045510
2.670100, 11.520498, -0.029076
2.670100, 2.965068, -0.033559
2.670100, 2.671963, 0.000270
2.670100, 3.038491, 0.040233
2.670100, 11.739370, -0.005163
2.670100, 3.014832, -0.038135
2.670100, 2.670964, -0.000216
2.670100, 2.956353, 0.032747
2.670100, 11.446344, 0.033522
2.670100, 3.113117, -0.046577
2.670100, 2.676257, -0.000306
2.670100, 3.029577, 0.039411
2.670100, 11.745965, -0.001258
2.670100, 3.023819, -0.038900
2.670100, 2.676084, 0.000328
2.670100, 3.113284, 0.046593
2.670100, 11.445282, -0.033582
2.670100, 2.956226, -0.032737
2.670100, 2.670694, 0.000184
2.670100, 3.006204, 0.037358
2.670100, 11.724355, 0.009094
2.670100, 3.047920, -0.041057
2.670100, 2.672438, -0.000283
2.670100, 2.971021, 0.034112
2.670100, 11.564572, 0.026080
2.670100, 3.091954, -0.044808
2.670100, 2.676408, -0.000133
2.670100, 3.055503, 0.041688
2.670100, 11.707109, -0.012114
2.670100, 2.999888, -0.036754
2.670100, 2.674665, 0.000335
2.670100, 3.091231, 0.044760
2.670100, 11.567838, -0.025848
2.670100, 2.971384, -0.034164
2.670100, 2.670100, 0.000001
2.670100, 2.971758, 0.034199
2.670100, 11.570414, 0.025661
2.670100, 3.090715, -0.044717
2.670100, 2.674638, -0.000335
2.670100, 2.999537, 0.036722
2.670100, 11.706037, 0.012278
2.670100, 3.055909, -0.041723
2.670100, 2.676407, 0.000130
2.670100, 3.091497, 0.044769
2.670100, 11.566876, -0.025914
2.670100, 2.971354, -0.034143
2.670100, 2.672464, 0.000284
2.670100, 3.048411, 0.041100
2.670100, 11.723361, -0.009296
2.670100, 3.005767, -0.037319
2.670100, 2.670682, -0.000183
2.670100, 2.956267, 0.032741
2.670100, 11.445664, 0.033560
2.670100, 3.113221, -0.046587
2.670100, 2.676074, -0.000329
2.670100, 3.023537, 0.038875
2.670100, 11.745878, 0.001381
2.670100, 3.029863, -0.039437
2.670100, 2.676264, 0.000305
2.670100, 3.113039, 0.046571
2.670100, 11.446824, -0.033495
2.670100, 2.956406, -0.032752
2.670100, 2.670979, 0.000217
2.670100, 3.015242, 0.038172
2.670100, 11.739872, 0.004978
2.670100, 3.038054, -0.040195
2.670100, 2.671942, -0.000270
2.670100, 2.964819, 0.033536
2.670100, 11.518541, 0.029202
2.670100, 3.100671, -0.045540
2.670100, 2.676425, -0.000195
2.670100, 3.047364, 0.040978
2.670100, 11.725709, -0.008789
2.670100, 3.007066, -0.037402
2.670100, 2.675183, 0.000344
2.670100, 3.100830, 0.045563
2.670100, 11.517367, -0.029279
2.670100, 2.964590, -0.033528
2.670100, 2.670162, 0.000059
2.670100, 2.980584, 0.035018
2.670100, 11.625277, 0.021285
2.670100, 3.078882, -0.043718
2.670100, 2.674036, -0.000320
2.670100, 2.991827, 0.036023
2.670100, 11.678579, 0.015918
2.670100, 3.065053, -0.042515
2.670100, 2.676373, 0.000059
2.670100, 3.081247, 0.043901
2.670100, 11.615382, -0.022132
2.670100, 2.978986, -0.034847
2.670100, 2.673040, 0.000296
2.670100, 3.059464, 0.042058
2.670100, 11.695753, -0.013767
2.670100, 2.996192, -0.036450
2.670100, 2.670443, -0.000141
2.670100, 2.958084, 0.032915
2.670100, 11.462300, 0.032617
2.670100, 3.110446, -0.046359
2.670100, 2.675801, -0.000341
2.670100, 3.017473, 0.038334
2.670100, 11.741947, 0.004073
2.670100, 3.036126, -0.039990
2.670100, 2.676365, 0.000271
2.670100, 3.110023, 0.046320
2.670100, 11.464970, -0.032462
2.670100, 2.958421, -0.032940
2.670100, 2.671306, 0.000241
2.670100, 3.023833, 0.038938
2.670100, 11.746155, 0.001156
2.670100, 3.029129, -0.039408
2.670100, 2.671531, -0.000253
2.670100, 2.960405, 0.033125
2.670100, 11.482245, 0.031447
2.670100, 3.107084, -0.046075
2.670100, 2.676401, -0.000245
2.670100, 3.040209, 0.040350
2.670100, 11.737372, -0.005803
2.670100, 3.013623, -0.037990
2.670100, 2.675592, 0.000344
2.670100, 3.107529, 0.046119
2.670100, 11.479447, -0.031615
2.670100, 2.960026, -0.033098
2.670100, 2.670318, 0.000111
2.670100, 2.990180, 0.035901
2.670100, 11.672471, 0.016630
2.670100, 3.066729, -0.042682
2.670100, 2.673417, -0.000304
2.670100, 2.983915, 0.035300
2.670100, 11.642308, 0.019725
2.670100, 3.074881, -0.043358
2.670100, 2.676362, -0.000014
2.670100, 3.071062, 0.043031
2.670100, 11.657191, -0.018259
2.670100, 2.986944, -0.035577
2.670100, 2.673652, 0.000310
2.670100, 3.071319, 0.043075
2.670100, 11.655812, -0.018407
2.670100, 2.986489, -0.035562
2.670100, 2.670250, -0.000092
2.670100, 2.961536, 0.033241
2.670100, 11.492360, 0.030840
2.670100, 3.105289, -0.045933
2.670100, 2.675447, -0.000345
2.670100, 3.011185, 0.037772
2.670100, 11.733614, 0.006907
2.670100, 3.042839, -0.040581
2.670100, 2.676415, 0.000227
2.670100, 3.104898, 0.045893
2.670100, 11.494838, -0.030686
2.670100, 2.961896, -0.033264
2.670100, 2.671679, 0.000260
2.670100, 3.032454, 0.039702
2.670100, 11.744714, -0.002591
2.670100, 3.020585, -0.038649
2.670100, 2.671176, -0.000233
2.670100, 2.957466, 0.032851
2.670100, 11.456443, 0.032951
2.670100, 3.111449, -0.046439
2.670100, 2.676334, -0.000285
2.670100, 3.033700, 0.039776
2.670100, 11.743922, -0.003035
2.670100, 3.019799, -0.038542
2.670100, 2.675914, 0.000337
2.670100, 3.111805, 0.046471
2.670100, 11.454190, -0.033080
2.670100, 2.957190, -0.032830
2.670100, 2.670529, 0.000158
2.670100, 2.999878, 0.036785
2.670100, 11.707728, 0.012033
2.670100, 3.055136, -0.041684
2.670100, 2.672814, -0.000291
2.670100, 2.975990, 0.034571
2.670100, 11.597345, 0.023609
2.670100, 3.085212, -0.044238
2.670100, 2.676385, -0.000087
2.670100, 3.061477, 0.042206
2.670100, 11.690071, -0.014506
2.670100, 2.994801, -0.036293
2.670100, 2.674270, 0.000326
2.670100, 3.083516, 0.044111
2.670100, 11.604777, -0.023017
2.670100, 2.977069, -0.034692
2.670100, 2.670125, -0.000038
2.670100, 2.966899, 0.033745
2.670100, 11.535304, 0.028108
2.670100, 3.097521, -0.045287
2.670100, 2.674999, -0.000342
2.670100, 3.004410, 0.037162
2.670100, 11.719550, 0.010012
2.670100, 3.050338, -0.041238
2.670100, 2.676423, 0.000173
2.670100, 3.097615, 0.045284
2.670100, 11.535125, -0.028116
2.670100, 2.966966, -0.033736
2.670100, 2.672120, 0.000275
2.670100, 3.041678, 0.040513
2.670100, 11.735181, -0.006503
2.670100, 3.011869, -0.037869
2.670100, 2.670865, -0.000206
2.670100, 2.956100, 0.032724
2.670100, 11.444046, 0.033651
2.670100, 3.113493, -0.046609
2.670100, 2.676206, -0.000315
2.670100, 3.027546, 0.039231
2.670100, 11.746351, -0.000375
2.670100, 3.025830, -0.039079
2.670100, 2.676154, 0.000321
2.670100, 3.113544, 0.046614
2.670100, 11.443722, -0.033669
2.670100, 2.956062, -0.032721
2.670100, 2.670785, 0.000196
2.670100, 3.009294, 0.037637
2.670100, 11.730725, 0.007677
2.670100, 3.044491, -0.040758
2.670100, 2.672262, -0.000279
2.670100, 2.968748, 0.033901
2.670100, 11.548364, 0.027219
2.670100, 3.095110, -0.045073
2.670100, 2.676418, -0.000155
2.670100, 3.052662, 0.041440
2.670100, 11.714222, -0.010962
2.670100, 3.002361, -0.036978
2.670100, 2.674850, 0.000339
2.670100, 3.094761, 0.045056
2.670100, 11.549835, -0.027121
2.670100, 2.968850, -0.033927
2.670100, 2.670108, 0.000021
2.670100, 2.974551, 0.034459
2.670100, 11.588998, 0.024266
2.670100, 3.086900, -0.044396
2.670100, 2.674443, -0.000330
2.670100, 2.996997, 0.036492
2.670100, 11.697828, 0.013469
2.670100, 3.058876, -0.041980
2.670100, 2.676395, 0.000107
2.670100, 3.088145, 0.044486
2.670100, 11.583407, -0.024690
2.670100, 2.973810, -0.034370
2.670100, 2.672650, 0.000288
2.670100, 3.051992, 0.041411
2.670100, 11.715498, -0.010760
2.670100, 3.002606, -0.037033
2.670100, 2.670597, -0.000169
2.670100, 2.956680, 0.032781
2.670100, 11.449499, 0.033345
2.670100, 3.112585, -0.046535
2.670100, 2.675992, -0.000334
2.670100, 3.021523, 0.038696
2.670100, 11.745008, 0.002271
2.670100, 3.031921, -0.039619
2.670100, 2.676305, 0.000294
2.670100, 3.112301, 0.046509
2.670100, 11.451303, -0.033243
2.670100, 2.956898, -0.032798
2.670100, 2.671083, 0.000226
2.670100, 3.018144, 0.038431
2.670100, 11.742889, 0.003678
2.670100, 3.034992, -0.039926
2.670100, 2.671796, -0.000265
2.670100, 2.963158, 0.033381
2.670100, 11.505230, 0.030044
2.670100, 3.103064, -0.045740
2.670100, 2.676422, -0.000213
2.670100, 3.044877, 0.040760
2.670100, 11.730277, -0.007757
2.670100, 3.009319, -0.037604
2.670100, 2.675330, 0.000345
2.670100, 3.103373, 0.045774
2.670100, 11.503222, -0.030172
2.670100, 2.962841, -0.033364
2.670100, 2.670206, 0.000077
2.670100, 2.983754, 0.035310
2.670100, 11.642269, 0.019735
2.670100, 3.074788, -0.043370
2.670100, 2.673828, -0.000314
2.670100, 2.989196, 0.035783
2.670100, 11.667449, 0.017176
2.670100, 3.068269, -0.042791
2.670100, 2.676366, 0.000035
2.670100, 3.077787, 0.043607
2.670100, 11.630334, -0.020829
2.670100, 2.981646, -0.035092
2.670100, 2.673243, 0.000300
2.670100, 3.063356, 0.042393
2.670100, 11.683764, -0.015308
2.670100, 2.992945, -0.036154
2.670100, 2.670373, -0.000125
2.670100, 2.959058, 0.033007
2.670100, 11.470975, 0.032114
2.670100, 3.108978, -0.046238
2.670100, 2.675691, -0.000343
2.670100, 3.015407, 0.038150
2.670100, 11.739697, 0.004999
2.670100, 3.038306, -0.040183
2.670100, 2.676386, 0.000257
2.670100, 3.108528, 0.046196
2.670100, 11.473806, -0.031947
2.670100, 2.959427, -0.033034
2.670100, 2.671425, 0.000248
2.670100, 3.026684, 0.039192
2.670100, 11.746511, -0.000093
2.670100, 3.026259, -0.039154
2.670100, 2.671407, -0.000247
2.670100, 2.959268, 0.033019
2.670100, 11.472418, 0.032028
2.670100, 3.108764, -0.046215
2.670100, 2.676383, -0.000259
2.670100, 3.037979, 0.040154
2.670100, 11.740064, -0.004860
2.670100, 3.015716, -0.038177
2.670100, 2.675708, 0.000343
2.670100, 3.109212, 0.046258
2.670100, 11.469598, -0.032194
2.670100, 2.958902, -0.032992
2.670100, 2.670383, 0.000127
2.670100, 2.993428, 0.036198
2.670100, 11.685634, 0.015078
2.670100, 3.062772, -0.042342
2.670100, 2.673212, -0.000300
2.670100, 2.981250, 0.035056
2.670100, 11.628171, 0.021023
2.670100, 3.078299, -0.043650
2.670100, 2.676367, -0.000039
2.670100, 3.067786, 0.042750
2.670100, 11.669166, -0.016988
2.670100, 2.989588, -0.035819
2.670100, 2.673859, 0.000315
2.670100, 3.075396, 0.043422
2.670100, 11.639814, -0.019967
2.670100, 2.983279, -0.035266
2.670100, 2.670199, -0.000075
2.670100, 2.963086, 0.033387
2.670100, 11.505229, 0.030047
2.670100, 3.103015, -0.045745
2.670100, 2.675309, -0.000345
2.670100, 3.008988, 0.037574
2.670100, 11.729644, 0.007908
2.670100, 3.045240, -0.040792
2.670100, 2.676422, 0.000211
2.670100, 3.102725, 0.045712
2.670100, 11.507133, -0.029925
2.670100, 2.963392, -0.033403
2.670100, 2.671817, 0.000265
2.670100, 3.035441, 0.039965
2.670100, 11.742502, -0.003869
2.670100, 3.017716, -0.038393
2.670100, 2.671067, -0.000225
2.670100, 2.956812, 0.032790
2.670100, 11.450526, 0.033287
2.670100, 3.112429, -0.046520
2.670100, 2.676299, -0.000296
2.670100, 3.031613, 0.039592
2.670100, 11.745165, -0.002138
2.670100, 3.021823, -0.038722
2.670100, 2.676004, 0.000333
2.670100, 3.112700, 0.046545
2.670100, 11.448810, -0.033384
2.670100, 2.956605, -0.032774
2.670100, 2.670610, 0.000171
2.670100, 3.003079, 0.037076
2.670100, 11.716752, 0.010540
2.670100, 3.051452, -0.041364
2.670100, 2.672622, -0.000287
2.670100, 2.973437, 0.034336
2.670100, 11.580951, 0.024875
2.670100, 3.088651, -0.044529
2.670100, 2.676397, -0.000111
2.670100, 3.058429, 0.041942
2.670100, 11.699110, -0.013290
2.670100, 2.997378, -0.036527
2.670100, 2.674472, 0.000331
2.670100, 3.087479, 0.044445
2.670100, 11.586227, -0.024479
2.670100, 2.974123, -0.034419
2.670100, 2.670106, -0.000018
2.670100, 2.969211, 0.033961
2.670100, 11.552456, 0.026940
2.670100, 3.094255, -0.045014
2.670100, 2.674823, -0.000339
2.670100, 3.001998, 0.036945
2.670100, 11.713224, 0.011130
2.670100, 3.053077, -0.041476
2.670100, 2.676416, 0.000152
2.670100, 3.094655, 0.045035
2.670100, 11.550736, -0.027056
2.670100, 2.969074, -0.033931
2.670100, 2.672288, 0.000280
2.670100, 3.044992, 0.040802
2.670100, 11.729857, -0.007885
2.670100, 3.008839, -0.037596
2.670100, 2.670771, -0.000195
2.670100, 2.956072, 0.032722
2.670100, 11.443822, 0.033663
2.670100, 3.113527, -0.046612
2.670100, 2.676145, -0.000322
2.670100, 3.025531, 0.039052
2.670100, 11.746320, 0.000506
2.670100, 3.027847, -0.039258
2.670100, 2.676214, 0.000314
2.670100, 3.113458, 0.046606
2.670100, 11.444259, -0.033639
2.670100, 2.956124, -0.032726
2.670100, 2.670880, 0.000207
2.670100, 3.012313, 0.037909
2.670100, 11.735873, 0.006302
2.670100, 3.041196, -0.040470
2.670100, 2.672096, -0.000274
2.670100, 2.966670, 0.033708
2.670100, 11.532883, 0.028266
2.670100, 3.098034, -0.045319
2.670100, 2.676423, -0.000176
2.670100, 3.049941, 0.041203
2.670100, 11.720414, -0.009850
2.670100, 3.004762, -0.037194
2.670100, 2.675024, 0.000342
2.670100, 3.097977, 0.045325
2.670100, 11.532860, -0.028270
2.670100, 2.966578, -0.033715
2.670100, 2.670129, 0.000040
2.670100, 2.977519, 0.034734
2.670100, 11.607501, 0.022794
2.670100, 3.082917, -0.044060
2.670100, 2.674240, -0.000325
2.670100, 2.994415, 0.036258
2.670100, 11.688644, 0.014688
2.670100, 3.061937, -0.042246
2.670100, 2.676383, 0.000083
2.670100, 3.084696, 0.044194
2.670100, 11.599745, -0.023418
2.670100, 2.976377, -0.034607
2.670100, 2.672843, 0.000292
2.670100, 3.055693, 0.041732
2.670100, 11.706269, -0.012258
2.670100, 2.999399, -0.036742
2.670100, 2.670518, -0.000155
2.670100, 2.957293, 0.032839
2.670100, 11.455133, 0.033027
2.670100, 3.111648, -0.046458
2.670100, 2.675900, -0.000338
2.670100, 3.019497, 0.038515
2.670100, 11.743699, 0.003170
2.670100, 3.034013, -0.039804
2.670100, 2.676338, 0.000283
2.670100, 3.111281, 0.046425
2.670100, 11.457453, -0.032894
2.670100, 2.957579, -0.032861
2.670100, 2.671193, 0.000234
2.670100, 3.021010, 0.038687
2.670100, 11.744966, 0.002403
2.670100, 3.032016, -0.039663
2.670100, 2.671659, -0.000259
2.670100, 2.961689, 0.033244
2.670100, 11.493111, 0.030792
2.670100, 3.105200, -0.045918
2.670100, 2.676413, -0.000230
2.670100, 3.042490, 0.040551
2.670100, 11.734149, -0.006761
2.670100, 3.011507, -0.037801
2.670100, 2.675467, 0.000345
2.670100, 3.105602, 0.045959
2.670100, 11.490572, -0.030948
2.670100, 2.961325, -0.033221
2.670100, 2.670259, 0.000095
2.670100, 2.986969, 0.035606
2.670100, 11.658082, 0.018175
2.670100, 3.070716, -0.043023
2.670100, 2.673621, -0.000309
2.670100, 2.986550, 0.035541
2.670100, 11.655325, 0.018449
2.670100, 3.071555, -0.043074
2.670100, 2.676362, 0.000010
2.670100, 3.074378, 0.043315
2.670100, 11.644323, -0.019532
2.670100, 2.984311, -0.035336
2.670100, 2.673447, 0.000305
2.670100, 3.067323, 0.042733
2.670100, 11.670397, -0.016861
2.670100, 2.989697, -0.035856
2.670100, 2.670308, -0.000109
2.670100, 2.960209, 0.033116
2.670100, 11.481028, 0.031521
2.670100, 3.107257, -0.046096
2.670100, 2.675573, -0.000344
2.670100, 3.013309, 0.037962
2.670100, 11.736925, 0.005945
2.670100, 3.040547, -0.040380
2.670100, 2.676403, 0.000243
2.670100, 3.106816, 0.046053
2.670100, 11.483803, -0.031354
2.670100, 2.960587, -0.033142
2.670100, 2.671550, 0.000254
2.670100, 3.029559, 0.039446
2.670100, 11.746030, -0.001343
2.670100, 3.023410, -0.038901
2.670100, 2.671289, -0.000240
2.670100, 2.958285, 0.032927
2.670100, 11.463760, 0.032532
2.670100, 3.110226, -0.046337
2.670100, 2.676361, -0.000273
2.670100, 3.035806, 0.039962
2.670100, 11.742240, -0.003936
2.670100, 3.017778, -0.038362
2.670100, 2.675816, 0.000340
2.670100, 3.110643, 0.046376
2.670100, 11.461132, -0.032684
2.670100, 2.957954, -0.032902
2.670100, 2.670454, 0.000143
2.670100, 2.996674, 0.036494
2.670100, 11.697417, 0.013540
2.670100, 3.058893, -0.042008
2.670100, 2.673011, -0.000295
2.670100, 2.978592, 0.034811
2.670100, 11.613084, 0.022326
2.670100, 3.081764, -0.043945
2.670100, 2.676374, -0.000063
2.670100, 3.064581, 0.042474
2.670100, 11.680149, -0.015733
2.670100, 2.992216, -0.036058
2.670100, 2.674066, 0.000321
2.670100, 3.079490, 0.043770
2.670100, 11.622664, -0.021514
2.670100, 2.980119, -0.034975
2.670100, 2.670157, -0.000056
2.670100, 2.964872, 0.033555
2.670100, 11.519598, 0.029136
2.670100, 3.100424, -0.045529
2.670100, 2.675160, -0.000344
2.670100, 3.006725, 0.037371
2.670100, 11.724965, 0.008945
2.670100, 3.047743, -0.041011
2.670100, 2.676425, 0.000192
2.670100, 3.100292, 0.045508
2.670100, 11.520620, -0.029068
2.670100, 2.965083, -0.033561
2.670100, 2.671965, 0.000270
2.670100, 3.038518, 0.040236
2.670100, 11.739338, -0.005175
2.670100, 3.014807, -0.038133
2.670100, 2.670963, -0.000216
2.670100, 2.956350, 0.032747
2.670100, 11.446315, 0.033524
2.670100, 3.113122, -0.046578
2.670100, 2.676257, -0.000306
2.670100, 3.029559, 0.039410
2.670100, 11.745970, -0.001250
2.670100, 3.023836, -0.038902
2.670100, 2.676085, 0.000328
2.670100, 3.113288, 0.046593
2.670100, 11.445260, -0.033583
2.670100, 2.956224, -0.032737
2.670100, 2.670695, 0.000184
2.670100, 3.006231, 0.037361
2.670100, 11.724416, 0.009082
2.670100, 3.047890, -0.041055
2.670100, 2.672437, -0.000283
2.670100, 2.971001, 0.034110
2.670100, 11.564429, 0.026090
2.670100, 3.091982, -0.044810
2.670100, 2.676408, -0.000134
2.670100, 3.055477, 0.041685
2.670100, 11.707175, -0.012103
2.670100, 2.999910, -0.036756
2.670100, 2.674667, 0.000335
2.670100, 3.091263, 0.044763
2.670100, 11.567678, -0.025859
2.670100, 2.971361, -0.034162
2.670100, 2.670100, 0.000002
2.670100, 2.971781, 0.034201
2.670100, 11.570574, 0.025649
2.670100, 3.090683, -0.044714
2.670100, 2.674637, -0.000335
2.670100, 2.999515, 0.036720
2.670100, 11.705970, 0.012288
2.670100, 3.055935, -0.041725
2.670100, 2.676406, 0.000130
2.670100, 3.091468, 0.044767
2.670100, 11.567019, -0.025903
2.670100, 2.971374, -0.034145
2.670100, 2.672465, 0.000284
2.670100, 3.048442, 0.041103
2.670100, 11.723299, -0.009309
2.670100, 3.005739, -0.037316
2.670100, 2.670681, -0.000183
2.670100, 2.956270, 0.032742
2.670100, 11.445689, 0.033559
2.670100, 3.113217, -0.046587
2.670100, 2.676073, -0.000329
2.670100, 3.023520, 0.038873
2.670100, 11.745872, 0.001389
2.670100, 3.029881, -0.039438
2.670100, 2.676264, 0.000305
2.670100, 3.113034, 0.046570
2.670100, 11.446855, -0.033493
2.670100, 2.956409, -0.032752
2.670100, 2.670979, 0.000217
2.670100, 3.015268, 0.038174
2.670100, 11.739902, 0.004967
2.670100, 3.038027, -0.040193
2.670100, 2.671941, -0.000270
2.670100, 2.964804, 0.033535
2.670100, 11.518420, 0.029209
2.670100, 3.100693, -0.045542
2.670100, 2.676425, -0.000195
2.670100, 3.047342, 0.040976
2.670100, 11.725752, -0.008780
2.670100, 3.007086, -0.037403
2.670100, 2.675184, 0.000344
2.670100, 3.100854, 0.045565
2.670100, 11.517237, -0.029288
2.670100, 2.964574, -0.033527
2.670100, 2.670163, 0.000059
2.670100, 2.980611, 0.035020
2.670100, 11.625430, 0.021272
2.670100, 3.078846, -0.043715
2.670100, 2.674034, -0.000320
2.670100, 2.991804, 0.036021
2.670100, 11.678486, 0.015929
2.670100, 3.065080, -0.042517
2.670100, 2.676373, 0.000059
2.670100, 3.081217, 0.043899
2.670100, 11.615516, -0.022121
2.670100, 2.979009, -0.034850
2.670100, 2.673042, 0.000296
2.670100, 3.059498, 0.042060
2.670100, 11.695655, -0.013781
2.670100, 2.996164, -0.036447
2.670100, 2.670442, -0.000141
2.670100, 2.958092, 0.032915
2.670100, 11.462370, 0.032613
2.670100, 3.110435, -0.046359
2.670100, 2.675800, -0.000341
2.670100, 3.017455, 0.038333
2.670100, 11.741930, 0.004081
2.670100, 3.036145, -0.039992
2.670100, 2.676365, 0.000271
2.670100, 3.110011, 0.046319
2.670100, 11.465041, -0.032458
2.670100, 2.958430, -0.032940
2.670100, 2.671307, 0.000241
2.670100, 3.023858, 0.038941
2.670100, 11.746161, 0.001146
2.670100, 3.029104, -0.039406
2.670100, 2.671530, -0.000253
2.670100, 2.960394, 0.033124
2.670100, 11.482155, 0.031453
2.670100, 3.107100, -0.046077
2.670100, 2.676401, -0.000245
2.670100, 3.040190, 0.040348
2.670100, 11.737398, -0.005795
2.670100, 3.013642, -0.037992
2.670100, 2.675593, 0.000344
2.670100, 3.107545, 0.046120
2.670100, 11.479355, -0.031621
2.670100, 2.960016, -0.033097
2.670100, 2.670318, 0.000111
2.670100, 2.990208, 0.035903
2.670100, 11.672591, 0.016616
2.670100, 3.066694, -0.042679
2.670100, 2.673415, -0.000304
2.670100, 2.983892, 0.035298
2.670100, 11.642189, 0.019736
2.670100, 3.074910, -0.043361
2.670100, 2.676362, -0.000014
2.670100, 3.071033, 0.043029
2.670100, 11.657300, -0.018247
2.670100, 2.986967, -0.035580
2.670100, 2.673654, 0.000310
2.670100, 3.071354, 0.043078
2.670100, 11.655678, -0.018421
2.670100, 2.986461, -0.035559
2.670100, 2.670250, -0.000092
2.670100, 2.961549, 0.033242
2.670100, 11.492465, 0.030833
2.670100, 3.105271, -0.045932
2.670100, 2.675446, -0.000345
2.670100, 3.011166, 0.037770
2.670100, 11.733583, 0.006916
2.670100, 3.042860, -0.040583
2.670100, 2.676415, 0.000227
2.670100, 3.104880, 0.045892
2.670100, 11.494940, -0.030680
2.670100, 2.961908, -0.033265
2.670100, 2.671680, 0.000260
2.670100, 3.032480, 0.039704
2.670100, 11.744699, -0.002602
2.670100, 3.020560, -0.038647
2.670100, 2.671175, -0.000233
2.670100, 2.957460, 0.032850
2.670100, 11.456385, 0.032955
2.670100, 3.111459, -0.046439
2.670100, 2.676333, -0.000285
2.670100, 3.033681, 0.039774
2.670100, 11.743934, -0.003028
2.670100, 3.019817, -0.038544
2.670100, 2.675915, 0.000337
2.670100, 3.111814, 0.046472
2.670100, 11.454136, -0.033083
2.670100, 2.957184, -0.032829
2.670100, 2.670530, 0.000158
2.670100, 2.999906, 0.036788
2.670100, 11.707813, 0.012020
2.670100, 3.055104, -0.041681
2.670100, 2.672813, -0.000291
2.670100, 2.975967, 0.034569
2.670100, 11.597204, 0.023620
2.670100, 3.085243, -0.044241
2.670100, 2.676385, -0.000087
2.670100, 3.061450, 0.042203
2.670100, 11.690154, -0.014495
2.670100, 2.994823, -0.036295
2.670100, 2.674272, 0.000326
2.670100, 3.083551, 0.044114
2.670100, 11.604617, -0.023030
2.670100, 2.977043, -0.034690
2.670100, 2.670125, -0.000037
2.670100, 2.966917, 0.033747
2.670100, 11.535447, 0.028098
2.670100, 3.097494, -0.045285
2.670100, 2.674997, -0.000342
2.670100, 3.004389, 0.037161
2.670100, 11.719499, 0.010022
2.670100, 3.050361, -0.041240
2.670100, 2.676423, 0.000173
2.670100, 3.097591, 0.045282
2.670100, 11.535257, -0.028108
2.670100, 2.966983, -0.033737
2.670100, 2.672122, 0.000275
2.670100, 3.041706, 0.040515
2.670100, 11.735140, -0.006515
2.670100, 3.011843, -0.037867
2.670100, 2.670864, -0.000206
2.670100, 2.956099, 0.032724
2.670100, 11.444035, 0.033651
2.670100, 3.113495, -0.046609
2.670100, 2.676205, -0.000315
2.670100, 3.027529, 0.039230
2.670100, 11.746353, -0.000367
2.670100, 3.025847, -0.039080
2.670100, 2.676155, 0.000321
2.670100, 3.113545, 0.046614
2.670100, 11.443718, -0.033669
2.670100, 2.956061, -0.032721
2.670100, 2.670785, 0.000196
2.670100, 3.009320, 0.037640
2.670100, 11.730774, 0.007664
2.670100, 3.044461, -0.040756
2.670100, 2.672261, -0.000279
2.670100, 2.968729, 0.033899
2.670100, 11.548226, 0.027229
2.670100, 3.095137, -0.045076
2.670100, 2.676418, -0.000156
2.670100, 3.052638, 0.041438
2.670100, 11.714280, -0.010952
2.670100, 3.002382, -0.036980
2.670100, 2.674852, 0.000339
2.670100, 3.094791, 0.045059
2.670100, 11.549682, -0.027132
2.670100, 2.968830, -0.033925
2.670100, 2.670108, 0.000021
2.670100, 2.974576, 0.034461
2.670100, 11.589160, 0.024254
2.670100, 3.086866, -0.044393
2.670100, 2.674441, -0.000330
2.670100, 2.996975, 0.036490
2.670100, 11.697752, 0.013480
2.670100, 3.058902, -0.041983
2.670100, 2.676395, 0.000107
2.670100, 3.088115, 0.044484
2.670100, 11.583550, -0.024679
2.670100, 2.973832, -0.034372
2.670100, 2.672652, 0.000288
2.670100, 3.052024, 0.041414
2.670100, 11.715423, -0.010773
2.670100, 3.002578, -0.037030
2.670100, 2.670597, -0.000169
2.670100, 2.956684, 0.032781
2.670100, 11.449540, 0.033343
2.670100, 3.112579, -0.046535
2.670100, 2.675991, -0.000334
