init_r,r,ur
2.694100, 3.361628, 0.065024
2.694100, 9.499723, -0.091720
2.694100, 2.852609, -0.022129
2.694100, 2.721944, 0.006949
2.694100, 4.874069, 0.121121
2.694100, 4.923194, -0.121891
2.694100, 2.723231, -0.007115
2.694100, 2.850172, 0.021868
2.694100, 9.430607, 0.093079
2.694100, 3.370701, -0.065632
2.694100, 2.694135, -0.000061
2.694100, 3.353701, 0.064489
2.694100, 9.560780, -0.090497
2.694100, 2.854801, -0.022361
2.694100, 2.721048, 0.006830
2.694100, 4.839367, 0.120549
2.694100, 4.959259, -0.122428
2.694100, 2.724189, -0.007234
2.694100, 2.848829, 0.021722
2.694100, 9.391829, 0.093830
2.694100, 3.375840, -0.065974
2.694100, 2.694217, -0.000088
2.694100, 3.351262, 0.064323
2.694100, 9.579710, -0.090114
2.694100, 2.855496, -0.022433
2.694100, 2.721013, 0.006821
2.694100, 4.837281, 0.120514
2.694100, 4.961468, -0.122460
2.694100, 2.724265, -0.007240
2.694100, 2.849280, 0.021768
2.694100, 9.404446, 0.093587
2.694100, 3.374171, -0.065862
2.694100, 2.694299, -0.000066
2.694100, 3.355615, 0.064617
2.694100, 9.546062, -0.090794
2.694100, 2.854293, -0.022303
2.694100, 2.721851, 0.006926
2.694100, 4.868752, 0.121034
2.694100, 4.928657, -0.121974
2.694100, 2.723419, -0.007128
2.694100, 2.851286, 0.021982
2.694100, 9.461476, 0.092475
2.694100, 3.366649, -0.065359
2.694100, 2.694338, -0.000008
2.694100, 3.364399, 0.065209
2.694100, 9.478638, -0.092137
2.694100, 2.851892, -0.022046
2.694100, 2.723126, 0.007090
2.694100, 4.917375, 0.121802
2.694100, 4.879787, -0.121212
2.694100, 2.722141, -0.006963
2.694100, 2.853780, 0.022248
2.694100, 9.531714, 0.091082
2.694100, 3.357477, -0.064743
2.694100, 2.694314, 0.000055
2.694100, 3.372781, 0.065769
2.694100, 9.414943, -0.093383
2.694100, 2.849648, -0.021807
2.694100, 2.724135, 0.007222
2.694100, 4.956352, 0.122386
2.694100, 4.842129, -0.120595
2.694100, 2.721144, -0.006837
2.694100, 2.855371, 0.022419
2.694100, 9.576181, 0.090185
2.694100, 3.351718, -0.064354
2.694100, 2.694239, 0.000087
2.694100, 3.376092, 0.065990
2.694100, 9.389949, -0.093867
2.694100, 2.848767, -0.021715
2.694100, 2.724299, 0.007247
2.694100, 4.963299, 0.122487
2.694100, 4.835549, -0.120485
2.694100, 2.720953, -0.006816
2.694100, 2.855138, 0.022396
2.694100, 9.570051, 0.090310
2.694100, 3.352504, -0.064408
2.694100, 2.694152, 0.000071
2.694100, 3.372458, 0.065749
2.694100, 9.417318, -0.093338
2.694100, 2.849709, -0.021818
2.694100, 2.723518, 0.007151
2.694100, 4.934068, 0.122056
2.694100, 4.863488, -0.120949
2.694100, 2.721669, -0.006913
2.694100, 2.853213, 0.022193
2.694100, 9.516648, 0.091383
2.694100, 3.359423, -0.064876
2.694100, 2.694102, 0.000016
2.694100, 3.363904, 0.065177
2.694100, 9.482311, -0.092065
2.694100, 2.851991, -0.022063
2.694100, 2.722242, 0.006988
2.694100, 4.885531, 0.121305
2.694100, 4.911535, -0.121712
2.694100, 2.722924, -0.007075
2.694100, 2.850702, 0.021925
2.694100, 9.445731, 0.092784
2.694100, 3.368706, -0.065499
2.694100, 2.694120, -0.000048
2.694100, 3.355228, 0.064592
2.694100, 9.548965, -0.090735
2.694100, 2.854374, -0.022316
2.694100, 2.721195, 0.006850
2.694100, 4.845147, 0.120646
2.694100, 4.953171, -0.122339
2.694100, 2.724025, -0.007214
2.694100, 2.849000, 0.021741
2.694100, 9.396807, 0.093734
2.694100, 3.375178, -0.065930
2.694100, 2.694195, -0.000086
2.694100, 3.351215, 0.064320
2.694100, 9.580067, -0.090106
2.694100, 2.855506, -0.022434
2.694100, 2.720934, 0.006812
2.694100, 4.834450, 0.120466
2.694100, 4.964467, -0.122504
2.694100, 2.724339, -0.007250
2.694100, 2.849005, 0.021739
2.694100, 9.396625, 0.093738
2.694100, 3.375207, -0.065931
2.694100, 2.694282, -0.000076
2.694100, 3.354021, 0.064509
2.694100, 9.558371, -0.090546
2.694100, 2.854733, -0.022350
2.694100, 2.721587, 0.006892
2.694100, 4.858759, 0.120871
2.694100, 4.938972, -0.122129
2.694100, 2.723687, -0.007163
2.694100, 2.850709, 0.021920
2.694100, 9.445115, 0.092796
2.694100, 3.368800, -0.065503
2.694100, 2.694334, -0.000024
2.694100, 3.362124, 0.065056
2.694100, 9.496028, -0.091793
2.694100, 2.852509, -0.022112
2.694100, 2.722816, 0.007050
2.694100, 4.905517, 0.121619
2.694100, 4.891507, -0.121399
2.694100, 2.722449, -0.007002
2.694100, 2.853212, 0.022187
2.694100, 9.515811, 0.091400
2.694100, 3.359545, -0.064882
2.694100, 2.694326, 0.000041
2.694100, 3.371086, 0.065656
2.694100, 9.427775, -0.093134
2.694100, 2.850099, -0.021855
2.694100, 2.723954, 0.007198
2.694100, 4.949301, 0.122282
2.694100, 4.848845, -0.120707
2.694100, 2.721324, -0.006859
2.694100, 2.855136, 0.022393
2.694100, 9.569597, 0.090319
2.694100, 3.352569, -0.064411
2.694100, 2.694260, 0.000083
2.694100, 3.375924, 0.065979
2.694100, 9.391223, -0.093842
2.694100, 2.848814, -0.021720
2.694100, 2.724352, 0.007253
2.694100, 4.965150, 0.122514
2.694100, 4.833805, -0.120455
2.694100, 2.720912, -0.006810
2.694100, 2.855373, 0.022421
2.694100, 9.576468, 0.090180
2.694100, 3.351677, -0.064351
2.694100, 2.694171, 0.000079
2.694100, 3.373917, 0.065846
2.694100, 9.406303, -0.093551
2.694100, 2.849327, -0.021777
2.694100, 2.723775, 0.007183
2.694100, 4.943776, 0.122200
2.694100, 4.854128, -0.120795
2.694100, 2.721426, -0.006881
2.694100, 2.853782, 0.022254
2.694100, 9.532516, 0.091066
2.694100, 3.357360, -0.064737
2.694100, 2.694108, 0.000031
2.694100, 3.366172, 0.065329
2.694100, 9.465001, -0.092406
2.694100, 2.851379, -0.021998
2.694100, 2.722555, 0.007028
2.694100, 4.897494, 0.121494
2.694100, 4.899496, -0.121525
2.694100, 2.722608, -0.007035
2.694100, 2.851280, 0.021987
2.694100, 9.462187, 0.092461
2.694100, 3.366542, -0.065354
2.694100, 2.694110, -0.000034
2.694100, 3.357038, 0.064715
2.694100, 9.535003, -0.091016
2.694100, 2.853871, -0.022263
2.694100, 2.721390, 0.006876
2.694100, 4.852717, 0.120772
2.694100, 4.945247, -0.122222
2.694100, 2.723814, -0.007188
2.694100, 2.849273, 0.021771
2.694100, 9.404725, 0.093581
2.694100, 3.374127, -0.065860
2.694100, 2.694174, -0.000081
2.694100, 3.351578, 0.064345
2.694100, 9.577239, -0.090164
2.694100, 2.855401, -0.022424
2.694100, 2.720910, 0.006810
2.694100, 4.833720, 0.120454
2.694100, 4.965240, -0.122515
2.694100, 2.724355, -0.007253
2.694100, 2.848832, 0.021721
2.694100, 9.391737, 0.093832
2.694100, 3.375855, -0.065974
2.694100, 2.694263, -0.000083
2.694100, 3.352746, 0.064423
2.694100, 9.568227, -0.090346
2.694100, 2.855087, -0.022388
2.694100, 2.721358, 0.006863
2.694100, 4.850125, 0.120729
2.694100, 4.947963, -0.122262
2.694100, 2.723920, -0.007193
2.694100, 2.850180, 0.021864
2.694100, 9.430097, 0.093089
2.694100, 3.370779, -0.065636
2.694100, 2.694327, -0.000039
2.694100, 3.359902, 0.064906
2.694100, 9.513065, -0.091454
2.694100, 2.853115, -0.022177
2.694100, 2.722501, 0.007009
2.694100, 4.893487, 0.121430
2.694100, 4.903526, -0.121588
2.694100, 2.722764, -0.007043
2.694100, 2.852610, 0.022123
2.694100, 9.498889, 0.091736
2.694100, 3.361751, -0.065031
2.694100, 2.694333, 0.000026
2.694100, 3.369141, 0.065526
2.694100, 9.442522, -0.092846
2.694100, 2.850617, -0.021910
2.694100, 2.723728, 0.007168
2.694100, 4.940561, 0.122152
2.694100, 4.857228, -0.120846
2.694100, 2.721546, -0.006887
2.694100, 2.854798, 0.022357
2.694100, 9.560182, 0.090509
2.694100, 3.353786, -0.064493
2.694100, 2.694279, 0.000077
2.694100, 3.375342, 0.065940
2.694100, 9.395608, -0.093757
2.694100, 2.848969, -0.021736
2.694100, 2.724346, 0.007251
2.694100, 4.964750, 0.122508
2.694100, 4.834183, -0.120462
2.694100, 2.720926, -0.006811
2.694100, 2.855497, 0.022433
2.694100, 9.579818, 0.090112
2.694100, 3.351247, -0.064322
2.694100, 2.694192, 0.000085
2.694100, 3.375030, 0.065920
2.694100, 9.397920, -0.093713
2.694100, 2.849038, -0.021745
2.694100, 2.723994, 0.007210
2.694100, 4.951979, 0.122322
2.694100, 4.846282, -0.120665
2.694100, 2.721224, -0.006854
2.694100, 2.854295, 0.022308
2.694100, 9.546790, 0.090779
2.694100, 3.355510, -0.064611
2.694100, 2.694118, 0.000046
2.694100, 3.368358, 0.065476
2.694100, 9.448378, -0.092732
2.694100, 2.850795, -0.021935
2.694100, 2.722872, 0.007069
2.694100, 4.909557, 0.121682
2.694100, 4.887487, -0.121336
2.694100, 2.722293, -0.006994
2.694100, 2.851889, 0.022052
2.694100, 9.479422, 0.092122
2.694100, 3.364282, -0.065203
2.694100, 2.694103, -0.000019
2.694100, 3.359069, 0.064852
2.694100, 9.519363, -0.091329
2.694100, 2.853310, -0.022204
2.694100, 2.721626, 0.006907
2.694100, 4.861846, 0.120922
2.694100, 4.935765, -0.122081
2.694100, 2.723563, -0.007157
2.694100, 2.849640, 0.021811
2.694100, 9.415327, 0.093376
2.694100, 3.372721, -0.065767
2.694100, 2.694155, -0.000073
2.694100, 3.352341, 0.064397
2.694100, 9.571317, -0.090284
2.694100, 2.855184, -0.022401
2.694100, 2.720942, 0.006815
2.694100, 4.835115, 0.120478
2.694100, 4.963759, -0.122493
2.694100, 2.724312, -0.007249
2.694100, 2.848767, 0.021715
2.694100, 9.389942, 0.093867
2.694100, 3.376093, -0.065990
2.694100, 2.694242, -0.000087
2.694100, 3.351833, 0.064361
2.694100, 9.575297, -0.090203
2.694100, 2.855339, -0.022415
2.694100, 2.721170, 0.006840
2.694100, 4.843116, 0.120612
2.694100, 4.955313, -0.122370
2.694100, 2.724109, -0.007218
2.694100, 2.849718, 0.021815
2.694100, 9.416917, 0.093345
2.694100, 3.372520, -0.065752
2.694100, 2.694316, -0.000053
2.694100, 3.357807, 0.064765
2.694100, 9.529175, -0.091133
2.694100, 2.853689, -0.022238
2.694100, 2.722192, 0.006969
2.694100, 4.881690, 0.121243
2.694100, 4.915441, -0.121772
2.694100, 2.723075, -0.007083
2.694100, 2.851994, 0.022057
2.694100, 9.481517, 0.092080
2.694100, 3.364022, -0.065183
2.694100, 2.694338, 0.000011
2.694100, 3.367014, 0.065384
2.694100, 9.458697, -0.092530
2.694100, 2.851188, -0.021971
2.694100, 2.723466, 0.007134
2.694100, 4.930441, 0.122001
2.694100, 4.867017, -0.121006
2.694100, 2.721805, -0.006920
2.694100, 2.854371, 0.022311
2.694100, 9.548253, 0.090750
2.694100, 3.355331, -0.064598
2.694100, 2.694297, 0.000068
2.694100, 3.374368, 0.065875
2.694100, 9.402958, -0.093615
2.694100, 2.849228, -0.021763
2.694100, 2.724281, 0.007242
2.694100, 4.962115, 0.122469
2.694100, 4.836671, -0.120504
2.694100, 2.720996, -0.006819
2.694100, 2.855506, 0.022434
2.694100, 9.579990, 0.090108
2.694100, 3.351226, -0.064320
2.694100, 2.694214, 0.000088
2.694100, 3.375759, 0.065968
2.694100, 9.392442, -0.093819
2.694100, 2.848850, -0.021725
2.694100, 2.724165, 0.007231
2.694100, 4.958388, 0.122415
2.694100, 4.840192, -0.120563
2.694100, 2.721069, -0.006833
2.694100, 2.854736, 0.022354
2.694100, 9.558990, 0.090533
2.694100, 3.353932, -0.064504
2.694100, 2.694132, 0.000059
2.694100, 3.370385, 0.065611
2.694100, 9.432997, -0.093033
2.694100, 2.850256, -0.021877
2.694100, 2.723181, 0.007108
2.694100, 4.921308, 0.121862
2.694100, 4.875916, -0.121151
2.694100, 2.721992, -0.006955
2.694100, 2.852507, 0.022118
2.694100, 9.496858, 0.091777
2.694100, 3.362002, -0.065049
2.694100, 2.694100, -0.000003
2.694100, 3.361256, 0.064999
2.694100, 9.502574, -0.091663
2.694100, 2.852711, -0.022140
2.694100, 2.721896, 0.006943
2.694100, 4.872247, 0.121091
2.694100, 4.925059, -0.121919
2.694100, 2.723280, -0.007121
2.694100, 2.850091, 0.021859
2.694100, 9.428267, 0.093125
2.694100, 3.371010, -0.065653
2.694100, 2.694137, -0.000063
2.694100, 3.353479, 0.064474
2.694100, 9.562500, -0.090462
2.694100, 2.854864, -0.022368
2.694100, 2.721029, 0.006827
2.694100, 4.838596, 0.120536
2.694100, 4.960074, -0.122440
2.694100, 2.724211, -0.007237
2.694100, 2.848811, 0.021720
2.694100, 9.391301, 0.093840
2.694100, 3.375911, -0.065978
2.694100, 2.694221, -0.000088
2.694100, 3.351310, 0.064326
2.694100, 9.579343, -0.090121
2.694100, 2.855483, -0.022431
2.694100, 2.721031, 0.006823
2.694100, 4.837948, 0.120525
2.694100, 4.960764, -0.122450
2.694100, 2.724248, -0.007237
2.694100, 2.849335, 0.021774
2.694100, 9.406007, 0.093556
2.694100, 3.373964, -0.065848
2.694100, 2.694302, -0.000065
2.694100, 3.355906, 0.064637
2.694100, 9.543815, -0.090839
2.694100, 2.854212, -0.022294
2.694100, 2.721897, 0.006932
2.694100, 4.870516, 0.121063
2.694100, 4.926846, -0.121946
2.694100, 2.723372, -0.007122
2.694100, 2.851384, 0.021992
2.694100, 9.464277, 0.092420
2.694100, 3.366281, -0.065335
2.694100, 2.694339, -0.000005
2.694100, 3.364775, 0.065234
2.694100, 9.475765, -0.092194
2.694100, 2.851791, -0.022035
2.694100, 2.723176, 0.007096
2.694100, 4.919293, 0.121831
2.694100, 4.877903, -0.121182
2.694100, 2.722092, -0.006956
2.694100, 2.853869, 0.022257
2.694100, 9.534210, 0.091032
2.694100, 3.357152, -0.064721
2.694100, 2.694312, 0.000057
2.694100, 3.373034, 0.065786
2.694100, 9.413034, -0.093420
2.694100, 2.849581, -0.021800
2.694100, 2.724161, 0.007225
2.694100, 4.957339, 0.122400
2.694100, 4.841192, -0.120580
2.694100, 2.721119, -0.006834
2.694100, 2.855400, 0.022422
2.694100, 9.576980, 0.090169
2.694100, 3.351615, -0.064347
2.694100, 2.694235, 0.000087
2.694100, 3.376079, 0.065990
2.694100, 9.390043, -0.093865
2.694100, 2.848770, -0.021716
2.694100, 2.724285, 0.007246
2.694100, 4.962778, 0.122479
2.694100, 4.836040, -0.120493
2.694100, 2.720965, -0.006818
2.694100, 2.855089, 0.022391
2.694100, 9.568706, 0.090337
2.694100, 3.352678, -0.064419
2.694100, 2.694149, 0.000070
2.694100, 3.372186, 0.065731
2.694100, 9.419372, -0.093298
2.694100, 2.849781, -0.021826
2.694100, 2.723472, 0.007145
2.694100, 4.932339, 0.122030
2.694100, 4.865164, -0.120976
2.694100, 2.721712, -0.006919
2.694100, 2.853115, 0.022183
2.694100, 9.513904, 0.091438
2.694100, 3.359780, -0.064900
2.694100, 2.694101, 0.000013
2.694100, 3.363525, 0.065152
2.694100, 9.485202, -0.092008
2.694100, 2.852094, -0.022074
2.694100, 2.722192, 0.006981
2.694100, 4.883588, 0.121274
2.694100, 4.913503, -0.121743
2.694100, 2.722976, -0.007082
2.694100, 2.850610, 0.021915
2.694100, 9.443121, 0.092835
2.694100, 3.369050, -0.065522
2.694100, 2.694123, -0.000050
2.694100, 3.354955, 0.064574
2.694100, 9.551081, -0.090693
2.694100, 2.854450, -0.022324
2.694100, 2.721168, 0.006846
2.694100, 4.844061, 0.120628
2.694100, 4.954312, -0.122356
2.694100, 2.724056, -0.007218
2.694100, 2.848964, 0.021737
2.694100, 9.395774, 0.093754
2.694100, 3.375315, -0.065939
2.694100, 2.694199, -0.000086
2.694100, 3.351194, 0.064318
2.694100, 9.580229, -0.090103
2.694100, 2.855513, -0.022435
2.694100, 2.720943, 0.006813
2.694100, 4.834776, 0.120472
2.694100, 4.964122, -0.122499
2.694100, 2.724331, -0.007249
2.694100, 2.849044, 0.021743
2.694100, 9.397723, 0.093717
2.694100, 3.375062, -0.065921
2.694100, 2.694285, -0.000074
2.694100, 3.354264, 0.064526
2.694100, 9.556493, -0.090584
2.694100, 2.854666, -0.022343
2.694100, 2.721628, 0.006897
2.694100, 4.860328, 0.120897
2.694100, 4.937347, -0.122104
2.694100, 2.723645, -0.007157
2.694100, 2.850801, 0.021930
2.694100, 9.447745, 0.092744
2.694100, 3.368454, -0.065480
2.694100, 2.694335, -0.000021
2.694100, 3.362499, 0.065081
2.694100, 9.493158, -0.091850
2.694100, 2.852407, -0.022101
2.694100, 2.722868, 0.007056
2.694100, 4.907503, 0.121650
2.694100, 4.889536, -0.121368
2.694100, 2.722398, -0.006996
2.694100, 2.853309, 0.022198
2.694100, 9.518529, 0.091345
2.694100, 3.359191, -0.064858
2.694100, 2.694324, 0.000044
2.694100, 3.371385, 0.065676
2.694100, 9.425507, -0.093178
2.694100, 2.850019, -0.021847
2.694100, 2.723987, 0.007202
2.694100, 4.950592, 0.122301
2.694100, 4.847612, -0.120687
2.694100, 2.721291, -0.006855
2.694100, 2.855182, 0.022398
2.694100, 9.570890, 0.090293
2.694100, 3.352402, -0.064400
2.694100, 2.694256, 0.000084
2.694100, 3.375980, 0.065983
2.694100, 9.390795, -0.093850
2.694100, 2.848799, -0.021718
2.694100, 2.724347, 0.007253
2.694100, 4.964999, 0.122511
2.694100, 4.833948, -0.120458
2.694100, 2.720915, -0.006811
2.694100, 2.855341, 0.022418
2.694100, 9.575613, 0.090197
2.694100, 3.351788, -0.064359
2.694100, 2.694168, 0.000078
2.694100, 3.373698, 0.065832
2.694100, 9.407953, -0.093519
2.694100, 2.849384, -0.021783
2.694100, 2.723735, 0.007178
2.694100, 4.942265, 0.122178
2.694100, 4.855580, -0.120819
2.694100, 2.721464, -0.006886
2.694100, 2.853691, 0.022244
2.694100, 9.529985, 0.091117
2.694100, 3.357689, -0.064759
2.694100, 2.694107, 0.000029
2.694100, 3.365801, 0.065304
2.694100, 9.467835, -0.092350
2.694100, 2.851480, -0.022008
2.694100, 2.722503, 0.007021
2.694100, 4.895496, 0.121462
2.694100, 4.901498, -0.121557
2.694100, 2.722660, -0.007042
2.694100, 2.851182, 0.021977
2.694100, 9.459393, 0.092516
2.694100, 3.366909, -0.065379
2.694100, 2.694111, -0.000036
2.694100, 3.356721, 0.064693
2.694100, 9.537444, -0.090967
2.694100, 2.853959, -0.022272
2.694100, 2.721355, 0.006871
2.694100, 4.851349, 0.120749
2.694100, 4.946674, -0.122243
2.694100, 2.723852, -0.007193
2.694100, 2.849221, 0.021765
2.694100, 9.403220, 0.093611
2.694100, 3.374326, -0.065873
2.694100, 2.694178, -0.000082
2.694100, 3.351490, 0.064339
2.694100, 9.577924, -0.090150
2.694100, 2.855426, -0.022426
2.694100, 2.720910, 0.006809
2.694100, 4.833694, 0.120453
2.694100, 4.965268, -0.122515
2.694100, 2.724357, -0.007253
2.694100, 2.848854, 0.021724
2.694100, 9.392336, 0.093820
2.694100, 3.375776, -0.065969
2.694100, 2.694266, -0.000082
2.694100, 3.352933, 0.064436
2.694100, 9.566780, -0.090376
2.694100, 2.855035, -0.022383
2.694100, 2.721393, 0.006868
2.694100, 4.851448, 0.120751
2.694100, 4.946580, -0.122242
2.694100, 2.723884, -0.007189
2.694100, 2.850264, 0.021873
2.694100, 9.432469, 0.093043
2.694100, 3.370467, -0.065615
2.694100, 2.694328, -0.000036
2.694100, 3.360264, 0.064931
2.694100, 9.510293, -0.091510
2.694100, 2.853016, -0.022166
2.694100, 2.722553, 0.007016
2.694100, 4.895473, 0.121462
2.694100, 4.901533, -0.121557
2.694100, 2.722712, -0.007036
2.694100, 2.852712, 0.022134
2.694100, 9.501737, 0.091680
2.694100, 3.361379, -0.065006
2.694100, 2.694332, 0.000029
2.694100, 3.369478, 0.065549
2.694100, 9.439968, -0.092896
2.694100, 2.850528, -0.021901
2.694100, 2.723768, 0.007173
2.694100, 4.942112, 0.122175
2.694100, 4.855735, -0.120821
2.694100, 2.721507, -0.006882
2.694100, 2.854861, 0.022364
2.694100, 9.561924, 0.090474
2.694100, 3.353561, -0.064478
2.694100, 2.694276, 0.000078
2.694100, 3.375466, 0.065948
2.694100, 9.394672, -0.093775
2.694100, 2.848936, -0.021732
2.694100, 2.724351, 0.007252
2.694100, 4.964972, 0.122511
2.694100, 4.833974, -0.120458
2.694100, 2.720920, -0.006810
2.694100, 2.855484, 0.022432
2.694100, 9.579481, 0.090118
2.694100, 3.351290, -0.064325
2.694100, 2.694188, 0.000084
2.694100, 3.374872, 0.065910
2.694100, 9.399114, -0.093690
2.694100, 2.849079, -0.021750
2.694100, 2.723961, 0.007206
2.694100, 4.950738, 0.122303
2.694100, 4.847466, -0.120685
2.694100, 2.721255, -0.006858
2.694100, 2.854215, 0.022299
2.694100, 9.544558, 0.090824
2.694100, 3.355799, -0.064631
2.694100, 2.694116, 0.000044
2.694100, 3.368005, 0.065452
2.694100, 9.451058, -0.092680
2.694100, 2.850889, -0.021945
2.694100, 2.722820, 0.007062
2.694100, 4.907571, 0.121651
2.694100, 4.889456, -0.121367
2.694100, 2.722345, -0.007001
2.694100, 2.851787, 0.022041
2.694100, 9.476539, 0.092179
2.694100, 3.364659, -0.065228
2.694100, 2.694103, -0.000021
2.694100, 3.358720, 0.064828
2.694100, 9.522047, -0.091275
2.694100, 2.853406, -0.022214
2.694100, 2.721584, 0.006902
2.694100, 4.860238, 0.120896
2.694100, 4.937429, -0.122106
2.694100, 2.723607, -0.007162
2.694100, 2.849573, 0.021804
2.694100, 9.413399, 0.093414
2.694100, 3.372976, -0.065784
2.694100, 2.694158, -0.000074
2.694100, 3.352188, 0.064386
2.694100, 9.572504, -0.090260
2.694100, 2.855228, -0.022406
2.694100, 2.720933, 0.006814
2.694100, 4.834738, 0.120471
2.694100, 4.964159, -0.122499
2.694100, 2.724323, -0.007250
2.694100, 2.848770, 0.021715
2.694100, 9.390022, 0.093865
2.694100, 3.376082, -0.065990
2.694100, 2.694246, -0.000086
2.694100, 3.351958, 0.064370
2.694100, 9.574330, -0.090223
2.694100, 2.855305, -0.022412
2.694100, 2.721198, 0.006843
2.694100, 4.844154, 0.120629
2.694100, 4.954221, -0.122354
2.694100, 2.724081, -0.007215
2.694100, 2.849789, 0.021822
2.694100, 9.418953, 0.093306
2.694100, 3.372251, -0.065734
2.694100, 2.694318, -0.000050
2.694100, 3.358142, 0.064788
2.694100, 9.526595, -0.091184
2.694100, 2.853597, -0.022228
2.694100, 2.722242, 0.006976
2.694100, 4.883610, 0.121274
2.694100, 4.913493, -0.121742
2.694100, 2.723024, -0.007077
2.694100, 2.852096, 0.022068
2.694100, 9.484399, 0.092023
2.694100, 3.363644, -0.065158
2.694100, 2.694337, 0.000013
2.694100, 3.367376, 0.065408
2.694100, 9.455942, -0.092584
2.694100, 2.851091, -0.021961
2.694100, 2.723512, 0.007140
2.694100, 4.932198, 0.122027
2.694100, 4.865311, -0.120978
2.694100, 2.721760, -0.006914
2.694100, 2.854447, 0.022319
2.694100, 9.550385, 0.090707
2.694100, 3.355055, -0.064579
2.694100, 2.694294, 0.000070
2.694100, 3.374555, 0.065888
2.694100, 9.401545, -0.093643
2.694100, 2.849178, -0.021758
2.694100, 2.724296, 0.007244
2.694100, 4.962702, 0.122478
2.694100, 4.836115, -0.120494
2.694100, 2.720981, -0.006817
2.694100, 2.855512, 0.022435
2.694100, 9.580183, 0.090104
2.694100, 3.351201, -0.064319
2.694100, 2.694210, 0.000087
2.694100, 3.375666, 0.065962
2.694100, 9.393140, -0.093805
2.694100, 2.848874, -0.021727
2.694100, 2.724140, 0.007228
2.694100, 4.957461, 0.122402
2.694100, 4.841071, -0.120578
2.694100, 2.721091, -0.006836
2.694100, 2.854669, 0.022347
2.694100, 9.557132, 0.090571
2.694100, 3.354172, -0.064521
2.694100, 2.694129, 0.000057
2.694100, 3.370063, 0.065589
2.694100, 9.435435, -0.092985
2.694100, 2.850341, -0.021886
2.694100, 2.723131, 0.007102
2.694100, 4.919401, 0.121833
2.694100, 4.877785, -0.121181
2.694100, 2.722040, -0.006962
2.694100, 2.852405, 0.022107
2.694100, 9.493982, 0.091834
2.694100, 3.362378, -0.065075
2.694100, 2.694100, -0.000005
2.694100, 3.360887, 0.064974
2.694100, 9.505409, -0.091607
2.694100, 2.852812, -0.022151
2.694100, 2.721849, 0.006937
2.694100, 4.870451, 0.121062
2.694100, 4.926901, -0.121947
2.694100, 2.723329, -0.007127
2.694100, 2.850011, 0.021851
2.694100, 9.425981, 0.093169
2.694100, 3.371312, -0.065673
2.694100, 2.694140, -0.000064
2.694100, 3.353266, 0.064459
2.694100, 9.564148, -0.090429
2.694100, 2.854923, -0.022374
2.694100, 2.721011, 0.006825
2.694100, 4.837879, 0.120524
2.694100, 4.960832, -0.122451
2.694100, 2.724232, -0.007239
2.694100, 2.848796, 0.021719
2.694100, 9.390859, 0.093849
2.694100, 3.375970, -0.065982
2.694100, 2.694224, -0.000088
2.694100, 3.351368, 0.064330
2.694100, 9.578889, -0.090130
2.694100, 2.855467, -0.022430
2.694100, 2.721051, 0.006825
2.694100, 4.838669, 0.120537
2.694100, 4.960001, -0.122439
2.694100, 2.724228, -0.007234
2.694100, 2.849392, 0.021780
2.694100, 9.407640, 0.093525
2.694100, 3.373748, -0.065834
2.694100, 2.694305, -0.000063
2.694100, 3.356205, 0.064657
2.694100, 9.541514, -0.090885
2.694100, 2.854130, -0.022285
2.694100, 2.721945, 0.006938
2.694100, 4.872307, 0.121092
2.694100, 4.925010, -0.121918
2.694100, 2.723325, -0.007115
2.694100, 2.851484, 0.022003
2.694100, 9.467097, 0.092365
2.694100, 3.365911, -0.065310
2.694100, 2.694339, -0.000003
2.694100, 3.365150, 0.065259
2.694100, 9.472901, -0.092250
2.694100, 2.851689, -0.022025
2.694100, 2.723225, 0.007103
2.694100, 4.921194, 0.121860
2.694100, 4.876039, -0.121152
2.694100, 2.722043, -0.006950
2.694100, 2.853956, 0.022267
2.694100, 9.536662, 0.090982
2.694100, 3.356834, -0.064699
2.694100, 2.694309, 0.000059
2.694100, 3.373278, 0.065803
2.694100, 9.411190, -0.093456
2.694100, 2.849517, -0.021793
2.694100, 2.724184, 0.007229
2.694100, 4.958271, 0.122414
2.694100, 4.840308, -0.120565
2.694100, 2.721095, -0.006831
2.694100, 2.855425, 0.022425
2.694100, 9.577695, 0.090155
2.694100, 3.351523, -0.064340
2.694100, 2.694232, 0.000088
2.694100, 3.376055, 0.065988
2.694100, 9.390223, -0.093861
2.694100, 2.848775, -0.021716
2.694100, 2.724269, 0.007244
2.694100, 4.962198, 0.122471
2.694100, 4.836588, -0.120502
2.694100, 2.720978, -0.006820
2.694100, 2.855037, 0.022386
2.694100, 9.567284, 0.090366
2.694100, 3.352861, -0.064432
2.694100, 2.694146, 0.000068
2.694100, 3.371906, 0.065712
2.694100, 9.421486, -0.093257
2.694100, 2.849855, -0.021834
2.694100, 2.723426, 0.007139
2.694100, 4.930579, 0.122003
2.694100, 4.866872, -0.121004
2.694100, 2.721756, -0.006924
2.694100, 2.853016, 0.022172
2.694100, 9.511134, 0.091493
2.694100, 3.360141, -0.064924
2.694100, 2.694101, 0.000011
2.694100, 3.363147, 0.065126
2.694100, 9.488094, -0.091951
2.694100, 2.852196, -0.022085
2.694100, 2.722142, 0.006975
2.694100, 4.881661, 0.121243
2.694100, 4.915458, -0.121773
2.694100, 2.723027, -0.007089
2.694100, 2.850520, 0.021906
2.694100, 9.440550, 0.092885
2.694100, 3.369389, -0.065544
2.694100, 2.694125, -0.000053
2.694100, 3.354689, 0.064556
2.694100, 9.553136, -0.090651
2.694100, 2.854524, -0.022332
2.694100, 2.721141, 0.006843
2.694100, 4.843025, 0.120611
2.694100, 4.955402, -0.122372
2.694100, 2.724085, -0.007222
2.694100, 2.848932, 0.021734
2.694100, 9.394823, 0.093773
2.694100, 3.375442, -0.065947
2.694100, 2.694202, -0.000087
2.694100, 3.351185, 0.064318
2.694100, 9.580304, -0.090102
2.694100, 2.855516, -0.022435
2.694100, 2.720954, 0.006814
2.694100, 4.835158, 0.120478
2.694100, 4.963717, -0.122493
2.694100, 2.724321, -0.007247
2.694100, 2.849085, 0.021748
2.694100, 9.398900, 0.093694
2.694100, 3.374906, -0.065911
2.694100, 2.694288, -0.000073
2.694100, 3.354516, 0.064543
2.694100, 9.554548, -0.090623
2.694100, 2.854597, -0.022335
2.694100, 2.721671, 0.006903
2.694100, 4.861932, 0.120923
2.694100, 4.935687, -0.122079
2.694100, 2.723602, -0.007152
2.694100, 2.850895, 0.021940
2.694100, 9.450409, 0.092692
2.694100, 3.368103, -0.065457
2.694100, 2.694336, -0.000019
2.694100, 3.362875, 0.065106
2.694100, 9.490281, -0.091907
2.694100, 2.852305, -0.022090
2.694100, 2.722920, 0.007063
2.694100, 4.909482, 0.121680
2.694100, 4.887574, -0.121337
2.694100, 2.722346, -0.006989
2.694100, 2.853405, 0.022208
2.694100, 9.521217, 0.091292
2.694100, 3.358841, -0.064835
2.694100, 2.694322, 0.000046
2.694100, 3.371678, 0.065696
2.694100, 9.423293, -0.093221
2.694100, 2.849941, -0.021838
2.694100, 2.724020, 0.007206
2.694100, 4.951836, 0.122319
2.694100, 4.846426, -0.120667
2.694100, 2.721259, -0.006851
2.694100, 2.855225, 0.022403
2.694100, 9.572104, 0.090268
2.694100, 3.352245, -0.064389
2.694100, 2.694253, 0.000085
2.694100, 3.376025, 0.065986
2.694100, 9.390453, -0.093857
2.694100, 2.848786, -0.021717
2.694100, 2.724341, 0.007252
2.694100, 4.964785, 0.122508
2.694100, 4.834148, -0.120461
2.694100, 2.720919, -0.006811
2.694100, 2.855307, 0.022414
2.694100, 9.574674, 0.090216
2.694100, 3.351908, -0.064367
2.694100, 2.694165, 0.000077
2.694100, 3.373470, 0.065816
2.694100, 9.409674, -0.093486
2.694100, 2.849444, -0.021790
2.694100, 2.723694, 0.007173
2.694100, 4.940713, 0.122155
2.694100, 4.857073, -0.120844
2.694100, 2.721502, -0.006891
2.694100, 2.853598, 0.022234
2.694100, 9.527413, 0.091168
2.694100, 3.358023, -0.064781
2.694100, 2.694106, 0.000026
2.694100, 3.365427, 0.065279
2.694100, 9.470685, -0.092294
2.694100, 2.851580, -0.022019
2.694100, 2.722451, 0.007015
2.694100, 4.893502, 0.121431
2.694100, 4.903499, -0.121588
2.694100, 2.722713, -0.007048
2.694100, 2.851084, 0.021966
2.694100, 9.456624, 0.092571
2.694100, 3.367273, -0.065403
2.694100, 2.694113, -0.000039
2.694100, 3.356411, 0.064672
2.694100, 9.539836, -0.090919
2.694100, 2.854045, -0.022281
2.694100, 2.721321, 0.006867
2.694100, 4.850026, 0.120727
2.694100, 4.948058, -0.122264
2.694100, 2.723889, -0.007197
2.694100, 2.849171, 0.021760
2.694100, 9.401791, 0.093638
2.694100, 3.374516, -0.065886
2.694100, 2.694181, -0.000083
2.694100, 3.351413, 0.064333
2.694100, 9.578524, -0.090138
2.694100, 2.855449, -0.022429
2.694100, 2.720912, 0.006809
2.694100, 4.833727, 0.120454
2.694100, 4.965234, -0.122515
2.694100, 2.724356, -0.007253
2.694100, 2.848878, 0.021726
2.694100, 9.393019, 0.093807
2.694100, 3.375686, -0.065963
2.694100, 2.694270, -0.000081
2.694100, 3.353130, 0.064449
2.694100, 9.565257, -0.090407
2.694100, 2.854980, -0.022377
2.694100, 2.721429, 0.006872
2.694100, 4.852816, 0.120773
2.694100, 4.945153, -0.122221
2.694100, 2.723847, -0.007184
2.694100, 2.850349, 0.021882
2.694100, 9.434889, 0.092995
2.694100, 3.370147, -0.065594
2.694100, 2.694330, -0.000034
2.694100, 3.360628, 0.064955
2.694100, 9.507499, -0.091565
2.694100, 2.852916, -0.022156
2.694100, 2.722605, 0.007022
2.694100, 4.897464, 0.121493
2.694100, 4.899538, -0.121525
2.694100, 2.722660, -0.007029
2.694100, 2.852812, 0.022144
2.694100, 9.504570, 0.091623
2.694100, 3.361010, -0.064981
2.694100, 2.694331, 0.000031
2.694100, 3.369809, 0.065571
2.694100, 9.437456, -0.092945
2.694100, 2.850439, -0.021891
2.694100, 2.723808, 0.007179
2.694100, 4.943624, 0.122198
2.694100, 4.854283, -0.120797
2.694100, 2.721468, -0.006877
2.694100, 2.854921, 0.022370
2.694100, 9.563596, 0.090440
2.694100, 3.353345, -0.064464
2.694100, 2.694273, 0.000079
2.694100, 3.375580, 0.065956
2.694100, 9.393819, -0.093792
2.694100, 2.848906, -0.021729
2.694100, 2.724355, 0.007253
2.694100, 4.965133, 0.122513
2.694100, 4.833822, -0.120456
2.694100, 2.720916, -0.006810
2.694100, 2.855468, 0.022431
2.694100, 9.579057, 0.090127
2.694100, 3.351344, -0.064329
2.694100, 2.694185, 0.000083
2.694100, 3.374703, 0.065898
2.694100, 9.400386, -0.093665
2.694100, 2.849123, -0.021755
2.694100, 2.723926, 0.007202
2.694100, 4.949449, 0.122284
2.694100, 4.848696, -0.120705
2.694100, 2.721286, -0.006862
2.694100, 2.854132, 0.022291
2.694100, 9.542271, 0.090870
2.694100, 3.356095, -0.064651
2.694100, 2.694115, 0.000041
2.694100, 3.367648, 0.065428
2.694100, 9.453771, -0.092627
2.694100, 2.850984, -0.021955
2.694100, 2.722767, 0.007055
2.694100, 4.905577, 0.121620
2.694100, 4.891435, -0.121398
2.694100, 2.722397, -0.007008
2.694100, 2.851685, 0.022030
2.694100, 9.473664, 0.092236
2.694100, 3.365036, -0.065253
2.694100, 2.694105, -0.000024
2.694100, 3.358376, 0.064805
2.694100, 9.524696, -0.091222
2.694100, 2.853501, -0.022224
2.694100, 2.721544, 0.006896
2.694100, 4.858667, 0.120870
2.694100, 4.939058, -0.122130
2.694100, 2.723650, -0.007167
2.694100, 2.849509, 0.021797
2.694100, 9.411538, 0.093450
2.694100, 3.373223, -0.065800
2.694100, 2.694161, -0.000076
2.694100, 3.352046, 0.064376
2.694100, 9.573610, -0.090238
2.694100, 2.855268, -0.022410
2.694100, 2.720925, 0.006812
2.694100, 4.834419, 0.120466
2.694100, 4.964498, -0.122504
2.694100, 2.724333, -0.007251
2.694100, 2.848777, 0.021716
2.694100, 9.390188, 0.093862
2.694100, 3.376060, -0.065988
2.694100, 2.694249, -0.000086
2.694100, 3.352093, 0.064379
2.694100, 9.573281, -0.090244
2.694100, 2.855268, -0.022408
2.694100, 2.721227, 0.006847
2.694100, 4.845242, 0.120647
2.694100, 4.953078, -0.122338
2.694100, 2.724051, -0.007211
2.694100, 2.849863, 0.021830
2.694100, 9.421049, 0.093265
2.694100, 3.371974, -0.065716
2.694100, 2.694320, -0.000048
2.694100, 3.358482, 0.064811
2.694100, 9.523977, -0.091236
2.694100, 2.853504, -0.022218
2.694100, 2.722293, 0.006982
2.694100, 4.885546, 0.121305
2.694100, 4.911533, -0.121712
2.694100, 2.722973, -0.007070
2.694100, 2.852199, 0.022079
2.694100, 9.487283, 0.091966
2.694100, 3.363267, -0.065133
2.694100, 2.694337, 0.000016
2.694100, 3.367734, 0.065432
2.694100, 9.453215, -0.092637
2.694100, 2.850994, -0.021950
2.694100, 2.723556, 0.007146
2.694100, 4.933924, 0.122053
2.694100, 4.863638, -0.120951
2.694100, 2.721716, -0.006909
2.694100, 2.854522, 0.022327
2.694100, 9.552458, 0.090665
2.694100, 3.354786, -0.064561
2.694100, 2.694291, 0.000071
2.694100, 3.374732, 0.065900
2.694100, 9.400209, -0.093669
2.694100, 2.849131, -0.021753
2.694100, 2.724309, 0.007246
2.694100, 4.963231, 0.122486
2.694100, 4.835617, -0.120486
2.694100, 2.720967, -0.006815
2.694100, 2.855515, 0.022435
2.694100, 9.580288, 0.090102
2.694100, 3.351187, -0.064318
2.694100, 2.694206, 0.000087
2.694100, 3.375562, 0.065955
2.694100, 9.393922, -0.093790
2.694100, 2.848901, -0.021730
2.694100, 2.724114, 0.007225
2.694100, 4.956479, 0.122388
2.694100, 4.842002, -0.120593
2.694100, 2.721115, -0.006839
2.694100, 2.854599, 0.022340
2.694100, 9.555207, 0.090610
2.694100, 3.354421, -0.064538
2.694100, 2.694127, 0.000055
2.694100, 3.369736, 0.065568
2.694100, 9.437919, -0.092937
2.694100, 2.850428, -0.021896
2.694100, 2.723080, 0.007095
2.694100, 4.917477, 0.121804
2.694100, 4.879675, -0.121211
2.694100, 2.722090, -0.006968
2.694100, 2.852303, 0.022096
2.694100, 9.491099, 0.091891
2.694100, 3.362754, -0.065100
2.694100, 2.694100, -0.000008
2.694100, 3.360519, 0.064950
2.694100, 9.508226, -0.091551
2.694100, 2.852912, -0.022161
2.694100, 2.721803, 0.006931
2.694100, 4.868682, 0.121034
2.694100, 4.928718, -0.121975
2.694100, 2.723376, -0.007133
2.694100, 2.849933, 0.021843
2.694100, 9.423748, 0.093213
2.694100, 3.371607, -0.065692
2.694100, 2.694143, -0.000066
2.694100, 3.353062, 0.064446
2.694100, 9.565724, -0.090397
2.694100, 2.854981, -0.022380
2.694100, 2.720994, 0.006822
2.694100, 4.837217, 0.120513
2.694100, 4.961532, -0.122461
2.694100, 2.724251, -0.007242
2.694100, 2.848785, 0.021717
2.694100, 9.390502, 0.093856
2.694100, 3.376017, -0.065985
2.694100, 2.694228, -0.000088
2.694100, 3.351438, 0.064335
2.694100, 9.578349, -0.090141
2.694100, 2.855448, -0.022427
2.694100, 2.721072, 0.006828
2.694100, 4.839445, 0.120550
2.694100, 4.959182, -0.122427
2.694100, 2.724207, -0.007232
2.694100, 2.849452, 0.021787
2.694100, 9.409344, 0.093492
2.694100, 3.373522, -0.065819
2.694100, 2.694307, -0.000061
2.694100, 3.356510, 0.064677
2.694100, 9.539162, -0.090932
2.694100, 2.854046, -0.022276
2.694100, 2.721992, 0.006944
2.694100, 4.874124, 0.121121
2.694100, 4.923151, -0.121890
2.694100, 2.723276, -0.007109
2.694100, 2.851584, 0.022013
2.694100, 9.469935, 0.092309
2.694100, 3.365539, -0.065285
2.694100, 2.694339, -0.000000
2.694100, 3.365524, 0.065284
2.694100, 9.470049, -0.092306
2.694100, 2.851589, -0.022014
2.694100, 2.723274, 0.007109
2.694100, 4.923075, 0.121889
2.694100, 4.874198, -0.121123
2.694100, 2.721994, -0.006944
2.694100, 2.854042, 0.022276
2.694100, 9.539066, 0.090934
2.694100, 3.356522, -0.064678
2.694100, 2.694307, 0.000061
2.694100, 3.373513, 0.065818
2.694100, 9.409414, -0.093491
2.694100, 2.849454, -0.021787
2.694100, 2.724206, 0.007232
2.694100, 4.959148, 0.122426
2.694100, 4.839477, -0.120551
2.694100, 2.721072, -0.006828
2.694100, 2.855447, 0.022427
2.694100, 9.578325, 0.090142
2.694100, 3.351441, -0.064335
2.694100, 2.694228, 0.000088
2.694100, 3.376019, 0.065986
2.694100, 9.390490, -0.093856
2.694100, 2.848784, -0.021717
2.694100, 2.724251, 0.007242
2.694100, 4.961559, 0.122462
2.694100, 4.837192, -0.120513
2.694100, 2.720993, -0.006822
2.694100, 2.854983, 0.022380
2.694100, 9.565786, 0.090396
2.694100, 3.353054, -0.064445
2.694100, 2.694143, 0.000066
2.694100, 3.371619, 0.065693
2.694100, 9.423660, -0.093214
2.694100, 2.849930, -0.021842
2.694100, 2.723378, 0.007133
2.694100, 4.928790, 0.121976
2.694100, 4.868611, -0.121033
2.694100, 2.721801, -0.006930
2.694100, 2.852916, 0.022162
2.694100, 9.508339, 0.091549
2.694100, 3.360505, -0.064949
2.694100, 2.694100, 0.000008
2.694100, 3.362770, 0.065101
2.694100, 9.490983, -0.091893
2.694100, 2.852299, -0.022096
2.694100, 2.722092, 0.006968
2.694100, 4.879751, 0.121212
2.694100, 4.917399, -0.121803
2.694100, 2.723078, -0.007095
2.694100, 2.850432, 0.021896
2.694100, 9.438020, 0.092935
2.694100, 3.369722, -0.065567
2.694100, 2.694127, -0.000055
2.694100, 3.354431, 0.064538
2.694100, 9.555128, -0.090611
2.694100, 2.854596, -0.022340
2.694100, 2.721116, 0.006839
2.694100, 4.842041, 0.120594
2.694100, 4.956439, -0.122387
2.694100, 2.724113, -0.007225
2.694100, 2.848902, 0.021731
2.694100, 9.393955, 0.093789
2.694100, 3.375557, -0.065955
2.694100, 2.694206, -0.000087
2.694100, 3.351187, 0.064318
2.694100, 9.580290, -0.090102
2.694100, 2.855516, -0.022435
2.694100, 2.720967, 0.006815
2.694100, 4.835598, 0.120486
2.694100, 4.963251, -0.122486
2.694100, 2.724310, -0.007246
2.694100, 2.849129, 0.021752
2.694100, 9.400157, 0.093670
2.694100, 3.374739, -0.065900
2.694100, 2.694291, -0.000071
2.694100, 3.354776, 0.064560
2.694100, 9.552540, -0.090663
2.694100, 2.854525, -0.022328
2.694100, 2.721714, 0.006908
2.694100, 4.863571, 0.120950
2.694100, 4.933993, -0.122054
2.694100, 2.723558, -0.007146
2.694100, 2.850990, 0.021950
2.694100, 9.453106, 0.092639
2.694100, 3.367749, -0.065433
2.694100, 2.694337, -0.000016
2.694100, 3.363252, 0.065132
2.694100, 9.487399, -0.091964
2.694100, 2.852203, -0.022079
2.694100, 2.722971, 0.007070
2.694100, 4.911453, 0.121711
2.694100, 4.885624, -0.121306
2.694100, 2.722295, -0.006982
2.694100, 2.853500, 0.022218
2.694100, 9.523871, 0.091239
2.694100, 3.358496, -0.064811
2.694100, 2.694320, 0.000048
2.694100, 3.371963, 0.065715
2.694100, 9.421135, -0.093263
2.694100, 2.849866, -0.021830
2.694100, 2.724050, 0.007211
2.694100, 4.953031, 0.122337
2.694100, 4.845287, -0.120648
2.694100, 2.721229, -0.006847
2.694100, 2.855266, 0.022407
2.694100, 9.573237, 0.090245
2.694100, 3.352099, -0.064379
2.694100, 2.694250, 0.000086
2.694100, 3.376059, 0.065988
2.694100, 9.390196, -0.093862
2.694100, 2.848777, -0.021716
2.694100, 2.724333, 0.007251
2.694100, 4.964510, 0.122504
2.694100, 4.834407, -0.120466
2.694100, 2.720925, -0.006812
2.694100, 2.855270, 0.022410
2.694100, 9.573653, 0.090237
2.694100, 3.352040, -0.064376
2.694100, 2.694161, 0.000076
2.694100, 3.373233, 0.065801
2.694100, 9.411465, -0.093451
2.694100, 2.849506, -0.021796
2.694100, 2.723652, 0.007168
2.694100, 4.939123, 0.122131
2.694100, 4.858605, -0.120869
2.694100, 2.721542, -0.006896
2.694100, 2.853505, 0.022224
2.694100, 9.524802, 0.091220
2.694100, 3.358362, -0.064804
2.694100, 2.694105, 0.000024
2.694100, 3.365051, 0.065254
2.694100, 9.473549, -0.092238
2.694100, 2.851681, -0.022030
2.694100, 2.722399, 0.007008
2.694100, 4.891514, 0.121400
2.694100, 4.905497, -0.121619
2.694100, 2.722765, -0.007055
2.694100, 2.850988, 0.021956
2.694100, 9.453881, 0.092624
2.694100, 3.367634, -0.065427
2.694100, 2.694115, -0.000041
2.694100, 3.356108, 0.064652
2.694100, 9.542178, -0.090872
2.694100, 2.854129, -0.022290
2.694100, 2.721288, 0.006862
2.694100, 4.848747, 0.120706
2.694100, 4.949396, -0.122284
2.694100, 2.723925, -0.007202
2.694100, 2.849125, 0.021755
2.694100, 9.400439, 0.093664
2.694100, 3.374696, -0.065898
2.694100, 2.694185, -0.000083
2.694100, 3.351347, 0.064329
2.694100, 9.579038, -0.090127
2.694100, 2.855468, -0.022431
2.694100, 2.720915, 0.006810
2.694100, 4.833817, 0.120456
2.694100, 4.965138, -0.122513
2.694100, 2.724355, -0.007253
2.694100, 2.848905, 0.021729
2.694100, 9.393786, 0.093793
2.694100, 3.375584, -0.065956
2.694100, 2.694273, -0.000079
2.694100, 3.353336, 0.064463
2.694100, 9.563661, -0.090439
2.694100, 2.854923, -0.022370
2.694100, 2.721467, 0.006877
2.694100, 4.854225, 0.120797
2.694100, 4.943684, -0.122199
2.694100, 2.723809, -0.007179
2.694100, 2.850436, 0.021891
2.694100, 9.437356, 0.092947
2.694100, 3.369822, -0.065572
2.694100, 2.694331, -0.000032
2.694100, 3.360995, 0.064980
2.694100, 9.504684, -0.091621
2.694100, 2.852816, -0.022145
2.694100, 2.722658, 0.007029
2.694100, 4.899458, 0.121524
2.694100, 4.897544, -0.121494
2.694100, 2.722607, -0.007023
2.694100, 2.852912, 0.022155
2.694100, 9.507386, 0.091567
2.694100, 3.360642, -0.064956
2.694100, 2.694330, 0.000034
2.694100, 3.370134, 0.065593
2.694100, 9.434988, -0.092994
2.694100, 2.850353, -0.021882
2.694100, 2.723846, 0.007184
2.694100, 4.945095, 0.122220
2.694100, 4.852872, -0.120774
2.694100, 2.721431, -0.006872
2.694100, 2.854978, 0.022376
2.694100, 9.565195, 0.090408
2.694100, 3.353138, -0.064450
2.694100, 2.694270, 0.000081
2.694100, 3.375682, 0.065963
2.694100, 9.393048, -0.093807
2.694100, 2.848879, -0.021726
2.694100, 2.724356, 0.007253
2.694100, 4.965231, 0.122515
2.694100, 4.833729, -0.120454
2.694100, 2.720912, -0.006809
2.694100, 2.855449, 0.022429
2.694100, 9.578547, 0.090137
2.694100, 3.351410, -0.064333
2.694100, 2.694181, 0.000083
2.694100, 3.374523, 0.065886
2.694100, 9.401735, -0.093639
2.694100, 2.849170, -0.021760
2.694100, 2.723890, 0.007198
2.694100, 4.948113, 0.122265
2.694100, 4.849973, -0.120726
2.694100, 2.721319, -0.006867
2.694100, 2.854048, 0.022282
2.694100, 9.539932, 0.090917
2.694100, 3.356399, -0.064671
2.694100, 2.694113, 0.000039
2.694100, 3.367288, 0.065404
2.694100, 9.456513, -0.092573
2.694100, 2.851080, -0.021966
2.694100, 2.722715, 0.007049
2.694100, 4.903579, 0.121589
2.694100, 4.893422, -0.121430
2.694100, 2.722449, -0.007014
2.694100, 2.851584, 0.022020
2.694100, 9.470800, 0.092292
2.694100, 3.365412, -0.065278
2.694100, 2.694106, -0.000026
2.694100, 3.358037, 0.064782
2.694100, 9.527309, -0.091170
2.694100, 2.853595, -0.022234
2.694100, 2.721504, 0.006891
2.694100, 4.857134, 0.120845
2.694100, 4.940649, -0.122154
2.694100, 2.723692, -0.007173
2.694100, 2.849447, 0.021790
2.694100, 9.409745, 0.093484
2.694100, 3.373461, -0.065816
2.694100, 2.694164, -0.000077
2.694100, 3.351914, 0.064367
2.694100, 9.574635, -0.090217
2.694100, 2.855306, -0.022414
2.694100, 2.720919, 0.006811
2.694100, 4.834158, 0.120461
2.694100, 4.964775, -0.122508
2.694100, 2.724341, -0.007252
2.694100, 2.848786, 0.021717
2.694100, 9.390441, 0.093857
2.694100, 3.376027, -0.065986
2.694100, 2.694253, -0.000085
2.694100, 3.352239, 0.064389
2.694100, 9.572151, -0.090267
2.694100, 2.855227, -0.022403
2.694100, 2.721258, 0.006851
2.694100, 4.846379, 0.120666
2.694100, 4.951885, -0.122320
2.694100, 2.724021, -0.007207
2.694100, 2.849938, 0.021838
2.694100, 9.423204, 0.093223
2.694100, 3.371689, -0.065697
2.694100, 2.694322, -0.000046
2.694100, 3.358827, 0.064834
2.694100, 9.521324, -0.091290
2.694100, 2.853409, -0.022208
2.694100, 2.722344, 0.006989
2.694100, 4.887495, 0.121336
2.694100, 4.909562, -0.121681
2.694100, 2.722922, -0.007063
2.694100, 2.852301, 0.022090
2.694100, 9.490165, 0.091909
2.694100, 3.362890, -0.065107
2.694100, 2.694336, 0.000019
2.694100, 3.368089, 0.065456
2.694100, 9.450517, -0.092690
2.694100, 2.850899, -0.021940
2.694100, 2.723600, 0.007151
2.694100, 4.935619, 0.122078
2.694100, 4.861998, -0.120924
2.694100, 2.721672, -0.006903
2.694100, 2.854594, 0.022335
2.694100, 9.554469, 0.090624
2.694100, 3.354526, -0.064543
2.694100, 2.694288, 0.000073
2.694100, 3.374899, 0.065911
2.694100, 9.398950, -0.093693
2.694100, 2.849087, -0.021748
2.694100, 2.724321, 0.007247
2.694100, 4.963699, 0.122492
2.694100, 4.835175, -0.120478
2.694100, 2.720955, -0.006814
2.694100, 2.855516, 0.022435
2.694100, 9.580305, 0.090102
2.694100, 3.351185, -0.064318
2.694100, 2.694203, 0.000087
2.694100, 3.375447, 0.065948
2.694100, 9.394787, -0.093773
2.694100, 2.848930, -0.021734
2.694100, 2.724086, 0.007222
2.694100, 4.955444, 0.122372
2.694100, 4.842985, -0.120610
2.694100, 2.721140, -0.006843
2.694100, 2.854527, 0.022332
2.694100, 9.553217, 0.090650
2.694100, 3.354678, -0.064555
2.694100, 2.694125, 0.000053
2.694100, 3.369402, 0.065545
2.694100, 9.440447, -0.092887
2.694100, 2.850517, -0.021905
2.694100, 2.723029, 0.007089
2.694100, 4.915537, 0.121774
2.694100, 4.881584, -0.121242
2.694100, 2.722139, -0.006974
2.694100, 2.852200, 0.022085
2.694100, 9.488210, 0.091948
2.694100, 3.363132, -0.065125
2.694100, 2.694101, -0.000011
2.694100, 3.360155, 0.064925
2.694100, 9.511022, -0.091495
2.694100, 2.853012, -0.022172
2.694100, 2.721758, 0.006925
2.694100, 4.866942, 0.121005
2.694100, 4.930507, -0.122002
2.694100, 2.723424, -0.007139
2.694100, 2.849858, 0.021834
2.694100, 9.421573, 0.093255
2.694100, 3.371895, -0.065712
2.694100, 2.694146, -0.000068
2.694100, 3.352869, 0.064432
2.694100, 9.567225, -0.090367
2.694100, 2.855035, -0.022386
2.694100, 2.720979, 0.006820
2.694100, 4.836611, 0.120503
2.694100, 4.962174, -0.122470
2.694100, 2.724268, -0.007244
2.694100, 2.848776, 0.021716
2.694100, 9.390232, 0.093861
2.694100, 3.376054, -0.065988
2.694100, 2.694232, -0.000088
2.694100, 3.351519, 0.064340
2.694100, 9.577722, -0.090154
2.694100, 2.855426, -0.022425
2.694100, 2.721094, 0.006831
2.694100, 4.840274, 0.120564
2.694100, 4.958308, -0.122414
2.694100, 2.724185, -0.007229
2.694100, 2.849514, 0.021793
2.694100, 9.411117, 0.093458
2.694100, 3.373288, -0.065803
2.694100, 2.694309, -0.000059
2.694100, 3.356821, 0.064699
2.694100, 9.536760, -0.090981
2.694100, 2.853960, -0.022267
2.694100, 2.722041, 0.006950
2.694100, 4.875964, 0.121151
2.694100, 4.921270, -0.121861
2.694100, 2.723227, -0.007103
2.694100, 2.851685, 0.022024
2.694100, 9.472786, 0.092253
2.694100, 3.365165, -0.065260
2.694100, 2.694339, 0.000003
2.694100, 3.365896, 0.065309
2.694100, 9.467211, -0.092362
2.694100, 2.851488, -0.022003
2.694100, 2.723323, 0.007115
2.694100, 4.924935, 0.121917
2.694100, 4.872380, -0.121093
2.694100, 2.721946, -0.006938
2.694100, 2.854127, 0.022285
2.694100, 9.541421, 0.090887
2.694100, 3.356217, -0.064658
2.694100, 2.694305, 0.000063
2.694100, 3.373739, 0.065833
2.694100, 9.407707, -0.093524
2.694100, 2.849395, -0.021780
2.694100, 2.724227, 0.007234
2.694100, 4.959970, 0.122438
2.694100, 4.838699, -0.120538
2.694100, 2.721051, -0.006825
2.694100, 2.855466, 0.022429
2.694100, 9.578869, 0.090131
2.694100, 3.351371, -0.064330
2.694100, 2.694224, 0.000088
2.694100, 3.375972, 0.065982
2.694100, 9.390843, -0.093849
2.694100, 2.848796, -0.021719
2.694100, 2.724232, 0.007239
2.694100, 4.960861, 0.122451
2.694100, 4.837851, -0.120524
2.694100, 2.721010, -0.006825
2.694100, 2.854926, 0.022374
2.694100, 9.564213, 0.090428
2.694100, 3.353257, -0.064459
2.694100, 2.694140, 0.000065
2.694100, 3.371324, 0.065674
2.694100, 9.425890, -0.093171
2.694100, 2.850008, -0.021851
2.694100, 2.723330, 0.007127
2.694100, 4.926975, 0.121949
2.694100, 4.870379, -0.121061
2.694100, 2.721848, -0.006936
2.694100, 2.852816, 0.022151
2.694100, 9.505523, 0.091605
2.694100, 3.360872, -0.064973
2.694100, 2.694100, 0.000005
2.694100, 3.362393, 0.065076
2.694100, 9.493866, -0.091836
2.694100, 2.852401, -0.022107
2.694100, 2.722042, 0.006962
2.694100, 4.877861, 0.121182
2.694100, 4.919324, -0.121832
2.694100, 2.723129, -0.007102
2.694100, 2.850345, 0.021887
2.694100, 9.435534, 0.092983
2.694100, 3.370050, -0.065589
2.694100, 2.694129, -0.000057
2.694100, 3.354182, 0.064521
2.694100, 9.557055, -0.090572
2.694100, 2.854666, -0.022347
2.694100, 2.721092, 0.006836
2.694100, 4.841107, 0.120578
2.694100, 4.957422, -0.122401
2.694100, 2.724139, -0.007228
2.694100, 2.848875, 0.021728
2.694100, 9.393170, 0.093804
2.694100, 3.375662, -0.065962
2.694100, 2.694210, -0.000087
2.694100, 3.351200, 0.064319
2.694100, 9.580189, -0.090104
2.694100, 2.855512, -0.022435
2.694100, 2.720980, 0.006817
2.694100, 4.836094, 0.120494
2.694100, 4.962725, -0.122478
2.694100, 2.724297, -0.007244
2.694100, 2.849176, 0.021757
2.694100, 9.401490, 0.093644
2.694100, 3.374563, -0.065888
2.694100, 2.694294, -0.000070
2.694100, 3.355044, 0.064578
2.694100, 9.550470, -0.090705
2.694100, 2.854450, -0.022320
2.694100, 2.721758, 0.006914
2.694100, 4.865243, 0.120977
2.694100, 4.932268, -0.122028
2.694100, 2.723513, -0.007140
2.694100, 2.851087, 0.021960
2.694100, 9.455832, 0.092586
2.694100, 3.367390, -0.065409
2.694100, 2.694337, -0.000013
2.694100, 3.363629, 0.065157
2.694100, 9.484515, -0.092021
2.694100, 2.852100, -0.022068
2.694100, 2.723022, 0.007076
2.694100, 4.913414, 0.121741
2.694100, 4.883688, -0.121275
2.694100, 2.722244, -0.006976
2.694100, 2.853593, 0.022228
2.694100, 9.526490, 0.091186
2.694100, 3.358155, -0.064789
2.694100, 2.694318, 0.000050
2.694100, 3.372240, 0.065733
2.694100, 9.419036, -0.093304
2.694100, 2.849792, -0.021823
2.694100, 2.724079, 0.007214
2.694100, 4.954176, 0.122354
2.694100, 4.844197, -0.120630
2.694100, 2.721199, -0.006844
2.694100, 2.855304, 0.022412
2.694100, 9.574289, 0.090224
2.694100, 3.351963, -0.064370
2.694100, 2.694246, 0.000086
2.694100, 3.376082, 0.065990
2.694100, 9.390027, -0.093865
2.694100, 2.848771, -0.021715
2.694100, 2.724323, 0.007250
2.694100, 4.964174, 0.122499
2.694100, 4.834724, -0.120471
2.694100, 2.720933, -0.006814
2.694100, 2.855229, 0.022406
2.694100, 9.572550, 0.090259
2.694100, 3.352182, -0.064386
2.694100, 2.694158, 0.000074
2.694100, 3.372986, 0.065784
2.694100, 9.413323, -0.093415
2.694100, 2.849571, -0.021803
2.694100, 2.723609, 0.007162
2.694100, 4.937496, 0.122107
2.694100, 4.860174, -0.120895
2.694100, 2.721583, -0.006902
2.694100, 2.853410, 0.022214
2.694100, 9.522154, 0.091273
2.694100, 3.358706, -0.064827
2.694100, 2.694104, 0.000021
2.694100, 3.364675, 0.065229
2.694100, 9.476423, -0.092181
2.694100, 2.851783, -0.022041
2.694100, 2.722347, 0.007001
2.694100, 4.889535, 0.121368
2.694100, 4.907491, -0.121650
2.694100, 2.722818, -0.007062
2.694100, 2.850893, 0.021946
2.694100, 9.451167, 0.092678
2.694100, 3.367991, -0.065451
2.694100, 2.694116, -0.000044
2.694100, 3.355811, 0.064632
2.694100, 9.544467, -0.090826
2.694100, 2.854212, -0.022299
2.694100, 2.721256, 0.006858
2.694100, 4.847514, 0.120686
2.694100, 4.950687, -0.122303
2.694100, 2.723959, -0.007206
2.694100, 2.849081, 0.021750
2.694100, 9.399163, 0.093689
2.694100, 3.374865, -0.065909
2.694100, 2.694188, -0.000084
2.694100, 3.351292, 0.064325
2.694100, 9.579466, -0.090119
2.694100, 2.855483, -0.022432
2.694100, 2.720920, 0.006810
2.694100, 4.833966, 0.120458
2.694100, 4.964980, -0.122511
2.694100, 2.724351, -0.007252
2.694100, 2.848935, 0.021732
2.694100, 9.394636, 0.093776
2.694100, 3.375471, -0.065949
2.694100, 2.694276, -0.000078
2.694100, 3.353552, 0.064478
2.694100, 9.561993, -0.090472
2.694100, 2.854863, -0.022364
2.694100, 2.721505, 0.006882
2.694100, 4.855676, 0.120820
2.694100, 4.942174, -0.122176
2.694100, 2.723770, -0.007174
2.694100, 2.850524, 0.021900
2.694100, 9.439866, 0.092898
2.694100, 3.369491, -0.065550
2.694100, 2.694332, -0.000029
2.694100, 3.361364, 0.065005
2.694100, 9.501851, -0.091677
2.694100, 2.852716, -0.022134
2.694100, 2.722710, 0.007036
2.694100, 4.901452, 0.121555
2.694100, 4.895553, -0.121463
2.694100, 2.722555, -0.007016
2.694100, 2.853012, 0.022166
2.694100, 9.510181, 0.091512
2.694100, 3.360278, -0.064932
2.694100, 2.694328, 0.000036
2.694100, 3.370454, 0.065614
2.694100, 9.432565, -0.093041
2.694100, 2.850267, -0.021873
2.694100, 2.723883, 0.007188
2.694100, 4.946523, 0.122241
2.694100, 4.851503, -0.120752
2.694100, 2.721394, -0.006868
2.694100, 2.855033, 0.022382
2.694100, 9.566720, 0.090377
2.694100, 3.352941, -0.064436
2.694100, 2.694267, 0.000082
2.694100, 3.375773, 0.065969
2.694100, 9.392362, -0.093820
2.694100, 2.848855, -0.021724
2.694100, 2.724357, 0.007253
2.694100, 4.965268, 0.122515
2.694100, 4.833695, -0.120453
2.694100, 2.720910, -0.006809
2.694100, 2.855427, 0.022426
2.694100, 9.577950, 0.090149
2.694100, 3.351487, -0.064338
2.694100, 2.694178, 0.000082
2.694100, 3.374334, 0.065874
2.694100, 9.403161, -0.093612
2.694100, 2.849219, -0.021765
2.694100, 2.723854, 0.007193
2.694100, 4.946731, 0.122244
2.694100, 4.851295, -0.120748
2.694100, 2.721353, -0.006871
2.694100, 2.853962, 0.022273
2.694100, 9.537541, 0.090965
2.694100, 3.356709, -0.064692
2.694100, 2.694111, 0.000037
2.694100, 3.366924, 0.065380
2.694100, 9.459281, -0.092519
2.694100, 2.851178, -0.021976
2.694100, 2.722662, 0.007042
2.694100, 4.901578, 0.121558
2.694100, 4.895415, -0.121461
2.694100, 2.722501, -0.007021
2.694100, 2.851484, 0.022009
2.694100, 9.467950, 0.092348
2.694100, 3.365786, -0.065303
2.694100, 2.694107, -0.000029
2.694100, 3.357702, 0.064760
2.694100, 9.529883, -0.091119
2.694100, 2.853687, -0.022244
2.694100, 2.721465, 0.006886
2.694100, 4.855639, 0.120820
2.694100, 4.942203, -0.122177
2.694100, 2.723733, -0.007178
2.694100, 2.849387, 0.021783
2.694100, 9.408021, 0.093518
2.694100, 3.373689, -0.065831
2.694100, 2.694168, -0.000078
2.694100, 3.351792, 0.064359
2.694100, 9.575577, -0.090198
2.694100, 2.855340, -0.022417
2.694100, 2.720915, 0.006811
2.694100, 4.833955, 0.120458
2.694100, 4.964991, -0.122511
2.694100, 2.724347, -0.007253
2.694100, 2.848798, 0.021718
2.694100, 9.390780, 0.093850
2.694100, 3.375982, -0.065983
2.694100, 2.694256, -0.000084
2.694100, 3.352396, 0.064399
2.694100, 9.570940, -0.090291
2.694100, 2.855184, -0.022399
2.694100, 2.721289, 0.006855
2.694100, 4.847564, 0.120686
2.694100, 4.950643, -0.122302
2.694100, 2.723989, -0.007202
2.694100, 2.850016, 0.021846
2.694100, 9.425416, 0.093180
2.694100, 3.371397, -0.065677
2.694100, 2.694324, -0.000044
2.694100, 3.359177, 0.064857
2.694100, 9.518638, -0.091343
2.694100, 2.853313, -0.022198
2.694100, 2.722395, 0.006995
2.694100, 4.889456, 0.121367
2.694100, 4.907583, -0.121651
2.694100, 2.722870, -0.007057
2.694100, 2.852403, 0.022101
2.694100, 9.493042, 0.091852
2.694100, 3.362514, -0.065082
2.694100, 2.694335, 0.000021
2.694100, 3.368440, 0.065479
2.694100, 9.447851, -0.092742
2.694100, 2.850805, -0.021930
2.694100, 2.723643, 0.007157
2.694100, 4.937281, 0.122103
2.694100, 4.860392, -0.120898
2.694100, 2.721630, -0.006898
2.694100, 2.854663, 0.022343
2.694100, 9.556416, 0.090585
2.694100, 3.354274, -0.064526
2.694100, 2.694285, 0.000074
2.694100, 3.375056, 0.065921
2.694100, 9.397769, -0.093716
2.694100, 2.849045, -0.021744
2.694100, 2.724331, 0.007249
2.694100, 4.964107, 0.122498
2.694100, 4.834790, -0.120472
2.694100, 2.720944, -0.006813
2.694100, 2.855513, 0.022435
2.694100, 9.580234, 0.090103
2.694100, 3.351194, -0.064318
2.694100, 2.694199, 0.000086
2.694100, 3.375321, 0.065939
2.694100, 9.395734, -0.093755
2.694100, 2.848963, -0.021737
2.694100, 2.724057, 0.007218
2.694100, 4.954357, 0.122357
2.694100, 4.844019, -0.120627
2.694100, 2.721166, -0.006846
2.694100, 2.854453, 0.022325
2.694100, 9.551165, 0.090691
2.694100, 3.354944, -0.064573
2.694100, 2.694123, 0.000050
2.694100, 3.369064, 0.065523
2.694100, 9.443017, -0.092837
2.694100, 2.850607, -0.021915
2.694100, 2.722978, 0.007082
2.694100, 4.913582, 0.121744
2.694100, 4.883510, -0.121272
2.694100, 2.722190, -0.006981
2.694100, 2.852098, 0.022075
2.694100, 9.485319, 0.092005
2.694100, 3.363510, -0.065151
2.694100, 2.694101, -0.000013
2.694100, 3.359794, 0.064901
2.694100, 9.513793, -0.091440
2.694100, 2.853111, -0.022182
2.694100, 2.721714, 0.006919
2.694100, 4.865232, 0.120978
2.694100, 4.932268, -0.122028
2.694100, 2.723470, -0.007145
2.694100, 2.849784, 0.021826
2.694100, 9.419456, 0.093296
2.694100, 3.372175, -0.065730
2.694100, 2.694149, -0.000070
2.694100, 3.352685, 0.064420
2.694100, 9.568650, -0.090338
2.694100, 2.855087, -0.022391
2.694100, 2.720965, 0.006818
2.694100, 4.836061, 0.120494
2.694100, 4.962756, -0.122479
2.694100, 2.724284, -0.007246
2.694100, 2.848770, 0.021716
2.694100, 9.390048, 0.093865
2.694100, 3.376078, -0.065989
2.694100, 2.694235, -0.000087
2.694100, 3.351611, 0.064346
2.694100, 9.577011, -0.090168
2.694100, 2.855401, -0.022422
2.694100, 2.721118, 0.006833
2.694100, 4.841156, 0.120579
2.694100, 4.957377, -0.122400
2.694100, 2.724161, -0.007225
2.694100, 2.849579, 0.021800
2.694100, 9.412958, 0.093422
2.694100, 3.373044, -0.065787
2.694100, 2.694311, -0.000057
2.694100, 3.357140, 0.064720
2.694100, 9.534310, -0.091030
2.694100, 2.853873, -0.022258
2.694100, 2.722090, 0.006956
2.694100, 4.877827, 0.121181
2.694100, 4.919370, -0.121832
2.694100, 2.723178, -0.007096
2.694100, 2.851787, 0.022035
2.694100, 9.475650, 0.092196
2.694100, 3.364790, -0.065235
2.694100, 2.694339, 0.000005
2.694100, 3.366266, 0.065334
2.694100, 9.464390, -0.092418
2.694100, 2.851389, -0.021992
2.694100, 2.723370, 0.007121
2.694100, 4.926772, 0.121945
2.694100, 4.870588, -0.121064
2.694100, 2.721899, -0.006932
2.694100, 2.854209, 0.022294
2.694100, 9.543724, 0.090841
2.694100, 3.355918, -0.064638
2.694100, 2.694302, 0.000064
2.694100, 3.373956, 0.065848
2.694100, 9.406071, -0.093555
2.694100, 2.849337, -0.021774
2.694100, 2.724247, 0.007237
2.694100, 4.960734, 0.122449
2.694100, 4.837976, -0.120526
2.694100, 2.721032, -0.006823
2.694100, 2.855483, 0.022431
2.694100, 9.579327, 0.090121
2.694100, 3.351312, -0.064326
2.694100, 2.694221, 0.000088
2.694100, 3.375913, 0.065979
2.694100, 9.391282, -0.093841
2.694100, 2.848811, -0.021720
2.694100, 2.724212, 0.007237
2.694100, 4.960106, 0.122440
2.694100, 4.838566, -0.120536
2.694100, 2.721028, -0.006827
2.694100, 2.854866, 0.022368
2.694100, 9.562568, 0.090461
2.694100, 3.353470, -0.064473
2.694100, 2.694137, 0.000063
2.694100, 3.371022, 0.065653
2.694100, 9.428174, -0.093127
2.694100, 2.850088, -0.021859
2.694100, 2.723282, 0.007121
2.694100, 4.925134, 0.121921
2.694100, 4.872174, -0.121090
2.694100, 2.721894, -0.006943
2.694100, 2.852715, 0.022140
2.694100, 9.502689, 0.091661
2.694100, 3.361241, -0.064998
2.694100, 2.694100, 0.000003
2.694100, 3.362017, 0.065050
2.694100, 9.496742, -0.091779
2.694100, 2.852503, -0.022118
2.694100, 2.721994, 0.006955
2.694100, 4.875991, 0.121152
2.694100, 4.921231, -0.121861
2.694100, 2.723179, -0.007108
2.694100, 2.850259, 0.021878
2.694100, 9.433094, 0.093031
2.694100, 3.370372, -0.065610
2.694100, 2.694132, -0.000059
2.694100, 3.353941, 0.064505
2.694100, 9.558916, -0.090535
2.694100, 2.854734, -0.022354
2.694100, 2.721070, 0.006833
2.694100, 4.840227, 0.120564
2.694100, 4.958351, -0.122415
2.694100, 2.724164, -0.007231
2.694100, 2.848851, 0.021725
2.694100, 9.392469, 0.093818
2.694100, 3.375755, -0.065968
2.694100, 2.694213, -0.000088
2.694100, 3.351225, 0.064320
2.694100, 9.580000, -0.090108
2.694100, 2.855506, -0.022434
2.694100, 2.720995, 0.006819
2.694100, 4.836647, 0.120503
2.694100, 4.962140, -0.122470
2.694100, 2.724282, -0.007242
2.694100, 2.849226, 0.021763
2.694100, 9.402900, 0.093617
2.694100, 3.374376, -0.065876
2.694100, 2.694297, -0.000068
2.694100, 3.355320, 0.064597
2.694100, 9.548340, -0.090748
2.694100, 2.854374, -0.022312
2.694100, 2.721803, 0.006920
2.694100, 4.866947, 0.121005
2.694100, 4.930513, -0.122002
2.694100, 2.723468, -0.007134
2.694100, 2.851184, 0.021971
2.694100, 9.458586, 0.092532
2.694100, 3.367028, -0.065385
2.694100, 2.694338, -0.000011
2.694100, 3.364006, 0.065182
2.694100, 9.481633, -0.092078
2.694100, 2.851998, -0.022058
2.694100, 2.723073, 0.007083
2.694100, 4.915363, 0.121771
2.694100, 4.881767, -0.121244
2.694100, 2.722194, -0.006969
2.694100, 2.853685, 0.022238
2.694100, 9.529072, 0.091135
2.694100, 3.357820, -0.064766
2.694100, 2.694316, 0.000052
2.694100, 3.372510, 0.065751
2.694100, 9.416998, -0.093344
2.694100, 2.849721, -0.021815
2.694100, 2.724107, 0.007218
2.694100, 4.955270, 0.122370
2.694100, 4.843157, -0.120613
2.694100, 2.721172, -0.006840
2.694100, 2.855338, 0.022415
2.694100, 9.575259, 0.090204
2.694100, 3.351837, -0.064362
2.694100, 2.694242, 0.000087
2.694100, 3.376093, 0.065990
2.694100, 9.389943, -0.093867
2.694100, 2.848767, -0.021715
2.694100, 2.724313, 0.007249
2.694100, 4.963777, 0.122494
2.694100, 4.835099, -0.120477
2.694100, 2.720942, -0.006815
2.694100, 2.855186, 0.022401
2.694100, 9.571366, 0.090283
2.694100, 3.352335, -0.064396
2.694100, 2.694155, 0.000073
2.694100, 3.372732, 0.065767
2.694100, 9.415248, -0.093378
2.694100, 2.849637, -0.021811
2.694100, 2.723565, 0.007157
2.694100, 4.935833, 0.122082
2.694100, 4.861780, -0.120921
2.694100, 2.721624, -0.006907
2.694100, 2.853314, 0.022204
2.694100, 9.519472, 0.091327
2.694100, 3.359055, -0.064851
2.694100, 2.694103, 0.000019
2.694100, 3.364297, 0.065204
2.694100, 9.479306, -0.092124
2.694100, 2.851885, -0.022052
2.694100, 2.722296, 0.006995
2.694100, 4.887566, 0.121337
2.694100, 4.909478, -0.121681
2.694100, 2.722870, -0.007069
2.694100, 2.850798, 0.021936
2.694100, 9.448485, 0.092730
2.694100, 3.368344, -0.065475
2.694100, 2.694118, -0.000046
2.694100, 3.355522, 0.064612
2.694100, 9.546701, -0.090781
2.694100, 2.854292, -0.022308
2.694100, 2.721226, 0.006854
2.694100, 4.846329, 0.120666
2.694100, 4.951930, -0.122321
2.694100, 2.723992, -0.007210
2.694100, 2.849039, 0.021746
2.694100, 9.397967, 0.093712
2.694100, 3.375024, -0.065920
2.694100, 2.694192, -0.000085
2.694100, 3.351248, 0.064322
2.694100, 9.579806, -0.090112
2.694100, 2.855496, -0.022433
2.694100, 2.720926, 0.006811
2.694100, 4.834173, 0.120462
2.694100, 4.964760, -0.122508
2.694100, 2.724346, -0.007251
2.694100, 2.848968, 0.021736
2.694100, 9.395569, 0.093758
2.694100, 3.375347, -0.065941
2.694100, 2.694279, -0.000077
2.694100, 3.353777, 0.064493
2.694100, 9.560254, -0.090508
2.694100, 2.854801, -0.022357
2.694100, 2.721545, 0.006887
2.694100, 4.857167, 0.120845
2.694100, 4.940625, -0.122153
2.694100, 2.723730, -0.007168
2.694100, 2.850614, 0.021910
2.694100, 9.442418, 0.092848
2.694100, 3.369155, -0.065527
2.694100, 2.694333, -0.000027
2.694100, 3.361736, 0.065030
2.694100, 9.499004, -0.091734
2.694100, 2.852614, -0.022123
2.694100, 2.722762, 0.007043
2.694100, 4.903446, 0.121587
2.694100, 4.893567, -0.121432
2.694100, 2.722503, -0.007009
2.694100, 2.853111, 0.022176
2.694100, 9.512954, 0.091457
2.694100, 3.359917, -0.064907
2.694100, 2.694327, 0.000039
2.694100, 3.370767, 0.065635
2.694100, 9.430191, -0.093087
2.694100, 2.850184, -0.021864
2.694100, 2.723918, 0.007193
2.694100, 4.947908, 0.122261
2.694100, 4.850177, -0.120730
2.694100, 2.721359, -0.006863
2.694100, 2.855085, 0.022388
2.694100, 9.568170, 0.090348
2.694100, 3.352754, -0.064424
2.694100, 2.694263, 0.000083
2.694100, 3.375852, 0.065974
2.694100, 9.391759, -0.093832
2.694100, 2.848833, -0.021722
2.694100, 2.724355, 0.007253
2.694100, 4.965242, 0.122515
2.694100, 4.833718, -0.120454
2.694100, 2.720910, -0.006810
2.694100, 2.855402, 0.022424
2.694100, 9.577268, 0.090163
2.694100, 3.351574, -0.064344
2.694100, 2.694174, 0.000081
2.694100, 3.374135, 0.065861
2.694100, 9.404663, -0.093583
2.694100, 2.849271, -0.021771
2.694100, 2.723816, 0.007188
2.694100, 4.945305, 0.122223
2.694100, 4.852661, -0.120771
2.694100, 2.721388, -0.006876
2.694100, 2.853875, 0.022263
2.694100, 9.535102, 0.091014
2.694100, 3.357025, -0.064714
2.694100, 2.694110, 0.000034
2.694100, 3.366557, 0.065355
2.694100, 9.462074, -0.092464
2.694100, 2.851276, -0.021987
2.694100, 2.722610, 0.007035
2.694100, 4.899576, 0.121526
2.694100, 4.897414, -0.121493
2.694100, 2.722553, -0.007028
2.694100, 2.851383, 0.021998
2.694100, 9.465115, 0.092404
2.694100, 3.366158, -0.065328
2.694100, 2.694108, -0.000031
2.694100, 3.357374, 0.064737
2.694100, 9.532415, -0.091068
2.694100, 2.853778, -0.022253
2.694100, 2.721428, 0.006881
2.694100, 4.854185, 0.120796
2.694100, 4.943716, -0.122200
2.694100, 2.723774, -0.007183
2.694100, 2.849329, 0.021777
2.694100, 9.406368, 0.093550
2.694100, 3.373909, -0.065846
2.694100, 2.694171, -0.000079
2.694100, 3.351682, 0.064352
2.694100, 9.576435, -0.090180
2.694100, 2.855371, -0.022421
2.694100, 2.720912, 0.006810
2.694100, 4.833809, 0.120455
2.694100, 4.965145, -0.122513
2.694100, 2.724352, -0.007253
2.694100, 2.848813, 0.021720
2.694100, 9.391204, 0.093842
2.694100, 3.375926, -0.065979
2.694100, 2.694259, -0.000083
2.694100, 3.352562, 0.064411
2.694100, 9.569651, -0.090318
2.694100, 2.855138, -0.022394
2.694100, 2.721322, 0.006859
2.694100, 4.848795, 0.120707
2.694100, 4.949354, -0.122283
2.694100, 2.723955, -0.007198
2.694100, 2.850096, 0.021855
2.694100, 9.427683, 0.093136
2.694100, 3.371098, -0.065657
2.694100, 2.694325, -0.000041
2.694100, 3.359531, 0.064881
2.694100, 9.515921, -0.091397
2.694100, 2.853216, -0.022188
2.694100, 2.722447, 0.007002
2.694100, 4.891428, 0.121398
2.694100, 4.905597, -0.121620
2.694100, 2.722818, -0.007050
2.694100, 2.852505, 0.022112
2.694100, 9.495913, 0.091795
2.694100, 3.362139, -0.065057
2.694100, 2.694334, 0.000024
2.694100, 3.368786, 0.065503
2.694100, 9.445220, -0.092794
2.694100, 2.850713, -0.021920
2.694100, 2.723686, 0.007163
2.694100, 4.938908, 0.122128
2.694100, 4.858822, -0.120872
2.694100, 2.721589, -0.006892
2.694100, 2.854731, 0.022350
2.694100, 9.558297, 0.090547
2.694100, 3.354030, -0.064510
2.694100, 2.694282, 0.000076
2.694100, 3.375202, 0.065931
2.694100, 9.396668, -0.093737
2.694100, 2.849007, -0.021740
2.694100, 2.724339, 0.007250
2.694100, 4.964454, 0.122503
2.694100, 4.834462, -0.120466
2.694100, 2.720934, -0.006812
2.694100, 2.855507, 0.022434
2.694100, 9.580076, 0.090106
2.694100, 3.351214, -0.064320
2.694100, 2.694196, 0.000086
2.694100, 3.375184, 0.065930
2.694100, 9.396764, -0.093735
2.694100, 2.848998, -0.021741
2.694100, 2.724027, 0.007214
2.694100, 4.953217, 0.122340
2.694100, 4.845103, -0.120645
2.694100, 2.721194, -0.006850
2.694100, 2.854377, 0.022316
2.694100, 9.549051, 0.090734
2.694100, 3.355217, -0.064592
2.694100, 2.694121, 0.000048
2.694100, 3.368720, 0.065500
2.694100, 9.445625, -0.092786
2.694100, 2.850698, -0.021925
2.694100, 2.722926, 0.007076
2.694100, 4.911615, 0.121714
2.694100, 4.885452, -0.121303
2.694100, 2.722240, -0.006988
2.694100, 2.851995, 0.022064
2.694100, 9.482427, 0.092063
2.694100, 3.363888, -0.065176
2.694100, 2.694102, -0.000016
2.694100, 3.359437, 0.064877
2.694100, 9.516538, -0.091385
2.694100, 2.853209, -0.022193
2.694100, 2.721670, 0.006913
2.694100, 4.863555, 0.120950
2.694100, 4.933999, -0.122054
2.694100, 2.723516, -0.007151
2.694100, 2.849712, 0.021819
2.694100, 9.417399, 0.093336
2.694100, 3.372447, -0.065748
2.694100, 2.694152, -0.000071
2.694100, 3.352511, 0.064408
2.694100, 9.569998, -0.090311
2.694100, 2.855136, -0.022396
2.694100, 2.720953, 0.006817
2.694100, 4.835568, 0.120485
2.694100, 4.963279, -0.122486
2.694100, 2.724299, -0.007247
2.694100, 2.848767, 0.021715
2.694100, 9.389951, 0.093866
2.694100, 3.376091, -0.065990
2.694100, 2.694238, -0.000087
2.694100, 3.351714, 0.064353
2.694100, 9.576214, -0.090185
2.694100, 2.855372, -0.022419
2.694100, 2.721143, 0.006837
2.694100, 4.842090, 0.120595
2.694100, 4.956393, -0.122386
2.694100, 2.724136, -0.007222
2.694100, 2.849646, 0.021807
2.694100, 9.414865, 0.093385
2.694100, 3.372792, -0.065770
2.694100, 2.694314, -0.000055
2.694100, 3.357464, 0.064742
2.694100, 9.531815, -0.091080
2.694100, 2.853783, -0.022248
2.694100, 2.722139, 0.006963
2.694100, 4.879711, 0.121211
2.694100, 4.917453, -0.121803
2.694100, 2.723128, -0.007090
2.694100, 2.851888, 0.022046
2.694100, 9.478522, 0.092139
2.694100, 3.364414, -0.065210
2.694100, 2.694338, 0.000008
2.694100, 3.366634, 0.065358
2.694100, 9.461588, -0.092473
2.694100, 2.851290, -0.021982
2.694100, 2.723417, 0.007128
2.694100, 4.928584, 0.121973
2.694100, 4.868823, -0.121036
2.694100, 2.721853, -0.006926
2.694100, 2.854290, 0.022302
2.694100, 9.545973, 0.090795
2.694100, 3.355627, -0.064618
2.694100, 2.694299, 0.000066
2.694100, 3.374163, 0.065862
2.694100, 9.404507, -0.093585
2.694100, 2.849282, -0.021769
2.694100, 2.724265, 0.007239
2.694100, 4.961441, 0.122460
2.694100, 4.837307, -0.120514
2.694100, 2.721014, -0.006821
2.694100, 2.855496, 0.022433
2.694100, 9.579697, 0.090114
2.694100, 3.351264, -0.064323
2.694100, 2.694217, 0.000088
2.694100, 3.375843, 0.065974
2.694100, 9.391806, -0.093831
2.694100, 2.848829, -0.021722
2.694100, 2.724190, 0.007234
2.694100, 4.959293, 0.122429
2.694100, 4.839335, -0.120549
2.694100, 2.721047, -0.006830
2.694100, 2.854804, 0.022361
2.694100, 9.560850, 0.090496
2.694100, 3.353692, -0.064488
2.694100, 2.694135, 0.000061
2.694100, 3.370713, 0.065633
2.694100, 9.430512, -0.093081
2.694100, 2.850169, -0.021868
2.694100, 2.723233, 0.007115
2.694100, 4.923270, 0.121892
2.694100, 4.873996, -0.121120
2.694100, 2.721942, -0.006949
2.694100, 2.852613, 0.022129
2.694100, 9.499838, 0.091718
2.694100, 3.361613, -0.065023
2.694100, 2.694100, 0.000000
2.694100, 3.361643, 0.065025
2.694100, 9.499608, -0.091722
2.694100, 2.852605, -0.022129
2.694100, 2.721945, 0.006949
2.694100, 4.874143, 0.121122
2.694100, 4.923119, -0.121890
2.694100, 2.723229, -0.007114
2.694100, 2.850176, 0.021869
2.694100, 9.430702, 0.093077
2.694100, 3.370688, -0.065631
2.694100, 2.694135, -0.000061
2.694100, 3.353710, 0.064489
2.694100, 9.560709, -0.090499
2.694100, 2.854799, -0.022361
2.694100, 2.721049, 0.006830
2.694100, 4.839399, 0.120550
2.694100, 4.959225, -0.122428
2.694100, 2.724188, -0.007234
2.694100, 2.848830, 0.021723
2.694100, 9.391852, 0.093830
2.694100, 3.375837, -0.065974
2.694100, 2.694217, -0.000088
2.694100, 3.351261, 0.064323
2.694100, 9.579723, -0.090113
2.694100, 2.855497, -0.022433
2.694100, 2.721012, 0.006821
2.694100, 4.837256, 0.120514
2.694100, 4.961495, -0.122460
2.694100, 2.724266, -0.007240
2.694100, 2.849278, 0.021768
2.694100, 9.404384, 0.093588
2.694100, 3.374179, -0.065863
2.694100, 2.694299, -0.000066
2.694100, 3.355603, 0.064616
2.694100, 9.546151, -0.090792
2.694100, 2.854296, -0.022303
2.694100, 2.721849, 0.006925
2.694100, 4.868682, 0.121033
2.694100, 4.928729, -0.121975
2.694100, 2.723421, -0.007128
2.694100, 2.851282, 0.021981
2.694100, 9.461364, 0.092477
2.694100, 3.366664, -0.065360
2.694100, 2.694338, -0.000008
2.694100, 3.364383, 0.065207
2.694100, 9.478754, -0.092135
2.694100, 2.851897, -0.022047
2.694100, 2.723124, 0.007089
2.694100, 4.917298, 0.121801
2.694100, 4.879863, -0.121214
2.694100, 2.722143, -0.006963
2.694100, 2.853776, 0.022247
2.694100, 9.531613, 0.091084
2.694100, 3.357490, -0.064744
2.694100, 2.694314, 0.000055
2.694100, 3.372771, 0.065769
2.694100, 9.415021, -0.093382
2.694100, 2.849651, -0.021808
2.694100, 2.724134, 0.007222
2.694100, 4.956312, 0.122385
2.694100, 4.842167, -0.120596
2.694100, 2.721145, -0.006837
2.694100, 2.855370, 0.022419
2.694100, 9.576147, 0.090186
2.694100, 3.351723, -0.064354
2.694100, 2.694239, 0.000087
2.694100, 3.376092, 0.065990
2.694100, 9.389947, -0.093867
2.694100, 2.848767, -0.021715
2.694100, 2.724300, 0.007247
2.694100, 4.963319, 0.122487
2.694100, 4.835531, -0.120485
2.694100, 2.720952, -0.006816
2.694100, 2.855140, 0.022397
2.694100, 9.570103, 0.090309
2.694100, 3.352497, -0.064407
2.694100, 2.694152, 0.000071
2.694100, 3.372468, 0.065750
2.694100, 9.417237, -0.093339
2.694100, 2.849707, -0.021818
2.694100, 2.723520, 0.007151
2.694100, 4.934137, 0.122057
2.694100, 4.863421, -0.120948
2.694100, 2.721667, -0.006913
2.694100, 2.853217, 0.022194
2.694100, 9.516758, 0.091381
2.694100, 3.359408, -0.064875
2.694100, 2.694102, 0.000016
2.694100, 3.363919, 0.065178
2.694100, 9.482195, -0.092067
2.694100, 2.851987, -0.022063
2.694100, 2.722244, 0.006988
2.694100, 4.885609, 0.121306
2.694100, 4.911456, -0.121711
2.694100, 2.722922, -0.007075
2.694100, 2.850705, 0.021926
2.694100, 9.445837, 0.092782
2.694100, 3.368692, -0.065498
2.694100, 2.694120, -0.000048
2.694100, 3.355240, 0.064593
2.694100, 9.548879, -0.090737
2.694100, 2.854371, -0.022316
2.694100, 2.721196, 0.006850
2.694100, 4.845192, 0.120647
2.694100, 4.953124, -0.122338
2.694100, 2.724024, -0.007214
2.694100, 2.849001, 0.021741
2.694100, 9.396850, 0.093734
2.694100, 3.375172, -0.065930
2.694100, 2.694195, -0.000086
2.694100, 3.351216, 0.064320
2.694100, 9.580059, -0.090107
2.694100, 2.855506, -0.022434
2.694100, 2.720934, 0.006812
2.694100, 4.834438, 0.120466
2.694100, 4.964479, -0.122504
2.694100, 2.724340, -0.007250
2.694100, 2.849004, 0.021739
2.694100, 9.396583, 0.093739
2.694100, 3.375213, -0.065932
2.694100, 2.694282, -0.000076
2.694100, 3.354011, 0.064509
2.694100, 9.558445, -0.090544
2.694100, 2.854736, -0.022350
2.694100, 2.721585, 0.006892
2.694100, 4.858697, 0.120870
2.694100, 4.939037, -0.122130
2.694100, 2.723689, -0.007163
2.694100, 2.850705, 0.021920
2.694100, 9.445010, 0.092798
2.694100, 3.368814, -0.065504
2.694100, 2.694334, -0.000024
2.694100, 3.362109, 0.065055
2.694100, 9.496144, -0.091791
2.694100, 2.852513, -0.022112
2.694100, 2.722814, 0.007049
2.694100, 4.905437, 0.121618
2.694100, 4.891587, -0.121400
2.694100, 2.722451, -0.007003
2.694100, 2.853209, 0.022187
2.694100, 9.515701, 0.091402
2.694100, 3.359559, -0.064883
2.694100, 2.694326, 0.000041
2.694100, 3.371074, 0.065655
2.694100, 9.427868, -0.093132
2.694100, 2.850102, -0.021856
2.694100, 2.723953, 0.007198
2.694100, 4.949248, 0.122281
2.694100, 4.848896, -0.120708
2.694100, 2.721325, -0.006859
2.694100, 2.855134, 0.022393
2.694100, 9.569544, 0.090320
2.694100, 3.352576, -0.064412
2.694100, 2.694260, 0.000083
2.694100, 3.375921, 0.065979
2.694100, 9.391242, -0.093842
2.694100, 2.848815, -0.021720
2.694100, 2.724352, 0.007253
2.694100, 4.965155, 0.122514
2.694100, 4.833800, -0.120455
2.694100, 2.720912, -0.006810
2.694100, 2.855374, 0.022421
2.694100, 9.576501, 0.090179
2.694100, 3.351673, -0.064351
2.694100, 2.694171, 0.000080
2.694100, 3.373926, 0.065847
2.694100, 9.406238, -0.093552
2.694100, 2.849325, -0.021777
2.694100, 2.723777, 0.007183
2.694100, 4.943836, 0.122201
2.694100, 4.854070, -0.120794
2.694100, 2.721425, -0.006881
2.694100, 2.853785, 0.022254
2.694100, 9.532617, 0.091064
2.694100, 3.357347, -0.064736
2.694100, 2.694108, 0.000032
2.694100, 3.366187, 0.065330
2.694100, 9.464888, -0.092408
2.694100, 2.851375, -0.021997
2.694100, 2.722557, 0.007028
2.694100, 4.897575, 0.121495
2.694100, 4.899415, -0.121524
2.694100, 2.722606, -0.007035
2.694100, 2.851284, 0.021988
2.694100, 9.462299, 0.092459
2.694100, 3.366527, -0.065353
2.694100, 2.694109, -0.000034
2.694100, 3.357051, 0.064716
2.694100, 9.534904, -0.091018
2.694100, 2.853867, -0.022263
2.694100, 2.721391, 0.006876
2.694100, 4.852773, 0.120773
2.694100, 4.945188, -0.122221
2.694100, 2.723813, -0.007188
2.694100, 2.849275, 0.021771
2.694100, 9.404787, 0.093580
2.694100, 3.374118, -0.065860
2.694100, 2.694174, -0.000081
2.694100, 3.351582, 0.064345
2.694100, 9.577209, -0.090165
2.694100, 2.855400, -0.022424
2.694100, 2.720910, 0.006810
2.694100, 4.833723, 0.120454
2.694100, 4.965238, -0.122515
2.694100, 2.724355, -0.007253
2.694100, 2.848832, 0.021721
2.694100, 9.391715, 0.093832
2.694100, 3.375858, -0.065975
2.694100, 2.694263, -0.000083
2.694100, 3.352739, 0.064423
2.694100, 9.568284, -0.090345
2.694100, 2.855089, -0.022388
2.694100, 2.721356, 0.006863
2.694100, 4.850072, 0.120728
2.694100, 4.948018, -0.122263
2.694100, 2.723921, -0.007193
2.694100, 2.850177, 0.021863
2.694100, 9.430002, 0.093091
2.694100, 3.370792, -0.065637
2.694100, 2.694327, -0.000039
2.694100, 3.359888, 0.064905
2.694100, 9.513176, -0.091452
2.694100, 2.853119, -0.022177
2.694100, 2.722499, 0.007009
2.694100, 4.893407, 0.121429
2.694100, 4.903606, -0.121589
2.694100, 2.722766, -0.007043
2.694100, 2.852606, 0.022122
2.694100, 9.498774, 0.091739
2.694100, 3.361766, -0.065032
2.694100, 2.694333, 0.000026
2.694100, 3.369128, 0.065525
2.694100, 9.442625, -0.092844
2.694100, 2.850621, -0.021911
2.694100, 2.723727, 0.007168
2.694100, 4.940498, 0.122151
2.694100, 4.857289, -0.120847
2.694100, 2.721548, -0.006887
2.694100, 2.854796, 0.022357
2.694100, 9.560111, 0.090511
2.694100, 3.353796, -0.064494
2.694100, 2.694279, 0.000077
2.694100, 3.375337, 0.065940
2.694100, 9.395647, -0.093757
2.694100, 2.848971, -0.021736
2.694100, 2.724346, 0.007251
2.694100, 4.964740, 0.122508
2.694100, 4.834193, -0.120462
2.694100, 2.720927, -0.006811
2.694100, 2.855497, 0.022434
2.694100, 9.579830, 0.090111
2.694100, 3.351245, -0.064322
2.694100, 2.694192, 0.000085
2.694100, 3.375036, 0.065921
2.694100, 9.397874, -0.093714
2.694100, 2.849036, -0.021745
2.694100, 2.723995, 0.007210
2.694100, 4.952028, 0.122322
2.694100, 4.846236, -0.120664
2.694100, 2.721223, -0.006854
2.694100, 2.854299, 0.022308
2.694100, 9.546879, 0.090777
2.694100, 3.355499, -0.064611
2.694100, 2.694118, 0.000046
2.694100, 3.368372, 0.065476
2.694100, 9.448270, -0.092734
2.694100, 2.850791, -0.021935
2.694100, 2.722874, 0.007069
2.694100, 4.909637, 0.121683
2.694100, 4.887408, -0.121335
2.694100, 2.722291, -0.006994
2.694100, 2.851893, 0.022053
2.694100, 9.479539, 0.092120
2.694100, 3.364267, -0.065202
2.694100, 2.694103, -0.000019
2.694100, 3.359084, 0.064853
2.694100, 9.519255, -0.091331
2.694100, 2.853306, -0.022203
2.694100, 2.721628, 0.006908
2.694100, 4.861911, 0.120923
2.694100, 4.935698, -0.122080
2.694100, 2.723561, -0.007156
2.694100, 2.849643, 0.021811
2.694100, 9.415405, 0.093375
2.694100, 3.372711, -0.065766
2.694100, 2.694155, -0.000073
2.694100, 3.352347, 0.064397
2.694100, 9.571268, -0.090285
2.694100, 2.855182, -0.022401
2.694100, 2.720943, 0.006815
2.694100, 4.835131, 0.120478
2.694100, 4.963742, -0.122493
2.694100, 2.724312, -0.007249
2.694100, 2.848767, 0.021715
2.694100, 9.389940, 0.093867
2.694100, 3.376093, -0.065990
2.694100, 2.694242, -0.000087
2.694100, 3.351828, 0.064361
2.694100, 9.575334, -0.090202
2.694100, 2.855341, -0.022416
2.694100, 2.721169, 0.006840
2.694100, 4.843075, 0.120611
2.694100, 4.955356, -0.122371
2.694100, 2.724110, -0.007219
2.694100, 2.849715, 0.021814
2.694100, 9.416836, 0.093347
2.694100, 3.372531, -0.065753
2.694100, 2.694316, -0.000053
2.694100, 3.357793, 0.064764
2.694100, 9.529278, -0.091130
2.694100, 2.853693, -0.022239
2.694100, 2.722190, 0.006969
2.694100, 4.881613, 0.121242
2.694100, 4.915519, -0.121773
2.694100, 2.723077, -0.007083
2.694100, 2.851990, 0.022057
2.694100, 9.481401, 0.092083
2.694100, 3.364037, -0.065184
2.694100, 2.694338, 0.000011
2.694100, 3.366999, 0.065383
2.694100, 9.458808, -0.092527
2.694100, 2.851191, -0.021971
2.694100, 2.723464, 0.007134
2.694100, 4.930370, 0.122000
2.694100, 4.867086, -0.121007
2.694100, 2.721807, -0.006920
2.694100, 2.854368, 0.022311
2.694100, 9.548166, 0.090751
2.694100, 3.355342, -0.064599
2.694100, 2.694297, 0.000068
2.694100, 3.374360, 0.065875
2.694100, 9.403016, -0.093614
2.694100, 2.849230, -0.021763
2.694100, 2.724281, 0.007242
2.694100, 4.962090, 0.122469
2.694100, 4.836694, -0.120504
2.694100, 2.720997, -0.006819
2.694100, 2.855505, 0.022434
2.694100, 9.579981, 0.090108
2.694100, 3.351227, -0.064320
2.694100, 2.694214, 0.000088
2.694100, 3.375762, 0.065969
2.694100, 9.392416, -0.093819
2.694100, 2.848849, -0.021725
2.694100, 2.724166, 0.007231
2.694100, 4.958424, 0.122416
2.694100, 4.840158, -0.120563
2.694100, 2.721068, -0.006833
2.694100, 2.854739, 0.022355
2.694100, 9.559063, 0.090532
2.694100, 3.353923, -0.064504
2.694100, 2.694132, 0.000059
2.694100, 3.370398, 0.065612
2.694100, 9.432900, -0.093035
2.694100, 2.850253, -0.021877
2.694100, 2.723183, 0.007108
2.694100, 4.921384, 0.121864
2.694100, 4.875841, -0.121149
2.694100, 2.721990, -0.006955
2.694100, 2.852511, 0.022119
2.694100, 9.496973, 0.091775
2.694100, 3.361987, -0.065048
2.694100, 2.694100, -0.000003
2.694100, 3.361271, 0.065000
2.694100, 9.502460, -0.091666
2.694100, 2.852707, -0.022139
2.694100, 2.721898, 0.006943
2.694100, 4.872320, 0.121093
2.694100, 4.924985, -0.121918
2.694100, 2.723278, -0.007121
2.694100, 2.850094, 0.021860
2.694100, 9.428361, 0.093123
2.694100, 3.370997, -0.065652
2.694100, 2.694137, -0.000063
2.694100, 3.353487, 0.064474
2.694100, 9.562432, -0.090464
2.694100, 2.854861, -0.022367
2.694100, 2.721030, 0.006827
2.694100, 4.838626, 0.120537
2.694100, 4.960042, -0.122440
2.694100, 2.724210, -0.007237
2.694100, 2.848812, 0.021721
2.694100, 9.391321, 0.093840
2.694100, 3.375908, -0.065978
2.694100, 2.694220, -0.000088
2.694100, 3.351308, 0.064326
2.694100, 9.579360, -0.090121
2.694100, 2.855484, -0.022431
2.694100, 2.721030, 0.006823
2.694100, 4.837920, 0.120525
2.694100, 4.960793, -0.122450
2.694100, 2.724248, -0.007237
2.694100, 2.849332, 0.021774
2.694100, 9.405943, 0.093558
2.694100, 3.373973, -0.065849
2.694100, 2.694302, -0.000065
2.694100, 3.355894, 0.064636
2.694100, 9.543907, -0.090837
2.694100, 2.854216, -0.022295
2.694100, 2.721895, 0.006931
2.694100, 4.870445, 0.121062
2.694100, 4.926919, -0.121947
2.694100, 2.723374, -0.007122
2.694100, 2.851380, 0.021992
2.694100, 9.464164, 0.092422
2.694100, 3.366296, -0.065336
2.694100, 2.694339, -0.000005
2.694100, 3.364760, 0.065233
2.694100, 9.475881, -0.092192
2.694100, 2.851795, -0.022036
2.694100, 2.723174, 0.007096
2.694100, 4.919217, 0.121830
2.694100, 4.877978, -0.121183
2.694100, 2.722094, -0.006957
2.694100, 2.853865, 0.022257
2.694100, 9.534111, 0.091034
2.694100, 3.357165, -0.064722
2.694100, 2.694312, 0.000057
2.694100, 3.373024, 0.065786
2.694100, 9.413109, -0.093419
2.694100, 2.849584, -0.021801
2.694100, 2.724160, 0.007225
2.694100, 4.957300, 0.122399
2.694100, 4.841229, -0.120580
2.694100, 2.721120, -0.006834
2.694100, 2.855398, 0.022422
2.694100, 9.576950, 0.090170
2.694100, 3.351619, -0.064347
2.694100, 2.694235, 0.000087
2.694100, 3.376080, 0.065990
2.694100, 9.390037, -0.093865
2.694100, 2.848770, -0.021716
2.694100, 2.724285, 0.007246
2.694100, 4.962801, 0.122480
2.694100, 4.836019, -0.120493
2.694100, 2.720964, -0.006818
2.694100, 2.855091, 0.022392
2.694100, 9.568761, 0.090336
2.694100, 3.352670, -0.064419
2.694100, 2.694149, 0.000070
2.694100, 3.372197, 0.065732
2.694100, 9.419288, -0.093299
2.694100, 2.849778, -0.021826
2.694100, 2.723474, 0.007145
2.694100, 4.932409, 0.122031
2.694100, 4.865096, -0.120975
2.694100, 2.721710, -0.006918
2.694100, 2.853119, 0.022183
2.694100, 9.514015, 0.091436
2.694100, 3.359765, -0.064899
2.694100, 2.694101, 0.000013
2.694100, 3.363541, 0.065153
2.694100, 9.485086, -0.092010
2.694100, 2.852090, -0.022074
2.694100, 2.722194, 0.006981
2.694100, 4.883666, 0.121275
2.694100, 4.913424, -0.121742
2.694100, 2.722974, -0.007082
2.694100, 2.850614, 0.021916
2.694100, 9.443225, 0.092833
2.694100, 3.369036, -0.065521
2.694100, 2.694123, -0.000050
2.694100, 3.354965, 0.064575
2.694100, 9.550997, -0.090695
2.694100, 2.854447, -0.022324
2.694100, 2.721169, 0.006846
2.694100, 4.844104, 0.120629
2.694100, 4.954267, -0.122355
2.694100, 2.724055, -0.007218
2.694100, 2.848966, 0.021738
2.694100, 9.395814, 0.093754
2.694100, 3.375310, -0.065939
2.694100, 2.694199, -0.000086
2.694100, 3.351195, 0.064318
2.694100, 9.580224, -0.090103
2.694100, 2.855512, -0.022435
2.694100, 2.720943, 0.006813
2.694100, 4.834761, 0.120471
2.694100, 4.964137, -0.122499
2.694100, 2.724331, -0.007249
2.694100, 2.849042, 0.021743
2.694100, 9.397677, 0.093717
2.694100, 3.375068, -0.065922
2.694100, 2.694285, -0.000074
2.694100, 3.354254, 0.064525
2.694100, 9.556570, -0.090582
2.694100, 2.854669, -0.022343
2.694100, 2.721627, 0.006897
2.694100, 4.860264, 0.120896
2.694100, 4.937413, -0.122105
2.694100, 2.723647, -0.007157
2.694100, 2.850798, 0.021930
2.694100, 9.447638, 0.092746
2.694100, 3.368468, -0.065481
2.694100, 2.694335, -0.000021
2.694100, 3.362484, 0.065080
2.694100, 9.493274, -0.091848
2.694100, 2.852411, -0.022102
2.694100, 2.722866, 0.007056
2.694100, 4.907423, 0.121648
2.694100, 4.889615, -0.121369
2.694100, 2.722400, -0.006996
2.694100, 2.853305, 0.022197
2.694100, 9.518420, 0.091348
2.694100, 3.359205, -0.064859
2.694100, 2.694324, 0.000043
2.694100, 3.371373, 0.065675
2.694100, 9.425597, -0.093176
2.694100, 2.850023, -0.021847
2.694100, 2.723986, 0.007202
2.694100, 4.950541, 0.122300
2.694100, 4.847661, -0.120688
2.694100, 2.721292, -0.006855
2.694100, 2.855180, 0.022398
2.694100, 9.570839, 0.090294
2.694100, 3.352409, -0.064400
2.694100, 2.694256, 0.000084
2.694100, 3.375978, 0.065983
2.694100, 9.390811, -0.093850
2.694100, 2.848799, -0.021718
2.694100, 2.724348, 0.007253
2.694100, 4.965006, 0.122511
2.694100, 4.833941, -0.120458
2.694100, 2.720915, -0.006811
2.694100, 2.855343, 0.022418
2.694100, 9.575649, 0.090196
2.694100, 3.351783, -0.064359
2.694100, 2.694168, 0.000078
2.694100, 3.373707, 0.065832
2.694100, 9.407885, -0.093520
2.694100, 2.849382, -0.021783
2.694100, 2.723737, 0.007178
2.694100, 4.942326, 0.122179
2.694100, 4.855521, -0.120818
2.694100, 2.721462, -0.006886
2.694100, 2.853694, 0.022244
2.694100, 9.530088, 0.091115
2.694100, 3.357676, -0.064758
2.694100, 2.694107, 0.000029
2.694100, 3.365816, 0.065305
2.694100, 9.467721, -0.092353
2.694100, 2.851476, -0.022008
2.694100, 2.722505, 0.007022
2.694100, 4.895576, 0.121464
2.694100, 4.901417, -0.121555
2.694100, 2.722658, -0.007041
2.694100, 2.851186, 0.021977
2.694100, 9.459505, 0.092514
2.694100, 3.366894, -0.065378
2.694100, 2.694111, -0.000036
2.694100, 3.356734, 0.064694
2.694100, 9.537346, -0.090969
2.694100, 2.853955, -0.022272
2.694100, 2.721356, 0.006872
2.694100, 4.851404, 0.120750
2.694100, 4.946618, -0.122243
2.694100, 2.723851, -0.007193
2.694100, 2.849223, 0.021766
2.694100, 9.403279, 0.093609
2.694100, 3.374318, -0.065873
2.694100, 2.694178, -0.000082
2.694100, 3.351493, 0.064339
2.694100, 9.577898, -0.090151
2.694100, 2.855425, -0.022426
2.694100, 2.720910, 0.006809
2.694100, 4.833694, 0.120453
2.694100, 4.965268, -0.122515
2.694100, 2.724357, -0.007253
2.694100, 2.848853, 0.021724
2.694100, 9.392310, 0.093821
2.694100, 3.375779, -0.065969
2.694100, 2.694266, -0.000082
2.694100, 3.352926, 0.064435
2.694100, 9.566839, -0.090375
2.694100, 2.855037, -0.022383
2.694100, 2.721391, 0.006868
2.694100, 4.851394, 0.120750
2.694100, 4.946636, -0.122243
2.694100, 2.723886, -0.007189
2.694100, 2.850260, 0.021872
2.694100, 9.432372, 0.093045
2.694100, 3.370479, -0.065616
2.694100, 2.694328, -0.000037
2.694100, 3.360249, 0.064930
2.694100, 9.510405, -0.091507
2.694100, 2.853020, -0.022167
2.694100, 2.722551, 0.007015
2.694100, 4.895393, 0.121460
2.694100, 4.901613, -0.121558
2.694100, 2.722714, -0.007036
2.694100, 2.852708, 0.022133
2.694100, 9.501623, 0.091682
2.694100, 3.361394, -0.065007
2.694100, 2.694332, 0.000029
2.694100, 3.369464, 0.065548
2.694100, 9.440070, -0.092894
2.694100, 2.850531, -0.021901
2.694100, 2.723767, 0.007173
2.694100, 4.942051, 0.122175
2.694100, 4.855795, -0.120822
2.694100, 2.721508, -0.006882
2.694100, 2.854858, 0.022364
2.694100, 9.561856, 0.090475
2.694100, 3.353570, -0.064479
2.694100, 2.694276, 0.000078
2.694100, 3.375462, 0.065948
2.694100, 9.394708, -0.093775
2.694100, 2.848938, -0.021732
2.694100, 2.724351, 0.007252
2.694100, 4.964964, 0.122511
2.694100, 4.833981, -0.120458
2.694100, 2.720920, -0.006810
2.694100, 2.855485, 0.022432
2.694100, 9.579496, 0.090118
2.694100, 3.351288, -0.064325
2.694100, 2.694188, 0.000084
2.694100, 3.374878, 0.065910
2.694100, 9.399064, -0.093691
2.694100, 2.849077, -0.021750
2.694100, 2.723962, 0.007206
2.694100, 4.950789, 0.122304
2.694100, 4.847417, -0.120684
2.694100, 2.721254, -0.006858
2.694100, 2.854218, 0.022300
2.694100, 9.544649, 0.090822
2.694100, 3.355787, -0.064630
2.694100, 2.694116, 0.000044
2.694100, 3.368019, 0.065453
2.694100, 9.450950, -0.092682
2.694100, 2.850885, -0.021945
2.694100, 2.722822, 0.007062
2.694100, 4.907651, 0.121652
2.694100, 4.889376, -0.121366
2.694100, 2.722343, -0.007001
2.694100, 2.851791, 0.022042
2.694100, 9.476655, 0.092177
2.694100, 3.364644, -0.065227
2.694100, 2.694103, -0.000021
2.694100, 3.358734, 0.064829
2.694100, 9.521939, -0.091278
2.694100, 2.853402, -0.022213
2.694100, 2.721586, 0.006902
2.694100, 4.860302, 0.120897
2.694100, 4.937363, -0.122105
2.694100, 2.723605, -0.007162
2.694100, 2.849576, 0.021804
2.694100, 9.413476, 0.093412
2.694100, 3.372966, -0.065783
2.694100, 2.694158, -0.000074
2.694100, 3.352194, 0.064387
2.694100, 9.572458, -0.090261
2.694100, 2.855226, -0.022406
2.694100, 2.720933, 0.006814
2.694100, 4.834752, 0.120471
2.694100, 4.964144, -0.122499
2.694100, 2.724323, -0.007250
2.694100, 2.848770, 0.021715
2.694100, 9.390017, 0.093865
2.694100, 3.376083, -0.065990
2.694100, 2.694246, -0.000086
2.694100, 3.351952, 0.064369
2.694100, 9.574370, -0.090222
2.694100, 2.855306, -0.022412
2.694100, 2.721197, 0.006843
2.694100, 4.844112, 0.120629
2.694100, 4.954266, -0.122355
2.694100, 2.724082, -0.007215
2.694100, 2.849786, 0.021822
2.694100, 9.418870, 0.093307
2.694100, 3.372262, -0.065735
2.694100, 2.694318, -0.000050
2.694100, 3.358128, 0.064787
2.694100, 9.526700, -0.091182
2.694100, 2.853601, -0.022229
2.694100, 2.722240, 0.006975
2.694100, 4.883533, 0.121272
2.694100, 4.913572, -0.121743
2.694100, 2.723026, -0.007077
2.694100, 2.852092, 0.022068
2.694100, 9.484283, 0.092026
2.694100, 3.363660, -0.065159
2.694100, 2.694337, 0.000013
2.694100, 3.367361, 0.065407
2.694100, 9.456053, -0.092582
2.694100, 2.851094, -0.021961
2.694100, 2.723510, 0.007140
2.694100, 4.932128, 0.122026
2.694100, 4.865380, -0.120980
2.694100, 2.721762, -0.006914
2.694100, 2.854444, 0.022319
2.694100, 9.550301, 0.090708
2.694100, 3.355066, -0.064580
2.694100, 2.694294, 0.000070
2.694100, 3.374548, 0.065887
2.694100, 9.401601, -0.093642
2.694100, 2.849180, -0.021758
2.694100, 2.724295, 0.007244
2.694100, 4.962680, 0.122478
2.694100, 4.836137, -0.120495
2.694100, 2.720981, -0.006817
2.694100, 2.855512, 0.022435
2.694100, 9.580177, 0.090104
2.694100, 3.351202, -0.064319
2.694100, 2.694210, 0.000087
2.694100, 3.375670, 0.065963
2.694100, 9.393110, -0.093806
2.694100, 2.848873, -0.021727
2.694100, 2.724141, 0.007228
2.694100, 4.957499, 0.122402
2.694100, 4.841035, -0.120577
2.694100, 2.721090, -0.006836
2.694100, 2.854672, 0.022348
2.694100, 9.557208, 0.090569
2.694100, 3.354162, -0.064520
2.694100, 2.694130, 0.000057
2.694100, 3.370076, 0.065590
2.694100, 9.435336, -0.092987
2.694100, 2.850338, -0.021886
2.694100, 2.723133, 0.007102
2.694100, 4.919479, 0.121834
2.694100, 4.877709, -0.121180
2.694100, 2.722038, -0.006961
2.694100, 2.852409, 0.022108
2.694100, 9.494098, 0.091832
2.694100, 3.362363, -0.065074
2.694100, 2.694100, -0.000005
2.694100, 3.360901, 0.064975
2.694100, 9.505296, -0.091609
2.694100, 2.852808, -0.022150
2.694100, 2.721851, 0.006937
2.694100, 4.870523, 0.121064
2.694100, 4.926827, -0.121946
2.694100, 2.723327, -0.007127
2.694100, 2.850014, 0.021851
2.694100, 9.426072, 0.093167
2.694100, 3.371300, -0.065672
2.694100, 2.694140, -0.000064
2.694100, 3.353274, 0.064460
2.694100, 9.564083, -0.090430
2.694100, 2.854921, -0.022374
2.694100, 2.721012, 0.006825
2.694100, 4.837907, 0.120525
2.694100, 4.960802, -0.122451
2.694100, 2.724231, -0.007239
2.694100, 2.848797, 0.021719
2.694100, 9.390875, 0.093849
2.694100, 3.375968, -0.065982
2.694100, 2.694224, -0.000088
2.694100, 3.351366, 0.064330
2.694100, 9.578909, -0.090130
2.694100, 2.855468, -0.022430
2.694100, 2.721050, 0.006825
2.694100, 4.838639, 0.120537
2.694100, 4.960033, -0.122439
2.694100, 2.724229, -0.007235
2.694100, 2.849390, 0.021780
2.694100, 9.407573, 0.093526
2.694100, 3.373757, -0.065834
2.694100, 2.694304, -0.000063
2.694100, 3.356192, 0.064656
2.694100, 9.541608, -0.090883
2.694100, 2.854133, -0.022286
2.694100, 2.721943, 0.006937
2.694100, 4.872235, 0.121091
2.694100, 4.925084, -0.121919
2.694100, 2.723326, -0.007116
2.694100, 2.851480, 0.022002
2.694100, 9.466984, 0.092367
2.694100, 3.365926, -0.065311
2.694100, 2.694339, -0.000003
2.694100, 3.365135, 0.065258
2.694100, 9.473016, -0.092248
2.694100, 2.851693, -0.022025
2.694100, 2.723223, 0.007102
2.694100, 4.921118, 0.121859
2.694100, 4.876114, -0.121153
2.694100, 2.722045, -0.006950
2.694100, 2.853953, 0.022266
2.694100, 9.536564, 0.090984
2.694100, 3.356847, -0.064700
2.694100, 2.694309, 0.000059
2.694100, 3.373268, 0.065802
2.694100, 9.411263, -0.093455
2.694100, 2.849519, -0.021794
2.694100, 2.724183, 0.007228
2.694100, 4.958235, 0.122413
2.694100, 4.840343, -0.120565
2.694100, 2.721096, -0.006831
2.694100, 2.855424, 0.022425
2.694100, 9.577668, 0.090155
2.694100, 3.351526, -0.064341
2.694100, 2.694232, 0.000088
2.694100, 3.376056, 0.065988
2.694100, 9.390214, -0.093861
2.694100, 2.848775, -0.021716
2.694100, 2.724269, 0.007244
2.694100, 4.962223, 0.122471
2.694100, 4.836565, -0.120502
2.694100, 2.720978, -0.006820
2.694100, 2.855040, 0.022386
2.694100, 9.567342, 0.090365
2.694100, 3.352854, -0.064431
2.694100, 2.694146, 0.000068
2.694100, 3.371917, 0.065713
2.694100, 9.421400, -0.093258
2.694100, 2.849852, -0.021834
2.694100, 2.723427, 0.007139
2.694100, 4.930650, 0.122004
2.694100, 4.866803, -0.121003
2.694100, 2.721755, -0.006924
2.694100, 2.853020, 0.022173
2.694100, 9.511246, 0.091491
2.694100, 3.360126, -0.064923
2.694100, 2.694101, 0.000011
2.694100, 3.363162, 0.065127
2.694100, 9.487978, -0.091953
2.694100, 2.852192, -0.022085
2.694100, 2.722144, 0.006975
2.694100, 4.881738, 0.121244
2.694100, 4.915380, -0.121772
2.694100, 2.723025, -0.007088
2.694100, 2.850524, 0.021906
2.694100, 9.440653, 0.092883
2.694100, 3.369375, -0.065544
2.694100, 2.694125, -0.000052
2.694100, 3.354699, 0.064556
2.694100, 9.553054, -0.090653
2.694100, 2.854521, -0.022332
2.694100, 2.721142, 0.006843
2.694100, 4.843066, 0.120611
2.694100, 4.955359, -0.122371
2.694100, 2.724084, -0.007221
2.694100, 2.848933, 0.021734
2.694100, 9.394860, 0.093772
2.694100, 3.375437, -0.065947
2.694100, 2.694202, -0.000087
2.694100, 3.351185, 0.064318
2.694100, 9.580302, -0.090102
2.694100, 2.855516, -0.022435
2.694100, 2.720954, 0.006814
2.694100, 4.835142, 0.120478
2.694100, 4.963734, -0.122493
2.694100, 2.724322, -0.007247
2.694100, 2.849083, 0.021748
2.694100, 9.398852, 0.093695
2.694100, 3.374912, -0.065912
2.694100, 2.694288, -0.000073
2.694100, 3.354505, 0.064542
2.694100, 9.554628, -0.090621
2.694100, 2.854599, -0.022336
2.694100, 2.721669, 0.006903
2.694100, 4.861867, 0.120922
2.694100, 4.935754, -0.122080
2.694100, 2.723604, -0.007152
2.694100, 2.850891, 0.021940
2.694100, 9.450302, 0.092694
2.694100, 3.368117, -0.065458
2.694100, 2.694336, -0.000019
2.694100, 3.362860, 0.065105
2.694100, 9.490396, -0.091905
2.694100, 2.852309, -0.022091
2.694100, 2.722918, 0.007063
2.694100, 4.909403, 0.121679
2.694100, 4.887653, -0.121338
2.694100, 2.722348, -0.006989
2.694100, 2.853401, 0.022207
2.694100, 9.521109, 0.091294
2.694100, 3.358855, -0.064836
2.694100, 2.694322, 0.000046
2.694100, 3.371666, 0.065695
2.694100, 9.423381, -0.093220
2.694100, 2.849945, -0.021839
2.694100, 2.724018, 0.007206
2.694100, 4.951787, 0.122319
2.694100, 4.846473, -0.120668
2.694100, 2.721260, -0.006851
2.694100, 2.855224, 0.022403
2.694100, 9.572056, 0.090269
2.694100, 3.352251, -0.064390
2.694100, 2.694253, 0.000085
2.694100, 3.376024, 0.065986
2.694100, 9.390465, -0.093857
2.694100, 2.848787, -0.021717
2.694100, 2.724341, 0.007252
2.694100, 4.964795, 0.122508
2.694100, 4.834139, -0.120461
2.694100, 2.720919, -0.006811
2.694100, 2.855308, 0.022414
2.694100, 9.574714, 0.090215
2.694100, 3.351903, -0.064367
2.694100, 2.694165, 0.000077
2.694100, 3.373479, 0.065817
2.694100, 9.409604, -0.093487
2.694100, 2.849442, -0.021789
2.694100, 2.723695, 0.007173
2.694100, 4.940776, 0.122156
2.694100, 4.857012, -0.120843
2.694100, 2.721501, -0.006891
2.694100, 2.853602, 0.022235
2.694100, 9.527517, 0.091166
2.694100, 3.358009, -0.064780
2.694100, 2.694106, 0.000027
2.694100, 3.365442, 0.065280
2.694100, 9.470570, -0.092297
2.694100, 2.851576, -0.022019
2.694100, 2.722453, 0.007015
2.694100, 4.893582, 0.121432
2.694100, 4.903418, -0.121586
2.694100, 2.722711, -0.007048
2.694100, 2.851088, 0.021967
2.694100, 9.456735, 0.092568
2.694100, 3.367258, -0.065402
2.694100, 2.694113, -0.000039
2.694100, 3.356423, 0.064673
2.694100, 9.539741, -0.090921
2.694100, 2.854041, -0.022281
2.694100, 2.721322, 0.006867
2.694100, 4.850078, 0.120728
2.694100, 4.948003, -0.122263
2.694100, 2.723887, -0.007197
2.694100, 2.849173, 0.021760
2.694100, 9.401847, 0.093637
2.694100, 3.374509, -0.065885
2.694100, 2.694181, -0.000083
2.694100, 3.351416, 0.064334
2.694100, 9.578502, -0.090138
2.694100, 2.855448, -0.022429
2.694100, 2.720912, 0.006809
2.694100, 4.833724, 0.120454
2.694100, 4.965236, -0.122515
2.694100, 2.724356, -0.007253
2.694100, 2.848877, 0.021726
2.694100, 9.392990, 0.093808
2.694100, 3.375689, -0.065963
2.694100, 2.694269, -0.000081
2.694100, 3.353122, 0.064449
2.694100, 9.565320, -0.090405
2.694100, 2.854982, -0.022377
2.694100, 2.721428, 0.006872
2.694100, 4.852760, 0.120772
2.694100, 4.945211, -0.122221
2.694100, 2.723849, -0.007184
2.694100, 2.850346, 0.021881
2.694100, 9.434791, 0.092997
2.694100, 3.370160, -0.065594
2.694100, 2.694330, -0.000034
2.694100, 3.360613, 0.064954
2.694100, 9.507611, -0.091563
2.694100, 2.852920, -0.022156
2.694100, 2.722603, 0.007022
2.694100, 4.897384, 0.121492
2.694100, 4.899618, -0.121527
2.694100, 2.722662, -0.007030
2.694100, 2.852808, 0.022144
2.694100, 9.504456, 0.091626
2.694100, 3.361024, -0.064982
2.694100, 2.694331, 0.000031
2.694100, 3.369796, 0.065570
2.694100, 9.437556, -0.092943
2.694100, 2.850443, -0.021892
2.694100, 2.723806, 0.007178
2.694100, 4.943564, 0.122197
2.694100, 4.854341, -0.120798
2.694100, 2.721470, -0.006877
2.694100, 2.854918, 0.022370
2.694100, 9.563530, 0.090441
2.694100, 3.353353, -0.064464
2.694100, 2.694273, 0.000079
2.694100, 3.375575, 0.065956
2.694100, 9.393851, -0.093791
2.694100, 2.848907, -0.021729
2.694100, 2.724355, 0.007253
2.694100, 4.965127, 0.122513
2.694100, 4.833827, -0.120456
2.694100, 2.720916, -0.006810
2.694100, 2.855469, 0.022431
2.694100, 9.579076, 0.090127
2.694100, 3.351342, -0.064329
2.694100, 2.694185, 0.000084
2.694100, 3.374710, 0.065899
2.694100, 9.400333, -0.093666
2.694100, 2.849121, -0.021755
2.694100, 2.723928, 0.007202
2.694100, 4.949501, 0.122285
2.694100, 4.848646, -0.120704
2.694100, 2.721285, -0.006862
2.694100, 2.854136, 0.022291
2.694100, 9.542364, 0.090868
2.694100, 3.356083, -0.064650
2.694100, 2.694115, 0.000041
2.694100, 3.367663, 0.065429
2.694100, 9.453661, -0.092629
2.694100, 2.850980, -0.021955
2.694100, 2.722770, 0.007056
2.694100, 4.905658, 0.121621
2.694100, 4.891355, -0.121397
2.694100, 2.722395, -0.007008
2.694100, 2.851689, 0.022031
2.694100, 9.473780, 0.092233
2.694100, 3.365021, -0.065252
2.694100, 2.694104, -0.000024
2.694100, 3.358390, 0.064806
2.694100, 9.524590, -0.091225
2.694100, 2.853497, -0.022223
2.694100, 2.721545, 0.006897
2.694100, 4.858730, 0.120871
2.694100, 4.938993, -0.122129
2.694100, 2.723648, -0.007167
2.694100, 2.849511, 0.021797
2.694100, 9.411612, 0.093448
2.694100, 3.373213, -0.065799
2.694100, 2.694161, -0.000076
2.694100, 3.352051, 0.064377
2.694100, 9.573567, -0.090238
2.694100, 2.855266, -0.022410
2.694100, 2.720926, 0.006812
2.694100, 4.834431, 0.120466
2.694100, 4.964485, -0.122504
2.694100, 2.724332, -0.007251
2.694100, 2.848776, 0.021716
2.694100, 9.390180, 0.093862
2.694100, 3.376062, -0.065988
2.694100, 2.694249, -0.000086
2.694100, 3.352087, 0.064379
2.694100, 9.573325, -0.090243
2.694100, 2.855269, -0.022408
2.694100, 2.721226, 0.006847
2.694100, 4.845198, 0.120647
2.694100, 4.953125, -0.122338
2.694100, 2.724053, -0.007211
2.694100, 2.849860, 0.021830
2.694100, 9.420964, 0.093267
2.694100, 3.371985, -0.065716
2.694100, 2.694320, -0.000048
2.694100, 3.358468, 0.064810
2.694100, 9.524083, -0.091234
2.694100, 2.853507, -0.022219
2.694100, 2.722291, 0.006982
2.694100, 4.885468, 0.121303
2.694100, 4.911612, -0.121713
2.694100, 2.722975, -0.007070
2.694100, 2.852194, 0.022078
2.694100, 9.487167, 0.091969
2.694100, 3.363282, -0.065134
2.694100, 2.694337, 0.000016
2.694100, 3.367720, 0.065431
2.694100, 9.453324, -0.092635
2.694100, 2.850998, -0.021951
2.694100, 2.723554, 0.007145
2.694100, 4.933855, 0.122052
2.694100, 4.863705, -0.120952
2.694100, 2.721718, -0.006909
2.694100, 2.854519, 0.022327
2.694100, 9.552376, 0.090667
2.694100, 3.354797, -0.064562
2.694100, 2.694291, 0.000071
2.694100, 3.374725, 0.065899
2.694100, 9.400261, -0.093668
2.694100, 2.849133, -0.021753
2.694100, 2.724309, 0.007246
2.694100, 4.963210, 0.122485
2.694100, 4.835636, -0.120486
2.694100, 2.720968, -0.006815
2.694100, 2.855515, 0.022435
2.694100, 9.580285, 0.090102
2.694100, 3.351187, -0.064318
2.694100, 2.694206, 0.000087
2.694100, 3.375566, 0.065956
2.694100, 9.393889, -0.093791
2.694100, 2.848899, -0.021730
2.694100, 2.724115, 0.007225
2.694100, 4.956520, 0.122388
2.694100, 4.841964, -0.120593
2.694100, 2.721114, -0.006839
2.694100, 2.854602, 0.022340
2.694100, 9.555286, 0.090608
2.694100, 3.354411, -0.064537
2.694100, 2.694127, 0.000055
2.694100, 3.369749, 0.065569
2.694100, 9.437818, -0.092939
2.694100, 2.850425, -0.021895
2.694100, 2.723082, 0.007096
2.694100, 4.917555, 0.121805
2.694100, 4.879598, -0.121210
2.694100, 2.722088, -0.006968
2.694100, 2.852307, 0.022097
2.694100, 9.491215, 0.091889
2.694100, 3.362739, -0.065099
2.694100, 2.694100, -0.000008
2.694100, 3.360534, 0.064951
2.694100, 9.508113, -0.091553
2.694100, 2.852908, -0.022161
2.694100, 2.721805, 0.006931
2.694100, 4.868752, 0.121035
2.694100, 4.928645, -0.121974
2.694100, 2.723374, -0.007133
2.694100, 2.849936, 0.021843
2.694100, 9.423837, 0.093211
2.694100, 3.371595, -0.065692
2.694100, 2.694143, -0.000066
2.694100, 3.353070, 0.064446
2.694100, 9.565662, -0.090399
2.694100, 2.854978, -0.022380
2.694100, 2.720995, 0.006822
2.694100, 4.837243, 0.120513
2.694100, 4.961505, -0.122461
2.694100, 2.724250, -0.007242
2.694100, 2.848785, 0.021717
2.694100, 9.390515, 0.093856
2.694100, 3.376016, -0.065985
2.694100, 2.694228, -0.000088
2.694100, 3.351435, 0.064334
2.694100, 9.578372, -0.090141
2.694100, 2.855449, -0.022427
2.694100, 2.721071, 0.006828
2.694100, 4.839412, 0.120550
2.694100, 4.959216, -0.122427
2.694100, 2.724208, -0.007232
2.694100, 2.849450, 0.021786
2.694100, 9.409274, 0.093493
2.694100, 3.373531, -0.065819
2.694100, 2.694307, -0.000061
2.694100, 3.356498, 0.064677
2.694100, 9.539257, -0.090930
2.694100, 2.854049, -0.022277
2.694100, 2.721991, 0.006944
2.694100, 4.874050, 0.121120
2.694100, 4.923226, -0.121891
2.694100, 2.723278, -0.007109
2.694100, 2.851580, 0.022013
2.694100, 9.469820, 0.092311
2.694100, 3.365554, -0.065286
2.694100, 2.694339, -0.000000
2.694100, 3.365509, 0.065283
2.694100, 9.470164, -0.092304
2.694100, 2.851593, -0.022014
2.694100, 2.723272, 0.007109
2.694100, 4.923000, 0.121888
2.694100, 4.874271, -0.121124
2.694100, 2.721996, -0.006944
2.694100, 2.854039, 0.022276
2.694100, 9.538970, 0.090936
2.694100, 3.356535, -0.064679
2.694100, 2.694307, 0.000061
2.694100, 3.373504, 0.065818
2.694100, 9.409484, -0.093489
2.694100, 2.849457, -0.021787
2.694100, 2.724206, 0.007231
2.694100, 4.959114, 0.122426
2.694100, 4.839509, -0.120551
2.694100, 2.721073, -0.006828
2.694100, 2.855446, 0.022427
2.694100, 9.578301, 0.090142
2.694100, 3.351444, -0.064335
2.694100, 2.694228, 0.000088
2.694100, 3.376021, 0.065986
2.694100, 9.390477, -0.093856
2.694100, 2.848784, -0.021717
2.694100, 2.724252, 0.007242
2.694100, 4.961586, 0.122462
2.694100, 4.837166, -0.120512
2.694100, 2.720993, -0.006822
2.694100, 2.854985, 0.022380
2.694100, 9.565847, 0.090395
2.694100, 3.353046, -0.064444
2.694100, 2.694143, 0.000066
2.694100, 3.371630, 0.065694
2.694100, 9.423571, -0.093216
2.694100, 2.849927, -0.021842
2.694100, 2.723380, 0.007134
2.694100, 4.928863, 0.121977
2.694100, 4.868541, -0.121031
2.694100, 2.721800, -0.006930
2.694100, 2.852920, 0.022162
2.694100, 9.508452, 0.091547
2.694100, 3.360490, -0.064948
2.694100, 2.694100, 0.000008
2.694100, 3.362785, 0.065102
2.694100, 9.490867, -0.091896
2.694100, 2.852294, -0.022096
2.694100, 2.722094, 0.006968
2.694100, 4.879828, 0.121214
2.694100, 4.917322, -0.121801
2.694100, 2.723076, -0.007095
2.694100, 2.850435, 0.021897
2.694100, 9.438121, 0.092933
2.694100, 3.369709, -0.065566
2.694100, 2.694127, -0.000055
2.694100, 3.354441, 0.064539
2.694100, 9.555049, -0.090613
2.694100, 2.854594, -0.022339
2.694100, 2.721117, 0.006839
2.694100, 4.842079, 0.120595
2.694100, 4.956398, -0.122386
2.694100, 2.724112, -0.007225
2.694100, 2.848903, 0.021731
2.694100, 9.393988, 0.093789
2.694100, 3.375553, -0.065955
2.694100, 2.694206, -0.000087
2.694100, 3.351186, 0.064318
2.694100, 9.580292, -0.090102
2.694100, 2.855516, -0.022435
2.694100, 2.720966, 0.006815
2.694100, 4.835579, 0.120485
2.694100, 4.963270, -0.122486
2.694100, 2.724310, -0.007246
2.694100, 2.849127, 0.021752
2.694100, 9.400105, 0.093671
2.694100, 3.374746, -0.065900
2.694100, 2.694291, -0.000071
2.694100, 3.354765, 0.064560
2.694100, 9.552622, -0.090662
2.694100, 2.854528, -0.022328
2.694100, 2.721712, 0.006908
2.694100, 4.863505, 0.120949
2.694100, 4.934062, -0.122055
2.694100, 2.723560, -0.007146
2.694100, 2.850986, 0.021950
2.694100, 9.452997, 0.092641
2.694100, 3.367763, -0.065434
2.694100, 2.694337, -0.000016
2.694100, 3.363237, 0.065131
2.694100, 9.487515, -0.091962
2.694100, 2.852207, -0.022080
2.694100, 2.722969, 0.007069
2.694100, 4.911374, 0.121710
2.694100, 4.885702, -0.121307
2.694100, 2.722297, -0.006983
2.694100, 2.853496, 0.022218
2.694100, 9.523765, 0.091241
2.694100, 3.358510, -0.064812
2.694100, 2.694320, 0.000048
2.694100, 3.371951, 0.065714
2.694100, 9.421221, -0.093262
2.694100, 2.849869, -0.021831
2.694100, 2.724049, 0.007210
2.694100, 4.952984, 0.122336
2.694100, 4.845332, -0.120649
2.694100, 2.721230, -0.006847
2.694100, 2.855264, 0.022407
2.694100, 9.573193, 0.090246
2.694100, 3.352104, -0.064380
2.694100, 2.694250, 0.000086
2.694100, 3.376058, 0.065988
2.694100, 9.390205, -0.093862
2.694100, 2.848777, -0.021716
2.694100, 2.724333, 0.007251
2.694100, 4.964522, 0.122504
2.694100, 4.834396, -0.120465
2.694100, 2.720925, -0.006812
2.694100, 2.855271, 0.022410
2.694100, 9.573696, 0.090236
2.694100, 3.352035, -0.064376
2.694100, 2.694161, 0.000076
2.694100, 3.373242, 0.065801
2.694100, 9.411392, -0.093452
2.694100, 2.849504, -0.021796
2.694100, 2.723653, 0.007168
2.694100, 4.939187, 0.122132
2.694100, 4.858542, -0.120868
2.694100, 2.721540, -0.006896
2.694100, 2.853509, 0.022225
2.694100, 9.524908, 0.091218
2.694100, 3.358349, -0.064803
2.694100, 2.694105, 0.000024
2.694100, 3.365066, 0.065255
2.694100, 9.473433, -0.092240
2.694100, 2.851677, -0.022030
2.694100, 2.722401, 0.007008
2.694100, 4.891594, 0.121401
2.694100, 4.905417, -0.121618
2.694100, 2.722763, -0.007055
2.694100, 2.850992, 0.021956
2.694100, 9.453991, 0.092622
2.694100, 3.367619, -0.065426
2.694100, 2.694115, -0.000041
2.694100, 3.356120, 0.064653
2.694100, 9.542085, -0.090874
2.694100, 2.854126, -0.022290
2.694100, 2.721289, 0.006863
2.694100, 4.848797, 0.120707
2.694100, 4.949343, -0.122283
2.694100, 2.723923, -0.007202
2.694100, 2.849126, 0.021755
2.694100, 9.400491, 0.093663
2.694100, 3.374689, -0.065897
2.694100, 2.694185, -0.000083
2.694100, 3.351349, 0.064329
2.694100, 9.579019, -0.090128
2.694100, 2.855467, -0.022431
2.694100, 2.720915, 0.006810
2.694100, 4.833813, 0.120455
2.694100, 4.965143, -0.122513
2.694100, 2.724355, -0.007253
2.694100, 2.848904, 0.021729
2.694100, 9.393754, 0.093793
2.694100, 3.375588, -0.065957
2.694100, 2.694273, -0.000080
2.694100, 3.353328, 0.064462
2.694100, 9.563727, -0.090437
2.694100, 2.854925, -0.022371
2.694100, 2.721465, 0.006877
2.694100, 4.854168, 0.120796
2.694100, 4.943744, -0.122200
2.694100, 2.723811, -0.007179
2.694100, 2.850432, 0.021891
2.694100, 9.437256, 0.092949
2.694100, 3.369835, -0.065573
2.694100, 2.694331, -0.000032
2.694100, 3.360980, 0.064979
2.694100, 9.504797, -0.091619
2.694100, 2.852820, -0.022145
2.694100, 2.722655, 0.007029
2.694100, 4.899378, 0.121523
2.694100, 4.897625, -0.121495
2.694100, 2.722610, -0.007023
2.694100, 2.852908, 0.022155
2.694100, 9.507273, 0.091570
2.694100, 3.360657, -0.064957
2.694100, 2.694330, 0.000034
2.694100, 3.370121, 0.065592
2.694100, 9.435086, -0.092992
2.694100, 2.850356, -0.021882
2.694100, 2.723844, 0.007183
2.694100, 4.945036, 0.122219
2.694100, 4.852928, -0.120775
2.694100, 2.721432, -0.006873
2.694100, 2.854976, 0.022376
2.694100, 9.565132, 0.090409
2.694100, 3.353146, -0.064450
2.694100, 2.694270, 0.000081
2.694100, 3.375678, 0.065963
2.694100, 9.393078, -0.093806
2.694100, 2.848880, -0.021726
2.694100, 2.724356, 0.007253
2.694100, 4.965228, 0.122515
2.694100, 4.833732, -0.120454
2.694100, 2.720912, -0.006810
2.694100, 2.855450, 0.022429
2.694100, 9.578569, 0.090137
2.694100, 3.351407, -0.064333
2.694100, 2.694182, 0.000083
2.694100, 3.374531, 0.065887
2.694100, 9.40167