init_r,r,ur
2.691100, 3.312642, 0.061683
2.691100, 9.884240, -0.083653
2.691100, 2.866580, -0.023674
2.691100, 2.706807, 0.005100
2.691100, 4.320538, 0.108901
2.691100, 5.681423, -0.128886
2.691100, 2.742539, -0.009659
2.691100, 2.803264, 0.016791
2.691100, 7.939357, 0.116715
2.691100, 3.604001, -0.079783
2.691100, 2.693020, -0.001839
2.691100, 3.090039, 0.044517
2.691100, 11.577588, -0.025089
2.691100, 2.973966, -0.034211
2.691100, 2.695050, 0.002932
2.691100, 3.795798, 0.089467
2.691100, 7.077784, -0.125437
2.691100, 2.779329, -0.014071
2.691100, 2.759594, 0.011747
2.691100, 6.336184, 0.129301
2.691100, 4.026359, -0.099147
2.691100, 2.699516, -0.003982
2.691100, 2.902796, 0.027358
2.691100, 10.686873, 0.063127
2.691100, 3.215517, -0.054587
2.691100, 2.691515, 0.000749
2.691100, 3.424315, 0.069153
2.691100, 9.037620, -0.100337
2.691100, 2.836499, -0.020479
2.691100, 2.719518, 0.006792
2.691100, 4.806116, 0.119985
2.691100, 4.994761, -0.122939
2.691100, 2.724506, -0.007422
2.691100, 2.828623, 0.019617
2.691100, 8.790848, 0.104505
2.691100, 3.460396, -0.071419
2.691100, 2.691838, -0.000967
2.691100, 3.190656, 0.052674
2.691100, 10.889661, -0.056739
2.691100, 2.914231, -0.028489
2.691100, 2.698436, 0.003771
2.691100, 3.976534, 0.097220
2.691100, 6.475512, -0.128883
2.691100, 2.763267, -0.012185
2.691100, 2.775308, 0.013603
2.691100, 6.928324, 0.126521
2.691100, 3.836164, -0.091307
2.691100, 2.695721, -0.003131
2.691100, 2.957713, 0.032684
2.691100, 11.448756, 0.033356
2.691100, 3.113452, -0.046476
2.691100, 2.692788, 0.001641
2.691100, 3.571792, 0.077994
2.691100, 8.113076, -0.114498
2.691100, 2.808267, -0.017352
2.691100, 2.739062, 0.009229
2.691100, 5.548106, 0.128239
2.691100, 4.396630, -0.111016
2.691100, 2.708774, -0.005374
2.691100, 2.860451, 0.023034
2.691100, 9.724564, 0.087114
2.691100, 3.332607, -0.063071
2.691100, 2.691112, -0.000142
2.691100, 3.293107, 0.060303
2.691100, 10.043186, -0.080036
2.691100, 2.872957, -0.024334
2.691100, 2.705013, 0.004844
2.691100, 4.250526, 0.106815
2.691100, 5.815416, -0.129327
2.691100, 2.746026, -0.010090
2.691100, 2.798177, 0.016218
2.691100, 7.760250, 0.118848
2.691100, 3.639145, -0.081679
2.691100, 2.693288, -0.002053
2.691100, 3.065159, 0.042392
2.691100, 11.680383, -0.015647
2.691100, 2.993285, -0.035998
2.691100, 2.694470, 0.002721
2.691100, 3.755361, 0.087557
2.691100, 7.237509, -0.124128
2.691100, 2.783668, -0.014571
2.691100, 2.756086, 0.011324
2.691100, 6.202239, 0.129549
2.691100, 4.077840, -0.101050
2.691100, 2.700707, -0.004190
2.691100, 2.893471, 0.026425
2.691100, 10.503591, 0.068386
2.691100, 3.237602, -0.056253
2.691100, 2.691295, 0.000563
2.691100, 3.394612, 0.067235
2.691100, 9.250982, -0.096496
2.691100, 2.843580, -0.021245
2.691100, 2.715641, 0.006293
2.691100, 4.659282, 0.117201
2.691100, 5.166705, -0.125084
2.691100, 2.729045, -0.007989
2.691100, 2.822069, 0.018893
2.691100, 8.578468, 0.107864
2.691100, 3.493170, -0.073418
2.691100, 2.692137, -0.001164
2.691100, 3.168384, 0.050927
2.691100, 11.065126, -0.050566
2.691100, 2.925425, -0.029585
2.691100, 2.697574, 0.003587
2.691100, 3.934672, 0.095533
2.691100, 6.600666, -0.128378
2.691100, 2.766578, -0.012577
2.691100, 2.771869, 0.013200
2.691100, 6.799668, 0.127338
2.691100, 3.873087, -0.092934
2.691100, 2.696385, -0.003306
2.691100, 2.944554, 0.031432
2.691100, 11.313713, 0.040252
2.691100, 3.134348, -0.048193
2.691100, 2.692561, 0.001462
2.691100, 3.542465, 0.076323
2.691100, 8.279613, -0.112239
2.691100, 2.813131, -0.017897
2.691100, 2.735546, 0.008795
2.691100, 5.413852, 0.127360
2.691100, 4.480721, -0.113177
2.691100, 2.710959, -0.005672
2.691100, 2.854315, 0.022389
2.691100, 9.558070, 0.090556
2.691100, 3.353875, -0.064524
2.691100, 2.691136, -0.000291
2.691100, 3.272745, 0.058839
2.691100, 10.211079, -0.076007
2.691100, 2.880043, -0.025063
2.691100, 2.703250, 0.004586
2.691100, 4.181066, 0.104606
2.691100, 5.960536, -0.129585
2.691100, 2.749796, -0.010555
2.691100, 2.792581, 0.015586
2.691100, 7.560658, 0.121035
2.691100, 3.680914, -0.083860
2.691100, 2.693645, -0.002302
2.691100, 3.036985, 0.039932
2.691100, 11.741420, -0.004102
2.691100, 3.018219, -0.038260
2.691100, 2.693942, 0.002475
2.691100, 3.710867, 0.085376
2.691100, 7.425854, -0.122395
2.691100, 2.788841, -0.015162
2.691100, 2.752343, 0.010868
2.691100, 6.058581, 0.129637
2.691100, 4.137455, -0.103145
2.691100, 2.702158, -0.004422
2.691100, 2.885100, 0.025578
2.691100, 10.325200, 0.073133
2.691100, 3.259009, -0.057837
2.691100, 2.691171, 0.000394
2.691100, 3.368878, 0.065534
2.691100, 9.443092, -0.092840
2.691100, 2.850213, -0.021954
2.691100, 2.712584, 0.005891
2.691100, 4.542993, 0.114665
2.691100, 5.322255, -0.126620
2.691100, 2.733140, -0.008497
2.691100, 2.816399, 0.018262
2.691100, 8.390025, 0.110670
2.691100, 3.523783, -0.075236
2.691100, 2.692403, -0.001349
2.691100, 3.147302, 0.049243
2.691100, 11.222618, -0.044308
2.691100, 2.936960, -0.030702
2.691100, 2.696816, 0.003413
2.691100, 3.896082, 0.093921
2.691100, 6.723173, -0.127771
2.691100, 2.769831, -0.012961
2.691100, 2.768569, 0.012812
2.691100, 6.675705, 0.128019
2.691100, 3.910769, -0.094541
2.691100, 2.697099, -0.003480
2.691100, 2.932398, 0.030262
2.691100, 11.163117, 0.046770
2.691100, 3.155428, -0.049895
2.691100, 2.692301, 0.001277
2.691100, 3.512002, 0.074542
2.691100, 8.461426, -0.109626
2.691100, 2.818533, -0.018500
2.691100, 2.731583, 0.008304
2.691100, 5.263051, 0.126078
2.691100, 4.585597, -0.115630
2.691100, 2.713702, -0.006039
2.691100, 2.847642, 0.021680
2.691100, 9.369533, 0.094263
2.691100, 3.378628, -0.066183
2.691100, 2.691208, -0.000460
2.691100, 3.250576, 0.057217
2.691100, 10.395454, -0.071303
2.691100, 2.888323, -0.025905
2.691100, 2.701548, 0.004327
2.691100, 4.112680, 0.102288
2.691100, 6.116872, -0.129625
2.691100, 2.753859, -0.011053
2.691100, 2.786685, 0.014916
2.691100, 7.347622, 0.123139
2.691100, 3.728955, -0.086273
2.691100, 2.694143, -0.002577
2.691100, 3.007628, 0.037305
2.691100, 11.724633, 0.008916
2.691100, 3.048463, -0.040941
2.691100, 2.693490, 0.002199
2.691100, 3.663547, 0.082963
2.691100, 7.641959, -0.120169
2.691100, 2.794852, -0.015843
2.691100, 2.748270, 0.010366
2.691100, 5.901751, 0.129507
2.691100, 4.208461, -0.105495
2.691100, 2.703942, -0.004689
2.691100, 2.877141, 0.024765
2.691100, 10.143424, 0.077658
2.691100, 3.280923, -0.059430
2.691100, 2.691124, 0.000231
2.691100, 3.345260, 0.063939
2.691100, 9.625037, -0.089191
2.691100, 2.856754, -0.022646
2.691100, 2.710062, 0.005550
2.691100, 4.446258, 0.112313
2.691100, 5.467326, -0.127738
2.691100, 2.736948, -0.008968
2.691100, 2.811214, 0.017683
2.691100, 8.214280, 0.113141
2.691100, 3.553799, -0.076974
2.691100, 2.692652, -0.001530
2.691100, 3.126368, 0.047541
2.691100, 11.367191, -0.037671
2.691100, 2.949441, -0.031898
2.691100, 2.696127, 0.003239
2.691100, 3.858982, 0.092319
2.691100, 6.847948, -0.127044
2.691100, 2.773158, -0.013352
2.691100, 2.765331, 0.012430
2.691100, 6.553583, 0.128582
2.691100, 3.950118, -0.096163
2.691100, 2.697888, -0.003655
2.691100, 2.921151, 0.029168
2.691100, 11.000788, 0.052913
2.691100, 3.176665, -0.051580
2.691100, 2.692027, 0.001091
2.691100, 3.481033, 0.072684
2.691100, 8.655820, -0.106665
2.691100, 2.824435, -0.019155
2.691100, 2.727378, 0.007781
2.691100, 5.103495, 0.124352
2.691100, 4.710823, -0.118230
2.691100, 2.717000, -0.006469
2.691100, 2.840964, 0.020963
2.691100, 9.173132, 0.097924
2.691100, 3.405303, -0.067931
2.691100, 2.691366, -0.000631
2.691100, 3.229394, 0.055637
2.691100, 10.571895, -0.066476
2.691100, 2.896851, -0.026764
2.691100, 2.700232, 0.004110
2.691100, 4.057649, 0.100314
2.691100, 6.253623, -0.129472
2.691100, 2.757429, -0.011487
2.691100, 2.781942, 0.014373
2.691100, 7.174185, 0.124665
2.691100, 3.771078, -0.088307
2.691100, 2.694684, -0.002804
2.691100, 2.985389, 0.035271
2.691100, 11.644641, 0.019454
2.691100, 3.074974, -0.043235
2.691100, 2.693178, 0.001968
2.691100, 3.625129, 0.080930
2.691100, 7.830414, -0.118031
2.691100, 2.800162, -0.016442
2.691100, 2.744672, 0.009923
2.691100, 5.763356, 0.129180
2.691100, 4.277013, -0.107621
2.691100, 2.705690, -0.004941
2.691100, 2.870457, 0.024076
2.691100, 9.981747, 0.081455
2.691100, 3.300623, -0.060837
2.691100, 2.691105, 0.000087
2.691100, 3.324850, 0.062535
2.691100, 9.786240, -0.085797
2.691100, 2.862788, -0.023279
2.691100, 2.707997, 0.005266
2.691100, 4.366627, 0.110200
2.691100, 5.599241, -0.128513
2.691100, 2.740397, -0.009394
2.691100, 2.806362, 0.017139
2.691100, 8.047216, 0.115355
2.691100, 3.583799, -0.078667
2.691100, 2.692875, -0.001715
2.691100, 3.104712, 0.045749
2.691100, 11.499969, -0.030338
2.691100, 2.963581, -0.033238
2.691100, 2.695458, 0.003056
2.691100, 3.820854, 0.090617
2.691100, 6.983888, -0.126134
2.691100, 2.776799, -0.013777
2.691100, 2.761864, 0.012018
2.691100, 6.422385, 0.129061
2.691100, 3.995112, -0.097949
2.691100, 2.698831, -0.003851
2.691100, 2.909695, 0.028042
2.691100, 10.812096, 0.059264
2.691100, 3.200245, -0.053417
2.691100, 2.691708, 0.000882
2.691100, 3.446294, 0.070541
2.691100, 8.885671, -0.102938
2.691100, 2.831614, -0.019946
2.691100, 2.722540, 0.007175
2.691100, 4.920366, 0.121853
2.691100, 4.876686, -0.121168
2.691100, 2.721385, -0.007029
2.691100, 2.833433, 0.020145
2.691100, 8.942694, 0.101975
2.691100, 3.437960, -0.070018
2.691100, 2.691633, -0.000832
2.691100, 3.205971, 0.053857
2.691100, 10.765361, -0.060735
2.691100, 2.907063, -0.027781
2.691100, 2.699078, 0.003899
2.691100, 4.006527, 0.098391
2.691100, 6.390445, -0.129157
2.691100, 2.761022, -0.011918
2.691100, 2.777717, 0.013884
2.691100, 7.018003, 0.125887
2.691100, 3.811635, -0.090197
2.691100, 2.695304, -0.003011
2.691100, 2.967276, 0.033585
2.691100, 11.529460, 0.028457
2.691100, 3.099379, -0.045303
2.691100, 2.692927, 0.001760
2.691100, 3.591115, 0.079073
2.691100, 8.007731, -0.115859
2.691100, 2.805225, -0.017011
2.691100, 2.741186, 0.009492
2.691100, 5.629487, 0.128660
2.691100, 4.349368, -0.109721
2.691100, 2.707550, -0.005204
2.691100, 2.864174, 0.023423
2.691100, 9.822376, 0.085014
2.691100, 3.320332, -0.062221
2.691100, 2.691102, -0.000055
2.691100, 3.305031, 0.061148
2.691100, 9.945874, -0.082272
2.691100, 2.869018, -0.023927
2.691100, 2.706093, 0.004999
2.691100, 4.292773, 0.108091
2.691100, 5.733182, -0.129081
2.691100, 2.743887, -0.009826
2.691100, 2.801306, 0.016571
2.691100, 7.870697, 0.117551
2.691100, 3.617229, -0.080503
2.691100, 2.693118, -0.001920
2.691100, 3.080568, 0.043713
2.691100, 11.621376, -0.021576
2.691100, 2.981053, -0.034870
2.691100, 2.694814, 0.002852
2.691100, 3.780151, 0.088736
2.691100, 7.138356, -0.124959
2.691100, 2.780970, -0.014261
2.691100, 2.758215, 0.011582
2.691100, 6.283623, 0.129417
2.691100, 4.046119, -0.099888
2.691100, 2.699965, -0.004063
2.691100, 2.898933, 0.026973
2.691100, 10.612925, 0.065301
2.691100, 3.224454, -0.055265
2.691100, 2.691415, 0.000673
2.691100, 3.411942, 0.068360
2.691100, 9.125384, -0.098785
2.691100, 2.839379, -0.020792
2.691100, 2.717866, 0.006580
2.691100, 4.743610, 0.118855
2.691100, 5.064942, -0.123874
2.691100, 2.726361, -0.007654
2.691100, 2.825900, 0.019317
2.691100, 8.703330, 0.105914
2.691100, 3.473694, -0.072237
2.691100, 2.691960, -0.001047
2.691100, 3.181646, 0.051971
2.691100, 10.961543, -0.054294
2.691100, 2.918645, -0.028922
2.691100, 2.698080, 0.003696
2.691100, 3.959460, 0.096539
2.691100, 6.525626, -0.128695
2.691100, 2.764592, -0.012342
2.691100, 2.773925, 0.013441
2.691100, 6.876639, 0.126862
2.691100, 3.850743, -0.091956
2.691100, 2.695979, -0.003200
2.691100, 2.952372, 0.032177
2.691100, 11.397357, 0.036134
2.691100, 3.121710, -0.047158
2.691100, 2.692703, 0.001570
2.691100, 3.560333, 0.077346
2.691100, 8.177175, -0.113644
2.691100, 2.810131, -0.017561
2.691100, 2.737732, 0.009065
2.691100, 5.497254, 0.127934
2.691100, 4.427540, -0.111831
2.691100, 2.709576, -0.005484
2.691100, 2.858124, 0.022790
2.691100, 9.662188, 0.088423
2.691100, 3.340517, -0.063615
2.691100, 2.691119, -0.000198
2.691100, 3.285475, 0.059757
2.691100, 10.105895, -0.078557
2.691100, 2.875559, -0.024602
2.691100, 2.704338, 0.004746
2.691100, 4.224027, 0.105989
2.691100, 5.869264, -0.129449
2.691100, 2.747426, -0.010262
2.691100, 2.796106, 0.015985
2.691100, 7.686695, 0.119678
2.691100, 3.654200, -0.082474
2.691100, 2.693411, -0.002144
2.691100, 3.054788, 0.041493
2.691100, 11.710485, -0.011504
2.691100, 3.002053, -0.036799
2.691100, 2.694262, 0.002632
2.691100, 3.738927, 0.086761
2.691100, 7.305482, -0.123526
2.691100, 2.785528, -0.014784
2.691100, 2.754697, 0.011156
2.691100, 6.149006, 0.129604
2.691100, 4.099370, -0.101820
2.691100, 2.701224, -0.004275
2.691100, 2.890196, 0.026095
2.691100, 10.435364, 0.070241
2.691100, 3.245788, -0.056862
2.691100, 2.691236, 0.000497
2.691100, 3.384386, 0.066563
2.691100, 9.326527, -0.095082
2.691100, 2.846157, -0.021521
2.691100, 2.714385, 0.006129
2.691100, 4.611619, 0.116199
2.691100, 5.228182, -0.125735
2.691100, 2.730664, -0.008191
2.691100, 2.819803, 0.018642
2.691100, 8.503660, 0.108998
2.691100, 3.505139, -0.074134
2.691100, 2.692242, -0.001236
2.691100, 3.160158, 0.050273
2.691100, 11.127760, -0.048174
2.691100, 2.929811, -0.030011
2.691100, 2.697270, 0.003519
2.691100, 3.919435, 0.094903
2.691100, 6.648187, -0.128155
2.691100, 2.767838, -0.012726
2.691100, 2.770573, 0.013048
2.691100, 6.751067, 0.127618
2.691100, 3.887603, -0.093559
2.691100, 2.696655, -0.003373
2.691100, 2.939700, 0.030966
2.691100, 11.256612, 0.042839
2.691100, 3.142549, -0.048859
2.691100, 2.692462, 0.001390
2.691100, 3.530661, 0.075638
2.691100, 8.348975, -0.111260
2.691100, 2.815179, -0.018126
2.691100, 2.734036, 0.008608
2.691100, 5.356371, 0.126910
2.691100, 4.519301, -0.114110
2.691100, 2.711965, -0.005808
2.691100, 2.851725, 0.022114
2.691100, 9.485805, 0.092000
2.691100, 3.363272, -0.065158
2.691100, 2.691155, -0.000356
2.691100, 3.264044, 0.058206
2.691100, 10.283316, -0.074202
2.691100, 2.883219, -0.025387
2.691100, 2.702545, 0.004481
2.691100, 4.153013, 0.103673
2.691100, 6.022953, -0.129629
2.691100, 2.751417, -0.010754
2.691100, 2.790187, 0.015315
2.691100, 7.474525, 0.121916
2.691100, 3.699880, -0.084825
2.691100, 2.693828, -0.002412
2.691100, 3.024935, 0.038862
2.691100, 11.745595, 0.001118
2.691100, 3.030049, -0.039317
2.691100, 2.693747, 0.002365
2.691100, 3.691724, 0.084412
2.691100, 7.511232, -0.121545
2.691100, 2.791206, -0.015430
2.691100, 2.750724, 0.010669
2.691100, 5.996288, 0.129615
2.691100, 4.164871, -0.104070
2.691100, 2.702842, -0.004526
2.691100, 2.881847, 0.025247
2.691100, 10.252331, 0.074982
2.691100, 3.267773, -0.058478
2.691100, 2.691146, 0.000328
2.691100, 3.359206, 0.064884
2.691100, 9.516973, -0.091381
2.691100, 2.852837, -0.022232
2.691100, 2.711525, 0.005749
2.691100, 4.502450, 0.113707
2.691100, 5.381176, -0.127110
2.691100, 2.734688, -0.008689
2.691100, 2.814295, 0.018027
2.691100, 8.319102, 0.111684
2.691100, 3.535716, -0.075932
2.691100, 2.692505, -0.001421
2.691100, 3.139047, 0.048575
2.691100, 11.281250, -0.041742
2.691100, 2.941753, -0.031163
2.691100, 2.696539, 0.003345
2.691100, 3.881392, 0.093293
2.691100, 6.771729, -0.127501
2.691100, 2.771124, -0.013113
2.691100, 2.767301, 0.012663
2.691100, 6.627941, 0.128252
2.691100, 3.925884, -0.095171
2.691100, 2.697398, -0.003548
2.691100, 2.927931, 0.029829
2.691100, 11.101336, 0.049197
2.691100, 3.163650, -0.050551
2.691100, 2.692197, 0.001205
2.691100, 3.500066, 0.073832
2.691100, 8.535193, -0.108523
2.691100, 2.820756, -0.018747
2.691100, 2.729981, 0.008106
2.691100, 5.202227, 0.125467
2.691100, 4.631457, -0.116622
2.691100, 2.714907, -0.006197
2.691100, 2.845064, 0.021404
2.691100, 9.294615, 0.095683
2.691100, 3.388688, -0.066847
2.691100, 2.691260, -0.000525
2.691100, 3.242299, 0.056603
2.691100, 10.464453, -0.069456
2.691100, 2.891580, -0.026234
2.691100, 2.700998, 0.004238
2.691100, 4.090010, 0.101487
2.691100, 6.171954, -0.129584
2.691100, 2.755295, -0.011228
2.691100, 2.784717, 0.014691
2.691100, 7.275890, 0.123791
2.691100, 3.746027, -0.087107
2.691100, 2.694350, -0.002671
2.691100, 2.998200, 0.036448
2.691100, 11.698466, 0.013313
2.691100, 3.059279, -0.041883
2.691100, 2.693357, 0.002104
2.691100, 3.647644, 0.082129
2.691100, 7.718498, -0.119322
2.691100, 2.797001, -0.016086
2.691100, 2.746823, 0.010188
2.691100, 5.846060, 0.129400
2.691100, 4.235336, -0.106344
2.691100, 2.704626, -0.004788
2.691100, 2.874435, 0.024487
2.691100, 10.078968, 0.079196
2.691100, 3.288748, -0.059991
2.691100, 2.691116, 0.000174
2.691100, 3.337120, 0.063382
2.691100, 9.688910, -0.087865
2.691100, 2.859116, -0.022894
2.691100, 2.709230, 0.005437
2.691100, 4.414226, 0.111483
2.691100, 5.518936, -0.128068
2.691100, 2.738299, -0.009135
2.691100, 2.809339, 0.017473
2.691100, 8.150015, 0.114008
2.691100, 3.565161, -0.077620
2.691100, 2.692739, -0.001600
2.691100, 3.118243, 0.046872
2.691100, 11.419270, -0.034977
2.691100, 2.954591, -0.032388
2.691100, 2.695870, 0.003171
2.691100, 3.844616, 0.091684
2.691100, 6.898217, -0.126722
2.691100, 2.774502, -0.013509
2.691100, 2.764037, 0.012277
2.691100, 6.504652, 0.128776
2.691100, 3.966554, -0.096823
2.691100, 2.698227, -0.003727
2.691100, 2.916784, 0.028740
2.691100, 10.931672, 0.055323
2.691100, 3.185407, -0.052265
2.691100, 2.691909, 0.001014
2.691100, 3.468144, 0.071896
2.691100, 8.739631, -0.105334
2.691100, 2.827025, -0.019441
2.691100, 2.725588, 0.007558
2.691100, 5.035684, 0.123495
2.691100, 4.769212, -0.119327
2.691100, 2.718543, -0.006667
2.691100, 2.838178, 0.020662
2.691100, 9.088955, 0.099434
2.691100, 3.417051, -0.068688
2.691100, 2.691455, -0.000704
2.691100, 3.220725, 0.054983
2.691100, 10.643827, -0.064402
2.691100, 2.900530, -0.027132
2.691100, 2.699773, 0.004029
2.691100, 4.037713, 0.099575
2.691100, 6.305805, -0.129371
2.691100, 2.758797, -0.011652
2.691100, 2.780267, 0.014180
2.691100, 7.112451, 0.125166
2.691100, 3.786795, -0.089048
2.691100, 2.694913, -0.002886
2.691100, 2.977984, 0.034585
2.691100, 11.603303, 0.023090
2.691100, 3.084618, -0.044058
2.691100, 2.693076, 0.001886
2.691100, 3.611550, 0.080195
2.691100, 7.899990, -0.117197
2.691100, 2.802141, -0.016665
2.691100, 2.743313, 0.009755
2.691100, 5.711145, 0.129002
2.691100, 4.304480, -0.108435
2.691100, 2.706394, -0.005042
2.691100, 2.867975, 0.023819
2.691100, 9.919634, 0.082863
2.691100, 3.308266, -0.061376
2.691100, 2.691101, 0.000032
2.691100, 3.317045, 0.061991
2.691100, 9.848765, -0.084436
2.691100, 2.865196, -0.023530
2.691100, 2.707230, 0.005159
2.691100, 4.336952, 0.109371
2.691100, 5.651633, -0.128760
2.691100, 2.741763, -0.009563
2.691100, 2.804390, 0.016917
2.691100, 7.978649, 0.116226
2.691100, 3.596562, -0.079374
2.691100, 2.692966, -0.001794
2.691100, 3.095421, 0.044970
2.691100, 11.550428, -0.027041
2.691100, 2.970077, -0.033848
2.691100, 2.695194, 0.002977
2.691100, 3.804871, 0.089886
2.691100, 7.043350, -0.125699
2.691100, 2.778400, -0.013963
2.691100, 2.760409, 0.011845
2.691100, 6.367156, 0.129222
2.691100, 4.014971, -0.098714
2.691100, 2.699263, -0.003934
2.691100, 2.905198, 0.027597
2.691100, 10.731474, 0.061779
2.691100, 3.210102, -0.054174
2.691100, 2.691581, 0.000796
2.691100, 3.432010, 0.069642
2.691100, 8.983846, -0.101270
2.691100, 2.834756, -0.020289
2.691100, 2.720566, 0.006925
2.691100, 4.845743, 0.120661
2.691100, 4.952385, -0.122333
2.691100, 2.723386, -0.007281
2.691100, 2.830311, 0.019803
2.691100, 8.844548, 0.103622
2.691100, 3.452372, -0.070921
2.691100, 2.691764, -0.000919
2.691100, 3.196103, 0.053097
2.691100, 10.845727, -0.058182
2.691100, 2.911635, -0.028233
2.691100, 2.698658, 0.003816
2.691100, 3.987018, 0.097633
2.691100, 6.445356, -0.128987
2.691100, 2.762470, -0.012091
2.691100, 2.776150, 0.013702
2.691100, 6.959721, 0.126305
2.691100, 3.827468, -0.090916
2.691100, 2.695570, -0.003089
2.691100, 2.961009, 0.032996
2.691100, 11.478190, 0.031656
2.691100, 3.108501, -0.046065
2.691100, 2.692838, 0.001683
2.691100, 3.578601, 0.078376
2.691100, 8.075560, -0.114989
2.691100, 2.807180, -0.017231
2.691100, 2.739826, 0.009324
2.691100, 5.577358, 0.128400
2.691100, 4.379338, -0.110549
2.691100, 2.708326, -0.005312
2.691100, 2.861788, 0.023174
2.691100, 9.759962, 0.086361
2.691100, 3.328147, -0.062763
2.691100, 2.691108, -0.000110
2.691100, 3.297423, 0.060610
2.691100, 10.007865, -0.080855
2.691100, 2.871514, -0.024185
2.691100, 2.705400, 0.004900
2.691100, 4.265686, 0.107279
2.691100, 5.785408, -0.129246
2.691100, 2.745246, -0.009993
2.691100, 2.799324, 0.016347
2.691100, 7.800810, 0.118379
2.691100, 3.631003, -0.081245
2.691100, 2.693224, -0.002004
2.691100, 3.070844, 0.042881
2.691100, 11.660495, -0.017865
2.691100, 2.988666, -0.035573
2.691100, 2.694592, 0.002769
2.691100, 3.764439, 0.087992
2.691100, 7.200736, -0.124443
2.691100, 2.782665, -0.014456
2.691100, 2.756859, 0.011418
2.691100, 6.231846, 0.129508
2.691100, 4.066137, -0.100625
2.691100, 2.700431, -0.004144
2.691100, 2.895391, 0.026618
2.691100, 10.542653, 0.067300
2.691100, 3.232910, -0.055901
2.691100, 2.691334, 0.000602
2.691100, 3.400671, 0.067630
2.691100, 9.206714, -0.097312
2.691100, 2.842088, -0.021084
2.691100, 2.716406, 0.006392
2.691100, 4.688298, 0.117787
2.691100, 5.130718, -0.124675
2.691100, 2.728096, -0.007871
2.691100, 2.823411, 0.019042
2.691100, 8.622442, 0.107185
2.691100, 3.486241, -0.073000
2.691100, 2.692075, -0.001122
2.691100, 3.173120, 0.051301
2.691100, 11.028479, -0.051916
2.691100, 2.922964, -0.029345
2.691100, 2.697753, 0.003626
2.691100, 3.943495, 0.095894
2.691100, 6.573639, -0.128497
2.691100, 2.765862, -0.012493
2.691100, 2.772609, 0.013287
2.691100, 6.827384, 0.127171
2.691100, 3.864952, -0.092580
2.691100, 2.696236, -0.003268
2.691100, 2.947354, 0.031699
2.691100, 11.344832, 0.038771
2.691100, 3.129744, -0.047817
2.691100, 2.692614, 0.001501
2.691100, 3.549026, 0.076700
2.691100, 8.241644, -0.112765
2.691100, 2.812015, -0.017772
2.691100, 2.736364, 0.008896
2.691100, 5.445040, 0.127585
2.691100, 4.460459, -0.112673
2.691100, 2.710431, -0.005601
2.691100, 2.855736, 0.022538
2.691100, 9.597202, 0.089762
2.691100, 3.348830, -0.064182
2.691100, 2.691129, -0.000256
2.691100, 3.277517, 0.059184
2.691100, 10.171568, -0.076976
2.691100, 2.878340, -0.024888
2.691100, 2.703651, 0.004646
2.691100, 4.196953, 0.105124
2.691100, 5.926191, -0.129544
2.691100, 2.748904, -0.010445
2.691100, 2.793907, 0.015736
2.691100, 7.608190, 0.120533
2.691100, 3.670699, -0.083334
2.691100, 2.693553, -0.002242
2.691100, 3.043689, 0.040523
2.691100, 11.733052, -0.006933
2.691100, 3.011956, -0.037697
2.691100, 2.694058, 0.002535
2.691100, 3.721439, 0.085902
2.691100, 7.379848, -0.122837
2.691100, 2.787571, -0.015017
2.691100, 2.753230, 0.010976
2.691100, 6.092674, 0.129634
2.691100, 4.122865, -0.102643
2.691100, 2.701797, -0.004366
2.691100, 2.886960, 0.025767
2.691100, 10.365985, 0.072076
2.691100, 3.254112, -0.057477
2.691100, 2.691191, 0.000432
2.691100, 3.374481, 0.065907
2.691100, 9.400707, -0.093663
2.691100, 2.848727, -0.021796
2.691100, 2.713220, 0.005975
2.691100, 4.567252, 0.115219
2.691100, 5.288215, -0.126315
2.691100, 2.732244, -0.008387
2.691100, 2.817622, 0.018399
2.691100, 8.431039, 0.110074
2.691100, 3.516988, -0.074837
2.691100, 2.692345, -0.001308
2.691100, 3.151990, 0.049620
2.691100, 11.188492, -0.045736
2.691100, 2.934310, -0.030447
2.691100, 2.696978, 0.003451
2.691100, 3.904524, 0.094278
2.691100, 6.695760, -0.127916
2.691100, 2.769101, -0.012875
2.691100, 2.769294, 0.012898
2.691100, 6.703014, 0.127878
2.691100, 3.902280, -0.094184
2.691100, 2.696935, -0.003441
2.691100, 2.935007, 0.030514
2.691100, 11.197587, 0.045360
2.691100, 3.150748, -0.049520
2.691100, 2.692360, 0.001318
2.691100, 3.518788, 0.074943
2.691100, 8.420126, -0.110233
2.691100, 2.817296, -0.018362
2.691100, 2.732482, 0.008416
2.691100, 5.297265, 0.126398
2.691100, 4.560741, -0.115072
2.691100, 2.713049, -0.005953
2.691100, 2.849120, 0.021838
2.691100, 9.411951, 0.093446
2.691100, 3.372991, -0.065808
2.691100, 2.691185, -0.000422
2.691100, 3.255401, 0.057572
2.691100, 10.355245, -0.072356
2.691100, 2.886467, -0.025717
2.691100, 2.701891, 0.004380
2.691100, 4.126651, 0.102774
2.691100, 6.083761, -0.129636
2.691100, 2.752998, -0.010948
2.691100, 2.787901, 0.015055
2.691100, 7.391812, 0.122723
2.691100, 3.718672, -0.085765
2.691100, 2.694027, -0.002519
2.691100, 3.013576, 0.037843
2.691100, 11.735643, 0.006197
2.691100, 3.041933, -0.040368
2.691100, 2.693576, 0.002258
2.691100, 3.673356, 0.083471
2.691100, 7.595752, -0.120666
2.691100, 2.793560, -0.015697
2.691100, 2.749138, 0.010474
2.691100, 5.935182, 0.129556
2.691100, 4.192763, -0.104988
2.691100, 2.703545, -0.004630
2.691100, 2.878784, 0.024934
2.691100, 10.181911, 0.076724
2.691100, 3.276267, -0.059094
2.691100, 2.691130, 0.000265
2.691100, 3.350147, 0.064271
2.691100, 9.586970, -0.089970
2.691100, 2.855363, -0.022499
2.691100, 2.710568, 0.005619
2.691100, 4.465722, 0.112805
2.691100, 5.436871, -0.127528
2.691100, 2.736150, -0.008869
2.691100, 2.812308, 0.017805
2.691100, 8.251622, 0.112628
2.691100, 3.547295, -0.076601
2.691100, 2.692600, -0.001491
2.691100, 3.130963, 0.047917
2.691100, 11.336663, -0.039165
2.691100, 2.946607, -0.031628
2.691100, 2.696275, 0.003278
2.691100, 3.867106, 0.092674
2.691100, 6.820011, -0.127216
2.691100, 2.772412, -0.013264
2.691100, 2.766053, 0.012515
2.691100, 6.580829, 0.128466
2.691100, 3.941136, -0.095797
2.691100, 2.697705, -0.003616
2.691100, 2.923617, 0.029409
2.691100, 11.038305, 0.051557
2.691100, 3.171855, -0.051201
2.691100, 2.692091, 0.001133
2.691100, 3.488095, 0.073112
2.691100, 8.610630, -0.107369
2.691100, 2.823050, -0.019002
2.691100, 2.728351, 0.007903
2.691100, 5.140373, 0.124787
2.691100, 4.680429, -0.117630
2.691100, 2.716198, -0.006365
2.691100, 2.842488, 0.021127
2.691100, 9.218602, 0.097094
2.691100, 3.399039, -0.067524
2.691100, 2.691323, -0.000592
2.691100, 3.234164, 0.055995
2.691100, 10.532222, -0.067592
2.691100, 2.894875, -0.026566
2.691100, 2.700503, 0.004156
2.691100, 4.069221, 0.100738
2.691100, 6.223998, -0.129519
2.691100, 2.756654, -0.011393
2.691100, 2.782929, 0.014486
2.691100, 7.210411, 0.124361
2.691100, 3.762038, -0.087877
2.691100, 2.694559, -0.002757
2.691100, 2.989872, 0.035685
2.691100, 11.665964, 0.017283
2.691100, 3.069344, -0.042753
2.691100, 2.693241, 0.002017
2.691100, 3.633144, 0.081359
2.691100, 7.790087, -0.118504
2.691100, 2.799020, -0.016313
2.691100, 2.745453, 0.010019
2.691100, 5.793365, 0.129269
2.691100, 4.261638, -0.107156
2.691100, 2.705297, -0.004885
2.691100, 2.871896, 0.024225
2.691100, 10.017257, 0.080638
2.691100, 3.296274, -0.060528
2.691100, 2.691109, 0.000119
2.691100, 3.329334, 0.062845
2.691100, 9.750530, -0.086563
2.691100, 2.861430, -0.023137
2.691100, 2.708445, 0.005328
2.691100, 4.383928, 0.110673
2.691100, 5.569536, -0.128358
2.691100, 2.739622, -0.009298
2.691100, 2.807472, 0.017263
2.691100, 8.085636, 0.114858
2.691100, 3.576765, -0.078274
2.691100, 2.692825, -0.001671
2.691100, 3.109839, 0.046176
2.691100, 11.470346, -0.032118
2.691100, 2.960112, -0.032911
2.691100, 2.695611, 0.003100
2.691100, 3.829812, 0.091022
2.691100, 6.951215, -0.126364
2.691100, 2.775922, -0.013675
2.691100, 2.762685, 0.012116
2.691100, 6.453495, 0.128959
2.691100, 3.984172, -0.097521
2.691100, 2.698597, -0.003804
2.691100, 2.912331, 0.028302
2.691100, 10.857618, 0.057795
2.691100, 3.194632, -0.052983
2.691100, 2.691784, 0.000932
2.691100, 3.454535, 0.071055
2.691100, 8.830006, -0.103863
2.691100, 2.829853, -0.019753
2.691100, 2.723688, 0.007319
2.691100, 4.963802, 0.122499
2.691100, 4.834921, -0.120480
2.691100, 2.720280, -0.006889
2.691100, 2.835226, 0.020341
2.691100, 8.998405, 0.101019
2.691100, 3.429918, -0.069509
2.691100, 2.691562, -0.000783
2.691100, 3.211565, 0.054286
2.691100, 10.719440, -0.062146
2.691100, 2.904544, -0.027532
2.691100, 2.699330, 0.003947
2.691100, 4.018010, 0.098830
2.691100, 6.358841, -0.129244
2.691100, 2.760190, -0.011819
2.691100, 2.778647, 0.013992
2.691100, 7.052510, 0.125630
2.691100, 3.802445, -0.089774
2.691100, 2.695155, -0.002965
2.691100, 2.971102, 0.033944
2.691100, 11.557805, 0.026525
2.691100, 3.093989, -0.044850
2.691100, 2.692980, 0.001806
2.691100, 3.598536, 0.079483
2.691100, 7.968176, -0.116357
2.691100, 2.804089, -0.016884
2.691100, 2.741970, 0.009589
2.691100, 5.659586, 0.128795
2.691100, 4.332538, -0.109245
2.691100, 2.707116, -0.005143
2.691100, 2.865564, 0.023568
2.691100, 9.858238, 0.084228
2.691100, 3.315868, -0.061909
2.691100, 2.691100, -0.000023
2.691100, 3.309431, 0.061458
2.691100, 9.910198, -0.083074
2.691100, 2.867601, -0.023780
2.691100, 2.706503, 0.005057
2.691100, 4.308730, 0.108559
2.691100, 5.703222, -0.128972
2.691100, 2.743107, -0.009729
2.691100, 2.802440, 0.016698
2.691100, 7.910499, 0.117069
2.691100, 3.609525, -0.080085
2.691100, 2.693061, -0.001873
2.691100, 3.086068, 0.044181
2.691100, 11.596593, -0.023628
2.691100, 2.976899, -0.034484
2.691100, 2.694949, 0.002898
2.691100, 3.789189, 0.089159
2.691100, 7.103181, -0.125239
2.691100, 2.780016, -0.014151
2.691100, 2.759008, 0.011677
2.691100, 6.313849, 0.129353
2.691100, 4.034689, -0.099461
2.691100, 2.699704, -0.004016
2.691100, 2.901121, 0.027191
2.691100, 10.655148, 0.064069
2.691100, 3.219357, -0.054879
2.691100, 2.691470, 0.000716
2.691100, 3.418945, 0.068810
2.691100, 9.075516, -0.099671
2.691100, 2.837737, -0.020614
2.691100, 2.718796, 0.006699
2.691100, 4.778782, 0.119500
2.691100, 5.024933, -0.123351
2.691100, 2.725304, -0.007522
2.691100, 2.827442, 0.019487
2.691100, 8.753033, 0.105118
2.691100, 3.466107, -0.071771
2.691100, 2.691891, -0.001001
2.691100, 3.186786, 0.052373
2.691100, 10.920665, -0.055698
2.691100, 2.916108, -0.028674
2.691100, 2.698282, 0.003739
2.691100, 3.969167, 0.096928
2.691100, 6.496980, -0.128805
2.691100, 2.763834, -0.012252
2.691100, 2.774714, 0.013534
2.691100, 6.906127, 0.126669
2.691100, 3.842385, -0.091585
2.691100, 2.695830, -0.003160
2.691100, 2.955408, 0.032466
2.691100, 11.427138, 0.034551
2.691100, 3.116980, -0.046768
2.691100, 2.692753, 0.001611
2.691100, 3.566915, 0.077719
2.691100, 8.140208, -0.114139
2.691100, 2.809054, -0.017441
2.691100, 2.738502, 0.009160
2.691100, 5.526717, 0.128115
2.691100, 4.409497, -0.111358
2.691100, 2.709108, -0.005420
2.691100, 2.859472, 0.022931
2.691100, 9.698455, 0.087665
2.691100, 3.335910, -0.063299
2.691100, 2.691115, -0.000165
2.691100, 3.289916, 0.060075
2.691100, 10.069369, -0.079422
2.691100, 2.874037, -0.024446
2.691100, 2.704729, 0.004803
2.691100, 4.239394, 0.106471
2.691100, 5.837817, -0.129382
2.691100, 2.746609, -0.010162
2.691100, 2.797318, 0.016121
2.691100, 7.729760, 0.119195
2.691100, 3.645340, -0.082008
2.691100, 2.693338, -0.002091
2.691100, 3.060867, 0.042021
2.691100, 11.693839, -0.013947
2.691100, 2.996859, -0.036325
2.691100, 2.694382, 0.002684
2.691100, 3.748544, 0.087228
2.691100, 7.265485, -0.123883
2.691100, 2.784432, -0.014659
2.691100, 2.755508, 0.011254
2.691100, 6.180105, 0.129575
2.691100, 4.086715, -0.101369
2.691100, 2.700919, -0.004225
2.691100, 2.892082, 0.026285
2.691100, 10.474903, 0.069172
2.691100, 3.241045, -0.056510
2.691100, 2.691268, 0.000535
2.691100, 3.390255, 0.066950
2.691100, 9.283040, -0.095900
2.691100, 2.844669, -0.021362
2.691100, 2.715100, 0.006222
2.691100, 4.638761, 0.116776
2.691100, 5.192803, -0.125367
2.691100, 2.729733, -0.008075
2.691100, 2.821103, 0.018786
2.691100, 8.546661, 0.108349
2.691100, 3.498231, -0.073722
2.691100, 2.692181, -0.001194
2.691100, 3.164912, 0.050652
2.691100, 11.091731, -0.049564
2.691100, 2.927259, -0.029763
2.691100, 2.697445, 0.003558
2.691100, 3.928221, 0.095267
2.691100, 6.620652, -0.128286
2.691100, 2.767108, -0.012640
2.691100, 2.771322, 0.013136
2.691100, 6.779188, 0.127458
2.691100, 3.879165, -0.093197
2.691100, 2.696497, -0.003334
2.691100, 2.942498, 0.031235
2.691100, 11.290017, 0.041345
2.691100, 3.137787, -0.048473
2.691100, 2.692520, 0.001432
2.691100, 3.537529, 0.076037
2.691100, 8.308451, -0.111835
2.691100, 2.813981, -0.017992
2.691100, 2.734920, 0.008718
2.691100, 5.390007, 0.127179
2.691100, 4.496526, -0.113564
2.691100, 2.711371, -0.005728
2.691100, 2.853235, 0.022274
2.691100, 9.528080, 0.091159
2.691100, 3.357762, -0.064787
2.691100, 2.691143, -0.000318
2.691100, 3.269111, 0.058575
2.691100, 10.241219, -0.075260
2.691100, 2.881358, -0.025197
2.691100, 2.702951, 0.004542
2.691100, 4.169190, 0.104214
2.691100, 5.986679, -0.129608
2.691100, 2.750475, -0.010638
2.691100, 2.791575, 0.015472
2.691100, 7.524500, 0.121410
2.691100, 3.688803, -0.084263
2.691100, 2.693719, -0.002348
2.691100, 3.031906, 0.039482
2.691100, 11.744939, -0.001923
2.691100, 3.023112, -0.038699
2.691100, 2.693858, 0.002429
2.691100, 3.702829, 0.084973
2.691100, 7.461376, -0.122046
2.691100, 2.789823, -0.015273
2.691100, 2.751666, 0.010785
2.691100, 6.032543, 0.129633
2.691100, 4.148793, -0.103530
2.691100, 2.702440, -0.004465
2.691100, 2.883720, 0.025438
2.691100, 10.294527, 0.073917
2.691100, 3.262695, -0.058107
2.691100, 2.691159, 0.000366
2.691100, 3.364760, 0.065258
2.691100, 9.474444, -0.092224
2.691100, 2.851321, -0.022072
2.691100, 2.712128, 0.005830
2.691100, 4.525532, 0.114257
2.691100, 5.347313, -0.126834
2.691100, 2.733798, -0.008579
2.691100, 2.815503, 0.018162
2.691100, 8.359874, 0.111104
2.691100, 3.528827, -0.075531
2.691100, 2.692446, -0.001379
2.691100, 3.143817, 0.048961
2.691100, 11.247603, -0.043233
2.691100, 2.938963, -0.030895
2.691100, 2.696698, 0.003384
2.691100, 3.889859, 0.093656
2.691100, 6.743611, -0.127659
2.691100, 2.770375, -0.013025
2.691100, 2.768033, 0.012749
2.691100, 6.655519, 0.128119
2.691100, 3.917115, -0.094806
2.691100, 2.697224, -0.003508
2.691100, 2.930496, 0.030077
2.691100, 11.137242, 0.047801
2.691100, 3.158896, -0.050173
2.691100, 2.692258, 0.001247
2.691100, 3.506971, 0.074243
2.691100, 8.492342, -0.109167
2.691100, 2.819462, -0.018604
2.691100, 2.730910, 0.008221
2.691100, 5.237513, 0.125829
2.691100, 4.604585, -0.116046
2.691100, 2.714200, -0.006105
2.691100, 2.846553, 0.021564
2.691100, 9.338017, 0.094864
2.691100, 3.382843, -0.066462
2.691100, 2.691228, -0.000487
2.691100, 3.247058, 0.056956
2.691100, 10.424783, -0.070524
2.691100, 2.889696, -0.026044
2.691100, 2.701308, 0.004288
2.691100, 4.102845, 0.101942
2.691100, 6.140560, -0.129610
2.691100, 2.754476, -0.011129
2.691100, 2.785830, 0.014819
2.691100, 7.316480, 0.123426
2.691100, 3.736308, -0.086634
2.691100, 2.694230, -0.002617
2.691100, 3.003498, 0.036931
2.691100, 11.714517, 0.010830
2.691100, 3.053129, -0.041349
2.691100, 2.693432, 0.002158
2.691100, 3.656639, 0.082602
2.691100, 7.674956, -0.119808
2.691100, 2.795777, -0.015947
2.691100, 2.747648, 0.010290
2.691100, 5.877804, 0.129465
2.691100, 4.219905, -0.105859
2.691100, 2.704233, -0.004731
2.691100, 2.875973, 0.024645
2.691100, 10.115777, 0.078322
2.691100, 3.284275, -0.059671
2.691100, 2.691121, 0.000206
2.691100, 3.341764, 0.063700
2.691100, 9.652398, -0.088626
2.691100, 2.857762, -0.022752
2.691100, 2.709703, 0.005501
2.691100, 4.432448, 0.111958
2.691100, 5.489345, -0.127883
2.691100, 2.737525, -0.009039
2.691100, 2.810418, 0.017593
2.691100, 8.187022, 0.113511
2.691100, 3.558592, -0.077247
2.691100, 2.692690, -0.001560
2.691100, 3.122955, 0.047261
2.691100, 11.389373, -0.036547
2.691100, 2.951583, -0.032102
2.691100, 2.696018, 0.003211
2.691100, 3.852945, 0.092053
2.691100, 6.868935, -0.126912
2.691100, 2.773719, -0.013417
2.691100, 2.764790, 0.012366
2.691100, 6.533127, 0.128665
2.691100, 3.956941, -0.096438
2.691100, 2.698028, -0.003685
2.691100, 2.919315, 0.028988
2.691100, 10.972141, 0.053925
2.691100, 3.180305, -0.051866
2.691100, 2.691979, 0.001059
2.691100, 3.475671, 0.072357
2.691100, 8.690479, -0.106118
2.691100, 2.825503, -0.019273
2.691100, 2.726635, 0.007689
2.691100, 5.075344, 0.124006
2.691100, 4.734659, -0.118686
2.691100, 2.717630, -0.006550
2.691100, 2.839806, 0.020838
2.691100, 9.138292, 0.098553
2.691100, 3.410141, -0.068244
2.691100, 2.691402, -0.000661
2.691100, 3.225783, 0.055365
2.691100, 10.601895, -0.065619
2.691100, 2.898370, -0.026916
2.691100, 2.700035, 0.004075
2.691100, 4.049177, 0.100002
2.691100, 6.275621, -0.129432
2.691100, 2.758005, -0.011556
2.691100, 2.781226, 0.014290
2.691100, 7.147824, 0.124882
2.691100, 3.777741, -0.088622
2.691100, 2.694779, -0.002839
2.691100, 2.982189, 0.034975
2.691100, 11.627725, 0.021018
2.691100, 3.079088, -0.043587
2.691100, 2.693134, 0.001933
2.691100, 3.619313, 0.080616
2.691100, 7.860021, -0.117679
2.691100, 2.801003, -0.016537
2.691100, 2.744096, 0.009851
2.691100, 5.741195, 0.129108
2.691100, 4.288558, -0.107966
2.691100, 2.705985, -0.004984
2.691100, 2.869399, 0.023967
2.691100, 9.955409, 0.082056
2.691100, 3.303858, -0.061065
2.691100, 2.691103, 0.000063
2.691100, 3.321531, 0.062304
2.691100, 9.812773, -0.085223
2.691100, 2.863805, -0.023385
2.691100, 2.707668, 0.005221
2.691100, 4.353927, 0.109848
2.691100, 5.621437, -0.128622
2.691100, 2.740976, -0.009466
2.691100, 2.805528, 0.017045
2.691100, 8.018269, 0.115726
2.691100, 3.589153, -0.078964
2.691100, 2.692913, -0.001748
2.691100, 3.100808, 0.045423
2.691100, 11.521698, -0.028964
2.691100, 2.966277, -0.033491
2.691100, 2.695345, 0.003023
2.691100, 3.814093, 0.090309
2.691100, 7.008859, -0.125954
2.691100, 2.777471, -0.013855
2.691100, 2.761246, 0.011945
2.691100, 6.398944, 0.129132
2.691100, 4.003472, -0.098273
2.691100, 2.699011, -0.003886
2.691100, 2.907756, 0.027850
2.691100, 10.777777, 0.060347
2.691100, 3.204453, -0.053741
2.691100, 2.691653, 0.000845
2.691100, 3.440160, 0.070157
2.691100, 8.927569, -0.102231
2.691100, 2.832949, -0.020092
2.691100, 2.721689, 0.007067
2.691100, 4.888185, 0.121352
2.691100, 4.908699, -0.121673
2.691100, 2.722231, -0.007136
2.691100, 2.832094, 0.019999
2.691100, 8.900791, 0.102684
2.691100, 3.444074, -0.070402
2.691100, 2.691688, -0.000869
2.691100, 3.201765, 0.053534
2.691100, 10.799721, -0.059657
2.691100, 2.908991, -0.027972
2.691100, 2.698895, 0.003863
2.691100, 3.998113, 0.098065
2.691100, 6.413937, -0.129087
2.691100, 2.761642, -0.011992
2.691100, 2.777040, 0.013805
2.691100, 6.992847, 0.126070
2.691100, 3.818420, -0.090506
2.691100, 2.695417, -0.003044
2.691100, 2.964544, 0.033329
2.691100, 11.507855, 0.029847
2.691100, 3.103311, -0.045632
2.691100, 2.692889, 0.001727
2.691100, 3.585720, 0.078774
2.691100, 8.036798, -0.115489
2.691100, 2.806061, -0.017105
2.691100, 2.740606, 0.009420
2.691100, 5.607246, 0.128553
2.691100, 4.362025, -0.110073
2.691100, 2.707878, -0.005250
2.691100, 2.863154, 0.023317
2.691100, 9.795820, 0.085590
2.691100, 3.323650, -0.062451
2.691100, 2.691104, -0.000078
2.691100, 3.301790, 0.060919
2.691100, 9.972237, -0.081673
2.691100, 2.870074, -0.024036
2.691100, 2.705796, 0.004957
2.691100, 4.281166, 0.107745
2.691100, 5.755348, -0.129155
2.691100, 2.744464, -0.009897
2.691100, 2.800466, 0.016476
2.691100, 7.841128, 0.117904
2.691100, 3.623018, -0.080816
2.691100, 2.693162, -0.001955
2.691100, 3.076464, 0.043363
2.691100, 11.638639, -0.020023
2.691100, 2.984223, -0.035164
2.691100, 2.694718, 0.002817
2.691100, 3.773486, 0.088421
2.691100, 7.164626, -0.124744
2.691100, 2.781683, -0.014343
2.691100, 2.757637, 0.011512
2.691100, 6.261554, 0.129458
2.691100, 4.054583, -0.100201
2.691100, 2.700160, -0.004097
2.691100, 2.897393, 0.026818
2.691100, 10.582656, 0.066170
2.691100, 3.228099, -0.055540
2.691100, 2.691379, 0.000642
2.691100, 3.407029, 0.068043
2.691100, 9.160680, -0.098150
2.691100, 2.840549, -0.020918
2.691100, 2.717224, 0.006498
2.691100, 4.719288, 0.118393
2.691100, 5.093422, -0.124230
2.691100, 2.727112, -0.007748
2.691100, 2.824816, 0.019197
2.691100, 8.668203, 0.106470
2.691100, 3.479112, -0.072567
2.691100, 2.692010, -0.001079
2.691100, 3.177970, 0.051683
2.691100, 10.990542, -0.053277
2.691100, 2.920490, -0.029103
2.691100, 2.697938, 0.003666
2.691100, 3.952561, 0.096261
2.691100, 6.546234, -0.128612
2.691100, 2.765137, -0.012407
2.691100, 2.773359, 0.013375
2.691100, 6.855485, 0.126997
2.691100, 3.856807, -0.092223
2.691100, 2.696088, -0.003229
2.691100, 2.950209, 0.031972
2.691100, 11.375230, 0.037267
2.691100, 3.125139, -0.047440
2.691100, 2.692666, 0.001541
2.691100, 3.555529, 0.077072
2.691100, 8.204416, -0.113275
2.691100, 2.810926, -0.017650
2.691100, 2.737157, 0.008994
2.691100, 5.475315, 0.127792
2.691100, 4.441223, -0.112184
2.691100, 2.709931, -0.005533
2.691100, 2.857119, 0.022684
2.691100, 9.634982, 0.088987
2.691100, 3.343988, -0.063852
2.691100, 2.691123, -0.000222
2.691100, 3.282141, 0.059518
2.691100, 10.133372, -0.077900
2.691100, 2.876715, -0.024721
2.691100, 2.704048, 0.004704
2.691100, 4.212606, 0.105627
2.691100, 5.893036, -0.129492
2.691100, 2.748043, -0.010339
2.691100, 2.795188, 0.015881
2.691100, 7.653980, 0.120038
2.691100, 3.661021, -0.082831
2.691100, 2.693468, -0.002184
2.691100, 3.050162, 0.041090
2.691100, 11.721159, -0.009616
2.691100, 3.006112, -0.037168
2.691100, 2.694174, 0.002592
2.691100, 3.731633, 0.086405
2.691100, 7.336238, -0.123245
2.691100, 2.786372, -0.014881
2.691100, 2.754084, 0.011081
2.691100, 6.125494, 0.129620
2.691100, 4.109085, -0.102162
2.691100, 2.701460, -0.004313
2.691100, 2.888818, 0.025956
2.691100, 10.406071, 0.071022
2.691100, 3.249302, -0.057122
2.691100, 2.691215, 0.000470
2.691100, 3.380144, 0.066283
2.691100, 9.358181, -0.094480
2.691100, 2.847249, -0.021638
2.691100, 2.713880, 0.006063
2.691100, 4.592385, 0.115780
2.691100, 5.253863, -0.125990
2.691100, 2.731341, -0.008275
2.691100, 2.818866, 0.018537
2.691100, 8.472540, 0.109462
2.691100, 3.510189, -0.074434
2.691100, 2.692286, -0.001267
2.691100, 3.156678, 0.049995
2.691100, 11.153821, -0.047143
2.691100, 2.931709, -0.030195
2.691100, 2.697144, 0.003490
2.691100, 3.913051, 0.094637
2.691100, 6.668423, -0.128055
2.691100, 2.768375, -0.012790
2.691100, 2.770026, 0.012984
2.691100, 6.730530, 0.127731
2.691100, 3.893836, -0.093825
2.691100, 2.696773, -0.003402
2.691100, 2.937679, 0.030771
2.691100, 11.231658, 0.043922
2.691100, 3.146046, -0.049141
2.691100, 2.692419, 0.001360
2.691100, 3.525601, 0.075343
2.691100, 8.379128, -0.110828
2.691100, 2.816074, -0.018226
2.691100, 2.733378, 0.008527
2.691100, 5.331310, 0.126699
2.691100, 4.536645, -0.114517
2.691100, 2.712418, -0.005869
2.691100, 2.850612, 0.021996
2.691100, 9.454407, 0.092618
2.691100, 3.367389, -0.065434
2.691100, 2.691166, -0.000384
2.691100, 3.260334, 0.057934
2.691100, 10.314177, -0.073416
2.691100, 2.884602, -0.025528
2.691100, 2.702258, 0.004437
2.691100, 4.141494, 0.103283
2.691100, 6.049260, -0.129636
2.691100, 2.752101, -0.010838
2.691100, 2.789191, 0.015202
2.691100, 7.438537, 0.122271
2.691100, 3.707985, -0.085232
2.691100, 2.693911, -0.002459
2.691100, 3.019961, 0.038417
2.691100, 11.742970, 0.003323
2.691100, 3.035162, -0.039771
2.691100, 2.693671, 0.002319
2.691100, 3.683731, 0.084004
2.691100, 7.547695, -0.121170
2.691100, 2.792220, -0.015545
2.691100, 2.750039, 0.010585
2.691100, 5.969904, 0.129594
2.691100, 4.176789, -0.104465
2.691100, 2.703142, -0.004570
2.691100, 2.880512, 0.025111
2.691100, 10.221867, 0.075741
2.691100, 3.271444, -0.058745
2.691100, 2.691138, 0.000301
2.691100, 3.355262, 0.064618
2.691100, 9.547355, -0.090772
2.691100, 2.853928, -0.022348
2.691100, 2.711105, 0.005692
2.691100, 4.486337, 0.113315
2.691100, 5.405330, -0.127296
2.691100, 2.735322, -0.008767
2.691100, 2.813435, 0.017931
2.691100, 8.289934, 0.112095
2.691100, 3.540694, -0.076220
2.691100, 2.692546, -0.001451
2.691100, 3.135585, 0.048294
2.691100, 11.305238, -0.040646
2.691100, 2.943812, -0.031361
2.691100, 2.696425, 0.003316
2.691100, 3.875271, 0.093029
2.691100, 6.792287, -0.127381
2.691100, 2.771672, -0.013177
2.691100, 2.766769, 0.012600
2.691100, 6.607866, 0.128345
2.691100, 3.932341, -0.095437
2.691100, 2.697527, -0.003576
2.691100, 2.926084, 0.029649
2.691100, 11.074757, 0.050206
2.691100, 3.167131, -0.050828
2.691100, 2.692153, 0.001175
2.691100, 3.494999, 0.073528
2.691100, 8.566944, -0.108040
2.691100, 2.821719, -0.018854
2.691100, 2.729294, 0.008020
2.691100, 5.176153, 0.125188
2.691100, 4.651803, -0.117047
2.691100, 2.715443, -0.006267
2.691100, 2.843974, 0.021287
2.691100, 9.262590, 0.096281
2.691100, 3.393031, -0.067132
2.691100, 2.691285, -0.000553
2.691100, 3.238844, 0.056345
2.691100, 10.493244, -0.068671
2.691100, 2.892968, -0.026374
2.691100, 2.700783, 0.004203
2.691100, 4.081012, 0.101164
2.691100, 6.194296, -0.129559
2.691100, 2.755878, -0.011299
2.691100, 2.783941, 0.014603
2.691100, 7.247502, 0.124041
2.691100, 3.752918, -0.087440
2.691100, 2.694438, -0.002708
2.691100, 2.994556, 0.036114
2.691100, 11.685358, 0.015041
2.691100, 3.063623, -0.042259
2.691100, 2.693306, 0.002067
2.691100, 3.641357, 0.081797
2.691100, 7.749324, -0.118973
2.691100, 2.797869, -0.016183
2.691100, 2.746235, 0.010115
2.691100, 5.823458, 0.129347
2.691100, 4.246511, -0.106692
2.691100, 2.704910, -0.004829
2.691100, 2.873345, 0.024374
2.691100, 10.052604, 0.079816
2.691100, 3.291959, -0.060221
2.691100, 2.691113, 0.000150
2.691100, 3.333795, 0.063153
2.691100, 9.715160, -0.087313
2.691100, 2.860098, -0.022997
2.691100, 2.708894, 0.005390
2.691100, 4.401253, 0.111139
2.691100, 5.540384, -0.128195
2.691100, 2.738860, -0.009204
2.691100, 2.808552, 0.017384
2.691100, 8.122901, 0.114368
2.691100, 3.570021, -0.077894
2.691100, 2.692775, -0.001630
2.691100, 3.114734, 0.046582
2.691100, 11.440956, -0.033792
2.691100, 2.956871, -0.032604
2.691100, 2.695760, 0.003141
2.691100, 3.838424, 0.091408
2.691100, 6.920234, -0.126575
2.691100, 2.775092, -0.013578
2.691100, 2.763473, 0.012210
2.691100, 6.483325, 0.128855
2.691100, 3.973844, -0.097113
2.691100, 2.698379, -0.003759
2.691100, 2.914912, 0.028556
2.691100, 10.900976, 0.056361
2.691100, 3.189247, -0.052565
2.691100, 2.691857, 0.000980
2.691100, 3.462476, 0.071547
2.691100, 8.777037, -0.104730
2.691100, 2.828191, -0.019570
2.691100, 2.724797, 0.007459
2.691100, 5.005751, 0.123091
2.691100, 4.796077, -0.119809
2.691100, 2.719253, -0.006758
2.691100, 2.836950, 0.020528
2.691100, 9.051457, 0.100095
2.691100, 3.422349, -0.069028
2.691100, 2.691498, -0.000737
2.691100, 3.216917, 0.054694
2.691100, 10.675321, -0.063472
2.691100, 2.902183, -0.027297
2.691100, 2.699584, 0.003994
2.691100, 4.029368, 0.099261
2.691100, 6.328085, -0.129320
2.691100, 2.759382, -0.011722
2.691100, 2.779577, 0.014100
2.691100, 7.086937, 0.125366
2.691100, 3.793408, -0.089356
2.691100, 2.695013, -0.002920
2.691100, 2.975017, 0.034309
2.691100, 11.584541, 0.024564
2.691100, 3.088608, -0.044396
2.691100, 2.693034, 0.001851
2.691100, 3.605988, 0.079892
2.691100, 7.928946, -0.116843
2.691100, 2.802967, -0.016758
2.691100, 2.742744, 0.009684
2.691100, 5.689295, 0.128918
2.691100, 4.316254, -0.108778
2.691100, 2.706697, -0.005084
2.691100, 2.866948, 0.023712
2.691100, 9.893613, 0.083445
2.691100, 3.311481, -0.061602
2.691100, 2.691100, 0.000008
2.691100, 3.313804, 0.061765
2.691100, 9.874861, -0.083861
2.691100, 2.866213, -0.023636
2.691100, 2.706918, 0.005116
2.691100, 4.324846, 0.109025
2.691100, 5.673547, -0.128854
2.691100, 2.742334, -0.009634
2.691100, 2.803562, 0.016824
2.691100, 7.949762, 0.116586
2.691100, 3.602022, -0.079674
2.691100, 2.693006, -0.001827
2.691100, 3.091468, 0.044637
2.691100, 11.570535, -0.025610
2.691100, 2.972924, -0.034114
2.691100, 2.695088, 0.002944
2.691100, 3.798192, 0.089578
2.691100, 7.068648, -0.125507
2.691100, 2.779082, -0.014043
2.691100, 2.759808, 0.011773
2.691100, 6.344325, 0.129281
2.691100, 4.023348, -0.099033
2.691100, 2.699449, -0.003969
2.691100, 2.903418, 0.027420
2.691100, 10.698534, 0.062778
2.691100, 3.214104, -0.054479
2.691100, 2.691532, 0.000761
2.691100, 3.426311, 0.069280
2.691100, 9.023612, -0.100582
2.691100, 2.836043, -0.020430
2.691100, 2.719789, 0.006826
2.691100, 4.816347, 0.120162
2.691100, 4.983669, -0.122783
2.691100, 2.724213, -0.007385
2.691100, 2.829062, 0.019666
2.691100, 8.804833, 0.104276
2.691100, 3.458296, -0.071289
2.691100, 2.691819, -0.000954
2.691100, 3.192079, 0.052785
2.691100, 10.878212, -0.057118
2.691100, 2.913548, -0.028422
2.691100, 2.698493, 0.003782
2.691100, 3.979259, 0.097328
2.691100, 6.467628, -0.128911
2.691100, 2.763058, -0.012160
2.691100, 2.775528, 0.013629
2.691100, 6.936504, 0.126465
2.691100, 3.833887, -0.091205
2.691100, 2.695681, -0.003120
2.691100, 2.958568, 0.032765
2.691100, 11.456551, 0.032914
2.691100, 3.112158, -0.046369
2.691100, 2.692802, 0.001652
2.691100, 3.573574, 0.078094
2.691100, 8.103213, -0.114628
2.691100, 2.807981, -0.017320
2.691100, 2.739264, 0.009254
2.691100, 5.555831, 0.128282
2.691100, 4.392029, -0.110892
2.691100, 2.708655, -0.005357
2.691100, 2.860804, 0.023071
2.691100, 9.733946, 0.086916
2.691100, 3.331423, -0.062990
2.691100, 2.691111, -0.000133
2.691100, 3.294252, 0.060384
2.691100, 10.033804, -0.080254
2.691100, 2.872573, -0.024295
2.691100, 2.705115, 0.004859
2.691100, 4.254536, 0.106939
2.691100, 5.807422, -0.129307
2.691100, 2.745819, -0.010064
2.691100, 2.798483, 0.016253
2.691100, 7.771087, 0.118723
2.691100, 3.636958, -0.081563
2.691100, 2.693271, -0.002040
2.691100, 3.066681, 0.042523
2.691100, 11.675285, -0.016244
2.691100, 2.992036, -0.035883
2.691100, 2.694502, 0.002734
2.691100, 3.757786, 0.087674
2.691100, 7.227636, -0.124213
2.691100, 2.783399, -0.014540
2.691100, 2.756292, 0.011349
2.691100, 6.210130, 0.129539
2.691100, 4.074703, -0.100937
2.691100, 2.700633, -0.004178
2.691100, 2.893975, 0.026476
2.691100, 10.513924, 0.068100
2.691100, 3.236361, -0.056160
2.691100, 2.691305, 0.000573
2.691100, 3.396200, 0.067339
2.691100, 9.239339, -0.096712
2.691100, 2.843187, -0.021203
2.691100, 2.715840, 0.006319
2.691100, 4.666838, 0.117356
2.691100, 5.157231, -0.124978
2.691100, 2.728795, -0.007958
2.691100, 2.822421, 0.018932
2.691100, 8.590030, 0.107686
2.691100, 3.491341, -0.073308
2.691100, 2.692120, -0.001153
2.691100, 3.169637, 0.051026
2.691100, 11.055473, -0.050925
2.691100, 2.924770, -0.029521
2.691100, 2.697621, 0.003597
2.691100, 3.937003, 0.095628
2.691100, 6.593491, -0.128410
2.691100, 2.766388, -0.012555
2.691100, 2.772065, 0.013224
2.691100, 6.807026, 0.127294
2.691100, 3.870917, -0.092840
2.691100, 2.696345, -0.003296
2.691100, 2.945296, 0.031503
2.691100, 11.322083, 0.039859
2.691100, 3.133120, -0.048093
2.691100, 2.692575, 0.001472
2.691100, 3.544221, 0.076424
2.691100, 8.269412, -0.112381
2.691100, 2.812831, -0.017864
2.691100, 2.735766, 0.008822
2.691100, 5.422258, 0.127422
2.691100, 4.475214, -0.113041
2.691100, 2.710815, -0.005653
2.691100, 2.854697, 0.022429
2.691100, 9.568632, 0.090343
2.691100, 3.352511, -0.064432
2.691100, 2.691134, -0.000282
2.691100, 3.274031, 0.058932
2.691100, 10.200429, -0.076270
2.691100, 2.879582, -0.025015
2.691100, 2.703357, 0.004602
2.691100, 4.185315, 0.104745
2.691100, 5.951280, -0.129575
2.691100, 2.749556, -0.010525
2.691100, 2.792938, 0.015626
2.691100, 7.573470, 0.120901
2.691100, 3.678144, -0.083718
2.691100, 2.693620, -0.002286
2.691100, 3.038790, 0.040091
2.691100, 11.739577, -0.004870
2.691100, 3.016511, -0.038107
2.691100, 2.693973, 0.002491
2.691100, 3.713716, 0.085518
2.691100, 7.413377, -0.122516
2.691100, 2.788496, -0.015123
2.691100, 2.752582, 0.010897
2.691100, 6.067781, 0.129638
2.691100, 4.133489, -0.103009
2.691100, 2.702060, -0.004406
2.691100, 2.885595, 0.025629
2.691100, 10.336129, 0.072851
2.691100, 3.257697, -0.057741
2.691100, 2.691176, 0.000404
2.691100, 3.370365, 0.065633
2.691100, 9.431816, -0.093060
2.691100, 2.849816, -0.021912
2.691100, 2.712751, 0.005913
2.691100, 4.549371, 0.114812
2.691100, 5.313219, -0.126541
2.691100, 2.732902, -0.008468
2.691100, 2.816722, 0.018299
2.691100, 8.400905, 0.110513
2.691100, 3.521973, -0.075130
2.691100, 2.692387, -0.001338
2.691100, 3.148551, 0.049343
2.691100, 11.213581, -0.044690
2.691100, 2.936249, -0.030634
2.691100, 2.696859, 0.003423
2.691100, 3.898324, 0.094016
2.691100, 6.715861, -0.127810
2.691100, 2.769636, -0.012938
2.691100, 2.768761, 0.012835
2.691100, 6.682962, 0.127982
2.691100, 3.908502, -0.094446
2.691100, 2.697055, -0.003469
2.691100, 2.933087, 0.030328
2.691100, 11.172337, 0.046397
2.691100, 3.154184, -0.049796
2.691100, 2.692317, 0.001288
2.691100, 3.513807, 0.074649
2.691100, 8.450394, -0.109789
2.691100, 2.818202, -0.018463
2.691100, 2.731823, 0.008334
2.691100, 5.272180, 0.126165
2.691100, 4.578900, -0.115481
2.691100, 2.713526, -0.006016
2.691100, 2.848034, 0.021722
2.691100, 9.380828, 0.094046
2.691100, 3.377123, -0.066083
2.691100, 2.691202, -0.000450
2.691100, 3.251851, 0.057311
2.691100, 10.384830, -0.071583
2.691100, 2.887830, -0.025855
2.691100, 2.701637, 0.004341
2.691100, 4.116317, 0.102415
2.691100, 6.108193, -0.129629
2.691100, 2.753634, -0.011026
2.691100, 2.787001, 0.014952
2.691100, 7.359135, 0.123032
2.691100, 3.726259, -0.086140
2.691100, 2.694112, -0.002562
2.691100, 3.009168, 0.037445
2.691100, 11.727881, 0.008208
2.691100, 3.046751, -0.040791
2.691100, 2.693512, 0.002215
2.691100, 3.666102, 0.083096
2.691100, 7.629850, -0.120300
2.691100, 2.794513, -0.015805
2.691100, 2.748497, 0.010395
2.691100, 5.910521, 0.129521
2.691100, 4.204312, -0.105362
2.691100, 2.703837, -0.004673
2.691100, 2.877570, 0.024809
2.691100, 10.153530, 0.077414
2.691100, 3.279700, -0.059342
2.691100, 2.691126, 0.000240
2.691100, 3.346540, 0.064026
2.691100, 9.615043, -0.089397
2.691100, 2.856388, -0.022607
2.691100, 2.710194, 0.005569
2.691100, 4.451339, 0.112442
2.691100, 5.459312, -0.127684
2.691100, 2.736738, -0.008942
2.691100, 2.811503, 0.017715
2.691100, 8.224145, 0.113006
2.691100, 3.552074, -0.076875
2.691100, 2.692639, -0.001520
2.691100, 3.127591, 0.047641
2.691100, 11.359139, -0.038070
2.691100, 2.948682, -0.031826
2.691100, 2.696166, 0.003250
2.691100, 3.861145, 0.092414
2.691100, 6.840476, -0.127091
2.691100, 2.772958, -0.013328
2.691100, 2.765524, 0.012453
2.691100, 6.560870, 0.128551
2.691100, 3.947704, -0.096065
2.691100, 2.697839, -0.003645
2.691100, 2.921808, 0.029232
2.691100, 11.010896, 0.052551
2.691100, 3.175374, -0.051479
2.691100, 2.692045, 0.001102
2.691100, 3.482931, 0.072799
2.691100, 8.643621, -0.106856
2.691100, 2.824060, -0.019114
2.691100, 2.727640, 0.007814
2.691100, 5.113433, 0.124472
2.691100, 4.702541, -0.118068
2.691100, 2.716782, -0.006441
2.691100, 2.841374, 0.021007
2.691100, 9.185403, 0.097701
2.691100, 3.403607, -0.067821
2.691100, 2.691354, -0.000620
2.691100, 3.230675, 0.055734
2.691100, 10.561248, -0.066777
2.691100, 2.896317, -0.026711
2.691100, 2.700304, 0.004122
2.691100, 4.060713, 0.100427
2.691100, 6.245732, -0.129486
2.691100, 2.757223, -0.011462
2.691100, 2.782203, 0.014403
2.691100, 7.183755, 0.124585
2.691100, 3.768677, -0.088193
2.691100, 2.694650, -0.002792
2.691100, 2.986565, 0.035380
2.691100, 11.650495, 0.018883
2.691100, 3.073483, -0.043108
2.691100, 2.693195, 0.001981
2.691100, 3.627245, 0.081043
2.691100, 7.819716, -0.118157
2.691100, 2.799859, -0.016408
2.691100, 2.744880, 0.009948
2.691100, 5.771338, 0.129205
2.691100, 4.272895, -0.107497
2.691100, 2.705584, -0.004926
2.691100, 2.870839, 0.024116
2.691100, 9.991214, 0.081238
2.691100, 3.299463, -0.060754
2.691100, 2.691106, 0.000095
2.691100, 3.326045, 0.062618
2.691100, 9.776709, -0.086002
2.691100, 2.862424, -0.023241
2.691100, 2.708116, 0.005283
2.691100, 4.371224, 0.110327
2.691100, 5.591290, -0.128472
2.691100, 2.740189, -0.009369
2.691100, 2.806660, 0.017172
2.691100, 8.057540, 0.115222
2.691100, 3.581900, -0.078561
2.691100, 2.692861, -0.001703
2.691100, 3.106097, 0.045865
2.691100, 11.492090, -0.030822
2.691100, 2.962636, -0.033149
2.691100, 2.695498, 0.003068
2.691100, 3.823265, 0.090726
2.691100, 6.975048, -0.126197
2.691100, 2.776562, -0.013750
2.691100, 2.762085, 0.012045
2.691100, 6.430758, 0.129034
2.691100, 3.992151, -0.097833
2.691100, 2.698767, -0.003838
2.691100, 2.910398, 0.028111
2.691100, 10.824361, 0.058872
2.691100, 3.198737, -0.053301
2.691100, 2.691729, 0.000896
2.691100, 3.448503, 0.070680
2.691100, 8.870677, -0.103188
2.691100, 2.831138, -0.019894
2.691100, 2.722847, 0.007214
2.691100, 4.931994, 0.122029
2.691100, 4.865347, -0.120984
2.691100, 2.721085, -0.006991
2.691100, 2.833914, 0.020198
2.691100, 8.957696, 0.101719
2.691100, 3.435784, -0.069881
2.691100, 2.691614, -0.000819
2.691100, 3.207476, 0.053973
2.691100, 10.753028, -0.061117
2.691100, 2.906381, -0.027714
2.691100, 2.699144, 0.003912
2.691100, 4.009582, 0.098508
2.691100, 6.381987, -0.129181
2.691100, 2.760799, -0.011892
2.691100, 2.777963, 0.013913
2.691100, 7.027158, 0.125820
2.691100, 3.809183, -0.090084
2.691100, 2.695264, -0.002999
2.691100, 2.968282, 0.033680
2.691100, 11.537127, 0.027948
2.691100, 3.097950, -0.045183
2.691100, 2.692941, 0.001772
2.691100, 3.593080, 0.079182
2.691100, 7.997208, -0.115993
2.691100, 2.804922, -0.016977
2.691100, 2.741395, 0.009518
2.691100, 5.637511, 0.128697
2.691100, 4.344848, -0.109594
2.691100, 2.707434, -0.005188
2.691100, 2.864544, 0.023462
2.691100, 9.831941, 0.084805
2.691100, 3.319139, -0.062138
2.691100, 2.691102, -0.000046
2.691100, 3.306202, 0.061231
2.691100, 9.936370, -0.082486
2.691100, 2.868639, -0.023888
2.691100, 2.706202, 0.005014
2.691100, 4.296995, 0.108215
2.691100, 5.725199, -0.129053
2.691100, 2.743679, -0.009800
2.691100, 2.801609, 0.016605
2.691100, 7.881319, 0.117423
2.691100, 3.615163, -0.080391
2.691100, 2.693103, -0.001908
2.691100, 3.082038, 0.043838
2.691100, 11.614931, -0.022128
2.691100, 2.979932, -0.034766
2.691100, 2.694850, 0.002864
2.691100, 3.782555, 0.088849
2.691100, 7.128950, -0.125034
2.691100, 2.780714, -0.014231
2.691100, 2.758425, 0.011607
2.691100, 6.291627, 0.129401
2.691100, 4.043074, -0.099775
2.691100, 2.699895, -0.004051
2.691100, 2.899504, 0.027030
2.691100, 10.624021, 0.064979
2.691100, 3.223115, -0.055164
2.691100, 2.691429, 0.000684
2.691100, 3.413766, 0.068477
2.691100, 9.112348, -0.099018
2.691100, 2.838948, -0.020745
2.691100, 2.718107, 0.006611
2.691100, 4.752714, 0.119024
2.691100, 5.054455, -0.123740
2.691100, 2.726083, -0.007620
2.691100, 2.826302, 0.019362
2.691100, 8.716314, 0.105707
2.691100, 3.471703, -0.072115
2.691100, 2.691942, -0.001035
2.691100, 3.182995, 0.052077
2.691100, 10.950848, -0.054665
2.691100, 2.917974, -0.028857
2.691100, 2.698133, 0.003707
2.691100, 3.962000, 0.096641
2.691100, 6.518089, -0.128725
2.691100, 2.764392, -0.012319
2.691100, 2.774132, 0.013466
2.691100, 6.884386, 0.126812
2.691100, 3.848536, -0.091858
2.691100, 2.695939, -0.003190
2.691100, 2.953167, 0.032253
2.691100, 11.405299, 0.035719
2.691100, 3.120462, -0.047055
2.691100, 2.692716, 0.001581
2.691100, 3.562074, 0.077445
2.691100, 8.167354, -0.113776
2.691100, 2.809844, -0.017529
2.691100, 2.737937, 0.009090
2.691100, 5.505117, 0.127983
2.691100, 4.422689, -0.111705
2.691100, 2.709450, -0.005467
2.691100, 2.858484, 0.022828
2.691100, 9.671898, 0.088221
2.691100, 3.339281, -0.063530
2.691100, 2.691118, -0.000189
2.691100, 3.286664, 0.059842
2.691100, 10.096102, -0.078790
2.691100, 2.875149, -0.024560
2.691100, 2.704442, 0.004762
2.691100, 4.228127, 0.106119
2.691100, 5.860813, -0.129432
2.691100, 2.747206, -0.010235
2.691100, 2.796432, 0.016021
2.691100, 7.698294, 0.119549
2.691100, 3.651801, -0.082348
2.691100, 2.693391, -0.002129
2.691100, 3.056427, 0.041636
2.691100, 11.706285, -0.012167
2.691100, 3.000637, -0.036670
2.691100, 2.694293, 0.002646
2.691100, 3.741515, 0.086888
2.691100, 7.294654, -0.123623
2.691100, 2.785231, -0.014750
2.691100, 2.754915, 0.011182
2.691100, 6.157364, 0.129597
2.691100, 4.095947, -0.101698
2.691100, 2.701141, -0.004261
2.691100, 2.890695, 0.026145
2.691100, 10.445901, 0.069958
2.691100, 3.244524, -0.056768
2.691100, 2.691244, 0.000507
2.691100, 3.385934, 0.066665
2.691100, 9.315021, -0.095299
2.691100, 2.845762, -0.021479
2.691100, 2.714572, 0.006153
2.691100, 4.618720, 0.116351
2.691100, 5.218830, -0.125640
2.691100, 2.730418, -0.008160
2.691100, 2.820146, 0.018680
2.691100, 8.515013, 0.108827
2.691100, 3.503308, -0.074025
2.691100, 2.692226, -0.001225
2.691100, 3.161419, 0.050374
2.691100, 11.118247, -0.048545
2.691100, 2.929129, -0.029945
2.691100, 2.697316, 0.003529
2.691100, 3.921760, 0.095000
2.691100, 6.640866, -0.128191
2.691100, 2.767644, -0.012703
2.691100, 2.770772, 0.013072
2.691100, 6.758528, 0.127576
2.691100, 3.885354, -0.093463
2.691100, 2.696613, -0.003363
2.691100, 2.940439, 0.031037
2.691100, 11.265565, 0.042443
2.691100, 3.141282, -0.048756
2.691100, 2.692477, 0.001401
2.691100, 3.532491, 0.075745
2.691100, 8.338131, -0.111415
2.691100, 2.814858, -0.018090
2.691100, 2.734273, 0.008638
2.691100, 5.365380, 0.126983
2.691100, 4.513144, -0.113963
2.691100, 2.711804, -0.005786
2.691100, 2.852127, 0.022157
2.691100, 9.497117, 0.091776
2.691100, 3.361794, -0.065059
2.691100, 2.691151, -0.000346
2.691100, 3.265392, 0.058304
2.691100, 10.272107, -0.074485
2.691100, 2.882721, -0.025336
2.691100, 2.702652, 0.004497
2.691100, 4.157270, 0.103816
2.691100, 6.013332, -0.129625
2.691100, 2.751167, -0.010723
2.691100, 2.790554, 0.015356
2.691100, 7.487747, 0.121783
2.691100, 3.696930, -0.084676
2.691100, 2.693798, -0.002395
2.691100, 3.026773, 0.039026
2.691100, 11.745904, 0.000311
2.691100, 3.028195, -0.039152
2.691100, 2.693776, 0.002382
2.691100, 3.694662, 0.084561
2.691100, 7.497954, -0.121680
2.691100, 2.790837, -0.015388
2.691100, 2.750974, 0.010700
2.691100, 6.005918, 0.129621
2.691100, 4.160567, -0.103927
2.691100, 2.702734, -0.004509
2.691100, 2.882339, 0.025297
2.691100, 10.263493, 0.074702
2.691100, 3.266429, -0.058380
2.691100, 2.691149, 0.000338
2.691100, 3.360664, 0.064983
2.691100, 9.505781, -0.091604
2.691100, 2.852436, -0.022190
2.691100, 2.711682, 0.005770
2.691100, 4.508461, 0.113851
2.691100, 5.372275, -0.127039
2.691100, 2.734454, -0.008660
2.691100, 2.814612, 0.018063
2.691100, 8.329828, 0.111533
2.691100, 3.533896, -0.075826
2.691100, 2.692489, -0.001410
2.691100, 3.140309, 0.048677
2.691100, 11.272412, -0.042139
2.691100, 2.941009, -0.031092
2.691100, 2.696581, 0.003355
2.691100, 3.883628, 0.093389
2.691100, 6.764269, -0.127543
2.691100, 2.770925, -0.013090
2.691100, 2.767495, 0.012686
2.691100, 6.635240, 0.128218
2.691100, 3.923552, -0.095074
2.691100, 2.697352, -0.003537
2.691100, 2.928607, 0.029894
2.691100, 11.110905, 0.048829
2.691100, 3.162390, -0.050451
2.691100, 2.692213, 0.001216
2.691100, 3.501898, 0.073941
2.691100, 8.523774, -0.108695
2.691100, 2.820410, -0.018709
2.691100, 2.730228, 0.008136
2.691100, 5.211618, 0.125565
2.691100, 4.624231, -0.116469
2.691100, 2.714717, -0.006172
2.691100, 2.845459, 0.021447
2.691100, 9.306156, 0.095466
2.691100, 3.387129, -0.066744
2.691100, 2.691251, -0.000515
2.691100, 3.243555, 0.056696
2.691100, 10.453982, -0.069740
2.691100, 2.891080, -0.026184
2.691100, 2.701078, 0.004251
2.691100, 4.093347, 0.101606
2.691100, 6.163738, -0.129591
2.691100, 2.755081, -0.011202
2.691100, 2.785006, 0.014724
2.691100, 7.286434, 0.123697
2.691100, 3.743488, -0.086983
2.691100, 2.694318, -0.002657
2.691100, 2.999567, 0.036573
2.691100, 11.702943, 0.012669
2.691100, 3.057675, -0.041744
2.691100, 2.693376, 0.002118
2.691100, 3.649980, 0.082252
2.691100, 7.707129, -0.119450
2.691100, 2.796681, -0.016049
2.691100, 2.747039, 0.010215
2.691100, 5.854368, 0.129418
2.691100, 4.231269, -0.106217
2.691100, 2.704522, -0.004773
2.691100, 2.874837, 0.024528
2.691100, 10.088623, 0.078968
2.691100, 3.287573, -0.059907
2.691100, 2.691117, 0.000182
2.691100, 3.338337, 0.063465
2.691100, 9.679320, -0.088066
2.691100, 2.858759, -0.022857
2.691100, 2.709354, 0.005454
2.691100, 4.418991, 0.111608
2.691100, 5.511139, -0.128020
2.691100, 2.738095, -0.009110
2.691100, 2.809625, 0.017505
2.691100, 8.159811, 0.113877
2.691100, 3.563415, -0.077521
2.691100, 2.692726, -0.001589
2.691100, 3.119499, 0.046976
2.691100, 11.411386, -0.035397
2.691100, 2.953783, -0.032312
2.691100, 2.695909, 0.003182
2.691100, 3.846835, 0.091783
2.691100, 6.890380, -0.126773
2.691100, 2.774292, -0.013484
2.691100, 2.764238, 0.012300
2.691100, 6.512263, 0.128747
2.691100, 3.963971, -0.096720
2.691100, 2.698173, -0.003716
2.691100, 2.917457, 0.028806
2.691100, 10.942551, 0.054951
2.691100, 3.184040, -0.052159
2.691100, 2.691928, 0.001026
2.691100, 3.470162, 0.072020
2.691100, 8.726398, -0.105546
2.691100, 2.826615, -0.019396
2.691100, 2.725869, 0.007593
2.691100, 5.046327, 0.123634
2.691100, 4.759825, -0.119155
2.691100, 2.718295, -0.006635
2.691100, 2.838614, 0.020709
2.691100, 9.102229, 0.099198
2.691100, 3.415185, -0.068569
2.691100, 2.691441, -0.000693
2.691100, 3.222080, 0.055085
2.691100, 10.632604, -0.064730
2.691100, 2.899947, -0.027074
2.691100, 2.699842, 0.004041
2.691100, 4.040740, 0.099688
2.691100, 6.297788, -0.129388
2.691100, 2.758586, -0.011626
2.691100, 2.780519, 0.014209
2.691100, 7.121755, 0.125092
2.691100, 3.784400, -0.088935
2.691100, 2.694877, -0.002874
2.691100, 2.979080, 0.034687
2.691100, 11.609910, 0.022548
2.691100, 3.083163, -0.043934
2.691100, 2.693091, 0.001898
2.691100, 3.613586, 0.080306
2.691100, 7.889456, -0.117325
2.691100, 2.801840, -0.016631
2.691100, 2.743520, 0.009780
2.691100, 5.719077, 0.129031
2.691100, 4.300246, -0.108311
2.691100, 2.706285, -0.005026
2.691100, 2.868349, 0.023858
2.691100, 9.929080, 0.082651
2.691100, 3.307100, -0.061294
2.691100, 2.691101, 0.000040
2.691100, 3.318226, 0.062074
2.691100, 9.839272, -0.084645
2.691100, 2.864827, -0.023491
2.691100, 2.707345, 0.005175
2.691100, 4.341399, 0.109496
2.691100, 5.643664, -0.128725
2.691100, 2.741555, -0.009537
2.691100, 2.804691, 0.016951
2.691100, 7.989128, 0.116094
2.691100, 3.594594, -0.079266
2.691100, 2.692952, -0.001781
2.691100, 3.096849, 0.045091
2.691100, 11.542953, -0.027554
2.691100, 2.969060, -0.033752
2.691100, 2.695233, 0.002989
2.691100, 3.807304, 0.089998
2.691100, 7.034201, -0.125767
2.691100, 2.778153, -0.013935
2.691100, 2.760629, 0.011871
2.691100, 6.375516, 0.129199
2.691100, 4.011928, -0.098598
2.691100, 2.699196, -0.003922
2.691100, 2.905862, 0.027662
2.691100, 10.743611, 0.061407
2.691100, 3.208624, -0.054061
2.691100, 2.691599, 0.000809
2.691100, 3.434131, 0.069776
2.691100, 8.969133, -0.101523
2.691100, 2.834282, -0.020238
2.691100, 2.720857, 0.006962
2.691100, 4.856747, 0.120844
2.691100, 4.940893, -0.122163
2.691100, 2.723082, -0.007243
2.691100, 2.830776, 0.019854
2.691100, 8.859249, 0.103379
2.691100, 3.450192, -0.070785
2.691100, 2.691744, -0.000906
2.691100, 3.197586, 0.053212
2.691100, 10.833707, -0.058571
2.691100, 2.910937, -0.028165
2.691100, 2.698719, 0.003828
2.691100, 3.989902, 0.097746
2.691100, 6.437141, -0.129014
2.691100, 2.762254, -0.012065
2.691100, 2.776381, 0.013729
2.691100, 6.968334, 0.126244
2.691100, 3.825103, -0.090809
2.691100, 2.695530, -0.003077
2.691100, 2.961922, 0.033082
2.691100, 11.486038, 0.031188
2.691100, 3.107149, -0.045952
2.691100, 2.692851, 0.001694
2.691100, 3.580457, 0.078480
2.691100, 8.065413, -0.115120
2.691100, 2.806887, -0.017198
2.691100, 2.740031, 0.009349
2.691100, 5.585212, 0.128441
2.691100, 4.374754, -0.110424
2.691100, 2.708207, -0.005295
2.691100, 2.862147, 0.023212
2.691100, 9.769410, 0.086159
2.691100, 3.326960, -0.062681
2.691100, 2.691107, -0.000102
2.691100, 3.298574, 0.060691
2.691100, 9.998467, -0.081072
2.691100, 2.871133, -0.024146
2.691100, 2.705504, 0.004915
2.691100, 4.269749, 0.107402
2.691100, 5.777462, -0.129223
2.691100, 2.745039, -0.009968
2.691100, 2.799626, 0.016382
2.691100, 7.811495, 0.118254
2.691100, 3.628876, -0.081131
2.691100, 2.693207, -0.001991
2.691100, 3.072337, 0.043010
2.691100, 11.654898, -0.018442
2.691100, 2.987474, -0.035464
2.691100, 2.694625, 0.002782
2.691100, 3.766834, 0.088106
2.691100, 7.191128, -0.124524
2.691100, 2.782403, -0.014426
2.691100, 2.757064, 0.011443
2.691100, 6.239686, 0.129495
2.691100, 4.063070, -0.100513
2.691100, 2.700358, -0.004131
2.691100, 2.895911, 0.026670
2.691100, 10.553129, 0.067006
2.691100, 3.231651, -0.055807
2.691100, 2.691345, 0.000612
2.691100, 3.402321, 0.067738
2.691100, 9.194726, -0.097531
2.691100, 2.841686, -0.021041
2.691100, 2.716617, 0.006419
2.691100, 4.696288, 0.117945
2.691100, 5.120991, -0.124561
2.691100, 2.727840, -0.007839
2.691100, 2.823776, 0.019082
2.691100, 8.634354, 0.107000
2.691100, 3.484377, -0.072887
2.691100, 2.692058, -0.001111
2.691100, 3.174389, 0.051401
2.691100, 11.018584, -0.052274
2.691100, 2.922312, -0.029281
2.691100, 2.697801, 0.003637
2.691100, 3.945865, 0.095990
2.691100, 6.566438, -0.128528
2.691100, 2.765672, -0.012470
2.691100, 2.772806, 0.013310
2.691100, 6.834767, 0.127126
2.691100, 3.862802, -0.092486
2.691100, 2.696196, -0.003257
2.691100, 2.948102, 0.031771
2.691100, 11.352932, 0.038376
2.691100, 3.128528, -0.047718
2.691100, 2.692628, 0.001512
2.691100, 3.550749, 0.076799
2.691100, 8.231741, -0.112902
2.691100, 2.811725, -0.017740
2.691100, 2.736576, 0.008922
2.691100, 5.453125, 0.127642
2.691100, 4.455281, -0.112542
2.691100, 2.710297, -0.005582
2.691100, 2.856105, 0.022577
2.691100, 9.607315, 0.089555
2.691100, 3.347532, -0.064094
2.691100, 2.691127, -0.000247
2.691100, 3.278754, 0.059274
2.691100, 10.161344, -0.077225
2.691100, 2.877903, -0.024843
2.691100, 2.703756, 0.004661
2.691100, 4.201117, 0.105259
2.691100, 5.917307, -0.129531
2.691100, 2.748674, -0.010416
2.691100, 2.794251, 0.015775
2.691100, 7.620474, 0.120401
2.691100, 3.668087, -0.083199
2.691100, 2.693530, -0.002226
2.691100, 3.045425, 0.040675
2.691100, 11.730221, -0.007657
2.691100, 3.010370, -0.037553
2.691100, 2.694088, 0.002550
2.691100, 3.724172, 0.086037
2.691100, 7.368082, -0.122948
2.691100, 2.787248, -0.014980
2.691100, 2.753459, 0.011004
2.691100, 6.101475, 0.129631
2.691100, 4.119144, -0.102513
2.691100, 2.701706, -0.004351
2.691100, 2.887452, 0.025817
2.691100, 10.376648, 0.071797
2.691100, 3.252833, -0.057383
2.691100, 2.691197, 0.000442
2.691100, 3.375971, 0.066006
2.691100, 9.389482, -0.093880
2.691100, 2.848335, -0.021754
2.691100, 2.713392, 0.005998
2.691100, 4.573807, 0.115367
2.691100, 5.279166, -0.126231
2.691100, 2.732007, -0.008357
2.691100, 2.817949, 0.018435
2.691100, 8.441957, 0.109913
2.691100, 3.515192, -0.074731
2.691100, 2.692329, -0.001297
2.691100, 3.153229, 0.049719
2.691100, 11.179382, -0.046110
2.691100, 2.933618, -0.030380
2.691100, 2.697021, 0.003461
2.691100, 3.906769, 0.094373
2.691100, 6.688530, -0.127953
2.691100, 2.768909, -0.012853
2.691100, 2.769487, 0.012921
2.691100, 6.710264, 0.127840
2.691100, 3.900044, -0.094089
2.691100, 2.696892, -0.003431
2.691100, 2.935707, 0.030581
2.691100, 11.206631, 0.044982
2.691100, 3.149508, -0.049420
2.691100, 2.692376, 0.001329
2.691100, 3.520586, 0.075048
2.691100, 8.409262, -0.110391
2.691100, 2.816972, -0.018326
2.691100, 2.732720, 0.008445
2.691100, 5.306280, 0.126479
2.691100, 4.554299, -0.114925
2.691100, 2.712880, -0.005930
2.691100, 2.849513, 0.021880
2.691100, 9.423170, 0.093228
2.691100, 3.371507, -0.065709
2.691100, 2.691180, -0.000412
2.691100, 3.256695, 0.057667
2.691100, 10.344472, -0.072636
2.691100, 2.885975, -0.025667
2.691100, 2.701985, 0.004395
2.691100, 4.130490, 0.102906
2.691100, 6.074773, -0.129637
2.691100, 2.752764, -0.010919
2.691100, 2.788235, 0.015093
2.691100, 7.403925, 0.122607
2.691100, 3.715883, -0.085626
2.691100, 2.693996, -0.002503
2.691100, 3.015222, 0.037991
2.691100, 11.737969, 0.005451
2.691100, 3.040164, -0.040212
2.691100, 2.693600, 0.002273
2.691100, 3.676045, 0.083610
2.691100, 7.583215, -0.120799
2.691100, 2.793210, -0.015657
2.691100, 2.749373, 0.010502
2.691100, 5.944240, 0.129567
2.691100, 4.188563, -0.104852
2.691100, 2.703439, -0.004614
2.691100, 2.879232, 0.024980
2.691100, 10.192330, 0.076469
2.691100, 3.275008, -0.059003
2.691100, 2.691132, 0.000274
2.691100, 3.351476, 0.064362
2.691100, 9.576655, -0.090180
2.691100, 2.854988, -0.022460
2.691100, 2.710707, 0.005638
2.691100, 4.471051, 0.112938
2.691100, 5.428648, -0.127469
2.691100, 2.735934, -0.008843
2.691100, 2.812603, 0.017838
2.691100, 8.261642, 0.112489
2.691100, 3.545561, -0.076501
2.691100, 2.692586, -0.001480
2.691100, 3.132181, 0.048016
2.691100, 11.328454, -0.039557
2.691100, 2.945866, -0.031557
2.691100, 2.696315, 0.003288
2.691100, 3.869257, 0.092768
2.691100, 6.812673, -0.127260
2.691100, 2.772216, -0.013241
2.691100, 2.766242, 0.012538
2.691100, 6.587985, 0.128434
2.691100, 3.938797, -0.095702
2.691100, 2.697658, -0.003605
2.691100, 2.924268, 0.029472
2.691100, 11.048028, 0.051200
2.691100, 3.170600, -0.051102
2.691100, 2.692108, 0.001144
2.691100, 3.489932, 0.073223
2.691100, 8.598957, -0.107549
2.691100, 2.822694, -0.018962
2.691100, 2.728603, 0.007934
2.691100, 5.149922, 0.124896
2.691100, 4.672707, -0.117475
2.691100, 2.715995, -0.006339
2.691100, 2.842883, 0.021170
2.691100, 9.230352, 0.096878
2.691100, 3.397429, -0.067419
2.691100, 2.691313, -0.000581
2.691100, 3.235407, 0.056089
2.691100, 10.521870, -0.067880
2.691100, 2.894365, -0.026515
2.691100, 2.700576, 0.004168
2.691100, 4.072310, 0.100850
2.691100, 6.216168, -0.129531
2.691100, 2.756450, -0.011368
2.691100, 2.783194, 0.014517
2.691100, 7.220115, 0.124278
2.691100, 3.759639, -0.087762
2.691100, 2.694527, -0.002744
2.691100, 2.991089, 0.035796
2.691100, 11.671281, 0.016698
2.691100, 3.067843, -0.042623
2.691100, 2.693258, 0.002030
2.691100, 3.635293, 0.081474
2.691100, 7.779368, -0.118628
2.691100, 2.798717, -0.016279
2.691100, 2.745659, 0.010044
2.691100, 5.801302, 0.129290
2.691100, 4.257621, -0.107033
2.691100, 2.705194, -0.004870
2.691100, 2.872278, 0.024264
2.691100, 10.026608, 0.080422
2.691100, 3.295131, -0.060447
2.691100, 2.691110, 0.000127
2.691100, 3.330515, 0.062927
2.691100, 9.741154, -0.086762
2.691100, 2.861076, -0.023099
2.691100, 2.708563, 0.005345
2.691100, 4.388503, 0.110797
2.691100, 5.561780, -0.128315
2.691100, 2.739419, -0.009273
2.691100, 2.807760, 0.017296
2.691100, 8.095596, 0.114727
2.691100, 3.574955, -0.078172
2.691100, 2.692811, -0.001660
2.691100, 3.111155, 0.046286
2.691100, 11.462545, -0.032571
2.691100, 2.959233, -0.032828
2.691100, 2.695651, 0.003111
2.691100, 3.832124, 0.091126
2.691100, 6.942858, -0.126421
2.691100, 2.775698, -0.013649
2.691100, 2.762897, 0.012141
2.691100, 6.461516, 0.128932
2.691100, 3.981380, -0.097411
2.691100, 2.698538, -0.003792
2.691100, 2.913020, 0.028370
2.691100, 10.869315, 0.057412
2.691100, 3.193183, -0.052871
2.691100, 2.691804, 0.000945
2.691100, 3.456669, 0.071188
2.691100, 8.815706, -0.104098
2.691100, 2.829403, -0.019703
2.691100, 2.723986, 0.007357
2.691100, 4.975072, 0.122661
2.691100, 4.824345, -0.120300
2.691100, 2.720000, -0.006853
2.691100, 2.835690, 0.020391
2.691100, 9.012723, 0.100771
2.691100, 3.427867, -0.069379
2.691100, 2.691545, -0.000771
2.691100, 3.213006, 0.054396
2.691100, 10.707577, -0.062505
2.691100, 2.903904, -0.027468
2.691100, 2.699397, 0.003960
2.691100, 4.021030, 0.098945
2.691100, 6.350616, -0.129265
2.691100, 2.759974, -0.011793
2.691100, 2.778893, 0.014021
2.691100, 7.061630, 0.125561
2.691100, 3.800038, -0.089663
2.691100, 2.695117, -0.002953
2.691100, 2.972129, 0.034040
2.691100, 11.565041, 0.026009
2.691100, 3.092564, -0.044730
2.691100, 2.692994, 0.001818
2.691100, 3.600505, 0.079591
2.691100, 7.957764, -0.116487
2.691100, 2.803791, -0.016850
2.691100, 2.742176, 0.009614
2.691100, 5.667484, 0.128829
2.691100, 4.328178, -0.109121
2.691100, 2.707004, -0.005128
2.691100, 2.865931, 0.023606
2.691100, 9.867642, 0.084021
2.691100, 3.314700, -0.061828
2.691100, 2.691100, -0.000015
2.691100, 3.310590, 0.061539
2.691100, 9.900820, -0.083284
2.691100, 2.867231, -0.023742
2.691100, 2.706612, 0.005073
2.691100, 4.312976, 0.108683
2.691100, 5.695347, -0.128942
2.691100, 2.742902, -0.009704
2.691100, 2.802738, 0.016732
2.691100, 7.920935, 0.116942
2.691100, 3.607522, -0.079975
2.691100, 2.693046, -0.001861
2.691100, 3.087506, 0.044302
2.691100, 11.589818, -0.024159
2.691100, 2.975831, -0.034385
2.691100, 2.694985, 0.002910
2.691100, 3.791574, 0.089271
2.691100, 7.093988, -0.125311
2.691100, 2.779767, -0.014122
2.691100, 2.759219, 0.011702
2.691100, 6.321884, 0.129335
2.691100, 4.031681, -0.099348
2.691100, 2.699636, -0.004004
2.691100, 2.901718, 0.027250
2.691100, 10.666513, 0.063733
2.691100, 3.217982, -0.054775
2.691100, 2.691486, 0.000728
2.691100, 3.420858, 0.068932
2.691100, 9.061979, -0.099910
2.691100, 2.837294, -0.020566
2.691100, 2.719052, 0.006732
2.691100, 4.788488, 0.119674
2.691100, 5.014129, -0.123205
2.691100, 2.725018, -0.007486
2.691100, 2.827863, 0.019534
2.691100, 8.766538, 0.104900
2.691100, 3.464062, -0.071645
2.691100, 2.691872, -0.000989
2.691100, 3.188172, 0.052481
2.691100, 10.909584, -0.056072
2.691100, 2.915433, -0.028607
2.691100, 2.698337, 0.003750
2.691100, 3.971799, 0.097032
2.691100, 6.489285, -0.128833
2.691100, 2.763631, -0.012228
2.691100, 2.774927, 0.013559
2.691100, 6.914072, 0.126617
2.691100, 3.840151, -0.091485
2.691100, 2.695791, -0.003150
2.691100, 2.956231, 0.032544
2.691100, 11.434954, 0.034124
2.691100, 3.115714, -0.046663
2.691100, 2.692766, 0.001622
2.691100, 3.568667, 0.077818
2.691100, 8.130433, -0.114268
2.691100, 2.808770, -0.017409
2.691100, 2.738705, 0.009185
2.691100, 5.534446, 0.128160
2.691100, 4.404825, -0.111234
2.691100, 2.708987, -0.005403
2.691100, 2.859826, 0.022968
2.691100, 9.707912, 0.087466
2.691100, 3.334712, -0.063216
2.691100, 2.691114, -0.000157
2.691100, 3.291073, 0.060157
2.691100, 10.059873, -0.079645
2.691100, 2.873645, -0.024405
2.691100, 2.704832, 0.004818
2.691100, 4.243421, 0.106596
2.691100, 5.829677, -0.129363
2.691100, 2.746397, -0.010135
2.691100, 2.797630, 0.016157
2.691100, 7.740859, 0.119069
2.691100, 3.643077, -0.081888
2.691100, 2.693320, -0.002077
2.691100, 3.062431, 0.042156
2.691100, 11.689095, -0.014569
2.691100, 2.995548, -0.036205
2.691100, 2.694414, 0.002698
2.691100, 3.751025, 0.087348
2.691100, 7.255268, -0.123973
2.691100, 2.784153, -0.014627
2.691100, 2.755718, 0.011280
2.691100, 6.188151, 0.129566
2.691100, 4.083476, -0.101253
2.691100, 2.700842, -0.004213
2.691100, 2.892582, 0.026335
2.691100, 10.485279, 0.068889
2.691100, 3.239800, -0.056417
2.691100, 2.691278, 0.000545
2.691100, 3.391821, 0.067052
2.691100, 9.271491, -0.096115
2.691100, 2.844276, -0.021320
2.691100, 2.715293, 0.006248
2.691100, 4.646105, 0.116929
2.691100, 5.183400, -0.125267
2.691100, 2.729485, -0.008044
2.691100, 2.821451, 0.018825
2.691100, 8.558112, 0.108175
2.691100, 3.496404, -0.073612
2.691100, 2.692165, -0.001183
2.691100, 3.166166, 0.050751
2.691100, 11.082145, -0.049927
2.691100, 2.926593, -0.029698
2.691100, 2.697491, 0.003569
2.691100, 3.930549, 0.095363
2.691100, 6.613416, -0.128320
2.691100, 2.766916, -0.012617
2.691100, 2.771520, 0.013160
2.691100, 6.786599, 0.127415
2.691100, 3.876959, -0.093102
2.691100, 2.696456, -0.003324
2.691100, 2.943241, 0.031306
2.691100, 11.298657, 0.040950
2.691100, 3.136540, -0.048371
2.691100, 2.692535, 0.001442
2.691100, 3.539323, 0.076141
2.691100, 8.297944, -0.111982
2.691100, 2.813671, -0.017958
2.691100, 2.735148, 0.008746
2.691100, 5.398707, 0.127246
2.691100, 4.490727, -0.113422
2.691100, 2.711219, -0.005708
2.691100, 2.853628, 0.022316
2.691100, 9.539024, 0.090939
2.691100, 3.356342, -0.064691
2.691100, 2.691140, -0.000308
2.691100, 3.270434, 0.058671
2.691100, 10.230241, -0.075533
2.691100, 2.880878, -0.025148
2.691100, 2.703059, 0.004558
2.691100, 4.173489, 0.104356
2.691100, 5.977168, -0.129600
2.691100, 2.750228, -0.010608
2.691100, 2.791940, 0.015513
2.691100, 7.537647, 0.121274
2.691100, 3.685923, -0.084116
2.691100, 2.693692, -0.002331
2.691100, 3.033750, 0.039646
2.691100, 11.743951, -0.002718
2.691100, 3.021320, -0.038539
2.691100, 2.693888, 0.002446
2.691100, 3.705751, 0.085120
2.691100, 7.448407, -0.122175
2.691100, 2.789464, -0.015233
2.691100, 2.751913, 0.010815
2.691100, 6.042025, 0.129635
2.691100, 4.144645, -0.103390
2.691100, 2.702337, -0.004449
2.691100, 2.884219, 0.025489
2.691100, 10.305655, 0.073634
2.691100, 3.261358, -0.058009
2.691100, 2.691163, 0.000376
2.691100, 3.366245, 0.065357
2.691100, 9.463117, -0.092447
2.691100, 2.850920, -0.022029
2.691100, 2.712291, 0.005852
2.691100, 4.531794, 0.114404
2.691100, 5.338272, -0.126758
2.691100, 2.733561, -0.008550
2.691100, 2.815825, 0.018198
2.691100, 8.370752, 0.110948
2.691100, 3.527002, -0.075425
2.691100, 2.692431, -0.001368
2.691100, 3.145078, 0.049063
2.691100, 11.238599, -0.043623
2.691100, 2.938235, -0.030825
2.691100, 2.696740, 0.003394
2.691100, 3.892107, 0.093752
2.691100, 6.736207, -0.127700
2.691100, 2.770178, -0.013002
2.691100, 2.768226, 0.012772
2.691100, 6.662816, 0.128083
2.691100, 3.914814, -0.094710
2.691100, 2.697179, -0.003498
2.691100, 2.931181, 0.030144
2.691100, 11.146634, 0.047429
2.691100, 3.157642, -0.050072
2.691100, 2.692274, 0.001258
2.691100, 3.508791, 0.074352
2.691100, 8.481127, -0.109334
2.691100, 2.819124, -0.018566
2.691100, 2.731154, 0.008251
2.691100, 5.246770, 0.125920
2.691100, 4.597658, -0.115895
2.691100, 2.714019, -0.006081
2.691100, 2.846946, 0.021606
2.691100, 9.349428, 0.094647
2.691100, 3.381314, -0.066360
2.691100, 2.691221, -0.000477
2.691100, 3.248325, 0.057050
2.691100, 10.414217, -0.070806
2.691100, 2.889200, -0.025994
2.691100, 2.701393, 0.004302
2.691100, 4.106354, 0.102066
2.691100, 6.132073, -0.129616
2.691100, 2.754255, -0.011102
2.691100, 2.786134, 0.014853
2.691100, 7.327589, 0.123324
2.691100, 3.733675, -0.086505
2.691100, 2.694199, -0.002603
2.691100, 3.004965, 0.037064
2.691100, 11.718347, 0.010148
2.691100, 3.051458, -0.041203
2.691100, 2.693452, 0.002173
2.691100, 3.659102, 0.082731
2.691100, 7.663145, -0.119938
2.691100, 2.795445, -0.015910
2.691100, 2.747870, 0.010317
2.691100, 5.886385, 0.129481
2.691100, 4.215785, -0.105728
2.691100, 2.704128, -0.004716
2.691100, 2.876391, 0.024688
2.691100, 10.125694, 0.078084
2.691100, 3.283072, -0.059584
2.691100, 2.691122, 0.000215
2.691100, 3.343017, 0.063786
2.691100, 9.642581, -0.088830
2.691100, 2.857399, -0.022714
2.691100, 2.709832, 0.005519
2.691100, 4.437388, 0.112086
2.691100, 5.481430, -0.127832
2.691100, 2.737318, -0.009014
2.691100, 2.810705, 0.017626
2.691100, 8.196847, 0.113378
2.691100, 3.556860, -0.077148
2.691100, 2.692676, -0.001549
2.691100, 3.124191, 0.047362
2.691100, 11.381391, -0.036955
2.691100, 2.950804, -0.032028
2.691100, 2.696058, 0.003221
2.691100, 3.855131, 0.092149
2.691100, 6.861313, -0.126960
2.691100, 2.773515, -0.013393
2.691100, 2.764987, 0.012389
2.691100, 6.540553, 0.128635
2.691100, 3.954456, -0.096338
2.691100, 2.697977, -0.003674
2.691100, 2.919979, 0.029053
2.691100, 10.982585, 0.053558
2.691100, 3.178981, -0.051762
2.691100, 2.691996, 0.001070
2.691100, 3.477623, 0.072477
2.691100, 8.677829, -0.106318
2.691100, 2.825112, -0.019230
2.691100, 2.726906, 0.007723
2.691100, 5.085603, 0.124134
2.691100, 4.725908, -0.118520
2.691100, 2.717399, -0.006520
2.691100, 2.840228, 0.020884
2.691100, 9.151003, 0.098324
2.691100, 3.408372, -0.068130
2.691100, 2.691389, -0.000650
2.691100, 3.227096, 0.055464
2.691100, 10.590989, -0.065932
2.691100, 2.897815, -0.026861
2.691100, 2.700106, 0.004088
2.691100, 4.052230, 0.100115
2.691100, 6.267664, -0.129447
2.691100, 2.757797, -0.011531
2.691100, 2.781484, 0.014320
2.691100, 7.157304, 0.124804
2.691100, 3.775336, -0.088509
2.691100, 2.694744, -0.002827
2.691100, 2.983334, 0.035081
2.691100, 11.633939, 0.020457
2.691100, 3.077607, -0.043461
2.691100, 2.693150, 0.001946
2.691100, 3.621402, 0.080729
2.691100, 7.849353, -0.117806
2.691100, 2.800700, -0.016502
2.691100, 2.744304, 0.009877
2.691100, 5.749191, 0.129135
2.691100, 4.284373, -0.107841
2.691100, 2.705878, -0.004968
2.691100, 2.869780, 0.024006
2.691100, 9.964920, 0.081839
2.691100, 3.302689, -0.060983
2.691100, 2.691104, 0.000072
2.691100, 3.322728, 0.062387
2.691100, 9.803192, -0.085431
2.691100, 2.863437, -0.023346
2.691100, 2.707787, 0.005237
2.691100, 4.358496, 0.109975
2.691100, 5.613414, -0.128583
2.691100, 2.740767, -0.009440
2.691100, 2.805830, 0.017079
2.691100, 8.028753, 0.115592
2.691100, 3.587208, -0.078856
2.691100, 2.692899, -0.001736
2.691100, 3.102226, 0.045541
2.691100, 11.513894, -0.029465
2.691100, 2.965293, -0.033399
2.691100, 2.695385, 0.003035
2.691100, 3.816541, 0.090421
2.691100, 6.999787, -0.126020
2.691100, 2.777227, -0.013827
2.691100, 2.761470, 0.011971
2.691100, 6.407421, 0.129107
2.691100, 4.000437, -0.098155
2.691100, 2.698946, -0.003873
2.691100, 2.908452, 0.027919
2.691100, 10.790180, 0.059958
2.691100, 3.202935, -0.053624
2.691100, 2.691673, 0.000859
2.691100, 3.442368, 0.070295
2.691100, 8.912440, -0.102487
2.691100, 2.832466, -0.020039
2.691100, 2.721994, 0.007106
2.691100, 4.899751, 0.121534
2.691100, 4.897086, -0.121492
2.691100, 2.721924, -0.007097
2.691100, 2.832576, 0.020051
2.691100, 8.915919, 0.102429
2.691100, 3.441860, -0.070263
2.691100, 2.691668, -0.000856
2.691100, 3.203284, 0.053651
2.691100, 10.787329, -0.060048
2.691100, 2.908292, -0.027903
2.691100, 2.698960, 0.003876
2.691100, 4.001133, 0.098182
2.691100, 6.405474, -0.129113
2.691100, 2.761418, -0.011965
2.691100, 2.777283, 0.013834
2.691100, 7.001867, 0.126005
2.691100, 3.815979, -0.090395
2.691100, 2.695376, -0.003032
2.691100, 2.965518, 0.033420
2.691100, 11.515692, 0.029350
2.691100, 3.101901, -0.045514
2.691100, 2.692902, 0.001739
2.691100, 3.587654, 0.078881
2.691100, 8.026347, -0.115623
2.691100, 2.805761, -0.017071
2.691100, 2.740815, 0.009446
2.691100, 5.615257, 0.128592
2.691100, 4.357444, -0.109946
2.691100, 2.707759, -0.005233
2.691100, 2.863521, 0.023355
2.691100, 9.805394, 0.085383
2.691100, 3.322453, -0.062368
2.691100, 2.691104, -0.000070
2.691100, 3.302958, 0.061002
2.691100, 9.962734, -0.081889
2.691100, 2.869692, -0.023997
2.691100, 2.705903, 0.004972
2.691100, 4.285333, 0.107870
2.691100, 5.747353, -0.129129
2.691100, 2.744256, -0.009871
2.691100, 2.800769, 0.016510
2.691100, 7.851806, 0.117777
2.691100, 3.620921, -0.080703
2.691100, 2.693146, -0.001943
2.691100, 3.077948, 0.043490
2.691100, 11.632522, -0.020586
2.691100, 2.983070, -0.035057
2.691100, 2.694752, 0.002829
2.691100, 3.775889, 0.088535
2.691100, 7.155122, -0.124822
2.691100, 2.781425, -0.014313
2.691100, 2.757845, 0.011537
2.691100, 6.269490, 0.129444
2.691100, 4.051528, -0.100089
2.691100, 2.700090, -0.004085
2.691100, 2.897942, 0.026873
2.691100, 10.593487, 0.065860
2.691100, 3.226796, -0.055442
2.691100, 2.691392, 0.000653
2.691100, 3.408776, 0.068156
2.691100, 9.148096, -0.098377
2.691100, 2.840131, -0.020873
2.691100, 2.717451, 0.006527
2.691100, 4.727904, 0.118558
2.691100, 5.083255, -0.124104
2.691100, 2.726844, -0.007715
2.691100, 2.825202, 0.019240
2.691100, 8.680721, 0.106273
2.691100, 3.477176, -0.072449
2.691100, 2.691992, -0.001068
2.691100, 3.179284, 0.051786
2.691100, 10.980196, -0.053642
2.691100, 2.919827, -0.029038
2.691100, 2.697989, 0.003677
2.691100, 3.955024, 0.096361
2.691100, 6.538851, -0.128642
2.691100, 2.764942, -0.012384
2.691100, 2.773561, 0.013399
2.691100, 6.863060, 0.126949
2.691100, 3.854629, -0.092127
2.691100, 2.696049, -0.003219
2.691100, 2.950982, 0.032045
2.691100, 11.383227, 0.036862
2.691100, 3.123908, -0.047339
2.691100, 2.692679, 0.001552
2.691100, 3.557258, 0.077171
2.691100, 8.194588, -0.113408
2.691100, 2.810639, -0.017618
2.691100, 2.737365, 0.009020
2.691100, 5.483252, 0.127844
2.691100, 4.436248, -0.112056
2.691100, 2.709802, -0.005515
2.691100, 2.857483, 0.022722
2.691100, 9.644842, 0.088783
2.691100, 3.342728, -0.063766
2.691100, 2.691122, -0.000213
2.691100, 3.283349, 0.059604
2.691100, 10.123409, -0.078139
2.691100, 2.876295, -0.024678
2.691100, 2.704152, 0.004719
2.691100, 4.216733, 0.105758
2.691100, 5.884407, -0.129477
2.691100, 2.747819, -0.010311
2.691100, 2.795522, 0.015919
2.691100, 7.665869, 0.119908
2.691100, 3.658533, -0.082701
2.691100, 2.693447, -0.002170
2.691100, 3.051844, 0.041237
2.691100, 11.717484, -0.010305
2.691100, 3.004626, -0.037033
2.691100, 2.694206, 0.002606
2.691100, 3.734283, 0.086534
2.691100, 7.325023, -0.123348
2.691100, 2.786064, -0.014845
2.691100, 2.754306, 0.011108
2.691100, 6.134029, 0.129615
2.691100, 4.105544, -0.102038
2.691100, 2.701374, -0.004299
2.691100, 2.889314, 0.026006
2.691100, 10.416647, 0.070741
2.691100, 3.248034, -0.057029
2.691100, 2.691223, 0.000480
2.691100, 3.381665, 0.066384
2.691100, 9.346810, -0.094697
2.691100, 2.846856, -0.021596
2.691100, 2.714060, 0.006086
2.691100, 4.599242, 0.115930
2.691100, 5.244647, -0.125899
2.691100, 2.731098, -0.008244
2.691100, 2.819202, 0.018575
2.691100, 8.483698, 0.109296
2.691100, 3.508373, -0.074327
2.691100, 2.692270, -0.001256
2.691100, 3.157930, 0.050095
2.691100, 11.144481, -0.047515
2.691100, 2.931024, -0.030129
2.691100, 2.697189, 0.003500
2.691100, 3.915342, 0.094732
2.691100, 6.661140, -0.128092
2.691100, 2.768182, -0.012767
2.691100, 2.770223, 0.013007
2.691100, 6.737906, 0.127691
2.691100, 3.891590, -0.093730
2.691100, 2.696730, -0.003392
2.691100, 2.938402, 0.030841
2.691100, 11.240670, 0.043534
2.691100, 3.144789, -0.049040
2.691100, 2.692434, 0.001371
2.691100, 3.527421, 0.075449
2.691100, 8.368252, -0.110984
2.691100, 2.815751, -0.018190
2.691100, 2.733615, 0.008556
2.691100, 5.340350, 0.126776
2.691100, 4.530351, -0.114370
2.691100, 2.712254, -0.005847
2.691100, 2.851012, 0.022039
2.691100, 9.465719, 0.092396
2.691100, 3.365904, -0.065334
2.691100, 2.691162, -0.000374
2.691100, 3.261664, 0.058032
2.691100, 10.303103, -0.073699
2.691100, 2.884104, -0.025477
2.691100, 2.702360, 0.004453
2.691100, 4.145593, 0.103422
2.691100, 6.039854, -0.129635
2.691100, 2.751856, -0.010808
2.691100, 2.789546, 0.015242
2.691100, 7.451374, 0.122145
2.691100, 3.705081, -0.085086
2.691100, 2.693881, -0.002442
2.691100, 3.021730, 0.038575
2.691100, 11.744207, 0.002536
2.691100, 3.033327, -0.039608
2.691100, 2.693698, 0.002335
2.691100, 3.686582, 0.084150
2.691100, 7.534634, -0.121306
2.691100, 2.791856, -0.015504
2.691100, 2.750284, 0.010615
2.691100, 5.979346, 0.129602
2.691100, 4.172502, -0.104324
2.691100, 2.703034, -0.004554
2.691100, 2.880988, 0.025159
2.691100, 10.232754, 0.075470
2.691100, 3.270131, -0.058649
2.691100, 2.691141, 0.000311
2.691100, 3.356666, 0.064713
2.691100, 9.536521, -0.090990
2.691100, 2.853538, -0.022306
2.691100, 2.711254, 0.005712
2.691100, 4.492050, 0.113455
2.691100, 5.396717, -0.127230
2.691100, 2.735096, -0.008739
2.691100, 2.813742, 0.017966
2.691100, 8.300348, 0.111949
2.691100, 3.538912, -0.076117
2.691100, 2.692532, -0.001440
2.691100, 3.136826, 0.048395
2.691100, 11.296681, -0.041040
2.691100, 2.943070, -0.031289
2.691100, 2.696466, 0.003326
2.691100, 3.877464, 0.093124
2.691100, 6.784898, -0.127425
2.691100, 2.771475, -0.013154
2.691100, 2.766960, 0.012623
2.691100, 6.615076, 0.128312
2.691100, 3.930015, -0.095341
2.691100, 2.697481, -0.003566
2.691100, 2.926746, 0.029713
2.691100, 11.084349, 0.049844
2.691100, 3.165878, -0.050728
2.691100, 2.692169, 0.001186
2.691100, 3.496824, 0.073637
2.691100, 8.555479, -0.108215
2.691100, 2.821371, -0.018816
2.691100, 2.729542, 0.008051
2.691100, 5.185562, 0.125290
2.691100, 4.644412, -0.116894
2.691100, 2.715249, -0.006242
2.691100, 2.844367, 0.021330
2.691100, 9.274146, 0.096066
2.691100, 3.391461, -0.067029
2.691100, 2.691276, -0.000543
2.691100, 3.240086, 0.056438
2.691100, 10.482898, -0.068954
2.691100, 2.892467, -0.026324
2.691100, 2.700859, 0.004215
2.691100, 4.084216, 0.101280
2.691100, 6.186309, -0.129568
2.691100, 2.755670, -0.011274
2.691100, 2.784217, 0.014634
2.691100, 7.257603, 0.123953
2.691100, 3.750457, -0.087321
2.691100, 2.694406, -0.002695
2.691100, 2.995847, 0.036233
2.691100, 11.690197, 0.014427
2.691100, 3.062074, -0.042125
2.691100, 2.693324, 0.002080
2.691100, 3.643594, 0.081915
2.691100, 7.738319, -0.119098
2.691100, 2.797559, -0.016148
2.691100, 2.746446, 0.010141
2.691100, 5.831541, 0.129367
2.691100, 4.242497, -0.106567
2.691100, 2.704808, -0.004815
2.691100, 2.873735, 0.024415
2.691100, 10.062049, 0.079594
2.691100, 3.290807, -0.060139
2.691100, 2.691114, 0.000159
2.691100, 3.334987, 0.063235
2.691100, 9.705743, -0.087512
2.691100, 2.859745, -0.022960
2.691100, 2.709014, 0.005407
2.691100, 4.405895, 0.111263
2.691100, 5.532672, -0.128150
2.691100, 2.738658, -0.009179
2.691100, 2.808836, 0.017416
2.691100, 8.132680, 0.114239
2.691100, 3.568264, -0.077795
2.691100, 2.692762, -0.001619
2.691100, 3.116005, 0.046688
2.691100, 11.433160, -0.034223
2.691100, 2.956041, -0.032526
2.691100, 2.695800, 0.003152
2.691100, 3.840665, 0.091508
2.691100, 6.912240, -0.126629
2.691100, 2.774877, -0.013553
2.691100, 2.763678, 0.012234
2.691100, 6.491058, 0.128827
2.691100, 3.971191, -0.097008
2.691100, 2.698324, -0.003748
2.691100, 2.915588, 0.028623
2.691100, 10.912140, 0.055986
2.691100, 3.187853, -0.052456
2.691100, 2.691876, 0.000992
2.691100, 3.464533, 0.071674
2.691100, 8.763421, -0.104950
2.691100, 2.827766, -0.019523
2.691100, 2.725084, 0.007495
2.691100, 5.016620, 0.123239
2.691100, 4.786243, -0.119634
2.691100, 2.718993, -0.006725
2.691100, 2.837396, 0.020577
2.691100, 9.065102, 0.099855
2.691100, 3.420416, -0.068904
2.691100, 2.691482, -0.000725
2.691100, 3.218299, 0.054799
2.691100, 10.663894, -0.063811
2.691100, 2.901580, -0.027237
2.691100, 2.699652, 0.004007
2.691100, 4.032371, 0.099374
2.691100, 6.320036, -0.129339
2.691100, 2.759171, -0.011697
2.691100, 2.779825, 0.014129
2.691100, 7.096097, 0.125295
2.691100, 3.791026, -0.089245
2.691100, 2.694977, -0.002907
2.691100, 2.976076, 0.034408
2.691100, 11.591383, 0.024037
2.691100, 3.087176, -0.044274
2.691100, 2.693049, 0.001864
2.691100, 3.607981, 0.080000
2.691100, 7.918540, -0.116971
2.691100, 2.802670, -0.016724
2.691100, 2.742949, 0.009710
2.691100, 5.697155, 0.128949
2.691100, 4.311999, -0.108654
2.691100, 2.706587, -0.005069
2.691100, 2.867316, 0.023750
2.691100, 9.902973, 0.083236
2.691100, 3.310324, -0.061521
2.691100, 2.691100, 0.000017
2.691100, 3.314968, 0.061846
2.691100, 9.865484, -0.084068
2.691100, 2.865846, -0.023598
2.691100, 2.707029, 0.005131
2.691100, 4.329176, 0.109149
2.691100, 5.665672, -0.128821
2.691100, 2.742129, -0.009608
2.691100, 2.803860, 0.016858
2.691100, 7.960154, 0.116457
2.691100, 3.600052, -0.079566
2.691100, 2.692991, -0.001815
2.691100, 3.092892, 0.044758
2.691100, 11.563389, -0.026128
2.691100, 2.971893, -0.034018
2.691100, 2.695126, 0.002956
2.691100, 3.800590, 0.089689
2.691100, 7.059535, -0.125577
2.691100, 2.778837, -0.014014
2.691100, 2.760023, 0.011799
2.691100, 6.352500, 0.129260
2.691100, 4.020337, -0.098919
2.691100, 2.699382, -0.003957
2.691100, 2.904050, 0.027482
2.691100, 10.710291, 0.062423
2.691100, 3.212677, -0.054371
2.691100, 2.691549, 0.000773
2.691100, 3.428335, 0.069409
2.691100, 9.009450, -0.100828
2.691100, 2.835584, -0.020380
2.691100, 2.720064, 0.006861
2.691100, 4.826757, 0.120341
2.691100, 4.972492, -0.122624
2.691100, 2.723918, -0.007348
2.691100, 2.829506, 0.019715
2.691100, 8.818974, 0.104044
2.691100, 3.456181, -0.071158
2.691100, 2.691799, -0.000942
2.691100, 3.193515, 0.052896
2.691100, 10.866641, -0.057500
2.691100, 2.912862, -0.028354
2.691100, 2.698551, 0.003794
2.691100, 3.982018, 0.097436
2.691100, 6.459681, -0.128938
2.691100, 2.762849, -0.012136
2.691100, 2.775749, 0.013655
2.691100, 6.944768, 0.126408
2.691100, 3.831594, -0.091102
2.691100, 2.695642, -0.003109
2.691100, 2.959434, 0.032847
2.691100, 11.464336, 0.032467
2.691100, 3.110854, -0.046261
2.691100, 2.692815, 0.001663
2.691100, 3.575369, 0.078195
2.691100, 8.093315, -0.114757
2.691100, 2.807694, -0.017288
2.691100, 2.739465, 0.009279
2.691100, 5.563559, 0.128325
2.691100, 4.387452, -0.110769
2.691100, 2.708536, -0.005341
2.691100, 2.861157, 0.023108
2.691100, 9.743306, 0.086717
2.691100, 3.330243, -0.062908
2.691100, 2.691110, -0.000125
2.691100, 3.295394, 0.060465
2.691100, 10.024460, -0.080471
2.691100, 2.872190, -0.024255
2.691100, 2.705218, 0.004874
2.691100, 4.258542, 0.107061
2.691100, 5.799477, -0.129285
2.691100, 2.745612, -0.010039
2.691100, 2.798787, 0.016287
2.691100, 7.781834, 0.118599
2.691100, 3.634798, -0.081448
2.691100, 2.693254, -0.002027
2.691100, 3.068188, 0.042653
2.691100, 11.670071, -0.016833
2.691100, 2.990808, -0.035771
2.691100, 2.694534, 0.002747
2.691100, 3.760191, 0.087789
2.691100, 7.217879, -0.124297
2.691100, 2.783132, -0.014510
2.691100, 2.756497, 0.011374
2.691100, 6.217968, 0.129528
2.691100, 4.071599, -0.100824
2.691100, 2.700559, -0.004165
2.691100, 2.894482, 0.026526
2.691100, 10.524245, 0.067814
2.691100, 3.235122, -0.056067
2.691100, 2.691315, 0.000584
2.691100, 3.397798, 0.067443
2.691100, 9.227660, -0.096927
2.691100, 2.842793, -0.021160
2.691100, 2.716041, 0.006345
2.691100, 4.674472, 0.117510
2.691100, 5.147734, -0.124871
2.691100, 2.728545, -0.007927
2.691100, 2.822775, 0.018972
2.691100, 8.601631, 0.107508
2.691100, 3.489511, -0.073197
2.691100, 2.692104, -0.001142
2.691100, 3.170888, 0.051125
2.691100, 11.045800, -0.051282
2.691100, 2.924118, -0.029457
2.691100, 2.697669, 0.003608
2.691100, 3.939334, 0.095724
2.691100, 6.586341, -0.128442
2.691100, 2.766199, -0.012533
2.691100, 2.772261, 0.013246
2.691100, 6.814358, 0.127250
2.691100, 3.868763, -0.092746
2.691100, 2.696305, -0.003286
2.691100, 2.946036, 0.031573
2.691100, 11.330346, 0.039467
2.691100, 3.131901, -0.047994
2.691100, 2.692590, 0.001483
2.691100, 3.545960, 0.076524
2.691100, 8.259333, -0.112521
2.691100, 2.812535, -0.017830
2.691100, 2.735984, 0.008849
2.691100, 5.430545, 0.127482
2.691100, 4.469819, -0.112907
2.691100, 2.710675, -0.005634
2.691100, 2.855075, 0.022469
2.691100, 9.579036, 0.090132
2.691100, 3.351169, -0.064341
2.691100, 2.691132, -0.000272
2.691100, 3.275299, 0.059024
2.691100, 10.189927, -0.076528
2.691100, 2.879128, -0.024969
2.691100, 2.703463, 0.004618
2.691100, 4.189530, 0.104883
2.691100, 5.942151, -0.129564
2.691100, 2.749319, -0.010496
2.691100, 2.793290, 0.015666
2.691100, 7.586108, 0.120768
2.691100, 3.675423, -0.083578
2.691100, 2.693595, -0.002270
2.691100, 3.040572, 0.040248
2.691100, 11.737458, -0.005623
2.691100, 3.014841, -0.037957
2.691100, 2.694003, 0.002507
2.691100, 3.716526, 0.085658
2.691100, 7.401126, -0.122634
2.691100, 2.788158, -0.015084
2.691100, 2.752818, 0.010926
2.691100, 6.076847, 0.129637
2.691100, 4.129602, -0.102875
2.691100, 2.701964, -0.004392
2.691100, 2.886088, 0.025679
2.691100, 10.346953, 0.072571
2.691100, 3.256397, -0.057646
2.691100, 2.691181, 0.000414
2.691100, 3.371847, 0.065732
2.691100, 9.420591, -0.093278
2.691100, 2.849422, -0.021870
2.691100, 2.712919, 0.005935
2.691100, 4.555775, 0.114959
2.691100, 5.304209, -0.126461
2.691100, 2.732665, -0.008439
2.691100, 2.817046, 0.018335
2.691100, 8.411757, 0.110355
2.691100, 3.520173, -0.075024
2.691100, 2.692372, -0.001327
2.691100, 3.149793, 0.049443
2.691100, 11.204555, -0.045069
2.691100, 2.935546, -0.030566
2.691100, 2.696901, 0.003433
2.691100, 3.900558, 0.094111
2.691100, 6.708597, -0.127849
2.691100, 2.769443, -0.012915
2.691100, 2.768954, 0.012858
2.691100, 6.690191, 0.127945
2.691100, 3.906252, -0.094351
2.691100, 2.697012, -0.003459
2.691100, 2.933777, 0.030395
2.691100, 11.181479, 0.046024
2.691100, 3.152944, -0.049696
2.691100, 2.692333, 0.001299
2.691100, 3.515604, 0.074755
2.691100, 8.439445, -0.109950
2.691100, 2.817874, -0.018427
2.691100, 2.732061, 0.008364
2.691100, 5.281247, 0.126250
2.691100, 4.572295, -0.115333
2.691100, 2.713352, -0.005993
2.691100, 2.848425, 0.021764
2.691100, 9.392063, 0.093830
2.691100, 3.375629, -0.065984
2.691100, 2.691196, -0.000440
2.691100, 3.253126, 0.057405
2.691100, 10.374203, -0.071862
2.691100, 2.887339, -0.025806
2.691100, 2.701727, 0.004355
2.691100, 4.119994, 0.102543
2.691100, 6.099460, -0.129632
2.691100, 2.753406, -0.010998
2.691100, 2.787322, 0.014989
2.691100, 7.370770, 0.122923
2.691100, 3.723547, -0.086006
2.691100, 2.694081, -0.002547
2.691100, 3.010732, 0.037586
2.691100, 11.730893, 0.007492
2.691100, 3.045028, -0.040640
2.691100, 2.693535, 0.002230
2.691100, 3.668684, 0.083230
2.691100, 7.617663, -0.120432
2.691100, 2.794172, -0.015766
2.691100, 2.748726, 0.010423
2.691100, 5.919341, 0.129534
2.691100, 4.200162, -0.105228
2.691100, 2.703732, -0.004658
2.691100, 2.878003, 0.024854
2.691100, 10.163685, 0.077168
2.691100, 3.278471, -0.059253
2.691100, 2.691127, 0.000249
2.691100, 3.347829, 0.064114
2.691100, 9.605000, -0.089602
2.691100, 2.856020, -0.022568
2.691100, 2.710328, 0.005587
2.691100, 4.456465, 0.112572
2.691100, 5.451273, -0.127629
2.691100, 2.736527, -0.008916
2.691100, 2.811792, 0.017747
2.691100, 8.234012, 0.112870
2.691100, 3.550353, -0.076776
2.691100, 2.692625, -0.001509
2.691100, 3.128808, 0.047741
2.691100, 11.351075, -0.038467
2.691100, 2.947930, -0.031754
2.691100, 2.696206, 0.003260
2.691100, 3.863296, 0.092508
2.691100, 6.833068, -0.127136
2.691100, 2.772760, -0.013305
2.691100, 2.765716, 0.012475
2.691100, 6.568094, 0.128521
2.691100, 3.945319, -0.095968
2.691100, 2.697790, -0.003634
2.691100, 2.922462, 0.029296
2.691100, 11.020866, 0.052192
2.691100, 3.174097, -0.051378
2.691100, 2.692062, 0.001114
2.691100, 3.484807, 0.072913
2.691100, 8.631606, -0.107043
2.691100, 2.823692, -0.019073
2.691100, 2.727899, 0.007846
2.691100, 5.123234, 0.124588
2.691100, 4.694440, -0.117909
2.691100, 2.716568, -0.006413
2.691100, 2.841779, 0.021051
2.691100, 9.197492, 0.097481
2.691100, 3.401940, -0.067713
2.691100, 2.691343, -0.000610
2.691100, 3.231941, 0.055829
2.691100, 10.550717, -0.067074
2.691100, 2.895791, -0.026658
2.691100, 2.700375, 0.004134
2.691100, 4.063774, 0.100539
2.691100, 6.237884, -0.129498
2.691100, 2.757017, -0.011437
2.691100, 2.782464, 0.014433
2.691100, 7.193331, 0.124505
2.691100, 3.766284, -0.088080
2.691100, 2.694617, -0.002779
2.691100, 2.987747, 0.035489
2.691100, 11.656196, 0.018310
2.691100, 3.071994, -0.042980
2.691100, 2.693211, 0.001994
2.691100, 3.629363, 0.081157
2.691100, 7.809042, -0.118283
2.691100, 2.799557, -0.016374
2.691100, 2.745087, 0.009974
2.691100, 5.779288, 0.129228
2.691100, 4.268814, -0.107374
2.691100, 2.705480, -0.004911
2.691100, 2.871220, 0.024155
2.691100, 10.000628, 0.081022
2.691100, 3.298309, -0.060673
2.691100, 2.691107, 0.000104
2.691100, 3.327233, 0.062700
2.691100, 9.767237, -0.086205
2.691100, 2.862064, -0.023203
2.691100, 2.708234, 0.005299
2.691100, 4.375807, 0.110452
2.691100, 5.583404, -0.128432
2.691100, 2.739984, -0.009343
2.691100, 2.806955, 0.017205
2.691100, 8.067752, 0.115090
2.691100, 3.580029, -0.078456
2.691100, 2.692848, -0.001692
2.691100, 3.107461, 0.045978
2.691100, 11.484234, -0.031296
2.691100, 2.961711, -0.033062
2.691100, 2.695539, 0.003080
2.691100, 3.825648, 0.090834
2.691100, 6.966345, -0.126258
2.691100, 2.776328, -0.013722
2.691100, 2.762303, 0.012071
2.691100, 6.439035, 0.129008
2.691100, 3.989236, -0.097719
2.691100, 2.698705, -0.003825
2.691100, 2.911098, 0.028180
2.691100, 10.836480, 0.058482
2.691100, 3.197244, -0.053185
2.691100, 2.691749, 0.000909
2.691100, 3.450695, 0.070816
2.691100, 8.855857, -0.103435
2.691100, 2.830669, -0.019842
2.691100, 2.723153, 0.007252
2.691100, 4.943540, 0.122202
2.691100, 4.854203, -0.120802
2.691100, 2.720790, -0.006953
2.691100, 2.834391, 0.020250
2.691100, 8.972527, 0.101465
2.691100, 3.433641, -0.069745
2.691100, 2.691595, -0.000806
2.691100, 3.208965, 0.054087
2.691100, 10.740813, -0.061493
2.691100, 2.905709, -0.027647
2.691100, 2.699211, 0.003925
2.691100, 4.012627, 0.098625
2.691100, 6.373591, -0.129204
2.691100, 2.760578, -0.011865
2.691100, 2.778210, 0.013941
2.691100, 7.036302, 0.125752
2.691100, 3.806744, -0.089972
2.691100, 2.695224, -0.002987
2.691100, 2.969293, 0.033774
2.691100, 11.544679, 0.027436
2.691100, 3.096521, -0.045063
2.691100, 2.692955, 0.001784
2.691100, 3.595045, 0.079290
2.691100, 7.986719, -0.116125
2.691100, 2.804621, -0.016943
2.691100, 2.741603, 0.009543
2.691100, 5.645496, 0.128733
2.691100, 4.340374, -0.109467
2.691100, 2.707318, -0.005172
2.691100, 2.864912, 0.023500
2.691100, 9.841456, 0.084597
2.691100, 3.317954, -0.062055
2.691100, 2.691101, -0.000038
2.691100, 3.307368, 0.061313
2.691100, 9.926909, -0.082699
2.691100, 2.868263, -0.023849
2.691100, 2.706310, 0.005030
2.691100, 4.301218, 0.108339
2.691100, 5.717254, -0.129024
2.691100, 2.743472, -0.009774
2.691100, 2.801909, 0.016639
2.691100, 7.891879, 0.117296
2.691100, 3.613117, -0.080280
2.691100, 2.693087, -0.001895
2.691100, 3.083498, 0.043962
2.691100, 11.608401, -0.022673
2.691100, 2.978827, -0.034664
2.691100, 2.694885, 0.002876
2.691100, 3.784951, 0.088961
2.691100, 7.119614, -0.125109
2.691100, 2.780461, -0.014202
2.691100, 2.758635, 0.011632
2.691100, 6.299628, 0.129384
2.691100, 4.040044, -0.099662
2.691100, 2.699826, -0.004038
2.691100, 2.900081, 0.027087
2.691100, 10.635174, 0.064655
2.691100, 3.221770, -0.055062
2.691100, 2.691444, 0.000695
2.691100, 3.415611, 0.068596
2.691100, 9.099193, -0.099252
2.691100, 2.838514, -0.020698
2.691100, 2.718351, 0.006643
2.691100, 4.761966, 0.119195
2.691100, 5.043891, -0.123602
2.691100, 2.725804, -0.007585
2.691100, 2.826708, 0.019406
2.691100, 8.729423, 0.105498
2.691100, 3.469700, -0.071992
2.691100, 2.691924, -0.001023
2.691100, 3.184353, 0.052183
2.691100, 10.940062, -0.055036
2.691100, 2.917303, -0.028791
2.691100, 2.698186, 0.003719
2.691100, 3.964562, 0.096744
2.691100, 6.510520, -0.128754
2.691100, 2.764192, -0.012295
2.691100, 2.774340, 0.013490
2.691100, 6.892174, 0.126761
2.691100, 3.846326, -0.091760
2.691100, 2.695900, -0.003179
2.691100, 2.953968, 0.032329
2.691100, 11.413199, 0.035301
2.691100, 3.119211, -0.046952
2.691100, 2.692729, 0.001592
2.691100, 3.563816, 0.077544
2.691100, 8.157561, -0.113907
2.691100, 2.809559, -0.017497
2.691100, 2.738142, 0.009116
2.691100, 5.512932, 0.128031
2.691100, 4.417893, -0.111579
2.691100, 2.709326, -0.005450
2.691100, 2.858841, 0.022865
2.691100, 9.681527, 0.088020
2.691100, 3.338057, -0.063446
2.691100, 2.691117, -0.000180
2.691100, 3.287844, 0.059927
2.691100, 10.086399, -0.079020
2.691100, 2.874745, -0.024519
2.691100, 2.704546, 0.004777
2.691100, 4.232204, 0.106247
2.691100, 5.852454, -0.129414
2.691100, 2.746989, -0.010208
2.691100, 2.796754, 0.016058
2.691100, 7.709750, 0.119421
2.691100, 3.649440, -0.082224
2.691100, 2.693371, -0.002115
2.691100, 3.058045, 0.041776
2.691100, 11.701929, -0.012818
2.691100, 2.999251, -0.036544
2.691100, 2.694325, 0.002660
2.691100, 3.744073, 0.087012
2.691100, 7.284000, -0.123719
2.691100, 2.784939, -0.014717
2.691100, 2.755130, 0.011208
2.691100, 6.165632, 0.129590
2.691100, 4.092577, -0.101578
2.691100, 2.701060, -0.004248
2.691100, 2.891195, 0.026196
2.691100, 10.456389, 0.069675
2.691100, 3.243266, -0.056675
2.691100, 2.691253, 0.000517
2.691100, 3.387487, 0.066768
2.691100, 9.303508, -0.095516
2.691100, 2.845368, -0.021437
2.691100, 2.714761, 0.006178
2.691100, 4.625884, 0.116504
2.691100, 5.209464, -0.125543
2.691100, 2.730172, -0.008129
2.691100, 2.820490, 0.018718
2.691100, 8.526392, 0.108656
2.691100, 3.501477, -0.073916
2.691100, 2.692210, -0.001214
2.691100, 3.162679, 0.050474
2.691100, 11.108