init_r,r,ur
2.692100, 3.328963, 0.062812
2.692100, 9.753927, -0.086489
2.692100, 2.861680, -0.023138
2.692100, 2.711525, 0.005683
2.692100, 4.492264, 0.113458
2.692100, 5.396465, -0.127227
2.692100, 2.735276, -0.008718
2.692100, 2.819335, 0.018557
2.692100, 8.483047, 0.109304
2.692100, 3.508537, -0.074330
2.692100, 2.693110, -0.001159
2.692100, 3.184805, 0.052209
2.692100, 10.936926, -0.055142
2.692100, 2.917207, -0.028763
2.692100, 2.700560, 0.003996
2.692100, 4.046452, 0.099896
2.692100, 6.282926, -0.129416
2.692100, 2.758450, -0.011552
2.692100, 2.788365, 0.015064
2.692100, 7.401350, 0.122630
2.692100, 3.716538, -0.085653
2.692100, 2.694753, -0.002420
2.692100, 3.038586, 0.040064
2.692100, 11.739826, -0.004761
2.692100, 3.016805, -0.038124
2.692100, 2.695163, 0.002628
2.692100, 3.753651, 0.087469
2.692100, 7.244752, -0.124063
2.692100, 2.784069, -0.014572
2.692100, 2.761682, 0.011943
2.692100, 6.406543, 0.129108
2.692100, 4.000814, -0.098165
2.692100, 2.699532, -0.003808
2.692100, 2.926447, 0.029669
2.692100, 11.078786, 0.050053
2.692100, 3.166657, -0.050782
2.692100, 2.693254, 0.001307
2.692100, 3.532025, 0.075711
2.692100, 8.341214, -0.111369
2.692100, 2.815099, -0.018085
2.692100, 2.738284, 0.009090
2.692100, 5.511341, 0.128020
2.692100, 4.418912, -0.111604
2.692100, 2.709633, -0.005421
2.692100, 2.867417, 0.023737
2.692100, 9.902512, 0.083245
2.692100, 3.310438, -0.061521
2.692100, 2.692118, 0.000135
2.692100, 3.348123, 0.064126
2.692100, 9.603158, -0.089639
2.692100, 2.856079, -0.022549
2.692100, 2.713646, 0.005969
2.692100, 4.573833, 0.115366
2.692100, 5.279195, -0.126230
2.692100, 2.732200, -0.008336
2.692100, 2.823708, 0.019042
2.692100, 8.627061, 0.107112
2.692100, 3.485577, -0.072953
2.692100, 2.692961, -0.001014
2.692100, 3.202317, 0.053567
2.692100, 10.795738, -0.059781
2.692100, 2.908876, -0.027940
2.692100, 2.701613, 0.004181
2.692100, 4.092053, 0.101555
2.692100, 6.167087, -0.129586
2.692100, 2.755426, -0.011185
2.692100, 2.792421, 0.015526
2.692100, 7.548007, 0.121166
2.692100, 3.683725, -0.083998
2.692100, 2.694432, -0.002230
2.692100, 3.059340, 0.041880
2.692100, 11.698406, -0.013317
2.692100, 2.998247, -0.036442
2.692100, 2.695611, 0.002818
2.692100, 3.788707, 0.089132
2.692100, 7.105279, -0.125221
2.692100, 2.780274, -0.014136
2.692100, 2.764666, 0.012302
2.692100, 6.520327, 0.128714
2.692100, 3.961304, -0.096609
2.692100, 2.698675, -0.003640
2.692100, 2.935589, 0.030556
2.692100, 11.204142, 0.045085
2.692100, 3.149898, -0.049444
2.692100, 2.693393, 0.001446
2.692100, 3.554007, 0.076980
2.692100, 8.213392, -0.113151
2.692100, 2.811336, -0.017665
2.692100, 2.741015, 0.009426
2.692100, 5.615711, 0.128593
2.692100, 4.357233, -0.109938
2.692100, 2.708060, -0.005197
2.692100, 2.872984, 0.024314
2.692100, 10.040957, 0.080086
2.692100, 3.293438, -0.060318
2.692100, 2.692177, 0.000264
2.692100, 3.367121, 0.065408
2.692100, 9.456907, -0.092568
2.692100, 2.850836, -0.021993
2.692100, 2.715924, 0.006271
2.692100, 4.660922, 0.117233
2.692100, 5.164703, -0.125060
2.692100, 2.729190, -0.007961
2.692100, 2.828083, 0.019525
2.692100, 8.768545, 0.104866
2.692100, 3.463820, -0.071623
2.692100, 2.692811, -0.000878
2.692100, 3.218710, 0.054819
2.692100, 10.661060, -0.063893
2.692100, 2.901552, -0.027211
2.692100, 2.702642, 0.004355
2.692100, 4.135872, 0.103086
2.692100, 6.062398, -0.129636
2.692100, 2.752694, -0.010852
2.692100, 2.796068, 0.015940
2.692100, 7.678784, 0.119764
2.692100, 3.655902, -0.082558
2.692100, 2.694186, -0.002065
2.692100, 3.077849, 0.043473
2.692100, 11.633109, -0.020530
2.692100, 2.983242, -0.035063
2.692100, 2.696077, 0.002983
2.692100, 3.820682, 0.090604
2.692100, 6.984733, -0.126127
2.692100, 2.777018, -0.013759
2.692100, 2.767430, 0.012632
2.692100, 6.625192, 0.128263
2.692100, 3.926821, -0.095205
2.692100, 2.697966, -0.003488
2.692100, 2.944884, 0.031451
2.692100, 11.316664, 0.040112
2.692100, 3.133961, -0.048154
2.692100, 2.693546, 0.001580
2.692100, 3.575688, 0.078207
2.692100, 8.091850, -0.114775
2.692100, 2.807804, -0.017268
2.692100, 2.743678, 0.009753
2.692100, 5.717472, 0.129024
2.692100, 4.301152, -0.108335
2.692100, 2.706652, -0.004990
2.692100, 2.878898, 0.024921
2.692100, 10.181715, 0.076727
2.692100, 3.276353, -0.059091
2.692100, 2.692283, 0.000400
2.692100, 3.387852, 0.066784
2.692100, 9.301264, -0.095557
2.692100, 2.845436, -0.021414
2.692100, 2.718607, 0.006620
2.692100, 4.762983, 0.119212
2.692100, 5.042793, -0.123586
2.692100, 2.725981, -0.007558
2.692100, 2.832945, 0.020059
2.692100, 8.922539, 0.102315
2.692100, 3.440956, -0.070199
2.692100, 2.692649, -0.000734
2.692100, 3.235873, 0.056113
2.692100, 10.518567, -0.067970
2.692100, 2.894330, -0.026487
2.692100, 2.703768, 0.004540
2.692100, 4.183078, 0.104669
2.692100, 5.956279, -0.129578
2.692100, 2.749923, -0.010515
2.692100, 2.799731, 0.016356
2.692100, 7.809041, 0.118281
2.692100, 3.629422, -0.081154
2.692100, 2.693969, -0.001906
2.692100, 3.096081, 0.045018
2.692100, 11.547211, -0.027261
2.692100, 2.969700, -0.033802
2.692100, 2.696611, 0.003146
2.692100, 3.853496, 0.092073
2.692100, 6.867204, -0.126921
2.692100, 2.773865, -0.013391
2.692100, 2.770348, 0.012978
2.692100, 6.735277, 0.127703
2.692100, 3.892445, -0.093762
2.692100, 2.697305, -0.003331
2.692100, 2.955650, 0.032477
2.692100, 11.428824, 0.034458
2.692100, 3.116751, -0.046742
2.692100, 2.693733, 0.001727
2.692100, 3.599892, 0.079552
2.692100, 7.961293, -0.116441
2.692100, 2.804054, -0.016845
2.692100, 2.746585, 0.010108
2.692100, 5.828578, 0.129358
2.692100, 4.244021, -0.106611
2.692100, 2.705244, -0.004775
2.692100, 2.885881, 0.025633
2.692100, 10.339600, 0.072760
2.692100, 3.257347, -0.057705
2.692100, 2.692445, 0.000555
2.692100, 3.412404, 0.068382
2.692100, 9.122538, -0.098834
2.692100, 2.839437, -0.020767
2.692100, 2.721967, 0.007050
2.692100, 4.890496, 0.121387
2.692100, 4.906422, -0.121636
2.692100, 2.722387, -0.007104
2.692100, 2.838730, 0.020690
2.692100, 9.101074, 0.099217
2.692100, 3.415411, -0.068575
2.692100, 2.692466, -0.000574
2.692100, 3.255069, 0.057538
2.692100, 10.358575, -0.072268
2.692100, 2.886748, -0.025721
2.692100, 2.705083, 0.004749
2.692100, 4.237425, 0.106406
2.692100, 5.841926, -0.129389
2.692100, 2.746934, -0.010151
2.692100, 2.803606, 0.016794
2.692100, 7.945574, 0.116637
2.692100, 3.602874, -0.079715
2.692100, 2.693757, -0.001745
2.692100, 3.114654, 0.046568
2.692100, 11.441715, -0.033748
2.692100, 2.957018, -0.032607
2.692100, 2.697230, 0.003312
2.692100, 3.888399, 0.093589
2.692100, 6.748616, -0.127630
2.692100, 2.770703, -0.013020
2.692100, 2.773498, 0.013348
2.692100, 6.853477, 0.127008
2.692100, 3.857441, -0.092246
2.692100, 2.696678, -0.003165
2.692100, 2.968185, 0.033660
2.692100, 11.535910, 0.028027
2.692100, 3.098221, -0.045198
2.692100, 2.693944, 0.001888
2.692100, 3.626349, 0.080989
2.692100, 7.824532, -0.118099
2.692100, 2.800168, -0.016405
2.692100, 2.749589, 0.010474
2.692100, 5.943475, 0.129564
2.692100, 4.188977, -0.104861
2.692100, 2.703910, -0.004563
2.692100, 2.893471, 0.026400
2.692100, 10.500960, 0.068457
2.692100, 3.237987, -0.056271
2.692100, 2.692629, 0.000717
2.692100, 3.438137, 0.070021
2.692100, 8.941909, -0.101986
2.692100, 2.833564, -0.020127
2.692100, 2.725583, 0.007508
2.692100, 5.027708, 0.123387
2.692100, 4.776354, -0.119455
2.692100, 2.718959, -0.006665
2.692100, 2.844774, 0.021343
2.692100, 9.281836, 0.095921
2.692100, 3.390481, -0.066956
2.692100, 2.692299, -0.000416
2.692100, 3.274270, 0.058940
2.692100, 10.198965, -0.076304
2.692100, 2.879642, -0.024997
2.692100, 2.706491, 0.004966
2.692100, 4.294665, 0.108144
2.692100, 5.729695, -0.129067
2.692100, 2.743997, -0.009792
2.692100, 2.807388, 0.017221
2.692100, 8.077440, 0.114963
2.692100, 3.578312, -0.078354
2.692100, 2.693566, -0.001596
2.692100, 3.132073, 0.048000
2.692100, 11.329485, -0.039506
2.692100, 2.946027, -0.031560
2.692100, 2.697889, 0.003471
2.692100, 3.922925, 0.095044
2.692100, 6.637383, -0.128206
2.692100, 2.767753, -0.012671
2.692100, 2.776657, 0.013717
2.692100, 6.971294, 0.126222
2.692100, 3.824349, -0.090770
2.692100, 2.696134, -0.003002
2.692100, 2.981639, 0.034914
2.692100, 11.624323, 0.021316
2.692100, 3.079927, -0.043650
2.692100, 2.694160, 0.002047
2.692100, 3.652847, 0.082397
2.692100, 7.693518, -0.119600
2.692100, 2.796481, -0.015987
2.692100, 2.752383, 0.010815
2.692100, 6.050507, 0.129635
2.692100, 4.141017, -0.103262
2.692100, 2.702764, -0.004376
2.692100, 2.900733, 0.027129
2.692100, 10.645392, 0.064354
2.692100, 3.220604, -0.054963
2.692100, 2.692793, 0.000862
2.692100, 3.461300, 0.071467
2.692100, 8.785250, -0.104595
2.692100, 2.828605, -0.019582
2.692100, 2.728838, 0.007917
2.692100, 5.151321, 0.124910
2.692100, 4.671630, -0.117451
2.692100, 2.716205, -0.006308
2.692100, 2.850236, 0.021929
2.692100, 9.439870, 0.092901
2.692100, 3.369363, -0.065558
2.692100, 2.692186, -0.000279
2.692100, 3.291524, 0.060181
2.692100, 10.056657, -0.079719
2.692100, 2.873631, -0.024380
2.692100, 2.707894, 0.005173
2.692100, 4.350665, 0.109755
2.692100, 5.627277, -0.128648
2.692100, 2.741317, -0.009464
2.692100, 2.810927, 0.017619
2.692100, 8.199410, 0.113342
2.692100, 3.556462, -0.077120
2.692100, 2.693409, -0.001461
2.692100, 3.148061, 0.049296
2.692100, 11.217473, -0.044524
2.692100, 2.936629, -0.030657
2.692100, 2.698588, 0.003622
2.692100, 3.957174, 0.096443
2.692100, 6.532606, -0.128666
2.692100, 2.764989, -0.012341
2.692100, 2.779879, 0.014090
2.692100, 7.090713, 0.125335
2.692100, 3.792485, -0.089308
2.692100, 2.695663, -0.002838
2.692100, 2.996376, 0.036271
2.692100, 11.691888, 0.014202
2.692100, 3.061558, -0.042073
2.692100, 2.694401, 0.002210
2.692100, 3.680326, 0.083824
2.692100, 7.563657, -0.121003
2.692100, 2.792856, -0.015575
2.692100, 2.755101, 0.011145
2.692100, 6.154633, 0.129597
2.692100, 4.097131, -0.101736
2.692100, 2.701731, -0.004201
2.692100, 2.907994, 0.027853
2.692100, 10.780044, 0.060275
2.692100, 3.204240, -0.053714
2.692100, 2.692944, 0.000998
2.692100, 3.483034, 0.072798
2.692100, 8.643348, -0.106858
2.692100, 2.824208, -0.019097
2.692100, 2.731851, 0.008292
2.692100, 5.265937, 0.126105
2.692100, 4.583522, -0.115582
2.692100, 2.713898, -0.006003
2.692100, 2.855461, 0.022484
2.692100, 9.586163, 0.089985
2.692100, 3.350309, -0.064275
2.692100, 2.692123, -0.000150
2.692100, 3.308410, 0.061378
2.692100, 9.918930, -0.082877
2.692100, 2.868065, -0.023805
2.692100, 2.709436, 0.005393
2.692100, 4.411247, 0.111402
2.692100, 5.523909, -0.128096
2.692100, 2.738613, -0.009131
2.692100, 2.814640, 0.018034
2.692100, 8.325710, 0.111590
2.692100, 3.534649, -0.075864
2.692100, 2.693270, -0.001324
2.692100, 3.164635, 0.050621
2.692100, 11.094236, -0.049467
2.692100, 2.927518, -0.029773
2.692100, 2.699423, 0.003787
2.692100, 3.995887, 0.097974
2.692100, 6.420379, -0.129065
2.692100, 2.762044, -0.011987
2.692100, 2.783597, 0.014518
2.692100, 7.227445, 0.124213
2.692100, 3.757895, -0.087673
2.692100, 2.695214, -0.002652
2.692100, 3.014448, 0.037912
2.692100, 11.736808, 0.005825
2.692100, 3.041103, -0.040286
2.692100, 2.694710, 0.002396
2.692100, 3.712449, 0.085449
2.692100, 7.419193, -0.122458
2.692100, 2.788857, -0.015120
2.692100, 2.758084, 0.011508
2.692100, 6.268895, 0.129443
2.692100, 4.051824, -0.100095
2.692100, 2.700683, -0.004018
2.692100, 2.916185, 0.028663
2.692100, 10.920291, 0.055709
2.692100, 3.186892, -0.052372
2.692100, 2.693093, 0.001141
2.692100, 3.505822, 0.074168
2.692100, 8.499794, -0.109054
2.692100, 2.819840, -0.018613
2.692100, 2.734920, 0.008673
2.692100, 5.382859, 0.127121
2.692100, 4.501365, -0.113679
2.692100, 2.711761, -0.005715
2.692100, 2.861018, 0.023069
2.692100, 9.736408, 0.086862
2.692100, 3.331169, -0.062964
2.692100, 2.692100, -0.000016
2.692100, 3.326765, 0.062660
2.692100, 9.771419, -0.086114
2.692100, 2.862343, -0.023208
2.692100, 2.711292, 0.005651
2.692100, 4.483271, 0.113238
2.692100, 5.410045, -0.127330
2.692100, 2.735632, -0.008762
2.692100, 2.818832, 0.018501
2.692100, 8.466315, 0.109552
2.692100, 3.511261, -0.074491
2.692100, 2.693127, -0.001176
2.692100, 3.182707, 0.052045
2.692100, 10.953592, -0.054568
2.692100, 2.918242, -0.028865
2.692100, 2.700438, 0.003974
2.692100, 4.041071, 0.099696
2.692100, 6.297088, -0.129387
2.692100, 2.758820, -0.011597
2.692100, 2.787869, 0.015007
2.692100, 7.383333, 0.122802
2.692100, 3.720694, -0.085859
2.692100, 2.694796, -0.002444
2.692100, 3.036050, 0.039840
2.692100, 11.742268, -0.003681
2.692100, 3.019213, -0.038340
2.692100, 2.695113, 0.002605
2.692100, 3.749370, 0.087263
2.692100, 7.262334, -0.123909
2.692100, 2.784550, -0.014627
2.692100, 2.761315, 0.011899
2.692100, 6.392542, 0.129149
2.692100, 4.005836, -0.098359
2.692100, 2.699644, -0.003829
2.692100, 2.925372, 0.029564
2.692100, 11.063079, 0.050641
2.692100, 3.168703, -0.050944
2.692100, 2.693238, 0.001290
2.692100, 3.529376, 0.075557
2.692100, 8.356936, -0.111145
2.692100, 2.815565, -0.018137
2.692100, 2.737951, 0.009049
2.692100, 5.498609, 0.127941
2.692100, 4.426748, -0.111808
2.692100, 2.709834, -0.005449
2.692100, 2.866765, 0.023669
2.692100, 9.885927, 0.083614
2.692100, 3.312490, -0.061665
2.692100, 2.692114, 0.000120
2.692100, 3.345931, 0.063977
2.692100, 9.620245, -0.089289
2.692100, 2.856704, -0.022615
2.692100, 2.713394, 0.005936
2.692100, 4.564200, 0.115148
2.692100, 5.292514, -0.126353
2.692100, 2.732549, -0.008379
2.692100, 2.823208, 0.018987
2.692100, 8.610712, 0.107366
2.692100, 3.488141, -0.073108
2.692100, 2.692978, -0.001030
2.692100, 3.200376, 0.053417
2.692100, 10.811545, -0.059280
2.692100, 2.909773, -0.028029
2.692100, 2.701494, 0.004160
2.692100, 4.086943, 0.101373
2.692100, 6.179708, -0.129573
2.692100, 2.755756, -0.011225
2.692100, 2.791980, 0.015476
2.692100, 7.532120, 0.121330
2.692100, 3.687194, -0.084175
2.692100, 2.694464, -0.002250
2.692100, 3.057088, 0.041685
2.692100, 11.704634, -0.012413
2.692100, 3.000167, -0.036618
2.692100, 2.695559, 0.002797
2.692100, 3.784882, 0.088953
2.692100, 7.120117, -0.125103
2.692100, 2.780676, -0.014182
2.692100, 2.764340, 0.012263
2.692100, 6.507913, 0.128762
2.692100, 3.965505, -0.096777
2.692100, 2.698764, -0.003658
2.692100, 2.934549, 0.030456
2.692100, 11.190629, 0.045646
2.692100, 3.151747, -0.049592
2.692100, 2.693376, 0.001430
2.692100, 3.551547, 0.076839
2.692100, 8.227468, -0.112959
2.692100, 2.811748, -0.017711
2.692100, 2.740711, 0.009389
2.692100, 5.604103, 0.128536
2.692100, 4.363876, -0.110122
2.692100, 2.708228, -0.005222
2.692100, 2.872342, 0.024248
2.692100, 10.025282, 0.080451
2.692100, 3.295352, -0.060454
2.692100, 2.692168, 0.000249
2.692100, 3.364901, 0.065259
2.692100, 9.473824, -0.092235
2.692100, 2.851433, -0.022056
2.692100, 2.715648, 0.006235
2.692100, 4.650408, 0.117016
2.692100, 5.177985, -0.125206
2.692100, 2.729539, -0.008004
2.692100, 2.827567, 0.019468
2.692100, 8.752004, 0.105133
2.692100, 3.466325, -0.071777
2.692100, 2.692828, -0.000893
2.692100, 3.216827, 0.054676
2.692100, 10.676621, -0.063431
2.692100, 2.902371, -0.027293
2.692100, 2.702521, 0.004335
2.692100, 4.130774, 0.102911
2.692100, 6.074263, -0.129635
2.692100, 2.753004, -0.010890
2.692100, 2.795656, 0.015894
2.692100, 7.664055, 0.119926
2.692100, 3.658972, -0.082718
2.692100, 2.694212, -0.002083
2.692100, 3.075770, 0.043295
2.692100, 11.641624, -0.019739
2.692100, 2.984861, -0.035212
2.692100, 2.696021, 0.002965
2.692100, 3.817029, 0.090438
2.692100, 6.998195, -0.126030
2.692100, 2.777381, -0.013801
2.692100, 2.767111, 0.012594
2.692100, 6.613085, 0.128320
2.692100, 3.930712, -0.095366
2.692100, 2.698044, -0.003505
2.692100, 2.943762, 0.031343
2.692100, 11.303862, 0.040708
2.692100, 3.135830, -0.048306
2.692100, 2.693527, 0.001564
2.692100, 3.573102, 0.078062
2.692100, 8.106115, -0.114588
2.692100, 2.808216, -0.017314
2.692100, 2.743362, 0.009714
2.692100, 5.705397, 0.128979
2.692100, 4.307610, -0.108524
2.692100, 2.706813, -0.005014
2.692100, 2.878170, 0.024847
2.692100, 10.164732, 0.077141
2.692100, 3.278406, -0.059239
2.692100, 2.692268, 0.000383
2.692100, 3.385281, 0.066614
2.692100, 9.320335, -0.095197
2.692100, 2.846088, -0.021485
2.692100, 2.718265, 0.006576
2.692100, 4.749986, 0.118972
2.692100, 5.057645, -0.123779
2.692100, 2.726372, -0.007607
2.692100, 2.832339, 0.019992
2.692100, 8.903544, 0.102636
2.692100, 3.443733, -0.070373
2.692100, 2.692669, -0.000752
2.692100, 3.233791, 0.055957
2.692100, 10.535902, -0.067487
2.692100, 2.895183, -0.026573
2.692100, 2.703629, 0.004517
2.692100, 4.177285, 0.104478
2.692100, 5.968950, -0.129591
2.692100, 2.750254, -0.010555
2.692100, 2.799296, 0.016306
2.692100, 7.793657, 0.118461
2.692100, 3.632489, -0.081318
2.692100, 2.693993, -0.001925
2.692100, 3.093949, 0.044839
2.692100, 11.558233, -0.026492
2.692100, 2.971226, -0.033944
2.692100, 2.696544, 0.003127
2.692100, 3.849584, 0.091900
2.692100, 6.880900, -0.126833
2.692100, 2.774232, -0.013434
2.692100, 2.769997, 0.012937
2.692100, 6.722063, 0.127775
2.692100, 3.896478, -0.093933
2.692100, 2.697380, -0.003350
2.692100, 2.954308, 0.032350
2.692100, 11.415878, 0.035156
2.692100, 3.118828, -0.046913
2.692100, 2.693710, 0.001709
2.692100, 3.596944, 0.079389
2.692100, 7.976915, -0.116246
2.692100, 2.804501, -0.016895
2.692100, 2.746237, 0.010066
2.692100, 5.815290, 0.129325
2.692100, 4.250643, -0.106816
2.692100, 2.705406, -0.004800
2.692100, 2.885023, 0.025546
2.692100, 10.320682, 0.073247
2.692100, 3.259619, -0.057872
2.692100, 2.692424, 0.000537
2.692100, 3.409415, 0.068189
2.692100, 9.143968, -0.098450
2.692100, 2.840146, -0.020843
2.692100, 2.721551, 0.006997
2.692100, 4.874713, 0.121135
2.692100, 4.922435, -0.121883
2.692100, 2.722809, -0.007157
2.692100, 2.838026, 0.020613
2.692100, 9.079647, 0.099597
2.692100, 3.418426, -0.068769
2.692100, 2.692487, -0.000593
2.692100, 3.252792, 0.057370
2.692100, 10.377554, -0.071772
2.692100, 2.887622, -0.025809
2.692100, 2.704923, 0.004724
2.692100, 4.230868, 0.106201
2.692100, 5.855304, -0.129418
2.692100, 2.747284, -0.010193
2.692100, 2.803155, 0.016743
2.692100, 7.929786, 0.116831
2.692100, 3.605884, -0.079880
2.692100, 2.693781, -0.001764
2.692100, 3.112539, 0.046393
2.692100, 11.454523, -0.033028
2.692100, 2.958409, -0.032739
2.692100, 2.697155, 0.003293
2.692100, 3.884345, 0.093415
2.692100, 6.762066, -0.127554
2.692100, 2.771061, -0.013062
2.692100, 2.773131, 0.013305
2.692100, 6.839730, 0.127094
2.692100, 3.861416, -0.092421
2.692100, 2.696747, -0.003184
2.692100, 2.966679, 0.033518
2.692100, 11.524342, 0.028790
2.692100, 3.100367, -0.045378
2.692100, 2.693919, 0.001869
2.692100, 3.623273, 0.080824
2.692100, 7.840123, -0.117915
2.692100, 2.800609, -0.016455
2.692100, 2.749251, 0.010433
2.692100, 5.930543, 0.129548
2.692100, 4.194982, -0.105057
2.692100, 2.704054, -0.004586
2.692100, 2.892605, 0.026313
2.692100, 10.483088, 0.068947
2.692100, 3.240132, -0.056431
2.692100, 2.692608, 0.000699
2.692100, 3.435276, 0.069841
2.692100, 8.961649, -0.101650
2.692100, 2.834198, -0.020196
2.692100, 2.725180, 0.007457
2.692100, 5.012399, 0.123180
2.692100, 4.790102, -0.119701
2.692100, 2.719321, -0.006712
2.692100, 2.844102, 0.021271
2.692100, 9.262053, 0.096289
2.692100, 3.393167, -0.067132
2.692100, 2.692316, -0.000434
2.692100, 3.272156, 0.058787
2.692100, 10.216489, -0.075872
2.692100, 2.880402, -0.025075
2.692100, 2.706329, 0.004941
2.692100, 4.288148, 0.107951
2.692100, 5.742075, -0.129110
2.692100, 2.744321, -0.009832
2.692100, 2.806968, 0.017174
2.692100, 8.062870, 0.115152
2.692100, 3.580976, -0.078503
2.692100, 2.693586, -0.001612
2.692100, 3.130162, 0.047844
2.692100, 11.342336, -0.038890
2.692100, 2.947193, -0.031672
2.692100, 2.697812, 0.003453
2.692100, 3.919018, 0.094881
2.692100, 6.649679, -0.128146
2.692100, 2.768078, -0.012709
2.692100, 2.776295, 0.013675
2.692100, 6.957856, 0.126316
2.692100, 3.828038, -0.090937
2.692100, 2.696192, -0.003020
2.692100, 2.980052, 0.034767
2.692100, 11.615260, 0.022097
2.692100, 3.082006, -0.043828
2.692100, 2.694135, 0.002029
2.692100, 3.649802, 0.082237
2.692100, 7.708284, -0.119436
2.692100, 2.796895, -0.016034
2.692100, 2.752072, 0.010777
2.692100, 6.038568, 0.129632
2.692100, 4.146219, -0.103439
2.692100, 2.702887, -0.004396
2.692100, 2.899914, 0.027047
2.692100, 10.629585, 0.064816
2.692100, 3.222512, -0.055108
2.692100, 2.692776, 0.000846
2.692100, 3.458759, 0.071310
2.692100, 8.802157, -0.104319
2.692100, 2.829135, -0.019641
2.692100, 2.728482, 0.007872
2.692100, 5.137815, 0.124756
2.692100, 4.682556, -0.117671
2.692100, 2.716492, -0.006345
2.692100, 2.849633, 0.021864
2.692100, 9.422675, 0.093236
2.692100, 3.371633, -0.065709
2.692100, 2.692196, -0.000294
2.692100, 3.289604, 0.060044
2.692100, 10.072418, -0.079349
2.692100, 2.874283, -0.024448
2.692100, 2.707730, 0.005149
2.692100, 4.344156, 0.109572
2.692100, 5.638829, -0.128701
2.692100, 2.741620, -0.009501
2.692100, 2.810521, 0.017573
2.692100, 8.185490, 0.113530
2.692100, 3.558915, -0.077260
2.692100, 2.693426, -0.001476
2.692100, 3.146234, 0.049149
2.692100, 11.230649, -0.043964
2.692100, 2.937672, -0.030757
2.692100, 2.698503, 0.003604
2.692100, 3.953106, 0.096279
2.692100, 6.544774, -0.128616
2.692100, 2.765309, -0.012379
2.692100, 2.779492, 0.014046
2.692100, 7.076390, 0.125446
2.692100, 3.796222, -0.089481
2.692100, 2.695715, -0.002857
2.692100, 2.994551, 0.036104
2.692100, 11.685095, 0.015069
2.692100, 3.063746, -0.042262
2.692100, 2.694371, 0.002190
2.692100, 3.676993, 0.083653
2.692100, 7.579093, -0.120840
2.692100, 2.793285, -0.015624
2.692100, 2.754780, 0.011106
2.692100, 6.142331, 0.129607
2.692100, 4.102182, -0.101915
2.692100, 2.701849, -0.004221
2.692100, 2.907126, 0.027766
2.692100, 10.764448, 0.060761
2.692100, 3.206147, -0.053861
2.692100, 2.692927, 0.000982
2.692100, 3.480508, 0.072645
2.692100, 8.659588, -0.106604
2.692100, 2.824707, -0.019152
2.692100, 2.731504, 0.008249
2.692100, 5.252731, 0.125977
2.692100, 4.593272, -0.115797
2.692100, 2.714153, -0.006037
2.692100, 2.854848, 0.022419
2.692100, 9.569251, 0.090329
2.692100, 3.352489, -0.064422
2.692100, 2.692128, -0.000165
2.692100, 3.306405, 0.061237
2.692100, 9.935187, -0.082512
2.692100, 2.868710, -0.023872
2.692100, 2.709244, 0.005366
2.692100, 4.403747, 0.111203
2.692100, 5.536311, -0.128170
2.692100, 2.738938, -0.009171
2.692100, 2.814188, 0.017984
2.692100, 8.310429, 0.111806
2.692100, 3.537246, -0.076015
2.692100, 2.693286, -0.001340
2.692100, 3.162637, 0.050462
2.692100, 11.109419, -0.048885
2.692100, 2.928584, -0.029877
2.692100, 2.699317, 0.003767
2.692100, 3.991058, 0.097786
2.692100, 6.434033, -0.129022
2.692100, 2.762402, -0.012030
2.692100, 2.783133, 0.014465
2.692100, 7.210440, 0.124359
2.692100, 3.762092, -0.087874
2.692100, 2.695266, -0.002675
2.692100, 3.012145, 0.037704
2.692100, 11.733250, 0.006871
2.692100, 3.043593, -0.040505
2.692100, 2.694670, 0.002373
2.692100, 3.708435, 0.085249
2.692100, 7.436828, -0.122286
2.692100, 2.789343, -0.015175
2.692100, 2.757721, 0.011464
2.692100, 6.255017, 0.129468
2.692100, 4.057177, -0.100292
2.692100, 2.700806, -0.004040
2.692100, 2.915178, 0.028563
2.692100, 10.903714, 0.056267
2.692100, 3.188965, -0.052533
2.692100, 2.693076, 0.001124
2.692100, 3.503121, 0.074007
2.692100, 8.516534, -0.108803
2.692100, 2.820346, -0.018669
2.692100, 2.734563, 0.008629
2.692100, 5.369245, 0.127013
2.692100, 4.510563, -0.113900
2.692100, 2.711999, -0.005747
2.692100, 2.860359, 0.023000
2.692100, 9.718885, 0.087233
2.692100, 3.333381, -0.063117
2.692100, 2.692101, -0.000032
2.692100, 3.324578, 0.062508
2.692100, 9.788863, -0.085739
2.692100, 2.863008, -0.023278
2.692100, 2.711063, 0.005619
2.692100, 4.474397, 0.113019
2.692100, 5.423581, -0.127430
2.692100, 2.735987, -0.008806
2.692100, 2.818331, 0.018445
2.692100, 8.449623, 0.109799
2.692100, 3.513990, -0.074653
2.692100, 2.693144, -0.001193
2.692100, 3.180601, 0.051880
2.692100, 10.970258, -0.053989
2.692100, 2.919290, -0.028968
2.692100, 2.700315, 0.003952
2.692100, 4.035693, 0.099494
2.692100, 6.311353, -0.129356
2.692100, 2.759193, -0.011642
2.692100, 2.787370, 0.014950
2.692100, 7.365187, 0.122973
2.692100, 3.724910, -0.086068
2.692100, 2.694840, -0.002468
2.692100, 3.033501, 0.039615
2.692100, 11.744104, -0.002588
2.692100, 3.021665, -0.038560
2.692100, 2.695063, 0.002581
2.692100, 3.745062, 0.087054
2.692100, 7.280153, -0.123752
2.692100, 2.785037, -0.014683
2.692100, 2.760945, 0.011854
2.692100, 6.378401, 0.129189
2.692100, 4.010946, -0.098556
2.692100, 2.699758, -0.003850
2.692100, 2.924296, 0.029458
2.692100, 11.047134, 0.051232
2.692100, 3.170769, -0.051107
2.692100, 2.693221, 0.001274
2.692100, 3.526703, 0.075401
2.692100, 8.372869, -0.110916
2.692100, 2.816039, -0.018190
2.692100, 2.737614, 0.009007
2.692100, 5.485713, 0.127858
2.692100, 4.434757, -0.112016
2.692100, 2.710040, -0.005478
2.692100, 2.866109, 0.023601
2.692100, 9.869174, 0.083985
2.692100, 3.314567, -0.061810
2.692100, 2.692111, 0.000105
2.692100, 3.343733, 0.063827
2.692100, 9.637427, -0.088935
2.692100, 2.857334, -0.022682
2.692100, 2.713145, 0.005902
2.692100, 4.554618, 0.114930
2.692100, 5.305897, -0.126474
2.692100, 2.732901, -0.008423
2.692100, 2.822706, 0.018931
2.692100, 8.594291, 0.107619
2.692100, 3.490727, -0.073264
2.692100, 2.692995, -0.001046
2.692100, 3.198416, 0.053266
2.692100, 10.827479, -0.058770
2.692100, 2.910686, -0.028119
2.692100, 2.701374, 0.004140
2.692100, 4.081794, 0.101188
2.692100, 6.192513, -0.129559
2.692100, 2.756090, -0.011265
2.692100, 2.791532, 0.015425
2.692100, 7.515977, 0.121495
2.692100, 3.690740, -0.084356
2.692100, 2.694498, -0.002271
2.692100, 3.054800, 0.041486
2.692100, 11.710551, -0.011488
2.692100, 3.002141, -0.036797
2.692100, 2.695507, 0.002777
2.692100, 3.781004, 0.088771
2.692100, 7.135252, -0.124982
2.692100, 2.781087, -0.014230
2.692100, 2.764010, 0.012224
2.692100, 6.495343, 0.128809
2.692100, 3.969786, -0.096948
2.692100, 2.698856, -0.003676
2.692100, 2.933509, 0.030355
2.692100, 11.176910, 0.046209
2.692100, 3.153613, -0.049742
2.692100, 2.693360, 0.001415
2.692100, 3.549075, 0.076697
2.692100, 8.241667, -0.112764
2.692100, 2.812164, -0.017757
2.692100, 2.740406, 0.009352
2.692100, 5.592429, 0.128477
2.692100, 4.370610, -0.110308
2.692100, 2.708399, -0.005246
2.692100, 2.871703, 0.024181
2.692100, 10.009596, 0.080814
2.692100, 3.297270, -0.060590
2.692100, 2.692159, 0.000234
2.692100, 3.362697, 0.065111
2.692100, 9.490657, -0.091903
2.692100, 2.852030, -0.022120
2.692100, 2.715377, 0.006199
2.692100, 4.640061, 0.116801
2.692100, 5.191196, -0.125349
2.692100, 2.729886, -0.008048
2.692100, 2.827057, 0.019412
2.692100, 8.735593, 0.105397
2.692100, 3.468820, -0.071931
2.692100, 2.692846, -0.000909
2.692100, 3.214950, 0.054534
2.692100, 10.692108, -0.062969
2.692100, 2.903193, -0.027375
2.692100, 2.702402, 0.004315
2.692100, 4.125711, 0.102737
2.692100, 6.086126, -0.129633
2.692100, 2.753313, -0.010928
2.692100, 2.795243, 0.015847
2.692100, 7.649302, 0.120088
2.692100, 3.662063, -0.082879
2.692100, 2.694239, -0.002102
2.692100, 3.073685, 0.043117
2.692100, 11.649875, -0.018941
2.692100, 2.986501, -0.035364
2.692100, 2.695965, 0.002946
2.692100, 3.813385, 0.090272
2.692100, 7.011705, -0.125932
2.692100, 2.777745, -0.013843
2.692100, 2.766792, 0.012557
2.692100, 6.601041, 0.128374
2.692100, 3.934607, -0.095526
2.692100, 2.698122, -0.003523
2.692100, 2.942658, 0.031237
2.692100, 11.291065, 0.041295
2.692100, 3.137682, -0.048457
2.692100, 2.693508, 0.001548
2.692100, 3.570550, 0.077918
2.692100, 8.120256, -0.114402
2.692100, 2.808626, -0.017360
2.692100, 2.743049, 0.009676
2.692100, 5.693457, 0.128933
2.692100, 4.314047, -0.108711
2.692100, 2.706974, -0.005038
2.692100, 2.877456, 0.024774
2.692100, 10.148002, 0.077546
2.692100, 3.280430, -0.059385
2.692100, 2.692254, 0.000367
2.692100, 3.382765, 0.066448
2.692100, 9.339061, -0.094843
2.692100, 2.846731, -0.021554
2.692100, 2.717932, 0.006533
2.692100, 4.737351, 0.118735
2.692100, 5.072264, -0.123965
2.692100, 2.726757, -0.007656
2.692100, 2.831746, 0.019928
2.692100, 8.884916, 0.102949
2.692100, 3.446468, -0.070545
2.692100, 2.692689, -0.000769
2.692100, 3.231740, 0.055803
2.692100, 10.552968, -0.067009
2.692100, 2.896030, -0.026658
2.692100, 2.703493, 0.004495
2.692100, 4.171596, 0.104290
2.692100, 5.981488, -0.129602
2.692100, 2.750582, -0.010595
2.692100, 2.798866, 0.016258
2.692100, 7.778384, 0.118638
2.692100, 3.635549, -0.081482
2.692100, 2.694018, -0.001943
2.692100, 3.091825, 0.044660
2.692100, 11.568967, -0.025722
2.692100, 2.972760, -0.034088
2.692100, 2.696479, 0.003108
2.692100, 3.845707, 0.091728
2.692100, 6.894556, -0.126744
2.692100, 2.774597, -0.013477
2.692100, 2.769650, 0.012896
2.692100, 6.708983, 0.127845
2.692100, 3.900494, -0.094104
2.692100, 2.697455, -0.003368
2.692100, 2.952992, 0.032225
2.692100, 11.402902, 0.035843
2.692100, 3.120883, -0.047083
2.692100, 2.693687, 0.001692
2.692100, 3.594032, 0.079229
2.692100, 7.992418, -0.116052
2.692100, 2.804944, -0.016945
2.692100, 2.745892, 0.010024
2.692100, 5.802088, 0.129291
2.692100, 4.257277, -0.107020
2.692100, 2.705568, -0.004825
2.692100, 2.884176, 0.025460
2.692100, 10.301872, 0.073729
2.692100, 3.261879, -0.058038
2.692100, 2.692404, 0.000518
2.692100, 3.406452, 0.067997
2.692100, 9.165295, -0.098065
2.692100, 2.840854, -0.020920
2.692100, 2.721140, 0.006945
2.692100, 4.859129, 0.120881
2.692100, 4.938476, -0.122125
2.692100, 2.723232, -0.007211
2.692100, 2.837329, 0.020537
2.692100, 9.058324, 0.099973
2.692100, 3.421440, -0.068961
2.692100, 2.692509, -0.000612
2.692100, 3.250521, 0.057202
2.692100, 10.396486, -0.071274
2.692100, 2.888500, -0.025898
2.692100, 2.704765, 0.004699
2.692100, 4.224364, 0.105997
2.692100, 5.868685, -0.129446
2.692100, 2.747634, -0.010236
2.692100, 2.802705, 0.016692
2.692100, 7.913957, 0.117025
2.692100, 3.608917, -0.080046
2.692100, 2.693805, -0.001782
2.692100, 3.110411, 0.046216
2.692100, 11.467220, -0.032298
2.692100, 2.959823, -0.032872
2.692100, 2.697082, 0.003274
2.692100, 3.880287, 0.093241
2.692100, 6.775611, -0.127477
2.692100, 2.771421, -0.013104
2.692100, 2.772764, 0.013262
2.692100, 6.825978, 0.127178
2.692100, 3.865418, -0.092596
2.692100, 2.696817, -0.003203
2.692100, 2.965186, 0.033378
2.692100, 11.512523, 0.029550
2.692100, 3.102516, -0.045558
2.692100, 2.693895, 0.001850
2.692100, 3.620195, 0.080658
2.692100, 7.855803, -0.117728
2.692100, 2.801054, -0.016505
2.692100, 2.748910, 0.010391
2.692100, 5.917491, 0.129529
2.692100, 4.201090, -0.105254
2.692100, 2.704201, -0.004610
2.692100, 2.891733, 0.026225
2.692100, 10.464961, 0.069441
2.692100, 3.242307, -0.056593
2.692100, 2.692587, 0.000681
2.692100, 3.432375, 0.069657
2.692100, 8.981749, -0.101305
2.692100, 2.834844, -0.020267
2.692100, 2.724771, 0.007406
2.692100, 4.996881, 0.122967
2.692100, 4.804224, -0.119950
2.692100, 2.719693, -0.006760
2.692100, 2.843422, 0.021198
2.692100, 9.241923, 0.096663
2.692100, 3.395911, -0.067312
2.692100, 2.692334, -0.000451
2.692100, 3.270011, 0.058631
2.692100, 10.234286, -0.075431
2.692100, 2.881179, -0.025154
2.692100, 2.706167, 0.004917
2.692100, 4.281597, 0.107755
2.692100, 5.754617, -0.129151
2.692100, 2.744650, -0.009872
2.692100, 2.806543, 0.017126
2.692100, 8.048130, 0.115342
2.692100, 3.583684, -0.078655
2.692100, 2.693607, -0.001629
2.692100, 3.128227, 0.047686
2.692100, 11.355223, -0.038262
2.692100, 2.948383, -0.031786
2.692100, 2.697736, 0.003435
2.692100, 3.915097, 0.094718
2.692100, 6.662096, -0.128085
2.692100, 2.768407, -0.012748
2.692100, 2.775934, 0.013633
2.692100, 6.944401, 0.126409
2.692100, 3.831753, -0.091104
2.692100, 2.696251, -0.003039
2.692100, 2.978476, 0.034620
2.692100, 11.605909, 0.022875
2.692100, 3.084090, -0.044005
2.692100, 2.694110, 0.002010
2.692100, 3.646760, 0.082077
2.692100, 7.723104, -0.119269
2.692100, 2.797311, -0.016081
2.692100, 2.751758, 0.010738
2.692100, 6.026557, 0.129629
2.692100, 4.151488, -0.103617
2.692100, 2.703012, -0.004417
2.692100, 2.899092, 0.026965
2.692100, 10.613609, 0.065279
2.692100, 3.224440, -0.055253
2.692100, 2.692757, 0.000830
2.692100, 3.456194, 0.071151
2.692100, 8.819301, -0.104037
2.692100, 2.829673, -0.019700
2.692100, 2.728123, 0.007827
2.692100, 5.124158, 0.124597
2.692100, 4.693729, -0.117893
2.692100, 2.716786, -0.006384
2.692100, 2.849025, 0.021799
2.692100, 9.405284, 0.093573
2.692100, 3.373935, -0.065863
2.692100, 2.692207, -0.000309
2.692100, 3.287675, 0.059906
2.692100, 10.088276, -0.078974
2.692100, 2.874942, -0.024515
2.692100, 2.707567, 0.005126
2.692100, 4.337690, 0.109389
2.692100, 5.650394, -0.128753
2.692100, 2.741922, -0.009538
2.692100, 2.810116, 0.017528
2.692100, 8.171600, 0.113717
2.692100, 3.561374, -0.077399
2.692100, 2.693443, -0.001491
2.692100, 3.144411, 0.049002
2.692100, 11.243701, -0.043401
2.692100, 2.938720, -0.030859
2.692100, 2.698419, 0.003587
2.692100, 3.949089, 0.096117
2.692100, 6.556860, -0.128566
2.692100, 2.765628, -0.012418
2.692100, 2.779110, 0.014002
2.692100, 7.062280, 0.125554
2.692100, 3.799926, -0.089653
2.692100, 2.695768, -0.002877
2.692100, 2.992768, 0.035941
2.692100, 11.678038, 0.015921
2.692100, 3.065906, -0.042448
2.692100, 2.694341, 0.002171
2.692100, 3.673719, 0.083484
2.692100, 7.594342, -0.120679
2.692100, 2.793710, -0.015672
2.692100, 2.754462, 0.011068
2.692100, 6.130158, 0.129615
2.692100, 4.107215, -0.102092
2.692100, 2.701967, -0.004242
2.692100, 2.906269, 0.027681
2.692100, 10.748929, 0.061242
2.692100, 3.208041, -0.054006
2.692100, 2.692909, 0.000966
2.692100, 3.477996, 0.072492
2.692100, 8.675801, -0.106349
2.692100, 2.825206, -0.019208
2.692100, 2.731158, 0.008206
2.692100, 5.239563, 0.125848
2.692100, 4.603094, -0.116012
2.692100, 2.714410, -0.006071
2.692100, 2.854240, 0.022354
2.692100, 9.552404, 0.090669
2.692100, 3.354667, -0.064570
2.692100, 2.692134, -0.000180
2.692100, 3.304421, 0.061097
2.692100, 9.951297, -0.082147
2.692100, 2.869352, -0.023938
2.692100, 2.709056, 0.005340
2.692100, 4.396407, 0.111007
2.692100, 5.548556, -0.128240
2.692100, 2.739258, -0.009210
2.692100, 2.813743, 0.017934
2.692100, 8.295366, 0.112017
2.692100, 3.539817, -0.076164
2.692100, 2.693302, -0.001356
2.692100, 3.160664, 0.050305
2.692100, 11.124330, -0.048306
2.692100, 2.929646, -0.029980
2.692100, 2.699214, 0.003747
2.692100, 3.986330, 0.097601
2.692100, 6.447496, -0.128978
2.692100, 2.762755, -0.012073
2.692100, 2.782678, 0.014413
2.692100, 7.193756, 0.124500
2.692100, 3.766239, -0.088072
2.692100, 2.695317, -0.002697
2.692100, 3.009899, 0.037501
2.692100, 11.729190, 0.007898
2.692100, 3.046054, -0.040722
2.692100, 2.694631, 0.002351
2.692100, 3.704500, 0.085051
2.692100, 7.454229, -0.122115
2.692100, 2.789824, -0.015230
2.692100, 2.757364, 0.011420
2.692100, 6.241310, 0.129491
2.692100, 4.062504, -0.100488
2.692100, 2.700929, -0.004062
2.692100, 2.914187, 0.028466
2.692100, 10.887216, 0.056818
2.692100, 3.191021, -0.052693
2.692100, 2.693059, 0.001107
2.692100, 3.500435, 0.073847
2.692100, 8.533250, -0.108551
2.692100, 2.820851, -0.018725
2.692100, 2.734206, 0.008585
2.692100, 5.355639, 0.126902
2.692100, 4.519849, -0.114121
2.692100, 2.712241, -0.005780
2.692100, 2.859704, 0.022931
2.692100, 9.701377, 0.087602
2.692100, 3.335596, -0.063269
2.692100, 2.692102, -0.000047
2.692100, 3.322404, 0.062357
2.692100, 9.806236, -0.085363
2.692100, 2.863673, -0.023347
2.692100, 2.710837, 0.005588
2.692100, 4.465651, 0.112801
2.692100, 5.437052, -0.127527
2.692100, 2.736340, -0.008849
2.692100, 2.817833, 0.018390
2.692100, 8.432997, 0.110043
2.692100, 3.516722, -0.074814
2.692100, 2.693161, -0.001210
2.692100, 3.178491, 0.051715
2.692100, 10.986889, -0.053404
2.692100, 2.920348, -0.029072
2.692100, 2.700194, 0.003930
2.692100, 4.030328, 0.099293
2.692100, 6.325688, -0.129324
2.692100, 2.759567, -0.011687
2.692100, 2.786869, 0.014893
2.692100, 7.346959, 0.123144
2.692100, 3.729174, -0.086278
2.692100, 2.694886, -0.002492
2.692100, 3.030948, 0.039388
2.692100, 11.745308, -0.001486
2.692100, 3.024154, -0.038783
2.692100, 2.695014, 0.002557
2.692100, 3.740737, 0.086844
2.692100, 7.298167, -0.123590
2.692100, 2.785530, -0.014740
2.692100, 2.760572, 0.011809
2.692100, 6.364148, 0.129228
2.692100, 4.016134, -0.098754
2.692100, 2.699874, -0.003872
2.692100, 2.923219, 0.029353
2.692100, 11.030975, 0.051823
2.692100, 3.172853, -0.051271
2.692100, 2.693205, 0.001256
2.692100, 3.524010, 0.075243
2.692100, 8.388998, -0.110684
2.692100, 2.816519, -0.018244
2.692100, 2.737272, 0.008965
2.692100, 5.472663, 0.127773
2.692100, 4.442936, -0.112226
2.692100, 2.710251, -0.005507
2.692100, 2.865450, 0.023533
2.692100, 9.852258, 0.084358
2.692100, 3.316668, -0.061957
2.692100, 2.692108, 0.000089
2.692100, 3.341527, 0.063676
2.692100, 9.654704, -0.088577
2.692100, 2.857971, -0.022749
2.692100, 2.712897, 0.005869
2.692100, 4.545089, 0.114711
2.692100, 5.319344, -0.126593
2.692100, 2.733254, -0.008467
2.692100, 2.822204, 0.018875
2.692100, 8.577794, 0.107873
2.692100, 3.493336, -0.073421
2.692100, 2.693013, -0.001063
2.692100, 3.196434, 0.053113
2.692100, 10.843544, -0.058251
2.692100, 2.911614, -0.028211
2.692100, 2.701254, 0.004119
2.692100, 4.076606, 0.101001
2.692100, 6.205510, -0.129543
2.692100, 2.756429, -0.011307
2.692100, 2.791077, 0.015373
2.692100, 7.499564, 0.121662
2.692100, 3.694367, -0.084540
2.692100, 2.694532, -0.002292
2.692100, 3.052474, 0.041283
2.692100, 11.716133, -0.010542
2.692100, 3.004171, -0.036982
2.692100, 2.695455, 0.002756
2.692100, 3.777070, 0.088585
2.692100, 7.150704, -0.124857
2.692100, 2.781507, -0.014278
2.692100, 2.763675, 0.012183
2.692100, 6.482597, 0.128856
2.692100, 3.974154, -0.097121
2.692100, 2.698950, -0.003695
2.692100, 2.932465, 0.030254
2.692100, 11.162962, 0.046774
2.692100, 3.155498, -0.049893
2.692100, 2.693344, 0.001399
2.692100, 3.546587, 0.076554
2.692100, 8.256016, -0.112566
2.692100, 2.812585, -0.017804
2.692100, 2.740098, 0.009314
2.692100, 5.580667, 0.128416
2.692100, 4.377450, -0.110495
2.692100, 2.708573, -0.005271
2.692100, 2.871064, 0.024116
2.692100, 9.993868, 0.081176
2.692100, 3.299195, -0.060727
2.692100, 2.692151, 0.000220
2.692100, 3.360507, 0.064964
2.692100, 9.507441, -0.091569
2.692100, 2.852628, -0.022183
2.692100, 2.715110, 0.006164
2.692100, 4.629860, 0.116586
2.692100, 5.204358, -0.125488
2.692100, 2.730233, -0.008091
2.692100, 2.826550, 0.019356
2.692100, 8.719279, 0.105659
2.692100, 3.471311, -0.072083
2.692100, 2.692863, -0.000924
2.692100, 3.213076, 0.054391
2.692100, 10.707549, -0.062504
2.692100, 2.904020, -0.027457
2.692100, 2.702283, 0.004295
2.692100, 4.120672, 0.102562
2.692100, 6.098012, -0.129630
2.692100, 2.753623, -0.010965
2.692100, 2.794829, 0.015800
2.692100, 7.634498, 0.120248
2.692100, 3.665180, -0.083042
2.692100, 2.694266, -0.002120
2.692100, 3.071591, 0.042937
2.692100, 11.657868, -0.018135
2.692100, 2.988165, -0.035517
2.692100, 2.695911, 0.002927
2.692100, 3.809741, 0.090105
2.692100, 7.025289, -0.125832
2.692100, 2.778111, -0.013886
2.692100, 2.766476, 0.012519
2.692100, 6.589036, 0.128428
2.692100, 3.938511, -0.095686
2.692100, 2.698202, -0.003540
2.692100, 2.941571, 0.031133
2.692100, 11.278256, 0.041875
2.692100, 3.139521, -0.048606
2.692100, 2.693490, 0.001533
2.692100, 3.568027, 0.077776
2.692100, 8.134293, -0.114216
2.692100, 2.809032, -0.017406
2.692100, 2.742740, 0.009638
2.692100, 5.681637, 0.128886
2.692100, 4.320470, -0.108897
2.692100, 2.707134, -0.005062
2.692100, 2.876757, 0.024702
2.692100, 10.131508, 0.077943
2.692100, 3.282428, -0.059529
2.692100, 2.692240, 0.000351
2.692100, 3.380302, 0.066285
2.692100, 9.357453, -0.094492
2.692100, 2.847365, -0.021622
2.692100, 2.717609, 0.006491
2.692100, 4.725068, 0.118502
2.692100, 5.086651, -0.124145
2.692100, 2.727136, -0.007703
2.692100, 2.831167, 0.019864
2.692100, 8.866647, 0.103254
2.692100, 3.449161, -0.070713
2.692100, 2.692707, -0.000786
2.692100, 3.229719, 0.055651
2.692100, 10.569770, -0.066534
2.692100, 2.896870, -0.026742
2.692100, 2.703359, 0.004474
2.692100, 4.166008, 0.104104
2.692100, 5.993893, -0.129611
2.692100, 2.750906, -0.010635
2.692100, 2.798439, 0.016209
2.692100, 7.763225, 0.118812
2.692100, 3.638603, -0.081644
2.692100, 2.694043, -0.001961
2.692100, 3.089711, 0.044481
2.692100, 11.579405, -0.024951
2.692100, 2.974302, -0.034232
2.692100, 2.696415, 0.003089
2.692100, 3.841867, 0.091557
2.692100, 6.908164, -0.126654
2.692100, 2.774962, -0.013519
2.692100, 2.769307, 0.012855
2.692100, 6.696047, 0.127913
2.692100, 3.904491, -0.094273
2.692100, 2.697531, -0.003387
2.692100, 2.951703, 0.032102
2.692100, 11.389920, 0.036517
2.692100, 3.122914, -0.047250
2.692100, 2.693665, 0.001674
2.692100, 3.591161, 0.079070
2.692100, 8.007778, -0.115857
2.692100, 2.805384, -0.016995
2.692100, 2.745549, 0.009982
2.692100, 5.789000, 0.129255
2.692100, 4.263909, -0.107222
2.692100, 2.705731, -0.004850
2.692100, 2.883341, 0.025375
2.692100, 10.283219, 0.074203
2.692100, 3.264121, -0.058202
2.692100, 2.692384, 0.000499
2.692100, 3.403526, 0.067808
2.692100, 9.186453, -0.097680
2.692100, 2.841559, -0.020996
2.692100, 2.720736, 0.006893
2.692100, 4.843794, 0.120627
2.692100, 4.954488, -0.122362
2.692100, 2.723654, -0.007264
2.692100, 2.836639, 0.020462
2.692100, 9.037173, 0.100344
2.692100, 3.424443, -0.069153
2.692100, 2.692530, -0.000631
2.692100, 3.248262, 0.057035
2.692100, 10.415317, -0.070775
2.692100, 2.889380, -0.025987
2.692100, 2.704609, 0.004675
2.692100, 4.217928, 0.105793
2.692100, 5.882036, -0.129471
2.692100, 2.747983, -0.010278
2.692100, 2.802254, 0.016641
2.692100, 7.898118, 0.117218
2.692100, 3.611968, -0.080212
2.692100, 2.693829, -0.001801
2.692100, 3.108273, 0.046038
2.692100, 11.479775, -0.031560
2.692100, 2.961257, -0.033008
2.692100, 2.697009, 0.003255
2.692100, 3.876232, 0.093066
2.692100, 6.789233, -0.127398
2.692100, 2.771784, -0.013147
2.692100, 2.772397, 0.013219
2.692100, 6.812238, 0.127261
2.692100, 3.869440, -0.092771
2.692100, 2.696888, -0.003222
2.692100, 2.963707, 0.033239
2.692100, 11.500475, 0.030305
2.692100, 3.104666, -0.045738
2.692100, 2.693870, 0.001832
2.692100, 3.617120, 0.080491
2.692100, 7.871553, -0.117539
2.692100, 2.801500, -0.016556
2.692100, 2.748566, 0.010350
2.692100, 5.904332, 0.129509
2.692100, 4.207296, -0.105454
2.692100, 2.704352, -0.004634
2.692100, 2.890857, 0.026137
2.692100, 10.446603, 0.069937
2.692100, 3.244509, -0.056757
2.692100, 2.692566, 0.000662
2.692100, 3.429440, 0.069471
2.692100, 9.002183, -0.100952
2.692100, 2.835504, -0.020339
2.692100, 2.724357, 0.007353
2.692100, 4.981182, 0.122746
2.692100, 4.818706, -0.120201
2.692100, 2.720075, -0.006809
2.692100, 2.842732, 0.021123
2.692100, 9.221467, 0.097040
2.692100, 3.398709, -0.067494
2.692100, 2.692352, -0.000469
2.692100, 3.267836, 0.058473
2.692100, 10.252344, -0.074980
2.692100, 2.881973, -0.025235
2.692100, 2.706005, 0.004892
2.692100, 4.275018, 0.107558
2.692100, 5.767319, -0.129191
2.692100, 2.744982, -0.009912
2.692100, 2.806114, 0.017077
2.692100, 8.033217, 0.115533
2.692100, 3.586436, -0.078808
2.692100, 2.693628, -0.001645
2.692100, 3.126266, 0.047525
2.692100, 11.368146, -0.037621
2.692100, 2.949599, -0.031902
2.692100, 2.697659, 0.003417
2.692100, 3.911157, 0.094553
2.692100, 6.674645, -0.128023
2.692100, 2.768739, -0.012788
2.692100, 2.775572, 0.013591
2.692100, 6.930915, 0.126501
2.692100, 3.835498, -0.091272
2.692100, 2.696311, -0.003057
2.692100, 2.976911, 0.034475
2.692100, 11.596269, 0.023651
2.692100, 3.086180, -0.044182
2.692100, 2.694085, 0.001992
2.692100, 3.643719, 0.081916
2.692100, 7.737997, -0.119100
2.692100, 2.797729, -0.016129
2.692100, 2.751443, 0.010700
2.692100, 6.014459, 0.129623
2.692100, 4.156834, -0.103797
2.692100, 2.703140, -0.004438
2.692100, 2.898267, 0.026882
2.692100, 10.597439, 0.065745
2.692100, 3.226388, -0.055400
2.692100, 2.692739, 0.000814
2.692100, 3.453599, 0.070990
2.692100, 8.836712, -0.103751
2.692100, 2.830221, -0.019760
2.692100, 2.727759, 0.007781
2.692100, 5.110329, 0.124433
2.692100, 4.705170, -0.118118
2.692100, 2.717086, -0.006423
2.692100, 2.848412, 0.021734
2.692100, 9.387663, 0.093913
2.692100, 3.376274, -0.066018
2.692100, 2.692219, -0.000324
2.692100, 3.285733, 0.059767
2.692100, 10.104265, -0.078595
2.692100, 2.875610, -0.024584
2.692100, 2.707405, 0.005102
2.692100, 4.331254, 0.109206
2.692100, 5.661995, -0.128804
2.692100, 2.742226, -0.009575
2.692100, 2.809712, 0.017482
2.692100, 8.157710, 0.113904
2.692100, 3.563842, -0.077539
2.692100, 2.693460, -0.001507
2.692100, 3.142590, 0.048854
2.692100, 11.256652, -0.042835
2.692100, 2.939775, -0.030960
2.692100, 2.698337, 0.003569
2.692100, 3.945116, 0.095955
2.692100, 6.568886, -0.128516
2.692100, 2.765944, -0.012455
2.692100, 2.778734, 0.013958
2.692100, 7.048355, 0.125660
2.692100, 3.803603, -0.089823
2.692100, 2.695821, -0.002896
2.692100, 2.991023, 0.035780
2.692100, 11.670724, 0.016757
2.692100, 3.068043, -0.042632
2.692100, 2.694313, 0.002152
2.692100, 3.670496, 0.083317
2.692100, 7.609430, -0.120518
2.692100, 2.794130, -0.015720
2.692100, 2.754147, 0.011029
2.692100, 6.118095, 0.129622
2.692100, 4.112236, -0.102268
2.692100, 2.702084, -0.004262
2.692100, 2.905423, 0.027597
2.692100, 10.733468, 0.061716
2.692100, 3.209925, -0.054150
2.692100, 2.692892, 0.000951
2.692100, 3.475496, 0.072340
2.692100, 8.692005, -0.106093
2.692100, 2.825706, -0.019263
2.692100, 2.730813, 0.008163
2.692100, 5.226423, 0.125716
2.692100, 4.612997, -0.116226
2.692100, 2.714669, -0.006106
2.692100, 2.853636, 0.022290
2.692100, 9.535609, 0.091007
2.692100, 3.356843, -0.064717
2.692100, 2.692140, -0.000195
2.692100, 3.302458, 0.060958
2.692100, 9.967273, -0.081784
2.692100, 2.869992, -0.024005
2.692100, 2.708873, 0.005314
2.692100, 4.389217, 0.110814
2.692100, 5.560650, -0.128308
2.692100, 2.739575, -0.009249
2.692100, 2.813306, 0.017885
2.692100, 8.280517, 0.112225
2.692100, 3.542363, -0.076311
2.692100, 2.693317, -0.001372
2.692100, 3.158716, 0.050150
2.692100, 11.138968, -0.047731
2.692100, 2.930702, -0.030083
2.692100, 2.699113, 0.003727
2.692100, 3.981704, 0.097419
2.692100, 6.460760, -0.128933
2.692100, 2.763102, -0.012115
2.692100, 2.782233, 0.014362
2.692100, 7.177408, 0.124637
2.692100, 3.770330, -0.088266
2.692100, 2.695369, -0.002719
2.692100, 3.007712, 0.037303
2.692100, 11.724668, 0.008903
2.692100, 3.048480, -0.040934
2.692100, 2.694593, 0.002328
2.692100, 3.700648, 0.084857
2.692100, 7.471372, -0.121945
2.692100, 2.790297, -0.015284
2.692100, 2.757011, 0.011377
2.692100, 6.227788, 0.129512
2.692100, 4.067798, -0.100681
2.692100, 2.701050, -0.004083
2.692100, 2.913213, 0.028369
2.692100, 10.870821, 0.057361
2.692100, 3.193058, -0.052851
2.692100, 2.693042, 0.001091
2.692100, 3.497769, 0.073687
2.692100, 8.549921, -0.108298
2.692100, 2.821356, -0.018781
2.692100, 2.733850, 0.008541
2.692100, 5.342060, 0.126789
2.692100, 4.529211, -0.114342
2.692100, 2.712484, -0.005813
2.692100, 2.859053, 0.022863
2.692100, 9.683909, 0.087969
2.692100, 3.337811, -0.063421
2.692100, 2.692104, -0.000063
2.692100, 3.320247, 0.062207
2.692100, 9.823511, -0.084988
2.692100, 2.864338, -0.023416
2.692100, 2.710614, 0.005558
2.692100, 4.457046, 0.112584
2.692100, 5.450435, -0.127622
2.692100, 2.736690, -0.008893
2.692100, 2.817338, 0.018335
2.692100, 8.416468, 0.110285
2.692100, 3.519449, -0.074975
2.692100, 2.693177, -0.001228
2.692100, 3.176381, 0.051549
2.692100, 11.003444, -0.052816
2.692100, 2.921415, -0.029177
2.692100, 2.700073, 0.003908
2.692100, 4.024993, 0.099091
2.692100, 6.340053, -0.129289
2.692100, 2.759943, -0.011733
2.692100, 2.786368, 0.014836
2.692100, 7.328709, 0.123312
2.692100, 3.733473, -0.086489
2.692100, 2.694933, -0.002516
2.692100, 3.028399, 0.039162
2.692100, 11.745861, -0.000377
2.692100, 3.026674, -0.039008
2.692100, 2.694965, 0.002532
2.692100, 3.736410, 0.086633
2.692100, 7.316318, -0.123426
2.692100, 2.786028, -0.014797
2.692100, 2.760198, 0.011764
2.692100, 6.349820, 0.129265
2.692100, 4.021388, -0.098954
2.692100, 2.699992, -0.003893
2.692100, 2.922144, 0.029248
2.692100, 11.014638, 0.052415
2.692100, 3.174950, -0.051437
2.692100, 2.693189, 0.001239
2.692100, 3.521299, 0.075084
2.692100, 8.405298, -0.110448
2.692100, 2.817005, -0.018298
2.692100, 2.736927, 0.008922
2.692100, 5.459475, 0.127684
2.692100, 4.451281, -0.112438
2.692100, 2.710466, -0.005537
2.692100, 2.864789, 0.023464
2.692100, 9.835193, 0.084732
2.692100, 3.318791, -0.062105
2.692100, 2.692105, 0.000074
2.692100, 3.339317, 0.063525
2.692100, 9.672063, -0.088216
2.692100, 2.858613, -0.022816
2.692100, 2.712650, 0.005836
2.692100, 4.535617, 0.114491
2.692100, 5.332849, -0.126710
2.692100, 2.733608, -0.008511
2.692100, 2.821700, 0.018819
2.692100, 8.561226, 0.108126
2.692100, 3.495967, -0.073579
2.692100, 2.693030, -0.001079
2.692100, 3.194432, 0.052958
2.692100, 10.859738, -0.057724
2.692100, 2.912560, -0.028305
2.692100, 2.701133, 0.004098
2.692100, 4.071377, 0.100811
2.692100, 6.218704, -0.129525
2.692100, 2.756774, -0.011348
2.692100, 2.790616, 0.015320
2.692100, 7.482877, 0.121830
2.692100, 3.698077, -0.084728
2.692100, 2.694568, -0.002314
2.692100, 3.050110, 0.041077
2.692100, 11.721348, -0.009574
2.692100, 3.006259, -0.037172
2.692100, 2.695404, 0.002734
2.692100, 3.773078, 0.088397
2.692100, 7.166484, -0.124727
2.692100, 2.781936, -0.014327
2.692100, 2.763336, 0.012143
2.692100, 6.469666, 0.128902
2.692100, 3.978615, -0.097298
2.692100, 2.699046, -0.003714
2.692100, 2.931417, 0.030152
2.692100, 11.148768, 0.047343
2.692100, 3.157406, -0.050045
2.692100, 2.693328, 0.001383
2.692100, 3.544080, 0.076410
2.692100, 8.270535, -0.112364
2.692100, 2.813012, -0.017852
2.692100, 2.739788, 0.009275
2.692100, 5.568795, 0.128352
2.692100, 4.384410, -0.110684
2.692100, 2.708751, -0.005296
2.692100, 2.870427, 0.024050
2.692100, 9.978070, 0.081538
2.692100, 3.301132, -0.060864
2.692100, 2.692144, 0.000205
2.692100, 3.358325, 0.064817
2.692100, 9.524205, -0.091235
2.692100, 2.853227, -0.022247
2.692100, 2.714846, 0.006129
2.692100, 4.619786, 0.116372
2.692100, 5.217494, -0.125624
2.692100, 2.730578, -0.008134
2.692100, 2.826047, 0.019300
2.692100, 8.703032, 0.105918
2.692100, 3.473801, -0.072236
2.692100, 2.692880, -0.000940
2.692100, 3.211202, 0.054248
2.692100, 10.722973, -0.062037
2.692100, 2.904852, -0.027540
2.692100, 2.702165, 0.004275
2.692100, 4.115649, 0.102387
2.692100, 6.109942, -0.129626
2.692100, 2.753935, -0.011003
2.692100, 2.794414, 0.015753
2.692100, 7.619614, 0.120409
2.692100, 3.668331, -0.083205
2.692100, 2.694293, -0.002139
2.692100, 3.069485, 0.042756
2.692100, 11.665606, -0.017319
2.692100, 2.989856, -0.035673
2.692100, 2.695857, 0.002909
2.692100, 3.806092, 0.089937
2.692100, 7.038975, -0.125730
2.692100, 2.778480, -0.013929
2.692100, 2.766159, 0.012481
2.692100, 6.577046, 0.128481
2.692100, 3.942434, -0.095846
2.692100, 2.698282, -0.003557
2.692100, 2.940498, 0.031030
2.692100, 11.265415, 0.042448
2.692100, 3.141350, -0.048754
2.692100, 2.693472, 0.001517
2.692100, 3.565529, 0.077635
2.692100, 8.148250, -0.114030
2.692100, 2.809437, -0.017452
2.692100, 2.742433, 0.009601
2.692100, 5.669919, 0.128837
2.692100, 4.326887, -0.109081
2.692100, 2.707295, -0.005086
2.692100, 2.876071, 0.024631
2.692100, 10.115228, 0.078333
2.692100, 3.284402, -0.059671
2.692100, 2.692227, 0.000335
2.692100, 3.377889, 0.066126
2.692100, 9.375533, -0.094146
2.692100, 2.847991, -0.021689
2.692100, 2.717295, 0.006450
2.692100, 4.713118, 0.118272
2.692100, 5.100815, -0.124318
2.692100, 2.727509, -0.007750
2.692100, 2.830600, 0.019802
2.692100, 8.848721, 0.103552
2.692100, 3.451815, -0.070879
2.692100, 2.692727, -0.000802
2.692100, 3.227727, 0.055501
2.692100, 10.586319, -0.066063
2.692100, 2.897703, -0.026826
2.692100, 2.703228, 0.004452
2.692100, 4.160516, 0.103921
2.692100, 6.006174, -0.129619
2.692100, 2.751226, -0.010674
2.692100, 2.798015, 0.016161
2.692100, 7.748175, 0.118985
2.692100, 3.641650, -0.081806
2.692100, 2.694068, -0.001980
2.692100, 3.087606, 0.044303
2.692100, 11.589544, -0.024178
2.692100, 2.975852, -0.034376
2.692100, 2.696353, 0.003070
2.692100, 3.838064, 0.091387
2.692100, 6.921721, -0.126564
2.692100, 2.775325, -0.013562
2.692100, 2.768968, 0.012815
2.692100, 6.683259, 0.127979
2.692100, 3.908466, -0.094440
2.692100, 2.697607, -0.003405
2.692100, 2.950441, 0.031982
2.692100, 11.376951, 0.037179
2.692100, 3.124918, -0.047414
2.692100, 2.693642, 0.001657
2.692100, 3.588334, 0.078913
2.692100, 8.022977, -0.115664
2.692100, 2.805820, -0.017044
2.692100, 2.745211, 0.009940
2.692100, 5.776045, 0.129217
2.692100, 4.270528, -0.107423
2.692100, 2.705894, -0.004875
2.692100, 2.882521, 0.025291
2.692100, 10.264765, 0.074668
2.692100, 3.266341, -0.058364
2.692100, 2.692364, 0.000481
2.692100, 3.400643, 0.067620
2.692100, 9.207384, -0.097298
2.692100, 2.842260, -0.021072
2.692100, 2.720339, 0.006843
2.692100, 4.828752, 0.120373
2.692100, 4.970417, -0.122593
2.692100, 2.724074, -0.007318
2.692100, 2.835960, 0.020388
2.692100, 9.016254, 0.100708
2.692100, 3.427426, -0.069343
2.692100, 2.692552, -0.000650
2.692100, 3.246021, 0.056869
2.692100, 10.434000, -0.070276
2.692100, 2.890260, -0.026076
2.692100, 2.704455, 0.004650
2.692100, 4.211570, 0.105591
2.692100, 5.895332, -0.129495
2.692100, 2.748331, -0.010321
2.692100, 2.801805, 0.016590
2.692100, 7.882294, 0.117410
2.692100, 3.615031, -0.080378
2.692100, 2.693854, -0.001819
2.692100, 3.106127, 0.045860
2.692100, 11.492160, -0.030815
2.692100, 2.962709, -0.033145
2.692100, 2.696936, 0.003236
2.692100, 3.872185, 0.092890
2.692100, 6.802911, -0.127317
2.692100, 2.772149, -0.013190
2.692100, 2.772032, 0.013176
2.692100, 6.798530, 0.127343
2.692100, 3.873479, -0.092947
2.692100, 2.696959, -0.003242
2.692100, 2.962243, 0.033101
2.692100, 11.488218, 0.031054
2.692100, 3.106814, -0.045917
2.692100, 2.693846, 0.001813
2.692100, 3.614050, 0.080325
2.692100, 7.887353, -0.117349
2.692100, 2.801949, -0.016607
2.692100, 2.748220, 0.010307
2.692100, 5.891086, 0.129487
2.692100, 4.213595, -0.105655
2.692100, 2.704504, -0.004658
2.692100, 2.889979, 0.026048
2.692100, 10.428041, 0.070435
2.692100, 3.246736, -0.056922
2.692100, 2.692545, 0.000644
2.692100, 3.426474, 0.069283
2.692100, 9.022919, -0.100592
2.692100, 2.836176, -0.020412
2.692100, 2.723940, 0.007301
2.692100, 4.965333, 0.122520
2.692100, 4.833530, -0.120454
2.692100, 2.720465, -0.006859
2.692100, 2.842036, 0.021048
2.692100, 9.200716, 0.097420
2.692100, 3.401560, -0.067680
2.692100, 2.692371, -0.000487
2.692100, 3.265633, 0.058312
2.692100, 10.270646, -0.074520
2.692100, 2.882782, -0.025318
2.692100, 2.705842, 0.004867
2.692100, 4.268413, 0.107359
2.692100, 5.780174, -0.129229
2.692100, 2.745318, -0.009954
2.692100, 2.805681, 0.017029
2.692100, 8.018132, 0.115726
2.692100, 3.589233, -0.078963
2.692100, 2.693650, -0.001662
2.692100, 3.124280, 0.047362
2.692100, 11.381098, -0.036969
2.692100, 2.950842, -0.032020
2.692100, 2.697583, 0.003399
2.692100, 3.907196, 0.094386
2.692100, 6.687334, -0.127958
2.692100, 2.769076, -0.012828
2.692100, 2.775209, 0.013548
2.692100, 6.917389, 0.126593
2.692100, 3.839277, -0.091442
2.692100, 2.696373, -0.003076
2.692100, 2.975355, 0.034330
2.692100, 11.586333, 0.024425
2.692100, 3.088278, -0.044360
2.692100, 2.694060, 0.001974
2.692100, 3.640675, 0.081755
2.692100, 7.752978, -0.118930
2.692100, 2.798150, -0.016177
2.692100, 2.751124, 0.010661
2.692100, 6.002258, 0.129617
2.692100, 4.162263, -0.103979
2.692100, 2.703269, -0.004459
2.692100, 2.897437, 0.026799
2.692100, 10.581051, 0.066214
2.692100, 3.228362, -0.055549
2.692100, 2.692720, 0.000797
2.692100, 3.450970, 0.070826
2.692100, 8.854420, -0.103457
2.692100, 2.830780, -0.019822
2.692100, 2.727390, 0.007735
2.692100, 5.096307, 0.124263
2.692100, 4.716906, -0.118345
2.692100, 2.717395, -0.006463
2.692100, 2.847791, 0.021667
2.692100, 9.369781, 0.094257
2.692100, 3.378656, -0.066176
2.692100, 2.692231, -0.000340
2.692100, 3.283773, 0.059626
2.692100, 10.120416, -0.078209
2.692100, 2.876289, -0.024654
2.692100, 2.707244, 0.005078
2.692100, 4.324834, 0.109022
2.692100, 5.673658, -0.128853
2.692100, 2.742531, -0.009613
2.692100, 2.809308, 0.017437
2.692100, 8.143791, 0.114090
2.692100, 3.566326, -0.077680
2.692100, 2.693478, -0.001522
2.692100, 3.140765, 0.048707
2.692100, 11.269528, -0.042266
2.692100, 2.940840, -0.031063
2.692100, 2.698256, 0.003552
2.692100, 3.941176, 0.095795
2.692100, 6.580882, -0.128464
2.692100, 2.766261, -0.012493
2.692100, 2.778362, 0.013915
2.692100, 7.034583, 0.125763
2.692100, 3.807261, -0.089991
2.692100, 2.695874, -0.002915
2.692100, 2.989311, 0.035623
2.692100, 11.663158, 0.017581
2.692100, 3.070160, -0.042815
2.692100, 2.694284, 0.002133
2.692100, 3.667319, 0.083153
2.692100, 7.624387, -0.120358
2.692100, 2.794547, -0.015768
2.692100, 2.753835, 0.010991
2.692100, 6.106119, 0.129627
2.692100, 4.117255, -0.102443
2.692100, 2.702202, -0.004282
2.692100, 2.904585, 0.027513
2.692100, 10.718038, 0.062187
2.692100, 3.211802, -0.054294
2.692100, 2.692875, 0.000935
2.692100, 3.473004, 0.072187
2.692100, 8.708225, -0.105835
2.692100, 2.826208, -0.019318
2.692100, 2.730468, 0.008120
2.692100, 5.213292, 0.125581
2.692100, 4.622997, -0.116441
2.692100, 2.714930, -0.006140
2.692100, 2.853035, 0.022227
2.692100, 9.518841, 0.091342
2.692100, 3.359022, -0.064864
2.692100, 2.692147, -0.000210
2.692100, 3.300511, 0.060820
2.692100, 9.983135, -0.081422
2.692100, 2.870631, -0.024071
2.692100, 2.708693, 0.005288
2.692100, 4.382169, 0.110623
2.692100, 5.572607, -0.128373
2.692100, 2.739887, -0.009288
2.692100, 2.812874, 0.017837
2.692100, 8.265870, 0.112429
2.692100, 3.544885, -0.076456
2.692100, 2.693333, -0.001388
2.692100, 3.156793, 0.049996
2.692100, 11.153338, -0.047161
2.692100, 2.931753, -0.030185
2.692100, 2.699015, 0.003708
2.692100, 3.977177, 0.097241
2.692100, 6.473824, -0.128887
2.692100, 2.763445, -0.012156
2.692100, 2.781798, 0.014311
2.692100, 7.161398, 0.124769
2.692100, 3.774362, -0.088457
2.692100, 2.695420, -0.002741
2.692100, 3.005584, 0.037110
2.692100, 11.719721, 0.009886
2.692100, 3.050870, -0.041143
2.692100, 2.694556, 0.002307
2.692100, 3.696881, 0.084667
2.692100, 7.488246, -0.121776
2.692100, 2.790764, -0.015337
2.692100, 2.756663, 0.011335
2.692100, 6.214461, 0.129531
2.692100, 4.073054, -0.100872
2.692100, 2.701172, -0.004104
2.692100, 2.912256, 0.028275
2.692100, 10.854542, 0.057894
2.692100, 3.195074, -0.053008
2.692100, 2.693024, 0.001074
2.692100, 3.495122, 0.073528
2.692100, 8.566535, -0.108045
2.692100, 2.821861, -0.018837
2.692100, 2.733495, 0.008497
2.692100, 5.328522, 0.126673
2.692100, 4.538642, -0.114562
2.692100, 2.712729, -0.005846
2.692100, 2.858407, 0.022795
2.692100, 9.666500, 0.088332
2.692100, 3.340025, -0.063573
2.692100, 2.692106, -0.000079
2.692100, 3.318109, 0.062058
2.692100, 9.840669, -0.084613
2.692100, 2.865001, -0.023486
2.692100, 2.710396, 0.005527
2.692100, 4.448593, 0.112370
2.692100, 5.463709, -0.127713
2.692100, 2.737038, -0.008936
2.692100, 2.816849, 0.018280
2.692100, 8.400065, 0.110524
2.692100, 3.522168, -0.075135
2.692100, 2.693194, -0.001245
2.692100, 3.174278, 0.051384
2.692100, 11.019883, -0.052225
2.692100, 2.922487, -0.029282
2.692100, 2.699954, 0.003886
2.692100, 4.019700, 0.098890
2.692100, 6.354410, -0.129253
2.692100, 2.760318, -0.011778
2.692100, 2.785868, 0.014778
2.692100, 7.310498, 0.123478
2.692100, 3.737794, -0.086700
2.692100, 2.694980, -0.002540
2.692100, 3.025865, 0.038936
2.692100, 11.745756, 0.000732
2.692100, 3.029214, -0.039234
2.692100, 2.694917, 0.002508
2.692100, 3.732094, 0.086421
2.692100, 7.334548, -0.123258
2.692100, 2.786528, -0.014854
2.692100, 2.759822, 0.011718
2.692100, 6.335456, 0.129301
2.692100, 4.026696, -0.099155
2.692100, 2.700112, -0.003915
2.692100, 2.921073, 0.029143
2.692100, 10.998157, 0.053005
2.692100, 3.177056, -0.051602
2.692100, 2.693172, 0.001222
2.692100, 3.518577, 0.074924
2.692100, 8.421745, -0.110208
2.692100, 2.817496, -0.018352
2.692100, 2.736578, 0.008879
2.692100, 5.446163, 0.127592
2.692100, 4.459784, -0.112653
2.692100, 2.710685, -0.005567
2.692100, 2.864125, 0.023394
2.692100, 9.817995, 0.085108
2.692100, 3.320935, -0.062255
2.692100, 2.692103, 0.000058
2.692100, 3.337103, 0.063373
2.692100, 9.689494, -0.087852
2.692100, 2.859261, -0.022884
2.692100, 2.712406, 0.005803
2.692100, 4.526207, 0.114271
2.692100, 5.346402, -0.126825
2.692100, 2.733964, -0.008555
2.692100, 2.821195, 0.018763
2.692100, 8.544592, 0.108379
2.692100, 3.498620, -0.073738
2.692100, 2.693047, -0.001096
2.692100, 3.192408, 0.052801
2.692100, 10.876056, -0.057188
2.692100, 2.913523, -0.028400
2.692100, 2.701011, 0.004076
2.692100, 4.066108, 0.100620
2.692100, 6.232095, -0.129505
2.692100, 2.757123, -0.011391
2.692100, 2.790146, 0.015267
2.692100, 7.465915, 0.122000
2.692100, 3.701872, -0.084919
2.692100, 2.694605, -0.002336
2.692100, 3.047708, 0.040866
2.692100, 11.726163, -0.008583
2.692100, 3.008405, -0.037366
2.692100, 2.695352, 0.002712
2.692100, 3.769027, 0.088205
2.692100, 7.182603, -0.124593
2.692100, 2.782375, -0.014378
2.692100, 2.762992, 0.012101
2.692100, 6.456537, 0.128947
2.692100, 3.983174, -0.097477
2.692100, 2.699145, -0.003733
2.692100, 2.930364, 0.030050
2.692100, 11.134313, 0.047915
2.692100, 3.159337, -0.050199
2.692100, 2.693312, 0.001367
2.692100, 3.541551, 0.076264
2.692100, 8.285246, -0.112159
2.692100, 2.813445, -0.017901
2.692100, 2.739474, 0.009237
2.692100, 5.556796, 0.128286
2.692100, 4.391502, -0.110876
2.692100, 2.708931, -0.005322
2.692100, 2.869788, 0.023983
2.692100, 9.962174, 0.081900
2.692100, 3.303084, -0.061003
2.692100, 2.692138, 0.000190
2.692100, 3.356147, 0.064670
2.692100, 9.540980, -0.090899
2.692100, 2.853829, -0.022311
2.692100, 2.714585, 0.006095
2.692100, 4.609818, 0.116158
2.692100, 5.230626, -0.125758
2.692100, 2.730923, -0.008177
2.692100, 2.825546, 0.019245
2.692100, 8.686818, 0.106175
2.692100, 3.476296, -0.072388
2.692100, 2.692897, -0.000956
2.692100, 3.209323, 0.054104
2.692100, 10.738411, -0.061565
2.692100, 2.905693, -0.027624
2.692100, 2.702047, 0.004255
2.692100, 4.110630, 0.102212
2.692100, 6.121945, -0.129620
2.692100, 2.754248, -0.011041
2.692100, 2.793996, 0.015705
2.692100, 7.604617, 0.120570
2.692100, 3.671522, -0.083370
2.692100, 2.694322, -0.002158
2.692100, 3.067362, 0.042574
2.692100, 11.673093, -0.016491
2.692100, 2.991577, -0.035831
2.692100, 2.695804, 0.002890
2.692100, 3.802429, 0.089769
2.692100, 7.052793, -0.125626
2.692100, 2.778854, -0.013972
2.692100, 2.765843, 0.012443
2.692100, 6.565042, 0.128532
2.692100, 3.946383, -0.096007
2.692100, 2.698363, -0.003575
2.692100, 2.939436, 0.030928
2.692100, 11.252516, 0.043017
2.692100, 3.143173, -0.048902
2.692100, 2.693455, 0.001502
2.692100, 3.563051, 0.077495
2.692100, 8.162157, -0.113844
2.692100, 2.809842, -0.017497
2.692100, 2.742129, 0.009563
2.692100, 5.658277, 0.128788
2.692100, 4.333311, -0.109265
2.692100, 2.707457, -0.005109
2.692100, 2.875395, 0.024562
2.692100, 10.099131, 0.078717
2.692100, 3.286356, -0.059812
2.692100, 2.692215, 0.000320
2.692100, 3.375521, 0.065968
2.692100, 9.393330, -0.093804
2.692100, 2.848608, -0.021755
2.692100, 2.716989, 0.006410
2.692100, 4.701477, 0.118046
2.692100, 5.114775, -0.124486
2.692100, 2.727876, -0.007796
2.692100, 2.830045, 0.019741
2.692100, 8.831109, 0.103843
2.692100, 3.454433, -0.071042
2.692100, 2.692745, -0.000819
2.692100, 3.225762, 0.055353
2.692100, 10.602637, -0.065596
2.692100, 2.898531, -0.026909
2.692100, 2.703099, 0.004431
2.692100, 4.155114, 0.103740
2.692100, 6.018342, -0.129625
2.692100, 2.751544, -0.010712
2.692100, 2.797595, 0.016114
2.692100, 7.733221, 0.119155
2.692100, 3.644692, -0.081967
2.692100, 2.694093, -0.001998
2.692100, 3.085510, 0.044125
2.692100, 11.599386, -0.023403
2.692100, 2.977411, -0.034521
2.692100, 2.696292, 0.003051
2.692100, 3.834296, 0.091219
2.692100, 6.935235, -0.126472
2.692100, 2.775688, -0.013604
2.692100, 2.768632, 0.012775
2.692100, 6.670614, 0.128043
2.692100, 3.912420, -0.094606
2.692100, 2.697684, -0.003423
2.692100, 2.949207, 0.031864
2.692100, 11.364006, 0.037828
2.692100, 3.126897, -0.047577
2.692100, 2.693621, 0.001640
2.692100, 3.585551, 0.078758
2.692100, 8.038009, -0.115472
2.692100, 2.806252, -0.017093
2.692100, 2.744875, 0.009899
2.692100, 5.763236, 0.129178
2.692100, 4.277127, -0.107621
2.692100, 2.706057, -0.004900
2.692100, 2.881717, 0.025209
2.692100, 10.246537, 0.075125
2.692100, 3.268535, -0.058524
2.692100, 2.692346, 0.000463
2.692100, 3.397808, 0.067436
2.692100, 9.228048, -0.096919
2.692100, 2.842954, -0.021147
2.692100, 2.719952, 0.006793
2.692100, 4.814033, 0.120121
2.692100, 4.986225, -0.122818
2.692100, 2.724490, -0.007370
2.692100, 2.835292, 0.020315
2.692100, 8.995608, 0.101066
2.692100, 3.430383, -0.069531
2.692100, 2.692573, -0.000668
2.692100, 3.243802, 0.056704
2.692100, 10.452503, -0.069778
2.692100, 2.891138, -0.026165
2.692100, 2.704303, 0.004626
2.692100, 4.205299, 0.105390
2.692100, 5.908555, -0.129516
2.692100, 2.748676, -0.010363
2.692100, 2.801357, 0.016540
2.692100, 7.866505, 0.117600
2.692100, 3.618104, -0.080545
2.692100, 2.693878, -0.001838
2.692100, 3.103978, 0.045680
2.692100, 11.504355, -0.030064
2.692100, 2.964179, -0.033283
2.692100, 2.696865, 0.003216
2.692100, 3.868151, 0.092715
2.692100, 6.816634, -0.127235
2.692100, 2.772514, -0.013233
2.692100, 2.771668, 0.013133
2.692100, 6.784866, 0.127423
2.692100, 3.877529, -0.093122
2.692100, 2.697032, -0.003261
2.692100, 2.960796, 0.032964
2.692100, 11.475773, 0.031797
2.692100, 3.108958, -0.046095
2.692100, 2.693821, 0.001795
2.692100, 3.610990, 0.080159
2.692100, 7.903187, -0.117157
2.692100, 2.802399, -0.016658
2.692100, 2.747872, 0.010265
2.692100, 5.877767, 0.129463
2.692100, 4.219980, -0.105858
2.692100, 2.704659, -0.004683
2.692100, 2.889098, 0.025959
2.692100, 10.409303, 0.070934
2.692100, 3.248983, -0.057089
2.692100, 2.692524, 0.000625
2.692100, 3.423483, 0.069092
2.692100, 9.043921, -0.100225
2.692100, 2.836859, -0.020486
2.692100, 2.723519, 0.007247
2.692100, 4.949369, 0.122286
2.692100, 4.848672, -0.120708
2.692100, 2.720864, -0.006910
2.692100, 2.841334, 0.020972
2.692100, 9.179703, 0.097803
2.692100, 3.404458, -0.067868
2.692100, 2.692390, -0.000505
2.692100, 3.263405, 0.058150
2.692100, 10.289170, -0.074052
2.692100, 2.883607, -0.025402
2.692100, 2.705679, 0.004842
2.692100, 4.261788, 0.107157
2.692100, 5.793175, -0.129266
2.692100, 2.745659, -0.009995
2.692100, 2.805244, 0.016979
2.692100, 8.002878, 0.115920
2.692100, 3.592075, -0.079120
2.692100, 2.693672, -0.001680
2.692100, 3.122267, 0.047196
2.692100, 11.394075, -0.036303
2.692100, 2.952112, -0.032141
2.692100, 2.697507, 0.003381
2.692100, 3.903214, 0.094219
2.692100, 6.700172, -0.127891
2.692100, 2.769416, -0.012868
2.692100, 2.774845, 0.013506
2.692100, 6.903813, 0.126683
2.692100, 3.843092, -0.091612
2.692100, 2.696436, -0.003095
2.692100, 2.973807, 0.034186
2.692100, 11.576096, 0.025198
2.692100, 3.090386, -0.044538
2.692100, 2.694035, 0.001956
2.692100, 3.637626, 0.081592
2.692100, 7.768065, -0.118757
2.692100, 2.798575, -0.016225
2.692100, 2.750802, 0.010622
2.692100, 5.989937, 0.129609
2.692100, 4.167786, -0.104163
2.692100, 2.703401, -0.004480
2.692100, 2.896601, 0.026715
2.692100, 10.564420, 0.066686
2.692100, 3.230363, -0.055700
2.692100, 2.692702, 0.000780
2.692100, 3.448304, 0.070659
2.692100, 8.872457, -0.103157
2.692100, 2.831351, -0.019884
2.692100, 2.727015, 0.007688
2.692100, 5.082070, 0.124088
2.692100, 4.728962, -0.118576
2.692100, 2.717712, -0.006504
2.692100, 2.847163, 0.021600
2.692100, 9.351601, 0.094604
2.692100, 3.381085, -0.066337
2.692100, 2.692244, -0.000356
2.692100, 3.281791, 0.059484
2.692100, 10.136763, -0.077817
2.692100, 2.876979, -0.024725
2.692100, 2.707083, 0.005054
2.692100, 4.318415, 0.108837
2.692100, 5.685409, -0.128901
2.692100, 2.742838, -0.009650
2.692100, 2.808902, 0.017391
2.692100, 8.129810, 0.114275
2.692100, 3.568832, -0.077822
2.692100, 2.693496, -0.001538
2.692100, 3.138933, 0.048558
2.692100, 11.282359, -0.041690
2.692100, 2.941917, -0.031166
2.692100, 2.698176, 0.003535
2.692100, 3.937260, 0.095635
2.692100, 6.592876, -0.128411
2.692100, 2.766577, -0.012531
2.692100, 2.777993, 0.013872
2.692100, 7.020931, 0.125864
2.692100, 3.810908, -0.090158
2.692100, 2.695928, -0.002933
2.692100, 2.987629, 0.035468
2.692100, 11.655338, 0.018394
2.692100, 3.072263, -0.042995
2.692100, 2.694257, 0.002114
2.692100, 3.664179, 0.082990
2.692100, 7.639244, -0.120197
2.692100, 2.794962, -0.015815
2.692100, 2.753524, 0.010953
2.692100, 6.094203, 0.129631
2.692100, 4.122283, -0.102618
2.692100, 2.702321, -0.004301
2.692100, 2.903755, 0.027431
2.692100, 10.702609, 0.062653
2.692100, 3.213676, -0.054436
2.692100, 2.692858, 0.000919
2.692100, 3.470514, 0.072035
2.692100, 8.724493, -0.105575
2.692100, 2.826712, -0.019374
2.692100, 2.730122, 0.008077
2.692100, 5.200148, 0.125444
2.692100, 4.633111, -0.116655
2.692100, 2.715195, -0.006175
2.692100, 2.852436, 0.022163
2.692100, 9.502072, 0.091676
2.692100, 3.361207, -0.065011
2.692100, 2.692154, -0.000224
2.692100, 3.298578, 0.060683
2.692100, 9.998909, -0.081060
2.692100, 2.871269, -0.024137
2.692100, 2.708517, 0.005263
2.692100, 4.375248, 0.110435
2.692100, 5.584443, -0.128435
2.692100, 2.740197, -0.009326
2.692100, 2.812450, 0.017789
2.692100, 8.251405, 0.112629
2.692100, 3.547385, -0.076600
2.692100, 2.693349, -0.001404
2.692100, 3.154893, 0.049844
2.692100, 11.167453, -0.046593
2.692100, 2.932799, -0.030286
2.692100, 2.698919, 0.003689
2.692100, 3.972746, 0.097065
2.692100, 6.486697, -0.128841
2.692100, 2.763783, -0.012196
2.692100, 2.781371, 0.014262
2.692100, 7.145722, 0.124897
2.692100, 3.778336, -0.088645
2.692100, 2.695472, -0.002763
2.692100, 3.003515, 0.036922
2.692100, 11.714385, 0.010847
2.692100, 3.053222, -0.041348
2.692100, 2.694521, 0.002285
2.692100, 3.693197, 0.084481
2.692100, 7.504847, -0.121609
2.692100, 2.791224, -0.015390
2.692100, 2.756320, 0.011293
2.692100, 6.201329, 0.129548
2.692100, 4.078271, -0.101061
2.692100, 2.701292, -0.004125
2.692100, 2.911315, 0.028182
2.692100, 10.838387, 0.058418
2.692100, 3.197071, -0.053162
2.692100, 2.693007, 0.001057
2.692100, 3.492498, 0.073371
2.692100, 8.583083, -0.107792
2.692100, 2.822365, -0.018893
2.692100, 2.733140, 0.008453
2.692100, 5.315033, 0.126555
2.692100, 4.548134, -0.114782
2.692100, 2.712976, -0.005879
2.692100, 2.857767, 0.022727
2.692100, 9.649164, 0.088692
2.692100, 3.342234, -0.063724
2.692100, 2.692109, -0.000094
2.692100, 3.315993, 0.061910
2.692100, 9.857689, -0.084239
2.692100, 2.865661, -0.023555
2.692100, 2.710183, 0.005498
2.692100, 4.440300, 0.112158
2.692100, 5.476857, -0.127800
2.692100, 2.737382, -0.008978
2.692100, 2.816364, 0.018226
2.692100, 8.383815, 0.110759
2.692100, 3.524874, -0.075294
2.692100, 2.693210, -0.001262
2.692100, 3.172184, 0.051219
2.692100, 11.036169, -0.051634
2.692100, 2.923563, -0.029387
2.692100, 2.699836, 0.003865
2.692100, 4.014465, 0.098690
2.692100, 6.368720, -0.129215
2.692100, 2.760692, -0.011824
2.692100, 2.785372, 0.014722
2.692100, 7.292383, 0.123642
2.692100, 3.742122, -0.086911
2.692100, 2.695029, -0.002564
2.692100, 3.023354, 0.038711
2.692100, 11.744993, 0.001839
2.692100, 3.031765, -0.039461
2.692100, 2.694871, 0.002484
2.692100, 3.727804, 0.086211
2.692100, 7.352799, -0.123089
2.692100, 2.787029, -0.014911
2.692100, 2.759447, 0.011673
2.692100, 6.321094, 0.129334
2.692100, 4.032043, -0.099357
2.692100, 2.700233, -0.003937
2.692100, 2.920009, 0.029039
2.692100, 10.981572, 0.053592
2.692100, 3.179166, -0.051768
2.692100, 2.693156, 0.001205
2.692100, 3.515848, 0.074763
2.692100, 8.438310, -0.109965
2.692100, 2.817992, -0.018408
2.692100, 2.736227, 0.008835
2.692100, 5.432748, 0.127497
2.692100, 4.468436, -0.112870
2.692100, 2.710909, -0.005598
2.692100, 2.863460, 0.023325
2.692100, 9.800684, 0.085483
2.692100, 3.323098, -0.062405
2.692100, 2.692102, 0.000042
2.692100, 3.334887, 0.063220
2.692100, 9.706978, -0.087484
2.692100, 2.859913, -0.022953
2.692100, 2.712163, 0.005770
2.692100, 4.516867, 0.114050
2.692100, 5.359993, -0.126938
2.692100, 2.734320, -0.008599
2.692100, 2.820689, 0.018707
2.692100, 8.527903, 0.108632
2.692100, 3.501293, -0.073898
2.692100, 2.693065, -0.001113
2.692100, 3.190364, 0.052642
2.692100, 10.892487, -0.056643
2.692100, 2.914503, -0.028497
2.692100, 2.700889, 0.004055
2.692100, 4.060802, 0.100425
2.692100, 6.245678, -0.129484
2.692100, 2.757478, -0.011434
2.692100, 2.789670, 0.015213
2.692100, 7.448686, 0.122170
2.692100, 3.705751, -0.085114
2.692100, 2.694643, -0.002358
2.692100, 3.045270, 0.040653
2.692100, 11.730542, -0.007571
2.692100, 3.010612, -0.037566
2.692100, 2.695300, 0.002690
2.692100, 3.764918, 0.088009
2.692100, 7.199061, -0.124455
2.692100, 2.782823, -0.014429
2.692100, 2.762642, 0.012059
2.692100, 6.443208, 0.128992
2.692100, 3.987833, -0.097660
2.692100, 2.699246, -0.003753
2.692100, 2.929306, 0.029947
2.692100, 11.119587, 0.048491
2.692100, 3.161293, -0.050355
2.692100, 2.693296, 0.001351
2.692100, 3.538997, 0.076116
2.692100, 8.300164, -0.111950
2.692100, 2.813885, -0.017950
2.692100, 2.739156, 0.009198
2.692100, 5.544653, 0.128218
2.692100, 4.398740, -0.111070
2.692100, 2.709116, -0.005348
2.692100, 2.869147, 0.023917
2.692100, 9.946155, 0.082264
2.692100, 3.305054, -0.061142
2.692100, 2.692132, 0.000175
2.692100, 3.353970, 0.064523
2.692100, 9.557791, -0.090560
2.692100, 2.854434, -0.022375
2.692100, 2.714327, 0.006060
2.692100, 4.599941, 0.115943
2.692100, 5.243775, -0.125889
2.692100, 2.731269, -0.008220
2.692100, 2.825046, 0.019190
2.692100, 8.670613, 0.106431
2.692100, 3.478799, -0.072541
2.692100, 2.692915, -0.000971
2.692100, 3.207436, 0.053960
2.692100, 10.753890, -0.061088
2.692100, 2.906542, -0.027708
2.692100, 2.701929, 0.004235
2.692100, 4.105606, 0.102035
2.692100, 6.134042, -0.129613
2.692100, 2.754564, -0.011080
2.692100, 2.793574, 0.015657
2.692100, 7.589479, 0.120731
2.692100, 3.674761, -0.083538
2.692100, 2.694351, -0.002177
2.692100, 3.065217, 0.042389
2.692100, 11.680325, -0.015650
2.692100, 2.993334, -0.035993
2.692100, 2.695751, 0.002870
2.692100, 3.798744, 0.089598
2.692100, 7.066776, -0.125520
2.692100, 2.779232, -0.014016
2.692100, 2.765526, 0.012405
2.692100, 6.552998, 0.128583
2.692100, 3.950370, -0.096168
2.692100, 2.698446, -0.003592
2.692100, 2.938384, 0.030826
2.692100, 11.239535, 0.043581
2.692100, 3.144994, -0.049049
2.692100, 2.693437, 0.001486
2.692100, 3.560586, 0.077355
2.692100, 8.176045, -0.113658
2.692100, 2.810246, -0.017542
2.692100, 2.741825, 0.009526
2.692100, 5.646689, 0.128737
2.692100, 4.339756, -0.109447
2.692100, 2.707619, -0.005133
2.692100, 2.874730, 0.024494
2.692100, 10.083187, 0.079095
2.692100, 3.288294, -0.059950
2.692100, 2.692204, 0.000304
2.692100, 3.373194, 0.065814
2.692100, 9.410875, -0.093465
2.692100, 2.849220, -0.021820
2.692100, 2.716691, 0.006371
2.692100, 4.690124, 0.117822
2.692100, 5.128548, -0.124648
2.692100, 2.728239, -0.007842
2.692100, 2.829500, 0.019681
2.692100, 8.813785, 0.104128
2.692100, 3.457018, -0.071202
2.692100, 2.692763, -0.000835
2.692100, 3.223821, 0.055206
2.692100, 10.618744, -0.065131
2.692100, 2.899355, -0.026991
2.692100, 2.702972, 0.004410
2.692100, 4.149794, 0.103560
2.692100, 6.030411, -0.129630
2.692100, 2.751859, -0.010751
2.692100, 2.797177, 0.016066
2.692100, 7.718352, 0.119322
2.692100, 3.647733, -0.082128
2.692100, 2.694118, -0.002016
2.692100, 3.083422, 0.043948
2.692100, 11.608934, -0.022626
2.692100, 2.978979, -0.034667
2.692100, 2.696232, 0.003033
2.692100, 3.830560, 0.091051
2.692100, 6.948711, -0.126380
2.692100, 2.776050, -0.013646
2.692100, 2.768301, 0.012736
2.692100, 6.658107, 0.128105
2.692100, 3.916354, -0.094770
2.692100, 2.697760, -0.003441
2.692100, 2.947999, 0.031749
2.692100, 11.351093, 0.038464
2.692100, 3.128849, -0.047737
2.692100, 2.693600, 0.001623
2.692100, 3.582812, 0.078606
2.692100, 8.052868, -0.115281
2.692100, 2.806679, -0.017141
2.692100, 2.744544, 0.009859
2.692100, 5.750584, 0.129138
2.692100, 4.283698, -0.107818
2.692100, 2.706219, -0.004925
2.692100, 2.880929, 0.025129
2.692100, 10.228559, 0.075573
2.692100, 3.270701, -0.058681
2.692100, 2.692328, 0.000445
2.692100, 3.395026, 0.067254
2.692100, 9.248404, -0.096543
2.692100, 2.843640, -0.021221
2.692100, 2.719573, 0.006744
2.692100, 4.799662, 0.119870
2.692100, 5.001871, -0.123036
2.692100, 2.724903, -0.007422
2.692100, 2.834636, 0.020244
2.692100, 8.975276, 0.101416
2.692100, 3.433308, -0.069716
2.692100, 2.692594, -0.000687
2.692100, 3.241608, 0.056541
2.692100, 10.470791, -0.069282
2.692100, 2.892013, -0.026253
2.692100, 2.704154, 0.004602
2.692100, 4.199123, 0.105191
2.692100, 5.921682, -0.129535
2.692100, 2.749019, -0.010405
2.692100, 2.800911, 0.016489
2.692100, 7.850774, 0.117788
2.692100, 3.621181, -0.080711
2.692100, 2.693903, -0.001856
2.692100, 3.101828, 0.045500
2.692100, 11.516333, -0.029307
2.692100, 2.965663, -0.033423
2.692100, 2.696794, 0.003197
2.692100, 3.864134, 0.092540
2.692100, 6.830380, -0.127151
2.692100, 2.772881, -0.013276
2.692100, 2.771305, 0.013091
2.692100, 6.771266, 0.127502
2.692100, 3.881586, -0.093297
2.692100, 2.697105, -0.003280
2.692100, 2.959368, 0.032829
2.692100, 11.463169, 0.032533
2.692100, 3.111094, -0.046273
2.692100, 2.693797, 0.001776
2.692100, 3.607944, 0.079993
2.692100, 7.919028, -0.116963
2.692100, 2.802849, -0.016709
2.692100, 2.747522, 0.010222
2.692100, 5.864402, 0.129437
2.692100, 4.226439, -0.106062
2.692100, 2.704815, -0.004707
2.692100, 2.888219, 0.025870
2.692100, 10.390433, 0.071433
2.692100, 3.251247, -0.057256
2.692100, 2.692502, 0.000606
2.692100, 3.420476, 0.068900
2.692100, 9.065135, -0.099853
2.692100, 2.837551, -0.020562
2.692100, 2.723096, 0.007194
2.692100, 4.933341, 0.122048
2.692100, 4.864093, -0.120962
2.692100, 2.721271, -0.006962
2.692100, 2.840627, 0.020896
2.692100, 9.158482, 0.098188
2.692100, 3.407397, -0.068058
2.692100, 2.692410, -0.000524
2.692100, 3.261157, 0.057985
2.692100, 10.307879, -0.073575
2.692100, 2.884445, -0.025487
2.692100, 2.705516, 0.004817
2.692100, 4.255153, 0.106955
2.692100, 5.806303, -0.129302
2.692100, 2.746002, -0.010037
2.692100, 2.804803, 0.016929
2.692100, 7.987469, 0.116114
2.692100, 3.594960, -0.079280
2.692100, 2.693694, -0.001697
2.692100, 3.120228, 0.047029
2.692100, 11.407058, -0.035625
2.692100, 2.953410, -0.032264
2.692100, 2.697431, 0.003362
2.692100, 3.899210, 0.094049
2.692100, 6.713155, -0.127823
2.692100, 2.769761, -0.012909
2.692100, 2.774480, 0.013463
2.692100, 6.890189, 0.126773
2.692100, 3.846945, -0.091783
2.692100, 2.696500, -0.003114
2.692100, 2.972268, 0.034042
2.692100, 11.565562, 0.025969
2.692100, 3.092504, -0.044717
2.692100, 2.694010, 0.001937
2.692100, 3.634570, 0.081430
2.692100, 7.783262, -0.118581
2.692100, 2.799003, -0.016273
2.692100, 2.750477, 0.010582
2.692100, 5.977488, 0.129599
2.692100, 4.173406, -0.104350
2.692100, 2.703536, -0.004502
2.692100, 2.895760, 0.026630
2.692100, 10.547534, 0.067162
2.692100, 3.232393, -0.055852
2.692100, 2.692682, 0.000763
2.692100, 3.445597, 0.070490
2.692100, 8.890840, -0.102849
2.692100, 2.831935, -0.019948
2.692100, 2.726634, 0.007640
2.692100, 5.067609, 0.123906
2.692100, 4.741357, -0.118811
2.692100, 2.718038, -0.006547
2.692100, 2.846526, 0.021532
2.692100, 9.333103, 0.094956
2.692100, 3.383565, -0.066501
2.692100, 2.692258, -0.000372
2.692100, 3.279785, 0.059339
2.692100, 10.153331, -0.077417
2.692100, 2.877683, -0.024797
2.692100, 2.706922, 0.005030
2.692100, 4.311988, 0.108651
2.692100, 5.697266, -0.128948
2.692100, 2.743149, -0.009688
2.692100, 2.808495, 0.017346
2.692100, 8.115741, 0.114461
2.692100, 3.571364, -0.077964
2.692100, 2.693514, -0.001553
2.692100, 3.137091, 0.048409
2.692100, 11.295163, -0.041108
2.692100, 2.943009, -0.031271
2.692100, 2.698097, 0.003517
2.692100, 3.933359, 0.095474
2.692100, 6.604891, -0.128357
2.692100, 2.766894, -0.012569
2.692100, 2.777628, 0.013830
2.692100, 7.007373, 0.125963
2.692100, 3.814551, -0.090325
2.692100, 2.695983, -0.002952
2.692100, 2.985974, 0.035315
2.692100, 11.647262, 0.019197
2.692100, 3.074353, -0.043174
2.692100, 2.694230, 0.002096
2.692100, 3.661071, 0.082828
2.692100, 7.654030, -0.120036
2.692100, 2.795375, -0.015862
2.692100, 2.753214, 0.010916
2.692100, 6.082327, 0.129634
2.692100, 4.127328, -0.102793
2.692100, 2.702440, -0.004321
2.692100, 2.902930, 0.027348
2.692100, 10.687156, 0.063117
2.692100, 3.215550, -0.054579
2.692100, 2.692840, 0.000904
2.692100, 3.468022, 0.071882
2.692100, 8.740835, -0.105313
2.692100, 2.827219, -0.019430
2.692100, 2.729776, 0.008034
2.692100, 5.186973, 0.125304
2.692100, 4.643356, -0.116870
2.692100, 2.715463, -0.006211
2.692100, 2.851839, 0.022099
2.692100, 9.485275, 0.092009
2.692100, 3.363401, -0.065159
2.692100, 2.692162, -0.000239
2.692100, 3.296655, 0.060547
2.692100, 10.014621, -0.080698
2.692100, 2.871907, -0.024203
2.692100, 2.708344, 0.005238
2.692100, 4.368443, 0.110248
2.692100, 5.596175, -0.128496
2.692100, 2.740504, -0.009364
2.692100, 2.812030, 0.017742
2.692100, 8.237106, 0.112826
2.692100, 3.549868, -0.076743
2.692100, 2.693365, -0.001420
2.692100, 3.153014, 0.049694
2.692100, 11.181326, -0.046029
2.692100, 2.933842, -0.030387
2.692100, 2.698826, 0.003670
2.692100, 3.968407, 0.096893
2.692100, 6.499385, -0.128794
2.692100, 2.764116, -0.012236
2.692100, 2.780955, 0.014214
2.692100, 7.130373, 0.125021
2.692100, 3.782251, -0.088829
2.692100, 2.695524, -0.002783
2.692100, 3.001503, 0.036739
2.692100, 11.708692, 0.011787
2.692100, 3.055536, -0.041550
2.692100, 2.694487, 0.002264
2.692100, 3.689596, 0.084298
2.692100, 7.521174, -0.121442
2.692100, 2.791676, -0.015441
2.692100, 2.755982, 0.011252
2.692100, 6.188393, 0.129564
2.692100, 4.083447, -0.101247
2.692100, 2.701413, -0.004146
2.692100, 2.910392, 0.028090
2.692100, 10.822364, 0.058934
2.692100, 3.199046, -0.053314
2.692100, 2.692990, 0.001041
2.692100, 3.489897, 0.073214
2.692100, 8.599556, -0.107538
2.692100, 2.822867, -0.018949
2.692100, 2.732788, 0.008409
2.692100, 5.301605, 0.126436
2.692100, 4.557680, -0.115000
2.692100, 2.713225, -0.005913
2.692100, 2.857132, 0.022660
2.692100, 9.631916, 0.089048
2.692100, 3.344437, -0.063875
2.692100, 2.692112, -0.000109
2.692100, 3.313899, 0.061764
2.692100, 9.874555, -0.083866
2.692100, 2.866319, -0.023623
2.692100, 2.709974, 0.005469
2.692100, 4.432174, 0.111949
2.692100, 5.489859, -0.127885
2.692100, 2.737722, -0.009020
2.692100, 2.815886, 0.018173
2.692100, 8.367746, 0.110990
2.692100, 3.527561, -0.075451
2.692100, 2.693227, -0.001279
2.692100, 3.170106, 0.051054
2.692100, 11.052263, -0.051042
2.692100, 2.924640, -0.029492
2.692100, 2.699721, 0.003843
2.692100, 4.009301, 0.098493
2.692100, 6.382942, -0.129176
2.692100, 2.761064, -0.011869
2.692100, 2.784880, 0.014665
2.692100, 7.274425, 0.123802
2.692100, 3.746443, -0.087121
2.692100, 2.695079, -0.002589
2.692100, 3.020875, 0.038489
2.692100, 11.743584, 0.002939
2.692100, 3.034318, -0.039687
2.692100, 2.694826, 0.002460
2.692100, 3.723554, 0.086001
2.692100, 7.371008, -0.122919
2.692100, 2.787529, -0.014968
2.692100, 2.759073, 0.011628
2.692100, 6.306777, 0.129366
2.692100, 4.037414, -0.099559
2.692100, 2.700355, -0.003959
2.692100, 2.918953, 0.028935
2.692100, 10.964925, 0.054175
2.692100, 3.181276, -0.051933
2.692100, 2.693139, 0.001187
2.692100, 3.513116, 0.074601
2.692100, 8.454961, -0.109720
2.692100, 2.818491, -0.018463
2.692100, 2.735874, 0.008792
2.692100, 5.419254, 0.127398
2.692100, 4.477224, -0.113089
2.692100, 2.711136, -0.005629
2.692100, 2.862795, 0.023255
2.692100, 9.783285, 0.085859
2.692100, 3.325277, -0.062557
2.692100, 2.692100, 0.000027
2.692100, 3.332673, 0.063068
2.692100, 9.724494, -0.087115
2.692100, 2.860570, -0.023022
2.692100, 2.711923, 0.005737
2.692100, 4.507608, 0.113829
2.692100, 5.373603, -0.127048
2.692100, 2.734677, -0.008643
2.692100, 2.820184, 0.018651
2.692100, 8.511177, 0.108883
2.692100, 3.503984, -0.074059
2.692100, 2.693082, -0.001130
2.692100, 3.188303, 0.052482
2.692100, 10.909013, -0.056089
2.692100, 2.915499, -0.028595
2.692100, 2.700767, 0.004033
2.692100, 4.055466, 0.100229
2.692100, 6.259443, -0.129460
2.692100, 2.757837, -0.011478
2.692100, 2.789188, 0.015158
2.692100, 7.431207, 0.122341
2.692100, 3.709711, -0.085313
2.692100, 2.694683, -0.002381
2.692100, 3.042799, 0.040436
2.692100, 11.734445, -0.006539
2.692100, 3.012877, -0.037770
2.692100, 2.695249, 0.002667
2.692100, 3.760754, 0.087810
2.692100, 7.215850, -0.124313
2.692100, 2.783280, -0.014482
2.692100, 2.762288, 0.012016
2.692100, 6.429682, 0.129036
2.692100, 3.992593, -0.097846
2.692100, 2.699351, -0.003773
2.692100, 2.928243, 0.029844
2.692100, 11.104588, 0.049071
2.692100, 3.163274, -0.050513
2.692100, 2.693281, 0.001335
2.692100, 3.536418, 0.075967
2.692100, 8.315297, -0.111737
2.692100, 2.814332, -0.018000
2.692100, 2.738834, 0.009158
2.692100, 5.532358, 0.128146
2.692100, 4.406131, -0.111267
2.692100, 2.709305, -0.005375
2.692100, 2.868504, 0.023850
2.692100, 9.929999, 0.082629
2.692100, 3.307044, -0.061282
2.692100, 2.692126, 0.000160
2.692100, 3.351791, 0.064375
2.692100, 9.574657, -0.090219
2.692100, 2.855044, -0.022440
2.692100, 2.714071, 0.006026
2.692100, 4.590143, 0.115728
2.692100, 5.256954, -0.126018
2.692100, 2.731615, -0.008263
2.692100, 2.824547, 0.019135
2.692100, 8.654393, 0.106686
2.692100, 3.481315, -0.072694
2.692100, 2.692932, -0.000987
2.692100, 3.205538, 0.053814
2.692100, 10.769432, -0.060606
2.692100, 2.907402, -0.027794
2.692100, 2.701811, 0.004215
2.692100, 4.100568, 0.101858
2.692100, 6.146254, -0.129604
2.692100, 2.754883, -0.011119
2.692100, 2.793148, 0.015609
2.692100, 7.574172, 0.120892
2.692100, 3.678054, -0.083707
2.692100, 2.694380, -0.002196
2.692100, 3.063049, 0.042201
2.692100, 11.687299, -0.014794
2.692100, 2.995131, -0.036157
2.692100, 2.695699, 0.002851
2.692100, 3.795030, 0.089426
2.692100, 7.080951, -0.125411
2.692100, 2.779615, -0.014060
2.692100, 2.765207, 0.012367
2.692100, 6.540889, 0.128632
2.692100, 3.954402, -0.096331
2.692100, 2.698530, -0.003610
2.692100, 2.937338, 0.030725
2.692100, 11.226446, 0.044143
2.692100, 3.146818, -0.049196
2.692100, 2.693420, 0.001471
2.692100, 3.558130, 0.077215
2.692100, 8.189942, -0.113470
2.692100, 2.810651, -0.017588
2.692100, 2.741523, 0.009489
2.692100, 5.635131, 0.128684
2.692100, 4.346234, -0.109630
2.692100, 2.707782, -0.005157
2.692100, 2.874073, 0.024426
2.692100, 10.067363, 0.079468
2.692100, 3.290220, -0.060088
2.692100, 2.692193, 0.000289
2.692100, 3.370903, 0.065661
2.692100, 9.428200, -0.093129
2.692100, 2.849826, -0.021885
2.692100, 2.716400, 0.006333
2.692100, 4.679033, 0.117600
2.692100, 5.142155, -0.124806
2.692100, 2.728596, -0.007886
2.692100, 2.828964, 0.019622
2.692100, 8.796720, 0.104408
2.692100, 3.459575, -0.071361
2.692100, 2.692781, -0.000851
2.692100, 3.221900, 0.055061
2.692100, 10.634663, -0.064668
2.692100, 2.900176, -0.027073
2.692100, 2.702847, 0.004389
2.692100, 4.144547, 0.103382
2.692100, 6.042397, -0.129633
2.692100, 2.752172, -0.010789
2.692100, 2.796762, 0.016019
2.692100, 7.703551, 0.119488
2.692100, 3.650776, -0.082288
2.692100, 2.694143, -0.002034
2.692100, 3.081340, 0.043771
2.692100, 11.618192, -0.021847
2.692100, 2.980559, -0.034814
2.692100, 2.696173, 0.003014
2.692100, 3.826854, 0.090884
2.692100, 6.962160, -0.126286
2.692100, 2.776411, -0.013688
2.692100, 2.767974, 0.012697
2.692100, 6.645730, 0.128166
2.692100, 3.920271, -0.094933
2.692100, 2.697837, -0.003459
2.692100, 2.946817, 0.031636
2.692100, 11.338218, 0.039088
2.692100, 3.130776, -0.047894
2.692100, 2.693580, 0.001607
2.692100, 3.580119, 0.078456
2.692100, 8.067553, -0.115091
2.692100, 2.807103, -0.017189
2.692100, 2.744217, 0.009819
2.692100, 5.738093, 0.129096
2.692100, 4.290238, -0.108013
2.692100, 2.706381, -0.004949
2.692100, 2.880157, 0.025050
2.692100, 10.210848, 0.076012
2.692100, 3.272836, -0.058836
2.692100, 2.692311, 0.000428
2.692100, 3.392300, 0.067076
2.692100, 9.268426, -0.096171
2.692100, 2.844318, -0.021294
2.692100, 2.719204, 0.006697
2.692100, 4.785659, 0.119622
2.692100, 5.017325, -0.123247
2.692100, 2.725310, -0.007474
2.692100, 2.833993, 0.020174
2.692100, 8.955289, 0.101758
2.692100, 3.436196, -0.069899
2.692100, 2.692615, -0.000705
2.692100, 3.239442, 0.056380
2.692100, 10.488839, -0.068790
2.692100, 2.892883, -0.026341
2.692100, 2.704008, 0.004579
2.692100, 4.193048, 0.104994
2.692100, 5.934698, -0.129553
2.692100, 2.749360, -0.010446
2.692100, 2.800468, 0.016439
2.692100, 7.835121, 0.117974
2.692100, 3.624258, -0.080877
2.692100, 2.693927, -0.001875
2.692100, 3.099679, 0.045320
2.692100, 11.528074, -0.028546
2.692100, 2.967160, -0.033563
2.692100, 2.696725, 0.003178
2.692100, 3.860141, 0.092365
2.692100, 6.844133, -0.127066
2.692100, 2.773249, -0.013319
2.692100, 2.770946, 0.013048
2.692100, 6.757748, 0.127579
2.692100, 3.885644, -0.093471
2.692100, 2.697179, -0.003299
2.692100, 2.957961, 0.032696
2.692100, 11.450433, 0.033260
2.692100, 3.113218, -0.046449
2.692100, 2.693773, 0.001758
2.692100, 3.604917, 0.079827
2.692100, 7.934847, -0.116769
2.692100, 2.803300, -0.016760
2.692100, 2.747172, 0.010180
2.692100, 5.851019, 0.129409
2.692100, 4.232962, -0.106267
2.692100, 2.704974, -0.004732
2.692100, 2.887342, 0.025781
2.692100, 10.371480, 0.071931
2.692100, 3.253521, -0.057424
2.692100, 2.692481, 0.000587
2.692100, 3.417460, 0.068707
2.692100, 9.086500, -0.099476
2.692100, 2.838251, -0.020638
2.692100, 2.722674, 0.007140
2.692100, 4.917302, 0.121804
2.692100, 4.879748, -0.121216
2.692100, 2.721684, -0.007014
2.692100, 2.839919, 0.020819
2.692100, 9.137114, 0.098573
2.692100, 3.410369, -0.068250
2.692100, 2.692431, -0.000543
2.692100, 3.258892, 0.057819
2.692100, 10.326730, -0.073092
2.692100, 2.885297, -0.025574
2.692100, 2.705354, 0.004792
2.692100, 4.248521, 0.106751
2.692100, 5.819536, -0.129336
2.692100, 2.746348, -0.010079
2.692100, 2.804358, 0.016879
2.692100, 7.971925, 0.116309
2.692100, 3.597884, -0.079441
2.692100, 2.693717, -0.001715
2.692100, 3.118165, 0.046858
2.692100, 11.420028, -0.034934
2.692100, 2.954735, -0.032390
2.692100, 2.697356, 0.003344
2.692100, 3.895188, 0.093879
2.692100, 6.726280, -0.127752
2.692100, 2.770109, -0.012950
2.692100, 2.774114, 0.013420
2.692100, 6.876518, 0.126861
2.692100, 3.850833, -0.091955
2.692100, 2.696565, -0.003133
2.692100, 2.970736, 0.033899
2.692100, 11.554735, 0.026739
2.692100, 3.094631, -0.044896
2.692100, 2.693986, 0.001919
2.692100, 3.631507, 0.081266
2.692100, 7.798571, -0.118403
2.692100, 2.799435, -0.016322
2.692100, 2.750149, 0.010542
2.692100, 5.964907, 0.129587
2.692100, 4.179129, -0.104539
2.692100, 2.703673, -0.004525
2.692100, 2.894911, 0.026545
2.692100, 10.530380, 0.067642
2.692100, 3.234454, -0.056007
2.692100, 2.692663, 0.000746
2.692100, 3.442849, 0.070318
2.692100, 8.909586, -0.102534
2.692100, 2.832531, -0.020014
2.692100, 2.726247, 0.007592
2.692100, 5.052915, 0.123718
2.692100, 4.754108, -0.119048
2.692100, 2.718373, -0.006590
2.692100, 2.845880, 0.021462
2.692100, 9.314266, 0.095312
2.692100, 3.386098, -0.066668
2.692100, 2.692273, -0.000388
2.692100, 3.277752, 0.059192
2.692100, 10.170142, -0.077009
2.692100, 2.878401, -0.024870
2.692100, 2.706762, 0.005006
2.692100, 4.305545, 0.108463
2.692100, 5.709249, -0.128993
2.692100, 2.743462, -0.009727
2.692100, 2.808084, 0.017299
2.692100, 8.101562, 0.114648
2.692100, 3.573927, -0.078109
2.692100, 2.693533, -0.001569
2.692100, 3.135233, 0.048258
2.692100, 11.307961, -0.040518
2.692100, 2.944119, -0.031378
2.692100, 2.698019, 0.003500
2.692100, 3.929466, 0.095314
2.692100, 6.616955, -0.128302
2.692100, 2.767213, -0.012607
2.692100, 2.777264, 0.013788
2.692100, 6.993880, 0.126061
2.692100, 3.818198, -0.090491
2.692100, 2.696039, -0.002971
2.692100, 2.984341, 0.035164
2.692100, 11.638926, 0.019993
2.692100, 3.076436, -0.043352
2.692100, 2.694204, 0.002078
2.692100, 3.657987, 0.082667
2.692100, 7.668773, -0.119874
2.692100, 2.795788, -0.015909
2.692100, 2.752904, 0.010878
2.692100, 6.070464, 0.129635
2.692100, 4.132402, -0.102967
2.692100, 2.702560, -0.004342
2.692100, 2.902109, 0.027266
2.692100, 10.671647, 0.063579
2.692100, 3.217429, -0.054722
2.692100, 2.692823, 0.000888
2.692100, 3.465524, 0.071728
2.692100, 8.757286, -0.105048
2.692100, 2.827732, -0.019486
2.692100, 2.729427, 0.007990
2.692100, 5.173740, 0.125160
2.692100, 4.653756, -0.117086
2.692100, 2.715736, -0.006246
2.692100, 2.851242, 0.022036
2.692100, 9.468417, 0.092342
2.692100, 3.365609, -0.065307
2.692100, 2.692170, -0.000254
2.692100, 3.294739, 0.060410
2.692100, 10.030302, -0.080334
2.692100, 2.872547, -0.024269
2.692100, 2.708174, 0.005214
2.692100, 4.361739, 0.110063
2.692100, 5.607827, -0.128554
2.692100, 2.740809, -0.009401
2.692100, 2.811615, 0.017696
2.692100, 8.222948, 0.113021
2.692100, 3.552336, -0.076884
2.692100, 2.693381, -0.001435
2.692100, 3.151153, 0.049545
2.692100, 11.194978, -0.045466
2.692100, 2.934883, -0.030488
2.692100, 2.698735, 0.003652
2.692100, 3.964152, 0.096723
2.692100, 6.511905, -0.128747
2.692100, 2.764445, -0.012276
2.692100, 2.780547, 0.014167
2.692100, 7.115334, 0.125141
2.692100, 3.786112, -0.089010
2.692100, 2.695576, -0.002804
2.692100, 2.999547, 0.036561
2.692100, 11.702672, 0.012705
2.692100, 3.057813, -0.041748
2.692100, 2.694454, 0.002244
2.692100, 3.686075, 0.084118
2.692100, 7.537236, -0.121277
2.692100, 2.792122, -0.015492
2.692100, 2.755650, 0.011212
2.692100, 6.175646, 0.129578
2.692100, 4.088584, -0.101431
2.692100, 2.701532, -0.004167
2.692100, 2.909484, 0.028000
2.692100, 10.806469, 0.059441
2.692100, 3.201000, -0.053465
2.692100, 2.692973, 0.001025
2.692100, 3.487318, 0.073058
2.692100, 8.615956, -0.107285
2.692100, 2.823368, -0.019004
2.692100, 2.732437, 0.008365
2.692100, 5.288241, 0.126314
2.692100, 4.567280, -0.115218
2.692100, 2.713475, -0.005946
2.692100, 2.856503, 0.022594
2.692100, 9.614762, 0.089401
2.692100, 3.346634, -0.064025
2.692100, 2.692115, -0.000125
2.692100, 3.311830, 0.061618
2.692100, 9.891258, -0.083496
2.692100, 2.866974, -0.023691
2.692100, 2.709769, 0.005440
2.692100, 4.424220, 0.111742
2.692100, 5.502705, -0.127967
2.692100, 2.738058, -0.009062
2.692100, 2.815415, 0.018121
2.692100, 8.351877, 0.111217
2.692100, 3.530227, -0.075607
2.692100, 2.693243, -0.001296
2.692100, 3.168045, 0.050891
2.692100, 11.068137, -0.050452
2.692100, 2.925717, -0.029597
2.692100, 2.699608, 0.003822
2.692100, 4.004218, 0.098297
2.692100, 6.397044, -0.129136
2.692100, 2.761433, -0.011913
2.692100, 2.784395, 0.014610
2.692100, 7.256674, 0.123959
2.692100, 3.750745, -0.087329
2.692100, 2.695129, -0.002612
2.692100, 3.018436, 0.038271
2.692100, 11.741551, 0.004029
2.692100, 3.036864, -0.039912
2.692100, 2.694782, 0.002436
2.692100, 3.719356, 0.085793
2.692100, 7.389121, -0.122747
2.692100, 2.788028, -0.015025
2.692100, 2.758701, 0.011582
2.692100, 6.292539, 0.129397
2.692100, 4.042795, -0.099760
2.692100, 2.700477, -0.003981
2.692100, 2.917909, 0.028832
2.692100, 10.948252, 0.054753
2.692100, 3.183380, -0.052098
2.692100, 2.693122, 0.001170
2.692100, 3.510387, 0.074440
2.692100, 8.471672, -0.109473
2.692100, 2.818993, -0.018519
2.692100, 2.735519, 0.008748
2.692100, 5.405699, 0.127297
2.692100, 4.486140, -0.113308
2.692100, 2.711366, -0.005661
2.692100, 2.862131, 0.023186
2.692100, 9.765820, 0.086234
2.692100, 3.327468, -0.062708
2.692100, 2.692100, 0.000011
2.692100, 3.330462, 0.062915
2.692100, 9.742021, -0.086743
2.692100, 2.861230, -0.023091
2.692100, 2.711685, 0.005705
2.692100, 4.498439, 0.113608
2.692100, 5.387219, -0.127155
2.692100, 2.735034, -0.008688
2.692100, 2.819678, 0.018595
2.692100, 8.494429, 0.109134
2.692100, 3.506690, -0.074220
2.692100, 2.693099, -0.001147
2.692100, 3.186225, 0.052320
2.692100, 10.925614, -0.055528
2.692100, 2.916511, -0.028695
2.692100, 2.700644, 0.004011
2.692100, 4.050105, 0.100031
2.692100, 6.273374, -0.129434
2.692100, 2.758201, -0.011522
2.692100, 2.788699, 0.015102
2.692100, 7.413498, 0.122513
2.692100, 3.713751, -0.085514
2.692100, 2.694724, -0.002404
2.692100, 3.040299, 0.040216
2.692100, 11.737835, -0.005486
2.692100, 3.015197, -0.037980
2.692100, 2.695198, 0.002644
2.692100, 3.756540, 0.087608
2.692100, 7.232957, -0.124166
2.692100, 2.783747, -0.014535
2.692100, 2.761928, 0.011973
2.692100, 6.415966, 0.129079
2.692100, 3.997455, -0.098035
2.692100, 2.699458, -0.003794
2.692100, 2.927175, 0.029740
2.692100, 11.089316, 0.049654
2.692100, 3.165280, -0.050672
2.692100, 2.693265, 0.001319
2.692100, 3.533811, 0.075815
2.692100, 8.330652, -0.111520
2.692100, 2.814786, -0.018050
2.692100, 2.738508, 0.009118
2.692100, 5.519901, 0.128072
2.692100, 4.413684, -0.111466
2.692100, 2.709499, -0.005402
2.692100, 2.867858, 0.023783
2.692100, 9.913689, 0.082995
2.692100, 3.309057, -0.061424
2.692100, 2.692121, 0.000145
2.692100, 3.349609, 0.064227
2.692100, 9.591598, -0.089875
2.692100, 2.855659, -0.022505
2.692100, 2.713817, 0.005992
2.692100, 4.580412, 0.115513
2.692100, 5.270178, -0.126145
2.692100, 2.731963, -0.008306
2.692100, 2.824048, 0.019080
2.692100, 8.638137, 0.106940
2.692100, 3.483846, -0.072848
2.692100, 2.692949, -0.001003
2.692100, 3.203626, 0.053667
2.692100, 10.785059, -0.060117
2.692100, 2.908275, -0.027880
2.692100, 2.701693, 0.004195
2.692100, 4.095508, 0.101678
2.692100, 6.158605, -0.129594
2.692100, 2.755205, -0.011158
2.692100, 2.792717, 0.015560
2.692100, 7.558668, 0.121055
2.692100, 3.681408, -0.083879
2.692100, 2.694411, -0.002216
2.692100, 3.060851, 0.042011
2.692100, 11.694007, -0.013921
2.692100, 2.996970, -0.036326
2.692100, 2.695646, 0.002831
2.692100, 3.791279, 0.089252
2.692100, 7.095351, -0.125299
2.692100, 2.780005, -0.014105
2.692100, 2.764886, 0.012329
2.692100, 6.528685, 0.128681
2.692100, 3.958490, -0.096496
2.692100, 2.698616, -0.003628
2.692100, 2.936296, 0.030625
2.692100, 11.213220, 0.044704
2.692100, 3.148648, -0.049343
2.692100, 2.693404, 0.001456
2.692100, 3.555676, 0.077075
2.692100, 8.203880, -0.113281
2.692100, 2.811058, -0.017633
2.692100, 2.741221, 0.009452
2.692100, 5.623575, 0.128630
2.692100, 4.352761, -0.109813
2.692100, 2.707947, -0.005181
2.692100, 2.873423, 0.024359
2.692100, 10.051623, 0.079837
2.692100, 3.292137, -0.060225
2.692100, 2.692183, 0.000274
2.692100, 3.368642, 0.065510
2.692100, 9.445343, -0.092794
2.692100, 2.850428, -0.021949
2.692100, 2.716114, 0.006296
2.692100, 4.668177, 0.117381
2.692100, 5.155620, -0.124959
2.692100, 2.728951, -0.007931
2.692100, 2.828437, 0.019564
2.692100, 8.779879, 0.104682
2.692100, 3.462109, -0.071517
2.692100, 2.692799, -0.000867
2.692100, 3.219996, 0.054917
2.692100, 10.650425, -0.064206
2.692100, 2.900995, -0.027155
2.692100, 2.702725, 0.004369
2.692100, 4.139364, 0.103206
2.692100, 6.054321, -0.129635
2.692100, 2.752483, -0.010827
2.692100, 2.796348, 0.015972
2.692100, 7.688796, 0.119653
2.692100, 3.653825, -0.082449
2.692100, 2.694169, -0.002053
2.692100, 3.079261, 0.043594
2.692100, 11.627168, -0.021065
2.692100, 2.982151, -0.034962
2.692100, 2.696115, 0.002996
2.692100, 3.823172, 0.090717
2.692100, 6.975598, -0.126192
2.692100, 2.776772, -0.013730
2.692100, 2.767649, 0.012658
2.692100, 6.633468, 0.128224
2.692100, 3.924174, -0.095095
2.692100, 2.697914, -0.003476
2.692100, 2.945658, 0.031525
2.692100, 11.325375, 0.039702
2.692100, 3.132680, -0.048049
2.692100, 2.693559, 0.001591
2.692100, 3.577467, 0.078307
2.692100, 8.082073, -0.114903
2.692100, 2.807521, -0.017236
2.692100, 2.743895, 0.009780
2.692100, 5.725762, 0.129053
2.692100, 4.296746, -0.108205
2.692100, 2.706543, -0.004974
2.692100, 2.879402, 0.024973
2.692100, 10.193409, 0.076441
2.692100, 3.274941, -0.058989
2.692100, 2.692294, 0.000411
2.692100, 3.389632, 0.066901
2.692100, 9.288099, -0.095803
2.692100, 2.844987, -0.021366
2.692100, 2.718845, 0.006651
2.692100, 4.772030, 0.119376
2.692100, 5.032566, -0.123452
2.692100, 2.725711, -0.007524
2.692100, 2.833364, 0.020105
2.692100, 8.935664, 0.102093
2.692100, 3.439045, -0.070079
2.692100, 2.692636, -0.000722
2.692100, 3.237307, 0.056220
2.692100, 10.506630, -0.068300
2.692100, 2.893747, -0.026428
2.692100, 2.703864, 0.004556
2.692100, 4.187076, 0.104799
2.692100, 5.947591, -0.129569
2.692100, 2.749696, -0.010487
2.692100, 2.800028, 0.016389
2.692100, 7.819558, 0.118158
2.692100, 3.627334, -0.081042
2.692100, 2.693952, -0.001893
2.692100, 3.097535, 0.045140
2.692100, 11.539560, -0.027782
2.692100, 2.968669, -0.033705
2.692100, 2.696656, 0.003159
2.692100, 3.856174, 0.092191
2.692100, 6.857877, -0.126980
2.692100, 2.773616, -0.013362
2.692100, 2.770589, 0.013006
2.692100, 6.744330, 0.127654
2.692100, 3.889696, -0.093645
2.692100, 2.697254, -0.003318
2.692100, 2.956577, 0.032565
2.692100, 11.437593, 0.033977
2.692100, 3.115327, -0.046624
2.692100, 2.693749, 0.001740
2.692100, 3.601915, 0.079663
2.692100, 7.950618, -0.116574
2.692100, 2.803749, -0.016810
2.692100, 2.746822, 0.010137
2.692100, 5.837645, 0.129379
2.692100, 4.239534, -0.106472
2.692100, 2.705134, -0.004757
2.692100, 2.886470, 0.025693
2.692100, 10.352493, 0.072426
2.692100, 3.255799, -0.057592
2.692100, 2.692459, 0.000568
2.692100, 3.414446, 0.068513
2.692100, 9.107950, -0.099095
2.692100, 2.838956, -0.020714
2.692100, 2.722252, 0.007087
2.692100, 4.901308, 0.121557
2.692100, 4.895585, -0.121467
2.692100, 2.722101, -0.007067
2.692100, 2.839210, 0.020742
2.692100, 9.115662, 0.098957
2.692100, 3.413366, -0.068444
2.692100, 2.692452, -0.000562
2.692100, 3.256618, 0.057652
2.692100, 10.345675, -0.072603
2.692100, 2.886158, -0.025661
2.692100, 2.705192, 0.004766
2.692100, 4.241905, 0.106546
2.692100, 5.832849, -0.129368
2.692100, 2.746697, -0.010122
2.692100, 2.803911, 0.016829
2.692100, 7.956266, 0.116504
2.692100, 3.600844, -0.079604
2.692100, 2.693741, -0.001733
2.692100, 3.116081, 0.046686
2.692100, 11.432961, -0.034232
2.692100, 2.956086, -0.032518
2.692100, 2.697281, 0.003325
2.692100, 3.891150, 0.093707
2.692100, 6.739538, -0.127680
2.692100, 2.770461, -0.012991
2.692100, 2.773748, 0.013377
2.692100, 6.862809, 0.126949
2.692100, 3.854757, -0.092128
2.692100, 2.696632, -0.003152
2.692100, 2.969214, 0.033756
2.692100, 11.543620, 0.027507
2.692100, 3.096766, -0.045076
2.692100, 2.693961, 0.001900
2.692100, 3.628438, 0.081102
2.692100, 7.813992, -0.118223
2.692100, 2.799870, -0.016371
2.692100, 2.749817, 0.010502
2.692100, 5.952192, 0.129574
2.692100, 4.184957, -0.104730
2.692100, 2.703813, -0.004547
2.692100, 2.894056, 0.026459
2.692100, 10.512955, 0.068126
2.692100, 3.236547, -0.056163
2.692100, 2.692643, 0.000729
2.692100, 3.440058, 0.070142
2.692100, 8.928704, -0.102211
2.692100, 2.833142, -0.020080
2.692100, 2.725854, 0.007542
2.692100, 5.037986, 0.123523
2.692100, 4.767226, -0.119289
2.692100, 2.718719, -0.006634
2.692100, 2.845225, 0.021392
2.692100, 9.295079, 0.095673
2.692100, 3.388688, -0.066839
2.692100, 2.692289, -0.000405
2.692100, 3.275689, 0.059043
2.692100, 10.187212, -0.076593
2.692100, 2.879134, -0.024945
2.692100, 2.706601, 0.004982
2.692100, 4.299077, 0.108274
2.692100, 5.721371, -0.129038
2.692100, 2.743780, -0.009766
2.692100, 2.807671, 0.017253
2.692100, 8.087250, 0.114835
2.692100, 3.576524, -0.078254
2.692100, 2.693552, -0.001585
2.692100, 3.133358, 0.048105
2.692100, 11.320769, -0.039919
2.692100, 2.945248, -0.031486
2.692100, 2.697941, 0.003482
2.692100, 3.925573, 0.095153
2.692100, 6.629088, -0.128245
2.692100, 2.767534, -0.012645
2.692100, 2.776902, 0.013746
2.692100, 6.980426, 0.126157
2.692100, 3.821855, -0.090657
2.692100, 2.696095, -0.002989
2.692100, 2.982727, 0.035015
2.692100, 11.630324, 0.020782
2.692100, 3.078515, -0.043530
2.692100, 2.694178, 0.002059
2.692100, 3.654922, 0.082506
2.692100, 7.683503, -0.119712
2.692100, 2.796200, -0.015955
2.692100, 2.752595, 0.010840
2.692100, 6.058592, 0.129635
2.692100, 4.137515, -0.103143
2.692100, 2.702681, -0.004362
2.692100, 2.901289, 0.027185
2.692100, 10.656054, 0.064040
2.692100, 3.219315, -0.054865
2.692100, 2.692805, 0.000873
2.692100, 3.463014, 0.071573
2.692100, 8.773877, -0.104779
2.692100, 2.828249, -0.019543
2.692100, 2.729077, 0.007946
2.692100, 5.160428, 0.125013
2.692100, 4.664330, -0.117303
2.692100, 2.716014, -0.006283
2.692100, 2.850644, 0.021972
2.692100, 9.451464, 0.092675
2.692100, 3.367836, -0.065456
2.692100, 2.692180, -0.000269
2.692100, 3.292825, 0.060274
2.692100, 10.045982, -0.079969
2.692100, 2.873191, -0.024335
2.692100, 2.708006, 0.005190
2.692100, 4.355121, 0.109879
2.692100, 5.619420, -0.128611
2.692100, 2.741112, -0.009438
2.692100, 2.811205, 0.017650
2.692100, 8.208904, 0.113213
2.692100, 3.554794, -0.077025
2.692100, 2.693398, -0.001450
2.692100, 3.149308, 0.049396
2.692100, 11.208431, -0.044905
2.692100, 2.935922, -0.030589
2.692100, 2.698647, 0.003634
2.692100, 3.959974, 0.096556
2.692100, 6.524274, -0.128699
2.692100, 2.764770, -0.012315
2.692100, 2.780147, 0.014121
2.692100, 7.100584, 0.125258
2.692100, 3.789922, -0.089188
2.692100, 2.695627, -0.002824
2.692100, 2.997642, 0.036387
2.692100, 11.696349, 0.013603
2.692100, 3.060054, -0.041942
2.692100, 2.694422, 0.002223
2.692100, 3.682628, 0.083942
2.692100, 7.553046, -0.121113
2.692100, 2.792561, -0.015542
2.692100, 2.755322, 0.011172
2.692100, 6.163079, 0.129590
2.692100, 4.093684, -0.101613
2.692100, 2.701651, -0.004187
2.692100, 2.908592, 0.027912
2.692100, 10.790698, 0.059940
2.692100, 3.202935, -0.053614
2.692100, 2.692955, 0.001009
2.692100, 3.484760, 0.072903
2.692100, 8.632285, -0.107031
2.692100, 2.823868, -0.019060
2.692100, 2.732088, 0.008322
2.692100, 5.274941, 0.126190
2.692100, 4.576931, -0.115435
2.692100, 2.713726, -0.005980
2.692100, 2.855881, 0.022528
2.692100, 9.597704, 0.089750
2.692100, 3.348824, -0.064174
2.692100, 2.692120, -0.000140
2.692100, 3.309785, 0.061475
2.692100, 9.907790, -0.083127
2.692100, 2.867625, -0.023759
2.692100, 2.709569, 0.005412
2.692100, 4.416438, 0.111539
2.692100, 5.515386, -0.128045
2.692100, 2.738390, -0.009103
2.692100, 2.814951, 0.018069
2.692100, 8.336222, 0.111440
2.692100, 3.532869, -0.075760
2.692100, 2.693259, -0.001313
2.692100, 3.166007, 0.050730
2.692100, 11.083765, -0.049865
2.692100, 2.926790, -0.029702
2.692100, 2.699497, 0.003801
2.692100, 3.999225, 0.098104
2.692100, 6.410995, -0.129094
2.692100, 2.761798, -0.011957
2.692100, 2.783917, 0.014555
2.692100, 7.239175, 0.124112
2.692100, 3.755015, -0.087535
2.692100, 2.695180, -0.002636
2.692100, 3.016044, 0.038056
2.692100, 11.738920, 0.005104
2.692100, 3.039395, -0.040136
2.692100, 2.694739, 0.002412
2.692100, 3.715220, 0.085587
2.692100, 7.407087, -0.122575
2.692100, 2.788523, -0.015082
2.692100, 2.758333, 0.011538
2.692100, 6.278415, 0.129425
2.692100, 4.048175, -0.099960
2.692100, 2.700600, -0.004003
2.692100, 2.916878, 0.028731
2.692100, 10.931591, 0.055324
2.692100, 3.185475, -0.052261
2.692100, 2.693105, 0.001153
2.692100, 3.507666, 0.074278
2.692100, 8.488412, -0.109224
2.692100, 2.819497, -0.018575
2.692100, 2.735162, 0.008703
2.692100, 5.392107, 0.127193
2.692100, 4.495169, -0.113528
2.692100, 2.711600, -0.005693
2.692100, 2.861467, 0.023116
2.692100, 9.748316, 0.086609
2.692100, 3.329669, -0.062861
2.692100, 2.692100, -0.000005
2.692100, 3.328258, 0.062763
2.692100, 9.759536, -0.086369
2.692100, 2.861892, -0.023161
2.692100, 2.711450, 0.005672
2.692100, 4.489370, 0.113387
2.692100, 5.400820, -0.127260
2.692100, 2.735391, -0.008732
2.692100, 2.819174, 0.018539
2.692100, 8.477683, 0.109384
2.692100, 3.509409, -0.074382
2.692100, 2.693116, -0.001164
2.692100, 3.184134, 0.052157
2.692100, 10.942264, -0.054959
2.692100, 2.917537, -0.028796
2.692100, 2.700521, 0.003989
2.692100, 4.044729, 0.099832
2.692100, 6.287451, -0.129407
2.692100, 2.758568, -0.011566
2.692100, 2.788206, 0.015046
2.692100, 7.395594, 0.122685
2.692100, 3.717862, -0.085719
2.692100, 2.694766, -0.002427
2.692100, 3.037775, 0.039993
2.692100, 11.740673, -0.004417
2.692100, 3.017571, -0.038193
2.692100, 2.695147, 0.002621
2.692100, 3.752283, 0.087403
2.692100, 7.250357, -0.124015
2.692100, 2.784222, -0.014590
2.692100, 2.761565, 0.011929
2.692100, 6.402074, 0.129121
2.692100, 4.002414, -0.098227
2.692100, 2.699568, -0.003814
2.692100, 2.926103, 0.029635
2.692100, 11.073780, 0.050241
2.692100, 3.167311, -0.050833
2.692100, 2.693249, 0.001302
2.692100, 3.531179, 0.075662
2.692100, 8.346228, -0.111298
2.692100, 2.815247, -0.018102
2.692100, 2.738178, 0.009077
2.692100, 5.507279, 0.127995
2.692100, 4.421405, -0.111669
2.692100, 2.709697, -0.005430
2.692100, 2.867208, 0.023716
2.692100, 9.897216, 0.083363
2.692100, 3.311093, -0.061567
2.692100, 2.692117, 0.000130
2.692100, 3.347421, 0.064078
2.692100, 9.608623, -0.089527
2.692100, 2.856279, -0.022570
2.692100, 2.713565, 0.005959
2.692100, 4.570740, 0.115296
2.692100, 5.283456, -0.126269
2.692100, 2.732311, -0.008350
2.692100, 2.823548, 0.019024
2.692100, 8.621829, 0.107194
2.692100, 3.486397, -0.073002
2.692100, 2.692966, -0.001019
2.692100, 3.201697, 0.053519
2.692100, 10.800790, -0.059621
2.692100, 2.909162, -0.027968
2.692100, 2.701575, 0.004174
2.692100, 4.090420, 0.101497
2.692100, 6.171112, -0.129582
2.692100, 2.755531, -0.011198
2.692100, 2.792281, 0.015510
2.692100, 7.542943, 0.121218
2.692100, 3.684829, -0.084054
2.692100, 2.694442, -0.002236
2.692100, 3.058622, 0.041818
2.692100, 11.700434, -0.013030
2.692100, 2.998857, -0.036498
2.692100, 2.695594, 0.002811
2.692100, 3.787486, 0.089075
2.692100, 7.110003, -0.125184
2.692100, 2.780402, -0.014151
2.692100, 2.764562, 0.012290
2.692100, 6.516365, 0.128730
2.692100, 3.962642, -0.096663
2.692100, 2.698704, -0.003646
2.692100, 2.935256, 0.030524
2.692100, 11.199832, 0.045265
2.692100, 3.150489, -0.049491
2.692100, 2.693387, 0.001441
2.692100, 3.553220, 0.076935
2.692100, 8.217891, -0.113090
2.692100, 2.811467, -0.017679
2.692100, 2.740918, 0.009415
2.692100, 5.611997, 0.128575
2.692100, 4.359353, -0.109997
2.692100, 2.708114, -0.005205
2.692100, 2.872778, 0.024292
2.692100, 10.035932, 0.080203
2.692100, 3.294051, -0.060362
2.692100, 2.692174, 0.000259
2.692100, 3.366407, 0.065360
2.692100, 9.462340, -0.092461
2.692100, 2.851027, -0.022013
2.692100, 2.715835, 0.006259
2.692100, 4.657533, 0.117163
2.692100, 5.168969, -0.125107
2.692100, 2.729302, -0.007975
2.692100, 2.827917, 0.019507
2.692100, 8.763228, 0.104952
2.692100, 3.464624, -0.071672
2.692100, 2.692816, -0.000883
2.692100, 3.218105, 0.054773
2.692100, 10.666057, -0.063745
2.692100, 2.901814, -0.027237
2.692100, 2.702603, 0.004349
2.692100, 4.134234, 0.103030
2.692100, 6.066202, -0.129636
2.692100, 2.752793, -0.010864
2.692100, 2.795936, 0.015925
2.692100, 7.674065, 0.119816
2.692100, 3.656884, -0.082609
2.692100, 2.694195, -0.002071
2.692100, 3.077183, 0.043416
2.692100, 11.635867, -0.020277
2.692100, 2.983759, -0.035110
2.692100, 2.696059, 0.002977
2.692100, 3.819510, 0.090551
2.692100, 6.989044, -0.126096
2.692100, 2.777134, -0.013772
2.692100, 2.767328, 0.012620
2.692100, 6.621304, 0.128282
2.692100, 3.928068, -0.095256
2.692100, 2.697991, -0.003494
2.692100, 2.944522, 0.031416
2.692100, 11.312560, 0.040304
2.692100, 3.134562, -0.048203
2.692100, 2.693540, 0.001575
2.692100, 3.574855, 0.078161
2.692100, 8.096437, -0.114715
2.692100, 2.807936, -0.017283
2.692100, 2.743576, 0.009741
2.692100, 5.713586, 0.129009
2.692100, 4.303224, -0.108396
2.692100, 2.706704, -0.004998
2.692100, 2.878663, 0.024897
2.692100, 10.176243, 0.076861
2.692100, 3.277014, -0.059139
2.692100, 2.692278, 0.000394
2.692100, 3.387022, 0.066729
2.692100, 9.307415, -0.095441
2.692100, 2.845646, -0.021437
2.692100, 2.718496, 0.006606
2.692100, 4.758777, 0.119134
2.692100, 5.047579, -0.123649
2.692100, 2.726107, -0.007574
2.692100, 2.832749, 0.020037
2.692100, 8.916411, 0.102419
2.692100, 3.441851, -0.070255
2.692100, 2.692655, -0.000740
2.692100, 3.235202, 0.056063
2.692100, 10.524152, -0.067815
2.692100, 2.894604, -0.026514
2.692100, 2.703723, 0.004533
2.692100, 4.181210, 0.104607
2.692100, 5.960355, -0.129583
2.692100, 2.750030, -0.010528
2.692100, 2.799591, 0.016340
2.692100, 7.804098, 0.118339
2.692100, 3.630406, -0.081207
2.692100, 2.693976, -0.001912
2.692100, 3.095397, 0.044961
2.692100, 11.550775, -0.027015
2.692100, 2.970188, -0.033847
2.692100, 2.696589, 0.003140
2.692100, 3.852239, 0.092017
2.692100, 6.871598, -0.126893
2.692100, 2.773983, -0.013405
2.692100, 2.770235, 0.012965
2.692100, 6.731028, 0.127727
2.692100, 3.893739, -0.093817
2.692100, 2.697329, -0.003337
2.692100, 2.955217, 0.032436
2.692100, 11.424680, 0.034683
2.692100, 3.117419, -0.046797
2.692100, 2.693726, 0.001722
2.692100, 3.598943, 0.079499
2.692100, 7.966312, -0.116379
2.692100, 2.804198, -0.016861
2.692100, 2.746473, 0.010094
2.692100, 5.824310, 0.129348
2.692100, 4.246142, -0.106677
2.692100, 2.705296, -0.004783
2.692100, 2.885605, 0.025605
2.692100, 10.333527, 0.072917
2.692100, 3.258076, -0.057759
2.692100, 2.692438, 0.000549
2.692100, 3.411443, 0.068320
2.692100, 9.129414, -0.098711
2.692100, 2.839664, -0.020791
2.692100, 2.721833, 0.007033
2.692100, 4.885419, 0.121306
2.692100, 4.911549, -0.121716
2.692100, 2.722522, -0.007121
2.692100, 2.838504, 0.020665
2.692100, 9.094198, 0.099339
2.692100, 3.416377, -0.068637
2.692100, 2.692473, -0.000580
2.692100, 3.254339, 0.057484
2.692100, 10.364661, -0.072109
2.692100, 2.887028, -0.025749
2.692100, 2.705032, 0.004741
2.692100, 4.235318, 0.106341
2.692100, 5.846212, -0.129399
2.692100, 2.747046, -0.010164
2.692100, 2.803461, 0.016778
2.692100, 7.940519, 0.116699
2.692100, 3.603836, -0.079768
2.692100, 2.693764, -0.001751
2.692100, 3.113978, 0.046512
2.692100, 11.445831, -0.033518
2.692100, 2.957461, -0.032649
2.692100, 2.697206, 0.003306
2.692100, 3.887100, 0.093533
2.692100, 6.752917, -0.127606
2.692100, 2.770817, -0.013033
2.692100, 2.773380, 0.013334
2.692100, 6.849071, 0.127036
2.692100, 3.858713, -0.092302
2.692100, 2.696700, -0.003171
2.692100, 2.967701, 0.033614
2.692100, 11.532230, 0.028272
2.692100, 3.098908, -0.045256
2.692100, 2.693936, 0.001882
2.692100, 3.625363, 0.080936
2.692100, 7.829520, -0.118040
2.692100, 2.800309, -0.016421
2.692100, 2.749481, 0.010461
2.692100, 5.939343, 0.129559
2.692100, 4.190891, -0.104924
2.692100, 2.703956, -0.004570
2.692100, 2.893194, 0.026372
2.692100, 10.495259, 0.068613
2.692100, 3.238671, -0.056322
2.692100, 2.692622, 0.000711
2.692100, 3.437224, 0.069964
2.692100, 8.948198, -0.101879
2.692100, 2.833766, -0.020149
2.692100, 2.725455, 0.007492
2.692100, 5.022824, 0.123321
2.692100, 4.780720, -0.119533
2.692100, 2.719074, -0.006680
2.692100, 2.844560, 0.021320
2.692100, 9.275533, 0.096038
2.692100, 3.391335, -0.067012
2.692100, 2.692304, -0.000422
2.692100, 3.273596, 0.058891
2.692100, 10.204553, -0.076167
2.692100, 2.879884, -0.025022
2.692100, 2.706439, 0.004958
2.692100, 4.292579, 0.108082
2.692100, 5.733646, -0.129081
2.692100, 2.744101, -0.009805
2.692100, 2.807253, 0.017206
2.692100, 8.072787, 0.115023
2.692100, 3.579161, -0.078402
2.692100, 2.693572, -0.001601
2.692100, 3.131463, 0.047950
2.692100, 11.333601, -0.039310
2.692100, 2.946398, -0.031596
2.692100, 2.697864, 0.003465
2.692100, 3.921674, 0.094992
2.692100, 6.641313, -0.128187
2.692100, 2.767857, -0.012683
2.692100, 2.776541, 0.013704
2.692100, 6.966987, 0.126252
2.692100, 3.825529, -0.090824
2.692100, 2.696152, -0.003008
2.692100, 2.981129, 0.034867
2.692100, 11.621448, 0.021567
2.692100, 3.080593, -0.043707
2.692100, 2.694152, 0.002041
2.692100, 3.651870, 0.082346
2.692100, 7.698248, -0.119548
2.692100, 2.796613, -0.016002
2.692100, 2.752284, 0.010802
2.692100, 6.046686, 0.129634
2.692100, 4.142678, -0.103319
2.692100, 2.702803, -0.004382
2.692100, 2.900471, 0.027103
2.692100, 10.640341, 0.064502
2.692100, 3.221214, -0.055009
2.692100, 2.692788, 0.000857
2.692100, 3.460488, 0.071417
2.692100, 8.790647, -0.104507
2.692100, 2.828774, -0.019601
2.692100, 2.728724, 0.007902
2.692100, 5.147006, 0.124861
2.692100, 4.675108, -0.117521
2.692100, 2.716296, -0.006320
2.692100, 2.850043, 0.021908
2.692100, 9.434376, 0.093008
2.692100, 3.370087, -0.065606
2.692100, 2.692189, -0.000284
2.692100, 3.290909, 0.060137
2.692100, 10.061702, -0.079601
2.692100, 2.873839, -0.024402
2.692100, 2.707841, 0.005166
2.692100, 4.348572, 0.109696
2.692100, 5.630981, -0.128665
2.692100, 2.741415, -0.009476
2.692100, 2.810797, 0.017604
2.692100, 8.194941, 0.113402
2.692100, 3.557248, -0.077165
2.692100, 2.693414, -0.001466
2.692100, 3.147474, 0.049249
2.692100, 11.221713, -0.044345
2.692100, 2.936963, -0.030689
2.692100, 2.698561, 0.003616
2.692100, 3.955863, 0.096390
2.692100, 6.536518, -0.128650
2.692100, 2.765092, -0.012353
2.692100, 2.779754, 0.014076
2.692100, 7.086095, 0.125371
2.692100, 3.793687, -0.089364
2.692100, 2.695680, -0.002844
2.692100, 2.995786, 0.036217
2.692100, 11.689739, 0.014482
2.692100, 3.062263, -0.042133
2.692100, 2.694391, 0.002204
2.692100, 3.679251, 0.083769
2.692100, 7.568628, -0.120950
2.692100, 2.792994, -0.015591
2.692100, 2.754998, 0.011133
2.692100, 6.150673, 0.129601
2.692100, 4.098753, -0.101793
2.692100, 2.701769, -0.004208
2.692100, 2.907714, 0.027825
2.692100, 10.775033, 0.060431
2.692100, 3.204853, -0.053761
2.692100, 2.692938, 0.000993
2.692100, 3.482222, 0.072749
2.692100, 8.648560, -0.106777
2.692100, 2.824368, -0.019115
2.692100, 2.731740, 0.008278
2.692100, 5.261697, 0.126064
2.692100, 4.586641, -0.115651
2.692100, 2.713980, -0.006014
2.692100, 2.855264, 0.022463
2.692100, 9.580732, 0.090096
2.692100, 3.351008, -0.064322
2.692100, 2.692124, -0.000155
2.692100, 3.307764, 0.061333
2.692100, 9.924160, -0.082760
2.692100, 2.868272, -0.023826
2.692100, 2.709374, 0.005385
2.692100, 4.408824, 0.111338
2.692100, 5.527903, -0.128120
2.692100, 2.738718, -0.009143
2.692100, 2.814494, 0.018018
2.692100, 8.320786, 0.111659
2.692100, 3.535485, -0.075913
2.692100, 2.693275, -0.001329
2.692100, 3.163991, 0.050570
2.692100, 11.099134, -0.049280
2.692100, 2.927860, -0.029806
2.692100, 2.699389, 0.003781
2.692100, 3.994328, 0.097914
2.692100, 6.424778, -0.129051
2.692100, 2.762159, -0.012001
2.692100, 2.783447, 0.014501
2.692100, 7.221958, 0.124260
2.692100, 3.759246, -0.087738
2.692100, 2.695231, -0.002659
2.692100, 3.013704, 0.037845
2.692100, 11.735724, 0.006163
2.692100, 3.041904, -0.040357
2.692100, 2.694698, 0.002389
2.692100, 3.711153, 0.085385
2.692100, 7.424872, -0.122403
2.692100, 2.789013, -0.015138
2.692100, 2.757967, 0.011493
2.692100, 6.264427, 0.129451
2.692100, 4.053543, -0.100158
2.692100, 2.700723, -0.004025
2.692100, 2.915861, 0.028631
2.692100, 10.914968, 0.055889
2.692100, 3.187558, -0.052424
2.692100, 2.693088, 0.001136
2.692100, 3.504954, 0.074117
2.692100, 8.505164, -0.108974
2.692100, 2.820002, -0.018631
2.692100, 2.734805, 0.008659
2.692100, 5.378493, 0.127087
2.692100, 4.504304, -0.113749
2.692100, 2.711837, -0.005725
2.692100, 2.860807, 0.023047
2.692100, 9.730788, 0.086981
2.692100, 3.331878, -0.063013
2.692100, 2.692100, -0.000021
2.692100, 3.326062, 0.062611
2.692100, 9.777020, -0.085994
2.692100, 2.862556, -0.023230
2.692100, 2.711218, 0.005641
2.692100, 4.480412, 0.113167
2.692100, 5.414392, -0.127362
2.692100, 2.735746, -0.008776
2.692100, 2.818671, 0.018483
2.692100, 8.460957, 0.109632
2.692100, 3.512135, -0.074543
2.692100, 2.693133, -0.001181
2.692100, 3.182032, 0.051992
2.692100, 10.958939, -0.054383
2.692100, 2.918577, -0.028898
2.692100, 2.700398, 0.003967
2.692100, 4.039346, 0.099631
2.692100, 6.301653, -0.129378
2.692100, 2.758939, -0.011611
2.692100, 2.787709, 0.014989
2.692100, 7.377526, 0.122857
2.692100, 3.722040, -0.085926
2.692100, 2.694810, -0.002451
2.692100, 3.035234, 0.039768
2.692100, 11.742925, -0.003332
2.692100, 3.019994, -0.038411
2.692100, 2.695097, 0.002597
2.692100, 3.747991, 0.087196
2.692100, 7.268024, -0.123859
2.692100, 2.784705, -0.014645
2.692100, 2.761197, 0.011885
2.692100, 6.388021, 0.129162
2.692100, 4.007466, -0.098422
2.692100, 2.699680, -0.003836
2.692100, 2.925027, 0.029530
2.692100, 11.057990, 0.050830
2.692100, 3.169363, -0.050996
2.692100, 2.693232, 0.001285
2.692100, 3.528521, 0.075507
2.692100, 8.362024, -0.111072
2.692100, 2.815716, -0.018154
2.692100, 2.737843, 0.009035
2.692100, 5.494490, 0.127915
2.692100, 4.429298, -0.111874
2.692100, 2.709900, -0.005458
2.692100, 2.866555, 0.023648
2.692100, 9.880572, 0.083733
2.692100, 3.313153, -0.061711
2.692100, 2.692113, 0.000115
2.692100, 3.345227, 0.063929
2.692100, 9.625745, -0.089176
2.692100, 2.856905, -0.022636
2.692100, 2.713314, 0.005925
2.692100, 4.561121, 0.115079
2.692100, 5.296799, -0.126392
2.692100, 2.732662, -0.008393
2.692100, 2.823047, 0.018969
2.692100, 8.605453, 0.107447
2.692100, 3.488968, -0.073158
2.692100, 2.692984, -0.001035
2.692100, 3.199750, 0.053369
2.692100, 10.816642, -0.059117
2.692100, 2.910064, -0.028058
2.692100, 2.701456, 0.004154
2.692100, 4.085296, 0.101314
2.692100, 6.183795, -0.129569
2.692100, 2.755862, -0.011238
2.692100, 2.791837, 0.015459
2.692100, 7.526971, 0.121383
2.692100, 3.688323, -0.084233
2.692100, 2.694475, -0.002257
2.692100, 3.056358, 0.041621
2.692100, 11.706567, -0.012119
2.692100, 3.000795, -0.036675
2.692100, 2.695542, 0.002791
2.692100, 3.783644, 0.088895
2.692100, 7.124938, -0.125065
2.692100, 2.780807, -0.014197
2.692100, 2.764235, 0.012251
2.692100, 6.503899, 0.128777
2.692100, 3.966869, -0.096832
2.692100, 2.698793, -0.003664
2.692100, 2.934216, 0.030423
2.692100, 11.186253, 0.045826
2.692100, 3.152344, -0.049640
2.692100, 2.693371, 0.001425
2.692100, 3.550755, 0.076794
2.692100, 8.232008, -0.112897
2.692100, 2.811881, -0.017726
2.692100, 2.740614, 0.009377
2.692100, 5.600367, 0.128517
2.692100, 4.366025, -0.110181
2.692100, 2.708283, -0.005230
2.692100, 2.872137, 0.024226
2.692100, 10.020253, 0.080567
2.692100, 3.295966, -0.060498
2.692100, 2.692165, 0.000245
2.692100, 3.364192, 0.065212
2.692100, 9.479231, -0.092128
2.692100, 2.851625, -0.022077
2.692100, 2.715561, 0.006223
2.692100, 4.647072, 0.116947
2.692100, 5.182229, -0.125252
2.692100, 2.729651, -0.008018
2.692100, 2.827403, 0.019450
2.692100, 8.746728, 0.105218
2.692100, 3.467126, -0.071827
2.692100, 2.692834, -0.000898
2.692100, 3.216224, 0.054631
2.692100, 10.681596, -0.063283
2.692100, 2.902635, -0.027319
2.692100, 2.702483, 0.004329
2.692100, 4.129146, 0.102855
2.692100, 6.078067, -0.129635
2.692100, 2.753103, -0.010902
2.692100, 2.795523, 0.015879
2.692100, 7.659327, 0.119978
2.692100, 3.659961, -0.082770
2.692100, 2.694221, -0.002089
2.692100, 3.075102, 0.043238
2.692100, 11.644299, -0.019484
2.692100, 2.985385, -0.035261
2.692100, 2.696003, 0.002959
2.692100, 3.815860, 0.090385
2.692100, 7.002522, -0.125999
2.692100, 2.777497, -0.013815
2.692100, 2.767008, 0.012582
2.692100, 6.609216, 0.128337
2.692100, 3.931961, -0.095417
2.692100, 2.698069, -0.003511
2.692100, 2.943406, 0.031309
2.692100, 11.299757, 0.040897
2.692100, 3.136426, -0.048355
2.692100, 2.693521, 0.001559
2.692100, 3.572280, 0.078016
2.692100, 8.110664, -0.114528
2.692100, 2.808348, -0.017329
2.692100, 2.743261, 0.009702
2.692100, 5.701553, 0.128964
2.692100, 4.309677, -0.108584
2.692100, 2.706865, -0.005022
2.692100, 2.877939, 0.024823
2.692100, 10.159338, 0.077272
2.692100, 3.279058, -0.059287
2.692100, 2.692263, 0.000378
2.692100, 3.384468, 0.066561
2.692100, 9.326380, -0.095083
2.692100, 2.846295, -0.021507
2.692100, 2.718157, 0.006562
2.692100, 4.745893, 0.118895
2.692100, 5.062360, -0.123840
2.692100, 2.726496, -0.007623
2.692100, 2.832147, 0.019972
2.692100, 8.897528, 0.102737
2.692100, 3.444615, -0.070429
2.692100, 2.692675, -0.000757
2.692100, 3.233130, 0.055907
2.692100, 10.541406, -0.067333
2.692100, 2.895456, -0.026600
2.692100, 2.703585, 0.004510
2.692100, 4.175449, 0.104417
2.692100, 5.972987, -0.129595
2.692100, 2.750360, -0.010568
2.692100, 2.799158, 0.016291
2.692100, 7.788745, 0.118518
2.692100, 3.633471, -0.081371
2.692100, 2.694001, -0.001930
2.692100, 3.093266, 0.044781
2.692100, 11.561709, -0.026245
2.692100, 2.971717, -0.033990
2.692100, 2.696523, 0.003121
2.692100, 3.848337, 0.091845
2.692100, 6.885286, -0.126805
2.692100, 2.774349, -0.013448
2.692100, 2.769885, 0.012923
2.692100, 6.717851, 0.127798
2.692100, 3.897768, -0.093988
2.692100, 2.697404, -0.003356
2.692100, 2.953883, 0.032309
2.692100, 11.411717, 0.035378
2.692100, 3.119490, -0.046968
2.692100, 2.693702, 0.001704
2.692100, 3.596005, 0.079338
2.692100, 7.981903, -0.116184
2.692100, 2.804643, -0.016911
2.692100, 2.746126, 0.010052
2.692100, 5.811043, 0.129314
2.692100, 4.252771, -0.106881
2.692100, 2.705458, -0.004808
2.692100, 2.884750, 0.025518
2.692100, 10.314633, 0.073403
2.692100, 3.260345, -0.057926
2.692100, 2.692417, 0.000531
2.692100, 3.408461, 0.068127
2.692100, 9.150824, -0.098326
2.692100, 2.840373, -0.020868
2.692100, 2.721418, 0.006981
2.692100, 4.869689, 0.121053
2.692100, 4.927581, -0.121961
2.692100, 2.722944, -0.007175
2.692100, 2.837802, 0.020589
2.692100, 9.072791, 0.099718
2.692100, 3.419394, -0.068831
2.692100, 2.692495, -0.000599
2.692100, 3.252062, 0.057316
2.692100, 10.383636, -0.071612
2.692100, 2.887903, -0.025838
2.692100, 2.704872, 0.004716
2.692100, 4.228775, 0.106136
2.692100, 5.859598, -0.129427
2.692100, 2.747396, -0.010207
2.692100, 2.803011, 0.016727
2.692100, 7.924711, 0.116894
2.692100, 3.606855, -0.079933
2.692100, 2.693788, -0.001770
2.692100, 3.111858, 0.046336
2.692100, 11.458610, -0.032795
2.692100, 2.958861, -0.032781
2.692100, 2.697132, 0.003287
2.692100, 3.883043, 0.093359
2.692100, 6.766402, -0.127530
2.692100, 2.771176, -0.013076
2.692100, 2.773013, 0.013291
2.692100, 6.835318, 0.127121
2.692100, 3.862697, -0.092477
2.692100, 2.696769, -0.003190
2.692100, 2.966199, 0.033473
2.692100, 11.520577, 0.029035
2.692100, 3.101056, -0.045436
2.692100, 2.693911, 0.001863
2.692100, 3.622286, 0.080771
2.692100, 7.845145, -0.117855
2.692100, 2.800752, -0.016471
2.692100, 2.749142, 0.010420
2.692100, 5.926368, 0.129542
2.692100, 4.196930, -0.105120
2.692100, 2.704101, -0.004594
2.692100, 2.892326, 0.026285
2.692100, 10.477299, 0.069105
2.692100, 3.240827, -0.056483
2.692100, 2.692602, 0.000693
2.692100, 3.434350, 0.069782
2.692100, 8.968060, -0.101540
2.692100, 2.834404, -0.020218
2.692100, 2.725049, 0.007441
2.692100, 5.007442, 0.123113
2.692100, 4.794592, -0.119781
2.692100, 2.719439, -0.006727
2.692100, 2.843885, 0.021248
2.692100, 9.255632, 0.096409
2.692100, 3.394041, -0.067190
2.692100, 2.692322, -0.000439
2.692100, 3.271471, 0.058737
2.692100, 10.222169, -0.075732
2.692100, 2.880650, -0.025100
2.692100, 2.706277, 0.004933
2.692100, 4.286050, 0.107888
2.692100, 5.746081, -0.129123
2.692100, 2.744426, -0.009845
2.692100, 2.806832, 0.017158
2.692100, 8.058160, 0.115213
2.692100, 3.581840, -0.078552
2.692100, 2.693593, -0.001617
2.692100, 3.129544, 0.047793
2.692100, 11.346466, -0.038690
2.692100, 2.947572, -0.031708
2.692100, 2.697787, 0.003447
2.692100, 3.917762, 0.094829
2.692100, 6.653649, -0.128127
2.692100, 2.768183, -0.012722
2.692100, 2.776179, 0.013661
2.692100, 6.953542, 0.126346
2.692100, 3.829227, -0.090991
2.692100, 2.696210, -0.003026
2.692100, 2.979545, 0.034720
2.692100, 11.612291, 0.022347
2.692100, 3.082674, -0.043884
2.692100, 2.694127, 0.002023
2.692100, 3.648825, 0.082186
2.692100, 7.713031, -0.119382
2.692100, 2.797028, -0.016049
2.692100, 2.751971, 0.010764
2.692100, 6.034723, 0.129631
2.692100, 4.147902, -0.103496
2.692100, 2.702927, -0.004403
2.692100, 2.899650, 0.027021
2.692100, 10.624479, 0.064964
2.692100, 3.223129, -0.055154
2.692100, 2.692770, 0.000841
2.692100, 3.457939, 0.071259
2.692100, 8.807630, -0.104229
2.692100, 2.829306, -0.019660
2.692100, 2.728367, 0.007858
2.692100, 5.133451, 0.124706
2.692100, 4.686113, -0.117742
2.692100, 2.716585, -0.006358
2.692100, 2.849438, 0.021843
2.692100, 9.417119, 0.093344
2.692100, 3.372367, -0.065758
2.692100, 2.692200, -0.000299
2.692100, 3.288987, 0.060000
2.692100, 10.077493, -0.079229
2.692100, 2.874493, -0.024469
2.692100, 2.707677, 0.005142
2.692100, 4.342077, 0.109513
2.692100, 5.642537, -0.128718
2.692100, 2.741717, -0.009513
2.692100, 2.810391, 0.017559
2.692100, 8.181032, 0.113590
2.692100, 3.559703, -0.077304
2.692100, 2.693431, -0.001481
2.692100, 3.145649, 0.049101
2.692100, 11.234849, -0.043783
2.692100, 2.938007, -0.030790
2.692100, 2.698476, 0.003599
2.692100, 3.951812, 0.096227
2.692100, 6.548659, -0.128601
2.692100, 2.765412, -0.012392
2.692100, 2.779369, 0.014031
2.692100, 7.071841, 0.125481
2.692100, 3.797414, -0.089537
2.692100, 2.695732, -0.002863
2.692100, 2.993975, 0.036051
2.692100, 11.682859, 0.015344
2.692100, 3.064442, -0.042322
2.692100, 2.694361, 0.002184
2.692100, 3.675937, 0.083598
2.692100, 7.584004, -0.120789
2.692100, 2.793422, -0.015640
2.692100, 2.754678, 0.011094
2.692100, 6.138412, 0.129610
2.692100, 4.103799, -0.101972
2.692100, 2.701887, -0.004228
2.692100, 2.906850, 0.027739
2.692100, 10.759461, 0.060916
2.692100, 3.206756, -0.053907
2.692100, 2.692921, 0.000977
2.692100, 3.479701, 0.072596
2.692100, 8.664792, -0.106522
2.692100, 2.824867, -0.019170
2.692100, 2.731393, 0.008235
2.692100, 5.248502, 0.125936
2.692100, 4.596415, -0.115866
2.692100, 2.714235, -0.006048
2.692100, 2.854652, 0.022398
2.692100, 9.563839, 0.090438
2.692100, 3.353188, -0.064470
2.692100, 2.692130, -0.000170
2.692100, 3.305766, 0.061192
2.692100, 9.940372, -0.082395
2.692100, 2.868916, -0.023893
2.692100, 2.709184, 0.005358
2.692100, 4.401375, 0.111140
2.692100, 5.540257, -0.128192
2.692100, 2.739041, -0.009183
2.692100, 2.814045, 0.017968
2.692100, 8.305572, 0.111874
2.692100, 3.538074, -0.076063
2.692100, 2.693291, -0.001345
2.692100, 3.162001, 0.050412
2.692100, 11.114233, -0.048699
2.692100, 2.928925, -0.029910
2.692100, 2.699284, 0.003760
2.692100, 3.989530, 0.097726
2.692100, 6.438374, -0.129008
2.692100, 2.762515, -0.012044
2.692100, 2.782986, 0.014448
2.692100, 7.205051, 0.124405
2.692100, 3.763429, -0.087938
2.692100, 2.695282, -0.002682
2.692100, 3.011418, 0.037639
2.692100, 11.732000, 0.007203
2.692100, 3.044386, -0.040575
2.692100, 2.694657, 0.002366
2.692100, 3.707163, 0.085185
2.692100, 7.442438, -0.122232
2.692100, 2.789498, -0.015193
2.692100, 2.757606, 0.011450
2.692100, 6.250600, 0.129475
2.692100, 4.058890, -0.100355
2.692100, 2.700845, -0.004047
2.692100, 2.914859, 0.028532
2.692100, 10.898411, 0.056445
2.692100, 3.189626, -0.052585
2.692100, 2.693071, 0.001119
2.692100, 3.502257, 0.073956
2.692100, 8.521901, -0.108722
2.692100, 2.820508, -0.018687
2.692100, 2.734448, 0.008615
2.692100, 5.364878, 0.126978
2.692100, 4.513533, -0.113971
2.692100, 2.712077, -0.005758
2.692100, 2.860149, 0.022978
2.692100, 9.713264, 0.087352
2.692100, 3.334092, -0.063166
2.692100, 2.692101, -0.000037
2.692100, 3.323879, 0.062460
2.692100, 9.794446, -0.085618
2.692100, 2.863222, -0.023300
2.692100, 2.710990, 0.005609
2.692100, 4.471576, 0.112948
2.692100, 5.427911, -0.127462
2.692100, 2.736100, -0.008820
2.692100, 2.818171, 0.018427
2.692100, 8.444280, 0.109878
2.692100, 3.514867, -0.074705
2.692100, 2.693150, -0.001199
2.692100, 3.179924, 0.051827
2.692100, 10.975600, -0.053802
2.692100, 2.919628, -0.029001
2.692100, 2.700276, 0.003945
2.692100, 4.033969, 0.099430
2.692100, 6.315946, -0.129346
2.692100, 2.759313, -0.011657
2.692100, 2.787209, 0.014932
2.692100, 7.359344, 0.123028
2.692100, 3.726273, -0.086135
2.692100, 2.694855, -0.002475
2.692100, 3.032682, 0.039542
2.692100, 11.744561, -0.002235
2.692100, 3.022460, -0.038631
2.692100, 2.695047, 0.002573
2.692100, 3.743675, 0.086987
2.692100, 7.285915, -0.123700
2.692100, 2.785195, -0.014701
2.692100, 2.760826, 0.011840
2.692100, 6.373838, 0.129201
2.692100, 4.012602, -0.098619
2.692100, 2.699795, -0.003857
2.692100, 2.923950, 0.029425
2.692100, 11.041971, 0.051421
2.692100, 3.171436, -0.051160
2.692100, 2.693216, 0.001268
2.692100, 3.525841, 0.075350
2.692100, 8.378024, -0.110842
2.692100, 2.816192, -0.018207
2.692100, 2.737505, 0.008994
2.692100, 5.481542, 0.127831
2.692100, 4.437363, -0.112083
2.692100, 2.710107, -0.005487
2.692100, 2.865898, 0.023579
2.692100, 9.863763, 0.084105
2.692100, 3.315238, -0.061857
2.692100, 2.692110, 0.000100
2.692100, 3.343026, 0.063778
2.692100, 9.642961, -0.088820
2.692100, 2.857538, -0.022703
2.692100, 2.713065, 0.005891
2.692100, 4.551555, 0.114860
2.692100, 5.310205, -0.126513
2.692100, 2.733014, -0.008437
2.692100, 2.822545, 0.018913
2.692100, 8.589006, 0.107701
2.692100, 3.491562, -0.073314
2.692100, 2.693001, -0.001052
2.692100, 3.197782, 0.053217
2.692100, 10.832619, -0.058605
2.692100, 2.910982, -0.028149
2.692100, 2.701336, 0.004133
2.692100, 4.080134, 0.101128
2.692100, 6.196662, -0.129554
2.692100, 2.756198, -0.011279
2.692100, 2.791387, 0.015408
2.692100, 7.510740, 0.121549
2.692100, 3.691895, -0.084414
2.692100, 2.694509, -0.002278
2.692100, 3.054058, 0.041421
2.692100, 11.712380, -0.011187
2.692100, 3.002786, -0.036856
2.692100, 2.695490, 0.002770
2.692100, 3.779748, 0.088712
2.692100, 7.140174, -0.124942
2.692100, 2.781221, -0.014245
2.692100, 2.763903, 0.012211
2.692100, 6.491273, 0.128824
2.692100, 3.971178, -0.097003
2.692100, 2.698886, -0.003682
2.692100, 2.933174, 0.030323
2.692100, 11.172461, 0.046390
2.692100, 3.154216, -0.049790
2.692100, 2.693355, 0.001410
2.692100, 3.548279, 0.076651
2.692100, 8.246254, -0.112700
2.692100, 2.812298, -0.017772
2.692100, 2.740307, 0.009339
2.692100, 5.588666, 0.128457
2.692100, 4.372792, -0.110368
2.692100, 2.708455, -0.005254
2.692100, 2.871498, 0.024160
2.692100, 10.004556, 0.080930
2.692100, 3.297886, -0.060634
2.692100, 2.692157, 0.000230
2.692100, 3.361993, 0.065064
2.692100, 9.496046, -0.091796
2.692100, 2.852222, -0.022140
2.692100, 2.715291, 0.006188
2.692100, 4.636773, 0.116732
2.692100, 5.195423, -0.125394
2.692100, 2.729998, -0.008061
2.692100, 2.826893, 0.019394
2.692100, 8.730350, 0.105481
2.692100, 3.469620, -0.071980
2.692100, 2.692851, -0.000914
2.692100, 3.214349, 0.054488
2.692100, 10.697065, -0.062820
2.692100, 2.903458, -0.027401
2.692100, 2.702363, 0.004309
2.692100, 4.124092, 0.102681
2.692100, 6.089936, -0.129632
2.692100, 2.753413, -0.010940
2.692100, 2.795111, 0.015832
2.692100, 7.644559, 0.120139
2.692100, 3.663060, -0.082931
2.692100, 2.694247, -0.002108
2.692100, 3.073014, 0.043059
2.692100, 11.652468, -0.018683
2.692100, 2.987032, -0.035413
2.692100, 2.695948, 0.002940
2.692100, 3.812216, 0.090218
2.692100, 7.016054, -0.125900
2.692100, 2.777862, -0.013857
2.692100, 2.766691, 0.012544
2.692100, 6.597186, 0.128392
2.692100, 3.935858, -0.095577
2.692100, 2.698148, -0.003528
2.692100, 2.942308, 0.031204
2.692100, 11.286958, 0.041482
2.692100, 3.138273, -0.048505
2.692100, 2.693502, 0.001543
2.692100, 3.569738, 0.077873
2.692100, 8.124770, -0.114342
2.692100, 2.808756, -0.017375
2.692100, 2.742950, 0.009664
2.692100, 5.689653, 0.128918
2.692100, 4.316109, -0.108771
2.692100, 2.707025, -0.005046
2.692100, 2.877230, 0.024750
2.692100, 10.142685, 0.077674
2.692100, 3.281074, -0.059432
2.692100, 2.692249, 0.000362
2.692100, 3.381969, 0.066396
2.692100, 9.344998, -0.094730
2.692100, 2.846936, -0.021576
2.692100, 2.717828, 0.006519
2.692100, 4.733373, 0.118660
2.692100, 5.076905, -0.124024
2.692100, 2.726879, -0.007671
2.692100, 2.831559, 0.019907
2.692100, 8.879016, 0.103047
2.692100, 3.447337, -0.070599
2.692100, 2.692694, -0.000774
2.692100, 3.231088, 0.055754
2.692100, 10.558388, -0.066856
2.692100, 2.896300, -0.026685
2.692100, 2.703449, 0.004488
2.692100, 4.169792, 0.104230
2.692100, 5.985482, -0.129605
2.692100, 2.750686, -0.010608
2.692100, 2.798728, 0.016242
2.692100, 7.773508, 0.118694
2.692100, 3.636530, -0.081534
2.692100, 2.694026, -0.001949
2.692100, 3.091145, 0.044602
2.692100, 11.572349, -0.025475
2.692100, 2.973254, -0.034134
2.692100, 2.696459, 0.003102
2.692100, 3.844471, 0.091673
2.692100, 6.898927, -0.126715
2.692100, 2.774714, -0.013491
2.692100, 2.769539, 0.012882
2.692100, 6.704817, 0.127867
2.692100, 3.901779, -0.094158
2.692100, 2.697480, -0.003374
2.692100, 2.952575, 0.032185
2.692100, 11.398736, 0.036061
2.692100, 3.121538, -0.047136
2.692100, 2.693680, 0.001686
2.692100, 3.593106, 0.079177
2.692100, 7.997363, -0.115989
2.692100, 2.805086, -0.016961
2.692100, 2.745782, 0.010010
2.692100, 5.797875, 0.129279
2.692100, 4.259406, -0.107085
2.692100, 2.705621, -0.004833
2.692100, 2.883906, 0.025432
2.692100, 10.295868, 0.073882
2.692100, 3.262600, -0.058091
2.692100, 2.692397, 0.000512
2.692100, 3.405509, 0.067936
2.692100, 9.172105, -0.097941
2.692100, 2.841081, -0.020945
2.692100, 2.721010, 0.006928
2.692100, 4.854179, 0.120799
2.692100, 4.943619, -0.122201
2.692100, 2.723367, -0.007228
2.692100, 2.837107, 0.020513
2.692100, 9.051516, 0.100092
2.692100, 3.422405, -0.069023
2.692100, 2.692516, -0.000618
2.692100, 3.249794, 0.057149
2.692100, 10.402541, -0.071114
2.692100, 2.888782, -0.025927
2.692100, 2.704715, 0.004691
2.692100, 4.222291, 0.105931
2.692100, 5.872973, -0.129454
2.692100, 2.747746, -0.010250
2.692100, 2.802560, 0.016676
2.692100, 7.908875, 0.117088
2.692100, 3.609894, -0.080099
2.692100, 2.693813, -0.001788
2.692100, 3.109726, 0.046159
2.692100, 11.471265, -0.032062
2.692100, 2.960281, -0.032916
2.692100, 2.697058, 0.003268
2.692100, 3.878985, 0.093185
2.692100, 6.779974, -0.127452
2.692100, 2.771537, -0.013118
2.692100, 2.772646, 0.013248
2.692100, 6.821567, 0.127205
2.692100, 3.866706, -0.092652
2.692100, 2.696839, -0.003209
2.692100, 2.964710, 0.033333
2.692100, 11.508681, 0.029793
2.692100, 3.103206, -0.045616
2.692100, 2.693887, 0.001844
2.692100, 3.619208, 0.080604
2.692100, 7.860850, -0.117668
2.692100, 2.801196, -0.016522
2.692100, 2.748800, 0.010378
2.692100, 5.913280, 0.129523
2.692100, 4.203071, -0.105318
2.692100, 2.704249, -0.004617
2.692100, 2.891453, 0.026197
2.692100, 10.459095, 0.069600
2.692100, 3.243011, -0.056645
2.692100, 2.692581, 0.000675
2.692100, 3.431437, 0.069598
2.692100, 8.988271, -0.101192
2.692100, 2.835055, -0.020290
2.692100, 2.724639, 0.007389
2.692100, 4.991862, 0.122897
2.692100, 4.808832, -0.120030
2.692100, 2.719815, -0.006775
2.692100, 2.843201, 0.021174
2.692100, 9.235393, 0.096783
2.692100, 3.396803, -0.067370
2.692100, 2.692339, -0.000457
2.692100, 3.269316, 0.058581
2.692100, 10.240052, -0.075287
2.692100, 2.881432, -0.025180
2.692100, 2.706115, 0.004909
2.692100, 4.279489, 0.107692
2.692100, 5.758675, -0.129164
2.692100, 2.744756, -0.009885
2.692100, 2.806406, 0.017110
2.692100, 8.043364, 0.115403
2.692100, 3.584562, -0.078703
2.692100, 2.693613, -0.001634
2.692100, 3.127601, 0.047634
2.692100, 11.359366, -0.038058
2.692100, 2.948771, -0.031823
2.692100, 2.697711, 0.003429
2.692100, 3.913834, 0.094665
2.692100, 6.666108, -0.128065
2.692100, 2.768513, -0.012761
2.692100, 2.775818, 0.013619
2.692100, 6.940077, 0.126439
2.692100, 3.832951, -0.091158
2.692100, 2.696270, -0.003045
2.692100, 2.977973, 0.034574
2.692100, 11.602848, 0.023124
2.692100, 3.084760, -0.044062
2.692100, 2.694102, 0.002005
2.692100, 3.645784, 0.082025
2.692100, 7.727874, -0.119215
2.692100, 2.797444, -0.016097
2.692100, 2.751657, 0.010726
2.692100, 6.022685, 0.129627
2.692100, 4.153195, -0.103675
2.692100, 2.703053, -0.004423
2.692100, 2.898828, 0.026938
2.692100, 10.608443, 0.065428
2.692100, 3.225062, -0.055300
2.692100, 2.692752, 0.000825
2.692100, 3.455364, 0.071099
2.692100, 8.824858, -0.103946
2.692100, 2.829848, -0.019719
2.692100, 2.728007, 0.007812
2.692100, 5.119740, 0.124545
2.692100, 4.697369, -0.117965
2.692100, 2.716881, -0.006396
2.692100, 2.848829, 0.021778
2.692100, 9.399656, 0.093682
2.692100, 3.374681, -0.065912
2.692100, 2.692211, -0.000314
2.692100, 3.287054, 0.059862
2.692100, 10.093391, -0.078853
2.692100, 2.875156, -0.024537
2.692100, 2.707515, 0.005118
2.692100, 4.335622, 0.109330
2.692100, 5.654112, -0.128770
2.692100, 2.742020, -0.009550
2.692100, 2.809987, 0.017513
2.692100, 8.167144, 0.113777
2.692100, 3.562164, -0.077444
2.692100, 2.693448, -0.001496
2.692100, 3.143827, 0.048954
2.692100, 11.247866, -0.043220
2.692100, 2.939057, -0.030891
2.692100, 2.698393, 0.003581
2.692100, 3.947810, 0.096065
2.692100, 6.560724, -0.128550
2.692100, 2.765729, -0.012430
2.692100, 2.778989, 0.013987
2.692100, 7.057793, 0.125588
2.692100, 3.801109, -0.089708
2.692100, 2.695785, -0.002883
2.692100, 2.992204, 0.035889
2.692100, 11.675719, 0.016191
2.692100, 3.066594, -0.042508
2.692100, 2.694332, 0.002165
2.692100, 3.672679, 0.083430
2.692100, 7.599200, -0.120627
2.692100, 2.793845, -0.015688
2.692100, 2.754361, 0.011055
2.692100, 6.126276, 0.129618
2.692100, 4.108827, -0.102149
2.692100, 2.702004, -0.004248
2.692100, 2.905996, 0.027654
2.692100, 10.743962, 0.061394
2.692100, 3.208647, -0.054052
2.692100, 2.692904, 0.000961
2.692100, 3.477193, 0.072443
2.692100, 8.681001, -0.106267
2.692100, 2.825366, -0.019225
2.692100, 2.731047, 0.008192
2.692100, 5.235344, 0.125805
2.692100, 4.606263, -0.116081
2.692100, 2.714493, -0.006082
2.692100, 2.854046, 0.022334
2.692100, 9.547010, 0.090778
2.692100, 3.355365, -0.064617
2.692100, 2.692136, -0.000185
2.692100, 3.303789, 0.061052
2.692100, 9.956438, -0.082031
2.692100, 2.869558, -0.023960
2.692100, 2.708997, 0.005332
2.692100, 4.394083, 0.110945
2.692100, 5.552453, -0.128262
2.692100, 2.739360, -0.009223
2.692100, 2.813602, 0.017918
2.692100, 8.290578, 0.112084
2.692100, 3.540637, -0.076211
2.692100, 2.693307, -0.001362
2.692100, 3.160036, 0.050255
2.692100, 11.129058, -0.048121
2.692100, 2.929985, -0.030013
2.692100, 2.699181, 0.003740
2.692100, 3.984835, 0.097542
2.692100, 6.451775, -0.128963
2.692100, 2.762867, -0.012086
2.692100, 2.782534, 0.014396
2.692100, 7.188473, 0.124544
2.692100, 3.767558, -0.088135
2.692100, 2.695334, -0.002704
2.692100, 3.009191, 0.037437
2.692100, 11.727787, 0.008223
2.692100, 3.046837, -0.040790
2.692100, 2.694619, 0.002344
2.692100, 3.703255, 0.084989
2.692100, 7.459759, -0.122061
2.692100, 2.789976, -0.015248
2.692100, 2.757250, 0.011406
2.692100, 6.236950, 0.129498
2.692100, 4.064207, -0.100550
2.692100, 2.700968, -0.004069
2.692100, 2.913873, 0.028435
2.692100, 10.881943, 0.056993
2.692100, 3.191676, -0.052744
2.692100, 2.693054, 0.001102
2.692100, 3.499577, 0.073796
2.692100, 8.538606, -0.108470
2.692100, 2.821013, -0.018743
2.692100, 2.734091, 0.008571
2.692100, 5.351278, 0.126866
2.692100, 4.522845, -0.114192
2.692100, 2.712318, -0.005791
2.692100, 2.859494, 0.022909
2.692100, 9.695766, 0.087720
2.692100, 3.336307, -0.063318
2.692100, 2.692102, -0.000052
2.692100, 3.321710, 0.062309
2.692100, 9.811792, -0.085243
2.692100, 2.863886, -0.023369
2.692100, 2.710765, 0.005578
2.692100, 4.462873, 0.112731
2.692100, 5.441358, -0.127558
2.692100, 2.736453, -0.008863
2.692100, 2.817674, 0.018372
2.692100, 8.427680, 0.110121
2.692100, 3.517598, -0.074866
2.692100, 2.693166, -0.001216
2.692100, 3.177813, 0.051662
2.692100, 10.992212, -0.053216
2.692100, 2.920690, -0.029105
2.692100, 2.700155, 0.003923
2.692100, 4.028612, 0.099228
2.692100, 6.330297, -0.129313
2.692100, 2.759688, -0.011702
2.692100, 2.786708, 0.014874
2.692100, 7.341102, 0.123198
2.692100, 3.730550, -0.086346
2.692100, 2.694901, -0.002500
2.692100, 3.030129, 0.039315
2.692100, 11.745557, -0.001130
2.692100, 3.024960, -0.038855
2.692100, 2.694998, 0.002549
2.692100, 3.739348, 0.086776
2.692100, 7.303980, -0.123538
2.692100, 2.785689, -0.014758
2.692100, 2.760453, 0.011795
2.692100, 6.359556, 0.129240
2.692100, 4.017814, -0.098818
2.692100, 2.699911, -0.003879
2.692100, 2.922873, 0.029319
2.692100, 11.025750, 0.052013
2.692100, 3.173525, -0.051324
2.692100, 2.693200, 0.001251
2.692100, 3.523141, 0.075192
2.692100, 8.394211, -0.110609
2.692100, 2.816674, -0.018261
2.692100, 2.737162, 0.008951
2.692100, 5.468445, 0.127744
2.692100, 4.445597, -0.112294
2.692100, 2.710319, -0.005517
2.692100, 2.865238, 0.023510
2.692100, 9.846797, 0.084478
2.692100, 3.317347, -0.062005
2.692100, 2.692107, 0.000084
2.692100, 3.340818, 0.063628
2.692100, 9.660267, -0.088462
2.692100, 2.858176, -0.022770
2.692100, 2.712817, 0.005858
2.692100, 4.542043, 0.114641
2.692100, 5.323672, -0.126631
2.692100, 2.733367, -0.008481
2.692100, 2.822042, 0.018857
2.692100, 8.572484, 0.107954
2.692100, 3.494178, -0.073472
2.692100, 2.693018, -0.001068
2.692100, 3.195794, 0.053063
2.692100, 10.848727, -0.058083
2.692100, 2.911916, -0.028241
2.692100, 2.701215, 0.004112
2.692100, 4.074932, 0.100940
2.692100, 6.209723, -0.129537
2.692100, 2.756539, -0.011320
2.692100, 2.790930, 0.015356
2.692100, 7.494238, 0.121716
2.692100, 3.695549, -0.084600
2.692100, 2.694544, -0.002299
2.692100, 3.051719, 0.041217
2.692100, 11.717848, -0.010234
2.692100, 3.004835, -0.037042
2.692100, 2.695439, 0.002749
2.692100, 3.775795, 0.088525
2.692100, 7.155732, -0.124816
2.692100, 2.781643, -0.014294
2.692100, 2.763567, 0.012170
2.692100, 6.478468, 0.128871
2.692100, 3.975576, -0.097177
2.692100, 2.698980, -0.003701
2.692100, 2.932129, 0.030221
2.692100, 11.158434, 0.046956
2.692100, 3.156108, -0.049942
2.692100, 2.693339, 0.001394
2.692100, 3.545785, 0.076508
2.692100, 8.260656, -0.112501
2.692100, 2.812721, -0.017820
2.692100, 2.739999, 0.009301
2.692100, 5.576869, 0.128396
2.692100, 4.379670, -0.110555
2.692100, 2.708630, -0.005279
2.692100, 2.870860, 0.024094
2.692100, 9.988807, 0.081292
2.692100, 3.299815, -0.060771
2.692100, 2.692149, 0.000215
2.692100, 3.359806, 0.064917
2.692100, 9.512821, -0.091462
2.692100, 2.852820, -0.022204
2.692100, 2.715025, 0.006153
2.692100, 4.626614, 0.116518
2.692100, 5.208575, -0.125532
2.692100, 2.730343, -0.008105
2.692100, 2.826388, 0.019338
2.692100, 8.714059, 0.105742
2.692100, 3.472110, -0.072132
2.692100, 2.692869, -0.000929
2.692100, 3.212475, 0.054345
2.692100, 10.712499, -0.062354
2.692100, 2.904286, -0.027484
2.692100, 2.702245, 0.004289
2.692100, 4.119059, 0.102506
2.692100, 6.101834, -0.129629
2.692100, 2.753723, -0.010978
2.692100, 2.794697, 0.015785
2.692100, 7.629732, 0.120300
2.692100, 3.666187, -0.083094
2.692100, 2.694275, -0.002126
2.692100, 3.070917, 0.042879
2.692100, 11.660379, -0.017874
2.692100, 2.988704, -0.035567
2.692100, 2.695894, 0.002921
2.692100, 3.808571, 0.090051
2.692100, 7.029669, -0.125800
2.692100, 2.778229, -0.013900
2.692100, 2.766374, 0.012507
2.692100, 6.585187, 0.128445
2.692100, 3.939768, -0.095737
2.692100, 2.698227, -0.003546
2.692100, 2.941225, 0.031100
2.692100, 11.274140, 0.042060
2.692100, 3.140108, -0.048653
2.692100, 2.693484, 0.001528
2.692100, 3.567223, 0.077731
2.692100, 8.138779, -0.114156
2.692100, 2.809163, -0.017421
2.692100, 2.742641, 0.009626
2.692100, 5.677867, 0.128870
2.692100, 4.322529, -0.108956
2.692100, 2.707186, -0.005070
2.692100, 2.876535, 0.024679
2.692100, 10.126262, 0.078069
2.692100, 3.283064, -0.059575
2.692100, 2.692236, 0.000346
2.692100, 3.379523, 0.066234
2.692100, 9.363288, -0.094381
2.692100, 2.847567, -0.021643
2.692100, 2.717507, 0.006478
2.692100, 4.721198, 0.118428
2.692100, 5.091220, -0.124201
2.692100, 2.727256, -0.007718
2.692100, 2.830984, 0.019844
2.692100, 8.860858, 0.103350
2.692100, 3.450017, -0.070766
2.692100, 2.692714, -0.000791
2.692100, 3.229077, 0.055603
2.692100, 10.575108, -0.066383
2.692100, 2.897138, -0.026769
2.692100, 2.703317, 0.004467
2.692100, 4.164235, 0.104045
2.692100, 5.997848, -0.129614
2.692100, 2.751009, -0.010647
2.692100, 2.798303, 0.016194
2.692100, 7.758384, 0.118868
2.692100, 3.639581, -0.081696
2.692100, 2.694051, -0.001967
2.692100, 3.089034, 0.044424
2.692100, 11.582691, -0.024703
2.692100, 2.974798, -0.034278
2.692100, 2.696395, 0.003083
2.692100, 3.840643, 0.091503
2.692100, 6.912520, -0.126625
2.692100, 2.775078, -0.013533
2.692100, 2.769197, 0.012842
2.692100, 6.691927, 0.127934
2.692100, 3.905769, -0.094326
2.692100, 2.697556, -0.003393
2.692100, 2.951295, 0.032063
2.692100, 11.385756, 0.036731
2.692100, 3.123560, -0.047303
2.692100, 2.693657, 0.001669
2.692100, 3.590249, 0.079019
2.692100, 8.012673, -0.115795
2.692100, 2.805525, -0.017011
2.692100, 2.745440, 0.009968
2.692100, 5.784827, 0.129243
2.692100, 4.266035, -0.107287
2.692100, 2.705784, -0.004858
2.692100, 2.883076, 0.025348
2.692100, 10.277274, 0.074353
2.692100, 3.264836, -0.058254
2.692100, 2.692378, 0.000494
2.692100, 3.402596, 0.067747
2.692100, 9.193197, -0.097558
2.692100, 2.841785, -0.021021
2.692100, 2.720608, 0.006877
2.692100, 4.838933, 0.120545
2.692100, 4.959611, -0.122436
2.692100, 2.723789, -0.007282
2.692100, 2.836420, 0.020438
2.692100, 9.030433, 0.100461
2.692100, 3.425402, -0.069214
2.692100, 2.692538, -0.000637
2.692100, 3.247541, 0.056982
2.692100, 10.421330, -0.070614
2.692100, 2.889663, -0.026016
2.692100, 2.704559, 0.004667
2.692100, 4.215878, 0.105728
2.692100, 5.886310, -0.129479
2.692100, 2.748095, -0.010292
2.692100, 2.802110, 0.016625
2.692100, 7.893037, 0.117280
