init_r,r,ur
2.703100, 3.509012, 0.074279
2.703100, 8.484321, -0.109268
2.703100, 2.821197, -0.018376
2.703100, 2.784824, 0.014204
2.703100, 7.196734, 0.124458
2.703100, 3.766123, -0.088010
2.703100, 2.702446, -0.001869
2.703100, 3.236865, 0.056110
2.703100, 10.514541, -0.068069
2.703100, 2.895067, -0.026381
2.703100, 2.727023, 0.007211
2.703100, 5.006317, 0.123081
2.703100, 4.796106, -0.119790
2.703100, 2.721653, -0.006486
2.703100, 2.910052, 0.027901
2.703100, 10.801969, 0.059571
2.703100, 3.202029, -0.053470
2.703100, 2.702522, 0.002131
2.703100, 3.805377, 0.089851
2.703100, 7.043958, -0.125676
2.703100, 2.780670, -0.013726
2.703100, 2.824550, 0.018761
2.703100, 8.596860, 0.107563
2.703100, 3.490996, -0.073201
2.703100, 2.703033, 0.000120
2.703100, 3.524864, 0.075215
2.703100, 8.387962, -0.110682
2.703100, 2.818339, -0.018052
2.703100, 2.787805, 0.014549
2.703100, 7.306334, 0.123499
2.703100, 3.739418, -0.086721
2.703100, 2.702394, -0.001691
2.703100, 3.260703, 0.057873
2.703100, 10.316075, -0.073353
2.703100, 2.885830, -0.025430
2.703100, 2.730987, 0.007732
2.703100, 5.160352, 0.124997
2.703100, 4.664859, -0.117295
2.703100, 2.718346, -0.006021
2.703100, 2.921564, 0.029050
2.703100, 10.994015, 0.053139
2.703100, 3.178042, -0.051606
2.703100, 2.702612, 0.002315
2.703100, 3.833829, 0.091147
2.703100, 6.939052, -0.126429
2.703100, 2.777824, -0.013399
2.703100, 2.826630, 0.019002
2.703100, 8.666213, 0.106484
2.703100, 3.480145, -0.072544
2.703100, 2.702921, 0.000183
2.703100, 3.532079, 0.075638
2.703100, 8.344896, -0.111300
2.703100, 2.817056, -0.017909
2.703100, 2.788711, 0.014657
2.703100, 7.340038, 0.123191
2.703100, 3.731431, -0.086330
2.703100, 2.702334, -0.001643
2.703100, 3.266430, 0.058292
2.703100, 10.268459, -0.074562
2.703100, 2.883715, -0.025212
2.703100, 2.731848, 0.007845
2.703100, 5.194040, 0.125364
2.703100, 4.638309, -0.116746
2.703100, 2.717674, -0.005927
2.703100, 2.923876, 0.029280
2.703100, 11.029673, 0.051857
2.703100, 3.173473, -0.051247
2.703100, 2.702592, 0.002346
2.703100, 3.837982, 0.091334
2.703100, 6.924114, -0.126531
2.703100, 2.777408, -0.013354
2.703100, 2.826575, 0.018999
2.703100, 8.664944, 0.106504
2.703100, 3.480335, -0.072556
2.703100, 2.702822, 0.000171
2.703100, 3.528644, 0.075438
2.703100, 8.365272, -0.111009
2.703100, 2.817634, -0.017979
2.703100, 2.787498, 0.014521
2.703100, 7.296318, 0.123590
2.703100, 3.741801, -0.086838
2.703100, 2.702274, -0.001721
2.703100, 3.254577, 0.057425
2.703100, 10.366990, -0.072036
2.703100, 2.888115, -0.025669
2.703100, 2.729614, 0.007559
2.703100, 5.108017, 0.124390
2.703100, 4.707565, -0.118147
2.703100, 2.719389, -0.006177
2.703100, 2.916722, 0.028571
2.703100, 10.916416, 0.055827
2.703100, 3.187836, -0.052372
2.703100, 2.702437, 0.002224
2.703100, 3.817499, 0.090408
2.703100, 6.998642, -0.126010
2.703100, 2.779402, -0.013589
2.703100, 2.824395, 0.018755
2.703100, 8.593398, 0.107617
2.703100, 3.491522, -0.073235
2.703100, 2.702743, 0.000082
2.703100, 3.514805, 0.074625
2.703100, 8.448674, -0.109797
2.703100, 2.820075, -0.018262
2.703100, 2.784255, 0.014150
2.703100, 7.177855, 0.124616
2.703100, 3.770825, -0.088235
2.703100, 2.702264, -0.001923
2.703100, 3.226567, 0.055339
2.703100, 10.600009, -0.065659
2.703100, 2.899279, -0.026815
2.703100, 2.724915, 0.006939
2.703100, 4.925567, 0.121914
2.703100, 4.872151, -0.121077
2.703100, 2.723549, -0.006755
2.703100, 2.903051, 0.027198
2.703100, 10.673339, 0.063516
2.703100, 3.217704, -0.054669
2.703100, 2.702282, 0.001989
2.703100, 3.780763, 0.088706
2.703100, 7.138560, -0.124939
2.703100, 2.783185, -0.014027
2.703100, 2.820955, 0.018363
2.703100, 8.478464, 0.109356
2.703100, 3.509939, -0.074337
2.703100, 2.702730, -0.000049
2.703100, 3.495960, 0.073502
2.703100, 8.565385, -0.108047
2.703100, 2.823550, -0.018659
2.703100, 2.780273, 0.013690
2.703100, 7.030972, 0.125773
2.703100, 3.808817, -0.090011
2.703100, 2.702388, -0.002170
2.703100, 3.194483, 0.052888
2.703100, 10.863059, -0.057603
2.703100, 2.913544, -0.028254
2.703100, 2.720254, 0.006300
2.703100, 4.742064, 0.118806
2.703100, 5.067339, -0.123888
2.703100, 2.728562, -0.007422
2.703100, 2.890400, 0.025905
2.703100, 10.416648, 0.070726
2.703100, 3.248613, -0.056985
2.703100, 2.702263, 0.001763
2.703100, 3.747661, 0.087123
2.703100, 7.271945, -0.123808
2.703100, 2.786828, -0.014445
2.703100, 2.818100, 0.018034
2.703100, 8.381327, 0.110778
2.703100, 3.525955, -0.075281
2.703100, 2.702799, -0.000154
2.703100, 3.482243, 0.072673
2.703100, 8.652642, -0.106697
2.703100, 2.826197, -0.018957
2.703100, 2.777704, 0.013389
2.703100, 6.935280, 0.126455
2.703100, 3.834871, -0.091195
2.703100, 2.702561, -0.002328
2.703100, 3.175436, 0.051402
2.703100, 11.014379, -0.052411
2.703100, 2.922874, -0.029181
2.703100, 2.717887, 0.005959
2.703100, 4.647023, 0.116928
2.703100, 5.182880, -0.125244
2.703100, 2.731556, -0.007809
2.703100, 2.884223, 0.025265
2.703100, 10.280064, 0.074269
2.703100, 3.265031, -0.058190
2.703100, 2.702318, 0.001651
2.703100, 3.732336, 0.086375
2.703100, 7.336189, -0.123226
2.703100, 2.788601, -0.014645
2.703100, 2.817023, 0.017906
2.703100, 8.343930, 0.111314
2.703100, 3.532240, -0.075648
2.703100, 2.702894, -0.000188
2.703100, 3.479087, 0.072480
2.703100, 8.673027, -0.106377
2.703100, 2.826833, -0.019026
2.703100, 2.777471, 0.013359
2.703100, 6.926086, 0.126517
2.703100, 3.837435, -0.091309
2.703100, 2.702621, -0.002339
2.703100, 3.174937, 0.051362
2.703100, 11.018292, -0.052269
2.703100, 2.923133, -0.029206
2.703100, 2.717932, 0.005962
2.703100, 4.648334, 0.116955
2.703100, 5.181213, -0.125226
2.703100, 2.731524, -0.007802
2.703100, 2.884626, 0.025305
2.703100, 10.289048, 0.074042
2.703100, 3.263953, -0.058111
2.703100, 2.702379, 0.001666
2.703100, 3.735521, 0.086530
2.703100, 7.322729, -0.123350
2.703100, 2.788250, -0.014601
2.703100, 2.817828, 0.017994
2.703100, 8.370711, 0.110931
2.703100, 3.527745, -0.075384
2.703100, 2.703004, -0.000143
2.703100, 3.487162, 0.072969
2.703100, 8.621225, -0.107187
2.703100, 2.825280, -0.018845
2.703100, 2.779711, 0.013616
2.703100, 7.008629, 0.125937
2.703100, 3.814816, -0.090285
2.703100, 2.702550, -0.002192
2.703100, 3.193982, 0.052848
2.703100, 10.867161, -0.057468
2.703100, 2.913798, -0.028277
2.703100, 2.720510, 0.006327
2.703100, 4.750919, 0.118971
2.703100, 5.057128, -0.123757
2.703100, 2.728329, -0.007384
2.703100, 2.891904, 0.026057
2.703100, 10.448404, 0.069876
2.703100, 3.244809, -0.056702
2.703100, 2.702433, 0.001810
2.703100, 3.757346, 0.087589
2.703100, 7.232236, -0.124155
2.703100, 2.785790, -0.014315
2.703100, 2.820338, 0.018278
2.703100, 8.455380, 0.109697
2.703100, 3.513731, -0.074559
2.703100, 2.703094, -0.000034
2.703100, 3.504108, 0.073987
2.703100, 8.514630, -0.108815
2.703100, 2.822097, -0.018479
2.703100, 2.783757, 0.014081
2.703100, 7.157550, 0.124783
2.703100, 3.775957, -0.088477
2.703100, 2.702461, -0.001935
2.703100, 3.227974, 0.055444
2.703100, 10.588419, -0.065990
2.703100, 2.898713, -0.026754
2.703100, 2.725592, 0.007021
2.703100, 4.950545, 0.122288
2.703100, 4.848052, -0.120681
2.703100, 2.722973, -0.006667
2.703100, 2.906005, 0.027494
2.703100, 10.728546, 0.061854
2.703100, 3.211008, -0.054158
2.703100, 2.702496, 0.002062
2.703100, 3.795030, 0.089372
2.703100, 7.083301, -0.125376
2.703100, 2.781738, -0.013849
2.703100, 2.823720, 0.018666
2.703100, 8.569070, 0.107990
2.703100, 3.495396, -0.073466
2.703100, 2.703060, 0.000092
2.703100, 3.521337, 0.075008
2.703100, 8.409189, -0.110374
2.703100, 2.818968, -0.018123
2.703100, 2.787210, 0.014480
2.703100, 7.284433, 0.123696
2.703100, 3.744663, -0.086976
2.703100, 2.702408, -0.001725
2.703100, 3.256145, 0.057539
2.703100, 10.354002, -0.072374
2.703100, 2.887538, -0.025607
2.703100, 2.730223, 0.007632
2.703100, 5.130700, 0.124658
2.703100, 4.688834, -0.117778
2.703100, 2.718947, -0.006107
2.703100, 2.919317, 0.028827
2.703100, 10.958464, 0.054386
2.703100, 3.182554, -0.051959
2.703100, 2.702595, 0.002280
2.703100, 3.828442, 0.090904
2.703100, 6.958555, -0.126294
2.703100, 2.778354, -0.013460
2.703100, 2.826273, 0.018960
2.703100, 8.654302, 0.106671
2.703100, 3.481995, -0.072656
2.703100, 2.702950, 0.000174
2.703100, 3.531163, 0.075584
2.703100, 8.350343, -0.111223
2.703100, 2.817221, -0.017927
2.703100, 2.788673, 0.014652
2.703100, 7.338485, 0.123205
2.703100, 3.731798, -0.086348
2.703100, 2.702350, -0.001643
2.703100, 3.266603, 0.058305
2.703100, 10.267023, -0.074598
2.703100, 2.883653, -0.025205
2.703100, 2.731921, 0.007854
2.703100, 5.196775, 0.125393
2.703100, 4.636186, -0.116701
2.703100, 2.717625, -0.005919
2.703100, 2.924202, 0.029312
2.703100, 11.034595, 0.051678
2.703100, 3.172840, -0.051197
2.703100, 2.702612, 0.002353
2.703100, 3.839330, 0.091394
2.703100, 6.919297, -0.126563
2.703100, 2.777282, -0.013339
2.703100, 2.826800, 0.019024
2.703100, 8.672209, 0.106390
2.703100, 3.479211, -0.072488
2.703100, 2.702847, 0.000181
2.703100, 3.530580, 0.075551
2.703100, 8.353760, -0.111174
2.703100, 2.817301, -0.017940
2.703100, 2.788020, 0.014580
2.703100, 7.315243, 0.123418
2.703100, 3.737289, -0.086618
2.703100, 2.702289, -0.001688
2.703100, 3.259352, 0.057775
2.703100, 10.327261, -0.073065
2.703100, 2.886320, -0.025483
2.703100, 2.730481, 0.007671
2.703100, 5.141472, 0.124783
2.703100, 4.680052, -0.117603
2.703100, 2.718703, -0.006078
2.703100, 2.919410, 0.028838
2.703100, 10.960090, 0.054330
2.703100, 3.182342, -0.051944
2.703100, 2.702485, 0.002269
2.703100, 3.824960, 0.090748
2.703100, 6.971216, -0.126206
2.703100, 2.778666, -0.013502
2.703100, 2.825144, 0.018839
2.703100, 8.618105, 0.107235
2.703100, 3.487635, -0.073000
2.703100, 2.702761, 0.000112
2.703100, 3.519277, 0.074889
2.703100, 8.421510, -0.110195
2.703100, 2.819275, -0.018170
2.703100, 2.785263, 0.014266
2.703100, 7.214816, 0.124305
2.703100, 3.761621, -0.087796
2.703100, 2.702256, -0.001860
2.703100, 3.235082, 0.055978
2.703100, 10.529288, -0.067659
2.703100, 2.895766, -0.026456
2.703100, 2.726281, 0.007122
2.703100, 4.978810, 0.122697
2.703100, 4.821399, -0.120231
2.703100, 2.722258, -0.006579
2.703100, 2.906901, 0.027587
2.703100, 10.745376, 0.061338
2.703100, 3.208947, -0.054002
2.703100, 2.702312, 0.002056
2.703100, 3.790975, 0.089184
2.703100, 7.098836, -0.125255
2.703100, 2.782107, -0.013903
2.703100, 2.821880, 0.018469
2.703100, 8.509583, 0.108891
2.703100, 3.504897, -0.074037
2.703100, 2.702724, -0.000015
2.703100, 3.500785, 0.073792
2.703100, 8.535152, -0.108506
2.703100, 2.822643, -0.018556
2.703100, 2.781251, 0.013804
2.703100, 7.067195, 0.125500
2.703100, 3.799230, -0.089568
2.703100, 2.702343, -0.002109
2.703100, 3.202122, 0.053478
2.703100, 10.801139, -0.059597
2.703100, 2.909990, -0.027898
2.703100, 2.721292, 0.006445
2.703100, 4.783258, 0.119562
2.703100, 5.020531, -0.123275
2.703100, 2.727355, -0.007264
2.703100, 2.893168, 0.026190
2.703100, 10.475444, 0.069143
2.703100, 3.241553, -0.056461
2.703100, 2.702256, 0.001813
2.703100, 3.754841, 0.087470
2.703100, 7.242398, -0.124067
2.703100, 2.786018, -0.014352
2.703100, 2.818698, 0.018103
2.703100, 8.401790, 0.110482
2.703100, 3.522545, -0.075081
2.703100, 2.702777, -0.000133
2.703100, 3.484921, 0.072835
2.703100, 8.635454, -0.106966
2.703100, 2.825672, -0.018898
2.703100, 2.778169, 0.013444
2.703100, 6.952691, 0.126335
2.703100, 3.830049, -0.090978
2.703100, 2.702522, -0.002300
2.703100, 3.178725, 0.051660
2.703100, 10.988615, -0.053330
2.703100, 2.921212, -0.029017
2.703100, 2.718268, 0.006015
2.703100, 4.662486, 0.117247
2.703100, 5.163321, -0.125030
2.703100, 2.731048, -0.007744
2.703100, 2.885192, 0.025366
2.703100, 10.301977, 0.073713
2.703100, 3.262394, -0.057998
2.703100, 2.702301, 0.001668
2.703100, 3.734543, 0.086483
2.703100, 7.326832, -0.123312
2.703100, 2.788341, -0.014616
2.703100, 2.817124, 0.017919
2.703100, 8.347554, 0.111263
2.703100, 3.531627, -0.075612
2.703100, 2.702868, -0.000186
2.703100, 3.478845, 0.072465
2.703100, 8.674580, -0.106352
2.703100, 2.826876, -0.019031
2.703100, 2.777299, 0.013340
2.703100, 6.919832, 0.126560
2.703100, 3.839181, -0.091388
2.703100, 2.702620, -0.002351
2.703100, 3.173256, 0.051230
2.703100, 11.031369, -0.051795
2.703100, 2.923990, -0.029291
2.703100, 2.717698, 0.005929
2.703100, 4.639038, 0.116761
2.703100, 5.193104, -0.125354
2.703100, 2.731829, -0.007842
2.703100, 2.883914, 0.025232
2.703100, 10.272930, 0.074449
2.703100, 3.265893, -0.058253
2.703100, 2.702363, 0.001650
2.703100, 3.732978, 0.086406
2.703100, 7.333483, -0.123251
2.703100, 2.788540, -0.014635
2.703100, 2.817445, 0.017951
2.703100, 8.357843, 0.111115
2.703100, 3.529902, -0.075511
2.703100, 2.702974, -0.000162
2.703100, 3.484039, 0.072780
2.703100, 8.641185, -0.106876
2.703100, 2.825879, -0.018914
2.703100, 2.778904, 0.013523
2.703100, 6.978836, 0.126152
2.703100, 3.822888, -0.090653
2.703100, 2.702576, -0.002245
2.703100, 3.187193, 0.052321
2.703100, 10.921600, -0.055651
2.703100, 2.917047, -0.028601
2.703100, 2.719574, 0.006196
2.703100, 4.713763, 0.118267
2.703100, 5.100614, -0.124300
2.703100, 2.729448, -0.007531
2.703100, 2.889297, 0.025788
2.703100, 10.392472, 0.071367
2.703100, 3.251525, -0.057199
2.703100, 2.702419, 0.001760
2.703100, 3.749872, 0.087229
2.703100, 7.262866, -0.123888
2.703100, 2.786624, -0.014412
2.703100, 2.819552, 0.018189
2.703100, 8.428898, 0.110087
2.703100, 3.518080, -0.074816
2.703100, 2.703078, -0.000066
2.703100, 3.499250, 0.073697
2.703100, 8.544895, -0.108358
2.703100, 2.822999, -0.018583
2.703100, 2.782648, 0.013953
2.703100, 7.116782, 0.125113
2.703100, 3.786357, -0.088967
2.703100, 2.702478, -0.002005
2.703100, 3.218663, 0.054740
2.703100, 10.665507, -0.063748
2.703100, 2.902659, -0.027155
2.703100, 2.724135, 0.006825
2.703100, 4.893610, 0.121419
2.703100, 4.903805, -0.121579
2.703100, 2.724396, -0.006860
2.703100, 2.901934, 0.027081
2.703100, 10.651569, 0.064160
2.703100, 3.220350, -0.054868
2.703100, 2.702475, 0.001992
2.703100, 3.784462, 0.088878
2.703100, 7.124160, -0.125054
2.703100, 2.782849, -0.013976
2.703100, 2.822837, 0.018564
2.703100, 8.539493, 0.108440
2.703100, 3.500114, -0.073749
2.703100, 2.703082, 0.000061
2.703100, 3.517327, 0.074772
2.703100, 8.433468, -0.110020
2.703100, 2.819688, -0.018204
2.703100, 2.786483, 0.014395
2.703100, 7.257712, 0.123933
2.703100, 3.751123, -0.087289
2.703100, 2.702422, -0.001769
2.703100, 3.250406, 0.057116
2.703100, 10.401790, -0.071121
2.703100, 2.889727, -0.025833
2.703100, 2.729261, 0.007506
2.703100, 5.093344, 0.124212
2.703100, 4.719881, -0.118385
2.703100, 2.719728, -0.006217
2.703100, 2.916501, 0.028547
2.703100, 10.912591, 0.055956
2.703100, 3.188321, -0.052409
2.703100, 2.702571, 0.002236
2.703100, 3.821540, 0.090592
2.703100, 6.983783, -0.126116
2.703100, 2.779037, -0.013538
2.703100, 2.825781, 0.018903
2.703100, 8.637919, 0.106927
2.703100, 3.484549, -0.072811
2.703100, 2.702979, 0.000159
2.703100, 3.529566, 0.075491
2.703100, 8.359848, -0.111087
2.703100, 2.817505, -0.017958
2.703100, 2.788498, 0.014630
2.703100, 7.331938, 0.123265
2.703100, 3.733342, -0.086424
2.703100, 2.702366, -0.001652
2.703100, 3.265634, 0.058234
2.703100, 10.275081, -0.074395
2.703100, 2.884009, -0.025242
2.703100, 2.731790, 0.007837
2.703100, 5.191586, 0.125338
2.703100, 4.640220, -0.116786
2.703100, 2.717728, -0.005933
2.703100, 2.923886, 0.029280
2.703100, 11.029784, 0.051853
2.703100, 3.173460, -0.051246
2.703100, 2.702621, 0.002350
2.703100, 3.838998, 0.091379
2.703100, 6.920489, -0.126555
2.703100, 2.777318, -0.013342
2.703100, 2.826879, 0.019032
2.703100, 8.674671, 0.106351
2.703100, 3.478832, -0.072464
2.703100, 2.702873, 0.000187
2.703100, 3.531792, 0.075622
2.703100, 8.346576, -0.111276
2.703100, 2.817096, -0.017916
2.703100, 2.788398, 0.014623
2.703100, 7.328909, 0.123293
2.703100, 3.734052, -0.086459
2.703100, 2.702304, -0.001664
2.703100, 3.262957, 0.058039
2.703100, 10.297297, -0.073832
2.703100, 2.884984, -0.025344
2.703100, 2.731154, 0.007757
2.703100, 5.167432, 0.125075
2.703100, 4.659216, -0.117180
2.703100, 2.718187, -0.006003
2.703100, 2.921557, 0.029051
2.703100, 10.993998, 0.053139
2.703100, 3.178040, -0.051606
2.703100, 2.702530, 0.002306
2.703100, 3.831034, 0.091022
2.703100, 6.949123, -0.126360
2.703100, 2.778074, -0.013433
2.703100, 2.825776, 0.018910
2.703100, 8.638884, 0.106912
2.703100, 3.484386, -0.072803
2.703100, 2.702781, 0.000137
2.703100, 3.523208, 0.075120
2.703100, 8.397802, -0.110540
2.703100, 2.818581, -0.018090
2.703100, 2.786173, 0.014370
2.703100, 7.248068, 0.124018
2.703100, 3.753457, -0.087404
2.703100, 2.702257, -0.001804
2.703100, 3.242896, 0.056561
2.703100, 10.464257, -0.069447
2.703100, 2.892636, -0.026135
2.703100, 2.727581, 0.007293
2.703100, 5.029333, 0.123393
2.703100, 4.775385, -0.119420
2.703100, 2.721093, -0.006417
2.703100, 2.910651, 0.027964
2.703100, 10.812832, 0.059226
2.703100, 3.200685, -0.053367
2.703100, 2.702350, 0.002120
2.703100, 3.801005, 0.089651
2.703100, 7.060449, -0.125552
2.703100, 2.781068, -0.013782
2.703100, 2.822810, 0.018575
2.703100, 8.540701, 0.108422
2.703100, 3.499897, -0.073738
2.703100, 2.702724, 0.000021
2.703100, 3.505807, 0.074091
2.703100, 8.503946, -0.108976
2.703100, 2.821712, -0.018450
2.703100, 2.782300, 0.013925
2.703100, 7.105933, 0.125199
2.703100, 3.789138, -0.089099
2.703100, 2.702306, -0.002044
2.703100, 3.210497, 0.054120
2.703100, 10.732668, -0.061728
2.703100, 2.906211, -0.027518
2.703100, 2.722482, 0.006610
2.703100, 4.830231, 0.120382
2.703100, 4.969363, -0.122562
2.703100, 2.726038, -0.007089
2.703100, 2.896373, 0.026518
2.703100, 10.541670, 0.067313
2.703100, 3.233593, -0.055867
2.703100, 2.702257, 0.001871
2.703100, 3.763207, 0.087872
2.703100, 7.208406, -0.124359
2.703100, 2.785088, -0.014246
2.703100, 2.819412, 0.018186
2.703100, 8.426162, 0.110127
2.703100, 3.518509, -0.074844
2.703100, 2.702757, -0.000107
2.703100, 3.488290, 0.073040
2.703100, 8.613934, -0.107300
2.703100, 2.825017, -0.018825
2.703100, 2.778788, 0.013517
2.703100, 6.975767, 0.126174
2.703100, 3.823716, -0.090691
2.703100, 2.702476, -0.002262
2.703100, 3.183244, 0.052014
2.703100, 10.952953, -0.054577
2.703100, 2.918965, -0.028794
2.703100, 2.718814, 0.006094
2.703100, 4.684501, 0.117692
2.703100, 5.136000, -0.124720
2.703100, 2.730339, -0.007652
2.703100, 2.886608, 0.025513
2.703100, 10.333683, 0.072900
2.703100, 3.258580, -0.057719
2.703100, 2.702286, 0.001694
2.703100, 3.738005, 0.086653
2.703100, 7.312231, -0.123446
2.703100, 2.787937, -0.014571
2.703100, 2.817352, 0.017946
2.703100, 8.355507, 0.111149
2.703100, 3.530286, -0.075534
2.703100, 2.702843, -0.000180
2.703100, 3.479357, 0.072497
2.703100, 8.671262, -0.106405
2.703100, 2.826770, -0.019020
2.703100, 2.777292, 0.013340
2.703100, 6.919713, 0.126561
2.703100, 3.839214, -0.091389
2.703100, 2.702609, -0.002353
2.703100, 3.172860, 0.051198
2.703100, 11.034439, -0.051683
2.703100, 2.924192, -0.029311
2.703100, 2.717622, 0.005918
2.703100, 4.636107, 0.116699
2.703100, 5.196877, -0.125394
2.703100, 2.731923, -0.007855
2.703100, 2.883633, 0.025203
2.703100, 10.266569, 0.074610
2.703100, 3.266658, -0.058309
2.703100, 2.702348, 0.001642
2.703100, 3.731643, 0.086340
2.703100, 7.339141, -0.123199
2.703100, 2.788690, -0.014654
2.703100, 2.817182, 0.017922
2.703100, 8.349054, 0.111241
2.703100, 3.531380, -0.075597
2.703100, 2.702945, -0.000176
2.703100, 3.481608, 0.072633
2.703100, 8.656791, -0.106632
2.703100, 2.826348, -0.018969
2.703100, 2.778246, 0.013447
2.703100, 6.954603, 0.126322
2.703100, 3.829530, -0.090954
2.703100, 2.702598, -0.002288
2.703100, 3.181645, 0.051888
2.703100, 10.965646, -0.054137
2.703100, 2.919767, -0.028872
2.703100, 2.718826, 0.006089
2.703100, 4.683990, 0.117681
2.703100, 5.136632, -0.124727
2.703100, 2.730376, -0.007652
2.703100, 2.887195, 0.025571
2.703100, 10.346424, 0.072570
2.703100, 3.257055, -0.057606
2.703100, 2.702406, 0.001719
2.703100, 3.743627, 0.086926
2.703100, 7.288747, -0.123658
2.703100, 2.787327, -0.014493
2.703100, 2.818848, 0.018109
2.703100, 8.405120, 0.110433
2.703100, 3.522011, -0.075048
2.703100, 2.703056, -0.000097
2.703100, 3.494574, 0.073416
2.703100, 8.574247, -0.107911
2.703100, 2.823874, -0.018683
2.703100, 2.781541, 0.013826
2.703100, 7.076040, 0.125432
2.703100, 3.796926, -0.089460
2.703100, 2.702501, -0.002075
2.703100, 3.209350, 0.054031
2.703100, 10.742156, -0.061437
2.703100, 2.906743, -0.027568
2.703100, 2.722726, 0.006634
2.703100, 4.838334, 0.120518
2.703100, 4.960773, -0.122437
2.703100, 2.725854, -0.007056
2.703100, 2.898029, 0.026684
2.703100, 10.574756, 0.066380
2.703100, 3.229621, -0.055567
2.703100, 2.702458, 0.001923
2.703100, 3.774131, 0.088391
2.703100, 7.164777, -0.124724
2.703100, 2.783954, -0.014103
2.703100, 2.821934, 0.018461
2.703100, 8.509144, 0.108897
2.703100, 3.504993, -0.074040
2.703100, 2.703096, 0.000028
2.703100, 3.512906, 0.074510
2.703100, 8.460425, -0.109623
2.703100, 2.820488, -0.018295
2.703100, 2.785626, 0.014296
2.703100, 7.226195, 0.124207
2.703100, 3.758830, -0.087661
2.703100, 2.702435, -0.001820
2.703100, 3.243468, 0.056602
2.703100, 10.459576, -0.069574
2.703100, 2.892431, -0.026111
2.703100, 2.728106, 0.007355
2.703100, 5.048493, 0.123645
2.703100, 4.758460, -0.119111
2.703100, 2.720701, -0.006354
2.703100, 2.913157, 0.028213
2.703100, 10.856199, 0.057827
2.703100, 3.195341, -0.052954
2.703100, 2.702545, 0.002182
2.703100, 3.813212, 0.090211
2.703100, 7.014597, -0.125894
2.703100, 2.779873, -0.013634
2.703100, 2.825159, 0.018831
2.703100, 8.617155, 0.107250
2.703100, 3.487801, -0.073008
2.703100, 2.703009, 0.000139
2.703100, 3.527280, 0.075357
2.703100, 8.373490, -0.110891
2.703100, 2.817910, -0.018003
2.703100, 2.788181, 0.014593
2.703100, 7.320206, 0.123373
2.703100, 3.736119, -0.086560
2.703100, 2.702382, -0.001669
2.703100, 3.263468, 0.058076
2.703100, 10.293081, -0.073939
2.703100, 2.884805, -0.025324
2.703100, 2.731444, 0.007792
2.703100, 5.178138, 0.125193
2.703100, 4.650753, -0.117005
2.703100, 2.717993, -0.005970
2.703100, 2.922904, 0.029183
2.703100, 11.014777, 0.052396
2.703100, 3.175388, -0.051397
2.703100, 2.702621, 0.002336
2.703100, 3.836926, 0.091286
2.703100, 6.927913, -0.126505
2.703100, 2.777521, -0.013365
2.703100, 2.826808, 0.019023
2.703100, 8.672196, 0.106390
2.703100, 3.479216, -0.072488
2.703100, 2.702899, 0.000187
2.703100, 3.532269, 0.075649
2.703100, 8.343759, -0.111317
2.703100, 2.817019, -0.017906
2.703100, 2.788632, 0.014649
2.703100, 7.337295, 0.123216
2.703100, 3.732075, -0.086362
2.703100, 2.702321, -0.001649
2.703100, 3.265376, 0.058215
2.703100, 10.277202, -0.074342
2.703100, 2.884098, -0.025252
2.703100, 2.731625, 0.007817
2.703100, 5.185524, 0.125273
2.703100, 4.644952, -0.116885
2.703100, 2.717836, -0.005951
2.703100, 2.923105, 0.029204
2.703100, 11.017918, 0.052283
2.703100, 3.174983, -0.051366
2.703100, 2.702567, 0.002332
2.703100, 3.835562, 0.091226
2.703100, 6.932795, -0.126472
2.703100, 2.777638, -0.013382
2.703100, 2.826276, 0.018966
2.703100, 8.655230, 0.106657
2.703100, 3.481841, -0.072648
2.703100, 2.702803, 0.000158
2.703100, 3.526494, 0.075313
2.703100, 8.378101, -0.110825
2.703100, 2.818006, -0.018023
2.703100, 2.786959, 0.014460
2.703100, 7.276732, 0.123765
2.703100, 3.746505, -0.087067
2.703100, 2.702265, -0.001755
2.703100, 3.249772, 0.057071
2.703100, 10.406995, -0.070983
2.703100, 2.889952, -0.025859
2.703100, 2.728764, 0.007448
2.703100, 5.075159, 0.123986
2.703100, 4.735340, -0.118680
2.703100, 2.720085, -0.006276
2.703100, 2.914148, 0.028314
2.703100, 10.873346, 0.057265
2.703100, 3.193206, -0.052790
2.703100, 2.702396, 0.002180
2.703100, 3.810458, 0.090086
2.703100, 7.024827, -0.125819
2.703100, 2.780107, -0.013671
2.703100, 2.823708, 0.018677
2.703100, 8.570629, 0.107967
2.703100, 3.495127, -0.073452
2.703100, 2.702732, 0.000055
2.703100, 3.510835, 0.074390
2.703100, 8.472962, -0.109438
2.703100, 2.820792, -0.018344
2.703100, 2.783380, 0.014050
2.703100, 7.145723, 0.124880
2.703100, 3.778940, -0.088620
2.703100, 2.702278, -0.001977
2.703100, 3.219305, 0.054790
2.703100, 10.660121, -0.063908
2.703100, 2.902361, -0.027128
2.703100, 2.723792, 0.006788
2.703100, 4.881648, 0.121230
2.703100, 4.915880, -0.121766
2.703100, 2.724667, -0.006906
2.703100, 2.899943, 0.026883
2.703100, 10.613126, 0.065281
2.703100, 3.224985, -0.055220
2.703100, 2.702266, 0.001934
2.703100, 3.772572, 0.088318
2.703100, 7.170903, -0.124674
2.703100, 2.784065, -0.014128
2.703100, 2.820228, 0.018280
2.703100, 8.453876, 0.109720
2.703100, 3.513953, -0.074575
2.703100, 2.702740, -0.000077
2.703100, 3.492284, 0.073281
2.703100, 8.588574, -0.107691
2.703100, 2.824250, -0.018738
2.703100, 2.779550, 0.013606
2.703100, 7.004120, 0.125970
2.703100, 3.816020, -0.090341
2.703100, 2.702427, -0.002215
2.703100, 3.188950, 0.052459
2.703100, 10.907511, -0.056127
2.703100, 2.916183, -0.028517
2.703100, 2.719531, 0.006197
2.703100, 4.713256, 0.118257
2.703100, 5.101210, -0.124308
2.703100, 2.729438, -0.007536
2.703100, 2.888490, 0.025708
2.703100, 10.375202, 0.071821
2.703100, 3.253591, -0.057352
2.703100, 2.702272, 0.001728
2.703100, 3.742755, 0.086885
2.703100, 7.292334, -0.123626
2.703100, 2.787388, -0.014509
2.703100, 2.817708, 0.017988
2.703100, 8.367824, 0.110973
2.703100, 3.528216, -0.075413
2.703100, 2.702818, -0.000168
2.703100, 3.480619, 0.072574
2.703100, 8.663106, -0.106533
2.703100, 2.826518, -0.018993
2.703100, 2.777448, 0.013359
2.703100, 6.925648, 0.126521
2.703100, 3.837554, -0.091315
2.703100, 2.702587, -0.002344
2.703100, 3.173726, 0.051267
2.703100, 11.027705, -0.051929
2.703100, 2.923747, -0.029267
2.703100, 2.717700, 0.005931
2.703100, 4.639377, 0.116768
2.703100, 5.192667, -0.125349
2.703100, 2.731812, -0.007841
2.703100, 2.883772, 0.025218
2.703100, 10.269778, 0.074529
2.703100, 3.266271, -0.058281
2.703100, 2.702331, 0.001643
2.703100, 3.731497, 0.086333
2.703100, 7.339756, -0.123193
2.703100, 2.788703, -0.014656
2.703100, 2.817040, 0.017907
2.703100, 8.344380, 0.111308
2.703100, 3.532166, -0.075643
2.703100, 2.702916, -0.000185
2.703100, 3.479893, 0.072529
2.703100, 8.667833, -0.106458
2.703100, 2.826678, -0.019007
2.703100, 2.777747, 0.013390
2.703100, 6.936214, 0.126449
2.703100, 3.834616, -0.091183
2.703100, 2.702615, -0.002320
2.703100, 3.177375, 0.051553
2.703100, 10.999242, -0.052953
2.703100, 2.921900, -0.029084
2.703100, 2.718258, 0.006008
2.703100, 4.661325, 0.117223
2.703100, 5.164784, -0.125046
2.703100, 2.731101, -0.007747
2.703100, 2.885575, 0.025404
2.703100, 10.310378, 0.073498
2.703100, 3.261388, -0.057924
2.703100, 2.702391, 0.001686
2.703100, 3.738614, 0.086682
2.703100, 7.309711, -0.123468
2.703100, 2.787897, -0.014560
2.703100, 2.818238, 0.018040
2.703100, 8.384537, 0.110732
2.703100, 3.525435, -0.075249
2.703100, 2.703028, -0.000124
2.703100, 3.490257, 0.073156
2.703100, 8.601545, -0.107491
2.703100, 2.824691, -0.018777
2.703100, 2.780487, 0.013705
2.703100, 7.037232, 0.125726
2.703100, 3.807163, -0.089934
2.703100, 2.702527, -0.002142
2.703100, 3.200496, 0.053352
2.703100, 10.814437, -0.059174
2.703100, 2.910757, -0.027972
2.703100, 2.721433, 0.006456
2.703100, 4.787400, 0.119636
2.703100, 5.015935, -0.123212
2.703100, 2.727269, -0.007244
2.703100, 2.894457, 0.026319
2.703100, 10.501943, 0.068417
2.703100, 3.238379, -0.056223
2.703100, 2.702443, 0.001858
2.703100, 3.764452, 0.087930
2.703100, 7.203454, -0.124401
2.703100, 2.785007, -0.014225
2.703100, 2.821038, 0.018358
2.703100, 8.478965, 0.109348
2.703100, 3.509882, -0.074331
2.703100, 2.703100, -0.000006
2.703100, 3.508135, 0.074227
2.703100, 8.489722, -0.109188
2.703100, 2.821357, -0.018395
2.703100, 2.784637, 0.014182
2.703100, 7.189891, 0.124515
2.703100, 3.767829, -0.088091
2.703100, 2.702448, -0.001881
2.703100, 3.235320, 0.055995
2.703100, 10.527396, -0.067712
2.703100, 2.895692, -0.026445
2.703100, 2.726771, 0.007178
2.703100, 4.996532, 0.122946
2.703100, 4.805037, -0.119947
2.703100, 2.721880, -0.006517
2.703100, 2.909338, 0.027829
2.703100, 10.789228, 0.059973
2.703100, 3.203593, -0.053590
2.703100, 2.702517, 0.002119
2.703100, 3.803561, 0.089768
2.703100, 7.050818, -0.125624
2.703100, 2.780856, -0.013747
2.703100, 2.824407, 0.018745
2.703100, 8.592061, 0.107637
2.703100, 3.491753, -0.073247
2.703100, 2.703038, 0.000115
2.703100, 3.524272, 0.075181
2.703100, 8.391518, -0.110631
2.703100, 2.818445, -0.018063
2.703100, 2.787709, 0.014538
2.703100, 7.302777, 0.123531
2.703100, 3.740267, -0.086762
2.703100, 2.702397, -0.001696
2.703100, 3.259975, 0.057820
2.703100, 10.322129, -0.073197
2.703100, 2.886101, -0.025458
2.703100, 2.730865, 0.007716
2.703100, 5.155631, 0.124944
2.703100, 4.668637, -0.117372
2.703100, 2.718441, -0.006035
2.703100, 2.921207, 0.029015
2.703100, 10.988419, 0.053337
2.703100, 3.178754, -0.051662
2.703100, 2.702610, 0.002310
2.703100, 3.832983, 0.091109
2.703100, 6.942104, -0.126408
2.703100, 2.777907, -0.013409
2.703100, 2.826577, 0.018995
2.703100, 8.664426, 0.106512
2.703100, 3.480422, -0.072561
2.703100, 2.702926, 0.000182
2.703100, 3.531968, 0.075632
2.703100, 8.345559, -0.111291
2.703100, 2.817077, -0.017911
2.703100, 2.788715, 0.014657
2.703100, 7.340144, 0.123190
2.703100, 3.731406, -0.086329
2.703100, 2.702337, -0.001642
2.703100, 3.266549, 0.058301
2.703100, 10.267473, -0.074587
2.703100, 2.883672, -0.025207
2.703100, 2.731877, 0.007849
2.703100, 5.195139, 0.125376
2.703100, 4.637456, -0.116728
2.703100, 2.717654, -0.005923
2.703100, 2.923984, 0.029290
2.703100, 11.031304, 0.051798
2.703100, 3.173263, -0.051230
2.703100, 2.702596, 0.002348
2.703100, 3.838353, 0.091351
2.703100, 6.922788, -0.126540
2.703100, 2.777373, -0.013350
2.703100, 2.826626, 0.019005
2.703100, 8.666618, 0.106478
2.703100, 3.480075, -0.072541
2.703100, 2.702827, 0.000173
2.703100, 3.529047, 0.075462
2.703100, 8.362870, -0.111044
2.703100, 2.817564, -0.017971
2.703100, 2.787603, 0.014533
2.703100, 7.300125, 0.123556
2.703100, 3.740890, -0.086794
2.703100, 2.702277, -0.001715
2.703100, 3.255525, 0.057494
2.703100, 10.359103, -0.072241
2.703100, 2.887757, -0.025632
2.703100, 2.729784, 0.007581
2.703100, 5.114588, 0.124469
2.703100, 4.702101, -0.118040
2.703100, 2.719253, -0.006157
2.703100, 2.917244, 0.028623
2.703100, 10.925003, 0.055536
2.703100, 3.186760, -0.052289
2.703100, 2.702445, 0.002233
2.703100, 3.818939, 0.090474
2.703100, 6.993325, -0.126048
2.703100, 2.779259, -0.013572
2.703100, 2.824538, 0.018771
2.703100, 8.598113, 0.107545
2.703100, 3.490779, -0.073190
2.703100, 2.702746, 0.000088
2.703100, 3.515645, 0.074675
2.703100, 8.443559, -0.109872
2.703100, 2.819924, -0.018245
2.703100, 2.784442, 0.014172
2.703100, 7.184731, 0.124559
2.703100, 3.769102, -0.088153
2.703100, 2.702262, -0.001911
2.703100, 3.228138, 0.055457
2.703100, 10.586978, -0.066032
2.703100, 2.898623, -0.026748
2.703100, 2.725163, 0.006973
2.703100, 4.935248, 0.122060
2.703100, 4.862744, -0.120924
2.703100, 2.723309, -0.006723
2.703100, 2.903744, 0.027268
2.703100, 10.686513, 0.063124
2.703100, 3.216107, -0.054548
2.703100, 2.702287, 0.002001
2.703100, 3.782596, 0.088792
2.703100, 7.131383, -0.124996
2.703100, 2.782990, -0.014005
2.703100, 2.821120, 0.018382
2.703100, 8.484009, 0.109274
2.703100, 3.509037, -0.074284
2.703100, 2.702728, -0.000043
2.703100, 3.496805, 0.073553
2.703100, 8.560070, -0.108128
2.703100, 2.823391, -0.018641
2.703100, 2.780442, 0.013710
2.703100, 7.037244, 0.125727
2.703100, 3.807146, -0.089934
2.703100, 2.702379, -0.002159
2.703100, 3.195791, 0.052990
2.703100, 10.852493, -0.057948
2.703100, 2.912928, -0.028192
2.703100, 2.720428, 0.006324
2.703100, 4.749007, 0.118936
2.703100, 5.059319, -0.123785
2.703100, 2.728355, -0.007395
2.703100, 2.890864, 0.025953
2.703100, 10.426601, 0.070461
2.703100, 3.247418, -0.056896
2.703100, 2.702261, 0.001771
2.703100, 3.748859, 0.087181
2.703100, 7.266990, -0.123851
2.703100, 2.786692, -0.014429
2.703100, 2.818199, 0.018045
2.703100, 8.384698, 0.110730
2.703100, 3.525392, -0.075248
2.703100, 2.702795, -0.000151
2.703100, 3.482671, 0.072699
2.703100, 8.649894, -0.106740
2.703100, 2.826112, -0.018948
2.703100, 2.777776, 0.013398
2.703100, 6.937969, 0.126437
2.703100, 3.834124, -0.091161
2.703100, 2.702555, -0.002324
2.703100, 3.175933, 0.051441
2.703100, 11.010498, -0.052550
2.703100, 2.922621, -0.029156
2.703100, 2.717943, 0.005967
2.703100, 4.649315, 0.116975
2.703100, 5.179962, -0.125213
2.703100, 2.731480, -0.007799
2.703100, 2.884364, 0.025280
2.703100, 10.283262, 0.074188
2.703100, 3.264646, -0.058162
2.703100, 2.702315, 0.001653
2.703100, 3.732638, 0.086389
2.703100, 7.334904, -0.123238
2.703100, 2.788565, -0.014641
2.703100, 2.817032, 0.017907
2.703100, 8.344250, 0.111310
2.703100, 3.532186, -0.075645
2.703100, 2.702889, -0.000188
2.703100, 3.478985, 0.072474
2.703100, 8.673685, -0.106366
2.703100, 2.826852, -0.019028
2.703100, 2.777427, 0.013354
2.703100, 6.924479, 0.126528
2.703100, 3.837883, -0.091329
2.703100, 2.702622, -0.002342
2.703100, 3.174533, 0.051330
2.703100, 11.021440, -0.052156
2.703100, 2.923339, -0.029226
2.703100, 2.717878, 0.005954
2.703100, 4.646152, 0.116910
2.703100, 5.183994, -0.125256
2.703100, 2.731595, -0.007811
2.703100, 2.884464, 0.025289
2.703100, 10.285372, 0.074135
2.703100, 3.264396, -0.058144
2.703100, 2.702376, 0.001662
2.703100, 3.734967, 0.086503
2.703100, 7.325068, -0.123328
2.703100, 2.788313, -0.014609
2.703100, 2.817750, 0.017985
2.703100, 8.368076, 0.110969
2.703100, 3.528186, -0.075410
2.703100, 2.702998, -0.000147
2.703100, 3.486547, 0.072932
2.703100, 8.625149, -0.107126
2.703100, 2.825398, -0.018859
2.703100, 2.779554, 0.013598
2.703100, 7.002845, 0.125979
2.703100, 3.816375, -0.090356
2.703100, 2.702554, -0.002202
2.703100, 3.192665, 0.052746
2.703100, 10.877765, -0.057118
2.703100, 2.914422, -0.028339
2.703100, 2.720326, 0.006301
2.703100, 4.743644, 0.118836
2.703100, 5.065518, -0.123864
2.703100, 2.728544, -0.007412
2.703100, 2.891394, 0.026004
2.703100, 10.437572, 0.070167
2.703100, 3.246110, -0.056798
2.703100, 2.702430, 0.001801
2.703100, 3.755904, 0.087520
2.703100, 7.238116, -0.124104
2.703100, 2.785950, -0.014334
2.703100, 2.820191, 0.018261
2.703100, 8.450417, 0.109771
2.703100, 3.514543, -0.074607
2.703100, 2.703092, -0.000040
2.703100, 3.503225, 0.073935
2.703100, 8.520113, -0.108732
2.703100, 2.822261, -0.018498
2.703100, 2.783559, 0.014058
2.703100, 7.150274, 0.124843
2.703100, 3.777801, -0.088564
2.703100, 2.702464, -0.001948
2.703100, 3.226315, 0.055319
2.703100, 10.602181, -0.065596
2.703100, 2.899407, -0.026824
2.703100, 2.725329, 0.006986
2.703100, 4.940283, 0.122135
2.703100, 4.857892, -0.120844
2.703100, 2.723224, -0.006702
2.703100, 2.905267, 0.027419
2.703100, 10.714824, 0.062271
2.703100, 3.212678, -0.054285
2.703100, 2.702492, 0.002050
2.703100, 3.793127, 0.089283
2.703100, 7.090608, -0.125319
2.703100, 2.781937, -0.013871
2.703100, 2.823563, 0.018648
2.703100, 8.563838, 0.108070
2.703100, 3.496228, -0.073516
2.703100, 2.703064, 0.000086
2.703100, 3.520647, 0.074967
2.703100, 8.413355, -0.110314
2.703100, 2.819092, -0.018137
2.703100, 2.787089, 0.014466
2.703100, 7.279966, 0.123736
2.703100, 3.745738, -0.087029
2.703100, 2.702411, -0.001733
2.703100, 3.255197, 0.057469
2.703100, 10.361894, -0.072168
2.703100, 2.887897, -0.025644
2.703100, 2.730064, 0.007611
2.703100, 5.124522, 0.124586
2.703100, 4.693903, -0.117878
2.703100, 2.719075, -0.006125
2.703100, 2.918850, 0.028781
2.703100, 10.950952, 0.054646
2.703100, 3.183502, -0.052033
2.703100, 2.702591, 0.002273
2.703100, 3.827305, 0.090853
2.703100, 6.962691, -0.126266
2.703100, 2.778466, -0.013473
2.703100, 2.826194, 0.018951
2.703100, 8.651670, 0.106712
2.703100, 3.482405, -0.072681
2.703100, 2.702955, 0.000171
2.703100, 3.530924, 0.075571
2.703100, 8.351761, -0.111202
2.703100, 2.817264, -0.017931
2.703100, 2.788652, 0.014649
2.703100, 7.337669, 0.123213
2.703100, 3.731990, -0.086357
2.703100, 2.702353, -0.001644
2.703100, 3.266512, 0.058298
2.703100, 10.267782, -0.074579
2.703100, 2.883687, -0.025208
2.703100, 2.731913, 0.007853
2.703100, 5.196419, 0.125389
2.703100, 4.636463, -0.116707
2.703100, 2.717633, -0.005919
2.703100, 2.924192, 0.029311
2.703100, 11.034439, 0.051683
2.703100, 3.172860, -0.051198
2.703100, 2.702614, 0.002353
2.703100, 3.839393, 0.091397
2.703100, 6.919073, -0.126565
2.703100, 2.777276, -0.013338
2.703100, 2.826825, 0.019026
2.703100, 8.673002, 0.106377
2.703100, 3.479088, -0.072480
2.703100, 2.702852, 0.000183
2.703100, 3.530851, 0.075567
2.703100, 8.352153, -0.111197
2.703100, 2.817255, -0.017935
2.703100, 2.788098, 0.014589
2.703100, 7.318086, 0.123392
2.703100, 3.736615, -0.086585
2.703100, 2.702291, -0.001683
2.703100, 3.260087, 0.057829
2.703100, 10.321154, -0.073222
2.703100, 2.886046, -0.025455
2.703100, 2.730616, 0.007688
2.703100, 5.146702, 0.124843
2.703100, 4.675819, -0.117517
2.703100, 2.718598, -0.006063
2.703100, 2.919838, 0.028880
2.703100, 10.966912, 0.054093
2.703100, 3.181480, -0.051876
2.703100, 2.702493, 0.002277
2.703100, 3.826159, 0.090802
2.703100, 6.966837, -0.126237
2.703100, 2.778548, -0.013489
2.703100, 2.825267, 0.018853
2.703100, 8.622148, 0.107173
2.703100, 3.487002, -0.072962
2.703100, 2.702764, 0.000117
2.703100, 3.520028, 0.074933
2.703100, 8.416970, -0.110262
2.703100, 2.819142, -0.018155
2.703100, 2.785435, 0.014286
2.703100, 7.221104, 0.124251
2.703100, 3.760069, -0.087722
2.703100, 2.702256, -0.001849
2.703100, 3.236548, 0.056088
2.703100, 10.517093, -0.067998
2.703100, 2.895172, -0.026396
2.703100, 2.726521, 0.007154
2.703100, 4.988168, 0.122829
2.703100, 4.812724, -0.120081
2.703100, 2.722038, -0.006548
2.703100, 2.907588, 0.027656
2.703100, 10.757933, 0.060951
2.703100, 3.207414, -0.053884
2.703100, 2.702318, 0.002068
2.703100, 3.792805, 0.089270
2.703100, 7.091784, -0.125310
2.703100, 2.781916, -0.013881
2.703100, 2.822048, 0.018488
2.703100, 8.515219, 0.108807
2.703100, 3.503988, -0.073983
2.703100, 2.702723, -0.000008
2.703100, 3.501680, 0.073845
2.703100, 8.529572, -0.108590
2.703100, 2.822477, -0.018537
2.703100, 2.781436, 0.013825
2.703100, 7.074023, 0.125448
2.703100, 3.797439, -0.089485
2.703100, 2.702335, -0.002098
2.703100, 3.203583, 0.053590
2.703100, 10.789233, -0.059973
2.703100, 2.909322, -0.027831
2.703100, 2.721496, 0.006473
2.703100, 4.791318, 0.119706
2.703100, 5.011588, -0.123154
2.703100, 2.727124, -0.007233
2.703100, 2.893714, 0.026246
2.703100, 10.486872, 0.068831
2.703100, 3.240180, -0.056359
2.703100, 2.702256, 0.001823
2.703100, 3.756264, 0.087539
2.703100, 7.236583, -0.124118
2.703100, 2.785859, -0.014334
2.703100, 2.818818, 0.018117
2.703100, 8.405904, 0.110423
2.703100, 3.521862, -0.075041
2.703100, 2.702773, -0.000128
2.703100, 3.485478, 0.072869
2.703100, 8.631884, -0.107021
2.703100, 2.825563, -0.018886
2.703100, 2.778270, 0.013456
2.703100, 6.956442, 0.126309
2.703100, 3.829015, -0.090931
2.703100, 2.702514, -0.002294
2.703100, 3.179450, 0.051717
2.703100, 10.982914, -0.053531
2.703100, 2.920849, -0.028981
2.703100, 2.718354, 0.006027
2.703100, 4.665967, 0.117318
2.703100, 5.158961, -0.124981
2.703100, 2.730935, -0.007729
2.703100, 2.885414, 0.025389
2.703100, 10.306971, 0.073586
2.703100, 3.261793, -0.057954
2.703100, 2.702298, 0.001672
2.703100, 3.735075, 0.086509
2.703100, 7.324586, -0.123333
2.703100, 2.788278, -0.014609
2.703100, 2.817156, 0.017923
2.703100, 8.348672, 0.111247
2.703100, 3.531438, -0.075601
2.703100, 2.702863, -0.000186
2.703100, 3.478883, 0.072468
2.703100, 8.674333, -0.106356
2.703100, 2.826867, -0.019031
2.703100, 2.777286, 0.013339
2.703100, 6.919372, 0.126563
2.703100, 3.839310, -0.091393
2.703100, 2.702619, -0.002352
2.703100, 3.173093, 0.051217
2.703100, 11.032632, -0.051749
2.703100, 2.924073, -0.029299
2.703100, 2.717674, 0.005925
2.703100, 4.638060, 0.116740
2.703100, 5.194362, -0.125367
2.703100, 2.731861, -0.007846
2.703100, 2.883833, 0.025223
2.703100, 10.271092, 0.074496
2.703100, 3.266114, -0.058269
2.703100, 2.702361, 0.001648
2.703100, 3.732652, 0.086390
2.703100, 7.334864, -0.123238
2.703100, 2.788577, -0.014640
2.703100, 2.817389, 0.017945
2.703100, 8.355968, 0.111142
2.703100, 3.530217, -0.075529
2.703100, 2.702969, -0.000165
2.703100, 3.483552, 0.072751
2.703100, 8.644311, -0.106827
2.703100, 2.825973, -0.018925
2.703100, 2.778774, 0.013508
2.703100, 6.974068, 0.126185
2.703100, 3.824189, -0.090712
2.703100, 2.702580, -0.002253
2.703100, 3.186104, 0.052236
2.703100, 10.930275, -0.055356
2.703100, 2.917576, -0.028654
2.703100, 2.719426, 0.006175
2.703100, 4.707883, 0.118153
2.703100, 5.107643, -0.124385
2.703100, 2.729629, -0.007555
2.703100, 2.888883, 0.025746
2.703100, 10.383473, 0.071604
2.703100, 3.252605, -0.057278
2.703100, 2.702417, 0.001752
2.703100, 3.748660, 0.087170
2.703100, 7.267868, -0.123843
2.703100, 2.786760, -0.014427
2.703100, 2.819420, 0.018174
2.703100, 8.424414, 0.110152
2.703100, 3.518819, -0.074860
2.703100, 2.703075, -0.000072
2.703100, 3.498391, 0.073645
2.703100, 8.550268, -0.108276
2.703100, 2.823159, -0.018601
2.703100, 2.782448, 0.013930
2.703100, 7.109404, 0.125171
2.703100, 3.788258, -0.089056
2.703100, 2.702482, -0.002017
2.703100, 3.216976, 0.054612
2.703100, 10.679432, -0.063335
2.703100, 2.903389, -0.027229
2.703100, 2.723876, 0.006790
2.703100, 4.883469, 0.121258
2.703100, 4.914041, -0.121738
2.703100, 2.724657, -0.006896
2.703100, 2.901215, 0.027008
2.703100, 10.637636, 0.064568
2.703100, 3.222035, -0.054996
2.703100, 2.702471, 0.001980
2.703100, 3.782574, 0.088789
2.703100, 7.131531, -0.124995
2.703100, 2.783049, -0.013999
2.703100, 2.822676, 0.018546
2.703100, 8.534066, 0.108522
2.703100, 3.500984, -0.073801
2.703100, 2.703085, 0.000055
2.703100, 3.516561, 0.074726
2.703100, 8.438125, -0.109951
2.703100, 2.819826, -0.018220
2.703100, 2.786339, 0.014379
2.703100, 7.252403, 0.123979
2.703100, 3.752415, -0.087352
2.703100, 2.702424, -0.001777
2.703100, 3.249248, 0.057031
2.703100, 10.411430, -0.070865
2.703100, 2.890174, -0.025879
2.703100, 2.729067, 0.007481
2.703100, 5.085832, 0.124119
2.703100, 4.726242, -0.118507
2.703100, 2.719888, -0.006240
2.703100, 2.915938, 0.028491
2.703100, 10.903242, 0.056270
2.703100, 3.189490, -0.052500
2.703100, 2.702567, 0.002227
2.703100, 3.820147, 0.090528
2.703100, 6.988910, -0.126080
2.703100, 2.779177, -0.013554
2.703100, 2.825679, 0.018891
2.703100, 8.634511, 0.106980
2.703100, 3.485082, -0.072844
2.703100, 2.702985, 0.000156
2.703100, 3.529207, 0.075470
2.703100, 8.361987, -0.111056
2.703100, 2.817569, -0.017965
2.703100, 2.788452, 0.014625
2.703100, 7.330227, 0.123281
2.703100, 3.733747, -0.086443
2.703100, 2.702369, -0.001655
2.703100, 3.265337, 0.058212
2.703100, 10.277551, -0.074333
2.703100, 2.884118, -0.025253
2.703100, 2.731744, 0.007831
2.703100, 5.189803, 0.125319
2.703100, 4.641610, -0.116815
2.703100, 2.717763, -0.005938
2.703100, 2.923760, 0.029268
2.703100, 11.027873, 0.051923
2.703100, 3.173706, -0.051265
2.703100, 2.702622, 0.002348
2.703100, 3.838758, 0.091369
2.703100, 6.921347, -0.126549
2.703100, 2.777341, -0.013345
2.703100, 2.826878, 0.019031
2.703100, 8.674602, 0.106352
2.703100, 3.478843, -0.072465
2.703100, 2.702877, 0.000187
2.703100, 3.531934, 0.075630
2.703100, 8.345738, -0.111288
2.703100, 2.817073, -0.017913
2.703100, 2.788451, 0.014629
2.703100, 7.330817, 0.123276
2.703100, 3.733602, -0.086437
2.703100, 2.702307, -0.001661
2.703100, 3.263482, 0.058077
2.703100, 10.292936, -0.073943
2.703100, 2.884791, -0.025324
2.703100, 2.731255, 0.007770
2.703100, 5.171289, 0.125118
2.703100, 4.656157, -0.117117
2.703100, 2.718112, -0.005992
2.703100, 2.921882, 0.029083
2.703100, 10.999058, 0.052959
2.703100, 3.177395, -0.051556
2.703100, 2.702537, 0.002311
2.703100, 3.831970, 0.091064
2.703100, 6.945740, -0.126383
2.703100, 2.777984, -0.013422
2.703100, 2.825876, 0.018921
2.703100, 8.642171, 0.106861
2.703100, 3.483873, -0.072772
2.703100, 2.702785, 0.000141
2.703100, 3.523850, 0.075158
2.703100, 8.393944, -0.110596
2.703100, 2.818468, -0.018076
2.703100, 2.786325, 0.014387
2.703100, 7.253589, 0.123969
2.703100, 3.752111, -0.087339
2.703100, 2.702258, -0.001794
2.703100, 3.244210, 0.056659
2.703100, 10.453322, -0.069743
2.703100, 2.892119, -0.026082
2.703100, 2.727805, 0.007323
2.703100, 5.037983, 0.123508
2.703100, 4.767706, -0.119281
2.703100, 2.720899, -0.006390
2.703100, 2.911304, 0.028030
2.703100, 10.824299, 0.058859
2.703100, 3.199273, -0.053259
2.703100, 2.702358, 0.002132
2.703100, 3.802760, 0.089732
2.703100, 7.053792, -0.125602
2.703100, 2.780889, -0.013762
2.703100, 2.822975, 0.018594
2.703100, 8.546212, 0.108338
2.703100, 3.499016, -0.073686
2.703100, 2.702725, 0.000027
2.703100, 3.506718, 0.074146
2.703100, 8.498315, -0.109060
2.703100, 2.821545, -0.018431
2.703100, 2.782493, 0.013947
2.703100, 7.113066, 0.125143
2.703100, 3.787298, -0.089012
2.703100, 2.702300, -0.002032
2.703100, 3.212060, 0.054239
2.703100, 10.719824, -0.062120
2.703100, 2.905518, -0.027448
2.703100, 2.722710, 0.006641
2.703100, 4.839210, 0.120533
2.703100, 4.959838, -0.122424
2.703100, 2.725794, -0.007057
2.703100, 2.896991, 0.026582
2.703100, 10.554225, 0.066961
2.703100, 3.232082, -0.055754
2.703100, 2.702258, 0.001882
2.703100, 3.764826, 0.087949
2.703100, 7.201880, -0.124415
2.703100, 2.784910, -0.014225
2.703100, 2.819552, 0.018202
2.703100, 8.430924, 0.110058
2.703100, 3.517724, -0.074798
2.703100, 2.702754, -0.000102
2.703100, 3.488965, 0.073080
2.703100, 8.609638, -0.107367
2.703100, 2.824887, -0.018810
2.703100, 2.778915, 0.013532
2.703100, 6.980490, 0.126140
2.703100, 3.822427, -0.090633
2.703100, 2.702468, -0.002254
2.703100, 3.184184, 0.052087
2.703100, 10.945498, -0.054835
2.703100, 2.918503, -0.028748
2.703100, 2.718930, 0.006111
2.703100, 4.689168, 0.117785
2.703100, 5.130285, -0.124654
2.703100, 2.730191, -0.007633
2.703100, 2.886911, 0.025544
2.703100, 10.340423, 0.072726
2.703100, 3.257770, -0.057659
2.703100, 2.702283, 0.001699
2.703100, 3.738762, 0.086690
2.703100, 7.309048, -0.123475
2.703100, 2.787849, -0.014561
2.703100, 2.817406, 0.017953
2.703100, 8.357395, 0.111122
2.703100, 3.529968, -0.075516
2.703100, 2.702838, -0.000178
2.703100, 3.479528, 0.072507
2.703100, 8.670158, -0.106422
2.703100, 2.826736, -0.019017
2.703100, 2.777308, 0.013342
2.703100, 6.920324, 0.126556
2.703100, 3.839043, -0.091382
2.703100, 2.702606, -0.002352
2.703100, 3.172920, 0.051203
2.703100, 11.033968, -0.051701
2.703100, 2.924161, -0.029308
2.703100, 2.717625, 0.005919
2.703100, 4.636226, 0.116702
2.703100, 5.196723, -0.125393
2.703100, 2.731919, -0.007854
2.703100, 2.883627, 0.025202
2.703100, 10.266421, 0.074614
2.703100, 3.266676, -0.058310
2.703100, 2.702345, 0.001642
2.703100, 3.731526, 0.086335
2.703100, 7.339635, -0.123194
2.703100, 2.788703, -0.014655
2.703100, 2.817148, 0.017919
2.703100, 8.347896, 0.111258
2.703100, 3.531574, -0.075609
2.703100, 2.702939, -0.000178
2.703100, 3.481244, 0.072611
2.703100, 8.659134, -0.106595
2.703100, 2.826418, -0.018977
2.703100, 2.778144, 0.013436
2.703100, 6.950837, 0.126348
2.703100, 3.830568, -0.091000
2.703100, 2.702602, -0.002294
2.703100, 3.180778, 0.051820
2.703100, 10.972493, -0.053897
2.703100, 2.920197, -0.028915
2.703100, 2.718710, 0.006073
2.703100, 4.679375, 0.117589
2.703100, 5.142313, -0.124792
2.703100, 2.730522, -0.007671
2.703100, 2.886867, 0.025537
2.703100, 10.339166, 0.072758
2.703100, 3.257927, -0.057670
2.703100, 2.702403, 0.001712
2.703100, 3.742630, 0.086877
2.703100, 7.292903, -0.123620
2.703100, 2.787441, -0.014506
2.703100, 2.818730, 0.018096
2.703100, 8.401152, 0.110491
2.703100, 3.522670, -0.075087
2.703100, 2.703051, -0.000102
2.703100, 3.493763, 0.073368
2.703100, 8.579360, -0.107832
2.703100, 2.824027, -0.018701
2.703100, 2.781345, 0.013803
2.703100, 7.068839, 0.125487
2.703100, 3.798813, -0.089548
2.703100, 2.702505, -0.002087
2.703100, 3.207705, 0.053905
2.703100, 10.755630, -0.061022
2.703100, 2.907478, -0.027642
2.703100, 2.722482, 0.006600
2.703100, 4.828754, 0.120356
2.703100, 4.970947, -0.122584
2.703100, 2.726115, -0.007091
2.703100, 2.897356, 0.026615
2.703100, 10.561218, 0.066763
2.703100, 3.231251, -0.055690
2.703100, 2.702455, 0.001911
2.703100, 3.772326, 0.088305
2.703100, 7.171945, -0.124665
2.703100, 2.784149, -0.014126
2.703100, 2.821771, 0.018442
2.703100, 8.503660, 0.108980
2.703100, 3.505879, -0.074093
2.703100, 2.703097, 0.000022
2.703100, 3.512068, 0.074461
2.703100, 8.465550, -0.109547
2.703100, 2.820640, -0.018313
2.703100, 2.785457, 0.014277
2.703100, 7.219993, 0.124260
2.703100, 3.760358, -0.087734
2.703100, 2.702437, -0.001830
2.703100, 3.242086, 0.056499
2.703100, 10.471085, -0.069261
2.703100, 2.892978, -0.026167
2.703100, 2.727878, 0.007325
2.703100, 5.039619, 0.123529
2.703100, 4.766269, -0.119254
2.703100, 2.720898, -0.006381
2.703100, 2.912501, 0.028147
2.703100, 10.844884, 0.058195
2.703100, 3.196741, -0.053062
2.703100, 2.702540, 0.002171
2.703100, 3.811563, 0.090136
2.703100, 7.020746, -0.125849
2.703100, 2.780040, -0.013653
2.703100, 2.825032, 0.018817
2.703100, 8.612940, 0.107315
2.703100, 3.488463, -0.073048
2.703100, 2.703014, 0.000135
2.703100, 3.526791, 0.075328
2.703100, 8.376415, -0.110849
2.703100, 2.817997, -0.018013
2.703100, 2.788108, 0.014584
2.703100, 7.317494, 0.123398
2.703100, 3.736763, -0.086591
2.703100, 2.702384, -0.001674
2.703100, 3.262939, 0.058037
2.703100, 10.297477, -0.073827
2.703100, 2.885000, -0.025344
2.703100, 2.731358, 0.007780
2.703100, 5.174765, 0.125156
2.703100, 4.653413, -0.117060
2.703100, 2.718060, -0.005980
2.703100, 2.922652, 0.029158
2.703100, 11.010890, 0.052536
2.703100, 3.175886, -0.051436
2.703100, 2.702619, 0.002332
2.703100, 3.836355, 0.091261
2.703100, 6.929963, -0.126491
2.703100, 2.777577, -0.013371
2.703100, 2.826778, 0.019019
2.703100, 8.671191, 0.106406
2.703100, 3.479372, -0.072497
2.703100, 2.702903, 0.000187
2.703100, 3.532273, 0.075650
2.703100, 8.343740, -0.111317
2.703100, 2.817019, -0.017905
2.703100, 2.788658, 0.014652
2.703100, 7.338219, 0.123207
2.703100, 3.731858, -0.086351
2.703100, 2.702323, -0.001647
2.703100, 3.265680, 0.058238
2.703100, 10.274679, -0.074405
2.703100, 2.883987, -0.025240
2.703100, 2.731687, 0.007825
2.703100, 5.187891, 0.125298
2.703100, 4.643101, -0.116846
2.703100, 2.717791, -0.005944
2.703100, 2.923314, 0.029224
2.703100, 11.021113, 0.052168
2.703100, 3.174573, -0.051334
2.703100, 2.702573, 0.002336
2.703100, 3.836196, 0.091254
2.703100, 6.930517, -0.126488
2.703100, 2.777577, -0.013374
2.703100, 2.826350, 0.018974
2.703100, 8.657656, 0.106618
2.703100, 3.481465, -0.072625
2.703100, 2.702808, 0.000161
2.703100, 3.527010, 0.075343
2.703100, 8.375020, -0.110869
2.703100, 2.817917, -0.018012
2.703100, 2.787086, 0.014474
2.703100, 7.281345, 0.123724
2.703100, 3.745394, -0.087013
2.703100, 2.702266, -0.001747
2.703100, 3.250895, 0.057153
2.703100, 10.397648, -0.071230
2.703100, 2.889520, -0.025814
2.703100, 2.728961, 0.007474
2.703100, 5.082770, 0.124081
2.703100, 4.728839, -0.118556
2.703100, 2.719921, -0.006253
2.703100, 2.914739, 0.028373
2.703100, 10.883342, 0.056934
2.703100, 3.191963, -0.052693
2.703100, 2.702405, 0.002190
2.703100, 3.812067, 0.090160
2.703100, 7.018817, -0.125863
2.703100, 2.779945, -0.013652
2.703100, 2.823864, 0.018694
2.703100, 8.575792, 0.107888
2.703100, 3.494307, -0.073403
2.703100, 2.702734, 0.000061
2.703100, 3.511723, 0.074443
2.703100, 8.467512, -0.109519
2.703100, 2.820631, -0.018326
2.703100, 2.783574, 0.014072
2.703100, 7.152861, 0.124822
2.703100, 3.777128, -0.088534
2.703100, 2.702274, -0.001965
2.703100, 3.220907, 0.054912
2.703100, 10.646882, -0.064298
2.703100, 2.901674, -0.027058
2.703100, 2.724036, 0.006821
2.703100, 4.891217, 0.121382
2.703100, 4.906203, -0.121617
2.703100, 2.724419, -0.006873
2.703100, 2.900615, 0.026951
2.703100, 10.626308, 0.064899
2.703100, 3.223393, -0.055100
2.703100, 2.702269, 0.001946
2.703100, 3.774340, 0.088402
2.703100, 7.163883, -0.124732
2.703100, 2.783874, -0.014106
2.703100, 2.820384, 0.018298
2.703100, 8.459157, 0.109642
2.703100, 3.513088, -0.074524
2.703100, 2.702738, -0.000071
2.703100, 3.493063, 0.073328
2.703100, 8.583646, -0.107767
2.703100, 2.824101, -0.018721
2.703100, 2.779701, 0.013623
2.703100, 7.009755, 0.125929
2.703100, 3.814501, -0.090272
2.703100, 2.702419, -0.002205
2.703100, 3.190101, 0.052549
2.703100, 10.898292, -0.056436
2.703100, 2.915630, -0.028462
2.703100, 2.719680, 0.006218
2.703100, 4.719177, 0.118371
2.703100, 5.094170, -0.124222
2.703100, 2.729256, -0.007512
2.703100, 2.888881, 0.025748
2.703100, 10.383737, 0.071597
2.703100, 3.252566, -0.057277
2.703100, 2.702270, 0.001735
2.703100, 3.743753, 0.086933
2.703100, 7.288172, -0.123663
2.703100, 2.787274, -0.014496
2.703100, 2.817786, 0.017997
2.703100, 8.370524, 0.110934
2.703100, 3.527763, -0.075387
2.703100, 2.702814, -0.000165
2.703100, 3.480930, 0.072593
2.703100, 8.661102, -0.106564
2.703100, 2.826456, -0.018986
2.703100, 2.777494, 0.013364
2.703100, 6.927390, 0.126509
2.703100, 3.837068, -0.091293
2.703100, 2.702582, -0.002341
2.703100, 3.174023, 0.051290
2.703100, 11.025394, -0.052013
2.703100, 2.923595, -0.029252
2.703100, 2.717731, 0.005935
2.703100, 4.640664, 0.116795
2.703100, 5.191015, -0.125332
2.703100, 2.731769, -0.007836
2.703100, 2.883845, 0.025225
2.703100, 10.271432, 0.074487
2.703100, 3.266071, -0.058266
2.703100, 2.702328, 0.001644
2.703100, 3.731605, 0.086339
2.703100, 7.339295, -0.123198
2.703100, 2.788689, -0.014655
2.703100, 2.817029, 0.017906
2.703100, 8.344012, 0.111313
2.703100, 3.532228, -0.075647
2.703100, 2.702911, -0.000186
2.703100, 3.479668, 0.072515
2.703100, 8.669282, -0.106436
2.703100, 2.826722, -0.019012
2.703100, 2.777676, 0.013382
2.703100, 6.933594, 0.126466
2.703100, 3.835344, -0.091215
2.703100, 2.702617, -0.002325
2.703100, 3.176755, 0.051505
2.703100, 11.004094, -0.052779
2.703100, 2.922212, -0.029115
2.703100, 2.718175, 0.005997
2.703100, 4.658037, 0.117155
2.703100, 5.168922, -0.125092
2.703100, 2.731207, -0.007761
2.703100, 2.885337, 0.025379
2.703100, 10.305044, 0.073635
2.703100, 3.262029, -0.057971
2.703100, 2.702389, 0.001681
2.703100, 3.737854, 0.086645
2.703100, 7.312903, -0.123439
2.703100, 2.787983, -0.014570
2.703100, 2.818140, 0.018029
2.703100, 8.381249, 0.110779
2.703100, 3.525983, -0.075281
2.703100, 2.703023, -0.000129
2.703100, 3.489538, 0.073113
2.703100, 8.606107, -0.107421
2.703100, 2.824827, -0.018793
2.703100, 2.780309, 0.013684
2.703100, 7.030654, 0.125775
2.703100, 3.808915, -0.090014
2.703100, 2.702532, -0.002154
2.703100, 3.198997, 0.053236
2.703100, 10.826604, -0.058785
2.703100, 2.911450, -0.028042
2.703100, 2.721218, 0.006426
2.703100, 4.778933, 0.119484
2.703100, 5.025367, -0.123340
2.703100, 2.727512, -0.007276
2.703100, 2.893864, 0.026258
2.703100, 10.489628, 0.068755
2.703100, 3.239858, -0.056334
2.703100, 2.702441, 0.001847
2.703100, 3.762819, 0.087852
2.703100, 7.210040, -0.124345
2.703100, 2.785186, -0.014245
2.703100, 2.820880, 0.018340
2.703100, 8.473665, 0.109427
2.703100, 3.510745, -0.074382
2.703100, 2.703099, -0.000012
2.703100, 3.507254, 0.074175
2.703100, 8.495158, -0.109107
2.703100, 2.821519, -0.018413
2.703100, 2.784448, 0.014160
2.703100, 7.182940, 0.124573
2.703100, 3.769567, -0.088174
2.703100, 2.702451, -0.001892
2.703100, 3.233746, 0.055877
2.703100, 10.540481, -0.067346
2.703100, 2.896333, -0.026511
2.703100, 2.726517, 0.007144
2.703100, 4.986607, 0.122807
2.703100, 4.814175, -0.120106
2.703100, 2.722112, -0.006549
2.703100, 2.908615, 0.027757
2.703100, 10.776242, 0.060381
2.703100, 3.205184, -0.053712
2.703100, 2.702513, 0.002107
2.703100, 3.801718, 0.089682
2.703100, 7.057794, -0.125571
2.703100, 2.781045, -0.013769
2.703100, 2.824260, 0.018728
2.703100, 8.587160, 0.107713
2.703100, 3.492528, -0.073293
2.703100, 2.703043, 0.000110
2.703100, 3.523659, 0.075145
2.703100, 8.395198, -0.110577
2.703100, 2.818554, -0.018076
2.703100, 2.787607, 0.014526
2.703100, 7.299045, 0.123565
2.703100, 3.741159, -0.086806
2.703100, 2.702399, -0.001702
2.703100, 3.259205, 0.057764
2.703100, 10.328533, -0.073033
2.703100, 2.886388, -0.025488
2.703100, 2.730736, 0.007699
2.703100, 5.150630, 0.124887
2.703100, 4.672656, -0.117453
2.703100, 2.718542, -0.006049
2.703100, 2.920828, 0.028977
2.703100, 10.982461, 0.053547
2.703100, 3.179512, -0.051721
2.703100, 2.702607, 0.002304
2.703100, 3.832080, 0.091069
2.703100, 6.945366, -0.126386
2.703100, 2.777996, -0.013419
2.703100, 2.826518, 0.018989
2.703100, 8.662477, 0.106543
2.703100, 3.480725, -0.072579
2.703100, 2.702931, 0.000180
2.703100, 3.531832, 0.075624
2.703100, 8.346366, -0.111279
2.703100, 2.817101, -0.017914
2.703100, 2.788714, 0.014657
2.703100, 7.340076, 0.123190
2.703100, 3.731422, -0.086329
2.703100, 2.702340, -0.001642
2.703100, 3.266628, 0.058307
2.703100, 10.266813, -0.074604
2.703100, 2.883643, -0.025204
2.703100, 2.731899, 0.007852
2.703100, 5.195966, 0.125385
2.703100, 4.636814, -0.116714
2.703100, 2.717638, -0.005921
2.703100, 2.924070, 0.029299
2.703100, 11.032600, 0.051750
2.703100, 3.173097, -0.051217
2.703100, 2.702600, 0.002350
2.703100, 3.838667, 0.091365
2.703100, 6.921667, -0.126547
2.703100, 2.777343, -0.013346
2.703100, 2.826673, 0.019010
2.703100, 8.668128, 0.106454
2.703100, 3.479842, -0.072526
2.703100, 2.702831, 0.000175
2.703100, 3.529427, 0.075484
2.703100, 8.360614, -0.111076
2.703100, 2.817499, -0.017963
2.703100, 2.787703, 0.014544
2.703100, 7.303753, 0.123523
2.703100, 3.740024, -0.086751
2.703100, 2.702279, -0.001708
2.703100, 3.256434, 0.057561
2.703100, 10.351542, -0.072438
2.703100, 2.887414, -0.025596
2.703100, 2.729948, 0.007602
2.703100, 5.120918, 0.124544
2.703100, 4.696865, -0.117937
2.703100, 2.719122, -0.006139
2.703100, 2.917749, 0.028673
2.703100, 10.933272, 0.055254
2.703100, 3.185722, -0.052208
2.703100, 2.702454, 0.002241
2.703100, 3.820337, 0.090538
2.703100, 6.988172, -0.126085
2.703100, 2.779121, -0.013556
2.703100, 2.824677, 0.018786
2.703100, 8.602715, 0.107474
2.703100, 3.490054, -0.073146
2.703100, 2.702749, 0.000093
2.703100, 3.516470, 0.074724
2.703100, 8.438538, -0.109946
2.703100, 2.819776, -0.018228
2.703100, 2.784627, 0.014193
2.703100, 7.191518, 0.124502
2.703100, 3.767406, -0.088073
2.703100, 2.702260, -0.001900
2.703100, 3.229695, 0.055575
2.703100, 10.574058, -0.066400
2.703100, 2.897976, -0.026682
2.703100, 2.725411, 0.007006
2.703100, 4.944905, 0.122204
2.703100, 4.853440, -0.120771
2.703100, 2.723072, -0.006690
2.703100, 2.904438, 0.027338
2.703100, 10.699620, 0.062731
2.703100, 3.214516, -0.054427
2.703100, 2.702292, 0.002013
2.703100, 3.784434, 0.088878
2.703100, 7.124206, -0.125054
2.703100, 2.782795, -0.013982
2.703100, 2.821285, 0.018401
2.703100, 8.489588, 0.109190
2.703100, 3.508132, -0.074230
2.703100, 2.702727, -0.000037
2.703100, 3.497663, 0.073604
2.703100, 8.554690, -0.108210
2.703100, 2.823229, -0.018623
2.703100, 2.780614, 0.013730
2.703100, 7.043635, 0.125679
2.703100, 3.805449, -0.089856
2.703100, 2.702371, -0.002149
2.703100, 3.197131, 0.053093
2.703100, 10.841657, -0.058300
2.703100, 2.912300, -0.028130
2.703100, 2.720608, 0.006350
2.703100, 4.756163, 0.119069
2.703100, 5.051107, -0.123679
2.703100, 2.728143, -0.007367
2.703100, 2.891343, 0.026002
2.703100, 10.436842, 0.070187
2.703100, 3.246189, -0.056805
2.703100, 2.702260, 0.001780
2.703100, 3.750100, 0.087241
2.703100, 7.261870, -0.123897
2.703100, 2.786551, -0.014413
2.703100, 2.818301, 0.018057
2.703100, 8.388210, 0.110679
2.703100, 3.524806, -0.075214
2.703100, 2.702791, -0.000147
2.703100, 3.483122, 0.072726
2.703100, 8.646990, -0.106786
2.703100, 2.826024, -0.018938
2.703100, 2.777853, 0.013407
2.703100, 6.940858, 0.126417
2.703100, 3.833322, -0.091125
2.703100, 2.702548, -0.002319
2.703100, 3.176472, 0.051483
2.703100, 11.006279, -0.052701
2.703100, 2.922348, -0.029129
2.703100, 2.718005, 0.005976
2.703100, 4.651825, 0.117027
2.703100, 5.176774, -0.125178
2.703100, 2.731397, -0.007788
2.703100, 2.884520, 0.025296
2.703100, 10.286793, 0.074099
2.703100, 3.264221, -0.058131
2.703100, 2.702312, 0.001656
2.703100, 3.732983, 0.086406
2.703100, 7.333441, -0.123252
2.703100, 2.788524, -0.014637
2.703100, 2.817044, 0.017909
2.703100, 8.344719, 0.111303
2.703100, 3.532106, -0.075640
2.703100, 2.702884, -0.000188
2.703100, 3.478909, 0.072469
2.703100, 8.674173, -0.106359
2.703100, 2.826866, -0.019030
2.703100, 2.777389, 0.013350
2.703100, 6.923089, 0.126538
2.703100, 3.838272, -0.091347
2.703100, 2.702622, -0.002345
2.703100, 3.174175, 0.051302
2.703100, 11.024228, -0.052055
2.703100, 2.923521, -0.029244
2.703100, 2.717829, 0.005947
2.703100, 4.644202, 0.116869
2.703100, 5.186486, -0.125283
2.703100, 2.731659, -0.007820
2.703100, 2.884317, 0.025273
2.703100, 10.282047, 0.074219
2.703100, 3.264796, -0.058173
2.703100, 2.702374, 0.001659
2.703100, 3.734457, 0.086478
2.703100, 7.327224, -0.123309
2.703100, 2.788371, -0.014615
2.703100, 2.817675, 0.017977
2.703100, 8.365585, 0.111004
2.703100, 3.528603, -0.075435
2.703100, 2.702993, -0.000151
2.703100, 3.485956, 0.072896
2.703100, 8.628925, -0.107067
2.703100, 2.825511, -0.018872
2.703100, 2.779403, 0.013580
2.703100, 6.997248, 0.126020
2.703100, 3.817887, -0.090425
2.703100, 2.702559, -0.002212
2.703100, 3.191390, 0.052648
2.703100, 10.888010, -0.056779
2.703100, 2.915028, -0.028400
2.703100, 2.720150, 0.006277
2.703100, 4.736633, 0.118704
2.703100, 5.073660, -0.123967
2.703100, 2.728754, -0.007440
2.703100, 2.890903, 0.025954
2.703100, 10.427080, 0.070448
2.703100, 3.247369, -0.056892
2.703100, 2.702428, 0.001791
2.703100, 3.754506, 0.087453
2.703100, 7.243832, -0.124054
2.703100, 2.786106, -0.014352
2.703100, 2.820046, 0.018245
2.703100, 8.445540, 0.109842
2.703100, 3.515343, -0.074654
2.703100, 2.703089, -0.000046
2.703100, 3.502345, 0.073882
2.703100, 8.525585, -0.108650
2.703100, 2.822423, -0.018517
2.703100, 2.783360, 0.014035
2.703100, 7.142960, 0.124902
2.703100, 3.779659, -0.088652
2.703100, 2.702466, -0.001960
2.703100, 3.224646, 0.055193
2.703100, 10.616017, -0.065197
2.703100, 2.900109, -0.026896
2.703100, 2.725066, 0.006951
2.703100, 4.930009, 0.121981
2.703100, 4.867834, -0.121006
2.703100, 2.723477, -0.006736
2.703100, 2.904530, 0.027344
2.703100, 10.701020, 0.062688
2.703100, 3.214356, -0.054413
2.703100, 2.702488, 0.002037
2.703100, 3.791221, 0.089195
2.703100, 7.097947, -0.125261
2.703100, 2.782136, -0.013894
2.703100, 2.823406, 0.018630
2.703100, 8.558559, 0.108150
2.703100, 3.497069, -0.073566
2.703100, 2.703069, 0.000081
2.703100, 3.519943, 0.074926
2.703100, 8.417613, -0.110252
2.703100, 2.819218, -0.018151
2.703100, 2.786963, 0.014451
2.703100, 7.275348, 0.123777
2.703100, 3.746852, -0.087083
2.703100, 2.702413, -0.001740
2.703100, 3.254212, 0.057397
2.703100, 10.370097, -0.071954
2.703100, 2.888271, -0.025682
2.703100, 2.729898, 0.007590
2.703100, 5.118102, 0.124510
2.703100, 4.699197, -0.117983
2.703100, 2.719208, -0.006144
2.703100, 2.918365, 0.028732
2.703100, 10.943114, 0.054916
2.703100, 3.184490, -0.052110
2.703100, 2.702587, 0.002265
2.703100, 3.826122, 0.090799
2.703100, 6.967005, -0.126235
2.703100, 2.778583, -0.013486
2.703100, 2.826111, 0.018941
2.703100, 8.648898, 0.106755
2.703100, 3.482837, -0.072707
2.703100, 2.702960, 0.000169
2.703100, 3.530664, 0.075555
2.703100, 8.353308, -0.111180
2.703100, 2.817310, -0.017936
2.703100, 2.788625, 0.014646
2.703100, 7.336694, 0.123222
2.703100, 3.732220, -0.086369
2.703100, 2.702356, -0.001645
2.703100, 3.266385, 0.058289
2.703100, 10.268842, -0.074553
2.703100, 2.883734, -0.025213
2.703100, 2.731897, 0.007851
2.703100, 5.195810, 0.125383
2.703100, 4.636935, -0.116717
2.703100, 2.717645, -0.005921
2.703100, 2.924162, 0.029308
2.703100, 11.033973, 0.051700
2.703100, 3.172920, -0.051203
2.703100, 2.702616, 0.002353
2.703100, 3.839402, 0.091398
2.703100, 6.919041, -0.126565
2.703100, 2.777276, -0.013338
2.703100, 2.826845, 0.019028
2.703100, 8.673642, 0.106367
2.703100, 3.478990, -0.072474
2.703100, 2.702856, 0.000184
2.703100, 3.531099, 0.075581
2.703100, 8.350684, -0.111218
2.703100, 2.817213, -0.017930
2.703100, 2.788172, 0.014597
2.703100, 7.320759, 0.123368
2.703100, 3.735981, -0.086554
2.703100, 2.702294, -0.001679
2.703100, 3.260783, 0.057880
2.703100, 10.315361, -0.073371
2.703100, 2.885787, -0.025428
2.703100, 2.730746, 0.007705
2.703100, 5.151688, 0.124899
2.703100, 4.671799, -0.117436
2.703100, 2.718499, -0.006048
2.703100, 2.920247, 0.028921
2.703100, 10.973418, 0.053865
2.703100, 3.180655, -0.051811
2.703100, 2.702502, 0.002284
2.703100, 3.827313, 0.090854
2.703100, 6.962632, -0.126266
2.703100, 2.778436, -0.013475
2.703100, 2.825386, 0.018866
2.703100, 8.626061, 0.107112
2.703100, 3.486389, -0.072924
2.703100, 2.702768, 0.000121
2.703100, 3.520760, 0.074977
2.703100, 8.412547, -0.110326
2.703100, 2.819013, -0.018140
2.703100, 2.785604, 0.014305
2.703100, 7.227265, 0.124198
2.703100, 3.758552, -0.087649
2.703100, 2.702256, -0.001839
2.703100, 3.237990, 0.056196
2.703100, 10.505100, -0.068330
2.703100, 2.894592, -0.026336
2.703100, 2.726760, 0.007185
2.703100, 4.997422, 0.122959
2.703100, 4.804213, -0.119933
2.703100, 2.721822, -0.006519
2.703100, 2.908271, 0.027725
2.703100, 10.770323, 0.060566
2.703100, 3.205900, -0.053768
2.703100, 2.702325, 0.002080
2.703100, 3.794627, 0.089355
2.703100, 7.084785, -0.125365
2.703100, 2.781727, -0.013859
2.703100, 2.822216, 0.018507
2.703100, 8.520848, 0.108722
2.703100, 3.503082, -0.073929
2.703100, 2.702723, -0.000002
2.703100, 3.502580, 0.073899
2.703100, 8.523969, -0.108675
2.703100, 2.822309, -0.018518
2.703100, 2.781622, 0.013847
2.703100, 7.080923, 0.125394
2.703100, 3.795635, -0.089402
2.703100, 2.702328, -0.002086
2.703100, 3.205067, 0.053704
2.703100, 10.777129, -0.060353
2.703100, 2.908648, -0.027763
2.703100, 2.721704, 0.006502
2.703100, 4.799559, 0.119851
2.703100, 5.002514, -0.123029
2.703100, 2.726891, -0.007202
2.703100, 2.894275, 0.026304
2.703100, 10.498530, 0.068511
2.703100, 3.238779, -0.056255
2.703100, 2.702256, 0.001833
2.703100, 3.757725, 0.087609
2.703100, 7.230630, -0.124169
2.703100, 2.785696, -0.014315
2.703100, 2.818942, 0.018131
2.703100, 8.410141, 0.110361
2.703100, 3.521159, -0.075000
2.703100, 2.702770, -0.000124
2.703100, 3.486058, 0.072904
2.703100, 8.628178, -0.107079
2.703100, 2.825450, -0.018873
2.703100, 2.778375, 0.013468
2.703100, 6.960373, 0.126282
2.703100, 3.827934, -0.090882
2.703100, 2.702506, -0.002287
2.703100, 3.180214, 0.051777
2.703100, 10.976897, -0.053743
2.703100, 2.920467, -0.028943
2.703100, 2.718446, 0.006041
2.703100, 4.669658, 0.117393
2.703100, 5.154353, -0.124929
2.703100, 2.730815, -0.007714
2.703100, 2.885650, 0.025413
2.703100, 10.312278, 0.073450
2.703100, 3.261154, -0.057907
2.703100, 2.702296, 0.001676
2.703100, 3.735646, 0.086537
2.703100, 7.322172, -0.123355
2.703100, 2.788211, -0.014602
2.703100, 2.817192, 0.017927
2.703100, 8.349927, 0.111229
2.703100, 3.531226, -0.075589
2.703100, 2.702859, -0.000185
2.703100, 3.478945, 0.072471
2.703100, 8.673931, -0.106362
2.703100, 2.826854, -0.019029
2.703100, 2.777279, 0.013338
2.703100, 6.919106, 0.126565
2.703100, 3.839384, -0.091397
2.703100, 2.702617, -0.002353
2.703100, 3.172971, 0.051207
2.703100, 11.033580, -0.051715
2.703100, 2.924136, -0.029305
2.703100, 2.717654, 0.005922
2.703100, 4.637283, 0.116724
2.703100, 5.195363, -0.125378
2.703100, 2.731886, -0.007849
2.703100, 2.883766, 0.025216
2.703100, 10.269562, 0.074534
2.703100, 3.266298, -0.058282
2.703100, 2.702358, 0.001646
2.703100, 3.732364, 0.086376
2.703100, 7.336085, -0.123227
2.703100, 2.788609, -0.014644
2.703100, 2.817337, 0.017939
2.703100, 8.354223, 0.111167
2.703100, 3.530510, -0.075546
2.703100, 2.702963, -0.000167
2.703100, 3.483086, 0.072723
2.703100, 8.647299, -0.106780
2.703100, 2.826063, -0.018936
2.703100, 2.778650, 0.013494
2.703100, 6.969479, 0.126218
2.703100, 3.825444, -0.090769
2.703100, 2.702584, -0.002261
2.703100, 3.185056, 0.052155
2.703100, 10.938619, -0.055071
2.703100, 2.918088, -0.028705
2.703100, 2.719284, 0.006155
2.703100, 4.702236, 0.118042
2.703100, 5.114433, -0.124467
2.703100, 2.729804, -0.007577
2.703100, 2.888485, 0.025705
2.703100, 10.374788, 0.071831
2.703100, 3.253648, -0.057355
2.703100, 2.702415, 0.001744
2.703100, 3.747487, 0.087113
2.703100, 7.272718, -0.123800
2.703100, 2.786892, -0.014443
2.703100, 2.819289, 0.018159
2.703100, 8.420017, 0.110217
2.703100, 3.519545, -0.074903
2.703100, 2.703071, -0.000078
2.703100, 3.497539, 0.073594
2.703100, 8.555608, -0.108195
2.703100, 2.823318, -0.018619
2.703100, 2.782247, 0.013907
2.703100, 7.102034, 0.125229
2.703100, 3.790162, -0.089145
2.703100, 2.702486, -0.002030
2.703100, 3.215291, 0.054484
2.703100, 10.693323, -0.062919
2.703100, 2.904122, -0.027303
2.703100, 2.723619, 0.006755
2.703100, 4.873396, 0.121097
2.703100, 4.924302, -0.121895
2.703100, 2.724920, -0.006931
2.703100, 2.900502, 0.026936
2.703100, 10.623727, 0.064973
2.703100, 3.223715, -0.055123
2.703100, 2.702468, 0.001967
2.703100, 3.780697, 0.088701
2.703100, 7.138884, -0.124935
2.703100, 2.783249, -0.014022
2.703100, 2.822514, 0.018527
2.703100, 8.528619, 0.108604
2.703100, 3.501858, -0.073853
2.703100, 2.703088, 0.000049
2.703100, 3.515782, 0.074680
2.703100, 8.442868, -0.109882
2.703100, 2.819967, -0.018236
2.703100, 2.786190, 0.014361
2.703100, 7.246937, 0.124027
2.703100, 3.753747, -0.087416
2.703100, 2.702427, -0.001786
2.703100, 3.248052, 0.056942
2.703100, 10.421398, -0.070600
2.703100, 2.890637, -0.025926
2.703100, 2.728868, 0.007455
2.703100, 5.078075, 0.124023
2.703100, 4.732851, -0.118632
2.703100, 2.720054, -0.006263
2.703100, 2.915358, 0.028433
2.703100, 10.893547, 0.056594
2.703100, 3.190700, -0.052594
2.703100, 2.702562, 0.002217
2.703100, 3.818707, 0.090463
2.703100, 6.994219, -0.126042
2.703100, 2.779320, -0.013571
2.703100, 2.825572, 0.018879
2.703100, 8.630960, 0.107035
2.703100, 3.485637, -0.072877
2.703100, 2.702990, 0.000152
2.703100, 3.528825, 0.075448
2.703100, 8.364261, -0.111023
2.703100, 2.817636, -0.017973
2.703100, 2.788401, 0.014619
2.703100, 7.328345, 0.123298
2.703100, 3.734192, -0.086465
2.703100, 2.702372, -0.001657
2.703100, 3.265000, 0.058188
2.703100, 10.280349, -0.074262
2.703100, 2.884242, -0.025266
2.703100, 2.731692, 0.007824
2.703100, 5.187747, 0.125297
2.703100, 4.643215, -0.116848
2.703100, 2.717804, -0.005943
2.703100, 2.923613, 0.029253
2.703100, 11.025625, 0.052004
2.703100, 3.173995, -0.051288
2.703100, 2.702622, 0.002346
2.703100, 3.838461, 0.091355
2.703100, 6.922409, -0.126542
2.703100, 2.777371, -0.013348
2.703100, 2.826872, 0.019030
2.703100, 8.674372, 0.106355
2.703100, 3.478879, -0.072467
2.703100, 2.702882, 0.000188
2.703100, 3.532052, 0.075637
2.703100, 8.345043, -0.111298
2.703100, 2.817053, -0.017910
2.703100, 2.788500, 0.014634
2.703100, 7.332552, 0.123260
2.703100, 3.733193, -0.086417
2.703100, 2.702310, -0.001658
2.703100, 3.263968, 0.058113
2.703100, 10.288897, -0.074046
2.703100, 2.884613, -0.025305
2.703100, 2.731348, 0.007782
2.703100, 5.174888, 0.125157
2.703100, 4.653313, -0.117058
2.703100, 2.718042, -0.005981
2.703100, 2.922187, 0.029113
2.703100, 11.003792, 0.052790
2.703100, 3.176790, -0.051508
2.703100, 2.702544, 0.002317
2.703100, 3.832854, 0.091104
2.703100, 6.942548, -0.126405
2.703100, 2.777898, -0.013412
2.703100, 2.825972, 0.018932
2.703100, 8.645310, 0.106812
2.703100, 3.483384, -0.072742
2.703100, 2.702789, 0.000145
2.703100, 3.524470, 0.075194
2.703100, 8.390220, -0.110650
2.703100, 2.818360, -0.018064
2.703100, 2.786471, 0.014404
2.703100, 7.258956, 0.123922
2.703100, 3.750807, -0.087275
2.703100, 2.702259, -0.001785
2.703100, 3.245491, 0.056754
2.703100, 10.442652, -0.070031
2.703100, 2.891616, -0.026030
2.703100, 2.728023, 0.007351
2.703100, 5.046468, 0.123619
2.703100, 4.760229, -0.119144
2.703100, 2.720711, -0.006364
2.703100, 2.911947, 0.028094
2.703100, 10.835527, 0.058498
2.703100, 3.197888, -0.053152
2.703100, 2.702366, 0.002143
2.703100, 3.804495, 0.089812
2.703100, 7.047234, -0.125652
2.703100, 2.780712, -0.013741
2.703100, 2.823139, 0.018612
2.703100, 8.551676, 0.108255
2.703100, 3.498143, -0.073633
2.703100, 2.702727, 0.000033
2.703100, 3.507627, 0.074200
2.703100, 8.492699, -0.109144
2.703100, 2.821378, -0.018412
2.703100, 2.782687, 0.013970
2.703100, 7.120222, 0.125086
2.703100, 3.785456, -0.088926
2.703100, 2.702295, -0.002020
2.703100, 3.213636, 0.054360
2.703100, 10.706864, -0.062512
2.703100, 2.904824, -0.027377
2.703100, 2.722942, 0.006673
2.703100, 4.848323, 0.120686
2.703100, 4.950252, -0.122283
2.703100, 2.725548, -0.007024
2.703100, 2.897621, 0.026646
2.703100, 10.566935, 0.066602
2.703100, 3.230552, -0.055639
2.703100, 2.702259, 0.001893
2.703100, 3.766477, 0.088028
2.703100, 7.195247, -0.124471
2.703100, 2.784729, -0.014205
2.703100, 2.819695, 0.018218
2.703100, 8.435790, 0.109986
2.703100, 3.516922, -0.074750
2.703100, 2.702751, -0.000096
2.703100, 3.489659, 0.073122
2.703100, 8.605220, -0.107435
2.703100, 2.824753, -0.018795
2.703100, 2.779046, 0.013547
2.703100, 6.985382, 0.126105
2.703100, 3.821095, -0.090572
2.703100, 2.702459, -0.002246
2.703100, 3.185162, 0.052164
2.703100, 10.937727, -0.055101
2.703100, 2.918023, -0.028700
2.703100, 2.719052, 0.006128
2.703100, 4.694054, 0.117881
2.703100, 5.124330, -0.124584
2.703100, 2.730036, -0.007613
2.703100, 2.887230, 0.025577
2.703100, 10.347481, 0.072543
2.703100, 3.256921, -0.057597
2.703100, 2.702280, 0.001705
2.703100, 3.739562, 0.086729
2.703100, 7.305693, -0.123505
2.703100, 2.787756, -0.014550
2.703100, 2.817465, 0.017959
2.703100, 8.359424, 0.111093
2.703100, 3.529627, -0.075496
2.703100, 2.702834, -0.000176
2.703100, 3.479723, 0.072519
2.703100, 8.668897, -0.106442
2.703100, 2.826697, -0.019012
2.703100, 2.777329, 0.013345
2.703100, 6.921132, 0.126551
2.703100, 3.838816, -0.091371
2.703100, 2.702602, -0.002351
2.703100, 3.173022, 0.051211
2.703100, 11.033179, -0.051729
2.703100, 2.924108, -0.029303
2.703100, 2.717632, 0.005920
2.703100, 4.636547, 0.116709
2.703100, 5.196309, -0.125388
2.703100, 2.731908, -0.007853
2.703100, 2.883633, 0.025203
2.703100, 10.266585, 0.074609
2.703100, 3.266656, -0.058309
2.703100, 2.702342, 0.001642
2.703100, 3.731449, 0.086331
2.703100, 7.339965, -0.123191
2.703100, 2.788711, -0.014657
2.703100, 2.817117, 0.017915
2.703100, 8.346874, 0.111272
2.703100, 3.531746, -0.075619
2.703100, 2.702934, -0.000179
2.703100, 3.480903, 0.072590
2.703100, 8.661326, -0.106561
2.703100, 2.826484, -0.018985
2.703100, 2.778047, 0.013425
2.703100, 6.947265, 0.126373
2.703100, 3.831555, -0.091045
2.703100, 2.702605, -0.002301
2.703100, 3.179952, 0.051756
2.703100, 10.978997, -0.053669
2.703100, 2.920608, -0.028955
2.703100, 2.718600, 0.006057
2.703100, 4.674991, 0.117500
2.703100, 5.147733, -0.124854
2.703100, 2.730662, -0.007689
2.703100, 2.886555, 0.025505
2.703100, 10.332238, 0.072937
2.703100, 3.258760, -0.057731
2.703100, 2.702401, 0.001706
2.703100, 3.741673, 0.086831
2.703100, 7.296897, -0.123584
2.703100, 2.787549, -0.014519
2.703100, 2.818616, 0.018083
2.703100, 8.397293, 0.110547
2.703100, 3.523311, -0.075124
2.703100, 2.703046, -0.000107
2.703100, 3.492965, 0.073319
2.703100, 8.584398, -0.107755
2.703100, 2.824178, -0.018718
2.703100, 2.781152, 0.013781
2.703100, 7.061714, 0.125542
2.703100, 3.800686, -0.089635
2.703100, 2.702510, -0.002100
2.703100, 3.206079, 0.053781
2.703100, 10.768934, -0.060609
2.703100, 2.908210, -0.027716
2.703100, 2.722243, 0.006567
2.703100, 4.819333, 0.120195
2.703100, 4.981041, -0.122728
2.703100, 2.726374, -0.007125
2.703100, 2.896695, 0.026548
2.703100, 10.547837, 0.067140
2.703100, 3.232861, -0.055811
2.703100, 2.702452, 0.001899
2.703100, 3.770545, 0.088220
2.703100, 7.179036, -0.124606
2.703100, 2.784342, -0.014148
2.703100, 2.821609, 0.018423
2.703100, 8.498189, 0.109061
2.703100, 3.506763, -0.074145
2.703100, 2.703099, 0.000016
2.703100, 3.511221, 0.074410
2.703100, 8.470748, -0.109470
2.703100, 2.820794, -0.018330
2.703100, 2.785284, 0.014257
2.703100, 7.213636, 0.124314
2.703100, 3.761929, -0.087809
2.703100, 2.702440, -0.001841
2.703100, 3.240665, 0.056394
2.703100, 10.482918, -0.068939
2.703100, 2.893543, -0.026225
2.703100, 2.727644, 0.007294
2.703100, 5.030517, 0.123408
2.703100, 4.774339, -0.119401
2.703100, 2.721102, -0.006410
2.703100, 2.911829, 0.028080
2.703100, 10.833225, 0.058572
2.703100, 3.198181, -0.053173
2.703100, 2.702535, 0.002160
2.703100, 3.809872, 0.090058
2.703100, 7.027069, -0.125802
2.703100, 2.780212, -0.013673
2.703100, 2.824902, 0.018802
2.703100, 8.608585, 0.107382
2.703100, 3.489148, -0.073089
2.703100, 2.703020, 0.000131
2.703100, 3.526278, 0.075298
2.703100, 8.379483, -0.110805
2.703100, 2.818088, -0.018023
2.703100, 2.788029, 0.014575
2.703100, 7.314595, 0.123424
2.703100, 3.737452, -0.086625
2.703100, 2.702387, -0.001678
2.703100, 3.262366, 0.057995
2.703100, 10.302239, -0.073706
2.703100, 2.885212, -0.025366
2.703100, 2.731263, 0.007768
2.703100, 5.171092, 0.125116
2.703100, 4.656317, -0.117120
2.703100, 2.718132, -0.005990
2.703100, 2.922376, 0.029131
2.703100, 11.006626, 0.052689
2.703100, 3.176432, -0.051479
2.703100, 2.702618, 0.002328
2.703100, 3.835722, 0.091232
2.703100, 6.932235, -0.126476
2.703100, 2.777639, -0.013378
2.703100, 2.826743, 0.019015
2.703100, 8.670012, 0.106424
2.703100, 3.479555, -0.072508
2.703100, 2.702909, 0.000186
2.703100, 3.532251, 0.075648
2.703100, 8.343873, -0.111315
2.703100, 2.817024, -0.017906
2.703100, 2.788679, 0.014654
2.703100, 7.338961, 0.123201
2.703100, 3.731684, -0.086342
2.703100, 2.702327, -0.001645
2.703100, 3.265943, 0.058257
2.703100, 10.272498, -0.074460
2.703100, 2.883891, -0.025230
2.703100, 2.731741, 0.007832
2.703100, 5.189977, 0.125321
2.703100, 4.641473, -0.116812
2.703100, 2.717751, -0.005938
2.703100, 2.923500, 0.029243
2.703100, 11.023961, 0.052065
2.703100, 3.174207, -0.051305
2.703100, 2.702579, 0.002339
2.703100, 3.836773, 0.091280
2.703100, 6.928449, -0.126502
2.703100, 2.777522, -0.013368
2.703100, 2.826420, 0.018982
2.703100, 8.659917, 0.106583
2.703100, 3.481114, -0.072604
2.703100, 2.702812, 0.000164
2.703100, 3.527501, 0.075372
2.703100, 8.372088, -0.110911
2.703100, 2.817832, -0.018002
2.703100, 2.787208, 0.014488
2.703100, 7.285783, 0.123684
2.703100, 3.744327, -0.086961
2.703100, 2.702268, -0.001739
2.703100, 3.251979, 0.057233
2.703100, 10.388617, -0.071468
2.703100, 2.889105, -0.025771
2.703100, 2.729152, 0.007499
2.703100, 5.090161, 0.124173
2.703100, 4.722565, -0.118437
2.703100, 2.719764, -0.006230
2.703100, 2.915315, 0.028431
2.703100, 10.893037, 0.056612
2.703100, 3.190756, -0.052599
2.703100, 2.702414, 0.002200
2.703100, 3.813642, 0.090232
2.703100, 7.012951, -0.125906
2.703100, 2.779787, -0.013633
2.703100, 2.824017, 0.018712
2.703100, 8.580867, 0.107810
2.703100, 3.493503, -0.073354
2.703100, 2.702737, 0.000067
2.703100, 3.512603, 0.074495
2.703100, 8.462122, -0.109598
2.703100, 2.820472, -0.018308
2.703100, 2.783767, 0.014094
2.703100, 7.159960, 0.124764
2.703100, 3.775331, -0.088449
2.703100, 2.702271, -0.001953
2.703100, 3.222506, 0.055033
2.703100, 10.633650, -0.064685
2.703100, 2.900992, -0.026989
2.703100, 2.724282, 0.006854
2.703100, 4.900839, 0.121533
2.703100, 4.896557, -0.121466
2.703100, 2.724172, -0.006840
2.703100, 2.901294, 0.027020
2.703100, 10.639528, 0.064513
2.703100, 3.221796, -0.054979
2.703100, 2.702273, 0.001958
2.703100, 3.776128, 0.088487
2.703100, 7.156810, -0.124790
2.703100, 2.783682, -0.014084
2.703100, 2.820542, 0.018316
2.703100, 8.464510, 0.109563
2.703100, 3.512213, -0.074472
2.703100, 2.702736, -0.000065
2.703100, 3.493859, 0.073376
2.703100, 8.578623, -0.107844
2.703100, 2.823949, -0.018704
2.703100, 2.779857, 0.013642
2.703100, 7.015540, 0.125887
2.703100, 3.812946, -0.090200
2.703100, 2.702410, -0.002196
2.703100, 3.191288, 0.052641
2.703100, 10.888766, -0.056754
2.703100, 2.915061, -0.028405
2.703100, 2.719833, 0.006240
2.703100, 4.725325, 0.118489
2.703100, 5.086903, -0.124133
2.703100, 2.729068, -0.007488
2.703100, 2.889287, 0.025790
2.703100, 10.392592, 0.071364
2.703100, 3.251502, -0.057198
2.703100, 2.702268, 0.001743
2.703100, 3.744796, 0.086984
2.703100, 7.283832, -0.123702
2.703100, 2.787154, -0.014482
2.703100, 2.817869, 0.018007
2.703100, 8.373373, 0.110893
2.703100, 3.527286, -0.075359
2.703100, 2.702810, -0.000162
2.703100, 3.481267, 0.072613
2.703100, 8.658932, -0.106598
2.703100, 2.826390, -0.018978
2.703100, 2.777546, 0.013371
2.703100, 6.929342, 0.126496
2.703100, 3.836524, -0.091269
2.703100, 2.702577, -0.002338
2.703100, 3.174364, 0.051317
2.703100, 11.022738, -0.052109
2.703100, 2.923420, -0.029235
2.703100, 2.717768, 0.005941
2.703100, 4.642169, 0.116827
2.703100, 5.189084, -0.125311
2.703100, 2.731718, -0.007829
2.703100, 2.883932, 0.025234
2.703100, 10.273425, 0.074437
2.703100, 3.265831, -0.058249
2.703100, 2.702325, 0.001646
2.703100, 3.731756, 0.086346
2.703100, 7.338654, -0.123203
2.703100, 2.788671, -0.014653
2.703100, 2.817021, 0.017906
2.703100, 8.343795, 0.111316
2.703100, 3.532264, -0.075649
2.703100, 2.702906, -0.000186
2.703100, 3.479470, 0.072503
2.703100, 8.670557, -0.106416
2.703100, 2.826760, -0.019017
2.703100, 2.777611, 0.013375
2.703100, 6.931198, 0.126483
2.703100, 3.836011, -0.091245
2.703100, 2.702618, -0.002330
2.703100, 3.176183, 0.051460
2.703100, 11.008567, -0.052619
2.703100, 2.922501, -0.029143
2.703100, 2.718099, 0.005986
2.703100, 4.654996, 0.117093
2.703100, 5.172761, -0.125134
2.703100, 2.731306, -0.007773
2.703100, 2.885116, 0.025356
2.703100, 10.300078, 0.073761
2.703100, 3.262626, -0.058014
2.703100, 2.702386, 0.001676
2.703100, 3.737140, 0.086610
2.703100, 7.315907, -0.123412
2.703100, 2.788065, -0.014579
2.703100, 2.818047, 0.018019
2.703100, 8.378102, 0.110824
2.703100, 3.526509, -0.075312
2.703100, 2.703017, -0.000133
2.703100, 3.488841, 0.073071
2.703100, 8.610538, -0.107352
2.703100, 2.824960, -0.018808
2.703100, 2.780135, 0.013664
2.703100, 7.024238, 0.125823
2.703100, 3.810628, -0.090093
2.703100, 2.702537, -0.002165
2.703100, 3.197536, 0.053123
2.703100, 10.838448, -0.058403
2.703100, 2.912129, -0.028110
2.703100, 2.721011, 0.006397
2.703100, 4.770720, 0.119335
2.703100, 5.034589, -0.123463
2.703100, 2.727749, -0.007308
2.703100, 2.893290, 0.026199
2.703100, 10.477620, 0.069083
2.703100, 3.241301, -0.056441
2.703100, 2.702439, 0.001836
2.703100, 3.761226, 0.087776
2.703100, 7.216480, -0.124290
2.703100, 2.785361, -0.014266
2.703100, 2.820725, 0.018322
2.703100, 8.468429, 0.109504
2.703100, 3.511599, -0.074433
2.703100, 2.703098, -0.000018
2.703100, 3.506370, 0.074122
2.703100, 8.500619, -0.109025
2.703100, 2.821681, -0.018432
2.703100, 2.784256, 0.014138
2.703100, 7.175895, 0.124632
2.703100, 3.771334, -0.088258
2.703100, 2.702453, -0.001904
2.703100, 3.232148, 0.055757
2.703100, 10.553763, -0.066974
2.703100, 2.896987, -0.026578
2.703100, 2.726259, 0.007110
2.703100, 4.976567, 0.122665
2.703100, 4.823499, -0.120266
2.703100, 2.722349, -0.006582
2.703100, 2.907886, 0.027683
2.703100, 10.763044, 0.060792
2.703100, 3.206799, -0.053836
2.703100, 2.702508, 0.002094
2.703100, 3.799856, 0.089596
2.703100, 7.064870, -0.125517
2.703100, 2.781237, -0.013791
2.703100, 2.824111, 0.018711
2.703100, 8.582169, 0.107789
2.703100, 3.493318, -0.073341
2.703100, 2.703048, 0.000105
2.703100, 3.523028, 0.075108
2.703100, 8.398994, -0.110522
2.703100, 2.818666, -0.018088
2.703100, 2.787501, 0.014514
2.703100, 7.295143, 0.123600
2.703100, 3.742093, -0.086851
2.703100, 2.702402, -0.001708
2.703100, 3.258395, 0.057704
2.703100, 10.335276, -0.072859
2.703100, 2.886691, -0.025519
2.703100, 2.730601, 0.007681
2.703100, 5.145357, 0.124827
2.703100, 4.676910, -0.117539
2.703100, 2.718648, -0.006064
2.703100, 2.920428, 0.028938
2.703100, 10.976150, 0.053769
2.703100, 3.180314, -0.051784
2.703100, 2.702604, 0.002298
2.703100, 3.831123, 0.091025
2.703100, 6.948828, -0.126362
2.703100, 2.778090, -0.013430
2.703100, 2.826455, 0.018981
2.703100, 8.660371, 0.106576
2.703100, 3.481052, -0.072599
2.703100, 2.702937, 0.000179
2.703100, 3.531673, 0.075614
2.703100, 8.347312, -0.111266
2.703100, 2.817130, -0.017917
2.703100, 2.788708, 0.014656
2.703100, 7.339839, 0.123192
2.703100, 3.731478, -0.086332
2.703100, 2.702343, -0.001642
2.703100, 3.266669, 0.058310
2.703100, 10.266474, -0.074612
2.703100, 2.883628, -0.025203
2.703100, 2.731914, 0.007854
2.703100, 5.196525, 0.125390
2.703100, 4.636379, -0.116705
2.703100, 2.717628, -0.005919
2.703100, 2.924134, 0.029305
2.703100, 11.033569, 0.051715
2.703100, 3.172972, -0.051207
2.703100, 2.702604, 0.002351
2.703100, 3.838924, 0.091376
2.703100, 6.920749, -0.126554
2.703100, 2.777319, -0.013343
2.703100, 2.826715, 0.019014
2.703100, 8.669477, 0.106433
2.703100, 3.479633, -0.072514
2.703100, 2.702836, 0.000177
2.703100, 3.529781, 0.075505
2.703100, 8.358505, -0.111106
2.703100, 2.817438, -0.017956
2.703100, 2.787798, 0.014555
2.703100, 7.307205, 0.123491
2.703100, 3.739201, -0.086711
2.703100, 2.702282, -0.001702
2.703100, 3.257303, 0.057625
2.703100, 10.344305, -0.072626
2.703100, 2.887086, -0.025563
2.703100, 2.730106, 0.007622
2.703100, 5.127007, 0.124615
2.703100, 4.691855, -0.117838
2.703100, 2.718997, -0.006121
2.703100, 2.918238, 0.028722
2.703100, 10.941219, 0.054982
2.703100, 3.184722, -0.052130
2.703100, 2.702463, 0.002249
2.703100, 3.821692, 0.090599
2.703100, 6.983188, -0.126121
2.703100, 2.778987, -0.013540
2.703100, 2.824813, 0.018802
2.703100, 8.607198, 0.107404
2.703100, 3.489348, -0.073104
2.703100, 2.702752, 0.000099
2.703100, 3.517280, 0.074772
2.703100, 8.433615, -0.110018
2.703100, 2.819631, -0.018211
2.703100, 2.784810, 0.014214
2.703100, 7.198208, 0.124446
2.703100, 3.765740, -0.087993
2.703100, 2.702259, -0.001888
2.703100, 3.231234, 0.055690
2.703100, 10.561269, -0.066762
2.703100, 2.897340, -0.026617
2.703100, 2.725657, 0.007039
2.703100, 4.954519, 0.122346
2.703100, 4.844257, -0.120618
2.703100, 2.722839, -0.006658
2.703100, 2.905133, 0.027409
2.703100, 10.712636, 0.062338
2.703100, 3.212934, -0.054306
2.703100, 2.702297, 0.002025
2.703100, 3.786275, 0.088965
2.703100, 7.117039, -0.125111
2.703100, 2.782601, -0.013960
2.703100, 2.821452, 0.018420
2.703100, 8.495193, 0.109107
2.703100, 3.507223, -0.074176
2.703100, 2.702726, -0.000031
2.703100, 3.498530, 0.073656
2.703100, 8.549254, -0.108292
2.703100, 2.823066, -0.018604
2.703100, 2.780790, 0.013750
2.703100, 7.050135, 0.125630
2.703100, 3.803727, -0.089776
2.703100, 2.702363, -0.002138
2.703100, 3.198500, 0.053199
2.703100, 10.830568, -0.058658
2.703100, 2.911662, -0.028066
2.703100, 2.720794, 0.006376
2.703100, 4.763527, 0.119204
2.703100, 5.042718, -0.123570
2.703100, 2.727927, -0.007339
2.703100, 2.891837, 0.026053
2.703100, 10.447361, 0.069904
2.703100, 3.244926, -0.056712
2.703100, 2.702259, 0.001789
2.703100, 3.751381, 0.087303
2.703100, 7.256591, -0.123943
2.703100, 2.786407, -0.014397
2.703100, 2.818407, 0.018069
2.703100, 8.391859, 0.110626
2.703100, 3.524197, -0.075178
2.703100, 2.702787, -0.000143
2.703100, 3.483598, 0.072755
2.703100, 8.643934, -0.106833
2.703100, 2.825930, -0.018927
2.703100, 2.777935, 0.013417
2.703100, 6.943943, 0.126396
2.703100, 3.832467, -0.091087
2.703100, 2.702541, -0.002314
2.703100, 3.177054, 0.051529
2.703100, 11.001729, -0.052864
2.703100, 2.922054, -0.029100
2.703100, 2.718072, 0.005986
2.703100, 4.654550, 0.117084
2.703100, 5.173321, -0.125140
2.703100, 2.731307, -0.007777
2.703100, 2.884690, 0.025314
2.703100, 10.290652, 0.074001
2.703100, 3.263757, -0.058097
2.703100, 2.702309, 0.001659
2.703100, 3.733370, 0.086425
2.703100, 7.331802, -0.123267
2.703100, 2.788479, -0.014632
2.703100, 2.817061, 0.017911
2.703100, 8.345334, 0.111294
2.703100, 3.532002, -0.075634
2.703100, 2.702880, -0.000188
2.703100, 3.478860, 0.072466
2.703100, 8.674494, -0.106354
2.703100, 2.826875, -0.019031
2.703100, 2.777357, 0.013346
2.703100, 6.921912, 0.126546
2.703100, 3.838600, -0.091362
2.703100, 2.702622, -0.002347
2.703100, 3.173861, 0.051277
2.703100, 11.026665, -0.051966
2.703100, 2.923681, -0.029260
2.703100, 2.717785, 0.005941
2.703100, 4.642475, 0.116833
2.703100, 5.188695, -0.125307
2.703100, 2.731716, -0.007827
2.703100, 2.884185, 0.025260
2.703100, 10.279065, 0.074295
2.703100, 3.265155, -0.058199
2.703100, 2.702371, 0.001656
2.703100, 3.733989, 0.086455
2.703100, 7.329203, -0.123290
2.703100, 2.788424, -0.014622
2.703100, 2.817606, 0.017969
2.703100, 8.363234, 0.111038
2.703100, 3.528998, -0.075458
2.703100, 2.702988, -0.000154
2.703100, 3.485388, 0.072862
2.703100, 8.632556, -0.107011
2.703100, 2.825620, -0.018885
2.703100, 2.779256, 0.013563
2.703100, 6.991837, 0.126059
2.703100, 3.819353, -0.090492
2.703100, 2.702564, -0.002222
2.703100, 3.190157, 0.052552
2.703100, 10.897898, -0.056449
2.703100, 2.915618, -0.028459
2.703100, 2.719979, 0.006253
2.703100, 4.729883, 0.118576
2.703100, 5.081552, -0.124066
2.703100, 2.728957, -0.007467
2.703100, 2.890429, 0.025905
2.703100, 10.416928, 0.070719
2.703100, 3.248588, -0.056982
2.703100, 2.702425, 0.001782
2.703100, 3.753150, 0.087387
2.703100, 7.249386, -0.124006
2.703100, 2.786257, -0.014369
2.703100, 2.819904, 0.018229
2.703100, 8.440750, 0.109913
2.703100, 3.516130, -0.074701
2.703100, 2.703087, -0.000052
2.703100, 3.501469, 0.073830
2.703100, 8.531042, -0.108568
2.703100, 2.822586, -0.018535
2.703100, 2.783160, 0.014012
2.703100, 7.135619, 0.124962
2.703100, 3.781530, -0.088740
2.703100, 2.702470, -0.001973
2.703100, 3.222969, 0.055066
2.703100, 10.629904, -0.064794
2.703100, 2.900818, -0.026968
2.703100, 2.724803, 0.006915
2.703100, 4.919740, 0.121825
2.703100, 4.877863, -0.121169
2.703100, 2.723733, -0.006771
2.703100, 2.903796, 0.027270
2.703100, 10.687155, 0.063104
2.703100, 3.216039, -0.054541
2.703100, 2.702484, 0.002025
2.703100, 3.789316, 0.089106
2.703100, 7.105308, -0.125204
2.703100, 2.782336, -0.013917
2.703100, 2.823247, 0.018611
2.703100, 8.553240, 0.108231
2.703100, 3.497917, -0.073617
2.703100, 2.703073, 0.000075
2.703100, 3.519225, 0.074884
2.703100, 8.421960, -0.110188
2.703100, 2.819347, -0.018166
2.703100, 2.786833, 0.014436
2.703100, 7.270581, 0.123819
2.703100, 3.748004, -0.087139
2.703100, 2.702416, -0.001748
2.703100, 3.253189, 0.057321
2.703100, 10.378609, -0.071731
2.703100, 2.888660, -0.025723
2.703100, 2.729727, 0.007567
2.703100, 5.111445, 0.124431
2.703100, 4.704717, -0.118091
2.703100, 2.719346, -0.006163
2.703100, 2.917863, 0.028682
2.703100, 10.934952, 0.055196
2.703100, 3.185517, -0.052191
2.703100, 2.702582, 0.002258
2.703100, 3.824892, 0.090744
2.703100, 6.971497, -0.126204
2.703100, 2.778704, -0.013500
2.703100, 2.826023, 0.018931
2.703100, 8.645988, 0.106801
2.703100, 3.483290, -0.072735
2.703100, 2.702966, 0.000166
2.703100, 3.530383, 0.075539
2.703100, 8.354983, -0.111156
2.703100, 2.817360, -0.017942
2.703100, 2.788595, 0.014642
2.703100, 7.335562, 0.123232
2.703100, 3.732487, -0.086382
2.703100, 2.702359, -0.001647
2.703100, 3.266221, 0.058277
2.703100, 10.270204, -0.074518
2.703100, 2.883794, -0.025219
2.703100, 2.731876, 0.007848
2.703100, 5.194949, 0.125374
2.703100, 4.637604, -0.116731
2.703100, 2.717662, -0.005923
2.703100, 2.924111, 0.029303
2.703100, 11.033197, 0.051729
2.703100, 3.173020, -0.051211
2.703100, 2.702618, 0.002353
2.703100, 3.839358, 0.091396
2.703100, 6.919201, -0.126564
2.703100, 2.777281, -0.013338
2.703100, 2.826860, 0.019030
2.703100, 8.674129, 0.106359
2.703100, 3.478915, -0.072470
2.703100, 2.702861, 0.000185
2.703100, 3.531323, 0.075595
2.703100, 8.349353, -0.111237
2.703100, 2.817175, -0.017925
2.703100, 2.788242, 0.014605
2.703100, 7.323265, 0.123345
2.703100, 3.735387, -0.086524
2.703100, 2.702297, -0.001674
2.703100, 3.261442, 0.057928
2.703100, 10.309882, -0.073511
2.703100, 2.885543, -0.025402
2.703100, 2.730869, 0.007721
2.703100, 5.156430, 0.124953
2.703100, 4.667992, -0.117359
2.703100, 2.718404, -0.006035
2.703100, 2.920639, 0.028960
2.703100, 10.979609, 0.053648
2.703100, 3.179870, -0.051750
2.703100, 2.702510, 0.002290
2.703100, 3.828420, 0.090904
2.703100, 6.958605, -0.126294
2.703100, 2.778328, -0.013463
2.703100, 2.825501, 0.018879
2.703100, 8.629841, 0.107053
2.703100, 3.485798, -0.072889
2.703100, 2.702771, 0.000126
2.703100, 3.521474, 0.075018
2.703100, 8.408243, -0.110389
2.703100, 2.818886, -0.018125
2.703100, 2.785769, 0.014324
2.703100, 7.233292, 0.124146
2.703100, 3.757071, -0.087578
2.703100, 2.702256, -0.001829
2.703100, 3.239405, 0.056301
2.703100, 10.493322, -0.068654
2.703100, 2.894024, -0.026278
2.703100, 2.726995, 0.007216
2.703100, 5.006561, 0.123085
2.703100, 4.795876, -0.119786
2.703100, 2.721611, -0.006489
2.703100, 2.908948, 0.027793
2.703100, 10.782531, 0.060184
2.703100, 3.204405, -0.053654
2.703100, 2.702331, 0.002091
2.703100, 3.796438, 0.089439
2.703100, 7.077849, -0.125418
2.703100, 2.781539, -0.013837
2.703100, 2.822384, 0.018526
2.703100, 8.526461, 0.108637
2.703100, 3.502180, -0.073875
2.703100, 2.702723, 0.000005
2.703100, 3.503484, 0.073953
2.703100, 8.518349, -0.108760
2.703100, 2.822141, -0.018499
2.703100, 2.781811, 0.013868
2.703100, 7.087888, 0.125340
2.703100, 3.793819, -0.089317
2.703100, 2.702322, -0.002074
2.703100, 3.206570, 0.053820
2.703100, 10.764840, -0.060736
2.703100, 2.907968, -0.027695
2.703100, 2.721917, 0.006532
2.703100, 4.807974, 0.119999
2.703100, 4.993324, -0.122901
2.703100, 2.726654, -0.007171
2.703100, 2.894848, 0.026362
2.703100, 10.510404, 0.068183
2.703100, 3.237352, -0.056148
2.703100, 2.702256, 0.001844
2.703100, 3.759221, 0.087681
2.703100, 7.224543, -0.124221
2.703100, 2.785529, -0.014296
2.703100, 2.819070, 0.018146
2.703100, 8.414498, 0.110298
2.703100, 3.520437, -0.074958
2.703100, 2.702766, -0.000119
2.703100, 3.486658, 0.072941
2.703100, 8.624339, -0.107139
2.703100, 2.825333, -0.018860
2.703100, 2.778485, 0.013481
2.703100, 6.964479, 0.126253
2.703100, 3.826806, -0.090831
2.703100, 2.702498, -0.002280
2.703100, 3.181017, 0.051840
2.703100, 10.970566, -0.053965
2.703100, 2.920067, -0.028903
2.703100, 2.718542, 0.006055
2.703100, 4.673559, 0.117472
2.703100, 5.149503, -0.124875
2.703100, 2.730689, -0.007697
2.703100, 2.885901, 0.025439
2.703100, 10.317897, 0.073306
2.703100, 3.260478, -0.057858
2.703100, 2.702293, 0.001681
2.703100, 3.736257, 0.086567
2.703100, 7.319592, -0.123379
2.703100, 2.788140, -0.014594
2.703100, 2.817232, 0.017932
2.703100, 8.351320, 0.111209
2.703100, 3.530992, -0.075575
2.703100, 2.702854, -0.000183
2.703100, 3.479031, 0.072477
2.703100, 8.673377, -0.106371
2.703100, 2.826837, -0.019027
2.703100, 2.777276, 0.013338
2.703100, 6.919032, 0.126565
2.703100, 3.839405, -0.091398
2.703100, 2.702615, -0.002353
2.703100, 3.172889, 0.051201
2.703100, 11.034218, -0.051691
2.703100, 2.924178, -0.029309
2.703100, 2.717639, 0.005920
2.703100, 4.636701, 0.116712
2.703100, 5.196111, -0.125386
2.703100, 2.731905, -0.007852
2.703100, 2.883711, 0.025211
2.703100, 10.268334, 0.074565
2.703100, 3.266446, -0.058293
2.703100, 2.702355, 0.001645
2.703100, 3.732113, 0.086363
2.703100, 7.337147, -0.123217
2.703100, 2.788637, -0.014647
2.703100, 2.817289, 0.017934
2.703100, 8.352605, 0.111190
2.703100, 3.530782, -0.075562
2.703100, 2.702958, -0.000170
2.703100, 3.482642, 0.072696
2.703100, 8.650147, -0.106736
2.703100, 2.826148, -0.018946
2.703100, 2.778530, 0.013480
2.703100, 6.965067, 0.126249
2.703100, 3.826653, -0.090824
2.703100, 2.702589, -0.002269
2.703100, 3.184046, 0.052076
2.703100, 10.946636, -0.054795
2.703100, 2.918583, -0.028754
2.703100, 2.719148, 0.006135
2.703100, 4.696817, 0.117936
2.703100, 5.120984, -0.124544
2.703100, 2.729973, -0.007600
2.703100, 2.888103, 0.025665
2.703100, 10.366415, 0.072050
2.703100, 3.254654, -0.057429
2.703100, 2.702412, 0.001737
2.703100, 3.746353, 0.087058
2.703100, 7.277418, -0.123759
2.703100, 2.787019, -0.014458
2.703100, 2.819162, 0.018145
2.703100, 8.415710, 0.110279
2.703100, 3.520257, -0.074945
2.703100, 2.703067, -0.000083
2.703100, 3.496694, 0.073544
2.703100, 8.560910, -0.108114
2.703100, 2.823476, -0.018638
2.703100, 2.782047, 0.013884
2.703100, 7.094683, 0.125287
2.703100, 3.792068, -0.089234
2.703100, 2.702490, -0.002043
2.703100, 3.213610, 0.054356
2.703100, 10.707162, -0.062503
2.703100, 2.904857, -0.027378
2.703100, 2.723364, 0.006721
2.703100, 4.863405, 0.120934
2.703100, 4.934574, -0.122050
2.703100, 2.725183, -0.006966
2.703100, 2.899796, 0.026864
2.703100, 10.609862, 0.065375
2.703100, 3.225389, -0.055249
2.703100, 2.702465, 0.001955
2.703100, 3.778832, 0.088613
2.703100, 7.146213, -0.124876
2.703100, 2.783449, -0.014045
2.703100, 2.822351, 0.018508
2.703100, 8.523155, 0.108687
2.703100, 3.502736, -0.073905
2.703100, 2.703091, 0.000043
2.703100, 3.514990, 0.074634
2.703100, 8.447696, -0.109811
2.703100, 2.820110, -0.018252
2.703100, 2.786037, 0.014344
2.703100, 7.241312, 0.124076
2.703100, 3.755122, -0.087482
2.703100, 2.702429, -0.001795
2.703100, 3.246815, 0.056850
2.703100, 10.431699, -0.070324
2.703100, 2.891119, -0.025976
2.703100, 2.728662, 0.007428
2.703100, 5.070073, 0.123922
2.703100, 4.739716, -0.118762
2.703100, 2.720228, -0.006288
2.703100, 2.914761, 0.028373
2.703100, 10.883502, 0.056928
2.703100, 3.191951, -0.052691
2.703100, 2.702557, 0.002208
2.703100, 3.817221, 0.090395
2.703100, 6.999712, -0.126002
2.703100, 2.779469, -0.013588
2.703100, 2.825462, 0.018866
2.703100, 8.627266, 0.107093
2.703100, 3.486216, -0.072912
2.703100, 2.702995, 0.000149
2.703100, 3.528421, 0.075424
2.703100, 8.366674, -0.110989
2.703100, 2.817708, -0.017981
2.703100, 2.788346, 0.014612
2.703100, 7.326288, 0.123317
2.703100, 3.734678, -0.086489
2.703100, 2.702375, -0.001660
2.703100, 3.264623, 0.058160
2.703100, 10.283482, -0.074183
2.703100, 2.884380, -0.025280
2.703100, 2.731632, 0.007816
2.703100, 5.185414, 0.125272
2.703100, 4.645040, -0.116886
2.703100, 2.717850, -0.005950
2.703100, 2.923443, 0.029236
2.703100, 11.023033, 0.052098
2.703100, 3.174328, -0.051314
2.703100, 2.702622, 0.002344
2.703100, 3.838106, 0.091339
2.703100, 6.923681, -0.126534
2.703100, 2.777405, -0.013352
2.703100, 2.826860, 0.019029
2.703100, 8.673977, 0.106362
2.703100, 3.478940, -0.072471
2.703100, 2.702886, 0.000188
2.703100, 3.532145, 0.075642
2.703100, 8.344493, -0.111306
2.703100, 2.817038, -0.017908
2.703100, 2.788543, 0.014639
2.703100, 7.334113, 0.123245
2.703100, 3.732825, -0.086399
2.703100, 2.702313, -0.001655
2.703100, 3.264415, 0.058145
2.703100, 10.285184, -0.074140
2.703100, 2.884449, -0.025288
2.703100, 2.731435, 0.007793
2.703100, 5.178223, 0.125194
2.703100, 4.650683, -0.117004
2.703100, 2.717977, -0.005972
2.703100, 2.922472, 0.029141
2.703100, 11.008195, 0.052633
2.703100, 3.176228, -0.051464
2.703100, 2.702551, 0.002321
2.703100, 3.833685, 0.091141
2.703100, 6.939550, -0.126426
2.703100, 2.777818, -0.013403
2.703100, 2.826064, 0.018942
2.703100, 8.648299, 0.106765
2.703100, 3.482919, -0.072714
2.703100, 2.702793, 0.000149
2.703100, 3.525069, 0.075229
2.703100, 8.386632, -0.110702
2.703100, 2.818255, -0.018052
2.703100, 2.786614, 0.014420
2.703100, 7.264165, 0.123876
2.703100, 3.749543, -0.087214
2.703100, 2.702261, -0.001776
2.703100, 3.246739, 0.056846
2.703100, 10.432257, -0.070310
2.703100, 2.891128, -0.025980
2.703100, 2.728238, 0.007379
2.703100, 5.054779, 0.123727
2.703100, 4.752958, -0.119009
2.703100, 2.720527, -0.006338
2.703100, 2.912580, 0.028158
2.703100, 10.846504, 0.058143
2.703100, 3.196532, -0.053047
2.703100, 2.702374, 0.002153
2.703100, 3.806206, 0.089891
2.703100, 7.040782, -0.125700
2.703100, 2.780537, -0.013721
2.703100, 2.823301, 0.018631
2.703100, 8.557087, 0.108173
2.703100, 3.497280, -0.073581
2.703100, 2.702728, 0.000040
2.703100, 3.508534, 0.074254
2.703100, 8.487106, -0.109227
2.703100, 2.821212, -0.018393
2.703100, 2.782882, 0.013992
2.703100, 7.127394, 0.125028
2.703100, 3.783617, -0.088840
2.703100, 2.702289, -0.002008
2.703100, 3.215222, 0.054480
2.703100, 10.693806, -0.062905
2.703100, 2.904130, -0.027307
2.703100, 2.723177, 0.006705
2.703100, 4.857560, 0.120839
2.703100, 4.940618, -0.122141
2.703100, 2.725301, -0.006991
2.703100, 2.898262, 0.026711
2.703100, 10.579784, 0.066237
2.703100, 3.229005, -0.055523
2.703100, 2.702261, 0.001905
2.703100, 3.768156, 0.088108
2.703100, 7.188514, -0.124527
2.703100, 2.784545, -0.014184
2.703100, 2.819841, 0.018235
2.703100, 8.440757, 0.109913
2.703100, 3.516105, -0.074702
2.703100, 2.702748, -0.000091
2.703100, 3.490373, 0.073166
2.703100, 8.600684, -0.107505
2.703100, 2.824616, -0.018779
2.703100, 2.779182, 0.013563
2.703100, 6.990441, 0.126069
2.703100, 3.819721, -0.090510
2.703100, 2.702450, -0.002237
2.703100, 3.186178, 0.052243
2.703100, 10.929637, -0.055378
2.703100, 2.917527, -0.028651
2.703100, 2.719179, 0.006147
2.703100, 4.699164, 0.117982
2.703100, 5.118135, -0.124511
2.703100, 2.729876, -0.007593
2.703100, 2.887564, 0.025612
2.703100, 10.354861, 0.072352
2.703100, 3.256035, -0.057532
2.703100, 2.702278, 0.001711
2.703100, 3.740404, 0.086770
2.703100, 7.302163, -0.123537
2.703100, 2.787659, -0.014539
2.703100, 2.817528, 0.017967
2.703100, 8.361598, 0.111062
2.703100, 3.529261, -0.075474
2.703100, 2.702829, -0.000174
2.703100, 3.479943, 0.072532
2.703100, 8.667477, -0.106464
2.703100, 2.826653, -0.019008
2.703100, 2.777355, 0.013348
2.703100, 6.922140, 0.126544
2.703100, 3.838534, -0.091359
2.703100, 2.702598, -0.002349
2.703100, 3.173165, 0.051223
2.703100, 11.032065, -0.051770
2.703100, 2.924034, -0.029295
2.703100, 2.717645, 0.005922
2.703100, 4.637073, 0.116720
2.703100, 5.195631, -0.125381
2.703100, 2.731890, -0.007851
2.703100, 2.883654, 0.025205
2.703100, 10.267066, 0.074597
2.703100, 3.266598, -0.058304
2.703100, 2.702339, 0.001642
2.703100, 3.731410, 0.086329
2.703100, 7.340128, -0.123190
2.703100, 2.788715, -0.014657
2.703100, 2.817090, 0.017912
2.703100, 8.345990, 0.111285
2.703100, 3.531895, -0.075627
2.703100, 2.702929, -0.000181
2.703100, 3.480587, 0.072571
2.703100, 8.663363, -0.106529
2.703100, 2.826545, -0.018992
2.703100, 2.777956, 0.013414
2.703100, 6.943891, 0.126396
2.703100, 3.832488, -0.091087
2.703100, 2.702608, -0.002307
2.703100, 3.179170, 0.051694
2.703100, 10.985153, -0.053452
2.703100, 2.920999, -0.028994
2.703100, 2.718496, 0.006042
2.703100, 4.670841, 0.117417
2.703100, 5.152886, -0.124913
2.703100, 2.730794, -0.007707
2.703100, 2.886258, 0.025474
2.703100, 10.325645, 0.073107
2.703100, 3.259552, -0.057789
2.703100, 2.702398, 0.001700
2.703100, 3.740758, 0.086786
2.703100, 7.300725, -0.123550
2.703100, 2.787653, -0.014531
2.703100, 2.818505, 0.018070
2.703100, 8.393547, 0.110601
2.703100, 3.523934, -0.075161
2.703100, 2.703041, -0.000112
2.703100, 3.492182, 0.073272
2.703100, 8.589350, -0.107679
2.703100, 2.824326, -0.018735
2.703100, 2.780961, 0.013759
2.703100, 7.054681, 0.125595
2.703100, 3.802540, -0.089720
2.703100, 2.702515, -0.002112
2.703100, 3.204474, 0.053657
2.703100, 10.782041, -0.060199
2.703100, 2.908937, -0.027789
2.703100, 2.722008, 0.006535
2.703100, 4.810090, 0.120035
2.703100, 4.991033, -0.122869
2.703100, 2.726630, -0.007159
2.703100, 2.896046, 0.026481
2.703100, 10.534640, 0.067510
2.703100, 3.234448, -0.055930
2.703100, 2.702450, 0.001887
2.703100, 3.768791, 0.088137
2.703100, 7.186041, -0.124547
2.703100, 2.784533, -0.014170
2.703100, 2.821447, 0.018405
2.703100, 8.492739, 0.109143
2.703100, 3.507646, -0.074198
2.703100, 2.703099, 0.000010
2.703100, 3.510363, 0.074359
2.703100, 8.476013, -0.109392
2.703100, 2.820950, -0.018348
2.703100, 2.785107, 0.014236
2.703100, 7.207131, 0.124370
2.703100, 3.763539, -0.087886
2.703100, 2.702442, -0.001852
2.703100, 3.239206, 0.056285
2.703100, 10.495064, -0.068606
2.703100, 2.894125, -0.026285
2.703100, 2.727405, 0.007262
2.703100, 5.021200, 0.123284
2.703100, 4.782665, -0.119551
2.703100, 2.721313, -0.006439
2.703100, 2.911144, 0.028011
2.703100, 10.821236, 0.058957
2.703100, 3.199659, -0.053287
2.703100, 2.702530, 0.002149
2.703100, 3.808141, 0.089979
2.703100, 7.033558, -0.125754
2.703100, 2.780387, -0.013693
2.703100, 2.824767, 0.018786
2.703100, 8.604096, 0.107452
2.703100, 3.489855, -0.073132
2.703100, 2.703025, 0.000127
2.703100, 3.525742, 0.075267
2.703100, 8.382693, -0.110758
2.703100, 2.818183, -0.018034
2.703100, 2.787946, 0.014565
2.703100, 7.311508, 0.123452
2.703100, 3.738186, -0.086661
2.703100, 2.702390, -0.001683
2.703100, 3.261750, 0.057950
2.703100, 10.307369, -0.073575
2.703100, 2.885441, -0.025390
2.703100, 2.731161, 0.007755
2.703100, 5.167120, 0.125072
2.703100, 4.659467, -0.117185
2.703100, 2.718211, -0.006002
2.703100, 2.922076, 0.029101
2.703100, 11.001985, 0.052855
2.703100, 3.177025, -0.051526
2.703100, 2.702616, 0.002323
2.703100, 3.835028, 0.091201
2.703100, 6.934731, -0.126459
2.703100, 2.777707, -0.013386
2.703100, 2.826703, 0.019010
2.703100, 8.668659, 0.106445
2.703100, 3.479765, -0.072521
2.703100, 2.702913, 0.000185
2.703100, 3.532203, 0.075645
2.703100, 8.344157, -0.111311
2.703100, 2.817033, -0.017907
2.703100, 2.788696, 0.014655
2.703100, 7.339522, 0.123195
2.703100, 3.731552, -0.086336
2.703100, 2.702329, -0.001644
2.703100, 3.266165, 0.058273
2.703100, 10.270655, -0.074507
2.703100, 2.883811, -0.025222
2.703100, 2.731789, 0.007838
2.703100, 5.191783, 0.125340
2.703100, 4.640065, -0.116783
2.703100, 2.717717, -0.005933
2.703100, 2.923665, 0.029259
2.703100, 11.026463, 0.051974
2.703100, 3.173886, -0.051279
2.703100, 2.702584, 0.002342
2.703100, 3.837291, 0.091303
2.703100, 6.926590, -0.126514
2.703100, 2.777473, -0.013362
2.703100, 2.826484, 0.018989
2.703100, 8.662013, 0.106550
2.703100, 3.480789, -0.072584
2.703100, 2.702816, 0.000167
2.703100, 3.527967, 0.075399
2.703100, 8.369306, -0.110951
2.703100, 2.817751, -0.017993
2.703100, 2.787325, 0.014501
2.703100, 7.290043, 0.123646
2.703100, 3.743304, -0.086911
2.703100, 2.702271, -0.001732
2.703100, 3.253026, 0.057311
2.703100, 10.379905, -0.071698
2.703100, 2.888705, -0.025730
2.703100, 2.729337, 0.007523
2.703100, 5.097327, 0.124261
2.703100, 4.716518, -0.118320
2.703100, 2.719613, -0.006209
2.703100, 2.915877, 0.028487
2.703100, 10.902427, 0.056298
2.703100, 3.189585, -0.052508
2.703100, 2.702423, 0.002209
2.703100, 3.815181, 0.090303
2.703100, 7.007232, -0.125948
2.703100, 2.779633, -0.013616
2.703100, 2.824167, 0.018729
2.703100, 8.585848, 0.107733
2.703100, 3.492715, -0.073307
2.703100, 2.702739, 0.000073
2.703100, 3.513474, 0.074547
2.703100, 8.456801, -0.109677
2.703100, 2.820315, -0.018290
2.703100, 2.783959, 0.014116
2.703100, 7.167010, 0.124706
2.703100, 3.773552, -0.088365
2.703100, 2.702268, -0.001941
2.703100, 3.224101, 0.055153
2.703100, 10.620444, -0.065069
2.703100, 2.900316, -0.026920
2.703100, 2.724529, 0.006888
2.703100, 4.910500, 0.121683
2.703100, 4.886957, -0.121314
2.703100, 2.723927, -0.006806
2.703100, 2.901978, 0.027089
2.703100, 10.652766, 0.064125
2.703100, 3.220195, -0.054858
2.703100, 2.702276, 0.001970
2.703100, 3.777931, 0.088572
2.703100, 7.149693, -0.124848
2.703100, 2.783488, -0.014062
2.703100, 2.820702, 0.018334
2.703100, 8.469927, 0.109483
2.703100, 3.511329, -0.074420
2.703100, 2.702733, -0.000059
2.703100, 3.494670, 0.073425
2.703100, 8.573508, -0.107923
2.703100, 2.823795, -0.018687
2.703100, 2.780017, 0.013660
2.703100, 7.021471, 0.125844
2.703100, 3.811356, -0.090128
2.703100, 2.702401, -0.002186
2.703100, 3.192511, 0.052736
2.703100, 10.878937, -0.057080
2.703100, 2.914478, -0.028347
2.703100, 2.719993, 0.006263
2.703100, 4.731700, 0.118611
2.703100, 5.079415, -0.124040
2.703100, 2.728874, -0.007463
2.703100, 2.889710, 0.025834
2.703100, 10.401763, 0.071121
2.703100, 3.250401, -0.057117
2.703100, 2.702266, 0.001750
2.703100, 3.745882, 0.087037
2.703100, 7.279317, -0.123742
2.703100, 2.787030, -0.014468
2.703100, 2.817956, 0.018017
2.703100, 8.376371, 0.110850
2.703100, 3.526784, -0.075330
2.703100, 2.702806, -0.000159
2.703100, 3.481629, 0.072635
2.703100, 8.656598, -0.106635
2.703100, 2.826318, -0.018970
2.703100, 2.777604, 0.013377
2.703100, 6.931504, 0.126481
2.703100, 3.835921, -0.091242
2.703100, 2.702571, -0.002335
2.703100, 3.174749, 0.051347
2.703100, 11.019736, -0.052217
2.703100, 2.923223, -0.029215
2.703100, 2.717810, 0.005947
2.703100, 4.643896, 0.116863
2.703100, 5.186873, -0.125287
2.703100, 2.731661, -0.007822
2.703100, 2.884034, 0.025245
2.703100, 10.275758, 0.074378
2.703100, 3.265550, -0.058228
2.703100, 2.702322, 0.001648
2.703100, 3.731949, 0.086356
2.703100, 7.337831, -0.123211
2.703100, 2.788647, -0.014650
2.703100, 2.817019, 0.017905
2.703100, 8.343730, 0.111317
2.703100, 3.532275, -0.075650
2.703100, 2.702901, -0.000187
2.703100, 3.479300, 0.072493
2.703100, 8.671659, -0.106398
2.703100, 2.826792, -0.019021
2.703100, 2.777552, 0.013368
2.703100, 6.929024, 0.126498
2.703100, 3.836616, -0.091273
2.703100, 2.702620, -0.002334
2.703100, 3.175659, 0.051419
2.703100, 11.012663, -0.052472
2.703100, 2.922767, -0.029169
2.703100, 2.718029, 0.005976
2.703100, 4.652201, 0.117035
2.703100, 5.176300, -0.125173
2.703100, 2.731397, -0.007785
2.703100, 2.884912, 0.025335
2.703100, 10.295479, 0.073878
2.703100, 3.263180, -0.058055
2.703100, 2.702383, 0.001672
2.703100, 3.736471, 0.086577
2.703100, 7.318722, -0.123386
2.703100, 2.788141, -0.014588
2.703100, 2.817958, 0.018009
2.703100, 8.375097, 0.110868
2.703100, 3.527011, -0.075341
2.703100, 2.703012, -0.000137
2.703100, 3.488166, 0.073030
2.703100, 8.614830, -0.107286
2.703100, 2.825089, -0.018823
2.703100, 2.779965, 0.013645
2.703100, 7.017992, 0.125869
2.703100, 3.812301, -0.090170
2.703100, 2.702542, -0.002176
2.703100, 3.196114, 0.053013
2.703100, 10.849955, -0.058030
2.703100, 2.912795, -0.028176
2.703100, 2.720809, 0.006369
2.703100, 4.762767, 0.119190
2.703100, 5.043590, -0.123581
2.703100, 2.727981, -0.007338
2.703100, 2.892733, 0.026142
2.703100, 10.465931, 0.069401
2.703100, 3.242705, -0.056545
2.703100, 2.702436, 0.001826
2.703100, 3.759674, 0.087701
2.703100, 7.222768, -0.124236
2.703100, 2.785532, -0.014285
2.703100, 2.820572, 0.018305
2.703100, 8.463264, 0.109581
2.703100, 3.512442, -0.074483
2.703100, 2.703097, -0.000025
2.703100, 3.505485, 0.074069
2.703100, 8.506096, -0.108943
2.703100, 2.821844, -0.018450
2.703100, 2.784062, 0.014116
2.703100, 7.168768, 0.124691
2.703100, 3.773126, -0.088343
2.703100, 2.702456, -0.001916
2.703100, 3.230529, 0.055636
2.703100, 10.567216, -0.066594
2.703100, 2.897654, -0.026646
2.703100, 2.725999, 0.007075
2.703100, 4.966435, 0.122519
2.703100, 4.832992, -0.120428
2.703100, 2.722590, -0.006615
2.703100, 2.907152, 0.027609
2.703100, 10.749662, 0.061206
2.703100, 3.208434, -0.053961
2.703100, 2.702503, 0.002082
2.703100, 3.797977, 0.089509
2.703100, 7.072030, -0.125463
2.703100, 2.781432, -0.013813
2.703100, 2.823960, 0.018693
2.703100, 8.577097, 0.107867
2.703100, 3.494122, -0.073389
2.703100, 2.703053, 0.000100
2.703100, 3.522379, 0.075069
2.703100, 8.402902, -0.110466
2.703100, 2.818782, -0.018102
2.703100, 2.787391, 0.014501
2.703100, 7.291076, 0.123637
2.703100, 3.743068, -0.086899
2.703100, 2.702404, -0.001715
2.703100, 3.257545, 0.057642
2.703100, 10.342351, -0.072676
2.703100, 2.887011, -0.025552
2.703100, 2.730458, 0.007663
2.703100, 5.139821, 0.124764
2.703100, 4.681397, -0.117629
2.703100, 2.718761, -0.006080
2.703100, 2.920008, 0.028896
2.703100, 10.969492, 0.054002
2.703100, 3.181158, -0.051850
2.703100, 2.702600, 0.002291
2.703100, 3.830113, 0.090980
2.703100, 6.952487, -0.126337
2.703100, 2.778189, -0.013441
2.703100, 2.826387, 0.018973
2.703100, 8.658111, 0.106611
2.703100, 3.481403, -0.072620
2.703100, 2.702942, 0.000177
2.703100, 3.531491, 0.075604
2.703100, 8.348394, -0.111250
2.703100, 2.817163, -0.017920
2.703100, 2.788698, 0.014655
2.703100, 7.339435, 0.123196
2.703100, 3.731573, -0.086337
2.703100, 2.702346, -0.001642
2.703100, 3.266672, 0.058310
2.703100, 10.266449, -0.074613
2.703100, 2.883628, -0.025202
2.703100, 2.731922, 0.007855
2.703100, 5.196823, 0.125394
2.703100, 4.636149, -0.116700
2.703100, 2.717623, -0.005919
2.703100, 2.924177, 0.029309
2.703100, 11.034216, 0.051692
2.703100, 3.172889, -0.051201
2.703100, 2.702607, 0.002352
2.703100, 3.839125, 0.091385
2.703100, 6.920029, -0.126558
2.703100, 2.777300, -0.013341
2.703100, 2.826752, 0.019018
2.703100, 8.670668, 0.106414
2.703100, 3.479449, -0.072502
2.703100, 2.702840, 0.000179
2.703100, 3.530112, 0.075524
2.703100, 8.356539, -0.111134
2.703100, 2.817381, -0.017950
2.703100, 2.787888, 0.014565
2.703100, 7.310484, 0.123462
2.703100, 3.738421, -0.086673
2.703100, 2.702284, -0.001697
2.703100, 3.258134, 0.057686
2.703100, 10.337389, -0.072804
2.703100, 2.886775, -0.025530
2.703100, 2.730257, 0.007642
2.703100, 5.132854, 0.124683
2.703100, 4.687067, -0.117743
2.703100, 2.718878, -0.006103
2.703100, 2.918710, 0.028769
2.703100, 10.948849, 0.054719
2.703100, 3.183761, -0.052054
2.703100, 2.702471, 0.002257
2.703100, 3.823005, 0.090659
2.703100, 6.978371, -0.126155
2.703100, 2.778858, -0.013525
2.703100, 2.824945, 0.018817
2.703100, 8.611562, 0.107337
2.703100, 3.488662, -0.073062
2.703100, 2.702755, 0.000104
2.703100, 3.518075, 0.074818
2.703100, 8.428795, -0.110089
2.703100, 2.819490, -0.018195
2.703100, 2.784990, 0.014235
2.703100, 7.204793, 0.124390
2.703100, 3.764103, -0.087915
2.703100, 2.702257, -0.001877
2.703100, 3.232756, 0.055804
2.703100, 10.548627, -0.067118
2.703100, 2.896715, -0.026553
2.703100, 2.725902, 0.007071
2.703100, 4.964079, 0.122485
2.703100, 4.835203, -0.120466
2.703100, 2.722608, -0.006627
2.703100, 2.905826, 0.027479
2.703100, 10.725546, 0.061946
2.703100, 3.211364, -0.054186
2.703100, 2.702302, 0.002037
2.703100, 3.788115, 0.089051
2.703100, 7.109893, -0.125168
2.703100, 2.782407, -0.013937
2.703100, 2.821619, 0.018439
2.703100, 8.500815, 0.109023
2.703100, 3.506313, -0.074122
2.703100, 2.702725, -0.000024
2.703100, 3.499406, 0.073709
2.703100, 8.543768, -0.108376
2.703100, 2.822902, -0.018585
2.703100, 2.780968, 0.013771
2.703100, 7.056738, 0.125580
2.703100, 3.801983, -0.089696
2.703100, 2.702355, -0.002127
2.703100, 3.199897, 0.053307
2.703100, 10.819233, -0.059021
2.703100, 2.911015, -0.028001
2.703100, 2.720984, 0.006402
2.703100, 4.771094, 0.119342
2.703100, 5.034160, -0.123457
2.703100, 2.727706, -0.007310
2.703100, 2.892347, 0.026106
2.703100, 10.458148, 0.069613
2.703100, 3.243630, -0.056616
2.703100, 2.702258, 0.001798
2.703100, 3.752704, 0.087367
2.703100, 7.251155, -0.123991
2.703100, 2.786258, -0.014380
2.703100, 2.818518, 0.018082
2.703100, 8.395642, 0.110571
2.703100, 3.523567, -0.075141
2.703100, 2.702783, -0.000139
2.703100, 3.484098, 0.072785
2.703100, 8.640729, -0.106883
2.703100, 2.825832, -0.018916
2.703100, 2.778023, 0.013427
2.703100, 6.947220, 0.126373
2.703100, 3.831560, -0.091046
2.703100, 2.702534, -0.002309
2.703100, 3.177676, 0.051578
2.703100, 10.996850, -0.053038
2.703100, 2.921740, -0.029069
2.703100, 2.718145, 0.005997
2.703100, 4.657490, 0.117144
2.703100, 5.169607, -0.125099
2.703100, 2.731211, -0.007764
2.703100, 2.884875, 0.025333
2.703100, 10.294834, 0.073895
2.703100, 3.263253, -0.058061
2.703100, 2.702306, 0.001662
2.703100, 3.733797, 0.086446
2.703100, 7.329990, -0.123283
2.703100, 2.788428, -0.014626
2.703100, 2.817083, 0.017914
2.703100, 8.346093, 0.111283
2.703100, 3.531874, -0.075627
2.703100, 2.702875, -0.000187
2.703100, 3.478835, 0.072465
2.703100, 8.674652, -0.106351
2.703100, 2.826879, -0.019031
2.703100, 2.777330, 0.013343
2.703100, 6.920941, 0.126552
2.703100, 3.838872, -0.091374
2.703100, 2.702622, -0.002349
2.703100, 3.173592, 0.051256
2.703100, 11.028762, -0.051890
2.703100, 2.923819, -0.029274
2.703100, 2.717747, 0.005935
2.703100, 4.640967, 0.116801
2.703100, 5.190628, -0.125328
2.703100, 2.731765, -0.007833
2.703100, 2.884068, 0.025248
2.703100, 10.276414, 0.074362
2.703100, 3.265474, -0.058222
2.703100, 2.702368, 0.001653
2.703100, 3.733562, 0.086434
2.703100, 7.331008, -0.123274
2.703100, 2.788473, -0.014628
2.703100, 2.817540, 0.017962
2.703100, 8.361021, 0.111070
2.703100, 3.529369, -0.075480
2.703100, 2.702982, -0.000157
2.703100, 3.484843, 0.072829
2.703100, 8.636042, -0.106956
2.703100, 2.825725, -0.018897
2.703100, 2.779114, 0.013547
2.703100, 6.986610, 0.126096
2.703100, 3.820772, -0.090557
2.703100, 2.702569, -0.002231
2.703100, 3.188966, 0.052459
2.703100, 10.907437, -0.056129
2.703100, 2.916191, -0.028516
2.703100, 2.719816, 0.006230
2.703100, 4.723386, 0.118452
2.703100, 5.089199, -0.124161
2.703100, 2.729154, -0.007492
2.703100, 2.889973, 0.025858
2.703100, 10.407107, 0.070980
2.703100, 3.249767, -0.057069
2.703100, 2.702423, 0.001773
2.703100, 3.751836, 0.087324
2.703100, 7.254781, -0.123959
2.703100, 2.786404, -0.014386
2.703100, 2.819764, 0.018213
2.703100, 8.436046, 0.109982
2.703100, 3.516903, -0.074747
2.703100, 2.703084, -0.000058
2.703100, 3.500597, 0.073777
2.703100, 8.536480, -0.108485
2.703100, 2.822748, -0.018554
2.703100, 2.782960, 0.013989
2.703100, 7.128258, 0.125021
2.703100, 3.783412, -0.088829
2.703100, 2.702473, -0.001985
2.703100, 3.221287, 0.054939
2.703100, 10.643824, -0.064387
2.703100, 2.901534, -0.027041
2.703100, 2.724541, 0.006880
2.703100, 4.909490, 0.121667
2.703100, 4.887967, -0.121330
2.703100, 2.723991, -0.006806
2.703100, 2.903064, 0.027196
2.703100, 10.673248, 0.063519
2.703100, 3.217725, -0.054669
2.703100, 2.702480, 0.002012
2.703100, 3.787413, 0.089016
2.703100, 7.112681, -0.125145
2.703100, 2.782537, -0.013940
2.703100, 2.823088, 0.018593
2.703100, 8.547885, 0.108313
2.703100, 3.498772, -0.073668
2.703100, 2.703077, 0.000070
2.703100, 3.518493, 0.074841
2.703100, 8.426395, -0.110123
2.703100, 2.819478, -0.018180
2.703100, 2.786700, 0.014420
2.703100, 7.265664, 0.123863
2.703100, 3.749194, -0.087196
2.703100, 2.702418, -0.001756
2.703100, 3.252130, 0.057243
2.703100, 10.387432, -0.071499
2.703100, 2.889065, -0.025764
2.703100, 2.729549, 0.007544
2.703100, 5.104550, 0.124348
2.703100, 4.710467, -0.118203
2.703100, 2.719491, -0.006184
2.703100, 2.917344, 0.028631
2.703100, 10.926462, 0.055486
2.703100, 3.186583, -0.052274
2.703100, 2.702578, 0.002249
2.703100, 3.823617, 0.090686
2.703100, 6.976165, -0.126171
2.703100, 2.778831, -0.013515
2.703100, 2.825932, 0.018921
2.703100, 8.642940, 0.106849
2.703100, 3.483766, -0.072764
2.703100, 2.702971, 0.000163
2.703100, 3.530080, 0.075521
2.703100, 8.356785, -0.111130
2.703100, 2.817414, -0.017948
2.703100, 2.788561, 0.014638
2.703100, 7.334271, 0.123244
2.703100, 3.732792, -0.086397
2.703100, 2.702362, -0.001649
2.703100, 3.266020, 0.058262
2.703100, 10.271871, -0.074476
2.703100, 2.883867, -0.025227
2.703100, 2.731847, 0.007844
2.703100, 5.193835, 0.125362
2.703100, 4.638470, -0.116749
2.703100, 2.717684, -0.005927
2.703100, 2.924039, 0.029296
2.703100, 11.032110, 0.051768
2.703100, 3.173161, -0.051222
2.703100, 2.702620, 0.002352
2.703100, 3.839260, 0.091391
2.703100, 6.919553, -0.126562
2.703100, 2.777291, -0.013339
2.703100, 2.826871, 0.019031
2.703100, 8.674462, 0.106354
2.703100, 3.478864, -0.072466
2.703100, 2.702865, 0.000186
2.703100, 3.531525, 0.075606
2.703100, 8.348158, -0.111254
2.703100, 2.817141, -0.017921
2.703100, 2.788306, 0.014612
2.703100, 7.325604, 0.123324
2.703100, 3.734834, -0.086497
2.703100, 2.702300, -0.001670
2.703100, 3.262064, 0.057974
2.703100, 10.304714, -0.073643
2.703100, 2.885313, -0.025378
2.703100, 2.730986, 0.007736
2.703100, 5.160928, 0.125003
2.703100, 4.664395, -0.117286
2.703100, 2.718315, -0.006022
2.703100, 2.921013, 0.028997
2.703100, 10.985485, 0.053441
2.703100, 3.179123, -0.051691
2.703100, 2.702518, 0.002297
2.703100, 3.829480, 0.090952
2.703100, 6.954754, -0.126321
2.703100, 2.778225, -0.013451
2.703100, 2.825612, 0.018891
2.703100, 8.633487, 0.106996
2.703100, 3.485228, -0.072854
2.703100, 2.702775, 0.000130
2.703100, 3.522168, 0.075059
2.703100, 8.404061, -0.110449
2.703100, 2.818764, -0.018111
2.703100, 2.785930, 0.014342
2.703100, 7.239183, 0.124095
2.703100, 3.755627, -0.087508
2.703100, 2.702256, -0.001819
2.703100, 3.240793, 0.056405
2.703100, 10.481767, -0.068970
2.703100, 2.893470, -0.026221
2.703100, 2.727227, 0.007247
2.703100, 5.015577, 0.123208
2.703100, 4.787715, -0.119641
2.703100, 2.721404, -0.006461
2.703100, 2.909620, 0.027861
2.703100, 10.794547, 0.059806
2.703100, 3.202932, -0.053540
2.703100, 2.702339, 0.002103
2.703100, 3.798237, 0.089522
2.703100, 7.070981, -0.125471
2.703100, 2.781353, -0.013815
2.703100, 2.822551, 0.018545
2.703100, 8.532054, 0.108553
2.703100, 3.501282, -0.073821
2.703100, 2.702723, 0.000011
2.703100, 3.504392, 0.074007
2.703100, 8.512716, -0.108844
2.703100, 2.821973, -0.018480
2.703100, 2.782001, 0.013890
2.703100, 7.094910, 0.125286
2.703100, 3.791993, -0.089232
2.703100, 2.702315, -0.002063
2.703100, 3.208093, 0.053936
2.703100, 10.752375, -0.061123
2.703100, 2.907284, -0.027626
2.703100, 2.722135, 0.006562
2.703100, 4.816558, 0.120147
2.703100, 4.984023, -0.122771
2.703100, 2.726415, -0.007139
2.703100, 2.895435, 0.026422
2.703100, 10.522486, 0.067849
2.703100, 3.235900, -0.056040
2.703100, 2.702256, 0.001854
2.703100, 3.760754, 0.087755
2.703100, 7.218326, -0.124275
2.703100, 2.785359, -0.014277
2.703100, 2.819201, 0.018161
2.703100, 8.418972, 0.110232
2.703100, 3.519697, -0.074914
2.703100, 2.702762, -0.000114
2.703100, 3.487281, 0.072978
2.703100, 8.620368, -0.107200
2.703100, 2.825212, -0.018847
2.703100, 2.778600, 0.013495
2.703100, 6.968761, 0.126223
2.703100, 3.825632, -0.090778
2.703100, 2.702490, -0.002273
2.703100, 3.181858, 0.051906
2.703100, 10.963920, -0.054197
2.703100, 2.919650, -0.028862
2.703100, 2.718644, 0.006070
2.703100, 4.677673, 0.117555
2.703100, 5.144408, -0.124817
2.703100, 2.730557, -0.007680
2.703100, 2.886166, 0.025467
2.703100, 10.323828, 0.073154
2.703100, 3.259765, -0.057806
2.703100, 2.702290, 0.001686
2.703100, 3.736909, 0.086599
2.703100, 7.316844, -0.123404
2.703100, 2.788064, -0.014585
2.703100, 2.817275, 0.017937
2.703100, 8.352850, 0.111187
2.703100, 3.530734, -0.075560
2.703100, 2.702850, -0.000182
2.703100, 3.479140, 0.072483
2.703100, 8.672669, -0.106382
2.703100, 2.826814, -0.019025
2.703100, 2.777278, 0.013338
2.703100, 6.919149, 0.126564
2.703100, 3.839372, -0.091396
2.703100, 2.702613, -0.002353
2.703100, 3.172846, 0.051197
2.703100, 11.034546, -0.051680
2.703100, 2.924199, -0.029311
2.703100, 2.717629, 0.005919
2.703100, 4.636316, 0.116704
2.703100, 5.196608, -0.125391
2.703100, 2.731917, -0.007854
2.703100, 2.883670, 0.025207
2.703100, 10.267408, 0.074589
2.703100, 3.266557, -0.058301
2.703100, 2.702352, 0.001644
2.703100, 3.731900, 0.086353
2.703100, 7.338051, -0.123209
2.703100, 2.788662, -0.014650
2.703100, 2.817244, 0.017929
2.703100, 8.351115, 0.111212
2.703100, 3.531033, -0.075577
2.703100, 2.702953, -0.000172
2.703100, 3.482220, 0.072670
2.703100, 8.652857, -0.106693
2.703100, 2.826230, -0.018955
2.703100, 2.778415, 0.013467
2.703100, 6.960832, 0.126279
2.703100, 3.827816, -0.090876
2.703100, 2.702592, -0.002276
2.703100, 3.183076, 0.052000
2.703100, 10.954329, -0.054530
2.703100, 2.919060, -0.028802
2.703100, 2.719017, 0.006117
2.703100, 4.691623, 0.117833
2.703100, 5.127296, -0.124618
2.703100, 2.730135, -0.007621
2.703100, 2.887735, 0.025627
2.703100, 10.358350, 0.072261
2.703100, 3.255623, -0.057501
2.703100, 2.702410, 0.001729
2.703100, 3.745256, 0.087005
2.703100, 7.281969, -0.123718
2.703100, 2.787143, -0.014472
2.703100, 2.819037, 0.018130
2.703100, 8.411493, 0.110341
2.703100, 3.520955, -0.074986
2.703100, 2.703062, -0.000089
2.703100, 3.495857, 0.073493
2.703100, 8.566169, -0.108034
2.703100, 2.823633, -0.018656
2.703100, 2.781848, 0.013861
2.703100, 7.087357, 0.125344
2.703100, 3.793972, -0.089323
2.703100, 2.702494, -0.002055
2.703100, 3.211935, 0.054228
2.703100, 10.720931, -0.062086
2.703100, 2.905595, -0.027452
2.703100, 2.723112, 0.006686
2.703100, 4.853507, 0.120771
2.703100, 4.944844, -0.122203
2.703100, 2.725446, -0.007001
2.703100, 2.899098, 0.026793
2.703100, 10.596058, 0.065772
2.703100, 3.227054, -0.055374
2.703100, 2.702462, 0.001942
2.703100, 3.776980, 0.088525
2.703100, 7.153511, -0.124817
2.703100, 2.783647, -0.014068
2.703100, 2.822188, 0.018490
2.703100, 8.517678, 0.108769
2.703100, 3.503617, -0.073958
2.703100, 2.703093, 0.000037
2.703100, 3.514184, 0.074586
2.703100, 8.452611, -0.109738
2.703100, 2.820256, -0.018269
2.703100, 2.785880, 0.014325
2.703100, 7.235524, 0.124126
2.703100, 3.756539, -0.087551
2.703100, 2.702431, -0.001805
2.703100, 3.245537, 0.056756
2.703100, 10.442341, -0.070039
2.703100, 2.891618, -0.026027
2.703100, 2.728449, 0.007400
2.703100, 5.061821, 0.123817
2.703100, 4.746843, -0.118895
2.703100, 2.720407, -0.006313
2.703100, 2.914147, 0.028312
2.703100, 10.873099, 0.057272
2.703100, 3.193244, -0.052791
2.703100, 2.702552, 0.002198
2.703100, 3.815689, 0.090325
2.703100, 7.005391, -0.125961
2.703100, 2.779623, -0.013606
2.703100, 2.825346, 0.018853
2.703100, 8.623424, 0.107153
2.703100, 3.486818, -0.072949
2.703100, 2.703001, 0.000145
2.703100, 3.527993, 0.075399
2.703100, 8.369229, -0.110952
2.703100, 2.817784, -0.017989
2.703100, 2.788285, 0.014605
2.703100, 7.324052, 0.123338
2.703100, 3.735208, -0.086515
2.703100, 2.702377, -0.001664
2.703100, 3.264204, 0.058130
2.703100, 10.286961, -0.074095
2.703100, 2.884534, -0.025296
2.703100, 2.731564, 0.007807
2.703100, 5.182795, 0.125243
2.703100, 4.647093, -0.116929
2.703100, 2.717901, -0.005957
2.703100, 2.923251, 0.029217
2.703100, 11.020086, 0.052205
2.703100, 3.174707, -0.051344
2.703100, 2.702622, 0.002341
2.703100, 3.837692, 0.091321
2.703100, 6.925166, -0.126524
2.703100, 2.777446, -0.013356
2.703100, 2.826844, 0.019027
2.703100, 8.673414, 0.106371
2.703100, 3.479028, -0.072476
2.703100, 2.702891, 0.000188
2.703100, 3.532213, 0.075646
2.703100, 8.344090, -0.111312
2.703100, 2.817027, -0.017907
2.703100, 2.788582, 0.014643
2.703100, 7.335497, 0.123233
2.703100, 3.732499, -0.086383
2.703100, 2.702316, -0.001652
2.703100, 3.264822, 0.058175
2.703100, 10.281801, -0.074225
2.703100, 2.884300, -0.025273
2.703100, 2.731515, 0.007803
2.703100, 5.181292, 0.125227
2.703100, 4.648270, -0.116954
2.703100, 2.717918, -0.005963
2.703100, 2.922736, 0.029167
2.703100, 11.012264, 0.052487
2.703100, 3.175707, -0.051423
2.703100, 2.702558, 0.002326
2.703100, 3.834462, 0.091176
2.703100, 6.936750, -0.126445
2.703100, 2.777743, -0.013394
2.703100, 2.826150, 0.018952
2.703100, 8.651134, 0.106721
2.703100, 3.482478, -0.072687
2.703100, 2.702797, 0.000152
2.703100, 3.525645, 0.075263
2.703100, 8.383183, -0.110752
2.703100, 2.818155, -0.018040
2.703100, 2.786753, 0.014436
2.703100, 7.269212, 0.123832
2.703100, 3.748321, -0.087155
2.703100, 2.702262, -0.001768
2.703100, 3.247953, 0.056936
2.703100, 10.422144, -0.070580
2.703100, 2.890656, -0.025931
2.703100, 2.728448, 0.007407
2.703100, 5.062905, 0.123831
2.703100, 4.745897, -0.118878
2.703100, 2.720350, -0.006313
2.703100, 2.913203, 0.028220
2.703100, 10.857220, 0.057794
2.703100, 3.195206, -0.052945
2.703100, 2.702383, 0.002164
2.703100, 3.807892, 0.089968
2.703100, 7.034444, -0.125747
2.703100, 2.780366, -0.013701
2.703100, 2.823462, 0.018649
2.703100, 8.562439, 0.108092
2.703100, 3.496428, -0.073530
2.703100, 2.702729, 0.000046
2.703100, 3.509438, 0.074307
2.703100, 8.481541, -0.109310
2.703100, 2.821047, -0.018374
2.703100, 2.783077, 0.014015
2.703100, 7.134572, 0.124971
2.703100, 3.781781, -0.088753
2.703100, 2.702285, -0.001996
2.703100, 3.216816, 0.054601
2.703100, 10.680669, -0.063298
2.703100, 2.903436, -0.027237
2.703100, 2.723416, 0.006737
2.703100, 4.866910, 0.120992
2.703100, 4.930950, -0.121996
2.703100, 2.725053, -0.006958
2.703100, 2.898913, 0.026778
2.703100, 10.592753, 0.065867
2.703100, 3.227442, -0.055405
2.703100, 2.702263, 0.001916
2.703100, 3.769864, 0.088190
2.703100, 7.181687, -0.124584
2.703100, 2.784359, -0.014162
2.703100, 2.819991, 0.018252
2.703100, 8.445820, 0.109839
2.703100, 3.515273, -0.074653
2.703100, 2.702745, -0.000085
2.703100, 3.491107, 0.073210
2.703100, 8.596032, -0.107577
2.703100, 2.824475, -0.018764
2.703100, 2.779322, 0.013579
2.703100, 6.995667, 0.126032
2.703100, 3.818304, -0.090445
2.703100, 2.702441, -0.002229
2.703100, 3.187233, 0.052325
2.703100, 10.921228, -0.055664
2.703100, 2.917014, -0.028600
2.703100, 2.719313, 0.006166
2.703100, 4.704500, 0.118087
2.703100, 5.111699, -0.124434
2.703100, 2.729709, -0.007571
2.703100, 2.887914, 0.025648
2.703100, 10.362566, 0.072151
2.703100, 3.255109, -0.057464
2.703100, 2.702276, 0.001718
2.703100, 3.741289, 0.086813
2.703100, 7.298456, -0.123571
2.703100, 2.787557, -0.014528
2.703100, 2.817595, 0.017975
2.703100, 8.363919, 0.111029
2.703100, 3.528871, -0.075452
2.703100, 2.702825, -0.000172
2.703100, 3.480187, 0.072547
2.703100, 8.665894, -0.106489
2.703100, 2.826604, -0.019002
2.703100, 2.777388, 0.013352
2.703100, 6.923352, 0.126536
2.703100, 3.838196, -0.091344
2.703100, 2.702594, -0.002347
2.703100, 3.173351, 0.051237
2.703100, 11.030621, -0.051823
2.703100, 2.923939, -0.029286
2.703100, 2.717662, 0.005925
2.703100, 4.637809, 0.116735
2.703100, 5.194684, -0.125371
2.703100, 2.731865, -0.007848
2.703100, 2.883689, 0.025209
2.703100, 10.267871, 0.074577
2.703100, 3.266501, -0.058297
2.703100, 2.702336, 0.001642
2.703100, 3.731412, 0.086329
2.703100, 7.340118, -0.123190
2.703100, 2.788714, -0.014657
2.703100, 2.817067, 0.017910
2.703100, 8.345247, 0.111295
2.703100, 3.532020, -0.075635
2.703100, 2.702924, -0.000183
2.703100, 3.480295, 0.072553
2.703100, 8.665240, -0.106499
2.703100, 2.826601, -0.018998
2.703100, 2.777870, 0.013404
2.703100, 6.940723, 0.126418
2.703100, 3.833365, -0.091126
2.703100, 2.702611, -0.002312
2.703100, 3.178432, 0.051636
2.703100, 10.990950, -0.053247
2.703100, 2.921368, -0.029031
2.703100, 2.718398, 0.006028
2.703100, 4.666930, 0.117337
2.703100, 5.157763, -0.124968
2.703100, 2.730920, -0.007723
2.703100, 2.885978, 0.025445
2.703100, 10.319397, 0.073267
2.703100, 3.260303, -0.057844
2.703100, 2.702395, 0.001694
2.703100, 3.739885, 0.086744
2.703100, 7.304379, -0.123517
2.703100, 2.787752, -0.014543
2.703100, 2.818397, 0.018058
2.703100, 8.389923, 0.110654
2.703100, 3.524537, -0.075196
2.703100, 2.703036, -0.000117
2.703100, 3.491414, 0.073226
2.703100, 8.594206, -0.107604
2.703100, 2.824471, -0.018752
2.703100, 2.780773, 0.013738
2.703100, 7.047756, 0.125647
2.703100, 3.804371, -0.089805
2.703100, 2.702519, -0.002124
2.703100, 3.202895, 0.053536
2.703100, 10.794919, -0.059794
2.703100, 2.909656, -0.027861
2.703100, 2.721779, 0.006503
2.703100, 4.801044, 0.119877
2.703100, 5.000897, -0.123006
2.703100, 2.726883, -0.007193
2.703100, 2.895413, 0.026417
2.703100, 10.521657, 0.067871
2.703100, 3.236010, -0.056046
2.703100, 2.702447, 0.001876
2.703100, 3.767067, 0.088055
2.703100, 7.192944, -0.124490
2.703100, 2.784720, -0.014192
2.703100, 2.821286, 0.018386
2.703100, 8.487318, 0.109224
2.703100, 3.508525, -0.074250
2.703100, 2.703100, 0.000003
2.703100, 3.509497, 0.074308
2.703100, 8.481338, -0.109313
2.703100, 2.821108, -0.018366
2.703100, 2.784926, 0.014215
2.703100, 7.200485, 0.124426
2.703100, 3.765189, -0.087965
2.703100, 2.702445, -0.001863
2.703100, 3.237711, 0.056173
2.703100, 10.507504, -0.068263
2.703100, 2.894726, -0.026346
2.703100, 2.727160, 0.007230
2.703100, 5.011685, 0.123155
2.703100, 4.791238, -0.119704
2.703100, 2.721530, -0.006469
2.703100, 2.910446, 0.027941
2.703100, 10.808935, 0.059350
2.703100, 3.201173, -0.053404
2.703100, 2.702525, 0.002137
2.703100, 3.806374, 0.089897
2.703100, 7.040202, -0.125704
2.703100, 2.780568, -0.013714
2.703100, 2.824629, 0.018770
2.703100, 8.599479, 0.107523
2.703100, 3.490582, -0.073176
2.703100, 2.703030, 0.000122
2.703100, 3.525184, 0.075234
2.703100, 8.386042, -0.110710
2.703100, 2.818282, -0.018045
2.703100, 2.787857, 0.014555
2.703100, 7.308234, 0.123482
2.703100, 3.738966, -0.086699
2.703100, 2.702392, -0.001688
2.703100, 3.261089, 0.057902
2.703100, 10.312863, -0.073435
2.703100, 2.885686, -0.025415
2.703100, 2.731051, 0.007740
2.703100, 5.162852, 0.125024
2.703100, 4.662864, -0.117254
2.703100, 2.718297, -0.006014
2.703100, 2.921754, 0.029069
2.703100, 10.996967, 0.053034
2.703100, 3.177665, -0.051576
2.703100, 2.702614, 0.002318
2.703100, 3.834274, 0.091167
2.703100, 6.937447, -0.126440
2.703100, 2.777781, -0.013394
2.703100, 2.826657, 0.019005
2.703100, 8.667134, 0.106469
2.703100, 3.480002, -0.072535
2.703100, 2.702918, 0.000184
2.703100, 3.532131, 0.075641
2.703100, 8.344591, -0.111305
2.703100, 2.817047, -0.017908
2.703100, 2.788707, 0.014657
2.703100, 7.339903, 0.123192
2.703100, 3.731462, -0.086332
2.703100, 2.702332, -0.001643
2.703100, 3.266346, 0.058286
2.703100, 10.269151, -0.074545
2.703100, 2.883745, -0.025215
2.703100, 2.731829, 0.007843
2.703100, 5.193311, 0.125356
2.703100, 4.638876, -0.116758
2.703100, 2.717688, -0.005929
2.703100, 2.923807, 0.029273
2.703100, 11.028621, 0.051895
2.703100, 3.173608, -0.051257
2.703100, 2.702589, 0.002345
2.703100, 3.837751, 0.091324
2.703100, 6.924941, -0.126525
2.703100, 2.777429, -0.013357
2.703100, 2.826544, 0.018995
2.703100, 8.663942, 0.106520
2.703100, 3.480490, -0.072566
2.703100, 2.702820, 0.000169
2.703100, 3.528409, 0.075425
2.703100, 8.366672, -0.110989
2.703100, 2.817675, -0.017984
2.703100, 2.787438, 0.014514
2.703100, 7.294126, 0.123610
2.703100, 3.742325, -0.086864
2.703100, 2.702273, -0.001725
2.703100, 3.254034, 0.057385
2.703100, 10.371515, -0.071917
2.703100, 2.888321, -0.025690
2.703100, 2.729517, 0.007546
2.703100, 5.104262, 0.124345
2.703100, 4.710701, -0.118208
2.703100, 2.719467, -0.006188
2.703100, 2.916424, 0.028541
2.703100, 10.911504, 0.055993
2.703100, 3.188450, -0.052420
2.703100, 2.702431, 0.002219
2.703100, 3.816682, 0.090371
2.703100, 7.001668, -0.125988
2.703100, 2.779484, -0.013598
2.703100, 2.824315, 0.018745
2.703100, 8.590729, 0.107658
2.703100, 3.491944, -0.073260
2.703100, 2.702742, 0.000079
2.703100, 3.514333, 0.074597
2.703100, 8.451556, -0.109754
2.703100, 2.820160, -0.018272
2.703100, 2.784150, 0.014138
2.703100, 7.173999, 0.124648
2.703100, 3.771793, -0.088281
2.703100, 2.702265, -0.001929
2.703100, 3.225689, 0.055273
2.703100, 10.607291, -0.065449
2.703100, 2.899647, -0.026852
2.703100, 2.724777, 0.006921
2.703100, 4.920182, 0.121832
2.703100, 4.877420, -0.121162
2.703100, 2.723684, -0.006774
2.703100, 2.902667, 0.027159
2.703100, 10.665995, 0.063734
2.703100, 3.218594, -0.054736
2.703100, 2.702280, 0.001982
2.703100, 3.779748, 0.088658
2.703100, 7.142544, -0.124906
2.703100, 2.783294, -0.014040
2.703100, 2.820865, 0.018353
2.703100, 8.475400, 0.109402
2.703100, 3.510438, -0.074367
2.703100, 2.702731, -0.000053
2.703100, 3.495495, 0.073474
2.703100, 8.568310, -0.108002
2.703100, 2.823638, -0.018669
2.703100, 2.780180, 0.013679
2.703100, 7.027540, 0.125799
2.703100, 3.809733, -0.090053
2.703100, 2.702392, -0.002175
2.703100, 3.193769, 0.052833
2.703100, 10.868813, -0.057414
2.703100, 2.913881, -0.028288
2.703100, 2.720159, 0.006286
2.703100, 4.738299, 0.118736
2.703100, 5.071712, -0.123943
2.703100, 2.728675, -0.007437
2.703100, 2.890149, 0.025879
2.703100, 10.411244, 0.070870
2.703100, 3.249262, -0.057033
2.703100, 2.702264, 0.001758
2.703100, 3.747013, 0.087092
2.703100, 7.274627, -0.123784
2.703100, 2.786901, -0.014453
2.703100, 2.818048, 0.018028
2.703100, 8.379515, 0.110804
2.703100, 3.526258, -0.075299
2.703100, 2.702801, -0.000156
2.703100, 3.482017, 0.072659
2.703100, 8.654101, -0.106674
2.703100, 2.826241, -0.018962
2.703100, 2.777667, 0.013385
2.703100, 6.933873, 0.126465
2.703100, 3.835262, -0.091212
2.703100, 2.702565, -0.002331
2.703100, 3.175179, 0.051381
2.703100, 11.016389, -0.052338
2.703100, 2.923005, -0.029194
2.703100, 2.717858, 0.005954
2.703100, 4.645844, 0.116903
2.703100, 5.184384, -0.125261
2.703100, 2.731595, -0.007814
2.703100, 2.884152, 0.025257
2.703100, 10.278431, 0.074311
2.703100, 3.265228, -0.058205
2.703100, 2.702319, 0.001650
2.703100, 3.732186, 0.086367
2.703100, 7.336826, -0.123220
2.703100, 2.788619, -0.014647
2.703100, 2.817020, 0.017906
2.703100, 8.343816, 0.111316
2.703100, 3.532260, -0.075649
2.703100, 2.702897, -0.000187
2.703100, 3.479156, 0.072484
2.703100, 8.672586, -0.106384
2.703100, 2.826820, -0.019024
2.703100, 2.777498, 0.013362
2.703100, 6.927074, 0.126511
2.703100, 3.837160, -0.091297
2.703100, 2.702621, -0.002337
2.703100, 3.175182, 0.051381
2.703100, 11.016384, -0.052338
2.703100, 2.923009, -0.029193
2.703100, 2.717965, 0.005967
2.703100, 4.649649, 0.116982
2.703100, 5.179541, -0.125208
2.703100, 2.731481, -0.007796
2.703100, 2.884724, 0.025316
2.703100, 10.291245, 0.073986
2.703100, 3.263689, -0.058092
2.703100, 2.702381, 0.001668
2.703100, 3.735848, 0.086546
2.703100, 7.321350, -0.123362
2.703100, 2.788212, -0.014597
2.703100, 2.817873, 0.017999
2.703100, 8.372238, 0.110909
2.703100, 3.527489, -0.075369
2.703100, 2.703007, -0.000141
2.703100, 3.487515, 0.072991
2.703100, 8.618980, -0.107221
2.703100, 2.825213, -0.018838
2.703100, 2.779801, 0.013626
2.703100, 7.011923, 0.125913
2.703100, 3.813930, -0.090244
2.703100, 2.702547, -0.002186
2.703100, 3.194732, 0.052907
2.703100, 10.861112, -0.057666
2.703100, 2.913444, -0.028241
2.703100, 2.720615, 0.006342
2.703100, 4.755078, 0.119048
2.703100, 5.052358, -0.123695
2.703100, 2.728206, -0.007368
2.703100, 2.892195, 0.026087
2.703100, 10.454573, 0.069709
2.703100, 3.244069, -0.056647
2.703100, 2.702434, 0.001816
2.703100, 3.758166, 0.087629
2.703100, 7.228898, -0.124184
2.703100, 2.785699, -0.014305
2.703100, 2.820421, 0.018288
2.703100, 8.458174, 0.109656
2.703100, 3.513273, -0.074532
2.703100, 2.703095, -0.000031
2.703100, 3.504600, 0.074017
2.703100, 8.511580, -0.108861
2.703100, 2.822007, -0.018469
2.703100, 2.783867, 0.014093
2.703100, 7.161574, 0.124750
2.703100, 3.774940, -0.088429
2.703100, 2.702459, -0.001928
2.703100, 3.228891, 0.055513
2.703100, 10.580810, -0.066208
2.703100, 2.898332, -0.026715
2.703100, 2.725737, 0.007041
2.703100, 4.956236, 0.122371
2.703100, 4.842634, -0.120590
2.703100, 2.722835, -0.006649
2.703100, 2.906415, 0.027535
2.703100, 10.736127, 0.061622
2.703100, 3.210085, -0.054087
2.703100, 2.702499, 0.002069
2.703100, 3.796085, 0.089421
2.703100, 7.079258, -0.125407
2.703100, 2.781628, -0.013836
2.703100, 2.823806, 0.018676
2.703100, 8.571956, 0.107946
2.703100, 3.494938, -0.073438
2.703100, 2.703058, 0.000094
2.703100, 3.521714, 0.075030
2.703100, 8.406915, -0.110407
2.703100, 2.818901, -0.018115
2.703100, 2.787276, 0.014487
2.703100, 7.286850, 0.123675
2.703100, 3.744082, -0.086948
2.703100, 2.702407, -0.001722
2.703100, 3.256656, 0.057577
2.703100, 10.349750, -0.072484
2.703100, 2.887345, -0.025587
2.703100, 2.730309, 0.007643
2.703100, 5.134028, 0.124697
2.703100, 4.686113, -0.117724
2.703100, 2.718879, -0.006097
2.703100, 2.919570, 0.028852
2.703100, 10.962497, 0.054246
2.703100, 3.182043, -0.051919
2.703100, 2.702597, 0.002284
2.703100, 3.829053, 0.090932
2.703100, 6.956335, -0.126310
2.703100, 2.778293, -0.013453
2.703100, 2.826315, 0.018965
2.703100, 8.655704, 0.106649
2.703100, 3.481777, -0.072643
2.703100, 2.702947, 0.000175
2.703100, 3.531286, 0.075592
2.703100, 8.349610, -0.111233
2.703100, 2.817199, -0.017924
2.703100, 2.788683, 0.014653
2.703100, 7.338869, 0.123201
2.703100, 3.731707, -0.086343
2.703100, 2.702349, -0.001643
2.703100, 3.266638, 0.058307
2.703100, 10.266733, -0.074606
2.703100, 2.883640, -0.025204
2.703100, 2.731923, 0.007855
2.703100, 5.196863, 0.125394
2.703100, 4.636118, -0.116700
2.703100, 2.717623, -0.005918
2.703100, 2.924199, 0.029311
2.703100, 11.034546, 0.051679
2.703100, 3.172846, -0.051197
2.703100, 2.702610, 0.002353
2.703100, 3.839272, 0.091392
2.703100, 6.919504, -0.126562
2.703100, 2.777287, -0.013339
2.703100, 2.826784, 0.019022
2.703100, 8.671701, 0.106398
2.703100, 3.479289, -0.072493
2.703100, 2.702845, 0.000181
2.703100, 3.530419, 0.075542
2.703100, 8.354714, -0.111160
2.703100, 2.817329, -0.017943
2.703100, 2.787974, 0.014575
2.703100, 7.313590, 0.123433
2.703100, 3.737682, -0.086637
2.703100, 2.702287, -0.001691
2.703100, 3.258928, 0.057744
2.703100, 10.330792, -0.072975
2.703100, 2.886478, -0.025499
2.703100, 2.730402, 0.007661
2.703100, 5.138460, 0.124748
2.703100, 4.682498, -0.117652
2.703100, 2.718764, -0.006087
2.703100, 2.919165, 0.028814
2.703100, 10.956161, 0.054466
2.703100, 3.182839, -0.051982
2.703100, 2.702480, 0.002265
2.703100, 3.824274, 0.090716
2.703100, 6.973725, -0.126188
2.703100, 2.778733, -0.013510
2.703100, 2.825074, 0.018831
2.703100, 8.615802, 0.107271
2.703100, 3.487997, -0.073022
2.703100, 2.702759, 0.000109
2.703100, 3.518852, 0.074864
2.703100, 8.424082, -0.110158
2.703100, 2.819351, -0.018179
2.703100, 2.785166, 0.014255
2.703100, 7.211267, 0.124335
2.703100, 3.762499, -0.087838
2.703100, 2.702257, -0.001866
2.703100, 3.234257, 0.055917
2.703100, 10.536149, -0.067468
2.703100, 2.896102, -0.026491
2.703100, 2.726146, 0.007104
2.703100, 4.973569, 0.122622
2.703100, 4.826290, -0.120314
2.703100, 2.722382, -0.006596
2.703100, 2.906518, 0.027549
2.703100, 10.738330, 0.061555
2.703100, 3.209807, -0.054067
2.703100, 2.702308, 0.002049
2.703100, 3.789954, 0.089137
2.703100, 7.102776, -0.125224
2.703100, 2.782214, -0.013915
2.703100, 2.821787, 0.018458
2.703100, 8.506449, 0.108938
2.703100, 3.505403, -0.074067
2.703100, 2.702724, -0.000018
2.703100, 3.500291, 0.073762
2.703100, 8.538241, -0.108459
2.703100, 2.822736, -0.018566
2.703100, 2.781149, 0.013792
2.703100, 7.063434, 0.125529
2.703100, 3.800219, -0.089614
2.703100, 2.702347, -0.002115
2.703100, 3.201320, 0.053416
2.703100, 10.807666, -0.059390
2.703100, 2.910359, -0.027935
2.703100, 2.721180, 0.006430
2.703100, 4.778858, 0.119483
2.703100, 5.025442, -0.123341
2.703100, 2.727481, -0.007280
2.703100, 2.892871, 0.026159
2.703100, 10.469195, 0.069313
2.703100, 3.242303, -0.056517
2.703100, 2.702257, 0.001808
2.703100, 3.754067, 0.087433
2.703100, 7.245568, -0.124039
2.703100, 2.786105, -0.014362
2.703100, 2.818632, 0.018096
2.703100, 8.399557, 0.110515
2.703100, 3.522916, -0.075103
2.703100, 2.702779, -0.000135
2.703100, 3.484620, 0.072817
2.703100, 8.637378, -0.106936
2.703100, 2.825730, -0.018905
2.703100, 2.778116, 0.013438
2.703100, 6.950685, 0.126349
2.703100, 3.830603, -0.091003
2.703100, 2.702526, -0.002303
2.703100, 3.178339, 0.051630
2.703100, 10.991647, -0.053223
2.703100, 2.921406, -0.029036
2.703100, 2.718222, 0.006008
2.703100, 4.660642, 0.117209
2.703100, 5.165637, -0.125056
2.703100, 2.731108, -0.007751
2.703100, 2.885075, 0.025354
2.703100, 10.299336, 0.073780
2.703100, 3.262711, -0.058021
2.703100, 2.702303, 0.001666
2.703100, 3.734266, 0.086469
2.703100, 7.328008, -0.123302
2.703100, 2.788373, -0.014620
2.703100, 2.817108, 0.017917
2.703100, 8.346993, 0.111271
2.703100, 3.531722, -0.075618
2.703100, 2.702870, -0.000187
2.703100, 3.478835, 0.072465
2.703100, 8.674650, -0.106351
2.703100, 2.826878, -0.019032
2.703100, 2.777309, 0.013341
2.703100, 6.920173, 0.126557
2.703100, 3.839086, -0.091383
2.703100, 2.702621, -0.002350
2.703100, 3.173364, 0.051238
2.703100, 11.030528, -0.051826
2.703100, 2.923935, -0.029285
2.703100, 2.717714, 0.005931
2.703100, 4.639670, 0.116774
2.703100, 5.192293, -0.125345
2.703100, 2.731808, -0.007839
2.703100, 2.883965, 0.025237
2.703100, 10.274087, 0.074420
2.703100, 3.265754, -0.058243
2.703100, 2.702365, 0.001651
2.703100, 3.733176, 0.086415
2.703100, 7.332645, -0.123259
2.703100, 2.788517, -0.014633
2.703100, 2.817478, 0.017955
2.703100, 8.358941, 0.111100
2.703100, 3.529718, -0.075500
2.703100, 2.702977, -0.000160
2.703100, 3.484320, 0.072797
2.703100, 8.639387, -0.106904
2.703100, 2.825825, -0.018908
2.703100, 2.778977, 0.013531
2.703100, 6.981564, 0.126132
2.703100, 3.822144, -0.090619
2.703100, 2.702573, -0.002240
2.703100, 3.187815, 0.052370
2.703100, 10.916634, -0.055819
2.703100, 2.916746, -0.028571
2.703100, 2.719658, 0.006208
2.703100, 4.717134, 0.118332
2.703100, 5.096602, -0.124252
2.703100, 2.729345, -0.007517
2.703100, 2.889534, 0.025813
2.703100, 10.397612, 0.071231
2.703100, 3.250907, -0.057153
2.703100, 2.702421, 0.001765
2.703100, 3.750562, 0.087262
2.703100, 7.260020, -0.123913
2.703100, 2.786546, -0.014403
2.703100, 2.819628, 0.018197
2.703100, 8.431428, 0.110050
2.703100, 3.517663, -0.074792
2.703100, 2.703080, -0.000063
2.703100, 3.499730, 0.073726
2.703100, 8.541896, -0.108403
2.703100, 2.822909, -0.018572
2.703100, 2.782760, 0.013966
2.703100, 7.120884, 0.125080
2.703100, 3.785303, -0.088918
2.703100, 2.702476, -0.001998
2.703100, 3.219601, 0.054811
2.703100, 10.657760, -0.063977
2.703100, 2.902256, -0.027114
2.703100, 2.724280, 0.006845
2.703100, 4.899271, 0.121508
2.703100, 4.898132, -0.121490
2.703100, 2.724251, -0.006841
2.703100, 2.902337, 0.027122
2.703100, 10.659317, 0.063931
2.703100, 3.219412, -0.054797
2.703100, 2.702477, 0.001999
2.703100, 3.785514, 0.088927
2.703100, 7.120059, -0.125087
2.703100, 2.782737, -0.013963
2.703100, 2.822927, 0.018575
2.703100, 8.542499, 0.108394
2.703100, 3.499633, -0.073720
2.703100, 2.703080, 0.000064
2.703100, 3.517747, 0.074797
2.703100, 8.430917, -0.110057
2.703100, 2.819612, -0.018196
2.703100, 2.786562, 0.014404
2.703100, 7.260596, 0.123907
2.703100, 3.750423, -0.087256
2.703100, 2.702420, -0.001764
2.703100, 3.251032, 0.057162
2.703100, 10.396571, -0.071259
2.703100, 2.889486, -0.025808
2.703100, 2.729366, 0.007520
2.703100, 5.097415, 0.124261
2.703100, 4.716451, -0.118319
2.703100, 2.719641, -0.006205
2.703100, 2.916807, 0.028577
2.703100, 10.917641, 0.055785
2.703100, 3.187689, -0.052360
2.703100, 2.702574, 0.002241
2.703100, 3.822295, 0.090626
2.703100, 6.981011, -0.126136
2.703100, 2.778962, -0.013530
2.703100, 2.825836, 0.018909
2.703100, 8.639752, 0.106898
2.703100, 3.484263, -0.072794
2.703100, 2.702976, 0.000161
2.703100, 3.529755, 0.075502
2.703100, 8.358717, -0.111103
2.703100, 2.817471, -0.017954
2.703100, 2.788522, 0.014633
2.703100, 7.332817, 0.123257
2.703100, 3.733135, -0.086413
2.703100, 2.702365, -0.001651
2.703100, 3.265783, 0.058245
2.703100, 10.273846, -0.074426
2.703100, 2.883955, -0.025236
2.703100, 2.731812, 0.007840
2.703100, 5.192463, 0.125347
2.703100, 4.639538, -0.116771
2.703100, 2.717711, -0.005930
2.703100, 2.923947, 0.029286
2.703100, 11.030705, 0.051820
2.703100, 3.173342, -0.051236
2.703100, 2.702621, 0.002351
2.703100, 3.839107, 0.091384
2.703100, 6.920100, -0.126558
2.703100, 2.777307, -0.013341
2.703100, 2.826878, 0.019032
2.703100, 8.674640, 0.106351
2.703100, 3.478836, -0.072465
2.703100, 2.702870, 0.000187
2.703100, 3.531703, 0.075617
2.703100, 8.347102, -0.111269
2.703100, 2.817111, -0.017917
2.703100, 2.788367, 0.014619
2.703100, 7.327776, 0.123304
2.703100, 3.734320, -0.086472
2.703100, 2.702303, -0.001666
2.703100, 3.262648, 0.058016
2.703100, 10.299859, -0.073767
2.703100, 2.885098, -0.025356
2.703100, 2.731096, 0.007750
2.703100, 5.165178, 0.125050
2.703100, 4.661007, -0.117216
2.703100, 2.718232, -0.006009
2.703100, 2.921368, 0.029032
2.703100, 10.991045, 0.053244
2.703100, 3.178416, -0.051636
2.703100, 2.702525, 0.002303
2.703100, 3.830493, 0.090998
2.703100, 6.951083, -0.126347
2.703100, 2.778126, -0.013439
2.703100, 2.825719, 0.018903
2.703100, 8.636995, 0.106942
2.703100, 3.484680, -0.072821
2.703100, 2.702779, 0.000135
2.703100, 3.522842, 0.075099
2.703100, 8.400003, -0.110508
2.703100, 2.818645, -0.018097
2.703100, 2.786087, 0.014360
2.703100, 7.244934, 0.124045
2.703100, 3.754221, -0.087440
2.703100, 2.702257, -0.001809
2.703100, 3.242153, 0.056506
2.703100, 10.470444, -0.069279
2.703100, 2.892930, -0.026166
2.703100, 2.727456, 0.007277
2.703100, 5.024459, 0.123328
2.703100, 4.779737, -0.119499
2.703100, 2.721203, -0.006433
2.703100, 2.910285, 0.027927
2.703100, 10.806360, 0.059432
2.703100, 3.201481, -0.053429
2.703100, 2.702346, 0.002114
2.703100, 3.800020, 0.089605
2.703100, 7.064188, -0.125523
2.703100, 2.781170, -0.013794
2.703100, 2.822717, 0.018564
2.703100, 8.537621, 0.108469
2.703100, 3.500390, -0.073768
2.703100, 2.702724, 0.000017
2.703100, 3.505301, 0.074061
2.703100, 8.507079, -0.108929
2.703100, 2.821806, -0.018460
2.703100, 2.782193, 0.013913
2.703100, 7.101983, 0.125230
2.703100, 3.790159, -0.089146
2.703100, 2.702309, -0.002051
2.703100, 3.209634, 0.054054
2.703100, 10.739749, -0.061511
2.703100, 2.906595, -0.027556
2.703100, 2.722357, 0.006592
2.703100, 4.825303, 0.120298
2.703100, 4.974625, -0.122637
2.703100, 2.726173, -0.007107
2.703100, 2.896034, 0.026484
2.703100, 10.534765, 0.067507
2.703100, 3.234423, -0.055929
2.703100, 2.702257, 0.001865
2.703100, 3.762321, 0.087830
2.703100, 7.211983, -0.124329
2.703100, 2.785186, -0.014257
2.703100, 2.819336, 0.018177
2.703100, 8.423562, 0.110165
2.703100, 3.518938, -0.074869
2.703100, 2.702759, -0.000110
