init_r,r,ur
2.695100, 3.377973, 0.066108
2.695100, 9.376201, -0.094130
2.695100, 2.848408, -0.021652
2.695100, 2.727642, 0.007632
2.695100, 5.084308, 0.124111
2.695100, 4.727197, -0.118538
2.695100, 2.718319, -0.006424
2.695100, 2.867185, 0.023647
2.695100, 9.888207, 0.083560
2.695100, 3.312367, -0.061634
2.695100, 2.694950, 0.000452
2.695100, 3.439060, 0.070061
2.695100, 8.936575, -0.102074
2.695100, 2.833758, -0.020072
2.695100, 2.735452, 0.008629
2.695100, 5.385292, 0.127137
2.695100, 4.499846, -0.113637
2.695100, 2.712382, -0.005634
2.695100, 2.881433, 0.025132
2.695100, 10.234477, 0.075423
2.695100, 3.270114, -0.058620
2.695100, 2.694688, 0.000726
2.695100, 3.473312, 0.072192
2.695100, 8.706997, -0.105852
2.695100, 2.826477, -0.019283
2.695100, 2.738781, 0.009060
2.695100, 5.515527, 0.128043
2.695100, 4.416448, -0.111534
2.695100, 2.710162, -0.005344
2.695100, 2.885878, 0.025595
2.695100, 10.335265, 0.072870
2.695100, 3.257969, -0.057736
2.695100, 2.694361, 0.000775
2.695100, 3.474910, 0.072292
2.695100, 8.696450, -0.106020
2.695100, 2.826094, -0.019253
2.695100, 2.737485, 0.008917
2.695100, 5.468718, 0.127744
2.695100, 4.445503, -0.112288
2.695100, 2.710787, -0.005463
2.695100, 2.879715, 0.024972
2.695100, 10.196746, 0.076357
2.695100, 3.274624, -0.058953
2.695100, 2.693893, 0.000600
2.695100, 3.442532, 0.070288
2.695100, 8.912293, -0.102486
2.695100, 2.832814, -0.020003
2.695100, 2.731435, 0.008180
2.695100, 5.240397, 0.125854
2.695100, 4.602532, -0.115997
2.695100, 2.714721, -0.006032
2.695100, 2.864263, 0.023377
2.695100, 9.817512, 0.085116
2.695100, 3.321070, -0.062254
2.695100, 2.693412, 0.000210
2.695100, 3.379778, 0.066242
2.695100, 9.361903, -0.094406
2.695100, 2.847681, -0.021622
2.695100, 2.721788, 0.006968
2.695100, 4.874314, 0.121126
2.695100, 4.922905, -0.121888
2.695100, 2.723064, -0.007132
2.695100, 2.845370, 0.021374
2.695100, 9.294518, 0.095682
2.695100, 3.388835, -0.066839
2.695100, 2.693457, -0.000269
2.695100, 3.313549, 0.061728
2.695100, 9.877992, -0.083788
2.695100, 2.866611, -0.023622
2.695100, 2.713983, 0.005929
2.695100, 4.573593, 0.115357
2.695100, 5.279613, -0.126232
2.695100, 2.732471, -0.008308
2.695100, 2.831510, 0.019859
2.695100, 8.871072, 0.103178
2.695100, 3.448589, -0.070667
2.695100, 2.693961, -0.000635
2.695100, 3.270864, 0.058680
2.695100, 10.227940, -0.075586
2.695100, 2.881073, -0.025110
2.695100, 2.710551, 0.005425
2.695100, 4.435614, 0.112034
2.695100, 5.484469, -0.127848
2.695100, 2.737907, -0.008967
2.695100, 2.825779, 0.019216
2.695100, 8.686017, 0.106185
2.695100, 3.476519, -0.072390
2.695100, 2.694410, -0.000781
2.695100, 3.257970, 0.057736
2.695100, 10.335286, -0.072869
2.695100, 2.885884, -0.025594
2.695100, 2.710286, 0.005359
2.695100, 4.420793, 0.111648
2.695100, 5.508435, -0.127999
2.695100, 2.738606, -0.009036
2.695100, 2.827026, 0.019342
2.695100, 8.724469, 0.105573
2.695100, 3.470640, -0.072028
2.695100, 2.694723, -0.000703
2.695100, 3.273897, 0.058894
2.695100, 10.203142, -0.076198
2.695100, 2.880078, -0.024992
2.695100, 2.712920, 0.005706
2.695100, 4.520419, 0.114129
2.695100, 5.354981, -0.126893
2.695100, 2.734670, -0.008529
2.695100, 2.835259, 0.020234
2.695100, 8.983086, 0.101278
2.695100, 3.432335, -0.069636
2.695100, 2.694981, -0.000401
2.695100, 3.320005, 0.062167
2.695100, 9.826761, -0.084913
2.695100, 2.864805, -0.023397
2.695100, 2.719403, 0.006566
2.695100, 4.768706, 0.119311
2.695100, 5.036474, -0.123499
2.695100, 2.726395, -0.007472
2.695100, 2.850760, 0.021905
2.695100, 9.443661, 0.092823
2.695100, 3.369037, -0.065513
2.695100, 2.695096, 0.000063
2.695100, 3.386807, 0.066693
2.695100, 9.310275, -0.095383
2.695100, 2.846139, -0.021409
2.695100, 2.728855, 0.007787
2.695100, 5.130858, 0.124671
2.695100, 4.688368, -0.117781
2.695100, 2.717305, -0.006290
2.695100, 2.869472, 0.023887
2.695100, 9.946301, 0.082257
2.695100, 3.305192, -0.061129
2.695100, 2.694918, 0.000500
2.695100, 3.445275, 0.070452
2.695100, 8.894010, -0.102793
2.695100, 2.832393, -0.019923
2.695100, 2.736151, 0.008718
2.695100, 5.412394, 0.127344
2.695100, 4.481837, -0.113197
2.695100, 2.711911, -0.005571
2.695100, 2.882606, 0.025253
2.695100, 10.261319, 0.074752
2.695100, 3.266878, -0.058385
2.695100, 2.694651, 0.000745
2.695100, 3.475388, 0.072319
2.695100, 8.693463, -0.106067
2.695100, 2.826051, -0.019238
2.695100, 2.738874, 0.009074
2.695100, 5.519413, 0.128066
2.695100, 4.414074, -0.111472
2.695100, 2.710088, -0.005337
2.695100, 2.885675, 0.025575
2.695100, 10.330892, 0.072982
2.695100, 3.258492, -0.057775
2.695100, 2.694309, 0.000765
2.695100, 3.472666, 0.072155
2.695100, 8.711047, -0.105788
2.695100, 2.826539, -0.019303
2.695100, 2.736973, 0.008856
2.695100, 5.449514, 0.127613
2.695100, 4.457712, -0.112598
2.695100, 2.711083, -0.005508
2.695100, 2.878169, 0.024814
2.695100, 10.160808, 0.077234
2.695100, 3.278965, -0.059268
2.695100, 2.693823, 0.000561
2.695100, 3.435832, 0.069866
2.695100, 8.958337, -0.101704
2.695100, 2.834281, -0.020165
2.695100, 2.730315, 0.008042
2.695100, 5.198005, 0.125419
2.695100, 4.634831, -0.116689
2.695100, 2.715550, -0.006146
2.695100, 2.861823, 0.023122
2.695100, 9.753612, 0.086494
2.695100, 3.329075, -0.062810
2.695100, 2.693376, 0.000148
2.695100, 3.370563, 0.065629
2.695100, 9.431304, -0.093067
2.695100, 2.850095, -0.021881
2.695100, 2.720536, 0.006806
2.695100, 4.826547, 0.120334
2.695100, 4.972835, -0.122626
2.695100, 2.724378, -0.007299
2.695100, 2.843127, 0.021131
2.695100, 9.228205, 0.096914
2.695100, 3.397858, -0.067430
2.695100, 2.693511, -0.000327
2.695100, 3.306362, 0.061223
2.695100, 9.936162, -0.082488
2.695100, 2.868908, -0.023860
2.695100, 2.713313, 0.005835
2.695100, 4.547190, 0.114757
2.695100, 5.316461, -0.126566
2.695100, 2.733446, -0.008427
2.695100, 2.830332, 0.019728
2.695100, 8.833594, 0.103800
2.695100, 3.454146, -0.071014
2.695100, 2.694028, -0.000667
2.695100, 3.267573, 0.058441
2.695100, 10.255274, -0.074904
2.695100, 2.882276, -0.025232
2.695100, 2.710363, 0.005394
2.695100, 4.427648, 0.111828
2.695100, 5.497287, -0.127930
2.695100, 2.738251, -0.009007
2.695100, 2.825579, 0.019193
2.695100, 8.679283, 0.106291
2.695100, 3.477561, -0.072453
2.695100, 2.694457, -0.000783
2.695100, 3.258470, 0.057772
2.695100, 10.331141, -0.072976
2.695100, 2.885701, -0.025575
2.695100, 2.710461, 0.005380
2.695100, 4.427156, 0.111814
2.695100, 5.498113, -0.127934
2.695100, 2.738345, -0.009002
2.695100, 2.827706, 0.019416
2.695100, 8.746114, 0.105225
2.695100, 3.467346, -0.071825
2.695100, 2.694759, -0.000675
2.695100, 3.278288, 0.059211
2.695100, 10.166828, -0.077087
2.695100, 2.878525, -0.024831
2.695100, 2.713536, 0.005789
2.695100, 4.544013, 0.114681
2.695100, 5.321045, -0.126604
2.695100, 2.733792, -0.008417
2.695100, 2.836921, 0.020414
2.695100, 9.034196, 0.100392
2.695100, 3.425022, -0.069171
2.695100, 2.695009, -0.000346
2.695100, 3.328187, 0.062735
2.695100, 9.761422, -0.086325
2.695100, 2.862317, -0.023134
2.695100, 2.720569, 0.006719
2.695100, 4.813358, 0.120104
2.695100, 4.987113, -0.122825
2.695100, 2.725108, -0.007306
2.695100, 2.853220, 0.022168
2.695100, 9.513224, 0.091450
2.695100, 3.359926, -0.064902
2.695100, 2.695086, 0.000127
2.695100, 3.395615, 0.067271
2.695100, 9.245324, -0.096596
2.695100, 2.843930, -0.021171
2.695100, 2.730039, 0.007938
2.695100, 5.176397, 0.125185
2.695100, 4.651792, -0.117040
2.695100, 2.716350, -0.006164
2.695100, 2.871683, 0.024118
2.695100, 10.001548, 0.080996
2.695100, 3.298406, -0.060650
2.695100, 2.694885, 0.000545
2.695100, 3.451047, 0.070814
2.695100, 8.854844, -0.103447
2.695100, 2.831144, -0.019788
2.695100, 2.736774, 0.008798
2.695100, 5.436620, 0.127521
2.695100, 4.466040, -0.112805
2.695100, 2.711496, -0.005515
2.695100, 2.883606, 0.025357
2.695100, 10.284015, 0.074179
2.695100, 3.264144, -0.058186
2.695100, 2.694612, 0.000760
2.695100, 3.476881, 0.072411
2.695100, 8.683754, -0.106221
2.695100, 2.825744, -0.019205
2.695100, 2.738880, 0.009077
2.695100, 5.520035, 0.128070
2.695100, 4.413694, -0.111462
2.695100, 2.710064, -0.005338
2.695100, 2.885263, 0.025534
2.695100, 10.321880, 0.073214
2.695100, 3.259572, -0.057854
2.695100, 2.694253, 0.000751
2.695100, 3.469713, 0.071974
2.695100, 8.730344, -0.105479
2.695100, 2.827129, -0.019370
2.695100, 2.736357, 0.008781
2.695100, 5.426316, 0.127448
2.695100, 4.472687, -0.112973
2.695100, 2.711450, -0.005564
2.695100, 2.876406, 0.024633
2.695100, 10.119270, 0.078235
2.695100, 3.283995, -0.059630
2.695100, 2.693752, 0.000516
2.695100, 3.428369, 0.069394
2.695100, 9.010189, -0.100812
2.695100, 2.835947, -0.020349
2.695100, 2.729096, 0.007891
2.695100, 5.151827, 0.124914
2.695100, 4.671283, -0.117442
2.695100, 2.716491, -0.006273
2.695100, 2.859267, 0.022854
2.695100, 9.685499, 0.087934
2.695100, 3.337682, -0.063403
2.695100, 2.693351, 0.000084
2.695100, 3.361128, 0.064996
2.695100, 9.503220, -0.091652
2.695100, 2.852635, -0.022152
2.695100, 2.719305, 0.006646
2.695100, 4.779492, 0.119509
2.695100, 5.024261, -0.123339
2.695100, 2.725732, -0.007470
2.695100, 2.840936, 0.020894
2.695100, 9.162623, 0.098111
2.695100, 3.406895, -0.068017
2.695100, 2.693574, -0.000384
2.695100, 3.299440, 0.060733
2.695100, 9.992518, -0.081205
2.695100, 2.871171, -0.024095
2.695100, 2.712700, 0.005747
2.695100, 4.522885, 0.114190
2.695100, 5.351319, -0.126864
2.695100, 2.734368, -0.008540
2.695100, 2.829262, 0.019609
2.695100, 8.799317, 0.104363
2.695100, 3.459271, -0.071331
2.695100, 2.694095, -0.000695
2.695100, 3.264698, 0.058231
2.695100, 10.279183, -0.074302
2.695100, 2.883338, -0.025340
2.695100, 2.710221, 0.005370
2.695100, 4.421402, 0.111665
2.695100, 5.507421, -0.127993
2.695100, 2.738526, -0.009039
2.695100, 2.825486, 0.019181
2.695100, 8.676041, 0.106343
2.695100, 3.478065, -0.072484
2.695100, 2.694503, -0.000781
2.695100, 3.259467, 0.057845
2.695100, 10.322867, -0.073189
2.695100, 2.885332, -0.025536
2.695100, 2.710689, 0.005409
2.695100, 4.435614, 0.112033
2.695100, 5.484505, -0.127847
2.695100, 2.738000, -0.008957
2.695100, 2.828524, 0.019504
2.695100, 8.772108, 0.104805
2.695100, 3.463411, -0.071582
2.695100, 2.694795, -0.000643
2.695100, 3.283324, 0.059574
2.695100, 10.125270, -0.078090
2.695100, 2.876771, -0.024649
2.695100, 2.714239, 0.005883
2.695100, 4.570951, 0.115296
2.695100, 5.283337, -0.126264
2.695100, 2.732815, -0.008292
2.695100, 2.838754, 0.020613
2.695100, 9.090123, 0.099408
2.695100, 3.417110, -0.068664
2.695100, 2.695036, -0.000286
2.695100, 3.336910, 0.063336
2.695100, 9.692343, -0.087788
2.695100, 2.859731, -0.022860
2.695100, 2.721817, 0.006881
2.695100, 4.861127, 0.120909
2.695100, 4.936561, -0.122091
2.695100, 2.723788, -0.007136
2.695100, 2.855786, 0.022441
2.695100, 9.584693, 0.090011
2.695100, 3.350670, -0.064276
2.695100, 2.695070, 0.000192
2.695100, 3.404378, 0.067842
2.695100, 9.181478, -0.097767
2.695100, 2.841784, -0.020940
2.695100, 2.731191, 0.008085
2.695100, 5.220747, 0.125654
2.695100, 4.617436, -0.116316
2.695100, 2.715453, -0.006045
2.695100, 2.873811, 0.024341
2.695100, 10.053877, 0.079781
2.695100, 3.292009, -0.060195
2.695100, 2.694850, 0.000587
2.695100, 3.456378, 0.071146
2.695100, 8.818976, -0.104040
2.695100, 2.830005, -0.019664
2.695100, 2.737323, 0.008869
2.695100, 5.458031, 0.127670
2.695100, 4.452306, -0.112459
2.695100, 2.711133, -0.005467
2.695100, 2.884432, 0.025443
2.695100, 10.302650, 0.073706
2.695100, 3.261900, -0.058022
2.695100, 2.694570, 0.000771
2.695100, 3.477788, 0.072466
2.695100, 8.677862, -0.106314
2.695100, 2.825554, -0.019186
2.695100, 2.738800, 0.009069
2.695100, 5.517345, 0.128054
2.695100, 4.415331, -0.111505
2.695100, 2.710090, -0.005345
2.695100, 2.884637, 0.025471
2.695100, 10.308096, 0.073567
2.695100, 3.261226, -0.057976
2.695100, 2.694192, 0.000732
2.695100, 3.466023, 0.071748
2.695100, 8.754586, -0.105090
2.695100, 2.827876, -0.019454
2.695100, 2.735631, 0.008694
2.695100, 5.398959, 0.127244
2.695100, 4.490677, -0.113416
2.695100, 2.711895, -0.005630
2.695100, 2.874428, 0.024430
2.695100, 10.071976, 0.079357
2.695100, 3.289739, -0.060042
2.695100, 2.693679, 0.000466
2.695100, 3.420153, 0.068870
2.695100, 9.067939, -0.099802
2.695100, 2.837821, -0.020554
2.695100, 2.727785, 0.007727
2.695100, 5.102132, 0.124332
2.695100, 4.712073, -0.118250
2.695100, 2.717549, -0.006415
2.695100, 2.856618, 0.022574
2.695100, 9.613627, 0.089423
2.695100, 3.346851, -0.064030
2.695100, 2.693340, 0.000017
2.695100, 3.351583, 0.064352
2.695100, 9.576822, -0.090174
2.695100, 2.855278, -0.022433
2.695100, 2.718116, 0.006490
2.695100, 4.733903, 0.118668
2.695100, 5.076354, -0.124015
2.695100, 2.727105, -0.007642
2.695100, 2.838827, 0.020664
2.695100, 9.098701, 0.099257
2.695100, 3.415817, -0.068592
2.695100, 2.693643, -0.000440
2.695100, 3.292854, 0.060265
2.695100, 10.046407, -0.079957
2.695100, 2.873371, -0.024321
2.695100, 2.712146, 0.005667
2.695100, 4.500777, 0.113661
2.695100, 5.383837, -0.127127
2.695100, 2.735230, -0.008645
2.695100, 2.828305, 0.019502
2.695100, 8.768485, 0.104865
2.695100, 3.463917, -0.071618
2.695100, 2.694160, -0.000721
2.695100, 3.262260, 0.058052
2.695100, 10.299478, -0.073787
2.695100, 2.884248, -0.025432
2.695100, 2.710122, 0.005352
2.695100, 4.416892, 0.111546
2.695100, 5.514786, -0.128038
2.695100, 2.738728, -0.009062
2.695100, 2.825503, 0.019181
2.695100, 8.676335, 0.106338
2.695100, 3.478023, -0.072481
2.695100, 2.694548, -0.000775
2.695100, 3.260964, 0.057954
2.695100, 10.310434, -0.073507
2.695100, 2.884778, -0.025478
2.695100, 2.710972, 0.005446
2.695100, 4.446210, 0.112304
2.695100, 5.467642, -0.127736
2.695100, 2.737569, -0.008901
2.695100, 2.829479, 0.019607
2.695100, 8.802358, 0.104312
2.695100, 3.458863, -0.071300
2.695100, 2.694831, -0.000607
2.695100, 3.288977, 0.059979
2.695100, 10.078760, -0.079196
2.695100, 2.874835, -0.024447
2.695100, 2.715029, 0.005988
2.695100, 4.601189, 0.115965
2.695100, 5.242277, -0.125870
2.695100, 2.731751, -0.008157
2.695100, 2.840743, 0.020827
2.695100, 9.150235, 0.098333
2.695100, 3.408706, -0.068122
2.695100, 2.695060, -0.000224
2.695100, 3.346032, 0.063960
2.695100, 9.620793, -0.089273
2.695100, 2.857098, -0.022581
2.695100, 2.723124, 0.007050
2.695100, 4.911149, 0.121705
2.695100, 4.885965, -0.121310
2.695100, 2.722466, -0.006965
2.695100, 2.858415, 0.022721
2.695100, 9.656726, 0.088531
2.695100, 3.341440, -0.063647
2.695100, 2.695049, 0.000255
2.695100, 3.412954, 0.068397
2.695100, 9.119756, -0.098880
2.695100, 2.839732, -0.020718
2.695100, 2.732292, 0.008226
2.695100, 5.263159, 0.126074
2.695100, 4.585691, -0.115625
2.695100, 2.714624, -0.005934
2.695100, 2.875823, 0.024550
2.695100, 10.102571, 0.078632
2.695100, 3.286080, -0.059771
2.695100, 2.694813, 0.000625
2.695100, 3.461208, 0.071446
2.695100, 8.786734, -0.104567
2.695100, 2.828986, -0.019554
2.695100, 2.737795, 0.008930
2.695100, 5.476465, 0.127794
2.695100, 4.440650, -0.112162
2.695100, 2.710824, -0.005427
2.695100, 2.885078, 0.025510
2.695100, 10.317166, 0.073335
2.695100, 3.260153, -0.057895
2.695100, 2.694525, 0.000778
2.695100, 3.478113, 0.072486
2.695100, 8.675737, -0.106347
2.695100, 2.825481, -0.019179
2.695100, 2.738637, 0.009052
2.695100, 5.511469, 0.128018
2.695100, 4.418920, -0.111600
2.695100, 2.710166, -0.005360
2.695100, 2.883814, 0.025388
2.695100, 10.289824, 0.074033
2.695100, 3.263420, -0.058137
2.695100, 2.694128, 0.000708
2.695100, 3.461663, 0.071479
2.695100, 8.783415, -0.104622
2.695100, 2.828768, -0.019554
2.695100, 2.734808, 0.008594
2.695100, 5.367934, 0.127000
2.695100, 4.511522, -0.113919
2.695100, 2.712415, -0.005706
2.695100, 2.872283, 0.024209
2.695100, 10.019880, 0.080574
2.695100, 3.296092, -0.060495
2.695100, 2.693608, 0.000412
2.695100, 3.411390, 0.068307
2.695100, 9.130317, -0.098693
2.695100, 2.839867, -0.020777
2.695100, 2.726419, 0.007556
2.695100, 5.050343, 0.123683
2.695100, 4.756414, -0.119089
2.695100, 2.718703, -0.006567
2.695100, 2.853949, 0.022292
2.695100, 9.539956, 0.090918
2.695100, 3.356350, -0.064674
2.695100, 2.693344, -0.000051
2.695100, 3.342210, 0.063713
2.695100, 9.649909, -0.088675
2.695100, 2.857949, -0.022715
2.695100, 2.717006, 0.006342
2.695100, 4.691180, 0.117840
2.695100, 5.127333, -0.124632
2.695100, 2.728449, -0.007810
2.695100, 2.836860, 0.020449
2.695100, 9.038400, 0.100320
2.695100, 3.424343, -0.069137
2.695100, 2.693715, -0.000492
2.695100, 3.286784, 0.059830
2.695100, 10.096288, -0.078782
2.695100, 2.875441, -0.024534
2.695100, 2.711663, 0.005596
2.695100, 4.481313, 0.113186
2.695100, 5.413131, -0.127351
2.695100, 2.736007, -0.008739
2.695100, 2.827484, 0.019410
2.695100, 8.741864, 0.105294
2.695100, 3.467956, -0.071867
2.695100, 2.694223, -0.000742
2.695100, 3.260329, 0.057910
2.695100, 10.315572, -0.073376
2.695100, 2.884976, -0.025505
2.695100, 2.710071, 0.005341
2.695100, 4.414262, 0.111477
2.695100, 5.519100, -0.128065
2.695100, 2.738851, -0.009075
2.695100, 2.825634, 0.019194
2.695100, 8.680328, 0.106275
2.695100, 3.477409, -0.072443
2.695100, 2.694591, -0.000766
2.695100, 3.262960, 0.058100
2.695100, 10.293851, -0.073930
2.695100, 2.884041, -0.025402
2.695100, 2.711308, 0.005490
2.695100, 4.458911, 0.112626
2.695100, 5.447693, -0.127599
2.695100, 2.737058, -0.008835
2.695100, 2.830560, 0.019725
2.695100, 8.836470, 0.103751
2.695100, 3.453773, -0.070984
2.695100, 2.694867, -0.000566
2.695100, 3.295153, 0.060419
2.695100, 10.028132, -0.080381
2.695100, 2.872760, -0.024231
2.695100, 2.715893, 0.006103
2.695100, 4.634305, 0.116675
2.695100, 5.198775, -0.125425
2.695100, 2.730621, -0.008012
2.695100, 2.842847, 0.021054
2.695100, 9.213190, 0.097188
2.695100, 3.400012, -0.067558
2.695100, 2.695079, -0.000160
2.695100, 3.355305, 0.064590
2.695100, 9.548809, -0.090737
2.695100, 2.854493, -0.022303
2.695100, 2.724450, 0.007222
2.695100, 4.961910, 0.122465
2.695100, 4.836906, -0.120506
2.695100, 2.721184, -0.006799
2.695100, 2.861033, 0.022998
2.695100, 9.727268, 0.087052
2.695100, 3.332490, -0.063032
2.695100, 2.695023, 0.000316
2.695100, 3.421134, 0.068922
2.695100, 9.061599, -0.099911
2.695100, 2.837817, -0.020511
2.695100, 2.733315, 0.008356
2.695100, 5.302635, 0.126441
2.695100, 4.557068, -0.114981
2.695100, 2.713877, -0.005835
2.695100, 2.877672, 0.024742
2.695100, 10.146684, 0.077575
2.695100, 3.280727, -0.059387
2.695100, 2.694777, 0.000660
2.695100, 3.465456, 0.071708
2.695100, 8.758576, -0.105024
2.695100, 2.828098, -0.019458
2.695100, 2.738183, 0.008981
2.695100, 5.491715, 0.127894
2.695100, 4.431123, -0.111917
2.695100, 2.710568, -0.005394
2.695100, 2.885540, 0.025558
2.695100, 10.327518, 0.073069
2.695100, 3.258907, -0.057804
2.695100, 2.694480, 0.000782
2.695100, 3.477880, 0.072473
2.695100, 8.677227, -0.106324
2.695100, 2.825519, -0.019185
2.695100, 2.738397, 0.009024
2.695100, 5.502692, 0.127964
2.695100, 4.424311, -0.111741
2.695100, 2.710287, -0.005382
2.695100, 2.882825, 0.025288
2.695100, 10.267664, 0.074593
2.695100, 3.266083, -0.058332
2.695100, 2.694062, 0.000682
2.695100, 3.456765, 0.071176
2.695100, 8.816044, -0.104089
2.695100, 2.829784, -0.019667
2.695100, 2.733914, 0.008485
2.695100, 5.334157, 0.126719
2.695100, 4.534771, -0.114469
2.695100, 2.712999, -0.005790
2.695100, 2.870045, 0.023978
2.695100, 9.964603, 0.081843
2.695100, 3.302864, -0.060976
2.695100, 2.693542, 0.000356
2.695100, 3.402382, 0.067724
2.695100, 9.195269, -0.097518
2.695100, 2.842023, -0.021012
2.695100, 2.725051, 0.007384
2.695100, 4.998407, 0.122986
2.695100, 4.802885, -0.119925
2.695100, 2.719916, -0.006726
2.695100, 2.851350, 0.022015
2.695100, 9.466992, 0.092368
2.695100, 3.365867, -0.065315
2.695100, 2.693362, -0.000116
2.695100, 3.333305, 0.063102
2.695100, 9.720062, -0.087207
2.695100, 2.860559, -0.022990
2.695100, 2.716006, 0.006208
2.695100, 4.652521, 0.117058
2.695100, 5.175380, -0.125176
2.695100, 2.729717, -0.007968
2.695100, 2.835088, 0.020254
2.695100, 8.983523, 0.101272
2.695100, 3.432196, -0.069636
2.695100, 2.693788, -0.000539
2.695100, 3.281392, 0.059443
2.695100, 10.140755, -0.077719
2.695100, 2.877315, -0.024726
2.695100, 2.711257, 0.005535
2.695100, 4.464837, 0.112777
2.695100, 5.438428, -0.127535
2.695100, 2.736679, -0.008820
2.695100, 2.826815, 0.019335
2.695100, 8.720089, 0.105643
2.695100, 3.471280, -0.072070
2.695100, 2.694282, -0.000759
2.695100, 3.258961, 0.057809
2.695100, 10.326978, -0.073083
2.695100, 2.885495, -0.025557
2.695100, 2.710070, 0.005337
2.695100, 4.413632, 0.111460
2.695100, 5.520137, -0.128071
2.695100, 2.738888, -0.009077
2.695100, 2.825882, 0.019220
2.695100, 8.688128, 0.106151
2.695100, 3.476208, -0.072369
2.695100, 2.694632, -0.000753
2.695100, 3.265449, 0.058281
2.695100, 10.273184, -0.074453
2.695100, 2.883128, -0.025307
2.695100, 2.711696, 0.005542
2.695100, 4.473670, 0.112995
2.695100, 5.424866, -0.127436
2.695100, 2.736472, -0.008760
2.695100, 2.831754, 0.019854
2.695100, 8.874004, 0.103128
2.695100, 3.448217, -0.070637
2.695100, 2.694902, -0.000523
2.695100, 3.301749, 0.060886
2.695100, 9.974291, -0.081621
2.695100, 2.870588, -0.024004
2.695100, 2.716820, 0.006226
2.695100, 4.669797, 0.117409
2.695100, 5.153770, -0.124934
2.695100, 2.729451, -0.007863
2.695100, 2.845027, 0.021289
2.695100, 9.277664, 0.095995
2.695100, 3.391216, -0.066983
2.695100, 2.695092, -0.000095
2.695100, 3.364501, 0.065209
2.695100, 9.478195, -0.092145
2.695100, 2.851977, -0.022035
2.695100, 2.725756, 0.007390
2.695100, 5.011961, 0.123170
2.695100, 4.790642, -0.119705
2.695100, 2.719976, -0.006641
2.695100, 2.863574, 0.023267
2.695100, 9.794565, 0.085612
2.695100, 3.324028, -0.062447
2.695100, 2.694995, 0.000374
2.695100, 3.428752, 0.069408
2.695100, 9.008057, -0.100847
2.695100, 2.836070, -0.020322
2.695100, 2.734243, 0.008475
2.695100, 5.338472, 0.126754
2.695100, 4.531821, -0.114397
2.695100, 2.713218, -0.005746
2.695100, 2.879326, 0.024914
2.695100, 10.185619, 0.076628
2.695100, 3.276014, -0.059047
2.695100, 2.694741, 0.000689
2.695100, 3.469071, 0.071931
2.695100, 8.734764, -0.105408
2.695100, 2.827349, -0.019377
2.695100, 2.738486, 0.009020
2.695100, 5.503677, 0.127969
2.695100, 4.423720, -0.111724
2.695100, 2.710367, -0.005368
2.695100, 2.885816, 0.025587
2.695100, 10.333727, 0.072909
2.695100, 3.258158, -0.057749
2.695100, 2.694433, 0.000782
2.695100, 3.477109, 0.072426
2.695100, 8.682204, -0.106245
2.695100, 2.825665, -0.019203
2.695100, 2.738088, 0.008988
2.695100, 5.491226, 0.127891
2.695100, 4.431406, -0.111925
2.695100, 2.710451, -0.005409
2.695100, 2.881692, 0.025173
2.695100, 10.242059, 0.075235
2.695100, 3.269163, -0.058557
2.695100, 2.693995, 0.000651
2.695100, 3.451425, 0.070844
2.695100, 8.851901, -0.103497
2.695100, 2.830907, -0.019792
2.695100, 2.732966, 0.008369
2.695100, 5.298309, 0.126404
2.695100, 4.560104, -0.115053
2.695100, 2.713640, -0.005881
2.695100, 2.867765, 0.023742
2.695100, 9.907335, 0.083135
2.695100, 3.309918, -0.061473
2.695100, 2.693483, 0.000298
2.695100, 3.393348, 0.067135
2.695100, 9.261247, -0.096303
2.695100, 2.844241, -0.021252
2.695100, 2.723716, 0.007215
2.695100, 4.947695, 0.122260
2.695100, 4.850332, -0.120734
2.695100, 2.721159, -0.006887
2.695100, 2.848873, 0.021750
2.695100, 9.396326, 0.093745
2.695100, 3.375194, -0.065937
2.695100, 2.693392, -0.000180
2.695100, 3.325006, 0.062528
2.695100, 9.786032, -0.085798
2.695100, 2.863056, -0.023251
2.695100, 2.715123, 0.006087
2.695100, 4.618218, 0.116336
2.695100, 5.219631, -0.125644
2.695100, 2.730886, -0.008113
2.695100, 2.833525, 0.020082
2.695100, 8.934658, 0.102108
2.695100, 3.439269, -0.070083
2.695100, 2.693859, -0.000581
2.695100, 3.276716, 0.059105
2.695100, 10.179417, -0.076781
2.695100, 2.878967, -0.024895
2.695100, 2.710927, 0.005484
2.695100, 4.451293, 0.112435
2.695100, 5.459577, -0.127682
2.695100, 2.737241, -0.008888
2.695100, 2.826299, 0.019276
2.695100, 8.703199, 0.105913
2.695100, 3.473871, -0.072229
2.695100, 2.694336, -0.000771
2.695100, 3.258164, 0.057751
2.695100, 10.333639, -0.072912
2.695100, 2.885802, -0.025587
2.695100, 2.710119, 0.005340
2.695100, 4.415014, 0.111497
2.695100, 5.517874, -0.128057
2.695100, 2.738838, -0.009069
2.695100, 2.826249, 0.019259
2.695100, 8.699743, 0.105967
2.695100, 3.474424, -0.072260
2.695100, 2.694669, -0.000736
2.695100, 3.268430, 0.058498
2.695100, 10.248443, -0.075075
2.695100, 2.882042, -0.025195
2.695100, 2.712139, 0.005601
2.695100, 4.490540, 0.113411
2.695100, 5.399229, -0.127245
2.695100, 2.735812, -0.008675
2.695100, 2.833060, 0.019996
2.695100, 8.914825, 0.102442
2.695100, 3.442229, -0.070261
2.695100, 2.694935, -0.000477
2.695100, 3.308724, 0.061378
2.695100, 9.917656, -0.082902
2.695100, 2.868340, -0.023768
2.695100, 2.717803, 0.006356
2.695100, 4.707465, 0.118157
2.695100, 5.107739, -0.124397
2.695100, 2.728253, -0.007710
2.695100, 2.847263, 0.021530
2.695100, 9.343064, 0.094762
2.695100, 3.382400, -0.066402
2.695100, 2.695099, -0.000032
2.695100, 3.373520, 0.065812
2.695100, 9.409721, -0.093483
2.695100, 2.849573, -0.021777
2.695100, 2.727023, 0.007552
2.695100, 5.060555, 0.123812
2.695100, 4.747600, -0.118922
2.695100, 2.718852, -0.006494
2.695100, 2.866007, 0.023523
2.695100, 9.857920, 0.084230
2.695100, 3.316125, -0.061897
2.695100, 2.694966, 0.000427
2.695100, 3.435764, 0.069853
2.695100, 8.959312, -0.101686
2.695100, 2.834491, -0.020151
2.695100, 2.735072, 0.008580
2.695100, 5.370553, 0.127020
2.695100, 4.509792, -0.113876
2.695100, 2.712643, -0.005669
2.695100, 2.880779, 0.025064
2.695100, 10.219389, 0.075797
2.695100, 3.271935, -0.058752
2.695100, 2.694706, 0.000715
2.695100, 3.472051, 0.072114
2.695100, 8.715235, -0.105720
2.695100, 2.826736, -0.019311
2.695100, 2.738704, 0.009050
2.695100, 5.512378, 0.128023
2.695100, 4.418375, -0.111585
2.695100, 2.710218, -0.005351
2.695100, 2.885905, 0.025597
2.695100, 10.335804, 0.072856
2.695100, 3.257906, -0.057731
2.695100, 2.694386, 0.000778
2.695100, 3.475790, 0.072346
2.695100, 8.690743, -0.106110
2.695100, 2.825921, -0.019233
2.695100, 2.737707, 0.008943
2.695100, 5.476994, 0.127799
2.695100, 4.440293, -0.112154
2.695100, 2.710662, -0.005443
2.695100, 2.880415, 0.025043
2.695100, 10.212887, 0.075959
2.695100, 3.272677, -0.058812
2.695100, 2.693927, 0.000618
2.695100, 3.445633, 0.070483
2.695100, 8.891137, -0.102842
2.695100, 2.832143, -0.019929
2.695100, 2.731962, 0.008245
2.695100, 5.260363, 0.126049
2.695100, 4.587688, -0.115671
2.695100, 2.714342, -0.005980
2.695100, 2.865447, 0.023501
2.695100, 9.848129, 0.084447
2.695100, 3.317256, -0.061988
2.695100, 2.693433, 0.000240
2.695100, 3.384322, 0.066542
2.695100, 9.327994, -0.095051
2.695100, 2.846514, -0.021497
2.695100, 2.722423, 0.007050
2.695100, 4.898494, 0.121511
2.695100, 4.898456, -0.121510
2.695100, 2.722422, -0.007049
2.695100, 2.846516, 0.021497
2.695100, 9.328047, 0.095050
2.695100, 3.384315, -0.066541
2.695100, 2.693433, -0.000240
2.695100, 3.317262, 0.061988
2.695100, 9.848081, -0.084448
2.695100, 2.865445, -0.023501
2.695100, 2.714342, 0.005980
2.695100, 4.587711, 0.115672
2.695100, 5.260332, -0.126049
2.695100, 2.731961, -0.008245
2.695100, 2.832144, 0.019929
2.695100, 8.891170, 0.102842
2.695100, 3.445629, -0.070482
2.695100, 2.693927, -0.000618
2.695100, 3.272680, 0.058812
2.695100, 10.212862, -0.075960
2.695100, 2.880414, -0.025043
2.695100, 2.710662, 0.005443
2.695100, 4.440301, 0.112154
2.695100, 5.476982, -0.127799
2.695100, 2.737706, -0.008943
2.695100, 2.825922, 0.019233
2.695100, 8.690751, 0.106110
2.695100, 3.475788, -0.072346
2.695100, 2.694386, -0.000778
2.695100, 3.257906, 0.057731
2.695100, 10.335804, -0.072856
2.695100, 2.885905, -0.025597
2.695100, 2.710218, 0.005351
2.695100, 4.418371, 0.111585
2.695100, 5.512383, -0.128023
2.695100, 2.738704, -0.009050
2.695100, 2.826735, 0.019311
2.695100, 8.715221, 0.105721
2.695100, 3.472053, -0.072114
2.695100, 2.694706, -0.000715
2.695100, 3.271932, 0.058752
2.695100, 10.219414, -0.075797
2.695100, 2.880780, -0.025065
2.695100, 2.712642, 0.005669
2.695100, 4.509775, 0.113875
2.695100, 5.370577, -0.127020
2.695100, 2.735072, -0.008581
2.695100, 2.834490, 0.020151
2.695100, 8.959275, 0.101687
2.695100, 3.435769, -0.069853
2.695100, 2.694966, -0.000427
2.695100, 3.316119, 0.061896
2.695100, 9.857968, -0.084229
2.695100, 2.866009, -0.023523
2.695100, 2.718851, 0.006494
2.695100, 4.747567, 0.118921
2.695100, 5.060593, -0.123812
2.695100, 2.727024, -0.007552
2.695100, 2.849571, 0.021777
2.695100, 9.409667, 0.093485
2.695100, 3.373527, -0.065813
2.695100, 2.695099, 0.000032
2.695100, 3.382393, 0.066401
2.695100, 9.343117, -0.094761
2.695100, 2.847265, -0.021530
2.695100, 2.728252, 0.007710
2.695100, 5.107702, 0.124397
2.695100, 4.707496, -0.118158
2.695100, 2.717804, -0.006356
2.695100, 2.868338, 0.023768
2.695100, 9.917610, 0.082903
2.695100, 3.308730, -0.061379
2.695100, 2.694935, 0.000477
2.695100, 3.442224, 0.070261
2.695100, 8.914858, -0.102442
2.695100, 2.833061, -0.019996
2.695100, 2.735811, 0.008675
2.695100, 5.399207, 0.127244
2.695100, 4.490555, -0.113411
2.695100, 2.712139, -0.005601
2.695100, 2.882041, 0.025195
2.695100, 10.248422, 0.075075
2.695100, 3.268433, -0.058498
2.695100, 2.694669, 0.000736
2.695100, 3.474422, 0.072260
2.695100, 8.699754, -0.105967
2.695100, 2.826249, -0.019259
2.695100, 2.738838, 0.009068
2.695100, 5.517871, 0.128057
2.695100, 4.415016, -0.111497
2.695100, 2.710119, -0.005340
2.695100, 2.885802, 0.025588
2.695100, 10.333642, 0.072912
2.695100, 3.258163, -0.057750
2.695100, 2.694336, 0.000771
2.695100, 3.473873, 0.072229
2.695100, 8.703187, -0.105913
2.695100, 2.826299, -0.019276
2.695100, 2.737242, 0.008888
2.695100, 5.459592, 0.127682
2.695100, 4.451283, -0.112435
2.695100, 2.710927, -0.005484
2.695100, 2.878968, 0.024895
2.695100, 10.179445, 0.076780
2.695100, 3.276713, -0.059105
2.695100, 2.693859, 0.000581
2.695100, 3.439274, 0.070083
2.695100, 8.934621, -0.102108
2.695100, 2.833524, -0.020082
2.695100, 2.730887, 0.008113
2.695100, 5.219665, 0.125645
2.695100, 4.618192, -0.116335
2.695100, 2.715123, -0.006087
2.695100, 2.863058, 0.023251
2.695100, 9.786083, 0.085797
2.695100, 3.324999, -0.062527
2.695100, 2.693393, 0.000180
2.695100, 3.375201, 0.065938
2.695100, 9.396271, -0.093746
2.695100, 2.848871, -0.021750
2.695100, 2.721160, 0.006887
2.695100, 4.850370, 0.120734
2.695100, 4.947656, -0.122259
2.695100, 2.723715, -0.007214
2.695100, 2.844242, 0.021252
2.695100, 9.261300, 0.096302
2.695100, 3.393340, -0.067135
2.695100, 2.693483, -0.000298
2.695100, 3.309924, 0.061474
2.695100, 9.907288, -0.083136
2.695100, 2.867763, -0.023742
2.695100, 2.713640, 0.005881
2.695100, 4.560125, 0.115053
2.695100, 5.298279, -0.126403
2.695100, 2.732965, -0.008368
2.695100, 2.830908, 0.019792
2.695100, 8.851931, 0.103497
2.695100, 3.451421, -0.070844
2.695100, 2.693995, -0.000651
2.695100, 3.269166, 0.058557
2.695100, 10.242037, -0.075236
2.695100, 2.881691, -0.025173
2.695100, 2.710451, 0.005409
2.695100, 4.431412, 0.111925
2.695100, 5.491216, -0.127891
2.695100, 2.738088, -0.008988
2.695100, 2.825665, 0.019203
2.695100, 8.682210, 0.106245
2.695100, 3.477108, -0.072426
2.695100, 2.694433, -0.000782
2.695100, 3.258158, 0.057749
2.695100, 10.333730, -0.072909
2.695100, 2.885816, -0.025587
2.695100, 2.710367, 0.005368
2.695100, 4.423715, 0.111724
2.695100, 5.503685, -0.127969
2.695100, 2.738486, -0.009020
2.695100, 2.827349, 0.019377
2.695100, 8.734747, 0.105408
2.695100, 3.469074, -0.071931
2.695100, 2.694741, -0.000689
2.695100, 3.276011, 0.059047
2.695100, 10.185648, -0.076628
2.695100, 2.879327, -0.024914
2.695100, 2.713218, 0.005746
2.695100, 4.531802, 0.114397
2.695100, 5.338499, -0.126755
2.695100, 2.734243, -0.008475
2.695100, 2.836068, 0.020322
2.695100, 9.008016, 0.100847
2.695100, 3.428758, -0.069409
2.695100, 2.694995, -0.000374
2.695100, 3.324022, 0.062447
2.695100, 9.794617, -0.085611
2.695100, 2.863576, -0.023267
2.695100, 2.719975, 0.006641
2.695100, 4.790606, 0.119705
2.695100, 5.012001, -0.123170
2.695100, 2.725757, -0.007390
2.695100, 2.851975, 0.022035
2.695100, 9.478140, 0.092146
2.695100, 3.364508, -0.065210
2.695100, 2.695092, 0.000095
2.695100, 3.391209, 0.066982
2.695100, 9.277716, -0.095994
2.695100, 2.845028, -0.021289
2.695100, 2.729450, 0.007863
2.695100, 5.153733, 0.124933
2.695100, 4.669826, -0.117409
2.695100, 2.716820, -0.006226
2.695100, 2.870586, 0.024004
2.695100, 9.974247, 0.081622
2.695100, 3.301755, -0.060887
2.695100, 2.694902, 0.000523
2.695100, 3.448213, 0.070636
2.695100, 8.874035, -0.103127
2.695100, 2.831755, -0.019854
2.695100, 2.736471, 0.008759
2.695100, 5.424847, 0.127436
2.695100, 4.473682, -0.112996
2.695100, 2.711697, -0.005542
2.695100, 2.883127, 0.025307
2.695100, 10.273166, 0.074454
2.695100, 3.265451, -0.058281
2.695100, 2.694631, 0.000753
2.695100, 3.476207, 0.072369
2.695100, 8.688135, -0.106151
2.695100, 2.825883, -0.019220
2.695100, 2.738888, 0.009077
2.695100, 5.520137, 0.128071
2.695100, 4.413633, -0.111460
2.695100, 2.710070, -0.005337
2.695100, 2.885496, 0.025557
2.695100, 10.326985, 0.073083
2.695100, 3.258960, -0.057809
2.695100, 2.694282, 0.000759
2.695100, 3.471283, 0.072071
2.695100, 8.720074, -0.105644
2.695100, 2.826815, -0.019335
2.695100, 2.736679, 0.008820
2.695100, 5.438447, 0.127535
2.695100, 4.464825, -0.112776
2.695100, 2.711257, -0.005535
2.695100, 2.877316, 0.024727
2.695100, 10.140788, 0.077718
2.695100, 3.281388, -0.059442
2.695100, 2.693788, 0.000539
2.695100, 3.432202, 0.069637
2.695100, 8.983482, -0.101273
2.695100, 2.835087, -0.020254
2.695100, 2.729718, 0.007968
2.695100, 5.175417, 0.125176
2.695100, 4.652492, -0.117057
2.695100, 2.716006, -0.006208
2.695100, 2.860561, 0.022990
2.695100, 9.720116, 0.087206
2.695100, 3.333298, -0.063101
2.695100, 2.693362, 0.000117
2.695100, 3.365875, 0.065315
2.695100, 9.466935, -0.092369
2.695100, 2.851348, -0.022015
2.695100, 2.719918, 0.006726
2.695100, 4.802923, 0.119925
2.695100, 4.998366, -0.122985
2.695100, 2.725050, -0.007384
2.695100, 2.842025, 0.021012
2.695100, 9.195322, 0.097517
2.695100, 3.402374, -0.067724
2.695100, 2.693542, -0.000356
2.695100, 3.302869, 0.060976
2.695100, 9.964558, -0.081844
2.695100, 2.870043, -0.023978
2.695100, 2.713000, 0.005790
2.695100, 4.534790, 0.114469
2.695100, 5.334130, -0.126719
2.695100, 2.733913, -0.008484
2.695100, 2.829785, 0.019667
2.695100, 8.816071, 0.104089
2.695100, 3.456761, -0.071176
2.695100, 2.694062, -0.000681
2.695100, 3.266085, 0.058332
2.695100, 10.267645, -0.074594
2.695100, 2.882824, -0.025288
2.695100, 2.710287, 0.005382
2.695100, 4.424316, 0.111741
2.695100, 5.502684, -0.127964
2.695100, 2.738397, -0.009024
2.695100, 2.825519, 0.019185
2.695100, 8.677229, 0.106324
2.695100, 3.477880, -0.072473
2.695100, 2.694480, -0.000782
2.695100, 3.258906, 0.057804
2.695100, 10.327525, -0.073069
2.695100, 2.885540, -0.025558
2.695100, 2.710568, 0.005394
2.695100, 4.431116, 0.111917
2.695100, 5.491726, -0.127894
2.695100, 2.738183, -0.008981
2.695100, 2.828097, 0.019458
2.695100, 8.758556, 0.105025
2.695100, 3.465460, -0.071708
2.695100, 2.694777, -0.000660
2.695100, 3.280723, 0.059387
2.695100, 10.146717, -0.077574
2.695100, 2.877673, -0.024742
2.695100, 2.713877, 0.005834
2.695100, 4.557046, 0.114980
2.695100, 5.302665, -0.126441
2.695100, 2.733316, -0.008356
2.695100, 2.837816, 0.020511
2.695100, 9.061555, 0.099912
2.695100, 3.421140, -0.068922
2.695100, 2.695023, -0.000316
2.695100, 3.332483, 0.063032
2.695100, 9.727323, -0.087051
2.695100, 2.861035, -0.022999
2.695100, 2.721183, 0.006799
2.695100, 4.836868, 0.120506
2.695100, 4.961951, -0.122466
2.695100, 2.724451, -0.007222
2.695100, 2.854491, 0.022303
2.695100, 9.548752, 0.090738
2.695100, 3.355312, -0.064590
2.695100, 2.695079, 0.000160
2.695100, 3.400005, 0.067557
2.695100, 9.213241, -0.097187
2.695100, 2.842849, -0.021055
2.695100, 2.730620, 0.008012
2.695100, 5.198739, 0.125425
2.695100, 4.634332, -0.116676
2.695100, 2.715894, -0.006104
2.695100, 2.872758, 0.024231
2.695100, 10.028090, 0.080382
2.695100, 3.295158, -0.060419
2.695100, 2.694867, 0.000566
2.695100, 3.453768, 0.070983
2.695100, 8.836498, -0.103751
2.695100, 2.830561, -0.019725
2.695100, 2.737058, 0.008835
2.695100, 5.447676, 0.127599
2.695100, 4.458922, -0.112627
2.695100, 2.711308, -0.005490
2.695100, 2.884040, 0.025402
2.695100, 10.293836, 0.073930
2.695100, 3.262962, -0.058100
2.695100, 2.694591, 0.000766
2.695100, 3.477408, 0.072443
2.695100, 8.680333, -0.106275
2.695100, 2.825634, -0.019194
2.695100, 2.738851, 0.009075
2.695100, 5.519102, 0.128065
2.695100, 4.414261, -0.111477
2.695100, 2.710071, -0.005341
2.695100, 2.884976, 0.025505
2.695100, 10.315583, 0.073376
2.695100, 3.260327, -0.057910
2.695100, 2.694223, 0.000742
2.695100, 3.467959, 0.071867
2.695100, 8.741845, -0.105295
2.695100, 2.827483, -0.019410
2.695100, 2.736007, 0.008739
2.695100, 5.413153, 0.127351
2.695100, 4.481298, -0.113186
2.695100, 2.711663, -0.005596
2.695100, 2.875442, 0.024534
2.695100, 10.096326, 0.078782
2.695100, 3.286779, -0.059830
2.695100, 2.693715, 0.000492
2.695100, 3.424349, 0.069138
2.695100, 9.038354, -0.100321
2.695100, 2.836859, -0.020449
2.695100, 2.728450, 0.007810
2.695100, 5.127372, 0.124633
2.695100, 4.691147, -0.117840
2.695100, 2.717005, -0.006342
2.695100, 2.857952, 0.022715
2.695100, 9.649966, 0.088674
2.695100, 3.342203, -0.063713
2.695100, 2.693344, 0.000051
2.695100, 3.356358, 0.064675
2.695100, 9.539897, -0.090919
2.695100, 2.853947, -0.022291
2.695100, 2.718704, 0.006567
2.695100, 4.756451, 0.119089
2.695100, 5.050301, -0.123682
2.695100, 2.726418, -0.007556
2.695100, 2.839869, 0.020777
2.695100, 9.130368, 0.098692
2.695100, 3.411383, -0.068307
2.695100, 2.693608, -0.000412
2.695100, 3.296097, 0.060496
2.695100, 10.019837, -0.080575
2.695100, 2.872281, -0.024209
2.695100, 2.712415, 0.005706
2.695100, 4.511540, 0.113920
2.695100, 5.367908, -0.127000
2.695100, 2.734808, -0.008594
2.695100, 2.828769, 0.019554
2.695100, 8.783440, 0.104622
2.695100, 3.461659, -0.071479
2.695100, 2.694128, -0.000708
2.695100, 3.263422, 0.058137
2.695100, 10.289807, -0.074033
2.695100, 2.883814, -0.025388
2.695100, 2.710166, 0.005360
2.695100, 4.418924, 0.111600
2.695100, 5.511463, -0.128018
2.695100, 2.738637, -0.009052
2.695100, 2.825481, 0.019179
2.695100, 8.675737, 0.106347
2.695100, 3.478113, -0.072486
2.695100, 2.694525, -0.000778
2.695100, 3.260152, 0.057895
2.695100, 10.317176, -0.073335
2.695100, 2.885079, -0.025510
2.695100, 2.710823, 0.005427
2.695100, 4.440642, 0.112162
2.695100, 5.476479, -0.127795
2.695100, 2.737795, -0.008930
2.695100, 2.828985, 0.019554
2.695100, 8.786710, 0.104568
2.695100, 3.461212, -0.071446
2.695100, 2.694813, -0.000625
2.695100, 3.286076, 0.059771
2.695100, 10.102608, -0.078631
2.695100, 2.875824, -0.024550
2.695100, 2.714623, 0.005934
2.695100, 4.585667, 0.115624
2.695100, 5.263191, -0.126074
2.695100, 2.732293, -0.008226
2.695100, 2.839730, 0.020718
2.695100, 9.119708, 0.098881
2.695100, 3.412961, -0.068397
2.695100, 2.695049, -0.000255
2.695100, 3.341432, 0.063646
2.695100, 9.656783, -0.088530
2.695100, 2.858417, -0.022721
2.695100, 2.722465, 0.006965
2.695100, 4.885925, 0.121309
2.695100, 4.911189, -0.121705
2.695100, 2.723125, -0.007051
2.695100, 2.857096, 0.022581
2.695100, 9.620736, 0.089274
2.695100, 3.346039, -0.063961
2.695100, 2.695060, 0.000224
2.695100, 3.408699, 0.068122
2.695100, 9.150284, -0.098332
2.695100, 2.840744, -0.020828
2.695100, 2.731750, 0.008157
2.695100, 5.242243, 0.125870
2.695100, 4.601215, -0.115966
2.695100, 2.715029, -0.005988
2.695100, 2.874833, 0.024447
2.695100, 10.078721, 0.079197
2.695100, 3.288981, -0.059979
2.695100, 2.694832, 0.000607
2.695100, 3.458859, 0.071300
2.695100, 8.802383, -0.104312
2.695100, 2.829480, -0.019608
2.695100, 2.737569, 0.008901
2.695100, 5.467628, 0.127736
2.695100, 4.446219, -0.112305
2.695100, 2.710972, -0.005446
2.695100, 2.884777, 0.025478
2.695100, 10.310422, 0.073508
2.695100, 3.260965, -0.057954
2.695100, 2.694548, 0.000775
2.695100, 3.478022, 0.072481
2.695100, 8.676337, -0.106338
2.695100, 2.825503, -0.019181
2.695100, 2.738728, 0.009062
2.695100, 5.514791, 0.128038
2.695100, 4.416889, -0.111546
2.695100, 2.710122, -0.005352
2.695100, 2.884249, 0.025432
2.695100, 10.299493, 0.073787
2.695100, 3.262258, -0.058052
2.695100, 2.694161, 0.000721
2.695100, 3.463921, 0.071618
2.695100, 8.768462, -0.104865
2.695100, 2.828305, -0.019502
2.695100, 2.735230, 0.008645
2.695100, 5.383862, 0.127127
2.695100, 4.500761, -0.113661
2.695100, 2.712146, -0.005667
2.695100, 2.873372, 0.024322
2.695100, 10.046449, 0.079956
2.695100, 3.292848, -0.060264
2.695100, 2.693643, 0.000440
2.695100, 3.415824, 0.068592
2.695100, 9.098652, -0.099258
2.695100, 2.838826, -0.020664
2.695100, 2.727106, 0.007642
2.695100, 5.076395, 0.124015
2.695100, 4.733868, -0.118667
2.695100, 2.718115, -0.006490
2.695100, 2.855281, 0.022433
2.695100, 9.576881, 0.090172
2.695100, 3.351576, -0.064351
2.695100, 2.693340, -0.000017
2.695100, 3.346858, 0.064030
2.695100, 9.613569, -0.089424
2.695100, 2.856616, -0.022574
2.695100, 2.717550, 0.006415
2.695100, 4.712107, 0.118250
2.695100, 5.102091, -0.124332
2.695100, 2.727783, -0.007727
2.695100, 2.837823, 0.020554
2.695100, 9.067987, 0.099801
2.695100, 3.420146, -0.068869
2.695100, 2.693679, -0.000466
2.695100, 3.289744, 0.060042
2.695100, 10.071936, -0.079358
2.695100, 2.874426, -0.024430
2.695100, 2.711895, 0.005630
2.695100, 4.490692, 0.113416
2.695100, 5.398936, -0.127244
2.695100, 2.735630, -0.008693
2.695100, 2.827876, 0.019454
2.695100, 8.754607, 0.105089
2.695100, 3.466020, -0.071748
2.695100, 2.694192, -0.000732
2.695100, 3.261227, 0.057976
2.695100, 10.308084, -0.073568
2.695100, 2.884636, -0.025471
2.695100, 2.710090, 0.005345
2.695100, 4.415333, 0.111505
2.695100, 5.517341, -0.128054
2.695100, 2.738800, -0.009069
2.695100, 2.825554, 0.019186
2.695100, 8.677858, 0.106314
2.695100, 3.477789, -0.072466
2.695100, 2.694570, -0.000771
2.695100, 3.261899, 0.058022
2.695100, 10.302663, -0.073706
2.695100, 2.884432, -0.025443
2.695100, 2.711133, 0.005467
2.695100, 4.452296, 0.112459
2.695100, 5.458047, -0.127671
2.695100, 2.737324, -0.008869
2.695100, 2.830004, 0.019664
2.695100, 8.818949, 0.104040
2.695100, 3.456382, -0.071146
2.695100, 2.694850, -0.000587
2.695100, 3.292004, 0.060195
2.695100, 10.053917, -0.079780
2.695100, 2.873813, -0.024341
2.695100, 2.715452, 0.006045
2.695100, 4.617410, 0.116316
2.695100, 5.220782, -0.125654
2.695100, 2.731192, -0.008085
2.695100, 2.841782, 0.020940
2.695100, 9.181428, 0.097768
2.695100, 3.404385, -0.067842
2.695100, 2.695070, -0.000192
2.695100, 3.350663, 0.064275
2.695100, 9.584750, -0.090010
2.695100, 2.855788, -0.022441
2.695100, 2.723787, 0.007136
2.695100, 4.936521, 0.122091
2.695100, 4.861166, -0.120909
2.695100, 2.721818, -0.006881
2.695100, 2.859729, 0.022860
2.695100, 9.692287, 0.087789
2.695100, 3.336917, -0.063337
2.695100, 2.695036, 0.000286
2.695100, 3.417103, 0.068664
2.695100, 9.090170, -0.099407
2.695100, 2.838756, -0.020613
2.695100, 2.732814, 0.008292
2.695100, 5.283306, 0.126264
2.695100, 4.570974, -0.115296
2.695100, 2.714240, -0.005883
2.695100, 2.876769, 0.024649
2.695100, 10.125235, 0.078091
2.695100, 3.283328, -0.059574
2.695100, 2.694795, 0.000643
2.695100, 3.463408, 0.071582
2.695100, 8.772131, -0.104805
2.695100, 2.828525, -0.019504
2.695100, 2.737999, 0.008957
2.695100, 5.484492, 0.127847
2.695100, 4.435622, -0.112033
2.695100, 2.710689, -0.005409
2.695100, 2.885332, 0.025536
2.695100, 10.322858, 0.073189
2.695100, 3.259468, -0.057845
2.695100, 2.694503, 0.000781
2.695100, 3.478065, 0.072484
2.695100, 8.676040, -0.106343
2.695100, 2.825487, -0.019181
2.695100, 2.738526, 0.009039
2.695100, 5.507428, 0.127993
2.695100, 4.421398, -0.111665
2.695100, 2.710221, -0.005370
2.695100, 2.883339, 0.025340
2.695100, 10.279200, 0.074302
2.695100, 3.264696, -0.058230
2.695100, 2.694095, 0.000695
2.695100, 3.459275, 0.071332
2.695100, 8.799292, -0.104363
2.695100, 2.829261, -0.019609
2.695100, 2.734369, 0.008540
2.695100, 5.351346, 0.126864
2.695100, 4.522866, -0.114189
2.695100, 2.712699, -0.005747
2.695100, 2.871172, 0.024095
2.695100, 9.992562, 0.081204
2.695100, 3.299434, -0.060733
2.695100, 2.693574, 0.000384
2.695100, 3.406902, 0.068017
2.695100, 9.162571, -0.098112
2.695100, 2.840935, -0.020893
2.695100, 2.725733, 0.007470
2.695100, 5.024302, 0.123339
2.695100, 4.779456, -0.119509
2.695100, 2.719304, -0.006646
2.695100, 2.852637, 0.022152
2.695100, 9.503278, 0.091650
2.695100, 3.361120, -0.064996
2.695100, 2.693351, -0.000084
2.695100, 3.337689, 0.063403
2.695100, 9.685443, -0.087935
2.695100, 2.859265, -0.022854
2.695100, 2.716492, 0.006273
2.695100, 4.671314, 0.117442
2.695100, 5.151789, -0.124914
2.695100, 2.729095, -0.007891
2.695100, 2.835949, 0.020349
2.695100, 9.010232, 0.100811
2.695100, 3.428362, -0.069393
2.695100, 2.693752, -0.000516
2.695100, 3.283999, 0.059630
2.695100, 10.119235, -0.078236
2.695100, 2.876404, -0.024633
2.695100, 2.711450, 0.005564
2.695100, 4.472700, 0.112973
2.695100, 5.426296, -0.127448
2.695100, 2.736356, -0.008781
2.695100, 2.827130, 0.019370
2.695100, 8.730361, 0.105479
2.695100, 3.469710, -0.071974
2.695100, 2.694253, -0.000751
2.695100, 3.259573, 0.057855
2.695100, 10.321871, -0.073215
2.695100, 2.885262, -0.025534
2.695100, 2.710064, 0.005338
2.695100, 4.413694, 0.111462
2.695100, 5.520034, -0.128070
2.695100, 2.738880, -0.009077
2.695100, 2.825743, 0.019205
2.695100, 8.683748, 0.106221
2.695100, 3.476882, -0.072411
2.695100, 2.694611, -0.000760
2.695100, 3.264142, 0.058186
2.695100, 10.284031, -0.074179
2.695100, 2.883606, -0.025357
2.695100, 2.711496, 0.005515
2.695100, 4.466028, 0.112805
2.695100, 5.436638, -0.127521
2.695100, 2.736774, -0.008798
2.695100, 2.831143, 0.019788
2.695100, 8.854815, 0.103447
2.695100, 3.451051, -0.070814
2.695100, 2.694885, -0.000545
2.695100, 3.298401, 0.060649
2.695100, 10.001590, -0.080995
2.695100, 2.871685, -0.024119
2.695100, 2.716349, 0.006164
2.695100, 4.651764, 0.117039
2.695100, 5.176432, -0.125185
2.695100, 2.730040, -0.007938
2.695100, 2.843928, 0.021171
2.695100, 9.245274, 0.096597
2.695100, 3.395622, -0.067271
2.695100, 2.695086, -0.000127
2.695100, 3.359919, 0.064901
2.695100, 9.513280, -0.091449
2.695100, 2.853222, -0.022168
2.695100, 2.725106, 0.007306
2.695100, 4.987074, 0.122825
2.695100, 4.813394, -0.120105
2.695100, 2.720570, -0.006719
2.695100, 2.862315, 0.023134
2.695100, 9.761369, 0.086326
2.695100, 3.328193, -0.062736
2.695100, 2.695010, 0.000346
2.695100, 3.425016, 0.069170
2.695100, 9.034238, -0.100391
2.695100, 2.836922, -0.020414
2.695100, 2.733791, 0.008417
2.695100, 5.321016, 0.126604
2.695100, 4.544032, -0.114682
2.695100, 2.713537, -0.005789
2.695100, 2.878524, 0.024831
2.695100, 10.166797, 0.077087
2.695100, 3.278291, -0.059212
2.695100, 2.694759, 0.000675
2.695100, 3.467343, 0.071825
2.695100, 8.746133, -0.105225
2.695100, 2.827707, -0.019416
2.695100, 2.738345, 0.009002
2.695100, 5.498103, 0.127934
2.695100, 4.427162, -0.111814
2.695100, 2.710461, -0.005380
2.695100, 2.885701, 0.025575
2.695100, 10.331136, 0.072976
2.695100, 3.258471, -0.057772
2.695100, 2.694457, 0.000783
2.695100, 3.477562, 0.072453
2.695100, 8.679279, -0.106291
2.695100, 2.825579, -0.019193
2.695100, 2.738251, 0.009007
2.695100, 5.497296, 0.127930
2.695100, 4.427643, -0.111827
2.695100, 2.710363, -0.005394
2.695100, 2.882276, 0.025232
2.695100, 10.255294, 0.074904
2.695100, 3.267570, -0.058440
2.695100, 2.694028, 0.000667
2.695100, 3.454150, 0.071014
2.695100, 8.833566, -0.103801
2.695100, 2.830332, -0.019728
2.695100, 2.733446, 0.008427
2.695100, 5.316488, 0.126566
2.695100, 4.547171, -0.114756
2.695100, 2.713312, -0.005835
2.695100, 2.868910, 0.023861
2.695100, 9.936207, 0.082487
2.695100, 3.306357, -0.061223
2.695100, 2.693512, 0.000327
2.695100, 3.397865, 0.067430
2.695100, 9.228154, -0.096915
2.695100, 2.843125, -0.021131
2.695100, 2.724379, 0.007299
2.695100, 4.972874, 0.122626
2.695100, 4.826510, -0.120333
2.695100, 2.720535, -0.006806
2.695100, 2.850097, 0.021881
2.695100, 9.431359, 0.093066
2.695100, 3.370556, -0.065628
2.695100, 2.693376, -0.000148
2.695100, 3.329082, 0.062810
2.695100, 9.753560, -0.086495
2.695100, 2.861821, -0.023122
2.695100, 2.715551, 0.006146
2.695100, 4.634858, 0.116689
2.695100, 5.197970, -0.125419
2.695100, 2.730314, -0.008042
2.695100, 2.834282, 0.020165
2.695100, 8.958375, 0.101704
2.695100, 3.435827, -0.069866
2.695100, 2.693823, -0.000561
2.695100, 3.278969, 0.059268
2.695100, 10.160778, -0.077235
2.695100, 2.878167, -0.024814
2.695100, 2.711083, 0.005508
2.695100, 4.457722, 0.112598
2.695100, 5.449497, -0.127613
2.695100, 2.736973, -0.008855
2.695100, 2.826539, 0.019303
2.695100, 8.711060, 0.105788
2.695100, 3.472664, -0.072155
2.695100, 2.694309, -0.000765
2.695100, 3.258493, 0.057775
2.695100, 10.330887, -0.072983
2.695100, 2.885675, -0.025575
2.695100, 2.710088, 0.005337
2.695100, 4.414073, 0.111472
2.695100, 5.519415, -0.128066
2.695100, 2.738874, -0.009074
2.695100, 2.826051, 0.019238
2.695100, 8.693454, 0.106067
2.695100, 3.475390, -0.072319
2.695100, 2.694651, -0.000745
2.695100, 3.266876, 0.058385
2.695100, 10.261338, -0.074751
2.695100, 2.882607, -0.025254
2.695100, 2.711910, 0.005571
2.695100, 4.481824, 0.113197
2.695100, 5.412414, -0.127344
2.695100, 2.736152, -0.008718
2.695100, 2.832392, 0.019923
2.695100, 8.893978, 0.102793
2.695100, 3.445280, -0.070453
2.695100, 2.694918, -0.000500
2.695100, 3.305186, 0.061129
2.695100, 9.946345, -0.082256
2.695100, 2.869474, -0.023887
2.695100, 2.717304, 0.006290
2.695100, 4.688339, 0.117781
2.695100, 5.130894, -0.124671
2.695100, 2.728856, -0.007787
2.695100, 2.846137, 0.021409
2.695100, 9.310225, 0.095384
2.695100, 3.386814, -0.066693
2.695100, 2.695097, -0.000063
2.695100, 3.369030, 0.065513
2.695100, 9.443714, -0.092822
2.695100, 2.850762, -0.021905
2.695100, 2.726395, 0.007472
2.695100, 5.036436, 0.123498
2.695100, 4.768740, -0.119312
2.695100, 2.719404, -0.006566
2.695100, 2.864803, 0.023397
2.695100, 9.826712, 0.084914
2.695100, 3.320011, -0.062168
2.695100, 2.694981, 0.000401
2.695100, 3.432329, 0.069636
2.695100, 8.983124, -0.101277
2.695100, 2.835261, -0.020234
2.695100, 2.734669, 0.008529
2.695100, 5.354956, 0.126893
2.695100, 4.520436, -0.114129
2.695100, 2.712921, -0.005706
2.695100, 2.880077, 0.024992
2.695100, 10.203115, 0.076199
2.695100, 3.273900, -0.058895
2.695100, 2.694724, 0.000703
2.695100, 3.470638, 0.072027
2.695100, 8.724485, -0.105572
2.695100, 2.827026, -0.019342
2.695100, 2.738605, 0.009036
2.695100, 5.508428, 0.127999
2.695100, 4.420797, -0.111648
2.695100, 2.710286, -0.005359
2.695100, 2.885884, 0.025594
2.695100, 10.335284, 0.072869
2.695100, 3.257970, -0.057736
2.695100, 2.694410, 0.000781
2.695100, 3.476520, 0.072390
2.695100, 8.686010, -0.106185
2.695100, 2.825779, -0.019216
2.695100, 2.737907, 0.008967
2.695100, 5.484480, 0.127848
2.695100, 4.435607, -0.112034
2.695100, 2.710550, -0.005425
2.695100, 2.881074, 0.025110
2.695100, 10.227962, 0.075586
2.695100, 3.270861, -0.058680
2.695100, 2.693961, 0.000635
2.695100, 3.448593, 0.070668
2.695100, 8.871041, -0.103179
2.695100, 2.831509, -0.019859
2.695100, 2.732472, 0.008308
2.695100, 5.279643, 0.126232
2.695100, 4.573572, -0.115357
2.695100, 2.713982, -0.005929
2.695100, 2.866613, 0.023622
2.695100, 9.878037, 0.083787
2.695100, 3.313543, -0.061728
2.695100, 2.693457, 0.000269
2.695100, 3.388842, 0.066839
2.695100, 9.294467, -0.095682
2.695100, 2.845368, -0.021373
2.695100, 2.723065, 0.007132
2.695100, 4.922943, 0.121889
2.695100, 4.874277, -0.121126
2.695100, 2.721787, -0.006968
2.695100, 2.847682, 0.021622
2.695100, 9.361956, 0.094405
2.695100, 3.379771, -0.066241
2.695100, 2.693412, -0.000210
2.695100, 3.321076, 0.062254
2.695100, 9.817464, -0.085118
2.695100, 2.864261, -0.023377
2.695100, 2.714722, 0.006032
2.695100, 4.602555, 0.115998
2.695100, 5.240365, -0.125853
2.695100, 2.731434, -0.008180
2.695100, 2.832815, 0.020004
2.695100, 8.912327, 0.102486
2.695100, 3.442527, -0.070288
2.695100, 2.693893, -0.000600
2.695100, 3.274627, 0.058954
2.695100, 10.196720, -0.076357
2.695100, 2.879713, -0.024972
2.695100, 2.710787, 0.005463
2.695100, 4.445511, 0.112288
2.695100, 5.468704, -0.127744
2.695100, 2.737485, -0.008917
2.695100, 2.826094, 0.019253
2.695100, 8.696460, 0.106020
2.695100, 3.474908, -0.072292
2.695100, 2.694361, -0.000775
2.695100, 3.257970, 0.057736
2.695100, 10.335264, -0.072870
2.695100, 2.885878, -0.025595
2.695100, 2.710162, 0.005344
2.695100, 4.416445, 0.111534
2.695100, 5.515531, -0.128043
2.695100, 2.738782, -0.009060
2.695100, 2.826476, 0.019283
2.695100, 8.706985, 0.105852
2.695100, 3.473313, -0.072192
2.695100, 2.694688, -0.000726
2.695100, 3.270112, 0.058620
2.695100, 10.234500, -0.075422
2.695100, 2.881434, -0.025132
2.695100, 2.712382, 0.005634
2.695100, 4.499831, 0.113636
2.695100, 5.385314, -0.127137
2.695100, 2.735453, -0.008629
2.695100, 2.833757, 0.020071
2.695100, 8.936541, 0.102074
2.695100, 3.439065, -0.070062
2.695100, 2.694950, -0.000452
2.695100, 3.312361, 0.061633
2.695100, 9.888253, -0.083559
2.695100, 2.867187, -0.023647
2.695100, 2.718318, 0.006424
2.695100, 4.727166, 0.118537
2.695100, 5.084344, -0.124112
2.695100, 2.727643, -0.007632
2.695100, 2.848406, 0.021652
2.695100, 9.376149, 0.094131
2.695100, 3.377980, -0.066109
2.695100, 2.695100, -0.000000
2.695100, 3.377966, 0.066108
2.695100, 9.376252, -0.094129
2.695100, 2.848409, -0.021653
2.695100, 2.727642, 0.007631
2.695100, 5.084271, 0.124111
2.695100, 4.727228, -0.118538
2.695100, 2.718320, -0.006424
2.695100, 2.867183, 0.023647
2.695100, 9.888161, 0.083561
2.695100, 3.312372, -0.061634
2.695100, 2.694950, 0.000452
2.695100, 3.439055, 0.070061
2.695100, 8.936610, -0.102073
2.695100, 2.833759, -0.020072
2.695100, 2.735452, 0.008629
2.695100, 5.385270, 0.127137
2.695100, 4.499861, -0.113637
2.695100, 2.712383, -0.005634
2.695100, 2.881433, 0.025132
2.695100, 10.234455, 0.075424
2.695100, 3.270117, -0.058620
2.695100, 2.694688, 0.000726
2.695100, 3.473310, 0.072192
2.695100, 8.707009, -0.105851
2.695100, 2.826477, -0.019283
2.695100, 2.738781, 0.009060
2.695100, 5.515522, 0.128043
2.695100, 4.416450, -0.111534
2.695100, 2.710162, -0.005344
2.695100, 2.885878, 0.025595
2.695100, 10.335267, 0.072870
2.695100, 3.257969, -0.057736
2.695100, 2.694361, 0.000775
2.695100, 3.474911, 0.072292
2.695100, 8.696441, -0.106020
2.695100, 2.826094, -0.019253
2.695100, 2.737486, 0.008917
2.695100, 5.468731, 0.127744
2.695100, 4.445494, -0.112287
2.695100, 2.710787, -0.005463
2.695100, 2.879716, 0.024972
2.695100, 10.196772, 0.076356
2.695100, 3.274621, -0.058953
2.695100, 2.693893, 0.000600
2.695100, 3.442537, 0.070288
2.695100, 8.912260, -0.102487
2.695100, 2.832812, -0.020003
2.695100, 2.731435, 0.008180
2.695100, 5.240428, 0.125854
2.695100, 4.602508, -0.115997
2.695100, 2.714721, -0.006032
2.695100, 2.864265, 0.023378
2.695100, 9.817559, 0.085115
2.695100, 3.321064, -0.062254
2.695100, 2.693412, 0.000210
2.695100, 3.379785, 0.066242
2.695100, 9.361851, -0.094407
2.695100, 2.847679, -0.021622
2.695100, 2.721789, 0.006968
2.695100, 4.874351, 0.121127
2.695100, 4.922867, -0.121887
2.695100, 2.723063, -0.007131
2.695100, 2.845372, 0.021374
2.695100, 9.294570, 0.095681
2.695100, 3.388828, -0.066839
2.695100, 2.693457, -0.000269
2.695100, 3.313554, 0.061729
2.695100, 9.877946, -0.083789
2.695100, 2.866609, -0.023622
2.695100, 2.713983, 0.005929
2.695100, 4.573614, 0.115358
2.695100, 5.279584, -0.126231
2.695100, 2.732470, -0.008308
2.695100, 2.831511, 0.019859
2.695100, 8.871102, 0.103178
2.695100, 3.448585, -0.070667
2.695100, 2.693961, -0.000635
2.695100, 3.270866, 0.058681
2.695100, 10.227917, -0.075587
2.695100, 2.881072, -0.025110
2.695100, 2.710551, 0.005425
2.695100, 4.435621, 0.112034
2.695100, 5.484458, -0.127848
2.695100, 2.737906, -0.008967
2.695100, 2.825779, 0.019216
2.695100, 8.686023, 0.106185
2.695100, 3.476518, -0.072390
2.695100, 2.694410, -0.000781
2.695100, 3.257969, 0.057736
2.695100, 10.335287, -0.072869
2.695100, 2.885884, -0.025594
2.695100, 2.710286, 0.005359
2.695100, 4.420789, 0.111648
2.695100, 5.508441, -0.127999
2.695100, 2.738606, -0.009036
2.695100, 2.827025, 0.019342
2.695100, 8.724455, 0.105573
2.695100, 3.470642, -0.072028
2.695100, 2.694723, -0.000703
2.695100, 3.273894, 0.058894
2.695100, 10.203167, -0.076198
2.695100, 2.880079, -0.024992
2.695100, 2.712920, 0.005706
2.695100, 4.520402, 0.114129
2.695100, 5.355005, -0.126893
2.695100, 2.734670, -0.008529
2.695100, 2.835258, 0.020234
2.695100, 8.983049, 0.101279
2.695100, 3.432340, -0.069636
2.695100, 2.694981, -0.000401
2.695100, 3.319999, 0.062167
2.695100, 9.826809, -0.084912
2.695100, 2.864807, -0.023397
2.695100, 2.719402, 0.006566
2.695100, 4.768673, 0.119310
2.695100, 5.036511, -0.123499
2.695100, 2.726396, -0.007472
2.695100, 2.850758, 0.021904
2.695100, 9.443609, 0.092824
2.695100, 3.369044, -0.065514
2.695100, 2.695096, 0.000063
2.695100, 3.386800, 0.066692
2.695100, 9.310325, -0.095382
2.695100, 2.846140, -0.021409
2.695100, 2.728854, 0.007787
2.695100, 5.130823, 0.124671
2.695100, 4.688397, -0.117782
2.695100, 2.717306, -0.006290
2.695100, 2.869470, 0.023887
2.695100, 9.946258, 0.082258
2.695100, 3.305197, -0.061130
2.695100, 2.694918, 0.000500
2.695100, 3.445271, 0.070452
2.695100, 8.894041, -0.102792
2.695100, 2.832394, -0.019924
2.695100, 2.736150, 0.008718
2.695100, 5.412375, 0.127344
2.695100, 4.481850, -0.113197
2.695100, 2.711911, -0.005571
2.695100, 2.882605, 0.025253
2.695100, 10.261300, 0.074752
2.695100, 3.266880, -0.058385
2.695100, 2.694651, 0.000745
2.695100, 3.475387, 0.072319
2.695100, 8.693472, -0.106067
2.695100, 2.826051, -0.019238
2.695100, 2.738874, 0.009074
2.695100, 5.519411, 0.128066
2.695100, 4.414076, -0.111472
2.695100, 2.710088, -0.005337
2.695100, 2.885675, 0.025575
2.695100, 10.330897, 0.072982
2.695100, 3.258492, -0.057775
2.695100, 2.694309, 0.000765
2.695100, 3.472668, 0.072155
2.695100, 8.711034, -0.105788
2.695100, 2.826538, -0.019303
2.695100, 2.736974, 0.008856
2.695100, 5.449530, 0.127613
2.695100, 4.457701, -0.112597
2.695100, 2.711083, -0.005508
2.695100, 2.878170, 0.024814
2.695100, 10.160837, 0.077233
2.695100, 3.278962, -0.059267
2.695100, 2.693824, 0.000561
2.695100, 3.435838, 0.069867
2.695100, 8.958300, -0.101705
2.695100, 2.834280, -0.020165
2.695100, 2.730316, 0.008042
2.695100, 5.198039, 0.125420
2.695100, 4.634805, -0.116688
2.695100, 2.715550, -0.006146
2.695100, 2.861825, 0.023122
2.695100, 9.753662, 0.086493
2.695100, 3.329069, -0.062809
2.695100, 2.693376, 0.000148
2.695100, 3.370571, 0.065629
2.695100, 9.431250, -0.093068
2.695100, 2.850093, -0.021881
2.695100, 2.720537, 0.006807
2.695100, 4.826583, 0.120334
2.695100, 4.972796, -0.122625
2.695100, 2.724377, -0.007298
2.695100, 2.843128, 0.021131
2.695100, 9.228255, 0.096913
2.695100, 3.397851, -0.067429
2.695100, 2.693511, -0.000327
2.695100, 3.306367, 0.061223
2.695100, 9.936118, -0.082489
2.695100, 2.868906, -0.023860
2.695100, 2.713313, 0.005835
2.695100, 4.547210, 0.114757
2.695100, 5.316433, -0.126566
2.695100, 2.733445, -0.008427
2.695100, 2.830333, 0.019728
2.695100, 8.833621, 0.103800
2.695100, 3.454142, -0.071013
2.695100, 2.694028, -0.000667
2.695100, 3.267575, 0.058441
2.695100, 10.255254, -0.074905
2.695100, 2.882275, -0.025232
2.695100, 2.710364, 0.005395
2.695100, 4.427654, 0.111828
2.695100, 5.497279, -0.127930
2.695100, 2.738251, -0.009007
2.695100, 2.825579, 0.019193
2.695100, 8.679287, 0.106291
2.695100, 3.477561, -0.072453
2.695100, 2.694457, -0.000783
2.695100, 3.258469, 0.057772
2.695100, 10.331146, -0.072976
2.695100, 2.885701, -0.025575
2.695100, 2.710460, 0.005380
2.695100, 4.427150, 0.111814
2.695100, 5.498121, -0.127934
2.695100, 2.738345, -0.009002
2.695100, 2.827705, 0.019415
2.695100, 8.746096, 0.105226
2.695100, 3.467348, -0.071825
2.695100, 2.694759, -0.000675
2.695100, 3.278284, 0.059211
2.695100, 10.166857, -0.077086
2.695100, 2.878526, -0.024831
2.695100, 2.713536, 0.005789
2.695100, 4.543994, 0.114681
2.695100, 5.321071, -0.126605
2.695100, 2.733792, -0.008417
2.695100, 2.836919, 0.020414
2.695100, 9.034156, 0.100393
2.695100, 3.425028, -0.069171
2.695100, 2.695009, -0.000346
2.695100, 3.328180, 0.062735
2.695100, 9.761473, -0.086324
2.695100, 2.862319, -0.023134
2.695100, 2.720568, 0.006719
2.695100, 4.813323, 0.120103
2.695100, 4.987151, -0.122826
2.695100, 2.725109, -0.007306
2.695100, 2.853218, 0.022167
2.695100, 9.513171, 0.091451
2.695100, 3.359933, -0.064902
2.695100, 2.695086, 0.000127
2.695100, 3.395608, 0.067270
2.695100, 9.245373, -0.096595
2.695100, 2.843932, -0.021171
2.695100, 2.730038, 0.007938
2.695100, 5.176363, 0.125184
2.695100, 4.651819, -0.117040
2.695100, 2.716350, -0.006164
2.695100, 2.871682, 0.024118
2.695100, 10.001507, 0.080997
2.695100, 3.298411, -0.060650
2.695100, 2.694885, 0.000545
2.695100, 3.451043, 0.070813
2.695100, 8.854873, -0.103446
2.695100, 2.831145, -0.019788
2.695100, 2.736773, 0.008798
2.695100, 5.436603, 0.127521
2.695100, 4.466051, -0.112805
2.695100, 2.711496, -0.005515
2.695100, 2.883605, 0.025357
2.695100, 10.283999, 0.074180
2.695100, 3.264146, -0.058186
2.695100, 2.694612, 0.000760
2.695100, 3.476880, 0.072411
2.695100, 8.683760, -0.106220
2.695100, 2.825744, -0.019205
2.695100, 2.738880, 0.009077
2.695100, 5.520035, 0.128070
2.695100, 4.413693, -0.111462
2.695100, 2.710064, -0.005338
2.695100, 2.885263, 0.025534
2.695100, 10.321889, 0.073214
2.695100, 3.259571, -0.057854
2.695100, 2.694253, 0.000751
2.695100, 3.469715, 0.071975
2.695100, 8.730328, -0.105480
2.695100, 2.827129, -0.019370
2.695100, 2.736357, 0.008781
2.695100, 5.426335, 0.127448
2.695100, 4.472675, -0.112972
2.695100, 2.711450, -0.005564
2.695100, 2.876407, 0.024633
2.695100, 10.119303, 0.078234
2.695100, 3.283991, -0.059630
2.695100, 2.693752, 0.000516
2.695100, 3.428374, 0.069394
2.695100, 9.010148, -0.100812
2.695100, 2.835946, -0.020348
2.695100, 2.729097, 0.007891
2.695100, 5.151863, 0.124914
2.695100, 4.671254, -0.117441
2.695100, 2.716490, -0.006273
2.695100, 2.859269, 0.022854
2.695100, 9.685551, 0.087933
2.695100, 3.337675, -0.063402
2.695100, 2.693351, 0.000084
2.695100, 3.361135, 0.064997
2.695100, 9.503166, -0.091653
2.695100, 2.852633, -0.022152
2.695100, 2.719306, 0.006646
2.695100, 4.779527, 0.119510
2.695100, 5.024222, -0.123338
2.695100, 2.725731, -0.007470
2.695100, 2.840938, 0.020894
2.695100, 9.162671, 0.098110
2.695100, 3.406888, -0.068016
2.695100, 2.693574, -0.000384
2.695100, 3.299445, 0.060734
2.695100, 9.992477, -0.081206
2.695100, 2.871169, -0.024094
2.695100, 2.712700, 0.005747
2.695100, 4.522902, 0.114190
2.695100, 5.351294, -0.126864
2.695100, 2.734368, -0.008540
2.695100, 2.829263, 0.019609
2.695100, 8.799342, 0.104363
2.695100, 3.459267, -0.071331
2.695100, 2.694095, -0.000695
2.695100, 3.264700, 0.058231
2.695100, 10.279166, -0.074303
2.695100, 2.883337, -0.025340
2.695100, 2.710221, 0.005370
2.695100, 4.421406, 0.111665
2.695100, 5.507415, -0.127993
2.695100, 2.738526, -0.009039
2.695100, 2.825486, 0.019181
2.695100, 8.676043, 0.106343
2.695100, 3.478065, -0.072484
2.695100, 2.694503, -0.000781
2.695100, 3.259466, 0.057845
2.695100, 10.322874, -0.073188
2.695100, 2.885333, -0.025536
2.695100, 2.710689, 0.005409
2.695100, 4.435607, 0.112033
2.695100, 5.484516, -0.127847
2.695100, 2.738000, -0.008957
2.695100, 2.828524, 0.019504
2.695100, 8.772087, 0.104805
2.695100, 3.463414, -0.071582
2.695100, 2.694795, -0.000643
2.695100, 3.283320, 0.059573
2.695100, 10.125303, -0.078089
2.695100, 2.876772, -0.024649
2.695100, 2.714239, 0.005883
2.695100, 4.570930, 0.115295
2.695100, 5.283366, -0.126265
2.695100, 2.732816, -0.008293
2.695100, 2.838752, 0.020612
2.695100, 9.090080, 0.099408
2.695100, 3.417116, -0.068664
2.695100, 2.695036, -0.000286
2.695100, 3.336904, 0.063336
2.695100, 9.692396, -0.087787
2.695100, 2.859733, -0.022861
2.695100, 2.721816, 0.006881
2.695100, 4.861090, 0.120908
2.695100, 4.936599, -0.122092
2.695100, 2.723789, -0.007136
2.695100, 2.855784, 0.022441
2.695100, 9.584640, 0.090012
2.695100, 3.350677, -0.064276
2.695100, 2.695070, 0.000192
2.695100, 3.404372, 0.067841
2.695100, 9.181525, -0.097766
2.695100, 2.841786, -0.020940
2.695100, 2.731191, 0.008085
2.695100, 5.220715, 0.125653
2.695100, 4.617461, -0.116317
2.695100, 2.715454, -0.006045
2.695100, 2.873809, 0.024340
2.695100, 10.053839, 0.079782
2.695100, 3.292014, -0.060195
2.695100, 2.694850, 0.000587
2.695100, 3.456374, 0.071146
2.695100, 8.819002, -0.104039
2.695100, 2.830006, -0.019665
2.695100, 2.737323, 0.008869
2.695100, 5.458016, 0.127670
2.695100, 4.452316, -0.112460
2.695100, 2.711133, -0.005467
2.695100, 2.884431, 0.025442
2.695100, 10.302638, 0.073706
2.695100, 3.261902, -0.058023
2.695100, 2.694570, 0.000771
2.695100, 3.477788, 0.072466
2.695100, 8.677865, -0.106314
2.695100, 2.825554, -0.019186
2.695100, 2.738800, 0.009069
2.695100, 5.517348, 0.128054
2.695100, 4.415329, -0.111505
2.695100, 2.710090, -0.005345
2.695100, 2.884637, 0.025471
2.695100, 10.308108, 0.073567
2.695100, 3.261224, -0.057976
2.695100, 2.694192, 0.000732
2.695100, 3.466026, 0.071748
2.695100, 8.754566, -0.105090
2.695100, 2.827875, -0.019454
2.695100, 2.735631, 0.008694
2.695100, 5.398981, 0.127244
2.695100, 4.490662, -0.113415
2.695100, 2.711895, -0.005630
2.695100, 2.874429, 0.024430
2.695100, 10.072013, 0.079357
2.695100, 3.289735, -0.060042
2.695100, 2.693679, 0.000466
2.695100, 3.420159, 0.068870
2.695100, 9.067894, -0.099803
2.695100, 2.837820, -0.020554
2.695100, 2.727786, 0.007727
2.695100, 5.102169, 0.124333
2.695100, 4.712042, -0.118249
2.695100, 2.717548, -0.006415
2.695100, 2.856620, 0.022575
2.695100, 9.613681, 0.089422
2.695100, 3.346844, -0.064029
2.695100, 2.693340, 0.000017
2.695100, 3.351590, 0.064352
2.695100, 9.576767, -0.090175
2.695100, 2.855277, -0.022432
2.695100, 2.718117, 0.006490
2.695100, 4.733936, 0.118668
2.695100, 5.076315, -0.124014
2.695100, 2.727104, -0.007642
2.695100, 2.838829, 0.020664
2.695100, 9.098747, 0.099257
2.695100, 3.415811, -0.068592
2.695100, 2.693643, -0.000440
2.695100, 3.292858, 0.060265
2.695100, 10.046369, -0.079958
2.695100, 2.873369, -0.024321
2.695100, 2.712147, 0.005667
2.695100, 4.500793, 0.113662
2.695100, 5.383814, -0.127127
2.695100, 2.735229, -0.008645
2.695100, 2.828306, 0.019502
2.695100, 8.768507, 0.104864
2.695100, 3.463914, -0.071618
2.695100, 2.694160, -0.000721
2.695100, 3.262262, 0.058052
2.695100, 10.299465, -0.073788
2.695100, 2.884248, -0.025432
2.695100, 2.710122, 0.005352
2.695100, 4.416894, 0.111546
2.695100, 5.514782, -0.128038
2.695100, 2.738728, -0.009062
2.695100, 2.825503, 0.019181
2.695100, 8.676334, 0.106338
2.695100, 3.478023, -0.072481
2.695100, 2.694548, -0.000775
2.695100, 3.260962, 0.057954
2.695100, 10.310444, -0.073507
2.695100, 2.884779, -0.025478
2.695100, 2.710971, 0.005446
2.695100, 4.446201, 0.112304
2.695100, 5.467656, -0.127736
2.695100, 2.737570, -0.008901
2.695100, 2.829479, 0.019607
2.695100, 8.802334, 0.104313
2.695100, 3.458867, -0.071300
2.695100, 2.694831, -0.000607
2.695100, 3.288972, 0.059978
2.695100, 10.078796, -0.079195
2.695100, 2.874836, -0.024447
2.695100, 2.715028, 0.005988
2.695100, 4.601166, 0.115965
2.695100, 5.242308, -0.125871
2.695100, 2.731751, -0.008157
2.695100, 2.840741, 0.020827
2.695100, 9.150189, 0.098334
2.695100, 3.408712, -0.068123
2.695100, 2.695060, -0.000224
2.695100, 3.346025, 0.063960
2.695100, 9.620846, -0.089272
2.695100, 2.857100, -0.022581
2.695100, 2.723123, 0.007050
2.695100, 4.911112, 0.121704
2.695100, 4.886001, -0.121310
2.695100, 2.722467, -0.006965
2.695100, 2.858413, 0.022721
2.695100, 9.656674, 0.088532
2.695100, 3.341446, -0.063647
2.695100, 2.695049, 0.000255
2.695100, 3.412948, 0.068396
2.695100, 9.119801, -0.098879
2.695100, 2.839733, -0.020718
2.695100, 2.732291, 0.008226
2.695100, 5.263128, 0.126074
2.695100, 4.585713, -0.115625
2.695100, 2.714625, -0.005934
2.695100, 2.875821, 0.024550
2.695100, 10.102536, 0.078633
2.695100, 3.286085, -0.059772
2.695100, 2.694813, 0.000625
2.695100, 3.461205, 0.071445
2.695100, 8.786756, -0.104567
2.695100, 2.828986, -0.019554
2.695100, 2.737795, 0.008930
2.695100, 5.476453, 0.127794
2.695100, 4.440658, -0.112162
2.695100, 2.710824, -0.005427
2.695100, 2.885078, 0.025510
2.695100, 10.317156, 0.073335
2.695100, 3.260154, -0.057895
2.695100, 2.694526, 0.000778
2.695100, 3.478113, 0.072486
2.695100, 8.675737, -0.106347
2.695100, 2.825481, -0.019179
2.695100, 2.738637, 0.009052
2.695100, 5.511474, 0.128018
2.695100, 4.418917, -0.111600
2.695100, 2.710165, -0.005360
2.695100, 2.883815, 0.025388
2.695100, 10.289838, 0.074032
2.695100, 3.263418, -0.058137
2.695100, 2.694128, 0.000708
2.695100, 3.461666, 0.071479
2.695100, 8.783392, -0.104623
2.695100, 2.828767, -0.019554
2.695100, 2.734809, 0.008594
2.695100, 5.367958, 0.127000
2.695100, 4.511506, -0.113919
2.695100, 2.712414, -0.005706
2.695100, 2.872285, 0.024210
2.695100, 10.019919, 0.080573
2.695100, 3.296087, -0.060495
2.695100, 2.693608, 0.000412
2.695100, 3.411396, 0.068307
2.695100, 9.130270, -0.098694
2.695100, 2.839866, -0.020777
2.695100, 2.726420, 0.007556
2.695100, 5.050381, 0.123683
2.695100, 4.756381, -0.119088
2.695100, 2.718702, -0.006567
2.695100, 2.853951, 0.022292
2.695100, 9.540010, 0.090917
2.695100, 3.356343, -0.064674
2.695100, 2.693344, -0.000051
2.695100, 3.342217, 0.063713
2.695100, 9.649856, -0.088676
2.695100, 2.857947, -0.022715
2.695100, 2.717007, 0.006342
2.695100, 4.691210, 0.117841
2.695100, 5.127296, -0.124632
2.695100, 2.728448, -0.007810
2.695100, 2.836862, 0.020449
2.695100, 9.038442, 0.100320
2.695100, 3.424337, -0.069137
2.695100, 2.693715, -0.000492
2.695100, 3.286788, 0.059831
2.695100, 10.096253, -0.078783
2.695100, 2.875439, -0.024534
2.695100, 2.711663, 0.005596
2.695100, 4.481326, 0.113186
2.695100, 5.413111, -0.127351
2.695100, 2.736006, -0.008739
2.695100, 2.827484, 0.019410
2.695100, 8.741882, 0.105294
2.695100, 3.467954, -0.071866
2.695100, 2.694223, -0.000742
2.695100, 3.260330, 0.057910
2.695100, 10.315562, -0.073376
2.695100, 2.884975, -0.025505
2.695100, 2.710071, 0.005341
2.695100, 4.414263, 0.111477
2.695100, 5.519098, -0.128064
2.695100, 2.738851, -0.009075
2.695100, 2.825634, 0.019194
2.695100, 8.680324, 0.106275
2.695100, 3.477409, -0.072443
2.695100, 2.694591, -0.000766
2.695100, 3.262958, 0.058100
2.695100, 10.293864, -0.073930
2.695100, 2.884042, -0.025402
2.695100, 2.711307, 0.005490
2.695100, 4.458901, 0.112626
2.695100, 5.447709, -0.127599
2.695100, 2.737059, -0.008835
2.695100, 2.830559, 0.019725
2.695100, 8.836443, 0.103752
2.695100, 3.453776, -0.070984
2.695100, 2.694867, -0.000566
2.695100, 3.295148, 0.060418
2.695100, 10.028170, -0.080380
2.695100, 2.872762, -0.024231
2.695100, 2.715893, 0.006103
2.695100, 4.634280, 0.116674
2.695100, 5.198807, -0.125425
2.695100, 2.730622, -0.008013
2.695100, 2.842845, 0.021054
2.695100, 9.213143, 0.097189
2.695100, 3.400018, -0.067558
2.695100, 2.695079, -0.000160
2.695100, 3.355298, 0.064589
2.695100, 9.548862, -0.090736
2.695100, 2.854495, -0.022304
2.695100, 2.724449, 0.007221
2.695100, 4.961873, 0.122465
2.695100, 4.836941, -0.120507
2.695100, 2.721185, -0.006799
2.695100, 2.861031, 0.022998
2.695100, 9.727217, 0.087053
2.695100, 3.332496, -0.063033
2.695100, 2.695023, 0.000316
2.695100, 3.421128, 0.068922
2.695100, 9.061641, -0.099911
2.695100, 2.837818, -0.020511
2.695100, 2.733314, 0.008356
2.695100, 5.302607, 0.126441
2.695100, 4.557088, -0.114981
2.695100, 2.713878, -0.005835
2.695100, 2.877670, 0.024742
2.695100, 10.146653, 0.077575
2.695100, 3.280731, -0.059387
2.695100, 2.694777, 0.000660
2.695100, 3.465454, 0.071708
2.695100, 8.758596, -0.105024
2.695100, 2.828099, -0.019458
2.695100, 2.738183, 0.008981
2.695100, 5.491705, 0.127894
2.695100, 4.431129, -0.111917
2.695100, 2.710568, -0.005394
2.695100, 2.885540, 0.025558
2.695100, 10.327512, 0.073069
2.695100, 3.258907, -0.057804
2.695100, 2.694480, 0.000782
2.695100, 3.477881, 0.072473
2.695100, 8.677224, -0.106324
2.695100, 2.825519, -0.019185
2.695100, 2.738398, 0.009024
2.695100, 5.502700, 0.127964
2.695100, 4.424307, -0.111741
2.695100, 2.710287, -0.005381
2.695100, 2.882826, 0.025288
2.695100, 10.267682, 0.074593
2.695100, 3.266081, -0.058332
2.695100, 2.694062, 0.000682
2.695100, 3.456769, 0.071176
2.695100, 8.816019, -0.104089
2.695100, 2.829783, -0.019667
2.695100, 2.733915, 0.008485
2.695100, 5.334183, 0.126720
2.695100, 4.534753, -0.114468
2.695100, 2.712999, -0.005790
2.695100, 2.870047, 0.023978
2.695100, 9.964644, 0.081842
2.695100, 3.302859, -0.060976
2.695100, 2.693542, 0.000356
2.695100, 3.402388, 0.067725
2.695100, 9.195221, -0.097519
2.695100, 2.842022, -0.021011
2.695100, 2.725052, 0.007384
2.695100, 4.998445, 0.122987
2.695100, 4.802851, -0.119924
2.695100, 2.719915, -0.006726
2.695100, 2.851352, 0.022015
2.695100, 9.467045, 0.092367
2.695100, 3.365860, -0.065314
2.695100, 2.693362, -0.000116
2.695100, 3.333311, 0.063102
2.695100, 9.720012, -0.087208
2.695100, 2.860557, -0.022989
2.695100, 2.716007, 0.006208
2.695100, 4.652548, 0.117058
2.695100, 5.175347, -0.125176
2.695100, 2.729716, -0.007968
2.695100, 2.835090, 0.020254
2.695100, 8.983561, 0.101272
2.695100, 3.432191, -0.069636
2.695100, 2.693788, -0.000539
2.695100, 3.281395, 0.059443
2.695100, 10.140725, -0.077720
2.695100, 2.877313, -0.024726
2.695100, 2.711257, 0.005535
2.695100, 4.464848, 0.112777
2.695100, 5.438411, -0.127535
2.695100, 2.736678, -0.008820
2.695100, 2.826815, 0.019335
2.695100, 8.720103, 0.105643
2.695100, 3.471278, -0.072070
2.695100, 2.694282, -0.000759
2.695100, 3.258962, 0.057809
2.695100, 10.326971, -0.073083
2.695100, 2.885495, -0.025557
2.695100, 2.710070, 0.005337
2.695100, 4.413632, 0.111460
2.695100, 5.520138, -0.128071
2.695100, 2.738888, -0.009077
2.695100, 2.825882, 0.019220
2.695100, 8.688121, 0.106151
2.695100, 3.476210, -0.072369
2.695100, 2.694631, -0.000753
2.695100, 3.265447, 0.058281
2.695100, 10.273200, -0.074453
2.695100, 2.883128, -0.025308
2.695100, 2.711696, 0.005542
2.695100, 4.473658, 0.112995
2.695100, 5.424884, -0.127436
2.695100, 2.736472, -0.008760
2.695100, 2.831753, 0.019854
2.695100, 8.873975, 0.103128
2.695100, 3.448221, -0.070637
2.695100, 2.694902, -0.000523
2.695100, 3.301744, 0.060886
2.695100, 9.974331, -0.081620
2.695100, 2.870589, -0.024004
2.695100, 2.716819, 0.006226
2.695100, 4.669770, 0.117408
2.695100, 5.153803, -0.124934
2.695100, 2.729452, -0.007863
2.695100, 2.845025, 0.021289
2.695100, 9.277617, 0.095995
2.695100, 3.391222, -0.066983
2.695100, 2.695092, -0.000095
2.695100, 3.364495, 0.065209
2.695100, 9.478246, -0.092144
2.695100, 2.851979, -0.022035
2.695100, 2.725755, 0.007389
2.695100, 5.011925, 0.123169
2.695100, 4.790675, -0.119706
2.695100, 2.719977, -0.006641
2.695100, 2.863572, 0.023267
2.695100, 9.794518, 0.085613
2.695100, 3.324034, -0.062448
2.695100, 2.694995, 0.000374
2.695100, 3.428747, 0.069408
2.695100, 9.008094, -0.100846
2.695100, 2.836071, -0.020322
2.695100, 2.734242, 0.008475
2.695100, 5.338447, 0.126754
2.695100, 4.531839, -0.114398
2.695100, 2.713218, -0.005746
2.695100, 2.879325, 0.024914
2.695100, 10.185592, 0.076629
2.695100, 3.276018, -0.059048
2.695100, 2.694741, 0.000689
2.695100, 3.469069, 0.071931
2.695100, 8.734780, -0.105407
2.695100, 2.827350, -0.019377
2.695100, 2.738486, 0.009020
2.695100, 5.503670, 0.127969
2.695100, 4.423725, -0.111725
2.695100, 2.710367, -0.005368
2.695100, 2.885816, 0.025587
2.695100, 10.333724, 0.072909
2.695100, 3.258158, -0.057749
2.695100, 2.694433, 0.000782
2.695100, 3.477109, 0.072426
2.695100, 8.682199, -0.106245
2.695100, 2.825665, -0.019203
2.695100, 2.738088, 0.008988
2.695100, 5.491236, 0.127891
2.695100, 4.431400, -0.111925
2.695100, 2.710451, -0.005409
2.695100, 2.881693, 0.025173
2.695100, 10.242079, 0.075234
2.695100, 3.269161, -0.058556
2.695100, 2.693995, 0.000652
2.695100, 3.451430, 0.070845
2.695100, 8.851873, -0.103498
2.695100, 2.830906, -0.019792
2.695100, 2.732966, 0.008369
2.695100, 5.298336, 0.126404
2.695100, 4.560084, -0.115052
2.695100, 2.713639, -0.005881
2.695100, 2.867766, 0.023742
2.695100, 9.907377, 0.083134
2.695100, 3.309913, -0.061473
2.695100, 2.693483, 0.000298
2.695100, 3.393354, 0.067135
2.695100, 9.261198, -0.096304
2.695100, 2.844239, -0.021252
2.695100, 2.723717, 0.007215
2.695100, 4.947732, 0.122260
2.695100, 4.850297, -0.120733
2.695100, 2.721158, -0.006887
2.695100, 2.848875, 0.021750
2.695100, 9.396377, 0.093744
2.695100, 3.375187, -0.065937
2.695100, 2.693392, -0.000180
2.695100, 3.325012, 0.062528
2.695100, 9.785985, -0.085799
2.695100, 2.863054, -0.023251
2.695100, 2.715124, 0.006088
2.695100, 4.618242, 0.116337
2.695100, 5.219600, -0.125644
2.695100, 2.730885, -0.008113
2.695100, 2.833526, 0.020082
2.695100, 8.934692, 0.102107
2.695100, 3.439264, -0.070083
2.695100, 2.693859, -0.000581
2.695100, 3.276719, 0.059105
2.695100, 10.179390, -0.076782
2.695100, 2.878966, -0.024895
2.695100, 2.710927, 0.005484
2.695100, 4.451302, 0.112435
2.695100, 5.459563, -0.127682
2.695100, 2.737241, -0.008888
2.695100, 2.826300, 0.019276
2.695100, 8.703210, 0.105912
2.695100, 3.473870, -0.072229
2.695100, 2.694336, -0.000771
2.695100, 3.258164, 0.057751
2.695100, 10.333635, -0.072912
2.695100, 2.885802, -0.025587
2.695100, 2.710119, 0.005340
2.695100, 4.415012, 0.111497
2.695100, 5.517877, -0.128057
2.695100, 2.738838, -0.009069
2.695100, 2.826248, 0.019259
2.695100, 8.699733, 0.105967
2.695100, 3.474425, -0.072260
2.695100, 2.694669, -0.000736
2.695100, 3.268428, 0.058498
2.695100, 10.248463, -0.075074
2.695100, 2.882043, -0.025195
2.695100, 2.712139, 0.005601
2.695100, 4.490527, 0.113410
2.695100, 5.399249, -0.127245
2.695100, 2.735812, -0.008675
2.695100, 2.833059, 0.019996
2.695100, 8.914793, 0.102443
2.695100, 3.442233, -0.070261
2.695100, 2.694934, -0.000477
2.695100, 3.308719, 0.061378
2.695100, 9.917699, -0.082901
2.695100, 2.868341, -0.023769
2.695100, 2.717803, 0.006356
2.695100, 4.707437, 0.118157
2.695100, 5.107773, -0.124398
2.695100, 2.728254, -0.007710
2.695100, 2.847262, 0.021529
2.695100, 9.343016, 0.094763
2.695100, 3.382407, -0.066402
2.695100, 2.695099, -0.000032
2.695100, 3.373513, 0.065812
2.695100, 9.409771, -0.093483
2.695100, 2.849574, -0.021778
2.695100, 2.727022, 0.007552
2.695100, 5.060519, 0.123811
2.695100, 4.747630, -0.118923
2.695100, 2.718852, -0.006494
2.695100, 2.866005, 0.023523
2.695100, 9.857874, 0.084231
2.695100, 3.316131, -0.061897
2.695100, 2.694966, 0.000427
2.695100, 3.435759, 0.069853
2.695100, 8.959346, -0.101685
2.695100, 2.834492, -0.020151
2.695100, 2.735071, 0.008580
2.695100, 5.370531, 0.127020
2.695100, 4.509807, -0.113876
2.695100, 2.712643, -0.005669
2.695100, 2.880778, 0.025064
2.695100, 10.219366, 0.075798
2.695100, 3.271938, -0.058752
2.695100, 2.694706, 0.000715
2.695100, 3.472049, 0.072114
2.695100, 8.715248, -0.105720
2.695100, 2.826736, -0.019311
2.695100, 2.738704, 0.009050
2.695100, 5.512373, 0.128023
2.695100, 4.418378, -0.111585
2.695100, 2.710218, -0.005351
2.695100, 2.885905, 0.025597
2.695100, 10.335804, 0.072856
2.695100, 3.257906, -0.057731
2.695100, 2.694386, 0.000778
2.695100, 3.475791, 0.072346
2.695100, 8.690735, -0.106110
2.695100, 2.825921, -0.019233
2.695100, 2.737707, 0.008943
2.695100, 5.477006, 0.127799
2.695100, 4.440285, -0.112154
2.695100, 2.710662, -0.005443
2.695100, 2.880416, 0.025043
2.695100, 10.212910, 0.075959
2.695100, 3.272675, -0.058812
2.695100, 2.693927, 0.000618
2.695100, 3.445638, 0.070483
2.695100, 8.891107, -0.102843
2.695100, 2.832142, -0.019929
2.695100, 2.731963, 0.008245
2.695100, 5.260392, 0.126049
2.695100, 4.587666, -0.115671
2.695100, 2.714341, -0.005979
2.695100, 2.865448, 0.023501
2.695100, 9.848174, 0.084446
2.695100, 3.317250, -0.061987
2.695100, 2.693433, 0.000240
2.695100, 3.384329, 0.066542
2.695100, 9.327944, -0.095052
2.695100, 2.846512, -0.021497
2.695100, 2.722424, 0.007050
2.695100, 4.898530, 0.121511
2.695100, 4.898420, -0.121510
2.695100, 2.722421, -0.007049
2.695100, 2.846517, 0.021497
2.695100, 9.328097, 0.095049
2.695100, 3.384308, -0.066541
2.695100, 2.693433, -0.000240
2.695100, 3.317267, 0.061989
2.695100, 9.848036, -0.084449
2.695100, 2.865443, -0.023500
2.695100, 2.714343, 0.005980
2.695100, 4.587732, 0.115672
2.695100, 5.260303, -0.126048
2.695100, 2.731961, -0.008245
2.695100, 2.832145, 0.019930
2.695100, 8.891201, 0.102841
2.695100, 3.445624, -0.070482
2.695100, 2.693927, -0.000618
2.695100, 3.272683, 0.058813
2.695100, 10.212839, -0.075960
2.695100, 2.880413, -0.025043
2.695100, 2.710662, 0.005443
2.695100, 4.440308, 0.112155
2.695100, 5.476970, -0.127799
2.695100, 2.737706, -0.008943
2.695100, 2.825922, 0.019233
2.695100, 8.690759, 0.106110
2.695100, 3.475787, -0.072346
2.695100, 2.694386, -0.000778
2.695100, 3.257906, 0.057731
2.695100, 10.335804, -0.072856
2.695100, 2.885905, -0.025597
2.695100, 2.710218, 0.005351
2.695100, 4.418368, 0.111585
2.695100, 5.512389, -0.128023
2.695100, 2.738704, -0.009050
2.695100, 2.826735, 0.019311
2.695100, 8.715208, 0.105721
2.695100, 3.472055, -0.072115
2.695100, 2.694706, -0.000715
2.695100, 3.271929, 0.058752
2.695100, 10.219437, -0.075796
2.695100, 2.880781, -0.025065
2.695100, 2.712642, 0.005669
2.695100, 4.509760, 0.113875
2.695100, 5.370600, -0.127020
2.695100, 2.735073, -0.008581
2.695100, 2.834488, 0.020151
2.695100, 8.959240, 0.101687
2.695100, 3.435774, -0.069854
2.695100, 2.694966, -0.000427
2.695100, 3.316113, 0.061896
2.695100, 9.858014, -0.084228
2.695100, 2.866011, -0.023524
2.695100, 2.718850, 0.006494
2.695100, 4.747536, 0.118921
2.695100, 5.060628, -0.123813
2.695100, 2.727025, -0.007553
2.695100, 2.849569, 0.021777
2.695100, 9.409617, 0.093485
2.695100, 3.373533, -0.065813
2.695100, 2.695099, 0.000032
2.695100, 3.382387, 0.066401
2.695100, 9.343166, -0.094760
2.695100, 2.847267, -0.021530
2.695100, 2.728251, 0.007710
2.695100, 5.107667, 0.124397
2.695100, 4.707525, -0.118158
2.695100, 2.717805, -0.006356
2.695100, 2.868336, 0.023768
2.695100, 9.917567, 0.082904
2.695100, 3.308735, -0.061379
2.695100, 2.694935, 0.000477
2.695100, 3.442219, 0.070260
2.695100, 8.914890, -0.102441
2.695100, 2.833062, -0.019996
2.695100, 2.735811, 0.008675
2.695100, 5.399187, 0.127244
2.695100, 4.490568, -0.113411
2.695100, 2.712140, -0.005601
2.695100, 2.882040, 0.025195
2.695100, 10.248402, 0.075076
2.695100, 3.268435, -0.058498
2.695100, 2.694670, 0.000736
2.695100, 3.474421, 0.072260
2.695100, 8.699764, -0.105967
2.695100, 2.826249, -0.019259
2.695100, 2.738838, 0.009068
2.695100, 5.517868, 0.128057
2.695100, 4.415017, -0.111497
2.695100, 2.710119, -0.005340
2.695100, 2.885802, 0.025588
2.695100, 10.333645, 0.072911
2.695100, 3.258163, -0.057750
2.695100, 2.694336, 0.000771
2.695100, 3.473875, 0.072229
2.695100, 8.703176, -0.105913
2.695100, 2.826298, -0.019276
2.695100, 2.737242, 0.008888
2.695100, 5.459607, 0.127682
2.695100, 4.451274, -0.112435
2.695100, 2.710926, -0.005484
2.695100, 2.878969, 0.024896
2.695100, 10.179472, 0.076780
2.695100, 3.276710, -0.059105
2.695100, 2.693859, 0.000581
2.695100, 3.439279, 0.070084
2.695100, 8.934587, -0.102109
2.695100, 2.833522, -0.020082
2.695100, 2.730888, 0.008113
2.695100, 5.219697, 0.125645
2.695100, 4.618168, -0.116335
2.695100, 2.715122, -0.006087
2.695100, 2.863059, 0.023252
2.695100, 9.786131, 0.085796
2.695100, 3.324993, -0.062527
2.695100, 2.693392, 0.000180
2.695100, 3.375208, 0.065938
2.695100, 9.396219, -0.093747
2.695100, 2.848870, -0.021750
2.695100, 2.721161, 0.006887
2.695100, 4.850406, 0.120735
2.695100, 4.947618, -0.122259
2.695100, 2.723714, -0.007214
2.695100, 2.844244, 0.021252
2.695100, 9.261350, 0.096301
2.695100, 3.393334, -0.067134
2.695100, 2.693483, -0.000298
2.695100, 3.309929, 0.061474
2.695100, 9.907245, -0.083137
2.695100, 2.867761, -0.023742
2.695100, 2.713641, 0.005881
2.695100, 4.560145, 0.115054
2.695100, 5.298252, -0.126403
2.695100, 2.732964, -0.008368
2.695100, 2.830908, 0.019792
2.695100, 8.851959, 0.103496
2.695100, 3.451417, -0.070844
2.695100, 2.693995, -0.000651
2.695100, 3.269168, 0.058557
2.695100, 10.242017, -0.075236
2.695100, 2.881690, -0.025173
2.695100, 2.710452, 0.005409
2.695100, 4.431418, 0.111925
2.695100, 5.491207, -0.127891
2.695100, 2.738088, -0.008988
2.695100, 2.825666, 0.019203
2.695100, 8.682215, 0.106245
2.695100, 3.477107, -0.072426
2.695100, 2.694433, -0.000782
2.695100, 3.258157, 0.057749
2.695100, 10.333734, -0.072909
2.695100, 2.885816, -0.025587
2.695100, 2.710367, 0.005368
2.695100, 4.423710, 0.111724
2.695100, 5.503693, -0.127970
2.695100, 2.738486, -0.009020
2.695100, 2.827348, 0.019377
2.695100, 8.734730, 0.105408
2.695100, 3.469076, -0.071931
2.695100, 2.694741, -0.000689
2.695100, 3.276008, 0.059047
2.695100, 10.185675, -0.076627
2.695100, 2.879329, -0.024914
2.695100, 2.713217, 0.005746
2.695100, 4.531785, 0.114397
2.695100, 5.338524, -0.126755
2.695100, 2.734244, -0.008475
2.695100, 2.836067, 0.020322
2.695100, 9.007977, 0.100848
2.695100, 3.428763, -0.069409
2.695100, 2.694995, -0.000374
2.695100, 3.324016, 0.062446
2.695100, 9.794667, -0.085610
2.695100, 2.863578, -0.023267
2.695100, 2.719974, 0.006641
2.695100, 4.790573, 0.119704
2.695100, 5.012038, -0.123171
2.695100, 2.725758, -0.007390
2.695100, 2.851973, 0.022034
2.695100, 9.478088, 0.092147
2.695100, 3.364515, -0.065210
2.695100, 2.695092, 0.000095
2.695100, 3.391202, 0.066982
2.695100, 9.277765, -0.095993
2.695100, 2.845030, -0.021290
2.695100, 2.729449, 0.007863
2.695100, 5.153699, 0.124933
2.695100, 4.669853, -0.117410
2.695100, 2.716821, -0.006226
2.695100, 2.870584, 0.024004
2.695100, 9.974205, 0.081623
2.695100, 3.301760, -0.060887
2.695100, 2.694902, 0.000523
2.695100, 3.448208, 0.070636
2.695100, 8.874065, -0.103127
2.695100, 2.831756, -0.019854
2.695100, 2.736471, 0.008759
2.695100, 5.424828, 0.127436
2.695100, 4.473694, -0.112996
2.695100, 2.711697, -0.005542
2.695100, 2.883126, 0.025307
2.695100, 10.273149, 0.074454
2.695100, 3.265453, -0.058281
2.695100, 2.694631, 0.000753
2.695100, 3.476206, 0.072369
2.695100, 8.688143, -0.106151
2.695100, 2.825883, -0.019220
2.695100, 2.738888, 0.009077
2.695100, 5.520136, 0.128071
2.695100, 4.413633, -0.111460
2.695100, 2.710070, -0.005337
2.695100, 2.885496, 0.025557
2.695100, 10.326992, 0.073083
2.695100, 3.258959, -0.057809
2.695100, 2.694282, 0.000759
2.695100, 3.471285, 0.072071
2.695100, 8.720059, -0.105644
2.695100, 2.826814, -0.019335
2.695100, 2.736680, 0.008820
2.695100, 5.438465, 0.127535
2.695100, 4.464813, -0.112776
2.695100, 2.711256, -0.005535
2.695100, 2.877317, 0.024727
2.695100, 10.140820, 0.077717
2.695100, 3.281384, -0.059442
2.695100, 2.693788, 0.000539
2.695100, 3.432208, 0.069637
2.695100, 8.983442, -0.101274
2.695100, 2.835086, -0.020254
2.695100, 2.729719, 0.007968
2.695100, 5.175452, 0.125177
2.695100, 4.652464, -0.117057
2.695100, 2.716005, -0.006208
2.695100, 2.860563, 0.022990
2.695100, 9.720168, 0.087204
2.695100, 3.333291, -0.063101
2.695100, 2.693362, 0.000117
2.695100, 3.365882, 0.065316
2.695100, 9.466880, -0.092370
2.695100, 2.851346, -0.022015
2.695100, 2.719918, 0.006726
2.695100, 4.802959, 0.119926
2.695100, 4.998327, -0.122985
2.695100, 2.725049, -0.007384
2.695100, 2.842027, 0.021012
2.695100, 9.195371, 0.097516
2.695100, 3.402368, -0.067723
2.695100, 2.693541, -0.000356
2.695100, 3.302875, 0.060977
2.695100, 9.964515, -0.081845
2.695100, 2.870041, -0.023978
2.695100, 2.713000, 0.005790
2.695100, 4.534809, 0.114470
2.695100, 5.334103, -0.126719
2.695100, 2.733913, -0.008484
2.695100, 2.829786, 0.019668
2.695100, 8.816097, 0.104088
2.695100, 3.456757, -0.071176
2.695100, 2.694062, -0.000681
2.695100, 3.266087, 0.058332
2.695100, 10.267627, -0.074594
2.695100, 2.882823, -0.025288
2.695100, 2.710287, 0.005382
2.695100, 4.424321, 0.111741
2.695100, 5.502677, -0.127964
2.695100, 2.738397, -0.009024
2.695100, 2.825519, 0.019185
2.695100, 8.677232, 0.106324
2.695100, 3.477880, -0.072473
2.695100, 2.694480, -0.000782
2.695100, 3.258905, 0.057804
2.695100, 10.327531, -0.073069
2.695100, 2.885541, -0.025558
2.695100, 2.710568, 0.005394
2.695100, 4.431109, 0.111916
2.695100, 5.491736, -0.127894
2.695100, 2.738184, -0.008981
2.695100, 2.828097, 0.019458
2.695100, 8.758536, 0.105025
2.695100, 3.465463, -0.071709
2.695100, 2.694777, -0.000660
2.695100, 3.280719, 0.059386
2.695100, 10.146749, -0.077573
2.695100, 2.877674, -0.024743
2.695100, 2.713876, 0.005834
2.695100, 4.557026, 0.114980
2.695100, 5.302693, -0.126441
2.695100, 2.733317, -0.008356
2.695100, 2.837814, 0.020511
2.695100, 9.061512, 0.099913
2.695100, 3.421146, -0.068923
2.695100, 2.695023, -0.000316
2.695100, 3.332476, 0.063031
2.695100, 9.727376, -0.087050
2.695100, 2.861037, -0.022999
2.695100, 2.721183, 0.006799
2.695100, 4.836832, 0.120505
2.695100, 4.961989, -0.122466
2.695100, 2.724452, -0.007222
2.695100, 2.854489, 0.022303
2.695100, 9.548697, 0.090740
2.695100, 3.355319, -0.064591
2.695100, 2.695079, 0.000159
2.695100, 3.399998, 0.067557
2.695100, 9.213290, -0.097186
2.695100, 2.842850, -0.021055
2.695100, 2.730619, 0.008012
2.695100, 5.198705, 0.125424
2.695100, 4.634359, -0.116676
2.695100, 2.715894, -0.006104
2.695100, 2.872757, 0.024231
2.695100, 10.028050, 0.080383
2.695100, 3.295163, -0.060419
2.695100, 2.694867, 0.000566
2.695100, 3.453764, 0.070983
2.695100, 8.836526, -0.103750
2.695100, 2.830562, -0.019725
2.695100, 2.737057, 0.008835
2.695100, 5.447660, 0.127599
2.695100, 4.458932, -0.112627
2.695100, 2.711308, -0.005491
2.695100, 2.884040, 0.025402
2.695100, 10.293822, 0.073931
2.695100, 3.262963, -0.058100
2.695100, 2.694591, 0.000766
2.695100, 3.477407, 0.072443
2.695100, 8.680337, -0.106275
2.695100, 2.825634, -0.019194
2.695100, 2.738851, 0.009075
2.695100, 5.519104, 0.128065
2.695100, 4.414259, -0.111477
2.695100, 2.710071, -0.005340
2.695100, 2.884977, 0.025505
2.695100, 10.315594, 0.073376
2.695100, 3.260326, -0.057910
2.695100, 2.694223, 0.000742
2.695100, 3.467962, 0.071867
2.695100, 8.741826, -0.105295
2.695100, 2.827483, -0.019410
2.695100, 2.736008, 0.008739
2.695100, 5.413174, 0.127351
2.695100, 4.481284, -0.113185
2.695100, 2.711662, -0.005596
2.695100, 2.875444, 0.024535
2.695100, 10.096362, 0.078781
2.695100, 3.286775, -0.059830
2.695100, 2.693715, 0.000492
2.695100, 3.424356, 0.069138
2.695100, 9.038309, -0.100322
2.695100, 2.836857, -0.020448
2.695100, 2.728451, 0.007810
2.695100, 5.127411, 0.124633
2.695100, 4.691116, -0.117839
2.695100, 2.717005, -0.006342
2.695100, 2.857954, 0.022715
2.695100, 9.650022, 0.088673
2.695100, 3.342196, -0.063712
2.695100, 2.693344, 0.000051
2.695100, 3.356365, 0.064675
2.695100, 9.539841, -0.090920
2.695100, 2.853945, -0.022291
2.695100, 2.718705, 0.006567
2.695100, 4.756486, 0.119090
2.695100, 5.050261, -0.123682
2.695100, 2.726417, -0.007556
2.695100, 2.839871, 0.020778
2.695100, 9.130418, 0.098691
2.695100, 3.411376, -0.068306
2.695100, 2.693608, -0.000412
2.695100, 3.296102, 0.060496
2.695100, 10.019795, -0.080576
2.695100, 2.872280, -0.024209
2.695100, 2.712416, 0.005706
2.695100, 4.511557, 0.113920
2.695100, 5.367883, -0.127000
2.695100, 2.734807, -0.008593
2.695100, 2.828770, 0.019554
2.695100, 8.783463, 0.104622
2.695100, 3.461656, -0.071479
2.695100, 2.694128, -0.000708
2.695100, 3.263424, 0.058137
2.695100, 10.289792, -0.074034
2.695100, 2.883813, -0.025388
2.695100, 2.710166, 0.005360
2.695100, 4.418927, 0.111600
2.695100, 5.511458, -0.128018
2.695100, 2.738636, -0.009052
2.695100, 2.825481, 0.019179
2.695100, 8.675736, 0.106347
2.695100, 3.478114, -0.072486
2.695100, 2.694525, -0.000779
2.695100, 3.260151, 0.057895
2.695100, 10.317185, -0.073334
2.695100, 2.885079, -0.025510
2.695100, 2.710823, 0.005427
2.695100, 4.440633, 0.112162
2.695100, 5.476492, -0.127795
2.695100, 2.737795, -0.008930
2.695100, 2.828984, 0.019554
2.695100, 8.786686, 0.104568
2.695100, 3.461215, -0.071446
2.695100, 2.694813, -0.000625
2.695100, 3.286071, 0.059771
2.695100, 10.102644, -0.078630
2.695100, 2.875825, -0.024550
2.695100, 2.714623, 0.005934
2.695100, 4.585643, 0.115624
2.695100, 5.263223, -0.126074
2.695100, 2.732294, -0.008226
2.695100, 2.839729, 0.020718
2.695100, 9.119662, 0.098882
2.695100, 3.412968, -0.068397
2.695100, 2.695049, -0.000255
2.695100, 3.341425, 0.063646
2.695100, 9.656839, -0.088529
2.695100, 2.858419, -0.022721
2.695100, 2.722464, 0.006965
2.695100, 4.885886, 0.121309
2.695100, 4.911229, -0.121706
2.695100, 2.723126, -0.007051
2.695100, 2.857094, 0.022580
2.695100, 9.620680, 0.089276
2.695100, 3.346047, -0.063961
2.695100, 2.695060, 0.000224
2.695100, 3.408693, 0.068121
2.695100, 9.150332, -0.098331
2.695100, 2.840746, -0.020828
2.695100, 2.731749, 0.008156
2.695100, 5.242210, 0.125870
2.695100, 4.601239, -0.115966
2.695100, 2.715030, -0.005989
2.695100, 2.874832, 0.024447
2.695100, 10.078684, 0.079198
2.695100, 3.288986, -0.059979
2.695100, 2.694832, 0.000606
2.695100, 3.458856, 0.071300
2.695100, 8.802408, -0.104311
2.695100, 2.829481, -0.019608
2.695100, 2.737569, 0.008901
2.695100, 5.467613, 0.127735
2.695100, 4.446228, -0.112305
2.695100, 2.710972, -0.005446
2.695100, 2.884777, 0.025478
2.695100, 10.310411, 0.073508
2.695100, 3.260966, -0.057954
2.695100, 2.694548, 0.000775
2.695100, 3.478022, 0.072481
2.695100, 8.676339, -0.106338
2.695100, 2.825503, -0.019181
2.695100, 2.738729, 0.009062
2.695100, 5.514796, 0.128038
2.695100, 4.416886, -0.111546
2.695100, 2.710122, -0.005352
2.695100, 2.884249, 0.025432
2.695100, 10.299507, 0.073787
2.695100, 3.262257, -0.058052
2.695100, 2.694161, 0.000721
2.695100, 3.463924, 0.071619
2.695100, 8.768440, -0.104866
2.695100, 2.828304, -0.019502
2.695100, 2.735231, 0.008645
2.695100, 5.383886, 0.127127
2.695100, 4.500744, -0.113660
2.695100, 2.712146, -0.005667
2.695100, 2.873374, 0.024322
2.695100, 10.046490, 0.079955
2.695100, 3.292844, -0.060264
2.695100, 2.693643, 0.000440
2.695100, 3.415831, 0.068593
2.695100, 9.098603, -0.099259
2.695100, 2.838824, -0.020663
2.695100, 2.727107, 0.007642
2.695100, 5.076435, 0.124016
2.695100, 4.733833, -0.118667
2.695100, 2.718114, -0.006490
2.695100, 2.855283, 0.022433
2.695100, 9.576938, 0.090171
2.695100, 3.351568, -0.064351
2.695100, 2.693340, -0.000017
2.695100, 3.346865, 0.064031
2.695100, 9.613512, -0.089425
2.695100, 2.856614, -0.022574
2.695100, 2.717550, 0.006415
2.695100, 4.712141, 0.118251
2.695100, 5.102051, -0.124331
2.695100, 2.727782, -0.007727
2.695100, 2.837824, 0.020554
2.695100, 9.068034, 0.099800
2.695100, 3.420140, -0.068869
2.695100, 2.693679, -0.000466
2.695100, 3.289749, 0.060043
2.695100, 10.071897, -0.079359
2.695100, 2.874424, -0.024430
2.695100, 2.711896, 0.005630
2.695100, 4.490707, 0.113417
2.695100, 5.398913, -0.127244
2.695100, 2.735629, -0.008693
2.695100, 2.827877, 0.019454
2.695100, 8.754628, 0.105089
2.695100, 3.466016, -0.071747
2.695100, 2.694192, -0.000732
2.695100, 3.261229, 0.057976
2.695100, 10.308071, -0.073568
2.695100, 2.884636, -0.025471
2.695100, 2.710090, 0.005345
2.695100, 4.415335, 0.111505
2.695100, 5.517338, -0.128054
2.695100, 2.738800, -0.009069
2.695100, 2.825554, 0.019186
2.695100, 8.677855, 0.106314
2.695100, 3.477789, -0.072466
2.695100, 2.694570, -0.000771
2.695100, 3.261897, 0.058022
2.695100, 10.302677, -0.073705
2.695100, 2.884433, -0.025443
2.695100, 2.711133, 0.005467
2.695100, 4.452286, 0.112459
2.695100, 5.458062, -0.127671
2.695100, 2.737324, -0.008869
2.695100, 2.830003, 0.019664
2.695100, 8.818922, 0.104040
2.695100, 3.456386, -0.071146
2.695100, 2.694849, -0.000587
2.695100, 3.291999, 0.060194
2.695100, 10.053957, -0.079779
2.695100, 2.873814, -0.024341
2.695100, 2.715451, 0.006045
2.695100, 4.617384, 0.116315
2.695100, 5.220816, -0.125654
2.695100, 2.731193, -0.008086
2.695100, 2.841781, 0.020939
2.695100, 9.181379, 0.097769
2.695100, 3.404392, -0.067843
2.695100, 2.695070, -0.000192
2.695100, 3.350655, 0.064275
2.695100, 9.584807, -0.090009
2.695100, 2.855790, -0.022442
2.695100, 2.723785, 0.007136
2.695100, 4.936481, 0.122090
2.695100, 4.861204, -0.120910
2.695100, 2.721819, -0.006881
2.695100, 2.859727, 0.022860
2.695100, 9.692232, 0.087790
2.695100, 3.336924, -0.063337
2.695100, 2.695036, 0.000286
2.695100, 3.417097, 0.068663
2.695100, 9.090215, -0.099406
2.695100, 2.838757, -0.020613
2.695100, 2.732814, 0.008292
2.695100, 5.283275, 0.126264
2.695100, 4.570996, -0.115297
2.695100, 2.714241, -0.005883
2.695100, 2.876768, 0.024648
2.695100, 10.125200, 0.078091
2.695100, 3.283332, -0.059574
2.695100, 2.694795, 0.000643
2.695100, 3.463405, 0.071582
2.695100, 8.772153, -0.104804
2.695100, 2.828526, -0.019504
2.695100, 2.737999, 0.008957
2.695100, 5.484480, 0.127847
2.695100, 4.435629, -0.112033
2.695100, 2.710689, -0.005409
2.695100, 2.885332, 0.025536
2.695100, 10.322850, 0.073189
2.695100, 3.259469, -0.057845
2.695100, 2.694503, 0.000781
2.695100, 3.478065, 0.072484
2.695100, 8.676039, -0.106343
2.695100, 2.825486, -0.019181
2.695100, 2.738526, 0.009039
2.695100, 5.507435, 0.127993
2.695100, 4.421394, -0.111664
2.695100, 2.710220, -0.005370
2.695100, 2.883340, 0.025340
2.695100, 10.279218, 0.074302
2.695100, 3.264694, -0.058230
2.695100, 2.694095, 0.000695
2.695100, 3.459279, 0.071332
2.695100, 8.799266, -0.104364
2.695100, 2.829261, -0.019609
2.695100, 2.734370, 0.008540
2.695100, 5.351372, 0.126865
2.695100, 4.522848, -0.114189
2.695100, 2.712699, -0.005747
2.695100, 2.871174, 0.024095
2.695100, 9.992605, 0.081203
2.695100, 3.299429, -0.060733
2.695100, 2.693574, 0.000384
2.695100, 3.406909, 0.068018
2.695100, 9.162520, -0.098113
2.695100, 2.840933, -0.020893
2.695100, 2.725734, 0.007470
2.695100, 5.024343, 0.123340
2.695100, 4.779419, -0.119508
2.695100, 2.719303, -0.006646
2.695100, 2.852639, 0.022152
2.695100, 9.503335, 0.091649
2.695100, 3.361113, -0.064995
2.695100, 2.693351, -0.000084
2.695100, 3.337696, 0.063404
2.695100, 9.685388, -0.087936
2.695100, 2.859263, -0.022853
2.695100, 2.716493, 0.006273
2.695100, 4.671344, 0.117443
2.695100, 5.151751, -0.124913
2.695100, 2.729094, -0.007890
2.695100, 2.835950, 0.020349
2.695100, 9.010275, 0.100810
2.695100, 3.428356, -0.069393
2.695100, 2.693752, -0.000516
2.695100, 3.284003, 0.059631
2.695100, 10.119200, -0.078236
2.695100, 2.876403, -0.024633
2.695100, 2.711451, 0.005564
2.695100, 4.472713, 0.112973
2.695100, 5.426276, -0.127447
2.695100, 2.736356, -0.008781
2.695100, 2.827130, 0.019370
2.695100, 8.730378, 0.105479
2.695100, 3.469707, -0.071974
2.695100, 2.694253, -0.000751
2.695100, 3.259574, 0.057855
2.695100, 10.321862, -0.073215
2.695100, 2.885262, -0.025534
2.695100, 2.710064, 0.005338
2.695100, 4.413695, 0.111462
2.695100, 5.520033, -0.128070
2.695100, 2.738880, -0.009077
2.695100, 2.825743, 0.019205
2.695100, 8.683741, 0.106221
2.695100, 3.476883, -0.072411
2.695100, 2.694611, -0.000760
2.695100, 3.264140, 0.058186
2.695100, 10.284047, -0.074179
2.695100, 2.883607, -0.025357
2.695100, 2.711495, 0.005515
2.695100, 4.466017, 0.112805
2.695100, 5.436656, -0.127521
2.695100, 2.736775, -0.008798
2.695100, 2.831142, 0.019788
2.695100, 8.854785, 0.103448
2.695100, 3.451056, -0.070814
2.695100, 2.694885, -0.000545
2.695100, 3.298396, 0.060649
2.695100, 10.001633, -0.080994
2.695100, 2.871686, -0.024119
2.695100, 2.716348, 0.006164
2.695100, 4.651736, 0.117039
2.695100, 5.176468, -0.125185
2.695100, 2.730041, -0.007938
2.695100, 2.843927, 0.021171
2.695100, 9.245223, 0.096598
2.695100, 3.395628, -0.067272
2.695100, 2.695087, -0.000127
2.695100, 3.359912, 0.064901
2.695100, 9.513336, -0.091448
2.695100, 2.853224, -0.022168
2.695100, 2.725105, 0.007306
2.695100, 4.987034, 0.122824
2.695100, 4.813430, -0.120105
2.695100, 2.720571, -0.006719
2.695100, 2.862313, 0.023134
2.695100, 9.761316, 0.086327
2.695100, 3.328200, -0.062736
2.695100, 2.695010, 0.000346
2.695100, 3.425010, 0.069170
2.695100, 9.034280, -0.100390
2.695100, 2.836924, -0.020414
2.695100, 2.733790, 0.008417
2.695100, 5.320988, 0.126604
2.695100, 4.544052, -0.114682
2.695100, 2.713537, -0.005789
2.695100, 2.878522, 0.024831
2.695100, 10.166767, 0.077088
2.695100, 3.278295, -0.059212
2.695100, 2.694759, 0.000675
2.695100, 3.467340, 0.071824
2.695100, 8.746151, -0.105225
2.695100, 2.827707, -0.019416
2.695100, 2.738345, 0.009002
2.695100, 5.498094, 0.127934
2.695100, 4.427167, -0.111814
2.695100, 2.710461, -0.005380
2.695100, 2.885701, 0.025575
2.695100, 10.331131, 0.072976
2.695100, 3.258471, -0.057772
2.695100, 2.694457, 0.000783
2.695100, 3.477562, 0.072453
2.695100, 8.679275, -0.106292
2.695100, 2.825579, -0.019193
2.695100, 2.738252, 0.009007
2.695100, 5.497305, 0.127930
2.695100, 4.427637, -0.111827
2.695100, 2.710363, -0.005394
2.695100, 2.882277, 0.025232
2.695100, 10.255314, 0.074903
2.695100, 3.267568, -0.058440
2.695100, 2.694028, 0.000667
2.695100, 3.454154, 0.071014
2.695100, 8.833538, -0.103801
2.695100, 2.830331, -0.019728
2.695100, 2.733447, 0.008428
2.695100, 5.316517, 0.126566
2.695100, 4.547151, -0.114756
2.695100, 2.713312, -0.005835
2.695100, 2.868911, 0.023861
2.695100, 9.936252, 0.082486
2.695100, 3.306351, -0.061222
2.695100, 2.693511, 0.000327
2.695100, 3.397872, 0.067431
2.695100, 9.228102, -0.096916
2.695100, 2.843123, -0.021131
2.695100, 2.724380, 0.007299
2.695100, 4.972914, 0.122627
2.695100, 4.826472, -0.120332
2.695100, 2.720534, -0.006806
2.695100, 2.850099, 0.021881
2.695100, 9.431415, 0.093065
2.695100, 3.370549, -0.065628
2.695100, 2.693376, -0.000148
2.695100, 3.329088, 0.062811
2.695100, 9.753508, -0.086496
2.695100, 2.861819, -0.023122
2.695100, 2.715552, 0.006146
2.695100, 4.634885, 0.116690
2.695100, 5.197936, -0.125418
2.695100, 2.730313, -0.008042
2.695100, 2.834283, 0.020166
2.695100, 8.958413, 0.101703
2.695100, 3.435821, -0.069866
2.695100, 2.693823, -0.000561
2.695100, 3.278973, 0.059268
2.695100, 10.160747, -0.077235
2.695100, 2.878166, -0.024814
2.695100, 2.711084, 0.005508
2.695100, 4.457733, 0.112598
2.695100, 5.449480, -0.127612
2.695100, 2.736973, -0.008855
2.695100, 2.826539, 0.019303
2.695100, 8.711074, 0.105787
2.695100, 3.472662, -0.072155
2.695100, 2.694309, -0.000765
2.695100, 3.258493, 0.057775
2.695100, 10.330882, -0.072983
2.695100, 2.885675, -0.025575
2.695100, 2.710088, 0.005337
2.695100, 4.414072, 0.111472
2.695100, 5.519417, -0.128066
2.695100, 2.738874, -0.009074
2.695100, 2.826050, 0.019238
2.695100, 8.693445, 0.106067
2.695100, 3.475391, -0.072319
2.695100, 2.694651, -0.000745
2.695100, 3.266873, 0.058385
2.695100, 10.261358, -0.074751
2.695100, 2.882608, -0.025254
2.695100, 2.711910, 0.005571
2.695100, 4.481811, 0.113197
2.695100, 5.412434, -0.127344
2.695100, 2.736152, -0.008719
2.695100, 2.832391, 0.019923
2.695100, 8.893946, 0.102794
2.695100, 3.445285, -0.070453
2.695100, 2.694918, -0.000500
2.695100, 3.305181, 0.061129
2.695100, 9.946390, -0.082255
2.695100, 2.869476, -0.023887
2.695100, 2.717303, 0.006290
2.695100, 4.688309, 0.117780
2.695100, 5.130930, -0.124672
2.695100, 2.728856, -0.007787
2.695100, 2.846135, 0.021408
2.695100, 9.310173, 0.095385
2.695100, 3.386821, -0.066694
2.695100, 2.695097, -0.000064
2.695100, 3.369023, 0.065512
2.695100, 9.443768, -0.092821
2.695100, 2.850764, -0.021905
2.695100, 2.726393, 0.007471
2.695100, 5.036398, 0.123498
2.695100, 4.768773, -0.119312
2.695100, 2.719405, -0.006567
2.695100, 2.864801, 0.023396
2.695100, 9.826662, 0.084915
2.695100, 3.320017, -0.062168
2.695100, 2.694981, 0.000401
2.695100, 3.432324, 0.069635
2.695100, 8.983162, -0.101277
2.695100, 2.835262, -0.020234
2.695100, 2.734668, 0.008529
2.695100, 5.354931, 0.126892
2.695100, 4.520453, -0.114130
2.695100, 2.712921, -0.005706
2.695100, 2.880076, 0.024992
2.695100, 10.203089, 0.076200
2.695100, 3.273903, -0.058895
2.695100, 2.694724, 0.000702
2.695100, 3.470635, 0.072027
2.695100, 8.724500, -0.105572
2.695100, 2.827027, -0.019342
2.695100, 2.738605, 0.009036
2.695100, 5.508421, 0.127999
2.695100, 4.420802, -0.111648
2.695100, 2.710286, -0.005359
2.695100, 2.885884, 0.025594
2.695100, 10.335282, 0.072869
2.695100, 3.257970, -0.057736
2.695100, 2.694410, 0.000781
2.695100, 3.476521, 0.072390
2.695100, 8.686003, -0.106185
2.695100, 2.825779, -0.019216
2.695100, 2.737907, 0.008967
2.695100, 5.484491, 0.127848
2.695100, 4.435600, -0.112033
2.695100, 2.710550, -0.005425
2.695100, 2.881075, 0.025110
2.695100, 10.227985, 0.075585
2.695100, 3.270858, -0.058680
2.695100, 2.693961, 0.000635
2.695100, 3.448598, 0.070668
2.695100, 8.871011, -0.103179
2.695100, 2.831508, -0.019859
2.695100, 2.732473, 0.008308
2.695100, 5.279672, 0.126232
2.695100, 4.573550, -0.115357
2.695100, 2.713982, -0.005929
2.695100, 2.866615, 0.023622
2.695100, 9.878084, 0.083786
2.695100, 3.313537, -0.061728
2.695100, 2.693457, 0.000269
2.695100, 3.388849, 0.066840
2.695100, 9.294415, -0.095683
2.695100, 2.845367, -0.021373
2.695100, 2.723066, 0.007132
2.695100, 4.922981, 0.121889
2.695100, 4.874239, -0.121125
2.695100, 2.721786, -0.006968
2.695100, 2.847684, 0.021623
2.695100, 9.362010, 0.094404
2.695100, 3.379764, -0.066241
2.695100, 2.693412, -0.000210
2.695100, 3.321082, 0.062255
2.695100, 9.817415, -0.085119
2.695100, 2.864259, -0.023377
2.695100, 2.714723, 0.006032
2.695100, 4.602579, 0.115998
2.695100, 5.240333, -0.125853
2.695100, 2.731433, -0.008180
2.695100, 2.832816, 0.020004
2.695100, 8.912361, 0.102485
2.695100, 3.442522, -0.070288
2.695100, 2.693893, -0.000600
2.695100, 3.274630, 0.058954
2.695100, 10.196694, -0.076358
2.695100, 2.879712, -0.024971
2.695100, 2.710787, 0.005463
2.695100, 4.445520, 0.112288
2.695100, 5.468690, -0.127744
2.695100, 2.737485, -0.008917
2.695100, 2.826095, 0.019253
2.695100, 8.696470, 0.106019
2.695100, 3.474907, -0.072292
2.695100, 2.694361, -0.000775
2.695100, 3.257970, 0.057736
2.695100, 10.335262, -0.072870
2.695100, 2.885878, -0.025595
2.695100, 2.710162, 0.005344
2.695100, 4.416443, 0.111534
2.695100, 5.515535, -0.128043
2.695100, 2.738782, -0.009060
2.695100, 2.826476, 0.019283
2.695100, 8.706973, 0.105852
2.695100, 3.473315, -0.072192
2.695100, 2.694688, -0.000726
2.695100, 3.270109, 0.058620
2.695100, 10.234522, -0.075422
2.695100, 2.881435, -0.025132
2.695100, 2.712382, 0.005634
2.695100, 4.499816, 0.113636
2.695100, 5.385336, -0.127137
2.695100, 2.735453, -0.008629
2.695100, 2.833756, 0.020071
2.695100, 8.936507, 0.102075
2.695100, 3.439070, -0.070062
2.695100, 2.694950, -0.000452
2.695100, 3.312355, 0.061633
2.695100, 9.888299, -0.083558
2.695100, 2.867188, -0.023647
2.695100, 2.718317, 0.006424
2.695100, 4.727135, 0.118536
2.695100, 5.084381, -0.124112
2.695100, 2.727644, -0.007632
2.695100, 2.848404, 0.021652
2.695100, 9.376097, 0.094132
2.695100, 3.377987, -0.066109
2.695100, 2.695100, -0.000000
2.695100, 3.377959, 0.066108
2.695100, 9.376304, -0.094128
2.695100, 2.848411, -0.021653
2.695100, 2.727641, 0.007631
2.695100, 5.084235, 0.124110
2.695100, 4.727259, -0.118539
2.695100, 2.718320, -0.006424
2.695100, 2.867181, 0.023647
2.695100, 9.888115, 0.083562
2.695100, 3.312378, -0.061635
2.695100, 2.694950, 0.000452
2.695100, 3.439050, 0.070061
2.695100, 8.936644, -0.102072
2.695100, 2.833760, -0.020072
2.695100, 2.735451, 0.008629
2.695100, 5.385247, 0.127136
2.695100, 4.499876, -0.11