init_r,r,ur
2.687700,3.257208,0.057732
2.687700,10.338663,-0.072791
2.687700,2.885359,-0.025673
2.687700,2.693213,0.003375
2.687700,3.829202,0.091013
2.687700,6.952618,-0.126360
2.687700,2.775197,-0.013761
2.687700,2.740910,0.009687
2.687700,5.656482,0.128789
2.687700,4.334014,-0.109300
2.687700,2.705524,-0.005336
2.687700,2.815184,0.018344
2.687700,8.383437,0.110775
2.687700,3.524507,-0.075321
2.687700,2.687013,-0.001985
2.687700,2.974415,0.034315
2.687700,11.583018,0.024694
2.687700,3.088674,-0.044448
2.687700,2.687076,0.001151
2.687700,3.407736,0.068122
2.687700,9.153661,-0.098283
2.687700,2.839682,-0.020956
2.687700,2.700542,0.004573
2.687700,4.132141,0.102974
2.687700,6.070489,-0.129643
2.687700,2.751941,-0.010984
2.687700,2.767578,0.012839
2.687700,6.662286,0.128091
2.687700,3.914803,-0.094724
2.687700,2.695424,-0.003702
2.687700,2.876259,0.024742
2.687700,10.130624,0.077970
2.687700,3.282303,-0.059554
2.687700,2.687971,-0.000149
2.687700,3.240987,0.056531
2.687700,10.473954,-0.069202
2.687700,2.891718,-0.026310
2.687700,2.692991,0.003301
2.687700,3.814691,0.090355
2.687700,7.005833,-0.125982
2.687700,2.776650,-0.013925
2.687700,2.740291,0.009606
2.687700,5.632019,0.128679
2.687700,4.347700,-0.109686
2.687700,2.705931,-0.005379
2.687700,2.815730,0.018399
2.687700,8.400823,0.110523
2.687700,3.521621,-0.075151
2.687700,2.687107,-0.001953
2.687700,2.980172,0.034848
2.687700,11.618420,0.021846
2.687700,3.081002,-0.043796
2.687700,2.687166,0.001218
2.687700,3.418617,0.068823
2.687700,9.075935,-0.099670
2.687700,2.837102,-0.020680
2.687700,2.701533,0.004708
2.687700,4.169530,0.104237
2.687700,5.985518,-0.129613
2.687700,2.749730,-0.010713
2.687700,2.770663,0.013196
2.687700,6.777286,0.127474
2.687700,3.879559,-0.093228
2.687700,2.694737,-0.003542
2.687700,2.886948,0.025820
2.687700,10.371783,0.071929
2.687700,3.253269,-0.057437
2.687700,2.688396,0.000110
2.687700,3.283856,0.059662
2.687700,10.118005,-0.078272
2.687700,2.875772,-0.024683
2.687700,2.696693,0.003854
2.687700,3.958944,0.096530
2.687700,6.526728,-0.128695
2.687700,2.764092,-0.012403
2.687700,2.758621,0.011755
2.687700,6.319743,0.129344
2.687700,4.032336,-0.099383
2.687700,2.698371,-0.004155
2.687700,2.861710,0.023242
2.687700,9.767956,0.086194
2.687700,3.326964,-0.062706
2.687700,2.687963,-0.000471
2.687700,3.196427,0.053152
2.687700,10.841575,-0.058322
2.687700,2.911071,-0.028238
2.687700,2.690841,0.002905
2.687700,3.720682,0.085890
2.687700,7.381950,-0.122824
2.687700,2.786765,-0.015115
2.687700,2.728876,0.008236
2.687700,5.203232,0.125487
2.687700,4.630403,-0.116611
2.687700,2.713466,-0.006355
2.687700,2.801935,0.016870
2.687700,7.929870,0.116841
2.687700,3.605451,-0.079900
2.687700,2.688230,-0.002410
2.687700,2.936439,0.030719
2.687700,11.220666,0.044399
2.687700,3.147339,-0.049285
2.687700,2.687400,0.000761
2.687700,3.358342,0.064856
2.687700,9.521923,-0.091287
2.687700,2.852524,-0.022299
2.687700,2.698642,0.004255
2.687700,4.051895,0.100114
2.687700,6.268098,-0.129452
2.687700,2.757176,-0.011602
2.687700,2.763071,0.012301
2.687700,6.491273,0.128831
2.687700,3.970950,-0.097011
2.687700,2.696752,-0.003928
2.687700,2.866702,0.023763
2.687700,9.897157,0.083370
2.687700,3.310857,-0.061584
2.687700,2.687789,-0.000375
2.687700,3.206723,0.053945
2.687700,10.757621,-0.060980
2.687700,2.906298,-0.027769
2.687700,2.690909,0.002949
2.687700,3.728151,0.086259
2.687700,7.349885,-0.123125
2.687700,2.785868,-0.015016
2.687700,2.729054,0.008263
2.687700,5.210780,0.125566
2.687700,4.624591,-0.116488
2.687700,2.713279,-0.006339
2.687700,2.801218,0.016795
2.687700,7.905568,0.117139
2.687700,3.610107,-0.080155
2.687700,2.688201,-0.002445
2.687700,2.931136,0.030209
2.687700,11.151182,0.047256
2.687700,3.156795,-0.050044
2.687700,2.687260,0.000676
2.687700,3.344109,0.063891
2.687700,9.632276,-0.089048
2.687700,2.856531,-0.022721
2.687700,2.697255,0.004063
2.687700,3.999556,0.098135
2.687700,6.409374,-0.129106
2.687700,2.760843,-0.012051
2.687700,2.757525,0.011657
2.687700,6.283701,0.129422
2.687700,4.045905,-0.099893
2.687700,2.698354,-0.004248
2.687700,2.848961,0.021934
2.687700,9.423228,0.093233
2.687700,3.371254,-0.065725
2.687700,2.687082,-0.000891
2.687700,3.124423,0.047425
2.687700,11.378250,-0.037124
2.687700,2.950116,-0.032031
2.687700,2.687311,0.002200
2.687700,3.560087,0.077375
2.687700,8.176376,-0.113664
2.687700,2.809016,-0.017671
2.687700,2.707814,0.005648
2.687700,4.421767,0.111693
2.687700,5.506189,-0.127998
2.687700,2.736906,-0.009212
2.687700,2.778297,0.014131
2.687700,7.069413,0.125508
2.687700,3.797752,-0.089579
2.687700,2.692436,-0.003250
2.687700,2.889904,0.026133
2.687700,10.436620,0.070212
2.687700,3.245450,-0.056865
2.687700,2.687644,0.000078
2.687700,3.267145,0.058460
2.687700,10.255982,-0.074895
2.687700,2.881644,-0.025297
2.687700,2.693632,0.003452
2.687700,3.847545,0.091832
2.687700,6.887108,-0.126801
2.687700,2.773452,-0.013555
2.687700,2.742845,0.009919
2.687700,5.729542,0.129076
2.687700,4.294457,-0.108153
2.687700,2.704492,-0.005194
2.687700,2.818116,0.018663
2.687700,8.480276,0.109356
2.687700,3.508562,-0.074380
2.687700,2.686898,-0.001886
2.687700,2.985958,0.035384
2.687700,11.649344,0.019015
2.687700,3.073532,-0.043160
2.687700,2.687011,0.001255
2.687700,3.421185,0.068989
2.687700,9.057688,-0.099992
2.687700,2.836474,-0.020618
2.687700,2.701056,0.004657
2.687700,4.153628,0.103706
2.687700,6.021127,-0.129634
2.687700,2.750630,-0.010829
2.687700,2.768580,0.012959
2.687700,6.700450,0.127897
2.687700,3.902890,-0.094224
2.687700,2.695132,-0.003655
2.687700,2.877984,0.024918
2.687700,10.171111,0.076991
2.687700,3.277402,-0.059201
2.687700,2.687977,-0.000113
2.687700,3.246057,0.056908
2.687700,10.431706,-0.070343
2.687700,2.889704,-0.026107
2.687700,2.693282,0.003350
2.687700,3.826817,0.090905
2.687700,6.961316,-0.126300
2.687700,2.775468,-0.013784
2.687700,2.741768,0.009782
2.687700,5.687585,0.128919
2.687700,4.316950,-0.108810
2.687700,2.705136,-0.005269
2.687700,2.818196,0.018667
2.687700,8.482078,0.109329
2.687700,3.508278,-0.074363
2.687700,2.687030,-0.001869
2.687700,2.990419,0.035793
2.687700,11.669975,0.016864
2.687700,3.067976,-0.042683
2.687700,2.687117,0.001308
2.687700,3.430468,0.069579
2.687700,8.992612,-0.101126
2.687700,2.834350,-0.020389
2.687700,2.702011,0.004784
2.687700,4.189281,0.104886
2.687700,5.942279,-0.129570
2.687700,2.748581,-0.010578
2.687700,2.771518,0.013298
2.687700,6.809738,0.127283
2.687700,3.869942,-0.092812
2.687700,2.694501,-0.003503
2.687700,2.888356,0.025963
2.687700,10.402151,0.071129
2.687700,3.249624,-0.057168
2.687700,2.688389,0.000136
2.687700,3.287287,0.059908
2.687700,10.089750,-0.078945
2.687700,2.874585,-0.024561
2.687700,2.696905,0.003887
2.687700,3.967544,0.096874
2.687700,6.501322,-0.128793
2.687700,2.763427,-0.012323
2.687700,2.759509,0.011858
2.687700,6.353106,0.129263
2.687700,4.019971,-0.098915
2.687700,2.698101,-0.004103
2.687700,2.864452,0.023524
2.687700,9.838858,0.084658
2.687700,3.318107,-0.062089
2.687700,2.688074,-0.000394
2.687700,3.208779,0.054100
2.687700,10.740885,-0.061496
2.687700,2.905403,-0.027676
2.687700,2.691612,0.003038
2.687700,3.752977,0.087465
2.687700,7.246253,-0.124059
2.687700,2.783104,-0.014684
2.687700,2.733236,0.008759
2.687700,5.366335,0.126999
2.687700,4.512233,-0.113953
2.687700,2.710301,-0.005953
2.687700,2.806833,0.017419
2.687700,8.100031,0.114679
2.687700,3.573780,-0.078146
2.687700,2.687723,-0.002247
2.687700,2.950248,0.032040
2.687700,11.379426,0.037064
2.687700,3.124254,-0.047409
2.687700,2.687347,0.000923
2.687700,3.380154,0.066314
2.687700,9.356356,-0.094520
2.687700,2.846652,-0.021684
2.687700,2.699863,0.004442
2.687700,4.100758,0.101880
2.687700,6.145217,-0.129612
2.687700,2.753954,-0.011214
2.687700,2.766876,0.012746
2.687700,6.634173,0.128227
2.687700,3.923727,-0.095094
2.687700,2.695743,-0.003725
2.687700,2.878086,0.024923
2.687700,10.172910,0.076947
2.687700,3.277197,-0.059184
2.687700,2.688208,-0.000084
2.687700,3.253780,0.057476
2.687700,10.367443,-0.072042
2.687700,2.886729,-0.025802
2.687700,2.694296,0.003492
2.687700,3.864704,0.092585
2.687700,6.827592,-0.127175
2.687700,2.771962,-0.013358
2.687700,2.747211,0.010421
2.687700,5.891478,0.129496
2.687700,4.213148,-0.105656
2.687700,2.702558,-0.004879
2.687700,2.830126,0.019943
2.687700,8.862813,0.103326
2.687700,3.449360,-0.070770
2.687700,2.687010,-0.001455
2.687700,3.046277,0.040800
2.687700,11.728374,-0.008136
2.687700,3.009007,-0.037486
2.687700,2.686941,0.001721
2.687700,3.485879,0.073019
2.687700,8.622561,-0.107192
2.687700,2.822520,-0.019133
2.687700,2.703901,0.005093
2.687700,4.268709,0.107383
2.687700,5.779058,-0.129235
2.687700,2.744198,-0.010070
2.687700,2.773500,0.013550
2.687700,6.887100,0.126800
2.687700,3.847561,-0.091832
2.687700,2.693776,-0.003435
2.687700,2.886159,0.025749
2.687700,10.355565,0.072352
2.687700,3.255193,-0.057582
2.687700,2.687968,0.000046
2.687700,3.267964,0.058517
2.687700,10.249329,-0.075061
2.687700,2.881384,-0.025264
2.687700,2.694530,0.003559
2.687700,3.878535,0.093185
2.687700,6.780659,-0.127455
2.687700,2.770690,-0.013213
2.687700,2.747814,0.010498
2.687700,5.915186,0.129534
2.687700,4.201908,-0.105296
2.687700,2.702229,-0.004843
2.687700,2.829916,0.019923
2.687700,8.856710,0.103428
2.687700,3.450257,-0.070827
2.687700,2.686923,-0.001471
2.687700,3.042651,0.040483
2.687700,11.734348,-0.006626
2.687700,3.012311,-0.037785
2.687700,2.686860,0.001687
2.687700,3.479710,0.072644
2.687700,8.662131,-0.106574
2.687700,2.823741,-0.019266
2.687700,2.703272,0.005010
2.687700,4.245323,0.106668
2.687700,5.825399,-0.129359
2.687700,2.745408,-0.010219
2.687700,2.771921,0.013367
2.687700,6.828378,0.127171
2.687700,3.864457,-0.092575
2.687700,2.694106,-0.003512
2.687700,2.880992,0.025228
2.687700,10.240863,0.075273
2.687700,3.268974,-0.058592
2.687700,2.687784,-0.000075
2.687700,3.248182,0.057066
2.687700,10.413905,-0.070818
2.687700,2.888846,-0.026024
2.687700,2.692925,0.003315
2.687700,3.815577,0.090396
2.687700,7.002521,-0.126007
2.687700,2.776535,-0.013917
2.687700,2.739627,0.009532
2.687700,5.607863,0.128564
2.687700,4.361424,-0.110069
2.687700,2.706253,-0.005432
2.687700,2.813644,0.018175
2.687700,8.331960,0.111512
2.687700,3.533159,-0.075826
2.687700,2.687112,-0.002034
2.687700,2.969355,0.033843
2.687700,11.547854,0.027231
2.687700,3.095666,-0.045037
2.687700,2.687125,0.001106
2.687700,3.402170,0.067761
2.687700,9.193943,-0.097552
2.687700,2.841047,-0.021099
2.687700,2.700402,0.004546
2.687700,4.125750,0.102754
2.687700,6.085452,-0.129641
2.687700,2.752344,-0.011030
2.687700,2.767439,0.012820
2.687700,6.656719,0.128119
2.687700,3.916561,-0.094797
2.687700,2.695488,-0.003706
2.687700,2.876641,0.024780
2.687700,10.139522,0.077756
2.687700,3.281227,-0.059476
2.687700,2.688019,-0.000136
2.687700,3.243622,0.056727
2.687700,10.452017,-0.069797
2.687700,2.890672,-0.026204
2.687700,2.693251,0.003340
2.687700,3.824693,0.090809
2.687700,6.969060,-0.126245
2.687700,2.775680,-0.013808
2.687700,2.741689,0.009771
2.687700,5.684409,0.128906
2.687700,4.318678,-0.108860
2.687700,2.705188,-0.005274
2.687700,2.818305,0.018678
2.687700,8.485559,0.109277
2.687700,3.507715,-0.074329
2.687700,2.687044,-0.001863
2.687700,2.991414,0.035884
2.687700,11.674220,0.016387
2.687700,3.066755,-0.042577
2.687700,2.687129,0.001318
2.687700,3.432120,0.069684
2.687700,8.981122,-0.101324
2.687700,2.833976,-0.020349
2.687700,2.702151,0.004803
2.687700,4.194592,0.105059
2.687700,5.930842,-0.129556
2.687700,2.748282,-0.010541
2.687700,2.771909,0.013344
2.687700,6.824302,0.127195
2.687700,3.865675,-0.092626
2.687700,2.694419,-0.003484
2.687700,2.889688,0.026097
2.687700,10.430426,0.070377
2.687700,3.246234,-0.056917
2.687700,2.688437,0.000166
2.687700,3.292270,0.060264
2.687700,10.048844,-0.079907
2.687700,2.872893,-0.024387
2.687700,2.697381,0.003956
2.687700,3.985795,0.097595
2.687700,6.448461,-0.128980
2.687700,2.762054,-0.012154
2.687700,2.761643,0.012106
2.687700,6.432909,0.129031
2.687700,3.991257,-0.097808
2.687700,2.697505,-0.003978
2.687700,2.871808,0.024276
2.687700,10.022521,0.080520
2.687700,3.295481,-0.060493
2.687700,2.688403,-0.000193
2.687700,3.241916,0.056597
2.687700,10.466399,-0.069407
2.687700,2.891397,-0.026269
2.687700,2.694083,0.003432
2.687700,3.852324,0.092041
2.687700,6.870465,-0.126907
2.687700,2.773123,-0.013490
2.687700,2.746565,0.010339
2.687700,5.866352,0.129449
2.687700,4.225238,-0.106039
2.687700,2.702899,-0.004920
2.687700,2.829962,0.019923
2.687700,8.857350,0.103417
2.687700,3.450172,-0.070821
2.687700,2.687079,-0.001452
2.687700,3.047712,0.040925
2.687700,11.725697,-0.008729
2.687700,3.007721,-0.037369
2.687700,2.687014,0.001739
2.687700,3.489638,0.073245
2.687700,8.598653,-0.107562
2.687700,2.821789,-0.019052
2.687700,2.704391,0.005155
2.687700,4.286717,0.107923
2.687700,5.744283,-0.129126
2.687700,2.743292,-0.009959
2.687700,2.774772,0.013696
2.687700,6.934258,0.126486
2.687700,3.834309,-0.091241
2.687700,2.693530,-0.003373
2.687700,2.890598,0.026194
2.687700,10.450236,0.069845
2.687700,3.243841,-0.056742
2.687700,2.688129,0.000147
2.687700,3.284603,0.059718
2.687700,10.111729,-0.078422
2.687700,2.875478,-0.024658
2.687700,2.696007,0.003776
2.687700,3.935665,0.095586
2.687700,6.597102,-0.128399
2.687700,2.765892,-0.012630
2.687700,2.754931,0.011330
2.687700,6.182259,0.129578
2.687700,4.085680,-0.101343
2.687700,2.699496,-0.004383
2.687700,2.848773,0.021906
2.687700,9.416715,0.093359
2.687700,3.372134,-0.065781
2.687700,2.687388,-0.000861
2.687700,3.133443,0.048160
2.687700,11.318276,-0.040047
2.687700,2.944593,-0.031501
2.687700,2.687937,0.002315
2.687700,3.586949,0.078881
2.687700,8.028180,-0.115609
2.687700,2.804757,-0.017186
2.687700,2.711654,0.006125
2.687700,4.562675,0.115127
2.687700,5.294198,-0.126379
2.687700,2.731314,-0.008528
2.687700,2.784847,0.014888
2.687700,7.310767,0.123485
2.687700,3.737412,-0.086711
2.687700,2.691261,-0.002971
2.687700,2.908784,0.028011
2.687700,10.801575,0.059603
2.687700,3.201357,-0.053531
2.687700,2.688065,0.000447
2.687700,3.325311,0.062591
2.687700,9.781180,-0.085910
2.687700,2.862228,-0.023294
2.687700,2.698574,0.004175
2.687700,4.038773,0.099624
2.687700,6.302624,-0.129382
2.687700,2.758191,-0.011699
2.687700,2.765192,0.012528
2.687700,6.567437,0.128528
2.687700,3.945396,-0.095982
2.687700,2.696451,-0.003790
2.687700,2.880523,0.025163
2.687700,10.228134,0.075589
2.687700,3.270553,-0.058700
2.687700,2.688636,0.000014
2.687700,3.274359,0.058976
2.687700,10.196591,-0.076367
2.687700,2.879152,-0.025023
2.687700,2.696706,0.003830
2.687700,3.955648,0.096396
2.687700,6.536578,-0.128655
2.687700,2.764385,-0.012430
2.687700,2.759310,0.011829
2.687700,6.344608,0.129284
2.687700,4.023108,-0.099034
2.687700,2.698234,-0.004109
2.687700,2.865772,0.023657
2.687700,9.872249,0.083923
2.687700,3.313966,-0.061799
2.687700,2.688213,-0.000348
2.687700,3.217388,0.054755
2.687700,10.670048,-0.063633
2.687700,2.901608,-0.027296
2.687700,2.692327,0.003150
2.687700,3.781359,0.088813
2.687700,7.132751,-0.125010
2.687700,2.780073,-0.014322
2.687700,2.737254,0.009237
2.687700,5.516702,0.128062
2.687700,4.415344,-0.111524
2.687700,2.707748,-0.005614
2.687700,2.812569,0.018050
2.687700,8.294680,0.112037
2.687700,3.539517,-0.076193
2.687700,2.687368,-0.002049
2.687700,2.971433,0.034035
2.687700,11.562662,0.026192
2.687700,3.092795,-0.044794
2.687700,2.687322,0.001150
2.687700,3.411653,0.068374
2.687700,9.125635,-0.098786
2.687700,2.838779,-0.020853
2.687700,2.701742,0.004719
2.687700,4.174920,0.104415
2.687700,5.973628,-0.129603
2.687700,2.749454,-0.010671
2.687700,2.772066,0.013352
2.687700,6.828503,0.127169
2.687700,3.864462,-0.092572
2.687700,2.694526,-0.003463
2.687700,2.894163,0.026541
2.687700,10.522702,0.067860
2.687700,3.235175,-0.056091
2.687700,2.688754,0.000283
2.687700,3.313726,0.061778
2.687700,9.874432,-0.083874
2.687700,2.865921,-0.023660
2.687700,2.699846,0.004295
2.687700,4.078667,0.101087
2.687700,6.199904,-0.129555
2.687700,2.755629,-0.011360
2.687700,2.772214,0.013322
2.687700,6.826061,0.127182
2.687700,3.865235,-0.092601
2.687700,2.695176,-0.003393
2.687700,2.913831,0.028475
2.687700,10.885244,0.056888
2.687700,3.191126,-0.052724
2.687700,2.690211,0.000773
2.687700,3.406221,0.068000
2.687700,9.165986,-0.098055
2.687700,2.840556,-0.020954
2.687700,2.712614,0.005967
2.687700,4.555204,0.114948
2.687700,5.304934,-0.126469
2.687700,2.732467,-0.008465
2.687700,2.810521,0.017643
2.687700,8.196617,0.113382
2.687700,3.556838,-0.077154
2.687700,2.691796,-0.001652
2.687700,3.096029,0.045031
2.687700,11.546997,-0.027280
2.687700,2.969534,-0.033809
2.687700,2.693597,0.002794
2.687700,3.751240,0.087365
2.687700,7.254091,-0.123985
2.687700,2.783889,-0.014648
2.687700,2.749185,0.010552
2.687700,5.949003,0.129575
2.687700,4.186285,-0.104782
2.687700,2.702772,-0.004676
2.687700,2.860591,0.023094
2.687700,9.734319,0.086910
2.687700,3.331270,-0.062994
2.687700,2.689258,-0.000349
2.687700,3.234158,0.056011
2.687700,10.531385,-0.067618
2.687700,2.894638,-0.026580
2.687700,2.695652,0.003591
2.687700,3.902489,0.094203
2.687700,6.701919,-0.127888
2.687700,2.768808,-0.012944
2.687700,2.755996,0.011427
2.687700,6.217636,0.129533
2.687700,4.071600,-0.100833
2.687700,2.699454,-0.004293
2.687700,2.860079,0.023067
2.687700,9.724239,0.087125
2.687700,3.332480,-0.063086
2.687700,2.688184,-0.000484
2.687700,3.198114,0.053280
2.687700,10.827984,-0.058760
2.687700,2.910303,-0.028159
2.687700,2.691368,0.002973
2.687700,3.739396,0.086807
2.687700,7.302478,-0.123560
2.687700,2.784640,-0.014860
2.687700,2.732046,0.008613
2.687700,5.321110,0.126619
2.687700,4.543538,-0.114689
2.687700,2.711160,-0.006057
2.687700,2.806131,0.017337
2.687700,8.075279,0.115002
2.687700,3.578289,-0.078398
2.687700,2.687865,-0.002262
2.687700,2.950475,0.032060
2.687700,11.381695,0.036949
2.687700,3.123908,-0.047380
2.687700,2.687440,0.000937
2.687700,3.383598,0.066541
2.687700,9.330691,-0.095008
2.687700,2.845773,-0.021589
2.687700,2.700426,0.004514
2.687700,4.121279,0.102598
2.687700,6.096031,-0.129638
2.687700,2.752686,-0.011056
2.687700,2.769013,0.012991
2.687700,6.713562,0.127827
2.687700,3.898872,-0.094052
2.687700,2.695280,-0.003610
2.687700,2.886294,0.025751
2.687700,10.357204,0.072309
2.687700,3.255028,-0.057565
2.687700,2.688569,0.000118
2.687700,3.287750,0.059940
2.687700,10.086023,-0.079033
2.687700,2.874450,-0.024543
2.687700,2.697439,0.003951
2.687700,3.986071,0.097605
2.687700,6.447690,-0.128983
2.687700,2.762054,-0.012150
2.687700,2.762259,0.012174
2.687700,6.455438,0.128957
2.687700,3.983365,-0.097499
2.687700,2.697378,-0.003940
2.687700,2.874999,0.024599
2.687700,10.099114,0.078722
2.687700,3.286160,-0.059826
2.687700,2.688587,-0.000104
2.687700,3.257187,0.057724
2.687700,10.339226,-0.072775
2.687700,2.885475,-0.025667
2.687700,2.695460,0.003637
2.687700,3.905936,0.094350
2.687700,6.690710,-0.127947
2.687700,2.768415,-0.012919
2.687700,2.753568,0.011159
2.687700,6.129123,0.129623
2.687700,4.107418,-0.102114
2.687700,2.700107,-0.004458
2.687700,2.848285,0.021851
2.687700,9.402349,0.093637
2.687700,3.374044,-0.065907
2.687700,2.687525,-0.000859
2.687700,3.135978,0.048365
2.687700,11.300947,-0.040852
2.687700,2.943083,-0.031355
2.687700,2.688207,0.002358
2.687700,3.597611,0.079470
2.687700,7.971191,-0.116328
2.687700,2.803140,-0.017001
2.687700,2.713310,0.006328
2.687700,4.623451,0.116463
2.687700,5.212284,-0.125581
2.687700,2.729143,-0.008262
2.687700,2.787303,0.015171
2.687700,7.400664,0.122646
2.687700,3.716369,-0.085676
2.687700,2.690852,-0.002874
2.687700,2.915435,0.028665
2.687700,10.914695,0.055905
2.687700,3.187350,-0.052446
2.687700,2.688150,0.000558
2.687700,3.342284,0.063759
2.687700,9.646974,-0.088743
2.687700,2.857187,-0.022767
2.687700,2.700047,0.004384
2.687700,4.095390,0.101687
2.687700,6.158409,-0.129600
2.687700,2.754447,-0.011239
2.687700,2.770741,0.013168
2.687700,6.774117,0.127491
2.687700,3.880551,-0.093267
2.687700,2.695228,-0.003491
2.687700,2.901402,0.027253
2.687700,10.663929,0.063812
2.687700,3.218194,-0.054806
2.687700,2.689498,0.000493
2.687700,3.355267,0.064631
2.687700,9.546570,-0.090790
2.687700,2.853687,-0.022365
2.687700,2.705549,0.005051
2.687700,4.291096,0.108045
2.687700,5.736228,-0.129094
2.687700,2.743679,-0.009867
2.687700,2.792690,0.015644
2.687700,7.572131,0.120917
2.687700,3.678365,-0.083736
2.687700,2.692780,-0.002385
2.687700,3.011953,0.037706
2.687700,11.733174,0.006909
2.687700,3.043577,-0.040522
2.687700,2.692378,0.002105
2.687700,3.631361,0.081271
2.687700,7.798684,-0.118405
2.687700,2.799067,-0.016361
2.687700,2.739843,0.009387
2.687700,5.587967,0.128457
2.687700,4.373087,-0.110381
2.687700,2.707749,-0.005337
2.687700,2.849476,0.021915
2.687700,9.427627,0.093143
2.687700,3.370832,-0.065675
2.687700,2.689747,-0.000575
2.687700,3.210897,0.054249
2.687700,10.724182,-0.062004
2.687700,2.904640,-0.027572
2.687700,2.695342,0.003480
2.687700,3.880916,0.093282
2.687700,6.772933,-0.127497
2.687700,2.770746,-0.013161
2.687700,2.755529,0.011360
2.687700,6.198091,0.129558
2.687700,4.079377,-0.101113
2.687700,2.699747,-0.004312
2.687700,2.862202,0.023282
2.687700,9.779329,0.085949
2.687700,3.325564,-0.062605
2.687700,2.688436,-0.000405
2.687700,3.213115,0.054428
2.687700,10.705385,-0.062575
2.687700,2.903509,-0.027481
2.687700,2.692605,0.003168
2.687700,3.788762,0.089158
2.687700,7.104023,-0.125238
2.687700,2.779337,-0.014228
2.687700,2.739067,0.009448
2.687700,5.583926,0.128442
2.687700,4.375272,-0.110450
2.687700,2.706738,-0.005468
2.687700,2.816453,0.018470
2.687700,8.423502,0.110192
2.687700,3.517881,-0.074929
2.687700,2.687288,-0.001906
2.687700,2.989485,0.035705
2.687700,11.665815,0.017318
2.687700,3.069154,-0.042782
2.687700,2.687327,0.001324
2.687700,3.436205,0.069941
2.687700,8.952903,-0.101807
2.687700,2.833087,-0.020248
2.687700,2.703205,0.004932
2.687700,4.232380,0.106263
2.687700,5.851718,-0.129418
2.687700,2.746246,-0.010286
2.687700,2.775452,0.013748
2.687700,6.955078,0.126342
2.687700,3.828579,-0.090980
2.687700,2.693793,-0.003303
2.687700,2.904133,0.027534
2.687700,10.716018,0.062253
2.687700,3.211853,-0.054328
2.687700,2.689010,0.000482
2.687700,3.345672,0.063984
2.687700,9.620858,-0.089280
2.687700,2.856332,-0.022656
2.687700,2.703128,0.004749
2.687700,4.203482,0.105340
2.687700,5.912087,-0.129526
2.687700,2.748179,-0.010439
2.687700,2.783912,0.014658
2.687700,7.256190,0.123967
2.687700,3.750719,-0.087341
2.687700,2.693468,-0.002806
2.687700,2.965980,0.033478
2.687700,11.520031,0.029075
2.687700,3.101055,-0.045454
2.687700,2.691582,0.001590
2.687700,3.544469,0.076446
2.687700,8.267560,-0.112409
2.687700,2.812581,-0.017878
2.687700,2.730459,0.008221
2.687700,5.229437,0.125750
2.687700,4.610610,-0.116179
2.687700,2.714055,-0.006160
2.687700,2.836907,0.020564
2.687700,9.056033,0.100016
2.687700,3.421621,-0.068991
2.687700,2.690227,-0.000881
2.687700,3.176574,0.051587
2.687700,11.000814,-0.052914
2.687700,2.921008,-0.029181
2.687700,2.694429,0.003252
2.687700,3.831928,0.091127
2.687700,6.943150,-0.126423
2.687700,2.775315,-0.013691
2.687700,2.751745,0.010903
2.687700,6.053613,0.129641
2.687700,4.139484,-0.103222
2.687700,2.701240,-0.004541
2.687700,2.854772,0.022510
2.687700,9.580657,0.090103
2.687700,3.350796,-0.064338
2.687700,2.688323,-0.000599
2.687700,3.184572,0.052228
2.687700,10.936919,-0.055149
2.687700,2.916813,-0.028798
2.687700,2.691085,0.002891
2.687700,3.722800,0.085993
2.687700,7.372901,-0.122909
2.687700,2.786573,-0.015081
2.687700,2.730641,0.008438
2.687700,5.267625,0.126131
2.687700,4.581975,-0.115560
2.687700,2.712220,-0.006185
2.687700,2.805465,0.017258
2.687700,8.051472,0.115309
2.687700,3.582661,-0.078641
2.687700,2.688040,-0.002272
2.687700,2.951908,0.032195
2.687700,11.396198,0.036204
2.687700,3.121661,-0.047194
2.687700,2.687575,0.000969
2.687700,3.390339,0.066984
2.687700,9.280763,-0.095947
2.687700,2.844070,-0.021405
2.687700,2.701361,0.004636
2.687700,4.155721,0.103774
2.687700,6.016466,-0.129631
2.687700,2.750631,-0.010801
2.687700,2.772354,0.013375
2.687700,6.837448,0.127114
2.687700,3.861873,-0.092458
2.687700,2.694619,-0.003435
2.687700,2.899446,0.027064
2.687700,10.627019,0.064895
2.687700,3.222635,-0.055146
2.687700,2.689110,0.000415
2.687700,3.338065,0.063462
2.687700,9.680555,-0.088043
2.687700,2.858555,-0.022886
2.687700,2.702848,0.004700
2.687700,4.191207,0.104943
2.687700,5.938344,-0.129562
2.687700,2.748882,-0.010521
2.687700,2.783510,0.014609
2.687700,7.240957,0.124100
2.687700,3.754440,-0.087520
2.687700,2.693571,-0.002819
2.687700,2.965751,0.033456
2.687700,11.518186,0.029193
2.687700,3.101394,-0.045482
2.687700,2.691646,0.001595
2.687700,3.546250,0.076548
2.687700,8.257267,-0.112551
2.687700,2.812288,-0.017843
2.687700,2.730927,0.008277
2.687700,5.246800,0.125922
2.687700,4.597580,-0.115896
2.687700,2.713723,-0.006114
2.687700,2.837973,0.020677
2.687700,9.088248,0.099448
2.687700,3.417075,-0.068700
2.687700,2.690245,-0.000846
2.687700,3.181606,0.051982
2.687700,10.961196,-0.054309
2.687700,2.918484,-0.028933
2.687700,2.694726,0.003305
2.687700,3.844799,0.091701
2.687700,6.897185,-0.126732
2.687700,2.774099,-0.013546
2.687700,2.753352,0.011092
2.687700,6.114073,0.129630
2.687700,4.113738,-0.102332
2.687700,2.700647,-0.004438
2.687700,2.859399,0.022989
2.687700,9.705127,0.087528
2.687700,3.334914,-0.063251
2.687700,2.688502,-0.000464
2.687700,3.206025,0.053886
2.687700,10.763631,-0.060793
2.687700,2.906694,-0.027797
2.687700,2.692401,0.003121
2.687700,3.778375,0.088671
2.687700,7.144495,-0.124915
2.687700,2.780430,-0.014355
2.687700,2.738084,0.009329
2.687700,5.546607,0.128238
2.687700,4.397292,-0.111045
2.687700,2.707327,-0.005544
2.687700,2.815367,0.018350
2.687700,8.387261,0.110719
2.687700,3.523894,-0.075282
2.687700,2.687367,-0.001939
2.687700,2.986279,0.035410
2.687700,11.650810,0.018869
2.687700,3.073170,-0.043126
2.687700,2.687385,0.001301
2.687700,3.433962,0.069799
2.687700,8.968448,-0.101541
2.687700,2.833602,-0.020301
2.687700,2.703317,0.004942
2.687700,4.235719,0.106367
2.687700,5.844914,-0.129403
2.687700,2.746081,-0.010263
2.687700,2.776062,0.013816
2.687700,6.977300,0.126186
2.687700,3.822486,-0.090705
2.687700,2.693715,-0.003270
2.687700,2.907288,0.027845
2.687700,10.773315,0.060490
2.687700,3.204874,-0.053793
2.687700,2.689146,0.000548
2.687700,3.357221,0.064766
2.687700,9.531341,-0.091096
2.687700,2.853091,-0.022312
2.687700,2.704517,0.004935
2.687700,4.255636,0.106977
2.687700,5.805063,-0.129303
2.687700,2.745411,-0.010095
2.687700,2.788370,0.015163
2.687700,7.417925,0.122474
2.687700,3.712597,-0.085470
2.687700,2.693012,-0.002595
2.687700,2.987157,0.035447
2.687700,11.653749,0.018562
2.687700,3.072587,-0.043041
2.687700,2.691907,0.001837
2.687700,3.585071,0.078745
2.687700,8.039924,-0.115451
2.687700,2.805944,-0.017137
2.687700,2.734830,0.008768
2.687700,5.396535,0.127231
2.687700,4.492107,-0.113459
2.687700,2.710884,-0.005755
2.687700,2.842138,0.021132
2.687700,9.214266,0.097176
2.687700,3.399547,-0.067568
2.687700,2.689915,-0.000760
2.687700,3.188121,0.052493
2.687700,10.909221,-0.056087
2.687700,2.915249,-0.028619
2.687700,2.694418,0.003293
2.687700,3.837798,0.091391
2.687700,6.922022,-0.126567
2.687700,2.774708,-0.013630
2.687700,2.751129,0.010839
2.687700,6.031761,0.129636
2.687700,4.149003,-0.103546
2.687700,2.701388,-0.004588
2.687700,2.850884,0.022109
2.687700,9.473698,0.092243
2.687700,3.364674,-0.065276
2.687700,2.688072,-0.000728
2.687700,3.162791,0.050515
2.687700,11.106368,-0.049010
2.687700,2.927968,-0.029890
2.687700,2.689829,0.002660
2.687700,3.668343,0.083241
2.687700,7.617875,-0.120437
2.687700,2.793265,-0.015862
2.687700,2.723224,0.007541
2.687700,4.990719,0.122892
2.687700,4.809544,-0.120055
2.687700,2.718347,-0.006946
2.687700,2.798014,0.016411
2.687700,7.789029,0.118524
2.687700,3.633031,-0.081387
2.687700,2.689026,-0.002509
2.687700,2.935678,0.030639
2.687700,11.210558,0.044825
2.687700,3.148755,-0.049395
2.687700,2.687843,0.000803
2.687700,3.371455,0.065732
2.687700,9.422055,-0.093254
2.687700,2.849022,-0.021920
2.687700,2.701061,0.004564
2.687700,4.139734,0.103232
2.687700,6.052983,-0.129641
2.687700,2.751640,-0.010911
2.687700,2.772724,0.013408
2.687700,6.849589,0.127038
2.687700,3.858370,-0.092303
2.687700,2.694685,-0.003403
2.687700,2.904742,0.027587
2.687700,10.726543,0.061932
2.687700,3.210595,-0.054228
2.687700,2.689453,0.000543
2.687700,3.361469,0.065050
2.687700,9.498838,-0.091744
2.687700,2.851965,-0.022185
2.687700,2.705917,0.005106
2.687700,4.305959,0.108482
2.687700,5.708241,-0.128993
2.687700,2.742938,-0.009779
2.687700,2.793379,0.015724
2.687700,7.597179,0.120652
2.687700,3.672979,-0.083459
2.687700,2.692684,-0.002359
2.687700,3.013972,0.037889
2.687700,11.736351,0.005990
2.687700,3.041385,-0.040330
2.687700,2.692341,0.002117
2.687700,3.632423,0.081328
2.687700,7.793349,-0.118467
2.687700,2.798905,-0.016345
2.687700,2.739641,0.009365
2.687700,5.580797,0.128420
2.687700,4.377260,-0.110496
2.687700,2.707835,-0.005355
2.687700,2.848498,0.021813
2.687700,9.400041,0.093678
2.687700,3.374479,-0.065919
2.687700,2.689682,-0.000609
2.687700,3.205209,0.053814
2.687700,10.770794,-0.060568
2.687700,2.907195,-0.027827
2.687700,2.694873,0.003407
2.687700,3.862100,0.092466
2.687700,6.836749,-0.127117
2.687700,2.772419,-0.013364
2.687700,2.753040,0.011070
2.687700,6.104728,0.129634
2.687700,4.117642,-0.102470
2.687700,2.700601,-0.004469
2.687700,2.854459,0.022483
2.687700,9.572803,0.090262
2.687700,3.351796,-0.064407
2.687700,2.688111,-0.000631
2.687700,3.176724,0.051616
2.687700,10.998842,-0.052987
2.687700,2.920711,-0.029183
2.687700,2.690372,0.002778
2.687700,3.694479,0.084579
2.687700,7.497520,-0.121692
2.687700,2.789948,-0.015479
2.687700,2.726395,0.007929
2.687700,5.109367,0.124432
2.687700,4.705643,-0.118139
2.687700,2.715531,-0.006603
2.687700,2.800616,0.016713
2.687700,7.882124,0.117422
2.687700,3.614663,-0.080400
2.687700,2.688568,-0.002434
2.687700,2.938448,0.030909
2.687700,11.245546,0.043330
2.687700,3.143883,-0.049004
2.687700,2.687643,0.000815
2.687700,3.369848,0.065626
2.687700,9.434141,-0.093019
2.687700,2.849422,-0.021967
2.687700,2.700246,0.004465
2.687700,4.110940,0.102237
2.687700,6.120672,-0.129627
2.687700,2.753370,-0.011130
2.687700,2.769352,0.013024
2.687700,6.725048,0.127765
2.687700,3.895360,-0.093902
2.687700,2.695302,-0.003584
2.687700,2.890191,0.026140
2.687700,10.440247,0.070113
2.687700,3.245076,-0.056828
2.687700,2.688828,0.000220
2.687700,3.306198,0.061248
2.687700,9.935372,-0.082512
2.687700,2.868338,-0.023909
2.687700,2.699507,0.004238
2.687700,4.064230,0.100563
2.687700,6.236454,-0.129504
2.687700,2.756592,-0.011475
2.687700,2.771219,0.013205
2.687700,6.788760,0.127405
2.687700,3.876215,-0.093078
2.687700,2.695396,-0.003442
2.687700,2.910648,0.028162
2.687700,10.831075,0.058658
2.687700,3.197830,-0.053243
2.687700,2.690132,0.000715
2.687700,3.396791,0.067387
2.687700,9.234489,-0.096803
2.687700,2.842854,-0.021202
2.687700,2.711462,0.005816
2.687700,4.511746,0.113932
2.687700,5.367356,-0.127001
2.687700,2.734106,-0.008668
2.687700,2.808244,0.017388
2.687700,8.118364,0.114430
2.687700,3.570776,-0.077944
2.687700,2.691927,-0.001734
2.687700,3.086894,0.044259
2.687700,11.592493,-0.023953
2.687700,2.976180,-0.034429
2.687700,2.693472,0.002731
2.687700,3.739914,0.086816
2.687700,7.301059,-0.123568
2.687700,2.785184,-0.014794
2.687700,2.748503,0.010466
2.687700,5.922351,0.129541
2.687700,4.198673,-0.105184
2.687700,2.703112,-0.004719
2.687700,2.860102,0.023042
2.687700,9.721138,0.087189
2.687700,3.332937,-0.063108
2.687700,2.689322,-0.000354
2.687700,3.234590,0.056043
2.687700,10.527814,-0.067717
2.687700,2.894468,-0.026562
2.687700,2.695831,0.003613
2.687700,3.908780,0.094467
2.687700,6.681676,-0.127992
2.687700,2.768286,-0.012879
2.687700,2.756990,0.011541
2.687700,6.254705,0.129474
2.687700,4.057106,-0.100303
2.687700,2.699149,-0.004231
2.687700,2.863604,0.023430
2.687700,9.816092,0.085154
2.687700,3.320960,-0.062286
2.687700,2.688350,-0.000382
2.687700,3.214906,0.054565
2.687700,10.690591,-0.063020
2.687700,2.902710,-0.027403
2.687700,2.692507,0.003163
2.687700,3.786291,0.089043
2.687700,7.113571,-0.125163
2.687700,2.779580,-0.014260
2.687700,2.738416,0.009373
2.687700,5.559812,0.128312
2.687700,4.389432,-0.110834
2.687700,2.707092,-0.005520
2.687700,2.814993,0.018312
2.687700,8.375293,0.110892
2.687700,3.525887,-0.075400
2.687700,2.687310,-0.001960
2.687700,2.982564,0.035068
2.687700,11.631697,0.020677
2.687700,3.077909,-0.043532
2.687700,2.687330,0.001260
2.687700,3.427237,0.069372
2.687700,9.015266,-0.100733
2.687700,2.835125,-0.020465
2.687700,2.702699,0.004858
2.687700,4.212413,0.105632
2.687700,5.893063,-0.129498
2.687700,2.747337,-0.010416
2.687700,2.774386,0.013623
2.687700,6.915166,0.126614
2.687700,3.839678,-0.091478
2.687700,2.694026,-0.003352
2.687700,2.901238,0.027246
2.687700,10.661735,0.063878
2.687700,3.218432,-0.054829
2.687700,2.688952,0.000427
2.687700,3.337135,0.063400
2.687700,9.687811,-0.087891
2.687700,2.858806,-0.022916
2.687700,2.702264,0.004630
2.687700,4.170601,0.104267
2.687700,5.983346,-0.129608
2.687700,2.750026,-0.010667
2.687700,2.781080,0.014335
2.687700,7.152657,0.124845
2.687700,3.776430,-0.088568
2.687700,2.693817,-0.002942
2.687700,2.953070,0.032260
2.687700,11.405269,0.035723
2.687700,3.120405,-0.047062
2.687700,2.691338,0.001420
2.687700,3.516266,0.074802
2.687700,8.435002,-0.110017
2.687700,2.817555,-0.018431
2.687700,2.727109,0.007803
2.687700,5.102041,0.124337
2.687700,4.711985,-0.118254
2.687700,2.716763,-0.006503
2.687700,2.832735,0.020107
2.687700,8.926683,0.102248
2.687700,3.440214,-0.070169
2.687700,2.690485,-0.000982
2.687700,3.166716,0.050808
2.687700,11.077323,-0.050112
2.687700,2.926131,-0.029677
2.687700,2.694418,0.003213
2.687700,3.826004,0.090859
2.687700,6.964666,-0.126273
2.687700,2.775925,-0.013755
2.687700,2.752134,0.010942
2.687700,6.067114,0.129641
2.687700,4.133664,-0.103022
2.687700,2.701167,-0.004511
2.687700,2.857734,0.022814
2.687700,9.660441,0.088463
2.687700,3.340589,-0.063640
2.687700,2.688532,-0.000501
2.687700,3.201379,0.053529
2.687700,10.801581,-0.059602
2.687700,2.908824,-0.028007
2.687700,2.692242,0.003086
2.687700,3.770682,0.088308
2.687700,7.174905,-0.124665
2.687700,2.781251,-0.014451
2.687700,2.737275,0.009231
2.687700,5.516031,0.128058
2.687700,4.415763,-0.111535
2.687700,2.707819,-0.005608
2.687700,2.814382,0.018242
2.687700,8.354370,0.111192
2.687700,3.529402,-0.075604
2.687700,2.687432,-0.001970
2.687700,2.983070,0.035114
2.687700,11.634384,0.020432
2.687700,3.077268,-0.043476
2.687700,2.687426,0.001276
2.687700,3.431089,0.069616
2.687700,8.988423,-0.101197
2.687700,2.834261,-0.020370
2.687700,2.703320,0.004937
2.687700,4.235086,0.106347
2.687700,5.846207,-0.129406
2.687700,2.746125,-0.010266
2.687700,2.776335,0.013846
2.687700,6.987084,0.126116
2.687700,3.819823,-0.090584
2.687700,2.693695,-0.003254
2.687700,2.909098,0.028023
2.687700,10.805330,0.059482
2.687700,3.200954,-0.053491
2.687700,2.689234,0.000587
2.687700,3.364074,0.065227
2.687700,9.478810,-0.092141
2.687700,2.851221,-0.022113
2.687700,2.705379,0.005049
2.687700,4.287936,0.107952
2.687700,5.742218,-0.129114
2.687700,2.743785,-0.009892
2.687700,2.790988,0.015459
2.687700,7.512271,0.121537
2.687700,3.691417,-0.084404
2.687700,2.692782,-0.002476
2.687700,2.999722,0.036599
2.687700,11.703686,0.012565
2.687700,3.057353,-0.041727
2.687700,2.692061,0.001967
2.687700,3.606216,0.079912
2.687700,7.927370,-0.116864
2.687700,2.802707,-0.016775
2.687700,2.736823,0.009018
2.687700,5.473197,0.127780
2.687700,4.442486,-0.112220
2.687700,2.709549,-0.005585
2.687700,2.844265,0.021363
2.687700,9.277467,0.096006
2.687700,3.390918,-0.067005
2.687700,2.689761,-0.000717
2.687700,3.191598,0.052764
2.687700,10.881271,-0.057020
2.687700,2.913557,-0.028455
2.687700,2.694290,0.003291
2.687700,3.835288,0.091279
2.687700,6.930991,-0.126506
2.687700,2.774923,-0.013660
2.687700,2.750181,0.010731
2.687700,5.996711,0.129620
2.687700,4.164539,-0.104068
2.687700,2.701720,-0.004653
2.687700,2.847337,0.021740
2.687700,9.373811,0.094186
2.687700,3.377859,-0.066158
2.687700,2.687903,-0.000842
2.687700,3.144424,0.049046
2.687700,11.241776,-0.043493
2.687700,2.938161,-0.030878
2.687700,2.689021,0.002490
2.687700,3.630241,0.081237
2.687700,7.803008,-0.118361
2.687700,2.798418,-0.016455
2.687700,2.718336,0.006942
2.687700,4.808689,0.120040
2.687700,4.991651,-0.122905
2.687700,2.723261,-0.007543
2.687700,2.793594,0.015897
2.687700,7.629326,0.120314
2.687700,3.665919,-0.083115
2.687700,2.689828,-0.002644
2.687700,2.930194,0.030105
2.687700,11.137382,0.047802
2.687700,3.158683,-0.050188
2.687700,2.688141,0.000766
2.687700,3.371146,0.065709
2.687700,9.424529,-0.093206
2.687700,2.849150,-0.021925
2.687700,2.702095,0.004683
2.687700,4.175574,0.104433
2.687700,5.972285,-0.129600
2.687700,2.749589,-0.010648
2.687700,2.777090,0.013902
2.687700,7.009918,0.125950
2.687700,3.813687,-0.090301
2.687700,2.694029,-0.003174
2.687700,2.925233,0.029594
2.687700,11.064498,0.050592
2.687700,3.168374,-0.050941
2.687700,2.690231,0.000941
2.687700,3.430127,0.069533
2.687700,8.996361,-0.101056
2.687700,2.834954,-0.020354
2.687700,2.714817,0.006263
2.687700,4.640013,0.116805
2.687700,5.191115,-0.125352
2.687700,2.729434,-0.008098
2.687700,2.813512,0.017984
2.687700,8.299615,0.111961
2.687700,3.538962,-0.076129
2.687700,2.691462,-0.001565
2.687700,3.102514,0.045577
2.687700,11.511951,-0.029591
2.687700,2.964958,-0.033383
2.687700,2.693348,0.002799
2.687700,3.747736,0.087197
2.687700,7.268454,-0.123859
2.687700,2.784226,-0.014699
2.687700,2.747313,0.010339
2.687700,5.879920,0.129472
2.687700,4.218787,-0.105830
2.687700,2.703469,-0.004812
2.687700,2.853315,0.022343
2.687700,9.538585,0.090951
2.687700,3.356265,-0.064704
2.687700,2.688861,-0.000575
2.687700,3.196578,0.053156
2.687700,10.840709,-0.058349
2.687700,2.911097,-0.028227
2.687700,2.692700,0.003123
2.687700,3.783790,0.088924
2.687700,7.123379,-0.125084
2.687700,2.779917,-0.014283
2.687700,2.740229,0.009575
2.687700,5.625733,0.128649
2.687700,4.351277,-0.109785
2.687700,2.706197,-0.005372
2.687700,2.820778,0.018932
2.687700,8.564138,0.108091
2.687700,3.495120,-0.073573
2.687700,2.687346,-0.001739
2.687700,3.013063,0.037849
2.687700,11.735484,0.006294
2.687700,3.041880,-0.040412
2.687700,2.687371,0.001530
2.687700,3.465946,0.071797
2.687700,8.752144,-0.105140
2.687700,2.826659,-0.019560
2.687700,2.704987,0.005188
2.687700,4.302091,0.108376
2.687700,5.715249,-0.129023
2.687700,2.742639,-0.009854
2.687700,2.778880,0.014151
2.687700,7.083093,0.125401
2.687700,3.794234,-0.089410
2.687700,2.693069,-0.003152
2.687700,2.913044,0.028414
2.687700,10.873525,0.057277
2.687700,3.192529,-0.052841
2.687700,2.689136,0.000637
2.687700,3.369425,0.065586
2.687700,9.438020,-0.092942
2.687700,2.849760,-0.021962
2.687700,2.705476,0.005072
2.687700,4.293003,0.108102
2.687700,5.732576,-0.129082
2.687700,2.743513,-0.009863
2.687700,2.790742,0.015435
2.687700,7.503974,0.121621
2.687700,3.693245,-0.084497
2.687700,2.692743,-0.002493
2.687700,2.996792,0.036332
2.687700,11.693897,0.013945
2.687700,3.060796,-0.042026
2.687700,2.691951,0.001929
2.687700,3.598919,0.079512
2.687700,7.965739,-0.116389
2.687700,2.803795,-0.016899
2.687700,2.735812,0.008895
2.687700,5.434965,0.127516
2.687700,4.466884,-0.112837
2.687700,2.710180,-0.005671
2.687700,2.842415,0.021166
2.687700,9.223129,0.097013
2.687700,3.398323,-0.067490
2.687700,2.689758,-0.000770
2.687700,3.184247,0.052192
2.687700,10.940059,-0.055039
2.687700,2.917125,-0.028807
2.687700,2.693906,0.003219
2.687700,3.818297,0.090513
2.687700,6.992788,-0.126074
2.687700,2.776564,-0.013856
2.687700,2.748138,0.010490
2.687700,5.919744,0.129539
2.687700,4.199819,-0.105226
2.687700,2.702570,-0.004790
2.687700,2.842294,0.021212
2.687700,9.227990,0.096926
2.687700,3.397536,-0.067454
2.687700,2.687770,-0.000997
2.687700,3.120912,0.047131
2.687700,11.401030,-0.035952
2.687700,2.952403,-0.032239
2.687700,2.688330,0.002303
2.687700,3.591857,0.079151
2.687700,8.001925,-0.115942
2.687700,2.804069,-0.017095
2.687700,2.714006,0.006401
2.687700,4.647170,0.116962
2.687700,5.181709,-0.125257
2.687700,2.728373,-0.008158
2.687700,2.789437,0.015409
2.687700,7.477035,0.121897
2.687700,3.699059,-0.084808
2.687700,2.690665,-0.002776
2.687700,2.925655,0.029660
2.687700,11.072710,0.050288
2.687700,3.167220,-0.050864
2.687700,2.688446,0.000739
2.687700,3.372471,0.065795
2.687700,9.414640,-0.093398
2.687700,2.848843,-0.021884
2.687700,2.703273,0.004822
2.687700,4.216974,0.105773
2.687700,5.883655,-0.129480
2.687700,2.747331,-0.010360
2.687700,2.781765,0.014430
2.687700,7.180611,0.124615
2.687700,3.769358,-0.088235
2.687700,2.693452,-0.002936
2.687700,2.948144,0.031796
2.687700,11.354664,0.038294
2.687700,3.128189,-0.047704
2.687700,2.690912,0.001313
2.687700,3.494030,0.073479
2.687700,8.572523,-0.107957
2.687700,2.821670,-0.018895
2.687700,2.723253,0.007331
2.687700,4.957878,0.122415
2.687700,4.840454,-0.120575
2.687700,2.720135,-0.006940
2.687700,2.826138,0.019390
2.687700,8.718100,0.105681
2.687700,3.471345,-0.072103
2.687700,2.690642,-0.001184
2.687700,3.141503,0.048789
2.687700,11.263412,-0.042542
2.687700,2.940128,-0.031031
2.687700,2.693548,0.003007
2.687700,3.781240,0.088797
2.687700,7.133643,-0.125000
2.687700,2.780461,-0.014287
2.687700,2.747529,0.010392
2.687700,5.892531,0.129496
2.687700,4.212719,-0.105638
2.687700,2.703098,-0.004814
2.687700,2.847210,0.021717
2.687700,9.368716,0.094283
2.687700,3.378560,-0.066201
2.687700,2.688271,-0.000803
2.687700,3.155617,0.049942
2.687700,11.160304,-0.046889
2.687700,2.931886,-0.030267
2.687700,2.689967,0.002648
2.687700,3.668807,0.083264
2.687700,7.615741,-0.120460
2.687700,2.793237,-0.015852
2.687700,2.724163,0.007649
2.687700,5.024690,0.123357
2.687700,4.778721,-0.119509
2.687700,2.717546,-0.006841
2.687700,2.799794,0.016609
2.687700,7.851407,0.117790
2.687700,3.620675,-0.080723
2.687700,2.688892,-0.002438
2.687700,2.943054,0.031346
2.687700,11.300268,0.040883
2.687700,3.136095,-0.048371
2.687700,2.687941,0.000907
2.687700,3.387617,0.066802
2.687700,9.301057,-0.095567
2.687700,2.844819,-0.021474
2.687700,2.702535,0.004767
2.687700,4.195754,0.105094
2.687700,5.928452,-0.129551
2.687700,2.748402,-0.010514
2.687700,2.777344,0.013939
2.687700,7.020531,0.125872
2.687700,3.810826,-0.090171
2.687700,2.693870,-0.003172
2.687700,2.922903,0.029369
2.687700,11.030002,0.051863
2.687700,3.172825,-0.051294
2.687700,2.690032,0.000885
2.687700,3.419007,0.068825
2.687700,9.074440,-0.099693
2.687700,2.837484,-0.020632
2.687700,2.713040,0.006039
2.687700,4.573879,0.115371
2.687700,5.278976,-0.126231
2.687700,2.731732,-0.008387
2.687700,2.809888,0.017581
2.687700,8.176361,0.113657
2.687700,3.560399,-0.077358
2.687700,2.691620,-0.001697
2.687700,3.087021,0.044272
2.687700,11.591834,-0.024005
2.687700,2.976058,-0.034421
2.687700,2.693068,0.002684
2.687700,3.726348,0.086153
2.687700,7.358378,-0.123041
2.687700,2.786696,-0.014980
2.687700,2.745647,0.010134
2.687700,5.815787,0.129331
2.687700,4.250242,-0.106812
2.687700,2.704297,-0.004925
2.687700,2.851070,0.022106
2.687700,9.475783,0.092201
2.687700,3.364451,-0.065255
2.687700,2.688913,-0.000627
2.687700,3.190216,0.052663
2.687700,10.892037,-0.056664
2.687700,2.914129,-0.028525
2.687700,2.692508,0.003078
2.687700,3.773972,0.088462
2.687700,7.161923,-0.124772
2.687700,2.780959,-0.014404
2.687700,2.739264,0.009458
2.687700,5.589139,0.128468
2.687700,4.372255,-0.110366
2.687700,2.706753,-0.005446
2.687700,2.819551,0.018798
2.687700,8.523977,0.108700
2.687700,3.501539,-0.073958
2.687700,2.687408,-0.001777
2.687700,3.008895,0.037472
2.687700,11.728097,0.008197
2.687700,3.046443,-0.040812
2.687700,2.687433,0.001503
2.687700,3.463249,0.071630
2.687700,8.769999,-0.104851
2.687700,2.827234,-0.019620
2.687700,2.705126,0.005200
2.687700,4.306304,0.108499
2.687700,5.707381,-0.128994
2.687700,2.742448,-0.009827
2.687700,2.779594,0.014230
2.687700,7.108993,0.125198
2.687700,3.787514,-0.089096
2.687700,2.692992,-0.003115
2.687700,2.916830,0.028785
2.687700,10.935912,0.055182
2.687700,3.184746,-0.052234
2.687700,2.689284,0.000710
2.687700,3.382189,0.066434
2.687700,9.342024,-0.094790
2.687700,2.846422,-0.021605
2.687700,2.707051,0.005279
2.687700,4.352053,0.109800
2.687700,5.624588,-0.128640
2.687700,2.740710,-0.009515
2.687700,2.795084,0.015925
2.687700,7.659501,0.119980
2.687700,3.659780,-0.082775
2.687700,2.692391,-0.002302
2.687700,3.017109,0.038173
2.687700,11.740376,0.004569
2.687700,3.038014,-0.040034
2.687700,2.692143,0.002119
2.687700,3.629339,0.081164
2.687700,7.808754,-0.118288
2.687700,2.799303,-0.016398
2.687700,2.738268,0.009207
2.687700,5.530112,0.128137
2.687700,4.407362,-0.111306
2.687700,2.708552,-0.005469
2.687700,2.844254,0.021369
2.687700,9.278215,0.095992
2.687700,3.390801,-0.066999
2.687700,2.689496,-0.000747
2.687700,3.183161,0.052109
2.687700,10.948585,-0.054746
2.687700,2.917633,-0.028860
2.687700,2.693336,0.003149
2.687700,3.798343,0.089599
2.687700,7.067471,-0.125521
2.687700,2.778516,-0.014096
2.687700,2.744643,0.010083
2.687700,5.789166,0.129262
2.687700,4.263595,-0.107225
2.687700,2.704089,-0.005037
2.687700,2.832853,0.020217
2.687700,8.944761,0.101946
2.687700,3.437398,-0.070015
2.687700,2.687522,-0.001310
2.687700,3.074246,0.043217
2.687700,11.646625,-0.019279
2.687700,2.985442,-0.035331
2.687700,2.687543,0.001966
2.687700,3.530640,0.075676
2.687700,8.347063,-0.111296
2.687700,2.814183,-0.018216
2.687700,2.708435,0.005681
2.687700,4.437739,0.112106
2.687700,5.480498,-0.127833
2.687700,2.736354,-0.009115
2.687700,2.782794,0.014626
2.687700,7.231238,0.124188
2.687700,3.756686,-0.087640
2.687700,2.692027,-0.003015
2.687700,2.915002,0.028614
2.687700,10.906799,0.056170
2.687700,3.188365,-0.052521
2.687700,2.688716,0.000617
2.687700,3.359839,0.064946
2.687700,9.511009,-0.091503
2.687700,2.852304,-0.022241
2.687700,2.703253,0.004794
2.687700,4.212391,0.105627
2.687700,5.893265,-0.129496
2.687700,2.747634,-0.010385
2.687700,2.782969,0.014559
2.687700,7.223222,0.124254
2.687700,3.758778,-0.087730
2.687700,2.693435,-0.002865
2.687700,2.957431,0.032675
2.687700,11.447090,0.033452
2.687700,3.113659,-0.046505
2.687700,2.691254,0.001459
2.687700,3.520453,0.075049
2.687700,8.409598,-0.110388
2.687700,2.816772,-0.018349
2.687700,2.727001,0.007796
2.687700,5.099074,0.124301
2.687700,4.714466,-0.118303
2.687700,2.716794,-0.006516
2.687700,2.831580,0.019986
2.687700,8.891229,0.102846
2.687700,3.445393,-0.070495
2.687700,2.690386,-0.001031
2.687700,3.158476,0.050154
2.687700,11.139725,-0.047706
2.687700,2.930534,-0.030107
2.687700,2.693845,0.003113
2.687700,3.801720,0.089751
2.687700,7.054805,-0.125616
2.687700,2.778311,-0.014042
2.687700,2.748830,0.010554
2.687700,5.942924,0.129569
2.687700,4.189041,-0.104875
2.687700,2.702457,-0.004731
2.687700,2.848393,0.021844
2.687700,9.402855,0.093626
2.687700,3.374016,-0.065900
2.687700,2.688185,-0.000781
2.687700,3.157276,0.050075
2.687700,11.147917,-0.047384
2.687700,2.930966,-0.030180
2.687700,2.689863,0.002642
2.687700,3.666288,0.083134
2.687700,7.627592,-0.120332
2.687700,2.793552,-0.015891
2.687700,2.723496,0.007570
2.687700,5.000214,0.123024
2.687700,4.800840,-0.119902
2.687700,2.718131,-0.006916
2.687700,2.798829,0.016501
2.687700,7.817425,0.118193
2.687700,3.627376,-0.081084
2.687700,2.688987,-0.002474
2.687700,2.939769,0.031032
2.687700,11.261444,0.042633
2.687700,3.141655,-0.048822
2.687700,2.687922,0.000864
2.687700,3.381311,0.066386
2.687700,9.347968,-0.094679
2.687700,2.846439,-0.021645
2.687700,2.702028,0.004695
2.687700,4.176282,0.104458
2.687700,5.970703,-0.129599
2.687700,2.749504,-0.010648
2.687700,2.775879,0.013770
2.687700,6.966359,0.126262
2.687700,3.825513,-0.090839
2.687700,2.694123,-0.003244
2.687700,2.917313,0.028823
2.687700,10.942925,0.054941
2.687700,3.183893,-0.052163
2.687700,2.689878,0.000786
2.687700,3.402621,0.067769
2.687700,9.191896,-0.097585
2.687700,2.841378,-0.021052
2.687700,2.711009,0.005775
2.687700,4.497393,0.113588
2.687700,5.388612,-0.127170
2.687700,2.734611,-0.008743
2.687700,2.805907,0.017134
2.687700,8.038917,0.115464
2.687700,3.585254,-0.078756
2.687700,2.691868,-0.001843
2.687700,3.071163,0.042919
2.687700,11.659114,-0.018013
2.687700,2.988287,-0.035552
2.687700,2.692923,0.002577
2.687700,3.708387,0.085260
2.687700,7.436401,-0.122295
2.687700,2.788870,-0.015222
2.687700,2.744784,0.010020
2.687700,5.781448,0.129238
2.687700,4.267618,-0.107343
2.687700,2.704807,-0.004981
2.687700,2.851481,0.022144
2.687700,9.486648,0.091986
2.687700,3.363040,-0.065159
2.687700,2.689093,-0.000596
2.687700,3.197420,0.053220
2.687700,10.833982,-0.058566
2.687700,2.910727,-0.028186
2.687700,2.693222,0.003187
2.687700,3.801934,0.089766
2.687700,7.053781,-0.125625
2.687700,2.778091,-0.014059
2.687700,2.743387,0.009944
2.687700,5.743622,0.129123
2.687700,4.287091,-0.107933
2.687700,2.704596,-0.005134
2.687700,2.827795,0.019683
2.687700,8.788137,0.104556
2.687700,3.460510,-0.071461
2.687700,2.687346,-0.001494
2.687700,3.046284,0.040798
2.687700,11.728381,-0.008133
2.687700,3.009032,-0.037485
2.687700,2.687311,0.001764
2.687700,3.498190,0.073758
2.687700,8.544855,-0.108384
2.687700,2.820177,-0.018868
2.687700,2.706154,0.005372
2.687700,4.350457,0.109763
2.687700,5.627177,-0.128656
2.687700,2.740255,-0.009581
2.687700,2.779493,0.014236
2.687700,7.108132,0.125206
2.687700,3.787713,-0.089108
2.687700,2.692736,-0.003146
2.687700,2.908582,0.027980
2.687700,10.796962,0.059748
2.687700,3.201957,-0.053572
2.687700,2.688753,0.000523
2.687700,3.347268,0.064094
2.687700,9.608292,-0.089538
2.687700,2.855838,-0.022610
2.687700,2.702404,0.004669
2.687700,4.178811,0.104538
2.687700,5.965244,-0.129593
2.687700,2.749519,-0.010614
2.687700,2.780679,0.014295
2.687700,7.138936,0.124956
2.687700,3.779911,-0.088733
2.687700,2.693776,-0.002971
2.687700,2.948563,0.031833
2.687700,11.358988,0.038080
2.687700,3.127545,-0.047649
2.687700,2.691132,0.001344
2.687700,3.502006,0.073956
2.687700,8.522645,-0.108714
2.687700,2.820181,-0.018725
2.687700,2.724958,0.007537
2.687700,5.021146,0.123302
2.687700,4.782114,-0.119562
2.687700,2.718614,-0.006741
2.687700,2.829391,0.019743
2.687700,8.821541,0.104004
2.687700,3.455720,-0.071138
2.687700,2.690599,-0.001079
2.687700,3.155310,0.049899
2.687700,11.163401,-0.046761
2.687700,2.932291,-0.030275
2.687700,2.694081,0.003127
2.687700,3.807826,0.090031
2.687700,7.031843,-0.125788
2.687700,2.777730,-0.013966
2.687700,2.750472,0.010742
2.687700,6.003872,0.129623
2.687700,4.161363,-0.103960
2.687700,2.701848,-0.004617
2.687700,2.854128,0.022439
2.687700,9.562489,0.090471
2.687700,3.353147,-0.064496
2.687700,2.688452,-0.000601
2.687700,3.186434,0.052373
2.687700,10.922131,-0.055653
2.687700,2.915914,-0.028708
2.687700,2.691418,0.002937
2.687700,3.735035,0.086594
2.687700,7.320841,-0.123392
2.687700,2.785178,-0.014914
2.687700,2.732648,0.008677
2.687700,5.342361,0.126801
2.687700,4.528705,-0.114343
2.687700,2.710811,-0.006001
2.687700,2.808229,0.017564
2.687700,8.146345,0.114066
2.687700,3.565462,-0.077676
2.687700,2.687834,-0.002176
2.687700,2.961619,0.033113
2.687700,11.486393,0.031177
2.687700,3.106856,-0.045969
2.687700,2.687567,0.001076
2.687700,3.405270,0.067959
2.687700,9.171676,-0.097956
2.687700,2.840360,-0.021013
2.687700,2.702298,0.004772
2.687700,4.192534,0.104991
2.687700,5.935323,-0.129561
2.687700,2.748503,-0.010544
2.687700,2.774801,0.013660
2.687700,6.928697,0.126522
2.687700,3.835909,-0.091308
2.687700,2.694114,-0.003316
2.687700,2.907450,0.027858
2.687700,10.775908,0.060409
2.687700,3.204566,-0.053768
2.687700,2.689342,0.000573
2.687700,3.363950,0.065218
2.687700,9.479802,-0.092121
2.687700,2.851270,-0.022115
2.687700,2.705743,0.005091
2.687700,4.300633,0.108327
2.687700,5.718200,-0.129030
2.687700,2.743177,-0.009813
2.687700,2.792410,0.015618
2.687700,7.562945,0.121014
2.687700,3.680344,-0.083838
2.687700,2.692706,-0.002408
2.687700,3.007730,0.037326
2.687700,11.725031,0.008840
2.687700,3.048218,-0.040930
2.687700,2.692202,0.002050
2.687700,3.620558,0.080691
2.687700,7.853293,-0.117761
2.687700,2.800598,-0.016537
2.687700,2.738314,0.009203
2.687700,5.530231,0.128138
2.687700,4.407301,-0.111303
2.687700,2.708618,-0.005461
2.687700,2.846334,0.021584
2.687700,9.337831,0.094870
2.687700,3.382776,-0.066469
2.687700,2.689700,-0.000666
2.687700,3.197625,0.053231
2.687700,10.832561,-0.058611
2.687700,2.910697,-0.028174
2.687700,2.694489,0.003336
2.687700,3.845169,0.091720
2.687700,6.895796,-0.126741
2.687700,2.773982,-0.013550
2.687700,2.751104,0.010842
2.687700,6.031747,0.129637
2.687700,4.149002,-0.103546
2.687700,2.701337,-0.004594
2.687700,2.849310,0.021947
2.687700,9.429835,0.093103
2.687700,3.370433,-0.065663
2.687700,2.687941,-0.000784
2.687700,3.152921,0.049729
2.687700,11.180132,-0.046086
2.687700,2.933347,-0.030413
2.687700,2.689306,0.002559
2.687700,3.644956,0.082019
2.687700,7.730096,-0.119200
2.687700,2.796373,-0.016222
2.687700,2.720063,0.007156
2.687700,4.873114,0.121120
2.687700,4.923712,-0.121913
2.687700,2.721425,-0.007322
2.687700,2.795050,0.016069
2.687700,7.682399,0.119733
2.687700,3.654785,-0.082536
2.687700,2.689530,-0.002601
2.687700,2.931212,0.030206
2.687700,11.151451,0.047244
2.687700,3.156794,-0.050038
2.687700,2.688006,0.000764
2.687700,3.368625,0.065542
2.687700,9.443586,-0.092835
2.687700,2.849805,-0.021997
2.687700,2.701439,0.004602
2.687700,4.151993,0.103647
2.687700,6.024955,-0.129634
2.687700,2.750939,-0.010819
2.687700,2.774573,0.013616
2.687700,6.917378,0.126598
2.687700,3.839095,-0.091449
2.687700,2.694410,-0.003303
2.687700,2.913808,0.028479
2.687700,10.885390,0.056883
2.687700,3.191089,-0.052724
2.687700,2.689833,0.000729
2.687700,3.393819,0.067195
2.687700,9.256145,-0.096403
2.687700,2.843548,-0.021284
2.687700,2.710072,0.005651
2.687700,4.461787,0.112709
2.687700,5.442871,-0.127572
2.687700,2.736038,-0.008919
2.687700,2.804070,0.016927
2.687700,7.974821,0.116276
2.687700,3.597210,-0.079418
2.687700,2.692003,-0.001911
2.687700,3.064074,0.042308
2.687700,11.683757,-0.015243
2.687700,2.994064,-0.036081
2.687700,2.692892,0.002530
2.687700,3.701186,0.084898
2.687700,7.468346,-0.121979
2.687700,2.789769,-0.015321
2.687700,2.744591,0.009992
2.687700,5.773275,0.129213
2.687700,4.271813,-0.107469
2.687700,2.704953,-0.004992
2.687700,2.852281,0.022225
2.687700,9.508602,0.091550
2.687700,3.360182,-0.064965
2.687700,2.689203,-0.000563
2.687700,3.203793,0.053709
2.687700,10.782164,-0.060213
2.687700,2.907788,-0.027894
2.687700,2.693779,0.003274
2.687700,3.824110,0.090778
2.687700,6.971372,-0.126228
2.687700,2.775913,-0.013797
2.687700,2.746512,0.010312
2.687700,5.860911,0.129437
2.687700,4.227902,-0.106122
2.687700,2.703135,-0.004911
2.687700,2.834904,0.020438
2.687700,9.008080,0.100858
2.687700,3.428271,-0.069437
2.687700,2.687422,-0.001257
2.687700,3.079850,0.043696
2.687700,11.623471,-0.021408
2.687700,2.981077,-0.034929
2.687700,2.687435,0.001985
2.687700,3.531616,0.075734
2.687700,8.341226,-0.111379
2.687700,2.813985,-0.018199
2.687700,2.707900,0.005621
2.687700,4.419068,0.111622
2.687700,5.510627,-0.128025
2.687700,2.737127,-0.009214
2.687700,2.781253,0.014452
2.687700,7.175162,0.124663
2.687700,3.770616,-0.088305
2.687700,2.692224,-0.003088
2.687700,2.908306,0.027956
2.687700,10.792473,0.059890
2.687700,3.202495,-0.053615
2.687700,2.688498,0.000489
2.687700,3.338354,0.063487
2.687700,9.678000,-0.088097
2.687700,2.858383,-0.022883
2.687700,2.700891,0.004474
2.687700,4.123326,0.102666
2.687700,6.091319,-0.129638
2.687700,2.752759,-0.011020
2.687700,2.774891,0.013637
2.687700,6.926566,0.126536
2.687700,3.836547,-0.091333
2.687700,2.694583,-0.003266
2.687700,2.921578,0.029235
2.687700,11.009460,0.052605
2.687700,3.175475,-0.051500
2.687700,2.690337,0.000901
2.687700,3.426364,0.069293
2.687700,9.022713,-0.100599
2.687700,2.835831,-0.020445
2.687700,2.714921,0.006268
2.687700,4.642675,0.116860
2.687700,5.187712,-0.125315
2.687700,2.729370,-0.008084
2.687700,2.814429,0.018082
2.687700,8.329935,0.111533
2.687700,3.533810,-0.075829
2.687700,2.691520,-0.001522
2.687700,3.109335,0.046145
2.687700,11.472971,-0.031967
2.687700,2.960325,-0.032946
2.687700,2.693673,0.002871
2.687700,3.763730,0.087965
2.687700,7.203270,-0.124424
2.687700,2.782472,-0.014492
2.687700,2.749378,0.010584
2.687700,5.957812,0.129585
2.687700,4.182225,-0.104650
2.687700,2.702594,-0.004670
2.687700,2.858698,0.022902
2.687700,9.684589,0.087959
2.687700,3.337549,-0.063427
2.687700,2.689045,-0.000419
2.687700,3.221015,0.055024
2.687700,10.640405,-0.064505
2.687700,2.900132,-0.027134
2.687700,2.694378,0.003401
2.687700,3.852889,0.092064
2.687700,6.868582,-0.126918
2.687700,2.773167,-0.013474
2.687700,2.749294,0.010645
2.687700,5.966370,0.129596
2.687700,4.178232,-0.104523
2.687700,2.701886,-0.004725
2.687700,2.840301,0.021010
2.687700,9.170418,0.097979
2.687700,3.405438,-0.067971
2.687700,2.687458,-0.001090
2.687700,3.103183,0.045664
2.687700,11.507248,-0.029896
2.687700,2.964119,-0.033349
2.687700,2.687638,0.002135
2.687700,3.556273,0.077155
2.687700,8.198131,-0.113369
2.687700,2.809731,-0.017734
2.687700,2.709563,0.005845
2.687700,4.482739,0.113238
2.687700,5.410405,-0.127342
2.687700,2.734445,-0.008896
2.687700,2.783102,0.014674
2.687700,7.244632,0.124073
2.687700,3.753386,-0.087483
2.687700,2.691766,-0.003023
2.687700,2.909860,0.028112
2.687700,10.820010,0.059016
2.687700,3.199105,-0.053355
2.687700,2.688354,0.000497
2.687700,3.337065,0.063400
2.687700,9.688091,-0.087886
2.687700,2.858742,-0.022924
2.687700,2.700331,0.004406
2.687700,4.103489,0.101973
2.687700,6.138707,-0.129615
2.687700,2.753969,-0.011173
2.687700,2.772473,0.013363
2.687700,6.837549,0.127112
2.687700,3.861877,-0.092455
2.687700,2.694967,-0.003394
2.687700,2.910361,0.028137
2.687700,10.826421,0.058808
2.687700,3.198393,-0.053288
2.687700,2.689910,0.000685
2.687700,3.388911,0.066872
2.687700,9.292358,-0.095727
2.687700,2.844797,-0.021415
2.687700,2.709928,0.005625
2.687700,4.455258,0.112544
2.687700,5.453065,-0.127643
2.687700,2.736324,-0.008950
2.687700,2.804276,0.016947
2.687700,7.981467,0.116192
2.687700,3.595965,-0.079348
2.687700,2.692061,-0.001895
2.687700,3.067125,0.042571
2.687700,11.673605,-0.016440
2.687700,2.991563,-0.035851
2.687700,2.693047,0.002567
2.687700,3.709090,0.085294
2.687700,7.433347,-0.122324
2.687700,2.788816,-0.015210
2.687700,2.745701,0.010124
2.687700,5.815118,0.129329
2.687700,4.250595,-0.106822
2.687700,2.704436,-0.004911
2.687700,2.855046,0.022514
2.687700,9.584742,0.090018
2.687700,3.350326,-0.064298
2.687700,2.689290,-0.000482
2.687700,3.216331,0.054666
2.687700,10.679232,-0.063358
2.687700,2.902191,-0.027335
2.687700,2.694657,0.003419
2.687700,3.860180,0.092383
2.687700,6.843311,-0.127077
2.687700,2.772535,-0.013391
2.687700,2.751178,0.010861
2.687700,6.036269,0.129638
2.687700,4.147009,-0.103479
2.687700,2.701195,-0.004597
2.687700,2.846691,0.021678
2.687700,9.356039,0.094526
2.687700,3.380219,-0.066316
2.687700,2.687713,-0.000881
2.687700,3.135994,0.048365
2.687700,11.300893,-0.040855
2.687700,2.943092,-0.031353
2.687700,2.688516,0.002394
2.687700,3.607988,0.080037
2.687700,7.916724,-0.117002
2.687700,2.801614,-0.016822
2.687700,2.715211,0.006559
2.687700,4.693045,0.117892
2.687700,5.124598,-0.124613
2.687700,2.726819,-0.007976
2.687700,2.790081,0.015490
2.687700,7.501670,0.121650
2.687700,3.693565,-0.084532
2.687700,2.690427,-0.002765
2.687700,2.923300,0.029434
2.687700,11.038123,0.051569
2.687700,3.171693,-0.051219
2.687700,2.688235,0.000682
2.687700,3.360964,0.065026
2.687700,9.502157,-0.091680
2.687700,2.851923,-0.022214
2.687700,2.701683,0.004614
2.687700,4.158110,0.103852
2.687700,6.011156,-0.129628
2.687700,2.750621,-0.010770
2.687700,2.776301,0.013808
2.687700,6.980153,0.126164
2.687700,3.821755,-0.090668
2.687700,2.694213,-0.003207
2.687700,2.923605,0.029434
2.687700,11.040314,0.051486
2.687700,3.171507,-0.051188
2.687700,2.690248,0.000920
2.687700,3.427483,0.069365
2.687700,9.014836,-0.100736
2.687700,2.835560,-0.020419
2.687700,2.714655,0.006240
2.687700,4.633551,0.116669
2.687700,5.199440,-0.125440
2.687700,2.729661,-0.008124
2.687700,2.813455,0.017977
2.687700,8.297450,0.111991
2.687700,3.539334,-0.076150
2.687700,2.691500,-0.001564
2.687700,3.103371,0.045648
2.687700,11.507181,-0.029892
2.687700,2.964371,-0.033328
2.687700,2.693432,0.002813
2.687700,3.751200,0.087365
2.687700,7.254200,-0.123985
2.687700,2.783845,-0.014653
2.687700,2.747870,0.010405
2.687700,5.900838,0.129509
2.687700,4.208799,-0.105511
2.687700,2.703235,-0.004772
2.687700,2.854913,0.022509
2.687700,9.582410,0.090066
2.687700,3.350605,-0.064320
2.687700,2.688924,-0.000527
2.687700,3.204199,0.053743
2.687700,10.778740,-0.060321
2.687700,2.907572,-0.027877
2.687700,2.693208,0.003209
2.687700,3.804898,0.089903
2.687700,7.042565,-0.125710
2.687700,2.777767,-0.014026
2.687700,2.743039,0.009908
2.687700,5.731316,0.129081
2.687700,4.293557,-0.108125
2.687700,2.704725,-0.005162
2.687700,2.826091,0.019503
2.687700,8.734624,0.105422
2.687700,3.468602,-0.071961
2.687700,2.687285,-0.001559
2.687700,3.036543,0.039942
2.687700,11.741731,-0.004038
2.687700,3.018064,-0.038298
2.687700,2.687263,0.001692
2.687700,3.487141,0.073092
2.687700,8.614645,-0.107314
2.687700,2.822330,-0.019101
2.687700,2.705470,0.005276
2.687700,4.323964,0.109011
2.687700,5.674769,-0.128866
2.687700,2.741519,-0.009731
2.687700,2.778433,0.014111
2.687700,7.068462,0.125514
2.687700,3.798050,-0.089588
2.687700,2.692972,-0.003189
2.687700,2.906471,0.027770
2.687700,10.759206,0.060930
2.687700,3.206578,-0.053926
2.687700,2.688756,0.000490
2.687700,3.342702,0.063783
2.687700,9.643972,-0.088804
2.687700,2.857152,-0.022748
2.687700,2.702062,0.004619
2.687700,4.165435,0.104095
2.687700,5.994803,-0.129617
2.687700,2.750290,-0.010708
2.687700,2.779655,0.014177
2.687700,7.101237,0.125257
2.687700,3.789601,-0.089187
2.687700,2.693928,-0.003020
2.687700,2.944362,0.031432
2.687700,11.312743,0.040300
2.687700,3.134421,-0.048211
2.687700,2.691051,0.001284
2.687700,3.492214,0.073369
2.687700,8.584049,-0.107780
2.687700,2.822049,-0.018931
2.687700,2.723773,0.007388
2.687700,4.976148,0.122678
2.687700,4.823281,-0.120284
2.687700,2.719715,-0.006879
2.687700,2.827939,0.019582
2.687700,8.775067,0.104763
2.687700,3.462698,-0.071570
2.687700,2.690712,-0.001115
2.687700,3.152148,0.049645
2.687700,11.186775,-0.045809
2.687700,2.934057,-0.030444
2.687700,2.694133,0.003120
2.687700,3.807704,0.090025
2.687700,7.032319,-0.125784
2.687700,2.777760,-0.013965
2.687700,2.750942,0.010795
2.687700,6.021088,0.129632
2.687700,4.153726,-0.103704
2.687700,2.701696,-0.004584
2.687700,2.856218,0.022655
2.687700,9.619278,0.089313
2.687700,3.345849,-0.063999
2.687700,2.688572,-0.000534
2.687700,3.197486,0.053229
2.687700,10.833234,-0.058591
2.687700,2.910639,-0.028186
2.687700,2.692145,0.003061
2.687700,3.765405,0.088057
2.687700,7.195988,-0.124489
2.687700,2.781823,-0.014517
2.687700,2.736803,0.009173
2.687700,5.498094,0.127947
2.687700,4.426786,-0.111823
2.687700,2.708118,-0.005646
2.687700,2.813960,0.018195
2.687700,8.340116,0.111395
2.687700,3.531806,-0.075744
2.687700,2.687476,-0.001982
2.687700,2.982191,0.035032
2.687700,11.629630,0.020863
2.687700,3.078406,-0.043573
2.687700,2.687457,0.001272
2.687700,3.430952,0.069608
2.687700,8.989389,-0.101181
2.687700,2.834297,-0.020373
2.687700,2.703441,0.004951
2.687700,4.239292,0.106478
2.687700,5.837665,-0.129387
2.687700,2.745908,-0.010238
2.687700,2.776791,0.013897
2.687700,7.003777,0.125996
2.687700,3.815303,-0.090378
2.687700,2.693628,-0.003231
2.687700,2.911173,0.028227
2.687700,10.841355,0.058327
2.687700,3.196521,-0.053148
2.687700,2.689312,0.000628
2.687700,3.371141,0.065699
2.687700,9.425090,-0.093193
2.687700,2.849328,-0.021911
2.687700,2.706238,0.005163
2.687700,4.320175,0.108895
2.687700,5.681936,-0.128891
2.687700,2.742221,-0.009697
2.687700,2.793430,0.015735
2.687700,7.599866,0.120624
2.687700,3.672397,-0.083430
2.687700,2.692582,-0.002367
2.687700,3.011279,0.037647
2.687700,11.732034,0.007212
2.687700,3.044293,-0.040586
2.687700,2.692179,0.002077
2.687700,3.623921,0.080873
2.687700,7.836157,-0.117965
2.687700,2.800100,-0.016484
2.687700,2.738300,0.009205
2.687700,5.530324,0.128138
2.687700,4.407240,-0.111302
2.687700,2.708591,-0.005464
2.687700,2.845546,0.021503
2.687700,9.315335,0.095295
2.687700,3.385794,-0.066669
2.687700,2.689622,-0.000696
2.687700,3.192125,0.052806
2.687700,10.876971,-0.057162
2.687700,2.913290,-0.028431
2.687700,2.694035,0.003263
2.687700,3.826875,0.090901
2.687700,6.961359,-0.126297
2.687700,2.775709,-0.013759
2.687700,2.748590,0.010547
2.687700,5.937405,0.129563
2.687700,4.191575,-0.104959
2.687700,2.702338,-0.004761
2.687700,2.842443,0.021229
2.687700,9.232566,0.096842
2.687700,3.396907,-0.067413
2.687700,2.687720,-0.000999
2.687700,3.119915,0.047049
2.687700,11.407347,-0.035620
2.687700,2.953035,-0.032300
2.687700,2.688237,0.002287
2.687700,3.588062,0.078941
2.687700,8.022288,-0.115683
2.687700,2.804647,-0.017161
2.687700,2.713422,0.006330
2.687700,4.625692,0.116511
2.687700,5.209375,-0.125550
2.687700,2.729107,-0.008248
2.687700,2.788615,0.015314
2.687700,7.447089,0.122194
2.687700,3.705792,-0.085147
2.687700,2.690794,-0.002807
2.687700,2.923467,0.029447
2.687700,11.040392,0.051486
2.687700,3.171410,-0.051195
2.687700,2.688434,0.000708
2.687700,3.367829,0.065485
2.687700,9.449824,-0.092712
2.687700,2.850084,-0.022015
2.687700,2.702885,0.004768
2.687700,4.202057,0.105296
2.687700,5.915054,-0.129531
2.687700,2.748150,-0.010460
2.687700,2.780658,0.014303
2.687700,7.139934,0.124949
2.687700,3.779642,-0.088721
2.687700,2.693612,-0.002988
2.687700,2.943619,0.031364
2.687700,11.304421,0.040687
2.687700,3.135625,-0.048310
2.687700,2.690827,0.001249
2.687700,3.483531,0.072845
2.687700,8.639251,-0.106926
2.687700,2.823714,-0.019120
2.687700,2.721998,0.007172
2.687700,4.910258,0.121700
2.687700,4.886574,-0.121328
2.687700,2.721369,-0.007093
2.687700,2.824617,0.019220
2.687700,8.668642,0.106465
2.687700,3.478962,-0.072568
2.687700,2.690773,-0.001223
2.687700,3.138318,0.048530
2.687700,11.285774,-0.041540
2.687700,2.942012,-0.031210
2.687700,2.693634,0.003003
2.687700,3.782117,0.088838
2.687700,7.130242,-0.125027
2.687700,2.780390,-0.014274
2.687700,2.748202,0.010468
2.687700,5.917299,0.129535
2.687700,4.201000,-0.105262
2.687700,2.702845,-0.004766
2.687700,2.849789,0.021985
2.687700,9.441639,0.092872
2.687700,3.368905,-0.065557
2.687700,2.688400,-0.000719
2.687700,3.169249,0.051025
2.687700,11.057081,-0.050871
2.687700,2.924587,-0.029557
2.687700,2.690652,0.002782
2.687700,3.699776,0.084845
2.687700,7.473821,-0.121930
2.687700,2.789342,-0.015399
2.687700,2.728258,0.008146
2.687700,5.177672,0.125213
2.687700,4.650343,-0.117028
2.687700,2.714083,-0.006413
2.687700,2.803716,0.017056
2.687700,7.989835,0.116094
2.687700,3.594118,-0.079276
2.687700,2.688340,-0.002318
2.687700,2.950585,0.032067
2.687700,11.382617,0.036901
2.687700,3.123779,-0.047367
2.687700,2.687745,0.000974
2.687700,3.393795,0.067210
2.687700,9.255385,-0.096420
2.687700,2.843224,-0.021311
2.687700,2.702228,0.004743
2.687700,4.186862,0.104805
2.687700,5.947592,-0.129575
2.687700,2.748863,-0.010579
2.687700,2.775553,0.013739
2.687700,6.955417,0.126339
2.687700,3.828512,-0.090975
2.687700,2.694081,-0.003269
2.687700,2.913214,0.028423
2.687700,10.875668,0.057205
2.687700,3.192288,-0.052818
2.687700,2.689640,0.000697
2.687700,3.386229,0.066698
2.687700,9.312111,-0.095356
2.687700,2.845438,-0.021491
2.687700,2.708696,0.005477
2.687700,4.411048,0.111403
2.687700,5.524040,-0.128101
2.687700,2.738138,-0.009184
2.687700,2.800406,0.016518
2.687700,7.846905,0.117838
2.687700,3.621807,-0.080759
2.687700,2.692166,-0.002063
2.687700,3.045891,0.040726
2.687700,11.729344,-0.007877
2.687700,3.009823,-0.037516
2.687700,2.692608,0.002381
2.687700,3.674810,0.083554
2.687700,7.588598,-0.120744
2.687700,2.793115,-0.015700
2.687700,2.742430,0.009723
2.687700,5.689982,0.128923
2.687700,4.315798,-0.108769
2.687700,2.706121,-0.005148
2.687700,2.849599,0.021940
2.687700,9.432806,0.093043
2.687700,3.370123,-0.065631
2.687700,2.689303,-0.000622
2.687700,3.197236,0.053204
2.687700,10.835555,-0.058515
2.687700,2.910836,-0.028194
2.687700,2.693647,0.003236
2.687700,3.816294,0.090423
2.687700,7.000109,-0.126022
2.687700,2.776692,-0.013886
2.687700,2.745990,0.010248
2.687700,5.840795,0.129394
2.687700,4.237749,-0.106430
2.687700,2.703401,-0.004945
2.687700,2.834416,0.020385
2.687700,8.993026,0.101118
2.687700,3.430430,-0.069574
2.687700,2.687455,-0.001268
2.687700,3.078838,0.043610
2.687700,11.627803,-0.021026
2.687700,2.981858,-0.035001
2.687700,2.687474,0.001984
2.687700,3.532114,0.075762
2.687700,8.338294,-0.111421
2.687700,2.813904,-0.018189
2.687700,2.708120,0.005647
2.687700,4.426917,0.111826
2.687700,5.497882,-0.127945
2.687700,2.736797,-0.009173
2.687700,2.781798,0.014514
2.687700,7.195086,0.124496
2.687700,3.765630,-0.088068
2.687700,2.692146,-0.003063
2.687700,2.910459,0.028168
2.687700,10.830118,0.058691
2.687700,3.197870,-0.053258
2.687700,2.688564,0.000531
2.687700,3.345193,0.063954
2.687700,9.624394,-0.089208
2.687700,2.856406,-0.022675
2.687700,2.701619,0.004573
2.687700,4.150858,0.103607
2.687700,6.027592,-0.129634
2.687700,2.751110,-0.010816
2.687700,2.777489,0.013934
2.687700,7.022331,0.125858
2.687700,3.810373,-0.090148
2.687700,2.694173,-0.003134
2.687700,2.932849,0.030328
2.687700,11.170801,0.046461
2.687700,3.154314,-0.049819
2.687700,2.690678,0.001095
2.687700,3.459340,0.071363
2.687700,8.797378,-0.104400
2.687700,2.828638,-0.019659
2.687700,2.719274,0.006823
2.687700,4.806612,0.119996
2.687700,4.994158,-0.122932
2.687700,2.724251,-0.007447
2.687700,2.821404,0.018860
2.687700,8.562813,0.108105
2.687700,3.495584,-0.073571
2.687700,2.691093,-0.001303
2.687700,3.132513,0.048055
2.687700,11.325745,-0.039688
2.687700,2.945518,-0.031543
2.687700,2.693917,0.003010
2.687700,3.787972,0.089111
2.687700,7.107537,-0.125207
2.687700,2.779830,-0.014197
2.687700,2.750284,0.010706
2.687700,5.994381,0.129617
2.687700,4.165625,-0.104102
2.687700,2.702078,-0.004619
2.687700,2.857474,0.022781
2.687700,9.652565,0.088626
2.687700,3.341608,-0.063708
2.687700,2.688787,-0.000479
2.687700,3.208657,0.054085
2.687700,10.742183,-0.061455
2.687700,2.905536,-0.027677
2.687700,2.693144,0.003216
2.687700,3.804903,0.089904
2.687700,7.042523,-0.125711
2.687700,2.777746,-0.014028
2.687700,2.742474,0.009844
2.687700,5.710611,0.129006
2.687700,4.304558,-0.108449
2.687700,2.704978,-0.005205
2.687700,2.824214,0.019303
2.687700,8.675120,0.106369
2.687700,3.477726,-0.072520
2.687700,2.687246,-0.001628
2.687700,3.026559,0.039057
2.687700,11.746080,0.000275
2.687700,3.027817,-0.039169
2.687700,2.687248,0.001619
2.687700,3.476468,0.072444
2.687700,8.683274,-0.106240
2.687700,2.824470,-0.019331
2.687700,2.704928,0.005197
2.687700,4.302516,0.108389
2.687700,5.714432,-0.129021
2.687700,2.742576,-0.009856
2.687700,2.777701,0.014022
2.687700,7.040778,0.125724
2.687700,3.805368,-0.089925
2.687700,2.693160,-0.003218
2.687700,2.905611,0.027684
2.687700,10.743523,0.061414
2.687700,3.208494,-0.054073
2.687700,2.688799,0.000481
2.687700,3.342143,0.063744
2.687700,9.648375,-0.088713
2.687700,2.857321,-0.022764
2.687700,2.702157,0.004629
2.687700,4.168526,0.104198
2.687700,5.987930,-0.129612
2.687700,2.750118,-0.010685
2.687700,2.780118,0.014229
2.687700,7.118071,0.125124
2.687700,3.785257,-0.088984
2.687700,2.693880,-0.002996
2.687700,2.946876,0.031672
2.687700,11.340744,0.038971
2.687700,3.130288,-0.047873
2.687700,2.691127,0.001323
2.687700,3.499017,0.073777
2.687700,8.541293,-0.108432
2.687700,2.820750,-0.018787
2.687700,2.724695,0.007503
2.687700,5.010967,0.123164
2.687700,4.791287,-0.119726
2.687700,2.718865,-0.006771
2.687700,2.829229,0.019724
2.687700,8.816209,0.104092
2.687700,3.456518,-0.071188
2.687700,2.690641,-0.001080
2.687700,3.155865,0.049943
2.687700,11.159297,-0.046926
2.687700,2.931990,-0.030245
2.687700,2.694180,0.003141
2.687700,3.811526,0.090201
2.687700,7.018024,-0.125890
2.687700,2.777368,-0.013921
2.687700,2.751087,0.010814
2.687700,6.026892,0.129634
2.687700,4.151165,-0.103618
2.687700,2.701617,-0.004576
2.687700,2.856062,0.022640
2.687700,9.615158,0.089398
2.687700,3.346375,-0.064035
2.687700,2.688536,-0.000542
2.687700,3.195807,0.053099
2.687700,10.846819,-0.058151
2.687700,2.911425,-0.028264
2.687700,2.691994,0.003038
2.687700,3.759438,0.087773
2.687700,7.220034,-0.124285
2.687700,2.782465,-0.014593
2.687700,2.735933,0.009070
2.687700,5.465516,0.127734
2.687700,4.447165,-0.112347
2.687700,2.708650,-0.005718
2.687700,2.812598,0.018046
2.687700,8.294545,0.112039
2.687700,3.539552,-0.076194
2.687700,2.687538,-0.002029
2.687700,2.976796,0.034532
2.687700,11.598098,0.023522
2.687700,3.085513,-0.044177
2.687700,2.687480,0.001222
2.687700,3.424355,0.069187
2.687700,9.035556,-0.100379
2.687700,2.835815,-0.020533
2.687700,2.703139,0.004904
2.687700,4.227012,0.106094
2.687700,5.862749,-0.129441
2.687700,2.746575,-0.010317
2.687700,2.776284,0.013837
2.687700,6.984654,0.126133
2.687700,3.820488,-0.090614
2.687700,2.693751,-0.003252
2.687700,2.910256,0.028136
2.687700,10.825465,0.058840
2.687700,3.198481,-0.053300
2.687700,2.689322,0.000615
2.687700,3.369496,0.065589
2.687700,9.437565,-0.092950
2.687700,2.849769,-0.021958
2.687700,2.706138,0.005148
2.687700,4.316180,0.108780
2.687700,5.689280,-0.128921
2.687700,2.742416,-0.009721
2.687700,2.793253,0.015715
2.687700,7.593423,0.120693
2.687700,3.673776,-0.083501
2.687700,2.692607,-0.002374
2.687700,3.010788,0.037603
2.687700,11.731152,0.007436
2.687700,3.044832,-0.040633
2.687700,2.692190,0.002074
2.687700,3.623724,0.080862
2.687700,7.837161,-0.117953
2.687700,2.800131,-0.016487
2.687700,2.738363,0.009212
2.687700,5.532568,0.128152
2.687700,4.405885,-0.111266
2.687700,2.708561,-0.005459
2.687700,2.845810,0.021530
2.687700,9.322930,0.095152
2.687700,3.384773,-0.066602
2.687700,2.689637,-0.000687
2.687700,3.193636,0.052923
2.687700,10.864806,-0.057563
2.687700,2.912571,-0.028360
2.687700,2.694146,0.003281
2.687700,3.831442,0.091107
2.687700,6.944816,-0.126412
2.687700,2.775272,-0.013706
2.687700,2.749203,0.010619
2.687700,5.960402,0.129589
2.687700,4.180976,-0.104613
2.687700,2.702085,-0.004720
2.687700,2.844037,0.021396
2.687700,9.279028,0.095980
2.687700,3.390585,-0.066999
2.687700,2.687765,-0.000948
2.687700,3.127538,0.047675
2.687700,11.358029,-0.038133
2.687700,2.948241,-0.031844
2.687700,2.688437,0.002346
2.687700,3.599853,0.079591
2.687700,7.959405,-0.116475
2.687700,2.802845,-0.016958
2.687700,2.714699,0.006490
2.687700,4.673338,0.117498
2.687700,5.148809,-0.124892
2.687700,2.727483,-0.008053
2.687700,2.789975,0.015474
2.687700,7.497096,0.121696
2.687700,3.694586,-0.084583
2.687700,2.690524,-0.002761
2.687700,2.925383,0.029635
2.687700,11.068830,0.050433
2.687700,3.167721,-0.050904
2.687700,2.688360,0.000726
2.687700,3.369150,0.065574
2.687700,9.439756,-0.092909
2.687700,2.849717,-0.021978
2.687700,2.702724,0.004752
2.687700,4.196829,0.105128
2.687700,5.926196,-0.129547
2.687700,2.748427,-0.010497
2.687700,2.779867,0.014215
2.687700,7.111220,0.125179
2.687700,3.787002,-0.089067
2.687700,2.693692,-0.003029
2.687700,2.939331,0.030954
2.687700,11.253678,0.042970
2.687700,3.142881,-0.048900
2.687700,2.690693,0.001180
2.687700,3.471624,0.072120
2.687700,8.716295,-0.105710
2.687700,2.826090,-0.019383
2.687700,2.720392,0.006970
2.687700,4.849730,0.120730
2.687700,4.948138,-0.122272
2.687700,2.723005,-0.007298
2.687700,2.822334,0.018967
2.687700,8.594070,0.107626
2.687700,3.490622,-0.073274
2.687700,2.690917,-0.001288
2.687700,3.131664,0.047987
2.687700,11.331426,-0.039418
2.687700,2.946016,-0.031592
2.687700,2.693599,0.002969
2.687700,3.776610,0.088578
2.687700,7.151871,-0.124852
2.687700,2.780993,-0.014340
2.687700,2.748194,0.010463
2.687700,5.916265,0.129533
2.687700,4.201491,-0.105278
2.687700,2.702895,-0.004763
2.687700,2.850897,0.022099
2.687700,9.472459,0.092267
2.687700,3.364862,-0.065286
2.687700,2.688501,-0.000679
2.687700,3.176481,0.051594
2.687700,11.000893,-0.052914
2.687700,2.920875,-0.029193
2.687700,2.691112,0.002864
2.687700,3.719348,0.085822
2.687700,7.387823,-0.122768
2.687700,2.787006,-0.015125
2.687700,2.730987,0.008474
2.687700,5.279668,0.126244
2.687700,4.573189,-0.115364
2.687700,2.712016,-0.006151
2.687700,2.806783,0.017400
2.687700,8.096231,0.114728
2.687700,3.574491,-0.078184
2.687700,2.688022,-0.002217
2.687700,2.959053,0.032870
2.687700,11.463968,0.032498
2.687700,3.110689,-0.046287
2.687700,2.687664,0.001060
2.687700,3.404545,0.067911
2.687700,9.176964,-0.097860
2.687700,2.840552,-0.021030
2.687700,2.702628,0.004809
2.687700,4.203804,0.105355
2.687700,5.911260,-0.129527
2.687700,2.747893,-0.010466
2.687700,2.776149,0.013812
2.687700,6.978119,0.126179
2.687700,3.822281,-0.090694
2.687700,2.693915,-0.003246
2.687700,2.913739,0.028476
2.687700,10.884569,0.056911
2.687700,3.191179,-0.052733
2.687700,2.689586,0.000699
2.687700,3.385597,0.066656
2.687700,9.316780,-0.095268
2.687700,2.845591,-0.021508
2.687700,2.708445,0.005447
2.687700,4.402031,0.111164
2.687700,5.538964,-0.128189
2.687700,2.738520,-0.009233
2.687700,2.799613,0.016430
2.687700,7.819145,0.118166
2.687700,3.627281,-0.081053
2.687700,2.692194,-0.002098
2.687700,3.041588,0.040349
2.687700,11.736069,-0.006078
2.687700,3.013770,-0.037872
2.687700,2.692532,0.002343
2.687700,3.668057,0.083205
2.687700,7.620242,-0.120406
2.687700,2.793998,-0.015800
2.687700,2.741812,0.009647
2.687700,5.666246,0.128826
2.687700,4.328777,-0.109142
2.687700,2.706463,-0.005194
2.687700,2.848723,0.021847
2.687700,9.407863,0.093528
2.687700,3.373421,-0.065851
2.687700,2.689322,-0.000643
2.687700,3.194607,0.053000
2.687700,10.856836,-0.057824
2.687700,2.912077,-0.028316
2.687700,2.693552,0.003216
2.687700,3.811713,0.090214
2.687700,7.017109,-0.125898
2.687700,2.777147,-0.013939
2.687700,2.745519,0.010191
2.687700,5.822963,0.129352
2.687700,4.246580,-0.106704
2.687700,2.703625,-0.004978
2.687700,2.833536,0.020292
2.687700,8.966080,0.101581
2.687700,3.434308,-0.069820
2.687700,2.687454,-0.001296
2.687700,3.075057,0.043287
2.687700,11.643393,-0.019590
2.687700,2.984798,-0.035273
2.687700,2.687460,0.001961
2.687700,3.528541,0.075554
2.687700,8.359512,-0.111118
2.687700,2.814543,-0.018258
2.687700,2.707942,0.005622
2.687700,4.419927,0.111644
2.687700,5.509232,-0.128016
2.687700,2.737103,-0.009208
2.687700,2.781672,0.014498
2.687700,7.190203,0.124537
2.687700,3.766851,-0.088126
2.687700,2.692192,-0.003066
2.687700,2.910793,0.028201
2.687700,10.835839,0.058507
2.687700,3.197166,-0.053204
2.687700,2.688602,0.000540
2.687700,3.347159,0.064088
2.687700,9.609073,-0.089523
2.687700,2.855847,-0.022615
2.687700,2.701894,0.004610
2.687700,4.161057,0.103950
2.687700,6.004573,-0.129623
2.687700,2.750517,-0.010742
2.687700,2.778499,0.014049
2.687700,7.059415,0.125581
2.687700,3.800522,-0.089694
2.687700,2.694030,-0.003083
2.687700,2.937466,0.030772
2.687700,11.230461,0.043976
2.687700,3.146138,-0.049161
2.687700,2.690809,0.001170
2.687700,3.472112,0.072149
2.687700,8.713159,-0.105760
2.687700,2.826011,-0.019370
2.687700,2.720961,0.007036
2.687700,4.870278,0.121067
2.687700,4.926860,-0.121954
2.687700,2.722464,-0.007224
2.687700,2.823836,0.019130
2.687700,8.642576,0.106874
2.687700,3.483020,-0.072814
2.687700,2.690935,-0.001233
2.687700,3.139607,0.048633
2.687700,11.276824,-0.041944
2.687700,2.941267,-0.031137
2.687700,2.693958,0.003046
2.687700,3.793941,0.089389
2.687700,7.084526,-0.125388
2.687700,2.779189,-0.014127
2.687700,2.750292,0.010711
2.687700,5.995461,0.129618
2.687700,4.165136,-0.104086
2.687700,2.702024,-0.004622
2.687700,2.856243,0.022655
2.687700,9.619608,0.089306
2.687700,3.345813,-0.063996
2.687700,2.688672,-0.000522
2.687700,3.200774,0.053481
2.687700,10.806565,-0.059444
2.687700,2.909120,-0.028034
2.687700,2.692509,0.003115
2.687700,3.779409,0.088719
2.687700,7.140467,-0.124947
2.687700,2.780347,-0.014340
2.687700,2.738914,0.009423
2.687700,5.577085,0.128405
2.687700,4.379273,-0.110558
2.687700,2.706888,-0.005476
2.687700,2.817584,0.018588
2.687700,8.460153,0.109653
2.687700,3.511871,-0.074573
2.687700,2.687358,-0.001855
2.687700,2.997433,0.036432
2.687700,11.697073,0.013531
2.687700,3.059544,-0.041953
2.687700,2.687392,0.001402
2.687700,3.448303,0.070701
2.687700,8.870143,-0.103204
2.687700,2.830423,-0.019962
2.687700,2.704153,0.005063
2.687700,4.268594,0.107378
2.687700,5.779353,-0.129234
2.687700,2.744349,-0.010056
2.687700,2.777717,0.014011
2.687700,7.039127,0.125735
2.687700,3.805825,-0.089945
2.687700,2.693366,-0.003197
2.687700,2.911677,0.028278
2.687700,10.850157,0.058042
2.687700,3.195428,-0.053065
2.687700,2.689212,0.000624
2.687700,3.368951,0.065554
2.687700,9.441653,-0.092871
2.687700,2.849899,-0.021974
2.687700,2.705702,0.005097
2.687700,4.300760,0.108331
2.687700,5.717949,-0.129030
2.687700,2.743145,-0.009815
2.687700,2.791662,0.015537
2.687700,7.536764,0.121286
2.687700,3.686035,-0.084130
2.687700,2.692695,-0.002448
2.687700,3.002043,0.036810
2.687700,11.710692,0.011476
2.687700,3.054657,-0.041492
2.687700,2.692047,0.001985
2.687700,3.608576,0.080041
2.687700,7.915046,-0.117016
2.687700,2.802347,-0.016736
2.687700,2.736844,0.009023
2.687700,5.474380,0.127788
2.687700,4.441739,-0.112201
2.687700,2.709513,-0.005584
2.687700,2.843822,0.021317
2.687700,9.264683,0.096244
2.687700,3.392651,-0.067119
2.687700,2.689711,-0.000735
2.687700,3.188293,0.052508
2.687700,10.907763,-0.056136
2.687700,2.915144,-0.028612
2.687700,2.694018,0.003247
2.687700,3.824279,0.090784
2.687700,6.970832,-0.126231
2.687700,2.775973,-0.013787
2.687700,2.748657,0.010552
2.687700,5.939492,0.129566
2.687700,4.190610,-0.104927
2.687700,2.702335,-0.004755
2.687700,2.843212,0.021309
2.687700,9.254890,0.096429
2.687700,3.393864,-0.067214
2.687700,2.687773,-0.000971
2.687700,3.124590,0.047433
2.687700,11.377367,-0.037168
2.687700,2.950079,-0.032019
2.687700,2.688396,0.002328
2.687700,3.596556,0.079410
2.687700,7.976870,-0.116257
2.687700,2.803348,-0.017014
2.687700,2.714438,0.006456
2.687700,4.663437,0.117297
2.687700,5.161154,-0.125031
2.687700,2.727819,-0.008092
2.687700,2.789811,0.015454
2.687700,7.490913,0.121758
2.687700,3.695962,-0.084652
2.687700,2.690576,-0.002765
2.687700,2.925735,0.029669
2.687700,11.073932,0.050242
2.687700,3.167059,-0.050851
2.687700,2.688401,0.000735
2.687700,3.371156,0.065708
2.687700,9.424568,-0.093205
2.687700,2.849187,-0.021921
2.687700,2.703015,0.004790
2.687700,4.207599,0.105474
2.687700,5.903314,-0.129513
2.687700,2.747836,-0.010424
2.687700,2.780858,0.014328
2.687700,7.147480,0.124888
2.687700,3.777720,-0.088631
2.687700,2.693562,-0.002981
2.687700,2.943849,0.031386
2.687700,11.307075,0.040564
2.687700,3.135237,-0.048279
2.687700,2.690806,0.001249
2.687700,3.483251,0.072829
2.687700,8.641038,-0.106898
2.687700,2.823766,-0.019127
2.687700,2.721879,0.007158
2.687700,4.905920,0.121633
2.687700,4.890873,-0.121397
2.687700,2.721480,-0.007108
2.687700,2.824339,0.019190
2.687700,8.659695,0.106606
2.687700,3.480348,-0.072652
2.687700,2.690772,-0.001233
2.687700,3.136944,0.048418
2.687700,11.295302,-0.041106
2.687700,2.942826,-0.031289
2.687700,2.693575,0.002990
2.687700,3.779266,0.088704
2.687700,7.141401,-0.124937
2.687700,2.780689,-0.014309
2.687700,2.747866,0.010428
2.687700,5.904594,0.129515
2.687700,4.206992,-0.105455
2.687700,2.702992,-0.004788
2.687700,2.848988,0.021901
2.687700,9.419030,0.093312
2.687700,3.371887,-0.065756
2.687700,2.688379,-0.000743
2.687700,3.165630,0.050738
2.687700,11.084865,-0.049830
2.687700,2.926488,-0.029742
2.687700,2.690485,0.002749
2.687700,3.692101,0.084457
2.687700,7.508317,-0.121582
2.687700,2.790286,-0.015509
2.687700,2.727277,0.008027
2.687700,5.140941,0.124802
2.687700,4.679702,-0.117626
2.687700,2.714876,-0.006511
2.687700,2.802778,0.016950
2.687700,7.956906,0.116506
2.687700,3.600328,-0.079617
2.687700,2.688465,-0.002346
2.687700,2.948705,0.031888
2.687700,11.362950,0.037890
2.687700,3.126793,-0.047614
2.687700,2.687792,0.000957
2.687700,3.392230,0.067107
2.687700,9.266921,-0.096205
2.687700,2.843625,-0.021352
2.687700,2.702296,0.004748
2.687700,4.188779,0.104868
2.687700,5.943449,-0.129571
2.687700,2.748764,-0.010565
2.687700,2.775966,0.013785
2.687700,6.970439,0.126233
2.687700,3.824388,-0.090789
2.687700,2.694031,-0.003247
2.687700,2.915450,0.028642
2.687700,10.912778,0.055967
2.687700,3.187668,-0.052459
2.687700,2.689734,0.000742
2.687700,3.394030,0.067209
2.687700,9.254552,-0.096432
2.687700,2.843479,-0.021280
2.687700,2.709717,0.005610
2.687700,4.449314,0.112394
2.687700,5.462388,-0.127707
2.687700,2.736532,-0.008984
2.687700,2.802845,0.016792
2.687700,7.932448,0.116802
2.687700,3.605243,-0.079859
2.687700,2.692021,-0.001965
2.687700,3.056989,0.041695
2.687700,11.704662,-0.012419
2.687700,3.000030,-0.036627
2.687700,2.692725,0.002467
2.687700,3.689185,0.084291
2.687700,7.522394,-0.121433
2.687700,2.791261,-0.015492
2.687700,2.743373,0.009843
2.687700,5.726788,0.129061
2.687700,4.296065,-0.108193
2.687700,2.705575,-0.005080
2.687700,2.850096,0.021996
2.687700,9.447312,0.092760
2.687700,3.368205,-0.065504
2.687700,2.689193,-0.000621
2.687700,3.195552,0.053074
2.687700,10.849151,-0.058075
2.687700,2.911616,-0.028273
2.687700,2.693333,0.003193
2.687700,3.804778,0.089897
2.687700,7.043061,-0.125706
2.687700,2.777819,-0.014024
2.687700,2.744144,0.010032
2.687700,5.771719,0.129212
2.687700,4.272510,-0.107496
2.687700,2.704248,-0.005078
2.687700,2.829895,0.019906
2.687700,8.853745,0.103477
2.687700,3.450725,-0.070853
2.687700,2.687384,-0.001420
2.687700,3.056933,0.041726
2.687700,11.704363,-0.012484
2.687700,2.999657,-0.036635
2.687700,2.687347,0.001838
2.687700,3.509193,0.074414
2.687700,8.476584,-0.109410
2.687700,2.818085,-0.018643
2.687700,2.706742,0.005456
2.687700,4.373543,0.110402
2.687700,5.586910,-0.128457
2.687700,2.739177,-0.009454
2.687700,2.780181,0.014319
2.687700,7.134186,0.124998
2.687700,3.781013,-0.088795
2.687700,2.692553,-0.003121
2.687700,2.909029,0.028025
2.687700,10.804955,0.059495
2.687700,3.200973,-0.053497
2.687700,2.688689,0.000523
2.687700,3.346156,0.064019
2.687700,9.616936,-0.089361
2.687700,2.856147,-0.022644
2.687700,2.702106,0.004632
2.687700,4.168068,0.104183
2.687700,5.988935,-0.129613
2.687700,2.750125,-0.010690
2.687700,2.779506,0.014163
2.687700,7.096121,0.125297
2.687700,3.790925,-0.089249
2.687700,2.693918,-0.003030
2.687700,2.942803,0.031284
2.687700,11.294861,0.041126
2.687700,3.137018,-0.048422
2.687700,2.690978,0.001257
2.687700,3.487105,0.073061
2.687700,8.616464,-0.107280
2.687700,2.823035,-0.019041
2.687700,2.723003,0.007292
2.687700,4.947252,0.122259
2.687700,4.850584,-0.120744
2.687700,2.720437,-0.006970
2.687700,2.826753,0.019452
2.687700,8.737073,0.105377
2.687700,3.468458,-0.071925
2.687700,2.690763,-0.001150
2.687700,3.148180,0.049326
2.687700,11.215719,-0.044603
2.687700,2.936297,-0.030660
2.687700,2.694041,0.003093
2.687700,3.802152,0.089770
2.687700,7.053234,-0.125627
2.687700,2.778326,-0.014031
2.687700,2.750506,0.010742
2.687700,6.004392,0.129623
2.687700,4.161137,-0.103952
2.687700,2.701884,-0.004611
2.687700,2.855459,0.022576
2.687700,9.598587,0.089737
2.687700,3.348503,-0.064180
2.687700,2.688568,-0.000554
2.687700,3.194745,0.053017
2.687700,10.855421,-0.057871
2.687700,2.911930,-0.028313
2.687700,2.692012,0.003036
2.687700,3.759496,0.087775
2.687700,7.219806,-0.124287
2.687700,2.782464,-0.014592
2.687700,2.736074,0.009086
2.687700,5.470650,0.127768
2.687700,4.443922,-0.112265
2.687700,2.708570,-0.005706
2.687700,2.812963,0.018085
2.687700,8.306698,0.111868
2.687700,3.537477,-0.076074
2.687700,2.687533,-0.002015
2.687700,2.978609,0.034700
2.687700,11.609151,0.022625
2.687700,3.083100,-0.043972
2.687700,2.687486,0.001240
2.687700,3.427033,0.069358
2.687700,9.016764,-0.100707
2.687700,2.835198,-0.020468
2.687700,2.703323,0.004930
2.687700,4.234151,0.106318
2.687700,5.848121,-0.129410
2.687700,2.746190,-0.010270
2.687700,2.776719,0.013887
2.687700,7.000844,0.126017
2.687700,3.816097,-0.090414
2.687700,2.693667,-0.003232
2.687700,2.911668,0.028275
2.687700,10.849793,0.058054
2.687700,3.195480,-0.053068
2.687700,2.689357,0.000641
2.687700,3.373673,0.065868
2.687700,9.405974,-0.093564
2.687700,2.848662,-0.021840
2.687700,2.706607,0.005211
2.687700,4.333918,0.109289
2.687700,5.656949,-0.128786
2.687700,2.741575,-0.009616
2.687700,2.794505,0.015856
2.687700,7.638230,0.120212
2.687700,3.664253,-0.083007
2.687700,2.692506,-0.002319
2.687700,3.016547,0.038122
2.687700,11.739732,0.004824
2.687700,3.038619,-0.040087
2.687700,2.692238,0.002125
2.687700,3.631900,0.081301
2.687700,7.795930,-0.118438
2.687700,2.798956,-0.016356
2.687700,2.738965,0.009288
2.687700,5.556015,0.128286
2.687700,4.391845,-0.110891
2.687700,2.708174,-0.005411
2.687700,2.846165,0.021570
2.687700,9.333480,0.094952
2.687700,3.383352,-0.066508
2.687700,2.689565,-0.000686
2.687700,3.192687,0.052850
2.687700,10.872422,-0.057313
2.687700,2.913015,-0.028405
2.687700,2.693949,0.003255
2.687700,3.824228,0.090782
2.687700,6.970997,-0.126230
2.687700,2.775956,-0.013790
2.687700,2.748035,0.010483
2.687700,5.916735,0.129535
2.687700,4.201226,-0.105272
2.687700,2.702560,-0.004800
2.687700,2.840741,0.021051
2.687700,9.182598,0.097757
2.687700,3.403767,-0.067860
2.687700,2.687660,-0.001055
2.687700,3.111304,0.046338
2.687700,11.460305,-0.032709
2.687700,2.958644,-0.032831
2.687700,2.688023,0.002221
2.687700,3.574967,0.078211
2.687700,8.093606,-0.114762
2.687700,2.806705,-0.017392
2.687700,2.712030,0.006153
2.687700,4.573778,0.115377
2.687700,5.278858,-0.126236
2.687700,2.730964,-0.008472
2.687700,2.786986,0.015123
2.687700,7.387135,0.122774
2.687700,3.719506,-0.085830
2.687700,2.691110,-0.002865
2.687700,2.920658,0.029172
2.687700,10.997544,0.053033
2.687700,3.176907,-0.051627
2.687700,2.688491,0.000674
2.687700,3.364107,0.065235
2.687700,9.478223,-0.092153
2.687700,2.851101,-0.022120
2.687700,2.702804,0.004751
2.687700,4.198090,0.105168
2.687700,5.923514,-0.129544
2.687700,2.748382,-0.010486
2.687700,2.780694,0.014305
2.687700,7.140919,0.124941
2.687700,3.779394,-0.088710
2.687700,2.693638,-0.002983
2.687700,2.944672,0.031464
2.687700,11.316387,0.040130
2.687700,3.133880,-0.048168
2.687700,2.690886,0.001269
2.687700,3.487308,0.073074
2.687700,8.615131,-0.107301
2.687700,2.822978,-0.019038
2.687700,2.722588,0.007245
2.687700,4.932358,0.122037
2.687700,4.864927,-0.120980
2.687700,2.720798,-0.007021
2.687700,2.825552,0.019323
2.687700,8.698886,0.105987
2.687700,3.474296,-0.072283
2.687700,2.690733,-0.001195
2.687700,3.141567,0.048793
2.687700,11.262988,-0.042560
2.687700,2.940100,-0.031027
2.687700,2.693703,0.003025
2.687700,3.786553,0.089046
2.687700,7.112969,-0.125165
2.687700,2.779920,-0.014220
2.687700,2.748547,0.010510
2.687700,5.930547,0.129553
2.687700,4.194799,-0.105062
2.687700,2.702685,-0.004743
2.687700,2.850312,0.022040
2.687700,9.456388,0.092583
2.687700,3.366964,-0.065427
2.687700,2.688395,-0.000706
2.687700,3.171003,0.051163
2.687700,11.043528,-0.051371
2.687700,2.923674,-0.029468
2.687700,2.690706,0.002795
2.687700,3.702592,0.084986
2.687700,7.461271,-0.122054
2.687700,2.788997,-0.015360
2.687700,2.728566,0.008184
2.687700,5.189251,0.125338
2.687700,4.641266,-0.116839
2.687700,2.713837,-0.006383
2.687700,2.803955,0.017084
2.687700,7.998258,0.115988
2.687700,3.592540,-0.079189
2.687700,2.688300,-0.002311
2.687700,2.950823,0.032090
2.687700,11.385076,0.036776
2.687700,3.123398,-0.047336
2.687700,2.687724,0.000974
2.687700,3.393487,0.067190
2.687700,9.257641,-0.096378
2.687700,2.843298,-0.021319
2.687700,2.702128,0.004731
2.687700,4.183288,0.104688
2.687700,5.955355,-0.129584
2.687700,2.749062,-0.010604
2.687700,2.775181,0.013697
2.687700,6.941732,0.126433
2.687700,3.832294,-0.091145
2.687700,2.694139,-0.003288
2.687700,2.911564,0.028261
2.687700,10.847689,0.058122
2.687700,3.195752,-0.053087
2.687700,2.689579,0.000665
2.687700,3.380714,0.066334
2.687700,9.353179,-0.094578
2.687700,2.846850,-0.021642
2.687700,2.708002,0.005386
2.687700,4.385007,0.110706
2.687700,5.567576,-0.128349
2.687700,2.739272,-0.009325
2.687700,2.798690,0.016325
2.687700,7.786361,0.118549
2.687700,3.633815,-0.081403
2.687700,2.692276,-0.002134
2.687700,3.038006,0.040033
2.687700,11.740387,-0.004563
2.687700,3.017129,-0.038174
2.687700,2.692531,0.002318
2.687700,3.664476,0.083019
2.687700,7.637185,-0.120223
2.687700,2.794481,-0.015853
2.687700,2.741749,0.009636
2.687700,5.663347,0.128814
2.687700,4.330379,-0.109188
2.687700,2.706526,-0.005197
2.687700,2.849270,0.021903
2.687700,9.423153,0.093231
2.687700,3.371402,-0.065716
2.687700,2.689387,-0.000621
2.687700,3.198707,0.053317
2.687700,10.823658,-0.058897
2.687700,2.910157,-0.028125
2.687700,2.693898,0.003270
2.687700,3.825601,0.090845
2.687700,6.965961,-0.126265
2.687700,2.775796,-0.013777
2.687700,2.747459,0.010420
2.687700,5.895791,0.129502
2.687700,4.211127,-0.105590
2.687700,2.702762,-0.004842
2.687700,2.838226,0.020788
2.687700,9.108084,0.099099
2.687700,3.414121,-0.068531
2.687700,2.687542,-0.001142
2.687700,3.097463,0.045184
2.687700,11.538481,-0.027868
2.687700,2.968118,-0.033723
2.687700,2.687706,0.002113
2.687700,3.554343,0.077044
2.687700,8.209159,-0.113219
2.687700,2.810073,-0.017768
2.687700,2.709900,0.005882
2.687700,4.494285,0.113520
2.687700,5.392995,-0.127210
2.687700,2.734002,-0.008838
2.687700,2.784137,0.014790
2.687700,7.282090,0.123742
2.687700,3.744303,-0.087044
2.687700,2.691649,-0.002974
2.687700,2.914591,0.028577
2.687700,10.900275,0.056389
2.687700,3.189169,-0.052585
2.687700,2.688510,0.000587
2.687700,3.352265,0.064436
2.687700,9.569347,-0.090332
2.687700,2.854384,-0.022465
2.687700,2.701976,0.004630
2.687700,4.165525,0.104099
2.687700,5.994576,-0.129617
2.687700,2.750240,-0.010712
2.687700,2.778362,0.014037
2.687700,7.054845,0.125615
2.687700,3.801724,-0.089750
2.687700,2.694007,-0.003094
2.687700,2.935630,0.030596
2.687700,11.207217,0.044960
2.687700,3.149350,-0.049421
2.687700,2.690713,0.001136
2.687700,3.465599,0.071749
2.687700,8.755876,-0.105074
2.687700,2.827335,-0.019517
2.687700,2.719968,0.006912
2.687700,4.833045,0.120450
2.687700,4.965728,-0.122529
2.687700,2.723490,-0.007354
2.687700,2.822236,0.018953
2.687700,8.590366,0.107683
2.687700,3.491213,-0.073309
2.687700,2.691009,-0.001282
2.687700,3.134039,0.048180
2.687700,11.315342,-0.040178
2.687700,2.944588,-0.031455
2.687700,2.693844,0.003008
2.687700,3.786486,0.089042
2.687700,7.113278,-0.125162
2.687700,2.779971,-0.014216
2.687700,2.749743,0.010644
2.687700,5.974360,0.129601
2.687700,4.174657,-0.104402
2.687700,2.702272,-0.004657
2.687700,2.855420,0.022569
2.687700,9.597144,0.089766
2.687700,3.348695,-0.064192
2.687700,2.688680,-0.000542
2.687700,3.198181,0.053282
2.687700,10.827645,-0.058770
2.687700,2.910326,-0.028153
2.687700,2.692402,0.003094
2.687700,3.774466,0.088486
2.687700,7.159927,-0.124788
2.687700,2.780871,-0.014401
2.687700,2.738349,0.009355
2.687700,5.555759,0.128289
2.687700,4.391845,-0.110899
2.687700,2.707219,-0.005521
2.687700,2.816779,0.018501
2.687700,8.433557,0.110045
2.687700,3.516232,-0.074831
2.687700,2.687394,-0.001882
2.687700,2.994425,0.036157
2.687700,11.686202,0.014957
2.687700,3.063133,-0.042263
2.687700,2.687421,0.001379
2.687700,3.445529,0.070527
2.687700,8.889003,-0.102888
2.687700,2.831034,-0.020026
2.687700,2.704122,0.005054
2.687700,4.266821,0.107324
2.687700,5.782823,-0.129245
2.687700,2.744449,-0.010066
2.687700,2.777869,0.014027
2.687700,7.044447,0.125695
2.687700,3.804414,-0.089880
2.687700,2.693365,-0.003187
2.687700,2.912947,0.028403
2.687700,10.871680,0.057337
2.687700,3.192765,-0.052858
2.687700,2.689276,0.000651
2.687700,3.373778,0.065875
2.687700,9.405144,-0.093580
2.687700,2.848622,-0.021838
2.687700,2.706329,0.005179
2.687700,4.324173,0.109010
2.687700,5.674619,-0.128861
2.687700,2.742022,-0.009675
2.687700,2.793453,0.015739
2.687700,7.600926,0.120613
2.687700,3.672168,-0.083418
2.687700,2.692554,-0.002369
2.687700,3.010597,0.037586
2.687700,11.730808,0.007523
2.687700,3.045037,-0.040652
2.687700,2.692136,0.002066
2.687700,3.621701,0.080753
2.687700,7.847435,-0.117831
2.687700,2.800415,-0.016520
2.687700,2.737946,0.009162
2.687700,5.516986,0.128058
2.687700,4.415341,-0.111516
2.687700,2.708796,-0.005494
2.687700,2.844784,0.021422
2.687700,9.293220,0.095711
2.687700,3.388777,-0.066865
2.687700,2.689608,-0.000719
2.687700,3.188758,0.052544
2.687700,10.904002,-0.056263
2.687700,2.914907,-0.028591
2.687700,2.693835,0.003228
2.687700,3.818285,0.090513
2.687700,6.992805,-0.126074
2.687700,2.776542,-0.013858
2.687700,2.747505,0.010419
2.687700,5.896548,0.129503
2.687700,4.210773,-0.105578
2.687700,2.702803,-0.004835
2.687700,2.839799,0.020951
2.687700,9.154595,0.098265
2.687700,3.407643,-0.068112
2.687700,2.687658,-0.001082
2.687700,3.107465,0.046019
2.687700,11.482897,-0.031386
2.687700,2.961216,-0.033074
2.687700,2.687973,0.002196
2.687700,3.570555,0.077963
2.687700,8.117996,-0.114442
2.687700,2.807417,-0.017471
2.687700,2.711678,0.006107
2.687700,4.560420,0.115076
2.687700,5.297361,-0.126407
2.687700,2.731462,-0.008531
2.687700,2.786660,0.015084
2.687700,7.374952,0.122890
2.687700,3.722333,-0.085969
2.687700,2.691191,-0.002875
2.687700,2.920569,0.029163
2.687700,10.996130,0.053083
2.687700,3.177089,-0.051641
2.687700,2.688530,0.000677
2.687700,3.365178,0.065307
2.687700,9.470059,-0.092314
2.687700,2.850815,-0.022089
2.687700,2.703018,0.004778
2.687700,4.205871,0.105418
2.687700,5.906978,-0.129519
2.687700,2.747957,-0.010433
2.687700,2.781465,0.014393
2.687700,7.169077,0.124710
2.687700,3.772261,-0.088373
2.687700,2.693545,-0.002945
2.687700,2.948353,0.031815
2.687700,11.356849,0.038186
2.687700,3.127862,-0.047676
2.687700,2.690978,0.001323
2.687700,3.496560,0.073631
2.687700,8.556629,-0.108199
2.687700,2.821194,-0.018841
2.687700,2.723774,0.007394
2.687700,4.977201,0.122694
2.687700,4.822293,-0.120267
2.687700,2.719661,-0.006879
2.687700,2.827108,0.019495
2.687700,8.749120,0.105183
2.687700,3.466618,-0.071813
2.687700,2.690625,-0.001153
2.687700,3.145541,0.049115
2.687700,11.234688,-0.043795
2.687700,2.937790,-0.030806
2.687700,2.693690,0.003041
2.687700,3.788585,0.089141
2.687700,7.105084,-0.125227
2.687700,2.779692,-0.014197
2.687700,2.748315,0.010486
2.687700,5.922312,0.129542
2.687700,4.198644,-0.105186
2.687700,2.702750,-0.004761
2.687700,2.848930,0.021897
2.687700,9.417642,0.093339
2.687700,3.372066,-0.065769
2.687700,2.688307,-0.000753
2.687700,3.163137,0.050541
2.687700,11.103829,-0.049107
2.687700,2.927807,-0.029872
2.687700,2.690270,0.002713
2.687700,3.683397,0.084014
2.687700,7.547964,-0.121175
2.687700,2.791367,-0.015636
2.687700,2.725965,0.007869
2.687700,5.092121,0.124223
2.687700,4.720114,-0.118419
2.687700,2.715959,-0.006647
2.687700,2.801339,0.016787
2.687700,7.906382,0.117128
2.687700,3.609983,-0.080145
2.687700,2.688637,-0.002394
2.687700,2.945057,0.031539
2.687700,11.323149,0.039816
2.687700,3.132746,-0.048100
2.687700,2.687828,0.000918
2.687700,3.387327,0.066784
2.687700,9.303156,-0.095527
2.687700,2.844875,-0.021483
2.687700,2.702098,0.004715
2.687700,4.180470,0.104596
2.687700,5.961515,-0.129590
2.687700,2.749245,-0.010621
2.687700,2.775616,0.013743
2.687700,6.957203,0.126326
2.687700,3.828024,-0.090953
2.687700,2.694118,-0.003261
2.687700,2.914837,0.028582
2.687700,10.902648,0.056308
2.687700,3.188934,-0.052557
2.687700,2.689745,0.000734
2.687700,3.393098,0.067148
2.687700,9.261405,-0.096305
2.687700,2.843715,-0.021305
2.687700,2.709677,0.005604
2.687700,4.447645,0.112352
2.687700,5.465024,-0.127725
2.687700,2.736604,-0.008992
2.687700,2.802840,0.016791
2.687700,7.932195,0.116805
2.687700,3.605293,-0.079861
2.687700,2.692032,-0.001964
2.687700,3.057308,0.041723
2.687700,11.703807,-0.012547
2.687700,2.999758,-0.036602
2.687700,2.692747,0.002471
2.687700,3.690202,0.084342
2.687700,7.517776,-0.121481
2.687700,2.791135,-0.015477
2.687700,2.743531,0.009862
2.687700,5.732733,0.129082
2.687700,4.292923,-0.108100
2.687700,2.705498,-0.005069
2.687700,2.850491,0.022037
2.687700,9.458389,0.092543
2.687700,3.366750,-0.065407
2.687700,2.689205,-0.000609
2.687700,3.197377,0.053215
2.687700,10.834374,-0.058553
2.687700,2.910759,-0.028188
2.687700,2.693451,0.003213
2.687700,3.809692,0.090122
2.687700,7.024631,-0.125843
2.687700,2.777330,-0.013965
2.687700,2.744786,0.010108
2.687700,5.795862,0.129281
2.687700,4.260187,-0.107122
2.687700,2.703940,-0.005032
2.687700,2.831263,0.020051
2.687700,8.896250,0.102767
2.687700,3.444464,-0.070461
2.687700,2.687392,-0.001375
2.687700,3.063241,0.042272
2.687700,11.685857,-0.015000
2.687700,2.994333,-0.036149
2.687700,2.687360,0.001879
2.687700,3.515185,0.074769
2.687700,8.439917,-0.109952
2.687700,2.816967,-0.018522
2.687700,2.707011,0.005495
2.687700,4.384308,0.110695
2.687700,5.568504,-0.128359
2.687700,2.738681,-0.009396
2.687700,2.780380,0.014345
2.687700,7.141920,0.124935
2.687700,3.779036,-0.088702
2.687700,2.692478,-0.003116
2.687700,2.908493,0.027973
2.687700,10.795584,0.059792
2.687700,3.202120,-0.053585
2.687700,2.688627,0.000507
2.687700,3.342960,0.063801
2.687700,9.641894,-0.088847
2.687700,2.857059,-0.022741
2.687700,2.701657,0.004573
2.687700,4.151446,0.103627
2.687700,6.026264,-0.129634
2.687700,2.751087,-0.010810
2.687700,2.777865,0.013976
2.687700,7.035897,0.125758
2.687700,3.806753,-0.089981
2.687700,2.694143,-0.003113
2.687700,2.935224,0.030556
2.687700,11.201935,0.045181
2.687700,3.150078,-0.049479
2.687700,2.690772,0.001137
2.687700,3.466800,0.071823
2.687700,8.747988,-0.105201
2.687700,2.827097,-0.019489
2.687700,2.720335,0.006956
2.687700,4.846519,0.120676
2.687700,4.951509,-0.122322
2.687700,2.723122,-0.007306
2.687700,2.823051,0.019042
2.687700,8.616824,0.107274
2.687700,3.487050,-0.073057
2.687700,2.691004,-0.001253
2.687700,3.137910,0.048495
2.687700,11.288683,-0.041408
2.687700,2.942276,-0.031233
2.687700,2.693999,0.003044
2.687700,3.794250,0.089403
2.687700,7.083354,-0.125397
2.687700,2.779169,-0.014122
2.687700,2.750627,0.010749
2.687700,6.007780,0.129625
2.687700,4.159635,-0.103902
2.687700,2.701912,-0.004598
2.687700,2.857657,0.022801
2.687700,9.657608,0.088522
2.687700,3.340963,-0.063664
2.687700,2.688752,-0.000478
2.687700,3.208137,0.054046
2.687700,10.746435,-0.061324
2.687700,2.905767,-0.027700
2.687700,2.693040,0.003203
2.687700,3.801134,0.089731
2.687700,7.056752,-0.125603
2.687700,2.778120,-0.014074
2.687700,2.741871,0.009774
2.687700,5.688055,0.128920
2.687700,4.316717,-0.108802
2.687700,2.705282,-0.005250
2.687700,2.822917,0.019164
2.687700,8.633598,0.107020
2.687700,3.484175,-0.072913
2.687700,2.687250,-0.001673
2.687700,3.020500,0.038517
2.687700,11.743769,0.002950
2.687700,3.033998,-0.039718
2.687700,2.687267,0.001575
2.687700,3.470659,0.072088
2.687700,8.721131,-0.105638
2.687700,2.825663,-0.019458
2.687700,2.704743,0.005167
2.687700,4.294677,0.108158
2.687700,5.729193,-0.129073
2.687700,2.742977,-0.009902
2.687700,2.777635,0.014012
2.687700,7.037916,0.125745
2.687700,3.806132,-0.089960
2.687700,2.693213,-0.003217
2.687700,2.906562,0.027777
2.687700,10.760674,0.060884
2.687700,3.206405,-0.053912
2.687700,2.688873,0.000505
2.687700,3.346699,0.064055
2.687700,9.612780,-0.089446
2.687700,2.856018,-0.022626
2.687700,2.702757,0.004709
2.687700,4.190909,0.104934
2.687700,5.938964,-0.129563
2.687700,2.748855,-0.010527
2.687700,2.782239,0.014470
2.687700,7.195609,0.124488
2.687700,3.765629,-0.088056
2.687700,2.693618,-0.002891
2.687700,2.956836,0.032618
2.687700,11.441518,0.033764
2.687700,3.114579,-0.046581
2.687700,2.691354,0.001464
2.687700,3.522812,0.075187
2.687700,8.395423,-0.110594
2.687700,2.816364,-0.018300
2.687700,2.727688,0.007878
2.687700,5.124406,0.124603
2.687700,4.693417,-0.117891
2.687700,2.716255,-0.006442
2.687700,2.833097,0.020149
2.687700,8.938323,0.102051
2.687700,3.438516,-0.070063
2.687700,2.690399,-0.000980
2.687700,3.165629,0.050722
2.687700,11.085606,-0.049799
2.687700,2.926696,-0.029734
2.687700,2.694208,0.003184
2.687700,3.818225,0.090507
2.687700,6.993155,-0.126071
2.687700,2.776670,-0.013847
2.687700,2.750848,0.010793
2.687700,6.018993,0.129631
2.687700,4.154642,-0.103735
2.687700,2.701639,-0.004596
2.687700,2.853626,0.022389
2.687700,9.549000,0.090743
2.687700,3.354885,-0.064615
2.687700,2.688352,-0.000625
2.687700,3.181478,0.051986
2.687700,10.961482,-0.054302
2.687700,2.918348,-0.028948
2.687700,2.691019,0.002872
2.687700,3.718904,0.085800
2.687700,7.389713,-0.122750
2.687700,2.787035,-0.015133
2.687700,2.730300,0.008396
2.687700,5.254654,0.126006
2.687700,4.591538,-0.115772
2.687700,2.712484,-0.006216
2.687700,2.805294,0.017237
2.687700,8.045354,0.115388
2.687700,3.583789,-0.078704
2.687700,2.688084,-0.002275
2.687700,2.952214,0.032224
2.687700,11.399255,0.036045
2.687700,3.121184,-0.047155
2.687700,2.687608,0.000976
2.687700,3.391906,0.067087
2.687700,9.269220,-0.096163
2.687700,2.843678,-0.021363
2.687700,2.701586,0.004665
2.687700,4.163985,0.104051
2.687700,5.997913,-0.129621
2.687700,2.750152,-0.010741
2.687700,2.773136,0.013464
2.687700,6.866398,0.126932
2.687700,3.853523,-0.092091
2.687700,2.694476,-0.003394
2.687700,2.902617,0.027379
2.687700,10.687363,0.063116
2.687700,3.215342,-0.054592
2.687700,2.689234,0.000483
2.687700,3.349471,0.064240
2.687700,9.591362,-0.089884
2.687700,2.855280,-0.022540
2.687700,2.704177,0.004879
2.687700,4.241271,0.106534
2.687700,5.833850,-0.129375
2.687700,2.746179,-0.010185
2.687700,2.787856,0.015102
2.687700,7.398789,0.122658
2.687700,3.716990,-0.085688
2.687700,2.693120,-0.002613
2.687700,2.986467,0.035383
2.687700,11.650379,0.018898
2.687700,3.073465,-0.043116
2.687700,2.691973,0.001838
2.687700,3.586369,0.078817
2.687700,8.032924,-0.115540
2.687700,2.805754,-0.017113
2.687700,2.735289,0.008821
2.687700,5.413522,0.127359
2.687700,4.480876,-0.113184
2.687700,2.710607,-0.005714
2.687700,2.843388,0.021264
2.687700,9.250931,0.096499
2.687700,3.394537,-0.067241
2.687700,2.689959,-0.000719
2.687700,3.194442,0.052983
2.687700,10.858429,-0.057771
2.687700,2.912224,-0.028320
2.687700,2.694847,0.003366
2.687700,3.855753,0.092187
2.687700,6.858741,-0.126980
2.687700,2.773040,-0.013429
2.687700,2.753447,0.011111
2.687700,6.118870,0.129627
2.687700,4.111724,-0.102262
2.687700,2.700531,-0.004438
2.687700,2.857587,0.022804
2.687700,9.657161,0.088531
2.687700,3.340995,-0.063669
2.687700,2.688327,-0.000528
2.687700,3.194346,0.052988
2.687700,10.858548,-0.057770
2.687700,2.912093,-0.028333
2.687700,2.691500,0.002975
2.687700,3.741946,0.086931
2.687700,7.291856,-0.123655
2.687700,2.784374,-0.014824
2.687700,2.732951,0.008717
2.687700,5.354385,0.126901
2.687700,4.520409,-0.114147
2.687700,2.710565,-0.005975
2.687700,2.807870,0.017527
2.687700,8.134599,0.114222
2.687700,3.567559,-0.077795
2.687700,2.687784,-0.002197
2.687700,2.958062,0.032778
2.687700,11.455148,0.033004
2.687700,3.112158,-0.046410
2.687700,2.687492,0.001029
2.687700,3.397338,0.067443
2.687700,9.229311,-0.096902
2.687700,2.842299,-0.021221
2.687700,2.701502,0.004665
2.687700,4.162601,0.104005
2.687700,6.000993,-0.129623
2.687700,2.750209,-0.010754
2.687700,2.772328,0.013375
2.687700,6.837032,0.127116
2.687700,3.861989,-0.092463
2.687700,2.694576,-0.003440
2.687700,2.897998,0.026921
2.687700,10.598950,0.065707
2.687700,3.226015,-0.055401
2.687700,2.689006,0.000379
2.687700,3.331210,0.062991
2.687700,9.734681,-0.086903
2.687700,2.860574,-0.023099
2.687700,2.701967,0.004583
2.687700,4.158267,0.103855
2.687700,6.010883,-0.129626
2.687700,2.750753,-0.010754
2.687700,2.780359,0.014251
2.687700,7.125918,0.125061
2.687700,3.783250,-0.088889
2.687700,2.693943,-0.002974
2.687700,2.950713,0.032036
2.687700,11.381415,0.036956
2.687700,3.124126,-0.047367
2.687700,2.691325,0.001391
2.687700,3.511956,0.074547
2.687700,8.461296,-0.109630
2.687700,2.818349,-0.018518
2.687700,2.726703,0.007750
2.687700,5.086390,0.124145
2.687700,4.725184,-0.118508
2.687700,2.717122,-0.006547
2.687700,2.832424,0.020072
2.687700,8.916734,0.102417
2.687700,3.441669,-0.070260
2.687700,2.690539,-0.000986
2.687700,3.167054,0.050834
2.687700,11.074749,-0.050208
2.687700,2.925958,-0.029660
2.687700,2.694536,0.003228
2.687700,3.830202,0.091048
2.687700,6.949436,-0.126379
2.687700,2.775528,-0.013706
2.687700,2.752865,0.011027
2.687700,6.094401,0.129637
2.687700,4.122026,-0.102620
2.687700,2.700912,-0.004463
2.687700,2.860189,0.023068
2.687700,9.725660,0.087095
2.687700,3.332327,-0.063071
2.687700,2.688646,-0.000429
2.687700,3.213241,0.054436
2.687700,10.704438,-0.062604
2.687700,2.903477,-0.027475
2.687700,2.693071,0.003223
2.687700,3.804681,0.089894
2.687700,7.043337,-0.125705
2.687700,2.777747,-0.014033
2.687700,2.741861,0.009775
2.687700,5.688169,0.128920
2.687700,4.316652,-0.108801
2.687700,2.705259,-0.005252
2.687700,2.822268,0.019096
2.687700,8.612932,0.107341
2.687700,3.487407,-0.073109
2.687700,2.687216,-0.001700
2.687700,3.016313,0.038142
2.687700,11.739869,0.004823
2.687700,3.038388,-0.040105
2.687700,2.687244,0.001540
2.687700,3.465338,0.071760
2.687700,8.756100,-0.105076
2.687700,2.826763,-0.019576
2.687700,2.704384,0.005117
2.687700,4.280835,0.107747
2.687700,5.755599,-0.129162
2.687700,2.743674,-0.009986
2.687700,2.776932,0.013930
2.687700,7.011696,0.125939
2.687700,3.813148,-0.090281
2.687700,2.693357,-0.003248
2.687700,2.904627,0.027586
2.687700,10.725433,0.061967
2.687700,3.210699,-0.054241
2.687700,2.688837,0.000470
2.687700,3.341171,0.063677
2.687700,9.656011,-0.088555
2.687700,2.857608,-0.022794
2.687700,2.702207,0.004633
2.687700,4.169936,0.104245
2.687700,5.984806,-0.129610
2.687700,2.750044,-0.010674
2.687700,2.780429,0.014264
2.687700,7.129325,0.125034
2.687700,3.782371,-0.088848
2.687700,2.693854,-0.002979
2.687700,2.948715,0.031847
2.687700,11.360559,0.038003
2.687700,3.127310,-0.047629
2.687700,2.691187,0.001352
2.687700,3.504067,0.074079
2.687700,8.509862,-0.108906
2.687700,2.819801,-0.018682
2.687700,2.725391,0.007590
2.687700,5.037233,0.123517
2.687700,4.767783,-0.119303
2.687700,2.718241,-0.006692
2.687700,2.830218,0.019833
2.687700,8.847605,0.103574
2.687700,3.451842,-0.070897
2.687700,2.690591,-0.001052
2.687700,3.158818,0.050179
2.687700,11.137234,-0.047804
2.687700,2.930369,-0.030088
2.687700,2.694230,0.003159
2.687700,3.814997,0.090359
2.687700,7.005117,-0.125984
2.687700,2.777017,-0.013881
2.687700,2.751285,0.010839
2.687700,6.034588,0.129637
2.687700,4.147784,-0.103503
2.687700,2.701525,-0.004564
2.687700,2.856217,0.022656
2.687700,9.619427,0.089310
2.687700,3.345827,-0.063998
2.687700,2.688520,-0.000540
2.687700,3.195849,0.053103
2.687700,10.846478,-0.058162
2.687700,2.911403,-0.028262
2.687700,2.691964,0.003034
2.687700,3.758446,0.087725
2.687700,7.224051,-0.124250
2.687700,2.782571,-0.014606
2.687700,2.735749,0.009048
2.687700,5.458666,0.127688
2.687700,4.451510,-0.112458
2.687700,2.708763,-0.005734
2.687700,2.812273,0.018010
2.687700,8.283658,0.112191
2.687700,3.541417,-0.076302
2.687700,2.687550,-0.002041
2.687700,2.975417,0.034404
2.687700,11.589368,0.024207
2.687700,3.087368,-0.044334
2.687700,2.687481,0.001209
2.687700,3.422490,0.069068
2.687700,9.048687,-0.100150
2.687700,2.836248,-0.020579
2.687700,2.703032,0.004889
2.687700,4.222785,0.105960
2.687700,5.871474,-0.129458
2.687700,2.746805,-0.010344
2.687700,2.776055,0.013810
2.687700,6.976126,0.126194
2.687700,3.822814,-0.090719
2.687700,2.693799,-0.003263
2.687700,2.909610,0.028072
2.687700,10.814216,0.059199
2.687700,3.199865,-0.053406
2.687700,2.689311,0.000604
2.687700,3.367705,0.065470
2.687700,9.451169,-0.092684
2.687700,2.850249,-0.022009
2.687700,2.705948,0.005123
2.687700,4.308964,0.108570
2.687700,5.702634,-0.128972
2.687700,2.742763,-0.009764
2.687700,2.792746,0.015657
2.687700,7.575237,0.120885
2.687700,3.677685,-0.083702
2.687700,2.692651,-0.002396
2.687700,3.008483,0.037394
2.687700,11.726644,0.008493
2.687700,3.047376,-0.040856
2.687700,2.692171,0.002053
2.687700,3.620421,0.080684
2.687700,7.853980,-0.117753
2.687700,2.800611,-0.016540
2.687700,2.738118,0.009180
2.687700,5.523019,0.128095
2.687700,4.411670,-0.111419
2.687700,2.708721,-0.005478
2.687700,2.845667,0.021514
2.687700,9.318649,0.095233
2.687700,3.385351,-0.066639
2.687700,2.689667,-0.000688
2.687700,3.194035,0.052953
2.687700,10.861592,-0.057668
2.687700,2.912385,-0.028341
2.687700,2.694228,0.003293
2.687700,3.834451,0.091242
2.687700,6.933982,-0.126486
2.687700,2.774989,-0.013671
2.687700,2.749688,0.010675
2.687700,5.978546,0.129606
2.687700,4.172716,-0.104340
2.687700,2.701894,-0.004687
2.687700,2.845445,0.021543
2.687700,9.319707,0.095215
2.687700,3.385096,-0.066637
2.687700,2.687814,-0.000904
2.687700,3.134470,0.048240
2.687700,11.311393,-0.040368
2.687700,2.944015,-0.031440
2.687700,2.688649,0.002403
2.687700,3.611499,0.080227
2.687700,7.898518,-0.117224
2.687700,2.801112,-0.016762
2.687700,2.716037,0.006657
2.687700,4.723152,0.118478
2.687700,5.088528,-0.124179
2.687700,2.725865,-0.007858
2.687700,2.791342,0.015634
2.687700,7.547217,0.121183
2.687700,3.683558,-0.084023
2.687700,2.690256,-0.002716
2.687700,2.927228,0.029816
2.687700,11.095607,0.049422
2.687700,3.164217,-0.050627
2.687700,2.688280,0.000742
2.687700,3.370077,0.065636
2.687700,9.432691,-0.093047
2.687700,2.849457,-0.021953
2.687700,2.702509,0.004729
2.687700,4.189630,0.104894
2.687700,5.941662,-0.129568
2.687700,2.748815,-0.010548
2.687700,2.778897,0.014106
2.687700,7.075876,0.125455
2.687700,3.796184,-0.089495
2.687700,2.693802,-0.003080
2.687700,2.934291,0.030469
2.687700,11.190015,0.045676
2.687700,3.151698,-0.049610
2.687700,2.690534,0.001097
2.687700,3.457273,0.071235
2.687700,8.811115,-0.104175
2.687700,2.829050,-0.019708
2.687700,2.718461,0.006726
2.687700,4.777035,0.119471
2.687700,5.026816,-0.123379
2.687700,2.725092,-0.007558
2.687700,2.819477,0.018650
2.687700,8.499762,0.109058
2.687700,3.505691,-0.074176
2.687700,2.691099,-0.001374
2.687700,3.122946,0.047272
2.687700,11.388970,-0.036571
2.687700,2.951434,-0.032107
2.687700,2.693546,0.002922
2.687700,3.768974,0.088216
2.687700,7.182178,-0.124601
2.687700,2.781837,-0.014432
2.687700,2.748115,0.010447
2.687700,5.912323,0.129527
2.687700,4.203353,-0.105337
2.687700,2.702990,-0.004765
2.687700,2.852164,0.022228
2.687700,9.507427,0.091574
2.687700,3.360301,-0.064978
2.687700,2.688629,-0.000631
2.687700,3.185093,0.052267
2.687700,10.932893,-0.055286
2.687700,2.916590,-0.028771
2.687700,2.691711,0.002966
2.687700,3.744265,0.087042
2.687700,7.282266,-0.123741
2.687700,2.784159,-0.014789
2.687700,2.734496,0.008894
2.687700,5.410996,0.127346
2.687700,4.482359,-0.113228
2.687700,2.709604,-0.005838
2.687700,2.811329,0.017904
2.687700,8.251312,0.112641
2.687700,3.546999,-0.076623
2.687700,2.687682,-0.002064
2.687700,2.974303,0.034299
2.687700,11.582082,0.024764
2.687700,3.088888,-0.044462
2.687700,2.687572,0.001208
2.687700,3.423939,0.069160
2.687700,9.038524,-0.100327
2.687700,2.835927,-0.020542
2.687700,2.703490,0.004944
2.687700,4.239138,0.106473
2.687700,5.837992,-0.129387
2.687700,2.745945,-0.010236
2.687700,2.777616,0.013988
2.687700,7.033471,0.125777
2.687700,3.807346,-0.090013
2.687700,2.693561,-0.003184
2.687700,2.916410,0.028739
2.687700,10.928744,0.055426
2.687700,3.185659,-0.052304
2.687700,2.689549,0.000735
2.687700,3.389986,0.066945
2.687700,9.284252,-0.095879
2.687700,2.844468,-0.021390
2.687700,2.708679,0.005482
2.687700,4.411586,0.111417
2.687700,5.523147,-0.128096
2.687700,2.738095,-0.009183
2.687700,2.799849,0.016458
2.687700,7.827802,0.118064
2.687700,3.625565,-0.080961
2.687700,2.692137,-0.002093
2.687700,3.041396,0.040332
2.687700,11.736328,-0.005999
2.687700,3.013943,-0.037888
2.687700,2.692466,0.002334
2.687700,3.665651,0.083080
2.687700,7.631588,-0.120284
2.687700,2.794306,-0.015837
2.687700,2.741321,0.009589
2.687700,5.647904,0.128747
2.687700,4.338944,-0.109432
2.687700,2.706710,-0.005232
2.687700,2.847407,0.021709
2.687700,9.370415,0.094249
2.687700,3.378394,-0.066182
2.687700,2.689276,-0.000684
2.687700,3.188226,0.052506
2.687700,10.908135,-0.056124
2.687700,2.915130,-0.028618
2.687700,2.693143,0.003145
2.687700,3.794478,0.089421
2.687700,7.082182,-0.125408
2.687700,2.778876,-0.014146
2.687700,2.743253,0.009924
2.687700,5.737764,0.129103
2.687700,4.290171,-0.108024
2.687700,2.704713,-0.005141
2.687700,2.828692,0.019776
2.687700,8.815915,0.104101
2.687700,3.456353,-0.071203
2.687700,2.687421,-0.001456
2.687700,3.052707,0.041359
2.687700,11.715020,-0.010772
2.687700,3.003322,-0.036968
2.687700,2.687391,0.001816
2.687700,3.506813,0.074272
2.687700,8.491266,-0.109191
2.687700,2.818543,-0.018690
2.687700,2.706872,0.005467
2.687700,4.377595,0.110512
2.687700,5.579963,-0.128420
2.687700,2.739008,-0.009430
2.687700,2.780791,0.014387
2.687700,7.156264,0.124818
2.687700,3.775400,-0.088530
2.687700,2.692488,-0.003090
2.687700,2.912183,0.028335
2.687700,10.859385,0.057742
2.687700,3.194266,-0.052978
2.687700,2.688811,0.000586
2.687700,3.356970,0.064752
2.687700,9.533123,-0.091061
2.687700,2.853112,-0.022323
2.687700,2.703355,0.004800
2.687700,4.215022,0.105710
2.687700,5.887767,-0.129486
2.687700,2.747508,-0.010365
2.687700,2.783681,0.014638
2.687700,7.248816,0.124032
2.687700,3.752506,-0.087428
2.687700,2.693392,-0.002827
2.687700,2.961895,0.033096
2.687700,11.486623,0.031155
2.687700,3.106984,-0.045950
2.687700,2.691385,0.001524
2.687700,3.531761,0.075711
2.687700,8.342003,-0.111361
2.687700,2.814765,-0.018124
2.687700,2.728515,0.007984
2.687700,5.156302,0.124970
2.687700,4.667520,-0.117372
2.687700,2.715548,-0.006356
2.687700,2.833705,0.020218
2.687700,8.957641,0.101722
2.687700,3.435708,-0.069886
2.687700,2.690289,-0.000973
2.687700,3.164825,0.050659
2.687700,11.091705,-0.049568
2.687700,2.927111,-0.029776
2.687700,2.693967,0.003152
2.687700,3.809577,0.090113
2.687700,7.025238,-0.125837
2.687700,2.777507,-0.013950
2.687700,2.749351,0.010619
2.687700,5.963048,0.129591
2.687700,4.179786,-0.104572
2.687700,2.702211,-0.004698
2.687700,2.848981,0.021906
2.687700,9.419648,0.093301
2.687700,3.371792,-0.065752
2.687700,2.688161,-0.000768
2.687700,3.158677,0.050187
2.687700,11.137433,-0.047800
2.687700,2.930199,-0.030106
2.687700,2.689862,0.002648
2.687700,3.667086,0.083176
2.687700,7.623822,-0.120373
2.687700,2.793444,-0.015880
2.687700,2.723477,0.007569
2.687700,4.999656,0.123016
2.687700,4.801349,-0.119911
2.687700,2.718140,-0.006918
2.687700,2.798681,0.016485
2.687700,7.812320,0.118252
2.687700,3.628388,-0.081138
2.687700,2.688989,-0.002481
2.687700,2.938886,0.030947
2.687700,11.250702,0.043105
2.687700,3.143171,-0.048945
2.687700,2.687902,0.000850
2.687700,3.379101,0.066240
2.687700,9.364494,-0.094364
2.687700,2.847012,-0.021706
2.687700,2.701802,0.004665
2.687700,4.167762,0.104175
2.687700,5.989531,-0.129615
2.687700,2.749993,-0.010708
2.687700,2.775151,0.013687
2.687700,6.939453,0.126449
2.687700,3.832935,-0.091174
2.687700,2.694247,-0.003280
2.687700,2.914362,0.028534
2.687700,10.894715,0.056573
2.687700,3.189925,-0.052634
2.687700,2.689783,0.000731
2.687700,3.393351,0.067164
2.687700,9.259562,-0.096339
2.687700,2.843657,-0.021297
2.687700,2.709843,0.005623
2.687700,4.453564,0.112502
2.687700,5.455709,-0.127662
2.687700,2.736366,-0.008961
2.687700,2.803364,0.016849
2.687700,7.950386,0.116580
2.687700,3.601830,-0.079672
2.687700,2.692020,-0.001941
2.687700,3.060212,0.041975
2.687700,11.695629,-0.013711
2.687700,2.997291,-0.036377
2.687700,2.692809,0.002497
2.687700,3.694921,0.084582
2.687700,7.496427,-0.121698
2.687700,2.790545,-0.015410
2.687700,2.743987,0.009918
2.687700,5.750180,0.129141
2.687700,4.283771,-0.107828
2.687700,2.705261,-0.005035
2.687700,2.851251,0.022117
2.687700,9.479791,0.092122
2.687700,3.363944,-0.065218
2.687700,2.689203,-0.000590
2.687700,3.200082,0.053424
2.687700,10.812411,-0.059257
2.687700,2.909498,-0.028063
2.687700,2.693585,0.003239
2.687700,3.815645,0.090394
2.687700,7.002495,-0.126005
2.687700,2.776741,-0.013895
2.687700,2.745494,0.010192
2.687700,5.822568,0.129351
2.687700,4.246773,-0.106710
2.687700,2.703604,-0.004982
2.687700,2.832718,0.020206
2.687700,8.941189,0.102007
2.687700,3.437908,-0.070048
2.687700,2.687400,-0.001328
2.687700,3.069824,0.042839
2.687700,11.663399,-0.017577
2.687700,2.988951,-0.035656
2.687700,2.687378,0.001920
2.687700,3.521452,0.075139
2.687700,8.401954,-0.110506
2.687700,2.815815,-0.018398
2.687700,2.707308,0.005539
2.687700,4.396104,0.111013
2.687700,5.548600,-0.128249
2.687700,2.738144,-0.009334
2.687700,2.780614,0.014375
2.687700,7.150999,0.124862
2.687700,3.776724,-0.088593
2.687700,2.692395,-0.003110
2.687700,2.908029,0.027928
2.687700,10.787438,0.060049
2.687700,3.203115,-0.053662
2.687700,2.688565,0.000493
2.687700,3.339923,0.063594
2.687700,9.665691,-0.088354
2.687700,2.857934,-0.022834
2.687700,2.701226,0.004516
2.687700,4.135458,0.103083
2.687700,6.062952,-0.129641
2.687700,2.752032,-0.010928
2.687700,2.776244,0.013791
2.687700,6.976298,0.126191
2.687700,3.822821,-0.090715
2.687700,2.694379,-0.003195
2.687700,2.927839,0.029843
2.687700,11.101827,0.049181
2.687700,3.163507,-0.050553
2.687700,2.690549,0.001013
2.687700,3.445636,0.070509
2.687700,8.889639,-0.102873
2.687700,2.831555,-0.019978
2.687700,2.717515,0.006599
2.687700,4.740253,0.118794
2.687700,5.068767,-0.123925
2.687700,2.726231,-0.007693
2.687700,2.818801,0.018570
2.687700,8.476533,0.109404
2.687700,3.509469,-0.074400
2.687700,2.691270,-0.001380
2.687700,3.124752,0.047419
2.687700,11.377337,-0.037163
2.687700,2.950316,-0.031999
2.687700,2.693882,0.002970
2.687700,3.781590,0.088811
2.687700,7.132391,-0.125009
2.687700,2.780524,-0.014272
2.687700,2.750318,0.010704
2.687700,5.994725,0.129617
2.687700,4.165477,-0.104096
2.687700,2.702123,-0.004613
2.687700,2.858987,0.022935
2.687700,9.692736,0.087788
2.687700,3.336508,-0.063357
2.687700,2.688924,-0.000426
2.687700,3.218123,0.054805
2.687700,10.664277,-0.063803
2.687700,2.901369,-0.027260
2.687700,2.693946,0.003341
2.687700,3.836777,0.091349
2.687700,6.925527,-0.126544
2.687700,2.774656,-0.013656
2.687700,2.746871,0.010362
2.687700,5.875651,0.129467
2.687700,4.220758,-0.105897
2.687700,2.702898,-0.004891
2.687700,2.833905,0.020336
2.687700,8.978119,0.101375
2.687700,3.432563,-0.069711
2.687700,2.687304,-0.001301
2.687700,3.071914,0.043019
2.687700,11.655611,-0.018387
2.687700,2.987269,-0.035502
2.687700,2.687263,0.001919
2.687700,3.519369,0.075017
2.687700,8.414485,-0.110324
2.687700,2.816174,-0.018441
2.687700,2.706657,0.005460
2.687700,4.372746,0.110381
2.687700,5.588264,-0.128464
2.687700,2.739173,-0.009463
2.687700,2.778964,0.014186
2.687700,7.090488,0.125344
2.687700,3.792272,-0.089322
2.687700,2.692648,-0.003187
2.687700,2.901629,0.027295
2.687700,10.670195,0.063628
2.687700,3.217378,-0.054753
2.687700,2.688358,0.000365
2.687700,3.318722,0.062130
2.687700,9.834049,-0.084763
2.687700,2.864299,-0.023502
2.687700,2.699011,0.004210
2.687700,4.051598,0.100100
2.687700,6.268983,-0.129449
2.687700,2.757363,-0.011587
2.687700,2.767807,0.012823
2.687700,6.663756,0.128082
2.687700,3.914394,-0.094702
2.687700,2.695940,-0.003639
2.687700,2.892778,0.026393
2.687700,10.493349,0.068670
2.687700,3.238726,-0.056353
2.687700,2.689258,0.000316
2.687700,3.326663,0.062675
2.687700,9.770943,-0.086128
2.687700,2.861981,-0.023239
2.687700,2.702400,0.004622
2.687700,4.171753,0.104304
2.687700,5.980827,-0.129606
2.687700,2.750014,-0.010653
2.687700,2.782731,0.014515
2.687700,7.211727,0.124351
2.687700,3.761641,-0.087865
2.687700,2.693741,-0.002849
2.687700,2.964431,0.033331
2.687700,11.507550,0.029868
2.687700,3.103314,-0.045642
2.687700,2.691718,0.001589
2.687700,3.546652,0.076571
2.687700,8.254974,-0.112583
2.687700,2.812234,-0.017834
2.687700,2.731343,0.008325
2.687700,5.261990,0.126070
2.687700,4.586326,-0.115648
2.687700,2.713446,-0.006073
2.687700,2.839184,0.020805
2.687700,9.124548,0.098801
2.687700,3.411989,-0.068372
2.687700,2.690291,-0.000805
2.687700,3.188049,0.052484
2.687700,10.909943,-0.056062
2.687700,2.915324,-0.028621
2.687700,2.695165,0.003380
2.687700,3.863235,0.092513
2.687700,6.832935,-0.127140
2.687700,2.772408,-0.013342
2.687700,2.755729,0.011370
2.687700,6.203308,0.129551
2.687700,4.077313,-0.101038
2.687700,2.699836,-0.004288
2.687700,2.866824,0.023752
2.687700,9.897209,0.083368
2.687700,3.310909,-0.061580
2.687700,2.688821,-0.000255
2.687700,3.240147,0.056462
2.687700,10.481320,-0.069000
2.687700,2.892155,-0.026338
2.687700,2.694982,0.003531
2.687700,3.882244,0.093342
2.687700,6.768369,-0.127524
2.687700,2.770491,-0.013161
2.687700,2.751817,0.010948
2.687700,6.062283,0.129643
2.687700,4.135695,-0.103095
2.687700,2.700822,-0.004564
2.687700,2.845186,0.021525
2.687700,9.313461,0.095334
2.687700,3.385918,-0.066694
2.687700,2.687507,-0.000945
2.687700,3.123794,0.047370
2.687700,11.382453,-0.036910
2.687700,2.950553,-0.032067
2.687700,2.687967,0.002274
2.687700,3.581654,0.078586
2.687700,8.056924,-0.115239
2.687700,2.805610,-0.017277
2.687700,2.711788,0.006134
2.687700,4.566439,0.115212
2.687700,5.288979,-0.126331
2.687700,2.731200,-0.008508
2.687700,2.785712,0.014983
2.687700,7.341641,0.123201
2.687700,3.730110,-0.086353
2.687700,2.691201,-0.002928
2.687700,2.913652,0.028488
2.687700,10.884993,0.056899
2.687700,3.191060,-0.052734
2.687700,2.688248,0.000543
2.687700,3.341750,0.063722
2.687700,9.651207,-0.088655
2.687700,2.857356,-0.022782
2.687700,2.700330,0.004416
2.687700,4.105008,0.102027
2.687700,6.135020,-0.129618
2.687700,2.753854,-0.011163
2.687700,2.772068,0.013319
2.687700,6.823007,0.127201
2.687700,3.866109,-0.092641
2.687700,2.695002,-0.003419
2.687700,2.907555,0.027861
2.687700,10.777129,0.060370
2.687700,3.204438,-0.053754
2.687700,2.689763,0.000624
2.687700,3.377934,0.066148
2.687700,9.374090,-0.094178
2.687700,2.847602,-0.021716
2.687700,2.708427,0.005430
2.687700,4.399111,0.111085
2.687700,5.543847,-0.128217
2.687700,2.738686,-0.009245
2.687700,2.800571,0.016531
2.687700,7.851905,0.117778
2.687700,3.620834,-0.080705
2.687700,2.692259,-0.002046
2.687700,3.049785,0.041066
2.687700,11.721867,-0.009484
2.687700,3.006337,-0.037199
2.687700,2.692810,0.002430
2.687700,3.685343,0.084094
2.687700,7.539977,-0.121252
2.687700,2.791783,-0.015544
2.687700,2.743957,0.009905
2.687700,5.747559,0.129132
2.687700,4.285149,-0.107868
2.687700,2.705365,-0.005032
2.687700,2.853243,0.022321
2.687700,9.534613,0.091030
2.687700,3.356812,-0.064736
2.687700,2.689405,-0.000515
2.687700,3.213670,0.054463
2.687700,10.701224,-0.062700
2.687700,2.903372,-0.027451
2.687700,2.694759,0.003422
2.687700,3.862366,0.092478
2.687700,6.835794,-0.127124
2.687700,2.772353,-0.013365
2.687700,2.751917,0.010945
2.687700,6.063638,0.129642
2.687700,4.135128,-0.103074
2.687700,2.700942,-0.004547
2.687700,2.849444,0.021964
2.687700,9.433996,0.093022
2.687700,3.369878,-0.065627
2.687700,2.687840,-0.000792
2.687700,3.150209,0.049512
2.687700,11.199976,-0.045267
2.687700,2.934856,-0.030560
2.687700,2.689058,0.002519
2.687700,3.634990,0.081491
2.687700,7.779262,-0.118637
2.687700,2.797738,-0.016380
2.687700,2.718540,0.006971
2.687700,4.816787,0.120180
2.687700,4.982881,-0.122782
2.687700,2.723011,-0.007516
2.687700,2.793392,0.015878
2.687700,7.622591,0.120386
2.687700,3.667341,-0.083190
2.687700,2.689795,-0.002657
2.687700,2.927837,0.029878
2.687700,11.104532,0.049081
2.687700,3.163032,-0.050535
2.687700,2.688049,0.000723
2.687700,3.363683,0.065210
2.687700,9.481262,-0.092094
2.687700,2.851151,-0.022138
2.687700,2.701238,0.004568
2.687700,4.143505,0.103360
2.687700,6.044329,-0.129640
2.687700,2.751453,-0.010879
2.687700,2.774158,0.013567
2.687700,6.901728,0.126702
2.687700,3.843498,-0.091645
2.687700,2.694509,-0.003322
2.687700,2.912876,0.028387
2.687700,10.869690,0.057402
2.687700,3.193039,-0.052875
2.687700,2.689831,0.000714
2.687700,3.391749,0.067059
2.687700,9.271374,-0.096120
2.687700,2.844067,-0.021340
2.687700,2.709882,0.005625
2.687700,4.454468,0.112525
2.687700,5.454295,-0.127652
2.687700,2.736339,-0.008956
2.687700,2.803720,0.016887
2.687700,7.962537,0.116429
2.687700,3.599530,-0.079545
2.687700,2.692034,-0.001923
2.687700,3.062852,0.042203
2.687700,11.687637,-0.014759
2.687700,2.995080,-0.036174
2.687700,2.692896,0.002523
2.687700,3.700231,0.084850
2.687700,7.472613,-0.121937
2.687700,2.789891,-0.015334
2.687700,2.744621,0.009994
2.687700,5.774216,0.129216
2.687700,4.271331,-0.107454
2.687700,2.704950,-0.004989
2.687700,2.852610,0.022259
2.687700,9.517657,0.091370
2.687700,3.359004,-0.064886
2.687700,2.689230,-0.000551
2.687700,3.205838,0.053866
2.687700,10.765465,-0.060735
2.687700,2.906859,-0.027801
2.687700,2.693946,0.003300
2.687700,3.830805,0.091080
2.687700,6.947053,-0.126397
2.687700,2.775271,-0.013719
2.687700,2.747428,0.010420
2.687700,5.895324,0.129502
2.687700,4.211344,-0.105597
2.687700,2.702733,-0.004847
2.687700,2.837128,0.020673
2.687700,9.075369,0.099680
2.687700,3.418715,-0.068827
2.687700,2.687464,-0.001184
2.687700,3.090476,0.044597
2.687700,11.574290,-0.025347
2.687700,2.973130,-0.034191
2.687700,2.687546,0.002057
2.687700,3.543686,0.076433
2.687700,8.270452,-0.112375
2.687700,2.811876,-0.017968
2.687700,2.708795,0.005740
2.687700,4.453116,0.112499
2.687700,5.456140,-0.127670
2.687700,2.735675,-0.009041
2.687700,2.782427,0.014591
2.687700,7.219002,0.124294
2.687700,3.759690,-0.087785
2.687700,2.691964,-0.003043
2.687700,2.910247,0.028149
2.687700,10.826585,0.058805
2.687700,3.198301,-0.053292
2.687700,2.688467,0.000516
2.687700,3.341574,0.063708
2.687700,9.652680,-0.088624
2.687700,2.857438,-0.022785
2.687700,2.701029,0.004497
2.687700,4.129198,0.102869
2.687700,6.077523,-0.129640
2.687700,2.752394,-0.010976
2.687700,2.775221,0.013676
2.687700,6.938944,0.126451
2.687700,3.833101,-0.091179
2.687700,2.694511,-0.003250
2.687700,2.922496,0.029324
2.687700,11.023466,0.052100
2.687700,3.173680,-0.051359
2.687700,2.690347,0.000916
2.687700,3.428549,0.069432
2.687700,9.007429,-0.100864
2.687700,2.835333,-0.020391
2.687700,2.715158,0.006299
2.687700,4.651709,0.117048
2.687700,5.176201,-0.125190
2.687700,2.729064,-0.008046
2.687700,2.814782,0.018122
2.687700,8.341909,0.111363
2.687700,3.531784,-0.075711
2.687700,2.691490,-0.001512
2.687700,3.110324,0.046227
2.687700,11.467130,-0.032308
2.687700,2.959661,-0.032883
2.687700,2.693665,0.002875
2.687700,3.764175,0.087986
2.687700,7.201474,-0.124439
2.687700,2.782419,-0.014487
2.687700,2.749295,0.010575
2.687700,5.954871,0.129582
2.687700,4.183573,-0.104694
2.687700,2.702619,-0.004676
2.687700,2.858241,0.022855
2.687700,9.672454,0.088212
2.687700,3.339089,-0.063533
2.687700,2.689014,-0.000434
2.687700,3.218504,0.054834
2.687700,10.661163,-0.063895
2.687700,2.901213,-0.027243
2.687700,2.694168,0.003369
2.687700,3.844547,0.091695
2.687700,6.897892,-0.126728
2.687700,2.773937,-0.013567
2.687700,2.748174,0.010514
2.687700,5.924343,0.129547
2.687700,4.197643,-0.105157
2.687700,2.702350,-0.004800
2.687700,2.837440,0.020709
2.687700,9.085131,0.099507
2.687700,3.417335,-0.068739
2.687700,2.687389,-0.001183
2.687700,3.089418,0.044508
2.687700,11.579467,-0.024961
2.687700,2.973897,-0.034264
2.687700,2.687438,0.002039
2.687700,3.539284,0.076179
2.687700,8.296071,-0.112018
2.687700,2.812625,-0.018053
2.687700,2.708117,0.005656
2.687700,4.428303,0.111863
2.687700,5.495633,-0.127931
2.687700,2.736711,-0.009168
2.687700,2.781083,0.014437
2.687700,7.169619,0.124709
2.687700,3.772005,-0.088371
2.687700,2.692185,-0.003102
2.687700,2.905784,0.027709
2.687700,10.747376,0.061296
2.687700,3.208002,-0.054039
2.687700,2.688357,0.000433
2.687700,3.328154,0.062785
2.687700,9.758663,-0.086393
2.687700,2.861404,-0.023201
2.687700,2.699689,0.004311
2.687700,4.078278,0.101074
2.687700,6.200835,-0.129555
2.687700,2.755587,-0.011370
2.687700,2.770262,0.013107
2.687700,6.755290,0.127597
2.687700,3.886209,-0.093509
2.687700,2.695410,-0.003509
2.687700,2.901938,0.027305
2.687700,10.673904,0.063516
2.687700,3.216992,-0.054714
2.687700,2.689612,0.000515
2.687700,3.360241,0.064966
2.687700,9.508330,-0.091555
2.687700,2.852326,-0.022219
2.687700,2.706364,0.005155
2.687700,4.321197,0.108924
2.687700,5.680091,-0.128883
2.687700,2.742232,-0.009685
2.687700,2.795243,0.015931
2.687700,7.663117,0.119940
2.687700,3.659042,-0.082734
2.687700,2.692618,-0.002270
2.687700,3.025019,0.038879
2.687700,11.745661,0.001057
2.687700,3.029855,-0.039309
2.687700,2.692557,0.002227
2.687700,3.651864,0.082358
2.687700,7.697671,-0.119557
2.687700,2.796215,-0.016040
2.687700,2.741648,0.009612
2.687700,5.657519,0.128788
2.687700,4.333617,-0.109279
2.687700,2.706697,-0.005199
2.687700,2.851683,0.022151
2.687700,9.490226,0.091915
2.687700,3.362605,-0.065125
2.687700,2.689650,-0.000528
2.687700,3.215878,0.054629
2.687700,10.683121,-0.063242
2.687700,2.902429,-0.027353
2.687700,2.695426,0.003507
2.687700,3.886232,0.093510
2.687700,6.755218,-0.127598
2.687700,2.770266,-0.013106
2.687700,2.755747,0.011388
2.687700,6.206697,0.129547
2.687700,4.075946,-0.100990
2.687700,2.699646,-0.004300
2.687700,2.862163,0.023279
2.687700,9.778434,0.085969
2.687700,3.325674,-0.062613
2.687700,2.688401,-0.000410
2.687700,3.211879,0.054334
2.687700,10.715543,-0.062268
2.687700,2.904053,-0.027536
2.687700,2.692468,0.003148
2.687700,3.783507,0.088913
2.687700,7.124403,-0.125077
2.687700,2.779877,-0.014293
2.687700,2.738287,0.009356
2.687700,5.554724,0.128284
2.687700,4.392452,-0.110915
2.687700,2.707181,-0.005529
2.687700,2.815089,0.018322
2.687700,8.378327,0.110848
2.687700,3.525381,-0.075370
2.687700,2.687330,-0.001954
2.687700,2.983684,0.035171
2.687700,11.637659,0.020130
2.687700,3.076469,-0.043409
2.687700,2.687349,0.001273
2.687700,3.429354,0.069507
2.687700,9.000483,-0.100989
2.687700,2.834643,-0.020413
2.687700,2.702900,0.004885
2.687700,4.219983,0.105872
2.687700,5.877266,-0.129470
2.687700,2.746925,-0.010366
2.687700,2.774947,0.013688
2.687700,6.935974,0.126473
2.687700,3.833869,-0.091218
2.687700,2.693921,-0.003324
2.687700,2.903283,0.027449
2.687700,10.700204,0.062731
2.687700,3.213774,-0.054474
2.687700,2.689021,0.000469
2.687700,3.344086,0.063875
2.687700,9.633257,-0.089025
2.687700,2.856790,-0.022703
2.687700,2.703038,0.004735
2.687700,4.199810,0.105222
2.687700,5.919896,-0.129538
2.687700,2.748385,-0.010464
2.687700,2.783695,0.014633
2.687700,7.248183,0.124037
2.687700,3.752670,-0.087435
2.687700,2.693502,-0.002815
2.687700,2.965218,0.033407
2.687700,11.513978,0.029462
2.687700,3.102153,-0.045546
2.687700,2.691579,0.001582
2.687700,3.543222,0.076374
2.687700,8.274802,-0.112308
2.687700,2.812796,-0.017901
2.687700,2.730355,0.008208
2.687700,5.225404,0.125709
2.687700,4.613664,-0.116245
2.687700,2.714139,-0.006170
2.687700,2.836851,0.020557
2.687700,9.054253,0.100048
2.687700,3.421874,-0.069007
2.687700,2.690243,-0.000881
2.687700,3.176820,0.051607
2.687700,10.998897,-0.052982
2.687700,2.920886,-0.029168
2.687700,2.694471,0.003258
2.687700,3.833490,0.091197
2.687700,6.937527,-0.126461
2.687700,2.775168,-0.013673
2.687700,2.751996,0.010932
2.687700,6.062983,0.129641
2.687700,4.135435,-0.103083
2.687700,2.701149,-0.004525
2.687700,2.855568,0.022592
2.687700,9.602303,0.089661
2.687700,3.348014,-0.064148
2.687700,2.688358,-0.000575
2.687700,3.188422,0.052528
2.687700,10.906200,-0.056191
2.687700,2.914937,-0.028613
2.687700,2.691311,0.002931
2.687700,3.732469,0.086468
2.687700,7.331658,-0.123293
2.687700,2.785457,-0.014949
2.687700,2.731941,0.008594
2.687700,5.316291,0.126576
2.687700,4.546942,-0.114767
2.687700,2.711283,-0.006065
2.687700,2.806958,0.017424
2.687700,8.103022,0.114639
2.687700,3.573252,-0.078115
2.687700,2.687897,-0.002223
2.687700,2.956246,0.032606
2.687700,11.438370,0.033945
2.687700,3.114925,-0.046639
2.687700,2.687544,0.001014
2.687700,3.396209,0.067369
2.687700,9.237593,-0.096750
2.687700,2.842589,-0.021250
2.687700,2.701625,0.004677
2.687700,4.166581,0.104137
2.687700,5.992116,-0.129617
2.687700,2.749987,-0.010725
2.687700,2.772924,0.013442
2.687700,6.858910,0.126980
2.687700,3.855670,-0.092186
2.687700,2.694482,-0.003408
2.687700,2.900840,0.027203
2.687700,10.653827,0.064111
2.687700,3.219398,-0.054900
2.687700,2.689132,0.000441
2.687700,3.342053,0.063735
2.687700,9.649231,-0.088695
2.687700,2.857394,-0.022764
2.687700,2.703239,0.004754
2.687700,4.206173,0.105426
2.687700,5.906401,-0.129517
2.687700,2.748053,-0.010418
2.687700,2.784762,0.014751
2.687700,7.286630,0.123697
2.687700,3.743364,-0.086984
2.687700,2.693426,-0.002760
2.687700,2.971495,0.033994
2.687700,11.561144,0.026291
2.687700,3.093281,-0.044800
2.687700,2.691739,0.001665
2.687700,3.557810,0.077210
2.687700,8.191072,-0.113458
2.687700,2.810346,-0.017626
2.687700,2.732219,0.008438
2.687700,5.296115,0.126389
2.687700,4.561508,-0.115092
2.687700,2.712759,-0.005991
2.687700,2.839557,0.020849
2.687700,9.136371,0.098589
2.687700,3.410331,-0.068266
2.687700,2.690154,-0.000809
2.687700,3.185248,0.052267
2.687700,10.932250,-0.055306
2.687700,2.916676,-0.028756
2.687700,2.694740,0.003320
2.687700,3.847227,0.091809
2.687700,6.888603,-0.126788
2.687700,2.773858,-0.013520
2.687700,2.753254,0.011083
2.687700,6.110768,0.129631
2.687700,4.115119,-0.102381
2.687700,2.700657,-0.004446
2.687700,2.858446,0.022891
2.687700,9.679901,0.088058
2.687700,3.338109,-0.063471
2.687700,2.688431,-0.000495
2.687700,3.200571,0.053468
2.687700,10.808119,-0.059395
2.687700,2.909187,-0.028045
2.687700,2.691994,0.003054
2.687700,3.761846,0.087888
2.687700,7.210279,-0.124368
2.687700,2.782187,-0.014564
2.687700,2.735788,0.009056
2.687700,5.460565,0.127701
2.687700,4.450300,-0.112427
2.687700,2.708714,-0.005731
2.687700,2.811823,0.017963
2.687700,8.268779,0.112399
2.687700,3.543972,-0.076449
2.687700,2.687530,-0.002061
2.687700,2.972335,0.034117
2.687700,11.568872,0.025744
2.687700,3.091566,-0.044689
2.687700,2.687447,0.001174
2.687700,3.417019,0.068718
2.687700,9.087399,-0.099467
2.687700,2.837524,-0.020716
2.687700,2.702560,0.004824
2.687700,4.204863,0.105389
2.687700,5.908990,-0.129524
2.687700,2.747784,-0.010464
2.687700,2.774766,0.013661
2.687700,6.928354,0.126525
2.687700,3.835998,-0.091313
2.687700,2.694037,-0.003325
2.687700,2.904944,0.027612
2.687700,10.730721,0.061805
2.687700,3.210072,-0.054191
2.687700,2.689166,0.000513
2.687700,3.352609,0.064454
2.687700,9.566979,-0.090379
2.687700,2.854383,-0.022447
2.687700,2.704209,0.004890
2.687700,4.243406,0.106600
2.687700,5.829534,-0.129365
2.687700,2.746054,-0.010172
2.687700,2.787640,0.015079
2.687700,7.391284,0.122730
2.687700,3.718716,-0.085774
2.687700,2.693106,-0.002627
2.687700,2.984408,0.035193
2.687700,11.640002,0.019899
2.687700,3.076078,-0.043340
2.687700,2.691902,0.001811
2.687700,3.581233,0.078531
2.687700,8.060794,-0.115182
2.687700,2.806553,-0.017203
2.687700,2.734583,0.008735
2.687700,5.386796,0.127156
2.687700,4.498613,-0.113617
2.687700,2.711069,-0.005776
2.687700,2.842153,0.021132
2.687700,9.214508,0.097171
2.687700,3.399517,-0.067566
2.687700,2.689964,-0.000754
2.687700,3.189737,0.052618
2.687700,10.896301,-0.056520
2.687700,2.914473,-0.028542
2.687700,2.694603,0.003321
2.687700,3.844940,0.091709
2.687700,6.896643,-0.126735
2.687700,2.774044,-0.013549
2.687700,2.752186,0.010962
2.687700,6.071361,0.129641
2.687700,4.131825,-0.102960
2.687700,2.700997,-0.004518
2.687700,2.854086,0.022441
2.687700,9.562232,0.090476
2.687700,3.353165,-0.064499
2.687700,2.688199,-0.000630
2.687700,3.178236,0.051734
2.687700,10.986997,-0.053408
2.687700,2.919956,-0.029108
2.687700,2.690598,0.002810
2.687700,3.702933,0.085004
2.687700,7.459716,-0.122070
2.687700,2.788924,-0.015358
2.687700,2.727764,0.008093
2.687700,5.160237,0.125021
2.687700,4.664162,-0.117312
2.687700,2.714421,-0.006463
2.687700,2.802203,0.016892
2.687700,7.937861,0.116742
2.687700,3.603939,-0.079816
2.687700,2.688388,-0.002381
2.687700,2.942848,0.031331
2.687700,11.298144,0.040981
2.687700,3.136389,-0.048398
2.687700,2.687630,0.000868
2.687700,3.377087,0.066109
2.687700,9.379486,-0.094077
2.687700,2.847498,-0.021765
2.687700,2.700686,0.004531
2.687700,4.128394,0.102844
2.687700,6.079313,-0.129641
2.687700,2.752287,-0.010999
2.687700,2.770651,0.013175
2.687700,6.773613,0.127494
2.687700,3.880681,-0.093274
2.687700,2.695010,-0.003517
2.687700,2.894475,0.026569
2.687700,10.528619,0.067695
2.687700,3.234475,-0.056037
2.687700,2.688977,0.000314
2.687700,3.321735,0.062335
2.687700,9.810170,-0.085282
2.687700,2.863450,-0.023399
2.687700,2.701136,0.004464
2.687700,4.126175,0.102763
2.687700,6.084665,-0.129639
2.687700,2.752668,-0.010990
2.687700,2.777527,0.013927
2.687700,7.021758,0.125862
2.687700,3.810542,-0.090154
2.687700,2.694351,-0.003114
2.687700,2.938284,0.030848
2.687700,11.240475,0.043544
2.687700,3.144751,-0.049048
2.687700,2.691034,0.001207
2.687700,3.480988,0.072689
2.687700,8.655683,-0.106668
2.687700,2.824259,-0.019172
2.687700,2.722753,0.007254
2.687700,4.936760,0.122103
2.687700,4.860678,-0.120910
2.687700,2.720734,-0.007001
2.687700,2.827211,0.019498
2.687700,8.751113,0.105151
2.687700,3.466332,-0.071793
2.687700,2.690869,-0.001122
2.687700,3.153670,0.049766
2.687700,11.175625,-0.046265
2.687700,2.933226,-0.030362
2.687700,2.694480,0.003167
2.687700,3.820404,0.090604
2.687700,6.985213,-0.126127
2.687700,2.776529,-0.013814
2.687700,2.753117,0.011047
2.687700,6.102402,0.129634
2.687700,4.118658,-0.102503
2.687700,2.700919,-0.004439
2.687700,2.863434,0.023399
2.687700,9.809959,0.085287
2.687700,3.321757,-0.062337
2.687700,2.688906,-0.000323
2.687700,3.232149,0.055863
2.687700,10.547943,-0.067155
2.687700,2.895424,-0.026665
2.687700,2.694705,0.003475
2.687700,3.869208,0.092778
2.687700,6.812309,-0.127267
2.687700,2.771661,-0.013298
2.687700,2.750646,0.010808
2.687700,6.017862,0.129632
2.687700,4.155097,-0.103753
2.687700,2.701300,-0.004638
2.687700,2.842737,0.021267
2.687700,9.242267,0.096663
2.687700,3.395566,-0.067328
2.687700,2.687468,-0.001019
2.687700,3.113136,0.046491
2.687700,11.449244,-0.033338
2.687700,2.957414,-0.032717
2.687700,2.687761,0.002199
2.687700,3.567478,0.077790
2.687700,8.135040,-0.114216
2.687700,2.807879,-0.017529
2.687700,2.710435,0.005960
2.687700,4.515795,0.114038
2.687700,5.361122,-0.126957
2.687700,2.733126,-0.008739
2.687700,2.784073,0.014790
2.687700,7.280925,0.123753
2.687700,3.744573,-0.087058
2.687700,2.691540,-0.002988
2.687700,2.910902,0.028216
2.687700,10.838177,0.058432
2.687700,3.196863,-0.053183
2.687700,2.688293,0.000506
2.687700,3.337329,0.063418
2.687700,9.685981,-0.087931
2.687700,2.858656,-0.022917
2.687700,2.700153,0.004386
2.687700,4.097417,0.101759
2.687700,6.153468,-0.129604
2.687700,2.754343,-0.011221
2.687700,2.771639,0.013268
2.687700,6.806848,0.127299
2.687700,3.870850,-0.092847
2.687700,2.695105,-0.003439
2.687700,2.906449,0.027752
2.687700,10.757231,0.060989
2.687700,3.206869,-0.053941
2.687700,2.689746,0.000604
2.687700,3.374903,0.065947
2.687700,9.396873,-0.093739
2.687700,2.848396,-0.021801
2.687700,2.708102,0.005386
2.687700,4.386742,0.110753
2.687700,5.564650,-0.128333
2.687700,2.739230,-0.009312
2.687700,2.799810,0.016446
2.687700,7.825054,0.118096
2.687700,3.626121,-0.080990
2.687700,2.692313,-0.002076
2.687700,3.046459,0.040775
2.687700,11.728343,-0.008110
2.687700,3.009323,-0.037469
2.687700,2.692783,0.002405
2.687700,3.681249,0.083884
2.687700,7.558795,-0.121057
2.687700,2.792311,-0.015603
2.687700,2.743729,0.009876
2.687700,5.738528,0.129102
2.687700,4.289884,-0.108009
2.687700,2.705500,-0.005048
2.687700,2.853243,0.022320
2.687700,9.534461,0.091033
2.687700,3.356834,-0.064738
2.687700,2.689445,-0.000511
2.687700,3.214918,0.054558
2.687700,10.690956,-0.063008
2.687700,2.902827,-0.027396
2.687700,2.694917,0.003444
2.687700,3.868365,0.092740
2.687700,6.815258,-0.127249
2.687700,2.771817,-0.013299
2.687700,2.752790,0.011046
2.687700,6.096310,0.129637
2.687700,4.121186,-0.102593
2.687700,2.700627,-0.004490
2.687700,2.852097,0.022240
2.687700,9.508077,0.091563
2.687700,3.360176,-0.064975
2.687700,2.687944,-0.000711
2.687700,3.163072,0.050539
2.687700,11.104189,-0.049094
2.687700,2.927804,-0.029876
2.687700,2.689604,0.002635
2.687700,3.660924,0.082857
2.687700,7.652981,-0.120057
2.687700,2.794220,-0.015976
2.687700,2.721825,0.007374
2.687700,4.939143,0.122146
2.687700,4.858135,-0.120876
2.687700,2.719644,-0.007108
2.687700,2.796325,0.016220
2.687700,7.728935,0.119213
2.687700,3.645188,-0.082032
2.687700,2.689243,-0.002568
2.687700,2.931133,0.030201
2.687700,11.150556,0.047280
2.687700,3.156907,-0.050048
2.687700,2.687843,0.000744
2.687700,3.363153,0.065176
2.687700,9.485221,-0.092016
2.687700,2.851265,-0.022155
2.687700,2.700488,0.004480
2.687700,4.117300,0.102459
2.687700,6.105512,-0.129634
2.687700,2.753012,-0.011078
2.687700,2.770960,0.013203
2.687700,6.783908,0.127434
2.687700,3.877620,-0.093142
2.687700,2.695047,-0.003492
2.687700,2.898431,0.026961
2.687700,10.607024,0.065474
2.687700,3.225053,-0.055327
2.687700,2.689236,0.000413
2.687700,3.339753,0.063577
2.687700,9.667332,-0.088319
2.687700,2.858079,-0.022833
2.687700,2.703392,0.004767
2.687700,4.210733,0.105572
2.687700,5.896797,-0.129501
2.687700,2.747822,-0.010386
2.687700,2.785653,0.014850
2.687700,7.318617,0.123408
2.687700,3.735729,-0.086612
2.687700,2.693373,-0.002713
2.687700,2.976959,0.034502
2.687700,11.597424,0.023565
2.687700,3.085841,-0.044171
2.687700,2.691878,0.001736
2.687700,3.570236,0.077914
2.687700,8.121344,-0.114390
2.687700,2.808321,-0.017398
2.687700,2.733794,0.008632
2.687700,5.355896,0.126908
2.687700,4.519570,-0.114119
2.687700,2.711654,-0.005845
2.687700,2.841946,0.021106
2.687700,9.207817,0.097294
2.687700,3.400444,-0.067625
2.687700,2.690096,-0.000745
2.687700,3.193086,0.052877
2.687700,10.869422,-0.057411
2.687700,2.912883,-0.028383
2.687700,2.695053,0.003385
2.687700,3.862054,0.092462
2.687700,6.836967,-0.127115
2.687700,2.772485,-0.013358
2.687700,2.754770,0.011262
2.687700,6.168098,0.129591
2.687700,4.091464,-0.101546
2.687700,2.700104,-0.004351
2.687700,2.862465,0.023306
2.687700,9.785790,0.085810
2.687700,3.324762,-0.062549
2.687700,2.688569,-0.000384
2.687700,3.218247,0.054817
2.687700,10.663104,-0.063838
2.687700,2.901275,-0.027256
2.687700,2.693163,0.003250
2.687700,3.810177,0.090147
2.687700,7.022718,-0.125858
2.687700,2.777186,-0.013969
2.687700,2.742208,0.009819
2.687700,5.701590,0.128973
2.687700,4.309393,-0.108590
2.687700,2.705058,-0.005228
2.687700,2.822429,0.019115
2.687700,8.618308,0.107258
2.687700,3.486561,-0.073058
2.687700,2.687181,-0.001698
2.687700,3.016001,0.038114
2.687700,11.739503,0.004963
2.687700,3.038717,-0.040135
2.687700,2.687212,0.001534
2.687700,3.463918,0.071673
2.687700,8.765474,-0.104925
2.687700,2.827054,-0.019608
2.687700,2.704169,0.005090
2.687700,4.272978,0.107511
2.687700,5.770786,-0.129209
2.687700,2.744068,-0.010034
2.687700,2.776337,0.013862
2.687700,6.989772,0.126097
2.687700,3.819072,-0.090551
2.687700,2.693458,-0.003277
2.687700,2.902351,0.027360
2.687700,10.683156,0.063242
2.687700,3.215828,-0.054632
2.687700,2.688760,0.000424
2.687700,3.333454,0.063148
2.687700,9.716793,-0.087282
2.687700,2.859869,-0.023031
2.687700,2.701361,0.004517
2.687700,4.137989,0.103169
2.687700,6.057111,-0.129640
2.687700,2.751914,-0.010906
2.687700,2.777446,0.013924
2.687700,7.019788,0.125877
2.687700,3.811062,-0.090179
2.687700,2.694270,-0.003127
2.687700,2.935244,0.030557
2.687700,11.202119,0.045173
2.687700,3.150056,-0.049476
2.687700,2.690845,0.001146
2.687700,3.469270,0.071974
2.687700,8.731779,-0.105462
2.687700,2.826600,-0.019433
2.687700,2.720882,0.007022
2.687700,4.866719,0.121009
2.687700,4.930522,-0.122009
2.687700,2.722575,-0.007235
2.687700,2.824135,0.019160
2.687700,8.651950,0.106727
2.687700,3.481565,-0.072725
2.687700,2.690986,-0.001217
2.687700,3.142629,0.048877
2.687700,11.255558,-0.042887
2.687700,2.939506,-0.030967
2.687700,2.694174,0.003085
2.687700,3.803183,0.089816
2.687700,7.049376,-0.125656
2.687700,2.778257,-0.014015
2.687700,2.751593,0.010864
2.687700,6.044334,0.129639
2.687700,4.143539,-0.103358
2.687700,2.701528,-0.004535
2.687700,2.860088,0.023052
2.687700,9.722365,0.087164
2.687700,3.332754,-0.063099
2.687700,2.688829,-0.000410
2.687700,3.218767,0.054855
2.687700,10.658911,-0.063962
2.687700,2.901078,-0.027232
2.687700,2.693770,0.003323
2.687700,3.831099,0.091094
2.687700,6.945930,-0.126405
2.687700,2.775183,-0.013722
2.687700,2.745799,0.010238
2.687700,5.835683,0.129383
2.687700,4.240257,-0.106509
2.687700,2.703362,-0.004966
2.687700,2.830996,0.020028
2.687700,8.888703,0.102894
2.687700,3.445562,-0.070531
2.687700,2.687242,-0.001400
2.687700,3.057399,0.041768
2.687700,11.703088,-0.012674
2.687700,2.999245,-0.036599
2.687700,2.687183,0.001822
2.687700,3.504148,0.074115
2.687700,8.507668,-0.108946
2.687700,2.819009,-0.018748
2.687700,2.705751,0.005334
2.687700,4.337643,0.109402
2.687700,5.649988,-0.128760
2.687700,2.740818,-0.009658
2.687700,2.777716,0.014037
2.687700,7.043556,0.125703
2.687700,3.804612,-0.089892
2.687700,2.692952,-0.003237
2.687700,2.899771,0.027109
2.687700,10.634585,0.064676
2.687700,3.221685,-0.055079
2.687700,2.688395,0.000338
2.687700,3.315578,0.061910
2.687700,9.859343,-0.084207
2.687700,2.865288,-0.023603
2.687700,2.698898,0.004190
2.687700,4.046558,0.099913
2.687700,6.282148,-0.129423
2.687700,2.757712,-0.011628
2.687700,2.767503,0.012787
2.687700,6.652274,0.128139
2.687700,3.918017,-0.094854
2.687700,2.696022,-0.003654
2.687700,2.892031,0.026318
2.687700,10.477901,0.069093
2.687700,3.240580,-0.056491
2.687700,2.689243,0.000301
2.687700,3.324294,0.062511
2.687700,9.789832,-0.085722
2.687700,2.862701,-0.023314
2.687700,2.702161,0.004589
2.687700,4.162655,0.104001
2.687700,6.001060,-0.129620
2.687700,2.750538,-0.010718
2.687700,2.781914,0.014422
2.687700,7.181859,0.124603
2.687700,3.769080,-0.088219
2.687700,2.693840,-0.002889
2.687700,2.960625,0.032973
2.687700,11.475529,0.031816
2.687700,3.108904,-0.046108
2.687700,2.691645,0.001540
2.687700,3.538413,0.076095
2.687700,8.302904,-0.111914
2.687700,2.813646,-0.017991
2.687700,2.730364,0.008203
2.687700,5.224723,0.125702
2.687700,4.614187,-0.116256
2.687700,2.714187,-0.006168
2.687700,2.837893,0.020665
2.687700,9.085352,0.099499
2.687700,3.417489,-0.068725
2.687700,2.690353,-0.000836
2.687700,3.184660,0.052219
2.687700,10.937012,-0.055143
2.687700,2.916986,-0.028784
2.687700,2.695101,0.003360
2.687700,3.859237,0.092338
2.687700,6.846723,-0.127055
2.687700,2.772781,-0.013385
2.687700,2.755516,0.011343
2.687700,6.195062,0.129561
2.687700,4.080605,-0.101156
2.687700,2.699925,-0.004299
2.687700,2.866633,0.023732
2.687700,9.892323,0.083476
2.687700,3.311514,-0.061622
2.687700,2.688835,-0.000257
2.687700,3.240018,0.056452
2.687700,10.482399,-0.068971
2.687700,2.892208,-0.026343
2.687700,2.695009,0.003534
2.687700,3.883111,0.093379
2.687700,6.765479,-0.127541
2.687700,2.770417,-0.013151
2.687700,2.751979,0.010966
2.687700,6.068311,0.129642
2.687700,4.133101,-0.103006
2.687700,2.700764,-0.004554
2.687700,2.845711,0.021580
2.687700,9.328561,0.095048
2.687700,3.383889,-0.066560
2.687700,2.687528,-0.000929
2.687700,3.126433,0.047586
2.687700,11.365243,-0.037776
2.687700,2.948904,-0.031910
2.687700,2.688041,0.002295
2.687700,3.585884,0.078821
2.687700,8.033975,-0.115534
2.687700,2.804949,-0.017202
2.687700,2.712258,0.006193
2.687700,4.583897,0.115603
2.687700,5.265003,-0.126106
2.687700,2.730560,-0.008431
2.687700,2.786305,0.015052
2.687700,7.363497,0.122998
2.687700,3.724987,-0.086101
2.687700,2.691087,-0.002906
2.687700,2.914835,0.028605
2.687700,10.904684,0.056242
2.687700,3.188606,-0.052543
2.687700,2.688242,0.000560
2.687700,3.344038,0.063878
2.687700,9.633280,-0.089026
2.687700,2.856692,-0.022713
2.687700,2.700476,0.004438
2.687700,4.110822,0.102231
2.687700,6.121023,-0.129626
2.687700,2.753488,-0.011119
2.687700,2.772530,0.013373
2.687700,6.840231,0.127096
2.687700,3.861095,-0.092421
2.687700,2.694909,-0.003396
2.687700,2.909241,0.028028
2.687700,10.806974,0.059429
2.687700,3.200781,-0.053473
2.687700,2.689818,0.000657
2.687700,3.383438,0.066512
2.687700,9.332953,-0.094962
2.687700,2.846182,-0.021564
2.687700,2.709106,0.005519
2.687700,4.424652,0.111759
2.687700,5.501826,-0.127965
2.687700,2.737591,-0.009109
2.687700,2.802212,0.016716
2.687700,7.909511,0.117083
2.687700,3.609647,-0.080099
2.687700,2.692161,-0.001979
2.687700,3.057268,0.041718
2.687700,11.703926,-0.012529
2.687700,2.999804,-0.036605
2.687700,2.692895,0.002488
2.687700,3.695157,0.084593
2.687700,7.495394,-0.121708
2.687700,2.790538,-0.015404
2.687700,2.744612,0.009988
2.687700,5.773068,0.129212
2.687700,4.271926,-0.107472
2.687700,2.705002,-0.004987
2.687700,2.853690,0.022370
2.687700,9.547230,0.090777
2.687700,3.355173,-0.064626
2.687700,2.689339,-0.000511
2.687700,3.213128,0.054422
2.687700,10.705660,-0.062566
2.687700,2.903604,-0.027475
2.687700,2.694582,0.003399
2.687700,3.856068,0.092203
2.687700,6.857557,-0.126988
2.687700,2.772918,-0.013435
2.687700,2.750893,0.010826
2.687700,6.025359,0.129635
2.687700,4.151801,-0.103641
2.687700,2.701320,-0.004614
2.687700,2.846282,0.021635
2.687700,9.344264,0.094750
2.687700,3.381794,-0.066420
2.687700,2.687718,-0.000891
2.687700,3.134615,0.048253
2.687700,11.310370,-0.040416
2.687700,2.943918,-0.031432
2.687700,2.688496,0.002385
2.687700,3.606448,0.079953
2.687700,7.924754,-0.116903
2.687700,2.801844,-0.016848
2.687700,2.715088,0.006543
2.687700,4.688366,0.117799
2.687700,5.130302,-0.124679
2.687700,2.726974,-0.007995
2.687700,2.790008,0.015481
2.687700,7.498916,0.121678
2.687700,3.694176,-0.084563
2.687700,2.690451,-0.002767
2.687700,2.923487,0.029452
2.687700,11.040894,0.051468
2.687700,3.171336,-0.051190
2.687700,2.688254,0.000687
2.687700,3.361966,0.065093
2.687700,9.494493,-0.091832
2.687700,2.851651,-0.022185
2.687700,2.701823,0.004633
2.687700,4.163290,0.104025
2.687700,5.999538,-0.129621
2.687700,2.750322,-0.010733
2.687700,2.776803,0.013865
2.687700,6.998626,0.126032
2.687700,3.816739,-0.090440
2.687700,2.694137,-0.003182
2.687700,2.925819,0.029649
2.687700,11.072969,0.050276
2.687700,3.167276,-0.050853
2.687700,2.690318,0.000959
2.687700,3.434122,0.069786
2.687700,8.968634,-0.101533
2.687700,2.834066,-0.020256
2.687700,2.715526,0.006351
2.687700,4.666318,0.117347
2.687700,5.157805,-0.124987
2.687700,2.728563,-0.007988
2.687700,2.814960,0.018145
2.687700,8.348373,0.111271
2.687700,3.530689,-0.075648
2.687700,2.691409,-0.001513
2.687700,3.108791,0.046100
2.687700,11.476134,-0.031781
2.687700,2.960679,-0.032981
2.687700,2.693491,0.002848
2.687700,3.757172,0.087652
2.687700,7.229777,-0.124197
2.687700,2.783170,-0.014577
2.687700,2.748143,0.010440
2.687700,5.911669,0.129526
2.687700,4.203672,-0.105347
2.687700,2.703084,-0.004756
2.687700,2.854785,0.022497
2.687700,9.579073,0.090134
2.687700,3.351032,-0.064349
2.687700,2.688869,-0.000537
2.687700,3.201990,0.053573
2.687700,10.796743,-0.059755
2.687700,2.908580,-0.027977
2.687700,2.692981,0.003175
2.687700,3.796055,0.089495
2.687700,7.076087,-0.125455
2.687700,2.778653,-0.014133
2.687700,2.741743,0.009755
2.687700,5.682714,0.128898
2.687700,4.319626,-0.108886
2.687700,2.705381,-0.005258
2.687700,2.823397,0.019214
2.687700,8.648738,0.106783
2.687700,3.481819,-0.072769
2.687700,2.687293,-0.001651
2.687700,3.024138,0.038841
2.687700,11.745618,0.001340
2.687700,3.030267,-0.039387
2.687700,2.687300,0.001607
2.687700,3.475663,0.072394
2.687700,8.688519,-0.106157
2.687700,2.824643,-0.019347
2.687700,2.705133,0.005220
2.687700,4.309497,0.108593
2.687700,5.701416,-0.128972
2.687700,2.742246,-0.009813
2.687700,2.778438,0.014106
2.687700,7.067718,0.125520
2.687700,3.798253,-0.089597
2.687700,2.693058,-0.003181
2.687700,2.908983,0.028016
2.687700,10.803784,0.059532
2.687700,3.201128,-0.053507
2.687700,2.688926,0.000550
2.687700,3.353785,0.064535
2.687700,9.557770,-0.090565
2.687700,2.854018,-0.022415
2.687700,2.703493,0.004809
2.687700,4.218839,0.105831
2.687700,5.879819,-0.129472
2.687700,2.747322,-0.010338
2.687700,2.784586,0.014738
2.687700,7.281258,0.123746
2.687700,3.744647,-0.087048
2.687700,2.693338,-0.002779
2.687700,2.967512,0.033623
2.687700,11.531956,0.028295
2.687700,3.098856,-0.045270
2.687700,2.691542,0.001601
2.687700,3.545430,0.076502
2.687700,8.261974,-0.112486
2.687700,2.812407,-0.017860
2.687700,2.730311,0.008206
2.687700,5.224294,0.125697
2.687700,4.614503,-0.116263
2.687700,2.714143,-0.006175
2.687700,2.836257,0.020495
2.687700,9.036420,0.100360
2.687700,3.424402,-0.069169
2.687700,2.690189,-0.000905
2.687700,3.172604,0.051275
2.687700,11.031784,-0.051798
2.687700,2.923033,-0.029379
2.687700,2.694156,0.003205
2.687700,3.820409,0.090607
2.687700,6.985085,-0.126129
2.687700,2.776423,-0.013825
2.687700,2.750209,0.010723
2.687700,5.995881,0.129619
2.687700,4.164923,-0.104080
2.687700,2.701831,-0.004643
2.687700,2.850425,0.022058
2.687700,9.460457,0.092504
2.687700,3.366416,-0.065392
2.687700,2.688163,-0.000729
2.687700,3.164024,0.050612
2.687700,11.097035,-0.049368
2.687700,2.927319,-0.029826
2.687700,2.690035,0.002689
2.687700,3.675987,0.083635
2.687700,7.582149,-0.120817
2.687700,2.792289,-0.015747
2.687700,2.724489,0.007694
2.687700,5.037590,0.123529
2.687700,4.767243,-0.119301
2.687700,2.717213,-0.006805
2.687700,2.799431,0.016573
2.687700,7.839320,0.117934
2.687700,3.623043,-0.080852
2.687700,2.688840,-0.002461
2.687700,2.939181,0.030977
2.687700,11.254378,0.042944
2.687700,3.142649,-0.048903
2.687700,2.687820,0.000845
2.687700,3.376957,0.066098
2.687700,9.380545,-0.094056
2.687700,2.847561,-0.021766
2.687700,2.701361,0.004609
2.687700,4.151800,0.103641
2.687700,6.025372,-0.129635
2.687700,2.750914,-0.010824
2.687700,2.773510,0.013500
2.687700,6.878973,0.126851
2.687700,3.849940,-0.091932
2.687700,2.694518,-0.003365
2.687700,2.907233,0.027833
2.687700,10.771734,0.060539
2.687700,3.205086,-0.053806
2.687700,2.689518,0.000590
2.687700,3.369230,0.065570
2.687700,9.439671,-0.092909
2.687700,2.849870,-0.021963
2.687700,2.706806,0.005225
2.687700,4.339496,0.109447
2.687700,5.646937,-0.128742
2.687700,2.741344,-0.009581
2.687700,2.795792,0.015997
2.687700,7.683360,0.119717
2.687700,3.654820,-0.082514
2.687700,2.692501,-0.002254
2.687700,3.025275,0.038902
2.687700,11.745726,0.000943
2.687700,3.029586,-0.039286
2.687700,2.692447,0.002216
2.687700,3.648466,0.082180
2.687700,7.714143,-0.119373
2.687700,2.796660,-0.016094
2.687700,2.740830,0.009516
2.687700,5.627056,0.128651
2.687700,4.350670,-0.109761
2.687700,2.707107,-0.005264
2.687700,2.849344,0.021906
2.687700,9.424617,0.093202
2.687700,3.371218,-0.065703
2.687700,2.689556,-0.000600
2.687700,3.204334,0.053748
2.687700,10.777888,-0.060347
2.687700,2.907579,-0.027867
2.687700,2.694556,0.003367
2.687700,3.850843,0.091972
2.687700,6.875812,-0.126871
2.687700,2.773432,-0.013489
2.687700,2.751177,0.010854
2.687700,6.035122,0.129638
2.687700,4.147519,-0.103496
2.687700,2.701269,-0.004592
2.687700,2.848507,0.021865
2.687700,9.407342,0.093540
2.687700,3.373402,-0.065862
2.687700,2.687863,-0.000814
2.687700,3.147506,0.049295
2.687700,11.219613,-0.044442
2.687700,2.936390,-0.030708
2.687700,2.689030,0.002504
2.687700,3.632400,0.081353
2.687700,7.792183,-0.118488
2.687700,2.798106,-0.016421
2.687700,2.718376,0.006949
2.687700,4.810465,0.120071
2.687700,4.989721,-0.122878
2.687700,2.723201,-0.007538
2.687700,2.793399,0.015877
2.687700,7.622602,0.120386
2.687700,3.667341,-0.083189
2.687700,2.689823,-0.002654
2.687700,2.928709,0.029962
2.687700,11.116800,0.048607
2.687700,3.161414,-0.050406
2.687700,2.688092,0.000740
2.687700,3.366741,0.065415
2.687700,9.457952,-0.092553
2.687700,2.850326,-0.022050
2.687700,2.701606,0.004617
2.687700,4.157216,0.103823
2.687700,6.013153,-0.129629
2.687700,2.750647,-0.010779
2.687700,2.775448,0.013714
2.687700,6.949330,0.126380
2.687700,3.830209,-0.091050
2.687700,2.694293,-0.003256
2.687700,2.918309,0.028919
2.687700,10.958717,0.054395
2.687700,3.181908,-0.052007
2.687700,2.690016,0.000817
2.687700,3.409196,0.068194
2.687700,9.144462,-0.098444
2.687700,2.839807,-0.020880
2.687700,2.712119,0.005915
2.687700,4.538524,0.114564
2.687700,5.328533,-0.126677
2.687700,2.733048,-0.008547
2.687700,2.808500,0.017423
2.687700,8.128281,0.114299
2.687700,3.568980,-0.077844
2.687700,2.691760,-0.001741
2.687700,3.083267,0.043953
2.687700,11.609194,-0.022611
2.687700,2.978878,-0.034682
2.687700,2.693138,0.002671
2.687700,3.725707,0.086121
2.687700,7.361151,-0.123015
2.687700,2.786794,-0.014986
2.687700,2.746195,0.010195
2.687700,5.835764,0.129380
2.687700,4.240316,-0.106505
2.687700,2.704090,-0.004883
2.687700,2.853440,0.022351
2.687700,9.541358,0.090895
2.687700,3.355917,-0.064679
2.687700,2.689052,-0.000550
2.687700,3.203101,0.053657
2.687700,10.787756,-0.060038
2.687700,2.908089,-0.027926
2.687700,2.693423,0.003230
2.687700,3.811648,0.090212
2.687700,7.017310,-0.125897
2.687700,2.777113,-0.013944
2.687700,2.744384,0.010064
2.687700,5.781414,0.129241
2.687700,4.267535,-0.107346
2.687700,2.704093,-0.005063
2.687700,2.829487,0.019864
2.687700,8.841285,0.103683
2.687700,3.452569,-0.070968
2.687700,2.687325,-0.001440
2.687700,3.053283,0.041410
2.687700,11.713643,-0.011008
2.687700,3.002809,-0.036922
2.687700,2.687281,0.001807
2.687700,3.503695,0.074087
2.687700,8.510520,-0.108903
2.687700,2.819114,-0.018756
2.687700,2.706217,0.005387
2.687700,4.353897,0.109859
2.687700,5.621101,-0.128627
2.687700,2.740077,-0.009563
2.687700,2.779159,0.014201
2.687700,7.096359,0.125298
2.687700,3.790757,-0.089250
2.687700,2.692741,-0.003166
2.687700,2.905930,0.027719
2.687700,10.749622,0.061226
2.687700,3.207741,-0.054017
2.687700,2.688621,0.000466
2.687700,3.337094,0.063400
2.687700,9.687985,-0.087888
2.687700,2.858772,-0.022920
2.687700,2.701194,0.004506
2.687700,4.133441,0.103014
2.687700,6.067643,-0.129641
2.687700,2.752164,-0.010942
2.687700,2.776365,0.013803
2.687700,6.980521,0.126161
2.687700,3.821671,-0.090662
2.687700,2.694384,-0.003187
2.687700,2.929052,0.029960
2.687700,11.118900,0.048522
2.687700,3.161256,-0.050373
2.687700,2.690612,0.001037
2.687700,3.450023,0.070783
2.687700,8.859902,-0.103369
2.687700,2.830614,-0.019875
2.687700,2.718172,0.006681
2.687700,4.764820,0.119249
2.687700,5.040588,-0.123561
2.687700,2.725488,-0.007600
2.687700,2.819920,0.018693
2.687700,8.513587,0.108850
2.687700,3.503469,-0.074043
2.687700,2.691216,-0.001344
2.687700,3.128836,0.047754
2.687700,11.350459,-0.038499
2.687700,2.947775,-0.031757
2.687700,2.693963,0.002998
2.687700,3.787089,0.089069
2.687700,7.110977,-0.125180
2.687700,2.779941,-0.014206
2.687700,2.750720,0.010754
2.687700,6.010226,0.129626
2.687700,4.158555,-0.103865
2.687700,2.701944,-0.004587
2.687700,2.859601,0.022999
2.687700,9.709139,0.087443
2.687700,3.334431,-0.063214
2.687700,2.688919,-0.000412
2.687700,3.220013,0.054949
2.687700,10.648646,-0.064264
2.687700,2.900550,-0.027178
2.687700,2.694039,0.003358
2.687700,3.840850,0.091531
2.687700,6.910989,-0.126642
2.687700,2.774270,-0.013610
2.687700,2.747337,0.010417
2.687700,5.893213,0.129498
2.687700,4.212341,-0.105629
2.687700,2.702690,-0.004859
2.687700,2.834909,0.020442
2.687700,9.008764,0.100846
2.687700,3.428166,-0.069432
2.687700,2.687314,-0.001269
2.687700,3.076516,0.043413
2.687700,11.637462,-0.020149
2.687700,2.983644,-0.035168
2.687700,2.687287,0.001949
2.687700,3.523964,0.075287
2.687700,8.386804,-0.110726
2.687700,2.815337,-0.018350
2.687700,2.706915,0.005497
2.687700,4.382809,0.110655
2.687700,5.571038,-0.128373
2.687700,2.738712,-0.009408
2.687700,2.779265,0.014223
2.687700,7.101895,0.125255
2.687700,3.789308,-0.089184
2.687700,2.692568,-0.003176
2.687700,2.901846,0.027317
2.687700,10.674347,0.063505
2.687700,3.216874,-0.054715
2.687700,2.688333,0.000366
2.687700,3.318422,0.062109
2.687700,9.836444,-0.084710
2.687700,2.864390,-0.023512
2.687700,2.698915,0.004198
2.687700,4.048147,0.099972
2.687700,6.277980,-0.129432
2.687700,2.757593,-0.011616
2.687700,2.767363,0.012772
2.687700,6.647315,0.128163
2.687700,3.919585,-0.094919
2.687700,2.696032,-0.003664
2.687700,2.890904,0.026205
2.687700,10.454540,0.069727
2.687700,3.243379,-0.056700
2.687700,2.689172,0.000273
2.687700,3.319168,0.062155
2.687700,9.830835,-0.084832
2.687700,2.864272,-0.023479
2.687700,2.701536,0.004505
2.687700,4.139146,0.103208
2.687700,6.054481,-0.129640
2.687700,2.751915,-0.010890
2.687700,2.779600,0.014159
2.687700,7.097215,0.125288
2.687700,3.790659,-0.089235
2.687700,2.694126,-0.003004
2.687700,2.949593,0.031928
2.687700,11.369700,0.037547
2.687700,3.125928,-0.047515
2.687700,2.691394,0.001386
2.687700,3.512403,0.074573
2.687700,8.458590,-0.109670
2.687700,2.818280,-0.018508
2.687700,2.727086,0.007795
2.687700,5.100339,0.124316
2.687700,4.713417,-0.118282
2.687700,2.716826,-0.006505
2.687700,2.833453,0.020182
2.687700,8.948504,0.101877
2.687700,3.437049,-0.069969
2.687700,2.690567,-0.000950
2.687700,3.172453,0.051260
2.687700,11.033093,-0.051750
2.687700,2.923150,-0.029385
2.687700,2.694863,0.003287
2.687700,3.844405,0.091683
2.687700,6.898626,-0.126722
2.687700,2.774185,-0.013545
2.687700,2.754667,0.011238
2.687700,6.162151,0.129596
2.687700,4.093896,-0.101632
2.687700,2.700277,-0.004348
2.687700,2.865665,0.023631
2.687700,9.867547,0.084026
2.687700,3.314586,-0.061837
2.687700,2.688875,-0.000275
2.687700,3.238268,0.056321
2.687700,10.497000,-0.068571
2.687700,2.892919,-0.026414
2.687700,2.694999,0.003528
2.687700,3.881979,0.093330
2.687700,6.769261,-0.127519
2.687700,2.770522,-0.013163
2.687700,2.752014,0.010969
2.687700,6.069469,0.129642
2.687700,4.132605,-0.102989
2.687700,2.700761,-0.004551
2.687700,2.846077,0.021618
2.687700,9.339004,0.094850
2.687700,3.382489,-0.066467
2.687700,2.687552,-0.000916
2.687700,3.128588,0.047762
2.687700,11.351002,-0.038479
2.687700,2.947571,-0.031783
2.687700,2.688117,0.002314
2.687700,3.589812,0.079039
2.687700,8.012818,-0.115804
2.687700,2.804343,-0.017134
2.687700,2.712728,0.006252
2.687700,4.601347,0.115987
2.687700,5.241479,-0.125877
2.687700,2.729934,-0.008355
2.687700,2.786911,0.015123
2.687700,7.385776,0.122787
2.687700,3.719809,-0.085846
2.687700,2.690975,-0.002883
2.687700,2.916131,0.028732
2.687700,10.925956,0.055523
2.687700,3.185944,-0.052336
2.687700,2.688240,0.000579
2.687700,3.346671,0.064058
2.687700,9.612712,-0.089449
2.687700,2.855935,-0.022634
2.687700,2.700661,0.004465
2.687700,4.118078,0.102484
2.687700,6.103709,-0.129634
2.687700,2.753037,-0.011064
2.687700,2.773128,0.013442
2.687700,6.862457,0.126956
2.687700,3.854682,-0.092140
2.687700,2.694793,-0.003365
2.687700,2.911497,0.028250
2.687700,10.846090,0.058173
2.687700,3.195965,-0.053101
2.687700,2.689891,0.000700
2.687700,3.390763,0.066994
2.687700,9.278676,-0.095983
2.687700,2.844325,-0.021365
2.687700,2.710021,0.005639
2.687700,4.459088,0.112641
2.687700,5.447077,-0.127602
2.687700,2.736162,-0.008931
2.687700,2.804329,0.016954
2.687700,7.983497,0.116167
2.687700,3.595582,-0.079327
2.687700,2.692037,-0.001895
2.687700,3.066729,0.042537
2.687700,11.674960,-0.016286
2.687700,2.991885,-0.035881
2.687700,2.693007,0.002560
2.687700,3.707391,0.085209
2.687700,7.440829,-0.122251
2.687700,2.789018,-0.015234
2.687700,2.745413,0.010090
2.687700,5.804318,0.129301
2.687700,4.256017,-0.106989
2.687700,2.704565,-0.004932
2.687700,2.854240,0.022430
2.687700,9.562704,0.090465
2.687700,3.353166,-0.064491
2.687700,2.689259,-0.000506
2.687700,3.212510,0.054376
2.687700,10.710714,-0.062413
2.687700,2.903869,-0.027503
2.687700,2.694372,0.003373
2.687700,3.848605,0.091874
2.687700,6.883622,-0.126821
2.687700,2.773595,-0.013518
2.687700,2.749672,0.010684
2.687700,5.979720,0.129608
2.687700,4.172173,-0.104323
2.687700,2.701788,-0.004696
2.687700,2.842647,0.021254
2.687700,9.239098,0.096722
2.687700,3.396006,-0.067355
2.687700,2.687590,-0.001008
2.687700,3.116617,0.046778
2.687700,11.427959,-0.034516
2.687700,2.955148,-0.032502
2.687700,2.687990,0.002243
2.687700,3.577536,0.078355
2.687700,8.079457,-0.114947
2.687700,2.806280,-0.017348
2.687700,2.711871,0.006138
2.687700,4.568611,0.115261
2.687700,5.285978,-0.126303
2.687700,2.731138,-0.008496
2.687700,2.786344,0.015052
2.687700,7.364151,0.122991
2.687700,3.724841,-0.086094
2.687700,2.691162,-0.002896
2.687700,2.917331,0.028848
2.687700,10.945192,0.054865
2.687700,3.183534,-0.052147
2.687700,2.688383,0.000613
2.687700,3.353820,0.064542
2.687700,9.557252,-0.090576
2.687700,2.853929,-0.022420
2.687700,2.701665,0.004597
2.687700,4.155217,0.103754
2.687700,6.017696,-0.129631
2.687700,2.750819,-0.010788
2.687700,2.776881,0.013870
2.687700,7.000822,0.126016
2.687700,3.816151,-0.090412
2.687700,2.694187,-0.003172
2.687700,2.927961,0.029856
2.687700,11.103674,0.049110
2.687700,3.163259,-0.050534
2.687700,2.690451,0.001004
2.687700,3.442634,0.070322
2.687700,8.910086,-0.102529
2.687700,2.832196,-0.020050
2.687700,2.716832,0.006515
2.687700,4.715072,0.118314
2.687700,5.098359,-0.124292
2.687700,2.727001,-0.007792
2.687700,2.817344,0.018409
2.687700,8.428261,0.110116
2.687700,3.517373,-0.074868
2.687700,2.691300,-0.001432
2.687700,3.118103,0.046872
2.687700,11.419742,-0.034954
2.687700,2.954543,-0.032401
2.687700,2.693670,0.002914
2.687700,3.769837,0.088256
2.687700,7.178776,-0.124629
2.687700,2.781777,-0.014418
2.687700,2.749099,0.010558
2.687700,5.948493,0.129575
2.687700,4.186501,-0.104790
2.687700,2.702636,-0.004693
2.687700,2.856170,0.022643
2.687700,9.616994,0.089360
2.687700,3.346158,-0.064018
2.687700,2.688849,-0.000504
2.687700,3.206164,0.053894
2.687700,10.762633,-0.060823
2.687700,2.906669,-0.027788
2.687700,2.693149,0.003209
2.687700,3.803858,0.089856
2.687700,7.046473,-0.125681
2.687700,2.777860,-0.014040
2.687700,2.742604,0.009858
2.687700,5.715224,0.129023
2.687700,4.302095,-0.108376
2.687700,2.704928,-0.005195
2.687700,2.824826,0.019368
2.687700,8.694520,0.106062
2.687700,3.474737,-0.072338
2.687700,2.687265,-0.001604
2.687700,3.030029,0.039366
2.687700,11.745690,-0.001237
2.687700,3.024369,-0.038862
2.687700,2.687258,0.001645
2.687700,3.480404,0.072683
2.687700,8.657830,-0.106641
2.687700,2.823675,-0.019245
2.687700,2.705154,0.005229
2.687700,4.311329,0.108646
2.687700,5.698010,-0.128959
2.687700,2.742140,-0.009804
2.687700,2.778061,0.014065
2.687700,7.054294,0.125622
2.687700,3.801785,-0.089760
2.687700,2.693077,-0.003203
2.687700,2.906324,0.027755
2.687700,10.756489,0.061014
2.687700,3.206912,-0.053952
2.687700,2.688798,0.000493
2.687700,3.343716,0.063852
2.687700,9.636053,-0.088968
2.687700,2.856865,-0.022717
2.687700,2.702276,0.004646
2.687700,4.173194,0.104353
2.687700,5.977598,-0.129604
2.687700,2.749849,-0.010652
2.687700,2.780480,0.014271
2.687700,7.131370,0.125017
2.687700,3.781846,-0.088824
2.687700,2.693827,-0.002978
2.687700,2.948373,0.031815
2.687700,11.356932,0.038182
2.687700,3.127858,-0.047675
2.687700,2.691156,0.001344
2.687700,3.502486,0.073985
2.687700,8.519669,-0.108759
2.687700,2.820094,-0.018715
2.687700,2.725115,0.007556
2.687700,5.026904,0.123380
2.687700,4.776962,-0.119470
2.687700,2.718482,-0.006723
2.687700,2.829742,0.019781
2.687700,8.832581,0.103822
2.687700,3.454075,-0.071036
2.687700,2.690602,-0.001067
2.687700,3.156987,0.050033
2.687700,11.150930,-0.047261
2.687700,2.931369,-0.030185
2.687700,2.694163,0.003144
2.687700,3.811623,0.090205
2.687700,7.017656,-0.125893
2.687700,2.777352,-0.013921
2.687700,2.750931,0.010797
2.687700,6.021189,0.129632
2.687700,4.153678,-0.103702
2.687700,2.701667,-0.004587
2.687700,2.855353,0.022566
2.687700,9.595954,0.089791
2.687700,3.348837,-0.064203
2.687700,2.688495,-0.000565
2.687700,3.192052,0.052809
2.687700,10.877114,-0.057159
2.687700,2.913203,-0.028440
2.687700,2.691743,0.002995
2.687700,3.748992,0.087271
2.687700,7.262695,-0.123914
2.687700,2.783610,-0.014729
2.687700,2.734502,0.008899
2.687700,5.411876,0.127353
2.687700,4.481775,-0.113214
2.687700,2.709563,-0.005839
2.687700,2.810580,0.017824
2.687700,8.226446,0.112983
2.687700,3.551317,-0.076871
2.687700,2.687656,-0.002098
2.687700,2.969397,0.033843
2.687700,11.547977,0.027222
2.687700,3.095659,-0.045033
2.687700,2.687517,0.001152
2.687700,3.415143,0.068597
2.687700,9.100785,-0.099229
2.687700,2.837980,-0.020762
2.687700,2.702726,0.004840
2.687700,4.210132,0.105558
2.687700,5.897879,-0.129506
2.687700,2.747508,-0.010427
2.687700,2.775565,0.013751
2.687700,6.957557,0.126324
2.687700,3.827909,-0.090949
2.687700,2.693926,-0.003283
2.687700,2.908903,0.028002
2.687700,10.801759,0.059595
2.687700,3.201397,-0.053524
2.687700,2.689333,0.000595
2.687700,3.366876,0.065414
2.687700,9.457485,-0.092560
2.687700,2.850476,-0.022032
2.687700,2.705956,0.005122
2.687700,4.309002,0.108571
2.687700,5.702564,-0.128972
2.687700,2.742766,-0.009763
2.687700,2.792877,0.015671
2.687700,7.579833,0.120836
2.687700,3.676696,-0.083651
2.687700,2.692653,-0.002389
2.687700,3.009474,0.037484
2.687700,11.728657,0.008038
2.687700,3.046280,-0.040760
2.687700,2.692198,0.002064
2.687700,3.622474,0.080794
2.687700,7.843522,-0.117878
2.687700,2.800316,-0.016506
2.687700,2.738366,0.009211
2.687700,5.532474,0.128151
2.687700,4.405944,-0.111267
2.687700,2.708572,-0.005458
2.687700,2.846097,0.021560
2.687700,9.331123,0.094997
2.687700,3.383674,-0.066529
2.687700,2.689666,-0.000676
2.687700,3.195647,0.053078
2.687700,10.848569,-0.058093
2.687700,2.911622,-0.028266
2.687700,2.694312,0.003308
2.687700,3.838131,0.091407
2.687700,6.920797,-0.126575
2.687700,2.774639,-0.013630
2.687700,2.750123,0.010727
2.687700,5.994934,0.129619
2.687700,4.165332,-0.104095
2.687700,2.701717,-0.004659
2.687700,2.846535,0.021658
2.687700,9.351023,0.094621
2.687700,3.380898,-0.066359
2.687700,2.687844,-0.000870
2.687700,3.139552,0.048652
2.687700,11.276216,-0.041976
2.687700,2.940995,-0.031150
2.687700,2.688809,0.002444
2.687700,3.620064,0.080691
2.687700,7.854492,-0.117754
2.687700,2.799865,-0.016621
2.687700,2.717025,0.006781
2.687700,4.759972,0.119168
2.687700,5.045842,-0.123637
2.687700,2.724717,-0.007720
2.687700,2.792281,0.015744
2.687700,7.581572,0.120823
2.687700,3.676114,-0.083641
2.687700,2.690068,-0.002686
2.687700,2.928244,0.029915
2.687700,11.110123,0.048865
2.687700,3.162302,-0.050475
2.687700,2.688211,0.000748
2.687700,3.369766,0.065616
2.687700,9.435018,-0.093002
2.687700,2.849530,-0.021963
2.687700,2.702244,0.004697
2.687700,4.180309,0.104589
2.687700,5.961910,-0.129590
2.687700,2.749331,-0.010614
2.687700,2.777833,0.013986
2.687700,7.036980,0.125750
2.687700,3.806447,-0.089969
2.687700,2.693940,-0.003134
2.687700,2.929137,0.029972
2.687700,11.120341,0.048466
2.687700,3.161054,-0.050359
2.687700,2.690372,0.001010
2.687700,3.442292,0.070301
2.687700,8.912389,-0.102490
2.687700,2.832257,-0.020060
2.687700,2.716467,0.006473
2.687700,4.701991,0.118060
2.687700,5.114021,-0.124481
2.687700,2.727400,-0.007845
2.687700,2.816349,0.018301
2.687700,8.395308,0.110596
2.687700,3.522827,-0.075189
2.687700,2.691297,-0.001471
2.687700,3.112758,0.046430
2.687700,11.452548,-0.033145
2.687700,2.958028,-0.032731
2.687700,2.693467,0.002864
2.687700,3.759219,0.087751
2.687700,7.221442,-0.124269
2.687700,2.782927,-0.014553
2.687700,2.747876,0.010412
2.687700,5.902192,0.129511
2.687700,4.208149,-0.105491
2.687700,2.703161,-0.004777
2.687700,2.853222,0.022336
2.687700,9.536349,0.090996
2.687700,3.356549,-0.064724
2.687700,2.688764,-0.000588
2.687700,3.193155,0.052892
2.687700,10.868333,-0.057448
2.687700,2.912706,-0.028387
2.687700,2.692340,0.003069
2.687700,3.769803,0.088265
2.687700,7.178445,-0.124635
2.687700,2.781380,-0.014458
2.687700,2.738135,0.009327
2.687700,5.547331,0.128242
2.687700,4.396868,-0.111033
2.687700,2.707367,-0.005537
2.687700,2.816955,0.018518
2.687700,8.439088,0.109964
2.687700,3.515326,-0.074777
2.687700,2.687430,-0.001871
2.687700,2.996421,0.036339
2.687700,11.693533,0.014011
2.687700,3.060751,-0.042057
2.687700,2.687453,0.001400
2.687700,3.449051,0.070748
2.687700,8.865102,-0.103288
2.687700,2.830271,-0.019944
2.687700,2.704454,0.005099
2.687700,4.279300,0.107700
2.687700,5.758584,-0.129171
2.687700,2.743815,-0.009988
2.687700,2.778686,0.014121
2.687700,7.074642,0.125466
2.687700,3.796454,-0.089512
2.687700,2.693224,-0.003149
2.687700,2.915870,0.028689
2.687700,10.920195,0.055717
2.687700,3.186721,-0.052388
2.687700,2.689353,0.000704
2.687700,3.382466,0.066451
2.687700,9.339989,-0.094829
2.687700,2.846361,-0.021597
2.687700,2.707328,0.005312
2.687700,4.361836,0.110072
2.687700,5.607430,-0.128556
2.687700,2.740273,-0.009458
2.687700,2.796048,0.016033
2.687700,7.693589,0.119603
2.687700,3.652690,-0.082403
2.687700,2.692348,-0.002257
2.687700,3.022435,0.038650
2.687700,11.744681,0.002193
2.687700,3.032464,-0.039543
2.687700,2.692229,0.002169
2.687700,3.638078,0.081631
2.687700,7.765129,-0.118794
2.687700,2.798069,-0.016259
2.687700,2.739101,0.009310
2.687700,5.562087,0.128320
2.687700,4.388241,-0.110794
2.687700,2.708044,-0.005403
2.687700,2.845306,0.021482
2.687700,9.309037,0.095414
2.687700,3.386632,-0.066726
2.687700,2.689453,-0.000722
2.687700,3.185873,0.052321
2.687700,10.926993,-0.055486
2.687700,2.916295,-0.028730
2.687700,2.693383,0.003164
2.687700,3.801392,0.089740
2.687700,7.055890,-0.125609
2.687700,2.778200,-0.014060
2.687700,2.744830,0.010106
2.687700,5.796390,0.129283
2.687700,4.259927,-0.107114
2.687700,2.703988,-0.005024
2.687700,2.832955,0.020228
2.687700,8.947991,0.101891
2.687700,3.436928,-0.069986
2.687700,2.687504,-0.001308
2.687700,3.074134,0.043208
2.687700,11.647065,-0.019236
2.687700,2.985529,-0.035340
2.687700,2.687520,0.001962
2.687700,3.529792,0.075626
2.687700,8.352089,-0.111224
2.687700,2.814330,-0.018233
2.687700,2.708293,0.005664
2.687700,4.432535,0.111972
2.687700,5.488834,-0.127887
2.687700,2.736573,-0.009142
2.687700,2.782496,0.014592
2.687700,7.220334,0.124282
2.687700,3.759371,-0.087769
2.687700,2.692073,-0.003028
2.687700,2.913955,0.028511
2.687700,10.889443,0.056750
2.687700,3.190528,-0.052689
2.687700,2.688691,0.000599
2.687700,3.356819,0.064743
2.687700,9.534231,-0.091039
2.687700,2.853136,-0.022329
2.687700,2.702934,0.004751
2.687700,4.200322,0.105239
2.687700,5.918773,-0.129536
2.687700,2.748295,-0.010467
2.687700,2.781958,0.014444
2.687700,7.186280,0.124567
2.687700,3.767950,-0.088167
2.687700,2.693562,-0.002914
2.687700,2.952903,0.032246
2.687700,11.403721,0.035805
2.687700,3.120641,-0.047082
2.687700,2.691167,0.001398
2.687700,3.510317,0.074451
2.687700,8.471279,-0.109482
2.687700,2.818623,-0.018554
2.687700,2.725787,0.007644
2.687700,5.052952,0.123722
2.687700,4.753962,-0.119050
2.687700,2.717851,-0.006648
2.687700,2.830115,0.019825
2.687700,8.844848,0.103619
2.687700,3.452245,-0.070923
2.687700,2.690493,-0.001067
2.687700,3.155280,0.049898
2.687700,11.163587,-0.046753
2.687700,2.932297,-0.030277
2.687700,2.693892,0.003105
2.687700,3.801390,0.089736
2.687700,7.056075,-0.125606
2.687700,2.778361,-0.014044
2.687700,2.749255,0.010601
2.687700,5.958448,0.129586
2.687700,4.181897,-0.104641
2.687700,2.702312,-0.004700
2.687700,2.850237,0.022035
2.687700,9.454709,0.092616
2.687700,3.367178,-0.065443
2.687700,2.688285,-0.000720
2.687700,3.167208,0.050864
2.687700,11.072744,-0.050287
2.687700,2.925645,-0.029662
2.687700,2.690365,0.002741
2.687700,3.688945,0.084297
2.687700,7.522609,-0.121436
2.687700,2.790665,-0.015556
2.687700,2.726503,0.007936
2.687700,5.112429,0.124469
2.687700,4.703103,-0.118090
2.687700,2.715493,-0.006591
2.687700,2.801634,0.016822
2.687700,7.917083,0.116997
2.687700,3.607922,-0.080033
2.687700,2.688562,-0.002388
2.687700,2.944614,0.031498
2.687700,11.318215,0.040049
2.687700,3.133469,-0.048159
2.687700,2.687773,0.000906
2.687700,3.384763,0.066616
2.687700,9.322169,-0.095169
2.687700,2.845524,-0.021553
2.687700,2.701720,0.004666
2.687700,4.166571,0.104136
2.687700,5.992165,-0.129617
2.687700,2.750036,-0.010720
2.687700,2.774308,0.013594
2.687700,6.908943,0.126655
2.687700,3.841452,-0.091555
2.687700,2.694336,-0.003328
2.687700,2.909323,0.028040
2.687700,10.808808,0.059371
2.687700,3.200542,-0.053457
2.687700,2.689551,0.000627
2.687700,3.374896,0.065948
2.687700,9.396840,-0.093740
2.687700,2.848368,-0.021803
2.687700,2.707402,0.005305
2.687700,4.362149,0.110081
2.687700,5.606900,-0.128554
2.687700,2.740300,-0.009452
2.687700,2.797275,0.016165
2.687700,7.736136,0.119125
2.687700,3.643965,-0.081942
2.687700,2.692386,-0.002192
2.687700,3.031886,0.039491
2.687700,11.744956,-0.001940
2.687700,3.023012,-0.038700
2.687700,2.692495,0.002270
2.687700,3.657019,0.082629
2.687700,7.672775,-0.119834
2.687700,2.795488,-0.015964
2.687700,2.741355,0.009584
2.687700,5.647690,0.128745
2.687700,4.339073,-0.109435
2.687700,2.706779,-0.005225
2.687700,2.849423,0.021917
2.687700,9.427186,0.093152
2.687700,3.370874,-0.065680
2.687700,2.689471,-0.000608
2.687700,3.201944,0.053565
2.687700,10.797363,-0.059734
2.687700,2.908667,-0.027976
2.687700,2.694246,0.003322
2.687700,3.839099,0.091450
2.687700,6.917310,-0.126599
2.687700,2.774518,-0.013622
2.687700,2.749425,0.010650
2.687700,5.969496,0.129598
2.687700,4.176820,-0.104476
2.687700,2.701947,-0.004708
2.687700,2.843462,0.021338
2.687700,9.262561,0.096287
2.687700,3.392816,-0.067146
2.687700,2.687688,-0.000973
2.687700,3.122889,0.047294
2.687700,11.388351,-0.036608
2.687700,2.951141,-0.032121
2.687700,2.688235,0.002301
2.687700,3.590027,0.079050
2.687700,8.011711,-0.115818
2.687700,2.804336,-0.017128
2.687700,2.713433,0.006333
2.687700,4.626426,0.116526
2.687700,5.208417,-0.125541
2.687700,2.729074,-0.008246
2.687700,2.788415,0.015293
2.687700,7.440078,0.122263
2.687700,3.707377,-0.085226
2.687700,2.690797,-0.002818
2.687700,2.922080,0.029313
2.687700,11.019514,0.052246
2.687700,3.174093,-0.051407
2.687700,2.688383,0.000682
2.687700,3.363427,0.065190
2.687700,9.483366,-0.092052
2.687700,2.851270,-0.022141
2.687700,2.702380,0.004700
2.687700,4.183100,0.104680
2.687700,5.955838,-0.129584
2.687700,2.749205,-0.010591
2.687700,2.779002,0.014114
2.687700,7.079155,0.125429
2.687700,3.795331,-0.089455
2.687700,2.693841,-0.003069
2.687700,2.936310,0.030663
2.687700,11.216001,0.044591
2.687700,3.148136,-0.049323
2.687700,2.690648,0.001137
2.687700,3.464693,0.071694
2.687700,8.761835,-0.104978
2.687700,2.827512,-0.019538
2.687700,2.719598,0.006868
2.687700,4.819590,0.120220
2.687700,4.980106,-0.122735
2.687700,2.723860,-0.007403
2.687700,2.821363,0.018858
2.687700,8.561969,0.108118
2.687700,3.495712,-0.073580
2.687700,2.691010,-0.001314
2.687700,3.129711,0.047827
2.687700,11.344572,-0.038786
2.687700,2.947218,-0.031706
2.687700,2.693669,0.002968
2.687700,3.777701,0.088629
2.687700,7.147590,-0.124886
2.687700,2.780892,-0.014325
2.687700,2.748727,0.010523
2.687700,5.935925,0.129560
2.687700,4.192307,-0.104980
2.687700,2.702697,-0.004725
2.687700,2.852908,0.022307
2.687700,9.528204,0.091160
2.687700,3.357597,-0.064796
2.687700,2.688604,-0.000615
2.687700,3.186943,0.052411
2.687700,10.918125,-0.055788
2.687700,2.915682,-0.028682
2.687700,2.691741,0.002976
2.687700,3.746235,0.087137
2.687700,7.274099,-0.123813
2.687700,2.783935,-0.014763
2.687700,2.734627,0.008911
2.687700,5.416036,0.127384
2.687700,4.479047,-0.113147
2.687700,2.709511,-0.005827
2.687700,2.811344,0.017906
2.687700,8.251913,0.112632
2.687700,3.546894,-0.076617
2.687700,2.687665,-0.002066
2.687700,2.973869,0.034259
2.687700,11.579213,0.024980
2.687700,3.089477,-0.044512
2.687700,2.687557,0.001202
2.687700,3.422821,0.069089
2.687700,9.046388,-0.100190
2.687700,2.836184,-0.020570
2.687700,2.703358,0.004927
2.687700,4.234266,0.106321
2.687700,5.847896,-0.129410
2.687700,2.746202,-0.010268
2.687700,2.777237,0.013944
2.687700,7.019492,0.125881
2.687700,3.811082,-0.090185
2.687700,2.693623,-0.003203
2.687700,2.914909,0.028592
2.687700,10.904175,0.056257
2.687700,3.188731,-0.052543
2.687700,2.689504,0.000707
2.687700,3.385359,0.066641
2.687700,9.318512,-0.095236
2.687700,2.845639,-0.021516
2.687700,2.708120,0.005409
2.687700,4.390529,0.110856
2.687700,5.558226,-0.128298
2.687700,2.739010,-0.009297
2.687700,2.798502,0.016307
2.687700,7.780189,0.118620
2.687700,3.635049,-0.081469
2.687700,2.692229,-0.002148
2.687700,3.035346,0.039798
2.687700,11.742815,-0.003431
2.687700,3.019653,-0.038401
2.687700,2.692417,0.002286
2.687700,3.657971,0.082680
2.687700,7.668171,-0.119885
2.687700,2.795338,-0.015952
2.687700,2.740853,0.009529
2.687700,5.629512,0.128663
2.687700,4.349271,-0.109722
2.687700,2.707002,-0.005267
2.687700,2.847341,0.021700
2.687700,9.368229,0.094290
2.687700,3.378690,-0.066201
2.687700,2.689350,-0.000678
2.687700,3.190330,0.052669
2.687700,10.891297,-0.056688
2.687700,2.914121,-0.028517
2.687700,2.693394,0.003182
2.687700,3.804140,0.089867
2.687700,7.045493,-0.125688
2.687700,2.777908,-0.014029
2.687700,2.744726,0.010097
2.687700,5.792929,0.129273
2.687700,4.261678,-0.107167
2.687700,2.704009,-0.005034
2.687700,2.832071,0.020135
2.687700,8.920938,0.102350
2.687700,3.440858,-0.070234
2.687700,2.687456,-0.001342
2.687700,3.068773,0.042748
2.687700,11.667200,-0.017168
2.687700,2.989804,-0.035733
2.687700,2.687445,0.001922
2.687700,3.522796,0.075217
2.687700,8.393892,-0.110623
2.687700,2.815583,-0.018370
2.687700,2.707693,0.005585
2.687700,4.409934,0.111381
2.687700,5.525619,-0.128115
2.687700,2.737547,-0.009259
2.687700,2.781556,0.014482
2.687700,7.185469,0.124577
2.687700,3.768038,-0.088182
2.687700,2.692255,-0.003066
2.687700,2.911676,0.028287
2.687700,10.850930,0.058018
2.687700,3.195306,-0.053060
2.687700,2.688674,0.000562
2.687700,3.351417,0.064377
2.687700,9.575997,-0.090197
2.687700,2.854648,-0.022488
2.687700,2.702461,0.004684
2.687700,4.182127,0.104648
2.687700,5.957989,-0.129585
2.687700,2.749315,-0.010592
2.687700,2.780511,0.014278
2.687700,7.133176,0.125003
2.687700,3.781379,-0.088802
2.687700,2.693761,-0.002983
2.687700,2.946718,0.031658
2.687700,11.339081,0.039051
2.687700,3.130532,-0.047894
2.687700,2.691047,0.001312
2.687700,3.496091,0.073602
2.687700,8.559602,-0.108154
2.687700,2.821297,-0.018850
2.687700,2.724069,0.007427
2.687700,4.987720,0.122842
2.687700,4.812538,-0.120099
2.687700,2.719419,-0.006844
2.687700,2.828026,0.019594
2.687700,8.778122,0.104714
2.687700,3.462234,-0.071542
2.687700,2.690654,-0.001119
2.687700,3.150744,0.049533
2.687700,11.197036,-0.045385
2.687700,2.934838,-0.030521
2.687700,2.693969,0.003095
2.687700,3.801269,0.089729
2.687700,7.056557,-0.125602
2.687700,2.778398,-0.014043
2.687700,2.749934,0.010677
2.687700,5.983326,0.129609
2.687700,4.170586,-0.104268
2.687700,2.702082,-0.004651
2.687700,2.853157,0.022338
2.687700,9.535688,0.091010
2.687700,3.356616,-0.064731
2.687700,2.688445,-0.000626
2.687700,3.182769,0.052087
2.687700,10.951292,-0.054654
2.687700,2.917716,-0.028885
2.687700,2.691252,0.002904
2.687700,3.727475,0.086223
2.687700,7.352898,-0.123097
2.687700,2.786047,-0.015015
2.687700,2.731712,0.008564
2.687700,5.307225,0.126496
2.687700,4.553373,-0.114915
2.687700,2.711472,-0.006085
2.687700,2.807199,0.017449
2.687700,8.110922,0.114535
2.687700,3.571827,-0.078035
2.687700,2.687933,-0.002209
2.687700,2.958757,0.032843
2.687700,11.461351,0.032649
2.687700,3.111126,-0.046324
2.687700,2.687601,0.001049
2.687700,3.401994,0.067746
2.687700,9.195430,-0.097524
2.687700,2.841166,-0.021097
2.687700,2.702217,0.004757
2.687700,4.188796,0.104869
2.687700,5.943389,-0.129571
2.687700,2.748722,-0.010569
2.687700,2.774774,0.013655
2.687700,6.927458,0.126531
2.687700,3.836257,-0.091324
2.687700,2.694141,-0.003315
2.687700,2.907988,0.027910
2.687700,10.785443,0.060110
2.687700,3.203401,-0.053678
2.687700,2.689384,0.000587
2.687700,3.366532,0.065391
2.687700,9.460126,-0.092509
2.687700,2.850576,-0.022041
2.687700,2.706107,0.005139
2.687700,4.314187,0.108722
2.687700,5.692963,-0.128935
2.687700,2.742524,-0.009731
2.687700,2.793494,0.015740
2.687700,7.601718,0.120604
2.687700,3.672005,-0.083409
2.687700,2.692626,-0.002359
2.687700,3.013061,0.037807
2.687700,11.734985,0.006402
2.687700,3.042362,-0.040416
2.687700,2.692264,0.002101
2.687700,3.628826,0.081136
2.687700,7.811379,-0.118257
2.687700,2.799406,-0.016404
2.687700,2.739024,0.009292
2.687700,5.557630,0.128295
2.687700,4.390890,-0.110865
2.687700,2.708176,-0.005405
2.687700,2.847052,0.021662
2.687700,9.358759,0.094471
2.687700,3.379972,-0.066284
2.687700,2.689645,-0.000652
2.687700,3.198598,0.053306
2.687700,10.824644,-0.058865
2.687700,2.910236,-0.028129
2.687700,2.694427,0.003332
2.687700,3.843568,0.091649
2.687700,6.901450,-0.126704
2.687700,2.774124,-0.013569
2.687700,2.750682,0.010793
2.687700,6.016107,0.129631
2.687700,4.155896,-0.103779
2.687700,2.701487,-0.004622
2.687700,2.847826,0.021793
2.687700,9.387901,0.093915
2.687700,3.375982,-0.066033
2.687700,2.687874,-0.000831
2.687700,3.145342,0.049120
2.687700,11.235193,-0.043777
2.687700,2.937629,-0.030827
2.687700,2.688995,0.002491
2.687700,3.629928,0.081221
2.687700,7.804571,-0.118343
2.687700,2.798458,-0.016461
2.687700,2.718171,0.006923
2.687700,4.802715,0.119935
2.687700,4.998160,-0.122995
2.687700,2.723432,-0.007565
2.687700,2.793312,0.015866
2.687700,7.619244,0.120422
2.687700,3.668055,-0.083226
2.687700,2.689858,-0.002655
2.687700,2.929165,0.030006
2.687700,11.123138,0.048360
2.687700,3.160576,-0.050339
2.687700,2.688126,0.000750
2.687700,3.368713,0.065547
2.687700,9.442967,-0.092846
2.687700,2.849800,-0.021994
2.687700,2.701867,0.004652
2.687700,4.166881,0.104145
2.687700,5.991517,-0.129616
2.687700,2.750088,-0.010710
2.687700,2.776363,0.013819
2.687700,6.983075,0.126143
2.687700,3.820954,-0.090632
2.687700,2.694147,-0.003210
2.687700,2.922257,0.029304
2.687700,11.020072,0.052223
2.687700,3.174106,-0.051394
2.687700,2.690145,0.000889
2.687700,3.421418,0.068979
2.687700,9.057431,-0.099992
2.687700,2.836941,-0.020570
2.687700,2.713703,0.006119
2.687700,4.598089,0.115907
2.687700,5.246109,-0.125916
2.687700,2.730883,-0.008278
2.687700,2.811545,0.017764
2.687700,8.232670,0.112891
2.687700,3.550513,-0.076794
2.687700,2.691583,-0.001632
2.687700,3.095316,0.044972
2.687700,11.550665,-0.027028
2.687700,2.970022,-0.033857
2.687700,2.693279,0.002754
2.687700,3.739970,0.086820
2.687700,7.300755,-0.123571
2.687700,2.785121,-0.014799
2.687700,2.746987,0.010296
2.687700,5.866856,0.129447
2.687700,4.225097,-0.106029
2.687700,2.703660,-0.004832
2.687700,2.853627,0.022374
2.687700,9.546908,0.090784
2.687700,3.355191,-0.064631
2.687700,2.688942,-0.000558
2.687700,3.200268,0.053440
2.687700,10.810795,-0.059309
2.687700,2.909383,-0.028056
2.687700,2.693049,0.003177
2.687700,3.797520,0.089563
2.687700,7.070511,-0.125498
2.687700,2.778515,-0.014114
2.687700,2.742225,0.009811
2.687700,5.700556,0.128968
2.687700,4.309961,-0.108606
2.687700,2.705148,-0.005221
2.687700,2.824705,0.019354
2.687700,8.690446,0.106126
2.687700,3.475367,-0.072376
2.687700,2.687307,-0.001604
2.687700,3.030753,0.039430
2.687700,11.745455,-0.001550
2.687700,3.023661,-0.038799
2.687700,2.687299,0.001655
2.687700,3.482494,0.072810
2.687700,8.644403,-0.106851
2.687700,2.823263,-0.019200
2.687700,2.705436,0.005265
2.687700,4.321708,0.108946
2.687700,5.678900,-0.128883
2.687700,2.741643,-0.009743
2.687700,2.778764,0.014146
2.687700,7.080182,0.125424
2.687700,3.794983,-0.089446
2.687700,2.692960,-0.003170
2.687700,2.908911,0.028010
2.687700,10.802588,0.059570
2.687700,3.201273,-0.053518
2.687700,2.688876,0.000543
2.687700,3.351987,0.064414
2.687700,9.571664,-0.090284
2.687700,2.854516,-0.022469
2.687700,2.703182,0.004769
2.687700,4.207415,0.105467
2.687700,5.903751,-0.129513
2.687700,2.747937,-0.010415
2.687700,2.783483,0.014613
2.687700,7.241199,0.124098
2.687700,3.754371,-0.087517
2.687700,2.693453,-0.002833
2.687700,2.962097,0.033114
2.687700,11.488314,0.031053
2.687700,3.106692,-0.045925
2.687700,2.691435,0.001532
2.687700,3.533705,0.075824
2.687700,8.330524,-0.111525
2.687700,2.814431,-0.018086
2.687700,2.728913,0.008032
2.687700,5.171148,0.125135
2.687700,4.655697,-0.117130
2.687700,2.715242,-0.006315
2.687700,2.834486,0.020302
2.687700,8.981713,0.101309
2.687700,3.432235,-0.069667
2.687700,2.690289,-0.000949
2.687700,3.168194,0.050926
2.687700,11.065908,-0.050540
2.687700,2.925334,-0.029603
2.687700,2.694128,0.003184
2.687700,3.816970,0.090450
2.687700,6.997768,-0.126038
2.687700,2.776776,-0.013863
2.687700,2.750227,0.010722
2.687700,5.996102,0.129619
2.687700,4.164827,-0.104077
2.687700,2.701853,-0.004639
2.687700,2.851198,0.022138
2.687700,9.481918,0.092081
2.687700,3.363607,-0.065204
2.687700,2.688228,-0.000702
2.687700,3.168880,0.050997
2.687700,11.059869,-0.050768
2.687700,2.924762,-0.029577
2.687700,2.690317,0.002742
2.687700,3.688257,0.084262
2.687700,7.525727,-0.121404
2.687700,2.790742,-0.015567
2.687700,2.726176,0.007898
2.687700,5.100507,0.124325
2.687700,4.713052,-0.118283
2.687700,2.715753,-0.006625
2.687700,2.801067,0.016760
2.687700,7.897329,0.117238
2.687700,3.611725,-0.080240
2.687700,2.688603,-0.002410
2.687700,2.942343,0.031281
2.687700,11.292178,0.041254
2.687700,3.137257,-0.048467
2.687700,2.687750,0.000876
2.687700,3.380155,0.066311
2.687700,9.356534,-0.094516
2.687700,2.846714,-0.021679
2.687700,2.701326,0.004612
2.687700,4.151528,0.103632
2.687700,6.025981,-0.129635
2.687700,2.750916,-0.010827
2.687700,2.773085,0.013453
2.687700,6.863584,0.126950
2.687700,3.854337,-0.092126
2.687700,2.694565,-0.003389
2.687700,2.904677,0.027581
2.687700,10.725439,0.061966
2.687700,3.210726,-0.054239
2.687700,2.689393,0.000535
2.687700,3.359405,0.064912
2.687700,9.514654,-0.091429
2.687700,2.852524,-0.022246
2.687700,2.705542,0.005058
2.687700,4.292157,0.108077
2.687700,5.734203,-0.129087
2.687700,2.743606,-0.009863
2.687700,2.792169,0.015589
2.687700,7.553965,0.121107
2.687700,3.682295,-0.083938
2.687700,2.692764,-0.002414
2.687700,3.007743,0.037326
2.687700,11.725051,0.008836
2.687700,3.048210,-0.040929
2.687700,2.692255,0.002057
2.687700,3.622334,0.080786
2.687700,7.844254,-0.117869
2.687700,2.800350,-0.016507
2.687700,2.738716,0.009250
2.687700,5.545226,0.128225
2.687700,4.398284,-0.111063
2.687700,2.708397,-0.005428
2.687700,2.847379,0.021694
2.687700,9.367787,0.094298
2.687700,3.378772,-0.066204
2.687700,2.689734,-0.000633
2.687700,3.202681,0.053620
2.687700,10.791457,-0.059920
2.687700,2.908356,-0.027941
2.687700,2.694841,0.003394
2.687700,3.859748,0.092363
2.687700,6.844865,-0.127067
2.687700,2.772641,-0.013388
2.687700,2.752981,0.011061
2.687700,6.102279,0.129635
2.687700,4.118675,-0.102506
2.687700,2.700637,-0.004472
2.687700,2.854663,0.022503
2.687700,9.578326,0.090150
2.687700,3.351085,-0.064359
2.687700,2.688137,-0.000623
2.687700,3.178265,0.051736
2.687700,10.986747,-0.053416
2.687700,2.919934,-0.029107
2.687700,2.690479,0.002797
2.687700,3.698910,0.084802
2.687700,7.477634,-0.121892
2.687700,2.789406,-0.015416
2.687700,2.727025,0.008005
2.687700,5.132853,0.124709
2.687700,4.686276,-0.117758
2.687700,2.715010,-0.006538
2.687700,2.801260,0.016786
2.687700,7.904870,0.117147
2.687700,3.610263,-0.080161
2.687700,2.688483,-0.002414
2.687700,2.939902,0.031048
2.687700,11.263304,0.042551
2.687700,3.141378,-0.048802
2.687700,2.687625,0.000831
2.687700,3.371820,0.065758
2.687700,9.419190,-0.093310
2.687700,2.848892,-0.021912
2.687700,2.700315,0.004478
2.687700,4.113953,0.102343
2.687700,6.113461,-0.129631
2.687700,2.753178,-0.011107
2.687700,2.769494,0.013041
2.687700,6.730441,0.127736
2.687700,3.893713,-0.093832
2.687700,2.695262,-0.003577
2.687700,2.890442,0.026165
2.687700,10.445527,0.069971
2.687700,3.244443,-0.056781
2.687700,2.688828,0.000225
2.687700,3.306823,0.061292
2.687700,9.930299,-0.082626
2.687700,2.868136,-0.023888
2.687700,2.699552,0.004245
2.687700,4.066028,0.100628
2.687700,6.231864,-0.129511
2.687700,2.756473,-0.011460
2.687700,2.771387,0.013224
2.687700,6.795005,0.127368
2.687700,3.874364,-0.092998
2.687700,2.695363,-0.003433
2.687700,2.911313,0.028227
2.687700,10.842534,0.058288
2.687700,3.196417,-0.053134
2.687700,2.690155,0.000728
2.687700,3.399001,0.067531
2.687700,9.218357,-0.097100
2.687700,2.842311,-0.021143
2.687700,2.711750,0.005854
2.687700,4.522567,0.114189
2.687700,5.351538,-0.126871
2.687700,2.733692,-0.008617
2.687700,2.808851,0.017456
2.687700,8.139250,0.114153
2.687700,3.567024,-0.077732
2.687700,2.691896,-0.001712
2.687700,3.089480,0.044478
2.687700,11.580090,-0.024904
2.687700,2.974271,-0.034251
2.687700,2.693515,0.002750
2.687700,3.743384,0.086985
2.687700,7.286580,-0.123698
2.687700,2.784786,-0.014749
2.687700,2.748750,0.010496
2.687700,5.931925,0.129554
2.687700,4.194201,-0.105040
2.687700,2.702994,-0.004703
2.687700,2.860416,0.023075
2.687700,9.729493,0.087012
2.687700,3.331882,-0.063035
2.687700,2.689312,-0.000347
2.687700,3.235309,0.056097
2.687700,10.521822,-0.067884
2.687700,2.894172,-0.026532
2.687700,2.695852,0.003618
2.687700,3.909846,0.094512
2.687700,6.678262,-0.128009
2.687700,2.768195,-0.012868
2.687700,2.757069,0.011551
2.687700,6.257757,0.129469
2.687700,4.055925,-0.100259
2.687700,2.699120,-0.004227
2.687700,2.863780,0.023448
2.687700,9.820645,0.085055
2.687700,3.320392,-0.062247
2.687700,2.688354,-0.000378
2.687700,3.215600,0.054618
2.687700,10.684873,-0.063191
2.687700,2.902406,-0.027373
2.687700,2.692550,0.003170
2.687700,3.788101,0.089127
2.687700,7.106565,-0.125218
2.687700,2.779393,-0.014237
2.687700,2.738652,0.009401
2.687700,5.568671,0.128361
2.687700,4.384201,-0.110693
2.687700,2.706956,-0.005501
2.687700,2.815365,0.018353
2.687700,8.387666,0.110713
2.687700,3.523821,-0.075279
2.687700,2.687296,-0.001947
2.687700,2.984057,0.035206
2.687700,11.639617,0.019947
2.687700,3.075988,-0.043368
2.687700,2.687322,0.001273
2.687700,3.428974,0.069483
2.687700,9.003122,-0.100944
2.687700,2.834726,-0.020423
2.687700,2.702769,0.004869
2.687700,4.215320,0.105724
2.687700,5.886977,-0.129488
2.687700,2.747174,-0.010397
2.687700,2.774495,0.013636
2.687700,6.919316,0.126586
2.687700,3.838515,-0.091426
2.687700,2.693997,-0.003347
2.687700,2.901373,0.027260
2.687700,10.664321,0.063801
2.687700,3.218119,-0.054805
2.687700,2.688947,0.000429
2.687700,3.337268,0.063409
2.687700,9.686756,-0.087913
2.687700,2.858766,-0.022912
2.687700,2.702257,0.004630
2.687700,4.170385,0.104259
2.687700,5.983823,-0.129609
2.687700,2.750038,-0.010669
2.687700,2.781034,0.014330
2.687700,7.150998,0.124858
2.687700,3.776851,-0.088588
2.687700,2.693821,-0.002945
2.687700,2.952797,0.032234
2.687700,11.402558,0.035865
2.687700,3.120832,-0.047097
2.687700,2.691330,0.001416
2.687700,3.515545,0.074759
2.687700,8.439388,-0.109953
2.687700,2.817686,-0.018446
2.687700,2.727011,0.007790
2.687700,5.098324,0.124292
2.687700,4.715104,-0.118315
2.687700,2.716846,-0.006514
2.687700,2.832595,0.020092
2.687700,8.922285,0.102323
2.687700,3.440856,-0.070210
2.687700,2.690491,-0.000986
2.687700,3.166289,0.050774
2.687700,11.080592,-0.049988
2.687700,2.926356,-0.029699
2.687700,2.694409,0.003210
2.687700,3.825429,0.090833
2.687700,6.966761,-0.126258
2.687700,2.775981,-0.013762
2.687700,2.752092,0.010937
2.687700,6.065506,0.129641
2.687700,4.134356,-0.103046
2.687700,2.701185,-0.004513
2.687700,2.857665,0.022807
2.687700,9.658562,0.088502
2.687700,3.340829,-0.063656
2.687700,2.688531,-0.000503
2.687700,3.201140,0.053511
2.687700,10.803532,-0.059540
2.687700,2.908935,-0.028018
2.687700,2.692231,0.003084
2.687700,3.770173,0.088284
2.687700,7.176932,-0.124648
2.687700,2.781305,-0.014457
2.687700,2.737213,0.009224
2.687700,5.513696,0.128044
2.687700,4.417190,-0.111572
2.687700,2.707857,-0.005613
2.687700,2.814295,0.018232
2.687700,8.351463,0.111233
2.687700,3.529892,-0.075633
2.687700,2.687436,-0.001973
2.687700,2.982749,0.035084
2.687700,11.632665,0.020589
2.687700,3.077681,-0.043511
2.687700,2.687428,0.001273
2.687700,3.430743,0.069594
2.687700,8.990836,-0.101156
2.687700,2.834340,-0.020378
2.687700,2.703310,0.004935
2.687700,4.234638,0.106333
2.687700,5.847120,-0.129408
2.687700,2.746150,-0.010269
2.687700,2.776329,0.013845
2.687700,6.986841,0.126118
2.687700,3.819889,-0.090587
2.687700,2.693698,-0.003255
2.687700,2.909143,0.028027
2.687700,10.806119,0.059457
2.687700,3.200857,-0.053483
2.687700,2.689238,0.000588
2.687700,3.364304,0.065242
2.687700,9.477054,-0.092176
2.687700,2.851159,-0.022106
2.687700,2.705412,0.005054
2.687700,4.289160,0.107988
2.687700,5.739887,-0.129106
2.687700,2.743725,-0.009884
2.687700,2.791089,0.015471
2.687700,7.515893,0.121500
2.687700,3.690618,-0.084363
2.687700,2.692773,-0.002471
2.687700,3.000217,0.036644
2.687700,11.705236,0.012332
2.687700,3.056776,-0.041676
2.687700,2.692067,0.001972
2.687700,3.607029,0.079956
2.687700,7.923126,-0.116917
2.687700,2.802585,-0.016761
2.687700,2.736898,0.009027
2.687700,5.476071,0.127799
2.687700,4.440679,-0.112173
2.687700,2.709500,-0.005578
2.687700,2.844345,0.021371
2.687700,9.279820,0.095962
2.687700,3.390599,-0.066984
2.687700,2.689755,-0.000715
2.687700,3.191729,0.052774
2.687700,10.880208,-0.057055
2.687700,2.913493,-0.028449
2.687700,2.694286,0.003291
2.687700,3.835206,0.091275
2.687700,6.931283,-0.126504
2.687700,2.774930,-0.013661
2.687700,2.750147,0.010727
2.687700,5.995480,0.129619
2.687700,4.165090,-0.104086
2.687700,2.701732,-0.004655
2.687700,2.847213,0.021728
2.687700,9.370285,0.094253
2.687700,3.378329,-0.066189
2.687700,2.687897,-0.000846
2.687700,3.143778,0.048994
2.687700,11.246377,-0.043293
2.687700,2.938533,-0.030913
2.687700,2.688996,0.002484
2.687700,3.628991,0.081171
2.687700,7.809287,-0.118288
2.687700,2.798594,-0.016475
2.687700,2.718181,0.006923
2.687700,4.802895,0.119939
2.687700,4.997965,-0.122993
2.687700,2.723430,-0.007564
2.687700,2.793447,0.015880
2.687700,7.623991,0.120371
2.687700,3.667049,-0.083174
2.687700,2.689855,-0.002648
2.687700,2.930014,0.030088
2.687700,11.134903,0.047899
2.687700,3.159013,-0.050214
2.687700,2.688151,0.000764
2.687700,3.371133,0.065708
2.687700,9.424631,-0.093204
2.687700,2.849155,-0.021925
2.687700,2.702129,0.004687
2.687700,4.176752,0.104472
2.687700,5.969698,-0.129598
2.687700,2.749523,-0.010640
2.687700,2.777232,0.013918
2.687700,7.015111,0.125912
2.687700,3.812291,-0.090237
2.687700,2.694009,-0.003166
2.687700,2.925921,0.029660
2.687700,11.074537,0.050217
2.687700,3.167068,-0.050838
2.687700,2.690254,0.000953
2.687700,3.432242,0.069667
2.687700,8.981647,-0.101310
2.687700,2.834479,-0.020302
2.687700,2.715099,0.006299
2.687700,4.650612,0.117025
2.687700,5.177585,-0.125206
2.687700,2.729077,-0.008054
2.687700,2.814007,0.018040
2.687700,8.316368,0.111725
2.687700,3.536106,-0.075963
2.687700,2.691433,-0.001549
2.687700,3.104327,0.045728
2.687700,11.501790,-0.030228
2.687700,2.963708,-0.033266
2.687700,2.693368,0.002811
2.687700,3.749768,0.087296
2.687700,7.260073,-0.123933
2.687700,2.783994,-0.014673
2.687700,2.747411,0.010352
2.687700,5.883824,0.129479
2.687700,4.216912,-0.105770
2.687700,2.703415,-0.004806
2.687700,2.853292,0.022341
2.687700,9.538000,0.090963
2.687700,3.356339,-0.064709
2.687700,2.688843,-0.000578
2.687700,3.195930,0.053106
2.687700,10.845954,-0.058179
2.687700,2.911400,-0.028257
2.687700,2.692633,0.003113
2.687700,3.781162,0.088801
2.687700,7.133630,-0.125002
2.687700,2.780189,-0.014315
2.687700,2.739838,0.009529
2.687700,5.611074,0.128579
2.687700,4.359617,-0.110018
2.687700,2.706409,-0.005403
2.687700,2.820038,0.018852
2.687700,8.540081,0.108457
2.687700,3.498956,-0.073803
2.687700,2.687358,-0.001764
2.687700,3.009783,0.037553
2.687700,11.729845,0.007789
2.687700,3.045459,-0.040726
2.687700,2.687387,0.001505
2.687700,3.462744,0.071599
2.687700,8.773326,-0.104797
2.687700,2.827332,-0.019632
2.687700,2.704895,0.005172
2.687700,4.298084,0.108258
2.687700,5.722781,-0.129050
2.687700,2.742844,-0.009878
2.687700,2.778878,0.014149
2.687700,7.082759,0.125403
2.687700,3.794324,-0.089414
2.687700,2.693094,-0.003149
2.687700,2.913737,0.028482
2.687700,10.885105,0.056894
2.687700,3.191092,-0.052729
2.687700,2.689183,0.000653
2.687700,3.372416,0.065785
2.687700,9.415390,-0.093382
2.687700,2.848969,-0.021877
2.687700,2.705885,0.005125
2.687700,4.308226,0.108549
2.687700,5.703993,-0.128978
2.687700,2.742773,-0.009771
2.687700,2.791949,0.015571
2.687700,7.547303,0.121177
2.687700,3.683733,-0.084013
2.687700,2.692645,-0.002438
2.687700,3.002609,0.036862
2.687700,11.712304,0.011211
2.687700,3.054001,-0.041436
2.687700,2.692017,0.001986
2.687700,3.608278,0.080025
2.687700,7.916584,-0.116997
2.687700,2.802385,-0.016742
2.687700,2.736650,0.009001
2.687700,5.467267,0.127740
2.687700,4.446223,-0.112315
2.687700,2.709621,-0.005601
2.687700,2.843224,0.021254
2.687700,9.247263,0.096568
2.687700,3.395020,-0.067274
2.687700,2.689686,-0.000755
2.687700,3.185142,0.052262
2.687700,10.932914,-0.055284
2.687700,2.916678,-0.028764
2.687700,2.693807,0.003211
2.687700,3.815423,0.090382
2.687700,7.003392,-0.125998
2.687700,2.776835,-0.013890
2.687700,2.747489,0.010415
2.687700,5.895585,0.129502
2.687700,4.211234,-0.105593
2.687700,2.702832,-0.004835
2.687700,2.840285,0.021001
2.687700,9.168884,0.098006
2.687700,3.405665,-0.067983
2.687700,2.687698,-0.001064
2.687700,3.110691,0.046287
2.687700,11.463964,-0.032499
2.687700,2.959055,-0.032870
2.687700,2.688072,0.002223
2.687700,3.576175,0.078278
2.687700,8.086972,-0.114849
2.687700,2.806519,-0.017370
2.687700,2.712328,0.006189
2.687700,4.584569,0.115618
2.687700,5.264103,-0.126097
2.687700,2.730576,-0.008424
2.687700,2.787527,0.015185
2.687700,7.406773,0.122586
2.687700,3.714983,-0.085605
2.687700,2.691036,-0.002843
2.687700,2.922519,0.029353
2.687700,11.025996,0.052011
2.687700,3.173267,-0.051341
2.687700,2.688525,0.000705
2.687700,3.368933,0.065558
2.687700,9.441478,-0.092875
2.687700,2.849800,-0.021983
2.687700,2.703288,0.004817
2.687700,4.216433,0.105756
2.687700,5.884792,-0.129482
2.687700,2.747376,-0.010362
2.687700,2.782185,0.014476
2.687700,7.195535,0.124489
2.687700,3.765632,-0.088058
2.687700,2.693438,-0.002912
2.687700,2.951140,0.032080
2.687700,11.386014,0.036722
2.687700,3.123401,-0.047310
2.687700,2.691019,0.001361
2.687700,3.502549,0.073989
2.687700,8.519218,-0.108766
2.687700,2.820056,-0.018716
2.687700,2.724450,0.007480
2.687700,5.002963,0.123055
2.687700,4.798549,-0.119855
2.687700,2.719023,-0.006800
2.687700,2.827853,0.019579
2.687700,8.773169,0.104795
2.687700,3.462974,-0.071588
2.687700,2.690551,-0.001136
2.687700,3.146711,0.049210
2.687700,11.226257,-0.044156
2.687700,2.937112,-0.030742
2.687700,2.693614,0.003037
2.687700,3.786745,0.089055
2.687700,7.112194,-0.125171
2.687700,2.779872,-0.014220
2.687700,2.747779,0.010425
2.687700,5.902433,0.129512
2.687700,4.208008,-0.105488
2.687700,2.702960,-0.004799
2.687700,2.847107,0.021707
2.687700,9.365943,0.094336
2.687700,3.378927,-0.066226
2.687700,2.688226,-0.000811
2.687700,3.153783,0.049796
2.687700,11.173873,-0.046340
2.687700,2.932896,-0.030366
2.687700,2.689831,0.002624
2.687700,3.663148,0.082971
2.687700,7.642469,-0.120171
2.687700,2.793973,-0.015938
2.687700,2.723332,0.007548
2.687700,4.993773,0.122934
2.687700,4.806742,-0.120006
2.687700,2.718299,-0.006934
2.687700,2.798941,0.016512
2.687700,7.821077,0.118150
2.687700,3.626655,-0.081045
2.687700,2.689013,-0.002466
2.687700,2.941271,0.031175
2.687700,11.279391,0.041833
2.687700,3.139104,-0.048615
2.687700,2.687973,0.000889
2.687700,3.385608,0.066670
2.687700,9.315976,-0.095286
2.687700,2.845338,-0.021528
2.687700,2.702515,0.004760
2.687700,4.194470,0.105052
2.687700,5.931208,-0.129555
2.687700,2.748481,-0.010522
2.687700,2.777451,0.013950
2.687700,7.024293,0.125845
2.687700,3.809821,-0.090125
2.687700,2.693871,-0.003165
2.687700,2.923846,0.029460
2.687700,11.044125,0.051347
2.687700,3.171007,-0.051150
2.687700,2.690079,0.000904
2.687700,3.422411,0.069043
2.687700,9.050397,-0.100116
2.687700,2.836699,-0.020546
2.687700,2.713524,0.006101
2.687700,4.591985,0.115774
2.687700,5.254314,-0.125996
2.687700,2.731086,-0.008306
2.687700,2.810844,0.017688
2.687700,8.209075,0.113213
2.687700,3.554633,-0.077030
2.687700,2.691571,-0.001663
2.687700,3.090949,0.044605
2.687700,11.572808,-0.025447
2.687700,2.973168,-0.034152
2.687700,2.693122,0.002712
2.687700,3.731276,0.086395
2.687700,7.337375,-0.123236
2.687700,2.786116,-0.014914
2.687700,2.745967,0.010174
2.687700,5.828225,0.129362
2.687700,4.244042,-0.106621
2.687700,2.704127,-0.004903
2.687700,2.851306,0.022131
2.687700,9.482519,0.092068
2.687700,3.363568,-0.065196
2.687700,2.688885,-0.000624
2.687700,3.190156,0.052659
2.687700,10.892509,-0.056648
2.687700,2.914155,-0.028528
2.687700,2.692447,0.003071
2.687700,3.771879,0.088363
2.687700,7.170213,-0.124703
2.687700,2.781177,-0.014430
2.687700,2.738892,0.009414
2.687700,5.575238,0.128395
2.687700,4.380361,-0.110588
2.687700,2.706959,-0.005476
2.687700,2.818803,0.018717
2.687700,8.499581,0.109067
2.687700,3.505470,-0.074192
2.687700,2.687419,-0.001803
2.687700,3.005493,0.037164
2.687700,11.720555,0.009765
2.687700,3.050245,-0.041144
2.687700,2.687445,0.001477
2.687700,3.459701,0.071410
2.687700,8.793569,-0.104467
2.687700,2.827984,-0.019700
2.687700,2.704995,0.005179
2.687700,4.300866,0.108340
2.687700,5.717557,-0.129031
2.687700,2.742723,-0.009859
2.687700,2.779502,0.014218
2.687700,7.105323,0.125227
2.687700,3.788464,-0.089141
2.687700,2.693032,-0.003116
2.687700,2.917204,0.028821
2.687700,10.941910,0.054976
2.687700,3.183993,-0.052175
2.687700,2.689322,0.000720
2.687700,3.384210,0.066567
2.687700,9.326977,-0.095076
2.687700,2.845906,-0.021549
2.687700,2.707358,0.005319
2.687700,4.363411,0.110116
2.687700,5.604681,-0.128543
2.687700,2.740194,-0.009450
2.687700,2.795937,0.016021
2.687700,7.689842,0.119645
2.687700,3.653464,-0.082444
2.687700,2.692334,-0.002264
2.687700,3.021247,0.038544
2.687700,11.743989,0.002719
2.687700,3.033685,-0.039652
2.687700,2.692187,0.002155
2.687700,3.635371,0.081487
2.687700,7.778564,-0.118639
2.687700,2.798445,-0.016302
2.687700,2.738745,0.009267
2.687700,5.548606,0.128244
2.687700,4.396249,-0.111010
2.687700,2.708249,-0.005431
2.687700,2.844628,0.021410
2.687700,9.289331,0.095784
2.687700,3.389293,-0.066901
2.687700,2.689449,-0.000742
2.687700,3.183107,0.052105
2.687700,10.948999,-0.054732
2.687700,2.917655,-0.028863
2.687700,2.693240,0.003137
2.687700,3.795052,0.089447
2.687700,7.080015,-0.125424
2.687700,2.778844,-0.014136
2.687700,2.744049,0.010013
2.687700,5.766953,0.129197
2.687700,4.274973,-0.107570
2.687700,2.704365,-0.005080
2.687700,2.831348,0.020057
2.687700,8.898385,0.102731
2.687700,3.444157,-0.070441
2.687700,2.687496,-0.001361
2.687700,3.066857,0.042583
2.687700,11.673918,-0.016420
2.687700,2.991365,-0.035876
2.687700,2.687490,0.001916
2.687700,3.522648,0.075208
2.687700,8.394796,-0.110610
2.687700,2.815618,-0.018372
2.687700,2.707916,0.005610
2.687700,4.417781,0.111587
2.687700,5.512742,-0.128038
2.687700,2.737217,-0.009217
2.687700,2.782188,0.014553
2.687700,7.208518,0.124383
2.687700,3.762298,-0.087909
2.687700,2.692173,-0.003037
2.687700,2.914394,0.028553
2.687700,10.896655,0.056510
2.687700,3.189633,-0.052619
2.687700,2.688760,0.000613
2.687700,3.360013,0.064958
2.687700,9.509695,-0.091529
2.687700,2.852262,-0.022235
2.687700,2.703419,0.004814
2.687700,4.218238,0.105812
2.687700,5.881054,-0.129474
2.687700,2.747324,-0.010345
2.687700,2.783631,0.014634
2.687700,7.247258,0.124046
2.687700,3.752884,-0.087446
2.687700,2.693370,-0.002832
2.687700,2.960866,0.032999
2.687700,11.477798,0.031683
2.687700,3.108503,-0.046077
2.687700,2.691334,0.001507
2.687700,3.528480,0.075520
2.687700,8.361482,-0.111083
2.687700,2.815339,-0.018189
2.687700,2.728010,0.007922
2.687700,5.137308,0.124754
2.687700,4.682857,-0.117681
2.687700,2.715952,-0.006409
2.687700,2.832890,0.020130
2.687700,8.932337,0.102153
2.687700,3.439380,-0.070118
2.687700,2.690310,-0.000997
2.687700,3.161891,0.050426
2.687700,11.113994,-0.048712
2.687700,2.928680,-0.029928
2.687700,2.693866,0.003129
2.687700,3.804435,0.089877
2.687700,7.044539,-0.125694
2.687700,2.778025,-0.014010
2.687700,2.748826,0.010556
2.687700,5.943153,0.129570
2.687700,4.188933,-0.104872
2.687700,2.702436,-0.004733
2.687700,2.847831,0.021786
2.687700,9.387010,0.093932
2.687700,3.376117,-0.066040
2.687700,2.688136,-0.000802
2.687700,3.153661,0.049787
2.687700,11.174745,-0.046305
2.687700,2.932955,-0.030373
2.687700,2.689671,0.002605
2.687700,3.657669,0.082686
2.687700,7.668583,-0.119886
2.687700,2.794686,-0.016022
2.687700,2.722328,0.007428
2.687700,4.956714,0.122405
2.687700,4.841338,-0.120597
2.687700,2.719223,-0.007049
2.687700,2.797731,0.016374
2.687700,7.778171,0.118650
2.687700,3.635217,-0.081503
2.687700,2.689164,-0.002508
2.687700,2.937999,0.030861
2.687700,11.239695,0.043583
2.687700,3.144718,-0.049069
2.687700,2.687983,0.000849
2.687700,3.380182,0.066311
2.687700,9.356438,-0.094518
2.687700,2.846742,-0.021676
2.687700,2.702170,0.004710
2.687700,4.180878,0.104609
2.687700,5.960641,-0.129589
2.687700,2.749253,-0.010615
2.687700,2.776561,0.013847
2.687700,6.991257,0.126085
2.687700,3.818723,-0.090531
2.687700,2.694034,-0.003207
2.687700,2.920768,0.029160
2.687700,10.997370,0.053037
2.687700,3.177003,-0.051623
2.687700,2.690010,0.000852
2.687700,3.414026,0.068505
2.687700,9.109863,-0.099064
2.687700,2.838654,-0.020757
2.687700,2.712520,0.005970
2.687700,4.554087,0.114923
2.687700,5.306487,-0.126483
2.687700,2.732460,-0.008476
2.687700,2.809035,0.017485
2.687700,8.146936,0.114051
2.687700,3.565635,-0.077655
2.687700,2.691692,-0.001726
2.687700,3.084299,0.044041
2.687700,11.604502,-0.022996
2.687700,2.978095,-0.034610
2.687700,2.693080,0.002670
2.687700,3.724585,0.086066
2.687700,7.365945,-0.122970
2.687700,2.786914,-0.015003
2.687700,2.745772,0.010146
2.687700,5.820095,0.129342
2.687700,4.248093,-0.106746
2.687700,2.704264,-0.004914
2.687700,2.851954,0.022197
2.687700,9.500302,0.091716
2.687700,3.361250,-0.065039
2.687700,2.688978,-0.000597
2.687700,3.195444,0.053068
2.687700,10.849935,-0.058049
2.687700,2.911644,-0.028279
2.687700,2.692886,0.003141
2.687700,3.789521,0.089191
2.687700,7.101184,-0.125260
2.687700,2.779340,-0.014211
2.687700,2.741408,0.009712
2.687700,5.669592,0.128844
2.687700,4.326812,-0.109093
2.687700,2.705588,-0.005281
2.687700,2.823472,0.019220
2.687700,8.650888,0.106749
2.687700,3.481487,-0.072749
2.687700,2.687341,-0.001643
2.687700,3.025975,0.039005
2.687700,11.746022,0.000533
2.687700,3.028413,-0.039222
2.687700,2.687344,0.001625
2.687700,3.479029,0.072599
2.687700,8.666735,-0.106501
2.687700,2.823968,-0.019273
2.687700,2.705487,0.005266
2.687700,4.322719,0.108975
2.687700,5.677056,-0.128875
2.687700,2.741609,-0.009735
2.687700,2.779256,0.014200
2.687700,7.097918,0.125286
2.687700,3.790369,-0.089231
2.687700,2.692917,-0.003143
2.687700,2.911822,0.028296
2.687700,10.852947,0.057951
2.687700,3.195073,-0.053039
2.687700,2.689001,0.000602
2.687700,3.362404,0.065117
2.687700,9.491472,-0.091891
2.687700,2.851642,-0.022164
2.687700,2.704438,0.004937
2.687700,4.254528,0.106944
2.687700,5.807252,-0.129309
2.687700,2.745441,-0.010105
2.687700,2.787481,0.015067
2.687700,7.386448,0.122776
2.687700,3.719826,-0.085830
2.687700,2.693027,-0.002644
2.687700,2.980863,0.034866
2.687700,11.620773,0.021631
2.687700,3.080650,-0.043731
2.687700,2.691735,0.001757
2.687700,3.570874,0.077951
2.687700,8.117742,-0.114438
2.687700,2.808186,-0.017390
2.687700,2.733020,0.008546
2.687700,5.327891,0.126671
2.687700,4.538971,-0.114574
2.687700,2.712115,-0.005918
2.687700,2.839314,0.020829
2.687700,9.129876,0.098706
2.687700,3.411225,-0.068325
2.687700,2.689970,-0.000837
2.687700,3.178430,0.051735
2.687700,10.986149,-0.053435
2.687700,2.920044,-0.029090
2.687700,2.694027,0.003212
2.687700,3.819256,0.090555
2.687700,6.989287,-0.126099
2.687700,2.776502,-0.013841
2.687700,2.749145,0.010603
2.687700,5.956732,0.129585
2.687700,4.182668,-0.104667
2.687700,2.702203,-0.004718
2.687700,2.846188,0.021618
2.687700,9.340615,0.094819
2.687700,3.382297,-0.066451
2.687700,2.687951,-0.000867
2.687700,3.141634,0.048820
2.687700,11.261608,-0.042626
2.687700,2.939785,-0.031033
2.687700,2.689036,0.002479
2.687700,3.628996,0.081171
2.687700,7.809274,-0.118288
2.687700,2.798603,-0.016474
2.687700,2.718434,0.006952
2.687700,4.811977,0.120097
2.687700,4.988086,-0.122855
2.687700,2.723173,-0.007531
2.687700,2.793941,0.015936
2.687700,7.641562,0.120181
2.687700,3.663337,-0.082981
2.687700,2.689808,-0.002628
2.687700,2.931998,0.030279
2.687700,11.161903,0.046825
2.687700,3.155398,-0.049925
2.687700,2.688186,0.000795
2.687700,3.375963,0.066029
2.687700,9.388184,-0.093909
2.687700,2.847878,-0.021790
2.687700,2.702601,0.004751
2.687700,4.194642,0.105057
2.687700,5.930863,-0.129554
2.687700,2.748514,-0.010516
2.687700,2.778713,0.014088
2.687700,7.069639,0.125503
2.687700,3.797814,-0.089571
2.687700,2.693779,-0.003094
2.687700,2.932067,0.030255
2.687700,11.160570,0.046875
2.687700,3.155683,-0.049930
2.687700,2.690420,0.001055
2.687700,3.449392,0.070746
2.687700,8.864087,-0.103300
2.687700,2.830717,-0.019892
2.687700,2.717286,0.006579
2.687700,4.733049,0.118658
2.687700,5.077150,-0.124030
2.687700,2.726420,-0.007724
2.687700,2.817503,0.018431
2.687700,8.434137,0.110030
2.687700,3.516399,-0.074811
2.687700,2.691200,-0.001437
2.687700,3.115826,0.046685
2.687700,11.433835,-0.034188
2.687700,2.956008,-0.032541
2.687700,2.693433,0.002875
2.687700,3.760217,0.087799
2.687700,7.217383,-0.124304
2.687700,2.782802,-0.014542
2.687700,2.747557,0.010378
2.687700,5.890643,0.129492
2.687700,4.213640,-0.105666
2.687700,2.703269,-0.004801
2.687700,2.851679,0.022176
2.687700,9.493746,0.091846
2.687700,3.362088,-0.065098
2.687700,2.688670,-0.000639
2.687700,3.184667,0.052233
2.687700,10.936299,-0.055170
2.687700,2.916803,-0.028792
2.687700,2.691775,0.002972
2.687700,3.746187,0.087135
2.687700,7.274311,-0.123811
2.687700,2.783950,-0.014763
2.687700,2.734900,0.008942
2.687700,5.425991,0.127457
2.687700,4.472542,-0.112986
2.687700,2.709350,-0.005803
2.687700,2.812056,0.017983
2.687700,8.275731,0.112302
2.687700,3.542785,-0.076380
2.687700,2.687654,-0.002038
2.687700,2.977413,0.034588
2.687700,11.601880,0.023219
2.687700,3.084699,-0.044107
2.687700,2.687571,0.001239
2.687700,3.428212,0.069433
2.687700,9.008552,-0.100849
2.687700,2.834942,-0.020438
2.687700,2.703745,0.004981
2.687700,4.249164,0.106783
2.687700,5.817798,-0.129339
2.687700,2.745412,-0.010172
2.687700,2.778147,0.014050
2.687700,7.053221,0.125629
2.687700,3.802102,-0.089772
2.687700,2.693456,-0.003161
2.687700,2.917930,0.028888
2.687700,10.953237,0.054586
2.687700,3.182578,-0.052063
2.687700,2.689572,0.000760
2.687700,3.393877,0.067200
2.687700,9.255606,-0.096413
2.687700,2.843492,-0.021286
2.687700,2.709094,0.005538
2.687700,4.427332,0.111829
2.687700,5.497465,-0.127938
2.687700,2.737422,-0.009101
2.687700,2.800755,0.016561
2.687700,7.859773,0.117684
2.687700,3.619280,-0.080623
2.687700,2.692068,-0.002057
2.687700,3.045157,0.040663
2.687700,11.730602,-0.007574
2.687700,3.010481,-0.037576
2.687700,2.692482,0.002361
2.687700,3.669872,0.083300
2.687700,7.611674,-0.120498
2.687700,2.793742,-0.015775
2.687700,2.741495,0.009613
2.687700,5.654974,0.128778
2.687700,4.335007,-0.109320
2.687700,2.706589,-0.005220
2.687700,2.847141,0.021683
2.687700,9.363000,0.094391
2.687700,3.379380,-0.066248
2.687700,2.689220,-0.000698
2.687700,3.185450,0.052290
2.687700,10.930279,-0.055374
2.687700,2.916477,-0.028751
2.687700,2.692899,0.003106
2.687700,3.784738,0.088967
2.687700,7.119751,-0.125113
2.687700,2.779873,-0.014265
2.687700,2.741847,0.009758
2.687700,5.685019,0.128907
2.687700,4.318381,-0.108850
2.687700,2.705422,-0.005245
2.687700,2.825746,0.019461
2.687700,8.722957,0.105608
2.687700,3.470390,-0.072070
2.687700,2.687419,-0.001555
2.687700,3.039119,0.040168
2.687700,11.739048,-0.005129
2.687700,3.015641,-0.038080
2.687700,2.687400,0.001726
2.687700,3.494245,0.073520
2.687700,8.569673,-0.108006
2.687700,2.820959,-0.018949
2.687700,2.706423,0.005397
2.687700,4.359026,0.110001
2.687700,5.612117,-0.128584
2.687700,2.739883,-0.009530
2.687700,2.780686,0.014369
2.687700,7.151382,0.124858
2.687700,3.776645,-0.088588
2.687700,2.692603,-0.003085
2.687700,2.914635,0.028574
2.687700,10.900354,0.056386
2.687700,3.189183,-0.052582
2.687700,2.688984,0.000643
2.687700,3.367829,0.065481
2.687700,9.450078,-0.092706
2.687700,2.850166,-0.022009
2.687700,2.704813,0.004991
2.687700,4.269323,0.107394
2.687700,5.778106,-0.129228
2.687700,2.744675,-0.010012
2.687700,2.788358,0.015168
2.687700,7.418423,0.122470
2.687700,3.712475,-0.085465
2.687700,2.692913,-0.002606
2.687700,2.984145,0.035170
2.687700,11.638685,0.020022
2.687700,3.076396,-0.043368
2.687700,2.691742,0.001790
2.687700,3.575575,0.078215
2.687700,8.091750,-0.114780
2.687700,2.807425,-0.017306
2.687700,2.733340,0.008588
2.687700,5.340454,0.126779
2.687700,4.530210,-0.114370
2.687700,2.711869,-0.005890
2.687700,2.839333,0.020833
2.687700,9.130719,0.098691
2.687700,3.411104,-0.068318
2.687700,2.689909,-0.000843
2.687700,3.176609,0.051593
2.687700,11.000422,-0.052929
2.687700,2.920958,-0.029180
2.687700,2.693821,0.003181
2.687700,3.811261,0.090191
2.687700,7.018893,-0.125885
2.687700,2.777282,-0.013936
2.687700,2.747935,0.010462
2.687700,5.911409,0.129527
2.687700,4.203744,-0.105352
2.687700,2.702700,-0.004801
2.687700,2.842857,0.021269
2.687700,9.244190,0.096627
2.687700,3.395327,-0.067309
2.687700,2.687844,-0.000973
2.687700,3.125442,0.047503
2.687700,11.371833,-0.037447
2.687700,2.949552,-0.031968
2.687700,2.688523,0.002347
2.687700,3.601358,0.079673
2.687700,7.951497,-0.116573
2.687700,2.802632,-0.016931
2.687700,2.715227,0.006553
2.687700,4.692437,0.117880
2.687700,5.125345,-0.124621
2.687700,2.726867,-0.007976
2.687700,2.790895,0.015578
2.687700,7.530260,0.121358
2.687700,3.687272,-0.084211
2.687700,2.690410,-0.002724
2.687700,2.928624,0.029949
2.687700,11.115250,0.048667
2.687700,3.161635,-0.050421
2.687700,2.688412,0.000776
2.687700,3.377040,0.066099
2.687700,9.380195,-0.094062
2.687700,2.847630,-0.021757
2.687700,2.703491,0.004857
2.687700,4.225974,0.106058
2.687700,5.864994,-0.129444
2.687700,2.746836,-0.010301
2.687700,2.782177,0.014479
2.687700,7.195967,0.124486
2.687700,3.765518,-0.088053
2.687700,2.693371,-0.002919
2.687700,2.949147,0.031892
2.687700,11.365355,0.037765
2.687700,3.126569,-0.047571
2.687700,2.690900,0.001324
2.687700,3.495310,0.073557
2.687700,8.564453,-0.108080
2.687700,2.821420,-0.018869
2.687700,2.723298,0.007338
2.687700,4.959800,0.122443
2.687700,4.838633,-0.120544
2.687700,2.720080,-0.006935
2.687700,2.826021,0.019378
2.687700,8.714491,0.105739
2.687700,3.471895,-0.072137
2.687700,2.690620,-0.001191
2.687700,3.140259,0.048688
2.687700,11.272156,-0.042153
2.687700,2.940853,-0.031101
2.687700,2.693459,0.002991
2.687700,3.777456,0.088619
2.687700,7.148482,-0.124880
2.687700,2.780856,-0.014334
2.687700,2.746991,0.010329
2.687700,5.872301,0.129459
2.687700,4.222428,-0.105947
2.687700,2.703331,-0.004852
2.687700,2.845811,0.021570
2.687700,9.328644,0.095046
2.687700,3.383920,-0.066556
2.687700,2.688228,-0.000847
2.687700,3.148981,0.049410
2.687700,11.209049,-0.044887
2.687700,2.935589,-0.030626
2.687700,2.689698,0.002588
2.687700,3.655782,0.082587
2.687700,7.677660,-0.119786
2.687700,2.794954,-0.016050
2.687700,2.722539,0.007450
2.687700,4.963992,0.122511
2.687700,4.834458,-0.120481
2.687700,2.719054,-0.007025
2.687700,2.798400,0.016448
2.687700,7.801484,0.118379
2.687700,3.630553,-0.081253
2.687700,2.689134,-0.002479
2.687700,2.941422,0.031189
2.687700,11.281115,0.041755
2.687700,3.138861,-0.048595
2.687700,2.688049,0.000899
2.687700,3.388361,0.066850
2.687700,9.295598,-0.095669
2.687700,2.844646,-0.021452
2.687700,2.702987,0.004821
2.687700,4.211750,0.105608
2.687700,5.894541,-0.129499
2.687700,2.747536,-0.010403
2.687700,2.779070,0.014135
2.687700,7.083729,0.125395
2.687700,3.794120,-0.089400
2.687700,2.693638,-0.003085
2.687700,2.931046,0.030158
2.687700,11.146841,0.047424
2.687700,3.157520,-0.050078
2.687700,2.690294,0.001027
2.687700,3.443347,0.070368
2.687700,8.905141,-0.102613
2.687700,2.832012,-0.020036
2.687700,2.716228,0.006447
2.687700,4.693733,0.117898
2.687700,5.124013,-0.124599
2.687700,2.727648,-0.007880
2.687700,2.815483,0.018207
2.687700,8.366646,0.111009
2.687700,3.527610,-0.075469
2.687700,2.691277,-0.001507
2.687700,3.107491,0.045993
2.687700,11.483666,-0.031333
2.687700,2.961542,-0.033064
2.687700,2.693251,0.002813
2.687700,3.748109,0.087216
2.687700,7.266879,-0.123874
2.687700,2.784154,-0.014697
2.687700,2.746529,0.010252
2.687700,5.851262,0.129415
2.687700,4.232678,-0.106268
2.687700,2.703760,-0.004870
2.687700,2.850012,0.022001
2.687700,9.446875,0.092769
2.687700,3.368232,-0.065510
2.687700,2.688675,-0.000682
2.687700,3.178791,0.051773
2.687700,10.982814,-0.053554
2.687700,2.919726,-0.029078
2.687700,2.691540,0.002923
2.687700,3.735062,0.086594
2.687700,7.320773,-0.123393
2.687700,2.785209,-0.014910
2.687700,2.733593,0.008784
2.687700,5.376755,0.127082
2.687700,4.505190,-0.113784
2.687700,2.710223,-0.005916
2.687700,2.810536,0.017814
2.687700,8.224173,0.113014
2.687700,3.551722,-0.076893
2.687700,2.687776,-0.002087
2.687700,2.972808,0.034160
2.687700,11.572037,0.025512
2.687700,3.090938,-0.044635
2.687700,2.687631,0.001200
2.687700,3.423769,0.069149
2.687700,9.039744,-0.100306
2.687700,2.835976,-0.020546
2.687700,2.703717,0.004970
2.687700,4.247050,0.106718
2.687700,5.822040,-0.129349
2.687700,2.745538,-0.010184
2.687700,2.778468,0.014084
2.687700,7.064603,0.125542
2.687700,3.799105,-0.089633
2.687700,2.693446,-0.003141
2.687700,2.920376,0.029127
2.687700,10.991689,0.053239
2.687700,3.177711,-0.051681
2.687700,2.689687,0.000809
2.687700,3.402631,0.067771
2.687700,9.191740,-0.097588
2.687700,2.841345,-0.021054
2.687700,2.710275,0.005691
2.687700,4.471489,0.112952
2.687700,5.427858,-0.127465
2.687700,2.735608,-0.008874
2.687700,2.803507,0.016870
2.687700,7.956172,0.116509
2.687700,3.600725,-0.079612
2.687700,2.691903,-0.001947
2.687700,3.057536,0.041744
2.687700,11.703174,-0.012641
2.687700,2.999551,-0.036584
2.687700,2.692602,0.002456
2.687700,3.685561,0.084106
2.687700,7.538902,-0.121264
2.687700,2.791699,-0.015546
2.687700,2.742484,0.009740
2.687700,5.693690,0.128938
2.687700,4.313778,-0.108711
2.687700,2.705995,-0.005149
2.687700,2.847471,0.021722
2.687700,9.372988,0.094200
2.687700,3.378040,-0.066160
2.687700,2.689086,-0.000704
2.687700,3.182423,0.052055
2.687700,10.954279,-0.054550
2.687700,2.917955,-0.028898
2.687700,2.692495,0.003048
2.687700,3.769408,0.088245
2.687700,7.180078,-0.124621
2.687700,2.781472,-0.014458
2.687700,2.739439,0.009474
2.687700,5.594903,0.128498
2.687700,4.368922,-0.110274
2.687700,2.706701,-0.005430
2.687700,2.820869,0.018937
2.687700,8.566459,0.108055
2.687700,3.494759,-0.073551
2.687700,2.687454,-0.001724
2.687700,3.016855,0.038189
2.687700,11.740465,0.004584
2.687700,3.037835,-0.040055
2.687700,2.687468,0.001571
2.687700,3.473353,0.072251
2.687700,8.703624,-0.105917
2.687700,2.825146,-0.019395
2.687700,2.705790,0.005292
2.687700,4.332010,0.109240
2.687700,5.660186,-0.128804
2.687700,2.741199,-0.009678
2.687700,2.780767,0.014368
2.687700,7.152624,0.124848
2.687700,3.776345,-0.088572
2.687700,2.692758,-0.003065
2.687700,2.919805,0.029076
2.687700,10.983253,0.053538
2.687700,3.178766,-0.051767
2.687700,2.689305,0.000756
2.687700,3.388995,0.066882
2.687700,9.291471,-0.095745
2.687700,2.844681,-0.021420
2.687700,2.707692,0.005367
2.687700,4.376580,0.110478
2.687700,5.581927,-0.128427
2.687700,2.739592,-0.009378
2.687700,2.796527,0.016090
2.687700,7.711074,0.119408
2.687700,3.649081,-0.082214
2.687700,2.692258,-0.002243
2.687700,3.022995,0.038701
2.687700,11.744959,0.001943
2.687700,3.031882,-0.039492
2.687700,2.692155,0.002165
2.687700,3.636200,0.081531
2.687700,7.774428,-0.118687
2.687700,2.798319,-0.016290
2.687700,2.738563,0.009248
2.687700,5.542120,0.128207
2.687700,4.400126,-0.111113
2.687700,2.708333,-0.005447
2.687700,2.843810,0.021325
2.687700,9.265633,0.096227
2.687700,3.392503,-0.067112
2.687700,2.689399,-0.000770
2.687700,3.178360,0.051734
2.687700,10.986479,-0.053424
2.687700,2.920019,-0.029096
2.687700,2.692921,0.003083
2.687700,3.781662,0.088822
2.687700,7.131772,-0.125016
2.687700,2.780222,-0.014301
2.687700,2.742234,0.009799
2.687700,5.698755,0.128961
2.687700,4.310946,-0.108634
2.687700,2.705269,-0.005214
2.687700,2.827580,0.019655
2.687700,8.780649,0.104678
2.687700,3.461646,-0.071531
2.687700,2.687484,-0.001486
2.687700,3.049613,0.041088
2.687700,11.721897,-0.009505
2.687700,3.006057,-0.037215
2.687700,2.687463,0.001804
2.687700,3.506337,0.074244
2.687700,8.494236,-0.109147
2.687700,2.818647,-0.018699
2.687700,2.707207,0.005506
2.687700,4.389293,0.110829
2.687700,5.560078,-0.128313
2.687700,2.738499,-0.009365
2.687700,2.781813,0.014503
2.687700,7.193460,0.124510
2.687700,3.766053,-0.088087
2.687700,2.692357,-0.003041
2.687700,2.916701,0.028777
2.687700,10.934259,0.055239
2.687700,3.184937,-0.052252
2.687700,2.688958,0.000671
2.687700,3.371284,0.065712
2.687700,9.423851,-0.093218
2.687700,2.849236,-0.021911
2.687700,2.704997,0.005020
2.687700,4.276804,0.107620
2.687700,5.763570,-0.129184
2.687700,2.744290,-0.009966
2.687700,2.788684,0.015206
2.687700,7.430448,0.122353
2.687700,3.709732,-0.085328
2.687700,2.692858,-0.002594
2.687700,2.984964,0.035246
2.687700,11.642921,0.019623
2.687700,3.075346,-0.043279
2.687700,2.691722,0.001795
2.687700,3.575997,0.078239
2.687700,8.089415,-0.114810
2.687700,2.807353,-0.017299
2.687700,2.733248,0.008578
2.687700,5.337210,0.126751
2.687700,4.532462,-0.114423
2.687700,2.711920,-0.005899
2.687700,2.838951,0.020793
2.687700,9.119367,0.098895
2.687700,3.412688,-0.068420
2.687700,2.689888,-0.000857
2.687700,3.174356,0.051416
2.687700,11.018030,-0.052297
2.687700,2.922103,-0.029293
2.687700,2.693670,0.003155
2.687700,3.804890,0.089899
2.687700,7.042754,-0.125707
2.687700,2.777914,-0.014012
2.687700,2.747082,0.010361
2.687700,5.879327,0.129473
2.687700,4.219018,-0.105840
2.687700,2.703069,-0.004859
2.687700,2.840734,0.021046
2.687700,9.181817,0.097771
2.687700,3.403882,-0.067867
2.687700,2.687790,-0.001040
2.687700,3.115377,0.046674
2.687700,11.435664,-0.034094
2.687700,2.955974,-0.032578
2.687700,2.688274,0.002270
2.687700,3.586219,0.078838
2.687700,8.032258,-0.115556
2.687700,2.804949,-0.017192
2.687700,2.713625,0.006351
2.687700,4.632568,0.116656
2.687700,5.200455,-0.125457
2.687700,2.728883,-0.008218
2.687700,2.789265,0.015386
2.687700,7.470309,0.121964
2.687700,3.700569,-0.084884
2.687700,2.690741,-0.002777
2.687700,2.926655,0.029756
2.687700,11.087114,0.049745
2.687700,3.165342,-0.050714
2.687700,2.688523,0.000762
2.687700,3.376927,0.066091
2.687700,9.381094,-0.094045
2.687700,2.847677,-0.021759
2.687700,2.703883,0.004902
2.687700,4.239615,0.106485
2.687700,5.837131,-0.129384
2.687700,2.746129,-0.010210
2.687700,2.783736,0.014654
2.687700,7.252512,0.124000
2.687700,3.751591,-0.087385
2.687700,2.693216,-0.002841
2.687700,2.957183,0.032653
2.687700,11.444895,0.033576
2.687700,3.114014,-0.046536
2.687700,2.691098,0.001439
2.687700,3.514920,0.074724
2.687700,8.443093,-0.109899
2.687700,2.817756,-0.018462
2.687700,2.725799,0.007652
2.687700,5.054410,0.123741
2.687700,4.752683,-0.119026
2.687700,2.717787,-0.006647
2.687700,2.829244,0.019734
2.687700,8.817927,0.104064
2.687700,3.456246,-0.071173
2.687700,2.690401,-0.001106
2.687700,3.148398,0.049347
2.687700,11.214015,-0.044675
2.687700,2.936137,-0.030649
2.687700,2.693427,0.003022
2.687700,3.781441,0.088808
2.687700,7.132814,-0.125007
2.687700,2.780402,-0.014288
2.687700,2.746501,0.010277
2.687700,5.854928,0.129424
2.687700,4.230855,-0.106212
2.687700,2.703484,-0.004890
2.687700,2.843077,0.021286
2.687700,9.249737,0.096524
2.687700,3.394584,-0.067259
2.687700,2.688065,-0.000942
2.687700,3.133299,0.048143
2.687700,11.319464,-0.039990
2.687700,2.944745,-0.031507
2.687700,2.689034,0.002442
2.687700,3.623655,0.080883
2.687700,7.836283,-0.117970
2.687700,2.799387,-0.016559
2.687700,2.718437,0.006946
2.687700,4.811143,0.120082
2.687700,4.988996,-0.122867
2.687700,2.723221,-0.007531
2.687700,2.794623,0.016009
2.687700,7.665304,0.119922
2.687700,3.658363,-0.082721
2.687700,2.689804,-0.002594
2.687700,2.936531,0.030715
2.687700,11.220983,0.044384
2.687700,3.147338,-0.049277
2.687700,2.688317,0.000869
2.687700,3.388513,0.066858
2.687700,9.294593,-0.095687
2.687700,2.844649,-0.021445
2.687700,2.703990,0.004937
2.687700,4.246760,0.106707
2.687700,5.822701,-0.129350
2.687700,2.745709,-0.010169
2.687700,2.782957,0.014573
2.687700,7.225229,0.124237
2.687700,3.758264,-0.087707
2.687700,2.693195,-0.002890
2.687700,2.950326,0.032005
2.687700,11.377757,0.037143
2.687700,3.124668,-0.047416
2.687700,2.690833,0.001330
2.687700,3.495064,0.073542
2.687700,8.565972,-0.108057
2.687700,2.821455,-0.018875
2.687700,2.722959,0.007299
2.687700,4.947516,0.122263
2.687700,4.850318,-0.120740
2.687700,2.720377,-0.006976
2.687700,2.825127,0.019282
2.687700,8.685936,0.106192
2.687700,3.476280,-0.072405
2.687700,2.690606,-0.001224
2.687700,3.135547,0.048306
2.687700,11.304882,-0.040666
2.687700,2.943643,-0.031369
2.687700,2.693247,0.002945
2.687700,3.767213,0.088135
2.687700,7.189120,-0.124544
2.687700,2.781947,-0.014462
2.687700,2.745736,0.010180
2.687700,5.824960,0.129355
2.687700,4.245628,-0.106672
2.687700,2.703903,-0.004940
2.687700,2.842947,0.021269
2.687700,9.245503,0.096602
2.687700,3.395167,-0.067296
2.687700,2.688165,-0.000934
2.687700,3.135956,0.048358
2.687700,11.301298,-0.040835
2.687700,2.943159,-0.031354
2.687700,2.689258,0.002481
2.687700,3.632877,0.081377
2.687700,7.789889,-0.118514
2.687700,2.798092,-0.016409
2.687700,2.719839,0.007117
2.687700,4.863033,0.120956
2.687700,4.934089,-0.122070
2.687700,2.721750,-0.007351
2.687700,2.796190,0.016189
2.687700,7.721641,0.119295
2.687700,3.646704,-0.082110
2.687700,2.689565,-0.002541
2.687700,2.939886,0.031039
2.687700,11.262554,0.042583
2.687700,3.141514,-0.048808
2.687700,2.688268,0.000906
2.687700,3.392859,0.067144
2.687700,9.262504,-0.096287
2.687700,2.843542,-0.021329
2.687700,2.704123,0.004961
2.687700,4.252661,0.106889
2.687700,5.810892,-0.129320
2.687700,2.745389,-0.010132
2.687700,2.783020,0.014582
2.687700,7.227901,0.124214
2.687700,3.757603,-0.087675
2.687700,2.693152,-0.002890
2.687700,2.949587,0.031935
2.687700,11.370076,0.037530
2.687700,3.125843,-0.047513
2.687700,2.690778,0.001315
2.687700,3.492018,0.073359
2.687700,8.585172,-0.107763
2.687700,2.822035,-0.018940
2.687700,2.722453,0.007237
2.687700,4.928630,0.121981
2.687700,4.868540,-0.121039
2.687700,2.720857,-0.007037
2.687700,2.824301,0.019191
2.687700,8.659246,0.106613
2.687700,3.480409,-0.072657
2.687700,2.690637,-0.001249
2.687700,3.132546,0.048061
2.687700,11.325380,-0.039706
2.687700,2.945453,-0.031542
2.687700,2.693180,0.002924
2.687700,3.763015,0.087935
2.687700,7.205977,-0.124402
2.687700,2.782406,-0.014515
2.687700,2.745388,0.010137
2.687700,5.811604,0.129322
2.687700,4.252299,-0.106878
2.687700,2.704077,-0.004964
2.687700,2.842447,0.021216
2.687700,9.230755,0.096875
2.687700,3.397182,-0.067428
2.687700,2.688174,-0.000947
2.687700,3.134261,0.048220
2.687700,11.312936,-0.040295
2.687700,2.944176,-0.031451
2.687700,2.689232,0.002470
2.687700,3.630938,0.081273
2.687700,7.799593,-0.118401
2.687700,2.798368,-0.016439
2.687700,2.719683,0.007097
2.687700,4.857088,0.120859
2.687700,4.940246,-0.122162
2.687700,2.721920,-0.007370
2.687700,2.796138,0.016182
2.687700,7.719593,0.119318
2.687700,3.647125,-0.082132
2.687700,2.689591,-0.002541
2.687700,2.940318,0.031080
2.687700,11.267742,0.042353
2.687700,3.140780,-0.048748
2.687700,2.688295,0.000914
2.687700,3.394498,0.067251
2.687700,9.250470,-0.096510
2.687700,2.843135,-0.021285
2.687700,2.704342,0.004989
2.687700,4.260795,0.107138
2.687700,5.794770,-0.129277
2.687700,2.744971,-0.010081
2.687700,2.783682,0.014657
2.687700,7.252048,0.124005
2.687700,3.751692,-0.087391
2.687700,2.693071,-0.002859
2.687700,2.952537,0.032216
2.687700,11.400290,0.035985
2.687700,3.121166,-0.047128
2.687700,2.690836,0.001356
2.687700,3.498781,0.073765
2.687700,8.542644,-0.108412
2.687700,2.820740,-0.018797
2.687700,2.723264,0.007339
2.687700,4.959366,0.122437
2.687700,4.839037,-0.120551
2.687700,2.720067,-0.006939
2.687700,2.825273,0.019299
2.687700,8.690911,0.106114
2.687700,3.475510,-0.072359
2.687700,2.690552,-0.001224
2.687700,3.134570,0.048227
2.687700,11.311568,-0.040355
2.687700,2.944224,-0.031425
2.687700,2.693121,0.002926
2.687700,3.762319,0.087902
2.687700,7.208768,-0.124378
2.687700,2.782468,-0.014525
2.687700,2.744934,0.010085
2.687700,5.794892,0.129277
2.687700,4.260722,-0.107136
2.687700,2.704266,-0.004998
2.687700,2.840858,0.021050
2.687700,9.184142,0.097729
2.687700,3.403581,-0.067845
2.687700,2.688106,-0.001001
2.687700,3.125833,0.047533
2.687700,11.369349,-0.037571
2.687700,2.949333,-0.031944
2.687700,2.688943,0.002398
2.687700,3.615723,0.080455
2.687700,7.876811,-0.117486
2.687700,2.800545,-0.016687
2.687700,2.717862,0.006872
2.687700,4.789166,0.119696
2.687700,5.013078,-0.123200
2.687700,2.723883,-0.007608
2.687700,2.794488,0.015989
2.687700,7.659767,0.119982
2.687700,3.659527,-0.082781
2.687700,2.689905,-0.002590
2.687700,2.938609,0.030914
2.687700,11.246833,0.043273
2.687700,3.143739,-0.048986
2.687700,2.688434,0.000909
2.687700,3.396067,0.067353
2.687700,9.239029,-0.096722
2.687700,2.842765,-0.021242
2.687700,2.704982,0.005066
2.687700,4.283621,0.107826
2.687700,5.750392,-0.129143
2.687700,2.743836,-0.009936
2.687700,2.785909,0.014908
2.687700,7.332731,0.123280
2.687700,3.732347,-0.086450
2.687700,2.692849,-0.002751
2.687700,2.963555,0.033256
2.687700,11.500723,0.030295
2.687700,3.104500,-0.045746
2.687700,2.691068,0.001505
2.687700,3.523776,0.075246
2.687700,8.389512,-0.110680
2.687700,2.816132,-0.018286
2.687700,2.726296,0.007720
2.687700,5.074330,0.123995
2.687700,4.735452,-0.118704
2.687700,2.717294,-0.006593
2.687700,2.828916,0.019703
2.687700,8.808302,0.104222
2.687700,3.457676,-0.071263
2.687700,2.690261,-0.001132
2.687700,3.142530,0.048875
2.687700,11.256022,-0.042868
2.687700,2.939492,-0.030975
2.687700,2.692950,0.002941
2.687700,3.761611,0.087869
2.687700,7.211570,-0.124355
2.687700,2.782499,-0.014539
2.687700,2.743575,0.009932
2.687700,5.745041,0.129126
2.687700,4.286386,-0.107910
2.687700,2.704841,-0.005101
2.687700,2.835988,0.020538
2.687700,9.038825,0.100322
2.687700,3.423917,-0.069156
2.687700,2.687906,-0.001169
2.687700,3.099617,0.045362
2.687700,11.527005,-0.028629
2.687700,2.966637,-0.033580
2.687700,2.688238,0.002187
2.687700,3.573715,0.078139
2.687700,8.100600,-0.114670
2.687700,2.806957,-0.017409
2.687700,2.713237,0.006291
2.687700,4.616417,0.116312
2.687700,5.221530,-0.125675
2.687700,2.729483,-0.008282
2.687700,2.789848,0.015445
2.687700,7.490105,0.121766
2.687700,3.696160,-0.084660
2.687700,2.690806,-0.002739
2.687700,2.932825,0.030351
2.687700,11.172389,0.046400
2.687700,3.154010,-0.049809
2.687700,2.688775,0.000874
2.687700,3.396796,0.067398
2.687700,9.233849,-0.096817
2.687700,2.842638,-0.021219
2.687700,2.706325,0.005223
2.687700,4.330880,0.109204
2.687700,5.662383,-0.128811
2.687700,2.741595,-0.009647
2.687700,2.790723,0.015447
2.687700,7.505688,0.121604
2.687700,3.692844,-0.084479
2.687700,2.692477,-0.002521
2.687700,2.988737,0.035596
2.687700,11.661291,0.017787
2.687700,3.070561,-0.042870
2.687700,2.691520,0.001806
2.687700,3.574270,0.078144
2.687700,8.098858,-0.114687
2.687700,2.807587,-0.017334
2.687700,2.731997,0.008434
2.687700,5.291390,0.126347
2.687700,4.564881,-0.115169
2.687700,2.712719,-0.006017
2.687700,2.835413,0.020418
2.687700,9.012618,0.100775
2.687700,3.427770,-0.069387
2.687700,2.689769,-0.000978
2.687700,3.155783,0.049944
2.687700,11.159598,-0.046915
2.687700,2.931946,-0.030253
2.687700,2.692629,0.002960
2.687700,3.758853,0.087740
2.687700,7.222634,-0.124261
2.687700,2.782721,-0.014582
2.687700,2.741104,0.009652
2.687700,5.654293,0.128778
2.687700,4.335292,-0.109333
2.687700,2.705977,-0.005292
2.687700,2.828016,0.019695
2.687700,8.793420,0.104469
2.687700,3.459738,-0.071411
2.687700,2.687666,-0.001451
2.687700,3.057289,0.041755
2.687700,11.703427,-0.012622
2.687700,2.999377,-0.036607
2.687700,2.687676,0.001879
2.687700,3.520453,0.075078
2.687700,8.408104,-0.110416
2.687700,2.816057,-0.018412
2.687700,2.708792,0.005709
2.687700,4.448188,0.112373
2.687700,5.463929,-0.127723
2.687700,2.735968,-0.009056
2.687700,2.784804,0.014848
2.687700,7.303356,0.123551
2.687700,3.739229,-0.086795
2.687700,2.691868,-0.002913
2.687700,2.926212,0.029705
2.687700,11.080049,0.050011
2.687700,3.166294,-0.050785
2.687700,2.689115,0.000825
2.687700,3.395453,0.067307
2.687700,9.243836,-0.096632
2.687700,2.843026,-0.021250
2.687700,2.707505,0.005357
2.687700,4.371905,0.110351
2.687700,5.589947,-0.128469
2.687700,2.739762,-0.009408
2.687700,2.795064,0.015930
2.687700,7.659967,0.119975
2.687700,3.659671,-0.082770
2.687700,2.692251,-0.002317
2.687700,3.012776,0.037785
2.687700,11.734573,0.006524
2.687700,3.042636,-0.040443
2.687700,2.691911,0.002057
2.687700,3.616662,0.080482
2.687700,7.873138,-0.117524
2.687700,2.801105,-0.016607
2.687700,2.736339,0.008975
2.687700,5.457487,0.127674
2.687700,4.452413,-0.112473
2.687700,2.709704,-0.005632
2.687700,2.840383,0.020959
2.687700,9.164136,0.098090
2.687700,3.406431,-0.068019
2.687700,2.689456,-0.000863
2.687700,3.166553,0.050803
2.687700,11.078191,-0.050080
2.687700,2.926110,-0.029690
2.687700,2.692509,0.002989
2.687700,3.761083,0.087848
2.687700,7.213549,-0.124339
2.687700,2.782428,-0.014558
2.687700,2.740020,0.009532
2.687700,5.614992,0.128597
2.687700,4.357399,-0.109955
2.687700,2.706479,-0.005380
2.687700,2.824134,0.019283
2.687700,8.670813,0.106436
2.687700,3.478413,-0.072560
2.687700,2.687564,-0.001595
2.687700,3.036048,0.039896
2.687700,11.742180,-0.003821
2.687700,3.018561,-0.038341
2.687700,2.687557,0.001723
2.687700,3.496403,0.073649
2.687700,8.556161,-0.108212
2.687700,2.820569,-0.018901
2.687700,2.707266,0.005498
2.687700,4.389155,0.110825
2.687700,5.560328,-0.128314
2.687700,2.738545,-0.009361
2.687700,2.782981,0.014630
2.687700,7.235158,0.124154
2.687700,3.755748,-0.087593
2.687700,2.692292,-0.002977
2.687700,2.924234,0.029510
2.687700,11.050856,0.051100
2.687700,3.170097,-0.051085
2.687700,2.689260,0.000814
2.687700,3.396329,0.067363
2.687700,9.237485,-0.096749
2.687700,2.842831,-0.021225
2.687700,2.708122,0.005430
2.687700,4.393816,0.110945
2.687700,5.552671,-0.128268
2.687700,2.738811,-0.009285
2.687700,2.797097,0.016157
2.687700,7.731825,0.119174
2.687700,3.644826,-0.081990
2.687700,2.692156,-0.002225
2.687700,3.023761,0.038770
2.687700,11.745286,0.001602
2.687700,3.031090,-0.039423
2.687700,2.692072,0.002161
2.687700,3.634266,0.081429
2.687700,7.784031,-0.118576
2.687700,2.798575,-0.016322
2.687700,2.737972,0.009179
2.687700,5.520194,0.128078
2.687700,4.413370,-0.111465
2.687700,2.708655,-0.005497
2.687700,2.842169,0.021152
2.687700,9.217637,0.097115
2.687700,3.399050,-0.067540
2.687700,2.689341,-0.000824
2.687700,3.170077,0.051083
2.687700,11.051041,-0.051093
2.687700,2.924253,-0.029511
2.687700,2.692445,0.002995
2.687700,3.760912,0.087840
2.687700,7.214219,-0.124333
2.687700,2.782429,-0.014562
2.687700,2.739509,0.009475
2.687700,5.596287,0.128504
2.687700,4.368131,-0.110252
2.687700,2.706734,-0.005421
2.687700,2.822577,0.019117
2.687700,8.621045,0.107215
2.687700,3.486157,-0.073031
2.687700,2.687540,-0.001653
2.687700,3.027856,0.039171
2.687700,11.746071,-0.000286
2.687700,3.026546,-0.039054
2.687700,2.687540,0.001662
2.687700,3.487500,0.073112
2.687700,8.612475,-0.107347
2.687700,2.822311,-0.019089
2.687700,2.706792,0.005430
2.687700,4.370484,0.110317
2.687700,5.592217,-0.128484
2.687700,2.739399,-0.009462
2.687700,2.782470,0.014568
2.687700,7.215823,0.124320
2.687700,3.760514,-0.087821
2.687700,2.692429,-0.002994
2.687700,2.924113,0.029497
2.687700,11.048985,0.051169
2.687700,3.170343,-0.051104
2.687700,2.689327,0.000820
2.687700,3.398296,0.067491
2.687700,9.223129,-0.097014
2.687700,2.842353,-0.021172
2.687700,2.708538,0.005482
2.687700,4.409019,0.111350
2.687700,5.527359,-0.128121
2.687700,2.738158,-0.009202
2.687700,2.798273,0.016288
2.687700,7.773345,0.118700
2.687700,3.636413,-0.081543
2.687700,2.692091,-0.002174
2.687700,3.029657,0.039295
2.687700,11.745716,-0.000981
2.687700,3.025172,-0.038896
2.687700,2.692142,0.002213
2.687700,3.642876,0.081887
2.687700,7.741398,-0.119066
2.687700,2.797368,-0.016187
2.687700,2.738671,0.009267
2.687700,5.547236,0.128237
2.687700,4.397058,-0.111032
2.687700,2.708212,-0.005441
2.687700,2.842759,0.021217
2.687700,9.235294,0.096790
2.687700,3.396629,-0.067383
2.687700,2.689277,-0.000814
2.687700,3.170360,0.051105
2.687700,11.048835,-0.051175
2.687700,2.924099,-0.029497
2.687700,2.692336,0.002984
2.687700,3.757365,0.087671
2.687700,7.228579,-0.124210
2.687700,2.782807,-0.014609
2.687700,2.738811,0.009393
2.687700,5.570271,0.128368
2.687700,4.383289,-0.110667
2.687700,2.707116,-0.005477
2.687700,2.821081,0.018957
2.687700,8.572762,0.107959
2.687700,3.493765,-0.073490
2.687700,2.687549,-0.001705
2.687700,3.020846,0.038545
2.687700,11.743989,0.002802
2.687700,3.033667,-0.039686
2.687700,2.687555,0.001612
2.687700,3.480591,0.072693
2.687700,8.656752,-0.106657
2.687700,2.823693,-0.019236
2.687700,2.706542,0.005391
2.687700,4.360111,0.110030
2.687700,5.610242,-0.128574
2.687700,2.739890,-0.009518
2.687700,2.782403,0.014556
2.687700,7.212809,0.124345
2.687700,3.761264,-0.087856
2.687700,2.692494,-0.002992
2.687700,2.925473,0.029629
2.687700,11.068939,0.050428
2.687700,3.167758,-0.050899
2.687700,2.689421,0.000850
2.687700,3.404029,0.067864
2.687700,9.181487,-0.097775
2.687700,2.840961,-0.021021
2.687700,2.709368,0.005589
2.687700,4.439903,0.112154
2.687700,5.477277,-0.127808
2.687700,2.736855,-0.009040
2.687700,2.800317,0.016518
2.687700,7.845439,0.117855
2.687700,3.622079,-0.080775
2.687700,2.691961,-0.002089
2.687700,3.039090,0.040131
2.687700,11.739199,-0.005029
2.687700,3.016080,-0.038082
2.687700,2.692223,0.002289
2.687700,3.655220,0.082537
2.687700,7.681323,-0.119740
2.687700,2.795667,-0.015998
2.687700,2.739490,0.009373
2.687700,5.579270,0.128413
2.687700,4.378124,-0.110521
2.687700,2.707682,-0.005378
2.687700,2.843008,0.021247
2.687700,9.243129,0.096645
2.687700,3.395552,-0.067313
2.687700,2.689160,-0.000820
2.687700,3.167636,0.050891
2.687700,11.069778,-0.050397
2.687700,2.925510,-0.029636
2.687700,2.692005,0.002934
2.687700,3.744610,0.087056
2.687700,7.280939,-0.123752
2.687700,2.784203,-0.014776
2.687700,2.736796,0.009154
2.687700,5.494895,0.127926
2.687700,4.428786,-0.111874
2.687700,2.708287,-0.005640
2.687700,2.817437,0.018562
2.687700,8.453695,0.109748
2.687700,3.512945,-0.074635
2.687700,2.687630,-0.001831
2.687700,3.005074,0.037125
2.687700,11.719504,0.009963
2.687700,3.050737,-0.041185
2.687700,2.687633,0.001495
2.687700,3.465418,0.071762
2.687700,8.755743,-0.105081
2.687700,2.826816,-0.019568
2.687700,2.706132,0.005320
2.687700,4.342127,0.109527
2.687700,5.642031,-0.128723
2.687700,2.740767,-0.009615
2.687700,2.782647,0.014576
2.687700,7.220412,0.124280
2.687700,3.759397,-0.087766
2.687700,2.692590,-0.002968
2.687700,2.930234,0.030088
2.687700,11.136333,0.047841
2.687700,3.158895,-0.050193
2.687700,2.689676,0.000944
2.687700,3.421517,0.068989
2.687700,9.056527,-0.100009
2.687700,2.836840,-0.020574
2.687700,2.711822,0.005903
2.687700,4.531444,0.114400
2.687700,5.338657,-0.126764
2.687700,2.733235,-0.008588
2.687700,2.805758,0.017129
2.687700,8.035561,0.115507
2.687700,3.585856,-0.078791
2.687700,2.691627,-0.001875
2.687700,3.062904,0.042210
2.687700,11.687425,-0.014788
2.687700,2.995000,-0.036171
2.687700,2.692412,0.002467
2.687700,3.683997,0.084028
2.687700,7.546003,-0.121191
2.687700,2.791853,-0.015573
2.687700,2.741129,0.009586
2.687700,5.643930,0.128730
2.687700,4.341142,-0.109495
2.687700,2.706623,-0.005257
2.687700,2.842797,0.021233
2.687700,9.238144,0.096737
2.687700,3.396215,-0.067359
2.687700,2.688865,-0.000859
2.687700,3.157496,0.050087
2.687700,11.146518,-0.047439
2.687700,2.930915,-0.030165
2.687700,2.691086,0.002786
2.687700,3.707669,0.085239
2.687700,7.438895,-0.122274
2.687700,2.788457,-0.015281
2.687700,2.731199,0.008488
2.687700,5.285635,0.126299
2.687700,4.568876,-0.115266
2.687700,2.711971,-0.006128
2.687700,2.809112,0.017649
2.687700,8.174519,0.113688
2.687700,3.560469,-0.077391
2.687700,2.688059,-0.002115
2.687700,2.973494,0.034221
2.687700,11.576585,0.025176
2.687700,3.090026,-0.044556
2.687700,2.687845,0.001232
2.687700,3.431797,0.069658
2.687700,8.983683,-0.101279
2.687700,2.834171,-0.020347
2.687700,2.705095,0.005144
2.687700,4.297347,0.108235
2.687700,5.724229,-0.129055
2.687700,2.743010,-0.009868
2.687700,2.782592,0.014553
2.687700,7.215621,0.124320
2.687700,3.760603,-0.087822
2.687700,2.692874,-0.002943
2.687700,2.938053,0.030837
2.687700,11.238397,0.043636
2.687700,3.145001,-0.049075
2.687700,2.690159,0.001102
2.687700,3.451750,0.070895
2.687700,8.848040,-0.103567
2.687700,2.830162,-0.019841
2.687700,2.716357,0.006476
2.687700,4.700506,0.118031
2.687700,5.115795,-0.124502
2.687700,2.727387,-0.007857
2.687700,2.814472,0.018102
2.687700,8.333724,0.111480
2.687700,3.533143,-0.075793
2.687700,2.691151,-0.001561
2.687700,3.098142,0.045213
2.687700,11.535693,-0.028047
2.687700,2.967978,-0.033670
2.687700,2.692767,0.002709
2.687700,3.724810,0.086079
2.687700,7.364865,-0.122981
2.687700,2.786799,-0.015008
2.687700,2.743377,0.009878
2.687700,5.732478,0.129082
2.687700,4.293021,-0.108105
2.687700,2.705245,-0.005098
2.687700,2.842590,0.021222
2.687700,9.233653,0.096821
2.687700,3.396805,-0.067401
2.687700,2.688489,-0.000908
2.687700,3.144793,0.049071
2.687700,11.239332,-0.043598
2.687700,2.938007,-0.030855
2.687700,2.690027,0.002609
2.687700,3.664318,0.083030
2.687700,7.636988,-0.120230
2.687700,2.793863,-0.015916
2.687700,2.724654,0.007700
2.687700,5.041653,0.123582
2.687700,4.763669,-0.119236
2.687700,2.717179,-0.006787
2.687700,2.801418,0.016786
2.687700,7.907573,0.117113
2.687700,3.609769,-0.080132
2.687700,2.688836,-0.002369
2.687700,2.951550,0.032155
2.687700,11.392236,0.036408
2.687700,3.122302,-0.047243
2.687700,2.688081,0.001024
2.687700,3.406382,0.068027
2.687700,9.163875,-0.098097
2.687700,2.840173,-0.020978
2.687700,2.704364,0.005014
2.687700,4.264912,0.107263
2.687700,5.786645,-0.129254
2.687700,2.744711,-0.010060
2.687700,2.782546,0.014535
2.687700,7.211828,0.124352
2.687700,3.761559,-0.087866
2.687700,2.693089,-0.002925
2.687700,2.943936,0.031398
2.687700,11.308304,0.040507
2.687700,3.135045,-0.048266
2.687700,2.690521,0.001217
2.687700,3.474007,0.072267
2.687700,8.700672,-0.105959
2.687700,2.825572,-0.019333
2.687700,2.719804,0.006907
2.687700,4.829263,0.120386
2.687700,4.969736,-0.122587
2.687700,2.723537,-0.007374
2.687700,2.820283,0.018747
2.687700,8.527621,0.108639
2.687700,3.501188,-0.073909
2.687700,2.690854,-0.001371
2.687700,3.119408,0.046983
2.687700,11.411434,-0.035398
2.687700,2.953661,-0.032322
2.687700,2.693035,0.002846
2.687700,3.749271,0.087274
2.687700,7.262001,-0.123917
2.687700,2.783955,-0.014688
2.687700,2.744775,0.010056
2.687700,5.787234,0.129256
2.687700,4.264624,-0.107254
2.687700,2.704443,-0.005003
2.687700,2.842876,0.021258
2.687700,9.242828,0.096652
2.687700,3.395541,-0.067319
2.687700,2.688302,-0.000921
2.687700,3.139982,0.048684
2.687700,11.273349,-0.042103
2.687700,2.940787,-0.031125
2.687700,2.689582,0.002536
2.687700,3.646321,0.082089
2.687700,7.723519,-0.119273
2.687700,2.796249,-0.016195
2.687700,2.721867,0.007364
2.687700,4.938214,0.122132
2.687700,4.859047,-0.120891
2.687700,2.719737,-0.007103
2.687700,2.798374,0.016440
2.687700,7.799729,0.118399
2.687700,3.630911,-0.081272
2.687700,2.689241,-0.002469
2.687700,2.944471,0.031479
2.687700,11.316268,0.040140
2.687700,3.133774,-0.048181
2.687700,2.688186,0.000952
2.687700,3.398080,0.067486
2.687700,9.224198,-0.096996
2.687700,2.842225,-0.021192
2.687700,2.704186,0.004978
2.687700,4.256377,0.107003
2.687700,5.803496,-0.129301
2.687700,2.745177,-0.010111
2.687700,2.782728,0.014552
2.687700,7.217732,0.124302
2.687700,3.760105,-0.087796
2.687700,2.693139,-0.002909
2.687700,2.946846,0.031675
2.687700,11.340770,0.038970
2.687700,3.130263,-0.047875
2.687700,2.690665,0.001269
2.687700,3.483707,0.072857
2.687700,8.638056,-0.106945
2.687700,2.823649,-0.019119
2.687700,2.721256,0.007087
2.687700,4.883642,0.121282
2.687700,4.913217,-0.121746
2.687700,2.722041,-0.007186
2.687700,2.822535,0.018996
2.687700,8.601624,0.107510
2.687700,3.489420,-0.073203
2.687700,2.690735,-0.001301
2.687700,3.126971,0.047605
2.687700,11.362661,-0.037899
2.687700,2.948881,-0.031868
2.687700,2.693126,0.002892
2.687700,3.757477,0.087670
2.687700,7.228404,-0.124210
2.687700,2.783027,-0.014584
2.687700,2.745183,0.010109
2.687700,5.803350,0.129300
2.687700,4.256453,-0.107005
2.687700,2.704206,-0.004976
2.687700,2.842777,0.021249
2.687700,9.240237,0.096700
2.687700,3.395890,-0.067343
2.687700,2.688232,-0.000931
2.687700,3.137407,0.048475
2.687700,11.291288,-0.041294
2.687700,2.942301,-0.031271
2.687700,2.689403,0.002504
2.687700,3.638667,0.081685
2.687700,7.761120,-0.118846
2.687700,2.797293,-0.016316
2.687700,2.720747,0.007227
2.687700,4.896639,0.121495
2.687700,4.899911,-0.121546
2.687700,2.720835,-0.007238
2.687700,2.797205,0.016306
2.687700,7.757974,0.118882
2.687700,3.639304,-0.081718
2.687700,2.689417,-0.002507
2.687700,2.942150,0.031256
2.687700,11.289514,0.041375
2.687700,3.137663,-0.048496
2.687700,2.688237,0.000930
2.687700,3.395785,0.067336
2.687700,9.241006,-0.096686
2.687700,2.842804,-0.021252
2.687700,2.704217,0.004977
2.687700,4.256792,0.107015
2.687700,5.802679,-0.129298
2.687700,2.745167,-0.010107
2.687700,2.783078,0.014590
2.687700,7.230228,0.124194
2.687700,3.757029,-0.087648
2.687700,2.693121,-0.002890
2.687700,2.949161,0.031895
2.687700,11.365621,0.037752
2.687700,3.126521,-0.047568
2.687700,2.690743,0.001306
2.687700,3.490146,0.073247
2.687700,8.597019,-0.107581
2.687700,2.822394,-0.018980
2.687700,2.722136,0.007198
2.687700,4.916804,0.121801
2.687700,4.880109,-0.121226
2.687700,2.721161,-0.007076
2.687700,2.823776,0.019133
2.687700,8.642222,0.106880
2.687700,3.483057,-0.072818
2.687700,2.690656,-0.001266
2.687700,3.130606,0.047903
2.687700,11.338470,-0.039081
2.687700,2.946636,-0.031655
2.687700,2.693137,0.002910
2.687700,3.760287,0.087804
2.687700,7.216994,-0.124308
2.687700,2.782707,-0.014550
2.687700,2.745159,0.010109
2.687700,5.802845,0.129299
2.687700,4.256705,-0.107013
2.687700,2.704192,-0.004980
2.687700,2.842118,0.021181
2.687700,9.221072,0.097053
2.687700,3.398508,-0.067514
2.687700,2.688179,-0.000956
2.687700,3.133150,0.048130
2.687700,11.320516,-0.039940
2.687700,2.944847,-0.031515
2.687700,2.689216,0.002463
2.687700,3.629683,0.081206
2.687700,7.805890,-0.118327
2.687700,2.798546,-0.016459
2.687700,2.719583,0.007084
2.687700,4.853310,0.120796
2.687700,4.944177,-0.122220
2.687700,2.722028,-0.007383
2.687700,2.796106,0.016178
2.687700,7.718381,0.119331
2.687700,3.647375,-0.082145
2.687700,2.689608,-0.002541
2.687700,2.940611,0.031108
2.687700,11.271242,0.042198
2.687700,3.140283,-0.048708
2.687700,2.688312,0.000920
2.687700,3.395588,0.067322
2.687700,9.242482,-0.096658
2.687700,2.842865,-0.021256
2.687700,2.704487,0.005008
2.687700,4.266181,0.107301
2.687700,5.784183,-0.129247
2.687700,2.744697,-0.010046
2.687700,2.784115,0.014706
2.687700,7.267827,0.123866
2.687700,3.747860,-0.087206
2.687700,2.693019,-0.002838
2.687700,2.954467,0.032399
2.687700,11.419292,0.034979
2.687700,3.118156,-0.046880
2.687700,2.690872,0.001382
2.687700,3.503097,0.074023
2.687700,8.515751,-0.108818
2.687700,2.819924,-0.018707
2.687700,2.723774,0.007404
2.687700,4.978720,0.122716
2.687700,4.820868,-0.120243
2.687700,2.719580,-0.006879
2.687700,2.825867,0.019366
2.687700,8.710232,0.105807
2.687700,3.472540,-0.072177
2.687700,2.690499,-0.001210
2.687700,3.135733,0.048322
2.687700,11.303574,-0.040726
2.687700,2.943522,-0.031359
2.687700,2.693078,0.002926
2.687700,3.761636,0.087870
2.687700,7.211514,-0.124355
2.687700,2.782534,-0.014535
2.687700,2.744619,0.010050
2.687700,5.783292,0.129245
2.687700,4.266622,-0.107315
2.687700,2.704401,-0.005021
2.687700,2.839814,0.020940
2.687700,9.153249,0.098289
2.687700,3.407855,-0.068122
2.687700,2.688064,-0.001036
2.687700,3.120338,0.047082
2.687700,11.404764,-0.035755
2.687700,2.952798,-0.032273
2.687700,2.688775,0.002352
2.687700,3.606378,0.079947
2.687700,7.925233,-0.116897
2.687700,2.801919,-0.016843
2.687700,2.716785,0.006737
2.687700,4.748960,0.118964
2.687700,5.058462,-0.123800
2.687700,2.725106,-0.007755
2.687700,2.793485,0.015872
2.687700,7.623202,0.120379
2.687700,3.667236,-0.083182
2.687700,2.690100,-0.002621
2.687700,2.937564,0.030812
2.687700,11.233786,0.043837
2.687700,3.145568,-0.049133
2.687700,2.688519,0.000906
2.687700,3.396985,0.067412
2.687700,9.232350,-0.096845
2.687700,2.842550,-0.021217
2.687700,2.705370,0.005113
2.687700,4.297452,0.108235
2.687700,5.724105,-0.129053
2.687700,2.743163,-0.009850
2.687700,2.787238,0.015058
2.687700,7.380713,0.122832
2.687700,3.721127,-0.085897
2.687700,2.692729,-0.002688
2.687700,2.970224,0.033880
2.687700,11.552308,0.026914
2.687700,3.094982,-0.044947
2.687700,2.691193,0.001589
2.687700,3.537833,0.076065
2.687700,8.306119,-0.111870
2.687700,2.813654,-0.018011
2.687700,2.727930,0.007926
2.687700,5.136453,0.124744
2.687700,4.683538,-0.117695
2.687700,2.715902,-0.006419
2.687700,2.830785,0.019910
2.687700,8.867778,0.103239
2.687700,3.448827,-0.070713
2.687700,2.690110,-0.001087
2.687700,3.146261,0.049177
2.687700,11.229346,-0.044025
2.687700,2.937326,-0.030768
2.687700,2.692840,0.002944
2.687700,3.760236,0.087804
2.687700,7.217096,-0.124308
2.687700,2.782624,-0.014559
2.687700,2.742752,0.009839
2.687700,5.714742,0.129020
2.687700,4.302393,-0.108383
2.687700,2.705212,-0.005164
2.687700,2.833336,0.020259
2.687700,8.958196,0.101716
2.687700,3.435471,-0.069891
2.687700,2.687818,-0.001261
2.687700,3.085602,0.044182
2.687700,11.597748,-0.023549
2.687700,2.976761,-0.034525
2.687700,2.687987,0.002082
2.687700,3.554627,0.077058
2.687700,8.207653,-0.113239
2.687700,2.810084,-0.017757
2.687700,2.711444,0.006060
2.687700,4.549018,0.114814
2.687700,5.313383,-0.126550
2.687700,2.731942,-0.008576
2.687700,2.787861,0.015211
2.687700,7.416871,0.122489
2.687700,3.712687,-0.085489
2.687700,2.691207,-0.002807
2.687700,2.930073,0.030083
2.687700,11.134926,0.047897
2.687700,3.159046,-0.050211
2.687700,2.688903,0.000852
2.687700,3.395856,0.067335
2.687700,9.240784,-0.096689
2.687700,2.842892,-0.021242
2.687700,2.706736,0.005269
2.687700,4.344991,0.109603
2.687700,5.637068,-0.128698
2.687700,2.740957,-0.009563
2.687700,2.792297,0.015623
2.687700,7.561774,0.121027
2.687700,3.680571,-0.083852
2.687700,2.692390,-0.002446
2.687700,2.997509,0.036400
2.687700,11.696457,0.013599
2.687700,3.059915,-0.041952
2.687700,2.691670,0.001902
2.687700,3.590443,0.079046
2.687700,8.010841,-0.115822
2.687700,2.805046,-0.017049
2.687700,2.733722,0.008649
2.687700,5.357252,0.126920
2.687700,4.518613,-0.114097
2.687700,2.711479,-0.005859
2.687700,2.837414,0.020636
2.687700,9.074092,0.099699
2.687700,3.419032,-0.068830
2.687700,2.689642,-0.000931
2.687700,3.160221,0.050299
2.687700,11.126353,-0.048233
2.687700,2.929511,-0.030018
2.687700,2.692584,0.002972
2.687700,3.759946,0.087793
2.687700,7.218180,-0.124299
2.687700,2.782582,-0.014570
2.687700,2.740684,0.009606
2.687700,5.639092,0.128710
2.687700,4.343773,-0.109573
2.687700,2.706167,-0.005326
2.687700,2.826449,0.019529
2.687700,8.744200,0.105267
2.687700,3.467168,-0.071870
2.687700,2.687620,-0.001509
2.687700,3.048645,0.041003
2.687700,11.723891,-0.009104
2.687700,3.006933,-0.037293
2.687700,2.687615,0.001816
2.687700,3.510485,0.074489
2.687700,8.468755,-0.109526
2.687700,2.817895,-0.018612
2.687700,2.708118,0.005617
2.687700,4.422267,0.111704
2.687700,5.505454,-0.127992
2.687700,2.737077,-0.009188
2.687700,2.783984,0.014750
2.687700,7.272772,0.123824
2.687700,3.746582,-0.087152
2.687700,2.692052,-0.002942
2.687700,2.925169,0.029603
2.687700,11.064777,0.050584
2.687700,3.168287,-0.050942
2.687700,2.689171,0.000817
2.687700,3.395257,0.067294
2.687700,9.245298,-0.096605
2.687700,2.843084,-0.021254
2.687700,2.707700,0.005379
2.687700,4.378689,0.110536
2.687700,5.578304,-0.128408
2.687700,2.739467,-0.009369
2.687700,2.795769,0.016009
2.687700,7.684880,0.119700
2.687700,3.654483,-0.082499
2.687700,2.692222,-0.002284
2.687700,3.016736,0.038141
2.687700,11.739972,0.004733
2.687700,3.038393,-0.040069
2.687700,2.691974,0.002096
2.687700,3.623281,0.080840
2.687700,7.839325,-0.117928
2.687700,2.800144,-0.016499
2.687700,2.736986,0.009056
2.687700,5.482273,0.127840
2.687700,4.436773,-0.112074
2.687700,2.709285,-0.005578
2.687700,2.841147,0.021041
2.687700,9.187038,0.097674
2.687700,3.403262,-0.067814
2.687700,2.689415,-0.000845
2.687700,3.168345,0.050945
2.687700,11.064423,-0.050596
2.687700,2.925164,-0.029599
2.687700,2.692510,0.002996
2.687700,3.762125,0.087898
2.687700,7.209336,-0.124375
2.687700,2.782309,-0.014546
2.687700,2.739971,0.009528
2.687700,5.613309,0.128589
2.687700,4.358358,-0.109982
2.687700,2.706496,-0.005384
2.687700,2.823791,0.019247
2.687700,8.659920,0.106607
2.687700,3.480099,-0.072663
2.687700,2.687550,-0.001609
2.687700,3.033980,0.039714
2.687700,11.743782,-0.002936
2.687700,3.020544,-0.038518
2.687700,2.687544,0.001707
2.687700,3.493901,0.073498
2.687700,8.571904,-0.107972
2.687700,2.821054,-0.018954
2.687700,2.707096,0.005475
2.687700,4.382612,0.110648
2.687700,5.571422,-0.128375
2.687700,2.738840,-0.009397
2.687700,2.782733,0.014600
2.687700,7.225926,0.124233
2.687700,3.758018,-0.087702
2.687700,2.692344,-0.002987
2.687700,2.923740,0.029462
2.687700,11.043490,0.051371
2.687700,3.171050,-0.051160
2.687700,2.689265,0.000808
2.687700,3.395549,0.067312
2.687700,9.243200,-0.096643
2.687700,2.843026,-0.021245
2.687700,2.708080,0.005424
2.687700,4.392131,0.110900
2.687700,5.555506,-0.128284
2.687700,2.738887,-0.009294
2.687700,2.797053,0.016152
2.687700,7.730196,0.119193
2.687700,3.645159,-0.082007
2.687700,2.692166,-0.002226
2.687700,3.023773,0.038771
2.687700,11.745290,0.001597
2.687700,3.031078,-0.039421
2.687700,2.692082,0.002162
2.687700,3.634626,0.081448
2.687700,7.782242,-0.118597
2.687700,2.798527,-0.016317
2.687700,2.738049,0.009188
2.687700,5.523092,0.128096
2.687700,4.411608,-0.111418
2.687700,2.708612,-0.005490
2.687700,2.842360,0.021172
2.687700,9.223254,0.097011
2.687700,3.398280,-0.067490
2.687700,2.689347,-0.000818
2.687700,3.170995,0.051155
2.687700,11.043942,-0.051355
2.687700,2.923776,-0.029464
2.687700,2.692494,0.003005
2.687700,3.763084,0.087944
2.687700,7.205457,-0.124408
2.687700,2.782194,-0.014534
2.687700,2.739790,0.009508
2.687700,5.606837,0.128557
2.687700,4.362059,-0.110085
2.687700,2.706577,-0.005399
2.687700,2.823057,0.019169
2.687700,8.636517,0.106974
2.687700,3.483738,-0.072884
2.687700,2.687531,-0.001637
2.687700,3.029869,0.039350
2.687700,11.745731,-0.001163
2.687700,3.024550,-0.038876
2.687700,2.687528,0.001676
2.687700,3.489190,0.073214
2.687700,8.601716,-0.107514
2.687700,2.821974,-0.019053
2.687700,2.706813,0.005435
2.687700,4.371586,0.110347
2.687700,5.590313,-0.128474
2.687700,2.739344,-0.009456
2.687700,2.782362,0.014556
2.687700,7.212020,0.124352
2.687700,3.761454,-0.087866
2.687700,2.692428,-0.003001
2.687700,2.923222,0.029411
2.687700,11.035698,0.051657
2.687700,3.172056,-0.051239
2.687700,2.689288,0.000803
2.687700,3.395253,0.067293
2.687700,9.245375,-0.096603
2.687700,2.843103,-0.021253
2.687700,2.708140,0.005430
2.687700,4.394142,0.110953
2.687700,5.552127,-0.128265
2.687700,2.738803,-0.009283
2.687700,2.797297,0.016178
2.687700,7.738758,0.119096
2.687700,3.643414,-0.081915
2.687700,2.692160,-0.002215
2.687700,3.025232,0.038901
2.687700,11.745729,0.000955
2.687700,3.029598,-0.039290
2.687700,2.692110,0.002177
2.687700,3.637114,0.081580
2.687700,7.769866,-0.118740
2.687700,2.798178,-0.016277
2.687700,2.738301,0.009219
2.687700,5.532733,0.128153
2.687700,4.405770,-0.111264
2.687700,2.708457,-0.005470
2.687700,2.842702,0.021209
2.687700,9.233359,0.096825
2.687700,3.396897,-0.067400
2.687700,2.689336,-0.000809
2.687700,3.172003,0.051235
2.687700,11.036131,-0.051641
2.687700,2.923254,-0.029413
2.687700,2.692517,0.003011
2.687700,3.764432,0.088008
2.687700,7.200035,-0.124454
2.687700,2.782046,-0.014517
2.687700,2.739904,0.009522
2.687700,5.611213,0.128579
2.687700,4.359553,-0.110015
2.687700,2.706509,-0.005391
2.687700,2.823173,0.019182
2.687700,8.640297,0.106915
2.687700,3.483148,-0.072848
2.687700,2.687522,-0.001634
2.687700,3.030162,0.039376
2.687700,11.745647,-0.001290
2.687700,3.024261,-0.038851
2.687700,2.687519,0.001677
2.687700,3.489193,0.073215
2.687700,8.601692,-0.107514
2.687700,2.821972,-0.019053
2.687700,2.706770,0.005430
2.687700,4.370094,0.110306
2.687700,5.592888,-0.128487
2.687700,2.739410,-0.009465
2.687700,2.782234,0.014542
2.687700,7.207353,0.124392
2.687700,3.762610,-0.087921
2.687700,2.692444,-0.003007
2.687700,2.922649,0.029355
2.687700,11.027071,0.051971
2.687700,3.173165,-0.051327
2.687700,2.689271,0.000793
2.687700,3.393566,0.067182
2.687700,9.257755,-0.096374
2.687700,2.843522,-0.021298
2.687700,2.707938,0.005404
2.687700,4.386568,0.110749
2.687700,5.564901,-0.128335
2.687700,2.739136,-0.009324
2.687700,2.796812,0.016124
2.687700,7.721533,0.119290
2.687700,3.646932,-0.082101
2.687700,2.692197,-0.002235
2.687700,3.023086,0.038709
2.687700,11.745004,0.001901
2.687700,3.031783,-0.039484
2.687700,2.692097,0.002159
2.687700,3.634372,0.081434
2.687700,7.783511,-0.118582
2.687700,2.798567,-0.016320
2.687700,2.738136,0.009198
2.687700,5.526205,0.128114
2.687700,4.409720,-0.111368
2.687700,2.708569,-0.005483
2.687700,2.842713,0.021209
2.687700,9.233577,0.096821
2.687700,3.396869,-0.067398
2.687700,2.689366,-0.000805
2.687700,3.173008,0.051314
2.687700,11.028328,-0.051925
2.687700,2.922739,-0.029363
2.687700,2.692618,0.003027
2.687700,3.768420,0.088197
2.687700,7.184069,-0.124588
2.687700,2.781621,-0.014466
2.687700,2.740509,0.009594
2.687700,5.633874,0.128687
2.687700,4.346697,-0.109656
2.687700,2.706183,-0.005344
2.687700,2.824360,0.019309
2.687700,8.678340,0.106317
2.687700,3.477247,-0.072489
2.687700,2.687512,-0.001593
2.687700,3.035506,0.039849
2.687700,11.742639,-0.003591
2.687700,3.019074,-0.038387
2.687700,2.687503,0.001713
2.687700,3.494071,0.073509
2.687700,8.570813,-0.107989
2.687700,2.821013,-0.018951
2.687700,2.706907,0.005453
2.687700,4.376002,0.110468
2.687700,5.582713,-0.128435
2.687700,2.739129,-0.009434
2.687700,2.782154,0.014535
2.687700,7.204882,0.124413
2.687700,3.763220,-0.087951
2.687700,2.692414,-0.003015
2.687700,2.921129,0.029208
2.687700,11.003963,0.052803
2.687700,3.176122,-0.051560
2.687700,2.689187,0.000762
2.687700,3.387812,0.066805
2.687700,9.300173,-0.095581
2.687700,2.844963,-0.021453
2.687700,2.707159,0.005303
2.687700,4.357511,0.109953
2.687700,5.614978,-0.128594
2.687700,2.740437,-0.009486
2.687700,2.794779,0.015895
2.687700,7.649218,0.120092
2.687700,3.661930,-0.082888
2.687700,2.692345,-0.002322
2.687700,3.013624,0.037860
2.687700,11.735868,0.006141
2.687700,3.041729,-0.040362
2.687700,2.692017,0.002076
2.687700,3.621198,0.080727
2.687700,7.849950,-0.117802
2.687700,2.800460,-0.016531
2.687700,2.737179,0.009075
2.687700,5.488936,0.127883
2.687700,4.432620,-0.111967
2.687700,2.709204,-0.005560
2.687700,2.842245,0.021156
2.687700,9.219252,0.097085
2.687700,3.398838,-0.067525
2.687700,2.689490,-0.000805
2.687700,3.175084,0.051476
2.687700,11.012196,-0.052508
2.687700,2.921689,-0.029258
2.687700,2.692946,0.003073
2.687700,3.780711,0.088777
2.687700,7.135507,-0.124986
2.687700,2.780336,-0.014311
2.687700,2.742505,0.009828
2.687700,5.708544,0.128998
2.687700,4.305686,-0.108480
2.687700,2.705155,-0.005192
2.687700,2.828664,0.019770
2.687700,8.814544,0.104124
2.687700,3.456564,-0.071215
2.687700,2.687519,-0.001446
2.687700,3.055637,0.041613
2.687700,11.707796,-0.011958
2.687700,3.000784,-0.036736
2.687700,2.687504,0.001848
2.687700,3.513227,0.074652
2.687700,8.451920,-0.109775
2.687700,2.817360,-0.018559
2.687700,2.707666,0.005568
2.687700,4.406931,0.111301
2.687700,5.530591,-0.128145
2.687700,2.737713,-0.009272
2.687700,2.782434,0.014576
2.687700,7.216649,0.124313
2.687700,3.760292,-0.087812
2.687700,2.692220,-0.003017
2.687700,2.917731,0.028879
2.687700,10.950888,0.054668
2.687700,3.182844,-0.052089
2.687700,2.688936,0.000683
2.687700,3.372682,0.065805
2.687700,9.413265,-0.093423
2.687700,2.848861,-0.021872
2.687700,2.705029,0.005026
2.687700,4.278364,0.107667
2.687700,5.760554,-0.129174
2.687700,2.744206,-0.009957
2.687700,2.788653,0.015203
2.687700,7.429428,0.122363
2.687700,3.709963,-0.085340
2.687700,2.692847,-0.002597
2.687700,2.984401,0.035194
2.687700,11.640030,0.019896
2.687700,3.076063,-0.043340
2.687700,2.691697,0.001787
2.687700,3.574426,0.078151
2.687700,8.098064,-0.114697
2.687700,2.807601,-0.017327
2.687700,2.733017,0.008550
2.687700,5.328492,0.126677
2.687700,4.538545,-0.114565
2.687700,2.712079,-0.005920
2.687700,2.838551,0.020750
2.687700,9.107297,0.099110
2.687700,3.414378,-0.068529
2.687700,2.689891,-0.000868
2.687700,3.172809,0.051294
2.687700,11.030073,-0.051861
2.687700,2.922896,-0.029370
2.687700,2.693603,0.003141
2.687700,3.801735,0.089754
2.687700,7.054665,-0.125618
2.687700,2.778233,-0.014049
2.687700,2.746719,0.010318
2.687700,5.865627,0.129446
2.687700,4.225633,-0.106049
2.687700,2.703233,-0.004884
2.687700,2.839939,0.020962
2.687700,9.158255,0.098199
2.687700,3.407142,-0.068078
2.687700,2.687777,-0.001065
2.687700,3.111775,0.046376
2.687700,11.457518,-0.032869
2.687700,2.958342,-0.032801
2.687700,2.688203,0.002244
2.687700,3.581316,0.078565
2.687700,8.058863,-0.115214
2.687700,2.805717,-0.017278
2.687700,2.713151,0.006290
2.687700,4.614774,0.116277
2.687700,5.223682,-0.125698
2.687700,2.729507,-0.008292
2.687700,2.788786,0.015329
2.687700,7.452622,0.122140
2.687700,3.704549,-0.085084
2.687700,2.690843,-0.002793
2.687700,2.926163,0.029708
2.687700,11.079964,0.050015
2.687700,3.166279,-0.050788
2.687700,2.688560,0.000760
2.687700,3.377198,0.066109
2.687700,9.379072,-0.094084
2.687700,2.847611,-0.021751
2.687700,2.704038,0.004920
2.687700,4.245088,0.106654
2.687700,5.826088,-0.129358
2.687700,2.745847,-0.010174
2.687700,2.784314,0.014719
2.687700,7.273438,0.123816
2.687700,3.746516,-0.087140
2.687700,2.693158,-0.002813
2.687700,2.960112,0.032930
2.687700,11.471308,0.032065
2.687700,3.109602,-0.046170
2.687700,2.691164,0.001479
2.687700,3.521668,0.075122
2.687700,8.402228,-0.110496
2.687700,2.816533,-0.018326
2.687700,2.726633,0.007756
2.687700,5.086037,0.124141
2.687700,4.725469,-0.118514
2.687700,2.717060,-0.006556
2.687700,2.830283,0.019848
2.687700,8.850952,0.103518
2.687700,3.451329,-0.070867
2.687700,2.690329,-0.001079
2.687700,3.150884,0.049547
2.687700,11.195903,-0.045433
2.687700,2.934727,-0.030514
2.687700,2.693410,0.003030
2.687700,3.782362,0.088851
2.687700,7.129205,-0.125036
2.687700,2.780294,-0.014278
2.687700,2.746300,0.010255
2.687700,5.847686,0.129408
2.687700,4.234395,-0.106323
2.687700,2.703554,-0.004905
2.687700,2.842111,0.021185
2.687700,9.221556,0.097044
2.687700,3.398431,-0.067510
2.687700,2.688013,-0.000975
2.687700,3.127865,0.047700
2.687700,11.355939,-0.038236
2.687700,2.948062,-0.031824
2.687700,2.688836,0.002395
2.687700,3.613489,0.080334
2.687700,7.888289,-0.117347
2.687700,2.800855,-0.016726
2.687700,2.717196,0.006793
2.687700,4.764923,0.119259
2.687700,5.040228,-0.123563
2.687700,2.724600,-0.007698
2.687700,2.793432,0.015870
2.687700,7.622008,0.120392
2.687700,3.667483,-0.083195
2.687700,2.690027,-0.002631
2.687700,2.935023,0.030569
2.687700,11.201599,0.045199
2.687700,3.150013,-0.049492
2.687700,2.688401,0.000859
2.687700,3.388559,0.066861
2.687700,9.294288,-0.095693
2.687700,2.844651,-0.021443
2.687700,2.704306,0.004974
2.687700,4.257812,0.107046
2.687700,5.800675,-0.129293
2.687700,2.745149,-0.010097
2.687700,2.784162,0.014708
2.687700,7.268921,0.123856
2.687700,3.747600,-0.087193
2.687700,2.693075,-0.002830
2.687700,2.956467,0.032587
2.687700,11.438299,0.033943
2.687700,3.115089,-0.046626
2.687700,2.690980,0.001417
2.687700,3.509859,0.074425
2.687700,8.474014,-0.109442
2.687700,2.818672,-0.018567
2.687700,2.724823,0.007533
2.687700,5.018049,0.123261
2.687700,4.784883,-0.119612
2.687700,2.718629,-0.006757
2.687700,2.827487,0.019543
2.687700,8.762185,0.104973
2.687700,3.464626,-0.071691
2.687700,2.690432,-0.001161
2.687700,3.141279,0.048772
2.687700,11.264918,-0.042475
2.687700,2.940238,-0.031044
2.687700,2.693187,0.002964
2.687700,3.768868,0.088214
2.687700,7.182478,-0.124600
2.687700,2.781741,-0.014444
2.687700,2.745168,0.010117
2.687700,5.804392,0.129303
2.687700,4.255917,-0.106989
2.687700,2.704116,-0.004983
2.687700,2.840446,0.021008
2.687700,9.172194,0.097946
2.687700,3.405228,-0.067952
2.687700,2.688037,-0.001021
2.687700,3.122025,0.047221
2.687700,11.393999,-0.036317
2.687700,2.951721,-0.032172
2.687700,2.688763,0.002359
2.687700,3.607142,0.079989
2.687700,7.921236,-0.116946
2.687700,2.801800,-0.016831
2.687700,2.716721,0.006731
2.687700,4.746795,0.118924
2.687700,5.060954,-0.123832
2.687700,2.725167,-0.007764
2.687700,2.793259,0.015847
2.687700,7.615229,0.120465
2.687700,3.668928,-0.083269
2.687700,2.690113,-0.002631
2.687700,2.936387,0.030699
2.687700,11.218989,0.044468
2.687700,3.147622,-0.049299
2.687700,2.688491,0.000887
2.687700,3.393984,0.067216
2.687700,9.254337,-0.096438
2.687700,2.843295,-0.021297
2.687700,2.705044,0.005070
2.687700,4.285196,0.107872
2.687700,5.747382,-0.129133
2.687700,2.743769,-0.009925
2.687700,2.786364,0.014958
2.687700,7.348950,0.123130
2.687700,3.728533,-0.086263
2.687700,2.692828,-0.002727
2.687700,2.966460,0.033528
2.687700,11.524016,0.028817
2.687700,3.100307,-0.045395
2.687700,2.691147,0.001545
2.687700,3.530764,0.075654
2.687700,8.347822,-0.111279
2.687700,2.814894,-0.018148
2.687700,2.727201,0.007833
2.687700,5.108553,0.124416
2.687700,4.706524,-0.118149
2.687700,2.716523,-0.006496
2.687700,2.830103,0.019834
2.687700,8.846007,0.103601
2.687700,3.452054,-0.070913
2.687700,2.690192,-0.001101
2.687700,3.145754,0.049135
2.687700,11.233016,-0.043867
2.687700,2.937624,-0.030796
2.687700,2.692960,0.002956
2.687700,3.763966,0.087982
2.687700,7.202069,-0.124435
2.687700,2.782232,-0.014510
2.687700,2.743544,0.009931
2.687700,5.744266,0.129124
2.687700,4.286789,-0.107922
2.687700,2.704835,-0.005104
2.687700,2.835425,0.020480
2.687700,9.021892,0.100617
2.687700,3.426326,-0.069310
2.687700,2.687866,-0.001191
2.687700,3.096004,0.045059
2.687700,11.546251,-0.027340
2.687700,2.969184,-0.033819
2.687700,2.688143,0.002157
2.687700,3.567860,0.077809
2.687700,8.133065,-0.114242
2.687700,2.807898,-0.017515
2.687700,2.712596,0.006210
2.687700,4.592497,0.115792
2.687700,5.253383,-0.125993
2.687700,2.730333,-0.008384
2.687700,2.789068,0.015354
2.687700,7.461547,0.122051
2.687700,3.702550,-0.084982
2.687700,2.690947,-0.002767
2.687700,2.931316,0.030205
2.687700,11.152047,0.047219
2.687700,3.156752,-0.050029
2.687700,2.688802,0.000857
2.687700,3.394891,0.067273
2.687700,9.247815,-0.096559
2.687700,2.843117,-0.021269
2.687700,2.706282,0.005215
2.687700,4.328804,0.109144
2.687700,5.666147,-0.128827
2.687700,2.741701,-0.009659
2.687700,2.790786,0.015453
2.687700,7.507803,0.121583
2.687700,3.692378,-0.084455
2.687700,2.692491,-0.002516
2.687700,2.989632,0.035678
2.687700,11.665342,0.017356
2.687700,3.069451,-0.042775
2.687700,2.691555,0.001819
2.687700,3.576601,0.078274
2.687700,8.086026,-0.114855
2.687700,2.807218,-0.017292
2.687700,2.732327,0.008474
2.687700,5.303830,0.126460
2.687700,4.555964,-0.114967
2.687700,2.712484,-0.005986
2.687700,2.835943,0.020475
2.687700,9.028834,0.100493
2.687700,3.425455,-0.069240
2.687700,2.689758,-0.000963
2.687700,3.157714,0.050098
2.687700,11.145207,-0.047490
2.687700,2.930886,-0.030150
2.687700,2.692690,0.002975
2.687700,3.762067,0.087893
2.687700,7.209635,-0.124372
2.687700,2.782369,-0.014541
2.687700,2.741439,0.009693
2.687700,5.666975,0.128832
2.687700,4.328277,-0.109133
2.687700,2.705794,-0.005267
2.687700,2.828527,0.019750
2.687700,8.809530,0.104206
2.687700,3.457323,-0.071261
2.687700,2.687655,-0.001435
2.687700,3.059254,0.041926
2.687700,11.697938,-0.013410
2.687700,2.997703,-0.036454
2.687700,2.687666,0.001890
2.687700,3.521877,0.075162
2.687700,8.399511,-0.110541
2.687700,2.815794,-0.018384
2.687700,2.708791,0.005710
2.687700,4.448448,0.112379
2.687700,5.463517,-0.127720
2.687700,2.735952,-0.009056
2.687700,2.784652,0.014831
2.687700,7.297957,0.123599
2.687700,3.740518,-0.086858
2.687700,2.691874,-0.002921
2.687700,2.925180,0.029605
2.687700,11.065040,0.050574
2.687700,3.168249,-0.050940
2.687700,2.689076,0.000806
2.687700,3.392165,0.067092
2.687700,9.267973,-0.096184
2.687700,2.843844,-0.021338
2.687700,2.707095,0.005304
2.687700,4.356531,0.109926
2.687700,5.616687,-0.128602
2.687700,2.740458,-0.009494
2.687700,2.794018,0.015812
2.687700,7.622613,0.120381
2.687700,3.667539,-0.083180
2.687700,2.692336,-0.002362
2.687700,3.008044,0.037357
2.687700,11.725754,0.008688
2.687700,3.047835,-0.040899
2.687700,2.691877,0.002015
2.687700,3.610056,0.080123
2.687700,7.907277,-0.117111
2.687700,2.802084,-0.016715
2.687700,2.735864,0.008914
2.687700,5.438973,0.127545
2.687700,4.464281,-0.112772
2.687700,2.710034,-0.005671
2.687700,2.840209,0.020938
2.687700,9.158626,0.098189
2.687700,3.407199,-0.068068
2.687700,2.689525,-0.000860
2.687700,3.168017,0.050918
2.687700,11.066988,-0.050501
2.687700,2.925348,-0.029615
2.687700,2.692699,0.003017
2.687700,3.768349,0.088193
2.687700,7.184381,-0.124585
2.687700,2.781653,-0.014465
2.687700,2.741178,0.009669
2.687700,5.658313,0.128796
2.687700,4.333054,-0.109270
