init_r,r,ur
2.687400,3.252321,0.057375
2.687400,10.379242,-0.071734
2.687400,2.887193,-0.025864
2.687400,2.692195,0.003242
2.687400,3.792481,0.089335
2.687400,7.089527,-0.125353
2.687400,2.778799,-0.014198
2.687400,2.735272,0.009023
2.687400,5.445857,0.127600
2.687400,4.459660,-0.112665
2.687400,2.708778,-0.005785
2.687400,2.805681,0.017307
2.687400,8.063024,0.115161
2.687400,3.580498,-0.078525
2.687400,2.687450,-0.002327
2.687400,2.935229,0.030608
2.687400,11.205669,0.045031
2.687400,3.149385,-0.049453
2.687400,2.686924,0.000690
2.687400,3.340577,0.063652
2.687400,9.659811,-0.088478
2.687400,2.857509,-0.022831
2.687400,2.695934,0.003901
2.687400,3.952959,0.096294
2.687400,6.544404,-0.128626
2.687400,2.764321,-0.012484
2.687400,2.751270,0.010933
2.687400,6.049973,0.129643
2.687400,4.140964,-0.103278
2.687400,2.700493,-0.004637
2.687400,2.830305,0.019977
2.687400,8.870713,0.103196
2.687400,3.448164,-0.070699
2.687400,2.686544,-0.001501
2.687400,3.032545,0.039595
2.687400,11.744653,-0.002339
2.687400,3.021842,-0.038642
2.687400,2.686511,0.001576
2.687400,3.458179,0.071323
2.687400,8.803313,-0.104310
2.687400,2.828141,-0.019748
2.687400,2.700792,0.004689
2.687400,4.153811,0.103714
2.687400,6.020635,-0.129635
2.687400,2.750485,-0.010842
2.687400,2.764729,0.012535
2.687400,6.560294,0.128560
2.687400,3.947679,-0.096080
2.687400,2.695779,-0.003884
2.687400,2.857444,0.022826
2.687400,9.658222,0.088511
2.687400,3.340776,-0.063666
2.687400,2.686872,-0.000698
2.687400,3.147527,0.049304
2.687400,11.219129,-0.044464
2.687400,2.936279,-0.030710
2.687400,2.687326,0.002304
2.687400,3.575231,0.078231
2.687400,8.091868,-0.114786
2.687400,2.806509,-0.017401
2.687400,2.708040,0.005693
2.687400,4.432622,0.111976
2.687400,5.488627,-0.127887
2.687400,2.736398,-0.009160
2.687400,2.777469,0.014044
2.687400,7.040269,0.125729
2.687400,3.805438,-0.089934
2.687400,2.692454,-0.003300
2.687400,2.883407,0.025483
2.687400,10.296387,0.073875
2.687400,3.262266,-0.058106
2.687400,2.687294,-0.000084
2.687400,3.238956,0.056385
2.687400,10.490583,-0.068749
2.687400,2.892456,-0.026397
2.687400,2.691266,0.003093
2.687400,3.755176,0.087574
2.687400,7.237130,-0.124139
2.687400,2.782745,-0.014667
2.687400,2.730315,0.008430
2.687400,5.260403,0.126063
2.687400,4.587254,-0.115679
2.687400,2.712189,-0.006222
2.687400,2.799955,0.016667
2.687400,7.863577,0.117647
2.687400,3.618230,-0.080598
2.687400,2.688034,-0.002522
2.687400,2.918218,0.028958
2.687400,10.961401,0.054307
2.687400,3.181414,-0.051993
2.687400,2.686827,0.000446
2.687400,3.304908,0.061173
2.687400,9.944939,-0.082298
2.687400,2.868490,-0.023970
2.687400,2.693536,0.003538
2.687400,3.858610,0.092323
2.687400,6.848373,-0.127049
2.687400,2.772306,-0.013445
2.687400,2.740650,0.009680
2.687400,5.650532,0.128764
2.687400,4.337294,-0.109395
2.687400,2.705440,-0.005367
2.687400,2.809724,0.017764
2.687400,8.202939,0.113305
2.687400,3.555375,-0.077109
2.687400,2.686891,-0.002216
2.687400,2.941247,0.031189
2.687400,11.280185,0.041799
2.687400,3.138931,-0.048611
2.687400,2.686698,0.000740
2.687400,3.343818,0.063875
2.687400,9.634302,-0.089007
2.687400,2.856535,-0.022736
2.687400,2.695390,0.003845
2.687400,3.935336,0.095577
2.687400,6.597920,-0.128397
2.687400,2.765688,-0.012657
2.687400,2.748381,0.010599
2.687400,5.942245,0.129572
2.687400,4.189245,-0.104888
2.687400,2.701622,-0.004829
2.687400,2.822359,0.019133
2.687400,8.620144,0.107230
2.687400,3.486225,-0.073043
2.687400,2.686455,-0.001781
2.687400,2.993172,0.036050
2.687400,11.681515,0.015534
2.687400,3.064559,-0.042392
2.687400,2.686639,0.001277
2.687400,3.418163,0.068798
2.687400,9.078921,-0.099618
2.687400,2.837121,-0.020698
2.687400,2.699401,0.004459
2.687400,4.095392,0.101692
2.687400,6.158215,-0.129603
2.687400,2.754145,-0.011271
2.687400,2.762105,0.012217
2.687400,6.459813,0.128944
2.687400,3.981768,-0.097441
2.687400,2.696662,-0.004012
2.687400,2.854126,0.022479
2.687400,9.567868,0.090364
2.687400,3.352363,-0.064455
2.687400,2.686928,-0.000774
2.687400,3.137949,0.048530
2.687400,11.287104,-0.041486
2.687400,2.941851,-0.031244
2.687400,2.687256,0.002255
2.687400,3.566998,0.077767
2.687400,8.137519,-0.114184
2.687400,2.807849,-0.017548
2.687400,2.707586,0.005630
2.687400,4.415036,0.111517
2.687400,5.517167,-0.128066
2.687400,2.737165,-0.009250
2.687400,2.777069,0.013994
2.687400,7.024874,0.125844
2.687400,3.809548,-0.090122
2.687400,2.692584,-0.003313
2.687400,2.883705,0.025512
2.687400,10.302867,0.073710
2.687400,3.261490,-0.058049
2.687400,2.687361,-0.000071
2.687400,3.241903,0.056604
2.687400,10.466058,-0.069418
2.687400,2.891279,-0.026277
2.687400,2.691570,0.003138
2.687400,3.766787,0.088128
2.687400,7.190238,-0.124539
2.687400,2.781493,-0.014517
2.687400,2.732000,0.008631
2.687400,5.323240,0.126638
2.687400,4.542014,-0.114655
2.687400,2.710979,-0.006068
2.687400,2.801900,0.016885
2.687400,7.931757,0.116819
2.687400,3.605060,-0.079882
2.687400,2.687822,-0.002455
2.687400,2.923875,0.029510
2.687400,11.048317,0.051197
2.687400,3.170311,-0.051120
2.687400,2.686871,0.000532
2.687400,3.317616,0.062065
2.687400,9.842257,-0.084585
2.687400,2.864442,-0.023552
2.687400,2.694403,0.003670
2.687400,3.892728,0.093797
2.687400,6.733400,-0.127722
2.687400,2.769279,-0.013082
2.687400,2.744662,0.010155
2.687400,5.801333,0.129298
2.687400,4.257352,-0.107039
2.687400,2.703383,-0.005077
2.687400,2.816551,0.018506
2.687400,8.430705,0.110088
2.687400,3.516649,-0.074862
2.687400,2.686631,-0.001974
2.687400,2.969767,0.033885
2.687400,11.551015,0.027014
2.687400,3.095043,-0.044987
2.687400,2.686780,0.001070
2.687400,3.391406,0.067061
2.687400,9.272535,-0.096102
2.687400,2.843674,-0.021386
2.687400,2.698462,0.004300
2.687400,4.055511,0.100249
2.687400,6.258634,-0.129470
2.687400,2.756810,-0.011585
2.687400,2.759940,0.011956
2.687400,6.377232,0.129200
2.687400,4.011107,-0.098581
2.687400,2.697396,-0.004125
2.687400,2.850478,0.022098
2.687400,9.466657,0.092384
2.687400,3.365528,-0.065343
2.687400,2.686909,-0.000870
2.687400,3.124448,0.047428
2.687400,11.378035,-0.037136
2.687400,2.950084,-0.032030
2.687400,2.687040,0.002168
2.687400,3.551043,0.076860
2.687400,8.227767,-0.112966
2.687400,2.810497,-0.017841
2.687400,2.706202,0.005450
2.687400,4.363243,0.110121
2.687400,5.604666,-0.128549
2.687400,2.739481,-0.009529
2.687400,2.774803,0.013728
2.687400,6.940202,0.126446
2.687400,3.832620,-0.091168
2.687400,2.693095,-0.003412
2.687400,2.878515,0.024987
2.687400,10.185233,0.076648
2.687400,3.275656,-0.059080
2.687400,2.687259,-0.000185
2.687400,3.224452,0.055297
2.687400,10.611168,-0.065357
2.687400,2.898460,-0.026998
2.687400,2.690513,0.002960
2.687400,3.723136,0.086014
2.687400,7.371247,-0.122926
2.687400,2.786371,-0.015092
2.687400,2.726271,0.007942
2.687400,5.109206,0.124431
2.687400,4.705748,-0.118143
2.687400,2.715394,-0.006619
2.687400,2.796370,0.016257
2.687400,7.735800,0.119136
2.687400,3.643738,-0.081960
2.687400,2.688593,-0.002634
2.687400,2.911962,0.028343
2.687400,10.858354,0.057778
2.687400,3.194300,-0.052995
2.687400,2.686909,0.000362
2.687400,3.294572,0.060440
2.687400,10.029291,-0.080365
2.687400,2.871919,-0.024320
2.687400,2.693188,0.003472
2.687400,3.843002,0.091633
2.687400,6.903044,-0.126697
2.687400,2.773766,-0.013617
2.687400,2.739213,0.009507
2.687400,5.596131,0.128506
2.687400,4.368148,-0.110256
2.687400,2.706265,-0.005475
2.687400,2.808132,0.017588
2.687400,8.148645,0.114037
2.687400,3.564993,-0.077656
2.687400,2.687024,-0.002268
2.687400,2.936382,0.030722
2.687400,11.220602,0.044402
2.687400,3.147315,-0.049288
2.687400,2.686699,0.000679
2.687400,3.335294,0.063291
2.687400,9.701309,-0.087611
2.687400,2.859032,-0.022995
2.687400,2.694895,0.003768
2.687400,3.915548,0.094759
2.687400,6.659746,-0.128105
2.687400,2.767312,-0.012852
2.687400,2.746323,0.010356
2.687400,5.864707,0.129448
2.687400,4.225984,-0.106066
2.687400,2.702546,-0.004966
2.687400,2.818383,0.018706
2.687400,8.491246,0.109193
2.687400,3.506757,-0.074276
2.687400,2.686515,-0.001918
2.687400,2.975498,0.034420
2.687400,11.590197,0.024145
2.687400,3.087161,-0.044323
2.687400,2.686707,0.001119
2.687400,3.397120,0.067435
2.687400,9.230554,-0.096881
2.687400,2.842229,-0.021236
2.687400,2.698515,0.004317
2.687400,4.058977,0.100377
2.687400,6.249677,-0.129485
2.687400,2.756560,-0.011558
2.687400,2.759787,0.011941
2.687400,6.371956,0.129215
2.687400,4.013020,-0.098654
2.687400,2.697409,-0.004136
2.687400,2.849157,0.021961
2.687400,9.429729,0.093107
2.687400,3.370381,-0.065668
2.687400,2.686830,-0.000914
2.687400,3.117151,0.046828
2.687400,11.424437,-0.034709
2.687400,2.954729,-0.032471
2.687400,2.686841,0.002110
2.687400,3.539482,0.076195
2.687400,8.294666,-0.112038
2.687400,2.812467,-0.018060
2.687400,2.704950,0.005290
2.687400,4.316966,0.108812
2.687400,5.687504,-0.128919
2.687400,2.741656,-0.009794
2.687400,2.772226,0.013429
2.687400,6.844178,0.127074
2.687400,3.859833,-0.092376
2.687400,2.693657,-0.003533
2.687400,2.871161,0.024240
2.687400,10.010453,0.080801
2.687400,3.296881,-0.060603
2.687400,2.687026,-0.000365
2.687400,3.195835,0.053113
2.687400,10.845990,-0.058180
2.687400,2.911248,-0.028271
2.687400,2.688887,0.002674
2.687400,3.654412,0.082521
2.687400,7.683956,-0.119717
2.687400,2.794940,-0.016090
2.687400,2.717120,0.006829
2.687400,4.769186,0.119338
2.687400,5.035359,-0.123500
2.687400,2.724298,-0.007701
2.687400,2.788380,0.015325
2.687400,7.444841,0.122218
2.687400,3.706246,-0.085175
2.687400,2.690144,-0.002886
2.687400,2.902563,0.027407
2.687400,10.689640,0.063050
2.687400,3.214967,-0.054578
2.687400,2.687276,0.000255
2.687400,3.285760,0.059808
2.687400,10.101815,-0.078660
2.687400,2.874969,-0.024625
2.687400,2.693718,0.003511
2.687400,3.857777,0.092285
2.687400,6.851325,-0.127030
2.687400,2.772452,-0.013447
2.687400,2.742489,0.009886
2.687400,5.717742,0.129034
2.687400,4.300708,-0.108338
2.687400,2.704580,-0.005226
2.687400,2.815322,0.018366
2.687400,8.389117,0.110693
2.687400,3.523548,-0.075266
2.687400,2.686833,-0.001999
2.687400,2.969628,0.033870
2.687400,11.549938,0.027088
2.687400,3.095257,-0.045004
2.687400,2.686925,0.001086
2.687400,3.395989,0.067360
2.687400,9.238924,-0.096726
2.687400,2.842546,-0.021263
2.687400,2.699274,0.004404
2.687400,4.084933,0.101318
2.687400,6.184053,-0.129577
2.687400,2.754886,-0.011346
2.687400,2.763155,0.012327
2.687400,6.497231,0.128810
2.687400,3.968894,-0.096931
2.687400,2.696515,-0.003942
2.687400,2.861193,0.023204
2.687400,9.756362,0.086443
2.687400,3.328385,-0.062809
2.687400,2.687342,-0.000554
2.687400,3.174899,0.051478
2.687400,11.012826,-0.052488
2.687400,2.921559,-0.029277
2.687400,2.688839,0.002592
2.687400,3.641773,0.081854
2.687400,7.745560,-0.119025
2.687400,2.796710,-0.016281
2.687400,2.717037,0.006806
2.687400,4.764131,0.119245
2.687400,5.041091,-0.123576
2.687400,2.724500,-0.007714
2.687400,2.789700,0.015467
2.687400,7.491163,0.121757
2.687400,3.695868,-0.084651
2.687400,2.690117,-0.002818
2.687400,2.911354,0.028272
2.687400,10.846933,0.058149
2.687400,3.195748,-0.053102
2.687400,2.687625,0.000436
2.687400,3.316574,0.061986
2.687400,9.850975,-0.084392
2.687400,2.864871,-0.023578
2.687400,2.696632,0.003928
2.687400,3.968851,0.096928
2.687400,6.497393,-0.128809
2.687400,2.763205,-0.012323
2.687400,2.756206,0.011493
2.687400,6.232385,0.129512
2.687400,4.065749,-0.100623
2.687400,2.698910,-0.004317
2.687400,2.848437,0.021876
2.687400,9.407899,0.093530
2.687400,3.373289,-0.065859
2.687400,2.687203,-0.000891
2.687400,3.126331,0.047580
2.687400,11.365818,-0.037748
2.687400,2.948936,-0.031917
2.687400,2.687527,0.002234
2.687400,3.568583,0.077855
2.687400,8.128784,-0.114300
2.687400,2.807645,-0.017514
2.687400,2.709128,0.005811
2.687400,4.469766,0.112918
2.687400,5.430222,-0.127488
2.687400,2.734910,-0.008967
2.687400,2.780798,0.014419
2.687400,7.161695,0.124775
2.687400,3.773983,-0.088467
2.687400,2.691984,-0.003139
2.687400,2.897640,0.026906
2.687400,10.593990,0.065850
2.687400,3.226554,-0.055451
2.687400,2.687860,0.000240
2.687400,3.293188,0.060334
2.687400,10.041055,-0.080090
2.687400,2.872508,-0.024360
2.687400,2.695808,0.003775
2.687400,3.932112,0.095441
2.687400,6.608028,-0.128350
2.687400,2.766138,-0.012669
2.687400,2.753366,0.011154
2.687400,6.124573,0.129626
2.687400,4.109287,-0.102181
2.687400,2.699977,-0.004485
2.687400,2.842560,0.021259
2.687400,9.238582,0.096732
2.687400,3.396047,-0.067362
2.687400,2.687110,-0.001064
2.687400,3.101144,0.045496
2.687400,11.518480,-0.029184
2.687400,2.965497,-0.033482
2.687400,2.687125,0.002064
2.687400,3.537657,0.076087
2.687400,8.305475,-0.111886
2.687400,2.812848,-0.018089
2.687400,2.706422,0.005458
2.687400,4.368291,0.110259
2.687400,5.595924,-0.128504
2.687400,2.739303,-0.009495
2.687400,2.776606,0.013927
2.687400,7.005490,0.125985
2.687400,3.814773,-0.090360
2.687400,2.692880,-0.003315
2.687400,2.888182,0.025958
2.687400,10.399824,0.071192
2.687400,3.249869,-0.057192
2.687400,2.687728,0.000056
2.687400,3.265482,0.058338
2.687400,10.269839,-0.074547
2.687400,2.882267,-0.025359
2.687400,2.693757,0.003462
2.687400,3.851141,0.091991
2.687400,6.874500,-0.126882
2.687400,2.773131,-0.013513
2.687400,2.743621,0.010008
2.687400,5.758383,0.129172
2.687400,4.279357,-0.107704
2.687400,2.704123,-0.005137
2.687400,2.820010,0.018866
2.687400,8.541886,0.108430
2.687400,3.498635,-0.073788
2.687400,2.686889,-0.001817
2.687400,2.995144,0.036227
2.687400,11.688997,0.014605
2.687400,3.062225,-0.042188
2.687400,2.686997,0.001336
2.687400,3.432435,0.069705
2.687400,8.978876,-0.101363
2.687400,2.833882,-0.020343
2.687400,2.701622,0.004742
2.687400,4.176249,0.104460
2.687400,5.970662,-0.129601
2.687400,2.749298,-0.010671
2.687400,2.769874,0.013112
2.687400,6.749169,0.127634
2.687400,3.887993,-0.093591
2.687400,2.694801,-0.003592
2.687400,2.881245,0.025248
2.687400,10.245940,0.075146
2.687400,3.268377,-0.058546
2.687400,2.688062,-0.000038
2.687400,3.257841,0.057776
2.687400,10.333549,-0.072922
2.687400,2.885163,-0.025646
2.687400,2.694168,0.003488
2.687400,3.862043,0.092469
2.687400,6.836713,-0.127119
2.687400,2.772182,-0.013389
2.687400,2.746292,0.010316
2.687400,5.857481,0.129431
2.687400,4.229539,-0.106175
2.687400,2.702934,-0.004945
2.687400,2.827258,0.019639
2.687400,8.773290,0.104798
2.687400,3.462720,-0.071601
2.687400,2.686948,-0.001557
2.687400,3.031441,0.039493
2.687400,11.745187,-0.001855
2.687400,3.022955,-0.038739
2.687400,2.686930,0.001617
2.687400,3.470972,0.072109
2.687400,8.718941,-0.105673
2.687400,2.825537,-0.019456
2.687400,2.703228,0.004992
2.687400,4.241766,0.106557
2.687400,5.832582,-0.129376
2.687400,2.745624,-0.010238
2.687400,2.772508,0.013430
2.687400,6.849371,0.127041
2.687400,3.858373,-0.092308
2.687400,2.694054,-0.003476
2.687400,2.884957,0.025626
2.687400,10.329132,0.073036
2.687400,3.258369,-0.057815
2.687400,2.688005,0.000027
2.687400,3.265990,0.058373
2.687400,10.265738,-0.074650
2.687400,2.882113,-0.025338
2.687400,2.694507,0.003551
2.687400,3.876971,0.093118
2.687400,6.785915,-0.127424
2.687400,2.770833,-0.013229
2.687400,2.747789,0.010494
2.687400,5.914100,0.129533
2.687400,4.202420,-0.105313
2.687400,2.702250,-0.004844
2.687400,2.830099,0.019942
2.687400,8.862345,0.103334
2.687400,3.449425,-0.070775
2.687400,2.686938,-0.001464
2.687400,3.043909,0.040593
2.687400,11.732406,-0.007152
2.687400,3.011156,-0.037680
2.687400,2.686870,0.001697
2.687400,3.481275,0.072740
2.687400,8.652055,-0.106732
2.687400,2.823427,-0.019233
2.687400,2.703385,0.005026
2.687400,4.249639,0.106801
2.687400,5.816743,-0.129338
2.687400,2.745180,-0.010191
2.687400,2.772173,0.013396
2.687400,6.837796,0.127113
2.687400,3.861717,-0.092456
2.687400,2.694048,-0.003500
2.687400,2.881706,0.025300
2.687400,10.256999,0.074869
2.687400,3.267032,-0.058450
2.687400,2.687805,-0.000058
2.687400,3.250830,0.057262
2.687400,10.391843,-0.071402
2.687400,2.887818,-0.025920
2.687400,2.693124,0.003346
2.687400,3.823481,0.090755
2.687400,6.973450,-0.126215
2.687400,2.775765,-0.013825
2.687400,2.740663,0.009655
2.687400,5.646757,0.128747
2.687400,4.339428,-0.109454
2.687400,2.705684,-0.005353
2.687400,2.815387,0.018365
2.687400,8.389922,0.110681
2.687400,3.523429,-0.075258
2.687400,2.687050,-0.001973
2.687400,2.976611,0.034519
2.687400,11.597088,0.023603
2.687400,3.085714,-0.044197
2.687400,2.687111,0.001177
2.687400,3.411951,0.068394
2.687400,9.123406,-0.098826
2.687400,2.838674,-0.020848
2.687400,2.700927,0.004625
2.687400,4.146675,0.103470
2.687400,6.036956,-0.129640
2.687400,2.751069,-0.010877
2.687400,2.768805,0.012981
2.687400,6.708041,0.127857
2.687400,3.900553,-0.094125
2.687400,2.695144,-0.003637
2.687400,2.880476,0.025168
2.687400,10.228224,0.075587
2.687400,3.270516,-0.058701
2.687400,2.688142,-0.000044
2.687400,3.258299,0.057809
2.687400,10.329773,-0.073019
2.687400,2.885000,-0.025628
2.687400,2.694398,0.003516
2.687400,3.870073,0.092819
2.687400,6.809258,-0.127286
2.687400,2.771469,-0.013301
2.687400,2.747562,0.010464
2.687400,5.904979,0.129519
2.687400,4.206730,-0.105451
2.687400,2.702385,-0.004857
2.687400,2.830474,0.019981
2.687400,8.873747,0.103144
2.687400,3.447746,-0.070670
2.687400,2.686988,-0.001446
2.687400,3.047159,0.040878
2.687400,11.726746,-0.008502
2.687400,3.008210,-0.037414
2.687400,2.686915,0.001724
2.687400,3.485843,0.073017
2.687400,8.622780,-0.107189
2.687400,2.822522,-0.019134
2.687400,2.703776,0.005078
2.687400,4.264355,0.107251
2.687400,5.787581,-0.129259
2.687400,2.744416,-0.010098
2.687400,2.773092,0.013503
2.687400,6.872080,0.126897
2.687400,3.851840,-0.092021
2.687400,2.693850,-0.003456
2.687400,2.884527,0.025585
2.687400,10.319888,0.073274
2.687400,3.259474,-0.057897
2.687400,2.687899,0.000007
2.687400,3.261442,0.058041
2.687400,10.303508,-0.073693
2.687400,2.883789,-0.025510
2.687400,2.693964,0.003475
2.687400,3.856561,0.092229
2.687400,6.855636,-0.127002
2.687400,2.772658,-0.013451
2.687400,2.744970,0.010164
2.687400,5.808443,0.129316
2.687400,4.253802,-0.106929
2.687400,2.703509,-0.005039
2.687400,2.823592,0.019249
2.687400,8.657130,0.106652
2.687400,3.480489,-0.072691
2.687400,2.686904,-0.001687
2.687400,3.012979,0.037844
2.687400,11.735396,0.006324
2.687400,3.041932,-0.040419
2.687400,2.686962,0.001481
2.687400,3.452282,0.070953
2.687400,8.843063,-0.103654
2.687400,2.829485,-0.019876
2.687400,2.702496,0.004877
2.687400,4.211713,0.105611
2.687400,5.894480,-0.129501
2.687400,2.747277,-0.010432
2.687400,2.771493,0.013306
2.687400,6.810507,0.127279
2.687400,3.869703,-0.092803
2.687400,2.694364,-0.003518
2.687400,2.884275,0.025556
2.687400,10.313880,0.073428
2.687400,3.260205,-0.057949
2.687400,2.688084,0.000023
2.687400,3.266721,0.058425
2.687400,10.259705,-0.074801
2.687400,2.881854,-0.025310
2.687400,2.694757,0.003582
2.687400,3.885809,0.093497
2.687400,6.756406,-0.127593
2.687400,2.770068,-0.013135
2.687400,2.749140,0.010651
2.687400,5.964600,0.129595
2.687400,4.179012,-0.104551
2.687400,2.701694,-0.004752
2.687400,2.833657,0.020319
2.687400,8.971957,0.101481
2.687400,3.433432,-0.069768
2.687400,2.687002,-0.001343
2.687400,3.061402,0.042117
2.687400,11.691521,-0.014278
2.687400,2.995833,-0.036290
2.687400,2.686895,0.001813
2.687400,3.498131,0.073758
2.687400,8.545044,-0.108382
2.687400,2.820108,-0.018877
2.687400,2.704137,0.005138
2.687400,4.279738,0.107715
2.687400,5.757650,-0.129169
2.687400,2.743604,-0.010006
2.687400,2.773220,0.013523
2.687400,6.877714,0.126861
2.687400,3.850224,-0.091951
2.687400,2.693744,-0.003457
2.687400,2.882711,0.025404
2.687400,10.279767,0.074296
2.687400,3.264289,-0.058250
2.687400,2.687750,-0.000045
2.687400,3.251767,0.057332
2.687400,10.384013,-0.071609
2.687400,2.887449,-0.025884
2.687400,2.693038,0.003339
2.687400,3.820947,0.090640
2.687400,6.982725,-0.126149
2.687400,2.776004,-0.013855
2.687400,2.740132,0.009593
2.687400,5.627009,0.128656
2.687400,4.350522,-0.109766
2.687400,2.705962,-0.005394
2.687400,2.814234,0.018240
2.687400,8.351753,0.111230
2.687400,3.529817,-0.075631
2.687400,2.687072,-0.002015
2.687400,2.971244,0.034019
2.687400,11.561431,0.026281
2.687400,3.093028,-0.044815
2.687400,2.687105,0.001123
2.687400,3.404242,0.067896
2.687400,9.178910,-0.097825
2.687400,2.840536,-0.021045
2.687400,2.700451,0.004556
2.687400,4.128028,0.102833
2.687400,6.080104,-0.129642
2.687400,2.752200,-0.011013
2.687400,2.767479,0.012826
2.687400,6.658369,0.128111
2.687400,3.916039,-0.094775
2.687400,2.695466,-0.003705
2.687400,2.876453,0.024761
2.687400,10.135148,0.077861
2.687400,3.281756,-0.059514
2.687400,2.687999,-0.000142
2.687400,3.242444,0.056639
2.687400,10.461825,-0.069532
2.687400,2.891138,-0.026251
2.687400,2.693138,0.003323
2.687400,3.820327,0.090611
2.687400,6.985038,-0.126132
2.687400,2.776101,-0.013859
2.687400,2.741083,0.009700
2.687400,5.661709,0.128812
2.687400,4.331129,-0.109217
2.687400,2.705506,-0.005319
2.687400,2.817174,0.018556
2.687400,8.448453,0.109827
2.687400,3.513765,-0.074688
2.687400,2.687069,-0.001903
2.687400,2.986443,0.035427
2.687400,11.651681,0.018783
2.687400,3.072935,-0.043108
2.687400,2.687147,0.001275
2.687400,3.426331,0.069316
2.687400,9.021534,-0.100624
2.687400,2.835303,-0.020489
2.687400,2.701901,0.004764
2.687400,4.184381,0.104726
2.687400,5.952904,-0.129582
2.687400,2.748868,-0.010610
2.687400,2.771446,0.013288
2.687400,6.806774,0.127301
2.687400,3.870817,-0.092850
2.687400,2.694541,-0.003505
2.687400,2.888814,0.026008
2.687400,10.411854,0.070872
2.687400,3.248462,-0.057082
2.687400,2.688433,0.000149
2.687400,3.289901,0.060095
2.687400,10.068281,-0.079451
2.687400,2.873697,-0.024469
2.687400,2.697207,0.003929
2.687400,3.978915,0.097324
2.687400,6.468226,-0.128913
2.687400,2.762569,-0.012217
2.687400,2.760906,0.012020
2.687400,6.405313,0.129117
2.687400,4.001053,-0.098189
2.687400,2.697709,-0.004021
2.687400,2.869333,0.024023
2.687400,9.961764,0.081915
2.687400,3.302921,-0.061021
2.687400,2.688295,-0.000259
2.687400,3.231027,0.055784
2.687400,10.557015,-0.066901
2.687400,2.895819,-0.026716
2.687400,2.693220,0.003298
2.687400,3.818055,0.090507
2.687400,6.993447,-0.126071
2.687400,2.776368,-0.013881
2.687400,2.742030,0.009805
2.687400,5.696076,0.128952
2.687400,4.312359,-0.108677
2.687400,2.705080,-0.005245
2.687400,2.820502,0.018911
2.687400,8.556580,0.108207
2.687400,3.496306,-0.073646
2.687400,2.687104,-0.001775
2.687400,3.004229,0.037052
2.687400,11.717445,0.010344
2.687400,3.051647,-0.041268
2.687400,2.687168,0.001434
2.687400,3.449032,0.070749
2.687400,8.865102,-0.103288
2.687400,2.830225,-0.019948
2.687400,2.703223,0.004956
2.687400,4.236274,0.106385
2.687400,5.843754,-0.129401
2.687400,2.745992,-0.010266
2.687400,2.774381,0.013633
2.687400,6.916711,0.126604
2.687400,3.839232,-0.091459
2.687400,2.693876,-0.003366
2.687400,2.896939,0.026822
2.687400,10.578711,0.066286
2.687400,3.228434,-0.055586
2.687400,2.688641,0.000318
2.687400,3.316820,0.061995
2.687400,9.849462,-0.084424
2.687400,2.864932,-0.023560
2.687400,2.699734,0.004290
2.687400,4.075898,0.100987
2.687400,6.206845,-0.129547
2.687400,2.755791,-0.011384
2.687400,2.771419,0.013233
2.687400,6.797034,0.127357
2.687400,3.873757,-0.092972
2.687400,2.695287,-0.003438
2.687400,2.909469,0.028047
2.687400,10.810683,0.059311
2.687400,3.200335,-0.053437
2.687400,2.690010,0.000683
2.687400,3.390228,0.066958
2.687400,9.282671,-0.095908
2.687400,2.844479,-0.021378
2.687400,2.710417,0.005683
2.687400,4.472882,0.112986
2.687400,5.425746,-0.127449
2.687400,2.735624,-0.008859
2.687400,2.805738,0.017109
2.687400,8.031976,0.115552
2.687400,3.586548,-0.078827
2.687400,2.692029,-0.001833
2.687400,3.075063,0.043252
2.687400,11.644103,-0.019509
2.687400,2.985214,-0.035266
2.687400,2.693237,0.002636
2.687400,3.722276,0.085950
2.687400,7.375937,-0.122876
2.687400,2.787240,-0.015029
2.687400,2.747000,0.010282
2.687400,5.864698,0.129442
2.687400,4.226161,-0.106061
2.687400,2.703817,-0.004820
2.687400,2.857552,0.022775
2.687400,9.652841,0.088620
2.687400,3.341603,-0.063703
2.687400,2.689321,-0.000416
2.687400,3.225948,0.055394
2.687400,10.599637,-0.065686
2.687400,2.898062,-0.026922
2.687400,2.695293,0.003524
2.687400,3.886424,0.093520
2.687400,6.754536,-0.127602
2.687400,2.770200,-0.013109
2.687400,2.754393,0.011238
2.687400,6.157109,0.129602
2.687400,4.095916,-0.101706
2.687400,2.700017,-0.004391
2.687400,2.855770,0.022622
2.687400,9.608943,0.089526
2.687400,3.347143,-0.064091
2.687400,2.688035,-0.000607
2.687400,3.178859,0.051784
2.687400,10.982035,-0.053583
2.687400,2.919625,-0.029078
2.687400,2.690304,0.002778
2.687400,3.693323,0.084520
2.687400,7.502719,-0.121639
2.687400,2.790079,-0.015497
2.687400,2.725935,0.007875
2.687400,5.092575,0.124229
2.687400,4.719720,-0.118412
2.687400,2.715900,-0.006651
2.687400,2.799858,0.016628
2.687400,7.855631,0.117740
2.687400,3.619828,-0.080680
2.687400,2.688629,-0.002463
2.687400,2.935533,0.030629
2.687400,11.208926,0.044893
2.687400,3.148969,-0.049414
2.687400,2.687610,0.000774
2.687400,3.363582,0.065207
2.687400,9.481835,-0.092083
2.687400,2.851113,-0.022145
2.687400,2.699710,0.004390
2.687400,4.090482,0.101514
2.687400,6.170407,-0.129590
2.687400,2.754663,-0.011288
2.687400,2.767501,0.012810
2.687400,6.656067,0.128121
2.687400,3.916789,-0.094805
2.687400,2.695713,-0.003682
2.687400,2.883488,0.025466
2.687400,10.295324,0.073900
2.687400,3.262461,-0.058111
2.687400,2.688555,0.000063
2.687400,3.279829,0.059371
2.687400,10.151309,-0.077471
2.687400,2.877200,-0.024825
2.687400,2.696857,0.003862
2.687400,3.963002,0.096692
2.687400,6.514718,-0.128742
2.687400,2.763802,-0.012362
2.687400,2.759752,0.011883
2.687400,6.361539,0.129241
2.687400,4.016886,-0.098797
2.687400,2.698079,-0.004085
2.687400,2.866559,0.023739
2.687400,9.892255,0.083479
2.687400,3.311488,-0.061625
2.687400,2.688219,-0.000330
2.687400,3.220042,0.054956
2.687400,10.648115,-0.064280
2.687400,2.900458,-0.027181
2.687400,2.692473,0.003175
2.687400,3.787566,0.089103
2.687400,7.108609,-0.125202
2.687400,2.779428,-0.014246
2.687400,2.738032,0.009330
2.687400,5.545933,0.128234
2.687400,4.397687,-0.111056
2.687400,2.707284,-0.005552
2.687400,2.813699,0.018173
2.687400,8.332532,0.111503
2.687400,3.533076,-0.075820
2.687400,2.687310,-0.002010
2.687400,2.975708,0.034433
2.687400,11.591303,0.024057
2.687400,3.086953,-0.044300
2.687400,2.687303,0.001191
2.687400,3.417020,0.068719
2.687400,9.087329,-0.099469
2.687400,2.837500,-0.020718
2.687400,2.701987,0.004758
2.687400,4.184907,0.104743
2.687400,5.951781,-0.129581
2.687400,2.748875,-0.010603
2.687400,2.772565,0.013411
2.687400,6.847337,0.127053
2.687400,3.858993,-0.092333
2.687400,2.694403,-0.003440
2.687400,2.895302,0.026655
2.687400,10.545737,0.067217
2.687400,3.232407,-0.055884
2.687400,2.688770,0.000305
2.687400,3.317042,0.062010
2.687400,9.847728,-0.084462
2.687400,2.864880,-0.023552
2.687400,2.700143,0.004338
2.687400,4.090139,0.101498
2.687400,6.171383,-0.129587
2.687400,2.754890,-0.011269
2.687400,2.773339,0.013451
2.687400,6.867729,0.126922
2.687400,3.853190,-0.092072
2.687400,2.694973,-0.003334
2.687400,2.918529,0.028935
2.687400,10.961747,0.054290
2.687400,3.181543,-0.051976
2.687400,2.690374,0.000862
2.687400,3.421370,0.068974
2.687400,9.057875,-0.099984
2.687400,2.836990,-0.020568
2.687400,2.714622,0.006225
2.687400,4.630700,0.116608
2.687400,5.203140,-0.125479
2.687400,2.729793,-0.008132
2.687400,2.814342,0.018070
2.687400,8.326554,0.111581
2.687400,3.534388,-0.075862
2.687400,2.691593,-0.001518
2.687400,3.111099,0.046290
2.687400,11.462557,-0.032572
2.687400,2.959154,-0.032834
2.687400,2.693845,0.002900
2.687400,3.770828,0.088302
2.687400,7.174888,-0.124661
2.687400,2.781718,-0.014401
2.687400,2.750506,0.010716
2.687400,6.000140,0.129620
2.687400,4.163064,-0.104015
2.687400,2.702156,-0.004593
2.687400,2.862172,0.023261
2.687400,9.776152,0.086017
2.687400,3.326006,-0.062630
2.687400,2.689197,-0.000319
2.687400,3.237395,0.056254
2.687400,10.504407,-0.068366
2.687400,2.893310,-0.026447
2.687400,2.695711,0.003608
2.687400,3.905945,0.094348
2.687400,6.690762,-0.127946
2.687400,2.768506,-0.012909
2.687400,2.756138,0.011445
2.687400,6.223211,0.129525
2.687400,4.069400,-0.100753
2.687400,2.699390,-0.004286
2.687400,2.860066,0.023067
2.687400,9.723976,0.087131
2.687400,3.332512,-0.063088
2.687400,2.688163,-0.000487
2.687400,3.197408,0.053226
2.687400,10.833705,-0.058576
2.687400,2.910632,-0.028192
2.687400,2.691294,0.002961
2.687400,3.736541,0.086668
2.687400,7.314447,-0.123451
2.687400,2.784961,-0.014898
2.687400,2.731615,0.008561
2.687400,5.305027,0.126476
2.687400,4.554929,-0.114951
2.687400,2.711463,-0.006096
2.687400,2.805575,0.017275
2.687400,8.056132,0.115250
2.687400,3.581795,-0.078594
2.687400,2.687911,-0.002282
2.687400,2.948636,0.031885
2.687400,11.362474,0.037914
2.687400,3.126850,-0.047621
2.687400,2.687441,0.000915
2.687400,3.380606,0.066343
2.687400,9.353018,-0.094584
2.687400,2.846548,-0.021670
2.687400,2.700234,0.004486
2.687400,4.113760,0.102336
2.687400,6.113900,-0.129631
2.687400,2.753154,-0.011113
2.687400,2.768437,0.012924
2.687400,6.692026,0.127940
2.687400,3.905524,-0.094333
2.687400,2.695414,-0.003640
2.687400,2.884414,0.025562
2.687400,10.316030,0.073372
2.687400,3.259969,-0.057929
2.687400,2.688500,0.000074
2.687400,3.280536,0.059423
2.687400,10.145446,-0.077613
2.687400,2.876944,-0.024800
2.687400,2.696755,0.003852
2.687400,3.959787,0.096563
2.687400,6.524235,-0.128705
2.687400,2.764042,-0.012393
2.687400,2.759167,0.011816
2.687400,6.339807,0.129296
2.687400,4.024877,-0.099101
2.687400,2.698237,-0.004120
2.687400,2.864249,0.023502
2.687400,9.833529,0.084774
2.687400,3.318772,-0.062136
2.687400,2.688103,-0.000395
2.687400,3.209069,0.054122
2.687400,10.738513,-0.061568
2.687400,2.905275,-0.027662
2.687400,2.691689,0.003048
2.687400,3.755712,0.087596
2.687400,7.235091,-0.124156
2.687400,2.782808,-0.014648
2.687400,2.733689,0.008813
2.687400,5.383195,0.127134
2.687400,4.500834,-0.113680
2.687400,2.710001,-0.005913
2.687400,2.807497,0.017492
2.687400,8.122738,0.114380
2.687400,3.569680,-0.077916
2.687400,2.687679,-0.002224
2.687400,2.952720,0.032275
2.687400,11.404477,0.035772
2.687400,3.120351,-0.047088
2.687400,2.687353,0.000952
2.687400,3.384369,0.066593
2.687400,9.324905,-0.095118
2.687400,2.845560,-0.021569
2.687400,2.700157,0.004484
2.687400,4.112167,0.102281
2.687400,6.117696,-0.129629
2.687400,2.753236,-0.011127
2.687400,2.767806,0.012854
2.687400,6.668972,0.128057
2.687400,3.912715,-0.094635
2.687400,2.695520,-0.003676
2.687400,2.881156,0.025234
2.687400,10.243290,0.075212
2.687400,3.268711,-0.058568
2.687400,2.688327,-0.000009
2.687400,3.266161,0.058382
2.687400,10.264465,-0.074681
2.687400,2.882090,-0.025329
2.687400,2.695359,0.003651
2.687400,3.906163,0.094361
2.687400,6.689945,-0.127951
2.687400,2.768357,-0.012921
2.687400,2.752495,0.011040
2.687400,6.089842,0.129640
2.687400,4.123893,-0.102689
2.687400,2.700431,-0.004531
2.687400,2.843594,0.021363
2.687400,9.268043,0.096185
2.687400,3.392047,-0.067098
2.687400,2.687296,-0.001014
2.687400,3.111027,0.046318
2.687400,11.461858,-0.032621
2.687400,2.958793,-0.032850
2.687400,2.687481,0.002156
2.687400,3.556632,0.077176
2.687400,8.196030,-0.113398
2.687400,2.809636,-0.017730
2.687400,2.708705,0.005747
2.687400,4.452492,0.112483
2.687400,5.457101,-0.127677
2.687400,2.735650,-0.009050
2.687400,2.780910,0.014426
2.687400,7.164752,0.124750
2.687400,3.773220,-0.088430
2.687400,2.692067,-0.003124
2.687400,2.900946,0.027232
2.687400,10.657717,0.063998
2.687400,3.218873,-0.054869
2.687400,2.688063,0.000320
2.687400,3.307570,0.061351
2.687400,9.923898,-0.082771
2.687400,2.867793,-0.023870
2.687400,2.697346,0.003990
2.687400,3.990233,0.097769
2.687400,6.435773,-0.129023
2.687400,2.761664,-0.012120
2.687400,2.760409,0.011972
2.687400,6.388272,0.129168
2.687400,4.007161,-0.098426
2.687400,2.697735,-0.004059
2.687400,2.864617,0.023544
2.687400,9.843425,0.084558
2.687400,3.317532,-0.062050
2.687400,2.687967,-0.000402
2.687400,3.205876,0.053879
2.687400,10.764631,-0.060762
2.687400,2.906702,-0.027806
2.687400,2.691252,0.002986
2.687400,3.739344,0.086806
2.687400,7.302652,-0.123558
2.687400,2.784613,-0.014864
2.687400,2.731142,0.008510
2.687400,5.288221,0.126324
2.687400,4.566977,-0.115225
2.687400,2.711753,-0.006141
2.687400,2.804078,0.017113
2.687400,8.005018,0.115903
2.687400,3.591252,-0.079120
2.687400,2.687950,-0.002343
2.687400,2.940939,0.031152
2.687400,11.275991,0.041987
2.687400,3.139560,-0.048657
2.687400,2.687328,0.000809
2.687400,3.363910,0.065231
2.687400,9.479200,-0.092136
2.687400,2.850981,-0.022139
2.687400,2.698754,0.004280
2.687400,4.057520,0.100321
2.687400,6.253515,-0.129478
2.687400,2.756782,-0.011557
2.687400,2.763183,0.012316
2.687400,6.495872,0.128814
2.687400,3.969375,-0.096949
2.687400,2.696691,-0.003925
2.687400,2.866254,0.023718
2.687400,9.885936,0.083620
2.687400,3.312243,-0.061682
2.687400,2.687739,-0.000391
2.687400,3.203713,0.053715
2.687400,10.782224,-0.060213
2.687400,2.907664,-0.027905
2.687400,2.690674,0.002911
2.687400,3.718701,0.085793
2.687400,7.390465,-0.122743
2.687400,2.786964,-0.015145
2.687400,2.727705,0.008101
2.687400,5.160478,0.125024
2.687400,4.663954,-0.117308
2.687400,2.714337,-0.006471
2.687400,2.799803,0.016634
2.687400,7.855680,0.117740
2.687400,3.619799,-0.080680
2.687400,2.688380,-0.002492
2.687400,2.927669,0.029873
2.687400,11.103002,0.049140
2.687400,3.163196,-0.050554
2.687400,2.687271,0.000631
2.687400,3.337953,0.063469
2.687400,9.680602,-0.088044
2.687400,2.858328,-0.022908
2.687400,2.696899,0.004008
2.687400,3.985273,0.097578
2.687400,6.449808,-0.128977
2.687400,2.761902,-0.012179
2.687400,2.756187,0.011500
2.687400,6.233325,0.129511
2.687400,4.065369,-0.100610
2.687400,2.698802,-0.004327
2.687400,2.845404,0.021563
2.687400,9.321900,0.095175
2.687400,3.384751,-0.066621
2.687400,2.686978,-0.000999
2.687400,3.107888,0.046060
2.687400,11.480268,-0.031544
2.687400,2.960866,-0.033048
2.687400,2.686983,0.002082
2.687400,3.537780,0.076096
2.687400,8.304698,-0.111897
2.687400,2.812796,-0.018090
2.687400,2.705673,0.005371
2.687400,4.341994,0.109527
2.687400,5.642145,-0.128726
2.687400,2.740494,-0.009646
2.687400,2.774469,0.013684
2.687400,6.926843,0.126537
2.687400,3.836344,-0.091335
2.687400,2.693248,-0.003420
2.687400,2.879896,0.025125
2.687400,10.216744,0.075872
2.687400,3.271860,-0.058804
2.687400,2.687396,-0.000141
2.687400,3.232695,0.055916
2.687400,10.542755,-0.067303
2.687400,2.895024,-0.026652
2.687400,2.691206,0.003067
2.687400,3.750392,0.087343
2.687400,7.256733,-0.123968
2.687400,2.783289,-0.014727
2.687400,2.730146,0.008407
2.687400,5.253588,0.125996
2.687400,4.592298,-0.115790
2.687400,2.712341,-0.006238
2.687400,2.800288,0.016702
2.687400,7.874825,0.117511
2.687400,3.616042,-0.080479
2.687400,2.688055,-0.002504
2.687400,2.920943,0.029223
2.687400,11.003900,0.052809
2.687400,3.176020,-0.051570
2.687400,2.686915,0.000495
2.687400,3.313270,0.061760
2.687400,9.877270,-0.083813
2.687400,2.865816,-0.023692
2.687400,2.694281,0.003646
2.687400,3.887062,0.093555
2.687400,6.752087,-0.127619
2.687400,2.769778,-0.013140
2.687400,2.744234,0.010103
2.687400,5.785031,0.129253
2.687400,4.265626,-0.107291
2.687400,2.703604,-0.005106
2.687400,2.816083,0.018454
2.687400,8.415161,0.110315
2.687400,3.519215,-0.075013
2.687400,2.686663,-0.001989
2.687400,2.968320,0.033750
2.687400,11.540346,0.027744
2.687400,3.097080,-0.045158
2.687400,2.686797,0.001057
2.687400,3.389882,0.066960
2.687400,9.283786,-0.095892
2.687400,2.844063,-0.021427
2.687400,2.698437,0.004295
2.687400,4.054248,0.100203
2.687400,6.261908,-0.129464
2.687400,2.756899,-0.011595
2.687400,2.759938,0.011955
2.687400,6.377041,0.129201
2.687400,4.011177,-0.098583
2.687400,2.697404,-0.004124
2.687400,2.850686,0.022119
2.687400,9.472433,0.092270
2.687400,3.364772,-0.065292
2.687400,2.686924,-0.000863
2.687400,3.125692,0.047530
2.687400,11.369926,-0.037544
2.687400,2.949307,-0.031956
2.687400,2.687079,0.002179
2.687400,3.553187,0.076983
2.687400,8.215506,-0.113134
2.687400,2.810138,-0.017801
2.687400,2.706448,0.005481
2.687400,4.372294,0.110370
2.687400,5.588991,-0.128469
2.687400,2.739069,-0.009479
2.687400,2.775289,0.013785
2.687400,6.958277,0.126322
2.687400,3.827624,-0.090944
2.687400,2.692993,-0.003390
2.687400,2.879908,0.025128
2.687400,10.217245,0.075860
2.687400,3.271795,-0.058800
2.687400,2.687301,-0.000152
2.687400,3.229681,0.055691
2.687400,10.567772,-0.066598
2.687400,2.896264,-0.026778
2.687400,2.690845,0.003016
2.687400,3.736801,0.086685
2.687400,7.313192,-0.123464
2.687400,2.784801,-0.014907
2.687400,2.728106,0.008163
2.687400,5.177634,0.125214
2.687400,4.650335,-0.117029
2.687400,2.713897,-0.006434
2.687400,2.798050,0.016449
2.687400,7.795816,0.118447
2.687400,3.631621,-0.081317
2.687400,2.688331,-0.002580
2.687400,2.915023,0.028644
2.687400,10.909655,0.056076
2.687400,3.187918,-0.052500
2.687400,2.686879,0.000405
2.687400,3.300056,0.060830
2.687400,9.984464,-0.081399
2.687400,2.870088,-0.024133
2.687400,2.693414,0.003512
2.687400,3.852695,0.092063
2.687400,6.868939,-0.126919
2.687400,2.772858,-0.013509
2.687400,2.740203,0.009625
2.687400,5.633491,0.128687
2.687400,4.346839,-0.109664
2.687400,2.705700,-0.005400
2.687400,2.809377,0.017725
2.687400,8.191045,0.113467
2.687400,3.557470,-0.077229
2.687400,2.686934,-0.002226
2.687400,2.940641,0.031131
2.687400,11.272971,0.042123
2.687400,3.139962,-0.048695
2.687400,2.686715,0.000734
2.687400,3.343322,0.063841
2.687400,9.638188,-0.088926
2.687400,2.856681,-0.022751
2.687400,2.695417,0.003847
2.687400,3.936083,0.095608
2.687400,6.595624,-0.128407
2.687400,2.765630,-0.012650
2.687400,2.748540,0.010618
2.687400,5.948136,0.129579
2.687400,4.186525,-0.104800
2.687400,2.701559,-0.004818
2.687400,2.822809,0.019181
2.687400,8.634553,0.107006
2.687400,3.483973,-0.072907
2.687400,2.686458,-0.001764
2.687400,2.995422,0.036255
2.687400,11.690105,0.014464
2.687400,3.061852,-0.042158
2.687400,2.686634,0.001296
2.687400,3.420788,0.068966
2.687400,9.060331,-0.099946
2.687400,2.836504,-0.020633
2.687400,2.699518,0.004477
2.687400,4.100149,0.101861
2.687400,6.146600,-0.129612
2.687400,2.753839,-0.011235
2.687400,2.762404,0.012252
2.687400,6.471134,0.128905
2.687400,3.977842,-0.097287
2.687400,2.696570,-0.003996
2.687400,2.854792,0.022548
2.687400,9.586063,0.089995
2.687400,3.350019,-0.064296
2.687400,2.686942,-0.000755
2.687400,3.140729,0.048755
2.687400,11.267657,-0.042359
2.687400,2.940214,-0.031087
2.687400,2.687326,0.002275
2.687400,3.571081,0.077997
2.687400,8.114815,-0.114485
2.687400,2.807189,-0.017474
2.687400,2.708016,0.005685
2.687400,4.430974,0.111933
2.687400,5.491281,-0.127904
2.687400,2.736481,-0.009167
2.687400,2.777790,0.014079
2.687400,7.051720,0.125643
2.687400,3.802406,-0.089794
2.687400,2.692433,-0.003282
2.687400,2.885527,0.025696
2.687400,10.342996,0.072679
2.687400,3.256672,-0.057695
2.687400,2.687403,-0.000031
2.687400,3.248083,0.057062
2.687400,10.414568,-0.070801
2.687400,2.888840,-0.026031
2.687400,2.691984,0.003205
2.687400,3.783507,0.088916
2.687400,7.124235,-0.125079
2.687400,2.779728,-0.014308
2.687400,2.734200,0.008894
2.687400,5.405616,0.127307
2.687400,4.485871,-0.113316
2.687400,2.709479,-0.005875
2.687400,2.804455,0.017171
2.687400,8.020632,0.115706
2.687400,3.588320,-0.078960
2.687400,2.687566,-0.002368
2.687400,2.931539,0.030253
2.687400,11.157011,0.047023
2.687400,3.155996,-0.049983
2.687400,2.686914,0.000641
2.687400,3.333529,0.063168
2.687400,9.715356,-0.087315
2.687400,2.859587,-0.023048
2.687400,2.695478,0.003832
2.687400,3.934980,0.095562
2.687400,6.599047,-0.128391
2.687400,2.765753,-0.012657
2.687400,2.749376,0.010710
2.687400,5.978683,0.129609
2.687400,4.172574,-0.104340
2.687400,2.701264,-0.004759
2.687400,2.826067,0.019527
2.687400,8.737913,0.105370
2.687400,3.468052,-0.071933
2.687400,2.686524,-0.001644
2.687400,3.012787,0.037830
2.687400,11.735135,0.006403
2.687400,3.042104,-0.040437
2.687400,2.686610,0.001438
2.687400,3.440446,0.070214
2.687400,8.923391,-0.102310
2.687400,2.832016,-0.020157
2.687400,2.700413,0.004615
2.687400,4.136243,0.103117
2.687400,6.060890,-0.129644
2.687400,2.751577,-0.010966
2.687400,2.764575,0.012510
2.687400,6.553286,0.128589
2.687400,3.950010,-0.096174
2.687400,2.695916,-0.003884
2.687400,2.859596,0.023045
2.687400,9.715133,0.087319
2.687400,3.333565,-0.063169
2.687400,2.687050,-0.000625
2.687400,3.160369,0.050331
2.687400,11.124315,-0.048316
2.687400,2.929167,-0.030021
2.687400,2.687908,0.002426
2.687400,3.602340,0.079732
2.687400,7.946077,-0.116642
2.687400,2.802339,-0.016928
2.687400,2.711513,0.006126
2.687400,4.560481,0.115078
2.687400,5.297233,-0.126407
2.687400,2.731334,-0.008544
2.687400,2.782935,0.014680
2.687400,7.242608,0.124091
2.687400,3.753847,-0.087509
2.687400,2.691382,-0.003071
2.687400,2.897340,0.026881
2.687400,10.588595,0.066005
2.687400,3.227189,-0.055501
2.687400,2.687584,0.000203
2.687400,3.283536,0.059646
2.687400,10.120277,-0.078219
2.687400,2.875779,-0.024701
2.687400,2.694438,0.003590
2.687400,3.881529,0.093315
2.687400,6.770582,-0.127513
2.687400,2.770367,-0.013187
2.687400,2.746529,0.010356
2.687400,5.868461,0.129454
2.687400,4.224193,-0.106008
2.687400,2.702700,-0.004936
2.687400,2.824740,0.019376
2.687400,8.694421,0.106064
2.687400,3.474720,-0.072340
2.687400,2.686780,-0.001661
2.687400,3.014550,0.037987
2.687400,11.737682,0.005609
2.687400,3.040229,-0.040271
2.687400,2.686840,0.001479
2.687400,3.450001,0.070812
2.687400,8.858407,-0.103400
2.687400,2.829957,-0.019931
2.687400,2.701856,0.004799
2.687400,4.188827,0.104873
2.687400,5.943219,-0.129572
2.687400,2.748532,-0.010589
2.687400,2.769335,0.013058
2.687400,6.730549,0.127736
2.687400,3.893634,-0.093833
2.687400,2.694800,-0.003630
2.687400,2.876038,0.024724
2.687400,10.126016,0.078081
2.687400,3.282848,-0.059595
2.687400,2.687731,-0.000181
2.687400,3.232642,0.055910
2.687400,10.543334,-0.067286
2.687400,2.895084,-0.026652
2.687400,2.691987,0.003159
2.687400,3.776872,0.088604
2.687400,7.150273,-0.124869
2.687400,2.780473,-0.014385
2.687400,2.734734,0.008949
2.687400,5.424168,0.127445
2.687400,4.473701,-0.113016
2.687400,2.709210,-0.005827
2.687400,2.806759,0.017419
2.687400,8.098867,0.114694
2.687400,3.573977,-0.078159
2.687400,2.687532,-0.002271
2.687400,2.943997,0.031447
2.687400,11.311736,0.040353
2.687400,3.134389,-0.048239
2.687400,2.687130,0.000824
2.687400,3.362654,0.065148
2.687400,9.488715,-0.091948
2.687400,2.851295,-0.022177
2.687400,2.697987,0.004188
2.687400,4.030621,0.099321
2.687400,6.324230,-0.129335
2.687400,2.758594,-0.011784
2.687400,2.759750,0.011922
2.687400,6.368041,0.129225
2.687400,4.014464,-0.098708
2.687400,2.697604,-0.004123
2.687400,2.853933,0.022452
2.687400,9.561625,0.090490
2.687400,3.353185,-0.064509
2.687400,2.687192,-0.000749
2.687400,3.145679,0.049153
2.687400,11.232546,-0.043892
2.687400,2.937367,-0.030811
2.687400,2.687839,0.002357
2.687400,3.591315,0.079125
2.687400,8.004634,-0.115908
2.687400,2.804043,-0.017114
2.687400,2.711097,0.006066
2.687400,4.543726,0.114694
2.687400,5.320826,-0.126617
2.687400,2.731988,-0.008617
2.687400,2.783144,0.014697
2.687400,7.249261,0.124033
2.687400,3.752230,-0.087430
2.687400,2.691451,-0.003051
2.687400,2.901018,0.027244
2.687400,10.659563,0.063944
2.687400,3.218636,-0.054853
2.687400,2.687793,0.000290
2.687400,3.298953,0.060744
2.687400,9.993877,-0.081182
2.687400,2.870573,-0.024162
2.687400,2.695986,0.003810
2.687400,3.940333,0.095778
2.687400,6.582742,-0.128463
2.687400,2.765465,-0.012590
2.687400,2.753958,0.011225
2.687400,6.147138,0.129611
2.687400,4.099956,-0.101852
2.687400,2.699742,-0.004450
2.687400,2.843624,0.021371
2.687400,9.269673,0.096155
2.687400,3.391815,-0.067085
2.687400,2.687116,-0.001033
2.687400,3.105456,0.045856
2.687400,11.494317,-0.030697
2.687400,2.962529,-0.033203
2.687400,2.687166,0.002091
2.687400,3.542132,0.076346
2.687400,8.279332,-0.112252
2.687400,2.812068,-0.018004
2.687400,2.706729,0.005499
2.687400,4.379975,0.110579
2.687400,5.575838,-0.128400
2.687400,2.738769,-0.009432
2.687400,2.777052,0.013980
2.687400,7.022236,0.125863
2.687400,3.810270,-0.090154
2.687400,2.692774,-0.003296
2.687400,2.888981,0.026039
2.687400,10.416877,0.070739
2.687400,3.247823,-0.057040
2.687400,2.687730,0.000071
2.687400,3.267585,0.058491
2.687400,10.252368,-0.074986
2.687400,2.881494,-0.025280
2.687400,2.693883,0.003482
2.687400,3.856310,0.092219
2.687400,6.856480,-0.126997
2.687400,2.772655,-0.013456
2.687400,2.744233,0.010081
2.687400,5.781418,0.129242
2.687400,4.267495,-0.107347
2.687400,2.703822,-0.005094
2.687400,2.821152,0.018989
2.687400,8.578948,0.107865
2.687400,3.492739,-0.073434
2.687400,2.686870,-0.001778
2.687400,3.000166,0.036685
2.687400,11.706021,0.012235
2.687400,3.056296,-0.041674
2.687400,2.686971,0.001377
2.687400,3.437700,0.070038
2.687400,8.942437,-0.101986
2.687400,2.832691,-0.020217
2.687400,2.701793,0.004771
2.687400,4.183554,0.104700
2.687400,5.954679,-0.129585
2.687400,2.748870,-0.010621
2.687400,2.770095,0.013140
2.687400,6.757752,0.127586
2.687400,3.885401,-0.093480
2.687400,2.694725,-0.003583
2.687400,2.881213,0.025246
2.687400,10.245303,0.075162
2.687400,3.268452,-0.058552
2.687400,2.688031,-0.000042
2.687400,3.256758,0.057697
2.687400,10.342552,-0.072690
2.687400,2.885570,-0.025688
2.687400,2.694026,0.003469
2.687400,3.856745,0.092237
2.687400,6.855016,-0.127005
2.687400,2.772661,-0.013447
2.687400,2.745541,0.010228
2.687400,5.829371,0.129369
2.687400,4.243358,-0.106606
2.687400,2.703274,-0.004997
2.687400,2.825531,0.019455
2.687400,8.718715,0.105677
2.687400,3.471007,-0.072112
2.687400,2.686940,-0.001616
2.687400,3.023228,0.038763
2.687400,11.745302,0.001734
2.687400,3.031162,-0.039469
2.687400,2.686956,0.001560
2.687400,3.463286,0.071636
2.687400,8.769543,-0.104859
2.687400,2.827141,-0.019626
2.687400,2.702998,0.004953
2.687400,4.231886,0.106249
2.687400,5.852675,-0.129421
2.687400,2.746166,-0.010300
2.687400,2.772356,0.013409
2.687400,6.843201,0.127079
2.687400,3.860161,-0.092387
2.687400,2.694133,-0.003480
2.687400,2.885770,0.025707
2.687400,10.346804,0.072579
2.687400,3.256251,-0.057659
2.687400,2.688085,0.000052
2.687400,3.270715,0.058716
2.687400,10.226551,-0.075629
2.687400,2.880396,-0.025161
2.687400,2.695006,0.003622
2.687400,3.895915,0.093928
2.687400,6.723132,-0.127776
2.687400,2.769193,-0.013029
2.687400,2.750300,0.010788
2.687400,6.008272,0.129628
2.687400,4.159329,-0.103897
2.687400,2.701218,-0.004676
2.687400,2.836408,0.020610
2.687400,9.055537,0.100030
2.687400,3.421492,-0.069008
2.687400,2.687046,-0.001253
2.687400,3.074384,0.043233
2.687400,11.646005,-0.019340
2.687400,2.985289,-0.035322
2.687400,2.686944,0.001896
2.687400,3.510781,0.074512
2.687400,8.466659,-0.109558
2.687400,2.817707,-0.018618
2.687400,2.704787,0.005232
2.687400,4.305248,0.108470
2.687400,5.709265,-0.129002
2.687400,2.742316,-0.009854
2.687400,2.774175,0.013638
2.687400,6.913909,0.126624
2.687400,3.839980,-0.091496
2.687400,2.693487,-0.003417
2.687400,2.884055,0.025540
2.687400,10.309802,0.073532
2.687400,3.260677,-0.057987
2.687400,2.687731,-0.000021
2.687400,3.254745,0.057551
2.687400,10.359187,-0.072258
2.687400,2.886301,-0.025768
2.687400,2.693154,0.003361
2.687400,3.826156,0.090876
2.687400,6.963681,-0.126283
2.687400,2.775495,-0.013795
2.687400,2.740674,0.009658
2.687400,5.647497,0.128750
2.687400,4.339013,-0.109442
2.687400,2.705659,-0.005353
2.687400,2.814981,0.018322
2.687400,8.376641,0.110873
2.687400,3.525642,-0.075388
2.687400,2.687033,-0.001990
2.687400,2.973992,0.034276
2.687400,11.580223,0.024905
2.687400,3.089250,-0.044496
2.687400,2.687090,0.001149
2.687400,3.407597,0.068113
2.687400,9.154670,-0.098264
2.687400,2.839718,-0.020959
2.687400,2.700587,0.004578
2.687400,4.133677,0.103027
2.687400,6.066917,-0.129643
2.687400,2.751850,-0.010972
2.687400,2.767773,0.012861
2.687400,6.669532,0.128055
2.687400,3.912526,-0.094628
2.687400,2.695383,-0.003691
2.687400,2.877064,0.024823
2.687400,10.149500,0.077515
2.687400,3.280018,-0.059389
2.687400,2.688009,-0.000128
2.687400,3.244498,0.056792
2.687400,10.444713,-0.069994
2.687400,2.890323,-0.026169
2.687400,2.693274,0.003345
2.687400,3.825883,0.090863
2.687400,6.964720,-0.126276
2.687400,2.775563,-0.013794
2.687400,2.741789,0.009784
2.687400,5.688245,0.128921
2.687400,4.316592,-0.108800
2.687400,2.705133,-0.005267
2.687400,2.818418,0.018690
2.687400,8.489300,0.109221
2.687400,3.507108,-0.074293
2.687400,2.687037,-0.001860
2.687400,2.991763,0.035916
2.687400,11.675680,0.016219
2.687400,3.066327,-0.042541
2.687400,2.687123,0.001321
2.687400,3.432363,0.069700
2.687400,8.979427,-0.101353
2.687400,2.833920,-0.020343
2.687400,2.702140,0.004802
2.687400,4.194260,0.105048
2.687400,5.931556,-0.129557
2.687400,2.748299,-0.010544
2.687400,2.771845,0.013337
2.687400,6.821984,0.127209
2.687400,3.866352,-0.092656
2.687400,2.694429,-0.003487
2.687400,2.889378,0.026065
2.687400,10.423875,0.070552
2.687400,3.247019,-0.056975
2.687400,2.688423,0.000158
2.687400,3.290994,0.060173
2.687400,10.059306,-0.079662
2.687400,2.873324,-0.024431
2.687400,2.697251,0.003937
2.687400,3.980849,0.097400
2.687400,6.462648,-0.128932
2.687400,2.762422,-0.012200
2.687400,2.761060,0.012038
2.687400,6.411139,0.129100
2.687400,3.998973,-0.098109
2.687400,2.697663,-0.004012
2.687400,2.869750,0.024066
2.687400,9.972092,0.081680
2.687400,3.301653,-0.060931
2.687400,2.688309,-0.000248
2.687400,3.232742,0.055913
2.687400,10.542752,-0.067302
2.687400,2.895110,-0.026644
2.687400,2.693346,0.003318
2.687400,3.823116,0.090736
2.687400,6.974864,-0.126204
2.687400,2.775876,-0.013822
2.687400,2.742696,0.009884
2.687400,5.721087,0.129045
2.687400,4.298958,-0.108285
2.687400,2.704739,-0.005196
2.687400,2.821769,0.019047
2.687400,8.597614,0.107578
2.687400,3.489806,-0.073255
2.687400,2.687086,-0.001732
2.687400,3.009854,0.037561
2.687400,11.730008,0.007752
2.687400,3.045357,-0.040719
2.687400,2.687139,0.001477
2.687400,3.454599,0.071096
2.687400,8.827555,-0.103910
2.687400,2.829017,-0.019820
2.687400,2.703384,0.004984
2.687400,4.243246,0.106602
2.687400,5.829627,-0.129369
2.687400,2.745610,-0.010222
2.687400,2.774459,0.013644
2.687400,6.920015,0.126582
2.687400,3.838303,-0.091418
2.687400,2.693825,-0.003366
2.687400,2.896180,0.026747
2.687400,10.563735,0.066711
2.687400,3.230233,-0.055722
2.687400,2.688575,0.000298
2.687400,3.312856,0.061718
2.687400,9.881369,-0.083720
2.687400,2.866172,-0.023690
2.687400,2.699244,0.004223
2.687400,4.057549,0.100318
2.687400,6.253587,-0.129476
2.687400,2.756997,-0.011534
2.687400,2.769397,0.013001
2.687400,6.722062,0.127780
2.687400,3.896308,-0.093940
2.687400,2.695673,-0.003547
2.687400,2.900943,0.027204
2.687400,10.654866,0.064080
2.687400,3.219299,-0.054889
2.687400,2.689668,0.000505
2.687400,3.359726,0.064931
2.687400,9.512312,-0.091476
2.687400,2.852476,-0.022234
2.687400,2.706510,0.005171
2.687400,4.326151,0.109066
2.687400,5.671050,-0.128846
2.687400,2.742006,-0.009655
2.687400,2.795865,0.016000
2.687400,7.685069,0.119697
2.687400,3.654473,-0.082495
2.687400,2.692600,-0.002240
2.687400,3.028775,0.039213
2.687400,11.745868,-0.000587
2.687400,3.026091,-0.038974
2.687400,2.692635,0.002264
2.687400,3.658465,0.082704
2.687400,7.665888,-0.119909
2.687400,2.795326,-0.015939
2.687400,2.742331,0.009696
2.687400,5.683617,0.128897
2.687400,4.319276,-0.108868
2.687400,2.706326,-0.005147
2.687400,2.852840,0.022272
2.687400,9.522538,0.091272
2.687400,3.358394,-0.064841
2.687400,2.689648,-0.000498
2.687400,3.219958,0.054939
2.687400,10.649408,-0.064240
2.687400,2.900656,-0.027176
2.687400,2.695669,0.003548
2.687400,3.896452,0.093946
2.687400,6.721592,-0.127783
2.687400,2.769381,-0.013000
2.687400,2.756929,0.011526
2.687400,6.251110,0.129480
2.687400,4.058509,-0.100354
2.687400,2.699260,-0.004228
2.687400,2.865808,0.023653
2.687400,9.872152,0.083924
2.687400,3.313997,-0.061798
2.687400,2.688552,-0.000308
2.687400,3.228374,0.055583
2.687400,10.579171,-0.066273
2.687400,2.896954,-0.026825
2.687400,2.693670,0.003342
2.687400,3.832171,0.091144
2.687400,6.942018,-0.126432
2.687400,2.775039,-0.013714
2.687400,2.744784,0.010125
2.687400,5.798632,0.129290
2.687400,4.258766,-0.107080
2.687400,2.703768,-0.005042
2.687400,2.827199,0.019627
2.687400,8.770490,0.104843
2.687400,3.463155,-0.071627
2.687400,2.687130,-0.001538
2.687400,3.036846,0.039970
2.687400,11.741445,-0.004170
2.687400,3.017762,-0.038273
2.687400,2.687100,0.001675
2.687400,3.482030,0.072784
2.687400,8.647295,-0.106806
2.687400,2.823319,-0.019213
2.687400,2.704488,0.005155
2.687400,4.288375,0.107972
2.687400,5.741134,-0.129115
2.687400,2.743240,-0.009946
2.687400,2.775762,0.013805
2.687400,6.970052,0.126238
2.687400,3.824437,-0.090796
2.687400,2.693420,-0.003318
2.687400,2.896211,0.026753
2.687400,10.564671,0.066684
2.687400,3.230111,-0.055714
2.687400,2.688403,0.000278
2.687400,3.307354,0.061333
2.687400,9.925799,-0.082728
2.687400,2.867908,-0.023874
2.687400,2.698335,0.004104
2.687400,4.024233,0.099076
2.687400,6.341583,-0.129291
2.687400,2.759261,-0.011816
2.687400,2.765379,0.012540
2.687400,6.572900,0.128504
2.687400,3.943609,-0.095908
2.687400,2.696524,-0.003769
2.687400,2.884415,0.025553
2.687400,10.315081,0.073396
2.687400,3.260106,-0.057935
2.687400,2.688931,0.000124
2.687400,3.294453,0.060416
2.687400,10.031180,-0.080318
2.687400,2.872222,-0.024307
2.687400,2.698935,0.004142
2.687400,4.040142,0.099673
2.687400,6.299097,-0.129388
2.687400,2.758239,-0.011672
2.687400,2.769370,0.012989
2.687400,6.719522,0.127793
2.687400,3.897098,-0.093972
2.687400,2.695806,-0.003537
2.687400,2.904368,0.027541
2.687400,10.718841,0.062166
2.687400,3.211556,-0.054298
2.687400,2.689942,0.000593
2.687400,3.376584,0.066057
2.687400,9.384308,-0.093981
2.687400,2.847983,-0.021752
2.687400,2.708951,0.005488
2.687400,4.417145,0.111562
2.687400,5.514061,-0.128040
2.687400,2.737940,-0.009145
2.687400,2.802614,0.016756
2.687400,7.922819,0.116920
2.687400,3.607100,-0.079959
2.687400,2.692237,-0.001952
2.687400,3.062124,0.042138
2.687400,11.689918,-0.014467
2.687400,2.995706,-0.036230
2.687400,2.693118,0.002545
2.687400,3.707046,0.085191
2.687400,7.442395,-0.122235
2.687400,2.789092,-0.015235
2.687400,2.746231,0.010181
2.687400,5.834213,0.129376
2.687400,4.241103,-0.106528
2.687400,2.704250,-0.004870
2.687400,2.857707,0.022788
2.687400,9.656528,0.088543
2.687400,3.341142,-0.063670
2.687400,2.689465,-0.000396
2.687400,3.231094,0.055780
2.687400,10.556957,-0.066901
2.687400,2.895926,-0.026705
2.687400,2.695944,0.003616
2.687400,3.911068,0.094563
2.687400,6.674375,-0.128029
2.687400,2.768115,-0.012853
2.687400,2.757852,0.011639
2.687400,6.286509,0.129414
2.687400,4.044903,-0.099851
2.687400,2.698917,-0.004176
2.687400,2.867389,0.023817
2.687400,9.912270,0.083031
2.687400,3.309032,-0.061450
2.687400,2.688559,-0.000272
2.687400,3.233501,0.055967
2.687400,10.536546,-0.067475
2.687400,2.894826,-0.026611
2.687400,2.693971,0.003393
2.687400,3.844770,0.091706
2.687400,6.897034,-0.126735
2.687400,2.773848,-0.013572
2.687400,2.746313,0.010306
2.687400,5.856196,0.129428
2.687400,4.230179,-0.106195
2.687400,2.703054,-0.004935
2.687400,2.830394,0.019967
2.687400,8.870534,0.103198
2.687400,3.448229,-0.070699
2.687400,2.687138,-0.001432
2.687400,3.051479,0.041254
2.687400,11.717821,-0.010276
2.687400,3.004374,-0.037066
2.687400,2.687071,0.001770
2.687400,3.495055,0.073571
2.687400,8.564434,-0.108087
2.687400,2.820739,-0.018937
2.687400,2.704874,0.005219
2.687400,4.304856,0.108458
2.687400,5.710023,-0.129005
2.687400,2.742393,-0.009850
2.687400,2.775833,0.013819
2.687400,6.973702,0.126212
2.687400,3.823430,-0.090751
2.687400,2.693315,-0.003323
2.687400,2.893867,0.026521
2.687400,10.517693,0.068000
2.687400,3.235749,-0.056138
2.687400,2.688227,0.000217
2.687400,3.295921,0.060526
2.687400,10.018844,-0.080605
2.687400,2.871638,-0.024262
2.687400,2.697032,0.003924
2.687400,3.975142,0.097176
2.687400,6.479122,-0.128875
2.687400,2.762822,-0.012255
2.687400,2.759589,0.011872
2.687400,6.356798,0.129253
2.687400,4.018611,-0.098864
2.687400,2.698028,-0.004102
2.687400,2.863389,0.023416
2.687400,9.811690,0.085250
2.687400,3.321488,-0.062326
2.687400,2.687974,-0.000430
2.687400,3.202190,0.053596
2.687400,10.794744,-0.059819
2.687400,2.908389,-0.027973
2.687400,2.691106,0.002956
2.687400,3.732576,0.086475
2.687400,7.331131,-0.123299
2.687400,2.785386,-0.014954
2.687400,2.730353,0.008414
2.687400,5.258579,0.126044
2.687400,4.588622,-0.115708
2.687400,2.712338,-0.006214
2.687400,2.803347,0.017030
2.687400,7.979448,0.116225
2.687400,3.596045,-0.079385
2.687400,2.688045,-0.002365
2.687400,2.939444,0.031008
2.687400,11.257999,0.042786
2.687400,3.142117,-0.048864
2.687400,2.687356,0.000794
2.687400,3.362200,0.065116
2.687400,9.492288,-0.091877
2.687400,2.851453,-0.022188
2.687400,2.698739,0.004274
2.687400,4.056451,0.100282
2.687400,6.256280,-0.129473
2.687400,2.756859,-0.011565
2.687400,2.763236,0.012321
2.687400,6.497695,0.128807
2.687400,3.968754,-0.096924
2.687400,2.696689,-0.003921
2.687400,2.866722,0.023766
2.687400,9.897722,0.083357
2.687400,3.310786,-0.061579
2.687400,2.687770,-0.000377
2.687400,3.206159,0.053902
2.687400,10.762234,-0.060837
2.687400,2.906552,-0.027795
2.687400,2.690843,0.002939
2.687400,3.725638,0.086136
2.687400,7.360618,-0.123025
2.687400,2.786156,-0.015050
2.687400,2.728670,0.008217
2.687400,5.196464,0.125416
2.687400,4.635633,-0.116722
2.687400,2.713574,-0.006376
2.687400,2.800782,0.016745
2.687400,7.890239,0.117325
2.687400,3.613068,-0.080316
2.687400,2.688251,-0.002460
2.687400,2.929928,0.030092
2.687400,11.134639,0.047911
2.687400,3.159006,-0.050220
2.687400,2.687258,0.000660
2.687400,3.341795,0.063733
2.687400,9.650403,-0.088673
2.687400,2.857202,-0.022791
2.687400,2.697102,0.004040
2.687400,3.993510,0.097900
2.687400,6.426386,-0.129054
2.687400,2.761287,-0.012105
2.687400,2.756930,0.011588
2.687400,6.261363,0.129464
2.687400,4.054470,-0.100210
2.687400,2.698548,-0.004283
2.687400,2.847308,0.021762
2.687400,9.376401,0.094137
2.687400,3.377462,-0.066138
2.687400,2.687029,-0.000941
2.687400,3.116668,0.046787
2.687400,11.427491,-0.034543
2.687400,2.955061,-0.032500
2.687400,2.687140,0.002143
2.687400,3.549136,0.076750
2.687400,8.238767,-0.112815
2.687400,2.810846,-0.017874
2.687400,2.706716,0.005507
2.687400,4.380922,0.110605
2.687400,5.574213,-0.128391
2.687400,2.738702,-0.009429
2.687400,2.776382,0.013907
2.687400,6.998167,0.126038
2.687400,3.816743,-0.090450
2.687400,2.692834,-0.003334
2.687400,2.884901,0.025630
2.687400,10.328971,0.073041
2.687400,3.258363,-0.057819
2.687400,2.687525,-0.000029
2.687400,3.250363,0.057230
2.687400,10.395612,-0.071303
2.687400,2.887965,-0.025940
2.687400,2.692403,0.003260
2.687400,3.798754,0.089625
2.687400,7.065581,-0.125538
2.687400,2.778178,-0.014120
2.687400,2.736542,0.009171
2.687400,5.493018,0.127915
2.687400,4.429899,-0.111905
2.687400,2.708009,-0.005679
2.687400,2.807911,0.017551
2.687400,8.139113,0.114163
2.687400,3.566718,-0.077751
2.687400,2.687332,-0.002244
2.687400,2.944514,0.031498
2.687400,11.317685,0.040075
2.687400,3.133512,-0.048168
2.687400,2.687016,0.000817
2.687400,3.359782,0.064956
2.687400,9.510679,-0.091512
2.687400,2.852068,-0.022261
2.687400,2.697414,0.004115
2.687400,4.009991,0.098538
2.687400,6.380325,-0.129191
2.687400,2.760040,-0.011964
2.687400,2.757267,0.011635
2.687400,6.275280,0.129439
2.687400,4.049113,-0.100013
2.687400,2.698349,-0.004270
2.687400,2.845938,0.021622
2.687400,9.337652,0.094877
2.687400,3.382630,-0.066482
2.687400,2.686889,-0.000995
2.687400,3.107092,0.045994
2.687400,11.484860,-0.031270
2.687400,2.961395,-0.033099
2.687400,2.686848,0.002062
2.687400,3.532681,0.075800
2.687400,8.334679,-0.111473
2.687400,2.813675,-0.018189
2.687400,2.704857,0.005270
2.687400,4.312304,0.108677
2.687400,5.696117,-0.128953
2.687400,2.741901,-0.009819
2.687400,2.772518,0.013459
2.687400,6.854482,0.127010
2.687400,3.856862,-0.092245
2.687400,2.693645,-0.003514
2.687400,2.873515,0.024478
2.687400,10.067283,0.079476
2.687400,3.289953,-0.060109
2.687400,2.687163,-0.000299
2.687400,3.207132,0.053981
2.687400,10.754015,-0.061092
2.687400,2.906044,-0.027754
2.687400,2.689584,0.002795
2.687400,3.683558,0.084028
2.687400,7.546966,-0.121187
2.687400,2.791165,-0.015651
2.687400,2.721113,0.007315
2.687400,4.917100,0.121814
2.687400,4.879563,-0.121225
2.687400,2.720100,-0.007192
2.687400,2.792083,0.015758
2.687400,7.580413,0.120837
2.687400,3.676310,-0.083657
2.687400,2.689407,-0.002765
2.687400,2.907219,0.027871
2.687400,10.775231,0.060433
2.687400,3.204538,-0.053783
2.687400,2.687126,0.000313
2.687400,3.291364,0.060210
2.687400,10.055679,-0.079749
2.687400,2.873030,-0.024429
2.687400,2.693623,0.003515
2.687400,3.856633,0.092235
2.687400,6.855271,-0.127005
2.687400,2.772534,-0.013462
2.687400,2.741718,0.009799
2.687400,5.689367,0.128927
2.687400,4.315957,-0.108783
2.687400,2.704944,-0.005284
2.687400,2.813160,0.018134
2.687400,8.317575,0.111716
2.687400,3.535579,-0.075969
2.687400,2.686853,-0.002081
2.687400,2.958824,0.032857
2.687400,11.462382,0.032591
2.687400,3.110921,-0.046312
2.687400,2.686873,0.000965
2.687400,3.378198,0.066188
2.687400,9.370799,-0.094245
2.687400,2.847090,-0.021743
2.687400,2.698030,0.004224
2.687400,4.036780,0.099553
2.687400,6.307762,-0.129372
2.687400,2.758115,-0.011738
2.687400,2.758901,0.011831
2.687400,6.337541,0.129303
2.687400,4.025661,-0.099135
2.687400,2.697764,-0.004180
2.687400,2.848813,0.021923
2.687400,9.419719,0.093301
2.687400,3.371708,-0.065756
2.687400,2.686907,-0.000915
2.687400,3.118362,0.046928
2.687400,11.416899,-0.035114
2.687400,2.953954,-0.032397
2.687400,2.686971,0.002131
2.687400,3.544664,0.076494
2.687400,8.264539,-0.112459
2.687400,2.811586,-0.017960
2.687400,2.705734,0.005388
2.687400,4.345512,0.109626
2.687400,5.635867,-0.128698
2.687400,2.740308,-0.009628
2.687400,2.774046,0.013639
2.687400,6.911780,0.126639
2.687400,3.840557,-0.091523
2.687400,2.693277,-0.003445
2.687400,2.876940,0.024827
2.687400,10.148537,0.077540
2.687400,3.280093,-0.059401
2.687400,2.687234,-0.000220
2.687400,3.219226,0.054902
2.687400,10.654449,-0.064095
2.687400,2.900700,-0.027222
2.687400,2.690230,0.002910
2.687400,3.711137,0.085419
2.687400,7.423311,-0.122428
2.687400,2.787785,-0.015257
2.687400,2.724715,0.007753
2.687400,5.051166,0.123707
2.687400,4.755271,-0.119083
2.687400,2.716735,-0.006783
2.687400,2.795063,0.016106
2.687400,7.688718,0.119665
2.687400,3.653420,-0.082470
2.687400,2.688826,-0.002674
2.687400,2.910257,0.028174
2.687400,10.828991,0.058730
2.687400,3.197930,-0.053276
2.687400,2.686962,0.000342
2.687400,3.292670,0.060304
2.687400,10.044894,-0.080001
2.687400,2.872567,-0.024385
2.687400,2.693234,0.003473
2.687400,3.843862,0.091671
2.687400,6.900009,-0.126717
2.687400,2.773693,-0.013606
2.687400,2.739542,0.009544
2.687400,5.608282,0.128567
2.687400,4.361160,-0.110063
2.687400,2.706092,-0.005449
2.687400,2.808906,0.017672
2.687400,8.174788,0.113686
2.687400,3.560346,-0.077392
2.687400,2.687000,-0.002238
2.687400,2.940008,0.031070
2.687400,11.265353,0.042462
2.687400,3.141047,-0.048782
2.687400,2.686745,0.000730
2.687400,3.343185,0.063832
2.687400,9.639276,-0.088904
2.687400,2.856725,-0.022754
2.687400,2.695505,0.003857
2.687400,3.939075,0.095730
2.687400,6.586449,-0.128448
2.687400,2.765394,-0.012620
2.687400,2.748989,0.010670
2.687400,5.964918,0.129597
2.687400,4.178826,-0.104547
2.687400,2.701375,-0.004788
2.687400,2.823955,0.019304
2.687400,8.671141,0.106433
2.687400,3.478289,-0.072561
2.687400,2.686462,-0.001724
2.687400,3.000995,0.036763
2.687400,11.708587,0.011838
2.687400,3.055297,-0.041590
2.687400,2.686615,0.001342
2.687400,3.426930,0.069358
2.687400,9.017107,-0.100702
2.687400,2.835076,-0.020482
2.687400,2.699758,0.004516
2.687400,4.110084,0.102211
2.687400,6.122589,-0.129628
2.687400,2.753203,-0.011160
2.687400,2.762949,0.012317
2.687400,6.491840,0.128830
2.687400,3.970719,-0.097005
2.687400,2.696396,-0.003968
2.687400,2.855809,0.022654
2.687400,9.613735,0.089429
2.687400,3.346465,-0.064054
2.687400,2.686955,-0.000729
2.687400,3.144626,0.049070
2.687400,11.240016,-0.043571
2.687400,2.937950,-0.030870
2.687400,2.687415,0.002302
2.687400,3.576468,0.078300
2.687400,8.085097,-0.114875
2.687400,2.806327,-0.017378
2.687400,2.708561,0.005755
2.687400,4.451230,0.112452
2.687400,5.459055,-0.127691
2.687400,2.735628,-0.009064
2.687400,2.778647,0.014179
2.687400,7.083615,0.125399
2.687400,3.794024,-0.089407
2.687400,2.692251,-0.003246
2.687400,2.887544,0.025899
2.687400,10.386733,0.071538
2.687400,3.251424,-0.057309
2.687400,2.687441,0.000011
2.687400,3.254570,0.057541
2.687400,10.360517,-0.072224
2.687400,2.886333,-0.025777
2.687400,2.692417,0.003274
2.687400,3.800995,0.089729
2.687400,7.057065,-0.125602
2.687400,2.777939,-0.014095
2.687400,2.736468,0.009165
2.687400,5.490616,0.127900
2.687400,4.431388,-0.111944
2.687400,2.708033,-0.005686
2.687400,2.807374,0.017494
2.687400,8.121008,0.114403
2.687400,3.569966,-0.077934
2.687400,2.687331,-0.002267
2.687400,2.941416,0.031202
2.687400,11.281956,0.041719
2.687400,3.138690,-0.048589
2.687400,2.686966,0.000773
2.687400,3.352855,0.064488
2.687400,9.564074,-0.090441
2.687400,2.853993,-0.022464
2.687400,2.696820,0.004031
2.687400,3.987347,0.097660
2.687400,6.443846,-0.128998
2.687400,2.761694,-0.012166
2.687400,2.754874,0.011356
2.687400,6.185481,0.129575
2.687400,4.084345,-0.101298
2.687400,2.699152,-0.004414
2.687400,2.839272,0.020924
2.687400,9.143116,0.098473
2.687400,3.409178,-0.068219
2.687400,2.686699,-0.001206
2.687400,3.075170,0.043303
2.687400,11.642819,-0.019647
2.687400,2.984640,-0.035266
2.687400,2.686504,0.001849
2.687400,3.496809,0.073681
2.687400,8.553170,-0.108259
2.687400,2.820290,-0.018910
2.687400,2.702203,0.004912
2.687400,4.211841,0.105617
2.687400,5.894127,-0.129502
2.687400,2.747111,-0.010448
2.687400,2.766911,0.012802
2.687400,6.644144,0.128181
2.687400,3.920489,-0.094965
2.687400,2.695044,-0.003785
2.687400,2.859203,0.023012
2.687400,9.705676,0.087519
2.687400,3.334745,-0.063253
2.687400,2.686755,-0.000668
2.687400,3.149685,0.049478
2.687400,11.203432,-0.045125
2.687400,2.935043,-0.030593
2.687400,2.687163,0.002294
2.687400,3.571094,0.077999
2.687400,8.114676,-0.114487
2.687400,2.807151,-0.017477
2.687400,2.707092,0.005578
2.687400,4.398413,0.111077
2.687400,5.544662,-0.128228
2.687400,2.737862,-0.009341
2.687400,2.775423,0.013809
2.687400,6.964650,0.126277
2.687400,3.825862,-0.090865
2.687400,2.692840,-0.003395
2.687400,2.876727,0.024809
2.687400,10.143982,0.077650
2.687400,3.280635,-0.059441
2.687400,2.687062,-0.000244
2.687400,3.213118,0.054439
2.687400,10.704794,-0.062595
2.687400,2.903354,-0.027489
2.687400,2.689600,0.002817
2.687400,3.686965,0.084202
2.687400,7.531359,-0.121348
2.687400,2.790721,-0.015603
2.687400,2.721104,0.007318
2.687400,4.917321,0.121817
2.687400,4.879342,-0.121222
2.687400,2.720080,-0.007193
2.687400,2.791642,0.015711
2.687400,7.564984,0.120999
2.687400,3.679637,-0.083828
2.687400,2.689420,-0.002787
2.687400,2.904499,0.027603
2.687400,10.726029,0.061951
2.687400,3.210535,-0.054243
2.687400,2.687026,0.000258
2.687400,3.282039,0.059542
2.687400,10.132373,-0.077929
2.687400,2.876231,-0.024759
2.687400,2.692818,0.003397
2.687400,3.825637,0.090855
2.687400,6.965462,-0.126272
2.687400,2.775439,-0.013812
2.687400,2.737682,0.009321
2.687400,5.538063,0.128190
2.687400,4.402371,-0.111183
2.687400,2.707190,-0.005593
2.687400,2.806714,0.017430
2.687400,8.099825,0.114682
2.687400,3.573778,-0.078150
2.687400,2.687178,-0.002311
2.687400,2.932978,0.030394
2.687400,11.176457,0.046238
2.687400,3.153362,-0.049774
2.687400,2.686724,0.000638
2.687400,3.329994,0.062925
2.687400,9.743292,-0.086723
2.687400,2.860621,-0.023160
2.687400,2.694669,0.003730
2.687400,3.906049,0.094361
2.687400,6.690088,-0.127952
2.687400,2.768115,-0.012947
2.687400,2.745434,0.010250
2.687400,5.831094,0.129374
2.687400,4.242465,-0.106581
2.687400,2.702970,-0.005026
2.687400,2.816936,0.018550
2.687400,8.443757,0.109897
2.687400,3.514500,-0.074735
2.687400,2.686560,-0.001968
2.687400,2.969543,0.033865
2.687400,11.549408,0.027125
2.687400,3.095350,-0.045013
2.687400,2.686727,0.001062
2.687400,3.389364,0.066927
2.687400,9.287580,-0.095821
2.687400,2.844184,-0.021442
2.687400,2.698149,0.004260
2.687400,4.044142,0.099829
2.687400,6.288283,-0.129414
2.687400,2.757576,-0.011679
2.687400,2.758694,0.011812
2.687400,6.330647,0.129320
2.687400,4.028213,-0.099232
2.687400,2.697766,-0.004197
2.687400,2.846579,0.021692
2.687400,9.356561,0.094517
2.687400,3.380092,-0.066315
2.687400,2.686769,-0.000991
2.687400,3.105728,0.045881
2.687400,11.492679,-0.030798
2.687400,2.962311,-0.033187
2.687400,2.686665,0.002034
2.687400,3.525624,0.075389
2.687400,8.376595,-0.110874
2.687400,2.814910,-0.018329
2.687400,2.703763,0.005134
2.687400,4.272546,0.107501
2.687400,5.771517,-0.129213
2.687400,2.743865,-0.010061
2.687400,2.769767,0.013141
2.687400,6.752158,0.127618
2.687400,3.887037,-0.093554
2.687400,2.694244,-0.003650
2.687400,2.864671,0.023576
2.687400,9.848240,0.084454
2.687400,3.316870,-0.062013
2.687400,2.686834,-0.000531
2.687400,3.169823,0.051082
2.687400,11.052074,-0.051059
2.687400,2.924125,-0.029535
2.687400,2.687739,0.002443
2.687400,3.601996,0.079715
2.687400,7.947824,-0.116620
2.687400,2.802353,-0.016938
2.687400,2.710489,0.006008
2.687400,4.524087,0.114236
2.687400,5.348994,-0.126858
2.687400,2.732680,-0.008714
2.687400,2.780711,0.014427
2.687400,7.161403,0.124778
2.687400,3.774033,-0.088471
2.687400,2.691716,-0.003171
2.687400,2.889171,0.026066
2.687400,10.421787,0.070609
2.687400,3.247212,-0.056998
2.687400,2.687312,0.000027
2.687400,3.254578,0.057542
2.687400,10.360396,-0.072227
2.687400,2.886315,-0.025777
2.687400,2.692093,0.003236
2.687400,3.789976,0.089219
2.687400,7.099150,-0.125278
2.687400,2.779044,-0.014230
2.687400,2.734611,0.008946
2.687400,5.421427,0.127425
2.687400,4.475478,-0.113060
2.687400,2.709185,-0.005841
2.687400,2.804457,0.017173
2.687400,8.021057,0.115700
2.687400,3.588237,-0.078956
2.687400,2.687516,-0.002373
2.687400,2.930038,0.030108
2.687400,11.136582,0.047835
2.687400,3.158728,-0.050201
2.687400,2.686853,0.000614
2.687400,3.328762,0.062839
2.687400,9.753139,-0.086513
2.687400,2.861011,-0.023197
2.687400,2.695002,0.003766
2.687400,3.917049,0.094821
2.687400,6.655014,-0.128128
2.687400,2.767213,-0.012835
2.687400,2.747206,0.010456
2.687400,5.897210,0.129507
2.687400,4.210377,-0.105570
2.687400,2.702190,-0.004904
2.687400,2.821181,0.019005
2.687400,8.581789,0.107822
2.687400,3.492267,-0.073408
2.687400,2.686532,-0.001814
2.687400,2.989850,0.035745
2.687400,11.667597,0.017127
2.687400,3.068632,-0.042742
2.687400,2.686712,0.001255
2.687400,3.416354,0.068681
2.687400,9.091804,-0.099390
2.687400,2.837560,-0.020742
2.687400,2.699594,0.004478
2.687400,4.101576,0.101911
2.687400,6.143144,-0.129615
2.687400,2.753766,-0.011222
2.687400,2.763032,0.012322
2.687400,6.494150,0.128821
2.687400,3.969935,-0.096973
2.687400,2.696433,-0.003958
2.687400,2.857676,0.022845
2.687400,9.663738,0.088396
2.687400,3.340086,-0.063617
2.687400,2.687086,-0.000668
2.687400,3.155116,0.049911
2.687400,11.163612,-0.046758
2.687400,2.932043,-0.030299
2.687400,2.687853,0.002398
2.687400,3.597422,0.079462
2.687400,7.972054,-0.116318
2.687400,2.803088,-0.017011
2.687400,2.711186,0.006083
2.687400,4.547990,0.114792
2.687400,5.314776,-0.126564
2.687400,2.731808,-0.008600
2.687400,2.782719,0.014652
2.687400,7.234291,0.124163
2.687400,3.755888,-0.087606
2.687400,2.691457,-0.003076
2.687400,2.897809,0.026927
2.687400,10.597720,0.065744
2.687400,3.226093,-0.055418
2.687400,2.687640,0.000218
2.687400,3.286449,0.059854
2.687400,10.096309,-0.078790
2.687400,2.874778,-0.024597
2.687400,2.694768,0.003636
2.687400,3.893925,0.093845
2.687400,6.729582,-0.127742
2.687400,2.769296,-0.013057
2.687400,2.748172,0.010549
2.687400,5.930081,0.129556
2.687400,4.194924,-0.105071
2.687400,2.701986,-0.004824
2.687400,2.828563,0.019783
2.687400,8.815075,0.104116
2.687400,3.456438,-0.071213
2.687400,2.686800,-0.001529
2.687400,3.032739,0.039610
2.687400,11.744546,-0.002418
2.687400,3.021676,-0.038626
2.687400,2.686772,0.001608
2.687400,3.467045,0.071869
2.687400,8.744643,-0.105262
2.687400,2.826321,-0.019545
2.687400,2.702341,0.004883
2.687400,4.209877,0.105553
2.687400,5.898307,-0.129508
2.687400,2.747321,-0.010450
2.687400,2.769727,0.013111
2.687400,6.746322,0.127650
2.687400,3.888834,-0.093628
2.687400,2.694614,-0.003619
2.687400,2.874628,0.024583
2.687400,10.092897,0.078871
2.687400,3.286860,-0.059884
2.687400,2.687576,-0.000228
2.687400,3.223598,0.055230
2.687400,10.618385,-0.065148
2.687400,2.898860,-0.027033
2.687400,2.691193,0.003037
2.687400,3.745809,0.087121
2.687400,7.275670,-0.123801
2.687400,2.783826,-0.014784
2.687400,2.730319,0.008422
2.687400,5.259248,0.126051
2.687400,4.588115,-0.115698
2.687400,2.712257,-0.006220
2.687400,2.801321,0.016813
2.687400,7.910355,0.117081
2.687400,3.609174,-0.080105
2.687400,2.688034,-0.002459
2.687400,2.926731,0.029785
2.687400,11.089844,0.049643
2.687400,3.164915,-0.050692
2.687400,2.687059,0.000593
2.687400,3.329239,0.062871
2.687400,9.749446,-0.086591
2.687400,2.860895,-0.023180
2.687400,2.695679,0.003846
2.687400,3.940437,0.095785
2.687400,6.582327,-0.128465
2.687400,2.765338,-0.012601
2.687400,2.750629,0.010854
2.687400,6.025150,0.129637
2.687400,4.151825,-0.103647
2.687400,2.700793,-0.004675
2.687400,2.829918,0.019935
2.687400,8.858426,0.103400
2.687400,3.449982,-0.070813
2.687400,2.686594,-0.001508
2.687400,3.032396,0.039581
2.687400,11.744732,-0.002274
2.687400,3.021991,-0.038655
2.687400,2.686563,0.001581
2.687400,3.459764,0.071421
2.687400,8.792766,-0.104482
2.687400,2.827813,-0.019712
2.687400,2.701092,0.004726
2.687400,4.164622,0.104076
2.687400,5.996343,-0.129622
2.687400,2.749857,-0.010764
2.687400,2.765738,0.012651
2.687400,6.597887,0.128397
2.687400,3.935361,-0.095577
2.687400,2.695529,-0.003829
2.687400,2.860825,0.023174
2.687400,9.747773,0.086627
2.687400,3.329446,-0.062885
2.687400,2.687007,-0.000601
2.687400,3.163043,0.050544
2.687400,11.104070,-0.049100
2.687400,2.927724,-0.029882
2.687400,2.687894,0.002435
2.687400,3.603399,0.079790
2.687400,7.940503,-0.116711
2.687400,2.802172,-0.016911
2.687400,2.711425,0.006118
2.687400,4.557527,0.115011
2.687400,5.301358,-0.126444
2.687400,2.731437,-0.008558
2.687400,2.782634,0.014646
2.687400,7.231733,0.124185
2.687400,3.756511,-0.087637
2.687400,2.691416,-0.003085
2.687400,2.895937,0.026741
2.687400,10.560831,0.066794
2.687400,3.230528,-0.055753
2.687400,2.687530,0.000173
2.687400,3.278410,0.059277
2.687400,10.162570,-0.077200
2.687400,2.877571,-0.024885
2.687400,2.693985,0.003523
2.687400,3.864067,0.092559
2.687400,6.829679,-0.127163
2.687400,2.771918,-0.013375
2.687400,2.744294,0.010093
2.687400,5.784549,0.129251
2.687400,4.265890,-0.107298
2.687400,2.703740,-0.005092
2.687400,2.820050,0.018873
2.687400,8.543624,0.108404
2.687400,3.498352,-0.073772
2.687400,2.686812,-0.001824
2.687400,2.992960,0.036028
2.687400,11.680599,0.015643
2.687400,3.064850,-0.042415
2.687400,2.686936,0.001310
2.687400,3.427698,0.069405
2.687400,9.011873,-0.100793
2.687400,2.834953,-0.020459
2.687400,2.701114,0.004675
2.687400,4.157356,0.103831
2.687400,6.012697,-0.129631
2.687400,2.750390,-0.010805
2.687400,2.768292,0.012929
2.687400,6.690240,0.127950
2.687400,3.906050,-0.094357
2.687400,2.695152,-0.003674
2.687400,2.875726,0.024690
2.687400,10.118364,0.078264
2.687400,3.283782,-0.059661
2.687400,2.687838,-0.000175
2.687400,3.235194,0.056100
2.687400,10.522148,-0.067877
2.687400,2.894049,-0.026546
2.687400,2.692368,0.003211
2.687400,3.790961,0.089263
2.687400,7.095443,-0.125306
2.687400,2.779021,-0.014210
2.687400,2.736881,0.009203
2.687400,5.504376,0.127987
2.687400,4.422888,-0.111722
2.687400,2.707879,-0.005648
2.687400,2.810024,0.017778
2.687400,8.209970,0.113209
2.687400,3.554174,-0.077037
2.687400,2.687338,-0.002155
2.687400,2.956586,0.032643
2.687400,11.441771,0.033757
2.687400,3.114353,-0.046594
2.687400,2.687177,0.000976
2.687400,3.384698,0.066616
2.687400,9.322380,-0.095166
2.687400,2.845448,-0.021562
2.687400,2.699530,0.004412
2.687400,4.090560,0.101518
2.687400,6.170162,-0.129591
2.687400,2.754573,-0.011296
2.687400,2.765089,0.012544
2.687400,6.568252,0.128525
2.687400,3.945093,-0.095972
2.687400,2.696114,-0.003827
2.687400,2.870263,0.024130
2.687400,9.986164,0.081359
2.687400,3.299899,-0.060811
2.687400,2.687816,-0.000294
2.687400,3.218454,0.054839
2.687400,10.661073,-0.063899
2.687400,2.901100,-0.027252
2.687400,2.691495,0.003056
2.687400,3.753624,0.087497
2.687400,7.243562,-0.124082
2.687400,2.782994,-0.014679
2.687400,2.732254,0.008649
2.687400,5.330666,0.126702
2.687400,4.536823,-0.114534
2.687400,2.710916,-0.006042
2.687400,2.804436,0.017158
2.687400,8.018227,0.115736
2.687400,3.588784,-0.078984
2.687400,2.687810,-0.002342
2.687400,2.938827,0.030951
2.687400,11.250603,0.043110
2.687400,3.143152,-0.048949
2.687400,2.687204,0.000769
2.687400,3.356152,0.064709
2.687400,9.538702,-0.090951
2.687400,2.853104,-0.022365
2.687400,2.697832,0.004156
2.687400,4.023256,0.099043
2.687400,6.344082,-0.129287
2.687400,2.759126,-0.011846
2.687400,2.759468,0.011886
2.687400,6.357041,0.129254
2.687400,4.018488,-0.098862
2.687400,2.697719,-0.004137
2.687400,2.853890,0.022446
2.687400,9.560315,0.090516
2.687400,3.353356,-0.064520
2.687400,2.687223,-0.000746
2.687400,3.146510,0.049219
2.687400,11.226584,-0.044147
2.687400,2.936895,-0.030765
2.687400,2.687909,0.002368
2.687400,3.594157,0.079281
2.687400,7.989458,-0.116100
2.687400,2.803612,-0.017065
2.687400,2.711518,0.006117
2.687400,4.559166,0.115048
2.687400,5.299079,-0.126423
2.687400,2.731413,-0.008547
2.687400,2.783789,0.014772
2.687400,7.272960,0.123824
2.687400,3.746475,-0.087152
2.687400,2.691336,-0.003025
2.687400,2.902741,0.027415
2.687400,10.692060,0.062977
2.687400,3.214701,-0.054554
2.687400,2.687823,0.000322
2.687400,3.303905,0.061094
2.687400,9.953546,-0.082102
2.687400,2.868949,-0.023995
2.687400,2.696394,0.003870
2.687400,3.956179,0.096420
2.687400,6.534891,-0.128663
2.687400,2.764217,-0.012438
2.687400,2.755783,0.011438
2.687400,6.215617,0.129537
2.687400,4.072356,-0.100863
2.687400,2.699114,-0.004338
2.687400,2.848830,0.021915
2.687400,9.418742,0.093320
2.687400,3.371859,-0.065763
2.687400,2.687285,-0.000871
2.687400,3.130395,0.047912
2.687400,11.338852,-0.039068
2.687400,2.946435,-0.031678
2.687400,2.687720,0.002275
2.687400,3.577705,0.078367
2.687400,8.078421,-0.114961
2.687400,2.806193,-0.017350
2.687400,2.710321,0.005960
2.687400,4.513687,0.113988
2.687400,5.364195,-0.126982
2.687400,2.733166,-0.008754
2.687400,2.782752,0.014646
2.687400,7.233765,0.124167
2.687400,3.756031,-0.087612
2.687400,2.691626,-0.003057
2.687400,2.903012,0.027440
2.687400,10.696891,0.062832
2.687400,3.214123,-0.054509
2.687400,2.687967,0.000343
2.687400,3.309204,0.061467
2.687400,9.910615,-0.083069
2.687400,2.867255,-0.023816
2.687400,2.697171,0.003973
2.687400,3.984777,0.097556
2.687400,6.451316,-0.128971
2.687400,2.762055,-0.012171
2.687400,2.759410,0.011858
2.687400,6.351233,0.129268
2.687400,4.020647,-0.098942
2.687400,2.698000,-0.004119
2.687400,2.860673,0.023139
2.687400,9.741296,0.086764
2.687400,3.330306,-0.062939
2.687400,2.687772,-0.000517
2.687400,3.186950,0.052418
2.687400,10.917748,-0.055802
2.687400,2.915590,-0.028686
2.687400,2.690083,0.002782
2.687400,3.690181,0.084362
2.687400,7.516881,-0.121496
2.687400,2.790429,-0.015546
2.687400,2.724447,0.007703
2.687400,5.038310,0.123539
2.687400,4.766592,-0.119290
2.687400,2.717128,-0.006811
2.687400,2.797384,0.016353
2.687400,7.768782,0.118759
2.687400,3.637079,-0.081604
2.687400,2.688843,-0.002558
2.687400,2.926096,0.029717
2.687400,11.080216,0.050007
2.687400,3.166195,-0.050790
2.687400,2.687479,0.000633
2.687400,3.341736,0.063727
2.687400,9.650961,-0.088661
2.687400,2.857250,-0.022790
2.687400,2.697818,0.004124
2.687400,4.018188,0.098849
2.687400,6.357891,-0.129251
2.687400,2.759535,-0.011884
2.687400,2.760386,0.011985
2.687400,6.390121,0.129163
2.687400,4.006475,-0.098401
2.687400,2.697544,-0.004076
2.687400,2.859281,0.023001
2.687400,9.705189,0.087528
2.687400,3.334851,-0.063254
2.687400,2.687534,-0.000577
2.687400,3.174754,0.051465
2.687400,11.014033,-0.052444
2.687400,2.921653,-0.029283
2.687400,2.689201,0.002634
2.687400,3.653915,0.082493
2.687400,7.686471,-0.119689
2.687400,2.795088,-0.016089
2.687400,2.719239,0.007071
2.687400,4.845031,0.120660
2.687400,4.952808,-0.122349
2.687400,2.722143,-0.007425
2.687400,2.792357,0.015772
2.687400,7.587453,0.120762
2.687400,3.674821,-0.083578
2.687400,2.689694,-0.002721
2.687400,2.917659,0.028891
2.687400,10.951411,0.054651
2.687400,3.182715,-0.052089
2.687400,2.687653,0.000534
2.687400,3.330668,0.062965
2.687400,9.738362,-0.086826
2.687400,2.860547,-0.023129
2.687400,2.697645,0.004079
2.687400,4.008552,0.098480
2.687400,6.384383,-0.129179
2.687400,2.760256,-0.011965
2.687400,2.760309,0.011971
2.687400,6.386408,0.129173
2.687400,4.007820,-0.098452
2.687400,2.697628,-0.004076
2.687400,2.860677,0.023143
2.687400,9.741780,0.086754
2.687400,3.330238,-0.062935
2.687400,2.687656,-0.000530
2.687400,3.183258,0.052131
2.687400,10.947101,-0.054800
2.687400,2.917390,-0.028865
2.687400,2.689720,0.002726
2.687400,3.675992,0.083638
2.687400,7.582009,-0.120820
2.687400,2.792207,-0.015755
2.687400,2.722294,0.007443
2.687400,4.958452,0.122431
2.687400,4.839670,-0.120570
2.687400,2.719094,-0.007053
2.687400,2.795218,0.016105
2.687400,7.691151,0.119637
2.687400,3.652945,-0.082442
2.687400,2.689177,-0.002630
2.687400,2.921794,0.029297
2.687400,11.016200,0.052366
2.687400,3.174476,-0.051444
2.687400,2.687526,0.000578
2.687400,3.334865,0.063255
2.687400,9.705076,-0.087531
2.687400,2.859276,-0.023000
2.687400,2.697519,0.004073
2.687400,4.005609,0.098367
2.687400,6.392524,-0.129156
2.687400,2.760447,-0.011993
2.687400,2.759411,0.011870
2.687400,6.353290,0.129263
2.687400,4.019876,-0.098914
2.687400,2.697853,-0.004131
2.687400,2.856808,0.022745
2.687400,9.639088,0.088907
2.687400,3.343251,-0.063830
2.687400,2.687459,-0.000646
2.687400,3.164068,0.050621
2.687400,11.096446,-0.049391
2.687400,2.927223,-0.029827
2.687400,2.688747,0.002539
2.687400,3.632658,0.081369
2.687400,7.790787,-0.118504
2.687400,2.798000,-0.016424
2.687400,2.716560,0.006741
2.687400,4.745526,0.118901
2.687400,5.062388,-0.123851
2.687400,2.725094,-0.007781
2.687400,2.789862,0.015480
2.687400,7.496128,0.121706
2.687400,3.694773,-0.084595
2.687400,2.690194,-0.002801
2.687400,2.914800,0.028608
2.687400,10.904722,0.056241
2.687400,3.188579,-0.052545
2.687400,2.687797,0.000508
2.687400,3.329474,0.062881
2.687400,9.747910,-0.086623
2.687400,2.860927,-0.023165
2.687400,2.698022,0.004120
2.687400,4.021146,0.098961
2.687400,6.349879,-0.129271
2.687400,2.759379,-0.011853
2.687400,2.762223,0.012190
2.687400,6.457514,0.128950
2.687400,3.982617,-0.097471
2.687400,2.697133,-0.003963
2.687400,2.868031,0.023896
2.687400,9.930047,0.082633
2.687400,3.306808,-0.061298
2.687400,2.688008,-0.000321
2.687400,3.217850,0.054792
2.687400,10.666151,-0.063749
2.687400,2.901384,-0.027277
2.687400,2.691895,0.003101
2.687400,3.766912,0.088131
2.687400,7.189851,-0.124541
2.687400,2.781576,-0.014506
2.687400,2.734659,0.008932
2.687400,5.420097,0.127415
2.687400,4.476368,-0.113082
2.687400,2.709330,-0.005830
2.687400,2.808126,0.017564
2.687400,8.144708,0.114088
2.687400,3.565735,-0.077693
2.687400,2.687569,-0.002209
2.687400,2.952966,0.032299
2.687400,11.406958,0.035641
2.687400,3.119957,-0.047056
2.687400,2.687285,0.000947
2.687400,3.382531,0.066472
2.687400,9.338570,-0.094859
2.687400,2.846025,-0.021620
2.687400,2.699791,0.004438
2.687400,4.098964,0.101817
2.687400,6.149576,-0.129609
2.687400,2.754056,-0.011229
2.687400,2.766381,0.012691
2.687400,6.616036,0.128313
2.687400,3.929537,-0.095334
2.687400,2.695836,-0.003754
2.687400,2.875703,0.024682
2.687400,10.117183,0.078292
2.687400,3.283939,-0.059671
2.687400,2.688083,-0.000148
2.687400,3.242991,0.056679
2.687400,10.457303,-0.069654
2.687400,2.890930,-0.026228
2.687400,2.693370,0.003352
2.687400,3.828483,0.090980
2.687400,6.955282,-0.126341
2.687400,2.775323,-0.013763
2.687400,2.742404,0.009855
2.687400,5.711078,0.129009
2.687400,4.304288,-0.108442
2.687400,2.704831,-0.005220
2.687400,2.819916,0.018851
2.687400,8.538023,0.108489
2.687400,3.499263,-0.073824
2.687400,2.687030,-0.001805
2.687400,2.999048,0.036582
2.687400,11.702482,0.012763
2.687400,3.057615,-0.041788
2.687400,2.687111,0.001383
2.687400,3.440993,0.070245
2.687400,8.919862,-0.102369
2.687400,2.831981,-0.020137
2.687400,2.702560,0.004866
2.687400,4.211112,0.105591
2.687400,5.895765,-0.129503
2.687400,2.747352,-0.010431
2.687400,2.772678,0.013435
2.687400,6.853337,0.127015
2.687400,3.857246,-0.092257
2.687400,2.694223,-0.003449
2.687400,2.891261,0.026255
2.687400,10.463469,0.069487
2.687400,3.242270,-0.056623
2.687400,2.688452,0.000196
2.687400,3.296740,0.060582
2.687400,10.012252,-0.080757
2.687400,2.871395,-0.024232
2.687400,2.697733,0.004008
2.687400,3.999594,0.098132
2.687400,6.409416,-0.129105
2.687400,2.761038,-0.012030
2.687400,2.763132,0.012278
2.687400,6.488640,0.128840
2.687400,3.971888,-0.097046
2.687400,2.697108,-0.003893
2.687400,2.876987,0.024802
2.687400,10.146130,0.077596
2.687400,3.280460,-0.059416
2.687400,2.688631,-0.000058
2.687400,3.264324,0.058246
2.687400,10.279864,-0.074292
2.687400,2.882806,-0.025396
2.687400,2.696031,0.003724
2.687400,3.928453,0.095288
2.687400,6.619477,-0.128296
2.687400,2.766554,-0.012693
2.687400,2.756298,0.011477
2.687400,6.231537,0.129513
2.687400,4.066112,-0.100634
2.687400,2.699178,-0.004289
2.687400,2.856420,0.022695
2.687400,9.627290,0.089150
2.687400,3.344780,-0.063932
2.687400,2.687831,-0.000614
2.687400,3.174584,0.051450
2.687400,11.015470,-0.052392
2.687400,2.921771,-0.029291
2.687400,2.689763,0.002699
2.687400,3.672736,0.083469
2.687400,7.597220,-0.120658
2.687400,2.792654,-0.015800
2.687400,2.722671,0.007483
2.687400,4.971503,0.122620
2.687400,4.827382,-0.120362
2.687400,2.718789,-0.007010
2.687400,2.796359,0.016230
2.687400,7.731174,0.119188
2.687400,3.644721,-0.082008
2.687400,2.689112,-0.002580
2.687400,2.927437,0.029845
2.687400,11.099271,0.049283
2.687400,3.163706,-0.050591
2.687400,2.687664,0.000673
2.687400,3.350344,0.064312
2.687400,9.583867,-0.090038
2.687400,2.854805,-0.022531
2.687400,2.699002,0.004280
2.687400,4.061841,0.100479
2.687400,6.242440,-0.129496
2.687400,2.756553,-0.011515
2.687400,2.765320,0.012554
2.687400,6.574180,0.128499
2.687400,3.943163,-0.095892
2.687400,2.696268,-0.003796
2.687400,2.876811,0.024791
2.687400,10.142781,0.077677
2.687400,3.280848,-0.059447
2.687400,2.688314,-0.000098
2.687400,3.253587,0.057461
2.687400,10.369096,-0.071999
2.687400,2.886815,-0.025809
2.687400,2.694550,0.003521
2.687400,3.873301,0.092958
2.687400,6.798337,-0.127351
2.687400,2.771206,-0.013264
2.687400,2.748658,0.010589
2.687400,5.945493,0.129574
2.687400,4.187793,-0.104838
2.687400,2.701958,-0.004780
2.687400,2.834040,0.020357
2.687400,8.983280,0.101287
2.687400,3.431807,-0.069665
2.687400,2.687087,-0.001321
2.687400,3.065698,0.042487
2.687400,11.677798,-0.015973
2.687400,2.992276,-0.035963
2.687400,2.686993,0.001851
2.687400,3.505105,0.074174
2.687400,8.501661,-0.109036
2.687400,2.818790,-0.018732
2.687400,2.704850,0.005231
2.687400,4.306233,0.108499
2.687400,5.707438,-0.128995
2.687400,2.742290,-0.009845
2.687400,2.774866,0.013714
2.687400,6.938925,0.126454
2.687400,3.833003,-0.091183
2.687400,2.693406,-0.003378
2.687400,2.887920,0.025928
2.687400,10.393779,0.071351
2.687400,3.250604,-0.057244
2.687400,2.687924,0.000074
2.687400,3.271132,0.058747
2.687400,10.223019,-0.075716
2.687400,2.880225,-0.025147
2.687400,2.694606,0.003576
2.687400,3.882416,0.093352
2.687400,6.767669,-0.127529
2.687400,2.770341,-0.013173
2.687400,2.748076,0.010530
2.687400,5.925227,0.129549
2.687400,4.197198,-0.105144
2.687400,2.702104,-0.004826
2.687400,2.830210,0.019955
2.687400,8.865932,0.103275
2.687400,3.448893,-0.070742
2.687400,2.686910,-0.001463
2.687400,3.043535,0.040561
2.687400,11.732997,-0.006996
2.687400,3.011497,-0.037711
2.687400,2.686842,0.001691
2.687400,3.479962,0.072660
2.687400,8.660501,-0.106599
2.687400,2.823687,-0.019261
2.687400,2.703199,0.005002
2.687400,4.242820,0.106590
2.687400,5.830439,-0.129371
2.687400,2.745536,-0.010235
2.687400,2.771651,0.013336
2.687400,6.818425,0.127232
2.687400,3.867365,-0.092702
2.687400,2.694155,-0.003526
2.687400,2.879877,0.025116
2.687400,10.215499,0.075903
2.687400,3.272029,-0.058814
2.687400,2.687734,-0.000103
2.687400,3.243517,0.056721
2.687400,10.452768,-0.069777
2.687400,2.890680,-0.026210
2.687400,2.692554,0.003258
2.687400,3.800922,0.089725
2.687400,7.057388,-0.125600
2.687400,2.777989,-0.014091
2.687400,2.737659,0.009299
2.687400,5.534085,0.128166
2.687400,4.404786,-0.111246
2.687400,2.707382,-0.005587
2.687400,2.810517,0.017834
2.687400,8.226996,0.112976
2.687400,3.551193,-0.076867
2.687400,2.687256,-0.002144
2.687400,2.956807,0.032664
2.687400,11.443861,0.033641
2.687400,3.114007,-0.046566
2.687400,2.687125,0.000972
2.687400,3.383330,0.066526
2.687400,9.332542,-0.094974
2.687400,2.845793,-0.021600
2.687400,2.699254,0.004377
2.687400,4.080611,0.101162
2.687400,6.194849,-0.129564
2.687400,2.755209,-0.011376
2.687400,2.763991,0.012418
2.687400,6.527359,0.128694
2.687400,3.958699,-0.096522
2.687400,2.696382,-0.003888
2.687400,2.866269,0.023722
2.687400,9.886637,0.083604
2.687400,3.312150,-0.061676
2.687400,2.687637,-0.000403
2.687400,3.200522,0.053470
2.687400,10.808196,-0.059393
2.687400,2.909123,-0.028051
2.687400,2.690330,0.002859
2.687400,3.705482,0.085135
2.687400,7.448294,-0.122184
2.687400,2.788527,-0.015330
2.687400,2.725698,0.007860
2.687400,5.085837,0.124146
2.687400,4.725411,-0.118522
2.687400,2.715988,-0.006678
2.687400,2.797689,0.016395
2.687400,7.780764,0.118621
2.687400,3.634658,-0.081477
2.687400,2.688662,-0.002563
2.687400,2.922649,0.029384
2.687400,11.029462,0.051887
2.687400,3.172762,-0.051310
2.687400,2.687282,0.000562
2.687400,3.328594,0.062824
2.687400,9.754675,-0.086479
2.687400,2.861121,-0.023198
2.687400,2.696341,0.003922
2.687400,3.962964,0.096694
2.687400,6.514671,-0.128744
2.687400,2.763602,-0.012384
2.687400,2.754000,0.011244
2.687400,6.151019,0.129609
2.687400,4.098348,-0.101796
2.687400,2.699572,-0.004459
2.687400,2.839768,0.020972
2.687400,9.157290,0.098217
2.687400,3.407218,-0.068091
2.687400,2.686834,-0.001176
2.687400,3.081422,0.043835
2.687400,11.616512,-0.022010
2.687400,2.979821,-0.034819
2.687400,2.686677,0.001905
2.687400,3.507618,0.074326
2.687400,8.485999,-0.109271
2.687400,2.818252,-0.018686
2.687400,2.703369,0.005063
2.687400,4.254937,0.106965
2.687400,5.806138,-0.129311
2.687400,2.744816,-0.010167
2.687400,2.769954,0.013155
2.687400,6.757760,0.127587
2.687400,3.885359,-0.093482
2.687400,2.694316,-0.003630
2.687400,2.868471,0.023962
2.687400,9.943708,0.082326
2.687400,3.305074,-0.061183
2.687400,2.687089,-0.000416
2.687400,3.189754,0.052642
2.687400,10.895023,-0.056567
2.687400,2.914156,-0.028556
2.687400,2.688811,0.002643
2.687400,3.648738,0.082223
2.687400,7.711430,-0.119411
2.687400,2.795716,-0.016176
2.687400,2.716733,0.006778
2.687400,4.754416,0.119067
2.687400,5.052150,-0.123720
2.687400,2.724760,-0.007754
2.687400,2.788318,0.015315
2.687400,7.442088,0.122245
2.687400,3.706874,-0.085206
2.687400,2.690211,-0.002883
2.687400,2.904065,0.027555
2.687400,10.717460,0.062211
2.687400,3.211594,-0.054321
2.687400,2.687370,0.000291
2.687400,3.292235,0.060270
2.687400,10.048652,-0.079913
2.687400,2.872767,-0.024397
2.687400,2.694363,0.003603
2.687400,3.882246,0.093347
2.687400,6.768159,-0.127527
2.687400,2.770271,-0.013183
2.687400,2.745691,0.010263
2.687400,5.837836,0.129389
2.687400,4.239152,-0.106477
2.687400,2.703030,-0.004997
2.687400,2.821704,0.019054
2.687400,8.597549,0.107579
2.687400,3.489793,-0.073257
2.687400,2.686726,-0.001774
2.687400,2.998401,0.036525
2.687400,11.700428,0.013061
2.687400,3.058346,-0.041853
2.687400,2.686852,0.001347
2.687400,3.431631,0.069655
2.687400,8.984398,-0.101268
2.687400,2.834040,-0.020365
2.687400,2.700977,0.004666
2.687400,4.153622,0.103706
2.687400,6.021117,-0.129635
2.687400,2.750591,-0.010834
2.687400,2.767449,0.012835
2.687400,6.659328,0.128106
2.687400,3.915721,-0.094763
2.687400,2.695307,-0.003721
2.687400,2.871770,0.024289
2.687400,10.023680,0.080494
2.687400,3.295298,-0.060486
2.687400,2.687637,-0.000282
2.687400,3.217211,0.054746
2.687400,10.671270,-0.063597
2.687400,2.901621,-0.027307
2.687400,2.691040,0.002999
2.687400,3.737608,0.086722
2.687400,7.309866,-0.123493
2.687400,2.784760,-0.014892
2.687400,2.729574,0.008330
2.687400,5.231001,0.125773
2.687400,4.609203,-0.116158
2.687400,2.712837,-0.006290
2.687400,2.800934,0.016767
2.687400,7.896387,0.117251
2.687400,3.611871,-0.080252
2.687400,2.688131,-0.002466
2.687400,2.927248,0.029834
2.687400,11.097164,0.049364
2.687400,3.163957,-0.050615
2.687400,2.687124,0.000608
2.687400,3.332365,0.063086
2.687400,9.724671,-0.087118
2.687400,2.859965,-0.023082
2.687400,2.696078,0.003900
2.687400,3.955217,0.096384
2.687400,6.537671,-0.128653
2.687400,2.764178,-0.012459
2.687400,2.752464,0.011068
2.687400,6.093938,0.129640
2.687400,4.122121,-0.102630
2.687400,2.700093,-0.004558
2.687400,2.834701,0.020440
2.687400,9.005405,0.100905
2.687400,3.428606,-0.069465
2.687400,2.686675,-0.001347
2.687400,3.055619,0.041618
2.687400,11.707763,-0.011967
2.687400,3.000722,-0.036738
2.687400,2.686531,0.001734
2.687400,3.480856,0.072717
2.687400,8.654606,-0.106692
2.687400,2.823449,-0.019247
2.687400,2.701787,0.004840
2.687400,4.193770,0.105035
2.687400,5.932511,-0.129559
2.687400,2.748149,-0.010566
2.687400,2.766676,0.012768
2.687400,6.634251,0.128229
2.687400,3.923646,-0.095095
2.687400,2.695190,-0.003789
2.687400,2.860900,0.023184
2.687400,9.750054,0.086579
2.687400,3.329153,-0.062866
2.687400,2.686905,-0.000610
2.687400,3.160040,0.050306
2.687400,11.126744,-0.048221
2.687400,2.929331,-0.030039
2.687400,2.687639,0.002393
2.687400,3.593134,0.079227
2.687400,7.994816,-0.116033
2.687400,2.803711,-0.017088
2.687400,2.709916,0.005931
2.687400,4.502195,0.113713
2.687400,5.381139,-0.127118
2.687400,2.733547,-0.008816
2.687400,2.780278,0.014373
2.687400,7.144779,0.124914
2.687400,3.778254,-0.088670
2.687400,2.691858,-0.003183
2.687400,2.889735,0.026121
2.687400,10.433555,0.070294
2.687400,3.245804,-0.056893
2.687400,2.687399,0.000047
2.687400,3.258824,0.057853
2.687400,10.325072,-0.073141
2.687400,2.884711,-0.025613
2.687400,2.692538,0.003300
2.687400,3.806879,0.090000
2.687400,7.034873,-0.125769
2.687400,2.777341,-0.014025
2.687400,2.737003,0.009230
2.687400,5.510878,0.128027
2.687400,4.418882,-0.111618
2.687400,2.707694,-0.005643
2.687400,2.807839,0.017546
2.687400,8.137064,0.114190
2.687400,3.567081,-0.077772
2.687400,2.687275,-0.002253
2.687400,2.942380,0.031295
2.687400,11.293278,0.041205
2.687400,3.137061,-0.048457
2.687400,2.686948,0.000783
2.687400,3.353930,0.064561
2.687400,9.555753,-0.090609
2.687400,2.853688,-0.022433
2.687400,2.696825,0.004034
2.687400,3.987868,0.097681
2.687400,6.442358,-0.129003
2.687400,2.761652,-0.012161
2.687400,2.754834,0.011351
2.687400,6.184050,0.129577
2.687400,4.084921,-0.101318
2.687400,2.699160,-0.004417
2.687400,2.839008,0.020897
2.687400,9.135301,0.098614
2.687400,3.410265,-0.068289
2.687400,2.686686,-0.001215
2.687400,3.073695,0.043177
2.687400,11.648659,-0.019083
2.687400,2.985800,-0.035373
2.687400,2.686490,0.001839
2.687400,3.495109,0.073579
2.687400,8.563843,-0.108097
2.687400,2.820617,-0.018946
2.687400,2.702080,0.004895
2.687400,4.207178,0.105468
2.687400,5.903942,-0.129518
2.687400,2.747369,-0.010479
2.687400,2.766618,0.012768
2.687400,6.633132,0.128234
2.687400,3.923996,-0.095110
2.687400,2.695121,-0.003799
2.687400,2.858432,0.022932
2.687400,9.685184,0.087949
2.687400,3.337340,-0.063431
2.687400,2.686732,-0.000690
2.687400,3.146382,0.049213
2.687400,11.227339,-0.044116
2.687400,2.936919,-0.030774
2.687400,2.687065,0.002269
2.687400,3.565812,0.077702
2.687400,8.144072,-0.114098
2.687400,2.808004,-0.017573
2.687400,2.706503,0.005504
2.687400,4.376673,0.110490
2.687400,5.581449,-0.128430
2.687400,2.738831,-0.009459
2.687400,2.774334,0.013682
2.687400,6.924062,0.126557
2.687400,3.837103,-0.091370
2.687400,2.693077,-0.003445
2.687400,2.873820,0.024513
2.687400,10.075092,0.079293
2.687400,3.288992,-0.060041
2.687400,2.686980,-0.000314
2.687400,3.202138,0.053600
2.687400,10.794767,-0.059820
2.687400,2.908305,-0.027981
2.687400,2.689009,0.002710
2.687400,3.661706,0.082902
2.687400,7.649023,-0.120101
2.687400,2.793961,-0.015979
2.687400,2.717772,0.006911
2.687400,4.793724,0.119778
2.687400,5.007990,-0.123132
2.687400,2.723552,-0.007613
2.687400,2.788724,0.015368
2.687400,7.457932,0.122089
2.687400,3.703286,-0.085027
2.687400,2.690026,-0.002880
2.687400,2.901587,0.027311
2.687400,10.671416,0.063594
2.687400,3.217170,-0.054747
2.687400,2.687181,0.000228
2.687400,3.280440,0.059426
2.687400,10.145641,-0.077610
2.687400,2.876811,-0.024815
2.687400,2.693154,0.003432
2.687400,3.836468,0.091341
2.687400,6.926368,-0.126541
2.687400,2.774425,-0.013686
2.687400,2.739608,0.009546
2.687400,5.609759,0.128574
2.687400,4.360320,-0.110040
2.687400,2.706111,-0.005441
2.687400,2.810244,0.017815
2.687400,8.219460,0.113080
2.687400,3.552491,-0.076943
2.687400,2.687019,-0.002181
2.687400,2.948065,0.031838
2.687400,11.356816,0.038195
2.687400,3.127681,-0.047694
2.687400,2.686871,0.000842
2.687400,3.360982,0.065038
2.687400,9.501406,-0.091697
2.687400,2.851716,-0.022228
2.687400,2.696991,0.004068
2.687400,3.995763,0.097989
2.687400,6.419978,-0.129074
2.687400,2.761052,-0.012092
2.687400,2.755189,0.011396
2.687400,6.197832,0.129561
2.687400,4.079393,-0.101120
2.687400,2.699006,-0.004398
2.687400,2.839182,0.020916
2.687400,9.140614,0.098518
2.687400,3.409524,-0.068241
2.687400,2.686657,-0.001213
2.687400,3.073484,0.043159
2.687400,11.649476,-0.019003
2.687400,2.985963,-0.035388
2.687400,2.686454,0.001834
2.687400,3.493736,0.073497
2.687400,8.572479,-0.107965
2.687400,2.820878,-0.018975
2.687400,2.701863,0.004868
2.687400,4.199335,0.105216
2.687400,5.920581,-0.129543
2.687400,2.747800,-0.010532
2.687400,2.765973,0.012693
2.687400,6.609073,0.128346
2.687400,3.931721,-0.095429
2.687400,2.695280,-0.003833
2.687400,2.856373,0.022720
2.687400,9.630077,0.089094
2.687400,3.344355,-0.063912
2.687400,2.686655,-0.000749
2.687400,3.137013,0.048456
2.687400,11.293518,-0.041195
2.687400,2.942380,-0.031298
2.687400,2.686792,0.002196
2.687400,3.550875,0.076852
2.687400,8.228632,-0.112955
2.687400,2.810473,-0.017849
2.687400,2.704852,0.005293
2.687400,4.315774,0.108778
2.687400,5.689682,-0.128928
2.687400,2.741674,-0.009805
2.687400,2.770999,0.013294
2.687400,6.799689,0.127345
2.687400,3.872832,-0.092943
2.687400,2.693828,-0.003601
2.687400,2.864640,0.023576
2.687400,9.847869,0.084462
2.687400,3.316908,-0.062017
2.687400,2.686696,-0.000547
2.687400,3.165341,0.050728
2.687400,11.086457,-0.049772
2.687400,2.926468,-0.029764
2.687400,2.687377,0.002383
2.687400,3.587354,0.078908
2.687400,8.025769,-0.115640
2.687400,2.804566,-0.017191
2.687400,2.708368,0.005746
2.687400,4.446445,0.112331
2.687400,5.466585,-0.127743
2.687400,2.735784,-0.009093
2.687400,2.777166,0.014016
2.687400,7.030141,0.125805
2.687400,3.808127,-0.090058
2.687400,2.692413,-0.003324
2.687400,2.879621,0.025103
2.687400,10.211221,0.076009
2.687400,3.272509,-0.058854
2.687400,2.687068,-0.000185
2.687400,3.221390,0.055067
2.687400,10.636469,-0.064623
2.687400,2.899748,-0.027130
2.687400,2.689949,0.002884
2.687400,3.702666,0.084996
2.687400,7.460664,-0.122062
2.687400,2.788782,-0.015379
2.687400,2.723015,0.007551
2.687400,4.988549,0.122863
2.687400,4.811508,-0.120090
2.687400,2.718239,-0.006971
2.687400,2.793071,0.015879
2.687400,7.617356,0.120444
2.687400,3.668396,-0.083250
2.687400,2.689105,-0.002746
2.687400,2.905058,0.027661
2.687400,10.736475,0.061632
2.687400,3.209257,-0.054146
2.687400,2.686903,0.000253
2.687400,3.279302,0.059346
2.687400,10.154921,-0.077386
2.687400,2.877177,-0.024858
2.687400,2.692333,0.003333
2.687400,3.808062,0.090056
2.687400,7.030360,-0.125803
2.687400,2.777148,-0.014019
2.687400,2.735088,0.009014
2.687400,5.441192,0.127568
2.687400,4.462645,-0.112741
2.687400,2.708772,-0.005805
2.687400,2.802891,0.017008
2.687400,7.968300,0.116366
2.687400,3.598100,-0.079503
2.687400,2.687450,-0.002450
2.687400,2.918672,0.029007
2.687400,10.968957,0.054044
2.687400,3.180444,-0.051920
2.687400,2.686541,0.000419
2.687400,3.296537,0.060583
2.687400,10.013044,-0.080742
2.687400,2.871213,-0.024256
2.687400,2.692247,0.003367
2.687400,3.811614,0.090220
2.687400,7.017035,-0.125902
2.687400,2.776739,-0.013982
2.687400,2.733987,0.008892
2.687400,5.401492,0.127277
2.687400,4.488575,-0.113384
2.687400,2.709404,-0.005901
2.687400,2.799817,0.016674
2.687400,7.862307,0.117663
2.687400,3.618444,-0.080613
2.687400,2.687589,-0.002575
2.687400,2.903948,0.027563
2.687400,10.717270,0.062219
2.687400,3.211557,-0.054327
2.687400,2.686167,0.000150
2.687400,3.252973,0.057433
2.687400,10.373269,-0.071893
2.687400,2.886793,-0.025848
2.687400,2.689146,0.002886
2.687400,3.689388,0.084329
2.687400,7.520140,-0.121464
2.687400,2.790283,-0.015581
2.687400,2.717767,0.006938
2.687400,4.797887,0.119853
2.687400,5.003381,-0.123070
2.687400,2.723319,-0.007610
2.687400,2.785557,0.015026
2.687400,7.346098,0.123162
2.687400,3.728976,-0.086306
2.687400,2.690168,-0.003041
2.687400,2.882211,0.025381
2.687400,10.271784,0.074499
2.687400,3.265174,-0.058326
2.687400,2.686355,-0.000216
2.687400,3.205514,0.053864
2.687400,10.766935,-0.060693
2.687400,2.906690,-0.027832
2.687400,2.687799,0.002580
2.687400,3.622611,0.080837
2.687400,7.841113,-0.117915
2.687400,2.799247,-0.016603
2.687400,2.710659,0.006051
2.687400,4.533720,0.114463
2.687400,5.335069,-0.126741
2.687400,2.732244,-0.008677
2.687400,2.779088,0.014253
2.687400,7.103717,0.125243
2.687400,3.788769,-0.089165
2.687400,2.691804,-0.003262
2.687400,2.878338,0.024979
2.687400,10.182327,0.076719
2.687400,3.275981,-0.059108
2.687400,2.686772,-0.000244
2.687400,3.208311,0.054075
2.687400,10.744186,-0.061396
2.687400,2.905469,-0.027704
2.687400,2.688788,0.002705
2.687400,3.657260,0.082672
2.687400,7.670209,-0.119870
2.687400,2.794519,-0.016050
2.687400,2.716388,0.006747
2.687400,4.743462,0.118864
2.687400,5.064744,-0.123882
2.687400,2.725055,-0.007800
2.687400,2.786712,0.015138
2.687400,7.384873,0.122797
2.687400,3.719963,-0.085858
2.687400,2.690331,-0.002960
2.687400,2.895692,0.026725
2.687400,10.556824,0.066908
2.687400,3.230985,-0.055791
2.687400,2.687054,0.000113
2.687400,3.262426,0.058120
2.687400,10.294945,-0.073912
2.687400,2.883318,-0.025479
2.687400,2.691844,0.003229
2.687400,3.784751,0.088976
2.687400,7.119334,-0.125119
2.687400,2.779547,-0.014298
2.687400,2.732924,0.008751
2.687400,5.359287,0.126943
2.687400,4.517011,-0.114069
2.687400,2.710256,-0.005989
2.687400,2.801324,0.016829
2.687400,7.912930,0.117050
2.687400,3.608655,-0.080080
2.687400,2.687707,-0.002493
2.687400,2.916875,0.028830
2.687400,10.940176,0.055040
2.687400,3.184079,-0.052203
2.687400,2.686622,0.000402
2.687400,3.295520,0.060510
2.687400,10.021401,-0.080548
2.687400,2.871563,-0.024290
2.687400,2.692424,0.003385
2.687400,3.817290,0.090478
2.687400,6.996005,-0.126055
2.687400,2.776191,-0.013915
2.687400,2.734997,0.009011
2.687400,5.439037,0.127553
2.687400,4.464025,-0.112776
2.687400,2.708759,-0.005816
2.687400,2.801317,0.016840
2.687400,7.914546,0.117031
2.687400,3.608326,-0.080064
2.687400,2.687462,-0.002520
2.687400,2.909447,0.028105
2.687400,10.815908,0.059150
2.687400,3.199506,-0.053402
2.687400,2.686283,0.000251
2.687400,3.268876,0.058596
2.687400,10.241002,-0.075271
2.687400,2.880842,-0.025244
2.687400,2.690153,0.003049
2.687400,3.729944,0.086353
2.687400,7.341971,-0.123201
2.687400,2.785435,-0.015014
2.687400,2.723145,0.007591
2.687400,4.997255,0.122985
2.687400,4.803480,-0.119951
2.687400,2.717910,-0.006957
2.687400,2.789866,0.015535
2.687400,7.505308,0.121615
2.687400,3.692659,-0.084496
2.687400,2.689186,-0.002904
2.687400,2.885012,0.025669
2.687400,10.334571,0.072898
2.687400,3.257615,-0.057775
2.687400,2.686104,-0.000191
2.687400,3.204894,0.053818
2.687400,10.771904,-0.060538
2.687400,2.906945,-0.027861
2.687400,2.687246,0.002513
2.687400,3.603711,0.079813
2.687400,7.938607,-0.116735
2.687400,2.801975,-0.016920
2.687400,2.707493,0.005664
2.687400,4.418510,0.111610
2.687400,5.511434,-0.128032
2.687400,2.736892,-0.009245
2.687400,2.773596,0.013616
2.687400,6.899843,0.126719
2.687400,3.843881,-0.091675
2.687400,2.692950,-0.003506
2.687400,2.863644,0.023481
2.687400,9.823282,0.085000
2.687400,3.319950,-0.062231
2.687400,2.686353,-0.000609
2.687400,3.151265,0.049608
2.687400,11.191745,-0.045611
2.687400,2.934113,-0.030509
2.687400,2.686492,0.002222
2.687400,3.549546,0.076779
2.687400,8.236144,-0.112852
2.687400,2.810639,-0.017879
2.687400,2.703207,0.005101
2.687400,4.257894,0.107057
2.687400,5.800208,-0.129296
2.687400,2.744527,-0.010163
2.687400,2.766203,0.012743
2.687400,6.621612,0.128289
2.687400,3.927654,-0.095264
2.687400,2.694909,-0.003849
2.687400,2.848471,0.021910
2.687400,9.413146,0.093430
2.687400,3.372528,-0.065817
2.687400,2.686090,-0.001016
2.687400,3.091259,0.044674
2.687400,11.570119,-0.025656
2.687400,2.972431,-0.034141
2.687400,2.685682,0.001843
2.687400,3.482167,0.072803
2.687400,8.645807,-0.106832
2.687400,2.823027,-0.019232
2.687400,2.697872,0.004386
2.687400,4.058119,0.100350
2.687400,6.251702,-0.129484
2.687400,2.756341,-0.011594
2.687400,2.751815,0.011055
2.687400,6.079976,0.129645
2.687400,4.127983,-0.102838
2.687400,2.699651,-0.004648
2.687400,2.815771,0.018452
2.687400,8.409719,0.110396
2.687400,3.520062,-0.075069
2.687400,2.685882,-0.002086
2.687400,2.942704,0.031336
2.687400,11.297733,0.041003
2.687400,3.136378,-0.048409
2.687400,2.686107,0.000689
2.687400,3.326998,0.062723
2.687400,9.766843,-0.086221
2.687400,2.861442,-0.023260
2.687400,2.692562,0.003477
2.687400,3.833018,0.091191
2.687400,6.938586,-0.126459
2.687400,2.774585,-0.013742
2.687400,2.734557,0.008973
2.687400,5.424950,0.127452
2.687400,4.473143,-0.113004
2.687400,2.708910,-0.005858
2.687400,2.798052,0.016488
2.687400,7.802083,0.118375
2.687400,3.630312,-0.081253
2.687400,2.687548,-0.002663
2.687400,2.891541,0.026334
2.687400,10.474807,0.069182
2.687400,3.240767,-0.056532
2.687400,2.685711,-0.000115
2.687400,3.208907,0.054129
2.687400,10.738856,-0.061561
2.687400,2.905083,-0.027683
2.687400,2.686521,0.002441
2.687400,3.581289,0.078577
2.687400,8.058334,-0.115224
2.687400,2.805347,-0.017313
2.687400,2.703396,0.005163
2.687400,4.270525,0.107442
2.687400,5.775362,-0.129226
2.687400,2.743790,-0.010093
2.687400,2.764457,0.012556
2.687400,6.558841,0.128568
2.687400,3.948095,-0.096102
2.687400,2.695172,-0.003957
2.687400,2.838140,0.020837
2.687400,9.114006,0.098997
2.687400,3.413174,-0.068485
2.687400,2.685636,-0.001359
2.687400,3.037243,0.040017
2.687400,11.741033,-0.004368
2.687400,3.017250,-0.038239
2.687400,2.685525,0.001493
2.687400,3.430207,0.069575
2.687400,8.993725,-0.101109
2.687400,2.834140,-0.020418
2.687400,2.695430,0.004017
2.687400,3.961415,0.096639
2.687400,6.518979,-0.128730
2.687400,2.763378,-0.012434
2.687400,2.744146,0.010141
2.687400,5.789753,0.129268
2.687400,4.263167,-0.107220
2.687400,2.703157,-0.005142
2.687400,2.804466,0.017220
2.687400,8.028775,0.115604
2.687400,3.586731,-0.078881
2.687400,2.686488,-0.002483
2.687400,2.898938,0.027077
2.687400,10.623577,0.065000
2.687400,3.222867,-0.055191
2.687400,2.685512,-0.000009
2.687400,3.220300,0.054997
2.687400,10.644833,-0.064380
2.687400,2.900041,-0.027186
2.687400,2.686411,0.002466
2.687400,3.582974,0.078672
2.687400,8.049113,-0.115343
2.687400,2.805051,-0.017286
2.687400,2.702746,0.005089
2.687400,4.248117,0.106759
2.687400,5.819625,-0.129348
2.687400,2.744928,-0.010236
2.687400,2.762427,0.012322
2.687400,6.483247,0.128864
2.687400,3.973585,-0.097124
2.687400,2.695712,-0.004067
2.687400,2.831918,0.020183
2.687400,8.925778,0.102271
2.687400,3.440028,-0.070197
2.687400,2.685502,-0.001566
2.687400,3.007087,0.037323
2.687400,11.724497,0.008989
2.687400,3.048280,-0.040986
2.687400,2.685723,0.001288
2.687400,3.404634,0.067932
2.687400,9.175453,-0.097890
2.687400,2.840217,-0.021053
2.687400,2.695129,0.003937
2.687400,3.944338,0.095949
2.687400,6.570240,-0.128520
2.687400,2.764777,-0.012590
2.687400,2.744007,0.010115
2.687400,5.782918,0.129248
2.687400,4.266661,-0.107325
2.687400,2.703324,-0.005145
2.687400,2.806545,0.017441
2.687400,8.098866,0.114696
2.687400,3.573902,-0.078163
2.687400,2.686501,-0.002392
2.687400,2.911424,0.028306
2.687400,10.850670,0.058030
2.687400,3.195200,-0.053073
2.687400,2.685877,0.000234
2.687400,3.259937,0.057947
2.687400,10.315135,-0.073398
2.687400,2.884107,-0.025582
2.687400,2.688704,0.002855
2.687400,3.677340,0.083715
2.687400,7.575363,-0.120892
2.687400,2.791761,-0.015761
2.687400,2.715151,0.006626
2.687400,4.702451,0.118079
2.687400,5.113133,-0.124479
2.687400,2.726245,-0.007969
2.687400,2.782321,0.014651
2.687400,7.227124,0.124227
2.687400,3.757588,-0.087694
2.687400,2.690781,-0.003167
2.687400,2.875010,0.024651
2.687400,10.105521,0.078573
2.687400,3.285253,-0.059779
2.687400,2.686226,-0.000375
2.687400,3.181393,0.051996
2.687400,10.961331,-0.054310
2.687400,2.918165,-0.028962
2.687400,2.686858,0.002384
2.687400,3.578735,0.078431
2.687400,8.072430,-0.115040
2.687400,2.805835,-0.017350
2.687400,2.705359,0.005387
2.687400,4.338900,0.109441
2.687400,5.647619,-0.128752
2.687400,2.740498,-0.009679
2.687400,2.770176,0.013212
2.687400,6.771275,0.127511
2.687400,3.881262,-0.093309
2.687400,2.693824,-0.003659
2.687400,2.856811,0.022776
2.687400,9.643331,0.088821
2.687400,3.342638,-0.063798
2.687400,2.686241,-0.000785
2.687400,3.125331,0.047506
2.687400,11.372083,-0.037437
2.687400,2.949466,-0.031979
2.687400,2.685999,0.002050
2.687400,3.516869,0.074880
2.687400,8.429108,-0.110113
2.687400,2.816385,-0.018513
2.687400,2.700194,0.004707
2.687400,4.146210,0.103460
2.687400,6.037811,-0.129643
2.687400,2.750740,-0.010918
2.687400,2.758493,0.011842
2.687400,6.331922,0.129319
2.687400,4.027676,-0.099216
2.687400,2.697196,-0.004260
2.687400,2.829346,0.019902
2.687400,8.844888,0.103626
2.687400,3.451932,-0.070941
2.687400,2.685746,-0.001621
2.687400,3.003439,0.036991
2.687400,11.715569,0.010683
2.687400,3.052422,-0.041345
2.687400,2.685973,0.001287
2.687400,3.408654,0.068190
2.687400,9.146566,-0.098412
2.687400,2.839281,-0.020947
2.687400,2.696291,0.004079
2.687400,3.985395,0.097588
2.687400,6.449271,-0.128981
2.687400,2.761645,-0.012204
2.687400,2.749165,0.010718
2.687400,5.976075,0.129608
2.687400,4.173719,-0.104380
2.687400,2.701010,-0.004796
2.687400,2.817196,0.018592
2.687400,8.454569,0.109738
2.687400,3.512702,-0.074632
2.687400,2.686177,-0.002000
2.687400,2.959092,0.032888
2.687400,11.465042,0.032439
2.687400,3.110453,-0.046277
2.687400,2.686418,0.000915
2.687400,3.363694,0.065224
2.687400,9.480440,-0.092113
2.687400,2.850905,-0.022156
2.687400,2.695584,0.003910
2.687400,3.948202,0.096103
2.687400,6.558647,-0.128568
2.687400,2.764607,-0.012538
2.687400,2.748273,0.010595
2.687400,5.939618,0.129569
2.687400,4.190452,-0.104928
2.687400,2.701577,-0.004842
2.687400,2.819890,0.018873
2.687400,8.541062,0.108444
2.687400,3.498732,-0.073798
2.687400,2.686363,-0.001880
2.687400,2.978313,0.034682
2.687400,11.607711,0.022746
2.687400,3.083382,-0.044003
2.687400,2.686594,0.001133
2.687400,3.397258,0.067445
2.687400,9.229489,-0.096900
2.687400,2.842176,-0.021234
2.687400,2.698093,0.004268
2.687400,4.044413,0.099839
2.687400,6.287552,-0.129415
2.687400,2.757530,-0.011680
2.687400,2.757922,0.011727
2.687400,6.302434,0.129384
2.687400,4.038774,-0.099629
2.687400,2.697956,-0.004246
2.687400,2.842996,0.021320
2.687400,9.253459,0.096457
2.687400,3.393988,-0.067231
2.687400,2.686606,-0.001109
2.687400,3.086942,0.044305
2.687400,11.591216,-0.024066
2.687400,2.975651,-0.034435
2.687400,2.686379,0.001901
2.687400,3.502062,0.073997
2.687400,8.520292,-0.108757
2.687400,2.819252,-0.018804
2.687400,2.701749,0.004867
2.687400,4.197182,0.105147
2.687400,5.925161,-0.129550
2.687400,2.747891,-0.010550
2.687400,2.764961,0.012580
2.687400,6.572049,0.128511
2.687400,3.943780,-0.095923
2.687400,2.695478,-0.003892
2.687400,2.851605,0.022229
2.687400,9.499939,0.091726
2.687400,3.361147,-0.065052
2.687400,2.686429,-0.000895
2.687400,3.113281,0.046512
2.687400,11.448087,-0.033405
2.687400,2.957219,-0.032711
2.687400,2.686208,0.002017
2.687400,3.515691,0.074808
2.687400,8.436351,-0.110006
2.687400,2.816645,-0.018532
2.687400,2.701226,0.004825
2.687400,4.181852,0.104648
2.687400,5.958238,-0.129591
2.687400,2.748698,-0.010661
2.687400,2.762185,0.012267
2.687400,6.469626,0.128911
2.687400,3.978315,-0.097309
2.687400,2.696127,-0.004051
2.687400,2.840556,0.021081
2.687400,9.184294,0.097729
2.687400,3.403430,-0.067852
2.687400,2.685996,-0.001248
2.687400,3.058201,0.041847
2.687400,11.700747,-0.013019
2.687400,2.998446,-0.036537
2.687400,2.685726,0.001656
2.687400,3.456460,0.071223
2.687400,8.814464,-0.104128
2.687400,2.828368,-0.019799
2.687400,2.697270,0.004276
2.687400,4.031318,0.099353
2.687400,6.322141,-0.129342
2.687400,2.758228,-0.011812
2.687400,2.750797,0.010926
2.687400,6.040250,0.129643
2.687400,4.145142,-0.103424
2.687400,2.700153,-0.004705
2.687400,2.816045,0.018477
2.687400,8.418078,0.110274
2.687400,3.518686,-0.074987
2.687400,2.685985,-0.002065
2.687400,2.947283,0.031772
2.687400,11.348894,0.038584
2.687400,3.128844,-0.047794
2.687400,2.686214,0.000756
2.687400,3.338167,0.063492
2.687400,9.678433,-0.088091
2.687400,2.858115,-0.022912
2.687400,2.693494,0.003611
2.687400,3.868545,0.092759
2.687400,6.814174,-0.127259
2.687400,2.771305,-0.013348
2.687400,2.738993,0.009500
2.687400,5.591134,0.128481
2.687400,4.371018,-0.110336
2.687400,2.706202,-0.005501
2.687400,2.803682,0.017113
2.687400,7.998396,0.115989
2.687400,3.592418,-0.079192
2.687400,2.687013,-0.002461
2.687400,2.910193,0.028182
2.687400,10.829167,0.058725
2.687400,3.197865,-0.053277
2.687400,2.686090,0.000240
2.687400,3.264223,0.058259
2.687400,10.279574,-0.074303
2.687400,2.882531,-0.025419
2.687400,2.689438,0.002953
2.687400,3.703859,0.085060
2.687400,7.455170,-0.122118
2.687400,2.788491,-0.015376
2.687400,2.719206,0.007117
2.687400,4.851676,0.120772
2.687400,4.945799,-0.122247
2.687400,2.721750,-0.007425
2.687400,2.786355,0.015125
2.687400,7.376388,0.122879
2.687400,3.721892,-0.085958
2.687400,2.689908,-0.003022
2.687400,2.880608,0.025222
2.687400,10.235921,0.075398
2.687400,3.269483,-0.058641
2.687400,2.686180,-0.000267
2.687400,3.195542,0.053097
2.687400,10.848023,-0.058115
2.687400,2.911295,-0.028289
2.687400,2.687134,0.002467
2.687400,3.595287,0.079350
2.687400,7.983124,-0.116181
2.687400,2.803258,-0.017062
2.687400,2.706894,0.005585
2.687400,4.395918,0.111011
2.687400,5.548802,-0.128252
2.687400,2.737888,-0.009364
2.687400,2.772832,0.013524
2.687400,6.870931,0.126907
2.687400,3.852102,-0.092038
2.687400,2.693161,-0.003538
2.687400,2.862718,0.023385
2.687400,9.799286,0.085521
2.687400,3.322947,-0.062440
2.687400,2.686369,-0.000629
2.687400,3.148819,0.049412
2.687400,11.209596,-0.044867
2.687400,2.935494,-0.030641
2.687400,2.686480,0.002210
2.687400,3.547714,0.076673
2.687400,8.246696,-0.112707
2.687400,2.810953,-0.017913
2.687400,2.703130,0.005090
2.687400,4.254853,0.106964
2.687400,5.806241,-0.129312
2.687400,2.744688,-0.010182
2.687400,2.766104,0.012731
2.687400,6.617767,0.128307
2.687400,3.928890,-0.095315
2.687400,2.694944,-0.003853
2.687400,2.848429,0.021905
2.687400,9.411948,0.093453
2.687400,3.372687,-0.065828
2.687400,2.686097,-0.001017
2.687400,3.091342,0.044681
2.687400,11.569706,-0.025686
2.687400,2.972372,-0.034135
2.687400,2.685692,0.001844
2.687400,3.482561,0.072827
2.687400,8.643281,-0.106871
2.687400,2.822949,-0.019224
2.687400,2.697929,0.004393
2.687400,4.060182,0.100426
2.687400,6.246392,-0.129493
2.687400,2.756203,-0.011577
2.687400,2.752021,0.011079
2.687400,6.087699,0.129644
2.687400,4.124695,-0.102724
2.687400,2.699571,-0.004635
2.687400,2.816225,0.018500
2.687400,8.424641,0.110178
2.687400,3.517596,-0.074924
2.687400,2.685873,-0.002070
2.687400,2.944783,0.031535
2.687400,11.321418,0.039901
2.687400,3.132923,-0.048127
2.687400,2.686122,0.000716
2.687400,3.331008,0.063000
2.687400,9.734974,-0.086900
2.687400,2.860232,-0.023134
2.687400,2.692820,0.003516
2.687400,3.843160,0.091643
2.687400,6.902360,-0.126702
2.687400,2.773626,-0.013627
2.687400,2.735766,0.009118
2.687400,5.470249,0.127768
2.687400,4.444102,-0.112273
2.687400,2.708133,-0.005758
2.687400,2.799378,0.016636
2.687400,7.848777,0.117825
2.687400,3.621076,-0.080757
2.687400,2.687393,-0.002617
2.687400,2.895312,0.026710
2.687400,10.551590,0.067057
2.687400,3.231549,-0.055843
2.687400,2.685783,-0.000040
2.687400,3.220460,0.055007
2.687400,10.643628,-0.064415
2.687400,2.900002,-0.027178
2.687400,2.687026,0.002538
2.687400,3.603692,0.079813
2.687400,7.938623,-0.116735
2.687400,2.801927,-0.016925
2.687400,2.706156,0.005509
2.687400,4.371439,0.110348
2.687400,5.590393,-0.128478
2.687400,2.738939,-0.009502
2.687400,2.770279,0.013235
2.687400,6.776989,0.127479
2.687400,3.879540,-0.093236
2.687400,2.693641,-0.003669
2.687400,2.852679,0.022353
2.687400,9.531452,0.091098
2.687400,3.357019,-0.064778
2.687400,2.685958,-0.000921
2.687400,3.102144,0.045589
2.687400,11.512678,-0.029556
2.687400,2.964694,-0.033419
2.687400,2.685488,0.001877
2.687400,3.483815,0.072905
2.687400,8.635151,-0.106998
2.687400,2.822660,-0.019200
2.687400,2.697008,0.004288
2.687400,4.028622,0.099253
2.687400,6.329313,-0.129326
2.687400,2.758335,-0.011843
2.687400,2.748226,0.010638
2.687400,5.945735,0.129578
2.687400,4.187568,-0.104838
2.687400,2.701095,-0.004878
2.687400,2.807554,0.017566
2.687400,8.135566,0.114212
2.687400,3.567264,-0.077791
2.687400,2.686103,-0.002392
2.687400,2.905086,0.027687
2.687400,10.739228,0.061550
2.687400,3.208852,-0.054126
2.687400,2.685518,0.000093
2.687400,3.234542,0.056069
2.687400,10.526576,-0.067757
2.687400,2.894046,-0.026589
2.687400,2.686874,0.002565
2.687400,3.604916,0.079882
2.687400,7.932139,-0.116816
2.687400,2.801703,-0.016908
2.687400,2.705213,0.005401
2.687400,4.338492,0.109431
2.687400,5.648312,-0.128756
2.687400,2.740435,-0.009690
2.687400,2.767745,0.012945
2.687400,6.682988,0.127990
2.687400,3.908209,-0.094456
2.687400,2.694214,-0.003798
2.687400,2.844464,0.021501
2.687400,9.299948,0.095591
2.687400,3.387630,-0.066821
2.687400,2.685690,-0.001171
2.687400,3.063732,0.042328
2.687400,11.684081,-0.015225
2.687400,2.993770,-0.036113
2.687400,2.685319,0.001642
2.687400,3.447806,0.070687
2.687400,8.872607,-0.103166
2.687400,2.830168,-0.020004
2.687400,2.695204,0.004021
2.687400,3.958016,0.096504
2.687400,6.529026,-0.128691
2.687400,2.763588,-0.012471
2.687400,2.742288,0.009930
2.687400,5.721377,0.129050
2.687400,4.298699,-0.108283
2.687400,2.704014,-0.005277
2.687400,2.799652,0.016697
2.687400,7.863300,0.117652
2.687400,3.618185,-0.080606
2.687400,2.686725,-0.002675
2.687400,2.876932,0.024876
2.687400,10.154371,0.077402
2.687400,3.279256,-0.059359
2.687400,2.684840,-0.000495
2.687400,3.142475,0.048912
2.687400,11.254631,-0.042938
2.687400,2.938985,-0.030997
2.687400,2.683810,0.001870
2.687400,3.454830,0.071137
2.687400,8.824554,-0.103965
2.687400,2.828378,-0.019865
2.687400,2.688824,0.003285
2.687400,3.741549,0.086933
2.687400,7.292556,-0.123655
2.687400,2.783648,-0.014905
2.687400,2.711949,0.006317
2.687400,4.597745,0.115914
2.687400,5.246125,-0.125927
2.687400,2.729528,-0.008430
2.687400,2.770925,0.013378
2.687400,6.812411,0.127272
2.687400,3.868967,-0.092785
2.687400,2.692523,-0.003727
2.687400,2.827372,0.019731
2.687400,8.788973,0.104547
2.687400,3.460208,-0.071464
2.687400,2.684627,-0.001812
2.687400,2.959815,0.032968
2.687400,11.472044,0.032033
2.687400,3.109222,-0.046183
2.687400,2.685368,0.000800
2.687400,3.330386,0.062963
2.687400,9.739566,-0.086804
2.687400,2.860314,-0.023161
2.687400,2.690403,0.003232
2.687400,3.760630,0.087843
2.687400,7.214639,-0.124335
2.687400,2.781855,-0.014626
2.687400,2.722943,0.007595
2.687400,4.994211,0.122944
2.687400,4.806241,-0.120000
2.687400,2.717854,-0.006981
2.687400,2.785852,0.015100
2.687400,7.363478,0.123002
2.687400,3.724851,-0.086108
2.687400,2.689420,-0.003100
2.687400,2.862525,0.023394
2.687400,9.798031,0.085550
2.687400,3.323036,-0.062456
2.687400,2.685160,-0.000772
2.687400,3.109705,0.046225
2.687400,11.469143,-0.032203
2.687400,2.959472,-0.032938
2.687400,2.684318,0.001778
2.687400,3.450293,0.070850
2.687400,8.855331,-0.103455
2.687400,2.829450,-0.019961
2.687400,2.690949,0.003527
2.687400,3.812829,0.090286
2.687400,7.012059,-0.125942
2.687400,2.776192,-0.014011
2.687400,2.722368,0.007572
2.687400,4.980265,0.122749
2.687400,4.819075,-0.120224
2.687400,2.717992,-0.007047
2.687400,2.779199,0.014373
2.687400,7.125792,0.125071
2.687400,3.782936,-0.088905
2.687400,2.690056,-0.003426
2.687400,2.828915,0.019912
2.687400,8.839793,0.103713
2.687400,3.452582,-0.070994
2.687400,2.684101,-0.001819
2.687400,2.950392,0.032082
2.687400,11.382545,0.036910
2.687400,3.123669,-0.047379
2.687400,2.685035,0.000655
2.687400,3.304712,0.061173
2.687400,9.945718,-0.082283
2.687400,2.868316,-0.023993
2.687400,2.688265,0.002921
2.687400,3.679426,0.083826
2.687400,7.565528,-0.120996
2.687400,2.791367,-0.015743
2.687400,2.711975,0.006262
2.687400,4.589658,0.115734
2.687400,5.257077,-0.126032
2.687400,2.730011,-0.008443
2.687400,2.776393,0.013975
2.687400,7.009590,0.125958
2.687400,3.813572,-0.090313
2.687400,2.691821,-0.003430
2.687400,2.856057,0.022714
2.687400,9.625157,0.089197
2.687400,3.344923,-0.063959
2.687400,2.685595,-0.000877
2.687400,3.102291,0.045604
2.687400,11.511774,-0.029614
2.687400,2.964559,-0.033411
2.687400,2.684970,0.001817
2.687400,3.466688,0.071862
2.687400,8.746216,-0.105239
2.687400,2.826069,-0.019581
2.687400,2.694210,0.003935
2.687400,3.928336,0.095298
2.687400,6.619260,-0.128302
2.687400,2.765877,-0.012764
2.687400,2.737010,0.009317
2.687400,5.525258,0.128117
2.687400,4.410022,-0.111390
2.687400,2.706882,-0.005678
2.687400,2.790615,0.015700
2.687400,7.545521,0.121206
2.687400,3.683710,-0.084052
2.687400,2.687575,-0.003031
2.687400,2.842653,0.021364
2.687400,9.254921,0.096434
2.687400,3.393621,-0.067229
2.687400,2.683849,-0.001431
2.687400,2.998950,0.036598
2.687400,11.702694,0.012743
2.687400,3.057439,-0.041794
2.687400,2.684378,0.001063
2.687400,3.350800,0.064369
2.687400,9.578831,-0.090145
2.687400,2.854198,-0.022552
2.687400,2.688030,0.002998
2.687400,3.686657,0.084199
2.687400,7.532182,-0.121343
2.687400,2.790345,-0.015648
2.687400,2.709936,0.006034
2.687400,4.518397,0.114104
2.687400,5.357170,-0.126928
2.687400,2.732610,-0.008773
2.687400,2.771903,0.013462
2.687400,6.843975,0.127078
2.687400,3.859801,-0.092382
2.687400,2.692709,-0.003643
2.687400,2.841546,0.021210
2.687400,9.217062,0.097131
2.687400,3.398872,-0.067562
2.687400,2.685157,-0.001314
2.687400,3.035738,0.039888
2.687400,11.742417,-0.003736
2.687400,3.018639,-0.038367
2.687400,2.685040,0.001426
2.687400,3.412702,0.068459
2.687400,9.117109,-0.098942
2.687400,2.838155,-0.020856
2.687400,2.692801,0.003679
2.687400,3.866657,0.092682
2.687400,6.820399,-0.127223
2.687400,2.771251,-0.013391
2.687400,2.732545,0.008770
2.687400,5.355611,0.126915
2.687400,4.519460,-0.114130
2.687400,2.709933,-0.006042
2.687400,2.789338,0.015539
2.687400,7.496751,0.121705
2.687400,3.694463,-0.084596
2.687400,2.688093,-0.003045
2.687400,2.848949,0.022011
2.687400,9.433879,0.093029
2.687400,3.369677,-0.065642
2.687400,2.684200,-0.001219
2.687400,3.033358,0.039685
2.687400,11.744177,-0.002735
2.687400,3.020842,-0.038572
2.687400,2.684083,0.001297
2.687400,3.378732,0.066246
2.687400,9.365540,-0.094349
2.687400,2.846523,-0.021762
2.687400,2.687981,0.003050
2.687400,3.693280,0.084537
2.687400,7.502055,-0.121651
2.687400,2.789463,-0.015558
2.687400,2.709197,0.005955
2.687400,4.493215,0.113500
2.687400,5.394424,-0.127225
2.687400,2.733565,-0.008896
2.687400,2.769923,0.013237
2.687400,6.770910,0.127515
2.687400,3.881302,-0.093316
2.687400,2.693122,-0.003741
2.687400,2.834853,0.020510
2.687400,9.017894,0.100691
2.687400,3.426715,-0.069358
2.687400,2.684994,-0.001531
2.687400,3.003656,0.037017
2.687400,11.716249,0.010567
2.687400,3.052106,-0.041323
2.687400,2.685308,0.001211
2.687400,3.386969,0.066780
2.687400,9.304675,-0.095502
2.687400,2.844574,-0.021523
2.687400,2.692771,0.003627
2.687400,3.858593,0.092328
2.687400,6.848178,-0.127052
2.687400,2.772045,-0.013472
2.687400,2.733359,0.008857
2.687400,5.384338,0.127146
2.687400,4.499978,-0.113663
2.687400,2.709470,-0.005968
2.687400,2.792001,0.015830
2.687400,7.590883,0.120730
2.687400,3.673940,-0.083547
2.687400,2.687868,-0.002929
2.687400,2.860942,0.023245
2.687400,9.758540,0.086400
2.687400,3.327954,-0.062801
2.687400,2.684597,-0.000873
2.687400,3.086763,0.044305
2.687400,11.591665,-0.024035
2.687400,2.975597,-0.034451
2.687400,2.683700,0.001585
2.687400,3.412931,0.068485
2.687400,9.114878,-0.098984
2.687400,2.837881,-0.020868
2.687400,2.687515,0.003060
2.687400,3.686821,0.084211
2.687400,7.531244,-0.121354
2.687400,2.790187,-0.015659
2.687400,2.706265,0.005610
2.687400,4.388714,0.110821
2.687400,5.560808,-0.128322
2.687400,2.737928,-0.009433
2.687400,2.764297,0.012583
2.687400,6.560420,0.128563
2.687400,3.947517,-0.096083
2.687400,2.694625,-0.004017
2.687400,2.821609,0.019108
2.687400,8.604444,0.107476
2.687400,3.488589,-0.073198
2.687400,2.684962,-0.001973
2.687400,2.943398,0.031410
2.687400,11.306177,0.040614
2.687400,3.135127,-0.048311
2.687400,2.685553,0.000633
2.687400,3.310071,0.061547
2.687400,9.902502,-0.083254
2.687400,2.866653,-0.023810
2.687400,2.690032,0.003141
2.687400,3.741166,0.086904
2.687400,7.294590,-0.123634
2.687400,2.784043,-0.014875
2.687400,2.721468,0.007410
2.687400,4.938382,0.122137
2.687400,4.858786,-0.120890
2.687400,2.719314,-0.007150
2.687400,2.785764,0.015079
2.687400,7.358510,0.123048
2.687400,3.726026,-0.086164
2.687400,2.689622,-0.003084
2.687400,2.867762,0.023926
2.687400,9.930634,0.082623
2.687400,3.306594,-0.061303
2.687400,2.685468,-0.000618
2.687400,3.135810,0.048367
2.687400,11.301451,-0.040833
2.687400,2.942981,-0.031371
2.687400,2.684826,0.001960
2.687400,3.484515,0.072953
2.687400,8.630384,-0.107074
2.687400,2.822395,-0.019196
2.687400,2.693918,0.003928
2.687400,3.922323,0.095050
2.687400,6.638002,-0.128215
2.687400,2.766321,-0.012829
2.687400,2.734988,0.009085
2.687400,5.450792,0.127638
2.687400,4.456395,-0.112588
2.687400,2.708080,-0.005844
2.687400,2.787119,0.015312
2.687400,7.420684,0.122459
2.687400,3.711550,-0.085458
2.687400,2.687999,-0.003174
2.687400,2.830182,0.020060
2.687400,8.881334,0.103023
2.687400,3.446414,-0.070613
2.687400,2.683651,-0.001829
2.687400,2.941949,0.031281
2.687400,11.290078,0.041355
2.687400,3.137421,-0.048504
2.687400,2.684751,0.000522
2.687400,3.281470,0.059519
2.687400,10.136050,-0.077844
2.687400,2.876141,-0.024798
2.687400,2.686563,0.002662
2.687400,3.613569,0.080357
2.687400,7.886990,-0.117367
2.687400,2.800309,-0.016774
2.687400,2.703127,0.005169
2.687400,4.266824,0.107332
2.687400,5.782543,-0.129248
2.687400,2.743884,-0.010126
2.687400,2.761459,0.012223
2.687400,6.449159,0.128983
2.687400,3.985384,-0.097591
2.687400,2.695832,-0.004133
2.687400,2.825004,0.019456
2.687400,8.710815,0.105806
2.687400,3.472107,-0.072192
2.687400,2.685298,-0.001817
2.687400,2.969812,0.033900
2.687400,11.551787,0.026962
2.687400,3.094853,-0.044979
2.687400,2.685815,0.000958
2.687400,3.359794,0.064966
2.687400,9.510047,-0.091526
2.687400,2.851888,-0.022274
2.687400,2.693296,0.003634
2.687400,3.868570,0.092762
2.687400,6.814022,-0.127261
2.687400,2.771233,-0.013355
2.687400,2.737069,0.009283
2.687400,5.520832,0.128090
2.687400,4.412755,-0.111460
2.687400,2.707228,-0.005657
2.687400,2.798850,0.016586
2.687400,7.831708,0.118028
2.687400,3.624421,-0.080938
2.687400,2.687261,-0.002656
2.687400,2.888013,0.025984
2.687400,10.401013,0.071163
2.687400,3.249607,-0.057190
2.687400,2.685463,-0.000208
2.687400,3.192034,0.052831
2.687400,10.876051,-0.057199
2.687400,2.912886,-0.028457
2.687400,2.685580,0.002272
2.687400,3.541443,0.076319
2.687400,8.282696,-0.112208
2.687400,2.811860,-0.018047
2.687400,2.698262,0.004515
2.687400,4.084102,0.101296
2.687400,6.185826,-0.129578
2.687400,2.754484,-0.011400
2.687400,2.750033,0.010869
2.687400,6.016916,0.129636
2.687400,4.155364,-0.103772
2.687400,2.700115,-0.004777
2.687400,2.805786,0.017385
2.687400,8.077191,0.114980
2.687400,3.577800,-0.078386
2.687400,2.685947,-0.002484
2.687400,2.890223,0.026215
2.687400,10.448751,0.069889
2.687400,3.243856,-0.056768
2.687400,2.685005,-0.000221
2.687400,3.182912,0.052125
2.687400,10.948823,-0.054745
2.687400,2.917281,-0.028894
2.687400,2.684495,0.002111
2.687400,3.500474,0.073917
2.687400,8.529388,-0.108623
2.687400,2.819194,-0.018869
2.687400,2.692527,0.003789
2.687400,3.878079,0.093181
2.687400,6.781534,-0.127455
2.687400,2.770028,-0.013289
2.687400,2.728189,0.008284
2.687400,5.198557,0.125442
2.687400,4.633879,-0.116690
2.687400,2.712859,-0.006446
2.687400,2.780466,0.014551
2.687400,7.177720,0.124649
2.687400,3.769715,-0.088286
2.687400,2.689274,-0.003426
2.687400,2.816563,0.018615
2.687400,8.448012,0.109838
2.687400,3.513615,-0.074704
2.687400,2.683834,-0.002282
2.687400,2.883890,0.025598
2.687400,10.314642,0.073413
2.687400,3.259895,-0.057959
2.687400,2.683974,-0.000458
2.687400,3.133577,0.048197
2.687400,11.316292,-0.040145
2.687400,2.944176,-0.031504
2.687400,2.682381,0.001662
2.687400,3.401872,0.067779
2.687400,9.193985,-0.097558
2.687400,2.840359,-0.021167
2.687400,2.682173,0.002410
2.687400,3.504060,0.074150
2.687400,8.506099,-0.108978
2.687400,2.818053,-0.018835
2.687400,2.681146,0.002455
2.687400,3.493334,0.073515
2.687400,8.572763,-0.107969
2.687400,2.819946,-0.019072
2.687400,2.676415,0.001880
2.687400,3.333506,0.063249
2.687400,9.710772,-0.087426
2.687400,2.858119,-0.023155
2.687400,2.661942,-0.000137
2.687400,2.821478,0.019344
2.687400,8.638901,0.106952
2.687400,3.482731,-0.072898
2.687400,2.677999,-0.002752
2.687400,2.728774,0.009047
2.687400,5.332154,0.126743
2.687400,4.534920,-0.114527
2.687400,2.706066,-0.006585
2.687400,2.658119,0.000541
2.687400,2.850561,0.022408
2.687400,9.510609,0.091529
2.687400,3.359116,-0.065001
2.687400,2.675573,-0.002163
2.687400,2.768826,0.013558
2.687400,6.804769,0.127334
2.687400,3.870674,-0.092904
2.687400,2.686994,-0.004385
2.687400,2.653733,0.000154
2.687400,2.727900,0.009132
2.687400,5.330047,0.126731
2.687400,4.536191,-0.114566
2.687400,2.704994,-0.006716
2.687400,2.624433,-0.003578
2.687400,1.754392,-0.150496
