init_r,r,ur
2.700100, 3.459813, 0.071318
2.700100, 8.798312, -0.104370
2.700100, 2.830220, -0.019506
2.700100, 2.760986, 0.011518
2.700100, 6.323044, 0.129318
2.700100, 4.031713, -0.099317
2.700100, 2.703742, -0.003530
2.700100, 3.030180, 0.039251
2.700100, 11.745411, -0.000978
2.700100, 3.025708, -0.038852
2.700100, 2.703930, 0.003584
2.700100, 4.043064, 0.099742
2.700100, 6.292872, -0.129384
2.700100, 2.760189, -0.011423
2.700100, 2.831069, 0.019602
2.700100, 8.825581, 0.103923
2.700100, 3.455732, -0.071064
2.700100, 2.700091, 0.000028
2.700100, 3.463624, 0.071553
2.700100, 8.772990, -0.104782
2.700100, 2.829431, -0.019419
2.700100, 2.761657, 0.011598
2.700100, 6.348577, 0.129256
2.700100, 4.022246, -0.098958
2.700100, 2.703582, -0.003484
2.700100, 3.033821, 0.039575
2.700100, 11.743919, -0.002555
2.700100, 3.022145, -0.038533
2.700100, 2.704072, 0.003627
2.700100, 4.051880, 0.100070
2.700100, 6.269767, -0.129429
2.700100, 2.759577, -0.011350
2.700100, 2.831651, 0.019667
2.700100, 8.844262, 0.103614
2.700100, 3.452951, -0.070891
2.700100, 2.700070, 0.000045
2.700100, 3.465706, 0.071682
2.700100, 8.759220, -0.105005
2.700100, 2.829001, -0.019371
2.700100, 2.761948, 0.011633
2.700100, 6.359711, 0.129227
2.700100, 4.018158, -0.098803
2.700100, 2.703507, -0.003465
2.700100, 3.035192, 0.039697
2.700100, 11.743019, -0.003145
2.700100, 3.020819, -0.038414
2.700100, 2.704109, 0.003641
2.700100, 4.054613, 0.100171
2.700100, 6.262660, -0.129442
2.700100, 2.759385, -0.011329
2.700100, 2.831734, 0.019677
2.700100, 8.847046, 0.103568
2.700100, 3.452536, -0.070866
2.700100, 2.700044, 0.000045
2.700100, 3.465259, 0.071655
2.700100, 8.762157, -0.104958
2.700100, 2.829088, -0.019382
2.700100, 2.761747, 0.011611
2.700100, 6.352285, 0.129247
2.700100, 4.020880, -0.098907
2.700100, 2.703540, -0.003480
2.700100, 3.033758, 0.039570
2.700100, 11.743956, -0.002529
2.700100, 3.022201, -0.038539
2.700100, 2.704024, 0.003621
2.700100, 4.050163, 0.100007
2.700100, 6.274239, -0.129421
2.700100, 2.759686, -0.011365
2.700100, 2.831284, 0.019628
2.700100, 8.832807, 0.103804
2.700100, 3.454651, -0.070998
2.700100, 2.700023, 0.000028
2.700100, 3.462447, 0.071481
2.700100, 8.780763, -0.104656
2.700100, 2.829661, -0.019447
2.700100, 2.761132, 0.011538
2.700100, 6.329112, 0.129304
2.700100, 4.029448, -0.099232
2.700100, 2.703673, -0.003522
2.700100, 3.030094, 0.039244
2.700100, 11.745432, -0.000942
2.700100, 3.025787, -0.038860
2.700100, 2.703853, 0.003575
2.700100, 4.040351, 0.099641
2.700100, 6.300028, -0.129369
2.700100, 2.760365, -0.011447
2.700100, 2.830479, 0.019538
2.700100, 8.807091, 0.104227
2.700100, 3.458491, -0.071236
2.700100, 2.700015, -0.000001
2.700100, 3.458346, 0.071227
2.700100, 8.808058, -0.104211
2.700100, 2.830510, -0.019542
2.700100, 2.760338, 0.011443
2.700100, 6.299009, 0.129371
2.700100, 4.040736, -0.099656
2.700100, 2.703860, -0.003577
2.700100, 3.025640, 0.038847
2.700100, 11.745398, 0.001007
2.700100, 3.030242, -0.039257
2.700100, 2.703667, 0.003520
2.700100, 4.029087, 0.099218
2.700100, 6.330082, -0.129301
2.700100, 2.761158, -0.011541
2.700100, 2.829636, 0.019444
2.700100, 8.779929, 0.104670
2.700100, 3.462573, -0.071489
2.700100, 2.700023, -0.000028
2.700100, 3.454543, 0.070991
2.700100, 8.833532, -0.103792
2.700100, 2.831307, -0.019630
2.700100, 2.759669, 0.011363
2.700100, 6.273564, 0.129422
2.700100, 4.050421, -0.100016
2.700100, 2.704029, -0.003622
2.700100, 3.022112, 0.038531
2.700100, 11.743902, 0.002568
2.700100, 3.033851, -0.039578
2.700100, 2.703537, 0.003479
2.700100, 4.020678, 0.098899
2.700100, 6.352834, -0.129245
2.700100, 2.761762, -0.011612
2.700100, 2.829076, 0.019381
2.700100, 8.761774, 0.104964
2.700100, 3.465317, -0.071658
2.700100, 2.700045, -0.000045
2.700100, 3.452507, 0.070864
2.700100, 8.847245, -0.103565
2.700100, 2.831740, -0.019678
2.700100, 2.759383, 0.011328
2.700100, 6.262590, 0.129443
2.700100, 4.054640, -0.100172
2.700100, 2.704110, -0.003641
2.700100, 3.020820, 0.038414
2.700100, 11.743019, 0.003144
2.700100, 3.035192, -0.039697
2.700100, 2.703507, 0.003465
2.700100, 4.018186, 0.098804
2.700100, 6.359633, -0.129227
2.700100, 2.761946, -0.011633
2.700100, 2.829008, 0.019372
2.700100, 8.759428, 0.105002
2.700100, 3.465674, -0.071680
2.700100, 2.700071, -0.000045
2.700100, 3.453011, 0.070895
2.700100, 8.843859, -0.103621
2.700100, 2.831638, -0.019666
2.700100, 2.759592, 0.011352
2.700100, 6.270329, 0.129428
2.700100, 4.051664, -0.100062
2.700100, 2.704069, -0.003626
2.700100, 3.022235, 0.038541
2.700100, 11.743974, 0.002514
2.700100, 3.033728, -0.039567
2.700100, 2.703586, 0.003485
2.700100, 4.022496, 0.098968
2.700100, 6.347899, -0.129258
2.700100, 2.761640, -0.011596
2.700100, 2.829454, 0.019421
2.700100, 8.773711, 0.104771
2.700100, 3.463515, -0.071547
2.700100, 2.700092, -0.000027
2.700100, 3.455859, 0.071072
2.700100, 8.824734, -0.103937
2.700100, 2.831043, -0.019599
2.700100, 2.760215, 0.011426
2.700100, 6.293851, 0.129382
2.700100, 4.042692, -0.099729
2.700100, 2.703923, -0.003583
2.700100, 3.025856, 0.038865
2.700100, 11.745444, 0.000914
2.700100, 3.030031, -0.039238
2.700100, 2.703748, 0.003531
2.700100, 4.032094, 0.099331
2.700100, 6.322022, -0.129320
2.700100, 2.760959, -0.011514
2.700100, 2.830250, 0.019510
2.700100, 8.799275, 0.104354
2.700100, 3.459668, -0.071309
2.700100, 2.700100, 0.000001
2.700100, 3.459957, 0.071326
2.700100, 8.797351, -0.104386
2.700100, 2.830190, -0.019503
2.700100, 2.761012, 0.011521
2.700100, 6.324060, 0.129316
2.700100, 4.031333, -0.099302
2.700100, 2.703735, -0.003528
2.700100, 3.030328, 0.039264
2.700100, 11.745376, -0.001043
2.700100, 3.025562, -0.038839
2.700100, 2.703936, 0.003586
2.700100, 4.043432, 0.099756
2.700100, 6.291901, -0.129386
2.700100, 2.760163, -0.011420
2.700100, 2.831095, 0.019604
2.700100, 8.826417, 0.103909
2.700100, 3.455608, -0.071057
2.700100, 2.700091, 0.000029
2.700100, 3.463731, 0.071560
2.700100, 8.772283, -0.104794
2.700100, 2.829409, -0.019416
2.700100, 2.761675, 0.011600
2.700100, 6.349238, 0.129254
2.700100, 4.022003, -0.098949
2.700100, 2.703578, -0.003483
2.700100, 3.033911, 0.039583
2.700100, 11.743866, -0.002594
2.700100, 3.022057, -0.038525
2.700100, 2.704076, 0.003628
2.700100, 4.052088, 0.100078
2.700100, 6.269224, -0.129430
2.700100, 2.759562, -0.011349
2.700100, 2.831663, 0.019668
2.700100, 8.844645, 0.103608
2.700100, 3.452894, -0.070888
2.700100, 2.700069, 0.000046
2.700100, 3.465734, 0.071684
2.700100, 8.759032, -0.105008
2.700100, 2.828995, -0.019371
2.700100, 2.761949, 0.011634
2.700100, 6.359767, 0.129227
2.700100, 4.018137, -0.098802
2.700100, 2.703506, -0.003465
2.700100, 3.035189, 0.039697
2.700100, 11.743021, -0.003143
2.700100, 3.020822, -0.038415
2.700100, 2.704108, 0.003641
2.700100, 4.054577, 0.100170
2.700100, 6.262754, -0.129442
2.700100, 2.759387, -0.011329
2.700100, 2.831727, 0.019676
2.700100, 8.846826, 0.103572
2.700100, 3.452569, -0.070868
2.700100, 2.700043, 0.000045
2.700100, 3.465198, 0.071651
2.700100, 8.762559, -0.104952
2.700100, 2.829100, -0.019383
2.700100, 2.761732, 0.011609
2.700100, 6.351717, 0.129248
2.700100, 4.021089, -0.098915
2.700100, 2.703543, -0.003481
2.700100, 3.033664, 0.039562
2.700100, 11.744011, -0.002488
2.700100, 3.022293, -0.038547
2.700100, 2.704019, 0.003620
2.700100, 4.049898, 0.099997
2.700100, 6.274931, -0.129420
2.700100, 2.759705, -0.011368
2.700100, 2.831261, 0.019625
2.700100, 8.832069, 0.103816
2.700100, 3.454761, -0.071005
2.700100, 2.700022, 0.000027
2.700100, 3.462320, 0.071473
2.700100, 8.781607, -0.104643
2.700100, 2.829687, -0.019450
2.700100, 2.761107, 0.011535
2.700100, 6.328133, 0.129306
2.700100, 4.029812, -0.099245
2.700100, 2.703679, -0.003524
2.700100, 3.029945, 0.039231
2.700100, 11.745463, -0.000878
2.700100, 3.025934, -0.038873
2.700100, 2.703847, 0.003573
2.700100, 4.039964, 0.099627
2.700100, 6.301052, -0.129367
2.700100, 2.760392, -0.011450
2.700100, 2.830449, 0.019535
2.700100, 8.806122, 0.104242
2.700100, 3.458636, -0.071245
2.700100, 2.700015, -0.000002
2.700100, 3.458202, 0.071218
2.700100, 8.809023, -0.104195
2.700100, 2.830540, -0.019545
2.700100, 2.760311, 0.011440
2.700100, 6.297995, 0.129373
2.700100, 4.041120, -0.099670
2.700100, 2.703866, -0.003579
2.700100, 3.025495, 0.038834
2.700100, 11.745362, 0.001071
2.700100, 3.030389, -0.039270
2.700100, 2.703662, 0.003519
2.700100, 4.028730, 0.099204
2.700100, 6.331043, -0.129299
2.700100, 2.761184, -0.011544
2.700100, 2.829610, 0.019441
2.700100, 8.779107, 0.104683
2.700100, 3.462697, -0.071497
2.700100, 2.700024, -0.000029
2.700100, 3.454438, 0.070984
2.700100, 8.834242, -0.103780
2.700100, 2.831329, -0.019633
2.700100, 2.759652, 0.011361
2.700100, 6.272906, 0.129424
2.700100, 4.050673, -0.100026
2.700100, 2.704033, -0.003624
2.700100, 3.022026, 0.038523
2.700100, 11.743848, 0.002607
2.700100, 3.033940, -0.039586
2.700100, 2.703535, 0.003478
2.700100, 4.020484, 0.098892
2.700100, 6.353364, -0.129244
2.700100, 2.761776, -0.011614
2.700100, 2.829065, 0.019379
2.700100, 8.761410, 0.104970
2.700100, 3.465372, -0.071662
2.700100, 2.700046, -0.000046
2.700100, 3.452480, 0.070862
2.700100, 8.847424, -0.103562
2.700100, 2.831746, -0.019678
2.700100, 2.759382, 0.011328
2.700100, 6.262541, 0.129443
2.700100, 4.054659, -0.100173
2.700100, 2.704111, -0.003641
2.700100, 3.020823, 0.038415
2.700100, 11.743022, 0.003143
2.700100, 3.035188, -0.039697
2.700100, 2.703508, 0.003466
2.700100, 4.018223, 0.098805
2.700100, 6.359531, -0.129228
2.700100, 2.761943, -0.011633
2.700100, 2.829015, 0.019373
2.700100, 8.759656, 0.104998
2.700100, 3.465640, -0.071678
2.700100, 2.700072, -0.000045
2.700100, 3.453074, 0.070899
2.700100, 8.843437, -0.103628
2.700100, 2.831625, -0.019664
2.700100, 2.759607, 0.011354
2.700100, 6.270910, 0.129427
2.700100, 4.051441, -0.100054
2.700100, 2.704065, -0.003625
2.700100, 3.022328, 0.038550
2.700100, 11.744029, 0.002473
2.700100, 3.033632, -0.039558
2.700100, 2.703591, 0.003487
2.700100, 4.022753, 0.098978
2.700100, 6.347203, -0.129259
2.700100, 2.761621, -0.011594
2.700100, 2.829477, 0.019424
2.700100, 8.774445, 0.104759
2.700100, 3.463405, -0.071540
2.700100, 2.700093, -0.000026
2.700100, 3.455987, 0.071080
2.700100, 8.823878, -0.103951
2.700100, 2.831016, -0.019596
2.700100, 2.760241, 0.011429
2.700100, 6.294839, 0.129380
2.700100, 4.042318, -0.099715
2.700100, 2.703917, -0.003581
2.700100, 3.026004, 0.038879
2.700100, 11.745475, 0.000848
2.700100, 3.029881, -0.039225
2.700100, 2.703754, 0.003533
2.700100, 4.032478, 0.099346
2.700100, 6.320994, -0.129323
2.700100, 2.760932, -0.011511
2.700100, 2.830280, 0.019513
2.700100, 8.800239, 0.104339
2.700100, 3.459524, -0.071300
2.700100, 2.700100, 0.000002
2.700100, 3.460101, 0.071335
2.700100, 8.796394, -0.104401
2.700100, 2.830160, -0.019500
2.700100, 2.761039, 0.011524
2.700100, 6.325070, 0.129313
2.700100, 4.030956, -0.099288
2.700100, 2.703729, -0.003526
2.700100, 3.030475, 0.039278
2.700100, 11.745339, -0.001107
2.700100, 3.025417, -0.038826
2.700100, 2.703942, 0.003588
2.700100, 4.043797, 0.099770
2.700100, 6.290939, -0.129388
2.700100, 2.760138, -0.011417
2.700100, 2.831121, 0.019607
2.700100, 8.827242, 0.103895
2.700100, 3.455485, -0.071049
2.700100, 2.700090, 0.000030
2.700100, 3.463835, 0.071566
2.700100, 8.771591, -0.104805
2.700100, 2.829388, -0.019414
2.700100, 2.761692, 0.011602
2.700100, 6.349882, 0.129253
2.700100, 4.021766, -0.098940
2.700100, 2.703574, -0.003482
2.700100, 3.033999, 0.039591
2.700100, 11.743813, -0.002631
2.700100, 3.021972, -0.038518
2.700100, 2.704079, 0.003629
2.700100, 4.052289, 0.100085
2.700100, 6.268701, -0.129431
2.700100, 2.759548, -0.011347
2.700100, 2.831674, 0.019670
2.700100, 8.845009, 0.103602
2.700100, 3.452840, -0.070885
2.700100, 2.700068, 0.000046
2.700100, 3.465759, 0.071685
2.700100, 8.758865, -0.105011
2.700100, 2.828990, -0.019370
2.700100, 2.761950, 0.011634
2.700100, 6.359801, 0.129227
2.700100, 4.018125, -0.098802
2.700100, 2.703505, -0.003465
2.700100, 3.035183, 0.039696
2.700100, 11.743026, -0.003141
2.700100, 3.020828, -0.038415
2.700100, 2.704107, 0.003641
2.700100, 4.054532, 0.100168
2.700100, 6.262870, -0.129442
2.700100, 2.759390, -0.011329
2.700100, 2.831719, 0.019676
2.700100, 8.846586, 0.103576
2.700100, 3.452604, -0.070870
2.700100, 2.700042, 0.000044
2.700100, 3.465134, 0.071647
2.700100, 8.762980, -0.104945
2.700100, 2.829113, -0.019385
2.700100, 2.761716, 0.011607
2.700100, 6.351129, 0.129250
2.700100, 4.021305, -0.098923
2.700100, 2.703547, -0.003482
2.700100, 3.033566, 0.039553
2.700100, 11.744066, -0.002446
2.700100, 3.022388, -0.038555
2.700100, 2.704015, 0.003619
2.700100, 4.049626, 0.099987
2.700100, 6.275640, -0.129418
2.700100, 2.759723, -0.011370
2.700100, 2.831237, 0.019623
2.700100, 8.831317, 0.103828
2.700100, 3.454873, -0.071012
2.700100, 2.700022, 0.000026
2.700100, 3.462191, 0.071465
2.700100, 8.782462, -0.104629
2.700100, 2.829714, -0.019453
2.700100, 2.761081, 0.011532
2.700100, 6.327147, 0.129308
2.700100, 4.030179, -0.099259
2.700100, 2.703685, -0.003526
2.700100, 3.029795, 0.039218
2.700100, 11.745493, -0.000812
2.700100, 3.026083, -0.038886
2.700100, 2.703840, 0.003571
2.700100, 4.039576, 0.099612
2.700100, 6.302081, -0.129365
2.700100, 2.760419, -0.011453
2.700100, 2.830419, 0.019532
2.700100, 8.805152, 0.104258
2.700100, 3.458781, -0.071254
2.700100, 2.700015, -0.000003
2.700100, 3.458058, 0.071209
2.700100, 8.809985, -0.104179
2.700100, 2.830570, -0.019548
2.700100, 2.760285, 0.011437
2.700100, 6.296988, 0.129376
2.700100, 4.041501, -0.099684
2.700100, 2.703873, -0.003580
2.700100, 3.025351, 0.038821
2.700100, 11.745325, 0.001134
2.700100, 3.030535, -0.039283
2.700100, 2.703656, 0.003517
2.700100, 4.028376, 0.099191
2.700100, 6.331995, -0.129297
2.700100, 2.761209, -0.011547
2.700100, 2.829585, 0.019438
2.700100, 8.778295, 0.104696
2.700100, 3.462819, -0.071504
2.700100, 2.700024, -0.000030
2.700100, 3.454334, 0.070978
2.700100, 8.834938, -0.103769
2.700100, 2.831351, -0.019635
2.700100, 2.759635, 0.011359
2.700100, 6.272267, 0.129425
2.700100, 4.050919, -0.100035
2.700100, 2.704038, -0.003625
2.700100, 3.021942, 0.038515
2.700100, 11.743796, 0.002644
2.700100, 3.034026, -0.039594
2.700100, 2.703532, 0.003477
2.700100, 4.020296, 0.098884
2.700100, 6.353875, -0.129242
2.700100, 2.761790, -0.011615
2.700100, 2.829054, 0.019378
2.700100, 8.761065, 0.104976
2.700100, 3.465425, -0.071665
2.700100, 2.700047, -0.000046
2.700100, 3.452457, 0.070861
2.700100, 8.847581, -0.103559
2.700100, 2.831751, -0.019679
2.700100, 2.759382, 0.011328
2.700100, 6.262516, 0.129443
2.700100, 4.054669, -0.100173
2.700100, 2.704111, -0.003641
2.700100, 3.020830, 0.038415
2.700100, 11.743027, 0.003140
2.700100, 3.035181, -0.039696
2.700100, 2.703509, 0.003466
2.700100, 4.018269, 0.098807
2.700100, 6.359408, -0.129228
2.700100, 2.761940, -0.011632
2.700100, 2.829023, 0.019374
2.700100, 8.759904, 0.104994
2.700100, 3.465602, -0.071675
2.700100, 2.700073, -0.000044
2.700100, 3.453139, 0.070903
2.700100, 8.842996, -0.103635
2.700100, 2.831611, -0.019663
2.700100, 2.759623, 0.011356
2.700100, 6.271510, 0.129426
2.700100, 4.051211, -0.100045
2.700100, 2.704062, -0.003624
2.700100, 3.022424, 0.038558
2.700100, 11.744085, 0.002431
2.700100, 3.033533, -0.039550
2.700100, 2.703595, 0.003488
2.700100, 4.023015, 0.098988
2.700100, 6.346491, -0.129261
2.700100, 2.761603, -0.011591
2.700100, 2.829500, 0.019426
2.700100, 8.775193, 0.104747
2.700100, 3.463292, -0.071533
2.700100, 2.700093, -0.000025
2.700100, 3.456116, 0.071088
2.700100, 8.823012, -0.103965
2.700100, 2.830989, -0.019593
2.700100, 2.760267, 0.011432
2.700100, 6.295834, 0.129378
2.700100, 4.041941, -0.099700
2.700100, 2.703911, -0.003579
2.700100, 3.026154, 0.038892
2.700100, 11.745504, 0.000782
2.700100, 3.029730, -0.039211
2.700100, 2.703761, 0.003535
2.700100, 4.032863, 0.099360
2.700100, 6.319963, -0.129325
2.700100, 2.760904, -0.011508
2.700100, 2.830310, 0.019517
2.700100, 8.801205, 0.104323
2.700100, 3.459379, -0.071291
2.700100, 2.700100, 0.000003
2.700100, 3.460244, 0.071344
2.700100, 8.795439, -0.104417
2.700100, 2.830131, -0.019496
2.700100, 2.761066, 0.011527
2.700100, 6.326074, 0.129311
2.700100, 4.030582, -0.099274
2.700100, 2.703723, -0.003524
2.700100, 3.030621, 0.039291
2.700100, 11.745301, -0.001170
2.700100, 3.025273, -0.038813
2.700100, 2.703947, 0.003590
2.700100, 4.044159, 0.099783
2.700100, 6.289987, -0.129390
2.700100, 2.760113, -0.011414
2.700100, 2.831146, 0.019610
2.700100, 8.828056, 0.103882
2.700100, 3.455363, -0.071041
2.700100, 2.700090, 0.000030
2.700100, 3.463938, 0.071573
2.700100, 8.770913, -0.104816
2.700100, 2.829367, -0.019412
2.700100, 2.761708, 0.011604
2.700100, 6.350507, 0.129251
2.700100, 4.021536, -0.098931
2.700100, 2.703570, -0.003481
2.700100, 3.034084, 0.039599
2.700100, 11.743761, -0.002668
2.700100, 3.021890, -0.038510
2.700100, 2.704082, 0.003630
2.700100, 4.052483, 0.100092
2.700100, 6.268198, -0.129432
2.700100, 2.759535, -0.011346
2.700100, 2.831685, 0.019671
2.700100, 8.845354, 0.103596
2.700100, 3.452789, -0.070881
2.700100, 2.700067, 0.000046
2.700100, 3.465781, 0.071687
2.700100, 8.758717, -0.105014
2.700100, 2.828985, -0.019370
2.700100, 2.761950, 0.011634
2.700100, 6.359813, 0.129227
2.700100, 4.018120, -0.098801
2.700100, 2.703505, -0.003465
2.700100, 3.035173, 0.039695
2.700100, 11.743033, -0.003137
2.700100, 3.020837, -0.038416
2.700100, 2.704106, 0.003641
2.700100, 4.054479, 0.100166
2.700100, 6.263008, -0.129442
2.700100, 2.759394, -0.011330
2.700100, 2.831711, 0.019675
2.700100, 8.846325, 0.103580
2.700100, 3.452643, -0.070872
2.700100, 2.700041, 0.000044
2.700100, 3.465068, 0.071643
2.700100, 8.763420, -0.104938
2.700100, 2.829126, -0.019386
2.700100, 2.761700, 0.011605
2.700100, 6.350523, 0.129251
2.700100, 4.021528, -0.098931
2.700100, 2.703550, -0.003483
2.700100, 3.033466, 0.039544
2.700100, 11.744122, -0.002403
2.700100, 3.022485, -0.038564
2.700100, 2.704010, 0.003617
2.700100, 4.049349, 0.099976
2.700100, 6.276366, -0.129417
2.700100, 2.759742, -0.011372
2.700100, 2.831213, 0.019620
2.700100, 8.830551, 0.103841
2.700100, 3.454987, -0.071019
2.700100, 2.700021, 0.000025
2.700100, 3.462061, 0.071457
2.700100, 8.783326, -0.104615
2.700100, 2.829741, -0.019456
2.700100, 2.761054, 0.011529
2.700100, 6.326153, 0.129311
2.700100, 4.030549, -0.099273
2.700100, 2.703691, -0.003528
2.700100, 3.029644, 0.039204
2.700100, 11.745520, -0.000747
2.700100, 3.026232, -0.038900
2.700100, 2.703834, 0.003569
2.700100, 4.039186, 0.099598
2.700100, 6.303115, -0.129363
2.700100, 2.760446, -0.011456
2.700100, 2.830389, 0.019528
2.700100, 8.804181, 0.104274
2.700100, 3.458927, -0.071263
2.700100, 2.700015, -0.000004
2.700100, 3.457914, 0.071200
2.700100, 8.810945, -0.104163
2.700100, 2.830600, -0.019552
2.700100, 2.760258, 0.011434
2.700100, 6.295987, 0.129378
2.700100, 4.041880, -0.099698
2.700100, 2.703879, -0.003582
2.700100, 3.025208, 0.038808
2.700100, 11.745285, 0.001197
2.700100, 3.030680, -0.039296
2.700100, 2.703651, 0.003515
2.700100, 4.028026, 0.099178
2.700100, 6.332937, -0.129295
2.700100, 2.761234, -0.011550
2.700100, 2.829560, 0.019435
2.700100, 8.777496, 0.104709
2.700100, 3.462940, -0.071512
2.700100, 2.700025, -0.000031
2.700100, 3.454233, 0.070972
2.700100, 8.835619, -0.103757
2.700100, 2.831373, -0.019638
2.700100, 2.759619, 0.011357
2.700100, 6.271645, 0.129426
2.700100, 4.051157, -0.100043
2.700100, 2.704042, -0.003626
2.700100, 3.021861, 0.038508
2.700100, 11.743745, 0.002680
2.700100, 3.034110, -0.039601
2.700100, 2.703529, 0.003476
2.700100, 4.020116, 0.098878
2.700100, 6.354366, -0.129241
2.700100, 2.761803, -0.011617
2.700100, 2.829044, 0.019377
2.700100, 8.760739, 0.104981
2.700100, 3.465474, -0.071668
2.700100, 2.700047, -0.000046
2.700100, 3.452437, 0.070860
2.700100, 8.847718, -0.103557
2.700100, 2.831755, -0.019679
2.700100, 2.759382, 0.011328
2.700100, 6.262513, 0.129443
2.700100, 4.054670, -0.100173
2.700100, 2.704112, -0.003641
2.700100, 3.020841, 0.038416
2.700100, 11.743035, 0.003135
2.700100, 3.035170, -0.039695
2.700100, 2.703511, 0.003466
2.700100, 4.018322, 0.098809
2.700100, 6.359262, -0.129228
2.700100, 2.761936, -0.011632
2.700100, 2.829031, 0.019375
2.700100, 8.760172, 0.104990
2.700100, 3.465562, -0.071673
2.700100, 2.700074, -0.000044
2.700100, 3.453208, 0.070907
2.700100, 8.842536, -0.103643
2.700100, 2.831597, -0.019661
2.700100, 2.759639, 0.011358
2.700100, 6.272129, 0.129425
2.700100, 4.050974, -0.100036
2.700100, 2.704058, -0.003623
2.700100, 3.022522, 0.038567
2.700100, 11.744141, 0.002387
2.700100, 3.033432, -0.039541
2.700100, 2.703600, 0.003489
2.700100, 4.023284, 0.098998
2.700100, 6.345762, -0.129263
2.700100, 2.761584, -0.011589
2.700100, 2.829524, 0.019429
2.700100, 8.775954, 0.104734
2.700100, 3.463177, -0.071526
2.700100, 2.700094, -0.000025
2.700100, 3.456247, 0.071096
2.700100, 8.822137, -0.103979
2.700100, 2.830962, -0.019589
2.700100, 2.760294, 0.011435
2.700100, 6.296837, 0.129376
2.700100, 4.041562, -0.099686
2.700100, 2.703905, -0.003577
2.700100, 3.026304, 0.038905
2.700100, 11.745530, 0.000716
2.700100, 3.029578, -0.039198
2.700100, 2.703767, 0.003537
2.700100, 4.033251, 0.099375
2.700100, 6.318927, -0.129327
2.700100, 2.760877, -0.011505
2.700100, 2.830340, 0.019520
2.700100, 8.802173, 0.104307
2.700100, 3.459234, -0.071282
2.700100, 2.700100, 0.000004
2.700100, 3.460387, 0.071353
2.700100, 8.794489, -0.104433
2.700100, 2.830101, -0.019493
2.700100, 2.761092, 0.011530
2.700100, 6.327071, 0.129308
2.700100, 4.030211, -0.099260
2.700100, 2.703717, -0.003522
2.700100, 3.030766, 0.039303
2.700100, 11.745260, -0.001233
2.700100, 3.025130, -0.038801
2.700100, 2.703953, 0.003591
2.700100, 4.044517, 0.099797
2.700100, 6.289044, -0.129392
2.700100, 2.760088, -0.011411
2.700100, 2.831171, 0.019613
2.700100, 8.828859, 0.103869
2.700100, 3.455244, -0.071034
2.700100, 2.700089, 0.000031
2.700100, 3.464038, 0.071579
2.700100, 8.770250, -0.104827
2.700100, 2.829346, -0.019409
2.700100, 2.761724, 0.011606
2.700100, 6.351114, 0.129250
2.700100, 4.021313, -0.098923
2.700100, 2.703566, -0.003480
2.700100, 3.034166, 0.039606
2.700100, 11.743710, -0.002703
2.700100, 3.021811, -0.038503
2.700100, 2.704085, 0.003631
2.700100, 4.052668, 0.100099
2.700100, 6.267715, -0.129433
2.700100, 2.759522, -0.011344
2.700100, 2.831695, 0.019672
2.700100, 8.845679, 0.103591
2.700100, 3.452740, -0.070878
2.700100, 2.700067, 0.000046
2.700100, 3.465801, 0.071688
2.700100, 8.758591, -0.105016
2.700100, 2.828981, -0.019369
2.700100, 2.761949, 0.011634
2.700100, 6.359801, 0.129227
2.700100, 4.018124, -0.098802
2.700100, 2.703505, -0.003465
2.700100, 3.035160, 0.039694
2.700100, 11.743042, -0.003131
2.700100, 3.020849, -0.038417
2.700100, 2.704105, 0.003640
2.700100, 4.054417, 0.100164
2.700100, 6.263169, -0.129442
2.700100, 2.759398, -0.011330
2.700100, 2.831702, 0.019674
2.700100, 8.846044, 0.103585
2.700100, 3.452685, -0.070875
2.700100, 2.700041, 0.000044
2.700100, 3.464998, 0.071639
2.700100, 8.763878, -0.104930
2.700100, 2.829141, -0.019388
2.700100, 2.761684, 0.011603
2.700100, 6.349900, 0.129253
2.700100, 4.021757, -0.098940
2.700100, 2.703553, -0.003484
2.700100, 3.033363, 0.039535
2.700100, 11.744179, -0.002358
2.700100, 3.022584, -0.038573
2.700100, 2.704004, 0.003616
2.700100, 4.049065, 0.099966
2.700100, 6.277107, -0.129416
2.700100, 2.759762, -0.011374
2.700100, 2.831189, 0.019617
2.700100, 8.829773, 0.103854
2.700100, 3.455103, -0.071026
2.700100, 2.700021, 0.000024
2.700100, 3.461929, 0.071449
2.700100, 8.784199, -0.104600
2.700100, 2.829768, -0.019459
2.700100, 2.761028, 0.011526
2.700100, 6.325152, 0.129313
2.700100, 4.030922, -0.099287
2.700100, 2.703697, -0.003529
2.700100, 3.029492, 0.039191
2.700100, 11.745546, -0.000681
2.700100, 3.026382, -0.038913
2.700100, 2.703827, 0.003567
2.700100, 4.038795, 0.099583
2.700100, 6.304151, -0.129360
2.700100, 2.760473, -0.011460
2.700100, 2.830358, 0.019525
2.700100, 8.803210, 0.104290
2.700100, 3.459073, -0.071272
2.700100, 2.700015, -0.000005
2.700100, 3.457771, 0.071192
2.700100, 8.811900, -0.104148
2.700100, 2.830630, -0.019555
2.700100, 2.760232, 0.011431
2.700100, 6.294994, 0.129380
2.700100, 4.042256, -0.099712
2.700100, 2.703886, -0.003584
2.700100, 3.025067, 0.038795
2.700100, 11.745244, 0.001260
2.700100, 3.030824, -0.039309
2.700100, 2.703645, 0.003514
2.700100, 4.027681, 0.099165
2.700100, 6.333869, -0.129292
2.700100, 2.761258, -0.011553
2.700100, 2.829536, 0.019433
2.700100, 8.776708, 0.104722
2.700100, 3.463059, -0.071519
2.700100, 2.700025, -0.000032
2.700100, 3.454134, 0.070965
2.700100, 8.836285, -0.103746
2.700100, 2.831393, -0.019640
2.700100, 2.759603, 0.011355
2.700100, 6.271042, 0.129427
2.700100, 4.051389, -0.100052
2.700100, 2.704047, -0.003627
2.700100, 3.021783, 0.038501
2.700100, 11.743694, 0.002715
2.700100, 3.034191, -0.039608
2.700100, 2.703527, 0.003475
2.700100, 4.019943, 0.098871
2.700100, 6.354837, -0.129240
2.700100, 2.761815, -0.011618
2.700100, 2.829035, 0.019376
2.700100, 8.760433, 0.104986
2.700100, 3.465520, -0.071671
2.700100, 2.700048, -0.000046
2.700100, 3.452419, 0.070859
2.700100, 8.847834, -0.103555
2.700100, 2.831759, -0.019680
2.700100, 2.759382, 0.011328
2.700100, 6.262533, 0.129443
2.700100, 4.054662, -0.100173
2.700100, 2.704112, -0.003641
2.700100, 3.020854, 0.038418
2.700100, 11.743045, 0.003129
2.700100, 3.035156, -0.039694
2.700100, 2.703512, 0.003466
2.700100, 4.018384, 0.098811
2.700100, 6.359094, -0.129229
2.700100, 2.761932, -0.011631
2.700100, 2.829040, 0.019376
2.700100, 8.760460, 0.104985
2.700100, 3.465518, -0.071670
2.700100, 2.700074, -0.000043
2.700100, 3.453279, 0.070912
2.700100, 8.842059, -0.103651
2.700100, 2.831582, -0.019659
2.700100, 2.759656, 0.011360
2.700100, 6.272766, 0.129424
2.700100, 4.050730, -0.100027
2.700100, 2.704054, -0.003622
2.700100, 3.022623, 0.038576
2.700100, 11.744198, 0.002342
2.700100, 3.033328, -0.039531
2.700100, 2.703605, 0.003490
2.700100, 4.023559, 0.099008
2.700100, 6.345017, -0.129265
2.700100, 2.761564, -0.011587
2.700100, 2.829548, 0.019432
2.700100, 8.776727, 0.104722
2.700100, 3.463060, -0.071518
2.700100, 2.700094, -0.000024
2.700100, 3.456379, 0.071105
2.700100, 8.821253, -0.103994
2.700100, 2.830934, -0.019586
2.700100, 2.760320, 0.011438
2.700100, 6.297846, 0.129374
2.700100, 4.041180, -0.099672
2.700100, 2.703899, -0.003575
2.700100, 3.026455, 0.038919
2.700100, 11.745555, 0.000650
2.700100, 3.029425, -0.039184
2.700100, 2.703774, 0.003539
2.700100, 4.033640, 0.099389
2.700100, 6.317887, -0.129330
2.700100, 2.760850, -0.011501
2.700100, 2.830370, 0.019523
2.700100, 8.803141, 0.104291
2.700100, 3.459088, -0.071273
2.700100, 2.700100, 0.000005
2.700100, 3.460529, 0.071362
2.700100, 8.793542, -0.104448
2.700100, 2.830072, -0.019490
2.700100, 2.761118, 0.011533
2.700100, 6.328060, 0.129306
2.700100, 4.029843, -0.099246
2.700100, 2.703710, -0.003521
2.700100, 3.030909, 0.039316
2.700100, 11.745218, -0.001295
2.700100, 3.024989, -0.038788
2.700100, 2.703959, 0.003593
2.700100, 4.044871, 0.099810
2.700100, 6.288112, -0.129394
2.700100, 2.760063, -0.011408
2.700100, 2.831196, 0.019616
2.700100, 8.829649, 0.103856
2.700100, 3.455126, -0.071027
2.700100, 2.700089, 0.000032
2.700100, 3.464136, 0.071585
2.700100, 8.769602, -0.104837
2.700100, 2.829326, -0.019407
2.700100, 2.761739, 0.011608
2.700100, 6.351702, 0.129248
2.700100, 4.021097, -0.098915
2.700100, 2.703562, -0.003479
2.700100, 3.034245, 0.039613
2.700100, 11.743661, -0.002737
2.700100, 3.021734, -0.038496
2.700100, 2.704087, 0.003632
2.700100, 4.052846, 0.100106
2.700100, 6.267252, -0.129434
2.700100, 2.759510, -0.011343
2.700100, 2.831704, 0.019673
2.700100, 8.845984, 0.103586
2.700100, 3.452695, -0.070876
2.700100, 2.700066, 0.000047
2.700100, 3.465817, 0.071689
2.700100, 8.758484, -0.105017
2.700100, 2.828978, -0.019369
2.700100, 2.761948, 0.011634
2.700100, 6.359768, 0.129227
2.700100, 4.018137, -0.098802
2.700100, 2.703504, -0.003465
2.700100, 3.035144, 0.039693
2.700100, 11.743054, -0.003124
2.700100, 3.020865, -0.038419
2.700100, 2.704103, 0.003640
2.700100, 4.054346, 0.100161
2.700100, 6.263352, -0.129441
2.700100, 2.759403, -0.011331
2.700100, 2.831692, 0.019673
2.700100, 8.845743, 0.103590
2.700100, 3.452729, -0.070878
2.700100, 2.700040, 0.000043
2.700100, 3.464926, 0.071634
2.700100, 8.764354, -0.104922
2.700100, 2.829155, -0.019390
2.700100, 2.761667, 0.011601
2.700100, 6.349258, 0.129254
2.700100, 4.021994, -0.098949
2.700100, 2.703557, -0.003485
2.700100, 3.033258, 0.039526
2.700100, 11.744236, -0.002313
2.700100, 3.022686, -0.038582
2.700100, 2.703999, 0.003615
2.700100, 4.048775, 0.099955
2.700100, 6.277865, -0.129414
2.700100, 2.759782, -0.011377
2.700100, 2.831164, 0.019615
2.700100, 8.828982, 0.103867
2.700100, 3.455221, -0.071033
2.700100, 2.700020, 0.000023
2.700100, 3.461796, 0.071441
2.700100, 8.785081, -0.104586
2.700100, 2.829795, -0.019462
2.700100, 2.761001, 0.011522
2.700100, 6.324145, 0.129315
2.700100, 4.031298, -0.099301
2.700100, 2.703703, -0.003531
2.700100, 3.029340, 0.039177
2.700100, 11.745569, -0.000614
2.700100, 3.026533, -0.038927
2.700100, 2.703820, 0.003566
2.700100, 4.038403, 0.099568
2.700100, 6.305191, -0.129358
2.700100, 2.760501, -0.011463
2.700100, 2.830328, 0.019522
2.700100, 8.802239, 0.104306
2.700100, 3.459218, -0.071281
2.700100, 2.700015, -0.000006
2.700100, 3.457629, 0.071183
2.700100, 8.812852, -0.104132
2.700100, 2.830659, -0.019558
2.700100, 2.760206, 0.011428
2.700100, 6.294007, 0.129382
2.700100, 4.042630, -0.099726
2.700100, 2.703892, -0.003586
2.700100, 3.024927, 0.038783
2.700100, 11.745202, 0.001321
2.700100, 3.030966, -0.039322
2.700100, 2.703640, 0.003512
2.700100, 4.027339, 0.099152
2.700100, 6.334790, -0.129290
2.700100, 2.761283, -0.011556
2.700100, 2.829512, 0.019430
2.700100, 8.775933, 0.104735
2.700100, 3.463176, -0.071526
2.700100, 2.700026, -0.000032
2.700100, 3.454037, 0.070959
2.700100, 8.836935, -0.103736
2.700100, 2.831414, -0.019642
2.700100, 2.759588, 0.011353
2.700100, 6.270458, 0.129428
2.700100, 4.051613, -0.100060
2.700100, 2.704051, -0.003628
2.700100, 3.021707, 0.038494
2.700100, 11.743645, 0.002748
2.700100, 3.034269, -0.039615
2.700100, 2.703525, 0.003474
2.700100, 4.019778, 0.098865
2.700100, 6.355287, -0.129239
2.700100, 2.761827, -0.011620
2.700100, 2.829026, 0.019375
2.700100, 8.760147, 0.104991
2.700100, 3.465564, -0.071673
2.700100, 2.700049, -0.000047
2.700100, 3.452405, 0.070858
2.700100, 8.847929, -0.103554
2.700100, 2.831762, -0.019680
2.700100, 2.759384, 0.011328
2.700100, 6.262576, 0.129443
2.700100, 4.054646, -0.100172
2.700100, 2.704112, -0.003641
2.700100, 3.020871, 0.038419
2.700100, 11.743058, 0.003121
2.700100, 3.035138, -0.039692
2.700100, 2.703513, 0.003466
2.700100, 4.018453, 0.098814
2.700100, 6.358904, -0.129229
2.700100, 2.761927, -0.011631
2.700100, 2.829050, 0.019377
2.700100, 8.760767, 0.104980
2.700100, 3.465472, -0.071667
2.700100, 2.700075, -0.000043
2.700100, 3.453352, 0.070916
2.700100, 8.841563, -0.103659
2.700100, 2.831567, -0.019658
2.700100, 2.759674, 0.011362
2.700100, 6.273421, 0.129423
2.700100, 4.050479, -0.100018
2.700100, 2.704050, -0.003620
2.700100, 3.022726, 0.038585
2.700100, 11.744255, 0.002296
2.700100, 3.033222, -0.039522
2.700100, 2.703609, 0.003492
2.700100, 4.023840, 0.099019
2.700100, 6.344256, -0.129267
2.700100, 2.761544, -0.011584
2.700100, 2.829572, 0.019434
2.700100, 8.777513, 0.104709
2.700100, 3.462942, -0.071511
2.700100, 2.700094, -0.000023
2.700100, 3.456512, 0.071113
2.700100, 8.820361, -0.104009
2.700100, 2.830907, -0.019583
2.700100, 2.760347, 0.011442
2.700100, 6.298861, 0.129371
2.700100, 4.040796, -0.099658
2.700100, 2.703892, -0.003573
2.700100, 3.026607, 0.038933
2.700100, 11.745577, 0.000583
2.700100, 3.029272, -0.039170
2.700100, 2.703780, 0.003541
2.700100, 4.034030, 0.099404
2.700100, 6.316844, -0.129332
2.700100, 2.760822, -0.011498
2.700100, 2.830401, 0.019527
2.700100, 8.804109, 0.104275
2.700100, 3.458943, -0.071264
2.700100, 2.700100, 0.000006
2.700100, 3.460671, 0.071371
2.700100, 8.792600, -0.104463
2.700100, 2.830042, -0.019487
2.700100, 2.761144, 0.011536
2.700100, 6.329041, 0.129304
2.700100, 4.029478, -0.099232
2.700100, 2.703704, -0.003519
2.700100, 3.031051, 0.039329
2.700100, 11.745174, -0.001357
2.700100, 3.024849, -0.038775
2.700100, 2.703965, 0.003595
2.700100, 4.045221, 0.099823
2.700100, 6.287191, -0.129396
2.700100, 2.760039, -0.011405
2.700100, 2.831220, 0.019618
2.700100, 8.830428, 0.103843
2.700100, 3.455010, -0.071019
2.700100, 2.700088, 0.000033
2.700100, 3.464231, 0.071591
2.700100, 8.768970, -0.104848
2.700100, 2.829306, -0.019405
2.700100, 2.761754, 0.011610
2.700100, 6.352272, 0.129247
2.700100, 4.020887, -0.098907
2.700100, 2.703559, -0.003478
2.700100, 3.034321, 0.039620
2.700100, 11.743612, -0.002770
2.700100, 3.021661, -0.038490
2.700100, 2.704090, 0.003633
2.700100, 4.053016, 0.100112
2.700100, 6.266810, -0.129435
2.700100, 2.759498, -0.011341
2.700100, 2.831713, 0.019674
2.700100, 8.846269, 0.103581
2.700100, 3.452653, -0.070873
2.700100, 2.700065, 0.000047
2.700100, 3.465830, 0.071690
2.700100, 8.758399, -0.105019
2.700100, 2.828975, -0.019369
2.700100, 2.761947, 0.011633
2.700100, 6.359712, 0.129227
2.700100, 4.018157, -0.098803
2.700100, 2.703504, -0.003466
2.700100, 3.035124, 0.039691
2.700100, 11.743068, -0.003115
2.700100, 3.020884, -0.038420
2.700100, 2.704101, 0.003640
2.700100, 4.054267, 0.100158
2.700100, 6.263558, -0.129441
2.700100, 2.759408, -0.011331
2.700100, 2.831682, 0.019672
2.700100, 8.845422, 0.103595
2.700100, 3.452777, -0.070881
2.700100, 2.700039, 0.000043
2.700100, 3.464851, 0.071629
2.700100, 8.764848, -0.104914
2.700100, 2.829170, -0.019391
2.700100, 2.761649, 0.011599
2.700100, 6.348598, 0.129256
2.700100, 4.022237, -0.098958
2.700100, 2.703560, -0.003487
2.700100, 3.033151, 0.039516
2.700100, 11.744293, -0.002267
2.700100, 3.022791, -0.038592
2.700100, 2.703994, 0.003613
2.700100, 4.048479, 0.099944
2.700100, 6.278638, -0.129413
2.700100, 2.759802, -0.011379
2.700100, 2.831139, 0.019612
2.700100, 8.828180, 0.103880
2.700100, 3.455340, -0.071041
2.700100, 2.700020, 0.000022
2.700100, 3.461662, 0.071433
2.700100, 8.785972, -0.104572
2.700100, 2.829823, -0.019465
2.700100, 2.760974, 0.011519
2.700100, 6.323131, 0.129318
2.700100, 4.031676, -0.099316
2.700100, 2.703709, -0.003533
2.700100, 3.029187, 0.039163
2.700100, 11.745589, -0.000548
2.700100, 3.026685, -0.038940
2.700100, 2.703814, 0.003564
2.700100, 4.038010, 0.099554
2.700100, 6.306234, -0.129356
2.700100, 2.760528, -0.011466
2.700100, 2.830298, 0.019518
2.700100, 8.801269, 0.104322
2.700100, 3.459364, -0.071290
2.700100, 2.700015, -0.000007
2.700100, 3.457487, 0.071174
2.700100, 8.813799, -0.104117
2.700100, 2.830689, -0.019562
2.700100, 2.760180, 0.011425
2.700100, 6.293029, 0.129384
2.700100, 4.043000, -0.099740
2.700100, 2.703898, -0.003587
2.700100, 3.024788, 0.038770
2.700100, 11.745157, 0.001383
2.700100, 3.031107, -0.039334
2.700100, 2.703634, 0.003510
2.700100, 4.027001, 0.099139
2.700100, 6.335700, -0.129288
2.700100, 2.761307, -0.011559
2.700100, 2.829488, 0.019427
2.700100, 8.775170, 0.104747
2.700100, 3.463291, -0.071533
2.700100, 2.700027, -0.000033
2.700100, 3.453943, 0.070954
2.700100, 8.837569, -0.103725
2.700100, 2.831434, -0.019644
2.700100, 2.759573, 0.011352
2.700100, 6.269892, 0.129429
2.700100, 4.051830, -0.100068
2.700100, 2.704055, -0.003629
2.700100, 3.021635, 0.038488
2.700100, 11.743597, 0.002781
2.700100, 3.034344, -0.039622
2.700100, 2.703522, 0.003473
2.700100, 4.019620, 0.098859
2.700100, 6.355717, -0.129238
2.700100, 2.761839, -0.011621
2.700100, 2.829018, 0.019374
2.700100, 8.759881, 0.104995
2.700100, 3.465604, -0.071676
2.700100, 2.700050, -0.000047
2.700100, 3.452395, 0.070857
2.700100, 8.848003, -0.103552
2.700100, 2.831765, -0.019680
2.700100, 2.759386, 0.011328
2.700100, 6.262641, 0.129442
2.700100, 4.054621, -0.100171
2.700100, 2.704112, -0.003641
2.700100, 3.020891, 0.038421
2.700100, 11.743073, 0.003112
2.700100, 3.035118, -0.039690
2.700100, 2.703515, 0.003467
2.700100, 4.018531, 0.098817
2.700100, 6.358692, -0.129230
2.700100, 2.761922, -0.011630
2.700100, 2.829060, 0.019378
2.700100, 8.761094, 0.104975
2.700100, 3.465422, -0.071664
2.700100, 2.700076, -0.000043
2.700100, 3.453429, 0.070921
2.700100, 8.841049, -0.103667
2.700100, 2.831551, -0.019656
2.700100, 2.759692, 0.011364
2.700100, 6.274093, 0.129421
2.700100, 4.050221, -0.100009
2.700100, 2.704046, -0.003619
2.700100, 3.022832, 0.038595
2.700100, 11.744312, 0.002249
2.700100, 3.033113, -0.039512
2.700100, 2.703614, 0.003493
2.700100, 4.024126, 0.099030
2.700100, 6.343480, -0.129269
2.700100, 2.761524, -0.011582
2.700100, 2.829597, 0.019437
2.700100, 8.778310, 0.104696
2.700100, 3.462822, -0.071504
2.700100, 2.700095, -0.000022
2.700100, 3.456646, 0.071121
2.700100, 8.819461, -0.104023
2.700100, 2.830879, -0.019580
2.700100, 2.760374, 0.011445
2.700100, 6.299882, 0.129369
2.700100, 4.040410, -0.099643
2.700100, 2.703886, -0.003571
2.700100, 3.026760, 0.038946
2.700100, 11.745596, 0.000516
2.700100, 3.029119, -0.039157
2.700100, 2.703787, 0.003543
2.700100, 4.034422, 0.099419
2.700100, 6.315798, -0.129334
2.700100, 2.760795, -0.011495
2.700100, 2.830431, 0.019530
2.700100, 8.805076, 0.104259
2.700100, 3.458798, -0.071255
2.700100, 2.700099, 0.000007
2.700100, 3.460812, 0.071379
2.700100, 8.791663, -0.104479
2.700100, 2.830013, -0.019483
2.700100, 2.761169, 0.011539
2.700100, 6.330014, 0.129302
2.700100, 4.029116, -0.099219
2.700100, 2.703698, -0.003517
2.700100, 3.031192, 0.039341
2.700100, 11.745129, -0.001418
2.700100, 3.024711, -0.038763
2.700100, 2.703971, 0.003596
2.700100, 4.045568, 0.099836
2.700100, 6.286280, -0.129397
2.700100, 2.760015, -0.011402
2.700100, 2.831244, 0.019621
2.700100, 8.831193, 0.103830
2.700100, 3.454896, -0.071012
2.700100, 2.700087, 0.000033
2.700100, 3.464324, 0.071597
2.700100, 8.768354, -0.104858
2.700100, 2.829287, -0.019403
2.700100, 2.761769, 0.011611
2.700100, 6.352822, 0.129245
2.700100, 4.020685, -0.098899
2.700100, 2.703555, -0.003477
2.700100, 3.034394, 0.039626
2.700100, 11.743565, -0.002801
2.700100, 3.021590, -0.038483
2.700100, 2.704092, 0.003634
2.700100, 4.053178, 0.100118
2.700100, 6.266388, -0.129436
2.700100, 2.759487, -0.011340
2.700100, 2.831721, 0.019675
2.700100, 8.846533, 0.103577
2.700100, 3.452614, -0.070870
2.700100, 2.700064, 0.000047
2.700100, 3.465839, 0.071690
2.700100, 8.758333, -0.105020
2.700100, 2.828973, -0.019368
2.700100, 2.761945, 0.011633
2.700100, 6.359633, 0.129227
2.700100, 4.018186, -0.098804
2.700100, 2.703504, -0.003466
2.700100, 3.035101, 0.039689
2.700100, 11.743085, -0.003106
2.700100, 3.020906, -0.038422
2.700100, 2.704100, 0.003639
2.700100, 4.054179, 0.100155
2.700100, 6.263785, -0.129440
2.700100, 2.759414, -0.011332
2.700100, 2.831671, 0.019670
2.700100, 8.845081, 0.103601
2.700100, 3.452828, -0.070884
2.700100, 2.700038, 0.000042
2.700100, 3.464774, 0.071625
2.700100, 8.765360, -0.104906
2.700100, 2.829186, -0.019393
2.700100, 2.761631, 0.011597
2.700100, 6.347921, 0.129258
2.700100, 4.022486, -0.098968
2.700100, 2.703564, -0.003488
2.700100, 3.033041, 0.039506
2.700100, 11.744350, -0.002219
2.700100, 3.022898, -0.038601
2.700100, 2.703989, 0.003612
2.700100, 4.048178, 0.099933
2.700100, 6.279426, -0.129411
2.700100, 2.759822, -0.011382
2.700100, 2.831113, 0.019609
2.700100, 8.827365, 0.103893
2.700100, 3.455462, -0.071048
2.700100, 2.700019, 0.000021
2.700100, 3.461527, 0.071424
2.700100, 8.786871, -0.104557
2.700100, 2.829851, -0.019468
2.700100, 2.760948, 0.011516
2.700100, 6.322112, 0.129320
2.700100, 4.032057, -0.099330
2.700100, 2.703715, -0.003535
2.700100, 3.029034, 0.039150
2.700100, 11.745608, -0.000481
2.700100, 3.026837, -0.038954
2.700100, 2.703807, 0.003562
2.700100, 4.037617, 0.099539
2.700100, 6.307279, -0.129353
2.700100, 2.760556, -0.011469
2.700100, 2.830268, 0.019515
2.700100, 8.800299, 0.104338
2.700100, 3.459509, -0.071299
2.700100, 2.700015, -0.000008
2.700100, 3.457346, 0.071165
2.700100, 8.814741, -0.104101
2.700100, 2.830718, -0.019565
2.700100, 2.760155, 0.011422
2.700100, 6.292059, 0.129386
2.700100, 4.043368, -0.099754
2.700100, 2.703905, -0.003589
2.700100, 3.024651, 0.038758
2.700100, 11.745111, 0.001443
2.700100, 3.031247, -0.039347
2.700100, 2.703629, 0.003509
2.700100, 4.026668, 0.099126
2.700100, 6.336599, -0.129286
2.700100, 2.761331, -0.011562
2.700100, 2.829465, 0.019425
2.700100, 8.774421, 0.104759
2.700100, 3.463404, -0.071540
2.700100, 2.700027, -0.000034
2.700100, 3.453851, 0.070948
2.700100, 8.838188, -0.103715
2.700100, 2.831453, -0.019647
2.700100, 2.759559, 0.011350
2.700100, 6.269346, 0.129430
2.700100, 4.052040, -0.100076
2.700100, 2.704059, -0.003630
2.700100, 3.021566, 0.038482
2.700100, 11.743551, 0.002812
2.700100, 3.034416, -0.039628
2.700100, 2.703520, 0.003473
2.700100, 4.019470, 0.098853
2.700100, 6.356127, -0.129237
2.700100, 2.761850, -0.011622
2.700100, 2.829011, 0.019373
2.700100, 8.759634, 0.104999
2.700100, 3.465641, -0.071678
2.700100, 2.700051, -0.000047
2.700100, 3.452387, 0.070856
2.700100, 8.848056, -0.103551
2.700100, 2.831766, -0.019681
2.700100, 2.759388, 0.011329
2.700100, 6.262729, 0.129442
2.700100, 4.054587, -0.100170
2.700100, 2.704112, -0.003641
2.700100, 3.020915, 0.038423
2.700100, 11.743090, 0.003102
2.700100, 3.035093, -0.039688
2.700100, 2.703517, 0.003467
2.700100, 4.018617, 0.098820
2.700100, 6.358458, -0.129231
2.700100, 2.761916, -0.011629
2.700100, 2.829071, 0.019379
2.700100, 8.761440, 0.104970
2.700100, 3.465370, -0.071661
2.700100, 2.700077, -0.000042
2.700100, 3.453508, 0.070926
2.700100, 8.840517, -0.103676
2.700100, 2.831534, -0.019654
2.700100, 2.759710, 0.011366
2.700100, 6.274783, 0.129420
2.700100, 4.049957, -0.099999
2.700100, 2.704042, -0.003618
2.700100, 3.022940, 0.038605
2.700100, 11.744369, 0.002201
2.700100, 3.033002, -0.039502
2.700100, 2.703619, 0.003495
2.700100, 4.024418, 0.099041
2.700100, 6.342689, -0.129271
2.700100, 2.761503, -0.011579
2.700100, 2.829622, 0.019440
2.700100, 8.779119, 0.104683
2.700100, 3.462700, -0.071496
2.700100, 2.700095, -0.000021
2.700100, 3.456782, 0.071130
2.700100, 8.818553, -0.104038
2.700100, 2.830850, -0.019577
2.700100, 2.760401, 0.011448
2.700100, 6.300908, 0.129367
2.700100, 4.040023, -0.099629
2.700100, 2.703880, -0.003570
2.700100, 3.026913, 0.038960
2.700100, 11.745614, 0.000449
2.700100, 3.028964, -0.039143
2.700100, 2.703793, 0.003544
2.700100, 4.034815, 0.099433
2.700100, 6.314750, -0.129337
2.700100, 2.760767, -0.011491
2.700100, 2.830461, 0.019533
2.700100, 8.806043, 0.104244
2.700100, 3.458653, -0.071246
2.700100, 2.700099, 0.000008
2.700100, 3.460952, 0.071388
2.700100, 8.790732, -0.104494
2.700100, 2.829984, -0.019480
2.700100, 2.761195, 0.011543
2.700100, 6.330977, 0.129299
2.700100, 4.028758, -0.099205
2.700100, 2.703692, -0.003515
2.700100, 3.031331, 0.039354
2.700100, 11.745082, -0.001478
2.700100, 3.024574, -0.038751
2.700100, 2.703976, 0.003598
2.700100, 4.045910, 0.099848
2.700100, 6.285382, -0.129399
2.700100, 2.759991, -0.011399
2.700100, 2.831268, 0.019624
2.700100, 8.831946, 0.103818
2.700100, 3.454784, -0.071005
2.700100, 2.700087, 0.000034
2.700100, 3.464415, 0.071602
2.700100, 8.767754, -0.104867
2.700100, 2.829268, -0.019401
2.700100, 2.761783, 0.011613
2.700100, 6.353353, 0.129244
2.700100, 4.020490, -0.098892
2.700100, 2.703552, -0.003476
2.700100, 3.034464, 0.039632
2.700100, 11.743520, -0.002832
2.700100, 3.021522, -0.038477
2.700100, 2.704095, 0.003634
2.700100, 4.053333, 0.100124
2.700100, 6.265988, -0.129436
2.700100, 2.759476, -0.011339
2.700100, 2.831728, 0.019676
2.700100, 8.846778, 0.103573
2.700100, 3.452577, -0.070868
2.700100, 2.700063, 0.000047
2.700100, 3.465846, 0.071691
2.700100, 8.758289, -0.105021
2.700100, 2.828971, -0.019368
2.700100, 2.761942, 0.011633
2.700100, 6.359532, 0.129228
2.700100, 4.018223, -0.098805
2.700100, 2.703505, -0.003466
2.700100, 3.035074, 0.039687
2.700100, 11.743104, -0.003094
2.700100, 3.020932, -0.038425
2.700100, 2.704098, 0.003639
2.700100, 4.054083, 0.100152
2.700100, 6.264035, -0.129440
2.700100, 2.759420, -0.011333
2.700100, 2.831660, 0.019669
2.700100, 8.844720, 0.103607
2.700100, 3.452881, -0.070887
2.700100, 2.700037, 0.000042
2.700100, 3.464694, 0.071620
2.700100, 8.765890, -0.104898
2.700100, 2.829202, -0.019395
2.700100, 2.761613, 0.011595
2.700100, 6.347227, 0.129259
2.700100, 4.022741, -0.098977
2.700100, 2.703568, -0.003489
2.700100, 3.032928, 0.039496
2.700100, 11.744407, -0.002171
2.700100, 3.023007, -0.038611
2.700100, 2.703983, 0.003610
2.700100, 4.047871, 0.099922
2.700100, 6.280229, -0.129409
2.700100, 2.759844, -0.011384
2.700100, 2.831087, 0.019606
2.700100, 8.826540, 0.103907
2.700100, 3.455585, -0.071056
2.700100, 2.700019, 0.000021
2.700100, 3.461390, 0.071416
2.700100, 8.787778, -0.104542
2.700100, 2.829879, -0.019471
2.700100, 2.760920, 0.011513
2.700100, 6.321088, 0.129323
2.700100, 4.032439, -0.099344
2.700100, 2.703721, -0.003537
2.700100, 3.028880, 0.039136
2.700100, 11.745624, -0.000414
2.700100, 3.026990, -0.038967
2.700100, 2.703800, 0.003560
2.700100, 4.037223, 0.099524
2.700100, 6.308326, -0.129351
2.700100, 2.760583, -0.011473
2.700100, 2.830238, 0.019511
2.700100, 8.799331, 0.104354
2.700100, 3.459654, -0.071308
2.700100, 2.700015, -0.000009
2.700100, 3.457206, 0.071157
2.700100, 8.815678, -0.104086
2.700100, 2.830748, -0.019568
2.700100, 2.760130, 0.011419
2.700100, 6.291098, 0.129388
2.700100, 4.043733, -0.099768
2.700100, 2.703911, -0.003591
2.700100, 3.024516, 0.038746
2.700100, 11.745064, 0.001503
2.700100, 3.031385, -0.039359
2.700100, 2.703624, 0.003507
2.700100, 4.026340, 0.099114
2.700100, 6.337486, -0.129284
2.700100, 2.761354, -0.011564
2.700100, 2.829443, 0.019422
2.700100, 8.773685, 0.104771
2.700100, 3.463515, -0.071547
2.700100, 2.700028, -0.000035
2.700100, 3.453762, 0.070942
2.700100, 8.838789, -0.103705
2.700100, 2.831472, -0.019649
2.700100, 2.759545, 0.011348
2.700100, 6.268819, 0.129431
2.700100, 4.052242, -0.100084
2.700100, 2.704062, -0.003631
2.700100, 3.021499, 0.038476
2.700100, 11.743506, 0.002841
2.700100, 3.034485, -0.039634
2.700100, 2.703518, 0.003472
2.700100, 4.019328, 0.098848
2.700100, 6.356516, -0.129236
2.700100, 2.761860, -0.011624
2.700100, 2.829004, 0.019372
2.700100, 8.759408, 0.105002
2.700100, 3.465676, -0.071680
2.700100, 2.700052, -0.000047
2.700100, 3.452382, 0.070856
2.700100, 8.848088, -0.103551
2.700100, 2.831768, -0.019681
2.700100, 2.759391, 0.011329
2.700100, 6.262839, 0.129442
2.700100, 4.054544, -0.100169
2.700100, 2.704111, -0.003641
2.700100, 3.020941, 0.038425
2.700100, 11.743110, 0.003090
2.700100, 3.035066, -0.039686
2.700100, 2.703519, 0.003468
2.700100, 4.018711, 0.098824
2.700100, 6.358202, -0.129231
2.700100, 2.761909, -0.011628
2.700100, 2.829083, 0.019380
2.700100, 8.761805, 0.104964
2.700100, 3.465314, -0.071658
2.700100, 2.700078, -0.000042
2.700100, 3.453590, 0.070931
2.700100, 8.839968, -0.103685
2.700100, 2.831517, -0.019652
2.700100, 2.759729, 0.011368
2.700100, 6.275490, 0.129419
2.700100, 4.049686, -0.099989
2.700100, 2.704037, -0.003616
2.700100, 3.023051, 0.038614
2.700100, 11.744427, 0.002152
2.700100, 3.032888, -0.039492
2.700100, 2.703624, 0.003496
2.700100, 4.024716, 0.099052
2.700100, 6.341883, -0.129273
2.700100, 2.761482, -0.011577
2.700100, 2.829648, 0.019443
2.700100, 8.779940, 0.104670
2.700100, 3.462576, -0.071489
2.700100, 2.700096, -0.000020
2.700100, 3.456918, 0.071138
2.700100, 8.817638, -0.104053
2.700100, 2.830822, -0.019574
2.700100, 2.760429, 0.011451
2.700100, 6.301939, 0.129365
2.700100, 4.039633, -0.099614
2.700100, 2.703873, -0.003568
2.700100, 3.027067, 0.038974
2.700100, 11.745629, 0.000381
2.700100, 3.028810, -0.039129
2.700100, 2.703800, 0.003546
2.700100, 4.035208, 0.099448
2.700100, 6.313701, -0.129339
2.700100, 2.760739, -0.011488
2.700100, 2.830491, 0.019537
2.700100, 8.807009, 0.104228
2.700100, 3.458509, -0.071237
2.700100, 2.700099, 0.000009
2.700100, 3.461091, 0.071397
2.700100, 8.789806, -0.104509
2.700100, 2.829955, -0.019477
2.700100, 2.761220, 0.011546
2.700100, 6.331932, 0.129297
2.700100, 4.028403, -0.099192
2.700100, 2.703686, -0.003514
2.700100, 3.031469, 0.039366
2.700100, 11.745034, -0.001538
2.700100, 3.024439, -0.038739
2.700100, 2.703982, 0.003600
2.700100, 4.046247, 0.099861
2.700100, 6.284496, -0.129401
2.700100, 2.759967, -0.011396
2.700100, 2.831291, 0.019626
2.700100, 8.832685, 0.103806
2.700100, 3.454673, -0.070999
2.700100, 2.700086, 0.000035
2.700100, 3.464503, 0.071608
2.700100, 8.767170, -0.104877
2.700100, 2.829250, -0.019399
2.700100, 2.761796, 0.011615
2.700100, 6.353865, 0.129242
2.700100, 4.020302, -0.098885
2.700100, 2.703548, -0.003475
2.700100, 3.034531, 0.039638
2.700100, 11.743476, -0.002860
2.700100, 3.021458, -0.038472
2.700100, 2.704097, 0.003635
2.700100, 4.053479, 0.100129
2.700100, 6.265608, -0.129437
2.700100, 2.759466, -0.011337
2.700100, 2.831735, 0.019677
2.700100, 8.847002, 0.103569
2.700100, 3.452544, -0.070866
2.700100, 2.700062, 0.000047
2.700100, 3.465850, 0.071691
2.700100, 8.758265, -0.105021
2.700100, 2.828970, -0.019368
2.700100, 2.761938, 0.011633
2.700100, 6.359409, 0.129228
2.700100, 4.018268, -0.098807
2.700100, 2.703505, -0.003466
2.700100, 3.035044, 0.039684
2.700100, 11.743125, -0.003081
2.700100, 3.020961, -0.038427
2.700100, 2.704095, 0.003639
2.700100, 4.053978, 0.100148
2.700100, 6.264307, -0.129439
2.700100, 2.759427, -0.011334
2.700100, 2.831648, 0.019668
2.700100, 8.844340, 0.103613
2.700100, 3.452937, -0.070891
2.700100, 2.700036, 0.000041
2.700100, 3.464611, 0.071615
2.700100, 8.766436, -0.104889
2.700100, 2.829219, -0.019397
2.700100, 2.761594, 0.011593
2.700100, 6.346516, 0.129261
2.700100, 4.023003, -0.098987
2.700100, 2.703572, -0.003490
2.700100, 3.032814, 0.039486
2.700100, 11.744464, -0.002121
2.700100, 3.023119, -0.038621
2.700100, 2.703978, 0.003609
2.700100, 4.047559, 0.099910
2.700100, 6.281047, -0.129408
2.700100, 2.759865, -0.011387
2.700100, 2.831061, 0.019603
2.700100, 8.825703, 0.103921
2.700100, 3.455710, -0.071064
2.700100, 2.700019, 0.000020
2.700100, 3.461253, 0.071407
2.700100, 8.788692, -0.104527
2.700100, 2.829907, -0.019474
2.700100, 2.760893, 0.011510
2.700100, 6.320059, 0.129325
2.700100, 4.032824, -0.099359
2.700100, 2.703728, -0.003539
2.700100, 3.028726, 0.039122
2.700100, 11.745638, -0.000346
2.700100, 3.027144, -0.038981
2.700100, 2.703794, 0.003558
2.700100, 4.036829, 0.099509
2.700100, 6.309374, -0.129349
2.700100, 2.760611, -0.011476
2.700100, 2.830208, 0.019508
2.700100, 8.798365, 0.104369
2.700100, 3.459799, -0.071317
2.700100, 2.700016, -0.000010
2.700100, 3.457067, 0.071148
2.700100, 8.816609, -0.104070
2.700100, 2.830777, -0.019571
2.700100, 2.760104, 0.011416
2.700100, 6.290147, 0.129390
2.700100, 4.044094, -0.099781
2.700100, 2.703917, -0.003593
2.700100, 3.024382, 0.038734
2.700100, 11.745016, 0.001562
2.700100, 3.031521, -0.039371
2.700100, 2.703619, 0.003505
2.700100, 4.026016, 0.099102
2.700100, 6.338361, -0.129281
2.700100, 2.761377, -0.011567
2.700100, 2.829420, 0.019420
2.700100, 8.772963, 0.104783
2.700100, 3.463624, -0.071554
2.700100, 2.700029, -0.000035
2.700100, 3.453675, 0.070937
2.700100, 8.839374, -0.103695
2.700100, 2.831491, -0.019651
2.700100, 2.759532, 0.011347
2.700100, 6.268312, 0.129432
2.700100, 4.052437, -0.100091
2.700100, 2.704066, -0.003632
2.700100, 3.021435, 0.038470
2.700100, 11.743463, 0.002870
2.700100, 3.034551, -0.039640
2.700100, 2.703517, 0.003471
2.700100, 4.019193, 0.098842
2.700100, 6.356883, -0.129235
2.700100, 2.761870, -0.011625
2.700100, 2.828998, 0.019372
2.700100, 8.759202, 0.105006
2.700100, 3.465707, -0.071682
2.700100, 2.700053, -0.000047
2.700100, 3.452381, 0.070856
2.700100, 8.848098, -0.103551
2.700100, 2.831768, -0.019681
2.700100, 2.759395, 0.011329
2.700100, 6.262972, 0.129442
2.700100, 4.054493, -0.100167
2.700100, 2.704111, -0.003640
2.700100, 3.020971, 0.038428
2.700100, 11.743132, 0.003077
2.700100, 3.035035, -0.039683
2.700100, 2.703521, 0.003468
2.700100, 4.018813, 0.098828
2.700100, 6.357924, -0.129232
2.700100, 2.761902, -0.011628
2.700100, 2.829095, 0.019382
2.700100, 8.762190, 0.104957
2.700100, 3.465256, -0.071654
2.700100, 2.700079, -0.000041
2.700100, 3.453674, 0.070936
2.700100, 8.839401, -0.103695
2.700100, 2.831500, -0.019650
2.700100, 2.759748, 0.011371
2.700100, 6.276214, 0.129417
2.700100, 4.049409, -0.099978
2.700100, 2.704033, -0.003615
2.700100, 3.023164, 0.038625
2.700100, 11.744484, 0.002102
2.700100, 3.032772, -0.039482
2.700100, 2.703629, 0.003497
2.700100, 4.025019, 0.099064
2.700100, 6.341062, -0.129275
2.700100, 2.761460, -0.011574
2.700100, 2.829674, 0.019446
2.700100, 8.780771, 0.104656
2.700100, 3.462451, -0.071481
2.700100, 2.700096, -0.000019
2.700100, 3.457056, 0.071147
2.700100, 8.816717, -0.104069
2.700100, 2.830793, -0.019571
2.700100, 2.760456, 0.011454
2.700100, 6.302975, 0.129363
2.700100, 4.039243, -0.099600
2.700100, 2.703867, -0.003566
2.700100, 3.027221, 0.038987
2.700100, 11.745641, 0.000314
2.700100, 3.028655, -0.039115
2.700100, 2.703806, 0.003548
2.700100, 4.035602, 0.099463
2.700100, 6.312650, -0.129342
2.700100, 2.760712, -0.011485
2.700100, 2.830521, 0.019540
2.700100, 8.807973, 0.104212
2.700100, 3.458364, -0.071228
2.700100, 2.700099, 0.000010
2.700100, 3.461229, 0.071405
2.700100, 8.788887, -0.104524
2.700100, 2.829927, -0.019474
2.700100, 2.761245, 0.011548
2.700100, 6.332877, 0.129295
2.700100, 4.028052, -0.099179
2.700100, 2.703680, -0.003512
2.700100, 3.031605, 0.039378
2.700100, 11.744984, -0.001597
2.700100, 3.024306, -0.038727
2.700100, 2.703987, 0.003601
2.700100, 4.046580, 0.099873
2.700100, 6.283622, -0.129403
2.700100, 2.759944, -0.011394
2.700100, 2.831313, 0.019629
2.700100, 8.833410, 0.103794
2.700100, 3.454565, -0.070992
2.700100, 2.700085, 0.000036
2.700100, 3.464589, 0.071613
2.700100, 8.766602, -0.104886
2.700100, 2.829232, -0.019397
2.700100, 2.761809, 0.011616
2.700100, 6.354356, 0.129241
2.700100, 4.020121, -0.098878
2.700100, 2.703545, -0.003474
2.700100, 3.034595, 0.039644
2.700100, 11.743434, -0.002888
2.700100, 3.021396, -0.038466
2.700100, 2.704099, 0.003636
2.700100, 4.053616, 0.100134
2.700100, 6.265250, -0.129438
2.700100, 2.759456, -0.011336
2.700100, 2.831742, 0.019677
2.700100, 8.847205, 0.103566
2.700100, 3.452514, -0.070864
2.700100, 2.700061, 0.000047
2.700100, 3.465850, 0.071691
2.700100, 8.758262, -0.105021
2.700100, 2.828970, -0.019368
2.700100, 2.761934, 0.011632
2.700100, 6.359264, 0.129228
2.700100, 4.018321, -0.098809
2.700100, 2.703506, -0.003466
2.700100, 3.035011, 0.039681
2.700100, 11.743148, -0.003067
2.700100, 3.020992, -0.038430
2.700100, 2.704093, 0.003638
2.700100, 4.053865, 0.100144
2.700100, 6.264600, -0.129439
2.700100, 2.759435, -0.011335
2.700100, 2.831635, 0.019666
2.700100, 8.843940, 0.103620
2.700100, 3.452997, -0.070895
2.700100, 2.700036, 0.000041
2.700100, 3.464526, 0.071609
2.700100, 8.767000, -0.104880
2.700100, 2.829237, -0.019399
2.700100, 2.761575, 0.011590
2.700100, 6.345789, 0.129263
2.700100, 4.023271, -0.098998
2.700100, 2.703576, -0.003492
2.700100, 3.032697, 0.039476
2.700100, 11.744520, -0.002071
2.700100, 3.023233, -0.038631
2.700100, 2.703972, 0.003608
2.700100, 4.047242, 0.099898
2.700100, 6.281878, -0.129406
2.700100, 2.759887, -0.011390
2.700100, 2.831035, 0.019600
2.700100, 8.824856, 0.103935
2.700100, 3.455836, -0.071071
2.700100, 2.700018, 0.000019
2.700100, 3.461114, 0.071399
2.700100, 8.789613, -0.104512
2.700100, 2.829936, -0.019478
2.700100, 2.760866, 0.011506
2.700100, 6.319026, 0.129327
2.700100, 4.033210, -0.099373
2.700100, 2.703734, -0.003541
2.700100, 3.028571, 0.039108
2.700100, 11.745649, -0.000279
2.700100, 3.027297, -0.038995
2.700100, 2.703787, 0.003556
2.700100, 4.036435, 0.099495
2.700100, 6.310423, -0.129347
2.700100, 2.760639, -0.011479
2.700100, 2.830178, 0.019505
2.700100, 8.797401, 0.104385
2.700100, 3.459944, -0.071326
2.700100, 2.700016, -0.000011
2.700100, 3.456929, 0.071139
2.700100, 8.817534, -0.104055
2.700100, 2.830806, -0.019575
2.700100, 2.760080, 0.011413
2.700100, 6.289205, 0.129392
2.700100, 4.044452, -0.099794
2.700100, 2.703923, -0.003594
2.700100, 3.024249, 0.038722
2.700100, 11.744966, 0.001621
2.700100, 3.031656, -0.039383
2.700100, 2.703614, 0.003504
2.700100, 4.025697, 0.099090
2.700100, 6.339223, -0.129279
2.700100, 2.761400, -0.011570
2.700100, 2.829398, 0.019417
2.700100, 8.772255, 0.104794
2.700100, 3.463731, -0.071560
2.700100, 2.700029, -0.000036
2.700100, 3.453590, 0.070932
2.700100, 8.839942, -0.103686
2.700100, 2.831509, -0.019653
2.700100, 2.759519, 0.011345
2.700100, 6.267825, 0.129433
2.700100, 4.052624, -0.100098
2.700100, 2.704069, -0.003633
2.700100, 3.021375, 0.038464
2.700100, 11.743421, 0.002897
2.700100, 3.034614, -0.039646
2.700100, 2.703515, 0.003470
2.700100, 4.019066, 0.098838
2.700100, 6.357230, -0.129234
2.700100, 2.761879, -0.011626
2.700100, 2.828992, 0.019371
2.700100, 8.759016, 0.105009
2.700100, 3.465735, -0.071684
2.700100, 2.700054, -0.000047
2.700100, 3.452382, 0.070856
2.700100, 8.848088, -0.103551
2.700100, 2.831768, -0.019681
2.700100, 2.759399, 0.011330
2.700100, 6.263128, 0.129442
2.700100, 4.054433, -0.100164
2.700100, 2.704110, -0.003640
2.700100, 3.021004, 0.038431
2.700100, 11.743156, 0.003062
2.700100, 3.035001, -0.039680
2.700100, 2.703523, 0.003469
2.700100, 4.018922, 0.098832
2.700100, 6.357624, -0.129233
2.700100, 2.761894, -0.011627
2.700100, 2.829107, 0.019383
2.700100, 8.762593, 0.104951
2.700100, 3.465195, -0.071650
2.700100, 2.700079, -0.000041
2.700100, 3.453761, 0.070942
2.700100, 8.838818, -0.103704
2.700100, 2.831482, -0.019648
2.700100, 2.759767, 0.011373
2.700100, 6.276954, 0.129416
2.700100, 4.049126, -0.099968
2.700100, 2.704028, -0.003614
2.700100, 3.023279, 0.038635
2.700100, 11.744540, 0.002051
2.700100, 3.032654, -0.039471
2.700100, 2.703635, 0.003499
2.700100, 4.025328, 0.099075
2.700100, 6.340227, -0.129277
2.700100, 2.761438, -0.011572
2.700100, 2.829700, 0.019449
2.700100, 8.781612, 0.104642
2.700100, 3.462324, -0.071473
2.700100, 2.700096, -0.000018
2.700100, 3.457195, 0.071155
2.700100, 8.815789, -0.104084
2.700100, 2.830764, -0.019567
2.700100, 2.760483, 0.011458
2.700100, 6.304014, 0.129360
2.700100, 4.038851, -0.099585
2.700100, 2.703860, -0.003564
2.700100, 3.027376, 0.039001
2.700100, 11.745651, 0.000246
2.700100, 3.028500, -0.039102
2.700100, 2.703813, 0.003550
2.700100, 4.035997, 0.099478
2.700100, 6.311598, -0.129344
2.700100, 2.760684, -0.011482
2.700100, 2.830551, 0.019543
2.700100, 8.808935, 0.104196
2.700100, 3.458220, -0.071219
2.700100, 2.700099, 0.000011
2.700100, 3.461366, 0.071414
2.700100, 8.787975, -0.104539
2.700100, 2.829898, -0.019471
2.700100, 2.761269, 0.011551
2.700100, 6.333811, 0.129292
2.700100, 4.027705, -0.099165
2.700100, 2.703675, -0.003510
2.700100, 3.031739, 0.039390
2.700100, 11.744934, -0.001655
2.700100, 3.024174, -0.038715
2.700100, 2.703992, 0.003603
2.700100, 4.046908, 0.099886
2.700100, 6.282761, -0.129404
2.700100, 2.759921, -0.011391
2.700100, 2.831335, 0.019631
2.700100, 8.834122, 0.103782
2.700100, 3.454460, -0.070985
2.700100, 2.700085, 0.000036
2.700100, 3.464672, 0.071618
2.700100, 8.766052, -0.104895
2.700100, 2.829215, -0.019395
2.700100, 2.761821, 0.011618
2.700100, 6.354828, 0.129240
2.700100, 4.019948, -0.098871
2.700100, 2.703542, -0.003473
2.700100, 3.034656, 0.039649
2.700100, 11.743393, -0.002914
2.700100, 3.021337, -0.038461
2.700100, 2.704101, 0.003636
2.700100, 4.053746, 0.100139
2.700100, 6.264913, -0.129438
2.700100, 2.759447, -0.011335
2.700100, 2.831747, 0.019678
2.700100, 8.847388, 0.103563
2.700100, 3.452486, -0.070863
2.700100, 2.700060, 0.000047
2.700100, 3.465847, 0.071691
2.700100, 8.758279, -0.105021
2.700100, 2.828971, -0.019368
2.700100, 2.761930, 0.011632
2.700100, 6.359096, 0.129229
2.700100, 4.018382, -0.098811
2.700100, 2.703506, -0.003467
2.700100, 3.034975, 0.039678
2.700100, 11.743174, -0.003051
2.700100, 3.021028, -0.038433
2.700100, 2.704091, 0.003638
2.700100, 4.053744, 0.100139
2.700100, 6.264915, -0.129438
2.700100, 2.759443, -0.011336
2.700100, 2.831622, 0.019665
2.700100, 8.843521, 0.103627
2.700100, 3.453059, -0.070898
2.700100, 2.700035, 0.000040
2.700100, 3.464438, 0.071604
2.700100, 8.767581, -0.104870
2.700100, 2.829254, -0.019401
2.700100, 2.761555, 0.011588
2.700100, 6.345046, 0.129265
2.700100, 4.023546, -0.099008
2.700100, 2.703580, -0.003493
2.700100, 3.032577, 0.039465
2.700100, 11.744577, -0.002019
2.700100, 3.023349, -0.038642
2.700100, 2.703966, 0.003606
2.700100, 4.046920, 0.099886
2.700100, 6.282723, -0.129405
2.700100, 2.759909, -0.011392
2.700100, 2.831008, 0.019597
2.700100, 8.823998, 0.103949
2.700100, 3.455964, -0.071079
2.700100, 2.700018, 0.000018
2.700100, 3.460975, 0.071390
2.700100, 8.790541, -0.104497
2.700100, 2.829965, -0.019481
2.700100, 2.760839, 0.011503
2.700100, 6.317989, 0.129330
2.700100, 4.033598, -0.099388
2.700100, 2.703740, -0.003542
2.700100, 3.028417, 0.039095
2.700100, 11.745658, -0.000211
2.700100, 3.027452, -0.039009
2.700100, 2.703781, 0.003554
2.700100, 4.036041, 0.099480
2.700100, 6.311473, -0.129344
2.700100, 2.760666, -0.011483
2.700100, 2.830148, 0.019501
2.700100, 8.796440, 0.104401
2.700100, 3.460088, -0.071335
2.700100, 2.700016, -0.000012
2.700100, 3.456792, 0.071131
2.700100, 8.818452, -0.104040
2.700100, 2.830834, -0.019578
2.700100, 2.760055, 0.011410
2.700100, 6.288274, 0.129393
2.700100, 4.044806, -0.099808
2.700100, 2.703930, -0.003596
2.700100, 3.024119, 0.038711
2.700100, 11.744915, 0.001678
2.700100, 3.031789, -0.039395
2.700100, 2.703609, 0.003502
2.700100, 4.025383, 0.099078
2.700100, 6.340072, -0.129277
2.700100, 2.761423, -0.011572
2.700100, 2.829377, 0.019415
2.700100, 8.771561, 0.104806
2.700100, 3.463836, -0.071567
2.700100, 2.700030, -0.000037
2.700100, 3.453508, 0.070926
2.700100, 8.840493, -0.103677
2.700100, 2.831526, -0.019655
2.700100, 2.759507, 0.011344
2.700100, 6.267358, 0.129434
2.700100, 4.052804, -0.100104
2.700100, 2.704073, -0.003633
2.700100, 3.021317, 0.038459
2.700100, 11.743381, 0.002922
2.700100, 3.034674, -0.039651
2.700100, 2.703513, 0.003470
2.700100, 4.018946, 0.098833
2.700100, 6.357556, -0.129233
2.700100, 2.761888, -0.011627
2.700100, 2.828987, 0.019370
2.700100, 8.758850, 0.105011
2.700100, 3.465760, -0.071685
2.700100, 2.700055, -0.000047
2.700100, 3.452387, 0.070856
2.700100, 8.848057, -0.103551
2.700100, 2.831767, -0.019681
2.700100, 2.759404, 0.011330
2.700100, 6.263305, 0.129441
2.700100, 4.054365, -0.100162
2.700100, 2.704109, -0.003640
2.700100, 3.021040, 0.038434
2.700100, 11.743182, 0.003046
2.700100, 3.034963, -0.039677
2.700100, 2.703525, 0.003469
2.700100, 4.019040, 0.098836
2.700100, 6.357303, -0.129234
2.700100, 2.761886, -0.011626
2.700100, 2.829120, 0.019384
2.700100, 8.763014, 0.104944
2.700100, 3.465132, -0.071646
2.700100, 2.700080, -0.000040
2.700100, 3.453850, 0.070947
2.700100, 8.838218, -0.103714
2.700100, 2.831463, -0.019646
2.700100, 2.759788, 0.011375
2.700100, 6.277710, 0.129414
2.700100, 4.048837, -0.099957
2.700100, 2.704024, -0.003612
2.700100, 3.023396, 0.038645
2.700100, 11.744597, 0.001999
2.700100, 3.032534, -0.039461
2.700100, 2.703640, 0.003500
2.700100, 4.025642, 0.099087
2.700100, 6.339379, -0.129279
2.700100, 2.761416, -0.011569
2.700100, 2.829727, 0.019451
2.700100, 8.782464, 0.104629
2.700100, 3.462196, -0.071465
2.700100, 2.700097, -0.000017
2.700100, 3.457334, 0.071164
2.700100, 8.814856, -0.104099
2.700100, 2.830735, -0.019564
2.700100, 2.760511, 0.011461
2.700100, 6.305056, 0.129358
2.700100, 4.038458, -0.099570
2.700100, 2.703854, -0.003562
2.700100, 3.027531, 0.039015
2.700100, 11.745659, 0.000178
2.700100, 3.028344, -0.039088
2.700100, 2.703819, 0.003552
2.700100, 4.036392, 0.099493
2.700100, 6.310546, -0.129346
2.700100, 2.760656, -0.011478
2.700100, 2.830581, 0.019547
2.700100, 8.809895, 0.104181
2.700100, 3.458077, -0.071210
2.700100, 2.700098, 0.000012
2.700100, 3.461502, 0.071422
2.700100, 8.787069, -0.104554
2.700100, 2.829870, -0.019467
2.700100, 2.761294, 0.011554
2.700100, 6.334735, 0.129290
2.700100, 4.027362, -0.099152
2.700100, 2.703669, -0.003509
2.700100, 3.031871, 0.039402
2.700100, 11.744882, -0.001713
2.700100, 3.024044, -0.038703
2.700100, 2.703998, 0.003605
2.700100, 4.047232, 0.099898
2.700100, 6.281913, -0.129406
2.700100, 2.759899, -0.011388
2.700100, 2.831357, 0.019634
2.700100, 8.834819, 0.103770
2.700100, 3.454356, -0.070979
2.700100, 2.700084, 0.000037
2.700100, 3.464753, 0.071623
2.700100, 8.765518, -0.104904
2.700100, 2.829199, -0.019393
2.700100, 2.761833, 0.011619
2.700100, 6.355279, 0.129239
2.700100, 4.019783, -0.098865
2.700100, 2.703539, -0.003473
2.700100, 3.034714, 0.039654
2.700100, 11.743354, -0.002939
2.700100, 3.021281, -0.038456
2.700100, 2.704103, 0.003637
2.700100, 4.053867, 0.100144
2.700100, 6.264598, -0.129439
2.700100, 2.759439, -0.011334
2.700100, 2.831752, 0.019679
2.700100, 8.847550, 0.103560
2.700100, 3.452462, -0.070861
2.700100, 2.700059, 0.000047
2.700100, 3.465842, 0.071690
2.700100, 8.758317, -0.105020
2.700100, 2.828972, -0.019368
2.700100, 2.761924, 0.011631
2.700100, 6.358906, 0.129229
2.700100, 4.018452, -0.098814
2.700100, 2.703507, -0.003467
2.700100, 3.034935, 0.039674
2.700100, 11.743202, -0.003034
2.700100, 3.021066, -0.038437
2.700100, 2.704088, 0.003637
2.700100, 4.053614, 0.100134
2.700100, 6.265252, -0.129438
2.700100, 2.759452, -0.011337
2.700100, 2.831608, 0.019663
2.700100, 8.843084, 0.103634
2.700100, 3.453124, -0.070903
2.700100, 2.700034, 0.000040
2.700100, 3.464347, 0.071598
2.700100, 8.768178, -0.104861
2.700100, 2.829273, -0.019403
2.700100, 2.761535, 0.011586
2.700100, 6.344286, 0.129267
2.700100, 4.023826, -0.099019
2.700100, 2.703585, -0.003495
2.700100, 3.032456, 0.039454
2.700100, 11.744633, -0.001967
2.700100, 3.023467, -0.038652
2.700100, 2.703961, 0.003604
2.700100, 4.046592, 0.099874
2.700100, 6.283582, -0.129403
2.700100, 2.759932, -0.011395
2.700100, 2.830981, 0.019594
2.700100, 8.823131, 0.103963
2.700100, 3.456093, -0.071087
2.700100, 2.700018, 0.000017
2.700100, 3.460835, 0.071381
2.700100, 8.791474, -0.104482
2.700100, 2.829994, -0.019484
2.700100, 2.760811, 0.011500
2.700100, 6.316949, 0.129332
2.700100, 4.033987, -0.099403
2.700100, 2.703747, -0.003544
2.700100, 3.028262, 0.039081
2.700100, 11.745664, -0.000143
2.700100, 3.027606, -0.039022
2.700100, 2.703774, 0.003552
2.700100, 4.035647, 0.099465
2.700100, 6.312522, -0.129342
2.700100, 2.760694, -0.011486
2.700100, 2.830118, 0.019498
2.700100, 8.795482, 0.104416
2.700100, 3.460232, -0.071344
2.700100, 2.700016, -0.000013
2.700100, 3.456656, 0.071122
2.700100, 8.819363, -0.104025
2.700100, 2.830863, -0.019581
2.700100, 2.760031, 0.011407
2.700100, 6.287352, 0.129395
2.700100, 4.045157, -0.099821
2.700100, 2.703936, -0.003598
2.700100, 3.023990, 0.038699
2.700100, 11.744863, 0.001735
2.700100, 3.031921, -0.039407
2.700100, 2.703604, 0.003501
2.700100, 4.025074, 0.099066
2.700100, 6.340907, -0.129275
2.700100, 2.761445, -0.011575
2.700100, 2.829356, 0.019412
2.700100, 8.770882, 0.104817
2.700100, 3.463939, -0.071573
2.700100, 2.700031, -0.000037
2.700100, 3.453429, 0.070922
2.700100, 8.841026, -0.103668
2.700100, 2.831543, -0.019656
2.700100, 2.759495, 0.011342
2.700100, 6.266912, 0.129435
2.700100, 4.052976, -0.100111
2.700100, 2.704076, -0.003634
2.700100, 3.021263, 0.038454
2.700100, 11.743342, 0.002947
2.700100, 3.034731, -0.039656
2.700100, 2.703512, 0.003469
2.700100, 4.018835, 0.098829
2.700100, 6.357860, -0.129232
2.700100, 2.761896, -0.011628
2.700100, 2.828983, 0.019370
2.700100, 8.758705, 0.105014
2.700100, 3.465783, -0.071687
2.700100, 2.700055, -0.000047
2.700100, 3.452395, 0.070857
2.700100, 8.848004, -0.103552
2.700100, 2.831766, -0.019680
2.700100, 2.759409, 0.011331
2.700100, 6.263506, 0.129441
2.700100, 4.054288, -0.100159
2.700100, 2.704108, -0.003639
2.700100, 3.021080, 0.038438
2.700100, 11.743211, 0.003029
2.700100, 3.034922, -0.039673
2.700100, 2.703527, 0.003470
2.700100, 4.019166, 0.098841
2.700100, 6.356961, -0.129234
2.700100, 2.761877, -0.011625
2.700100, 2.829134, 0.019386
2.700100, 8.763455, 0.104937
2.700100, 3.465065, -0.071642
2.700100, 2.700081, -0.000039
2.700100, 3.453942, 0.070953
2.700100, 8.837602, -0.103724
2.700100, 2.831444, -0.019644
2.700100, 2.759808, 0.011378
2.700100, 6.278482, 0.129413
2.700100, 4.048542, -0.099946
2.700100, 2.704019, -0.003611
2.700100, 3.023516, 0.038656
2.700100, 11.744653, 0.001947
2.700100, 3.032412, -0.039450
2.700100, 2.703645, 0.003502
2.700100, 4.025961, 0.099099
2.700100, 6.338518, -0.129281
2.700100, 2.761393, -0.011566
2.700100, 2.829753, 0.019454
2.700100, 8.783325, 0.104615
2.700100, 3.462066, -0.071457
2.700100, 2.700097, -0.000016
2.700100, 3.457475, 0.071173
2.700100, 8.813917, -0.104115
2.700100, 2.830706, -0.019561
2.700100, 2.760539, 0.011464
2.700100, 6.306102, 0.129356
2.700100, 4.038064, -0.099555
2.700100, 2.703847, -0.003560
2.700100, 3.027686, 0.039029
2.700100, 11.745664, 0.000110
2.700100, 3.028189, -0.039074
2.700100, 2.703826, 0.003554
2.700100, 4.036788, 0.099508
2.700100, 6.309494, -0.129349
2.700100, 2.760628, -0.011475
2.700100, 2.830611, 0.019550
2.700100, 8.810851, 0.104165
2.700100, 3.457933, -0.071201
2.700100, 2.700098, 0.000013
2.700100, 3.461637, 0.071430
2.700100, 8.786171, -0.104568
2.700100, 2.829842, -0.019464
2.700100, 2.761318, 0.011557
2.700100, 6.335648, 0.129288
2.700100, 4.027024, -0.099140
2.700100, 2.703663, -0.003507
2.700100, 3.032002, 0.039413
2.700100, 11.744829, -0.001769
2.700100, 3.023916, -0.038692
2.700100, 2.704003, 0.003606
2.700100, 4.047550, 0.099909
2.700100, 6.281079, -0.129408
2.700100, 2.759877, -0.011386
2.700100, 2.831378, 0.019636
2.700100, 8.835501, 0.103759
2.700100, 3.454254, -0.070973
2.700100, 2.700083, 0.000037
2.700100, 3.464831, 0.071628
2.700100, 8.765002, -0.104912
2.700100, 2.829182, -0.019391
2.700100, 2.761844, 0.011621
2.700100, 6.355710, 0.129238
2.700100, 4.019624, -0.098859
2.700100, 2.703536, -0.003472
2.700100, 3.034768, 0.039659
2.700100, 11.743317, -0.002962
2.700100, 3.021229, -0.038451
2.700100, 2.704104, 0.003638
2.700100, 4.053980, 0.100148
2.700100, 6.264304, -0.129439
2.700100, 2.759431, -0.011333
2.700100, 2.831756, 0.019679
2.700100, 8.847691, 0.103558
2.700100, 3.452441, -0.070860
2.700100, 2.700058, 0.000047
2.700100, 3.465833, 0.071690
2.700100, 8.758375, -0.105019
2.700100, 2.828973, -0.019369
2.700100, 2.761919, 0.011630
2.700100, 6.358694, 0.129230
2.700100, 4.018530, -0.098817
2.700100, 2.703508, -0.003468
2.700100, 3.034892, 0.039670
2.700100, 11.743232, -0.003016
2.700100, 3.021107, -0.038440
2.700100, 2.704085, 0.003636
2.700100, 4.053476, 0.100129
2.700100, 6.265610, -0.129437
2.700100, 2.759461, -0.011338
2.700100, 2.831593, 0.019662
2.700100, 8.842627, 0.103641
2.700100, 3.453191, -0.070907
2.700100, 2.700033, 0.000039
2.700100, 3.464255, 0.071593
2.700100, 8.768791, -0.104851
2.700100, 2.829292, -0.019405
2.700100, 2.761514, 0.011583
2.700100, 6.343512, 0.129269
2.700100, 4.024112, -0.099029
2.700100, 2.703589, -0.003496
2.700100, 3.032333, 0.039443
2.700100, 11.744688, -0.001914
2.700100, 3.023587, -0.038663
2.700100, 2.703955, 0.003603
2.700100, 4.046260, 0.099862
2.700100, 6.284453, -0.129401
2.700100, 2.759955, -0.011398
2.700100, 2.830953, 0.019591
2.700100, 8.822255, 0.103978
2.700100, 3.456224, -0.071096
2.700100, 2.700017, 0.000016
2.700100, 3.460693, 0.071373
2.700100, 8.792413, -0.104467
2.700100, 2.830023, -0.019487
2.700100, 2.760783, 0.011497
2.700100, 6.315906, 0.129334
2.700100, 4.034378, -0.099417
2.700100, 2.703753, -0.003546
2.700100, 3.028107, 0.039067
2.700100, 11.745668, -0.000076
2.700100, 3.027761, -0.039036
2.700100, 2.703768, 0.003550
2.700100, 4.035253, 0.099450
2.700100, 6.313570, -0.129340
2.700100, 2.760722, -0.011489
2.700100, 2.830088, 0.019495
2.700100, 8.794528, 0.104432
2.700100, 3.460376, -0.071353
2.700100, 2.700017, -0.000014
2.700100, 3.456521, 0.071114
2.700100, 8.820267, -0.104010
2.700100, 2.830891, -0.019584
2.700100, 2.760007, 0.011404
2.700100, 6.286443, 0.129397
2.700100, 4.045503, -0.099834
2.700100, 2.703942, -0.003599
2.700100, 3.023863, 0.038688
2.700100, 11.744810, 0.001791
2.700100, 3.032050, -0.039418
2.700100, 2.703599, 0.003499
2.700100, 4.024770, 0.099054
2.700100, 6.341729, -0.129273
2.700100, 2.761467, -0.011578
2.700100, 2.829336, 0.019410
2.700100, 8.770218, 0.104828
2.700100, 3.464039, -0.071579
2.700100, 2.700031, -0.000038
2.700100, 3.453353, 0.070917
2.700100, 8.841542, -0.103659
2.700100, 2.831559, -0.019658
2.700100, 2.759484, 0.011341
2.700100, 6.266486, 0.129436
2.700100, 4.053139, -0.100117
2.700100, 2.704079, -0.003635
2.700100, 3.021211, 0.038450
2.700100, 11.743306, 0.002970
2.700100, 3.034784, -0.039661
2.700100, 2.703511, 0.003469
2.700100, 4.018732, 0.098825
2.700100, 6.358142, -0.129231
2.700100, 2.761904, -0.011629
2.700100, 2.828979, 0.019369
2.700100, 8.758580, 0.105016
2.700100, 3.465801, -0.071688
2.700100, 2.700056, -0.000047
2.700100, 3.452406, 0.070858
2.700100, 8.847930, -0.103554
2.700100, 2.831764, -0.019680
2.700100, 2.759415, 0.011332
2.700100, 6.263728, 0.129441
2.700100, 4.054202, -0.100156
2.700100, 2.704107, -0.003639
2.700100, 3.021122, 0.038442
2.700100, 11.743241, 0.003010
2.700100, 3.034878, -0.039669
2.700100, 2.703530, 0.003470
2.700100, 4.019299, 0.098846
2.700100, 6.356598, -0.129235
2.700100, 2.761867, -0.011623
2.700100, 2.829148, 0.019387
2.700100, 8.763913, 0.104930
2.700100, 3.464996, -0.071638
2.700100, 2.700082, -0.000039
2.700100, 3.454036, 0.070959
2.700100, 8.836969, -0.103735
2.700100, 2.831424, -0.019641
2.700100, 2.759829, 0.011380
2.700100, 6.279269, 0.129411
2.700100, 4.048241, -0.099935
2.700100, 2.704014, -0.003609
2.700100, 3.023637, 0.038667
2.700100, 11.744708, 0.001893
2.700100, 3.032287, -0.039439
2.700100, 2.703651, 0.003503
2.700100, 4.026284, 0.099112
2.700100, 6.337644, -0.129283
2.700100, 2.761370, -0.011563
2.700100, 2.829780, 0.019457
2.700100, 8.784196, 0.104600
2.700100, 3.461935, -0.071449
2.700100, 2.700097, -0.000015
2.700100, 3.457616, 0.071181
2.700100, 8.812973, -0.104130
2.700100, 2.830677, -0.019558
2.700100, 2.760566, 0.011468
2.700100, 6.307149, 0.129354
2.700100, 4.037670, -0.099541
2.700100, 2.703841, -0.003558
2.700100, 3.027841, 0.039043
2.700100, 11.745667, 0.000042
2.700100, 3.028033, -0.039060
2.700100, 2.703833, 0.003556
2.700100, 4.037183, 0.099522
2.700100, 6.308443, -0.129351
2.700100, 2.760601, -0.011472
2.700100, 2.830640, 0.019553
2.700100, 8.811804, 0.104149
2.700100, 3.457791, -0.071192
2.700100, 2.700098, 0.000014
2.700100, 3.461771, 0.071439
2.700100, 8.785281, -0.104583
2.700100, 2.829814, -0.019461
2.700100, 2.761341, 0.011560
2.700100, 6.336549, 0.129286
2.700100, 4.026690, -0.099127
2.700100, 2.703658, -0.003505
2.700100, 3.032131, 0.039425
2.700100, 11.744775, -0.001825
2.700100, 3.023790, -0.038681
2.700100, 2.704008, 0.003608
2.700100, 4.047863, 0.099921
2.700100, 6.280259, -0.129409
2.700100, 2.759855, -0.011383
2.700100, 2.831399, 0.019639
2.700100, 8.836168, 0.103748
2.700100, 3.454155, -0.070966
2.700100, 2.700083, 0.000038
2.700100, 3.464906, 0.071633
2.700100, 8.764504, -0.104920
2.700100, 2.829167, -0.019389
2.700100, 2.761855, 0.011622
2.700100, 6.356120, 0.129237
2.700100, 4.019474, -0.098853
2.700100, 2.703533, -0.003471
2.700100, 3.034820, 0.039664
2.700100, 11.743282, -0.002984
2.700100, 3.021179, -0.038447
2.700100, 2.704106, 0.003638
2.700100, 4.054085, 0.100152
2.700100, 6.264033, -0.129440
2.700100, 2.759424, -0.011333
2.700100, 2.831760, 0.019680
2.700100, 8.847811, 0.103556
2.700100, 3.452423, -0.070859
2.700100, 2.700057, 0.000047
2.700100, 3.465821, 0.071689
2.700100, 8.758454, -0.105018
2.700100, 2.828975, -0.019369
2.700100, 2.761912, 0.011630
2.700100, 6.358460, 0.129231
2.700100, 4.018615, -0.098820
2.700100, 2.703509, -0.003468
2.700100, 3.034846, 0.039666
2.700100, 11.743264, -0.002996
2.700100, 3.021152, -0.038444
2.700100, 2.704083, 0.003636
2.700100, 4.053330, 0.100124
2.700100, 6.265989, -0.129436
2.700100, 2.759471, -0.011339
2.700100, 2.831578, 0.019660
2.700100, 8.842152, 0.103649
2.700100, 3.453262, -0.070911
2.700100, 2.700032, 0.000039
2.700100, 3.464160, 0.071587
2.700100, 8.769421, -0.104840
2.700100, 2.829311, -0.019407
2.700100, 2.761493, 0.011581
2.700100, 6.342723, 0.129271
2.700100, 4.024403, -0.099041
2.700100, 2.703593, -0.003497
2.700100, 3.032208, 0.039432
2.700100, 11.744743, -0.001859
2.700100, 3.023710, -0.038674
2.700100, 2.703949, 0.003601
2.700100, 4.045924, 0.099849
2.700100, 6.285337, -0.129399
2.700100, 2.759978, -0.011400
2.700100, 2.830925, 0.019588
2.700100, 8.821370, 0.103992
2.700100, 3.456356, -0.071104
2.700100, 2.700017, 0.000015
2.700100, 3.460552, 0.071364
2.700100, 8.793357, -0.104451
2.700100, 2.830052, -0.019491
2.700100, 2.760756, 0.011493
2.700100, 6.314861, 0.129337
2.700100, 4.034769, -0.099432
2.700100, 2.703760, -0.003548
2.700100, 3.027952, 0.039053
2.700100, 11.745670, -0.000008
2.700100, 3.027916, -0.039050
2.700100, 2.703761, 0.003548
2.700100, 4.034861, 0.099435
2.700100, 6.314617, -0.129337
2.700100, 2.760749, -0.011493
2.700100, 2.830059, 0.019491
2.700100, 8.793578, 0.104448
2.700100, 3.460518, -0.071362
2.700100, 2.700017, -0.000015
2.700100, 3.456387, 0.071106
2.700100, 8.821162, -0.103996
2.700100, 2.830919, -0.019587
2.700100, 2.759983, 0.011401
2.700100, 6.285544, 0.129399
2.700100, 4.045845, -0.099846
2.700100, 2.703948, -0.003601
2.700100, 3.023739, 0.038677
2.700100, 11.744756, 0.001847
2.700100, 3.032178, -0.039430
2.700100, 2.703595, 0.003498
2.700100, 4.024472, 0.099043
2.700100, 6.342537, -0.129271
2.700100, 2.761488, -0.011580
2.700100, 2.829316, 0.019408
2.700100, 8.769569, 0.104838
2.700100, 3.464137, -0.071585
2.700100, 2.700032, -0.000038
2.700100, 3.453279, 0.070912
2.700100, 8.842039, -0.103651
2.700100, 2.831575, -0.019660
2.700100, 2.759473, 0.011340
2.700100, 6.266081, 0.129436
2.700100, 4.053295, -0.100123
2.700100, 2.704082, -0.003636
2.700100, 3.021163, 0.038445
2.700100, 11.743272, 0.002991
2.700100, 3.034834, -0.039665
2.700100, 2.703509, 0.003468
2.700100, 4.018636, 0.098821
2.700100, 6.358403, -0.129231
2.700100, 2.761911, -0.011630
2.700100, 2.828976, 0.019369
2.700100, 8.758476, 0.105018
2.700100, 3.465817, -0.071689
2.700100, 2.700057, -0.000047
2.700100, 3.452420, 0.070858
2.700100, 8.847836, -0.103555
2.700100, 2.831761, -0.019680
2.700100, 2.759422, 0.011332
2.700100, 6.263973, 0.129440
2.700100, 4.054108, -0.100152
2.700100, 2.704106, -0.003638
2.700100, 3.021168, 0.038446
2.700100, 11.743274, 0.002989
2.700100, 3.034831, -0.039665
2.700100, 2.703532, 0.003471
2.700100, 4.019440, 0.098852
2.700100, 6.356213, -0.129236
2.700100, 2.761857, -0.011622
2.700100, 2.829163, 0.019389
2.700100, 8.764390, 0.104922
2.700100, 3.464924, -0.071634
2.700100, 2.700083, -0.000038
2.700100, 3.454132, 0.070965
2.700100, 8.836321, -0.103746
2.700100, 2.831404, -0.019639
2.700100, 2.759850, 0.011383
2.700100, 6.280071, 0.129410
2.700100, 4.047935, -0.099924
2.700100, 2.704009, -0.003608
2.700100, 3.023761, 0.038678
2.700100, 11.744763, 0.001838
2.700100, 3.032161, -0.039428
2.700100, 2.703656, 0.003505
2.700100, 4.026613, 0.099124
2.700100, 6.336757, -0.129285
2.700100, 2.761347, -0.011561
2.700100, 2.829808, 0.019461
2.700100, 8.785076, 0.104586
2.700100, 3.461802, -0.071441
2.700100, 2.700098, -0.000014
2.700100, 3.457758, 0.071190
2.700100, 8.812025, -0.104146
2.700100, 2.830647, -0.019554
2.700100, 2.760594, 0.011471
2.700100, 6.308199, 0.129351
2.700100, 4.037275, -0.099526
2.700100, 2.703834, -0.003556
2.700100, 3.027997, 0.039057
2.700100, 11.745668, -0.000026
2.700100, 3.027878, -0.039046
2.700100, 2.703839, 0.003558
2.700100, 4.037578, 0.099537
2.700100, 6.307393, -0.129353
2.700100, 2.760573, -0.011468
2.700100, 2.830670, 0.019557
2.700100, 8.812753, 0.104134
2.700100, 3.457649, -0.071183
2.700100, 2.700098, 0.000015
2.700100, 3.461904, 0.071447
2.700100, 8.784400, -0.104597
2.700100, 2.829787, -0.019458
2.700100, 2.761365, 0.011563
2.700100, 6.337439, 0.129284
2.700100, 4.026360, -0.099115
2.700100, 2.703652, -0.003504
2.700100, 3.032258, 0.039436
2.700100, 11.744721, -0.001880
2.700100, 3.023666, -0.038670
2.700100, 2.704013, 0.003609
2.700100, 4.048170, 0.099932
2.700100, 6.279454, -0.129411
2.700100, 2.759834, -0.011381
2.700100, 2.831419, 0.019641
2.700100, 8.836820, 0.103737
2.700100, 3.454058, -0.070960
2.700100, 2.700082, 0.000039
2.700100, 3.464979, 0.071637
2.700100, 8.764023, -0.104928
2.700100, 2.829152, -0.019388
2.700100, 2.761865, 0.011623
2.700100, 6.356510, 0.129236
2.700100, 4.019331, -0.098848
2.700100, 2.703531, -0.003470
2.700100, 3.034868, 0.039668
2.700100, 11.743249, -0.003005
2.700100, 3.021133, -0.038442
2.700100, 2.704107, 0.003639
2.700100, 4.054181, 0.100155
2.700100, 6.263783, -0.129440
2.700100, 2.759417, -0.011332
2.700100, 2.831763, 0.019680
2.700100, 8.847910, 0.103554
2.700100, 3.452409, -0.070858
2.700100, 2.700057, 0.000047
2.700100, 3.465805, 0.071688
2.700100, 8.758554, -0.105016
2.700100, 2.828978, -0.019369
2.700100, 2.761905, 0.011629
2.700100, 6.358205, 0.129231
2.700100, 4.018709, -0.098824
2.700100, 2.703510, -0.003469
2.700100, 3.034796, 0.039662
2.700100, 11.743298, -0.002975
2.700100, 3.021199, -0.038449
2.700100, 2.704080, 0.003635
2.700100, 4.053176, 0.100118
2.700100, 6.266390, -0.129436
2.700100, 2.759481, -0.011340
2.700100, 2.831563, 0.019659
2.700100, 8.841659, 0.103657
2.700100, 3.453335, -0.070916
2.700100, 2.700032, 0.000038
2.700100, 3.464062, 0.071581
2.700100, 8.770066, -0.104830
2.700100, 2.829331, -0.019410
2.700100, 2.761472, 0.011578
2.700100, 6.341918, 0.129273
2.700100, 4.024700, -0.099052
2.700100, 2.703598, -0.003499
2.700100, 3.032080, 0.039421
2.700100, 11.744797, -0.001804
2.700100, 3.023834, -0.038685
2.700100, 2.703943, 0.003600
2.700100, 4.045583, 0.099837
2.700100, 6.286232, -0.129398
2.700100, 2.760001, -0.011403
2.700100, 2.830898, 0.019585
2.700100, 8.820476, 0.104007
2.700100, 3.456489, -0.071112
2.700100, 2.700017, 0.000014
2.700100, 3.460409, 0.071355
2.700100, 8.794306, -0.104436
2.700100, 2.830082, -0.019494
2.700100, 2.760728, 0.011490
2.700100, 6.313814, 0.129339
2.700100, 4.035162, -0.099447
2.700100, 2.703766, -0.003550
2.700100, 3.027797, 0.039039
2.700100, 11.745669, 0.000060
2.700100, 3.028071, -0.039064
2.700100, 2.703755, 0.003547
2.700100, 4.034469, 0.099421
2.700100, 6.315663, -0.129335
2.700100, 2.760777, -0.011496
2.700100, 2.830030, 0.019488
2.700100, 8.792632, 0.104463
2.700100, 3.460660, -0.071371
2.700100, 2.700017, -0.000016
2.700100, 3.456254, 0.071097
2.700100, 8.822050, -0.103981
2.700100, 2.830947, -0.019590
2.700100, 2.759960, 0.011398
2.700100, 6.284658, 0.129401
2.700100, 4.046183, -0.099859
2.700100, 2.703953, -0.003603
2.700100, 3.023616, 0.038665
2.700100, 11.744701, 0.001901
2.700100, 3.032304, -0.039441
2.700100, 2.703590, 0.003496
2.700100, 4.024179, 0.099032
2.700100, 6.343330, -0.129269
2.700100, 2.761509, -0.011583
2.700100, 2.829296, 0.019406
2.700100, 8.768936, 0.104848
2.700100, 3.464233, -0.071591
2.700100, 2.700033, -0.000039
2.700100, 3.453208, 0.070908
2.700100, 8.842519, -0.103643
2.700100, 2.831590, -0.019662
2.700100, 2.759463, 0.011338
2.700100, 6.265696, 0.129437
2.700100, 4.053443, -0.100128
2.700100, 2.704085, -0.003636
2.700100, 3.021117, 0.038441
2.700100, 11.743239, 0.003011
2.700100, 3.034881, -0.039670
2.700100, 2.703508, 0.003468
2.700100, 4.018549, 0.098818
2.700100, 6.358642, -0.129230
2.700100, 2.761917, -0.011630
2.700100, 2.828974, 0.019369
2.700100, 8.758392, 0.105019
2.700100, 3.465830, -0.071690
2.700100, 2.700058, -0.000047
2.700100, 3.452437, 0.070860
2.700100, 8.847721, -0.103557
2.700100, 2.831757, -0.019679
2.700100, 2.759429, 0.011333
2.700100, 6.264239, 0.129440
2.700100, 4.054005, -0.100149
2.700100, 2.704105, -0.003638
2.700100, 3.021217, 0.038450
2.700100, 11.743309, 0.002968
2.700100, 3.034780, -0.039660
2.700100, 2.703535, 0.003472
2.700100, 4.019589, 0.098857
2.700100, 6.355808, -0.129237
2.700100, 2.761847, -0.011621
2.700100, 2.829179, 0.019391
2.700100, 8.764884, 0.104914
2.700100, 3.464849, -0.071629
2.700100, 2.700083, -0.000038
2.700100, 3.454231, 0.070971
2.700100, 8.835658, -0.103757
2.700100, 2.831383, -0.019637
2.700100, 2.759872, 0.011385
2.700100, 6.280887, 0.129408
2.700100, 4.047623, -0.099912
2.700100, 2.704004, -0.003606
2.700100, 3.023887, 0.038689
2.700100, 11.744817, 0.001782
2.700100, 3.032032, -0.039416
2.700100, 2.703662, 0.003507
2.700100, 4.026946, 0.099137
2.700100, 6.335859, -0.129287
2.700100, 2.761323, -0.011558
2.700100, 2.829835, 0.019464
2.700100, 8.785963, 0.104572
2.700100, 3.461669, -0.071432
2.700100, 2.700098, -0.000013
2.700100, 3.457900, 0.071199
2.700100, 8.811073, -0.104161
2.700100, 2.830617, -0.019551
2.700100, 2.760622, 0.011474
2.700100, 6.309249, 0.129349
2.700100, 4.036880, -0.099511
2.700100, 2.703828, -0.003554
2.700100, 3.028153, 0.039071
2.700100, 11.745665, -0.000094
2.700100, 3.027722, -0.039032
2.700100, 2.703846, 0.003560
2.700100, 4.037972, 0.099552
2.700100, 6.306345, -0.129355
2.700100, 2.760545, -0.011465
2.700100, 2.830699, 0.019560
2.700100, 8.813698, 0.104118
2.700100, 3.457508, -0.071175
2.700100, 2.700097, 0.000016
2.700100, 3.462036, 0.071455
2.700100, 8.783527, -0.104611
2.700100, 2.829760, -0.019455
2.700100, 2.761388, 0.011566
2.700100, 6.338316, 0.129281
2.700100, 4.026035, -0.099102
2.700100, 2.703647, -0.003502
2.700100, 3.032383, 0.039447
2.700100, 11.744666, -0.001934
2.700100, 3.023544, -0.038659
2.700100, 2.704018, 0.003611
2.700100, 4.048473, 0.099944
2.700100, 6.278663, -0.129412
2.700100, 2.759813, -0.011378
2.700100, 2.831439, 0.019643
2.700100, 8.837456, 0.103727
2.700100, 3.453963, -0.070954
2.700100, 2.700081, 0.000039
2.700100, 3.465049, 0.071641
2.700100, 8.763560, -0.104935
2.700100, 2.829137, -0.019386
2.700100, 2.761875, 0.011624
2.700100, 6.356878, 0.129235
2.700100, 4.019196, -0.098842
2.700100, 2.703528, -0.003470
2.700100, 3.034913, 0.039672
2.700100, 11.743218, -0.003024
2.700100, 3.021089, -0.038439
2.700100, 2.704108, 0.003639
2.700100, 4.054269, 0.100158
2.700100, 6.263555, -0.129441
2.700100, 2.759411, -0.011331
2.700100, 2.831765, 0.019680
2.700100, 8.847989, 0.103553
2.700100, 3.452397, -0.070857
2.700100, 2.700056, 0.000047
2.700100, 3.465787, 0.071687
2.700100, 8.758674, -0.105014
2.700100, 2.828982, -0.019370
2.700100, 2.761898, 0.011628
2.700100, 6.357927, 0.129232
2.700100, 4.018810, -0.098828
2.700100, 2.703511, -0.003469
2.700100, 3.034743, 0.039657
2.700100, 11.743334, -0.002952
2.700100, 3.021250, -0.038453
2.700100, 2.704077, 0.003634
2.700100, 4.053014, 0.100112
2.700100, 6.266811, -0.129435
2.700100, 2.759492, -0.011342
2.700100, 2.831547, 0.019657
2.700100, 8.841148, 0.103666
2.700100, 3.453411, -0.070920
2.700100, 2.700031, 0.000037
2.700100, 3.463962, 0.071575
2.700100, 8.770726, -0.104819
2.700100, 2.829351, -0.019412
2.700100, 2.761450, 0.011576
2.700100, 6.341100, 0.129275
2.700100, 4.025002, -0.099063
2.700100, 2.703603, -0.003500
2.700100, 3.031951, 0.039409
2.700100, 11.744850, -0.001748
2.700100, 3.023961, -0.038696
2.700100, 2.703937, 0.003598
2.700100, 4.045238, 0.099824
2.700100, 6.287140, -0.129396
2.700100, 2.760025, -0.011406
2.700100, 2.830869, 0.019582
2.700100, 8.819574, 0.104022
2.700100, 3.456624, -0.071120
2.700100, 2.700016, 0.000013
2.700100, 3.460266, 0.071346
2.700100, 8.795260, -0.104420
2.700100, 2.830111, -0.019497
2.700100, 2.760700, 0.011487
2.700100, 6.312766, 0.129341
2.700100, 4.035555, -0.099462
2.700100, 2.703773, -0.003552
2.700100, 3.027642, 0.039026
2.700100, 11.745665, 0.000128
2.700100, 3.028226, -0.039078
2.700100, 2.703748, 0.003545
2.700100, 4.034078, 0.099406
2.700100, 6.316706, -0.129333
2.700100, 2.760804, -0.011499
2.700100, 2.830000, 0.019485
2.700100, 8.791692, 0.104478
2.700100, 3.460802, -0.071379
2.700100, 2.700017, -0.000017
2.700100, 3.456123, 0.071089
2.700100, 8.822928, -0.103967
2.700100, 2.830974, -0.019593
2.700100, 2.759937, 0.011396
2.700100, 6.283783, 0.129402
2.700100, 4.046516, -0.099871
2.700100, 2.703959, -0.003604
2.700100, 3.023495, 0.038655
2.700100, 11.744646, 0.001955
2.700100, 3.032428, -0.039452
2.700100, 2.703586, 0.003495
2.700100, 4.023892, 0.099021
2.700100, 6.344108, -0.129267
2.700100, 2.761530, -0.011585
2.700100, 2.829277, 0.019404
2.700100, 8.768319, 0.104858
2.700100, 3.464326, -0.071597
2.700100, 2.700034, -0.000040
2.700100, 3.453139, 0.070903
2.700100, 8.842979, -0.103636
2.700100, 2.831605, -0.019663
2.700100, 2.759454, 0.011337
2.700100, 6.265333, 0.129438
2.700100, 4.053583, -0.100133
2.700100, 2.704088, -0.003637
2.700100, 3.021075, 0.038438
2.700100, 11.743209, 0.003030
2.700100, 3.034925, -0.039673
2.700100, 2.703507, 0.003467
2.700100, 4.018469, 0.098815
2.700100, 6.358859, -0.129230
2.700100, 2.761923, -0.011631
2.700100, 2.828972, 0.019368
2.700100, 8.758328, 0.105020
2.700100, 3.465840, -0.071690
2.700100, 2.700059, -0.000047
2.700100, 3.452457, 0.070861
2.700100, 8.847584, -0.103559
2.700100, 2.831753, -0.019679
2.700100, 2.759437, 0.011334
2.700100, 6.264527, 0.129439
2.700100, 4.053894, -0.100145
2.700100, 2.704103, -0.003637
2.700100, 3.021269, 0.038455
2.700100, 11.743345, 0.002944
2.700100, 3.034727, -0.039656
2.700100, 2.703538, 0.003472
2.700100, 4.019745, 0.098863
2.700100, 6.355381, -0.129239
2.700100, 2.761836, -0.011620
2.700100, 2.829195, 0.019393
2.700100, 8.765396, 0.104906
2.700100, 3.464771, -0.071624
2.700100, 2.700084, -0.000037
2.700100, 3.454332, 0.070977
2.700100, 8.834979, -0.103768
2.700100, 2.831362, -0.019634
2.700100, 2.759894, 0.011388
2.700100, 6.281718, 0.129406
2.700100, 4.047306, -0.099900
2.700100, 2.703999, -0.003605
2.700100, 3.024014, 0.038701
2.700100, 11.744870, 0.001726
2.700100, 3.031902, -0.039405
2.700100, 2.703668, 0.003508
2.700100, 4.027283, 0.099149
2.700100, 6.334948, -0.129290
2.700100, 2.761299, -0.011555
2.700100, 2.829863, 0.019467
2.700100, 8.786860, 0.104557
2.700100, 3.461534, -0.071424
2.700100, 2.700098, -0.000012
2.700100, 3.458043, 0.071208
2.700100, 8.810117, -0.104177
2.700100, 2.830588, -0.019548
2.700100, 2.760649, 0.011477
2.700100, 6.310301, 0.129347
2.700100, 4.036484, -0.099496
2.700100, 2.703821, -0.003553
2.700100, 3.028308, 0.039084
2.700100, 11.745661, -0.000162
2.700100, 3.027567, -0.039018
2.700100, 2.703852, 0.003562
2.700100, 4.038366, 0.099567
2.700100, 6.305299, -0.129358
2.700100, 2.760517, -0.011462
2.700100, 2.830729, 0.019563
2.700100, 8.814638, 0.104103
2.700100, 3.457367, -0.071166
2.700100, 2.700097, 0.000017
2.700100, 3.462166, 0.071463
2.700100, 8.782664, -0.104625
2.700100, 2.829733, -0.019452
2.700100, 2.761411, 0.011568
2.700100, 6.339180, 0.129279
2.700100, 4.025715, -0.099090
2.700100, 2.703641, -0.003501
2.700100, 3.032506, 0.039458
2.700100, 11.744610, -0.001987
2.700100, 3.023424, -0.038648
2.700100, 2.704023, 0.003612
2.700100, 4.048769, 0.099955
2.700100, 6.277888, -0.129414
2.700100, 2.759792, -0.011376
2.700100, 2.831458, 0.019645
2.700100, 8.838076, 0.103717
2.700100, 3.453871, -0.070949
2.700100, 2.700080, 0.000040
2.700100, 3.465116, 0.071645
2.700100, 8.763115, -0.104942
2.700100, 2.829123, -0.019385
2.700100, 2.761884, 0.011625
2.700100, 6.357226, 0.129234
2.700100, 4.019069, -0.098838
2.700100, 2.703526, -0.003469
2.700100, 3.034954, 0.039676
2.700100, 11.743189, -0.003042
2.700100, 3.021049, -0.038435
2.700100, 2.704109, 0.003640
2.700100, 4.054348, 0.100161
2.700100, 6.263350, -0.129441
2.700100, 2.759405, -0.011330
2.700100, 2.831767, 0.019680
2.700100, 8.848046, 0.103552
2.700100, 3.452388, -0.070857
2.700100, 2.700055, 0.000047
2.700100, 3.465766, 0.071686
2.700100, 8.758814, -0.105012
2.700100, 2.828986, -0.019370
2.700100, 2.761890, 0.011627
2.700100, 6.357628, 0.129233
2.700100, 4.018920, -0.098832
2.700100, 2.703513, -0.003470
2.700100, 3.034687, 0.039652
2.700100, 11.743372, -0.002928
2.700100, 3.021304, -0.038458
2.700100, 2.704073, 0.003634
2.700100, 4.052845, 0.100106
2.700100, 6.267253, -0.129434
2.700100, 2.759504, -0.011343
2.700100, 2.831530, 0.019655
2.700100, 8.840619, 0.103675
2.700100, 3.453490, -0.070925
2.700100, 2.700030, 0.000037
2.700100, 3.463860, 0.071568
2.700100, 8.771402, -0.104808
2.700100, 2.829372, -0.019414
2.700100, 2.761428, 0.011573
2.700100, 6.340268, 0.129277
2.700100, 4.025310, -0.099075
2.700100, 2.703608, -0.003502
2.700100, 3.031820, 0.039398
2.700100, 11.744903, -0.001692
2.700100, 3.024089, -0.038708
2.700100, 2.703931, 0.003596
2.700100, 4.044888, 0.099811
2.700100, 6.288058, -0.129394
2.700100, 2.760049, -0.011409
2.700100, 2.830841, 0.019579
2.700100, 8.818665, 0.104037
2.700100, 3.456760, -0.071129
2.700100, 2.700016, 0.000012
2.700100, 3.460122, 0.071337
2.700100, 8.796216, -0.104404
2.700100, 2.830141, -0.019501
2.700100, 2.760673, 0.011483
2.700100, 6.311717, 0.129344
2.700100, 4.035949, -0.099476
2.700100, 2.703779, -0.003554
2.700100, 3.027488, 0.039012
2.700100, 11.745659, 0.000195
2.700100, 3.028381, -0.039091
2.700100, 2.703742, 0.003543
2.700100, 4.033688, 0.099391
2.700100, 6.317747, -0.129330
2.700100, 2.760832, -0.011502
2.700100, 2.829971, 0.019482
2.700100, 8.790757, 0.104494
2.700100, 3.460942, -0.071388
2.700100, 2.700018, -0.000018
2.700100, 3.455994, 0.071081
2.700100, 8.823797, -0.103952
2.700100, 2.831002, -0.019597
2.700100, 2.759914, 0.011393
2.700100, 6.282922, 0.129404
2.700100, 4.046844, -0.099883
2.700100, 2.703965, -0.003606
2.700100, 3.023376, 0.038644
2.700100, 11.744590, 0.002007
2.700100, 3.032549, -0.039463
2.700100, 2.703581, 0.003493
2.700100, 4.023610, 0.099010
2.700100, 6.344870, -0.129265
2.700100, 2.761550, -0.011587
2.700100, 2.829259, 0.019401
2.700100, 8.767718, 0.104868
2.700100, 3.464417, -0.071603
2.700100, 2.700035, -0.000040
2.700100, 3.453074, 0.070899
2.700100, 8.843421, -0.103628
2.700100, 2.831619, -0.019665
2.700100, 2.759445, 0.011336
2.700100, 6.264992, 0.129438
2.700100, 4.053715, -0.100138
2.700100, 2.704090, -0.003637
2.700100, 3.021036, 0.038434
2.700100, 11.743180, 0.003048
2.700100, 3.034966, -0.039677
2.700100, 2.703507, 0.003467
2.700100, 4.018398, 0.098812
2.700100, 6.359054, -0.129229
2.700100, 2.761928, -0.011631
2.700100, 2.828971, 0.019368
2.700100, 8.758286, 0.105021
2.700100, 3.465846, -0.071691
2.700100, 2.700060, -0.000047
2.700100, 3.452481, 0.070862
2.700100, 8.847427, -0.103562
2.700100, 2.831748, -0.019678
2.700100, 2.759445, 0.011335
2.700100, 6.264838, 0.129438
2.700100, 4.053775, -0.100140
2.700100, 2.704101, -0.003637
2.700100, 3.021324, 0.038460
2.700100, 11.743384, 0.002920
2.700100, 3.034670, -0.039651
2.700100, 2.703541, 0.003473
2.700100, 4.019909, 0.098870
2.700100, 6.354935, -0.129240
2.700100, 2.761824, -0.011618
2.700100, 2.829211, 0.019394
2.700100, 8.765926, 0.104897
2.700100, 3.464691, -0.071619
2.700100, 2.700085, -0.000036
2.700100, 3.454435, 0.070984
2.700100, 8.834285, -0.103779
2.700100, 2.831340, -0.019632
2.700100, 2.759916, 0.011390
2.700100, 6.282562, 0.129405
2.700100, 4.046984, -0.099888
2.700100, 2.703994, -0.003603
2.700100, 3.024144, 0.038712
2.700100, 11.744922, 0.001669
2.700100, 3.031770, -0.039393
2.700100, 2.703673, 0.003510
2.700100, 4.027625, 0.099162
2.700100, 6.334027, -0.129292
2.700100, 2.761275, -0.011552
2.700100, 2.829891, 0.019470
2.700100, 8.787763, 0.104542
2.700100, 3.461398, -0.071416
2.700100, 2.700098, -0.000011
2.700100, 3.458187, 0.071217
2.700100, 8.809159, -0.104193
2.700100, 2.830558, -0.019544
2.700100, 2.760677, 0.011481
2.700100, 6.311353, 0.129344
2.700100, 4.036089, -0.099481
2.700100, 2.703815, -0.003551
2.700100, 3.028464, 0.039098
2.700100, 11.745653, -0.000230
2.700100, 3.027412, -0.039004
2.700100, 2.703859, 0.003564
2.700100, 4.038759, 0.099582
2.700100, 6.304256, -0.129360
2.700100, 2.760490, -0.011458
2.700100, 2.830758, 0.019567
2.700100, 8.815572, 0.104087
2.700100, 3.457227, -0.071157
2.700100, 2.700097, 0.000018
2.700100, 3.462294, 0.071471
2.700100, 8.781810, -0.104639
2.700100, 2.829706, -0.019449
2.700100, 2.761433, 0.011571
2.700100, 6.340031, 0.129277
2.700100, 4.025401, -0.099078
2.700100, 2.703636, -0.003499
2.700100, 3.032627, 0.039469
2.700100, 11.744553, -0.002039
2.700100, 3.023306, -0.038637
2.700100, 2.704027, 0.003613
2.700100, 4.049059, 0.099965
2.700100, 6.277128, -0.129415
2.700100, 2.759772, -0.011373
2.700100, 2.831477, 0.019647
2.700100, 8.838680, 0.103707
2.700100, 3.453781, -0.070943
2.700100, 2.700080, 0.000040
2.700100, 3.465181, 0.071649
2.700100, 8.762689, -0.104949
2.700100, 2.829110, -0.019383
2.700100, 2.761892, 0.011626
2.700100, 6.357552, 0.129233
2.700100, 4.018949, -0.098833
2.700100, 2.703523, -0.003469
2.700100, 3.034992, 0.039679
2.700100, 11.743162, -0.003059
2.700100, 3.021012, -0.038432
2.700100, 2.704110, 0.003640
2.700100, 4.054418, 0.100164
2.700100, 6.263167, -0.129442
2.700100, 2.759400, -0.011330
2.700100, 2.831768, 0.019681
2.700100, 8.848083, 0.103551
2.700100, 3.452383, -0.070856
2.700100, 2.700054, 0.000047
2.700100, 3.465741, 0.071684
2.700100, 8.758975, -0.105009
2.700100, 2.828991, -0.019371
2.700100, 2.761881, 0.011626
2.700100, 6.357308, 0.129234
2.700100, 4.019037, -0.098836
2.700100, 2.703514, -0.003470
2.700100, 3.034628, 0.039647
2.700100, 11.743411, -0.002903
2.700100, 3.021361, -0.038463
2.700100, 2.704070, 0.003633
2.700100, 4.052667, 0.100099
2.700100, 6.267715, -0.129433
2.700100, 2.759516, -0.011345
2.700100, 2.831513, 0.019653
2.700100, 8.840072, 0.103684
2.700100, 3.453571, -0.070930
2.700100, 2.700030, 0.000036
2.700100, 3.463756, 0.071562
2.700100, 8.772092, -0.104797
2.700100, 2.829393, -0.019417
2.700100, 2.761405, 0.011570
2.700100, 6.339422, 0.129279
2.700100, 4.025623, -0.099087
2.700100, 2.703612, -0.003503
2.700100, 3.031687, 0.039386
2.700100, 11.744954, -0.001634
2.700100, 3.024219, -0.038720
2.700100, 2.703925, 0.003595
2.700100, 4.044535, 0.099797
2.700100, 6.288987, -0.129392
2.700100, 2.760074, -0.011412
2.700100, 2.830812, 0.019575
2.700100, 8.817748, 0.104052
2.700100, 3.456897, -0.071137
2.700100, 2.700016, 0.000011
2.700100, 3.459978, 0.071328
2.700100, 8.797177, -0.104389
2.700100, 2.830171, -0.019504
2.700100, 2.760645, 0.011480
2.700100, 6.310667, 0.129346
2.700100, 4.036343, -0.099491
2.700100, 2.703786, -0.003556
2.700100, 3.027333, 0.038998
2.700100, 11.745651, 0.000263
2.700100, 3.028535, -0.039105
2.700100, 2.703735, 0.003541
2.700100, 4.033300, 0.099377
2.700100, 6.318785, -0.129328
2.700100, 2.760859, -0.011506
2.700100, 2.829943, 0.019478
2.700100, 8.789828, 0.104509
2.700100, 3.461082, -0.071397
2.700100, 2.700018, -0.000018
2.700100, 3.455865, 0.071073
2.700100, 8.824657, -0.103938
2.700100, 2.831028, -0.019599
2.700100, 2.759892, 0.011390
2.700100, 6.282074, 0.129406
2.700100, 4.047168, -0.099895
2.700100, 2.703971, -0.003607
2.700100, 3.023260, 0.038634
2.700100, 11.744534, 0.002059
2.700100, 3.032669, -0.039473
2.700100, 2.703577, 0.003492
2.700100, 4.023335, 0.099000
2.700100, 6.345617, -0.129263
2.700100, 2.761570, -0.011590
2.700100, 2.829241, 0.019399
2.700100, 8.767134, 0.104877
2.700100, 3.464505, -0.071608
2.700100, 2.700035, -0.000041
2.700100, 3.453011, 0.070895
2.700100, 8.843844, -0.103621
2.700100, 2.831632, -0.019666
2.700100, 2.759437, 0.011335
2.700100, 6.264672, 0.129439
2.700100, 4.053838, -0.100143
2.700100, 2.704093, -0.003638
2.700100, 3.021000, 0.038431
2.700100, 11.743154, 0.003064
2.700100, 3.035003, -0.039680
2.700100, 2.703506, 0.003467
2.700100, 4.018335, 0.098810
2.700100, 6.359227, -0.129229
2.700100, 2.761933, -0.011632
2.700100, 2.828970, 0.019368
2.700100, 8.758264, 0.105021
2.700100, 3.465850, -0.071691
2.700100, 2.700061, -0.000047
2.700100, 3.452507, 0.070864
2.700100, 8.847249, -0.103565
2.700100, 2.831743, -0.019678
2.700100, 2.759454, 0.011336
2.700100, 6.265169, 0.129438
2.700100, 4.053647, -0.100135
2.700100, 2.704099, -0.003636
2.700100, 3.021382, 0.038465
2.700100, 11.743424, 0.002894
2.700100, 3.034610, -0.039645
2.700100, 2.703544, 0.003474
2.700100, 4.020080, 0.098876
2.700100, 6.354468, -0.129241
2.700100, 2.761812, -0.011617
2.700100, 2.829228, 0.019396
2.700100, 8.766472, 0.104888
2.700100, 3.464609, -0.071614
2.700100, 2.700085, -0.000036
2.700100, 3.454541, 0.070990
2.700100, 8.833577, -0.103791
2.700100, 2.831318, -0.019629
2.700100, 2.759939, 0.011393
2.700100, 6.283420, 0.129403
2.700100, 4.046657, -0.099876
2.700100, 2.703988, -0.003602
2.700100, 3.024275, 0.038724
2.700100, 11.744973, 0.001611
2.700100, 3.031636, -0.039381
2.700100, 2.703679, 0.003512
2.700100, 4.027971, 0.099175
2.700100, 6.333095, -0.129294
2.700100, 2.761250, -0.011549
2.700100, 2.829920, 0.019473
2.700100, 8.788674, 0.104527
2.700100, 3.461261, -0.071407
2.700100, 2.700099, -0.000010
2.700100, 3.458331, 0.071226
2.700100, 8.808197, -0.104208
2.700100, 2.830528, -0.019541
2.700100, 2.760705, 0.011484
2.700100, 6.312405, 0.129342
2.700100, 4.035694, -0.099467
2.700100, 2.703808, -0.003549
2.700100, 3.028619, 0.039112
2.700100, 11.745644, -0.000298
2.700100, 3.027257, -0.038991
2.700100, 2.703865, 0.003565
2.700100, 4.039152, 0.099596
2.700100, 6.303216, -0.129362
2.700100, 2.760462, -0.011455
2.700100, 2.830787, 0.019570
2.700100, 8.816501, 0.104072
2.700100, 3.457088, -0.071149
2.700100, 2.700096, 0.000019
2.700100, 3.462421, 0.071479
2.700100, 8.780966, -0.104653
2.700100, 2.829680, -0.019446
2.700100, 2.761455, 0.011574
2.700100, 6.340869, 0.129275
2.700100, 4.025091, -0.099066
2.700100, 2.703631, -0.003498
2.700100, 3.032745, 0.039480
2.700100, 11.744497, -0.002091
2.700100, 3.023190, -0.038627
2.700100, 2.704032, 0.003615
2.700100, 4.049344, 0.099976
2.700100, 6.276384, -0.129417
2.700100, 2.759752, -0.011371
2.700100, 2.831495, 0.019649
2.700100, 8.839267, 0.103697
2.700100, 3.453694, -0.070938
2.700100, 2.700079, 0.000041
2.700100, 3.465242, 0.071653
2.700100, 8.762282, -0.104956
2.700100, 2.829097, -0.019382
2.700100, 2.761900, 0.011627
2.700100, 6.357856, 0.129232
2.700100, 4.018837, -0.098829
2.700100, 2.703521, -0.003468
2.700100, 3.035027, 0.039682
2.700100, 11.743137, -0.003074
2.700100, 3.020979, -0.038429
2.700100, 2.704111, 0.003640
2.700100, 4.054480, 0.100166
2.700100, 6.263006, -0.129442
2.700100, 2.759396, -0.011329
2.700100, 2.831768, 0.019681
2.700100, 8.848098, 0.103551
2.700100, 3.452381, -0.070856
2.700100, 2.700053, 0.000047
2.700100, 3.465714, 0.071683
2.700100, 8.759157, -0.105007
2.700100, 2.828996, -0.019371
2.700100, 2.761872, 0.011625
2.700100, 6.356966, 0.129234
2.700100, 4.019162, -0.098841
2.700100, 2.703516, -0.003471
2.700100, 3.034566, 0.039642
2.700100, 11.743453, -0.002876
2.700100, 3.021421, -0.038469
2.700100, 2.704067, 0.003632
2.700100, 4.052481, 0.100092
2.700100, 6.268197, -0.129432
2.700100, 2.759528, -0.011346
2.700100, 2.831495, 0.019651
2.700100, 8.839508, 0.103693
2.700100, 3.453655, -0.070936
2.700100, 2.700029, 0.000035
2.700100, 3.463649, 0.071555
2.700100, 8.772797, -0.104786
2.700100, 2.829415, -0.019419
2.700100, 2.761383, 0.011568
2.700100, 6.338563, 0.129281
2.700100, 4.025941, -0.099099
2.700100, 2.703617, -0.003505
2.700100, 3.031553, 0.039374
2.700100, 11.745004, -0.001576
2.700100, 3.024351, -0.038731
2.700100, 2.703919, 0.003593
2.700100, 4.044178, 0.099784
2.700100, 6.289927, -0.129390
2.700100, 2.760099, -0.011415
2.700100, 2.830783, 0.019572
2.700100, 8.816825, 0.104067
2.700100, 3.457035, -0.071146
2.700100, 2.700016, 0.000010
2.700100, 3.459833, 0.071319
2.700100, 8.798140, -0.104373
2.700100, 2.830201, -0.019507
2.700100, 2.760617, 0.011477
2.700100, 6.309619, 0.129348
2.700100, 4.036737, -0.099506
2.700100, 2.703792, -0.003558
2.700100, 3.027179, 0.038984
2.700100, 11.745640, 0.000331
2.700100, 3.028690, -0.039119
2.700100, 2.703729, 0.003539
2.700100, 4.032913, 0.099362
2.700100, 6.319819, -0.129325
2.700100, 2.760887, -0.011509
2.700100, 2.829914, 0.019475
2.700100, 8.788906, 0.104524
2.700100, 3.461221, -0.071405
2.700100, 2.700019, -0.000019
2.700100, 3.455739, 0.071065
2.700100, 8.825507, -0.103924
2.700100, 2.831055, -0.019602
2.700100, 2.759870, 0.011387
2.700100, 6.281239, 0.129408
2.700100, 4.047486, -0.099907
2.700100, 2.703976, -0.003609
2.700100, 3.023145, 0.038623
2.700100, 11.744477, 0.002110
2.700100, 3.032786, -0.039484
2.700100, 2.703573, 0.003491
2.700100, 4.023065, 0.098990
2.700100, 6.346348, -0.129262
2.700100, 2.761589, -0.011592
2.700100, 2.829223, 0.019397
2.700100, 8.766566, 0.104887
2.700100, 3.464591, -0.071613
2.700100, 2.700036, -0.000041
2.700100, 3.452951, 0.070892
2.700100, 8.844248, -0.103615
2.700100, 2.831645, -0.019668
2.700100, 2.759429, 0.011334
2.700100, 6.264373, 0.129439
2.700100, 4.053953, -0.100147
2.700100, 2.704095, -0.003638
2.700100, 3.020968, 0.038428
2.700100, 11.743130, 0.003078
2.700100, 3.035037, -0.039683
2.700100, 2.703505, 0.003466
2.700100, 4.018280, 0.098808
2.700100, 6.359377, -0.129228
2.700100, 2.761937, -0.011632
2.700100, 2.828970, 0.019368
2.700100, 8.758262, 0.105021
2.700100, 3.465850, -0.071691
2.700100, 2.700062, -0.000047
2.700100, 3.452537, 0.070866
2.700100, 8.847051, -0.103568
2.700100, 2.831737, -0.019677
2.700100, 2.759464, 0.011337
2.700100, 6.265523, 0.129437
2.700100, 4.053511, -0.100130
2.700100, 2.704097, -0.003635
2.700100, 3.021443, 0.038470
2.700100, 11.743466, 0.002867
2.700100, 3.034546, -0.039640
2.700100, 2.703547, 0.003475
2.700100, 4.020259, 0.098883
2.700100, 6.353981, -0.129242
2.700100, 2.761799, -0.011615
2.700100, 2.829246, 0.019398
2.700100, 8.767036, 0.104879
2.700100, 3.464524, -0.071609
2.700100, 2.700086, -0.000035
2.700100, 3.454648, 0.070997
2.700100, 8.832855, -0.103803
2.700100, 2.831296, -0.019627
2.700100, 2.759962, 0.011396
2.700100, 6.284291, 0.129401
2.700100, 4.046325, -0.099864
2.700100, 2.703983, -0.003600
2.700100, 3.024408, 0.038736
2.700100, 11.745022, 0.001552
2.700100, 3.031500, -0.039369
2.700100, 2.703685, 0.003513
2.700100, 4.028321, 0.099189
2.700100, 6.332153, -0.129296
2.700100, 2.761226, -0.011546
2.700100, 2.829948, 0.019476
2.700100, 8.789592, 0.104512
2.700100, 3.461123, -0.071399
2.700100, 2.700099, -0.000009
2.700100, 3.458475, 0.071235
2.700100, 8.807234, -0.104224
2.700100, 2.830498, -0.019538
2.700100, 2.760733, 0.011487
2.700100, 6.313456, 0.129340
2.700100, 4.035300, -0.099452
2.700100, 2.703802, -0.003547
2.700100, 3.028774, 0.039126
2.700100, 11.745632, -0.000366
2.700100, 3.027103, -0.038977
2.700100, 2.703872, 0.003567
2.700100, 4.039542, 0.099611
2.700100, 6.302180, -0.129364
2.700100, 2.760435, -0.011452
2.700100, 2.830815, 0.019573
2.700100, 8.817424, 0.104057
2.700100, 3.456950, -0.071140
2.700100, 2.700096, 0.000020
2.700100, 3.462547, 0.071487
2.700100, 8.780132, -0.104666
2.700100, 2.829654, -0.019443
2.700100, 2.761477, 0.011576
2.700100, 6.341693, 0.129273
2.700100, 4.024786, -0.099055
2.700100, 2.703625, -0.003496
2.700100, 3.032862, 0.039490
2.700100, 11.744440, -0.002141
2.700100, 3.023077, -0.038617
2.700100, 2.704036, 0.003616
2.700100, 4.049622, 0.099986
2.700100, 6.275657, -0.129418
2.700100, 2.759733, -0.011369
2.700100, 2.831513, 0.019651
2.700100, 8.839837, 0.103688
2.700100, 3.453609, -0.070932
2.700100, 2.700078, 0.000041
2.700100, 3.465301, 0.071657
2.700100, 8.761893, -0.104962
2.700100, 2.829085, -0.019381
2.700100, 2.761907, 0.011628
2.700100, 6.358139, 0.129231
2.700100, 4.018734, -0.098825
2.700100, 2.703519, -0.003468
2.700100, 3.035059, 0.039685
2.700100, 11.743115, -0.003087
2.700100, 3.020948, -0.038426
2.700100, 2.704111, 0.003641
2.700100, 4.054533, 0.100168
2.700100, 6.262868, -0.129442
2.700100, 2.759392, -0.011329
2.700100, 2.831768, 0.019681
2.700100, 8.848092, 0.103551
2.700100, 3.452381, -0.070856
2.700100, 2.700052, 0.000047
2.700100, 3.465683, 0.071681
2.700100, 8.759358, -0.105003
2.700100, 2.829002, -0.019372
2.700100, 2.761862, 0.011624
2.700100, 6.356603, 0.129235
2.700100, 4.019296, -0.098846
2.700100, 2.703518, -0.003472
2.700100, 3.034501, 0.039636
2.700100, 11.743496, -0.002848
2.700100, 3.021484, -0.038474
2.700100, 2.704063, 0.003631
2.700100, 4.052288, 0.100085
2.700100, 6.268700, -0.129431
2.700100, 2.759542, -0.011348
2.700100, 2.831477, 0.019649
2.700100, 8.838927, 0.103703
2.700100, 3.453741, -0.070941
2.700100, 2.700028, 0.000035
2.700100, 3.463541, 0.071549
2.700100, 8.773516, -0.104774
2.700100, 2.829437, -0.019422
2.700100, 2.761360, 0.011565
2.700100, 6.337691, 0.129283
2.700100, 4.026264, -0.099111
2.700100, 2.703622, -0.003507
2.700100, 3.031417, 0.039362
2.700100, 11.745053, -0.001517
2.700100, 3.024484, -0.038743
2.700100, 2.703912, 0.003591
2.700100, 4.043818, 0.099771
2.700100, 6.290876, -0.129388
2.700100, 2.760124, -0.011418
2.700100, 2.830754, 0.019569
2.700100, 8.815895, 0.104082
2.700100, 3.457174, -0.071155
2.700100, 2.700016, 0.000009
2.700100, 3.459688, 0.071310
2.700100, 8.799106, -0.104357
2.700100, 2.830231, -0.019511
2.700100, 2.760590, 0.011474
2.700100, 6.308570, 0.129351
2.700100, 4.037131, -0.099521
2.700100, 2.703799, -0.003559
2.700100, 3.027026, 0.038971
2.700100, 11.745627, 0.000398
2.700100, 3.028844, -0.039133
2.700100, 2.703723, 0.003537
2.700100, 4.032528, 0.099348
2.700100, 6.320849, -0.129323
2.700100, 2.760914, -0.011512
2.700100, 2.829886, 0.019472
2.700100, 8.787990, 0.104539
2.700100, 3.461359, -0.071414
2.700100, 2.700019, -0.000020
2.700100, 3.455614, 0.071058
2.700100, 8.826346, -0.103910
2.700100, 2.831081, -0.019605
2.700100, 2.759849, 0.011385
2.700100, 6.280418, 0.129409
2.700100, 4.047799, -0.099919
2.700100, 2.703982, -0.003610
2.700100, 3.023033, 0.038613
2.700100, 11.744420, 0.002159
2.700100, 3.032902, -0.039494
2.700100, 2.703569, 0.003489
2.700100, 4.022802, 0.098980
2.700100, 6.347063, -0.129260
2.700100, 2.761608, -0.011594
2.700100, 2.829206, 0.019395
2.700100, 8.766015, 0.104896
2.700100, 3.464675, -0.071619
2.700100, 2.700037, -0.000042
2.700100, 3.452894, 0.070888
2.700100, 8.844633, -0.103608
2.700100, 2.831657, -0.019669
2.700100, 2.759422, 0.011333
2.700100, 6.264096, 0.129440
2.700100, 4.054059, -0.100151
2.700100, 2.704097, -0.003639
2.700100, 3.020938, 0.038425
2.700100, 11.743108, 0.003091
2.700100, 3.035068, -0.039686
2.700100, 2.703505, 0.003466
2.700100, 4.018233, 0.098806
2.700100, 6.359506, -0.129228
2.700100, 2.761941, -0.011633
2.700100, 2.828971, 0.019368
2.700100, 8.758281, 0.105021
2.700100, 3.465847, -0.071691
2.700100, 2.700063, -0.000047
2.700100, 3.452569, 0.070868
2.700100, 8.846832, -0.103572
2.700100, 2.831730, -0.019676
2.700100, 2.759474, 0.011338
2.700100, 6.265897, 0.129437
2.700100, 4.053367, -0.100125
2.700100, 2.704095, -0.003635
2.700100, 3.021507, 0.038476
2.700100, 11.743509, 0.002838
2.700100, 3.034480, -0.039634
2.700100, 2.703551, 0.003476
2.700100, 4.020445, 0.098890
2.700100, 6.353474, -0.129243
2.700100, 2.761786, -0.011613
2.700100, 2.829264, 0.019400
2.700100, 8.767616, 0.104870
2.700100, 3.464436, -0.071603
2.700100, 2.700087, -0.000034
2.700100, 3.454758, 0.071004
2.700100, 8.832119, -0.103815
2.700100, 2.831273, -0.019624
2.700100, 2.759985, 0.011399
2.700100, 6.285175, 0.129400
2.700100, 4.045989, -0.099851
2.700100, 2.703977, -0.003598
2.700100, 3.024543, 0.038748
2.700100, 11.745071, 0.001492
2.700100, 3.031363, -0.039357
2.700100, 2.703691, 0.003515
2.700100, 4.028675, 0.099202
2.700100, 6.331200, -0.129299
2.700100, 2.761200, -0.011543
2.700100, 2.829977, 0.019479
2.700100, 8.790516, 0.104497
2.700100, 3.460984, -0.071390
2.700100, 2.700099, -0.000008
2.700100, 3.458620, 0.071244
2.700100, 8.806268, -0.104240
2.700100, 2.830468, -0.019534
2.700100, 2.760760, 0.011491
2.700100, 6.314506, 0.129337
2.700100, 4.034906, -0.099437
2.700100, 2.703795, -0.003545
2.700100, 3.028929, 0.039140
2.700100, 11.745617, -0.000433
2.700100, 3.026949, -0.038963
2.700100, 2.703878, 0.003569
2.700100, 4.039932, 0.099625
2.700100, 6.301148, -0.129367
2.700100, 2.760408, -0.011449
2.700100, 2.830844, 0.019576
2.700100, 8.818341, 0.104042
2.700100, 3.456813, -0.071132
2.700100, 2.700095, 0.000021
2.700100, 3.462671, 0.071494
2.700100, 8.779309, -0.104680
2.700100, 2.829628, -0.019441
2.700100, 2.761498, 0.011579
2.700100, 6.342502, 0.129271
2.700100, 4.024487, -0.099044
2.700100, 2.703620, -0.003495
2.700100, 3.032976, 0.039500
2.700100, 11.744383, -0.002190
2.700100, 3.022966, -0.038607
2.700100, 2.704041, 0.003617
2.700100, 4.049894, 0.099996
2.700100, 6.274946, -0.129420
2.700100, 2.759714, -0.011367
2.700100, 2.831530, 0.019653
2.700100, 8.840391, 0.103678
2.700100, 3.453527, -0.070927
2.700100, 2.700077, 0.000042
2.700100, 3.465357, 0.071660
2.700100, 8.761523, -0.104968
2.700100, 2.829074, -0.019379
2.700100, 2.761914, 0.011629
2.700100, 6.358400, 0.129231
2.700100, 4.018638, -0.098821
2.700100, 2.703517, -0.003467
2.700100, 3.035087, 0.039688
2.700100, 11.743094, -0.003099
2.700100, 3.020921, -0.038423
2.700100, 2.704112, 0.003641
2.700100, 4.054578, 0.100170
2.700100, 6.262753, -0.129442
2.700100, 2.759389, -0.011329
2.700100, 2.831767, 0.019681
2.700100, 8.848065, 0.103551
2.700100, 3.452385, -0.070856
2.700100, 2.700051, 0.000047
2.700100, 3.465650, 0.071679
2.700100, 8.759580, -0.105000
2.700100, 2.829009, -0.019373
2.700100, 2.761852, 0.011623
2.700100, 6.356219, 0.129236
2.700100, 4.019436, -0.098852
2.700100, 2.703520, -0.003472
2.700100, 3.034433, 0.039630
2.700100, 11.743540, -0.002819
2.700100, 3.021550, -0.038480
2.700100, 2.704059, 0.003630
2.700100, 4.052087, 0.100078
2.700100, 6.269222, -0.129430
2.700100, 2.759555, -0.011349
2.700100, 2.831458, 0.019647
2.700100, 8.838329, 0.103713
2.700100, 3.453830, -0.070947
2.700100, 2.700027, 0.000034
2.700100, 3.463430, 0.071542
2.700100, 8.774248, -0.104762
2.700100, 2.829460, -0.019424
2.700100, 2.761336, 0.011562
2.700100, 6.336807, 0.129285
2.700100, 4.026591, -0.099124
2.700100, 2.703628, -0.003508
2.700100, 3.031279, 0.039350
2.700100, 11.745101, -0.001457
2.700100, 3.024619, -0.038755
2.700100, 2.703906, 0.003590
2.700100, 4.043454, 0.099757
2.700100, 6.291835, -0.129386
2.700100, 2.760149, -0.011421
2.700100, 2.830725, 0.019566
2.700100, 8.814959, 0.104098
2.700100, 3.457314, -0.071163
2.700100, 2.700015, 0.000008
2.700100, 3.459543, 0.071301
2.700100, 8.800073, -0.104341
2.700100, 2.830261, -0.019514
2.700100, 2.760562, 0.011470
2.700100, 6.307523, 0.129353
2.700100, 4.037525, -0.099536
2.700100, 2.703805, -0.003561
2.700100, 3.026873, 0.038957
2.700100, 11.745612, 0.000465
2.700100, 3.028998, -0.039147
2.700100, 2.703717, 0.003535
2.700100, 4.032145, 0.099333
2.700100, 6.321874, -0.129321
2.700100, 2.760941, -0.011515
2.700100, 2.829857, 0.019469
2.700100, 8.787082, 0.104553
2.700100, 3.461495, -0.071422
2.700100, 2.700019, -0.000021
2.700100, 3.455490, 0.071050
2.700100, 8.827174, -0.103897
2.700100, 2.831107, -0.019608
2.700100, 2.759827, 0.011382
2.700100, 6.279612, 0.129411
2.700100, 4.048107, -0.099930
2.700100, 2.703987, -0.003612
2.700100, 3.022923, 0.038603
2.700100, 11.744363, 0.002208
2.700100, 3.033015, -0.039504
2.700100, 2.703565, 0.003488
2.700100, 4.022545, 0.098970
2.700100, 6.347761, -0.129258
2.700100, 2.761627, -0.011596
2.700100, 2.829190, 0.019394
2.700100, 8.765482, 0.104904
2.700100, 3.464755, -0.071624
2.700100, 2.700038, -0.000042
2.700100, 3.452840, 0.070885
2.700100, 8.844998, -0.103602
2.700100, 2.831669, -0.019670
2.700100, 2.759415, 0.011332
2.700100, 6.263841, 0.129440
2.700100, 4.054158, -0.100154
2.700100, 2.704099, -0.003639
2.700100, 3.020912, 0.038423
2.700100, 11.743089, 0.003103
2.700100, 3.035095, -0.039688
2.700100, 2.703505, 0.003466
2.700100, 4.018194, 0.098804
2.700100, 6.359612, -0.129228
2.700100, 2.761944, -0.011633
2.700100, 2.828972, 0.019368
2.700100, 8.758321, 0.105020
2.700100, 3.465841, -0.071690
2.700100, 2.700064, -0.000047
2.700100, 3.452605, 0.070870
2.700100, 8.846592, -0.103576
2.700100, 2.831723, -0.019675
2.700100, 2.759484, 0.011340
2.700100, 6.266293, 0.129436
2.700100, 4.053215, -0.100119
2.700100, 2.704093, -0.003634
2.700100, 3.021574, 0.038482
2.700100, 11.743555, 0.002809
2.700100, 3.034411, -0.039628
2.700100, 2.703554, 0.003477
2.700100, 4.020639, 0.098897
2.700100, 6.352948, -0.129245
2.700100, 2.761772, -0.011612
2.700100, 2.829283, 0.019402
2.700100, 8.768213, 0.104860
2.700100, 3.464346, -0.071598
2.700100, 2.700087, -0.000034
2.700100, 3.454869, 0.071011
2.700100, 8.831370, -0.103827
2.700100, 2.831250, -0.019622
2.700100, 2.760009, 0.011401
2.700100, 6.286070, 0.129398
2.700100, 4.045648, -0.099839
2.700100, 2.703972, -0.003597
2.700100, 3.024679, 0.038760
2.700100, 11.745118, 0.001432
2.700100, 3.031224, -0.039344
2.700100, 2.703697, 0.003517
2.700100, 4.029032, 0.099216
2.700100, 6.330239, -0.129301
2.700100, 2.761175, -0.011540
2.700100, 2.830006, 0.019483
2.700100, 8.791446, 0.104482
2.700100, 3.460844, -0.071381
2.700100, 2.700099, -0.000007
2.700100, 3.458765, 0.071253
2.700100, 8.805302, -0.104256
2.700100, 2.830438, -0.019531
2.700100, 2.760788, 0.011494
2.700100, 6.315554, 0.129335
2.700100, 4.034513, -0.099422
2.700100, 2.703788, -0.003543
2.700100, 3.029083, 0.039154
2.700100, 11.745601, -0.000501
2.700100, 3.026796, -0.038949
2.700100, 2.703884, 0.003571
2.700100, 4.040320, 0.099640
2.700100, 6.300120, -0.129369
2.700100, 2.760381, -0.011446
2.700100, 2.830872, 0.019579
2.700100, 8.819250, 0.104027
2.700100, 3.456678, -0.071123
2.700100, 2.700095, 0.000022
2.700100, 3.462793, 0.071502
2.700100, 8.778498, -0.104693
2.700100, 2.829603, -0.019438
2.700100, 2.761519, 0.011581
2.700100, 6.343297, 0.129269
2.700100, 4.024194, -0.099032
2.700100, 2.703615, -0.003493
2.700100, 3.033087, 0.039510
2.700100, 11.744325, -0.002238
2.700100, 3.022857, -0.038597
2.700100, 2.704045, 0.003619
2.700100, 4.050160, 0.100006
2.700100, 6.274252, -0.129421
2.700100, 2.759696, -0.011364
2.700100, 2.831547, 0.019655
2.700100, 8.840926, 0.103670
2.700100, 3.453447, -0.070922
2.700100, 2.700076, 0.000042
2.700100, 3.465410, 0.071664
2.700100, 8.761173, -0.104974
2.700100, 2.829063, -0.019378
2.700100, 2.761920, 0.011630
2.700100, 6.358640, 0.129230
2.700100, 4.018550, -0.098818
2.700100, 2.703516, -0.003467
2.700100, 3.035112, 0.039690
2.700100, 11.743077, -0.003110
2.700100, 3.020897, -0.038421
2.700100, 2.704112, 0.003641
2.700100, 4.054614, 0.100171
2.700100, 6.262659, -0.129442
2.700100, 2.759386, -0.011328
2.700100, 2.831765, 0.019680
2.700100, 8.848017, 0.103552
2.700100, 3.452392, -0.070857
2.700100, 2.700050, 0.000047
2.700100, 3.465613, 0.071676
2.700100, 8.759822, -0.104996
2.700100, 2.829016, -0.019374
2.700100, 2.761841, 0.011621
2.700100, 6.355815, 0.129237
2.700100, 4.019585, -0.098857
2.700100, 2.703522, -0.003473
2.700100, 3.034361, 0.039623
2.700100, 11.743586, -0.002788
2.700100, 3.021619, -0.038486
2.700100, 2.704055, 0.003629
2.700100, 4.051879, 0.100070
2.700100, 6.269764, -0.129429
2.700100, 2.759569, -0.011351
2.700100, 2.831439, 0.019645
2.700100, 8.837715, 0.103723
2.700100, 3.453921, -0.070952
2.700100, 2.700027, 0.000033
2.700100, 3.463317, 0.071535
2.700100, 8.774995, -0.104750
2.700100, 2.829483, -0.019427
2.700100, 2.761312, 0.011559
2.700100, 6.335911, 0.129287
2.700100, 4.026923, -0.099136
2.700100, 2.703633, -0.003510
2.700100, 3.031140, 0.039337
2.700100, 11.745147, -0.001397
2.700100, 3.024756, -0.038768
2.700100, 2.703900, 0.003588
2.700100, 4.043086, 0.099743
2.700100, 6.292803, -0.129384
2.700100, 2.760174, -0.011424
2.700100, 2.830696, 0.019562
2.700100, 8.814018, 0.104113
2.700100, 3.457454, -0.071172
2.700100, 2.700015, 0.000007
2.700100, 3.459398, 0.071292
2.700100, 8.801043, -0.104326
2.700100, 2.830291, -0.019517
2.700100, 2.760534, 0.011467
2.700100, 6.306477, 0.129355
2.700100, 4.037919, -0.099550
2.700100, 2.703812, -0.003563
2.700100, 3.026720, 0.038943
2.700100, 11.745594, 0.000532
2.700100, 3.029151, -0.039160
2.700100, 2.703710, 0.003533
2.700100, 4.031764, 0.099319
2.700100, 6.322895, -0.129318
2.700100, 2.760968, -0.011519
2.700100, 2.829829, 0.019466
2.700100, 8.786181, 0.104568
2.700100, 3.461631, -0.071431
2.700100, 2.700020, -0.000022
2.700100, 3.455369, 0.071042
2.700100, 8.827991, -0.103883
2.700100, 2.831133, -0.019611
2.700100, 2.759807, 0.011380
2.700100, 6.278820, 0.129412
2.700100, 4.048410, -0.099942
2.700100, 2.703993, -0.003613
2.700100, 3.022816, 0.038594
2.700100, 11.744306, 0.002256
2.700100, 3.033125, -0.039514
2.700100, 2.703561, 0.003487
2.700100, 4.022294, 0.098960
2.700100, 6.348442, -0.129256
2.700100, 2.761645, -0.011599
2.700100, 2.829174, 0.019392
2.700100, 8.764966, 0.104913
2.700100, 3.464833, -0.071628
2.700100, 2.700039, -0.000043
2.700100, 3.452788, 0.070882
2.700100, 8.845344, -0.103596
2.700100, 2.831679, -0.019671
2.700100, 2.759409, 0.011332
2.700100, 6.263609, 0.129441
2.700100, 4.054247, -0.100158
2.700100, 2.704101, -0.003640
2.700100, 3.020889, 0.038421
2.700100, 11.743072, 0.003113
2.700100, 3.035119, -0.039691
2.700100, 2.703504, 0.003466
2.700100, 4.018163, 0.098803
2.700100, 6.359695, -0.129227
2.700100, 2.761946, -0.011633
2.700100, 2.828974, 0.019369
2.700100, 8.758382, 0.105019
2.700100, 3.465832, -0.071690
2.700100, 2.700064, -0.000047
2.700100, 3.452643, 0.070872
2.700100, 8.846332, -0.103580
2.700100, 2.831715, -0.019674
2.700100, 2.759495, 0.011341
2.700100, 6.266710, 0.129435
2.700100, 4.053055, -0.100114
2.700100, 2.704091, -0.003633
2.700100, 3.021644, 0.038488
2.700100, 11.743601, 0.002777
2.700100, 3.034338, -0.039621
2.700100, 2.703558, 0.003477
2.700100, 4.020840, 0.098905
2.700100, 6.352402, -0.129246
2.700100, 2.761758, -0.011610
2.700100, 2.829302, 0.019404
2.700100, 8.768826, 0.104850
2.700100, 3.464253, -0.071592
2.700100, 2.700088, -0.000033
2.700100, 3.454983, 0.071018
2.700100, 8.830607, -0.103840
2.700100, 2.831226, -0.019619
2.700100, 2.760033, 0.011404
2.700100, 6.286978, 0.129396
2.700100, 4.045302, -0.099826
2.700100, 2.703966, -0.003595
2.700100, 3.024817, 0.038773
2.700100, 11.745164, 0.001371
2.700100, 3.031084, -0.039332
2.700100, 2.703703, 0.003518
2.700100, 4.029393, 0.099229
2.700100, 6.329268, -0.129303
2.700100, 2.761150, -0.011537
2.700100, 2.830035, 0.019486
2.700100, 8.792382, 0.104467
2.700100, 3.460703, -0.071373
2.700100, 2.700099, -0.000006
2.700100, 3.458910, 0.071262
2.700100, 8.804334, -0.104272
2.700100, 2.830407, -0.019527
2.700100, 2.760816, 0.011497
2.700100, 6.316601, 0.129333
2.700100, 4.034121, -0.099407
2.700100, 2.703782, -0.003541
2.700100, 3.029237, 0.039167
2.700100, 11.745581, -0.000568
2.700100, 3.026643, -0.038936
2.700100, 2.703891, 0.003573
2.700100, 4.040706, 0.099654
2.700100, 6.299098, -0.129371
2.700100, 2.760354, -0.011442
2.700100, 2.830900, 0.019583
2.700100, 8.820152, 0.104012
2.700100, 3.456543, -0.071115
2.700100, 2.700095, 0.000023
2.700100, 3.462914, 0.071509
2.700100, 8.777697, -0.104706
2.700100, 2.829578, -0.019435
2.700100, 2.761539, 0.011584
2.700100, 6.344077, 0.129267
2.700100, 4.023906, -0.099021
2.700100, 2.703610, -0.003492
2.700100, 3.033197, 0.039520
2.700100, 11.744268, -0.002286
2.700100, 3.022751, -0.038588
2.700100, 2.704049, 0.003620
2.700100, 4.050419, 0.100016
2.700100, 6.273576, -0.129422
2.700100, 2.759678, -0.011362
2.700100, 2.831563, 0.019657
2.700100, 8.841445, 0.103661
2.700100, 3.453370, -0.070918
2.700100, 2.700076, 0.000043
2.700100, 3.465460, 0.071667
2.700100, 8.760841, -0.104979
2.700100, 2.829052, -0.019377
2.700100, 2.761926, 0.011631
2.700100, 6.358857, 0.129230
2.700100, 4.018471, -0.098815
2.700100, 2.703514, -0.003467
2.700100, 3.035134, 0.039692
2.700100, 11.743061, -0.003119
2.700100, 3.020876, -0.038419
2.700100, 2.704112, 0.003641
2.700100, 4.054641, 0.100172
2.700100, 6.262589, -0.129443
2.700100, 2.759384, -0.011328
2.700100, 2.831763, 0.019680
2.700100, 8.847948, 0.103553
2.700100, 3.452403, -0.070857
2.700100, 2.700049, 0.000047
2.700100, 3.465573, 0.071674
2.700100, 8.760083, -0.104992
2.700100, 2.829024, -0.019375
2.700100, 2.761830, 0.011620
2.700100, 6.355389, 0.129239
2.700100, 4.019741, -0.098863
2.700100, 2.703524, -0.003474
2.700100, 3.034287, 0.039617
2.700100, 11.743634, -0.002756
2.700100, 3.021690, -0.038493
2.700100, 2.704052, 0.003628
2.700100, 4.051664, 0.100062
2.700100, 6.270325, -0.129428
2.700100, 2.759584, -0.011353
2.700100, 2.831419, 0.019643
2.700100, 8.837084, 0.103733
2.700100, 3.454015, -0.070958
2.700100, 2.700026, 0.000033
2.700100, 3.463203, 0.071528
2.700100, 8.775754, -0.104738
2.700100, 2.829506, -0.019429
2.700100, 2.761288, 0.011557
2.700100, 6.335003, 0.129290
2.700100, 4.027260, -0.099149
2.700100, 2.703638, -0.003511
2.700100, 3.030999, 0.039325
2.700100, 11.745191, -0.001336
2.700100, 3.024895, -0.038780
2.700100, 2.703893, 0.003586
2.700100, 4.042716, 0.099730
2.700100, 6.293779, -0.129382
2.700100, 2.760200, -0.011427
2.700100, 2.830666, 0.019559
2.700100, 8.813072, 0.104129
2.700100, 3.457596, -0.071181
2.700100, 2.700015, 0.000006
2.700100, 3.459252, 0.071283
2.700100, 8.802013, -0.104310
2.700100, 2.830321, -0.019521
2.700100, 2.760507, 0.011464
2.700100, 6.305434, 0.129358
2.700100, 4.038312, -0.099565
2.700100, 2.703819, -0.003565
2.700100, 3.026568, 0.038930
2.700100, 11.745574, 0.000599
2.700100, 3.029304, -0.039174
2.700100, 2.703704, 0.003532
2.700100, 4.031386, 0.099305
2.700100, 6.323910, -0.129316
2.700100, 2.760995, -0.011522
2.700100, 2.829802, 0.019463
2.700100, 8.785288, 0.104583
2.700100, 3.461765, -0.071439
2.700100, 2.700020, -0.000023
2.700100, 3.455249, 0.071035
2.700100, 8.828797, -0.103870
2.700100, 2.831158, -0.019614
2.700100, 2.759786, 0.011377
2.700100, 6.278043, 0.129414
2.700100, 4.048707, -0.099953
2.700100, 2.703998, -0.003614
2.700100, 3.022711, 0.038584
2.700100, 11.744249, 0.002302
2.700100, 3.033233, -0.039523
2.700100, 2.703558, 0.003486
2.700100, 4.022050, 0.098951
2.700100, 6.349106, -0.129255
2.700100, 2.761663, -0.011601
2.700100, 2.829159, 0.019390
2.700100, 8.764468, 0.104921
2.700100, 3.464909, -0.071633
2.700100, 2.700039, -0.000043
2.700100, 3.452740, 0.070879
2.700100, 8.845670, -0.103591
2.700100, 2.831690, -0.019672
2.700100, 2.759404, 0.011331
2.700100, 6.263398, 0.129441
2.700100, 4.054329, -0.100161
2.700100, 2.704103, -0.003640
2.700100, 3.020869, 0.038419
2.700100, 11.743057, 0.003122
2.700100, 3.035140, -0.039692
2.700100, 2.703504, 0.003465
2.700100, 4.018141, 0.098802
2.700100, 6.359757, -0.129227
2.700100, 2.761948, -0.011634
2.700100, 2.828977, 0.019369
2.700100, 8.758463, 0.105018
2.700100, 3.465820, -0.071689
2.700100, 2.700065, -0.000047
2.700100, 3.452685, 0.070875
2.700100, 8.846052, -0.103585
2.700100, 2.831706, -0.019673
2.700100, 2.759507, 0.011342
2.700100, 6.267147, 0.129434
2.700100, 4.052886, -0.100107
2.700100, 2.704088, -0.003632
2.700100, 3.021717, 0.038495
2.700100, 11.743649, 0.002745
2.700100, 3.034263, -0.039614
2.700100, 2.703561, 0.003478
2.700100, 4.021047, 0.098913
2.700100, 6.351836, -0.129248
2.700100, 2.761743, -0.011608
2.700100, 2.829321, 0.019407
2.700100, 8.769454, 0.104840
2.700100, 3.464158, -0.071586
2.700100, 2.700089, -0.000032
2.700100, 3.455099, 0.071025
2.700100, 8.829832, -0.103853
2.700100, 2.831202, -0.019616
2.700100, 2.760057, 0.011407
2.700100, 6.287897, 0.129394
2.700100, 4.044953, -0.099813
2.700100, 2.703960, -0.003593
2.700100, 3.024956, 0.038785
2.700100, 11.745208, 0.001310
2.700100, 3.030942, -0.039319
2.700100, 2.703709, 0.003520
2.700100, 4.029758, 0.099243
2.700100, 6.328289, -0.129306
2.700100, 2.761124, -0.011534
2.700100, 2.830065, 0.019489
2.700100, 8.793322, 0.104452
2.700100, 3.460562, -0.071364
2.700100, 2.700099, -0.000005
2.700100, 3.459055, 0.071271
2.700100, 8.803366, -0.104287
2.700100, 2.830377, -0.019524
2.700100, 2.760843, 0.011501
2.700100, 6.317644, 0.129330
2.700100, 4.033730, -0.099393
2.700100, 2.703775, -0.003539
2.700100, 3.029390, 0.039181
2.700100, 11.745560, -0.000634
2.700100, 3.026491, -0.038922
2.700100, 2.703897, 0.003575
2.700100, 4.041091, 0.099669
2.700100, 6.298081, -0.129373
2.700100, 2.760327, -0.011439
2.700100, 2.830928, 0.019586
2.700100, 8.821046, 0.103997
2.700100, 3.456409, -0.071106
2.700100, 2.700094, 0.000023
2.700100, 3.463033, 0.071517
2.700100, 8.776909, -0.104719
2.700100, 2.829554, -0.019432
2.700100, 2.761559, 0.011586
2.700100, 6.344841, 0.129265
2.700100, 4.023624, -0.099011
2.700100, 2.703606, -0.003491
2.700100, 3.033304, 0.039529
2.700100, 11.744211, -0.002332
2.700100, 3.022647, -0.038578
2.700100, 2.704053, 0.003621
2.700100, 4.050672, 0.100025
2.700100, 6.272917, -0.129423
2.700100, 2.759660, -0.011360
2.700100, 2.831579, 0.019659
2.700100, 8.841945, 0.103653
2.700100, 3.453296, -0.070913
2.700100, 2.700075, 0.000043
2.700100, 3.465507, 0.071670
2.700100, 8.760530, -0.104984
2.700100, 2.829042, -0.019376
2.700100, 2.761931, 0.011631
2.700100, 6.359052, 0.129229
2.700100, 4.018399, -0.098812
2.700100, 2.703512, -0.003466
2.700100, 3.035152, 0.039693
2.700100, 11.743048, -0.003127
2.700100, 3.020858, -0.038418
2.700100, 2.704112, 0.003641
2.700100, 4.054659, 0.100173
2.700100, 6.262541, -0.129443
2.700100, 2.759383, -0.011328
2.700100, 2.831760, 0.019680
2.700100, 8.847858, 0.103555
2.700100, 3.452416, -0.070858
2.700100, 2.700048, 0.000046
2.700100, 3.465531, 0.071671
2.700100, 8.760365, -0.104987
2.700100, 2.829033, -0.019376
2.700100, 2.761818, 0.011619
2.700100, 6.354943, 0.129240
2.700100, 4.019904, -0.098869
2.700100, 2.703526, -0.003475
2.700100, 3.034210, 0.039610
2.700100, 11.743683, -0.002723
2.700100, 3.021765, -0.038499
2.700100, 2.704047, 0.003627
2.700100, 4.051441, 0.100054
2.700100, 6.270905, -0.129427
2.700100, 2.759599, -0.011355
2.700100, 2.831398, 0.019640
2.700100, 8.836437, 0.103744
2.700100, 3.454111, -0.070964
2.700100, 2.700026, 0.000032
2.700100, 3.463086, 0.071521
2.700100, 8.776527, -0.104725
2.700100, 2.829530, -0.019432
2.700100, 2.761264, 0.011554
2.700100, 6.334084, 0.129292
2.700100, 4.027601, -0.099162
2.700100, 2.703644, -0.003513
2.700100, 3.030857, 0.039312
2.700100, 11.745235, -0.001274
2.700100, 3.025034, -0.038793
2.700100, 2.703887, 0.003584
2.700100, 4.042343, 0.099716
2.700100, 6.294763, -0.129380
2.700100, 2.760226, -0.011430
2.700100, 2.830637, 0.019556
2.700100, 8.812122, 0.104144
2.700100, 3.457738, -0.071190
2.700100, 2.700015, 0.000005
2.700100, 3.459106, 0.071274
2.700100, 8.802984, -0.104294
2.700100, 2.830351, -0.019524
2.700100, 2.760480, 0.011460
2.700100, 6.304393, 0.129360
2.700100, 4.038704, -0.099580
2.700100, 2.703825, -0.003567
2.700100, 3.026417, 0.038916
2.700100, 11.745551, 0.000665
2.700100, 3.029457, -0.039187
2.700100, 2.703698, 0.003530
2.700100, 4.031010, 0.099290
2.700100, 6.324918, -0.129314
2.700100, 2.761022, -0.011525
2.700100, 2.829774, 0.019459
2.700100, 8.784404, 0.104597
2.700100, 3.461899, -0.071447
2.700100, 2.700021, -0.000024
2.700100, 3.455130, 0.071027
2.700100, 8.829590, -0.103857
2.700100, 2.831183, -0.019617
2.700100, 2.759766, 0.011375
2.700100, 6.277282, 0.129415
2.700100, 4.048998, -0.099963
2.700100, 2.704003, -0.003616
2.700100, 3.022608, 0.038575
2.700100, 11.744192, 0.002348
2.700100, 3.033339, -0.039533
2.700100, 2.703554, 0.003484
2.700100, 4.021812, 0.098942
2.700100, 6.349752, -0.129253
2.700100, 2.761680, -0.011603
2.700100, 2.829144, 0.019388
2.700100, 8.763987, 0.104928
2.700100, 3.464982, -0.071637
2.700100, 2.700040, -0.000044
2.700100, 3.452695, 0.070876
2.700100, 8.845975, -0.103586
2.700100, 2.831700, -0.019673
2.700100, 2.759399, 0.011330
2.700100, 6.263210, 0.129441
2.700100, 4.054401, -0.100163
2.700100, 2.704104, -0.003640
2.700100, 3.020853, 0.038418
2.700100, 11.743045, 0.003129
2.700100, 3.035157, -0.039694
2.700100, 2.703505, 0.003465
2.700100, 4.018127, 0.098802
2.700100, 6.359795, -0.129227
2.700100, 2.761949, -0.011634
2.700100, 2.828980, 0.019369
2.700100, 8.758564, 0.105016
2.700100, 3.465805, -0.071688
2.700100, 2.700066, -0.000046
2.700100, 3.452730, 0.070878
2.700100, 8.845751, -0.103590
2.700100, 2.831697, -0.019672
2.700100, 2.759519, 0.011344
2.700100, 6.267606, 0.129433
2.700100, 4.052710, -0.100101
2.700100, 2.704085, -0.003631
2.700100, 3.021793, 0.038502
2.700100, 11.743699, 0.002711
2.700100, 3.034184, -0.039607
2.700100, 2.703565, 0.003479
2.700100, 4.021262, 0.098921
2.700100, 6.351252, -0.129249
2.700100, 2.761728, -0.011606
2.700100, 2.829341, 0.019409
2.700100, 8.770098, 0.104829
2.700100, 3.464061, -0.071580
2.700100, 2.700089, -0.000031
2.700100, 3.455216, 0.071032
2.700100, 8.829044, -0.103866
2.700100, 2.831177, -0.019614
2.700100, 2.760082, 0.011410
2.700100, 6.288826, 0.129392
2.700100, 4.044600, -0.099800
2.700100, 2.703955, -0.003592
2.700100, 3.025097, 0.038798
2.700100, 11.745251, 0.001248
2.700100, 3.030799, -0.039306
2.700100, 2.703715, 0.003522
2.700100, 4.030125, 0.099257
2.700100, 6.327301, -0.129308
2.700100, 2.761098, -0.011531
2.700100, 2.830094, 0.019492
2.700100, 8.794268, 0.104436
2.700100, 3.460420, -0.071355
2.700100, 2.700100, -0.000004
2.700100, 3.459200, 0.071280
2.700100, 8.802398, -0.104303
2.700100, 2.830347, -0.019521
2.700100, 2.760871, 0.011504
2.700100, 6.318685, 0.129328
2.700100, 4.033341, -0.099378
2.700100, 2.703769, -0.003537
2.700100, 3.029543, 0.039194
2.700100, 11.745536, -0.000701
2.700100, 3.026339, -0.038909
2.700100, 2.703903, 0.003577
2.700100, 4.041473, 0.099683
2.700100, 6.297071, -0.129375
2.700100, 2.760300, -0.011436
2.700100, 2.830956, 0.019589
2.700100, 8.821932, 0.103983
2.700100, 3.456277, -0.071098
2.700100, 2.700094, 0.000024
2.700100, 3.463150, 0.071524
2.700100, 8.776133, -0.104731
2.700100, 2.829529, -0.019430
2.700100, 2.761579, 0.011589
2.700100, 6.345590, 0.129263
2.700100, 4.023347, -0.099000
2.700100, 2.703601, -0.003489
2.700100, 3.033408, 0.039538
2.700100, 11.744154, -0.002377
2.700100, 3.022546, -0.038569
2.700100, 2.704057, 0.003622
2.700100, 4.050917, 0.100034
2.700100, 6.272276, -0.129425
2.700100, 2.759643, -0.011358
2.700100, 2.831594, 0.019661
2.700100, 8.842427, 0.103645
2.700100, 3.453224, -0.070908
2.700100, 2.700074, 0.000044
2.700100, 3.465552, 0.071672
2.700100, 8.760237, -0.104989
2.700100, 2.829033, -0.019375
2.700100, 2.761935, 0.011632
2.700100, 6.359225, 0.129229
2.700100, 4.018336, -0.098810
2.700100, 2.703511, -0.003466
2.700100, 3.035167, 0.039695
2.700100, 11.743037, -0.003134
2.700100, 3.020844, -0.038417
2.700100, 2.704112, 0.003641
2.700100, 4.054669, 0.100173
2.700100, 6.262516, -0.129443
2.700100, 2.759382, -0.011328
2.700100, 2.831756, 0.019680
2.700100, 8.847747, 0.103557
2.700100, 3.452432, -0.070859
2.700100, 2.700047, 0.000046
2.700100, 3.465485, 0.071668
2.700100, 8.760667, -0.104982
2.700100, 2.829042, -0.019377
2.700100, 2.761806, 0.011617
2.700100, 6.354477, 0.129241
2.700100, 4.020075, -0.098876
2.700100, 2.703529, -0.003476
2.700100, 3.034129, 0.039603
2.700100, 11.743733, -0.002688
2.700100, 3.021843, -0.038506
2.700100, 2.704043, 0.003626
2.700100, 4.051212, 0.100045
2.700100, 6.271503, -0.129426
2.700100, 2.759615, -0.011357
2.700100, 2.831378, 0.019638
2.700100, 8.835775, 0.103755
2.700100, 3.454210, -0.070970
2.700100, 2.700025, 0.000031
2.700100, 3.462968, 0.071513
2.700100, 8.777311, -0.104712
2.700100, 2.829555, -0.019435
2.700100, 2.761239, 0.011551
2.700100, 6.333154, 0.129294
2.700100, 4.027946, -0.099175
2.700100, 2.703649, -0.003515
2.700100, 3.030713, 0.039299
2.700100, 11.745276, -0.001212
2.700100, 3.025175, -0.038805
2.700100, 2.703881, 0.003583
2.700100, 4.041967, 0.099702
2.700100, 6.295756, -0.129378
2.700100, 2.760252, -0.011433
2.700100, 2.830607, 0.019553
2.700100, 8.811167, 0.104160
2.700100, 3.457881, -0.071198
2.700100, 2.700015, 0.000004
2.700100, 3.458961, 0.071265
2.700100, 8.803955, -0.104278
2.700100, 2.830382, -0.019527
2.700100, 2.760452, 0.011457
2.700100, 6.303356, 0.129362
2.700100, 4.039095, -0.099594
2.700100, 2.703832, -0.003569
2.700100, 3.026267, 0.038903
2.700100, 11.745526, 0.000731
2.700100, 3.029608, -0.039201
2.700100, 2.703692, 0.003528
2.700100, 4.030636, 0.099276
2.700100, 6.325921, -0.129311
2.700100, 2.761048, -0.011528
2.700100, 2.829747, 0.019456
2.700100, 8.783528, 0.104611
2.700100, 3.462030, -0.071455
2.700100, 2.700021, -0.000025
2.700100, 3.455014, 0.071020
2.700100, 8.830371, -0.103844
2.700100, 2.831208, -0.019619
2.700100, 2.759747, 0.011373
2.700100, 6.276537, 0.129417
2.700100, 4.049283, -0.099974
2.700100, 2.704008, -0.003617
2.700100, 3.022508, 0.038566
2.700100, 11.744136, 0.002393
2.700100, 3.033442, -0.039542
2.700100, 2.703551, 0.003483
2.700100, 4.021581, 0.098933
2.700100, 6.350380, -0.129251
2.700100, 2.761697, -0.011605
2.700100, 2.829130, 0.019387
2.700100, 8.763525, 0.104936
2.700100, 3.465052, -0.071642
2.700100, 2.700041, -0.000044
2.700100, 3.452652, 0.070873
2.700100, 8.846261, -0.103581
2.700100, 2.831709, -0.019674
2.700100, 2.759395, 0.011330
2.700100, 6.263044, 0.129442
2.700100, 4.054465, -0.100166
2.700100, 2.704106, -0.003641
2.700100, 3.020840, 0.038416
2.700100, 11.743035, 0.003135
2.700100, 3.035171, -0.039695
2.700100, 2.703505, 0.003465
2.700100, 4.018121, 0.098801
2.700100, 6.359812, -0.129227
2.700100, 2.761950, -0.011634
2.700100, 2.828984, 0.019370
2.700100, 8.758686, 0.105014
2.700100, 3.465786, -0.071687
2.700100, 2.700067, -0.000046
2.700100, 3.452777, 0.070881
2.700100, 8.845431, -0.103595
2.700100, 2.831687, -0.019671
2.700100, 2.759532, 0.011345
2.700100, 6.268084, 0.129433
2.700100, 4.052526, -0.100094
2.700100, 2.704083, -0.003630
2.700100, 3.021871, 0.038509
2.700100, 11.743749, 0.002676
2.700100, 3.034103, -0.039600
2.700100, 2.703569, 0.003481
2.700100, 4.021484, 0.098929
2.700100, 6.350650, -0.129251
2.700100, 2.761712, -0.011605
2.700100, 2.829362, 0.019411
2.700100, 8.770758, 0.104819
2.700100, 3.463961, -0.071574
2.700100, 2.700090, -0.000031
2.700100, 3.455335, 0.071040
2.700100, 8.828244, -0.103879
2.700100, 2.831152, -0.019611
2.700100, 2.760107, 0.011413
2.700100, 6.289766, 0.129390
2.700100, 4.044242, -0.099786
2.700100, 2.703949, -0.003590
2.700100, 3.025240, 0.038810
2.700100, 11.745292, 0.001185
2.700100, 3.030655, -0.039294
2.700100, 2.703721, 0.003524
2.700100, 4.030496, 0.099271
2.700100, 6.326306, -0.129310
2.700100, 2.761072, -0.011528
2.700100, 2.830124, 0.019496
2.700100, 8.795218, 0.104421
2.700100, 3.460277, -0.071346
2.700100, 2.700100, -0.000003
2.700100, 3.459345, 0.071289
2.700100, 8.801431, -0.104319
2.700100, 2.830317, -0.019517
2.700100, 2.760898, 0.011507
2.700100, 6.319722, 0.129326
2.700100, 4.032953, -0.099363
2.700100, 2.703762, -0.003536
2.700100, 3.029694, 0.039208
2.700100, 11.745510, -0.000767
2.700100, 3.026189, -0.038895
2.700100, 2.703910, 0.003578
2.700100, 4.041853, 0.099697
2.700100, 6.296067, -0.129377
2.700100, 2.760274, -0.011433
2.700100, 2.830983, 0.019592
2.700100, 8.822809, 0.103968
2.700100, 3.456146, -0.071090
2.700100, 2.700093, 0.000025
2.700100, 3.463265, 0.071531
2.700100, 8.775369, -0.104744
2.700100, 2.829506, -0.019427
2.700100, 2.761598, 0.011591
2.700100, 6.346323, 0.129262
2.700100, 4.023077, -0.098990
2.700100, 2.703596, -0.003488
2.700100, 3.033510, 0.039547
2.700100, 11.744098, -0.002421
2.700100, 3.022447, -0.038560
2.700100, 2.704061, 0.003624
2.700100, 4.051156, 0.100043
2.700100, 6.271653, -0.129426
2.700100, 2.759627, -0.011356
2.700100, 2.831608, 0.019662
2.700100, 8.842890, 0.103637
2.700100, 3.453155, -0.070904
2.700100, 2.700073, 0.000044
2.700100, 3.465593, 0.071675
2.700100, 8.759965, -0.104993
2.700100, 2.829025, -0.019374
2.700100, 2.761939, 0.011632
2.700100, 6.359376, 0.129228
2.700100, 4.018281, -0.098808
2.700100, 2.703510, -0.003466
2.700100, 3.035178, 0.039696
2.700100, 11.743029, -0.003139
2.700100, 3.020833, -0.038416
2.700100, 2.704112, 0.003641
2.700100, 4.054670, 0.100173
2.700100, 6.262514, -0.129443
2.700100, 2.759382, -0.011328
2.700100, 2.831752, 0.019679
2.700100, 8.847615, 0.103559
2.700100, 3.452452, -0.070861
2.700100, 2.700047, 0.000046
2.700100, 3.465436, 0.071665
2.700100, 8.760987, -0.104977
2.700100, 2.829052, -0.019378
2.700100, 2.761793, 0.011616
2.700100, 6.353991, 0.129242
2.700100, 4.020254, -0.098883
2.700100, 2.703531, -0.003477
2.700100, 3.034046, 0.039595
2.700100, 11.743784, -0.002653
2.700100, 3.021923, -0.038514
2.700100, 2.704039, 0.003625
2.700100, 4.050975, 0.100037
2.700100, 6.272121, -0.129425
2.700100, 2.759631, -0.011359
2.700100, 2.831356, 0.019636
2.700100, 8.835098, 0.103766
2.700100, 3.454310, -0.070976
2.700100, 2.700024, 0.000030
2.700100, 3.462847, 0.071506
2.700100, 8.778108, -0.104699
2.700100, 2.829579, -0.019438
2.700100, 2.761215, 0.011548
2.700100, 6.332215, 0.129296
2.700100, 4.028295, -0.099188
2.700100, 2.703655, -0.003517
2.700100, 3.030569, 0.039286
2.700100, 11.745316, -0.001149
2.700100, 3.025318, -0.038818
2.700100, 2.703874, 0.003581
2.700100, 4.041589, 0.099688
2.700100, 6.296755, -0.129376
2.700100, 2.760278, -0.011436
2.700100, 2.830577, 0.019549
2.700100, 8.810209, 0.104176
2.700100, 3.458024, -0.071207
2.700100, 2.700015, 0.000003
2.700100, 3.458815, 0.071256
2.700100, 8.804926, -0.104262
2.700100, 2.830412, -0.019531
2.700100, 2.760425, 0.011454
2.700100, 6.302321, 0.129364
2.700100, 4.039485, -0.099609
2.700100, 2.703838, -0.003571
2.700100, 3.026117, 0.038889
2.700100, 11.745499, 0.000797
2.700100, 3.029759, -0.039214
2.700100, 2.703686, 0.003526
2.700100, 4.030265, 0.099262
2.700100, 6.326916, -0.129309
2.700100, 2.761075, -0.011531
2.700100, 2.829720, 0.019453
2.700100, 8.782662, 0.104625
2.700100, 3.462161, -0.071463
2.700100, 2.700022, -0.000026
2.700100, 3.454900, 0.071013
2.700100, 8.831139, -0.103831
2.700100, 2.831232, -0.019622
2.700100, 2.759728, 0.011370
2.700100, 6.275807, 0.129418
2.700100, 4.049562, -0.099984
2.700100, 2.704013, -0.003618
2.700100, 3.022410, 0.038557
2.700100, 11.744079, 0.002436
2.700100, 3.033543, -0.039551
2.700100, 2.703547, 0.003482
2.700100, 4.021356, 0.098925
2.700100, 6.350990, -0.129250
2.700100, 2.761713, -0.011606
2.700100, 2.829116, 0.019385
2.700100, 8.763081, 0.104943
2.700100, 3.465119, -0.071646
2.700100, 2.700042, -0.000044
2.700100, 3.452613, 0.070871
2.700100, 8.846527, -0.103577
2.700100, 2.831717, -0.019675
2.700100, 2.759391, 0.011329
2.700100, 6.262900, 0.129442
2.700100, 4.054521, -0.100168
2.700100, 2.704107, -0.003641
2.700100, 3.020830, 0.038415
2.700100, 11.743027, 0.003140
2.700100, 3.035181, -0.039696
2.700100, 2.703505, 0.003465
2.700100, 4.018123, 0.098802
2.700100, 6.359806, -0.129227
2.700100, 2.761950, -0.011634
2.700100, 2.828989, 0.019370
2.700100, 8.758829, 0.105012
2.700100, 3.465765, -0.071686
2.700100, 2.700068, -0.000046
2.700100, 3.452828, 0.070884
2.700100, 8.845091, -0.103601
2.700100, 2.831677, -0.019670
2.700100, 2.759545, 0.011347
2.700100, 6.268583, 0.129432
2.700100, 4.052335, -0.100087
2.700100, 2.704080, -0.003629
2.700100, 3.021953, 0.038516
2.700100, 11.743801, 0.002640
2.700100, 3.034019, -0.039593
2.700100, 2.703573, 0.003482
2.700100, 4.021712, 0.098938
2.700100, 6.350029, -0.129252
2.700100, 2.761696, -0.011603
2.700100, 2.829383, 0.019413
2.700100, 8.771432, 0.104808
2.700100, 3.463859, -0.071568
2.700100, 2.700090, -0.000030
2.700100, 3.455456, 0.071047
2.700100, 8.827432, -0.103892
2.700100, 2.831127, -0.019608
2.700100, 2.760132, 0.011416
2.700100, 6.290717, 0.129388
2.700100, 4.043881, -0.099773
2.700100, 2.703943, -0.003588
2.700100, 3.025383, 0.038823
2.700100, 11.745331, 0.001122
2.700100, 3.030509, -0.039281
2.700100, 2.703728, 0.003525
2.700100, 4.030869, 0.099285
2.700100, 6.325304, -0.129313
2.700100, 2.761045, -0.011525
2.700100, 2.830153, 0.019499
2.700100, 8.796171, 0.104405
2.700100, 3.460134, -0.071337
2.700100, 2.700100, -0.000002
2.700100, 3.459490, 0.071298
2.700100, 8.800464, -0.104335
2.700100, 2.830287, -0.019514
2.700100, 2.760925, 0.011510
2.700100, 6.320755, 0.129323
2.700100, 4.032567, -0.099349
2.700100, 2.703756, -0.003534
2.700100, 3.029846, 0.039221
2.700100, 11.745482, -0.000833
2.700100, 3.026039, -0.038882
2.700100, 2.703916, 0.003580
2.700100, 4.042231, 0.099711
2.700100, 6.295070, -0.129379
2.700100, 2.760247, -0.011430
2.700100, 2.831010, 0.019595
2.700100, 8.823677, 0.103954
2.700100, 3.456016, -0.071082
2.700100, 2.700093, 0.000026
2.700100, 3.463379, 0.071538
2.700100, 8.774618, -0.104756
2.700100, 2.829482, -0.019424
2.700100, 2.761617, 0.011593
2.700100, 6.347039, 0.129260
2.700100, 4.022813, -0.098980
2.700100, 2.703592, -0.003487
2.700100, 3.033609, 0.039556
2.700100, 11.744042, -0.002463
2.700100, 3.022351, -0.038552
2.700100, 2.704064, 0.003625
2.700100, 4.051388, 0.100052
2.700100, 6.271048, -0.129427
2.700100, 2.759611, -0.011354
2.700100, 2.831622, 0.019664
2.700100, 8.843336, 0.103630
2.700100, 3.453089, -0.070900
2.700100, 2.700072, 0.000044
2.700100, 3.465631, 0.071677
2.700100, 8.759712, -0.104997
2.700100, 2.829017, -0.019373
2.700100, 2.761942, 0.011633
2.700100, 6.359505, 0.129228
2.700100, 4.018233, -0.098806
2.700100, 2.703509, -0.003466
2.700100, 3.035187, 0.039696
2.700100, 11.743023, -0.003142
2.700100, 3.020825, -0.038415
2.700100, 2.704111, 0.003641
2.700100, 4.054662, 0.100173
2.700100, 6.262534, -0.129443
2.700100, 2.759382, -0.011328
2.700100, 2.831747, 0.019679
2.700100, 8.847462, 0.103561
2.700100, 3.452475, -0.070862
2.700100, 2.700046, 0.000046
2.700100, 3.465385, 0.071662
2.700100, 8.761328, -0.104971
2.700100, 2.829062, -0.019379
2.700100, 2.761779, 0.011614
2.700100, 6.353485, 0.129243
2.700100, 4.020440, -0.098890
2.700100, 2.703534, -0.003478
2.700100, 3.033960, 0.039588
2.700100, 11.743836, -0.002616
2.700100, 3.022006, -0.038521
2.700100, 2.704035, 0.003624
2.700100, 4.050731, 0.100028
2.700100, 6.272756, -0.129424
2.700100, 2.759648, -0.011361
2.700100, 2.831334, 0.019633
2.700100, 8.834405, 0.103777
2.700100, 3.454413, -0.070983
2.700100, 2.700024, 0.000029
2.700100, 3.462725, 0.071498
2.700100, 8.778917, -0.104686
2.700100, 2.829604, -0.019440
2.700100, 2.761189, 0.011545
2.700100, 6.331265, 0.129299
2.700100, 4.028647, -0.099201
2.700100, 2.703660, -0.003518
2.700100, 3.030423, 0.039273
2.700100, 11.745354, -0.001086
2.700100, 3.025462, -0.038831
2.700100, 2.703868, 0.003579
2.700100, 4.041209, 0.099673
2.700100, 6.297761, -0.129374
2.700100, 2.760305, -0.011440
2.700100, 2.830547, 0.019546
2.700100, 8.809247, 0.104191
2.700100, 3.458168, -0.071216
2.700100, 2.700015, 0.000002
2.700100, 3.458670, 0.071247
2.700100, 8.805897, -0.104246
2.700100, 2.830442, -0.019534
2.700100, 2.760398, 0.011451
2.700100, 6.301291, 0.129366
2.700100, 4.039874, -0.099623
2.700100, 2.703845, -0.003573
2.700100, 3.025969, 0.038876
2.700100, 11.745470, 0.000862
2.700100, 3.029910, -0.039228
2.700100, 2.703680, 0.003524
2.700100, 4.029897, 0.099249
2.700100, 6.327904, -0.129307
2.700100, 2.761101, -0.011534
2.700100, 2.829694, 0.019450
2.700100, 8.781805, 0.104639
2.700100, 3.462290, -0.071471
2.700100, 2.700022, -0.000027
2.700100, 3.454787, 0.071006
2.700100, 8.831895, -0.103819
2.700100, 2.831255, -0.019625
2.700100, 2.759709, 0.011368
2.700100, 6.275095, 0.129419
2.700100, 4.049835, -0.099994
2.700100, 2.704018, -0.003620
2.700100, 3.022315, 0.038549
2.700100, 11.744024, 0.002478
2.700100, 3.033641, -0.039560
2.700100, 2.703544, 0.003481
2.700100, 4.021139, 0.098917
2.700100, 6.351581, -0.129248
2.700100, 2.761729, -0.011608
2.700100, 2.829103, 0.019384
2.700100, 8.762656, 0.104950
2.700100, 3.465183, -0.071650
2.700100, 2.700043, -0.000045
2.700100, 3.452577, 0.070868
2.700100, 8.846772, -0.103573
2.700100, 2.831725, -0.019676
2.700100, 2.759388, 0.011329
2.700100, 6.262779, 0.129442
2.700100, 4.054567, -0.100169
2.700100, 2.704108, -0.003641
2.700100, 3.020823, 0.038415
2.700100, 11.743022, 0.003143
2.700100, 3.035188, -0.039697
2.700100, 2.703506, 0.003465
2.700100, 4.018133, 0.098802
2.700100, 6.359777, -0.129227
2.700100, 2.761949, -0.011634
2.700100, 2.828994, 0.019371
2.700100, 8.758992, 0.105009
2.700100, 3.465740, -0.071684
2.700100, 2.700069, -0.000046
2.700100, 3.452881, 0.070887
2.700100, 8.844731, -0.103607
2.700100, 2.831665, -0.019669
2.700100, 2.759559, 0.011348
2.700100, 6.269101, 0.129431
2.700100, 4.052136, -0.100080
2.700100, 2.704076, -0.003628
2.700100, 3.022037, 0.038524
2.700100, 11.743853, 0.002603
2.700100, 3.033932, -0.039585
2.700100, 2.703577, 0.003483
2.700100, 4.021947, 0.098947
2.700100, 6.349389, -0.129254
2.700100, 2.761679, -0.011601
