init_r,r,ur
2.688140,3.264377,0.058254
2.688140,10.279208,-0.074310
2.688140,2.882726,-0.025397
2.688140,2.694760,0.003576
2.688140,3.884956,0.093461
2.688140,6.759245,-0.127577
2.688140,2.770151,-0.013143
2.688140,2.749278,0.010666
2.688140,5.969582,0.129600
2.688140,4.176742,-0.104476
2.688140,2.701651,-0.004742
2.688140,2.834348,0.020392
2.688140,8.992958,0.101120
2.688140,3.430413,-0.069577
2.688140,2.687031,-0.001318
2.688140,3.065258,0.042449
2.688140,11.679262,-0.015801
2.688140,2.992633,-0.035997
2.688140,2.686926,0.001840
2.688140,3.502490,0.074018
2.688140,8.517860,-0.108793
2.688140,2.819276,-0.018786
2.688140,2.704433,0.005179
2.688140,4.291054,0.108053
2.688140,5.736001,-0.129098
2.688140,2.743033,-0.009937
2.688140,2.773788,0.013590
2.688140,6.898999,0.126723
2.688140,3.844182,-0.091683
2.688140,2.693613,-0.003431
2.688140,2.884129,0.025547
2.688140,10.311328,0.073493
2.688140,3.260496,-0.057973
2.688140,2.687784,-0.000014
2.688140,3.256651,0.057691
2.688140,10.343336,-0.072670
2.688140,2.885581,-0.025694
2.688140,2.693394,0.003394
2.688140,3.835140,0.091279
2.688140,6.931222,-0.126507
2.688140,2.774641,-0.013692
2.688140,2.741962,0.009810
2.688140,5.695725,0.128951
2.688140,4.312534,-0.108683
2.688140,2.704984,-0.005257
2.688140,2.817410,0.018585
2.688140,8.456744,0.109704
2.688140,3.512401,-0.074608
2.688140,2.686974,-0.001904
2.688140,2.984692,0.035267
2.688140,11.642970,0.019631
2.688140,3.075147,-0.043298
2.688140,2.687069,0.001250
2.688140,3.421468,0.069006
2.688140,9.055716,-0.100027
2.688140,2.836418,-0.020610
2.688140,2.701309,0.004687
2.688140,4.162512,0.104003
2.688140,6.001138,-0.129624
2.688140,2.750118,-0.010765
2.688140,2.769555,0.013071
2.688140,6.736517,0.127703
2.688140,3.891834,-0.093754
2.688140,2.694934,-0.003602
2.688140,2.881871,0.025310
2.688140,10.259913,0.074796
2.688140,3.266699,-0.058423
2.688140,2.688152,-0.000015
2.688140,3.262444,0.058113
2.688140,10.295286,-0.073902
2.688140,2.883446,-0.025470
2.688140,2.694673,0.003560
2.688140,3.881198,0.093299
2.688140,6.771767,-0.127506
2.688140,2.770482,-0.013182
2.688140,2.748895,0.010621
2.688140,5.955117,0.129585
2.688140,4.183356,-0.104693
2.688140,2.701815,-0.004767
2.688140,2.833537,0.020306
2.688140,8.968183,0.101546
2.688140,3.433978,-0.069803
2.688140,2.687024,-0.001344
2.688140,3.061579,0.042132
2.688140,11.690986,-0.014348
2.688140,2.995687,-0.036276
2.688140,2.686921,0.001817
2.688140,3.499144,0.073818
2.688140,8.538715,-0.108478
2.688140,2.819918,-0.018855
2.688140,2.704297,0.005158
2.688140,4.285572,0.107890
2.688140,5.746453,-0.129133
2.688140,2.743313,-0.009970
2.688140,2.773646,0.013572
2.688140,6.893503,0.126759
2.688140,3.845738,-0.091752
2.688140,2.693661,-0.003436
2.688140,2.884207,0.025554
2.688140,10.313011,0.073450
2.688140,3.260295,-0.057958
2.688140,2.687807,-0.000010
2.688140,3.257610,0.057761
2.688140,10.335361,-0.072876
2.688140,2.885220,-0.025657
2.688140,2.693507,0.003410
2.688140,3.839399,0.091470
2.688140,6.915991,-0.126610
2.688140,2.774241,-0.013643
2.688140,2.742564,0.009881
2.688140,5.718257,0.129035
2.688140,4.300448,-0.108330
2.688140,2.704678,-0.005212
2.688140,2.818584,0.018711
2.688140,8.495191,0.109133
2.688140,3.506148,-0.074236
2.688140,2.686951,-0.001863
2.688140,2.989950,0.035751
2.688140,11.667947,0.017087
2.688140,3.068547,-0.042732
2.688140,2.687053,0.001296
2.688140,3.427755,0.069407
2.688140,9.011524,-0.100798
2.688140,2.834960,-0.020456
2.688140,2.701597,0.004731
2.688140,4.174163,0.104391
2.688140,5.975260,-0.129605
2.688140,2.749433,-0.010683
2.688140,2.770160,0.013142
2.688140,6.759372,0.127576
2.688140,3.884919,-0.093459
2.688140,2.694775,-0.003574
2.688140,2.883233,0.025448
2.688140,10.290489,0.074024
2.688140,3.263022,-0.058155
2.688140,2.688178,0.000014
2.688140,3.266964,0.058442
2.688140,10.257725,-0.074851
2.688140,2.881777,-0.025300
2.688140,2.695017,0.003613
2.688140,3.894813,0.093881
2.688140,6.726750,-0.127757
2.688140,2.769302,-0.013039
2.688140,2.750568,0.010817
2.688140,6.017964,0.129633
2.688140,4.155032,-0.103752
2.688140,2.701135,-0.004657
2.688140,2.837683,0.020743
2.688140,9.093728,0.099355
2.688140,3.416108,-0.068662
2.688140,2.687102,-0.001208
2.688140,3.081407,0.043831
2.688140,11.616626,-0.021999
2.688140,2.979857,-0.034820
2.688140,2.687026,0.001946
2.688140,3.519241,0.075011
2.688140,8.415156,-0.110315
2.688140,2.816150,-0.018447
2.688140,2.705451,0.005320
2.688140,4.330345,0.109195
2.688140,5.663118,-0.128818
2.688140,2.741099,-0.009707
2.688140,2.775446,0.013787
2.688140,6.961385,0.126299
2.688140,3.826791,-0.090904
2.688140,2.693208,-0.003359
2.688140,2.887405,0.025878
2.688140,10.382924,0.071637
2.688140,3.251901,-0.057341
2.688140,2.687815,0.000052
2.688140,3.266281,0.058395
2.688140,10.263238,-0.074713
2.688140,2.881983,-0.025328
2.688140,2.694030,0.003496
2.688140,3.860787,0.092415
2.688140,6.841003,-0.127093
2.688140,2.772259,-0.013406
2.688140,2.745113,0.010183
2.688140,5.814174,0.129331
2.688140,4.250925,-0.106841
2.688140,2.703420,-0.005030
2.688140,2.823357,0.019225
2.688140,8.649765,0.106768
2.688140,3.481631,-0.072761
2.688140,2.686875,-0.001699
2.688140,3.010953,0.037662
2.688140,11.732048,0.007245
2.688140,3.044132,-0.040613
2.688140,2.686942,0.001463
2.688140,3.449350,0.070770
2.688140,8.862850,-0.103326
2.688140,2.830116,-0.019944
2.688140,2.702267,0.004845
2.688140,4.202984,0.105331
2.688140,5.912905,-0.129531
2.688140,2.747759,-0.010490
2.688140,2.770901,0.013237
2.688140,6.788393,0.127410
2.688140,3.876236,-0.093086
2.688140,2.694495,-0.003547
2.688140,2.882398,0.025366
2.688140,10.272130,0.074489
2.688140,3.265222,-0.058316
2.688140,2.688018,-0.000020
2.688140,3.259561,0.057903
2.688140,10.319213,-0.073291
2.688140,2.884509,-0.025581
2.688140,2.694158,0.003492
2.688140,3.862392,0.092484
2.688140,6.835505,-0.127127
2.688140,2.772143,-0.013386
2.688140,2.746149,0.010300
2.688140,5.852290,0.129421
2.688140,4.232072,-0.106255
2.688140,2.702988,-0.004955
2.688140,2.826688,0.019579
2.688140,8.755399,0.105088
2.688140,3.465424,-0.071768
2.688140,2.686932,-0.001577
2.688140,3.028340,0.039218
2.688140,11.746039,-0.000509
2.688140,3.026009,-0.039011
2.688140,2.686927,0.001594
2.688140,3.467688,0.071908
2.688140,8.740480,-0.105328
2.688140,2.826216,-0.019529
2.688140,2.703069,0.004968
2.688140,4.235414,0.106359
2.688140,5.845467,-0.129406
2.688140,2.745966,-0.010279
2.688140,2.772233,0.013397
2.688140,6.838972,0.127106
2.688140,3.861384,-0.092440
2.688140,2.694126,-0.003489
2.688140,2.884452,0.025575
2.688140,10.318001,0.073322
2.688140,3.259706,-0.057913
2.688140,2.688002,0.000018
2.688140,3.264569,0.058269
2.688140,10.277549,-0.074352
2.688140,2.882638,-0.025391
2.688140,2.694415,0.003536
2.688140,3.873247,0.092957
2.688140,6.798477,-0.127350
2.688140,2.771164,-0.013269
2.688140,2.747347,0.010442
2.688140,5.897478,0.129506
2.688140,4.210284,-0.105565
2.688140,2.702444,-0.004874
2.688140,2.829120,0.019838
2.688140,8.831845,0.103840
2.688140,3.453947,-0.071057
2.688140,2.686931,-0.001496
2.688140,3.039344,0.040192
2.688140,11.738770,-0.005234
2.688140,3.015386,-0.038061
2.688140,2.686881,0.001667
2.688140,3.477210,0.072492
2.688140,8.678307,-0.106319
2.688140,2.824251,-0.019320
2.688140,2.703268,0.005006
2.688140,4.244595,0.106645
2.688140,5.826869,-0.129363
2.688140,2.745455,-0.010222
2.688140,2.772116,0.013388
2.688140,6.835389,0.127128
2.688140,3.862419,-0.092486
2.688140,2.694086,-0.003500
2.688140,2.882228,0.025353
2.688140,10.268674,0.074576
2.688140,3.265629,-0.058347
2.688140,2.687851,-0.000043
2.688140,3.253726,0.057475
2.688140,10.367733,-0.072035
2.688140,2.886706,-0.025807
2.688140,2.693400,0.003387
2.688140,3.834106,0.091233
2.688140,6.934943,-0.126482
2.688140,2.774750,-0.013703
2.688140,2.742120,0.009827
2.688140,5.701354,0.128972
2.688140,4.309500,-0.108594
2.688140,2.704920,-0.005244
2.688140,2.818072,0.018655
2.688140,8.478314,0.109385
2.688140,3.508887,-0.074399
2.688140,2.686982,-0.001878
2.688140,2.988325,0.035601
2.688140,11.660623,0.017871
2.688140,3.070567,-0.042905
2.688140,2.687079,0.001284
2.688140,3.426502,0.069328
2.688140,9.020304,-0.100646
2.688140,2.835252,-0.020486
2.688140,2.701630,0.004733
2.688140,4.174996,0.104418
2.688140,5.973428,-0.129603
2.688140,2.749391,-0.010677
2.688140,2.770391,0.013168
2.688140,6.767823,0.127528
2.688140,3.882383,-0.093350
2.688140,2.694739,-0.003561
2.688140,2.884405,0.025566
2.688140,10.316414,0.073362
2.688140,3.259909,-0.057926
2.688140,2.688237,0.000044
2.688140,3.272021,0.058809
2.688140,10.215784,-0.075895
2.688140,2.879943,-0.025112
2.688140,2.695491,0.003682
2.688140,3.913067,0.094650
2.688140,6.667840,-0.128063
2.688140,2.767763,-0.012852
2.688140,2.752890,0.011088
2.688140,6.105060,0.129635
2.688140,4.117461,-0.102466
2.688140,2.700259,-0.004508
2.688140,2.844003,0.021407
2.688140,9.280052,0.095961
2.688140,3.390417,-0.066992
2.688140,2.687278,-0.001004
2.688140,3.112014,0.046400
2.688140,11.455954,-0.032959
2.688140,2.958137,-0.032788
2.688140,2.687464,0.002158
2.688140,3.556744,0.077183
2.688140,8.195388,-0.113407
2.688140,2.809614,-0.017728
2.688140,2.708611,0.005736
2.688140,4.449205,0.112400
2.688140,5.462270,-0.127713
2.688140,2.735784,-0.009067
2.688140,2.780661,0.014398
2.688140,7.155655,0.124824
2.688140,3.775519,-0.088539
2.688140,2.692102,-0.003136
2.688140,2.899928,0.027131
2.688140,10.638255,0.064569
2.688140,3.221223,-0.055047
2.688140,2.688028,0.000298
2.688140,3.304035,0.061102
2.688140,9.952578,-0.082124
2.688140,2.868934,-0.023988
2.688140,2.697003,0.003941
2.688140,3.977139,0.097255
2.688140,6.473308,-0.128895
2.688140,2.762639,-0.012240
2.688140,2.758901,0.011797
2.688140,6.331848,0.129316
2.688140,4.027813,-0.099213
2.688140,2.698173,-0.004147
2.688140,2.859615,0.023030
2.688140,9.713335,0.087356
2.688140,3.333833,-0.063182
2.688140,2.687752,-0.000545
2.688140,3.182807,0.052095
2.688140,10.950719,-0.054675
2.688140,2.917624,-0.028886
2.688140,2.689893,0.002745
2.688140,3.681562,0.083923
2.688140,7.556271,-0.121089
2.688140,2.791510,-0.015672
2.688140,2.723351,0.007569
2.688140,4.997404,0.122985
2.688140,4.803393,-0.119948
2.688140,2.718124,-0.006933
2.688140,2.796464,0.016246
2.688140,7.735651,0.119137
2.688140,3.643801,-0.081960
2.688140,2.689009,-0.002586
2.688140,2.925041,0.029614
2.688140,11.064774,0.050586
2.688140,3.168209,-0.050949
2.688140,2.687537,0.000625
2.688140,3.341601,0.063717
2.688140,9.652047,-0.088639
2.688140,2.857298,-0.022794
2.688140,2.697999,0.004144
2.688140,4.024392,0.099085
2.688140,6.341051,-0.129294
2.688140,2.759105,-0.011830
2.688140,2.761260,0.012085
2.688140,6.422627,0.129065
2.688140,3.994861,-0.097951
2.688140,2.697311,-0.004025
2.688140,2.862503,0.023331
2.688140,9.789566,0.085730
2.688140,3.324238,-0.062519
2.688140,2.687682,-0.000484
2.688140,3.190022,0.052658
2.688140,10.893105,-0.056630
2.688140,2.914091,-0.028540
2.688140,2.690016,0.002786
2.688140,3.689528,0.084330
2.688140,7.519827,-0.121466
2.688140,2.790496,-0.015557
2.688140,2.723989,0.007650
2.688140,5.021677,0.123317
2.688140,4.781396,-0.119558
2.688140,2.717515,-0.006861
2.688140,2.796600,0.016266
2.688140,7.741130,0.119075
2.688140,3.642679,-0.081902
2.688140,2.688914,-0.002589
2.688140,2.923082,0.029424
2.688140,11.035815,0.051655
2.688140,3.171951,-0.051245
2.688140,2.687428,0.000585
2.688140,3.334197,0.063210
2.688140,9.710308,-0.087421
2.688140,2.859461,-0.023022
2.688140,2.697161,0.004030
2.688140,3.993045,0.097881
2.688140,6.427723,-0.129049
2.688140,2.761351,-0.012106
2.688140,2.757709,0.011674
2.688140,6.289805,0.129410
2.688140,4.043588,-0.099806
2.688140,2.698352,-0.004233
2.688140,2.850984,0.022143
2.688140,9.479693,0.092126
2.688140,3.363839,-0.065227
2.688140,2.687214,-0.000822
2.688140,3.135931,0.048364
2.688140,11.301167,-0.040843
2.688140,2.943080,-0.031358
2.688140,2.687695,0.002297
2.688140,3.580414,0.078519
2.688140,8.063580,-0.115154
2.688140,2.805749,-0.017304
2.688140,2.710197,0.005949
2.688140,4.509827,0.113896
2.688140,5.369866,-0.127028
2.688140,2.733303,-0.008774
2.688140,2.782189,0.014583
2.688140,7.213493,0.124341
2.688140,3.761025,-0.087851
2.688140,2.691682,-0.003085
2.688140,2.900134,0.027155
2.688140,10.642523,0.064445
2.688140,3.220699,-0.055009
2.688140,2.687852,0.000282
2.688140,3.298825,0.060735
2.688140,9.994944,-0.081157
2.688140,2.870623,-0.024166
2.688140,2.696149,0.003829
2.688140,3.945907,0.096005
2.688140,6.565790,-0.128536
2.688140,2.765030,-0.012536
2.688140,2.754822,0.011325
2.688140,6.179355,0.129581
2.688140,4.086842,-0.101385
2.688140,2.699453,-0.004396
2.688140,2.846399,0.021661
2.688140,9.349622,0.094649
2.688140,3.381047,-0.066374
2.688140,2.687218,-0.000945
2.688140,3.119249,0.046998
2.688140,11.411412,-0.035406
2.688140,2.953413,-0.032342
2.688140,2.687457,0.002193
2.688140,3.561513,0.077455
2.688140,8.168385,-0.113771
2.688140,2.808808,-0.017642
2.688140,2.708647,0.005746
2.688140,4.451434,0.112457
2.688140,5.458755,-0.127689
2.688140,2.735675,-0.009057
2.688140,2.780290,0.014358
2.688140,7.142525,0.124931
2.688140,3.778850,-0.088696
2.688140,2.692117,-0.003157
2.688140,2.897335,0.026875
2.688140,10.587917,0.066024
2.688140,3.227287,-0.055506
2.688140,2.687902,0.000240
2.688140,3.293832,0.060379
2.688140,10.035797,-0.080212
2.688140,2.872297,-0.024337
2.688140,2.695970,0.003795
2.688140,3.937889,0.095678
2.688140,6.590239,-0.128430
2.688140,2.765678,-0.012612
2.688140,2.754180,0.011248
2.688140,6.154999,0.129605
2.688140,4.096737,-0.101738
2.688140,2.699695,-0.004434
2.688140,2.845035,0.021518
2.688140,9.310348,0.095393
2.688140,3.386319,-0.066723
2.688140,2.687195,-0.000985
2.688140,3.113333,0.046510
2.688140,11.447973,-0.033410
2.688140,2.957257,-0.032706
2.688140,2.687353,0.002152
2.688140,3.553981,0.077026
2.688140,8.211081,-0.113194
2.688140,2.810060,-0.017781
2.688140,2.707960,0.005657
2.688140,4.425709,0.111796
2.688140,5.499803,-0.127958
2.688140,2.736764,-0.009188
2.688140,2.779251,0.014236
2.688140,7.103845,0.125240
2.688140,3.788784,-0.089161
2.688140,2.692335,-0.003200
2.688140,2.894996,0.026641
2.688140,10.541267,0.067344
2.688140,3.232898,-0.055928
2.688140,2.687874,0.000196
2.688140,3.287258,0.059910
2.688140,10.089759,-0.078945
2.688140,2.874529,-0.024567
2.688140,2.695469,0.003720
2.688140,3.918251,0.094868
2.688140,6.651356,-0.128145
2.688140,2.767276,-0.012806
2.688140,2.751904,0.010982
2.688140,6.069501,0.129643
2.688140,4.132563,-0.102989
2.688140,2.700529,-0.004577
2.688140,2.838906,0.020875
2.688140,9.130738,0.098695
2.688140,3.410922,-0.068329
2.688140,2.687025,-0.001180
2.688140,3.083950,0.044048
2.688140,11.605212,-0.022950
2.688140,2.977925,-0.034642
2.688140,2.686931,0.001949
2.688140,3.518080,0.074944
2.688140,8.422148,-0.110213
2.688140,2.816346,-0.018472
2.688140,2.704934,0.005259
2.688140,4.311978,0.108667
2.688140,5.696744,-0.128955
2.688140,2.741968,-0.009816
2.688140,2.773994,0.013621
2.688140,6.907821,0.126664
2.688140,3.841686,-0.091572
2.688140,2.693470,-0.003430
2.688140,2.881928,0.025327
2.688140,10.262503,0.074731
2.688140,3.266358,-0.058403
2.688140,2.687599,-0.000078
2.688140,3.244773,0.056815
2.688140,10.442239,-0.070061
2.688140,2.890166,-0.026161
2.688140,2.692291,0.003231
2.688140,3.792533,0.089337
2.688140,7.089361,-0.125354
2.688140,2.778824,-0.014195
2.688140,2.736092,0.009115
2.688140,5.475777,0.127803
2.688140,4.440666,-0.112183
2.688140,2.708308,-0.005715
2.688140,2.807727,0.017529
2.688140,8.132542,0.114250
2.688140,3.567899,-0.077817
2.688140,2.687383,-0.002246
2.688140,2.945014,0.031545
2.688140,11.323276,0.039812
2.688140,3.132692,-0.048101
2.688140,2.687055,0.000827
2.688140,3.361904,0.065098
2.688140,9.494425,-0.091835
2.688140,2.851490,-0.022200
2.688140,2.697680,0.004150
2.688140,4.019789,0.098912
2.688140,6.353475,-0.129263
2.688140,2.759345,-0.011878
2.688140,2.758372,0.011763
2.688140,6.316622,0.129352
2.688140,4.033459,-0.099428
2.688140,2.698005,-0.004205
2.688140,2.849312,0.021973
2.688140,9.433443,0.093034
2.688140,3.369902,-0.065635
2.688140,2.687007,-0.000890
2.688140,3.123326,0.047335
2.688140,11.385332,-0.036764
2.688140,2.950799,-0.032096
2.688140,2.687180,0.002179
2.688140,3.554972,0.077084
2.688140,8.205353,-0.113272
2.688140,2.809854,-0.017766
2.688140,2.707022,0.005550
2.688140,4.392849,0.110927
2.688140,5.554010,-0.128281
2.688140,2.738160,-0.009366
2.688140,2.776682,0.013944
2.688140,7.009671,0.125955
2.688140,3.813635,-0.090309
2.688140,2.692740,-0.003323
2.688140,2.884817,0.025622
2.688140,10.327214,0.073086
2.688140,3.258571,-0.057834
2.688140,2.687484,-0.000035
2.688140,3.248808,0.057115
2.688140,10.408553,-0.070961
2.688140,2.888566,-0.026001
2.688140,2.692220,0.003234
2.688140,3.791842,0.089305
2.688140,7.091997,-0.125334
2.688140,2.778878,-0.014205
2.688140,2.735538,0.009052
2.688140,5.455492,0.127667
2.688140,4.453499,-0.112510
2.688140,2.708629,-0.005762
2.688140,2.806439,0.017389
2.688140,8.088791,0.114826
2.688140,3.575797,-0.078262
2.688140,2.687428,-0.002296
2.688140,2.938981,0.030968
2.688140,11.252682,0.043020
2.688140,3.142849,-0.048926
2.688140,2.686981,0.000745
2.688140,3.349133,0.064235
2.688140,9.592966,-0.089854
2.688140,2.855050,-0.022574
2.688140,2.696645,0.004003
2.688140,3.980153,0.097378
2.688140,6.464468,-0.128928
2.688140,2.762236,-0.012231
2.688140,2.754258,0.011283
2.688140,6.162182,0.129599
2.688140,4.093776,-0.101635
2.688140,2.699379,-0.004451
2.688140,2.837876,0.020777
2.688140,9.101442,0.099219
2.688140,3.414998,-0.068594
2.688140,2.686676,-0.001250
2.688140,3.068803,0.042757
2.688140,11.666983,-0.017194
2.688140,2.989709,-0.035732
2.688140,2.686488,0.001810
2.688140,3.490943,0.073328
2.688140,8.590151,-0.107694
2.688140,2.821432,-0.019033
2.688140,2.701936,0.004872
2.688140,4.201221,0.105277
2.688140,5.916570,-0.129538
2.688140,2.747707,-0.010518
2.688140,2.766433,0.012745
2.688140,6.625970,0.128268
2.688140,3.926288,-0.095205
2.688140,2.695188,-0.003807
2.688140,2.858434,0.022932
2.688140,9.685180,0.087949
2.688140,3.337342,-0.063431
2.688140,2.686753,-0.000687
2.688140,3.147048,0.049266
2.688140,11.222545,-0.044320
2.688140,2.936540,-0.030737
2.688140,2.687112,0.002277
2.688140,3.567788,0.077813
2.688140,8.133052,-0.114244
2.688140,2.807686,-0.017537
2.688140,2.706781,0.005538
2.688140,4.386832,0.110766
2.688140,5.564143,-0.128337
2.688140,2.738377,-0.009404
2.688140,2.774899,0.013747
2.688140,6.945090,0.126413
2.688140,3.831255,-0.091108
2.688140,2.692959,-0.003419
2.688140,2.875488,0.024683
2.688140,10.114797,0.078351
2.688140,3.284171,-0.059695
2.688140,2.687034,-0.000272
2.688140,3.208686,0.054101
2.688140,10.741216,-0.061487
2.688140,2.905329,-0.027686
2.688140,2.689367,0.002774
2.688140,3.676962,0.083691
2.688140,7.577365,-0.120869
2.688140,2.791985,-0.015750
2.688140,2.719796,0.007158
2.688140,4.868732,0.121050
2.688140,4.928169,-0.121982
2.688140,2.721399,-0.007353
2.688140,2.790541,0.015581
2.688140,7.524665,0.121417
2.688140,3.688436,-0.084277
2.688140,2.689649,-0.002821
2.688140,2.903523,0.027505
2.688140,10.707870,0.062502
2.688140,3.212746,-0.054411
2.688140,2.687091,0.000250
2.688140,3.281958,0.059536
2.688140,10.133073,-0.077913
2.688140,2.876267,-0.024761
2.688140,2.692993,0.003417
2.688140,3.831579,0.091122
2.688140,6.943928,-0.126421
2.688140,2.774877,-0.013743
2.688140,2.738656,0.009435
2.688140,5.574392,0.128393
2.688140,4.380804,-0.110602
2.688140,2.706632,-0.005516
2.688140,2.808388,0.017613
2.688140,8.156780,0.113928
2.688140,3.563548,-0.077573
2.688140,2.687092,-0.002250
2.688140,2.939895,0.031059
2.688140,11.263948,0.042524
2.688140,3.141249,-0.048798
2.688140,2.686798,0.000735
2.688140,3.344720,0.063936
2.688140,9.627293,-0.089151
2.688140,2.856289,-0.022708
2.688140,2.695770,0.003891
2.688140,3.948658,0.096120
2.688140,6.557326,-0.128573
2.688140,2.764639,-0.012527
2.688140,2.750222,0.010814
2.688140,6.011106,0.129631
2.688140,4.158029,-0.103856
2.688140,2.700876,-0.004707
2.688140,2.826973,0.019625
2.688140,8.766767,0.104905
2.688140,3.463674,-0.071664
2.688140,2.686477,-0.001619
2.688140,3.015500,0.038074
2.688140,11.738946,0.005174
2.688140,3.039186,-0.040181
2.688140,2.686551,0.001453
2.688140,3.441506,0.070282
2.688140,8.916101,-0.102433
2.688140,2.831771,-0.020133
2.688140,2.700212,0.004594
2.688140,4.129558,0.102888
2.688140,6.076443,-0.129644
2.688140,2.751971,-0.011016
2.688140,2.763712,0.012411
2.688140,6.521283,0.128718
2.688140,3.960713,-0.096605
2.688140,2.696122,-0.003932
2.688140,2.856345,0.022711
2.688140,9.628449,0.089127
2.688140,3.344578,-0.063925
2.688140,2.686907,-0.000721
2.688140,3.144923,0.049094
2.688140,11.237870,-0.043663
2.688140,2.937774,-0.030853
2.688140,2.687339,0.002295
2.688140,3.574083,0.078166
2.688140,8.098208,-0.114703
2.688140,2.806699,-0.017421
2.688140,2.708107,0.005700
2.688140,4.434782,0.112032
2.688140,5.485164,-0.127865
2.688140,2.736312,-0.009148
2.688140,2.777744,0.014075
2.688140,7.050261,0.125654
2.688140,3.802790,-0.089812
2.688140,2.692417,-0.003286
2.688140,2.884687,0.025612
2.688140,10.324644,0.073152
2.688140,3.258873,-0.057857
2.688140,2.687351,-0.000053
2.688140,3.244179,0.056773
2.688140,10.447080,-0.069931
2.688140,2.890372,-0.026186
2.688140,2.691658,0.003155
2.688140,3.770768,0.088317
2.688140,7.174358,-0.124671
2.688140,2.781065,-0.014467
2.688140,2.732441,0.008684
2.688140,5.339853,0.126781
2.688140,4.530410,-0.114384
2.688140,2.710665,-0.006029
2.688140,2.802298,0.016930
2.688140,7.945732,0.116646
2.688140,3.602395,-0.079736
2.688140,2.687768,-0.002442
2.688140,2.924681,0.029588
2.688140,11.060250,0.050755
2.688140,3.168765,-0.050998
2.688140,2.686863,0.000542
2.688140,3.318920,0.062156
2.688140,9.831779,-0.084814
2.688140,2.864034,-0.023510
2.688140,2.694454,0.003679
2.688140,3.894952,0.093892
2.688140,6.726111,-0.127762
2.688140,2.769085,-0.013059
2.688140,2.744869,0.010179
2.688140,5.809181,0.129319
2.688140,4.253401,-0.106918
2.688140,2.703280,-0.005063
2.688140,2.816868,0.018540
2.688140,8.441164,0.109935
2.688140,3.514929,-0.074760
2.688140,2.686620,-0.001964
2.688140,2.971028,0.034003
2.688140,11.560052,0.026379
2.688140,3.093285,-0.044839
2.688140,2.686775,0.001082
2.688140,3.393061,0.067169
2.688140,9.260348,-0.096329
2.688140,2.843256,-0.021342
2.688140,2.698540,0.004313
2.688140,4.058681,0.100366
2.688140,6.250450,-0.129484
2.688140,2.756594,-0.011559
2.688140,2.760170,0.011984
2.688140,6.385948,0.129176
2.688140,4.007952,-0.098460
2.688140,2.697322,-0.004112
2.688140,2.851032,0.022155
2.688140,9.482128,0.092079
2.688140,3.363503,-0.065207
2.688140,2.686923,-0.000854
2.688140,3.126884,0.047628
2.688140,11.362097,-0.037934
2.688140,2.948565,-0.031885
2.688140,2.687092,0.002186
2.688140,3.554383,0.077051
2.688140,8.208677,-0.113227
2.688140,2.809936,-0.017779
2.688140,2.706531,0.005493
2.688140,4.375466,0.110457
2.688140,5.583536,-0.128441
2.688140,2.738924,-0.009462
2.688140,2.775411,0.013799
2.688140,6.962864,0.126290
2.688140,3.826363,-0.090887
2.688140,2.692963,-0.003385
2.688140,2.880122,0.025150
2.688140,10.222154,0.075739
2.688140,3.271203,-0.058757
2.688140,2.687302,-0.000148
2.688140,3.230305,0.055738
2.688140,10.562589,-0.066745
2.688140,2.896004,-0.026752
2.688140,2.690877,0.003021
2.688140,3.738135,0.086750
2.688140,7.307589,-0.123514
2.688140,2.784650,-0.014890
2.688140,2.728273,0.008183
2.688140,5.183871,0.125281
2.688140,4.645436,-0.116927
2.688140,2.713765,-0.006418
2.688140,2.798195,0.016466
2.688140,7.800985,0.118386
2.688140,3.630589,-0.081262
2.688140,2.688308,-0.002576
2.688140,2.915262,0.028668
2.688140,10.913592,0.055944
2.688140,3.187426,-0.052462
2.688140,2.686875,0.000408
2.688140,3.300423,0.060856
2.688140,9.981467,-0.081467
2.688140,2.869966,-0.024121
2.688140,2.693423,0.003514
2.688140,3.853146,0.092083
2.688140,6.867368,-0.126929
2.688140,2.772816,-0.013505
2.688140,2.740237,0.009629
2.688140,5.634801,0.128693
2.688140,4.346101,-0.109643
2.688140,2.705680,-0.005398
2.688140,2.809404,0.017728
2.688140,8.191967,0.113454
2.688140,3.557307,-0.077219
2.688140,2.686931,-0.002225
2.688140,2.940689,0.031136
2.688140,11.273540,0.042097
2.688140,3.139881,-0.048688
2.688140,2.686714,0.000735
2.688140,3.343363,0.063844
2.688140,9.637869,-0.088933
2.688140,2.856669,-0.022749
2.688140,2.695415,0.003847
2.688140,3.936034,0.095606
2.688140,6.595775,-0.128406
2.688140,2.765634,-0.012650
2.688140,2.748528,0.010616
2.688140,5.947718,0.129578
2.688140,4.186717,-0.104806
2.688140,2.701563,-0.004819
2.688140,2.822777,0.019178
2.688140,8.633509,0.107022
2.688140,3.484136,-0.072917
2.688140,2.686458,-0.001765
2.688140,2.995258,0.036241
2.688140,11.689501,0.014541
2.688140,3.062048,-0.042175
2.688140,2.686634,0.001295
2.688140,3.420597,0.068954
2.688140,9.061677,-0.099923
2.688140,2.836549,-0.020638
2.688140,2.699510,0.004476
2.688140,4.099806,0.101849
2.688140,6.147436,-0.129612
2.688140,2.753861,-0.011237
2.688140,2.762383,0.012250
2.688140,6.470326,0.128907
2.688140,3.978122,-0.097298
2.688140,2.696576,-0.003997
2.688140,2.854745,0.022543
2.688140,9.584775,0.090021
2.688140,3.350185,-0.064307
2.688140,2.686941,-0.000757
2.688140,3.140533,0.048739
2.688140,11.269037,-0.042298
2.688140,2.940329,-0.031098
2.688140,2.687321,0.002274
2.688140,3.570791,0.077981
2.688140,8.116423,-0.114464
2.688140,2.807236,-0.017479
2.688140,2.707985,0.005681
2.688140,4.429835,0.111904
2.688140,5.493116,-0.127916
2.688140,2.736530,-0.009173
2.688140,2.777740,0.014073
2.688140,7.049829,0.125657
2.688140,3.802906,-0.089817
2.688140,2.692444,-0.003284
2.688140,2.885400,0.025683
2.688140,10.340212,0.072751
2.688140,3.257006,-0.057720
2.688140,2.687400,-0.000034
2.688140,3.247656,0.057031
2.688140,10.418121,-0.070707
2.688140,2.889007,-0.026047
2.688140,2.691955,0.003200
2.688140,3.782345,0.088862
2.688140,7.128764,-0.125043
2.688140,2.779849,-0.014322
2.688140,2.734048,0.008876
2.688140,5.399910,0.127264
2.688140,4.489650,-0.113409
2.688140,2.709579,-0.005888
2.688140,2.804270,0.017150
2.688140,8.014204,0.115787
2.688140,3.589515,-0.079027
2.688140,2.687583,-0.002374
2.688140,2.930947,0.030195
2.688140,11.148984,0.047344
2.688140,3.157073,-0.050069
2.688140,2.686910,0.000633
2.688140,3.332322,0.063085
2.688140,9.724915,-0.087113
2.688140,2.859948,-0.023085
2.688140,2.695394,0.003820
2.688140,3.931717,0.095428
2.688140,6.609120,-0.128346
2.688140,2.766017,-0.012689
2.688140,2.749020,0.010668
2.688140,5.965272,0.129597
2.688140,4.178670,-0.104542
2.688140,2.701414,-0.004782
2.688140,2.825286,0.019443
2.688140,8.713185,0.105766
2.688140,3.471825,-0.072165
2.688140,2.686524,-0.001671
2.688140,3.009163,0.037503
2.688140,11.728731,0.008056
2.688140,3.046067,-0.040785
2.688140,2.686630,0.001412
2.688140,3.436983,0.069996
2.688140,8.947228,-0.101905
2.688140,2.832793,-0.020239
2.688140,2.700325,0.004599
2.688140,4.132339,0.102983
2.688140,6.069964,-0.129644
2.688140,2.751821,-0.010994
2.688140,2.764488,0.012498
2.688140,6.549782,0.128604
2.688140,3.951175,-0.096221
2.688140,2.695956,-0.003887
2.688140,2.859809,0.023067
2.688140,9.720690,0.087202
2.688140,3.332865,-0.063121
2.688140,2.687076,-0.000617
2.688140,3.161907,0.050453
2.688140,11.112706,-0.048767
2.688140,2.928340,-0.029941
2.688140,2.687992,0.002442
2.688140,3.606052,0.079935
2.688140,7.926630,-0.116881
2.688140,2.801788,-0.016865
2.688140,2.712014,0.006188
2.688140,4.578913,0.115493
2.688140,5.271775,-0.126171
2.688140,2.730657,-0.008462
2.688140,2.783633,0.014761
2.688140,7.268354,0.123865
2.688140,3.747580,-0.087207
2.688140,2.691249,-0.003043
2.688140,2.898975,0.027044
2.688140,10.620569,0.065085
2.688140,3.223336,-0.055210
2.688140,2.687605,0.000234
2.688140,3.288103,0.059973
2.688140,10.082686,-0.079113
2.688140,2.874205,-0.024539
2.688140,2.694774,0.003641
2.688140,3.894752,0.093880
2.688140,6.726870,-0.127757
2.688140,2.769219,-0.013049
2.688140,2.748118,0.010543
2.688140,5.928181,0.129553
2.688140,4.195809,-0.105100
2.688140,2.702000,-0.004829
2.688140,2.828219,0.019747
2.688140,8.804345,0.104292
2.688140,3.458042,-0.071313
2.688140,2.686786,-0.001542
2.688140,3.030762,0.039435
2.688140,11.745457,-0.001564
2.688140,3.023605,-0.038798
2.688140,2.686768,0.001593
2.688140,3.464896,0.071737
2.688140,8.758815,-0.105033
2.688140,2.826769,-0.019593
2.688140,2.702229,0.004866
2.688140,4.205433,0.105411
2.688140,5.907684,-0.129523
2.688140,2.747569,-0.010479
2.688140,2.769497,0.013084
2.688140,6.737656,0.127698
2.688140,3.891463,-0.093741
2.688140,2.694675,-0.003630
2.688140,2.874107,0.024530
2.688140,10.080441,0.079166
2.688140,3.288374,-0.059993
2.688140,2.687564,-0.000240
2.688140,3.221722,0.055089
2.688140,10.633926,-0.064696
2.688140,2.899661,-0.027113
2.688140,2.691081,0.003018
2.688140,3.741135,0.086894
2.688140,7.295093,-0.123627
2.688140,2.784350,-0.014846
2.688140,2.729704,0.008348
2.688140,5.236243,0.125825
2.688140,4.605252,-0.116073
2.688140,2.712719,-0.006278
2.688140,2.800697,0.016743
2.688140,7.888403,0.117347
2.688140,3.613413,-0.080336
2.688140,2.688113,-0.002479
2.688140,2.925236,0.029639
2.688140,11.068172,0.050460
2.688140,3.167745,-0.050916
2.688140,2.687063,0.000573
2.688140,3.326487,0.062680
2.688140,9.771342,-0.086123
2.688140,2.861730,-0.023266
2.688140,2.695523,0.003822
2.688140,3.934146,0.095527
2.688140,6.601637,-0.128380
2.688140,2.765845,-0.012662
2.688140,2.749988,0.010778
2.688140,6.001006,0.129625
2.688140,4.162538,-0.104006
2.688140,2.701055,-0.004716
2.688140,2.828516,0.019786
2.688140,8.814689,0.104123
2.688140,3.456482,-0.071218
2.688140,2.686587,-0.001555
2.688140,3.025916,0.039005
2.688140,11.746038,0.000544
2.688140,3.028404,-0.039227
2.688140,2.686595,0.001537
2.688140,3.454141,0.071072
2.688140,8.830395,-0.103864
2.688140,2.829019,-0.019839
2.688140,2.700983,0.004704
2.688140,4.159465,0.103903
2.688140,6.007898,-0.129629
2.688140,2.750172,-0.010800
2.688140,2.765750,0.012650
2.688140,6.597933,0.128396
2.688140,3.935349,-0.095577
2.688140,2.695558,-0.003826
2.688140,2.861749,0.023268
2.688140,9.771809,0.086113
2.688140,3.326430,-0.062676
2.688140,2.687075,-0.000571
2.688140,3.168207,0.050952
2.688140,11.064625,-0.050592
2.688140,2.924995,-0.029616
2.688140,2.688148,0.002485
2.688140,3.614857,0.080414
2.688140,7.880963,-0.117437
2.688140,2.800488,-0.016719
2.688140,2.712928,0.006304
2.688140,4.612941,0.116239
2.688140,5.226054,-0.125723
2.688140,2.729433,-0.008315
2.688140,2.784631,0.014879
2.688140,7.305443,0.123534
2.688140,3.738660,-0.086774
2.688140,2.691029,-0.003007
2.688140,2.900311,0.027178
2.688140,10.646429,0.064330
2.688140,3.220212,-0.054974
2.688140,2.687571,0.000252
2.688140,3.290133,0.060118
2.688140,10.065989,-0.079506
2.688140,2.873507,-0.024468
2.688140,2.694802,0.003649
2.688140,3.896502,0.093955
2.688140,6.721146,-0.127788
2.688140,2.769064,-0.013031
2.688140,2.748168,0.010550
2.688140,5.930192,0.129556
2.688140,4.194870,-0.105070
2.688140,2.701969,-0.004826
2.688140,2.828100,0.019735
2.688140,8.800687,0.104352
2.688140,3.458589,-0.071347
2.688140,2.686773,-0.001548
2.688140,3.029831,0.039352
2.688140,11.745752,-0.001161
2.688140,3.024519,-0.038880
2.688140,2.686760,0.001585
2.688140,3.463671,0.071661
2.688140,8.766908,-0.104902
2.688140,2.827024,-0.019621
2.688140,2.702138,0.004854
2.688140,4.201979,0.105300
2.688140,5.915009,-0.129534
2.688140,2.747761,-0.010503
2.688140,2.769270,0.013057
2.688140,6.729142,0.127744
2.688140,3.894055,-0.093851
2.688140,2.694729,-0.003641
2.688140,2.873435,0.024462
2.688140,10.064355,0.079545
2.688140,3.290330,-0.060133
2.688140,2.687541,-0.000257
2.688140,3.219026,0.054885
2.688140,10.656233,-0.064042
2.688140,2.900821,-0.027229
2.688140,2.690907,0.002989
2.688140,3.733978,0.086546
2.688140,7.325124,-0.123354
2.688140,2.785159,-0.014941
2.688140,2.728740,0.008232
2.688140,5.200215,0.125456
2.688140,4.632720,-0.116661
2.688140,2.713458,-0.006371
2.688140,2.799727,0.016633
2.688140,7.854164,0.117759
2.688140,3.620085,-0.080697
2.688140,2.688240,-0.002511
2.688140,2.922980,0.029420
2.688140,11.034700,0.051696
2.688140,3.172078,-0.051258
2.688140,2.687069,0.000542
2.688140,3.322299,0.062389
2.688140,9.804789,-0.085401
2.688140,2.863014,-0.023399
2.688140,2.695287,0.003785
2.688140,3.924658,0.095136
2.688140,6.631108,-0.128243
2.688140,2.766620,-0.012755
2.688140,2.749014,0.010663
2.688140,5.964286,0.129596
2.688140,4.179125,-0.104556
2.688140,2.701464,-0.004780
2.688140,2.826445,0.019565
2.688140,8.749534,0.105183
2.688140,3.466290,-0.071824
2.688140,2.686585,-0.001624
2.688140,3.016406,0.038155
2.688140,11.740025,0.004768
2.688140,3.038232,-0.040096
2.688140,2.686647,0.001471
2.688140,3.445672,0.070542
2.688140,8.887691,-0.102911
2.688140,2.830868,-0.020034
2.688140,2.700818,0.004671
2.688140,4.151638,0.103640
2.688140,6.025584,-0.129637
2.688140,2.750655,-0.010854
2.688140,2.765758,0.012648
2.688140,6.597607,0.128398
2.688140,3.935459,-0.095581
2.688140,2.695605,-0.003821
2.688140,2.863107,0.023406
2.688140,9.806866,0.085356
2.688140,3.322046,-0.062371
2.688140,2.687177,-0.000528
2.688140,3.175815,0.051552
2.688140,11.005601,-0.052748
2.688140,2.921075,-0.029232
2.688140,2.688550,0.002561
2.688140,3.632574,0.081366
2.688140,7.791131,-0.118501
2.688140,2.797965,-0.016429
2.688140,2.715295,0.006596
2.688140,4.700327,0.118036
2.688140,5.115744,-0.124509
2.688140,2.726487,-0.007958
2.688140,2.787427,0.015205
2.688140,7.408399,0.122572
2.688140,3.714564,-0.085588
2.688140,2.690488,-0.002904
2.688140,2.905634,0.027707
2.688140,10.745916,0.061342
2.688140,3.208140,-0.054055
2.688140,2.687565,0.000339
2.688140,3.302073,0.060967
2.688140,9.968335,-0.081766
2.688140,2.869514,-0.024059
2.688140,2.695523,0.003764
2.688140,3.925620,0.095175
2.688140,6.628168,-0.128257
2.688140,2.766621,-0.012738
2.688140,2.751355,0.010925
2.688140,6.050183,0.129643
2.688140,4.140894,-0.103275
2.688140,2.700654,-0.004618
2.688140,2.835353,0.020504
2.688140,9.024456,0.100574
2.688140,3.425896,-0.069291
2.688140,2.686847,-0.001307
2.688140,3.063747,0.042320
2.688140,11.684174,-0.015210
2.688140,2.993863,-0.036111
2.688140,2.686707,0.001805
2.688140,3.493913,0.073506
2.688140,8.571473,-0.107980
2.688140,2.820892,-0.018967
2.688140,2.703084,0.005010
2.688140,4.241975,0.106565
2.688140,5.832118,-0.129376
2.688140,2.745530,-0.010246
2.688140,2.770120,0.013168
2.688140,6.762886,0.127557
2.688140,3.883825,-0.093415
2.688140,2.694368,-0.003614
2.688140,2.871475,0.024266
2.688140,10.017400,0.080640
2.688140,3.296046,-0.060542
2.688140,2.687292,-0.000328
2.688140,3.205270,0.053838
2.688140,10.769315,-0.060617
2.688140,2.906904,-0.027837
2.688140,2.689788,0.002812
2.688140,3.689513,0.084331
2.688140,7.519813,-0.121466
2.688140,2.790437,-0.015563
2.688140,2.722355,0.007463
2.688140,4.962759,0.122494
2.688140,4.835584,-0.120502
2.688140,2.718926,-0.007046
2.688140,2.793570,0.015928
2.688140,7.633938,0.120265
2.688140,3.664894,-0.083067
2.688140,2.689191,-0.002711
2.688140,2.911047,0.028249
2.688140,10.842324,0.058299
2.688140,3.196295,-0.053148
2.688140,2.687166,0.000378
2.688140,3.300990,0.060893
2.688140,9.976978,-0.081570
2.688140,2.869818,-0.024099
2.688140,2.694299,0.003618
2.688140,3.883309,0.093393
2.688140,6.764585,-0.127548
2.688140,2.770146,-0.013175
2.688140,2.744925,0.010178
2.688140,5.809878,0.129321
2.688140,4.253060,-0.106907
2.688140,2.703338,-0.005054
2.688140,2.818946,0.018760
2.688140,8.508515,0.108934
2.688140,3.503978,-0.074109
2.688140,2.686693,-0.001878
2.688140,2.983786,0.035185
2.688140,11.638355,0.020067
2.688140,3.076279,-0.043396
2.688140,2.686848,0.001215
2.688140,3.412959,0.068462
2.688140,9.116074,-0.098958
2.688140,2.838389,-0.020826
2.688140,2.699946,0.004513
2.688140,4.112884,0.102308
2.688140,6.115914,-0.129631
2.688140,2.753082,-0.011133
2.688140,2.764735,0.012516
2.688140,6.557221,0.128572
2.688140,3.948720,-0.096121
2.688140,2.696033,-0.003861
2.688140,2.864433,0.023538
2.688140,9.840406,0.084625
2.688140,3.317876,-0.062079
2.688140,2.687401,-0.000471
2.688140,3.187197,0.052440
2.688140,10.915629,-0.055874
2.688140,2.915430,-0.028676
2.688140,2.689351,0.002697
2.688140,3.665594,0.083102
2.688140,7.630685,-0.120300
2.688140,2.793516,-0.015914
2.688140,2.720000,0.007170
2.688140,4.874259,0.121139
2.688140,4.922519,-0.121896
2.688140,2.721301,-0.007328
2.688140,2.792310,0.015774
2.688140,7.586885,0.120768
2.688140,3.674934,-0.083584
2.688140,2.689574,-0.002736
2.688140,2.913754,0.028511
2.688140,10.887804,0.056807
2.688140,3.190671,-0.052710
2.688140,2.687452,0.000452
2.688140,3.316018,0.061948
2.688140,9.855367,-0.084296
2.688140,2.865022,-0.023598
2.688140,2.696069,0.003861
2.688140,3.949316,0.096144
2.688140,6.555433,-0.128580
2.688140,2.764696,-0.012510
2.688140,2.753376,0.011166
2.688140,6.126765,0.129625
2.688140,4.108363,-0.102149
2.688140,2.699852,-0.004494
2.688140,2.839524,0.020945
2.688140,9.149766,0.098353
2.688140,3.408266,-0.068158
2.688140,2.686891,-0.001177
2.688140,3.082229,0.043903
2.688140,11.612948,-0.022310
2.688140,2.979213,-0.034762
2.688140,2.686752,0.001919
2.688140,3.510756,0.074512
2.688140,8.466732,-0.109557
2.688140,2.817675,-0.018621
2.688140,2.703831,0.005121
2.688140,4.271764,0.107477
2.688140,5.773061,-0.129218
2.688140,2.743955,-0.010061
2.688140,2.771183,0.013297
2.688140,6.803452,0.127322
2.688140,3.871746,-0.092894
2.688140,2.694048,-0.003568
2.688140,2.872514,0.024374
2.688140,10.042847,0.080049
2.688140,3.292936,-0.060321
2.688140,2.687244,-0.000311
2.688140,3.206812,0.053956
2.688140,10.756672,-0.061010
2.688140,2.906198,-0.027768
2.688140,2.689746,0.002813
2.688140,3.688868,0.084298
2.688140,7.522731,-0.121436
2.688140,2.790510,-0.015573
2.688140,2.722082,0.007431
2.688140,4.952803,0.122349
2.688140,4.845021,-0.120660
2.688140,2.719175,-0.007078
2.688140,2.793157,0.015881
2.688140,7.619168,0.120424
2.688140,3.668022,-0.083229
2.688140,2.689239,-0.002727
2.688140,2.909652,0.028112
2.688140,10.818202,0.059075
2.688140,3.199267,-0.053377
2.688140,2.687139,0.000353
2.688140,3.297080,0.060616
2.688140,10.008880,-0.080837
2.688140,2.871109,-0.024232
2.688140,2.693989,0.003572
2.688140,3.871264,0.092874
2.688140,6.805069,-0.127312
2.688140,2.771210,-0.013304
2.688140,2.743443,0.010003
2.688140,5.754245,0.129159
2.688140,4.281490,-0.107769
2.688140,2.704058,-0.005159
2.688140,2.816115,0.018454
2.688140,8.415681,0.110307
2.688140,3.519136,-0.075007
2.688140,2.686753,-0.001978
2.688140,2.971249,0.034022
2.688140,11.561567,0.026271
2.688140,3.092991,-0.044814
2.688140,2.686873,0.001096
2.688140,3.396584,0.067399
2.688140,9.234545,-0.096807
2.688140,2.842389,-0.021248
2.688140,2.699110,0.004386
2.688140,4.079429,0.101120
2.688140,6.197771,-0.129561
2.688140,2.755234,-0.011390
2.688140,2.762408,0.012242
2.688140,6.469493,0.128910
2.688140,3.978423,-0.097309
2.688140,2.696702,-0.003985
2.688140,2.858385,0.022915
2.688140,9.682317,0.088009
2.688140,3.337732,-0.063454
2.688140,2.687214,-0.000636
2.688140,3.161582,0.050426
2.688140,11.115213,-0.048670
2.688140,2.928529,-0.029957
2.688140,2.688235,0.002469
2.688140,3.614028,0.080368
2.688140,7.885273,-0.117385
2.688140,2.800633,-0.016730
2.688140,2.713473,0.006366
2.688140,4.632183,0.116649
2.688140,5.200918,-0.125463
2.688140,2.728782,-0.008232
2.688140,2.785843,0.015015
2.688140,7.349352,0.123130
2.688140,3.728274,-0.086265
2.688140,2.690875,-0.002953
2.688140,2.905092,0.027651
2.688140,10.735784,0.061652
2.688140,3.209383,-0.054149
2.688140,2.687720,0.000348
2.688140,3.305895,0.061236
2.688140,9.937331,-0.082469
2.688140,2.868289,-0.023929
2.688140,2.696221,0.003854
2.688140,3.950946,0.096210
2.688140,6.550558,-0.128600
2.688140,2.764611,-0.012490
2.688140,2.754766,0.011321
2.688140,6.177812,0.129583
2.688140,4.087461,-0.101408
2.688140,2.699434,-0.004402
2.688140,2.845233,0.021540
2.688140,9.316307,0.095281
2.688140,3.385513,-0.066670
2.688140,2.687137,-0.000986
2.688140,3.112273,0.046423
2.688140,11.454358,-0.033050
2.688140,2.957951,-0.032772
2.688140,2.687257,0.002136
2.688140,3.550017,0.076799
2.688140,8.233750,-0.112883
2.688140,2.810719,-0.017856
2.688140,2.707367,0.005584
2.688140,4.404027,0.111226
2.688140,5.535346,-0.128174
2.688140,2.737696,-0.009303
2.688140,2.778059,0.014099
2.688140,7.059837,0.125581
2.688140,3.800277,-0.089695
2.688140,2.692552,-0.003254
2.688140,2.891210,0.026263
2.688140,10.463794,0.069479
2.688140,3.242195,-0.056623
2.688140,2.687762,0.000116
2.688140,3.274267,0.058976
2.688140,10.196963,-0.076359
2.688140,2.879075,-0.025034
2.688140,2.694363,0.003556
2.688140,3.875359,0.093049
2.688140,6.791312,-0.127393
2.688140,2.770940,-0.013250
2.688140,2.746578,0.010357
2.688140,5.869521,0.129456
2.688140,4.223685,-0.105991
2.688140,2.702725,-0.004930
2.688140,2.825969,0.019505
2.688140,8.733114,0.105447
2.688140,3.468803,-0.071977
2.688140,2.686840,-0.001612
2.688140,3.022162,0.038668
2.688140,11.744809,0.002204
2.688140,3.032246,-0.039565
2.688140,2.686863,0.001541
2.688140,3.459077,0.071376
2.688140,8.797476,-0.104404
2.688140,2.828013,-0.019723
2.688140,2.702390,0.004876
2.688140,4.209668,0.105546
2.688140,5.898763,-0.129509
2.688140,2.747361,-0.010448
2.688140,2.770549,0.013201
2.688140,6.776117,0.127481
2.688140,3.879884,-0.093244
2.688140,2.694501,-0.003571
2.688140,2.879253,0.025050
2.688140,10.200915,0.076262
2.688140,3.273793,-0.058941
2.688140,2.687824,-0.000105
2.688140,3.244693,0.056808
2.688140,10.443006,-0.070040
2.688140,2.890224,-0.026162
2.688140,2.692835,0.003294
2.688140,3.811024,0.090188
2.688140,7.019439,-0.125883
2.688140,2.776991,-0.013970
2.688140,2.739247,0.009486
2.688140,5.593380,0.128491
2.688140,4.369765,-0.110300
2.688140,2.706479,-0.005461
2.688140,2.813294,0.018136
2.688140,8.320163,0.111679
2.688140,3.535160,-0.075942
2.688140,2.687147,-0.002044
2.688140,2.968541,0.033767
2.688140,11.541830,0.027643
2.688140,3.096814,-0.045133
2.688140,2.687145,0.001100
2.688140,3.401644,0.067727
2.688140,9.197768,-0.097482
2.688140,2.841179,-0.021112
2.688140,2.700446,0.004551
2.688140,4.127150,0.102802
2.688140,6.082167,-0.129642
2.688140,2.752262,-0.011019
2.688140,2.767664,0.012846
2.688140,6.665023,0.128078
2.688140,3.913946,-0.094688
2.688140,2.695443,-0.003694
2.688140,2.877632,0.024880
2.688140,10.162655,0.077197
2.688140,3.278429,-0.059274
2.688140,2.688068,-0.000110
2.688140,3.247998,0.057051
2.688140,10.415565,-0.070774
2.688140,2.888952,-0.026029
2.688140,2.693614,0.003395
2.688140,3.838975,0.091450
2.688140,6.917540,-0.126599
2.688140,2.774320,-0.013644
2.688140,2.743594,0.009996
2.688140,5.755912,0.129164
2.688140,4.280650,-0.107742
2.688140,2.704224,-0.005134
2.688140,2.821983,0.019074
2.688140,8.605050,0.107463
2.688140,3.488630,-0.073185
2.688140,2.686987,-0.001735
2.688140,3.007829,0.037379
2.688140,11.725933,0.008678
2.688140,3.047588,-0.040915
2.688140,2.687054,0.001450
2.688140,3.449486,0.070778
2.688140,8.861978,-0.103340
2.688140,2.830106,-0.019939
2.688140,2.702758,0.004903
2.688140,4.220149,0.105879
2.688140,5.876880,-0.129470
2.688140,2.746837,-0.010373
2.688140,2.772675,0.013439
2.688140,6.853879,0.127012
2.688140,3.857085,-0.092251
2.688140,2.694167,-0.003455
2.688140,2.889654,0.026095
2.688140,10.429907,0.070391
2.688140,3.246291,-0.056922
2.688140,2.688333,0.000153
2.688140,3.288799,0.060017
2.688140,10.077291,-0.079239
2.688140,2.874060,-0.024509
2.688140,2.696851,0.003885
2.688140,3.966246,0.096822
2.688140,6.505129,-0.128779
2.688140,2.763518,-0.012336
2.688140,2.759123,0.011815
2.688140,6.338864,0.129299
2.688140,4.025221,-0.099115
2.688140,2.698200,-0.004127
2.688140,2.862782,0.023353
2.688140,9.795890,0.085593
2.688140,3.323464,-0.062463
2.688140,2.687986,-0.000443
2.688140,3.200614,0.053474
2.688140,10.807589,-0.059412
2.688140,2.909119,-0.028045
2.688140,2.691063,0.002946
2.688140,3.730327,0.086365
2.688140,7.340668,-0.123211
2.688140,2.785646,-0.014984
2.688140,2.730130,0.008387
2.688140,5.250153,0.125962
2.688140,4.594867,-0.115846
2.688140,2.712509,-0.006235
2.688140,2.803196,0.017013
2.688140,7.974077,0.116293
2.688140,3.597058,-0.079440
2.688140,2.688074,-0.002369
2.688140,2.939379,0.031001
2.688140,11.257190,0.042821
2.688140,3.142232,-0.048873
2.688140,2.687371,0.000795
2.688140,3.362587,0.065142
2.688140,9.489338,-0.091935
2.688140,2.851350,-0.022177
2.688140,2.698817,0.004284
2.688140,4.059263,0.100385
2.688140,6.249029,-0.129485
2.688140,2.756672,-0.011542
2.688140,2.763562,0.012359
2.688140,6.509850,0.128761
2.688140,3.964621,-0.096759
2.688140,2.696606,-0.003902
2.688140,2.867907,0.023887
2.688140,9.927454,0.082692
2.688140,3.307118,-0.061321
2.688140,2.687823,-0.000345
2.688140,3.211531,0.054312
2.688140,10.718174,-0.062189
2.688140,2.904144,-0.027555
2.688140,2.691194,0.002998
2.688140,3.740126,0.086844
2.688140,7.299355,-0.123588
2.688140,2.784502,-0.014855
2.688140,2.730644,0.008454
2.688140,5.270237,0.126156
2.688140,4.580045,-0.115518
2.688140,2.712081,-0.006188
2.688140,2.802860,0.016980
2.688140,7.963154,0.116429
2.688140,3.599112,-0.079554
2.688140,2.688002,-0.002392
2.688140,2.935168,0.030598
2.688140,11.204585,0.045076
2.688140,3.149549,-0.049464
2.688140,2.687240,0.000726
2.688140,3.350821,0.064348
2.688140,9.579972,-0.090118
2.688140,2.854608,-0.022521
2.688140,2.697615,0.004120
2.688140,4.014108,0.098694
2.688140,6.369023,-0.129222
2.688140,2.759784,-0.011924
2.688140,2.758805,0.011808
2.688140,6.331915,0.129317
2.688140,4.027762,-0.099213
2.688140,2.697938,-0.004174
2.688140,2.852357,0.022287
2.688140,9.518091,0.091364
2.688140,3.358828,-0.064890
2.688140,2.687186,-0.000790
2.688140,3.139936,0.048689
2.688140,11.273309,-0.042107
2.688140,2.940703,-0.031131
2.688140,2.687719,0.002318
2.688140,3.583741,0.078704
2.688140,8.045470,-0.115387
2.688140,2.805220,-0.017246
2.688140,2.710359,0.005971
2.688140,4.516153,0.114047
2.688140,5.360575,-0.126953
2.688140,2.733049,-0.008745
2.688140,2.782230,0.014590
2.688140,7.215262,0.124326
2.688140,3.760585,-0.087831
2.688140,2.691647,-0.003086
2.688140,2.899450,0.027088
2.688140,10.629423,0.064827
2.688140,3.222278,-0.055129
2.688140,2.687803,0.000265
2.688140,3.295638,0.060509
2.688140,10.020972,-0.080557
2.688140,2.871678,-0.024276
2.688140,2.695804,0.003780
2.688140,3.932871,0.095473
2.688140,6.605672,-0.128360
2.688140,2.766067,-0.012662
2.688140,2.753199,0.011136
2.688140,6.118537,0.129630
2.688140,4.111801,-0.102269
2.688140,2.700022,-0.004497
2.688140,2.841709,0.021171
2.688140,9.213743,0.097189
2.688140,3.399444,-0.067584
2.688140,2.687068,-0.001093
2.688140,3.096492,0.045106
2.688140,11.543510,-0.027529
2.688140,2.968762,-0.033788
2.688140,2.687038,0.002030
2.688140,3.531297,0.075718
2.688140,8.342951,-0.111355
2.688140,2.813962,-0.018212
2.688140,2.705821,0.005380
2.688140,4.345873,0.109636
2.688140,5.635246,-0.128694
2.688140,2.740339,-0.009621
2.688140,2.775465,0.013794
2.688140,6.963016,0.126288
2.688140,3.826335,-0.090884
2.688140,2.693119,-0.003366
2.688140,2.885036,0.025641
2.688140,10.331670,0.072971
2.688140,3.258045,-0.057794
2.688140,2.687644,-0.000013
2.688140,3.254562,0.057538
2.688140,10.360676,-0.072220
2.688140,2.886361,-0.025776
2.688140,2.692927,0.003334
2.688140,3.818338,0.090522
2.688140,6.992301,-0.126080
2.688140,2.776243,-0.013887
2.688140,2.739384,0.009507
2.688140,5.599340,0.128522
2.688140,4.366318,-0.110205
2.688140,2.706355,-0.005453
2.688140,2.812502,0.018053
2.688140,8.294144,0.112045
2.688140,3.539590,-0.076199
2.688140,2.687105,-0.002080
2.688140,2.963017,0.033250
2.688140,11.498405,0.030446
2.688140,3.104736,-0.045796
2.688140,2.687078,0.001034
2.688140,3.391297,0.067051
2.688140,9.273474,-0.096084
2.688140,2.843749,-0.021386
2.688140,2.699568,0.004429
2.688140,4.093789,0.101634
2.688140,6.162207,-0.129598
2.688140,2.754345,-0.011273
2.688140,2.764761,0.012509
2.688140,6.556563,0.128575
2.688140,3.948950,-0.096129
2.688140,2.696152,-0.003849
2.688140,2.867943,0.023894
2.688140,9.928801,0.082661
2.688140,3.306943,-0.061310
2.688140,2.687673,-0.000361
2.688140,3.206839,0.053955
2.688140,10.756626,-0.061011
2.688140,2.906233,-0.027765
2.688140,2.690666,0.002920
2.688140,3.719970,0.085856
2.688140,7.384965,-0.122796
2.688140,2.786804,-0.015129
2.688140,2.727587,0.008089
2.688140,5.156397,0.124979
2.688140,4.667215,-0.117375
2.688140,2.714414,-0.006484
2.688140,2.799385,0.016589
2.688140,7.841202,0.117913
2.688140,3.622639,-0.080833
2.688140,2.688395,-0.002510
2.688140,2.925502,0.029663
2.688140,11.071875,0.050321
2.688140,3.167270,-0.050877
2.688140,2.687221,0.000595
2.688140,3.332182,0.063073
2.688140,9.726161,-0.087086
2.688140,2.860033,-0.023086
2.688140,2.696375,0.003934
2.688140,3.965354,0.096790
2.688140,6.507612,-0.128771
2.688140,2.763407,-0.012362
2.688140,2.753957,0.011240
2.688140,6.149666,0.129610
2.688140,4.098900,-0.101816
2.688140,2.699568,-0.004463
2.688140,2.839164,0.020910
2.688140,9.139450,0.098539
2.688140,3.409695,-0.068251
2.688140,2.686798,-0.001198
2.688140,3.077847,0.043531
2.688140,11.631864,-0.020663
2.688140,2.982562,-0.035073
2.688140,2.686629,0.001879
2.688140,3.503133,0.074059
2.688140,8.513735,-0.108856
2.688140,2.819095,-0.018778
2.688140,2.703000,0.005013
2.688140,4.241057,0.106537
2.688140,5.833957,-0.129380
2.688140,2.745546,-0.010255
2.688140,2.769103,0.013056
2.688140,6.725876,0.127763
2.688140,3.895030,-0.093894
2.688140,2.694522,-0.003672
2.688140,2.866093,0.023719
2.688140,9.884005,0.083664
2.688140,3.312441,-0.061701
2.688140,2.687012,-0.000478
2.688140,3.179963,0.051878
2.688140,10.972934,-0.053904
2.688140,2.918962,-0.029028
2.688140,2.688353,0.002554
2.688140,3.628190,0.081133
2.688140,7.813070,-0.118245
2.688140,2.798557,-0.016502
2.688140,2.714090,0.006452
2.688140,4.656615,0.117158
2.688140,5.169691,-0.125127
2.688140,2.727912,-0.008135
2.688140,2.785551,0.014990
2.688140,7.340102,0.123217
2.688140,3.730436,-0.086373
2.688140,2.690776,-0.002980
2.688140,2.899974,0.027146
2.688140,10.640170,0.064514
2.688140,3.220962,-0.055032
2.688140,2.687444,0.000232
2.688140,3.285204,0.059766
2.688140,10.106468,-0.078549
2.688140,2.875182,-0.024643
2.688140,2.694150,0.003560
2.688140,3.872307,0.092918
2.688140,6.801579,-0.127333
2.688140,2.771163,-0.013288
2.688140,2.744875,0.010164
2.688140,5.806788,0.129312
2.688140,4.254621,-0.106955
2.688140,2.703436,-0.005053
2.688140,2.820604,0.018934
2.688140,8.561806,0.108127
2.688140,3.495452,-0.073598
2.688140,2.686769,-0.001809
2.688140,2.994377,0.036158
2.688140,11.686137,0.014967
2.688140,3.063134,-0.042267
2.688140,2.686898,0.001318
2.688140,3.428219,0.069438
2.688140,9.008213,-0.100856
2.688140,2.834827,-0.020447
2.688140,2.700987,0.004661
2.688140,4.153079,0.103687
2.688140,6.022354,-0.129635
2.688140,2.750635,-0.010836
2.688140,2.767754,0.012868
2.688140,6.670368,0.128051
2.688140,3.912252,-0.094618
2.688140,2.695262,-0.003703
2.688140,2.873524,0.024467
2.688140,10.065976,0.079506
2.688140,3.290144,-0.060118
2.688140,2.687735,-0.000233
2.688140,3.225513,0.055374
2.688140,10.602575,-0.065604
2.688140,2.898065,-0.026951
2.688140,2.691647,0.003096
2.688140,3.762063,0.087901
2.688140,7.209280,-0.124377
2.688140,2.782059,-0.014572
2.688140,2.732949,0.008735
2.688140,5.357132,0.126925
2.688140,4.518507,-0.114103
2.688140,2.710410,-0.005981
2.688140,2.804761,0.017196
2.688140,8.029862,0.115587
2.688140,3.586622,-0.078865
2.688140,2.687725,-0.002337
2.688140,2.938187,0.030890
2.688140,11.242784,0.043451
2.688140,3.144247,-0.049038
2.688140,2.687142,0.000753
2.688140,3.352986,0.064495
2.688140,9.563143,-0.090459
2.688140,2.853982,-0.022458
2.688140,2.697422,0.004102
2.688140,4.008110,0.098465
2.688140,6.385539,-0.129176
2.688140,2.760199,-0.011978
2.688140,2.757742,0.011686
2.688140,6.292461,0.129405
2.688140,4.042570,-0.099769
2.688140,2.698241,-0.004239
2.688140,2.848445,0.021882
2.688140,9.408846,0.093512
2.688140,3.373153,-0.065852
2.688140,2.687017,-0.000912
2.688140,3.120482,0.047102
2.688140,11.403554,-0.035821
2.688140,2.952605,-0.032268
2.688140,2.687162,0.002164
2.688140,3.552487,0.076942
2.688140,8.219544,-0.113078
2.688140,2.810275,-0.017812
2.688140,2.706891,0.005532
2.688140,4.387763,0.110790
2.688140,5.562590,-0.128328
2.688140,2.738390,-0.009393
2.688140,2.776556,0.013929
2.688140,7.004836,0.125990
2.688140,3.814940,-0.090368
2.688140,2.692779,-0.003328
2.688140,2.884862,0.025627
2.688140,10.328167,0.073062
2.688140,3.258458,-0.057826
2.688140,2.687502,-0.000032
2.688140,3.249509,0.057167
2.688140,10.402725,-0.071115
2.688140,2.888295,-0.025974
2.688140,2.692301,0.003246
2.688140,3.794898,0.089447
2.688140,7.080282,-0.125425
2.688140,2.778567,-0.014167
2.688140,2.735981,0.009105
2.688140,5.472049,0.127779
2.688140,4.443008,-0.112243
2.688140,2.708353,-0.005725
2.688140,2.807079,0.017460
2.688140,8.110688,0.114539
2.688140,3.571830,-0.078039
2.688140,2.687384,-0.002274
2.688140,2.941355,0.031196
2.688140,11.281204,0.041753
2.688140,3.138799,-0.048598
2.688140,2.686997,0.000776
2.688140,3.353770,0.064550
2.688140,9.557008,-0.090583
2.688140,2.853740,-0.022437
2.688140,2.696981,0.004052
2.688140,3.993185,0.097888
2.688140,6.427272,-0.129051
2.688140,2.761265,-0.012113
2.688140,2.755591,0.011439
2.688140,6.212309,0.129542
2.688140,4.073639,-0.100912
2.688140,2.698911,-0.004370
2.688140,2.841377,0.021145
2.688140,9.205247,0.097345
2.688140,3.400592,-0.067661
2.688140,2.686760,-0.001138
2.688140,3.085472,0.044179
2.688140,11.598150,-0.023520
2.688140,2.976760,-0.034536
2.688140,2.686583,0.001917
2.688140,3.507699,0.074332
2.688140,8.485459,-0.109279
2.688140,2.818218,-0.018686
2.688140,2.702907,0.005009
2.688140,4.238817,0.106467
2.688140,5.838482,-0.129391
2.688140,2.745646,-0.010272
2.688140,2.768438,0.012982
2.688140,6.701599,0.127892
2.688140,3.902487,-0.094211
2.688140,2.694638,-0.003709
2.688140,2.862907,0.023393
2.688140,9.802664,0.085448
2.688140,3.322553,-0.062409
2.688140,2.686854,-0.000569
2.688140,3.164873,0.050690
2.688140,11.090087,-0.049634
2.688140,2.926732,-0.029788
2.688140,2.687656,0.002414
2.688140,3.596459,0.079410
2.688140,7.977093,-0.116256
2.688140,2.803194,-0.017031
2.688140,2.710012,0.005946
2.688140,4.506198,0.113810
2.688140,5.375201,-0.127071
2.688140,2.733381,-0.008798
2.688140,2.780175,0.014363
2.688140,7.141307,0.124942
2.688140,3.779136,-0.088712
2.688140,2.691846,-0.003191
2.688140,2.888549,0.026003
2.688140,10.408514,0.070962
2.688140,3.248805,-0.057116
2.688140,2.687332,0.000017
2.688140,3.253639,0.057473
2.688140,10.368227,-0.072023
2.688140,2.886677,-0.025814
2.688140,2.692095,0.003234
2.688140,3.789637,0.089203
2.688140,7.100459,-0.125268
2.688140,2.779082,-0.014234
2.688140,2.734652,0.008950
2.688140,5.422893,0.127436
2.688140,4.474521,-0.113037
2.688140,2.709163,-0.005838
2.688140,2.804608,0.017189
2.688140,8.026195,0.115635
2.688140,3.587285,-0.078903
2.688140,2.687512,-0.002367
2.688140,2.930821,0.030184
2.688140,11.147308,0.047411
2.688140,3.157296,-0.050087
2.688140,2.686868,0.000626
2.688140,3.330714,0.062974
2.688140,9.737640,-0.086843
2.688140,2.860424,-0.023136
2.688140,2.695165,0.003790
2.688140,3.923312,0.095081
2.688140,6.635292,-0.128224
2.688140,2.766697,-0.012772
2.688140,2.747940,0.010542
2.688140,5.924786,0.129549
2.688140,4.197373,-0.105152
2.688140,2.701868,-0.004854
2.688140,2.822750,0.019173
2.688140,8.632291,0.107041
2.688140,3.484330,-0.072928
2.688140,2.686521,-0.001759
2.688140,2.997095,0.036408
2.688140,11.696056,0.013673
2.688140,3.059868,-0.041986
2.688140,2.686681,0.001316
2.688140,3.424408,0.069197
2.688140,9.034831,-0.100393
2.688140,2.835669,-0.020543
2.688140,2.699899,0.004528
2.688140,4.114315,0.102359
2.688140,6.112471,-0.129633
2.688140,2.752953,-0.011126
2.688140,2.763703,0.012403
2.688140,6.519724,0.128724
2.688140,3.961247,-0.096626
2.688140,2.696219,-0.003924
2.688140,2.858883,0.022970
2.688140,9.696025,0.087722
2.688140,3.335986,-0.063335
2.688140,2.687098,-0.000637
2.688140,3.159549,0.050265
2.688140,11.130510,-0.048074
2.688140,2.929617,-0.030064
2.688140,2.687976,0.002430
2.688140,3.604147,0.079831
2.688140,7.936609,-0.116758
2.688140,2.802076,-0.016897
2.688140,2.711921,0.006176
2.688140,4.575257,0.115412
2.688140,5.276787,-0.126218
2.688140,2.730795,-0.008478
2.688140,2.783630,0.014759
2.688140,7.268086,0.123868
2.688140,3.747646,-0.087210
2.688140,2.691267,-0.003041
2.688140,2.899475,0.027093
2.688140,10.630198,0.064805
2.688140,3.222176,-0.055122
2.688140,2.687637,0.000246
2.688140,3.290307,0.060130
2.688140,10.064590,-0.079539
2.688140,2.873456,-0.024462
2.688140,2.694998,0.003673
2.688140,3.903259,0.094241
2.688140,6.699212,-0.127904
2.688140,2.768497,-0.012961
2.688140,2.749209,0.010671
2.688140,5.969118,0.129600
2.688140,4.176939,-0.104483
2.688140,2.701544,-0.004756
2.688140,2.830846,0.020026
2.688140,8.886182,0.102936
2.688140,3.445904,-0.070556
2.688140,2.686814,-0.001453
2.688140,3.043344,0.040545
2.688140,11.733291,-0.006918
2.688140,3.011664,-0.037727
2.688140,2.686738,0.001677
2.688140,3.476341,0.072440
2.688140,8.683879,-0.106231
2.688140,2.824401,-0.019341
2.688140,2.702574,0.004924
2.688140,4.220170,0.105881
2.688140,5.876785,-0.129470
2.688140,2.746737,-0.010384
2.688140,2.769797,0.013123
2.688140,6.749607,0.127632
2.688140,3.887835,-0.093586
2.688140,2.694543,-0.003621
2.688140,2.873290,0.024449
2.688140,10.061050,0.079623
2.688140,3.290729,-0.060162
2.688140,2.687466,-0.000269
2.688140,3.216201,0.054671
2.688140,10.679538,-0.063352
2.688140,2.902042,-0.027352
2.688140,2.690616,0.002946
2.688140,3.722798,0.085997
2.688140,7.372739,-0.122912
2.688140,2.786442,-0.015093
2.688140,2.727077,0.008033
2.688140,5.138333,0.124773
2.688140,4.681787,-0.117669
2.688140,2.714776,-0.006536
2.688140,2.797974,0.016434
2.688140,7.792112,0.118490
2.688140,3.632371,-0.081356
2.688140,2.688469,-0.002569
2.688140,2.918699,0.029002
2.688140,10.968719,0.054051
2.688140,3.180500,-0.051920
2.688140,2.687063,0.000480
2.688140,3.313580,0.061781
2.688140,9.874838,-0.083867
2.688140,2.865738,-0.023681
2.688140,2.694744,0.003701
2.688140,3.903035,0.094233
2.688140,6.699856,-0.127901
2.688140,2.768426,-0.012972
2.688140,2.746654,0.010385
2.688140,5.875463,0.129468
2.688140,4.220795,-0.105901
2.688140,2.702500,-0.004937
2.688140,2.821565,0.019043
2.688140,8.593724,0.107638
2.688140,3.490388,-0.073294
2.688140,2.686610,-0.001792
2.688140,2.994143,0.036137
2.688140,11.685271,0.015075
2.688140,3.063401,-0.042291
2.688140,2.686766,0.001300
2.688140,3.423550,0.069142
2.688140,9.040904,-0.100287
2.688140,2.835882,-0.020563
2.688140,2.700197,0.004561
2.688140,4.124402,0.102709
2.688140,6.088573,-0.129641
2.688140,2.752345,-0.011048
2.688140,2.764969,0.012548
2.688140,6.566695,0.128532
2.688140,3.945584,-0.095994
2.688140,2.695917,-0.003853
2.688140,2.863652,0.023459
2.688140,9.820534,0.085059
2.688140,3.320347,-0.062252
2.688140,2.687312,-0.000500
2.688140,3.181881,0.052026
2.688140,10.957892,-0.054428
2.688140,2.918037,-0.028933
2.688140,2.688998,0.002637
2.688140,3.650928,0.082337
2.688140,7.700855,-0.119529
2.688140,2.795455,-0.016139
2.688140,2.717939,0.006919
2.688140,4.797922,0.119852
2.688140,5.003385,-0.123068
2.688140,2.723476,-0.007593
2.688140,2.790303,0.015540
2.688140,7.513667,0.121529
2.688140,3.690878,-0.084399
2.688140,2.689951,-0.002803
2.688140,2.910771,0.028216
2.688140,10.837063,0.058469
2.688140,3.196962,-0.053196
2.688140,2.687522,0.000415
2.688140,3.311973,0.061665
2.688140,9.888017,-0.083574
2.688140,2.866310,-0.023729
2.688140,2.696025,0.003846
2.688140,3.946377,0.096025
2.688140,6.564321,-0.128542
2.688140,2.764940,-0.012536
2.688140,2.753389,0.011165
2.688140,6.126931,0.129625
2.688140,4.108296,-0.102147
2.688140,2.699869,-0.004491
2.688140,2.840099,0.021005
2.688140,9.166711,0.098047
2.688140,3.405918,-0.068006
2.688140,2.686930,-0.001156
2.688140,3.085754,0.044202
2.688140,11.596869,-0.023621
2.688140,2.976565,-0.034516
2.688140,2.686809,0.001945
2.688140,3.515445,0.074789
2.688140,8.438099,-0.109979
2.688140,2.816810,-0.018527
2.688140,2.704248,0.005176
2.688140,4.287364,0.107944
2.688140,5.743004,-0.129122
2.688140,2.743167,-0.009965
2.688140,2.772107,0.013404
2.688140,6.837975,0.127113
2.688140,3.861645,-0.092454
2.688140,2.693837,-0.003524
2.688140,2.875162,0.024643
2.688140,10.106277,0.078553
2.688140,3.285221,-0.059769
2.688140,2.687331,-0.000245
2.688140,3.217268,0.054753
2.688140,10.670671,-0.063616
2.688140,2.901561,-0.027306
2.688140,2.690362,0.002919
2.688140,3.714684,0.085595
2.688140,7.407832,-0.122578
2.688140,2.787377,-0.015207
2.688140,2.725539,0.007851
2.688140,5.081490,0.124092
2.688140,4.729099,-0.118592
2.688140,2.716039,-0.006695
2.688140,2.796130,0.016226
2.688140,7.726649,0.119240
2.688140,3.645612,-0.082059
2.688140,2.688696,-0.002635
2.688140,2.913477,0.028490
2.688140,10.883797,0.056940
2.688140,3.191148,-0.052750
2.688140,2.687010,0.000397
2.688140,3.301077,0.060901
2.688140,9.976197,-0.081588
2.688140,2.869768,-0.024097
2.688140,2.693851,0.003566
2.688140,3.868022,0.092733
2.688140,6.816076,-0.127247
2.688140,2.771480,-0.013340
2.688140,2.742518,0.009897
2.688140,5.720007,0.129043
2.688140,4.299494,-0.108303
2.688140,2.704495,-0.005227
2.688140,2.813761,0.018201
2.688140,8.337929,0.111427
2.688140,3.532127,-0.075769
2.688140,2.686780,-0.002066
2.688140,2.959788,0.032949
2.688140,11.470962,0.032093
2.688140,3.109470,-0.046192
2.688140,2.686831,0.000971
2.688140,3.378302,0.066195
2.688140,9.370002,-0.094260
2.688140,2.847057,-0.021741
2.688140,2.697885,0.004208
2.688140,4.031801,0.099367
2.688140,6.321031,-0.129343
2.688140,2.758454,-0.011780
2.688140,2.758235,0.011754
2.688140,6.312734,0.129361
2.688140,4.034908,-0.099483
2.688140,2.697959,-0.004220
2.688140,2.846582,0.021691
2.688140,9.356422,0.094520
2.688140,3.380114,-0.066316
2.688140,2.686822,-0.000984
2.688140,3.107415,0.046022
2.688140,11.482977,-0.031383
2.688140,2.961171,-0.033079
2.688140,2.686753,0.002052
2.688140,3.529757,0.075630
2.688140,8.351977,-0.111227
2.688140,2.814180,-0.018247
2.688140,2.704304,0.005202
2.688140,4.292336,0.108092
2.688140,5.733525,-0.129090
2.688140,2.742874,-0.009940
2.688140,2.771098,0.013296
2.688140,6.801766,0.127332
2.688140,3.872232,-0.092916
2.688140,2.693943,-0.003584
2.688140,2.868792,0.023997
2.688140,9.952021,0.082138
2.688140,3.304045,-0.061111
2.688140,2.686982,-0.000421
2.688140,3.187317,0.052453
2.688140,10.914500,-0.055913
2.688140,2.915327,-0.028673
2.688140,2.688519,0.002600
2.688140,3.637635,0.081637
2.688140,7.765898,-0.118793
2.688140,2.797225,-0.016352
2.688140,2.715017,0.006569
2.688140,4.691255,0.117858
2.688140,5.126739,-0.124639
2.688140,2.726753,-0.007997
2.688140,2.786326,0.015083
2.688140,7.369039,0.122947
2.688140,3.723654,-0.086040
2.688140,2.690579,-0.002956
2.688140,2.900082,0.027158
2.688140,10.642391,0.064449
2.688140,3.220690,-0.055012
2.688140,2.687362,0.000224
2.688140,3.282797,0.059594
2.688140,10.126276,-0.078075
2.688140,2.876009,-0.024729
2.688140,2.693782,0.003511
2.688140,3.858827,0.092331
2.688140,6.847704,-0.127052
2.688140,2.772369,-0.013435
2.688140,2.742974,0.009941
2.688140,5.735606,0.129097
2.688140,4.291250,-0.108059
2.688140,2.704354,-0.005189
2.688140,2.816662,0.018510
2.688140,8.433168,0.110052
2.688140,3.516257,-0.074837
2.688140,2.686826,-0.001949
2.688140,2.976322,0.034494
2.688140,11.595339,0.023742
2.688140,3.086081,-0.044229
2.688140,2.686942,0.001155
2.688140,3.405977,0.068010
2.688140,9.166290,-0.098055
2.688140,2.840087,-0.021003
2.688140,2.699919,0.004497
2.688140,4.110042,0.102208
2.688140,6.122737,-0.129628
2.688140,2.753282,-0.011152
2.688140,2.765144,0.012560
2.688140,6.571877,0.128510
2.688140,3.943888,-0.095924
2.688140,2.695977,-0.003835
2.688140,2.867072,0.023807
2.688140,9.907200,0.083146
2.688140,3.309603,-0.061498
2.688140,2.687557,-0.000394
2.688140,3.200426,0.053463
2.688140,10.808945,-0.059370
2.688140,2.909159,-0.028056
2.688140,2.690157,0.002839
2.688140,3.699589,0.084839
2.688140,7.474477,-0.121924
2.688140,2.789232,-0.015415
2.688140,2.724657,0.007736
2.688140,5.047339,0.123657
2.688140,4.758633,-0.119145
2.688140,2.716877,-0.006789
2.688140,2.796504,0.016260
2.688140,7.738620,0.119104
2.688140,3.643181,-0.081929
2.688140,2.688817,-0.002604
2.688140,2.919571,0.029084
2.688140,10.982167,0.053579
2.688140,3.178805,-0.051786
2.688140,2.687269,0.000517
2.688140,3.322040,0.062370
2.688140,9.806956,-0.085354
2.688140,2.863122,-0.023406
2.688140,2.695889,0.003854
2.688140,3.945212,0.095979
2.688140,6.567819,-0.128528
2.688140,2.764992,-0.012552
2.688140,2.752105,0.011022
2.688140,6.079757,0.129643
2.688140,4.128154,-0.102839
2.688140,2.700275,-0.004577
2.688140,2.834969,0.020467
2.688140,9.013299,0.100768
2.688140,3.427481,-0.069393
2.688140,2.686734,-0.001332
2.688140,3.058586,0.041875
2.688140,11.699742,-0.013160
2.688140,2.998186,-0.036507
2.688140,2.686587,0.001759
2.688140,3.485403,0.072992
2.688140,8.625455,-0.107148
2.688140,2.822548,-0.019149
2.688140,2.702218,0.004897
2.688140,4.209829,0.105552
2.688140,5.898374,-0.129509
2.688140,2.747259,-0.010457
2.688140,2.767841,0.012903
2.688140,6.677812,0.128015
2.688140,3.909890,-0.094521
2.688140,2.694902,-0.003729
2.688140,2.864409,0.023544
2.688140,9.840915,0.084614
2.688140,3.317792,-0.062076
2.688140,2.687032,-0.000514
2.688140,3.175327,0.051514
2.688140,11.009370,-0.052613
2.688140,2.921309,-0.029257
2.688140,2.688259,0.002525
2.688140,3.622516,0.080828
2.688140,7.841773,-0.117906
2.688140,2.799370,-0.016594
2.688140,2.713557,0.006385
2.688140,4.636649,0.116743
2.688140,5.195143,-0.125402
2.688140,2.728598,-0.008217
2.688140,2.785098,0.014936
2.688140,7.323118,0.123373
2.688140,3.734451,-0.086569
2.688140,2.690892,-0.002994
2.688140,2.899910,0.027139
2.688140,10.638852,0.064552
2.688140,3.221124,-0.055044
2.688140,2.687492,0.000236
2.688140,3.286627,0.059868
2.688140,10.094779,-0.078827
2.688140,2.874697,-0.024592
2.688140,2.694369,0.003590
2.688140,3.880343,0.093265
2.688140,6.774533,-0.127491
2.688140,2.770457,-0.013201
2.688140,2.746000,0.010296
2.688140,5.848928,0.129414
2.688140,4.233702,-0.106307
2.688140,2.702919,-0.004974
2.688140,2.823087,0.019200
2.688140,8.641791,0.106893
2.688140,3.482864,-0.072837
2.688140,2.686757,-0.001721
2.688140,3.006018,0.037217
2.688140,11.721896,0.009508
2.688140,3.049593,-0.041091
2.688140,2.686854,0.001412
2.688140,3.440759,0.070232
2.688140,8.921352,-0.102344
2.688140,2.831989,-0.020146
2.688140,2.701457,0.004737
2.688140,4.172652,0.104341
2.688140,5.978564,-0.129608
2.688140,2.749470,-0.010699
2.688140,2.768579,0.012968
2.688140,6.701882,0.127890
2.688140,3.902437,-0.094206
2.688140,2.695012,-0.003665
2.688140,2.874648,0.024582
2.688140,10.093004,0.078868
2.688140,3.286855,-0.059883
2.688140,2.687719,-0.000211
2.688140,3.228252,0.055580
2.688140,10.579824,-0.066255
2.688140,2.896909,-0.026835
2.688140,2.691742,0.003116
2.688140,3.766547,0.088115
2.688140,7.191261,-0.124530
2.688140,2.781572,-0.014515
2.688140,2.733428,0.008793
2.688140,5.375181,0.127071
2.688140,4.506223,-0.113810
2.688140,2.710078,-0.005939
2.688140,2.805200,0.017246
2.688140,8.045155,0.115391
2.688140,3.583795,-0.078708
2.688140,2.687671,-0.002324
2.688140,2.939124,0.030980
2.688140,11.254301,0.042949
2.688140,3.142628,-0.048907
2.688140,2.687128,0.000763
2.688140,3.354168,0.064576
2.688140,9.553987,-0.090644
2.688140,2.853648,-0.022424
2.688140,2.697447,0.004107
2.688140,4.009381,0.098514
2.688140,6.382023,-0.129186
2.688140,2.760104,-0.011967
2.688140,2.757788,0.011692
2.688140,6.294285,0.129401
2.688140,4.041878,-0.099743
2.688140,2.698221,-0.004237
2.688140,2.848436,0.021881
2.688140,9.408601,0.093517
2.688140,3.373185,-0.065854
2.688140,2.687011,-0.000913
2.688140,3.120249,0.047082
2.688140,11.405030,-0.035743
2.688140,2.952753,-0.032282
2.688140,2.687150,0.002161
2.688140,3.551919,0.076909
2.688140,8.222790,-0.113034
2.688140,2.810370,-0.017823
2.688140,2.706816,0.005522
2.688140,4.384993,0.110715
2.688140,5.567284,-0.128354
2.688140,2.738514,-0.009408
2.688140,2.776403,0.013911
2.688140,6.999170,0.126031
2.688140,3.816470,-0.090438
2.688140,2.692810,-0.003335
2.688140,2.884397,0.025580
2.688140,10.317933,0.073324
2.688140,3.259686,-0.057916
2.688140,2.687487,-0.000043
2.688140,3.247809,0.057041
2.688140,10.416887,-0.070739
2.688140,2.888957,-0.026041
2.688140,2.692176,0.003226
2.688140,3.789940,0.089217
2.688140,7.099317,-0.125276
2.688140,2.779074,-0.014228
2.688140,2.735323,0.009026
2.688140,5.447382,0.127611
2.688140,4.458684,-0.112641
2.688140,2.708767,-0.005780
2.688140,2.806196,0.017362
2.688140,8.080435,0.114935
2.688140,3.577319,-0.078347
2.688140,2.687450,-0.002304
2.688140,2.938258,0.030899
2.688140,11.243807,0.043406
2.688140,3.144096,-0.049027
2.688140,2.686981,0.000736
2.688140,3.347869,0.064149
2.688140,9.602809,-0.089653
2.688140,2.855411,-0.022611
2.688140,2.696568,0.003991
2.688140,3.977109,0.097258
2.688140,6.473261,-0.128897
2.688140,2.762467,-0.012258
2.688140,2.753961,0.011248
2.688140,6.151020,0.129609
2.688140,4.098337,-0.101797
2.688140,2.699487,-0.004469
2.688140,2.837146,0.020700
2.688140,9.079560,0.099607
2.688140,3.418074,-0.068792
2.688140,2.686662,-0.001274
2.688140,3.065370,0.042462
2.688140,11.678843,-0.015852
2.688140,2.992507,-0.035989
2.688140,2.686480,0.001788
2.688140,3.487746,0.073135
2.688140,8.610455,-0.107380
2.688140,2.822062,-0.019101
2.688140,2.701791,0.004850
2.688140,4.195458,0.105090
2.688140,5.928877,-0.129555
2.688140,2.748033,-0.010557
2.688140,2.766168,0.012713
2.688140,6.615877,0.128315
2.688140,3.929530,-0.095339
2.688140,2.695268,-0.003820
2.688140,2.857994,0.022886
2.688140,9.673417,0.088195
2.688140,3.338836,-0.063534
2.688140,2.686750,-0.000698
2.688140,3.145506,0.049142
2.688140,11.233645,-0.043845
2.688140,2.937423,-0.030822
2.688140,2.687082,0.002267
2.688140,3.565832,0.077703
2.688140,8.143967,-0.114099
2.688140,2.808005,-0.017572
2.688140,2.706596,0.005514
2.688140,4.379944,0.110579
2.688140,5.575855,-0.128400
2.688140,2.738686,-0.009441
2.688140,2.774579,0.013710
2.688140,6.933135,0.126495
2.688140,3.834574,-0.091257
2.688140,2.693031,-0.003433
2.688140,2.874713,0.024604
2.688140,10.096403,0.078789
2.688140,3.286403,-0.059856
2.688140,2.687015,-0.000291
2.688140,3.205861,0.053885
2.688140,10.764363,-0.060772
2.688140,2.906604,-0.027812
2.688140,2.689220,0.002748
2.688140,3.670651,0.083366
2.688140,7.606789,-0.120557
2.688140,2.792795,-0.015844
2.688140,2.718971,0.007057
2.688140,4.838133,0.120545
2.688140,4.960055,-0.122455
2.688140,2.722260,-0.007457
2.688140,2.789828,0.015498
2.688140,7.498477,0.121683
2.688140,3.694220,-0.084570
2.688140,2.689799,-0.002844
2.688140,2.902859,0.027439
2.688140,10.695434,0.062877
2.688140,3.214257,-0.054526
2.688140,2.687132,0.000244
2.688140,3.281771,0.059522
2.688140,10.134636,-0.077875
2.688140,2.876338,-0.024767
2.688140,2.693094,0.003428
2.688140,3.834963,0.091274
2.688140,6.931755,-0.126504
2.688140,2.774560,-0.013704
2.688140,2.739225,0.009502
2.688140,5.595593,0.128503
2.688140,4.368465,-0.110265
2.688140,2.706316,-0.005471
2.688140,2.809416,0.017725
2.688140,8.191567,0.113459
2.688140,3.557386,-0.077223
2.688140,2.687046,-0.002212
2.688140,2.944265,0.031476
2.688140,11.315020,0.040200
2.688140,3.133895,-0.048201
2.688140,2.686836,0.000793
2.688140,3.353494,0.064532
2.688140,9.559073,-0.090542
2.688140,2.853795,-0.022447
2.688140,2.696423,0.003986
2.688140,3.973882,0.097130
2.688140,6.482602,-0.128864
2.688140,2.762686,-0.012291
2.688140,2.752919,0.011130
2.688140,6.112505,0.129633
2.688140,4.114292,-0.102358
2.688140,2.699825,-0.004537
2.688140,2.833371,0.020304
2.688140,8.965401,0.101594
2.688140,3.434348,-0.069830
2.688140,2.686541,-0.001403
2.688140,3.045766,0.040759
2.688140,11.729262,-0.007933
2.688140,3.009428,-0.037528
2.688140,2.686428,0.001657
2.688140,3.468350,0.071952
2.688140,8.735913,-0.105402
2.688140,2.825988,-0.019522
2.688140,2.700841,0.004710
2.688140,4.157916,0.103852
2.688140,6.011351,-0.129631
2.688140,2.750213,-0.010816
2.688140,2.764166,0.012475
2.688140,6.540092,0.128644
2.688140,3.954387,-0.096352
2.688140,2.695861,-0.003920
2.688140,2.853930,0.022465
2.688140,9.563361,0.090455
2.688140,3.352931,-0.064495
2.688140,2.686679,-0.000807
2.688140,3.129391,0.047835
2.688140,11.345389,-0.038754
2.688140,2.946992,-0.031738
2.688140,2.686735,0.002155
2.688140,3.544087,0.076462
2.688140,8.267786,-0.112414
2.688140,2.811637,-0.017976
2.688140,2.704456,0.005239
2.688140,4.300555,0.108335
2.688140,5.717995,-0.129036
2.688140,2.742426,-0.009895
2.688140,2.770391,0.013221
2.688140,6.776652,0.127479
2.688140,3.879675,-0.093239
2.688140,2.693997,-0.003628
2.688140,2.863686,0.023478
2.688140,9.823332,0.084999
2.688140,3.319963,-0.062230
2.688140,2.686695,-0.000569
2.688140,3.162277,0.050485
2.688140,11.109772,-0.048881
2.688140,2.928103,-0.029923
2.688140,2.687306,0.002363
2.688140,3.583246,0.078680
2.688140,8.047996,-0.115356
2.688140,2.805207,-0.017263
2.688140,2.707954,0.005693
2.688140,4.431076,0.111936
2.688140,5.491101,-0.127904
2.688140,2.736434,-0.009171
2.688140,2.776524,0.013940
2.688140,7.006180,0.125981
2.688140,3.814557,-0.090352
2.688140,2.692555,-0.003351
2.688140,2.878181,0.024957
2.688140,10.178005,0.076825
2.688140,3.276518,-0.059144
2.688140,2.687041,-0.000217
2.688140,3.216500,0.054697
2.688140,10.676890,-0.063431
2.688140,2.901864,-0.027341
2.688140,2.689687,0.002838
2.688140,3.691500,0.084433
2.688140,7.510746,-0.121559
2.688140,2.790151,-0.015538
2.688140,2.721558,0.007374
2.688140,4.934340,0.122075
2.688140,4.862740,-0.120953
2.688140,2.719626,-0.007139
2.688140,2.791883,0.015740
2.688140,7.574014,0.120905
2.688140,3.677682,-0.083728
2.688140,2.689346,-0.002782
2.688140,2.903995,0.027554
2.688140,10.716827,0.062231
2.688140,3.211651,-0.054328
2.688140,2.686972,0.000244
2.688140,3.279162,0.059336
2.688140,10.156112,-0.077357
2.688140,2.877235,-0.024862
2.688140,2.692514,0.003353
2.688140,3.814173,0.090335
2.688140,7.007592,-0.125971
2.688140,2.776552,-0.013946
2.688140,2.736103,0.009134
2.688140,5.478986,0.127825
2.688140,4.438634,-0.112131
2.688140,2.708143,-0.005721
2.688140,2.804441,0.017179
2.688140,8.021807,0.115691
2.688140,3.588085,-0.078949
2.688140,2.687339,-0.002393
2.688140,2.924569,0.029581
2.688140,11.058868,0.050807
2.688140,3.168933,-0.051013
2.688140,2.686631,0.000514
2.688140,3.311139,0.061613
2.688140,9.894353,-0.083434
2.688140,2.866456,-0.023765
2.688140,2.693307,0.003527
2.688140,3.853023,0.092078
2.688140,6.867756,-0.126926
2.688140,2.772789,-0.013510
2.688140,2.739158,0.009508
2.688140,5.595345,0.128502
2.688140,4.368594,-0.110269
2.688140,2.706223,-0.005483
2.688140,2.806448,0.017409
2.688140,8.092057,0.114784
2.688140,3.575174,-0.078230
2.688140,2.687008,-0.002341
2.688140,2.926279,0.029749
2.688140,11.083973,0.049867
2.688140,3.165656,-0.050755
2.688140,2.686492,0.000521
2.688140,3.309909,0.061528
2.688140,9.904237,-0.083214
2.688140,2.866831,-0.023807
2.688140,2.692825,0.003468
2.688140,3.836134,0.091329
2.688140,6.927457,-0.126534
2.688140,2.774350,-0.013700
2.688140,2.736623,0.009209
2.688140,5.500676,0.127965
2.688140,4.425129,-0.111783
2.688140,2.707696,-0.005684
2.688140,2.802451,0.016970
2.688140,7.954642,0.116537
2.688140,3.600668,-0.079645
2.688140,2.687274,-0.002488
2.688140,2.910702,0.028230
2.688140,10.837752,0.058448
2.688140,3.196813,-0.053195
2.688140,2.686231,0.000264
2.688140,3.269871,0.058669
2.688140,10.232726,-0.075478
2.688140,2.880473,-0.025207
2.688140,2.690061,0.003041
2.688140,3.727212,0.086219
2.688140,7.353595,-0.123093
2.688140,2.785743,-0.015052
2.688140,2.722601,0.007527
2.688140,4.977234,0.122703
2.688140,4.821973,-0.120271
2.688140,2.718405,-0.007019
2.688140,2.789278,0.015467
2.688140,7.483970,0.121831
2.688140,3.697400,-0.084735
2.688140,2.689285,-0.002926
2.688140,2.883722,0.025539
2.688140,10.306134,0.073628
2.688140,3.261030,-0.058025
2.688140,2.686085,-0.000217
2.688140,3.200878,0.053510
2.688140,10.804672,-0.059507
2.688140,2.908789,-0.028043
2.688140,2.687088,0.002480
2.688140,3.596429,0.079413
2.688140,7.977029,-0.116257
2.688140,2.803069,-0.017044
2.688140,2.706614,0.005554
2.688140,4.386256,0.110752
2.688140,5.565079,-0.128343
2.688140,2.738306,-0.009417
2.688140,2.772030,0.013433
2.688140,6.841352,0.127093
2.688140,3.860617,-0.092413
2.688140,2.693316,-0.003578
2.688140,2.859791,0.023085
2.688140,9.722912,0.087156
2.688140,3.332537,-0.063105
2.688140,2.686253,-0.000711
2.688140,3.135636,0.048347
2.688140,11.302899,-0.040765
2.688140,2.943162,-0.031378
2.688140,2.686113,0.002110
2.688140,3.527328,0.075494
2.688140,8.366185,-0.111025
2.688140,2.814490,-0.018306
2.688140,2.700945,0.004809
2.688140,4.174516,0.104407
2.688140,5.974295,-0.129607
2.688140,2.749075,-0.010717
2.688140,2.760432,0.012070
2.688140,6.405022,0.129122
2.688140,4.001031,-0.098197
2.688140,2.696563,-0.004154
2.688140,2.833633,0.020356
2.688140,8.977083,0.101395
2.688140,3.432615,-0.069726
2.688140,2.685775,-0.001481
2.688140,3.022933,0.038746
2.688140,11.745230,0.001841
2.688140,3.031359,-0.039495
2.688140,2.685817,0.001424
2.688140,3.425283,0.069260
2.688140,9.028298,-0.100508
2.688140,2.835322,-0.020533
2.688140,2.696427,0.004125
2.688140,3.994456,0.097942
2.688140,6.423500,-0.129065
2.688140,2.760930,-0.012126
2.688140,2.748871,0.010690
2.688140,5.966157,0.129599
2.688140,4.178221,-0.104530
2.688140,2.701061,-0.004820
2.688140,2.814773,0.018335
2.688140,8.375356,0.110893
2.688140,3.525795,-0.075404
2.688140,2.686140,-0.002096
2.688140,2.945467,0.031598
2.688140,11.328929,0.039545
2.688140,3.131823,-0.048036
2.688140,2.686293,0.000744
2.688140,3.337752,0.063463
2.688140,9.681740,-0.088022
2.688140,2.858248,-0.022924
2.688140,2.693729,0.003638
2.688140,3.876447,0.093101
2.688140,6.787429,-0.127418
2.688140,2.770611,-0.013262
2.688140,2.740227,0.009645
2.688140,5.637166,0.128705
2.688140,4.344753,-0.109606
2.688140,2.705525,-0.005407
2.688140,2.805813,0.017346
2.688140,8.071482,0.115053
2.688140,3.578910,-0.078441
2.688140,2.686887,-0.002381
2.688140,2.918911,0.029035
2.688140,10.973083,0.053900
2.688140,3.179908,-0.051880
2.688140,2.686259,0.000390
2.688140,3.287833,0.059964
2.688140,10.084300,-0.079076
2.688140,2.874124,-0.024560
2.688140,2.691000,0.003199
2.688140,3.765992,0.088094
2.688140,7.193229,-0.124515
2.688140,2.781413,-0.014544
2.688140,2.727389,0.008107
2.688140,5.155718,0.124972
2.688140,4.667716,-0.117387
2.688140,2.714210,-0.006510
2.688140,2.792733,0.015873
2.688140,7.610567,0.120518
2.688140,3.669791,-0.083327
2.688140,2.688527,-0.002823
2.688140,2.885535,0.025727
2.688140,10.346560,0.072589
2.688140,3.256162,-0.057670
2.688140,2.685868,-0.000208
2.688140,3.198666,0.053341
2.688140,10.822570,-0.058937
2.688140,2.909794,-0.028146
2.688140,2.686573,0.002412
2.688140,3.578048,0.078395
2.688140,8.076079,-0.114994
2.688140,2.805884,-0.017367
2.688140,2.703719,0.005196
2.688140,4.281246,0.107764
2.688140,5.754622,-0.129162
2.688140,2.743264,-0.010025
2.688140,2.765629,0.012689
2.688140,6.602266,0.128379
2.688140,3.933878,-0.095521
2.688140,2.694889,-0.003893
2.688140,2.842216,0.021263
2.688140,9.234158,0.096816
2.688140,3.396569,-0.067407
2.688140,2.685758,-0.001227
2.688140,3.057222,0.041764
2.688140,11.703422,-0.012630
2.688140,2.999261,-0.036613
2.688140,2.685457,0.001618
2.688140,3.446660,0.070614
2.688140,8.880450,-0.103035
2.688140,2.830443,-0.020028
2.688140,2.695757,0.004083
2.688140,3.976753,0.097250
2.688140,6.474040,-0.128897
2.688140,2.762171,-0.012295
2.688140,2.744797,0.010224
2.688140,5.815142,0.129336
2.688140,4.250353,-0.106828
2.688140,2.702783,-0.005100
2.688140,2.804201,0.017195
2.688140,8.020253,0.115712
2.688140,3.588306,-0.078969
2.688140,2.686428,-0.002501
2.688140,2.895541,0.026740
2.688140,10.556945,0.066906
2.688140,3.230885,-0.055796
2.688140,2.685378,-0.000083
2.688140,3.207938,0.054057
2.688140,10.746669,-0.061321
2.688140,2.905483,-0.027728
2.688140,2.685777,0.002350
2.688140,3.555895,0.077148
2.688140,8.199529,-0.113354
2.688140,2.809399,-0.017776
2.688140,2.699323,0.004658
2.688140,4.123745,0.102693
2.688140,6.089871,-0.129644
2.688140,2.751972,-0.011097
2.688140,2.753051,0.011226
2.688140,6.130826,0.129626
2.688140,4.106564,-0.102094
2.688140,2.698878,-0.004594
2.688140,2.810908,0.017941
2.688140,8.250362,0.112657
2.688140,3.547023,-0.076640
2.688140,2.685693,-0.002298
2.688140,2.911211,0.028292
2.688140,10.847593,0.058130
2.688140,3.195560,-0.053104
2.688140,2.685480,0.000185
2.688140,3.246626,0.056969
2.688140,10.425869,-0.070503
2.688140,2.889183,-0.026102
2.688140,2.687197,0.002639
2.688140,3.620999,0.080754
2.688140,7.849089,-0.117821
2.688140,2.799343,-0.016642
2.688140,2.706900,0.005615
2.688140,4.400634,0.111138
2.688140,5.540889,-0.128208
2.688140,2.737601,-0.009347
2.688140,2.770730,0.013295
2.688140,6.795061,0.127373
2.688140,3.874159,-0.093004
2.688140,2.693429,-0.003657
2.688140,2.850943,0.022176
2.688140,9.483791,0.092047
2.688140,3.363219,-0.065197
2.688140,2.685804,-0.000984
2.688140,3.091147,0.044666
2.688140,11.570613,-0.025621
2.688140,2.972486,-0.034149
2.688140,2.685293,0.001796
2.688140,3.469165,0.072011
2.688140,8.730074,-0.105498
2.688140,2.825612,-0.019521
2.688140,2.695734,0.004117
2.688140,3.981330,0.097432
2.688140,6.460788,-0.128944
2.688140,2.761767,-0.012259
2.688140,2.743604,0.010092
2.688140,5.771892,0.129217
2.688140,4.272284,-0.107497
2.688140,2.703275,-0.005188
2.688140,2.800075,0.016748
2.688140,7.878772,0.117467
2.688140,3.615164,-0.080443
2.688140,2.686594,-0.002669
2.688140,2.875612,0.024744
2.688140,10.123602,0.078143
2.688140,3.282978,-0.059628
2.688140,2.684743,-0.000533
2.688140,3.135653,0.048360
2.688140,11.302305,-0.040794
2.688140,2.943003,-0.031382
2.688140,2.683635,0.001819
2.688140,3.444777,0.070510
2.688140,8.892469,-0.102836
2.688140,2.830541,-0.020099
2.688140,2.687904,0.003160
2.688140,3.707924,0.085277
2.688140,7.436605,-0.122304
2.688140,2.787553,-0.015362
2.688140,2.707642,0.005790
2.688140,4.440401,0.112181
2.688140,5.476025,-0.127809
2.688140,2.735658,-0.009165
2.688140,2.765709,0.012756
2.688140,6.614849,0.128323
2.688140,3.929741,-0.095357
2.688140,2.694107,-0.003956
2.688140,2.821564,0.019107
2.688140,8.603634,0.107489
2.688140,3.488709,-0.073206
2.688140,2.684852,-0.001986
2.688140,2.939799,0.031067
2.688140,11.263955,0.042526
2.688140,3.141186,-0.048803
2.688140,2.685463,0.000578
2.688140,3.300973,0.060906
2.688140,9.976340,-0.081586
2.688140,2.869598,-0.024114
2.688140,2.689355,0.003039
2.688140,3.715001,0.085619
2.688140,7.406081,-0.122597
2.688140,2.787059,-0.015230
2.688140,2.717982,0.006987
2.688140,4.809408,0.120055
2.688140,4.990777,-0.122895
2.688140,2.722889,-0.007580
2.688140,2.783109,0.014763
2.688140,7.259497,0.123946
2.688140,3.749642,-0.087314
2.688140,2.690290,-0.003169
2.688140,2.866907,0.023834
2.688140,9.908630,0.083117
2.688140,3.309319,-0.061493
2.688140,2.685651,-0.000616
2.688140,3.139039,0.048628
2.688140,11.279096,-0.041850
2.688140,2.941080,-0.031187
2.688140,2.685150,0.002012
2.688140,3.497326,0.073723
2.688140,8.549353,-0.108320
2.688140,2.819930,-0.018922
2.688140,2.695671,0.004152
2.688140,3.985457,0.097595
2.688140,6.448902,-0.128984
2.688140,2.761387,-0.012229
2.688140,2.742016,0.009916
2.688140,5.714120,0.129024
2.688140,4.302544,-0.108397
2.688140,2.703978,-0.005307
2.688140,2.795175,0.016215
2.688140,7.708565,0.119447
2.688140,3.649176,-0.082261
2.688140,2.686890,-0.002872
2.688140,2.853179,0.022456
2.688140,9.552244,0.090683
2.688140,3.354211,-0.064603
2.688140,2.684004,-0.001131
2.688140,3.042105,0.040458
2.688140,11.735032,-0.006453
2.688140,3.012551,-0.037831
2.688140,2.683709,0.001314
2.688140,3.374919,0.065995
2.688140,9.394026,-0.093803
2.688140,2.847473,-0.021871
2.688140,2.686516,0.002870
2.688140,3.642682,0.081921
2.688140,7.740195,-0.119091
2.688140,2.796008,-0.016322
2.688140,2.701806,0.005048
2.688140,4.225458,0.106055
2.688140,5.865588,-0.129452
2.688140,2.745959,-0.010402
2.688140,2.755887,0.011588
2.688140,6.242420,0.129501
2.688140,4.061672,-0.100485
2.688140,2.697484,-0.004455
2.688140,2.807811,0.017621
2.688140,8.148616,0.114040
2.688140,3.564885,-0.077662
2.688140,2.685457,-0.002451
2.688140,2.886892,0.025886
2.688140,10.378558,0.071756
2.688140,3.252260,-0.057392
2.688140,2.684701,-0.000317
2.688140,3.164697,0.050693
2.688140,11.090643,-0.049616
2.688140,2.926604,-0.029806
2.688140,2.683695,0.001948
2.688140,3.463974,0.071704
2.688140,8.763577,-0.104961
2.688140,2.826408,-0.019661
2.688140,2.688438,0.003254
2.688140,3.730563,0.086398
2.688140,7.338717,-0.123235
2.688140,2.784872,-0.015054
2.688140,2.709893,0.006070
2.688140,4.523221,0.114220
2.688140,5.350102,-0.126870
2.688140,2.732295,-0.008764
2.688140,2.768290,0.013067
2.688140,6.713133,0.127835
2.688140,3.898803,-0.094065
2.688140,2.693269,-0.003844
2.688140,2.823514,0.019319
2.688140,8.666708,0.106505
2.688140,3.478859,-0.072609
2.688140,2.684708,-0.001934
2.688140,2.944614,0.031528
2.688140,11.320096,0.039964
2.688140,3.133085,-0.048146
2.688140,2.685404,0.000630
2.688140,3.307262,0.061350
2.688140,9.925185,-0.082746
2.688140,2.867537,-0.023904
2.688140,2.689463,0.003067
2.688140,3.720866,0.085910
2.688140,7.380655,-0.122840
2.688140,2.786357,-0.015150
2.688140,2.718431,0.007044
2.688140,4.826369,0.120347
2.688140,4.972503,-0.122637
2.688140,2.722386,-0.007521
2.688140,2.783198,0.014776
2.688140,7.263324,0.123912
2.688140,3.748708,-0.087269
2.688140,2.690218,-0.003171
2.688140,2.865511,0.023693
2.688140,9.873538,0.083898
2.688140,3.313657,-0.061798
2.688140,2.685560,-0.000658
2.688140,3.131806,0.048041
2.688140,11.328816,-0.039551
2.688140,2.945406,-0.031601
2.688140,2.684954,0.001957
2.688140,3.486221,0.073055
2.688140,8.619530,-0.107242
2.688140,2.822079,-0.019158
2.688140,2.694547,0.004004
2.688140,3.944316,0.095953
2.688140,6.570119,-0.128522
2.688140,2.764554,-0.012613
2.688140,2.737688,0.009404
2.688140,5.551698,0.128271
2.688140,4.394123,-0.110967
2.688140,2.706414,-0.005628
2.688140,2.790059,0.015644
2.688140,7.526562,0.121402
2.688140,3.687849,-0.084263
2.688140,2.687545,-0.003063
2.688140,2.837872,0.020867
2.688140,9.114583,0.098989
2.688140,3.412973,-0.068487
2.688140,2.683707,-0.001585
2.688140,2.975791,0.034469
2.688140,11.592900,0.023939
2.688140,3.086502,-0.044283
2.688140,2.684600,0.000876
2.688140,3.328328,0.062827
2.688140,9.755567,-0.086464
2.688140,2.860829,-0.023233
2.688140,2.687893,0.002933
2.688140,3.674900,0.083596
2.688140,7.586413,-0.120777
2.688140,2.791878,-0.015816
2.688140,2.709595,0.005983
2.688140,4.504554,0.113773
2.688140,5.377539,-0.127092
2.688140,2.733179,-0.008835
2.688140,2.772216,0.013492
2.688140,6.854591,0.127012
2.688140,3.856743,-0.092247
2.688140,2.692726,-0.003620
2.688140,2.844864,0.021554
2.688140,9.313048,0.095345
2.688140,3.385841,-0.066706
2.688140,2.685309,-0.001203
2.688140,3.053241,0.041422
2.688140,11.713576,-0.011029
2.688140,3.002662,-0.036926
2.688140,2.684982,0.001537
2.688140,3.427344,0.069398
2.688140,9.013481,-0.100768
2.688140,2.834705,-0.020495
2.688140,2.693094,0.003739
2.688140,3.880503,0.093282
2.688140,6.773578,-0.127500
2.688140,2.769991,-0.013246
2.688140,2.733407,0.008878
2.688140,5.388599,0.127180
2.688140,4.497105,-0.113594
2.688140,2.709300,-0.005969
2.688140,2.789253,0.015534
2.688140,7.494548,0.121727
2.688140,3.694945,-0.084621
2.688140,2.688009,-0.003058
2.688140,2.845878,0.021695
2.688140,9.347157,0.094700
2.688140,3.381187,-0.066408
2.688140,2.684069,-0.001316
2.688140,3.018012,0.038319
2.688140,11.741900,0.003997
2.688140,3.036309,-0.039945
2.688140,2.684239,0.001201
2.688140,3.367919,0.065524
2.688140,9.447245,-0.092768
2.688140,2.849430,-0.022060
2.688140,2.688168,0.003050
2.688140,3.696505,0.084699
2.688140,7.487581,-0.121797
2.688140,2.789093,-0.015509
2.688140,2.710354,0.006092
2.688140,4.534688,0.114488
2.688140,5.333594,-0.126730
2.688140,2.731962,-0.008699
2.688140,2.771878,0.013464
2.688140,6.843886,0.127079
2.688140,3.859820,-0.092383
2.688140,2.692641,-0.003651
2.688140,2.839418,0.020989
2.688140,9.154669,0.098267
2.688140,3.407471,-0.068121
2.688140,2.685051,-0.001388
2.688140,3.024020,0.038848
2.688140,11.745671,0.001347
2.688140,3.030184,-0.039396
2.688140,2.685093,0.001347
2.688140,3.402505,0.067799
2.688140,9.190599,-0.097615
2.688140,2.840638,-0.021116
2.688140,2.692612,0.003638
2.688140,3.857467,0.092280
2.688140,6.852035,-0.127028
2.688140,2.772104,-0.013489
2.688140,2.731998,0.008702
2.688140,5.334623,0.126739
2.688140,4.533973,-0.114471
2.688140,2.710346,-0.006088
2.688140,2.789461,0.015549
2.688140,7.500567,0.121666
2.688140,3.693622,-0.084553
2.688140,2.688143,-0.003033
2.688140,2.851307,0.022254
2.688140,9.499448,0.091739
2.688140,3.361086,-0.065065
2.688140,2.684301,-0.001145
2.688140,3.044952,0.040705
2.688140,11.730555,-0.007637
2.688140,3.009965,-0.037595
2.688140,2.683979,0.001365
2.688140,3.386520,0.066761
2.688140,9.307407,-0.095453
2.688140,2.844482,-0.021552
2.688140,2.687848,0.003049
2.688140,3.690959,0.084420
2.688140,7.512520,-0.121545
2.688140,2.789731,-0.015593
2.688140,2.708381,0.005859
2.688140,4.464008,0.112779
2.688140,5.438965,-0.127554
2.688140,2.734736,-0.009040
2.688140,2.768479,0.013069
2.688140,6.716918,0.127814
2.688140,3.897665,-0.094015
2.688140,2.693492,-0.003810
2.688140,2.831501,0.020156
2.688140,8.915551,0.102445
2.688140,3.441485,-0.070293
2.688140,2.684966,-0.001639
2.688140,2.988568,0.035639
2.688140,11.662187,0.017711
2.688140,3.070078,-0.042876
2.688140,2.685447,0.001096
2.688140,3.373069,0.065858
2.688140,9.408772,-0.093515
2.688140,2.848229,-0.021902
2.688140,2.692649,0.003586
2.688140,3.850444,0.091969
2.688140,6.876577,-0.126872
2.688140,2.772826,-0.013559
2.688140,2.733274,0.008841
2.688140,5.380262,0.127113
2.688140,4.502724,-0.113729
2.688140,2.709577,-0.005974
2.688140,2.792906,0.015927
2.688140,7.622424,0.120392
2.688140,3.667220,-0.083199
2.688140,2.687838,-0.002886
2.688140,2.866245,0.023785
2.688140,9.894393,0.083436
2.688140,3.311032,-0.061620
2.688140,2.684804,-0.000728
2.688140,3.110032,0.046255
2.688140,11.467121,-0.032321
2.688140,2.959220,-0.032918
2.688140,2.683792,0.001717
2.688140,3.433067,0.069771
2.688140,8.973073,-0.101467
2.688140,2.833193,-0.020373
2.688140,2.688347,0.003193
2.688140,3.720114,0.085882
2.688140,7.383500,-0.122815
2.688140,2.786139,-0.015190
2.688140,2.710040,0.006078
2.688140,4.526985,0.114308
2.688140,5.344659,-0.126824
2.688140,2.732182,-0.008743
2.688140,2.769376,0.013187
2.688140,6.752787,0.127618
2.688140,3.886731,-0.093550
2.688140,2.693066,-0.003785
2.688140,2.828159,0.019809
2.688140,8.812853,0.104156
2.688140,3.456638,-0.071242
2.688140,2.684769,-0.001770
2.688140,2.967758,0.033712
2.688140,11.536772,0.027987
2.688140,3.097694,-0.045220
2.688140,2.685442,0.000893
2.688140,3.344591,0.063938
2.688140,9.627686,-0.089145
2.688140,2.856131,-0.022726
2.688140,2.691301,0.003369
2.688140,3.795771,0.089495
2.688140,7.076592,-0.125456
2.688140,2.778158,-0.014189
2.688140,2.727296,0.008121
2.688140,5.156270,0.124979
2.688140,4.667247,-0.117378
2.688140,2.714067,-0.006523
2.688140,2.788765,0.015445
2.688140,7.471309,0.121959
2.688140,3.700178,-0.084880
2.688140,2.688709,-0.003012
2.688140,2.863015,0.023450
2.688140,9.811369,0.085261
2.688140,3.321357,-0.062340
2.688140,2.684953,-0.000784
2.688140,3.104676,0.045808
2.688140,11.498223,-0.030462
2.688140,2.962857,-0.033258
2.688140,2.684038,0.001720
2.688140,3.437448,0.070046
2.688140,8.942885,-0.101983
2.688140,2.832245,-0.020265
2.688140,2.689469,0.003332
2.688140,3.759309,0.087787
2.688140,7.219662,-0.124294
2.688140,2.781731,-0.014669
2.688140,2.715486,0.006740
2.688140,4.726244,0.118542
2.688140,5.084726,-0.124136
2.688140,2.725212,-0.007908
2.688140,2.774846,0.013842
2.688140,6.959866,0.126315
2.688140,3.827045,-0.090930
2.688140,2.691459,-0.003565
2.688140,2.832375,0.020263
2.688140,8.944603,0.101953
2.688140,3.437229,-0.070028
2.688140,2.684513,-0.001662
2.688140,2.978216,0.034687
2.688140,11.607648,0.022755
2.688140,3.083338,-0.044010
2.688140,2.685185,0.000968
2.688140,3.350832,0.064365
2.688140,9.578953,-0.090141
2.688140,2.854306,-0.022543
2.688140,2.690734,0.003316
2.688140,3.778430,0.088687
2.688140,7.143696,-0.124925
2.688140,2.779915,-0.014405
2.688140,2.724131,0.007746
2.688140,5.039505,0.123557
2.688140,4.765451,-0.119272
2.688140,2.716710,-0.006851
2.688140,2.785653,0.015087
2.688140,7.357829,0.123055
2.688140,3.726157,-0.086174
2.688140,2.689282,-0.003125
2.688140,2.856975,0.022828
2.688140,9.652375,0.088635
2.688140,3.341405,-0.063725
2.688140,2.684869,-0.000938
2.688140,3.082375,0.043931
2.688140,11.611923,-0.022401
2.688140,2.978915,-0.034755
2.688140,2.684108,0.001609
2.688140,3.423040,0.069130
2.688140,9.043320,-0.100249
2.688140,2.835557,-0.020612
2.688140,2.689406,0.003300
2.688140,3.753547,0.087510
2.688140,7.243133,-0.124091
2.688140,2.782389,-0.014741
2.688140,2.715501,0.006737
2.688140,4.726008,0.118537
2.688140,5.085008,-0.124139
2.688140,2.725238,-0.007907
2.688140,2.775402,0.013902
2.688140,6.979903,0.126173
2.688140,3.821562,-0.090681
2.688140,2.691387,-0.003535
2.688140,2.835169,0.020556
2.688140,9.029388,0.100491
2.688140,3.425050,-0.069255
2.688140,2.684582,-0.001568
2.688140,2.992104,0.035966
2.688140,11.677581,0.016005
2.688140,3.065686,-0.042501
2.688140,2.685096,0.001087
2.688140,3.365976,0.065387
2.688140,9.462421,-0.092469
2.688140,2.850085,-0.022106
2.688140,2.691092,0.003389
2.688140,3.795225,0.089472
2.688140,7.078610,-0.125441
2.688140,2.778153,-0.014201
2.688140,2.725551,0.007922
2.688140,5.093032,0.124237
2.688140,4.719237,-0.118406
2.688140,2.715428,-0.006702
2.688140,2.785932,0.015127
2.688140,7.369361,0.122947
2.688140,3.723454,-0.086041
2.688140,2.689090,-0.003129
2.688140,2.853422,0.022465
2.688140,9.556586,0.090595
2.688140,3.353688,-0.064563
2.688140,2.684661,-0.001050
2.688140,3.063690,0.042332
2.688140,11.684089,-0.015228
2.688140,2.993711,-0.036117
2.688140,2.684084,0.001497
2.688140,3.406867,0.068090
2.688140,9.158592,-0.098198
2.688140,2.839408,-0.021017
2.688140,2.688861,0.003207
2.688140,3.730839,0.086408
2.688140,7.337697,-0.123243
2.688140,2.784959,-0.015039
2.688140,2.713127,0.006444
2.688140,4.638155,0.116779
2.688140,5.193085,-0.125383
2.688140,2.728163,-0.008253
2.688140,2.773765,0.013701
2.688140,6.917040,0.126607
2.688140,3.838958,-0.091462
2.688140,2.691944,-0.003590
2.688140,2.836679,0.020709
2.688140,9.074079,0.099707
2.688140,3.418729,-0.068849
2.688140,2.684771,-0.001501
2.688140,3.004210,0.037069
2.688140,11.717719,0.010305
2.688140,3.051455,-0.041268
2.688140,2.685103,0.001192
2.688140,3.380886,0.066380
2.688140,9.349875,-0.094647
2.688140,2.846116,-0.021691
2.688140,2.691760,0.003497
2.688140,3.822345,0.090714
2.688140,6.977152,-0.126192
2.688140,2.775440,-0.013882
2.688140,2.728498,0.008278
2.688140,5.203202,0.125490
2.688140,4.630334,-0.116613
2.688140,2.712991,-0.006409
2.688140,2.787537,0.015320
2.688140,7.429289,0.122374
2.688140,3.709645,-0.085357
2.688140,2.688641,-0.003086
2.688140,2.852121,0.022334
2.688140,9.521391,0.091302
2.688140,3.358239,-0.064872
2.688140,2.684477,-0.001104
2.688140,3.053360,0.041438
2.688140,11.713220,-0.011093
2.688140,3.002483,-0.036917
2.688140,2.684030,0.001426
2.688140,3.395973,0.067381
2.688140,9.237747,-0.096752
2.688140,2.842091,-0.021300
2.688140,2.688329,0.003124
2.688140,3.709881,0.085371
2.688140,7.428135,-0.122386
2.688140,2.787421,-0.015325
2.688140,2.710656,0.006140
2.688140,4.547378,0.114782
2.688140,5.315510,-0.126573
2.688140,2.731447,-0.008645
2.688140,2.771323,0.013407
2.688140,6.824418,0.127199
2.688140,3.865472,-0.092631
2.688140,2.692670,-0.003686
2.688140,2.835138,0.020543
2.688140,9.027016,0.100532
2.688140,3.425408,-0.069275
2.688140,2.684894,-0.001533
2.688140,3.001722,0.036842
2.688140,11.710947,0.011466
2.688140,3.054314,-0.041515
2.688140,2.685244,0.001188
2.688140,3.382574,0.066491
2.688140,9.337336,-0.094885
2.688140,2.845698,-0.021643
2.688140,2.692343,0.003569
2.688140,3.842735,0.091628
2.688140,6.903709,-0.126695
2.688140,2.773510,-0.013648
2.688140,2.731383,0.008621
2.688140,5.310503,0.126528
2.688140,4.550941,-0.114864
2.688140,2.710847,-0.006141
2.688140,2.790180,0.015623
2.688140,7.525220,0.121414
2.688140,3.688194,-0.084276
2.688140,2.688169,-0.002992
2.688140,2.857170,0.022856
2.688140,9.658746,0.088504
2.688140,3.340574,-0.063670
2.688140,2.684538,-0.000971
2.688140,3.072536,0.043094
2.688140,11.652817,-0.018677
2.688140,2.986520,-0.035460
2.688140,2.683807,0.001517
2.688140,3.405134,0.067980
2.688140,9.170984,-0.097974
2.688140,2.839786,-0.021065
2.688140,2.687736,0.003071
2.688140,3.692242,0.084486
2.688140,7.506662,-0.121605
2.688140,2.789533,-0.015578
2.688140,2.707498,0.005758
2.688140,4.433028,0.111991
2.688140,5.487828,-0.127885
2.688140,2.736009,-0.009199
2.688140,2.766565,0.012848
2.688140,6.645585,0.128178
2.688140,3.919924,-0.094950
2.688140,2.693975,-0.003905
2.688140,2.826360,0.019613
2.688140,8.755627,0.105087
2.688140,3.465258,-0.071774
2.688140,2.684925,-0.001812
2.688140,2.964505,0.033406
2.688140,11.511358,0.029641
2.688140,3.102365,-0.045610
2.688140,2.685564,0.000873
2.688140,3.343824,0.063885
2.688140,9.633739,-0.089020
2.688140,2.856371,-0.022748
2.688140,2.691665,0.003410
2.688140,3.807929,0.090055
2.688140,7.030630,-0.125803
2.688140,2.776950,-0.014042
2.688140,2.729234,0.008351
2.688140,5.228110,0.125746
2.688140,4.611322,-0.116207
2.688140,2.712560,-0.006335
2.688140,2.790658,0.015662
2.688140,7.539888,0.121263
2.688140,3.685003,-0.084111
2.688140,2.688386,-0.002945
2.688140,2.866960,0.023854
2.688140,9.911803,0.083047
2.688140,3.308892,-0.061468
2.688140,2.685017,-0.000687
2.688140,3.119002,0.046995
2.688140,11.412346,-0.035360
2.688140,2.953360,-0.032363
2.688140,2.684080,0.001795
2.688140,3.448772,0.070757
2.688140,8.865514,-0.103286
2.688140,2.829740,-0.019999
2.688140,2.689890,0.003400
2.688140,3.776358,0.088596
2.688140,7.151568,-0.124863
2.688140,2.779893,-0.014455
2.688140,2.717277,0.006960
2.688140,4.792570,0.119762
2.688140,5.009147,-0.123151
2.688140,2.723156,-0.007665
2.688140,2.775824,0.013965
2.688140,6.997778,0.126046
2.688140,3.816687,-0.090461
2.688140,2.691089,-0.003537
2.688140,2.830308,0.020050
2.688140,8.881644,0.103016
2.688140,3.446415,-0.070607
2.688140,2.684371,-0.001744
2.688140,2.964876,0.033445
2.688140,11.514533,0.029440
2.688140,3.101776,-0.045564
2.688140,2.685174,0.000832
2.688140,3.331594,0.063048
2.688140,9.729892,-0.087010
2.688140,2.859923,-0.023125
2.688140,2.689841,0.003169
2.688140,3.741960,0.086944
2.688140,7.291205,-0.123665
2.688140,2.783893,-0.014871
2.688140,2.719910,0.007232
2.688140,4.882466,0.121274
2.688140,4.914084,-0.121769
2.688140,2.720766,-0.007336
2.688140,2.783227,0.014792
2.688140,7.266407,0.123885
2.688140,3.747943,-0.087234
2.688140,2.690007,-0.003191
2.688140,2.859592,0.023090
2.688140,9.721037,0.087197
2.688140,3.332714,-0.063125
2.688140,2.685210,-0.000835
2.688140,3.101852,0.045570
2.688140,11.514117,-0.029466
2.688140,2.964826,-0.033440
2.688140,2.684422,0.001750
2.688140,3.448182,0.070717
2.688140,8.869667,-0.103216
2.688140,2.829929,-0.020008
2.688140,2.691353,0.003571
2.688140,3.826110,0.090888
2.688140,6.963239,-0.126291
2.688140,2.774910,-0.013855
2.688140,2.724372,0.007811
2.688140,5.054234,0.123750
2.688140,4.752488,-0.119035
2.688140,2.716182,-0.006829
2.688140,2.780605,0.014541
2.688140,7.178484,0.124642
2.688140,3.769559,-0.088275
2.688140,2.689675,-0.003378
2.688140,2.829270,0.019952
2.688140,8.851247,0.103523
2.688140,3.450878,-0.070889
2.688140,2.684021,-0.001817
2.688140,2.949468,0.031995
2.688140,11.373009,0.037392
2.688140,3.125132,-0.047499
2.688140,2.684984,0.000639
2.688140,3.301562,0.060951
2.688140,9.971331,-0.081701
2.688140,2.869342,-0.024099
2.688140,2.687988,0.002880
2.688140,3.668963,0.083288
2.688140,7.614261,-0.120480
2.688140,2.792707,-0.015899
2.688140,2.710531,0.006085
2.688140,4.536777,0.114536
2.688140,5.330632,-0.126704
2.688140,2.731971,-0.008680
2.688140,2.774579,0.013761
2.688140,6.941626,0.126439
2.688140,3.832148,-0.091154
2.688140,2.692268,-0.003505
2.688140,2.853045,0.022401
2.688140,9.542931,0.090869
2.688140,3.355508,-0.064679
2.688140,2.685576,-0.000955
2.688140,3.091339,0.044684
2.688140,11.569611,-0.025694
2.688140,2.972325,-0.034136
2.688140,2.684982,0.001761
2.688140,3.458974,0.071385
2.688140,8.797343,-0.104410
2.688140,2.827698,-0.019753
2.688140,2.694069,0.003906
2.688140,3.921659,0.095021
2.688140,6.640141,-0.128204
2.688140,2.766439,-0.012829
2.688140,2.736687,0.009276
2.688140,5.512762,0.128042
2.688140,4.417638,-0.111590
2.688140,2.707103,-0.005703
2.688140,2.790771,0.015715
2.688140,7.550724,0.121152
2.688140,3.682580,-0.083994
2.688140,2.687597,-0.003021
2.688140,2.844385,0.021543
2.688140,9.304871,0.095501
2.688140,3.386858,-0.066784
2.688140,2.683908,-0.001375
2.688140,3.007380,0.037362
2.688140,11.725334,0.008822
2.688140,3.047809,-0.040956
2.688140,2.684284,0.001122
2.688140,3.357568,0.064828
2.688140,9.526469,-0.091201
2.688140,2.852280,-0.022356
2.688140,2.687956,0.003004
2.688140,3.686239,0.084178
2.688140,7.534068,-0.121324
2.688140,2.790381,-0.015655
2.688140,2.709438,0.005976
2.688140,4.500683,0.113680
2.688140,5.383274,-0.127138
2.688140,2.733294,-0.008857
2.688140,2.770965,0.013354
2.688140,6.809072,0.127291
2.688140,3.869985,-0.092826
2.688140,2.692927,-0.003687
2.688140,2.839052,0.020949
2.688140,9.143541,0.098468
2.688140,3.409021,-0.068221
2.688140,2.685108,-0.001392
2.688140,3.024367,0.038879
2.688140,11.745773,0.001195
2.688140,3.029836,-0.039365
2.688140,2.685145,0.001356
2.688140,3.404589,0.067934
2.688140,9.175524,-0.097890
2.688140,2.840136,-0.021062
2.688140,2.692896,0.003675
2.688140,3.867738,0.092729
2.688140,6.816732,-0.127245
2.688140,2.771177,-0.013377
2.688140,2.733311,0.008858
2.688140,5.383627,0.127140
2.688140,4.500448,-0.113675
2.688140,2.709441,-0.005974
2.688140,2.790706,0.015690
2.688140,7.545483,0.121206
2.688140,3.683748,-0.084051
2.688140,2.687937,-0.002989
2.688140,2.853992,0.022532
2.688140,9.573319,0.090257
2.688140,3.351509,-0.064417
2.688140,2.684343,-0.001072
2.688140,3.055613,0.041635
2.688140,11.707562,-0.012009
2.688140,3.000515,-0.036740
2.688140,2.683838,0.001418
2.688140,3.391665,0.067101
2.688140,9.269307,-0.096167
2.688140,2.843147,-0.021416
2.688140,2.687481,0.003016
2.688140,3.679983,0.083861
2.688140,7.562662,-0.121028
2.688140,2.791088,-0.015755
2.688140,2.706437,0.005623
2.688140,4.393779,0.110957
2.688140,5.552285,-0.128274
2.688140,2.737725,-0.009403
2.688140,2.765168,0.012680
2.688140,6.592464,0.128424
2.688140,3.937006,-0.095654
2.688140,2.694424,-0.003969
2.688140,2.824879,0.019454
2.688140,8.708501,0.105843
2.688140,3.472441,-0.072215
2.688140,2.684987,-0.001856
2.688140,2.959616,0.032946
2.688140,11.470152,0.032143
2.688140,3.109554,-0.046209
2.688140,2.685614,0.000827
2.688140,3.338117,0.063493
2.688140,9.678555,-0.088090
2.688140,2.858045,-0.022920
2.688140,2.691552,0.003384
2.688140,3.802250,0.089794
2.688140,7.052006,-0.125643
2.688140,2.777529,-0.014108
2.688140,2.728825,0.008300
2.688140,5.212562,0.125586
2.688140,4.623159,-0.116460
2.688140,2.712892,-0.006374
2.688140,2.790644,0.015657
2.688140,7.538989,0.121272
2.688140,3.685203,-0.084121
2.688140,2.688434,-0.002941
2.688140,2.868289,0.023989
2.688140,9.944894,0.082302
2.688140,3.304817,-0.061180
2.688140,2.685091,-0.000649
2.688140,3.125384,0.047519
2.688140,11.371395,-0.037473
2.688140,2.949321,-0.031979
2.688140,2.684190,0.001838
2.688140,3.456641,0.071246
2.688140,8.812587,-0.104161
2.688140,2.828056,-0.019818
2.688140,2.690520,0.003487
2.688140,3.799686,0.089683
2.688140,7.061383,-0.125574
2.688140,2.777483,-0.014169
2.688140,2.720127,0.007305
2.688140,4.897894,0.121519
2.688140,4.898494,-0.121529
2.688140,2.720143,-0.007307
2.688140,2.777472,0.014168
2.688140,7.060963,0.125578
2.688140,3.799797,-0.089689
2.688140,2.690523,-0.003487
2.688140,2.828058,0.019818
2.688140,8.812662,0.104160
2.688140,3.456629,-0.071246
2.688140,2.684190,-0.001838
2.688140,2.949357,0.031983
2.688140,11.371774,0.037454
2.688140,3.125326,-0.047515
2.688140,2.685092,0.000650
2.688140,3.304893,0.061186
2.688140,9.944277,-0.082316
2.688140,2.868265,-0.023986
2.688140,2.688439,0.002941
2.688140,3.685389,0.084131
2.688140,7.538141,-0.121281
2.688140,2.790621,-0.015655
2.688140,2.712916,0.006377
2.688140,4.624044,0.116479
2.688140,5.211406,-0.125574
2.688140,2.728794,-0.008296
2.688140,2.777554,0.014111
2.688140,7.052973,0.125636
2.688140,3.801995,-0.089782
2.688140,2.691546,-0.003383
2.688140,2.858076,0.022923
2.688140,9.679386,0.088072
2.688140,3.338012,-0.063486
2.688140,2.685613,-0.000826
2.688140,3.109644,0.046216
2.688140,11.469624,-0.032174
2.688140,2.959556,-0.032941
2.688140,2.684987,0.001856
2.688140,3.472481,0.072217
2.688140,8.708238,-0.105847
2.688140,2.824870,-0.019453
2.688140,2.694422,0.003969
2.688140,3.936941,0.095651
2.688140,6.592664,-0.128423
2.688140,2.765173,-0.012681
2.688140,2.737713,0.009402
2.688140,5.551865,0.128272
2.688140,4.394029,-0.110964
2.688140,2.706444,-0.005624
2.688140,2.791071,0.015753
2.688140,7.562055,0.121034
2.688140,3.680114,-0.083868
2.688140,2.687483,-0.003017
2.688140,2.843088,0.021410
2.688140,9.267612,0.096198
2.688140,3.391895,-0.067116
2.688140,2.683837,-0.001420
2.688140,3.000253,0.036716
2.688140,11.706770,0.012131
2.688140,3.055917,-0.041662
2.688140,2.684347,0.001070
2.688140,3.351310,0.064404
2.688140,9.574865,-0.090226
2.688140,2.854049,-0.022538
2.688140,2.687941,0.002989
2.688140,3.683827,0.084055
2.688140,7.545120,-0.121209
2.688140,2.790697,-0.015689
2.688140,2.709466,0.005977
2.688140,4.501347,0.113696
2.688140,5.382289,-0.127130
2.688140,2.733276,-0.008853
2.688140,2.771220,0.013382
2.688140,6.818337,0.127236
2.688140,3.867268,-0.092708
2.688140,2.692885,-0.003673
2.688140,2.840238,0.021073
2.688140,9.178551,0.097835
2.688140,3.404171,-0.067907
2.688140,2.685147,-0.001353
2.688140,3.030292,0.039406
2.688140,11.745636,-0.001393
2.688140,3.023918,-0.038839
2.688140,2.685104,0.001395
2.688140,3.409336,0.068241
2.688140,9.141272,-0.098509
2.688140,2.838975,-0.020941
2.688140,2.692921,0.003687
2.688140,3.869884,0.092822
2.688140,6.809416,-0.127289
2.688140,2.770973,-0.013355
2.688140,2.733256,0.008853
2.688140,5.381868,0.127127
2.688140,4.501628,-0.113703
2.688140,2.709462,-0.005980
2.688140,2.790318,0.015648
2.688140,7.531817,0.121347
2.688140,3.686732,-0.084203
2.688140,2.687963,-0.003006
2.688140,2.852055,0.022333
2.688140,9.520278,0.091324
2.688140,3.358372,-0.064882
2.688140,2.684278,-0.001129
2.688140,3.046825,0.040870
2.688140,11.727211,-0.008416
2.688140,3.008265,-0.037442
2.688140,2.683919,0.001370
2.688140,3.386296,0.066747
2.688140,9.309043,-0.095422
2.688140,2.844531,-0.021558
2.688140,2.687620,0.003022
2.688140,3.683183,0.084024
2.688140,7.547960,-0.121181
2.688140,2.790697,-0.015706
2.688140,2.707226,0.005718
2.688140,4.422072,0.111706
2.688140,5.505536,-0.127997
2.688140,2.736497,-0.009253
2.688140,2.766659,0.012855
2.688140,6.648420,0.128164
2.688140,3.919030,-0.094912
2.688140,2.694007,-0.003895
2.688140,2.828165,0.019803
2.688140,8.811927,0.104171
2.688140,3.456791,-0.071249
2.688140,2.684982,-0.001746
2.688140,2.974396,0.034329
2.688140,11.583512,0.024660
2.688140,3.088508,-0.044445
2.688140,2.685565,0.000975
2.688140,3.358044,0.064850
2.688140,9.523383,-0.091261
2.688140,2.852336,-0.022328
2.688140,2.692352,0.003520
2.688140,3.835800,0.091317
2.688140,6.928497,-0.126528
2.688140,2.774228,-0.013720
2.688140,2.732314,0.008721
2.688140,5.343540,0.126814
2.688140,4.527800,-0.114326
2.688140,2.710284,-0.006055
2.688140,2.792905,0.015922
2.688140,7.621526,0.120402
2.688140,3.667419,-0.083208
2.688140,2.687942,-0.002875
2.688140,2.869342,0.024099
2.688140,9.971382,0.081700
2.688140,3.301555,-0.060951
2.688140,2.684969,-0.000640
2.688140,3.124636,0.047459
2.688140,11.376243,-0.037230
2.688140,2.949778,-0.032024
2.688140,2.683997,0.001812
2.688140,3.449748,0.070818
2.688140,8.858875,-0.103397
2.688140,2.829512,-0.019978
2.688140,2.689549,0.003362
2.688140,3.764995,0.088058
2.688140,7.196723,-0.124489
2.688140,2.781094,-0.014599
2.688140,2.715593,0.006757
2.688140,4.730838,0.118629
2.688140,5.079327,-0.124069
2.688140,2.725051,-0.007892
2.688140,2.774481,0.013803
2.688140,6.946877,0.126405
2.688140,3.830624,-0.091091
2.688140,2.691490,-0.003586
2.688140,2.830088,0.020024
2.688140,8.874418,0.103137
2.688140,3.447484,-0.070673
2.688140,2.684458,-0.001741
2.688140,2.966633,0.033609
2.688140,11.528294,0.028550
2.688140,3.099264,-0.045353
2.688140,2.685227,0.000856
2.688140,3.335889,0.063344
2.688140,9.695940,-0.087726
2.688140,2.858648,-0.022992
2.688140,2.690200,0.003220
2.688140,3.755550,0.087600
2.688140,7.235226,-0.124158
2.688140,2.782388,-0.014693
2.688140,2.721717,0.007451
2.688140,4.949362,0.122301
2.688140,4.848236,-0.120716
2.688140,2.718979,-0.007121
2.688140,2.784514,0.014946
2.688140,7.314484,0.123455
2.688140,3.736393,-0.086674
2.688140,2.689670,-0.003150
2.688140,2.859693,0.023103
2.688140,9.724046,0.087134
2.688140,3.332328,-0.063099
2.688140,2.685110,-0.000844
2.688140,3.098996,0.045332
2.688140,11.529714,-0.028457
2.688140,2.966810,-0.033627
2.688140,2.684295,0.001721
2.688140,3.441885,0.070323
2.688140,8.912516,-0.102497
2.688140,2.831296,-0.020157
2.688140,2.690659,0.003479
2.688140,3.800917,0.089739
2.688140,7.056753,-0.125609
2.688140,2.777392,-0.014151
2.688140,2.721200,0.007429
2.688140,4.936659,0.122113
2.688140,4.860394,-0.120918
2.688140,2.719129,-0.007181
2.688140,2.778823,0.014324
2.688140,7.110843,0.125190
2.688140,3.786790,-0.089084
2.688140,2.690239,-0.003431
2.688140,2.831092,0.020139
2.688140,8.906742,0.102595
2.688140,3.442722,-0.070377
2.688140,2.684192,-0.001739
2.688140,2.962707,0.033243
2.688140,11.496923,0.030542
2.688140,3.104909,-0.045827
2.688140,2.685060,0.000795
2.688140,3.324650,0.062568
2.688140,9.785089,-0.085830
2.688140,2.862015,-0.023344
2.688140,2.689181,0.003075
2.688140,3.717266,0.085733
2.688140,7.396154,-0.122692
2.688140,2.786727,-0.015205
2.688140,2.716532,0.006823
2.688140,4.757798,0.119132
2.688140,5.048211,-0.123671
2.688140,2.724392,-0.007771
2.688140,2.780536,0.014471
2.688140,7.165614,0.124746
2.688140,3.772882,-0.088425
2.688140,2.690706,-0.003281
2.688140,2.858526,0.022976
2.688140,9.692202,0.087804
2.688140,3.336372,-0.063375
2.688140,2.685377,-0.000842
2.688140,3.103634,0.045718
2.688140,11.504212,-0.030090
2.688140,2.963612,-0.033324
2.688140,2.684654,0.001787
2.688140,3.457146,0.071274
2.688140,8.809406,-0.104213
2.688140,2.828030,-0.019800
2.688140,2.692573,0.003728
2.688140,3.869955,0.092828
2.688140,6.809060,-0.127292
2.688140,2.770845,-0.013367
2.688140,2.729866,0.008469
2.688140,5.258539,0.126048
2.688140,4.588533,-0.115711
2.688140,2.711705,-0.006286
2.688140,2.784097,0.014956
2.688140,7.308841,0.123508
2.688140,3.737656,-0.086743
2.688140,2.688750,-0.003267
2.688140,2.829636,0.019997
2.688140,8.863603,0.103318
2.688140,3.449038,-0.070776
2.688140,2.683815,-0.001828
2.688140,2.944667,0.031539
2.688140,11.321121,0.039917
2.688140,3.132909,-0.048136
2.688140,2.684854,0.000567
2.688140,3.289417,0.060088
2.688140,10.070641,-0.079401
2.688140,2.873400,-0.024517
2.688140,2.687142,0.002750
2.688140,3.636024,0.081562
2.688140,7.773375,-0.118709
2.688140,2.797121,-0.016409
2.688140,2.706139,0.005543
2.688140,4.376325,0.110483
2.688140,5.581952,-0.128434
2.688140,2.738622,-0.009485
2.688140,2.767718,0.012955
2.688140,6.684264,0.127984
2.688140,3.907794,-0.094440
2.688140,2.694031,-0.003816
2.688140,2.839137,0.020949
2.688140,9.144812,0.098445
2.688140,3.408861,-0.068209
2.688140,2.685392,-0.001357
2.688140,3.033620,0.039699
2.688140,11.744013,-0.002824
2.688140,3.020696,-0.038549
2.688140,2.685313,0.001443
2.688140,3.419601,0.068901
2.688140,9.068135,-0.099811
2.688140,2.836563,-0.020680
2.688140,2.694151,0.003849
2.688140,3.914723,0.094731
2.688140,6.662131,-0.128096
2.688140,2.767113,-0.012888
2.688140,2.738724,0.009502
2.688140,5.586436,0.128458
2.688140,4.373709,-0.110412
2.688140,2.706042,-0.005537
2.688140,2.796416,0.016333
2.688140,7.749058,0.118988
2.688140,3.640933,-0.081823
2.688140,2.687153,-0.002783
2.688140,2.869158,0.024087
2.688140,9.967599,0.081787
2.688140,3.302003,-0.060985
2.688140,2.684691,-0.000676
2.688140,3.115245,0.046688
2.688140,11.435630,-0.034102
2.688140,2.955763,-0.032594
2.688140,2.683596,0.001720
2.688140,3.430160,0.069588
2.688140,8.993204,-0.101121
2.688140,2.833824,-0.020445
2.688140,2.687477,0.003085
2.688140,3.689903,0.084369
2.688140,7.517179,-0.121498
2.688140,2.789771,-0.015617
2.688140,2.705793,0.005558
2.688140,4.372578,0.110383
2.688140,5.588324,-0.128469
2.688140,2.738637,-0.009523
2.688140,2.763028,0.012437
2.688140,6.513190,0.128754
2.688140,3.963318,-0.096719
2.688140,2.694969,-0.004084
2.688140,2.818065,0.018730
2.688140,8.489977,0.109214
2.688140,3.506858,-0.074294
2.688140,2.684981,-0.002099
2.688140,2.926656,0.029801
2.688140,11.090616,0.049616
2.688140,3.164734,-0.050690
2.688140,2.685401,0.000399
2.688140,3.275078,0.059053
2.688140,10.189188,-0.076553
2.688140,2.878489,-0.025023
2.688140,2.688078,0.002823
2.688140,3.662174,0.082934
2.688140,7.646444,-0.120132
2.688140,2.793660,-0.015995
2.688140,2.711423,0.006181
2.688140,4.567369,0.115236
2.688140,5.287590,-0.126320
2.688140,2.730868,-0.008537
2.688140,2.776933,0.014027
2.688140,7.027979,0.125822
2.688140,3.808653,-0.090087
2.688140,2.691860,-0.003392
2.688140,2.861795,0.023301
2.688140,9.776709,0.086009
2.688140,3.325748,-0.062638
2.688140,2.685903,-0.000704
2.688140,3.131020,0.047974
2.688140,11.334232,-0.039293
2.688140,2.945919,-0.031646
2.688140,2.685504,0.002018
2.688140,3.504047,0.074123
2.688140,8.507587,-0.108950
2.688140,2.818702,-0.018779
2.688140,2.697504,0.004376
2.688140,4.050208,0.100060
2.688140,6.272162,-0.129448
2.688140,2.756807,-0.011666
2.688140,2.749148,0.010753
2.688140,5.981489,0.129614
2.688140,4.171226,-0.104300
2.688140,2.700627,-0.004824
2.688140,2.807543,0.017568
2.688140,8.135769,0.114210
2.688140,3.567222,-0.077790
2.688140,2.686020,-0.002401
2.688140,2.902491,0.027432
2.688140,10.691444,0.062999
2.688140,3.214654,-0.054569
2.688140,2.685408,0.000038
2.688140,3.225143,0.055364
2.688140,10.604657,-0.065547
2.688140,2.897956,-0.026981
2.688140,2.686321,0.002471
2.688140,3.582163,0.078627
2.688140,8.053494,-0.115287
2.688140,2.805162,-0.017302
2.688140,2.702231,0.005029
2.688140,4.229948,0.106194
2.688140,5.856442,-0.129432
2.688140,2.745881,-0.010355
2.688140,2.760931,0.012149
2.688140,6.427308,0.129054
2.688140,3.993081,-0.097891
2.688140,2.696145,-0.004148
2.688140,2.827799,0.019748
2.688140,8.798069,0.104397
2.688140,3.458896,-0.071376
2.688140,2.685452,-0.001705
2.688140,2.987383,0.035526
2.688140,11.656569,0.018294
2.688140,3.071603,-0.043004
2.688140,2.685849,0.001132
2.688140,3.384771,0.066631
2.688140,9.321238,-0.095189
2.688140,2.845223,-0.021576
2.688140,2.694661,0.003844
2.688140,3.922718,0.095061
2.688140,6.636998,-0.128217
2.688140,2.766563,-0.012797
2.688140,2.742733,0.009958
2.688140,5.733965,0.129093
2.688140,4.292065,-0.108086
2.688140,2.704030,-0.005232
2.688140,2.805980,0.017375
2.688140,8.078953,0.114956
2.688140,3.577529,-0.078365
2.688140,2.686627,-0.002402
2.688140,2.911983,0.028360
2.688140,10.860090,0.057722
2.688140,3.194038,-0.052983
2.688140,2.685952,0.000251
2.688140,3.263580,0.058213
2.688140,10.284862,-0.074169
2.688140,2.882753,-0.025444
2.688140,2.689053,0.002906
2.688140,3.690599,0.084392
2.688140,7.514602,-0.121521
2.688140,2.790100,-0.015567
2.688140,2.717051,0.006857
2.688140,4.772404,0.119398
2.688140,5.031694,-0.123453
2.688140,2.724058,-0.007705
2.688140,2.784202,0.014873
2.688140,7.296981,0.123612
2.688140,3.740622,-0.086875
2.688140,2.690358,-0.003099
2.688140,2.877378,0.024893
2.688140,10.161428,0.077229
2.688140,3.278476,-0.059292
2.688140,2.686190,-0.000331
2.688140,3.186965,0.052432
2.688140,10.917008,-0.055829
2.688140,2.915414,-0.028693
2.688140,2.686926,0.002412
2.688140,3.583948,0.078722
2.688140,8.044029,-0.115407
2.688140,2.805010,-0.017259
2.688140,2.705739,0.005438
2.688140,4.353222,0.109844
2.688140,5.622165,-0.128635
2.688140,2.739823,-0.009598
2.688140,2.770780,0.013284
2.688140,6.794084,0.127379
2.688140,3.874471,-0.093016
2.688140,2.693661,-0.003632
2.688140,2.857909,0.022890
2.688140,9.672786,0.088209
2.688140,3.338887,-0.063541
2.688140,2.686253,-0.000757
2.688140,3.129410,0.047840
2.688140,11.345137,-0.038766
2.688140,2.946939,-0.031739
2.688140,2.686053,0.002075
2.688140,3.521320,0.075142
2.688140,8.402200,-0.110505
2.688140,2.815574,-0.018424
2.688140,2.700542,0.004754
2.688140,4.159216,0.103898
2.688140,6.008332,-0.129631
2.688140,2.749969,-0.010825
2.688140,2.759431,0.011952
2.688140,6.367224,0.129229
2.688140,4.014682,-0.098722
2.688140,2.696889,-0.004208
2.688140,2.831478,0.020128
2.688140,8.910935,0.102522
2.688140,3.442210,-0.070332
2.688140,2.685760,-0.001551
2.688140,3.013236,0.037876
2.688140,11.735893,0.006184
2.688140,3.041550,-0.040394
2.688140,2.685898,0.001359
2.688140,3.417418,0.068756
2.688140,9.083878,-0.099532
2.688140,2.837175,-0.020727
2.688140,2.696404,0.004109
2.688140,3.991636,0.097832
2.688140,6.431491,-0.129040
2.688140,2.761160,-0.012149
2.688140,2.749199,0.010725
2.688140,5.977912,0.129609
2.688140,4.172882,-0.104353
2.688140,2.700959,-0.004796
2.688140,2.816353,0.018503
2.688140,8.427165,0.110141
2.688140,3.517199,-0.074898
2.688140,2.686149,-0.002035
2.688140,2.953920,0.032400
2.688140,11.416916,0.035114
2.688140,3.118335,-0.046930
2.688140,2.686370,0.000851
2.688140,3.354026,0.064572
2.688140,9.554744,-0.090630
2.688140,2.853577,-0.022436
2.688140,2.694878,0.003807
2.688140,3.920995,0.094987
2.688140,6.642495,-0.128190
2.688140,2.766803,-0.012804
2.688140,2.745296,0.010245
2.688140,5.827685,0.129366
2.688140,4.244144,-0.106634
2.688140,2.702927,-0.005042
2.688140,2.814115,0.018251
2.688140,8.351468,0.111235
2.688140,3.529825,-0.075637
2.688140,2.686488,-0.002084
2.688140,2.952681,0.032280
2.688140,11.404601,0.035767
2.688140,3.120297,-0.047090
2.688140,2.686581,0.000862
2.688140,3.358965,0.064904
2.688140,9.516759,-0.091391
2.688140,2.852230,-0.022290
2.688140,2.695875,0.003934
2.688140,3.956746,0.096447
2.688140,6.533032,-0.128672
2.688140,2.763964,-0.012455
2.688140,2.749945,0.010788
2.688140,6.001797,0.129626
2.688140,4.162168,-0.103995
2.688140,2.700918,-0.004730
2.688140,2.824595,0.019374
2.688140,8.691938,0.106104
2.688140,3.475076,-0.072365
2.688140,2.686388,-0.001710
2.688140,3.001726,0.036830
2.688140,11.710733,0.011495
2.688140,3.054446,-0.041517
2.688140,2.686547,0.001340
2.688140,3.425574,0.069273
2.688140,9.026582,-0.100537
2.688140,2.835377,-0.020516
2.688140,2.699414,0.004474
2.688140,4.097788,0.101778
2.688140,6.152343,-0.129608
2.688140,2.753969,-0.011255
2.688140,2.761637,0.012166
2.688140,6.442930,0.129001
2.688140,3.987659,-0.097673
2.688140,2.696747,-0.004042
2.688140,2.851433,0.022201
2.688140,9.493840,0.091847
2.688140,3.361964,-0.065104
2.688140,2.686783,-0.000860
2.688140,3.123890,0.047384
2.688140,11.381617,-0.036954
2.688140,2.950422,-0.032063
2.688140,2.686837,0.002142
2.688140,3.543893,0.076450
2.688140,8.268957,-0.112397
2.688140,2.811692,-0.017977
2.688140,2.705001,0.005302
2.688140,4.319642,0.108890
2.688140,5.682581,-0.128900
2.688140,2.741515,-0.009780
2.688140,2.772008,0.013406
2.688140,6.836457,0.127122
2.688140,3.862069,-0.092474
2.688140,2.693670,-0.003546
2.688140,2.869544,0.024076
2.688140,9.970864,0.081710
2.688140,3.301727,-0.060947
2.688140,2.686935,-0.000410
2.688140,3.188066,0.052512
2.688140,10.908491,-0.056115
2.688140,2.914957,-0.028637
2.688140,2.688446,0.002595
2.688140,3.635602,0.081529
2.688140,7.775974,-0.118677
2.688140,2.797500,-0.016385
2.688140,2.714583,0.006517
2.688140,4.675451,0.117542
2.688140,5.146147,-0.124863
2.688140,2.727268,-0.008061
2.688140,2.785712,0.015013
2.688140,7.346602,0.123157
2.688140,3.728902,-0.086298
2.688140,2.690682,-0.002980
2.688140,2.898435,0.026995
2.688140,10.610545,0.065375
2.688140,3.224531,-0.055303
2.688140,2.687332,0.000193
2.688140,3.277955,0.059246
2.688140,10.166248,-0.077110
2.688140,2.877707,-0.024903
2.688140,2.693422,0.003456
2.688140,3.844646,0.091705
2.688140,6.897290,-0.126734
2.688140,2.773676,-0.013592
2.688140,2.741198,0.009731
2.688140,5.668919,0.128843
2.688140,4.327134,-0.109104
2.688140,2.705275,-0.005320
2.688140,2.813533,0.018171
2.688140,8.329503,0.111547
2.688140,3.533562,-0.075851
2.688140,2.686924,-0.002059
2.688140,2.962982,0.033248
2.688140,11.498185,0.030460
2.688140,3.104769,-0.045800
2.688140,2.686952,0.001019
2.688140,3.387111,0.066777
2.688140,9.304365,-0.095506
2.688140,2.844794,-0.021499
2.688140,2.698850,0.004337
2.688140,4.067704,0.100695
2.688140,6.227372,-0.129520
2.688140,2.756026,-0.011482
2.688140,2.761946,0.012185
2.688140,6.451599,0.128971
2.688140,3.984647,-0.097553
2.688140,2.696874,-0.004007
2.688140,2.858132,0.022888
2.688140,9.675441,0.088152
2.688140,3.338607,-0.063514
2.688140,2.687251,-0.000638
2.688140,3.161893,0.050450
2.688140,11.112875,-0.048760
2.688140,2.928365,-0.029941
2.688140,2.688309,0.002479
2.688140,3.616683,0.080512
2.688140,7.871627,-0.117549
2.688140,2.800252,-0.016686
2.688140,2.713916,0.006420
2.688140,4.648422,0.116989
2.688140,5.180084,-0.125240
2.688140,2.728228,-0.008164
2.688140,2.786458,0.015087
2.688140,7.371881,0.122920
2.688140,3.723010,-0.086006
2.688140,2.690769,-0.002929
2.688140,2.906657,0.027806
2.688140,10.764172,0.060777
2.688140,3.205921,-0.053884
2.688140,2.687740,0.000375
2.688140,3.310045,0.061528
2.688140,9.903702,-0.083224
2.688140,2.866955,-0.023791
2.688140,2.696551,0.003903
2.688140,3.963747,0.096724
2.688140,6.512418,-0.128752
2.688140,2.763616,-0.012369
2.688140,2.756202,0.011489
2.688140,6.231710,0.129513
2.688140,4.066017,-0.100633
2.688140,2.698947,-0.004315
2.688140,2.849347,0.021969
2.688140,9.433433,0.093034
2.688140,3.369919,-0.065634
2.688140,2.687273,-0.000859
2.688140,3.131905,0.048035
2.688140,11.328677,-0.039555
2.688140,2.945513,-0.031590
2.688140,2.687725,0.002283
2.688140,3.578847,0.078431
2.688140,8.072166,-0.115042
2.688140,2.806009,-0.017330
2.688140,2.710359,0.005965
2.688140,4.515254,0.114026
2.688140,5.361898,-0.126963
2.688140,2.733102,-0.008747
2.688140,2.782726,0.014643
2.688140,7.232901,0.124175
2.688140,3.756243,-0.087622
2.688140,2.691620,-0.003059
2.688140,2.902617,0.027401
2.688140,10.689529,0.063053
2.688140,3.215014,-0.054577
2.688140,2.687945,0.000334
2.688140,3.307591,0.061353
2.688140,9.923675,-0.082776
2.688140,2.867770,-0.023870
2.688140,2.696998,0.003949
2.688140,3.978252,0.097300
2.688140,6.470079,-0.128907
2.688140,2.762542,-0.012231
2.688140,2.758641,0.011769
2.688140,6.322436,0.129338
2.688140,4.031316,-0.099346
2.688140,2.698227,-0.004165
2.688140,2.858139,0.022878
2.688140,9.674219,0.088177
2.688140,3.338786,-0.063523
2.688140,2.687665,-0.000590
2.688140,3.175109,0.051492
2.688140,11.011313,-0.052542
2.688140,2.921486,-0.029265
2.688140,2.689463,0.002666
2.688140,3.662906,0.082961
2.688140,7.643485,-0.120161
2.688140,2.793912,-0.015950
2.688140,2.720827,0.007262
2.688140,4.903527,0.121603
2.688140,4.893008,-0.121438
2.688140,2.720543,-0.007227
2.688140,2.794180,0.015981
2.688140,7.653180,0.120055
2.688140,3.660867,-0.082855
2.688140,2.689415,-0.002657
2.688140,2.921882,0.029304
2.688140,11.017388,0.052323
2.688140,3.174330,-0.051431
2.688140,2.687653,0.000595
2.688140,3.339186,0.063551
2.688140,9.671073,-0.088243
2.688140,2.858020,-0.022866
2.688140,2.698215,0.004164
2.688140,4.031040,0.099335
2.688140,6.323175,-0.129336
2.688140,2.758658,-0.011771
2.688140,2.762457,0.012222
2.688140,6.466959,0.128918
2.688140,3.979332,-0.097342
2.688140,2.697017,-0.003954
2.688140,2.867383,0.023831
2.688140,9.913976,0.082994
2.688140,3.308786,-0.061438
2.688140,2.687924,-0.000345
2.688140,3.213161,0.054436
2.688140,10.704798,-0.062594
2.688140,2.903432,-0.027482
2.688140,2.691489,0.003038
2.688140,3.750908,0.087366
2.688140,7.254710,-0.123985
2.688140,2.783311,-0.014713
2.688140,2.732369,0.008659
2.688140,5.334484,0.126735
2.688140,4.534162,-0.114471
2.688140,2.710863,-0.006030
2.688140,2.805114,0.017231
2.688140,8.041267,0.115441
2.688140,3.584521,-0.078747
2.688140,2.687804,-0.002313
2.688140,2.942681,0.031319
2.688140,11.296508,0.041057
2.688140,3.136609,-0.048418
2.688140,2.687273,0.000824
2.688140,3.365108,0.065312
2.688140,9.470029,-0.092317
2.688140,2.850647,-0.022106
2.688140,2.698640,0.004269
2.688140,4.053920,0.100189
2.688140,6.262822,-0.129461
2.688140,2.757015,-0.011587
2.688140,2.762575,0.012247
2.688140,6.473359,0.128896
2.688140,3.977104,-0.097255
2.688140,2.696837,-0.003960
2.688140,2.863778,0.023465
2.688140,9.822862,0.085008
2.688140,3.320074,-0.062230
2.688140,2.687618,-0.000462
2.688140,3.192037,0.052815
2.688140,10.876885,-0.057168
2.688140,2.913116,-0.028445
2.688140,2.689960,0.002786
2.688140,3.688674,0.084286
2.688140,7.523693,-0.121426
2.688140,2.790592,-0.015570
2.688140,2.723615,0.007606
2.688140,5.008052,0.123132
2.688140,4.793683,-0.119777
2.688140,2.717839,-0.006903
2.688140,2.796009,0.016199
2.688140,7.720217,0.119312
2.688140,3.646949,-0.082127
2.688140,2.688973,-0.002612
2.688140,2.920952,0.029217
2.688140,11.003448,0.052824
2.688140,3.176101,-0.051572
2.688140,2.687393,0.000551
2.688140,3.328842,0.062841
2.688140,9.752747,-0.086520
2.688140,2.861061,-0.023189
2.688140,2.696705,0.003965
2.688140,3.975578,0.097196
2.688140,6.477752,-0.128881
2.688140,2.762653,-0.012265
2.688140,2.755803,0.011452
2.688140,6.218334,0.129533
2.688140,4.071269,-0.100825
2.688140,2.698973,-0.004347
2.688140,2.845412,0.021562
2.688140,9.321961,0.095174
2.688140,3.384745,-0.066620
2.688140,2.687024,-0.000994
2.688140,3.109391,0.046184
2.688140,11.471479,-0.032063
2.688140,2.959860,-0.032953
2.688140,2.687064,0.002099
2.688140,3.541531,0.076312
2.688140,8.282791,-0.112204
2.688140,2.812153,-0.018017
2.688140,2.706173,0.005434
2.688140,4.360308,0.110039
2.688140,5.609798,-0.128574
2.688140,2.739647,-0.009542
2.688140,2.775559,0.013810
2.688140,6.967279,0.126258
2.688140,3.825159,-0.090832
2.688140,2.693030,-0.003369
2.688140,2.883314,0.025470
2.688140,10.293817,0.073940
2.688140,3.262586,-0.058128
2.688140,2.687511,-0.000061
2.688140,3.245680,0.056883
2.688140,10.434639,-0.070265
2.688140,2.889797,-0.026125
2.688140,2.692124,0.003214
2.688140,3.787245,0.089091
2.688140,7.109733,-0.125194
2.688140,2.779356,-0.014260
2.688140,2.735093,0.008998
2.688140,5.438648,0.127549
2.688140,4.464302,-0.112782
2.688140,2.708921,-0.005799
2.688140,2.806044,0.017345
2.688140,8.075087,0.115005
2.688140,3.578295,-0.078402
2.688140,2.687476,-0.002308
2.688140,2.938152,0.030889
2.688140,11.242484,0.043464
2.688140,3.144282,-0.049042
2.688140,2.686995,0.000736
2.688140,3.348113,0.064166
2.688140,9.600914,-0.089692
2.688140,2.855343,-0.022604
2.688140,2.696627,0.003999
2.688140,3.979208,0.097340
2.688140,6.467195,-0.128918
2.688140,2.762310,-0.012239
2.688140,2.754232,0.011279
2.688140,6.161153,0.129600
2.688140,4.094196,-0.101650
2.688140,2.699393,-0.004452
2.688140,2.837930,0.020783
2.688140,9.103049,0.099190
2.688140,3.414774,-0.068580
2.688140,2.686683,-0.001248
2.688140,3.069230,0.042794
2.688140,11.665448,-0.017360
2.688140,2.989364,-0.035700
2.688140,2.686495,0.001813
2.688140,3.491539,0.073364
2.688140,8.586380,-0.107752
2.688140,2.821316,-0.019021
2.688140,2.701988,0.004879
2.688140,4.203206,0.105340
2.688140,5.912353,-0.129531
2.688140,2.747597,-0.010505
2.688140,2.766573,0.012761
2.688140,6.631199,0.128243
2.688140,3.924615,-0.095136
2.688140,2.695152,-0.003800
2.688140,2.858836,0.022973
2.688140,9.695869,0.087725
2.688140,3.335987,-0.063338
2.688140,2.686766,-0.000676
2.688140,3.148819,0.049409
2.688140,11.209728,-0.044861
2.688140,2.935534,-0.030640
2.688140,2.687167,0.002291
2.688140,3.570691,0.077977
2.688140,8.116917,-0.114457
2.688140,2.807219,-0.017484
2.688140,2.707109,0.005580
2.688140,4.398945,0.111091
2.688140,5.543774,-0.128223
2.688140,2.737840,-0.009338
2.688140,2.775504,0.013818
2.688140,6.967586,0.126257
2.688140,3.825057,-0.090829
2.688140,2.692829,-0.003391
2.688140,2.877106,0.024847
2.688140,10.152833,0.077436
2.688140,3.279564,-0.059364
2.688140,2.687080,-0.000234
2.688140,3.214750,0.054563
2.688140,10.691350,-0.062999
2.688140,2.902636,-0.027418
2.688140,2.689703,0.002834
2.688140,3.691233,0.084419
2.688140,7.511965,-0.121547
2.688140,2.790190,-0.015541
2.688140,2.721687,0.007389
2.688140,4.938953,0.122144
2.688140,4.858285,-0.120880
2.688140,2.719511,-0.007124
2.688140,2.792147,0.015770
2.688140,7.583413,0.120806
2.688140,3.675658,-0.083624
2.688140,2.689320,-0.002771
2.688140,2.905072,0.027661
2.688140,10.736570,0.061629
2.688140,3.209251,-0.054145
2.688140,2.687002,0.000265
2.688140,3.282570,0.059581
2.688140,10.127980,-0.078035
2.688140,2.876042,-0.024740
2.688140,2.692783,0.003394
2.688140,3.824660,0.090811
2.688140,6.969020,-0.126247
2.688140,2.775530,-0.013823
2.688140,2.737469,0.009296
2.688140,5.530166,0.128144
2.688140,4.407131,-0.111309
2.688140,2.707312,-0.005610
2.688140,2.806309,0.017386
2.688140,8.086035,0.114863
2.688140,3.576281,-0.078291
2.688140,2.687198,-0.002327
2.688140,2.931235,0.030226
2.688140,11.153104,0.047180
2.688140,3.156511,-0.050026
2.688140,2.686701,0.000612
2.688140,3.326019,0.062651
2.688140,9.774908,-0.086047
2.688140,2.861823,-0.023285
2.688140,2.694364,0.003685
2.688140,3.894291,0.093864
2.688140,6.728249,-0.127750
2.688140,2.769116,-0.013068
2.688140,2.744056,0.010088
2.688140,5.779328,0.129237
2.688140,4.268533,-0.107380
2.688140,2.703631,-0.005122
2.688140,2.814358,0.018271
2.688140,8.358634,0.111132
2.688140,3.528630,-0.075566
2.688140,2.686628,-0.002059
2.688140,2.958261,0.032806
2.688140,11.457416,0.032876
2.688140,3.111745,-0.046382
2.688140,2.686717,0.000940
2.688140,3.372209,0.065791
2.688140,9.415841,-0.093377
2.688140,2.848651,-0.021911
2.688140,2.697118,0.004106
2.688140,4.003556,0.098291
2.688140,6.398127,-0.129141
2.688140,2.760451,-0.012026
2.688140,2.755094,0.011389
2.688140,6.195072,0.129565
2.688140,4.080490,-0.101160
2.688140,2.698982,-0.004408
2.688140,2.837442,0.020735
2.688140,9.088965,0.099441
2.688140,3.416743,-0.068707
2.688140,2.686553,-0.001277
2.688140,3.063166,0.042273
2.688140,11.685993,-0.014986
2.688140,2.994319,-0.036155
2.688140,2.686356,0.001760
2.688140,3.481740,0.072772
2.688140,8.648845,-0.106783
2.688140,2.823238,-0.019231
2.688140,2.701006,0.004750
2.688140,4.166771,0.104149
2.688140,5.991514,-0.129619
2.688140,2.749660,-0.010757
2.688140,2.763806,0.012439
2.688140,6.527624,0.128694
2.688140,3.958557,-0.096520
2.688140,2.695879,-0.003946
2.688140,2.850707,0.022133
2.688140,9.474634,0.092227
2.688140,3.364458,-0.065274
2.688140,2.686491,-0.000912
2.688140,3.112039,0.046408
2.688140,11.455594,-0.032981
2.688140,2.958045,-0.032788
2.688140,2.686293,0.002021
2.688140,3.517676,0.074925
2.688140,8.424331,-0.110182
2.688140,2.816293,-0.018491
2.688140,2.701697,0.004883
2.688140,4.198711,0.105197
2.688140,5.921869,-0.129546
2.688140,2.747757,-0.010545
2.688140,2.763656,0.012437
2.688140,6.524581,0.128707
2.688140,3.959562,-0.096562
2.688140,2.695724,-0.003971
2.688140,2.844965,0.021541
2.688140,9.312665,0.095351
2.688140,3.385942,-0.066706
2.688140,2.686122,-0.001108
2.688140,3.079232,0.043654
2.688140,11.625893,-0.021199
2.688140,2.981431,-0.034975
2.688140,2.685758,0.001785
2.688140,3.475285,0.072383
2.688140,8.690311,-0.106131
2.688140,2.824436,-0.019380
2.688140,2.698028,0.004394
2.688140,4.061959,0.100491
2.688140,6.241844,-0.129500
2.688140,2.756107,-0.011560
2.688140,2.752837,0.011171
2.688140,6.117780,0.129633
2.688140,4.112027,-0.102283
2.688140,2.699297,-0.004582
2.688140,2.819022,0.018799
2.688140,8.515791,0.108826
2.688140,3.502751,-0.074042
2.688140,2.685874,-0.001965
2.688140,2.958934,0.032875
2.688140,11.463758,0.032513
2.688140,3.110660,-0.046296
2.688140,2.686213,0.000889
2.688140,3.356719,0.064755
2.688140,9.533886,-0.091049
2.688140,2.852800,-0.022359
2.688140,2.694495,0.003768
2.688140,3.908692,0.094474
2.688140,6.681527,-0.127997
2.688140,2.767803,-0.012930
2.688140,2.743252,0.010007
2.688140,5.751454,0.129151
2.688140,4.282913,-0.107813
2.688140,2.703888,-0.005188
2.688140,2.809627,0.017766
2.688140,8.201604,0.113324
2.688140,3.555589,-0.077124
2.688140,2.686608,-0.002251
2.688140,2.932077,0.030312
2.688140,11.164788,0.046711
2.688140,3.154924,-0.049901
2.688140,2.686385,0.000586
2.688140,3.317269,0.062044
2.688140,9.844826,-0.084529
2.688140,2.864485,-0.023567
2.688140,2.692901,0.003494
2.688140,3.841292,0.091559
2.688140,6.909034,-0.126658
2.688140,2.773844,-0.013644
2.688140,2.736738,0.009226
2.688140,5.505522,0.127995
2.688140,4.422140,-0.111705
2.688140,2.707596,-0.005676
2.688140,2.801977,0.016919
2.688140,7.938574,0.116736
2.688140,3.603719,-0.079813
2.688140,2.687263,-0.002511
2.688140,2.907474,0.027913
2.688140,10.781325,0.060244
2.688140,3.203742,-0.053730
2.688140,2.686128,0.000202
2.688140,3.259562,0.057917
2.688140,10.318370,-0.073315
2.688140,2.884278,-0.025595
2.688140,2.689332,0.002927
2.688140,3.698388,0.084785
2.688140,7.479553,-0.121875
2.688140,2.789164,-0.015453
2.688140,2.718699,0.007054
2.688140,4.832654,0.120453
2.688140,4.965831,-0.122540
2.688140,2.722298,-0.007489
2.688140,2.786126,0.015096
2.688140,7.367571,0.122962
2.688140,3.723947,-0.086059
2.688140,2.689996,-0.003026
2.688140,2.881460,0.025307
2.688140,10.255088,0.074919
2.688140,3.267178,-0.058473
2.688140,2.686253,-0.000242
2.688140,3.200224,0.053458
2.688140,10.810057,-0.059336
2.688140,2.909110,-0.028072
2.688140,2.687421,0.002517
2.688140,3.607303,0.080008
2.688140,7.919866,-0.116965
2.688140,2.801464,-0.016857
2.688140,2.708520,0.005787
2.688140,4.455379,0.112559
2.688140,5.452504,-0.127647
2.688140,2.735351,-0.009055
2.688140,2.775726,0.013861
2.688140,6.978775,0.126178
2.688140,3.821973,-0.090691
2.688140,2.692517,-0.003406
2.688140,2.870177,0.024149
2.688140,9.987504,0.081330
2.688140,3.299666,-0.060804
2.688140,2.686577,-0.000438
2.688140,3.178505,0.051768
2.688140,10.984258,-0.053507
2.688140,2.919649,-0.029102
2.688140,2.687469,0.002445
2.688140,3.597705,0.079481
2.688140,7.970402,-0.116340
2.688140,2.802957,-0.017015
2.688140,2.708888,0.005818
2.688140,4.466705,0.112843
2.688140,5.434904,-0.127523
2.688140,2.734927,-0.008994
2.688140,2.777459,0.014054
2.688140,7.041769,0.125718
2.688140,3.805025,-0.089916
2.688140,2.692282,-0.003318
2.688140,2.878377,0.024979
2.688140,10.182780,0.076708
2.688140,3.275936,-0.059103
2.688140,2.686951,-0.000223
2.688140,3.214160,0.054520
2.688140,10.696161,-0.062855
2.688140,2.902882,-0.027444
2.688140,2.689396,0.002796
2.688140,3.680566,0.083876
2.688140,7.560683,-0.121044
2.688140,2.791512,-0.015698
2.688140,2.719881,0.007172
2.688140,4.872352,0.121109
2.688140,4.924453,-0.121926
2.688140,2.721287,-0.007342
2.688140,2.790255,0.015551
2.688140,7.514746,0.121518
2.688140,3.690615,-0.084388
2.688140,2.689644,-0.002837
2.688140,2.901351,0.027291
2.688140,10.667256,0.063717
2.688140,3.217665,-0.054786
2.688140,2.687000,0.000203
2.688140,3.274033,0.058965
2.688140,10.198563,-0.076321
2.688140,2.879064,-0.025048
2.688140,2.692313,0.003316
2.688140,3.805341,0.089931
2.688140,7.040587,-0.125727
2.688140,2.777435,-0.014050
2.688140,2.735170,0.009021
2.688140,5.443829,0.127586
2.688140,4.460951,-0.112698
2.688140,2.708743,-0.005797
2.688140,2.803492,0.017073
2.688140,7.988804,0.116109
2.688140,3.594245,-0.079290
2.688140,2.687443,-0.002424
2.688140,2.922058,0.029336
2.688140,11.021302,0.052184
2.688140,3.173779,-0.051396
2.688140,2.686625,0.000478
2.688140,3.306024,0.061253
2.688140,9.935789,-0.082505
2.688140,2.868101,-0.023934
2.688140,2.693005,0.003479
2.688140,3.840881,0.091540
2.688140,6.910533,-0.126648
2.688140,2.773921,-0.013645
2.688140,2.737745,0.009339
2.688140,5.542227,0.128215
2.688140,4.399859,-0.111116
2.688140,2.707049,-0.005593
2.688140,2.804564,0.017201
2.688140,8.027314,0.115621
2.688140,3.587051,-0.078893
2.688140,2.687152,-0.002407
2.688140,2.919634,0.029103
2.688140,10.984222,0.053508
2.688140,3.178502,-0.051769
2.688140,2.686413,0.000418
2.688140,3.294300,0.060424
2.688140,10.031293,-0.080319
2.688140,2.871946,-0.024334
2.688140,2.691763,0.003305
2.688140,3.794322,0.089424
2.688140,7.082305,-0.125410
2.688140,2.778462,-0.014191
2.688140,2.731406,0.008586
2.688140,5.305330,0.126481
2.688140,4.554660,-0.114947
2.688140,2.711165,-0.006129
2.688140,2.796697,0.016324
2.688140,7.752411,0.118949
2.688140,3.640314,-0.081784
2.688140,2.687935,-0.002687
2.688140,2.894397,0.026615
2.688140,10.532804,0.067583
2.688140,3.233817,-0.056011
2.688140,2.685980,-0.000033
2.688140,3.224601,0.055319
2.688140,10.609392,-0.065410
2.688140,2.898252,-0.027000
2.688140,2.687608,0.002620
2.688140,3.625169,0.080976
2.688140,7.828052,-0.118070
2.688140,2.798822,-0.016567
2.688140,2.709405,0.005909
2.688140,4.489753,0.113413
2.688140,5.399708,-0.127263
2.688140,2.733918,-0.008889
2.688140,2.776132,0.013916
2.688140,6.995243,0.126061
2.688140,3.817485,-0.090488
2.688140,2.692306,-0.003400
2.688140,2.867663,0.023895
2.688140,9.925556,0.082736
2.688140,3.307270,-0.061343
2.688140,2.686365,-0.000517
2.688140,3.164144,0.050636
2.688140,11.095469,-0.049430
2.688140,2.927070,-0.029828
2.688140,2.686743,0.002304
2.688140,3.565436,0.077683
2.688140,8.146048,-0.114072
2.688140,2.807997,-0.017586
2.688140,2.704693,0.005294
2.688140,4.313039,0.108700
2.688140,5.694707,-0.128948
2.688140,2.741757,-0.009827
2.688140,2.769379,0.013115
2.688140,6.740749,0.127682
2.688140,3.890467,-0.093703
2.688140,2.694081,-0.003692
2.688140,2.856451,0.022737
2.688140,9.633407,0.089026
2.688140,3.343909,-0.063885
2.688140,2.686298,-0.000788
2.688140,3.125931,0.047555
2.688140,11.368174,-0.037632
2.688140,2.949097,-0.031943
2.688140,2.686094,0.002064
2.688140,3.520432,0.075089
2.688140,8.407570,-0.110427
2.688140,2.815745,-0.018441
2.688140,2.700738,0.004775
2.688140,4.165863,0.104120
2.688140,5.993466,-0.129622
2.688140,2.749589,-0.010776
2.688140,2.760174,0.012037
2.688140,6.394938,0.129152
2.688140,4.004649,-0.098337
2.688140,2.696672,-0.004165
2.688140,2.833777,0.020370
2.688140,8.981322,0.101322
2.688140,3.432007,-0.069687
2.688140,2.685808,-0.001473
2.688140,3.024558,0.038890
2.688140,11.745798,0.001125
2.688140,3.029706,-0.039348
2.688140,2.685833,0.001438
2.688140,3.427518,0.069402
2.688140,9.012644,-0.100781
2.688140,2.834809,-0.020479
2.688140,2.696587,0.004148
2.688140,4.000568,0.098179
2.688140,6.406329,-0.129118
2.688140,2.760481,-0.012072
2.688140,2.749461,0.010760
2.688140,5.988375,0.129618
2.688140,4.168153,-0.104196
2.688140,2.700809,-0.004782
2.688140,2.815912,0.018458
2.688140,8.412953,0.110348
2.688140,3.519542,-0.075036
2.688140,2.686111,-0.002056
2.688140,2.950483,0.032075
2.688140,11.382570,0.036906
2.688140,3.123722,-0.047373
2.688140,2.686320,0.000806
2.688140,3.346889,0.064088
2.688140,9.610142,-0.089504
2.688140,2.855596,-0.022648
2.688140,2.694317,0.003726
2.688140,3.899519,0.094087
2.688140,6.711140,-0.127843
2.688140,2.768602,-0.013021
2.688140,2.742822,0.009953
2.688140,5.734716,0.129095
2.688140,4.291687,-0.108074
2.688140,2.704142,-0.005216
2.688140,2.809743,0.017776
2.688140,8.205167,0.113275
2.688140,3.554967,-0.077088
2.688140,2.686655,-0.002241
2.688140,2.934158,0.030512
2.688140,11.192248,0.045590
2.688140,3.151201,-0.049603
2.688140,2.686448,0.000621
2.688140,3.323104,0.062450
2.688140,9.798073,-0.085548
2.688140,2.862681,-0.023380
2.688140,2.693412,0.003567
2.688140,3.860750,0.092418
2.688140,6.840927,-0.127095
2.688140,2.772050,-0.013428
2.688140,2.739209,0.009519
2.688140,5.598121,0.128516
2.688140,4.366985,-0.110225
2.688140,2.706143,-0.005481
2.688140,2.805416,0.017299
2.688140,8.057306,0.115236
2.688140,3.581513,-0.078586
2.688140,2.686995,-0.002387
2.688140,2.919869,0.029127
2.688140,10.987988,0.053375
2.688140,3.178020,-0.051731
2.688140,2.686337,0.000413
2.688140,3.292320,0.060284
2.688140,10.047482,-0.079942
2.688140,2.872604,-0.024403
2.688140,2.691448,0.003263
2.688140,3.782858,0.088890
2.688140,7.126581,-0.125062
2.688140,2.779636,-0.014332
2.688140,2.729730,0.008387
2.688140,5.242903,0.125893
2.688140,4.600222,-0.115965
2.688140,2.712388,-0.006283
2.688140,2.794906,0.016122
2.688140,7.688676,0.119667
2.688140,3.653378,-0.082473
2.688140,2.688176,-0.002750
2.688140,2.889783,0.026154
2.688140,10.437663,0.070186
2.688140,3.245233,-0.056863
2.688140,2.685901,-0.000125
2.688140,3.210638,0.054259
2.688140,10.724719,-0.061993
2.688140,2.904328,-0.027605
2.688140,2.686983,0.002501
2.688140,3.597632,0.079480
2.688140,7.970600,-0.116338
2.688140,2.802857,-0.017026
2.688140,2.705971,0.005481
2.688140,4.363854,0.110139
2.688140,5.603535,-0.128544
2.688140,2.739298,-0.009542
2.688140,2.770289,0.013234
2.688140,6.776903,0.127479
2.688140,3.879569,-0.093237
2.688140,2.693679,-0.003665
2.688140,2.853806,0.022469
2.688140,9.562252,0.090479
2.688140,3.353036,-0.064508
2.688140,2.686030,-0.000884
2.688140,3.108358,0.046106
2.688140,11.477282,-0.031723
2.688140,2.960459,-0.033021
2.688140,2.685598,0.001921
2.688140,3.491924,0.073395
2.688140,8.583562,-0.107796
2.688140,2.821071,-0.019027
2.688140,2.697719,0.004383
2.688140,4.055009,0.100237
2.688140,6.259716,-0.129470
2.688140,2.756520,-0.011623
2.688140,2.750658,0.010924
2.688140,6.037299,0.129643
2.688140,4.146417,-0.103468
2.688140,2.700061,-0.004724
2.688140,2.812055,0.018054
2.688140,8.286965,0.112148
2.688140,3.540735,-0.076275
2.688140,2.685918,-0.002227
2.688140,2.924272,0.029563
2.688140,11.055367,0.050938
2.688140,3.169350,-0.051052
2.688140,2.685867,0.000421
2.688140,3.285670,0.059812
2.688140,10.101920,-0.078659
2.688140,2.874820,-0.024639
2.688140,2.689807,0.003053
2.688140,3.724689,0.086097
2.688140,7.364313,-0.122993
2.688140,2.785981,-0.015091
2.688140,2.720811,0.007320
2.688140,4.912409,0.121743
2.688140,4.884141,-0.121300
2.688140,2.720047,-0.007227
2.688140,2.786608,0.015165
2.688140,7.387526,0.122774
2.688140,3.719295,-0.085831
2.688140,2.689663,-0.003033
2.688140,2.875311,0.024690
2.688140,10.113671,0.078379
2.688140,3.284242,-0.059710
2.688140,2.685838,-0.000414
2.688140,3.169849,0.051092
2.688140,11.051501,-0.051081
2.688140,2.924008,-0.029538
2.688140,2.685874,0.002224
2.688140,3.539544,0.076207
2.688140,8.293907,-0.112051
2.688140,2.812256,-0.018077
2.688140,2.699820,0.004694
2.688140,4.137816,0.103176
2.688140,6.057067,-0.129646
2.688140,2.751171,-0.010987
2.688140,2.755753,0.011533
2.688140,6.230942,0.129518
2.688140,4.066205,-0.100647
2.688140,2.697983,-0.004428
2.688140,2.819230,0.018831
2.688140,8.524072,0.108702
2.688140,3.501402,-0.073964
2.688140,2.685612,-0.001987
2.688140,2.951855,0.032209
2.688140,11.396745,0.036178
2.688140,3.121505,-0.047194
2.688140,2.686008,0.000786
2.688140,3.338893,0.063544
2.688140,9.672629,-0.088213
2.688140,2.857872,-0.022892
2.688140,2.692867,0.003539
2.688140,3.847363,0.091830
2.688140,6.887498,-0.126800
2.688140,2.773213,-0.013583
2.688140,2.735705,0.009114
2.688140,5.468548,0.127757
2.688140,4.445171,-0.112300
2.688140,2.708139,-0.005764
2.688140,2.798639,0.016557
2.688140,7.823325,0.118126
2.688140,3.626087,-0.081027
2.688140,2.687411,-0.002650
2.688140,2.891185,0.026300
2.688140,10.467552,0.069380
2.688140,3.241634,-0.056597
2.688140,2.685642,-0.000130
2.688140,3.205779,0.053890
2.688140,10.764474,-0.060770
2.688140,2.906490,-0.027824
2.688140,2.686285,0.002403
2.688140,3.571883,0.078051
2.688140,8.109947,-0.114551
2.688140,2.806829,-0.017481
2.688140,2.702102,0.005001
2.688140,4.223555,0.105992
2.688140,5.869615,-0.129459
2.688140,2.746250,-0.010394
2.688140,2.761222,0.012179
2.688140,6.437486,0.129021
2.688140,3.989498,-0.097750
2.688140,2.696112,-0.004128
2.688140,2.829993,0.019978
2.688140,8.866165,0.103273
2.688140,3.448769,-0.070745
2.688140,2.685522,-0.001625
2.688140,2.999321,0.036618
2.688140,11.703601,0.012604
2.688140,3.057158,-0.041758
2.688140,2.685813,0.001234
2.688140,3.398477,0.067531
2.688140,9.220240,-0.097072
2.688140,2.841749,-0.021212
2.688140,2.695191,0.003932
2.688140,3.944766,0.095966
2.688140,6.568956,-0.128525
2.688140,2.764762,-0.012583
2.688140,2.744599,0.010182
2.688140,5.804637,0.129309
2.688140,4.255648,-0.106989
2.688140,2.703066,-0.005102
2.688140,2.808277,0.017628
2.688140,8.157418,0.113920
2.688140,3.563389,-0.077569
2.688140,2.686454,-0.002324
2.688140,2.919824,0.029127
2.688140,10.987644,0.053388
2.688140,3.178050,-0.051736
2.688140,2.686057,0.000380
2.688140,3.283111,0.059627
2.688140,10.123098,-0.078153
2.688140,2.875733,-0.024729
2.688140,2.690213,0.003094
2.688140,3.737496,0.086724
2.688140,7.310039,-0.123494
2.688140,2.784536,-0.014916
2.688140,2.723134,0.007597
2.688140,4.997919,0.122994
2.688140,4.802865,-0.119941
2.688140,2.717861,-0.006959
2.688140,2.788922,0.015433
2.688140,7.472081,0.121950
2.688140,3.700048,-0.084870
2.688140,2.689228,-0.002951
2.688140,2.879466,0.025112
2.688140,10.210565,0.076027
2.688140,3.272523,-0.058864
2.688140,2.685871,-0.000325
2.688140,3.182518,0.052087
2.688140,10.952282,-0.054624
2.688140,2.917568,-0.028909
2.688140,2.686189,0.002309
2.688140,3.556908,0.077202
2.688140,8.193933,-0.113429
2.688140,2.809314,-0.017750
2.688140,2.701590,0.004923
2.688140,4.202848,0.105332
2.688140,5.913002,-0.129534
2.688140,2.747411,-0.010529
2.688140,2.760604,0.012101
2.688140,6.413402,0.129097
2.688140,3.998027,-0.098082
2.688140,2.696366,-0.004156
2.688140,2.830228,0.020001
2.688140,8.873114,0.103157
2.688140,3.447749,-0.070681
2.688140,2.685590,-0.001610
2.688140,3.002455,0.036903
2.688140,11.712915,0.011138
2.688140,3.053534,-0.041443
2.688140,2.685844,0.001264
2.688140,3.403233,0.067840
2.688140,9.185654,-0.097704
2.688140,2.840580,-0.021088
2.688140,2.695533,0.003981
2.688140,3.957849,0.096495
2.688140,6.529630,-0.128687
2.688140,2.763732,-0.012459
2.688140,2.745965,0.010343
2.688140,5.856028,0.129431
2.688140,4.230174,-0.106199
2.688140,2.702414,-0.005009
2.688140,2.810603,0.017881
2.688140,8.235919,0.112855
2.688140,3.549575,-0.076781
2.688140,2.686345,-0.002239
2.688140,2.929449,0.030060
2.688140,11.129142,0.048129
2.688140,3.159687,-0.050283
2.688140,2.686192,0.000529
2.688140,3.306110,0.061263
2.688140,9.934890,-0.082526
2.688140,2.868015,-0.023936
2.688140,2.691734,0.003331
2.688140,3.797598,0.089577
2.688140,7.069757,-0.125507
2.688140,2.778094,-0.014155
2.688140,2.730853,0.008526
2.688140,5.285617,0.126302
2.688140,4.568804,-0.115268
2.688140,2.711511,-0.006181
2.688140,2.795122,0.016152
2.688140,7.697289,0.119571
2.688140,3.651587,-0.082380
2.688140,2.688036,-0.002754
2.688140,2.887053,0.025882
2.688140,10.379801,0.071722
2.688140,3.252166,-0.057377
2.688140,2.685736,-0.000195
2.688140,3.198356,0.053318
2.688140,10.825037,-0.058858
2.688140,2.909924,-0.028161
2.688140,2.686290,0.002378
2.688140,3.568413,0.077855
2.688140,8.129232,-0.114296
2.688140,2.807404,-0.017542
2.688140,2.702146,0.005002
2.688140,4.224434,0.106020
2.688140,5.867805,-0.129455
2.688140,2.746213,-0.010387
2.688140,2.761591,0.012220
2.688140,6.451041,0.128976
2.688140,3.984749,-0.097564
2.688140,2.696023,-0.004106
2.688140,2.831519,0.020139
2.688140,8.913205,0.102484
2.688140,3.441865,-0.070312
2.688140,2.685560,-0.001572
2.688140,3.007152,0.037329
2.688140,11.724634,0.008961
2.688140,3.048213,-0.040979
2.688140,2.685773,0.001295
2.688140,3.406389,0.068045
2.688140,9.162792,-0.098120
2.688140,2.839798,-0.021007
2.688140,2.695407,0.003972
2.688140,3.954362,0.096355
2.688140,6.540026,-0.128645
2.688140,2.763991,-0.012493
2.688140,2.745217,0.010257
2.688140,5.828285,0.129368
2.688140,4.243822,-0.106625
2.688140,2.702744,-0.005061
2.688140,2.808761,0.017682
2.688140,8.174014,0.113698
2.688140,3.560439,-0.077402
2.688140,2.686396,-0.002310
2.688140,2.920806,0.029223
2.688140,11.002851,0.052847
2.688140,3.176112,-0.051584
2.688140,2.686049,0.000393
2.688140,3.284811,0.059749
2.688140,10.109083,-0.078488
2.688140,2.875141,-0.024668
2.688140,2.690272,0.003106
2.688140,3.740130,0.086852
2.688140,7.299007,-0.123594
2.688140,2.784236,-0.014882
2.688140,2.723419,0.007632
2.688140,5.008561,0.123141
2.688140,4.793169,-0.119770
2.688140,2.717596,-0.006927
2.688140,2.789078,0.015452
2.688140,7.477921,0.121892
2.688140,3.698740,-0.084804
2.688140,2.689183,-0.002947
2.688140,2.879254,0.025091
2.688140,10.205751,0.076146
2.688140,3.273103,-0.058906
2.688140,2.685844,-0.000333
2.688140,3.181082,0.051975
2.688140,10.963643,-0.054230
2.688140,2.918280,-0.028979
2.688140,2.686106,0.002294
2.688140,3.553371,0.077001
2.688140,8.214056,-0.113155
2.688140,2.809900,-0.017816
2.688140,2.701128,0.004864
2.688140,4.186049,0.104787
2.688140,5.949049,-0.129582
2.688140,2.748350,-0.010644
2.688140,2.759331,0.011953
2.688140,6.365629,0.129234
2.688140,4.015248,-0.098745
2.688140,2.696764,-0.004226
2.688140,2.827101,0.019670
2.688140,8.775552,0.104764
2.688140,3.462289,-0.071585
2.688140,2.685568,-0.001716
2.688140,2.987806,0.035564
2.688140,11.658533,0.018092
2.688140,3.071084,-0.042959
2.688140,2.685939,0.001146
2.688140,3.388278,0.066862
2.688140,9.295259,-0.095678
2.688140,2.844338,-0.021480
2.688140,2.695167,0.003910
2.688140,3.941070,0.095815
2.688140,6.580225,-0.128476
2.688140,2.765085,-0.012616
2.688140,2.744989,0.010223
2.688140,5.818560,0.129344
2.688140,4.248671,-0.106775
2.688140,2.702924,-0.005073
2.688140,2.810044,0.017818
2.688140,8.216678,0.113119
2.688140,3.552936,-0.076973
2.688140,2.686435,-0.002252
2.688140,2.929114,0.030027
2.688140,11.124436,0.048312
2.688140,3.160314,-0.050333
2.688140,2.686236,0.000530
2.688140,3.306902,0.061318
2.688140,9.928479,-0.082671
2.688140,2.867765,-0.023909
2.688140,2.691903,0.003352
2.688140,3.803649,0.089856
2.688140,7.046835,-0.125681
2.688140,2.777488,-0.014081
2.688140,2.731747,0.008633
2.688140,5.318939,0.126602
2.688140,4.545008,-0.114726
2.688140,2.710874,-0.006099
2.688140,2.796110,0.016263
2.688140,7.732410,0.119176
2.688140,3.644375,-0.082000
2.688140,2.687907,-0.002719
2.688140,2.889725,0.026150
2.688140,10.436670,0.070213
2.688140,3.245347,-0.056872
2.688140,2.685789,-0.000139
2.688140,3.206891,0.053974
2.688140,10.755426,-0.061051
2.688140,2.906002,-0.027773
2.688140,2.686632,0.002447
2.688140,3.584073,0.078731
2.688140,8.043233,-0.115418
2.688140,2.804924,-0.017262
2.688140,2.704026,0.005239
2.688140,4.293092,0.108117
2.688140,5.732008,-0.129086
2.688140,2.742662,-0.009954
2.688140,2.766064,0.012742
2.688140,6.618904,0.128302
2.688140,3.928505,-0.095300
2.688140,2.694746,-0.003874
2.688140,2.842629,0.021306
2.688140,9.246325,0.096591
2.688140,3.394907,-0.067298
2.688140,2.685741,-0.001217
2.688140,3.058284,0.041856
2.688140,11.700488,-0.013057
2.688140,2.998352,-0.036531
2.688140,2.685427,0.001621
2.688140,3.446623,0.070612
2.688140,8.880691,-0.103031
2.688140,2.830447,-0.020030
2.688140,2.695628,0.004068
2.688140,3.972325,0.097075
2.688140,6.486900,-0.128851
2.688140,2.762503,-0.012336
2.688140,2.744232,0.010157
2.688140,5.793983,0.129280
2.688140,4.261012,-0.107154
2.688140,2.703053,-0.005139
2.688140,2.803154,0.017080
2.688140,7.984312,0.116167
2.688140,3.595016,-0.079340
2.688140,2.686489,-0.002541
2.688140,2.891178,0.026306
2.688140,10.468184,0.069363
2.688140,3.241538,-0.056593
2.688140,2.685260,-0.000174
2.688140,3.193486,0.052945
2.688140,10.864270,-0.057586
2.688140,2.912171,-0.028390
2.688140,2.685198,0.002232
2.688140,3.529384,0.075621
2.688140,8.353555,-0.111207
2.688140,2.813932,-0.018283
2.688140,2.696218,0.004261
2.688140,4.011011,0.098586
2.688140,6.377137,-0.129204
2.688140,2.759453,-0.012009
2.688140,2.742778,0.010017
2.688140,5.744478,0.129130
2.688140,4.286484,-0.107924
2.688140,2.703476,-0.005259
2.688140,2.793807,0.016071
2.688140,7.661552,0.119969
2.688140,3.658915,-0.082773
2.688140,2.686884,-0.002940
2.688140,2.843946,0.021503
2.688140,9.293040,0.095723
2.688140,3.388442,-0.066890
2.688140,2.683703,-0.001411
2.688140,2.999290,0.036630
2.688140,11.703801,0.012581
2.688140,3.057027,-0.041759
2.688140,2.684247,0.001050
2.688140,3.346895,0.064104
2.688140,9.609155,-0.089527
2.688140,2.855295,-0.022670
2.688140,2.687449,0.002922
2.688140,3.665837,0.083130
2.688140,7.628817,-0.120324
2.688140,2.792996,-0.015957
2.688140,2.706976,0.005671
2.688140,4.410605,0.111405
2.688140,5.524318,-0.128111
2.688140,2.737036,-0.009308
2.688140,2.767409,0.012933
2.688140,6.675065,0.128031
2.688140,3.910649,-0.094561
2.688140,2.693923,-0.003848
2.688140,2.833148,0.020325
2.688140,8.965344,0.101598
2.688140,3.434267,-0.069836
2.688140,2.685125,-0.001569
2.688140,3.000569,0.036735
2.688140,11.707523,0.012010
2.688140,3.055668,-0.041632
2.688140,2.685458,0.001203
2.688140,3.388254,0.066864
2.688140,9.295223,-0.095680
2.688140,2.844269,-0.021487
2.688140,2.693382,0.003702
2.688140,3.879884,0.093253
2.688140,6.775749,-0.127486
2.688140,2.770153,-0.013241
2.688140,2.736338,0.009209
2.688140,5.495418,0.127933
2.688140,4.428345,-0.111868
2.688140,2.707562,-0.005720
2.688140,2.795562,0.016230
2.688140,7.717523,0.119345
2.688140,3.647379,-0.082162
2.688140,2.687420,-0.002797
2.688140,2.871550,0.024327
2.688140,10.025836,0.080448
2.688140,3.294882,-0.060478
2.688140,2.684878,-0.000603
2.688140,3.128302,0.047760
2.688140,11.352100,-0.038430
2.688140,2.947487,-0.031808
2.688140,2.683853,0.001812
2.688140,3.447346,0.070669
2.688140,8.875089,-0.103127
2.688140,2.830013,-0.020036
2.688140,2.688883,0.003280
2.688140,3.741778,0.086943
2.688140,7.291621,-0.123663
2.688140,2.783638,-0.014900
2.688140,2.712392,0.006369
2.688140,4.613518,0.116256
2.688140,5.225152,-0.125717
2.688140,2.728975,-0.008361
2.688140,2.771627,0.013459
2.688140,6.838581,0.127113
2.688140,3.861326,-0.092452
2.688140,2.692351,-0.003695
2.688140,2.828965,0.019899
2.688140,8.838701,0.103730
2.688140,3.452778,-0.071003
2.688140,2.684627,-0.001759
2.688140,2.966946,0.033637
2.688140,11.530644,0.028395
2.688140,3.098834,-0.045316
2.688140,2.685345,0.000873
2.688140,3.340226,0.063640
2.688140,9.661845,-0.088438
2.688140,2.857387,-0.022859
2.688140,2.690780,0.003298
2.688140,3.776654,0.088603
2.688140,7.150712,-0.124868
2.688140,2.780130,-0.014424
2.688140,2.724678,0.007807
2.688140,5.059005,0.123810
2.688140,4.748380,-0.118957
2.688140,2.716269,-0.006792
2.688140,2.786737,0.015208
2.688140,7.396848,0.122686
2.688140,3.717103,-0.085726
2.688140,2.689144,-0.003078
2.688140,2.861025,0.023243
2.688140,9.759422,0.086381
2.688140,3.327867,-0.062792
2.688140,2.685004,-0.000825
2.688140,3.099967,0.045414
2.688140,11.524424,-0.028803
2.688140,2.966119,-0.033563
2.688140,2.684141,0.001708
2.688140,3.437454,0.070045
2.688140,8.942887,-0.101983
2.688140,2.832260,-0.020263
2.688140,2.689900,0.003382
2.688140,3.773968,0.088483
2.688140,7.161024,-0.124786
2.688140,2.780168,-0.014482
2.688140,2.717604,0.006995
2.688140,4.803983,0.119962
2.688140,4.996626,-0.122979
2.688140,2.722832,-0.007623
2.688140,2.776516,0.014043
2.688140,7.023119,0.125861
2.688140,3.809868,-0.090150
2.688140,2.690962,-0.003505
2.688140,2.832577,0.020288
2.688140,8.951321,0.101839
2.688140,3.436248,-0.069967
2.688140,2.684401,-0.001668
2.688140,2.975583,0.034444
2.688140,11.591366,0.024057
2.688140,3.086848,-0.044308
2.688140,2.685123,0.000935
2.688140,3.345190,0.063981
2.688140,9.622859,-0.089244
2.688140,2.855912,-0.022711
2.688140,2.690278,0.003250
2.688140,3.761146,0.087868
2.688140,7.212504,-0.124353
2.688140,2.781758,-0.014623
2.688140,2.721884,0.007475
2.688140,4.956118,0.122400
2.688140,4.841799,-0.120609
2.688140,2.718788,-0.007102
2.688140,2.784138,0.014906
2.688140,7.301351,0.123574
2.688140,3.739519,-0.086827
2.688140,2.689675,-0.003171
2.688140,2.856956,0.022823
2.688140,9.651476,0.088654
2.688140,3.341527,-0.063732
2.688140,2.684988,-0.000925
2.688140,3.086077,0.044244
2.688140,11.594979,-0.023775
2.688140,2.976144,-0.034497
2.688140,2.684228,0.001644
2.688140,3.429901,0.069566
2.688140,8.995288,-0.101084
2.688140,2.833990,-0.020443
2.688140,2.690075,0.003390
2.688140,3.778052,0.088674
2.688140,7.144954,-0.124917
2.688140,2.779757,-0.014429
2.688140,2.718653,0.007119
2.688140,4.842152,0.120616
2.688140,4.955710,-0.122395
2.688140,2.721735,-0.007489
2.688140,2.777596,0.014169
2.688140,7.063422,0.125558
2.688140,3.799167,-0.089658
2.688140,2.690698,-0.003462
2.688140,2.834130,0.020453
2.688140,8.998812,0.101023
2.688140,3.429406,-0.069534
2.688140,2.684382,-0.001622
2.688140,2.981552,0.034997
2.688140,11.626923,0.021111
2.688140,3.078947,-0.043638
2.688140,2.685053,0.000984
2.688140,3.350971,0.064375
2.688140,9.577812,-0.090165
2.688140,2.854248,-0.022540
2.688140,2.690297,0.003265
2.688140,3.763603,0.087986
2.688140,7.202591,-0.124437
2.688140,2.781478,-0.014593
2.688140,2.721832,0.007471
2.688140,4.954567,0.122377
2.688140,4.843269,-0.120633
2.688140,2.718817,-0.007108
2.688140,2.783781,0.014867
2.688140,7.288598,0.123689
2.688140,3.742573,-0.086975
2.688140,2.689708,-0.003188
2.688140,2.855175,0.022640
2.688140,9.603550,0.089641
2.688140,3.347653,-0.064151
2.688140,2.684919,-0.000976
2.688140,3.077877,0.043548
2.688140,11.631419,-0.020709
2.688140,2.982366,-0.035073
2.688140,2.684222,0.001597
2.688140,3.423220,0.069141
2.688140,9.042100,-0.100270
2.688140,2.835534,-0.020606
2.688140,2.689871,0.003354
2.688140,3.769412,0.088266
2.688140,7.179139,-0.124636
2.688140,2.780681,-0.014537
2.688140,2.717808,0.007015
2.688140,4.810724,0.120080
2.688140,4.989297,-0.122876
2.688140,2.722654,-0.007597
2.688140,2.777251,0.014125
2.688140,7.049844,0.125661
2.688140,3.802758,-0.089823
2.688140,2.690850,-0.003469
2.688140,2.835579,0.020603
2.688140,9.042339,0.100265
2.688140,3.423201,-0.069138
2.688140,2.684464,-0.001568
2.688140,2.990099,0.035784
2.688140,11.669134,0.016964
2.688140,3.068133,-0.042712
2.688140,2.685022,0.001060
2.688140,3.361043,0.065056
2.688140,9.500100,-0.091725
2.688140,2.851425,-0.022247
2.688140,2.690625,0.003324
2.688140,3.777858,0.088661
2.688140,7.145910,-0.124908
2.688140,2.779947,-0.014415
2.688140,2.723275,0.007648
2.688140,5.008516,0.123142
2.688140,4.793175,-0.119771
2.688140,2.717441,-0.006945
2.688140,2.784381,0.014943
2.688140,7.311701,0.123480
2.688140,3.737038,-0.086707
2.688140,2.689479,-0.003177
2.688140,2.853090,0.022427
2.688140,9.547084,0.090786
2.688140,3.354923,-0.064645
2.688140,2.684761,-0.001047
2.688140,3.065713,0.042506
2.688140,11.677447,-0.016022
2.688140,2.992051,-0.035965
2.688140,2.684177,0.001520
2.688140,3.411657,0.068399
2.688140,9.124204,-0.098816
2.688140,2.838264,-0.020894
2.688140,2.689362,0.003274
2.688140,3.749139,0.087297
2.688140,7.261239,-0.123933
2.688140,2.782897,-0.014796
2.688140,2.715544,0.006738
2.688140,4.726952,0.118555
2.688140,5.083902,-0.124125
2.688140,2.725224,-0.007901
2.688140,2.775879,0.013955
2.688140,6.997117,0.126050
2.688140,3.816888,-0.090469
2.688140,2.691324,-0.003511
2.688140,2.837465,0.020796
2.688140,9.098242,0.099279
2.688140,3.415321,-0.068631
2.688140,2.684644,-0.001491
2.688140,3.003442,0.037000
2.688140,11.715731,0.010659
2.688140,3.052319,-0.041344
2.688140,2.685002,0.001174
2.688140,3.376640,0.066100
2.688140,9.381664,-0.094039
2.688140,2.847214,-0.021808
2.688140,2.691214,0.003425
2.688140,3.802517,0.089809
2.688140,7.050880,-0.125652
2.688140,2.777393,-0.014116
2.688140,2.725855,0.007962
2.688140,5.104961,0.124383
2.688140,4.709215,-0.118213
2.688140,2.715136,-0.006671
2.688140,2.785554,0.015088
2.688140,7.356303,0.123070
2.688140,3.726496,-0.086192
2.688140,2.689080,-0.003151
2.688140,2.850294,0.022143
2.688140,9.470385,0.092314
2.688140,3.364899,-0.065319
2.688140,2.684531,-0.001145
2.688140,3.048612,0.041024
2.688140,11.723755,-0.009149
2.688140,3.006682,-0.037297
2.688140,2.684170,0.001411
2.688140,3.396237,0.067397
2.688140,9.235877,-0.096786
2.688140,2.842047,-0.021291
2.688140,2.688864,0.003187
2.688140,3.728102,0.086273
2.688140,7.349359,-0.123135
2.688140,2.785295,-0.015073
2.688140,2.713366,0.006469
2.688140,4.646304,0.116949
2.688140,5.182656,-0.125271
2.688140,2.727898,-0.008218
2.688140,2.774399,0.013772
2.688140,6.940288,0.126449
2.688140,3.832478,-0.091172
2.688140,2.691827,-0.003559
2.688140,2.838936,0.020945
2.688140,9.141337,0.098508
2.688140,3.409310,-0.068242
2.688140,2.684824,-0.001427
2.688140,3.015008,0.038043
2.688140,11.738455,0.005363
2.688140,3.039562,-0.040226
2.688140,2.685003,0.001268
2.688140,3.389828,0.066971
2.688140,9.283382,-0.095902
2.688140,2.843796,-0.021450
2.688140,2.691761,0.003515
2.688140,3.824907,0.090830
2.688140,6.967771,-0.126258
2.688140,2.775170,-0.013854
2.688140,2.728208,0.008247
2.688140,5.192985,0.125382
2.688140,4.638245,-0.116780
2.688140,2.713187,-0.006437
2.688140,2.786727,0.015230
2.688140,7.400381,0.122653
2.688140,3.716256,-0.085687
2.688140,2.688727,-0.003121
2.688140,2.848691,0.021980
2.688140,9.425958,0.093183
2.688140,3.370732,-0.065711
2.688140,2.684369,-0.001206
2.688140,3.037750,0.040071
2.688140,11.740489,-0.004608
2.688140,3.016655,-0.038196
2.688140,2.684180,0.001339
2.688140,3.386262,0.066743
2.688140,9.309411,-0.095415
2.688140,2.844580,-0.021556
2.688140,2.688581,0.003135
2.688140,3.715760,0.085663
2.688140,7.402490,-0.122633
2.688140,2.786749,-0.015241
2.688140,2.712129,0.006315
2.688140,4.600527,0.115974
2.688140,5.242427,-0.125890
2.688140,2.729509,-0.008409
2.688140,2.773420,0.013652
2.688140,6.902858,0.126701
2.688140,3.842956,-0.091640
2.688140,2.692145,-0.003594
2.688140,2.839289,0.020979
2.688140,9.151408,0.098326
2.688140,3.407916,-0.068151
2.688140,2.684919,-0.001406
2.688140,3.019373,0.038434
2.688140,11.743052,0.003406
2.688140,3.034960,-0.039820
2.688140,2.685030,0.001305
2.688140,3.395483,0.067341
2.688140,9.241782,-0.096676
2.688140,2.842372,-0.021300
2.688140,2.692091,0.003564
2.688140,3.837755,0.091407
2.688140,6.921396,-0.126577
2.688140,2.773939,-0.013708
2.688140,2.729671,0.008423
2.688140,5.247651,0.125941
2.688140,4.596632,-0.115888
2.688140,2.712050,-0.006299
2.688140,2.787673,0.015342
2.688140,7.435299,0.122315
2.688140,3.708270,-0.085289
2.688140,2.688502,-0.003093
2.688140,2.849022,0.022016
2.688140,9.435482,0.092998
2.688140,3.369473,-0.065627
2.688140,2.684318,-0.001203
2.688140,3.037342,0.040036
2.688140,11.740908,-0.004436
2.688140,3.017037,-0.038231
2.688140,2.684133,0.001331
2.688140,3.384332,0.066616
2.688140,9.323735,-0.095145
2.688140,2.845071,-0.021609
2.688140,2.688347,0.003104
2.688140,3.707289,0.085241
2.688140,7.439572,-0.122274
2.688140,2.787755,-0.015359
2.688140,2.710971,0.006173
2.688140,4.558159,0.115029
2.688140,5.300353,-0.126438
2.688140,2.731057,-0.008595
2.688140,2.772108,0.013496
2.688140,6.853370,0.127020
2.688140,3.857073,-0.092263
2.688140,2.692507,-0.003648
2.688140,2.837732,0.020815
2.688140,9.104870,0.099160
2.688140,3.414410,-0.068570
2.688140,2.684950,-0.001449
2.688140,3.014107,0.037961
2.688140,11.737230,0.005773
2.688140,3.040538,-0.040311
2.688140,2.685133,0.001276
2.688140,3.393130,0.067187
2.688140,9.259102,-0.096355
2.688140,2.842980,-0.021361
2.688140,2.692383,0.003594
2.688140,3.847074,0.091821
2.688140,6.888353,-0.126796
2.688140,2.773079,-0.013602
2.688140,2.731205,0.008604
2.688140,5.304564,0.126475
2.688140,4.555161,-0.114960
2.688140,2.710937,-0.006158
2.688140,2.789290,0.015526
2.688140,7.493780,0.121734
2.688140,3.695134,-0.084629
2.688140,2.688238,-0.003033
2.688140,2.852871,0.022414
2.688140,9.542393,0.090881
2.688140,3.355508,-0.064688
2.688140,2.684388,-0.001095
2.688140,3.053173,0.041423
2.688140,11.713663,-0.011019
2.688140,3.002638,-0.036932
2.688140,2.683932,0.001413
2.688140,3.392566,0.067159
2.688140,9.262716,-0.096289
2.688140,2.842933,-0.021391
2.688140,2.687858,0.003062
2.688140,3.692988,0.084523
2.688140,7.503330,-0.121638
2.688140,2.789468,-0.015565
2.688140,2.708330,0.005855
2.688140,4.462516,0.112741
2.688140,5.441278,-0.127571
2.688140,2.734791,-0.009048
2.688140,2.768220,0.013040
2.688140,6.707415,0.127865
2.688140,3.900586,-0.094139
2.688140,2.693544,-0.003824
2.688140,2.830454,0.020046
2.688140,8.883308,0.102987
2.688140,3.446207,-0.070589
2.688140,2.684944,-0.001675
2.688140,2.983349,0.035159
2.688140,11.636497,0.020243
2.688140,3.076677,-0.043441
2.688140,2.685475,0.001051
2.688140,3.367226,0.065468
2.688140,9.453074,-0.092652
2.688140,2.849803,-0.022066
2.688140,2.692478,0.003554
2.688140,3.842855,0.091633
2.688140,6.903329,-0.126697
2.688140,2.773543,-0.013642
2.688140,2.732620,0.008762
2.688140,5.355557,0.126914
2.688140,4.519516,-0.114130
2.688140,2.710041,-0.006030
2.688140,2.792585,0.015889
2.688140,7.610627,0.120519
2.688140,3.669730,-0.083328
2.688140,2.687922,-0.002893
2.688140,2.866544,0.023815
2.688140,9.901840,0.083270
2.688140,3.310113,-0.061555
2.688140,2.684845,-0.000716
2.688140,3.112233,0.046437
2.688140,11.453991,-0.033075
2.688140,2.957759,-0.032780
2.688140,2.683841,0.001734
2.688140,3.436215,0.069969
2.688140,8.951305,-0.101840
2.688140,2.832488,-0.020297
2.688140,2.688616,0.003230
2.688140,3.730026,0.086370
2.688140,7.341065,-0.123213
2.688140,2.784989,-0.015056
2.688140,2.711309,0.006233
2.688140,4.573379,0.115374
2.688140,5.279223,-0.126244
2.688140,2.730433,-0.008534
2.688140,2.770806,0.013358
2.688140,6.806931,0.127305
2.688140,3.870586,-0.092855
2.688140,2.692641,-0.003724
2.688140,2.829577,0.019961
2.688140,8.857304,0.103422
2.688140,3.450026,-0.070830
2.688140,2.684710,-0.001730
2.688140,2.972221,0.034129
2.688140,11.568979,0.025741
2.688140,3.091457,-0.044696
2.688140,2.685377,0.000931
2.688140,3.348820,0.064226
2.688140,9.594675,-0.089821
2.688140,2.854907,-0.022600
2.688140,2.691282,0.003375
2.688140,3.796447,0.089527
2.688140,7.074001,-0.125476
2.688140,2.778078,-0.014182
2.688140,2.727063,0.008095
2.688140,5.147922,0.124885
2.688140,4.673956,-0.117514
2.688140,2.714239,-0.006547
2.688140,2.788282,0.015391
2.688140,7.454077,0.122130
2.688140,3.704049,-0.085075
2.688140,2.688763,-0.003033
2.688140,2.861132,0.023257
2.688140,9.762583,0.086313
2.688140,3.327463,-0.062765
2.688140,2.684888,-0.000836
2.688140,3.096623,0.045134
2.688140,11.542329,-0.027614
2.688140,2.968465,-0.033784
2.688140,2.684001,0.001674
2.688140,3.430380,0.069598
2.688140,8.991850,-0.101143
2.688140,2.833843,-0.020435
2.688140,2.689153,0.003283
2.688140,3.746821,0.087186
2.688140,7.270748,-0.123849
2.688140,2.783112,-0.014830
2.688140,2.714085,0.006568
2.688140,4.674525,0.117527
2.688140,5.147174,-0.124878
2.688140,2.726902,-0.008108
2.688140,2.773865,0.013721
2.688140,6.922255,0.126572
2.688140,3.837486,-0.091398
2.688140,2.691787,-0.003598
2.688140,2.833113,0.020338
2.688140,8.966699,0.101575
2.688140,3.434039,-0.069826
2.688140,2.684614,-0.001628
2.688140,2.984477,0.035265
2.688140,11.642447,0.019686
2.688140,3.075202,-0.043317
2.688140,2.685205,0.001030
2.688140,3.359809,0.064972
2.688140,9.509654,-0.091535
2.688140,2.851793,-0.022281
2.688140,2.691200,0.003389
2.688140,3.797030,0.089555
2.688140,7.071742,-0.125493
2.688140,2.777988,-0.014178
2.688140,2.726295,0.008008
2.688140,5.120176,0.124564
2.688140,4.696588,-0.117966
2.688140,2.714828,-0.006625
2.688140,2.786925,0.015239
2.688140,7.405330,0.122605
2.688140,3.715138,-0.085629
2.688140,2.688936,-0.003089
2.688140,2.856280,0.022759
2.688140,9.634132,0.089013
2.688140,3.343726,-0.063884
2.688140,2.684734,-0.000970
2.688140,3.075769,0.043369
2.688140,11.640084,-0.019911
2.688140,2.983990,-0.035225
2.688140,2.684011,0.001560
2.688140,3.414534,0.068585
2.688140,9.103570,-0.099185
2.688140,2.837548,-0.020824
2.688140,2.688788,0.003212
2.688140,3.730396,0.086387
2.688140,7.339553,-0.123226
2.688140,2.784992,-0.015046
2.688140,2.712604,0.006383
2.688140,4.619507,0.116384
2.688140,5.217291,-0.125636
2.688140,2.728802,-0.008332
2.688140,2.772949,0.013606
2.688140,6.886679,0.126807
2.688140,3.847525,-0.091843
2.688140,2.692133,-0.003626
2.688140,2.834740,0.020505
2.688140,9.015620,0.100731
2.688140,3.427024,-0.069379
2.688140,2.684749,-0.001562
2.688140,2.995551,0.036281
2.688140,11.690891,0.014367
2.688140,3.061541,-0.042143
2.688140,2.685194,0.001129
2.688140,3.373499,0.065889
2.688140,9.405412,-0.093581
2.688140,2.848076,-0.021893
2.688140,2.691768,0.003484
2.688140,3.820485,0.090629
2.688140,6.983993,-0.126143
2.688140,2.775640,-0.013902
2.688140,2.728784,0.008309
2.688140,5.213352,0.125595
2.688140,4.622538,-0.116448
2.688140,2.712797,-0.006381
2.688140,2.788264,0.015400
2.688140,7.455239,0.122119
2.688140,3.703771,-0.085063
2.688140,2.688564,-0.003054
2.688140,2.855147,0.022646
2.688140,9.603989,0.089632
2.688140,3.347577,-0.064148
2.688140,2.684576,-0.001016
2.688140,3.066912,0.042611
2.688140,11.673338,-0.016495
2.688140,2.991052,-0.035875
2.688140,2.683934,0.001499
2.688140,3.404654,0.067947
2.688140,9.174511,-0.097910
2.688140,2.839924,-0.021076
2.688140,2.688216,0.003127
2.688140,3.708379,0.085297
2.688140,7.434712,-0.122322
2.688140,2.787581,-0.015348
2.688140,2.709921,0.006053
2.688140,4.521094,0.114169
2.688140,5.353217,-0.126896
2.688140,2.732441,-0.008767
2.688140,2.770097,0.013265
2.688140,6.778627,0.127471
2.688140,3.878987,-0.093217
2.688140,2.692973,-0.003743
2.688140,2.832305,0.020245
2.688140,8.940734,0.102018
2.688140,3.437813,-0.070062
2.688140,2.684870,-0.001624
2.688140,2.989033,0.035683
2.688140,11.664319,0.017485
2.688140,3.069490,-0.042826
2.688140,2.685365,0.001091
2.688140,3.370959,0.065718
2.688140,9.424691,-0.093207
2.688140,2.848781,-0.021962
2.688140,2.692261,0.003536
2.688140,3.836550,0.091352
2.688140,6.925771,-0.126547
2.688140,2.774120,-0.013715
2.688140,2.731381,0.008616
2.688140,5.309681,0.126521
2.688140,4.551530,-0.114877
2.688140,2.710890,-0.006140
2.688140,2.790975,0.015709
2.688140,7.553130,0.121126
2.688140,3.682101,-0.083965
2.688140,2.688130,-0.002955
2.688140,2.861574,0.023307
2.688140,9.774717,0.086054
2.688140,3.325930,-0.062660
2.688140,2.684706,-0.000846
2.688140,3.092247,0.044768
2.688140,11.564873,-0.026040
2.688140,2.971585,-0.034077
2.688140,2.683788,0.001626
2.688140,3.420041,0.068941
2.688140,9.064350,-0.099880
2.688140,2.836207,-0.020690
2.688140,2.688038,0.003134
2.688140,3.706372,0.085198
2.688140,7.443512,-0.122236
2.688140,2.787788,-0.015379
2.688140,2.708750,0.005916
2.688140,4.479336,0.113160
2.688140,5.415393,-0.127383
2.688140,2.734075,-0.008968
2.688140,2.768026,0.013024
2.688140,6.701264,0.127897
2.688140,3.902477,-0.094219
2.688140,2.693503,-0.003841
2.688140,2.827485,0.019735
2.688140,8.791340,0.104508
2.688140,3.459866,-0.071441
2.688140,2.684849,-0.001783
2.688140,2.967239,0.033663
2.688140,11.532812,0.028251
2.688140,3.098437,-0.045282
2.688140,2.685502,0.000895
2.688140,3.345794,0.064019
2.688140,9.618310,-0.089337
2.688140,2.855793,-0.022689
2.688140,2.691555,0.003401
2.688140,3.804786,0.089911
2.688140,7.042420,-0.125715
2.688140,2.777254,-0.014080
2.688140,2.728589,0.008275
2.688140,5.204316,0.125501
2.688140,4.629490,-0.116595
2.688140,2.713045,-0.006397
2.688140,2.789896,0.015575
2.688140,7.512460,0.121544
2.688140,3.691025,-0.084418
2.688140,2.688498,-0.002974
2.688140,2.864877,0.023641
2.688140,9.859155,0.084216
2.688140,3.315408,-0.061925
2.688140,2.684965,-0.000740
2.688140,3.110899,0.046326
2.688140,11.462012,-0.032616
2.688140,2.958657,-0.032863
2.688140,2.684025,0.001749
2.688140,3.441398,0.070295
2.688140,8.915734,-0.102443
2.688140,2.831358,-0.020172
2.688140,2.689501,0.003342
2.688140,3.761339,0.087884
2.688140,7.211450,-0.124364
2.688140,2.781504,-0.014644
2.688140,2.715549,0.006749
2.688140,4.728770,0.118590
2.688140,5.081755,-0.124099
2.688140,2.725127,-0.007899
2.688140,2.774752,0.013832
2.688140,6.956576,0.126337
2.688140,3.827949,-0.090971
2.688140,2.691462,-0.003571
2.688140,2.831642,0.020187
2.688140,8.922179,0.102334
2.688140,3.440488,-0.070234
2.688140,2.684493,-0.001688
2.688140,2.974449,0.034338
2.688140,11.584009,0.024623
2.688140,3.088390,-0.044438
2.688140,2.685201,0.000933
2.688140,3.346176,0.064048
2.688140,9.615197,-0.089402
2.688140,2.855639,-0.022681
2.688140,2.690579,0.003287
2.688140,3.771684,0.088369
2.688140,7.170331,-0.124707
2.688140,2.780634,-0.014489
2.688140,2.723444,0.007662
2.688140,5.013807,0.123214
2.688140,4.788394,-0.119686
2.688140,2.717340,-0.006926
2.688140,2.785357,0.015050
2.688140,7.346546,0.123160
2.688140,3.728805,-0.086303
2.688140,2.689389,-0.003131
2.688140,2.857864,0.022918
2.688140,9.675976,0.088144
2.688140,3.338406,-0.063519
2.688140,2.684941,-0.000908
2.688140,3.087604,0.044374
2.688140,11.587732,-0.024339
2.688140,2.975005,-0.034392
2.688140,2.684150,0.001643
2.688140,3.428517,0.069479
2.688140,9.004917,-0.100917
2.688140,2.834295,-0.020478
2.688140,2.689721,0.003346
2.688140,3.765651,0.088088
2.688140,7.194147,-0.124510
2.688140,2.781069,-0.014586
2.688140,2.716937,0.006912
2.688140,4.779001,0.119519
2.688140,5.024223,-0.123355
2.688140,2.723591,-0.007711
2.688140,2.776365,0.014020
2.688140,7.016718,0.125908
2.688140,3.811591,-0.090228
2.688140,2.691071,-0.003504
2.688140,2.834394,0.020477
2.688140,9.006359,0.100892
2.688140,3.428331,-0.069464
2.688140,2.684481,-0.001603
2.688140,2.985711,0.035380
2.688140,11.648700,0.019083
2.688140,3.073620,-0.043183
2.688140,2.685086,0.001027
2.688140,3.357524,0.064819
2.688140,9.527169,-0.091185
2.688140,2.852410,-0.022348
2.688140,2.690693,0.003325
2.688140,3.779100,0.088719
2.688140,7.141046,-0.124947
2.688140,2.779827,-0.014398
2.688140,2.723728,0.007700
2.688140,5.025018,0.123365
2.688140,4.778319,-0.119506
2.688140,2.717045,-0.006895
2.688140,2.784940,0.015007
2.688140,7.332093,0.123294
2.688140,3.732203,-0.086471
2.688140,2.689382,-0.003155
2.688140,2.854509,0.022574
2.688140,9.585865,0.090002
2.688140,3.349919,-0.064306
2.688140,2.684793,-0.001008
2.688140,3.071610,0.043013
2.688140,11.656384,-0.018316
2.688140,2.987281,-0.035527
2.688140,2.684137,0.001551
2.688140,3.415307,0.068634
2.688140,9.098111,-0.099282
2.688140,2.837385,-0.020803
2.688140,2.689311,0.003275
2.688140,3.748363,0.087260
2.688140,7.264425,-0.123905
2.688140,2.782975,-0.014807
2.688140,2.715207,0.006698
2.688140,4.714794,0.118322
2.688140,5.098283,-0.124302
2.688140,2.725606,-0.007948
2.688140,2.775441,0.013904
2.688140,6.980846,0.126166
2.688140,3.821308,-0.090670
2.688140,2.691425,-0.003529
2.688140,2.836576,0.020702
2.688140,9.071583,0.099751
2.688140,3.419073,-0.068872
2.688140,2.684638,-0.001519
2.688140,2.999648,0.036655
2.688140,11.704776,0.012432
2.688140,3.056695,-0.041724
2.688140,2.685048,0.001147
2.688140,3.373659,0.065901
2.688140,9.404133,-0.093606
2.688140,2.848011,-0.021890
2.688140,2.691254,0.003424
2.688140,3.803009,0.089831
2.688140,7.049031,-0.125666
2.688140,2.777352,-0.014109
2.688140,2.726151,0.007996
2.688140,5.115719,0.124511
2.688140,4.700267,-0.118038
2.688140,2.714899,-0.006640
2.688140,2.785971,0.015135
2.688140,7.371410,0.122928
2.688140,3.722972,-0.086018
2.688140,2.689016,-0.003134
2.688140,2.851543,0.022272
2.688140,9.505057,0.091627
2.688140,3.360370,-0.065015
2.688140,2.684562,-0.001109
2.688140,3.054029,0.041496
2.688140,11.711595,-0.011363
2.688140,3.001908,-0.036865
2.688140,2.684117,0.001440
2.688140,3.399445,0.067607
2.688140,9.212418,-0.097218
2.688140,2.841238,-0.021208
2.688140,2.688764,0.003182
2.688140,3.725591,0.086150
2.688140,7.360066,-0.123035
2.688140,2.785576,-0.015108
2.688140,2.712794,0.006401
2.688140,4.625597,0.116514
2.688140,5.209340,-0.125554
2.688140,2.728608,-0.008304
2.688140,2.773682,0.013688
2.688140,6.913489,0.126631
2.688140,3.839958,-0.091507
2.688140,2.692006,-0.003589
2.688140,2.837699,0.020815
2.688140,9.104451,0.099168
2.688140,3.414461,-0.068574
2.688140,2.684823,-0.001464
2.688140,3.010002,0.037592
2.688140,11.730534,0.007638
2.688140,3.044988,-0.040702
2.688140,2.685072,0.001236
2.688140,3.386523,0.066753
2.688140,9.307876,-0.095442
2.688140,2.844652,-0.021538
2.688140,2.691882,0.003523
2.688140,3.828124,0.090975
2.688140,6.956084,-0.126340
2.688140,2.774872,-0.013816
2.688140,2.728928,0.008331
2.688140,5.219533,0.125659
2.688140,4.617814,-0.116347
2.688140,2.712641,-0.006368
2.688140,2.787567,0.015326
2.688140,7.430806,0.122359
2.688140,3.709296,-0.085340
2.688140,2.688591,-0.003089
2.688140,2.850864,0.022205
2.688140,9.486728,0.091991
2.688140,3.362753,-0.065176
2.688140,2.684414,-0.001144
2.688140,3.046928,0.040877
2.688140,11.727027,-0.008455
2.688140,3.008184,-0.037434
2.688140,2.684067,0.001388
2.688140,3.391299,0.067075
2.688140,9.272106,-0.096114
2.688140,2.843275,-0.021423
2.688140,2.688325,0.003115
2.688140,3.708467,0.085301
2.688140,7.434363,-0.122325
2.688140,2.787599,-0.015344
2.688140,2.710725,0.006146
2.688140,4.549598,0.114833
2.688140,5.312375,-0.126546
2.688140,2.731369,-0.008634
2.688140,2.771565,0.013434
2.688140,6.833269,0.127145
2.688140,3.862893,-0.092519
2.688140,2.692624,-0.003674
2.688140,2.836061,0.020640
2.688140,9.054820,0.100046
2.688140,3.421460,-0.069023
2.688140,2.684916,-0.001503
2.688140,3.006232,0.037251
2.688140,11.722631,0.009372
2.688140,3.049185,-0.041069
2.688140,2.685207,0.001221
2.688140,3.386637,0.066759
2.688140,9.307095,-0.095457
2.688140,2.844644,-0.021533
2.688140,2.692383,0.003581
2.688140,3.845245,0.091740
2.688140,6.894819,-0.126753
2.688140,2.773266,-0.013621
2.688140,2.731436,0.008629
2.688140,5.312747,0.126548
2.688140,4.549349,-0.114827
2.688140,2.710795,-0.006137
2.688140,2.789959,0.015599
2.688140,7.517503,0.121493
2.688140,3.689889,-0.084363
2.688140,2.688175,-0.003004
2.688140,2.855785,0.022714
2.688140,9.621618,0.089271
2.688140,3.345312,-0.063995
2.688140,2.684485,-0.001011
2.688140,3.066190,0.042549
2.688140,11.675798,-0.016214
2.688140,2.991634,-0.035929
2.688140,2.683834,0.001483
2.688140,3.400731,0.067693
2.688140,9.202930,-0.097392
2.688140,2.840874,-0.021178
2.688140,2.687721,0.003062
2.688140,3.690580,0.084401
2.688140,7.514192,-0.121528
2.688140,2.789747,-0.015601
2.688140,2.707501,0.005757
2.688140,4.432866,0.111987
2.688140,5.488090,-0.127887
2.688140,2.736021,-0.009199
2.688140,2.766693,0.012862
2.688140,6.650246,0.128155
2.688140,3.918447,-0.094888
2.688140,2.693952,-0.003898
2.688140,2.826973,0.019678
2.688140,8.774831,0.104776
2.688140,3.462357,-0.071595
2.688140,2.684936,-0.001790
2.688140,2.967623,0.033698
2.688140,11.535697,0.028059
2.688140,3.097901,-0.045236
2.688140,2.685562,0.000906
2.688140,3.348336,0.064192
2.688140,9.598528,-0.089742
2.688140,2.855072,-0.022613
2.688140,2.691877,0.003444
2.688140,3.816562,0.090449
2.688140,6.998510,-0.126038
2.688140,2.776092,-0.013940
2.688140,2.730189,0.008466
2.688140,5.263914,0.126098
2.688140,4.584614,-0.115623
2.688140,2.711831,-0.006246
2.688140,2.791312,0.015738
2.688140,7.563772,0.121014
2.688140,3.679805,-0.083846
2.688140,2.688247,-0.002925
2.688140,2.867403,0.023900
2.688140,9.923010,0.082795
2.688140,3.307507,-0.061371
2.688140,2.684990,-0.000681
2.688140,3.119467,0.047034
2.688140,11.409407,-0.035516
2.688140,2.953059,-0.032335
2.688140,2.684037,0.001792
2.688140,3.447639,0.070686
2.688140,8.873179,-0.103158
2.688140,2.829981,-0.020026
2.688140,2.689680,0.003374
2.688140,3.768935,0.088245
2.688140,7.180975,-0.124621
2.688140,2.780678,-0.014548
2.688140,2.716280,0.006839
2.688140,4.755901,0.119098
2.688140,5.050327,-0.123700
2.688140,2.724271,-0.007798
2.688140,2.775108,0.013878
2.688140,6.970525,0.126240
2.688140,3.824112,-0.090798
2.688140,2.691314,-0.003561
2.688140,2.830550,0.020073
2.688140,8.888825,0.102896
2.688140,3.445363,-0.070541
2.688140,2.684429,-0.001730
2.688140,2.967744,0.033713
2.688140,11.536785,0.027987
2.688140,3.097682,-0.045221
2.688140,2.685200,0.000865
2.688140,3.336628,0.063394
2.688140,9.690101,-0.087848
2.688140,2.858425,-0.022970
2.688140,2.690148,0.003216
2.688140,3.753994,0.087526
2.688140,7.241567,-0.124103
2.688140,2.782554,-0.014714
2.688140,2.721417,0.007415
2.688140,4.938340,0.122137
2.688140,4.858814,-0.120891
2.688140,2.719264,-0.007156
2.688140,2.784223,0.014912
2.688140,7.303796,0.123551
2.688140,3.738941,-0.086798
2.688140,2.689731,-0.003161
2.688140,2.859230,0.023055
2.688140,9.711792,0.087393
2.688140,3.333876,-0.063206
2.688140,2.685108,-0.000856
2.688140,3.097406,0.045198
2.688140,11.538230,-0.027890
2.688140,2.967930,-0.033731
2.688140,2.684302,0.001713
2.688140,3.440933,0.070263
2.688140,8.919042,-0.102387
2.688140,2.831509,-0.020179
2.688140,2.690664,0.003478
2.688140,3.800844,0.089736
2.688140,7.057034,-0.125607
2.688140,2.777402,-0.014152
2.688140,2.721248,0.007435
2.688140,4.938402,0.122139
2.688140,4.858712,-0.120890
2.688140,2.719085,-0.007175
2.688140,2.778899,0.014332
2.688140,7.113606,0.125168
2.688140,3.786078,-0.089051
2.688140,2.690225,-0.003428
2.688140,2.831305,0.020161
2.688140,8.913276,0.102485
2.688140,3.441767,-0.070317
2.688140,2.684194,-0.001732
2.688140,2.963680,0.033334
2.688140,11.504938,0.030045
2.688140,3.103491,-0.045708
2.688140,2.685056,0.000805
2.688140,3.325972,0.062660
2.688140,9.774537,-0.086057
2.688140,2.861609,-0.023302
2.688140,2.689226,0.003084
2.688140,3.719228,0.085831
2.688140,7.387656,-0.122774
2.688140,2.786495,-0.015178
2.688140,2.716744,0.006849
2.688140,4.765689,0.119276
2.688140,5.039242,-0.123554
2.688140,2.724149,-0.007742
2.688140,2.780676,0.014488
2.688140,7.170937,0.124702
2.688140,3.771539,-0.088361
2.688140,2.690662,-0.003277
2.688140,2.858398,0.022963
2.688140,9.688843,0.087875
2.688140,3.336797,-0.063405
2.688140,2.685357,-0.000847
2.688140,3.102587,0.045630
2.688140,11.510072,-0.029722
2.688140,2.964332,-0.033392
2.688140,2.684629,0.001778
2.688140,3.455579,0.071177
2.688140,8.819890,-0.104040
2.688140,2.828362,-0.019835
2.688140,2.692428,0.003709
2.688140,3.864625,0.092596
2.688140,6.827246,-0.127183
2.688140,2.771324,-0.013424
2.688140,2.729241,0.008394
2.688140,5.235222,0.125819
2.688140,4.605913,-0.116092
2.688140,2.712180,-0.006344
2.688140,2.783687,0.014907
2.688140,7.293653,0.123645
2.688140,3.741289,-0.086920
2.688140,2.688850,-0.003280
2.688140,2.829447,0.019977
2.688140,8.857672,0.103417
2.688140,3.449915,-0.070830
2.688140,2.683835,-0.001832
2.688140,2.944459,0.031520
2.688140,11.318775,0.040027
2.688140,3.133254,-0.048164
2.688140,2.684867,0.000565
2.688140,3.289462,0.060091
2.688140,10.070284,-0.079409
2.688140,2.873387,-0.024515
2.688140,2.687177,0.002755
2.688140,3.637234,0.081626
2.688140,7.767375,-0.118778
2.688140,2.796955,-0.016389
2.688140,2.706329,0.005567
2.688140,4.383205,0.110671
2.688140,5.570205,-0.128372
2.688140,2.738313,-0.009448
2.688140,2.768082,0.012998
2.688140,6.697924,0.127914
2.688140,3.903551,-0.094261
2.688140,2.693935,-0.003798
2.688140,2.839994,0.021039
2.688140,9.170190,0.097986
2.688140,3.405342,-0.067981
2.688140,2.685406,-0.001331
2.688140,3.037453,0.040037
2.688140,11.740817,-0.004462
2.688140,3.017030,-0.038221
2.688140,2.685280,0.001466
2.688140,3.422313,0.069074
2.688140,9.048964,-0.100148
2.688140,2.835923,-0.020614
2.688140,2.694124,0.003851
2.688140,3.914492,0.094721
2.688140,6.662857,-0.128092
2.688140,2.767125,-0.012891
2.688140,2.738479,0.009474
2.688140,5.577465,0.128411
2.688140,4.378940,-0.110555
2.688140,2.706172,-0.005557
2.688140,2.795853,0.016272
2.688140,7.729365,0.119212
2.688140,3.644940,-0.082035
2.688140,2.687195,-0.002806
2.688140,2.866750,0.023842
2.688140,9.907714,0.083139
2.688140,3.309374,-0.061505
2.688140,2.684611,-0.000739
2.688140,3.105406,0.045871
2.688140,11.493978,-0.030723
2.688140,2.962325,-0.033212
2.688140,2.683539,0.001665
2.688140,3.421402,0.069030
2.688140,9.054618,-0.100051
2.688140,2.835845,-0.020660
2.688140,2.687064,0.003022
2.688140,3.673724,0.083542
2.688140,7.591590,-0.120724
2.688140,2.791821,-0.015854
2.688140,2.703891,0.005322
2.688140,4.303294,0.108420
2.688140,5.712686,-0.129019
2.688140,2.741915,-0.009919
2.688140,2.759571,0.012028
2.688140,6.382567,0.129189
2.688140,4.009037,-0.098511
2.688140,2.696108,-0.004260
2.688140,2.812272,0.018107
2.688140,8.298952,0.111981
2.688140,3.538633,-0.076159
2.688140,2.685175,-0.002300
2.688140,2.902711,0.027460
2.688140,10.696191,0.062857
2.688140,3.214059,-0.054527
2.688140,2.685031,-0.000002
2.688140,3.213460,0.054481
2.688140,10.701127,-0.062708
2.688140,2.902976,-0.027486
2.688140,2.685160,0.002296
2.688140,3.537865,0.076115
2.688140,8.303447,-0.111918
2.688140,2.812405,-0.018122
2.688140,2.696032,0.004251
2.688140,4.006261,0.098404
2.688140,6.390251,-0.129167
2.688140,2.759772,-0.012053
2.688140,2.741647,0.009887
2.688140,5.702619,0.128981
2.688140,4.308692,-0.108578
2.688140,2.704034,-0.005341
2.688140,2.791499,0.015818
2.688140,7.580133,0.120845
2.688140,3.676185,-0.083669
2.688140,2.687106,-0.003034
2.688140,2.834874,0.020558
2.688140,9.025354,0.100563
2.688140,3.425559,-0.069295
2.688140,2.683528,-0.001695
2.688140,2.957998,0.032805
2.688140,11.456280,0.032945
2.688140,3.111843,-0.046406
2.688140,2.684633,0.000694
2.688140,3.303565,0.061095
2.688140,9.954862,-0.082077
2.688140,2.868637,-0.024035
2.688140,2.687043,0.002774
2.688140,3.637775,0.081656
2.688140,7.764639,-0.118810
2.688140,2.796844,-0.016384
2.688140,2.705437,0.005464
2.688140,4.351913,0.109809
2.688140,5.624401,-0.128647
2.688140,2.739719,-0.009623
2.688140,2.765869,0.012743
2.688140,6.615537,0.128319
2.688140,3.929559,-0.095346
2.688140,2.694486,-0.003911
2.688140,2.833555,0.020364
2.688140,8.977057,0.101396
2.688140,3.432587,-0.069728
2.688140,2.685274,-0.001540
2.688140,3.006968,0.037314
2.688140,11.724259,0.009040
2.688140,3.048393,-0.040997
2.688140,2.685519,0.001264
2.688140,3.397786,0.067488
2.688140,9.225153,-0.096982
2.688140,2.841874,-0.021234
2.688140,2.694040,0.003797
2.688140,3.905083,0.094325
2.688140,6.693004,-0.127939
2.688140,2.767976,-0.012980
2.688140,2.739143,0.009542
2.688140,5.600730,0.128531
2.688140,4.365448,-0.110184
2.688140,2.705884,-0.005501
2.688140,2.798797,0.016591
2.688140,7.831566,0.118030
2.688140,3.624433,-0.080941
2.688140,2.687049,-0.002680
2.688140,2.881301,0.025314
2.688140,10.254131,0.074945
2.688140,3.267233,-0.058486
2.688140,2.685127,-0.000375
2.688140,3.163635,0.050605
2.688140,11.098890,-0.049301
2.688140,2.927214,-0.029859
2.688140,2.684465,0.002034
2.688140,3.489033,0.073229
2.688140,8.601412,-0.107523
2.688140,2.821427,-0.019107
2.688140,2.692278,0.003743
2.688140,3.867083,0.092705
2.688140,6.818768,-0.127235
2.688140,2.771027,-0.013405
2.688140,2.727432,0.008190
2.688140,5.169855,0.125132
2.688140,4.656366,-0.117158
2.688140,2.713492,-0.006519
2.688140,2.780554,0.014556
2.688140,7.180063,0.124629
2.688140,3.769134,-0.088257
2.688140,2.689343,-0.003414
2.688140,2.819272,0.018901
2.688140,8.535714,0.108529
2.688140,3.499416,-0.073859
2.688140,2.683841,-0.002181
2.688140,2.897562,0.026961
2.688140,10.598910,0.065714
2.688140,3.225779,-0.055420
2.688140,2.684316,-0.000171
2.688140,3.178516,0.051786
2.688140,10.983314,-0.053543
2.688140,2.919406,-0.029112
2.688140,2.683093,0.001930
2.688140,3.451442,0.070931
2.688140,8.847039,-0.103595
2.688140,2.828984,-0.019953
2.688140,2.685653,0.002907
2.688140,3.633348,0.081431
2.688140,7.786138,-0.118565
2.688140,2.797148,-0.016484
2.688140,2.696637,0.004436
2.688140,4.044212,0.099843
2.688140,6.287641,-0.129420
2.688140,2.756908,-0.011748
2.688140,2.739796,0.009700
2.688140,5.638329,0.128714
2.688140,4.343985,-0.109591
2.688140,2.704743,-0.005491
2.688140,2.782457,0.014830
2.688140,7.259200,0.123954
2.688140,3.749517,-0.087326
2.688140,2.688010,-0.003435
2.688140,2.795555,0.016378
2.688140,7.741707,0.119078
2.688140,3.642210,-0.081913
2.688140,2.684406,-0.003115
2.688140,2.781582,0.014890
2.688140,7.253721,0.124008
2.688140,3.750628,-0.087400
2.688140,2.685477,-0.003740
2.688140,2.715353,0.007452
2.688140,4.835583,0.120530
2.688140,4.961874,-0.122509
2.688140,2.718931,-0.007845
2.688140,2.687942,0.004004
2.688140,3.831111,0.091141
2.688140,6.943914,-0.126435
2.688140,2.773259,-0.013916
2.688140,2.692609,0.004143
2.688140,3.931584,0.095445
2.688140,6.608646,-0.128356
2.688140,2.764973,-0.012798
2.688140,2.719368,0.007313
2.688140,4.885468,0.121327
2.688140,4.910889,-0.121725
2.688140,2.720063,-0.007395
2.688140,2.764638,0.012756
2.688140,6.595547,0.128415
2.688140,3.935833,-0.095619
2.688140,2.692756,-0.004155
2.688140,2.774011,0.013997
2.688140,6.970926,0.126246
2.688140,3.823678,-0.090806
2.688140,2.687813,-0.003968
2.688140,2.721679,0.008162
2.688140,5.061660,0.123869
2.688140,4.745324,-0.118928
2.688140,2.712713,-0.007178
2.688140,2.681468,0.003285
2.688140,3.617049,0.080586
2.688140,7.867074,-0.117617
2.688140,2.798578,-0.016832
2.688140,2.671263,0.001426
2.688140,3.185397,0.052426
2.688140,10.923679,-0.055624
2.688140,2.914590,-0.028842
2.688140,2.657184,-0.001130
2.688140,2.613178,-0.004624
2.688140,1.384301,-0.127736
