init_r,r,ur
2.687720,3.257534,0.057756
2.687720,10.335958,-0.072860
2.687720,2.885238,-0.025660
2.687720,2.693282,0.003384
2.687720,3.831687,0.091125
2.687720,6.943636,-0.126422
2.687720,2.774961,-0.013732
2.687720,2.741288,0.009732
2.687720,5.670628,0.128850
2.687720,4.326206,-0.109077
2.687720,2.705325,-0.005308
2.687720,2.815914,0.018423
2.687720,8.407575,0.110425
2.687720,3.520494,-0.075085
2.687720,2.686995,-0.001959
2.687720,2.977662,0.034617
2.687720,11.603595,0.023081
2.687720,3.084305,-0.044078
2.687720,2.687073,0.001183
2.687720,3.412139,0.068407
2.687720,9.122043,-0.098851
2.687720,2.838622,-0.020844
2.687720,2.700788,0.004609
2.687720,4.141880,0.103307
2.687720,6.047944,-0.129642
2.687720,2.751349,-0.010912
2.687720,2.768228,0.012915
2.687720,6.686723,0.127968
2.687720,3.907153,-0.094403
2.687720,2.695261,-0.003669
2.687720,2.878116,0.024930
2.687720,10.174047,0.076920
2.687720,3.277050,-0.059175
2.687720,2.688032,-0.000104
2.687720,3.248222,0.057068
2.687720,10.413677,-0.070824
2.687720,2.888860,-0.026021
2.687720,2.693540,0.003387
2.687720,3.836537,0.091341
2.687720,6.926250,-0.126541
2.687720,2.774546,-0.013672
2.687720,2.743158,0.009946
2.687720,5.739644,0.129110
2.687720,4.289146,-0.107996
2.687720,2.704434,-0.005166
2.687720,2.820971,0.018965
2.687720,8.572398,0.107965
2.687720,3.493785,-0.073496
2.687720,2.686989,-0.001771
2.687720,3.002982,0.036940
2.687720,11.714159,0.010921
2.687720,3.053059,-0.041392
2.687720,2.687069,0.001412
2.687720,3.444297,0.070453
2.687720,8.897245,-0.102750
2.687720,2.831244,-0.020060
2.687720,2.702553,0.004870
2.687720,4.211700,0.105610
2.687720,5.894523,-0.129501
2.687720,2.747308,-0.010428
2.687720,2.772371,0.013402
2.687720,6.842277,0.127085
2.687720,3.860440,-0.092398
2.687720,2.694255,-0.003467
2.687720,2.889359,0.026065
2.687720,10.423614,0.070559
2.687720,3.247047,-0.056978
2.687720,2.688351,0.000150
2.687720,3.288634,0.060005
2.687720,10.078659,-0.079207
2.687720,2.874119,-0.024514
2.687720,2.696890,0.003889
2.687720,3.967545,0.096874
2.687720,6.501314,-0.128793
2.687720,2.763421,-0.012323
2.687720,2.759341,0.011840
2.687720,6.346978,0.129278
2.687720,4.022225,-0.099001
2.687720,2.698140,-0.004114
2.687720,2.863616,0.023439
2.687720,9.817409,0.085126
2.687720,3.320778,-0.062276
2.687720,2.688026,-0.000419
2.687720,3.204588,0.053780
2.687720,10.775192,-0.060433
2.687720,2.907296,-0.027864
2.687720,2.691322,0.002989
2.687720,3.741058,0.086889
2.687720,7.295501,-0.123623
2.687720,2.784428,-0.014840
2.687720,2.731595,0.008563
2.687720,5.304924,0.126476
2.687720,4.554998,-0.114953
2.687720,2.711441,-0.006099
2.687720,2.804839,0.017197
2.687720,8.031233,0.115570
2.687720,3.586381,-0.078850
2.687720,2.687902,-0.002315
2.687720,2.943994,0.031444
2.687720,11.311524,0.040363
2.687720,3.134430,-0.048240
2.687720,2.687356,0.000850
2.687720,3.370051,0.065642
2.687720,9.432472,-0.093052
2.687720,2.849325,-0.021965
2.687720,2.699246,0.004350
2.687720,4.076398,0.101009
2.687720,6.205438,-0.129550
2.687720,2.755530,-0.011404
2.687720,2.764942,0.012520
2.687720,6.561670,0.128553
2.687720,3.947273,-0.096060
2.687720,2.696235,-0.003828
2.687720,2.872059,0.024311
2.687720,10.029788,0.080352
2.687720,3.294570,-0.060431
2.687720,2.687979,-0.000236
2.687720,3.229039,0.055637
2.687720,10.573398,-0.066438
2.687720,2.896610,-0.026801
2.687720,2.692382,0.003193
2.687720,3.788640,0.089154
2.687720,7.104419,-0.125236
2.687720,2.779281,-0.014236
2.687720,2.737176,0.009235
2.687720,5.514848,0.128051
2.687720,4.416470,-0.111554
2.687720,2.707735,-0.005623
2.687720,2.811182,0.017902
2.687720,8.248707,0.112677
2.687720,3.547426,-0.076650
2.687720,2.687334,-0.002108
2.687720,2.962843,0.033232
2.687720,11.496880,0.030540
2.687720,3.105011,-0.045818
2.687720,2.687235,0.001051
2.687720,3.396193,0.067370
2.687720,9.237573,-0.096750
2.687720,2.842544,-0.021254
2.687720,2.700457,0.004542
2.687720,4.125988,0.102762
2.687720,6.084906,-0.129641
2.687720,2.752353,-0.011025
2.687720,2.768138,0.012897
2.687720,6.682157,0.127991
2.687720,3.908584,-0.094463
2.687720,2.695378,-0.003665
2.687720,2.880479,0.025167
2.687720,10.228086,0.075590
2.687720,3.270538,-0.058702
2.687720,2.688230,-0.000034
2.687720,3.261149,0.058017
2.687720,10.306092,-0.073626
2.687720,2.883939,-0.025519
2.687720,2.694795,0.003571
2.687720,3.884828,0.093455
2.687720,6.759684,-0.127574
2.687720,2.770176,-0.013143
2.687720,2.749642,0.010707
2.687720,5.982903,0.129611
2.687720,4.170705,-0.104276
2.687720,2.701525,-0.004717
2.687720,2.835797,0.020544
2.687720,9.036832,0.100358
2.687720,3.424149,-0.069177
2.687720,2.687085,-0.001267
2.687720,3.073055,0.043119
2.687720,11.651210,-0.018830
2.687720,2.986342,-0.035419
2.687720,2.686991,0.001894
2.687720,3.511274,0.074541
2.687720,8.463656,-0.109602
2.687720,2.817624,-0.018607
2.687720,2.705041,0.005262
2.687720,4.314250,0.108732
2.687720,5.692555,-0.128938
2.687720,2.741885,-0.009799
2.687720,2.774911,0.013722
2.687720,6.941063,0.126440
2.687720,3.832406,-0.091157
2.687720,2.693355,-0.003380
2.687720,2.886875,0.025824
2.687720,10.371404,0.071939
2.687720,3.253285,-0.057443
2.687720,2.687844,0.000045
2.687720,3.265814,0.058361
2.687720,10.267127,-0.074615
2.687720,2.882158,-0.025346
2.687720,2.694076,0.003500
2.687720,3.862169,0.092475
2.687720,6.836245,-0.127123
2.687720,2.772137,-0.013391
2.687720,2.745393,0.010215
2.687720,5.824570,0.129357
2.687720,4.245737,-0.106680
2.687720,2.703295,-0.005010
2.687720,2.824080,0.019302
2.687720,8.672850,0.106405
2.687720,3.478053,-0.072543
2.687720,2.686879,-0.001673
2.687720,3.014524,0.037984
2.687720,11.737638,0.005623
2.687720,3.040266,-0.040273
2.687720,2.686933,0.001490
2.687720,3.453051,0.071001
2.687720,8.837871,-0.103740
2.687720,2.829314,-0.019859
2.687720,2.702408,0.004868
2.687720,4.208823,0.105519
2.687720,5.900553,-0.129512
2.687720,2.747429,-0.010452
2.687720,2.771110,0.013262
2.687720,6.796390,0.127363
2.687720,3.873864,-0.092983
2.687720,2.694431,-0.003538
2.687720,2.882578,0.025385
2.687720,10.276205,0.074386
2.687720,3.264731,-0.058281
2.687720,2.688005,-0.000018
2.687720,3.259625,0.057907
2.687720,10.318674,-0.073305
2.687720,2.884483,-0.025578
2.687720,2.694128,0.003489
2.687720,3.861405,0.092441
2.687720,6.838901,-0.127106
2.687720,2.772231,-0.013397
2.687720,2.745978,0.010280
2.687720,5.845939,0.129407
2.687720,4.235183,-0.106352
2.687720,2.703063,-0.004967
2.687720,2.826257,0.019533
2.687720,8.741792,0.105307
2.687720,3.467489,-0.071895
2.687720,2.686928,-0.001593
2.687720,3.026227,0.039030
2.687720,11.746062,0.000414
2.687720,3.028122,-0.039199
2.687720,2.686932,0.001579
2.687720,3.465648,0.071782
2.687720,8.753919,-0.105112
2.687720,2.826641,-0.019574
2.687720,2.702998,0.004957
2.687720,4.232466,0.106267
2.687720,5.851485,-0.129419
2.687720,2.746127,-0.010298
2.687720,2.772159,0.013388
2.687720,6.836083,0.127123
2.687720,3.862224,-0.092477
2.687720,2.694153,-0.003491
2.687720,2.884529,0.025583
2.687720,10.319661,0.073279
2.687720,3.259507,-0.057899
2.687720,2.688018,0.000021
2.687720,3.265262,0.058319
2.687720,10.271798,-0.074497
2.687720,2.882384,-0.025365
2.687720,2.694496,0.003547
2.687720,3.876296,0.093088
2.687720,6.788190,-0.127411
2.687720,2.770895,-0.013236
2.687720,2.747764,0.010491
2.687720,5.913102,0.129531
2.687720,4.202891,-0.105328
2.687720,2.702264,-0.004845
2.687720,2.830125,0.019945
2.687720,8.863118,0.103322
2.687720,3.449311,-0.070768
2.687720,2.686942,-0.001462
2.687720,3.044167,0.040616
2.687720,11.731991,-0.007260
2.687720,3.010920,-0.037659
2.687720,2.686874,0.001699
2.687720,3.481657,0.072763
2.687720,8.649598,-0.106770
2.687720,2.823351,-0.019224
2.687720,2.703420,0.005030
2.687720,4.250930,0.106841
2.687720,5.814164,-0.129331
2.687720,2.745113,-0.010183
2.687720,2.772257,0.013406
2.687720,6.840921,0.127094
2.687720,3.860811,-0.092416
2.687720,2.694030,-0.003496
2.687720,2.881969,0.025327
2.687720,10.262926,0.074720
2.687720,3.266319,-0.058398
2.687720,2.687814,-0.000052
2.687720,3.251839,0.057336
2.687720,10.383438,-0.071624
2.687720,2.887428,-0.025880
2.687720,2.693203,0.003358
2.687720,3.826585,0.090895
2.687720,6.962136,-0.126294
2.687720,2.775466,-0.013789
2.687720,2.741072,0.009704
2.687720,5.662079,0.128813
2.687720,4.330919,-0.109212
2.687720,2.705465,-0.005323
2.687720,2.816101,0.018442
2.687720,8.413517,0.110339
2.687720,3.519512,-0.075027
2.687720,2.687028,-0.001948
2.687720,2.979643,0.034800
2.687720,11.615387,0.022104
2.687720,3.081688,-0.043855
2.687720,2.687103,0.001206
2.687720,3.415837,0.068645
2.687720,9.095657,-0.099321
2.687720,2.837747,-0.020750
2.687720,2.701122,0.004655
2.687720,4.154492,0.103734
2.687720,6.019185,-0.129633
2.687720,2.750600,-0.010821
2.687720,2.769270,0.013036
2.687720,6.725564,0.127763
2.687720,3.895175,-0.093897
2.687720,2.695026,-0.003614
2.687720,2.881695,0.025292
2.687720,10.255891,0.074897
2.687720,3.267185,-0.058458
2.687720,2.688175,-0.000016
2.687720,3.262731,0.058133
2.687720,10.292910,-0.073962
2.687720,2.883342,-0.025459
2.687720,2.694752,0.003570
2.687720,3.884001,0.093420
2.687720,6.762425,-0.127559
2.687720,2.770240,-0.013152
2.687720,2.749319,0.010670
2.687720,5.970943,0.129601
2.687720,4.176124,-0.104455
2.687720,2.701644,-0.004739
2.687720,2.834676,0.020426
2.687720,9.002886,0.100948
2.687720,3.428990,-0.069486
2.687720,2.687048,-0.001306
2.687720,3.067186,0.042615
2.687720,11.672723,-0.016557
2.687720,2.991055,-0.035852
2.687720,2.686945,0.001854
2.687720,3.504796,0.074156
2.687720,8.503555,-0.109008
2.687720,2.818839,-0.018739
2.687720,2.704606,0.005202
2.687720,4.297604,0.108246
2.687720,5.723608,-0.129055
2.687720,2.742706,-0.009898
2.687720,2.774131,0.013630
2.687720,6.911834,0.126638
2.687720,3.840566,-0.091522
2.687720,2.693536,-0.003415
2.687720,2.885046,0.025639
2.687720,10.331540,0.072974
2.687720,3.258069,-0.057795
2.687720,2.687808,0.000006
2.687720,3.259869,0.057927
2.687720,10.316561,-0.073359
2.687720,2.884367,-0.025571
2.687720,2.693639,0.003432
2.687720,3.844815,0.091711
2.687720,6.896763,-0.126737
2.687720,2.773732,-0.013583
2.687720,2.743208,0.009957
2.687720,5.742507,0.129120
2.687720,4.287638,-0.107951
2.687720,2.704350,-0.005166
2.687720,2.819734,0.018835
2.687720,8.532750,0.108568
2.687720,3.500100,-0.073875
2.687720,2.686925,-0.001823
2.687720,2.994905,0.036205
2.687720,11.688102,0.014719
2.687720,3.062514,-0.042212
2.687720,2.687028,0.001338
2.687720,3.433160,0.069751
2.687720,8.973852,-0.101449
2.687720,2.833723,-0.020325
2.687720,2.701789,0.004763
2.687720,4.182264,0.104657
2.687720,5.957497,-0.129588
2.687720,2.748959,-0.010628
2.687720,2.770453,0.013178
2.687720,6.770631,0.127512
2.687720,3.881538,-0.093314
2.687720,2.694684,-0.003561
2.687720,2.883472,0.025473
2.687720,10.295876,0.073887
2.687720,3.262373,-0.058107
2.687720,2.688158,0.000017
2.687720,3.266961,0.058442
2.687720,10.257745,-0.074850
2.687720,2.881775,-0.025300
2.687720,2.694965,0.003607
2.687720,3.893014,0.093805
2.687720,6.732641,-0.127725
2.687720,2.769453,-0.013058
2.687720,2.750278,0.010783
2.687720,6.007126,0.129627
2.687720,4.159841,-0.103914
2.687720,2.701246,-0.004676
2.687720,2.836842,0.020655
2.687720,9.068507,0.099802
2.687720,3.419660,-0.068890
2.687720,2.687079,-0.001236
2.687720,3.077217,0.043475
2.687720,11.634536,-0.020419
2.687720,2.983077,-0.035118
2.687720,2.686988,0.001918
2.687720,3.514597,0.074738
2.687720,8.443341,-0.109902
2.687720,2.817003,-0.018540
2.687720,2.705126,0.005276
2.687720,4.317950,0.108839
2.687720,5.685735,-0.128911
2.687720,2.741698,-0.009779
2.687720,2.774878,0.013720
2.687720,6.940122,0.126446
2.687720,3.832665,-0.091169
2.687720,2.693338,-0.003384
2.687720,2.886085,0.025745
2.687720,10.354342,0.072384
2.687720,3.255330,-0.057594
2.687720,2.687791,0.000024
2.687720,3.262049,0.058086
2.687720,10.298412,-0.073823
2.687720,2.883549,-0.025488
2.687720,2.693720,0.003448
2.687720,3.848484,0.091873
2.687720,6.883828,-0.126822
2.687720,2.773387,-0.013542
2.687720,2.743569,0.010001
2.687720,5.756163,0.129165
2.687720,4.280511,-0.107739
2.687720,2.704165,-0.005140
2.687720,2.820288,0.018895
2.687720,8.550775,0.108295
2.687720,3.497218,-0.073703
2.687720,2.686908,-0.001805
2.687720,2.997099,0.036405
2.687720,11.696004,0.013679
2.687720,3.059898,-0.041986
2.687720,2.687010,0.001355
2.687720,3.435265,0.069884
2.687720,8.959262,-0.101699
2.687720,2.833244,-0.020275
2.687720,2.701827,0.004771
2.687720,4.184119,0.104718
2.687720,5.953454,-0.129583
2.687720,2.748848,-0.010616
2.687720,2.770424,0.013176
2.687720,6.769697,0.127518
2.687720,3.881817,-0.093326
2.687720,2.694676,-0.003564
2.687720,2.882977,0.025423
2.687720,10.284869,0.074166
2.687720,3.263695,-0.058204
2.687720,2.688123,0.000003
2.687720,3.264528,0.058265
2.687720,10.277944,-0.074342
2.687720,2.882668,-0.025392
2.687720,2.694727,0.003572
2.687720,3.883889,0.093415
2.687720,6.762790,-0.127557
2.687720,2.770242,-0.013154
2.687720,2.749087,0.010644
2.687720,5.962445,0.129593
2.687720,4.179998,-0.104583
2.687720,2.701727,-0.004755
2.687720,2.833796,0.020333
2.687720,8.976133,0.101410
2.687720,3.432831,-0.069730
2.687720,2.687018,-0.001337
2.687720,3.062486,0.042210
2.687720,11.688188,-0.014708
2.687720,2.994928,-0.036207
2.687720,2.686913,0.001822
2.687720,3.499648,0.073848
2.687720,8.535566,-0.108526
2.687720,2.819819,-0.018845
2.687720,2.704273,0.005156
2.687720,4.284808,0.107867
2.687720,5.747915,-0.129138
2.687720,2.743349,-0.009975
2.687720,2.773523,0.013558
2.687720,6.889004,0.126788
2.687720,3.847013,-0.091808
2.687720,2.693679,-0.003442
2.687720,2.883622,0.025496
2.687720,10.300077,0.073780
2.687720,3.261848,-0.058072
2.687720,2.687779,-0.000024
2.687720,3.255162,0.057581
2.687720,10.355741,-0.072348
2.687720,2.886148,-0.025751
2.687720,2.693300,0.003379
2.687720,3.831299,0.091107
2.687720,6.945045,-0.126413
2.687720,2.775008,-0.013736
2.687720,2.741488,0.009754
2.687720,5.677909,0.128880
2.687720,4.322217,-0.108963
2.687720,2.705234,-0.005292
2.687720,2.816587,0.018495
2.687720,8.429674,0.110103
2.687720,3.516844,-0.074870
2.687720,2.686997,-0.001933
2.687720,2.981204,0.034945
2.687720,11.624302,0.021336
2.687720,3.079642,-0.043681
2.687720,2.687083,0.001218
2.687720,3.417272,0.068737
2.687720,9.085440,-0.099502
2.687720,2.837405,-0.020715
2.687720,2.701124,0.004658
2.687720,4.154933,0.103749
2.687720,6.018184,-0.129633
2.687720,2.750569,-0.010818
2.687720,2.769161,0.013024
2.687720,6.721634,0.127784
2.687720,3.896376,-0.093948
2.687720,2.695038,-0.003621
2.687720,2.881001,0.025222
2.687720,10.240217,0.075289
2.687720,3.269071,-0.058596
2.687720,2.688136,-0.000034
2.687720,3.259555,0.057901
2.687720,10.319315,-0.073288
2.687720,2.884525,-0.025580
2.687720,2.694458,0.003527
2.687720,3.872657,0.092931
2.687720,6.800492,-0.127338
2.687720,2.771237,-0.013273
2.687720,2.747839,0.010497
2.687720,5.915412,0.129535
2.687720,4.201807,-0.105293
2.687720,2.702263,-0.004838
2.687720,2.831046,0.020042
2.687720,8.891517,0.102847
2.687720,3.445132,-0.070506
2.687720,2.686991,-0.001427
2.687720,3.049757,0.041105
2.687720,11.721560,-0.009573
2.687720,3.005884,-0.037204
2.687720,2.686910,0.001740
2.687720,3.488098,0.073153
2.687720,8.608396,-0.107412
2.687720,2.822074,-0.019086
2.687720,2.703839,0.005089
2.687720,4.267063,0.107333
2.687720,5.782271,-0.129244
2.687720,2.744272,-0.010082
2.687720,2.773107,0.013506
2.687720,6.872796,0.126893
2.687720,3.851634,-0.092012
2.687720,2.693832,-0.003456
2.687720,2.884161,0.025548
2.687720,10.311835,0.073480
2.687720,3.260440,-0.057968
2.687720,2.687870,-0.000003
2.687720,3.259536,0.057902
2.687720,10.319354,-0.073288
2.687720,2.884500,-0.025583
2.687720,2.693780,0.003448
2.687720,3.849478,0.091917
2.687720,6.880350,-0.126844
2.687720,2.773307,-0.013530
2.687720,2.744018,0.010052
2.687720,5.772721,0.129216
2.687720,4.271957,-0.107481
2.687720,2.703963,-0.005107
2.687720,2.821596,0.019035
2.687720,8.592976,0.107650
2.687720,3.490526,-0.073300
2.687720,2.686917,-0.001757
2.687720,3.003776,0.037013
2.687720,11.716294,0.010550
2.687720,3.052145,-0.041313
2.687720,2.687003,0.001411
2.687720,3.443053,0.070375
2.687720,8.905713,-0.102608
2.687720,2.831506,-0.020090
2.687720,2.702207,0.004828
2.687720,4.199321,0.105213
2.687720,5.920707,-0.129542
2.687720,2.747982,-0.010513
2.687720,2.771202,0.013268
2.687720,6.799032,0.127347
2.687720,3.873089,-0.092949
2.687720,2.694478,-0.003528
2.687720,2.884758,0.025603
2.687720,10.324396,0.073158
2.687720,3.258946,-0.057856
2.687720,2.688158,0.000041
2.687720,3.270403,0.058692
2.687720,10.229167,-0.075564
2.687720,2.880519,-0.025172
2.687720,2.695180,0.003641
2.687720,3.901750,0.094175
2.687720,6.704163,-0.127877
2.687720,2.768705,-0.012968
2.687720,2.751274,0.010901
2.687720,6.044622,0.129641
2.687720,4.143329,-0.103357
2.687720,2.700851,-0.004612
2.687720,2.839298,0.020914
2.687720,9.141968,0.098493
2.687720,3.409365,-0.068227
2.687720,2.687130,-0.001157
2.687720,3.088848,0.044462
2.687720,11.582188,-0.024757
2.687720,2.974292,-0.034303
2.687720,2.687087,0.001995
2.687720,3.527116,0.075473
2.687720,8.367851,-0.110999
2.687720,2.814725,-0.018292
2.687720,2.705973,0.005392
2.687720,4.350341,0.109761
2.687720,5.627335,-0.128658
2.687720,2.740150,-0.009593
2.687720,2.776277,0.013885
2.687720,6.992569,0.126078
2.687720,3.818273,-0.090519
2.687720,2.693012,-0.003323
2.687720,2.889087,0.026047
2.687720,10.418925,0.070685
2.687720,3.247582,-0.057022
2.687720,2.687832,0.000085
2.687720,3.271159,0.058750
2.687720,10.222755,-0.075723
2.687720,2.880204,-0.025147
2.687720,2.694364,0.003548
2.687720,3.874152,0.092996
2.687720,6.795393,-0.127369
2.687720,2.771058,-0.013262
2.687720,2.746736,0.010374
2.687720,5.875166,0.129467
2.687720,4.220961,-0.105905
2.687720,2.702672,-0.004918
2.687720,2.826741,0.019587
2.687720,8.757425,0.105055
2.687720,3.465113,-0.071750
2.687720,2.686865,-0.001583
2.687720,3.026489,0.039054
2.687720,11.746086,0.000298
2.687720,3.027853,-0.039176
2.687720,2.686868,0.001574
2.687720,3.463795,0.071668
2.687720,8.766136,-0.104914
2.687720,2.827018,-0.019616
2.687720,2.702627,0.004911
2.687720,4.219056,0.105845
2.687720,5.879124,-0.129474
2.687720,2.746842,-0.010386
2.687720,2.771005,0.013255
2.687720,6.793351,0.127381
2.687720,3.874757,-0.093023
2.687720,2.694382,-0.003550
2.687720,2.880231,0.025150
2.687720,10.223344,0.075708
2.687720,3.271088,-0.058745
2.687720,2.687841,-0.000083
2.687720,3.247932,0.057048
2.687720,10.416011,-0.070762
2.687720,2.888951,-0.026033
2.687720,2.693052,0.003329
2.687720,3.819795,0.090588
2.687720,6.986969,-0.126118
2.687720,2.776130,-0.013867
2.687720,2.740368,0.009619
2.687720,5.635489,0.128695
2.687720,4.345742,-0.109632
2.687720,2.705855,-0.005375
2.687720,2.815117,0.018335
2.687720,8.380841,0.110812
2.687720,3.524944,-0.075346
2.687720,2.687075,-0.001981
2.687720,2.975978,0.034460
2.687720,11.593096,0.023918
2.687720,3.086566,-0.044269
2.687720,2.687128,0.001173
2.687720,3.411634,0.068374
2.687720,9.125685,-0.098786
2.687720,2.838752,-0.020856
2.687720,2.700975,0.004630
2.687720,4.148260,0.103524
2.687720,6.033340,-0.129639
2.687720,2.750978,-0.010865
2.687720,2.769023,0.013006
2.687720,6.716104,0.127814
2.687720,3.898074,-0.094020
2.687720,2.695101,-0.003625
2.687720,2.881420,0.025264
2.687720,10.249624,0.075054
2.687720,3.267940,-0.058513
2.687720,2.688187,-0.000020
2.687720,3.262336,0.058104
2.687720,10.296199,-0.073879
2.687720,2.883490,-0.025474
2.687720,2.694756,0.003570
2.687720,3.883990,0.093419
2.687720,6.762462,-0.127559
2.687720,2.770242,-0.013152
2.687720,2.749364,0.010675
2.687720,5.972601,0.129602
2.687720,4.175371,-0.104430
2.687720,2.701628,-0.004736
2.687720,2.834854,0.020445
2.687720,9.008306,0.100854
2.687720,3.428215,-0.069437
2.687720,2.687055,-0.001299
2.687720,3.068147,0.042698
2.687720,11.669366,-0.016931
2.687720,2.990274,-0.035780
2.687720,2.686953,0.001861
2.687720,3.505869,0.074220
2.687720,8.496916,-0.109107
2.687720,2.818637,-0.018717
2.687720,2.704678,0.005212
2.687720,4.300387,0.108328
2.687720,5.718373,-0.129036
2.687720,2.742568,-0.009881
2.687720,2.774265,0.013646
2.687720,6.916861,0.126604
2.687720,3.839155,-0.091459
2.687720,2.693505,-0.003409
2.687720,2.885370,0.025672
2.687720,10.338650,0.072791
2.687720,3.257216,-0.057732
2.687720,2.687815,0.000013
2.687720,3.260948,0.058006
2.687720,10.307585,-0.073589
2.687720,2.883964,-0.025529
2.687720,2.693719,0.003444
2.687720,3.847979,0.091851
2.687720,6.885610,-0.126810
2.687720,2.773438,-0.013547
2.687720,2.743610,0.010005
2.687720,5.757595,0.129169
2.687720,4.279768,-0.107716
2.687720,2.704151,-0.005137
2.687720,2.820506,0.018918
2.687720,8.557812,0.108188
2.687720,3.496097,-0.073635
2.687720,2.686913,-0.001796
2.687720,2.998339,0.036518
2.687720,11.700194,0.013094
2.687720,3.058436,-0.041860
2.687720,2.687012,0.001366
2.687720,3.436853,0.069985
2.687720,8.948293,-0.101886
2.687720,2.832888,-0.020237
2.687720,2.701921,0.004784
2.687720,4.187805,0.104839
2.687720,5.945456,-0.129574
2.687720,2.748638,-0.010591
2.687720,2.770649,0.013202
2.687720,6.778134,0.127469
2.687720,3.879295,-0.093217
2.687720,2.694623,-0.003553
2.687720,2.883612,0.025487
2.687720,10.299013,0.073807
2.687720,3.261995,-0.058080
2.687720,2.688143,0.000018
2.687720,3.266856,0.058435
2.687720,10.258611,-0.074828
2.687720,2.881812,-0.025304
2.687720,2.694920,0.003601
2.687720,3.891425,0.093737
2.687720,6.737862,-0.127696
2.687720,2.769589,-0.013075
2.687720,2.750033,0.010755
2.687720,5.997984,0.129622
2.687720,4.163921,-0.104050
2.687720,2.701342,-0.004692
2.687720,2.836154,0.020583
2.687720,9.047775,0.100166
2.687720,3.422593,-0.069078
2.687720,2.687061,-0.001259
2.687720,3.073806,0.043183
2.687720,11.648282,-0.019118
2.687720,2.985746,-0.035364
2.687720,2.686962,0.001895
2.687720,3.510929,0.074521
2.687720,8.465758,-0.109571
2.687720,2.817683,-0.018614
2.687720,2.704885,0.005243
2.687720,4.308722,0.108572
2.687720,5.702794,-0.128978
2.687720,2.742149,-0.009833
2.687720,2.774464,0.013671
2.687720,6.924587,0.126552
2.687720,3.836991,-0.091362
2.687720,2.693436,-0.003402
2.687720,2.885170,0.025652
2.687720,10.334329,0.072902
2.687720,3.257732,-0.057770
2.687720,2.687776,0.000005
2.687720,3.259158,0.057875
2.687720,10.322462,-0.073208
2.687720,2.884631,-0.025598
2.687720,2.693516,0.003416
2.687720,3.840339,0.091512
2.687720,6.912638,-0.126632
2.687720,2.774148,-0.013633
2.687720,2.742546,0.009880
2.687720,5.717715,0.129034
2.687720,4.300736,-0.108338
2.687720,2.704680,-0.005214
2.687720,2.818370,0.018688
2.687720,8.488265,0.109237
2.687720,3.507269,-0.074303
2.687720,2.686944,-0.001872
2.687720,2.988656,0.035632
2.687720,11.662151,0.017710
2.687720,3.070151,-0.042870
2.687720,2.687048,0.001284
2.687720,3.425914,0.069290
2.687720,9.024414,-0.100574
2.687720,2.835382,-0.020501
2.687720,2.701472,0.004713
2.687720,4.169335,0.104231
2.687720,5.985932,-0.129613
2.687720,2.749713,-0.010717
2.687720,2.769827,0.013104
2.687720,6.746935,0.127646
2.687720,3.888672,-0.093620
2.687720,2.694852,-0.003590
2.687720,2.882200,0.025344
2.687720,10.267381,0.074608
2.687720,3.265800,-0.058358
2.687720,2.688142,-0.000010
2.687720,3.263012,0.058154
2.687720,10.290553,-0.074022
2.687720,2.883233,-0.025449
2.687720,2.694682,0.003563
2.687720,3.881717,0.093322
2.687720,6.770033,-0.127516
2.687720,2.770435,-0.013177
2.687720,2.748912,0.010623
2.687720,5.955807,0.129586
2.687720,4.183039,-0.104683
2.687720,2.701805,-0.004766
2.687720,2.833511,0.020303
2.687720,8.967389,0.101560
2.687720,3.434092,-0.069810
2.687720,2.687020,-0.001345
2.687720,3.061344,0.042111
2.687720,11.691699,-0.014255
2.687720,2.995883,-0.036294
2.687720,2.686917,0.001815
2.687720,3.498797,0.073797
2.687720,8.540885,-0.108445
2.687720,2.819984,-0.018862
2.687720,2.704265,0.005154
2.687720,4.284352,0.107853
2.687720,5.748789,-0.129141
2.687720,2.743374,-0.009977
2.687720,2.773571,0.013564
2.687720,6.890731,0.126777
2.687720,3.846523,-0.091787
2.687720,2.693677,-0.003439
2.687720,2.883978,0.025531
2.687720,10.307939,0.073580
2.687720,3.260904,-0.058003
2.687720,2.687799,-0.000015
2.687720,3.256756,0.057698
2.687720,10.342473,-0.072692
2.687720,2.885543,-0.025690
2.687720,2.693440,0.003400
2.687720,3.836741,0.091351
2.687720,6.925484,-0.126546
2.687720,2.774492,-0.013673
2.687720,2.742217,0.009840
2.687720,5.705260,0.128987
2.687720,4.307398,-0.108533
2.687720,2.704855,-0.005238
2.687720,2.817938,0.018641
2.687720,8.474060,0.109448
2.687720,3.509577,-0.074440
2.687720,2.686965,-0.001885
2.687720,2.987115,0.035490
2.687720,11.654948,0.018455
2.687720,3.072080,-0.043035
2.687720,2.687064,0.001272
2.687720,3.424466,0.069198
2.687720,9.034589,-0.100397
2.687720,2.835720,-0.020536
2.687720,2.701458,0.004709
2.687720,4.168467,0.104202
2.687720,5.987863,-0.129615
2.687720,2.749768,-0.010723
2.687720,2.769890,0.013110
2.687720,6.749166,0.127633
2.687720,3.887998,-0.093591
2.687720,2.694848,-0.003586
2.687720,2.882714,0.025395
2.687720,10.278864,0.074318
2.687720,3.264420,-0.058257
2.687720,2.688173,0.000004
2.687720,3.265412,0.058329
2.687720,10.270615,-0.074526
2.687720,2.882347,-0.025358
2.687720,2.694909,0.003596
2.687720,3.890487,0.093697
2.687720,6.740952,-0.127679
2.687720,2.769674,-0.013084
2.687720,2.750053,0.010757
2.687720,5.998611,0.129622
2.687720,4.163642,-0.104041
2.687720,2.701341,-0.004691
2.687720,2.836403,0.020608
2.687720,9.055235,0.100035
2.687720,3.421536,-0.069010
2.687720,2.687076,-0.001249
2.687720,3.075304,0.043311
2.687720,11.642340,-0.019691
2.687720,2.984569,-0.035255
2.687720,2.686982,0.001906
2.687720,3.512830,0.074633
2.687720,8.454130,-0.109743
2.687720,2.817331,-0.018576
2.687720,2.705042,0.005264
2.687720,4.314654,0.108744
2.687720,5.691807,-0.128936
2.687720,2.741860,-0.009798
2.687720,2.774781,0.013708
2.687720,6.936379,0.126472
2.687720,3.833705,-0.091215
2.687720,2.693367,-0.003388
2.687720,2.886047,0.025741
2.687720,10.353506,0.072406
2.687720,3.255431,-0.057601
2.687720,2.687800,0.000025
2.687720,3.262253,0.058101
2.687720,10.296714,-0.073866
2.687720,2.883473,-0.025480
2.687720,2.693756,0.003453
2.687720,3.849795,0.091931
2.687720,6.879228,-0.126851
2.687720,2.773267,-0.013527
2.687720,2.743762,0.010023
2.687720,5.763395,0.129187
2.687720,4.276763,-0.107626
2.687720,2.704071,-0.005126
2.687720,2.820698,0.018939
2.687720,8.564090,0.108092
2.687720,3.495098,-0.073575
2.687720,2.686904,-0.001790
2.687720,2.999004,0.036579
2.687720,11.702363,0.012781
2.687720,3.057655,-0.041792
2.687720,2.687003,0.001370
2.687720,3.437360,0.070017
2.687720,8.944795,-0.101946
2.687720,2.832773,-0.020225
2.687720,2.701910,0.004784
2.687720,4.187541,0.104830
2.687720,5.946026,-0.129575
2.687720,2.748650,-0.010593
2.687720,2.770565,0.013193
2.687720,6.775061,0.127487
2.687720,3.880212,-0.093257
2.687720,2.694636,-0.003558
2.687720,2.883178,0.025444
2.687720,10.289372,0.074052
2.687720,3.263153,-0.058165
2.687720,2.688121,0.000007
2.687720,3.264974,0.058298
2.687720,10.274236,-0.074435
2.687720,2.882503,-0.025375
2.687720,2.694747,0.003576
2.687720,3.884739,0.093451
2.687720,6.759963,-0.127573
2.687720,2.770167,-0.013145
2.687720,2.749172,0.010654
2.687720,5.965673,0.129596
2.687720,4.178523,-0.104534
2.687720,2.701690,-0.004749
2.687720,2.833975,0.020352
2.687720,8.981606,0.101316
2.687720,3.432043,-0.069680
2.687720,2.687019,-0.001331
2.687720,3.063295,0.042280
2.687720,11.685640,-0.015028
2.687720,2.994254,-0.036145
2.687720,2.686913,0.001827
2.687720,3.500377,0.073892
2.687720,8.531011,-0.108595
2.687720,2.819679,-0.018830
2.687720,2.704301,0.005160
2.687720,4.285968,0.107902
2.687720,5.745694,-0.129131
2.687720,2.743289,-0.009968
2.687720,2.773551,0.013562
2.687720,6.890106,0.126781
2.687720,3.846700,-0.091794
2.687720,2.693669,-0.003441
2.687720,2.883595,0.025493
2.687720,10.299487,0.073795
2.687720,3.261919,-0.058077
2.687720,2.687774,-0.000025
2.687720,3.254913,0.057563
2.687720,10.357811,-0.072294
2.687720,2.886242,-0.025761
2.687720,2.693272,0.003375
2.687720,3.830251,0.091060
2.687720,6.948832,-0.126387
2.687720,2.775107,-0.013748
2.687720,2.741341,0.009737
2.687720,5.672387,0.128857
2.687720,4.325242,-0.109049
2.687720,2.705311,-0.005303
2.687720,2.816311,0.018466
2.687720,8.420579,0.110236
2.687720,3.518344,-0.074959
2.687720,2.687004,-0.001943
2.687720,2.979992,0.034832
2.687720,11.617413,0.021932
2.687720,3.081228,-0.043816
2.687720,2.687085,0.001207
2.687720,3.415728,0.068638
2.687720,9.096423,-0.099308
2.687720,2.837770,-0.020753
2.687720,2.701046,0.004646
2.687720,4.151808,0.103644
2.687720,6.025264,-0.129636
2.687720,2.750756,-0.010841
2.687720,2.768975,0.013002
2.687720,6.714640,0.127822
2.687720,3.898521,-0.094039
2.687720,2.695085,-0.003630
2.687720,2.880514,0.025173
2.687720,10.229149,0.075564
2.687720,3.270403,-0.058693
2.687720,2.688122,-0.000045
2.687720,3.257782,0.057771
2.687720,10.334067,-0.072909
2.687720,2.885193,-0.025648
2.687720,2.694318,0.003506
2.687720,3.867131,0.092691
2.687720,6.819279,-0.127226
2.687720,2.771731,-0.013333
2.687720,2.747138,0.010414
2.687720,5.889103,0.129492
2.687720,4.214280,-0.105693
2.687720,2.702568,-0.004886
2.687720,2.829429,0.019870
2.687720,8.841276,0.103684
2.687720,3.452548,-0.070970
2.687720,2.686975,-0.001481
2.687720,3.042106,0.040435
2.687720,11.735147,-0.006397
2.687720,3.012819,-0.037830
2.687720,2.686918,0.001690
2.687720,3.481119,0.072730
2.687720,8.653081,-0.106716
2.687720,2.823468,-0.019235
2.687720,2.703600,0.005050
2.687720,4.257104,0.107030
2.687720,5.801888,-0.129299
2.687720,2.744800,-0.010143
2.687720,2.772908,0.013480
2.687720,6.864898,0.126943
2.687720,3.853899,-0.092112
2.687720,2.693914,-0.003462
2.687720,2.884674,0.025599
2.687720,10.323057,0.073192
2.687720,3.259095,-0.057869
2.687720,2.687933,0.000014
2.687720,3.262931,0.058150
2.687720,10.291135,-0.074008
2.687720,2.883237,-0.025453
2.687720,2.694139,0.003499
2.687720,3.863151,0.092518
2.687720,6.832882,-0.127143
2.687720,2.772062,-0.013379
2.687720,2.745884,0.010271
2.687720,5.842675,0.129400
2.687720,4.236784,-0.106402
2.687720,2.703089,-0.004975
2.687720,2.825621,0.019466
2.687720,8.721752,0.105629
2.687720,3.470540,-0.072083
2.687720,2.686904,-0.001617
2.687720,3.022520,0.038700
2.687720,11.744987,0.002046
2.687720,3.031884,-0.039533
2.687720,2.686924,0.001550
2.687720,3.461456,0.071523
2.687720,8.781666,-0.104662
2.687720,2.827520,-0.019668
2.687720,2.702768,0.004923
2.687720,4.223429,0.105983
2.687720,5.870063,-0.129457
2.687720,2.746618,-0.010356
2.687720,2.771701,0.013333
2.687720,6.818860,0.127229
2.687720,3.867248,-0.092696
2.687720,2.694266,-0.003512
2.687720,2.883445,0.025473
2.687720,10.295628,0.073893
2.687720,3.262394,-0.058110
2.687720,2.687995,-0.000003
2.687720,3.261630,0.058054
2.687720,10.301984,-0.073732
2.687720,2.883730,-0.025502
2.687720,2.694221,0.003505
2.687720,3.865387,0.092615
2.687720,6.825223,-0.127190
2.687720,2.771869,-0.013354
2.687720,2.746401,0.010330
2.687720,5.861897,0.129441
2.687720,4.227388,-0.106108
2.687720,2.702867,-0.004938
2.687720,2.827067,0.019620
2.687720,8.767385,0.104894
2.687720,3.463610,-0.071656
2.687720,2.686923,-0.001566
2.687720,3.029807,0.039349
2.687720,11.745756,-0.001147
2.687720,3.024557,-0.038882
2.687720,2.686912,0.001603
2.687720,3.468704,0.071970
2.687720,8.733798,-0.105436
2.687720,2.826002,-0.019506
2.687720,2.703047,0.004967
2.687720,4.234882,0.106343
2.687720,5.846550,-0.129408
2.687720,2.745990,-0.010283
2.687720,2.772070,0.013379
2.687720,6.833054,0.127142
2.687720,3.863103,-0.092516
2.687720,2.694150,-0.003498
2.687720,2.883609,0.025491
2.687720,10.299370,0.073798
2.687720,3.261943,-0.058077
2.687720,2.687960,-0.000004
2.687720,3.260953,0.058005
2.687720,10.307607,-0.073588
2.687720,2.883979,-0.025528
2.687720,2.694091,0.003488
2.687720,3.860704,0.092411
2.687720,6.841310,-0.127091
2.687720,2.772288,-0.013405
2.687720,2.745709,0.010250
2.687720,5.835998,0.129384
2.687720,4.240076,-0.106505
2.687720,2.703177,-0.004987
2.687720,2.825433,0.019445
2.687720,8.715730,0.105725
2.687720,3.471461,-0.072140
2.687720,2.686914,-0.001622
2.687720,3.021971,0.038651
2.687720,11.744704,0.002290
2.687720,3.032448,-0.039583
2.687720,2.686936,0.001548
2.687720,3.461286,0.071513
2.687720,8.782803,-0.104644
2.687720,2.827558,-0.019672
2.687720,2.702816,0.004929
2.687720,4.225057,0.106034
2.687720,5.866703,-0.129450
2.687720,2.746533,-0.010345
2.687720,2.771884,0.013354
2.687720,6.825621,0.127188
2.687720,3.865272,-0.092610
2.687720,2.694233,-0.003503
2.687720,2.884219,0.025551
2.687720,10.312764,0.073456
2.687720,3.260336,-0.057959
2.687720,2.688029,0.000016
2.687720,3.264818,0.058287
2.687720,10.275494,-0.074404
2.687720,2.882549,-0.025382
2.687720,2.694500,0.003547
2.687720,3.876252,0.093087
2.687720,6.788340,-0.127410
2.687720,2.770901,-0.013236
2.687720,2.747809,0.010496
2.687720,5.914733,0.129534
2.687720,4.202123,-0.105303
2.687720,2.702248,-0.004842
2.687720,2.830299,0.019963
2.687720,8.868507,0.103232
2.687720,3.448516,-0.070718
2.687720,2.686948,-0.001456
2.687720,3.045106,0.040698
2.687720,11.730428,-0.007651
2.687720,3.010064,-0.037582
2.687720,2.686877,0.001706
2.687720,3.482635,0.072822
2.687720,8.643314,-0.106869
2.687720,2.823156,-0.019203
2.687720,2.703470,0.005038
2.687720,4.252930,0.106902
2.687720,5.810174,-0.129321
2.687720,2.745007,-0.010170
2.687720,2.772345,0.013417
2.687720,6.844264,0.127073
2.687720,3.859842,-0.092373
2.687720,2.694008,-0.003492
2.687720,2.882141,0.025344
2.687720,10.266797,0.074623
2.687720,3.265853,-0.058364
2.687720,2.687816,-0.000049
2.687720,3.252361,0.057375
2.687720,10.379094,-0.071738
2.687720,2.887228,-0.025860
2.687720,2.693236,0.003364
2.687720,3.827939,0.090956
2.687720,6.957215,-0.126328
2.687720,2.775336,-0.013773
2.687720,2.741240,0.009724
2.687720,5.668419,0.128840
2.687720,4.327423,-0.109112
2.687720,2.705375,-0.005310
2.687720,2.816388,0.018473
2.687720,8.422996,0.110200
2.687720,3.517946,-0.074935
2.687720,2.687019,-0.001938
2.687720,2.980848,0.034911
2.687720,11.622290,0.021512
2.687720,3.080110,-0.043721
2.687720,2.687099,0.001217
2.687720,3.417324,0.068740
2.687720,9.085079,-0.099509
2.687720,2.837395,-0.020713
2.687720,2.701191,0.004666
2.687720,4.157289,0.103828
2.687720,6.012869,-0.129630
2.687720,2.750433,-0.010801
2.687720,2.769423,0.013054
2.687720,6.731353,0.127732
2.687720,3.893408,-0.093821
2.687720,2.694986,-0.003607
2.687720,2.882061,0.025329
2.687720,10.264151,0.074689
2.687720,3.266191,-0.058386
2.687720,2.688184,-0.000008
2.687720,3.263994,0.058226
2.687720,10.282413,-0.074228
2.687720,2.882873,-0.025411
2.687720,2.694850,0.003585
2.687720,3.887888,0.093586
2.687720,6.749532,-0.127631
2.687720,2.769902,-0.013111
2.687720,2.749801,0.010727
2.687720,5.989057,0.129616
2.687720,4.167929,-0.104184
2.687720,2.701447,-0.004707
2.687720,2.835870,0.020552
2.687720,9.039112,0.100318
2.687720,3.423824,-0.069157
2.687720,2.687071,-0.001266
2.687720,3.072903,0.043106
2.687720,11.651793,-0.018772
2.687720,2.986461,-0.035430
2.687720,2.686973,0.001891
2.687720,3.510538,0.074497
2.687720,8.468159,-0.109535
2.687720,2.817759,-0.018622
2.687720,2.704926,0.005247
2.687720,4.310095,0.108612
2.687720,5.700247,-0.128968
2.687720,2.742085,-0.009824
2.687720,2.774626,0.013689
2.687720,6.930515,0.126512
2.687720,3.835338,-0.091288
2.687720,2.693410,-0.003394
2.687720,2.885888,0.025725
2.687720,10.350002,0.072497
2.687720,3.255852,-0.057632
2.687720,2.687808,0.000022
2.687720,3.262078,0.058088
2.687720,10.298179,-0.073829
2.687720,2.883540,-0.025487
2.687720,2.693765,0.003453
2.687720,3.850039,0.091942
2.687720,6.878374,-0.126857
2.687720,2.773245,-0.013524
2.687720,2.743822,0.010030
2.687720,5.765625,0.129194
2.687720,4.275611,-0.107592
2.687720,2.704043,-0.005122
2.687720,2.820855,0.018956
2.687720,8.569136,0.108015
2.687720,3.494297,-0.073527
2.687720,2.686904,-0.001785
2.687720,2.999778,0.036649
2.687720,11.704813,0.012418
2.687720,3.056751,-0.041714
2.687720,2.687002,0.001377
2.687720,3.438247,0.070073
2.687720,8.938682,-0.102050
2.687720,2.832574,-0.020204
2.687720,2.701951,0.004790
2.687720,4.189191,0.104884
2.687720,5.942456,-0.129571
2.687720,2.748556,-0.010581
2.687720,2.770645,0.013203
2.687720,6.778112,0.127469
2.687720,3.879301,-0.093218
2.687720,2.694615,-0.003554
2.687720,2.883348,0.025461
2.687720,10.293183,0.073955
2.687720,3.262695,-0.058131
2.687720,2.688123,0.000010
2.687720,3.265515,0.058337
2.687720,10.269739,-0.074549
2.687720,2.882303,-0.025355
2.687720,2.694786,0.003582
2.687720,3.886316,0.093519
2.687720,6.754728,-0.127602
2.687720,2.770029,-0.013129
2.687720,2.749364,0.010677
2.687720,5.972894,0.129603
2.687720,4.175236,-0.104426
2.687720,2.701611,-0.004737
2.687720,2.834439,0.020401
2.687720,8.995781,0.101071
2.687720,3.430007,-0.069551
2.687720,2.687027,-0.001315
2.687720,3.065509,0.042471
2.687720,11.678424,-0.015900
2.687720,2.992426,-0.035978
2.687720,2.686920,0.001841
2.687720,3.502522,0.074020
2.687720,8.517655,-0.108796
2.687720,2.819268,-0.018786
2.687720,2.704407,0.005176
2.687720,4.290153,0.108026
2.687720,5.737713,-0.129104
2.687720,2.743076,-0.009943
2.687720,2.773703,0.013580
2.687720,6.895876,0.126743
2.687720,3.845064,-0.091722
2.687720,2.693628,-0.003435
2.687720,2.883787,0.025512
2.687720,10.303759,0.073687
2.687720,3.261405,-0.058040
2.687720,2.687769,-0.000022
2.687720,3.255271,0.057590
2.687720,10.354827,-0.072372
2.687720,2.886105,-0.025747
2.687720,2.693280,0.003377
2.687720,3.830674,0.091079
2.687720,6.947303,-0.126397
2.687720,2.775066,-0.013743
2.687720,2.741372,0.009740
2.687720,5.673559,0.128862
2.687720,4.324599,-0.109031
2.687720,2.705293,-0.005301
2.687720,2.816335,0.018468
2.687720,8.421357,0.110224
2.687720,3.518215,-0.074951
2.687720,2.687001,-0.001942
2.687720,2.980027,0.034836
2.687720,11.617617,0.021915
2.687720,3.081181,-0.043812
2.687720,2.687083,0.001207
2.687720,3.415709,0.068637
2.687720,9.096560,-0.099305
2.687720,2.837774,-0.020754
2.687720,2.701036,0.004645
2.687720,4.151483,0.103633
2.687720,6.026000,-0.129636
2.687720,2.750775,-0.010843
2.687720,2.768940,0.012998
2.687720,6.713341,0.127829
2.687720,3.898920,-0.094056
2.687720,2.695092,-0.003632
2.687720,2.880375,0.025159
2.687720,10.225989,0.075642
2.687720,3.270784,-0.058720
2.687720,2.688116,-0.000049
2.687720,3.257199,0.057729
2.687720,10.338917,-0.072783
2.687720,2.885413,-0.025670
2.687720,2.694268,0.003498
2.687720,3.865169,0.092605
2.687720,6.825989,-0.127185
2.687720,2.771907,-0.013354
2.687720,2.746883,0.010384
2.687720,5.879522,0.129475
2.687720,4.218872,-0.105839
2.687720,2.702681,-0.004903
2.687720,2.828843,0.019807
2.687720,8.822956,0.103986
2.687720,3.455273,-0.071139
2.687720,2.686970,-0.001501
2.687720,3.039328,0.040190
2.687720,11.738790,-0.005226
2.687720,3.015405,-0.038062
2.687720,2.686923,0.001672
2.687720,3.478589,0.072576
2.687720,8.669397,-0.106459
2.687720,2.823979,-0.019290
2.687720,2.703519,0.005037
2.687720,4.253708,0.106926
2.687720,5.808633,-0.129317
2.687720,2.744982,-0.010164
2.687720,2.772852,0.013472
2.687720,6.862667,0.126957
2.687720,3.854540,-0.092140
2.687720,2.693941,-0.003463
2.687720,2.884926,0.025624
2.687720,10.328564,0.073051
2.687720,3.258435,-0.057820
2.687720,2.687959,0.000022
2.687720,3.264426,0.058259
2.687720,10.278715,-0.074322
2.687720,2.882685,-0.025397
2.687720,2.694294,0.003521
2.687720,3.869052,0.092775
2.687720,6.812705,-0.127266
2.687720,2.771533,-0.013315
2.687720,2.746678,0.010364
2.687720,5.872474,0.129462
2.687720,4.222263,-0.105946
2.687720,2.702732,-0.004920
2.687720,2.827421,0.019658
2.687720,8.778632,0.104712
2.687720,3.461912,-0.071552
2.687720,2.686911,-0.001555
2.687720,3.031031,0.039457
2.687720,11.745355,-0.001678
2.687720,3.023353,-0.038774
2.687720,2.686894,0.001610
2.687720,3.469353,0.072010
2.687720,8.729532,-0.105504
2.687720,2.825865,-0.019492
2.687720,2.702993,0.004962
2.687720,4.233158,0.106289
2.687720,5.850063,-0.129416
2.687720,2.746077,-0.010294
2.687720,2.771829,0.013352
2.687720,6.824198,0.127196
2.687720,3.865683,-0.092628
2.687720,2.694190,-0.003511
2.687720,2.882520,0.025381
2.687720,10.275111,0.074413
2.687720,3.264857,-0.058291
2.687720,2.687909,-0.000031
2.687720,3.256380,0.057670
2.687720,10.345649,-0.072610
2.687720,2.885699,-0.025703
2.687720,2.693696,0.003429
2.687720,3.845322,0.091733
2.687720,6.894988,-0.126749
2.687720,2.773700,-0.013575
2.687720,2.743689,0.010012
2.687720,5.760156,0.129177
2.687720,4.278443,-0.107676
2.687720,2.704136,-0.005130
2.687720,2.821213,0.018993
2.687720,8.580537,0.107841
2.687720,3.492493,-0.073418
2.687720,2.686938,-0.001768
2.687720,3.002558,0.036902
2.687720,11.713002,0.011118
2.687720,3.053539,-0.041434
2.687720,2.687024,0.001403
2.687720,3.442317,0.070329
2.687720,8.910756,-0.102523
2.687720,2.831673,-0.020107
2.687720,2.702259,0.004833
2.687720,4.200966,0.105266
2.687720,5.917205,-0.129537
2.687720,2.747895,-0.010501
2.687720,2.771457,0.013297
2.687720,6.808418,0.127291
2.687720,3.870324,-0.092829
2.687720,2.694435,-0.003514
2.687720,2.885941,0.025722
2.687720,10.350266,0.072489
2.687720,3.255842,-0.057628
2.687720,2.688214,0.000070
2.687720,3.275346,0.059050
2.687720,10.188232,-0.076573
2.687720,2.878746,-0.024991
2.687720,2.695642,0.003709
2.687720,3.919541,0.094920
2.687720,6.647328,-0.128164
2.687720,2.767222,-0.012788
2.687720,2.753517,0.011162
2.687720,6.128729,0.129623
2.687720,4.107570,-0.102120
2.687720,2.700022,-0.004469
2.687720,2.845513,0.021565
2.687720,9.323703,0.095141
2.687720,3.384529,-0.066604
2.687720,2.687314,-0.000958
2.687720,3.118931,0.046971
2.687720,11.413437,-0.035298
2.687720,2.953627,-0.032361
2.687720,2.687600,0.002208
2.687720,3.566073,0.077712
2.687720,8.142831,-0.114113
2.687720,2.808077,-0.017558
2.687720,2.709508,0.005851
2.687720,4.482723,0.113238
2.687720,5.410416,-0.127343
2.687720,2.734407,-0.008901
2.687720,2.781978,0.014552
2.687720,7.204564,0.124417
2.687720,3.763248,-0.087957
2.687720,2.691835,-0.003083
2.687720,2.902893,0.027427
2.687720,10.694528,0.062903
2.687720,3.214414,-0.054530
2.687720,2.688056,0.000351
2.687720,3.311814,0.061649
2.687720,9.889541,-0.083539
2.687720,2.866433,-0.023729
2.687720,2.697613,0.004031
2.687720,4.000918,0.098185
2.687720,6.405663,-0.129117
2.687720,2.760877,-0.012025
2.687720,2.761454,0.012094
2.687720,6.427501,0.129049
2.687720,3.993154,-0.097883
2.687720,2.697434,-0.003999
2.687720,2.867903,0.023880
2.687720,9.926549,0.082712
2.687720,3.307245,-0.061328
2.687720,2.688101,-0.000313
2.687720,3.220406,0.054985
2.687720,10.645048,-0.064370
2.687720,2.900288,-0.027166
2.687720,2.692225,0.003148
2.687720,3.779334,0.088718
2.687720,7.140661,-0.124946
2.687720,2.780269,-0.014349
2.687720,2.736546,0.009156
2.687720,5.490608,0.127899
2.687720,4.431413,-0.111944
2.687720,2.708152,-0.005672
2.687720,2.810997,0.017879
2.687720,8.242037,0.112769
2.687720,3.548587,-0.076716
2.687720,2.687407,-0.002108
2.687720,2.964059,0.033345
2.687720,11.506850,0.029921
2.687720,3.103247,-0.045670
2.687720,2.687296,0.001071
2.687720,3.400025,0.067620
2.687720,9.209615,-0.097265
2.687720,2.841602,-0.021153
2.687720,2.700926,0.004603
2.687720,4.143353,0.103357
2.687720,6.044590,-0.129641
2.687720,2.751310,-0.010896
2.687720,2.769764,0.013085
2.687720,6.742618,0.127669
2.687720,3.889994,-0.093675
2.687720,2.695028,-0.003579
2.687720,2.886525,0.025776
2.687720,10.362407,0.072173
2.687720,3.254399,-0.057520
2.687720,2.688485,0.000112
2.687720,3.285617,0.059788
2.687720,10.103534,-0.078617
2.687720,2.875173,-0.024619
2.687720,2.697057,0.003901
2.687720,3.972129,0.097056
2.687720,6.487919,-0.128842
2.687720,2.763091,-0.012279
2.687720,2.760417,0.011962
2.687720,6.386777,0.129171
2.687720,4.007713,-0.098446
2.687720,2.697865,-0.004048
2.687720,2.868153,0.023902
2.687720,9.932357,0.082581
2.687720,3.306538,-0.061277
2.687720,2.688263,-0.000289
2.687720,3.226374,0.055434
2.687720,10.595655,-0.065802
2.687720,2.897762,-0.026911
2.687720,2.692897,0.003245
2.687720,3.804939,0.089908
2.687720,7.042304,-0.125713
2.687720,2.777664,-0.014036
2.687720,2.740315,0.009602
2.687720,5.631643,0.128677
2.687720,4.347920,-0.109692
2.687720,2.705992,-0.005374
2.687720,2.817427,0.018579
2.687720,8.456097,0.109714
2.687720,3.512521,-0.074613
2.687720,2.687174,-0.001882
2.687720,2.990966,0.035842
2.687720,11.672297,0.016604
2.687720,3.067316,-0.042625
2.687720,2.687236,0.001327
2.687720,3.435071,0.069870
2.687720,8.960705,-0.101674
2.687720,2.833327,-0.020276
2.687720,2.702758,0.004879
2.687720,4.216517,0.105763
2.687720,5.884468,-0.129483
2.687720,2.747086,-0.010392
2.687720,2.773919,0.013574
2.687720,6.898601,0.126724
2.687720,3.844336,-0.091686
2.687720,2.694049,-0.003381
2.687720,2.897677,0.026894
2.687720,10.593081,0.065875
2.687720,3.226709,-0.055456
2.687720,2.688758,0.000345
2.687720,3.322401,0.062383
2.687720,9.804741,-0.085400
2.687720,2.863215,-0.023380
2.687720,2.700512,0.004393
2.687720,4.104769,0.102017
2.687720,6.135652,-0.129617
2.687720,2.753958,-0.011156
2.687720,2.774589,0.013595
2.687720,6.914116,0.126619
2.687720,3.840040,-0.091489
2.687720,2.694745,-0.003271
2.687720,2.923471,0.029417
2.687720,11.037971,0.051572
2.687720,3.171822,-0.051211
2.687720,2.690522,0.000950
2.687720,3.436206,0.069916
2.687720,8.954305,-0.101778
2.687720,2.833633,-0.020203
2.687720,2.716562,0.006474
2.687720,4.703771,0.118094
2.687720,5.111889,-0.124455
2.687720,2.727385,-0.007833
2.687720,2.817651,0.018439
2.687720,8.437779,0.109976
2.687720,3.515814,-0.074775
2.687720,2.691400,-0.001410
2.687720,3.122818,0.047259
2.687720,11.389880,-0.036523
2.687720,2.951544,-0.032114
2.687720,2.694008,0.002976
2.687720,3.784556,0.088950
2.687720,7.120846,-0.125101
2.687720,2.780235,-0.014234
2.687720,2.751234,0.010809
2.687720,6.028697,0.129634
2.687720,4.150397,-0.103590
2.687720,2.701802,-0.004549
2.687720,2.862472,0.023294
2.687720,9.784273,0.085842
2.687720,3.324982,-0.062560
2.687720,2.689110,-0.000322
2.687720,3.235564,0.056118
2.687720,10.519617,-0.067946
2.687720,2.894045,-0.026523
2.687720,2.695389,0.003565
2.687720,3.894127,0.093849
2.687720,6.729121,-0.127743
2.687720,2.769501,-0.013032
2.687720,2.754406,0.011244
2.687720,6.158484,0.129601
2.687720,4.095349,-0.101686
2.687720,2.699954,-0.004395
2.687720,2.854317,0.022473
2.687720,9.569618,0.090327
2.687720,3.352195,-0.064436
2.687720,2.687910,-0.000657
2.687720,3.169831,0.051074
2.687720,11.052407,-0.051045
2.687720,2.924232,-0.029530
2.687720,2.689755,0.002679
2.687720,3.669834,0.083319
2.687720,7.610828,-0.120513
2.687720,2.793044,-0.015842
2.687720,2.722682,0.007481
2.687720,4.971430,0.122619
2.687720,4.827454,-0.120363
2.687720,2.718805,-0.007008
2.687720,2.796768,0.016274
2.687720,7.745364,0.119027
2.687720,3.641834,-0.081855
2.687720,2.689109,-0.002560
2.687720,2.930046,0.030097
2.687720,11.135769,0.047866
2.687720,3.158879,-0.050207
2.687720,2.687738,0.000717
2.687720,3.357676,0.064808
2.687720,9.527202,-0.091181
2.687720,2.852758,-0.022314
2.687720,2.699749,0.004383
2.687720,4.089982,0.101496
2.687720,6.171656,-0.129588
2.687720,2.754719,-0.011289
2.687720,2.768140,0.012880
2.687720,6.679251,0.128005
2.687720,3.909514,-0.094500
2.687720,2.695620,-0.003643
2.687720,2.887206,0.025839
2.687720,10.376581,0.071802
2.687720,3.252712,-0.057393
2.687720,2.688763,0.000157
2.687720,3.296394,0.060555
2.687720,10.015220,-0.080688
2.687720,2.871550,-0.024241
2.687720,2.698598,0.004108
2.687720,4.029243,0.099264
2.687720,6.328124,-0.129323
2.687720,2.758968,-0.011767
2.687720,2.767528,0.012780
2.687720,6.651573,0.128142
2.687720,3.918251,-0.094862
2.687720,2.696145,-0.003641
2.687720,2.895678,0.026679
2.687720,10.551852,0.067044
2.687720,3.231711,-0.055826
2.687720,2.689535,0.000400
2.687720,3.342804,0.063784
2.687720,9.643526,-0.088812
2.687720,2.857234,-0.022737
2.687720,2.704618,0.004916
2.687720,4.254480,0.106941
2.687720,5.807397,-0.129309
2.687720,2.745545,-0.010094
2.687720,2.790416,0.015384
2.687720,7.489931,0.121763
2.687720,3.696381,-0.084654
2.687720,2.693024,-0.002482
2.687720,3.002725,0.036870
2.687720,11.712571,0.011165
2.687720,3.053903,-0.041424
2.687720,2.692351,0.002026
2.687720,3.619574,0.080636
2.687720,7.858379,-0.117700
2.687720,2.800779,-0.016550
2.687720,2.739209,0.009302
2.687720,5.562705,0.128322
2.687720,4.387898,-0.110784
2.687720,2.708180,-0.005385
2.687720,2.849785,0.021944
2.687720,9.435818,0.092984
2.687720,3.369761,-0.065603
2.687720,2.689896,-0.000550
2.687720,3.216773,0.054695
2.687720,10.675836,-0.063459
2.687720,2.902066,-0.027313
2.687720,2.696024,0.003579
2.687720,3.907094,0.094395
2.687720,6.687161,-0.127963
2.687720,2.768514,-0.012887
2.687720,2.759202,0.011786
2.687720,6.335450,0.129306
2.687720,4.026532,-0.099161
2.687720,2.698632,-0.004085
2.687720,2.875074,0.024597
2.687720,10.099739,0.078707
2.687720,3.286109,-0.059819
2.687720,2.689040,-0.000051
2.687720,3.272008,0.058802
2.687720,10.216255,-0.075882
2.687720,2.880048,-0.025106
2.687720,2.697623,0.003931
2.687720,3.986239,0.097610
2.687720,6.447267,-0.128984
2.687720,2.762115,-0.012141
2.687720,2.764353,0.012405
2.687720,6.531853,0.128674
2.687720,3.957257,-0.096459
2.687720,2.696983,-0.003809
2.687720,2.886367,0.025745
2.687720,10.357303,0.072305
2.687720,3.255052,-0.057562
2.687720,2.689246,0.000197
2.687720,3.309821,0.061500
2.687720,9.906199,-0.083166
2.687720,2.867228,-0.023784
2.687720,2.701020,0.004423
2.687720,4.117928,0.102476
2.687720,6.104169,-0.129633
2.687720,2.753220,-0.011047
2.687720,2.778114,0.013987
2.687720,7.042156,0.125710
2.687720,3.805113,-0.089904
2.687720,2.694374,-0.003074
2.687720,2.944020,0.031396
2.687720,11.308631,0.040491
2.687720,3.135034,-0.048259
2.687720,2.691308,0.001310
2.687720,3.500104,0.073841
2.687720,8.534577,-0.108534
2.687720,2.820577,-0.018762
2.687720,2.725661,0.007615
2.687720,5.046044,0.123632
2.687720,4.760025,-0.119161
2.687720,2.718076,-0.006661
2.687720,2.831783,0.019998
2.687720,8.896002,0.102766
2.687720,3.444712,-0.070450
2.687720,2.690700,-0.000989
2.687720,3.169253,0.051007
2.687720,11.057903,-0.050837
2.687720,2.924823,-0.029547
2.687720,2.694946,0.003284
2.687720,3.845418,0.091727
2.687720,6.895066,-0.126745
2.687720,2.774111,-0.013532
2.687720,2.755350,0.011315
2.687720,6.187307,0.129570
2.687720,4.083724,-0.101268
2.687720,2.700083,-0.004302
2.687720,2.868762,0.023947
2.687720,9.945346,0.082286
2.687720,3.304982,-0.061161
2.687720,2.689055,-0.000185
2.687720,3.253675,0.057462
2.687720,10.368685,-0.072009
2.687720,2.886871,-0.025800
2.687720,2.696414,0.003738
2.687720,3.937119,0.095643
2.687720,6.592749,-0.128417
2.687720,2.765917,-0.012601
2.687720,2.759072,0.011791
2.687720,6.333975,0.129310
2.687720,4.027055,-0.099182
2.687720,2.698428,-0.004113
2.687720,2.868249,0.023908
2.687720,9.934195,0.082539
2.687720,3.306322,-0.061260
2.687720,2.688459,-0.000264
2.687720,3.232962,0.055928
2.687720,10.540991,-0.067351
2.687720,2.895037,-0.026634
2.687720,2.693708,0.003361
2.687720,3.835548,0.091295
2.687720,6.929857,-0.126516
2.687720,2.774703,-0.013677
2.687720,2.744802,0.010129
2.687720,5.799731,0.129293
2.687720,4.258208,-0.107063
2.687720,2.703735,-0.005042
2.687720,2.826667,0.019571
2.687720,8.753849,0.105113
2.687720,3.465670,-0.071782
2.687720,2.687096,-0.001560
2.687720,3.033335,0.039660
2.687720,11.744197,-0.002668
2.687720,3.021126,-0.038574
2.687720,2.687075,0.001647
2.687720,3.477704,0.072520
2.687720,8.675190,-0.106368
2.687720,2.824187,-0.019306
2.687720,2.704188,0.005113
2.687720,4.276880,0.107629
2.687720,5.763201,-0.129186
2.687720,2.743821,-0.010016
2.687720,2.775163,0.013735
2.687720,6.947691,0.126394
2.687720,3.830592,-0.091073
2.687720,2.693548,-0.003345
2.687720,2.894577,0.026590
2.687720,10.531874,0.067606
2.687720,3.234052,-0.056010
2.687720,2.688365,0.000245
2.687720,3.302149,0.060966
2.687720,9.968074,-0.081771
2.687720,2.869595,-0.024049
2.687720,2.697859,0.004036
2.687720,4.005904,0.098376
2.687720,6.391805,-0.129157
2.687720,2.760565,-0.011976
2.687720,2.763377,0.012309
2.687720,6.498177,0.128804
2.687720,3.968625,-0.096916
2.687720,2.697016,-0.003882
2.687720,2.877060,0.024810
2.687720,10.147908,0.077553
2.687720,3.280243,-0.059401
2.687720,2.688603,-0.000060
2.687720,3.263612,0.058194
2.687720,10.285771,-0.074143
2.687720,2.883066,-0.025423
2.687720,2.695911,0.003708
2.687720,3.924049,0.095106
2.687720,6.633217,-0.128231
2.687720,2.766910,-0.012737
2.687720,2.755683,0.011406
2.687720,6.208573,0.129546
2.687720,4.075170,-0.100964
2.687720,2.699374,-0.004327
2.687720,2.854398,0.022486
2.687720,9.572442,0.090270
2.687720,3.351821,-0.064412
2.687720,2.687745,-0.000674
2.687720,3.164873,0.050683
2.687720,11.090415,-0.049620
2.687720,2.926824,-0.029784
2.687720,2.689295,0.002606
2.687720,3.651539,0.082367
2.687720,7.698003,-0.119560
2.687720,2.795444,-0.016123
2.687720,2.719902,0.007144
2.687720,4.868431,0.121045
2.687720,4.928507,-0.121986
2.687720,2.721520,-0.007342
2.687720,2.793898,0.015944
2.687720,7.642143,0.120175
2.687720,3.663196,-0.082976
2.687720,2.689565,-0.002656
2.687720,2.924455,0.029553
2.687720,11.055807,0.050919
2.687720,3.169386,-0.051040
2.687720,2.687816,0.000650
2.687720,3.349569,0.064258
2.687720,9.589958,-0.089914
2.687720,2.855047,-0.022552
2.687720,2.699458,0.004331
2.687720,4.077345,0.101042
2.687720,6.203114,-0.129553
2.687720,2.755554,-0.011388
2.687720,2.767467,0.012799
2.687720,6.653677,0.128133
2.687720,3.917553,-0.094836
2.687720,2.695809,-0.003676
2.687720,2.885791,0.025696
2.687720,10.345826,0.072604
2.687720,3.256403,-0.057665
2.687720,2.688745,0.000129
2.687720,3.292090,0.060249
2.687720,10.050455,-0.079869
2.687720,2.872994,-0.024390
2.687720,2.698236,0.004055
2.687720,4.015159,0.098730
2.687720,6.366324,-0.129227
2.687720,2.759960,-0.011889
2.687720,2.766033,0.012607
2.687720,6.595879,0.128403
2.687720,3.936110,-0.095601
2.687720,2.696482,-0.003723
2.687720,2.889931,0.026105
2.687720,10.433786,0.070286
2.687720,3.245876,-0.056884
2.687720,2.689291,0.000269
2.687720,3.320529,0.062249
2.687720,9.819976,-0.085068
2.687720,2.863866,-0.023434
2.687720,2.702007,0.004563
2.687720,4.155989,0.103778
2.687720,6.016045,-0.129629
2.687720,2.750936,-0.010765
2.687720,2.781602,0.014385
2.687720,7.170207,0.124700
2.687720,3.772009,-0.088358
2.687720,2.693903,-0.002902
2.687720,2.959884,0.032903
2.687720,11.469008,0.032198
2.687720,3.110014,-0.046200
2.687720,2.691660,0.001534
2.687720,3.537742,0.076056
2.687720,8.306845,-0.111859
2.687720,2.813766,-0.018004
2.687720,2.730392,0.008205
2.687720,5.225580,0.125710
2.687720,4.613538,-0.116242
2.687720,2.714177,-0.006165
2.687720,2.838121,0.020689
2.687720,9.092140,0.099379
2.687720,3.416535,-0.068664
2.687720,2.690371,-0.000827
2.687720,3.186205,0.052340
2.687720,10.924710,-0.055562
2.687720,2.916230,-0.028709
2.687720,2.695224,0.003380
2.687720,3.864252,0.092558
2.687720,6.829453,-0.127161
2.687720,2.772327,-0.013330
2.687720,2.756189,0.011422
2.687720,6.220289,0.129528
2.687720,4.070585,-0.100794
2.687720,2.699707,-0.004257
2.687720,2.868868,0.023961
2.687720,9.948324,0.082219
2.687720,3.304609,-0.061135
2.687720,2.688937,-0.000196
2.687720,3.250191,0.057206
2.687720,10.397670,-0.071247
2.687720,2.888201,-0.025937
2.687720,2.695892,0.003667
2.687720,3.917743,0.094843
2.687720,6.653099,-0.128135
2.687720,2.767480,-0.012794
2.687720,2.756389,0.011481
2.687720,6.233707,0.129509
2.687720,4.065271,-0.100603
2.687720,2.699234,-0.004276
2.687720,2.858932,0.022952
2.687720,9.694241,0.087758
2.687720,3.336266,-0.063347
2.687720,2.688031,-0.000529
2.687720,3.189433,0.052609
2.687720,10.897970,-0.056467
2.687720,2.914412,-0.028566
2.687720,2.690696,0.002863
2.687720,3.712185,0.085468
2.687720,7.418882,-0.122470
2.687720,2.787782,-0.015231
2.687720,2.728144,0.008145
2.687720,5.175407,0.125189
2.687720,4.652115,-0.117065
2.687720,2.714065,-0.006426
2.687720,2.801643,0.016834
2.687720,7.919135,0.116973
2.687720,3.607511,-0.080012
2.687720,2.688329,-0.002412
2.687720,2.937612,0.030830
2.687720,11.235332,0.043772
2.687720,3.145305,-0.049120
2.687720,2.687484,0.000786
2.687720,3.363160,0.065179
2.687720,9.485004,-0.092021
2.687720,2.851209,-0.022159
2.687720,2.699244,0.004335
2.687720,4.074220,0.100930
2.687720,6.210937,-0.129543
2.687720,2.755698,-0.011419
2.687720,2.765451,0.012575
2.687720,6.580034,0.128474
2.687720,3.941236,-0.095814
2.687720,2.696160,-0.003796
2.687720,2.875204,0.024629
2.687720,10.105098,0.078580
2.687720,3.285410,-0.059775
2.687720,2.688166,-0.000148
2.687720,3.244223,0.056770
2.687720,10.447070,-0.069930
2.687720,2.890451,-0.026179
2.687720,2.693640,0.003387
2.687720,3.838224,0.091416
2.687720,6.920236,-0.126581
2.687720,2.774406,-0.013651
2.687720,2.743909,0.010031
2.687720,5.767356,0.129199
2.687720,4.274728,-0.107564
2.687720,2.704093,-0.005110
2.687720,2.823158,0.019199
2.687720,8.642661,0.106879
2.687720,3.482746,-0.072828
2.687720,2.687009,-0.001691
2.687720,3.014176,0.037951
2.687720,11.737147,0.005783
2.687720,3.040650,-0.040306
2.687720,2.687056,0.001501
2.687720,3.456729,0.071229
2.687720,8.813241,-0.104146
2.687720,2.828547,-0.019773
2.687720,2.703126,0.004957
2.687720,4.234759,0.106338
2.687720,5.846822,-0.129408
2.687720,2.746041,-0.010279
2.687720,2.773366,0.013521
2.687720,6.879906,0.126846
2.687720,3.849625,-0.091922
2.687720,2.693996,-0.003423
2.687720,2.891164,0.026247
2.687720,10.461632,0.069537
2.687720,3.242486,-0.056640
2.687720,2.688354,0.000183
2.687720,3.293296,0.060338
2.687720,10.040398,-0.080104
2.687720,2.872536,-0.024352
2.687720,2.697214,0.003939
2.687720,3.980437,0.097384
2.687720,6.463827,-0.128928
2.687720,2.762442,-0.012204
2.687720,2.760710,0.011999
2.687720,6.398289,0.129138
2.687720,4.003566,-0.098286
2.687720,2.697741,-0.004034
2.687720,2.868028,0.023891
2.687720,9.929384,0.082648
2.687720,3.306901,-0.061303
2.687720,2.688212,-0.000297
2.687720,3.224369,0.055284
2.687720,10.612266,-0.065324
2.687720,2.898605,-0.026996
2.687720,2.692678,0.003213
2.687720,3.796542,0.089520
2.687720,7.074116,-0.125471
2.687720,2.778505,-0.014137
2.687720,2.739091,0.009457
2.687720,5.585824,0.128452
2.687720,4.374160,-0.110419
2.687720,2.706666,-0.005468
2.687720,2.815225,0.018340
2.687720,8.383430,0.110775
2.687720,3.524523,-0.075320
2.687720,2.687235,-0.001959
2.687720,2.981469,0.034967
2.687720,11.625713,0.021212
2.687720,3.079321,-0.043652
2.687720,2.687268,0.001243
2.687720,3.423734,0.069149
2.687720,9.039830,-0.100305
2.687720,2.835924,-0.020552
2.687720,2.702243,0.004799
2.687720,4.195598,0.105091
2.687720,5.928704,-0.129553
2.687720,2.748260,-0.010531
2.687720,2.772971,0.013461
2.687720,6.862804,0.126955
2.687720,3.854534,-0.092137
2.687720,2.694287,-0.003423
2.687720,2.895773,0.026703
2.687720,10.555257,0.066950
2.687720,3.231261,-0.055798
2.687720,2.688749,0.000311
2.687720,3.317507,0.062042
2.687720,9.843981,-0.084545
2.687720,2.864732,-0.023537
2.687720,2.700114,0.004336
2.687720,4.089292,0.101468
2.687720,6.173471,-0.129585
2.687720,2.754940,-0.011276
2.687720,2.773161,0.013431
2.687720,6.861216,0.126964
2.687720,3.855057,-0.092155
2.687720,2.694998,-0.003344
2.687720,2.917576,0.028842
2.687720,10.946562,0.054815
2.687720,3.183457,-0.052126
2.687720,2.690333,0.000843
2.687720,3.418083,0.068763
2.687720,9.081129,-0.099574
2.687720,2.837751,-0.020651
2.687720,2.714164,0.006166
2.687720,4.613522,0.116242
2.687720,5.225599,-0.125710
2.687720,2.730383,-0.008206
2.687720,2.813479,0.017974
2.687720,8.297370,0.111992
2.687720,3.539358,-0.076150
2.687720,2.691636,-0.001548
2.687720,3.107694,0.046007
2.687720,11.482579,-0.031398
2.687720,2.961439,-0.033050
2.687720,2.693782,0.002876
2.687720,3.766220,0.088083
2.687720,7.193293,-0.124508
2.687720,2.782221,-0.014458
2.687720,2.750170,0.010675
2.687720,5.987207,0.129611
2.687720,4.168870,-0.104208
2.687720,2.702307,-0.004614
2.687720,2.861674,0.023209
2.687720,9.763063,0.086297
2.687720,3.327649,-0.062744
2.687720,2.689203,-0.000330
2.687720,3.235963,0.056147
2.687720,10.516331,-0.068037
2.687720,2.893893,-0.026506
2.687720,2.695636,0.003595
2.687720,3.902730,0.094213
2.687720,6.701134,-0.127892
2.687720,2.768779,-0.012942
2.687720,2.755793,0.011404
2.687720,6.210241,0.129543
2.687720,4.074526,-0.100939
2.687720,2.699506,-0.004307
2.687720,2.859070,0.022964
2.687720,9.697589,0.087687
2.687720,3.335847,-0.063318
2.687720,2.688125,-0.000515
2.687720,3.192884,0.052876
2.687720,10.870266,-0.057386
2.687720,2.912766,-0.028403
2.687720,2.691025,0.002914
2.687720,3.725121,0.086109
2.687720,7.362898,-0.123004
2.687720,2.786271,-0.015052
2.687720,2.730084,0.008377
2.687720,5.247707,0.125938
2.687720,4.596692,-0.115885
2.687720,2.712582,-0.006238
2.687720,2.803873,0.017085
2.687720,7.997030,0.116004
2.687720,3.592753,-0.079202
2.687720,2.688089,-0.002337
2.687720,2.943916,0.031435
2.687720,11.310542,0.040408
2.687720,3.134579,-0.048252
2.687720,2.687469,0.000862
2.687720,3.373623,0.065879
2.687720,9.405500,-0.093576
2.687720,2.848389,-0.021863
2.687720,2.699879,0.004430
2.687720,4.099392,0.101831
2.687720,6.148556,-0.129609
2.687720,2.754065,-0.011222
2.687720,2.767457,0.012809
2.687720,6.655221,0.128126
2.687720,3.917050,-0.094816
2.687720,2.695659,-0.003690
2.687720,2.881571,0.025274
2.687720,10.252533,0.074980
2.687720,3.267602,-0.058487
2.687720,2.688408,0.000008
2.687720,3.269882,0.058653
2.687720,10.233604,-0.075453
2.687720,2.880739,-0.025190
2.687720,2.695806,0.003713
2.687720,3.922984,0.095063
2.687720,6.636529,-0.128216
2.687720,2.766967,-0.012750
2.687720,2.754730,0.011300
2.687720,6.173554,0.129587
2.687720,4.089203,-0.101469
2.687720,2.699646,-0.004389
2.687720,2.850245,0.022056
2.687720,9.457759,0.092558
2.687720,3.366733,-0.065419
2.687720,2.687531,-0.000806
2.687720,3.143333,0.048961
2.687720,11.249423,-0.043161
2.687720,2.938754,-0.030939
2.687720,2.688367,0.002408
2.687720,3.607574,0.080015
2.687720,7.918825,-0.116976
2.687720,2.801642,-0.016832
2.687720,2.714297,0.006453
2.687720,4.660391,0.117235
2.687720,5.164962,-0.125074
2.687720,2.727872,-0.008110
2.687720,2.788254,0.015284
2.687720,7.435906,0.122304
2.687720,3.708309,-0.085274
2.687720,2.690639,-0.002843
2.687720,2.916232,0.028745
2.687720,10.927825,0.055460
2.687720,3.185702,-0.052318
2.687720,2.688076,0.000562
2.687720,3.341517,0.063707
2.687720,9.652956,-0.088619
2.687720,2.857399,-0.022791
2.687720,2.699750,0.004348
2.687720,4.084843,0.101311
2.687720,6.184419,-0.129575
2.687720,2.755112,-0.011323
2.687720,2.769446,0.013021
2.687720,6.726252,0.127758
2.687720,3.895009,-0.093886
2.687720,2.695470,-0.003562
2.687720,2.895777,0.026694
2.687720,10.554381,0.066974
2.687720,3.231393,-0.055804
2.687720,2.689254,0.000369
2.687720,3.333911,0.063176
2.687720,9.713404,-0.087353
2.687720,2.859803,-0.023012
2.687720,2.702972,0.004705
2.687720,4.194133,0.105038
2.687720,5.932064,-0.129554
2.687720,2.748743,-0.010498
2.687720,2.784478,0.014715
2.687720,7.275633,0.123795
2.687720,3.746018,-0.087113
2.687720,2.693522,-0.002767
2.687720,2.972060,0.034046
2.687720,11.565070,0.026009
2.687720,3.092509,-0.044734
2.687720,2.691828,0.001681
2.687720,3.561588,0.077424
2.687720,8.169736,-0.113745
2.687720,2.809734,-0.017555
2.687720,2.732960,0.008527
2.687720,5.323833,0.126636
2.687720,4.541829,-0.114640
2.687720,2.712255,-0.005921
2.687720,2.841113,0.021015
2.687720,9.182773,0.097751
2.687720,3.403898,-0.067849
2.687720,2.690172,-0.000761
2.687720,3.192152,0.052804
2.687720,10.876977,-0.057162
2.687720,2.913336,-0.028427
2.687720,2.695155,0.003394
2.687720,3.865053,0.092593
2.687720,6.826679,-0.127178
2.687720,2.772225,-0.013324
2.687720,2.755444,0.011339
2.687720,6.193124,0.129564
2.687720,4.081375,-0.101185
2.687720,2.699896,-0.004308
2.687720,2.865066,0.023573
2.687720,9.852703,0.084353
2.687720,3.316420,-0.061967
2.687720,2.688704,-0.000308
2.687720,3.230884,0.055770
2.687720,10.558378,-0.066862
2.687720,2.895925,-0.026719
2.687720,2.694161,0.003407
2.687720,3.850065,0.091940
2.687720,6.878412,-0.126856
2.687720,2.773377,-0.013511
2.687720,2.747544,0.010447
2.687720,5.901927,0.129513
2.687720,4.208191,-0.105497
2.687720,2.702542,-0.004848
2.687720,2.834003,0.020349
2.687720,8.981506,0.101317
2.687720,3.432071,-0.069680
2.687720,2.687224,-0.001307
2.687720,3.069847,0.042843
2.687720,11.663288,-0.017589
2.687720,2.988917,-0.035654
2.687720,2.687162,0.001895
2.687720,3.514261,0.074716
2.687720,8.445463,-0.109870
2.687720,2.817100,-0.018544
2.687720,2.705986,0.005376
2.687720,4.348095,0.109697
2.687720,5.631331,-0.128676
2.687720,2.740300,-0.009601
2.687720,2.777486,0.014016
2.687720,7.035943,0.125760
2.687720,3.806629,-0.089985
2.687720,2.692912,-0.003255
2.687720,2.896662,0.026802
2.687720,10.574011,0.066420
2.687720,3.228977,-0.055631
2.687720,2.688210,0.000264
2.687720,3.302176,0.060969
2.687720,9.967784,-0.081778
2.687720,2.869565,-0.024049
2.687720,2.697408,0.003984
2.687720,3.990402,0.097776
2.687720,6.435310,-0.129024
2.687720,2.761675,-0.012116
2.687720,2.761093,0.012047
2.687720,6.413282,0.129093
2.687720,3.998203,-0.098079
2.687720,2.697586,-0.004016
2.687720,2.868065,0.023896
2.687720,9.930453,0.082624
2.687720,3.306767,-0.061294
2.687720,2.688163,-0.000302
2.687720,3.222907,0.055174
2.687720,10.624366,-0.064974
2.687720,2.899222,-0.027059
2.687720,2.692491,0.003187
2.687720,3.789536,0.089195
2.687720,7.100990,-0.125262
2.687720,2.779216,-0.014223
2.687720,2.738040,0.009333
2.687720,5.546514,0.128238
2.687720,4.397338,-0.111047
2.687720,2.707265,-0.005552
2.687720,2.813401,0.018142
2.687720,8.322720,0.111642
2.687720,3.534737,-0.075916
2.687720,2.687298,-0.002023
2.687720,2.973757,0.034252
2.687720,11.578575,0.025028
2.687720,3.089596,-0.044524
2.687720,2.687284,0.001169
2.687720,3.413688,0.068505
2.687720,9.111065,-0.099047
2.687720,2.838287,-0.020802
2.687720,2.701715,0.004720
2.687720,4.174520,0.104401
2.687720,5.974505,-0.129604
2.687720,2.749468,-0.010675
2.687720,2.771786,0.013321
2.687720,6.818346,0.127231
2.687720,3.867427,-0.092702
2.687720,2.694563,-0.003479
2.687720,2.892585,0.026384
2.687720,10.490522,0.068749
2.687720,3.239035,-0.056380
2.687720,2.688673,0.000246
2.687720,3.307207,0.061321
2.687720,9.927118,-0.082698
2.687720,2.867991,-0.023876
2.687720,2.699124,0.004196
2.687720,4.051367,0.100090
2.687720,6.269619,-0.129447
2.687720,2.757430,-0.011583
2.687720,2.769271,0.012984
2.687720,6.716928,0.127808
2.687720,3.897885,-0.094006
2.687720,2.695736,-0.003550
2.687720,2.901451,0.027254
2.687720,10.664456,0.063796
2.687720,3.218142,-0.054800
2.687720,2.689728,0.000520
2.687720,3.362857,0.065141
2.687720,9.488335,-0.091952
2.687720,2.851626,-0.022142
2.687720,2.706987,0.005233
2.687720,4.343863,0.109569
2.687720,5.639152,-0.128706
2.687720,2.741182,-0.009551
2.687720,2.797277,0.016158
2.687720,7.735113,0.119136
2.687720,3.644184,-0.081953
2.687720,2.692519,-0.002178
2.687720,3.035914,0.039846
2.687720,11.742356,-0.003668
2.687720,3.019137,-0.038352
2.687720,2.692733,0.002327
2.687720,3.669158,0.083261
2.687720,7.615128,-0.120460
2.687720,2.793902,-0.015779
2.687720,2.743219,0.009806
2.687720,5.717885,0.129029
2.687720,4.300814,-0.108331
2.687720,2.705834,-0.005082
2.687720,2.853923,0.022388
2.687720,9.552741,0.090666
2.687720,3.354475,-0.064577
2.687720,2.689602,-0.000475
2.687720,3.222353,0.055120
2.687720,10.629561,-0.064821
2.687720,2.899622,-0.027073
2.687720,2.695713,0.003561
2.687720,3.899111,0.094059
2.687720,6.712922,-0.127829
2.687720,2.769147,-0.012973
2.687720,2.757047,0.011541
2.687720,6.255723,0.129472
2.687720,4.056720,-0.100288
2.687720,2.699209,-0.004222
2.687720,2.865843,0.023657
2.687720,9.873101,0.083903
2.687720,3.313878,-0.061790
2.687720,2.688538,-0.000309
2.687720,3.228040,0.055558
2.687720,10.581937,-0.066194
2.687720,2.897092,-0.026839
2.687720,2.693620,0.003335
2.687720,3.830300,0.091060
2.687720,6.948773,-0.126386
2.687720,2.775217,-0.013736
2.687720,2.744502,0.010092
2.687720,5.788092,0.129260
2.687720,4.264113,-0.107243
2.687720,2.703900,-0.005062
2.687720,2.826556,0.019558
2.687720,8.750169,0.105172
2.687720,3.466230,-0.071816
2.687720,2.687127,-0.001560
2.687720,3.033782,0.039699
2.687720,11.743913,-0.002860
2.687720,3.020697,-0.038535
2.687720,2.687106,0.001654
2.687720,3.479165,0.072609
2.687720,8.665758,-0.106516
2.687720,2.823897,-0.019274
2.687720,2.704392,0.005139
2.687720,4.284369,0.107853
2.687720,5.748791,-0.129140
2.687720,2.743447,-0.009969
2.687720,2.775706,0.013797
2.687720,6.967777,0.126254
2.687720,3.825062,-0.090824
2.687720,2.693449,-0.003319
2.687720,2.896557,0.026787
2.687720,10.571508,0.066491
2.687720,3.229290,-0.055652
2.687720,2.688435,0.000288
2.687720,3.309228,0.061465
2.687720,9.910627,-0.083068
2.687720,2.867309,-0.023811
2.687720,2.698564,0.004135
2.687720,4.032779,0.099398
2.687720,6.318615,-0.129346
2.687720,2.758668,-0.011743
2.687720,2.766365,0.012654
2.687720,6.609592,0.128341
2.687720,3.931658,-0.095419
2.687720,2.696299,-0.003715
2.687720,2.888263,0.025940
2.687720,10.398648,0.071221
2.687720,3.250082,-0.057197
2.687720,2.689104,0.000216
2.687720,3.310190,0.061527
2.687720,9.903151,-0.083235
2.687720,2.867091,-0.023773
2.687720,2.700627,0.004378
2.687720,4.104451,0.102005
2.687720,6.136459,-0.129616
2.687720,2.754036,-0.011152
2.687720,2.776234,0.013775
2.687720,6.973403,0.126211
2.687720,3.823632,-0.090750
2.687720,2.694609,-0.003174
2.687720,2.934297,0.030464
2.687720,11.189636,0.045691
2.687720,3.151771,-0.049613
2.687720,2.690994,0.001151
2.687720,3.472428,0.072167
2.687720,8.711173,-0.105791
2.687720,2.825981,-0.019360
2.687720,2.721831,0.007136
2.687720,4.901555,0.121564
2.687720,4.895233,-0.121465
2.687720,2.721663,-0.007115
2.687720,2.826227,0.019388
2.687720,8.719118,0.105664
2.687720,3.471211,-0.072092
2.687720,2.690981,-0.001144
2.687720,3.152516,0.049673
2.687720,11.184160,-0.045916
2.687720,2.933879,-0.030423
2.687720,2.694620,0.003179
2.687720,3.824488,0.090789
2.687720,6.970271,-0.126233
2.687720,2.776148,-0.013765
2.687720,2.754079,0.011157
2.687720,6.138131,0.129615
2.687720,4.103760,-0.101981
2.687720,2.700608,-0.004375
2.687720,2.867111,0.023775
2.687720,9.903654,0.083223
2.687720,3.310127,-0.061523
2.687720,2.689099,-0.000216
2.687720,3.249986,0.057190
2.687720,10.399443,-0.071200
2.687720,2.888300,-0.025944
2.687720,2.696281,0.003712
2.687720,3.930990,0.095391
2.687720,6.611660,-0.128331
2.687720,2.766418,-0.012661
2.687720,2.758573,0.011732
2.687720,6.315047,0.129354
2.687720,4.034115,-0.099448
2.687720,2.698591,-0.004141
2.687720,2.866964,0.023776
2.687720,9.901945,0.083262
2.687720,3.310300,-0.061540
2.687720,2.688418,-0.000298
2.687720,3.227693,0.055532
2.687720,10.584771,-0.066113
2.687720,2.897224,-0.026854
2.687720,2.693325,0.003299
2.687720,3.820087,0.090599
2.687720,6.985985,-0.126125
2.687720,2.776187,-0.013855
2.687720,2.742781,0.009891
2.687720,5.723810,0.129055
2.687720,4.297515,-0.108242
2.687720,2.704724,-0.005188
2.687720,2.822568,0.019132
2.687720,8.623124,0.107183
2.687720,3.485803,-0.073013
2.687720,2.687117,-0.001700
2.687720,3.014679,0.037996
2.687720,11.737828,0.005558
2.687720,3.040121,-0.040259
2.687720,2.687155,0.001517
2.687720,3.460569,0.071467
2.687720,8.787663,-0.104564
2.687720,2.827749,-0.019684
2.687720,2.703752,0.005036
2.687720,4.257573,0.107043
2.687720,5.800998,-0.129296
2.687720,2.744854,-0.010131
2.687720,2.775213,0.013733
2.687720,6.948200,0.126390
2.687720,3.830462,-0.091067
2.687720,2.693660,-0.003331
2.687720,2.898207,0.026949
2.687720,10.603763,0.065569
2.687720,3.225415,-0.055359
2.687720,2.688619,0.000338
2.687720,3.319161,0.062159
2.687720,9.830642,-0.084837
2.687720,2.864198,-0.023485
2.687720,2.699842,0.004308
2.687720,4.080458,0.101152
2.687720,6.195406,-0.129561
2.687720,2.755490,-0.011348
2.687720,2.771734,0.013270
2.687720,6.808826,0.127287
2.687720,3.870279,-0.092821
2.687720,2.695217,-0.003422
2.687720,2.910474,0.028146
2.687720,10.828204,0.058751
2.687720,3.198179,-0.053271
2.687720,2.690036,0.000701
2.687720,3.393275,0.067157
2.687720,9.260239,-0.096326
2.687720,2.843716,-0.021296
2.687720,2.710785,0.005732
2.687720,4.486794,0.113329
2.687720,5.404553,-0.127292
2.687720,2.735070,-0.008791
2.687720,2.806530,0.017197
2.687720,8.059413,0.115200
2.687720,3.581492,-0.078545
2.687720,2.691983,-0.001803
2.687720,3.078427,0.043540
2.687720,11.630316,-0.020789
2.687720,2.982592,-0.035024
2.687720,2.693280,0.002661
2.687720,3.726535,0.086161
2.687720,7.357652,-0.123048
2.687720,2.786733,-0.014972
2.687720,2.747268,0.010315
2.687720,5.875144,0.129463
2.687720,4.221107,-0.105902
2.687720,2.703679,-0.004803
2.687720,2.857744,0.022796
2.687720,9.658123,0.088510
2.687720,3.340929,-0.063657
2.687720,2.689295,-0.000414
2.687720,3.225789,0.055382
2.687720,10.600950,-0.065649
2.687720,2.898127,-0.026929
2.687720,2.695225,0.003515
2.687720,3.884030,0.093417
2.687720,6.762484,-0.127557
2.687720,2.770405,-0.013135
2.687720,2.754006,0.011193
2.687720,6.142693,0.129613
2.687720,4.101828,-0.101916
2.687720,2.700146,-0.004416
2.687720,2.854478,0.022488
2.687720,9.573788,0.090242
2.687720,3.351661,-0.064399
2.687720,2.687978,-0.000646
2.687720,3.172565,0.051290
2.687720,11.031255,-0.051820
2.687720,2.922823,-0.029391
2.687720,2.689974,0.002716
2.687720,3.678746,0.083778
2.687720,7.569315,-0.120953
2.687720,2.791905,-0.015709
2.687720,2.723999,0.007640
2.687720,5.020324,0.123299
2.687720,4.782621,-0.119580
2.687720,2.717598,-0.006860
2.687720,2.798088,0.016425
2.687720,7.792519,0.118484
2.687720,3.632324,-0.081350
2.687720,2.688908,-0.002518
2.687720,2.932632,0.030347
2.687720,11.170893,0.046462
2.687720,3.154162,-0.049830
2.687720,2.687696,0.000746
2.687720,3.361120,0.065040
2.687720,9.500720,-0.091709
2.687720,2.851800,-0.022215
2.687720,2.699841,0.004401
2.687720,4.094266,0.101649
2.687720,6.161113,-0.129599
2.687720,2.754436,-0.011257
2.687720,2.768280,0.012897
2.687720,6.684675,0.127977
2.687720,3.907820,-0.094429
2.687720,2.695570,-0.003637
2.687720,2.887185,0.025838
2.687720,10.376173,0.071813
2.687720,3.252760,-0.057397
2.687720,2.688742,0.000154
2.687720,3.295651,0.060502
2.687720,10.021283,-0.080548
2.687720,2.871796,-0.024267
2.687720,2.698483,0.004093
2.687720,4.025022,0.099105
2.687720,6.339490,-0.129296
2.687720,2.759261,-0.011804
2.687720,2.767011,0.012721
2.687720,6.632383,0.128234
2.687720,3.924350,-0.095116
2.687720,2.696255,-0.003670
2.687720,2.893535,0.026466
2.687720,10.508557,0.068251
2.687720,3.236909,-0.056215
2.687720,2.689439,0.000351
2.687720,3.334429,0.063210
2.687720,9.709392,-0.087437
2.687720,2.859675,-0.022994
2.687720,2.703608,0.004780
2.687720,4.216452,0.105754
2.687720,5.884841,-0.129480
2.687720,2.747546,-0.010344
2.687720,2.787144,0.015014
2.687720,7.371867,0.122914
2.687720,3.723227,-0.085997
2.687720,2.693310,-0.002634
2.687720,2.986648,0.035398
2.687720,11.651218,0.018814
2.687720,3.073254,-0.043097
2.687720,2.692130,0.001858
2.687720,3.591838,0.079120
2.687720,8.003536,-0.115914
2.687720,2.804932,-0.017015
2.687720,2.736514,0.008966
2.687720,5.459201,0.127685
2.687720,4.451355,-0.112445
2.687720,2.709868,-0.005606
2.687720,2.846366,0.021578
2.687720,9.337393,0.094877
2.687720,3.382855,-0.066472
2.687720,2.690041,-0.000626
2.687720,3.208569,0.054069
2.687720,10.743416,-0.061415
2.687720,2.905714,-0.027674
2.687720,2.695838,0.003531
2.687720,3.896718,0.093956
2.687720,6.720775,-0.127787
2.687720,2.769417,-0.012991
2.687720,2.758608,0.011713
2.687720,6.312556,0.129359
2.687720,4.035076,-0.099483
2.687720,2.698851,-0.004118
2.687720,2.874191,0.024506
2.687720,10.078532,0.079209
2.687720,3.288687,-0.060003
2.687720,2.689051,-0.000068
2.687720,3.269787,0.058641
2.687720,10.234680,-0.075425
2.687720,2.880853,-0.025188
2.687720,2.697497,0.003910
2.687720,3.980992,0.097404
2.687720,6.462311,-0.128933
2.687720,2.762509,-0.012188
2.687720,2.763844,0.012346
2.687720,6.512746,0.128749
2.687720,3.963696,-0.096718
2.687720,2.697114,-0.003837
2.687720,2.884611,0.025568
2.687720,10.318880,0.073298
2.687720,3.259662,-0.057901
2.687720,2.689174,0.000155
2.687720,3.302829,0.061008
2.687720,9.962906,-0.081888
2.687720,2.869479,-0.024019
2.687720,2.700264,0.004318
2.687720,4.089191,0.101463
2.687720,6.173767,-0.129584
2.687720,2.755017,-0.011270
2.687720,2.775172,0.013651
2.687720,6.933841,0.126485
2.687720,3.834544,-0.091241
2.687720,2.694810,-0.003225
2.687720,2.930566,0.030103
2.687720,11.139603,0.047710
2.687720,3.158518,-0.050153
2.687720,2.690923,0.001093
2.687720,3.463120,0.071595
2.687720,8.772363,-0.104807
2.687720,2.827889,-0.019570
2.687720,2.720692,0.006991
2.687720,4.858375,0.120872
2.687720,4.939152,-0.122138
2.687720,2.722835,-0.007260
2.687720,2.824735,0.019222
2.687720,8.670663,0.106433
2.687720,3.478670,-0.072548
2.687720,2.691095,-0.001183
2.687720,3.148947,0.049385
2.687720,11.210270,-0.044832
2.687720,2.935895,-0.030617
2.687720,2.694649,0.003167
2.687720,3.823285,0.090734
2.687720,6.974687,-0.126202
2.687720,2.776283,-0.013777
2.687720,2.754428,0.011196
2.687720,6.150785,0.129605
2.687720,4.098558,-0.101796
2.687720,2.700521,-0.004351
2.687720,2.869060,0.023974
2.687720,9.952305,0.082128
2.687720,3.304136,-0.061100
2.687720,2.689227,-0.000158
2.687720,3.260098,0.057932
2.687720,10.315282,-0.073390
2.687720,2.884454,-0.025551
2.687720,2.697281,0.003858
2.687720,3.969586,0.096952
2.687720,6.495439,-0.128814
2.687720,2.763400,-0.012290
2.687720,2.763379,0.012288
2.687720,6.494649,0.128817
2.687720,3.969856,-0.096963
2.687720,2.697287,-0.003859
2.687720,2.884395,0.025545
2.687720,10.313968,0.073424
2.687720,3.260255,-0.057944
2.687720,2.689225,0.000157
2.687720,3.303914,0.061084
2.687720,9.954106,-0.082088
2.687720,2.869132,-0.023982
2.687720,2.700498,0.004347
2.687720,4.097686,0.101765
2.687720,6.152912,-0.129603
2.687720,2.754483,-0.011202
2.687720,2.776194,0.013767
2.687720,6.971419,0.126225
2.687720,3.824179,-0.090774
2.687720,2.694663,-0.003172
2.687720,2.935493,0.030578
2.687720,11.205110,0.045048
2.687720,3.149657,-0.049442
2.687720,2.691083,0.001177
2.687720,3.477553,0.072479
2.687720,8.677889,-0.106319
2.687720,2.824958,-0.019246
2.687720,2.722684,0.007241
2.687720,4.933462,0.122053
2.687720,4.863873,-0.120962
2.687720,2.720838,-0.007009
2.687720,2.827675,0.019546
2.687720,8.765497,0.104918
2.687720,3.464158,-0.071659
2.687720,2.690935,-0.001099
2.687720,3.157900,0.050104
2.687720,11.144230,-0.047527
2.687720,2.930904,-0.030135
2.687720,2.694801,0.003222
2.687720,3.833878,0.091212
2.687720,6.936240,-0.126469
2.687720,2.775237,-0.013658
2.687720,2.754991,0.011266
2.687720,6.172709,0.129585
2.687720,4.089620,-0.101479
2.687720,2.700277,-0.004319
2.687720,2.869494,0.024020
2.687720,9.963249,0.081880
2.687720,3.302787,-0.061005
2.687720,2.689179,-0.000154
2.687720,3.259884,0.057917
2.687720,10.317043,-0.073345
2.687720,2.884529,-0.025560
2.687720,2.697144,0.003841
2.687720,3.964790,0.096761
2.687720,6.509517,-0.128761
2.687720,2.763760,-0.012336
2.687720,2.762652,0.012205
2.687720,6.467639,0.128914
2.687720,3.979145,-0.097331
2.687720,2.697461,-0.003901
2.687720,2.881404,0.025244
2.687720,10.247159,0.075114
2.687720,3.268285,-0.058531
2.687720,2.689077,0.000082
2.687720,3.291044,0.060171
2.687720,10.059191,-0.079664
2.687720,2.873392,-0.024424
2.687720,2.699098,0.004152
2.687720,4.044501,0.099835
2.687720,6.287623,-0.129412
2.687720,2.757963,-0.011633
2.687720,2.770468,0.013112
2.687720,6.759745,0.127572
2.687720,3.884892,-0.093451
2.687720,2.695634,-0.003474
2.687720,2.910147,0.028111
2.687720,10.822233,0.058942
2.687720,3.198924,-0.053327
2.687720,2.690216,0.000717
2.687720,3.398437,0.067493
2.687720,9.222502,-0.097024
2.687720,2.842460,-0.021157
2.687720,2.711929,0.005873
2.687720,4.528725,0.114334
2.687720,5.342621,-0.126797
2.687720,2.733469,-0.008587
2.687720,2.809516,0.017528
2.687720,8.161820,0.113852
2.687720,3.562999,-0.077504
2.687720,2.691903,-0.001683
2.687720,3.093548,0.044821
2.687720,11.559821,-0.026384
2.687720,2.971318,-0.033975
2.687720,2.693660,0.002789
2.687720,3.751466,0.087376
2.687720,7.253186,-0.123993
2.687720,2.783881,-0.014643
2.687720,2.749683,0.010608
2.687720,5.967280,0.129594
2.687720,4.177911,-0.104507
2.687720,2.702602,-0.004640
2.687720,2.862759,0.023317
2.687720,9.790898,0.085699
2.687720,3.324169,-0.062501
2.687720,2.689388,-0.000283
2.687720,3.245416,0.056849
2.687720,10.437662,-0.070182
2.687720,2.890124,-0.026122
2.687720,2.696689,0.003746
2.687720,3.942988,0.095881
2.687720,6.574847,-0.128495
2.687720,2.765498,-0.012539
2.687720,2.761142,0.012024
2.687720,6.410240,0.129102
2.687720,3.999322,-0.098120
2.687720,2.697930,-0.003983
2.687720,2.877781,0.024876
2.687720,10.163847,0.077167
2.687720,3.278335,-0.059260
2.687720,2.688989,-0.000001
2.687720,3.278082,0.059242
2.687720,10.165936,-0.077116
2.687720,2.877871,-0.024885
2.687720,2.697912,0.003981
2.687720,3.998605,0.098092
2.687720,6.412250,-0.129095
2.687720,2.761194,-0.012030
2.687720,2.765423,0.012531
2.687720,6.572059,0.128507
2.687720,3.943904,-0.095919
2.687720,2.696706,-0.003750
2.687720,2.889847,0.026095
2.687720,10.431841,0.070338
2.687720,3.246114,-0.056901
2.687720,2.689376,0.000277
2.687720,3.323082,0.062426
2.687720,9.799574,-0.085511
2.687720,2.863091,-0.023352
2.687720,2.702477,0.004623
2.687720,4.173195,0.104351
2.687720,5.977654,-0.129603
2.687720,2.749951,-0.010641
2.687720,2.783441,0.014593
2.687720,7.237159,0.124133
2.687720,3.755381,-0.087564
2.687720,2.693708,-0.002810
2.687720,2.969192,0.033777
2.687720,11.544446,0.027455
2.687720,3.096519,-0.045071
2.687720,2.691864,0.001656
2.687720,3.558598,0.077254
2.687720,8.186653,-0.113517
2.687720,2.810240,-0.017609
2.687720,2.732961,0.008523
2.687720,5.323236,0.126631
2.687720,4.542253,-0.114650
2.687720,2.712288,-0.005920
2.687720,2.841763,0.021082
2.687720,9.201773,0.097404
2.687720,3.401284,-0.067679
2.687720,2.690242,-0.000734
2.687720,3.196981,0.053177
2.687720,10.838002,-0.058435
2.687720,2.911057,-0.028201
2.687720,2.695575,0.003460
2.687720,3.881883,0.093322
2.687720,6.769770,-0.127515
2.687720,2.770735,-0.013143
2.687720,2.757721,0.011604
2.687720,6.278424,0.129430
2.687720,4.048009,-0.099965
2.687720,2.699181,-0.004167
2.687720,2.872799,0.024363
2.687720,10.044867,0.079999
2.687720,3.292789,-0.060296
2.687720,2.689061,-0.000096
2.687720,3.266000,0.058365
2.687720,10.266128,-0.074638
2.687720,2.882240,-0.025329
2.687720,2.697259,0.003872
2.687720,3.971274,0.097020
2.687720,6.490483,-0.128832
2.687720,2.763245,-0.012277
2.687720,2.762843,0.012230
2.687720,6.475275,0.128887
2.687720,3.976502,-0.097227
2.687720,2.697375,-0.003894
2.687720,2.881114,0.025215
2.687720,10.240684,0.075276
2.687720,3.269062,-0.058588
2.687720,2.689024,0.000070
2.687720,3.288525,0.059992
2.687720,10.079852,-0.079178
2.687720,2.874242,-0.024512
2.687720,2.698763,0.004107
2.687720,4.031980,0.099366
2.687720,6.320817,-0.129340
2.687720,2.758818,-0.011740
2.687720,2.768986,0.012942
2.687720,6.704818,0.127872
2.687720,3.901622,-0.094164
2.687720,2.695918,-0.003555
2.687720,2.903757,0.027480
2.687720,10.707483,0.062510
2.687720,3.212938,-0.054403
2.687720,2.689955,0.000585
2.687720,3.375608,0.065992
2.687720,9.391656,-0.093840
2.687720,2.848242,-0.021779
2.687720,2.708911,0.005481
2.687720,4.415421,0.111517
2.687720,5.516883,-0.128057
2.687720,2.738016,-0.009154
2.687720,2.802605,0.016755
2.687720,7.922428,0.116925
2.687720,3.607176,-0.079963
2.687720,2.692249,-0.001951
2.687720,3.062434,0.042165
2.687720,11.688961,-0.014590
2.687720,2.995448,-0.036206
2.687720,2.693141,0.002549
2.687720,3.708099,0.085244
2.687720,7.437750,-0.122281
2.687720,2.788966,-0.015221
2.687720,2.746398,0.010201
2.687720,5.840470,0.129390
2.687720,4.238015,-0.106432
2.687720,2.704177,-0.004858
2.687720,2.858171,0.022836
2.687720,9.668979,0.088284
2.687720,3.339558,-0.063562
2.687720,2.689483,-0.000382
2.687720,3.233254,0.055942
2.687720,10.539001,-0.067405
2.687720,2.895035,-0.026616
2.687720,2.696124,0.003643
2.687720,3.918204,0.094861
2.687720,6.651713,-0.128141
2.687720,2.767524,-0.012781
2.687720,2.758746,0.011743
2.687720,6.319994,0.129342
2.687720,4.032274,-0.099378
2.687720,2.698649,-0.004122
2.687720,2.870428,0.024127
2.687720,9.987789,0.081320
2.687720,3.299749,-0.060794
2.687720,2.688697,-0.000189
2.687720,3.247212,0.056988
2.687720,10.422389,-0.070591
2.687720,2.889335,-0.026056
2.687720,2.695112,0.003568
2.687720,3.889789,0.093665
2.687720,6.743325,-0.127665
2.687720,2.769814,-0.013084
2.687720,2.752174,0.010993
2.687720,6.076244,0.129642
2.687720,4.129697,-0.102889
2.687720,2.700652,-0.004544
2.687720,2.845284,0.021536
2.687720,9.316462,0.095277
2.687720,3.385512,-0.066667
2.687720,2.687468,-0.000947
2.687720,3.122939,0.047300
2.687720,11.387963,-0.036629
2.687720,2.951088,-0.032118
2.687720,2.687894,0.002261
2.687720,3.578617,0.078416
2.687720,8.073492,-0.115025
2.687720,2.806084,-0.017331
2.687720,2.711332,0.006077
2.687720,4.549673,0.114830
2.687720,5.312426,-0.126542
2.687720,2.731820,-0.008584
2.687720,2.784998,0.014900
2.687720,7.315506,0.123441
2.687720,3.736292,-0.086656
2.687720,2.691319,-0.002957
2.687720,2.911640,0.028290
2.687720,10.850968,0.058017
2.687720,3.195279,-0.053061
2.687720,2.688219,0.000509
2.687720,3.336513,0.063363
2.687720,9.692379,-0.087797
2.687720,2.858886,-0.022942
2.687720,2.699857,0.004349
2.687720,4.086877,0.101383
2.687720,6.179388,-0.129580
2.687720,2.755005,-0.011305
2.687720,2.770347,0.013121
2.687720,6.759100,0.127576
2.687720,3.885056,-0.093460
2.687720,2.695338,-0.003509
2.687720,2.900726,0.027186
2.687720,10.651005,0.064193
2.687720,3.219758,-0.054925
2.687720,2.689505,0.000483
2.687720,3.353929,0.064541
2.687720,9.556920,-0.090582
2.687720,2.854062,-0.022405
2.687720,2.705461,0.005038
2.687720,4.287581,0.107941
2.687720,5.742921,-0.129116
2.687720,2.743855,-0.009888
2.687720,2.792502,0.015623
2.687720,7.565337,0.120988
2.687720,3.679834,-0.083811
2.687720,2.692803,-0.002393
2.687720,3.011291,0.037646
2.687720,11.732032,0.007211
2.687720,3.044300,-0.040585
2.687720,2.692382,0.002100
2.687720,3.630723,0.081237
2.687720,7.801886,-0.118368
2.687720,2.799160,-0.016371
2.687720,2.739843,0.009386
2.687720,5.587881,0.128457
2.687720,4.373138,-0.110383
2.687720,2.707755,-0.005337
2.687720,2.849621,0.021930
2.687720,9.431693,0.093064
2.687720,3.370297,-0.065639
2.687720,2.689762,-0.000570
2.687720,3.211910,0.054326
2.687720,10.715857,-0.062257
2.687720,2.904191,-0.027527
2.687720,2.695434,0.003495
2.687720,3.884578,0.093439
2.687720,6.760727,-0.127567
2.687720,2.770427,-0.013122
2.687720,2.756021,0.011417
2.687720,6.216524,0.129534
2.687720,4.072054,-0.100848
2.687720,2.699587,-0.004281
2.687720,2.863816,0.023448
2.687720,9.821104,0.085045
2.687720,3.320344,-0.062242
2.687720,2.688507,-0.000359
2.687720,3.220620,0.054998
2.687720,10.643449,-0.064417
2.687720,2.900242,-0.027154
2.687720,2.693150,0.003256
2.687720,3.810843,0.090177
2.687720,7.020223,-0.125876
2.687720,2.777111,-0.013962
2.687720,2.742034,0.009800
2.687720,5.695299,0.128949
2.687720,4.312784,-0.108689
2.687720,2.705133,-0.005241
2.687720,2.821754,0.019043
2.687720,8.596657,0.107592
2.687720,3.489963,-0.073264
2.687720,2.687167,-0.001723
2.687720,3.012302,0.037781
2.687720,11.734304,0.006636
2.687720,3.042688,-0.040484
2.687720,2.687208,0.001504
2.687720,3.459659,0.071410
2.687720,8.793747,-0.104465
2.687720,2.827951,-0.019704
2.687720,2.703941,0.005057
2.687720,4.263966,0.107238
2.687720,5.788393,-0.129261
2.687720,2.744535,-0.010090
2.687720,2.775945,0.013815
2.687720,6.975017,0.126202
2.687720,3.823093,-0.090734
2.687720,2.693550,-0.003294
2.687720,2.901529,0.027279
2.687720,10.667610,0.063704
2.687720,3.217711,-0.054775
2.687720,2.688756,0.000409
2.687720,3.331420,0.063008
2.687720,9.732900,-0.086941
2.687720,2.860476,-0.023095
2.687720,2.701192,0.004493
2.687720,4.131453,0.102945
2.687720,6.072287,-0.129640
2.687720,2.752308,-0.010954
2.687720,2.776879,0.013859
2.687720,6.998860,0.126029
2.687720,3.816696,-0.090436
2.687720,2.694359,-0.003156
2.687720,2.932849,0.030326
2.687720,11.170696,0.046466
2.687720,3.154333,-0.049820
2.687720,2.690783,0.001107
2.687720,3.462789,0.071575
2.687720,8.774496,-0.104773
2.687720,2.827933,-0.019579
2.687720,2.720039,0.006916
2.687720,4.834870,0.120481
2.687720,4.963797,-0.122501
2.687720,2.723460,-0.007345
2.687720,2.822943,0.019028
2.687720,8.612988,0.107334
2.687720,3.487656,-0.073094
2.687720,2.691065,-0.001250
2.687720,3.139275,0.048605
2.687720,11.279189,-0.041837
2.687720,2.941476,-0.031155
2.687720,2.694159,0.003068
2.687720,3.800547,0.089694
2.687720,7.059364,-0.125581
2.687720,2.778536,-0.014045
2.687720,2.751628,0.010866
2.687720,6.045286,0.129639
2.687720,4.143127,-0.103344
2.687720,2.701539,-0.004531
2.687720,2.860812,0.023126
2.687720,9.741347,0.086761
2.687720,3.330363,-0.062934
2.687720,2.688891,-0.000386
2.687720,3.223147,0.055186
2.687720,10.622687,-0.065021
2.687720,2.899202,-0.027044
2.687720,2.694152,0.003382
2.687720,3.846190,0.091768
2.687720,6.892070,-0.126767
2.687720,2.773765,-0.013551
2.687720,2.747860,0.010480
2.687720,5.913018,0.129530
2.687720,4.202955,-0.105329
2.687720,2.702453,-0.004824
2.687720,2.835919,0.020549
2.687720,9.039445,0.100312
2.687720,3.423792,-0.069153
2.687720,2.687319,-0.001237
2.687720,3.080904,0.043787
2.687720,11.618873,-0.021807
2.687720,2.980260,-0.034855
2.687720,2.687306,0.001976
2.687720,3.528173,0.075533
2.687720,8.361641,-0.111088
2.687720,2.814578,-0.018268
2.687720,2.707136,0.005528
2.687720,4.391440,0.110888
2.687720,5.556423,-0.128293
2.687720,2.738320,-0.009363
2.687720,2.779483,0.014250
2.687720,7.110228,0.125190
2.687720,3.787152,-0.089083
2.687720,2.692503,-0.003169
2.687720,2.901795,0.027313
2.687720,10.673435,0.063532
2.687720,3.216983,-0.054724
2.687720,2.688302,0.000361
2.687720,3.317272,0.062029
2.687720,9.845671,-0.084508
2.687720,2.864744,-0.023549
2.687720,2.698736,0.004175
2.687720,4.041567,0.099728
2.687720,6.295263,-0.129397
2.687720,2.758038,-0.011671
2.687720,2.766586,0.012683
2.687720,6.618461,0.128300
2.687720,3.928796,-0.095301
2.687720,2.696200,-0.003707
2.687720,2.887772,0.025892
2.687720,10.388245,0.071496
2.687720,3.251326,-0.057289
2.687720,2.689031,0.000199
2.687720,3.306562,0.061272
2.687720,9.932506,-0.082576
2.687720,2.868247,-0.023895
2.687720,2.700133,0.004312
2.687720,4.086037,0.101351
2.687720,6.181559,-0.129576
2.687720,2.755197,-0.011297
2.687720,2.774212,0.013544
2.687720,6.898920,0.126720
2.687720,3.844328,-0.091679
2.687720,2.694919,-0.003280
2.687720,2.924984,0.029563
2.687720,11.060301,0.050748
2.687720,3.168942,-0.050982
2.687720,2.690694,0.000991
2.687720,3.444843,0.070459
2.687720,8.895109,-0.102781
2.687720,2.831753,-0.019995
2.687720,2.718063,0.006660
2.687720,4.759606,0.119153
2.687720,5.046520,-0.123638
2.687720,2.725672,-0.007616
2.687720,2.820518,0.018755
2.687720,8.532644,0.108563
2.687720,3.500413,-0.073859
2.687720,2.691305,-0.001312
2.687720,3.134640,0.048227
2.687720,11.311329,-0.040365
2.687720,2.944256,-0.031419
2.687720,2.694352,0.003070
2.687720,3.804108,0.089858
2.687720,7.045943,-0.125682
2.687720,2.778214,-0.013999
2.687720,2.753089,0.011031
2.687720,6.099267,0.129634
2.687720,4.119994,-0.102548
2.687720,2.701067,-0.004431
2.687720,2.866830,0.023743
2.687720,9.896157,0.083390
2.687720,3.311062,-0.061587
2.687720,2.689229,-0.000208
2.687720,3.253264,0.057430
2.687720,10.372189,-0.071917
2.687720,2.887049,-0.025814
2.687720,2.696820,0.003784
2.687720,3.950888,0.096202
2.687720,6.550923,-0.128596
2.687720,2.764849,-0.012466
2.687720,2.761341,0.012051
2.687720,6.418327,0.129077
2.687720,3.996440,-0.098009
2.687720,2.697828,-0.003976
2.687720,2.877212,0.024819
2.687720,10.150705,0.077485
2.687720,3.279921,-0.059375
2.687720,2.688910,-0.000022
2.687720,3.273924,0.058942
2.687720,10.200312,-0.076276
2.687720,2.879342,-0.025037
2.687720,2.697409,0.003911
2.687720,3.979619,0.097350
2.687720,6.466249,-0.128919
2.687720,2.762590,-0.012203
2.687720,2.763079,0.012261
2.687720,6.484706,0.128854
2.687720,3.973252,-0.097099
2.687720,2.697267,-0.003884
2.687720,2.880694,0.025174
2.687720,10.231282,0.075510
2.687720,3.270191,-0.058671
2.687720,2.688954,0.000054
2.687720,3.285092,0.059746
2.687720,10.108072,-0.078508
2.687720,2.875414,-0.024634
2.687720,2.698318,0.004046
2.687720,4.015305,0.098735
2.687720,6.365949,-0.129228
2.687720,2.759983,-0.011884
2.687720,2.766987,0.012713
2.687720,6.630612,0.128243
2.687720,3.924922,-0.095139
2.687720,2.696331,-0.003665
2.687720,2.895396,0.026650
2.687720,10.546075,0.067207
2.687720,3.232409,-0.055878
2.687720,2.689595,0.000402
2.687720,3.344077,0.063870
2.687720,9.633593,-0.089017
2.687720,2.856875,-0.022698
2.687720,2.704923,0.004954
2.687720,4.265574,0.107279
2.687720,5.785498,-0.129248
2.687720,2.744984,-0.010023
2.687720,2.791514,0.015507
2.687720,7.529266,0.121362
2.687720,3.687696,-0.084213
2.687720,2.692952,-0.002430
2.687720,3.008616,0.037404
2.687720,11.726887,0.008438
2.687720,3.047256,-0.040844
2.687720,2.692447,0.002086
2.687720,3.629787,0.081186
2.687720,7.806615,-0.118312
2.687720,2.799311,-0.016384
2.687720,2.740224,0.009428
2.687720,5.601620,0.128527
2.687720,4.365199,-0.110164
2.687720,2.707582,-0.005305
2.687720,2.851250,0.022099
2.687720,9.477301,0.092170
2.687720,3.364308,-0.065238
2.687720,2.689863,-0.000515
2.687720,3.221083,0.055022
2.687720,10.640187,-0.064510
2.687720,2.900196,-0.027126
2.687720,2.696221,0.003616
2.687720,3.915874,0.094762
2.687720,6.659137,-0.128105
2.687720,2.767774,-0.012799
2.687720,2.760075,0.011888
2.687720,6.368325,0.129221
2.687720,4.014446,-0.098701
2.687720,2.698369,-0.004035
2.687720,2.877789,0.024873
2.687720,10.163635,0.077172
2.687720,3.278370,-0.059261
2.687720,2.689150,0.000018
2.687720,3.283303,0.059616
2.687720,10.122906,-0.078154
2.687720,2.876060,-0.024696
2.687720,2.698728,0.004089
2.687720,4.028763,0.099245
2.687720,6.329456,-0.129320
2.687720,2.759063,-0.011765
2.687720,2.769229,0.012967
2.687720,6.713338,0.127826
2.687720,3.899003,-0.094053
2.687720,2.695910,-0.003538
2.687720,2.905900,0.027691
2.687720,10.746726,0.061313
2.687720,3.208168,-0.054038
2.687720,2.690086,0.000635
2.687720,3.384746,0.066596
2.687720,9.323336,-0.095144
2.687720,2.845887,-0.021526
2.687720,2.710204,0.005648
2.687720,4.463737,0.112757
2.687720,5.439864,-0.127551
2.687720,2.736014,-0.008903
2.687720,2.805808,0.017113
2.687720,8.033864,0.115528
2.687720,3.586204,-0.078807
2.687720,2.692099,-0.001822
2.687720,3.077619,0.043470
2.687720,11.633713,-0.020481
2.687720,2.983228,-0.035082
2.687720,2.693403,0.002670
2.687720,3.730020,0.086331
2.687720,7.342818,-0.123185
2.687720,2.786347,-0.014923
2.687720,2.748158,0.010418
2.687720,5.908245,0.129520
2.687720,4.205315,-0.105398
2.687720,2.703325,-0.004739
2.687720,2.860804,0.023112
2.687720,9.739324,0.086804
2.687720,3.330650,-0.062949
2.687720,2.689449,-0.000323
2.687720,3.240964,0.056518
2.687720,10.474786,-0.069178
2.687720,2.891901,-0.026301
2.687720,2.696542,0.003716
2.687720,3.935992,0.095595
2.687720,6.596262,-0.128401
2.687720,2.766067,-0.012606
2.687720,2.760616,0.011961
2.687720,6.390305,0.129160
2.687720,4.006469,-0.098396
2.687720,2.698095,-0.004013
2.687720,2.876447,0.024740
2.687720,10.132580,0.077922
2.687720,3.282119,-0.059533
2.687720,2.688950,-0.000033
2.687720,3.273045,0.058878
2.687720,10.207618,-0.076096
2.687720,2.879663,-0.025069
2.687720,2.697455,0.003914
2.687720,3.980871,0.097400
2.687720,6.462648,-0.128932
2.687720,2.762502,-0.012191
2.687720,2.763388,0.012296
2.687720,6.496128,0.128812
2.687720,3.969342,-0.096943
2.687720,2.697199,-0.003865
2.687720,2.882130,0.025319
2.687720,10.263710,0.074699
2.687720,3.266289,-0.058386
2.687720,2.689030,0.000091
2.687720,3.291502,0.060205
2.687720,10.055409,-0.079753
2.687720,2.873230,-0.024408
2.687720,2.698999,0.004142
2.687720,4.041254,0.099714
2.687720,6.296170,-0.129394
2.687720,2.758178,-0.011661
2.687720,2.769933,0.013051
2.687720,6.740063,0.127682
2.687720,3.890837,-0.093706
2.687720,2.695725,-0.003504
2.687720,2.907554,0.027856
2.687720,10.776582,0.060387
2.687720,3.204522,-0.053758
2.687720,2.690101,0.000663
2.687720,3.388975,0.066875
2.687720,9.291972,-0.095734
2.687720,2.844810,-0.021411
2.687720,2.710644,0.005707
2.687720,4.480525,0.113175
2.687720,5.414069,-0.127363
2.687720,2.735336,-0.008820
2.687720,2.806684,0.017212
2.687720,8.064290,0.115136
2.687720,3.580603,-0.078495
2.687720,2.692038,-0.001790
2.687720,3.081031,0.043761
2.687720,11.619166,-0.021769
2.687720,2.980600,-0.034839
2.687720,2.693431,0.002693
2.687720,3.733783,0.086516
2.687720,7.326858,-0.123333
2.687720,2.785903,-0.014873
2.687720,2.748308,0.010438
2.687720,5.914329,0.129529
2.687720,4.202444,-0.105306
2.687720,2.703237,-0.004730
2.687720,2.860620,0.023094
2.687720,9.734597,0.086904
2.687720,3.331243,-0.062991
2.687720,2.689406,-0.000332
2.687720,3.238967,0.056369
2.687720,10.491403,-0.068724
2.687720,2.892698,-0.026382
2.687720,2.696307,0.003682
2.687720,3.927073,0.095229
2.687720,6.623872,-0.128275
2.687720,2.766783,-0.012694
2.687720,2.759426,0.011824
2.687720,6.345851,0.129280
2.687720,4.022671,-0.099016
2.687720,2.698425,-0.004084
2.687720,2.872089,0.024297
2.687720,10.028455,0.080382
2.687720,3.294775,-0.060440
2.687720,2.688743,-0.000148
2.687720,3.253683,0.057465
2.687720,10.368481,-0.072014
2.687720,2.886830,-0.025802
2.687720,2.695632,0.003647
2.687720,3.910346,0.094535
2.687720,6.676587,-0.128019
2.687720,2.768067,-0.012872
2.687720,2.754730,0.011291
2.687720,6.172171,0.129588
2.687720,4.089772,-0.101488
2.687720,2.699739,-0.004382
2.687720,2.852651,0.022303
2.687720,9.524263,0.091240
2.687720,3.358057,-0.064834
2.687720,2.687727,-0.000721
2.687720,3.158168,0.050150
2.687720,11.141090,-0.047656
2.687720,2.930432,-0.030134
2.687720,2.689071,0.002553
2.687720,3.640132,0.081765
2.687720,7.753746,-0.118931
2.687720,2.797002,-0.016301
2.687720,2.718574,0.006980
2.687720,4.818887,0.120216
2.687720,4.980613,-0.122750
2.687720,2.722929,-0.007511
2.687720,2.792815,0.015816
2.687720,7.602534,0.120601
2.687720,3.671604,-0.083411
2.687720,2.689796,-0.002687
2.687720,2.923885,0.029495
2.687720,11.047228,0.051236
2.687720,3.170502,-0.051127
2.687720,2.687920,0.000654
2.687720,3.351855,0.064413
2.687720,9.572256,-0.090274
2.687720,2.854414,-0.022483
2.687720,2.699965,0.004395
2.687720,4.095629,0.101696
2.687720,6.157798,-0.129601
2.687720,2.754390,-0.011242
2.687720,2.769579,0.013041
2.687720,6.731981,0.127727
2.687720,3.893256,-0.093812
2.687720,2.695377,-0.003561
2.687720,2.894449,0.026563
2.687720,10.527801,0.067718
2.687720,3.234582,-0.056044
2.687720,2.689130,0.000331
2.687720,3.326638,0.062674
2.687720,9.771080,-0.086126
2.687720,2.861971,-0.023241
2.687720,2.701996,0.004576
2.687720,4.157729,0.103837
2.687720,6.012105,-0.129627
2.687720,2.750806,-0.010756
2.687720,2.780943,0.014314
2.687720,7.146757,0.124893
2.687720,3.777935,-0.088638
2.687720,2.693919,-0.002941
2.687720,2.954879,0.032431
2.687720,11.422882,0.034784
2.687720,3.117608,-0.046830
2.687720,2.691476,0.001457
2.687720,3.523747,0.075241
2.687720,8.389852,-0.110675
2.687720,2.816219,-0.018280
2.687720,2.728387,0.007958
2.687720,5.149900,0.124897
2.687720,4.672673,-0.117476
2.687720,2.715734,-0.006368
2.687720,2.834970,0.020349
2.687720,8.995807,0.101065
2.687720,3.430220,-0.069537
2.687720,2.690451,-0.000915
2.687720,3.175399,0.051493
2.687720,11.010096,-0.052582
2.687720,2.921629,-0.029238
2.687720,2.694797,0.003290
2.687720,3.843818,0.091657
2.687720,6.900686,-0.126708
2.687720,2.774222,-0.013554
2.687720,2.754107,0.011175
2.687720,6.141601,0.129613
2.687720,4.102312,-0.101930
2.687720,2.700438,-0.004385
2.687720,2.863127,0.023371
2.687720,9.802545,0.085448
2.687720,3.322674,-0.062402
2.687720,2.688727,-0.000350
2.687720,3.225448,0.055361
2.687720,10.603534,-0.065575
2.687720,2.898206,-0.026947
2.687720,2.693909,0.003361
2.687720,3.838963,0.091447
2.687720,6.917684,-0.126597
2.687720,2.774420,-0.013634
2.687720,2.746319,0.010302
2.687720,5.855700,0.129427
2.687720,4.230426,-0.106202
2.687720,2.703096,-0.004932
2.687720,2.831463,0.020079
2.687720,8.903358,0.102647
2.687720,3.443410,-0.070396
2.687720,2.687207,-0.001389
2.687720,3.058347,0.041850
2.687720,11.700461,-0.013055
2.687720,2.998432,-0.036525
2.687720,2.687141,0.001823
2.687720,3.503605,0.074083
2.687720,8.511021,-0.108896
2.687720,2.819104,-0.018760
2.687720,2.705527,0.005307
2.687720,4.329646,0.109175
2.687720,5.664409,-0.128823
2.687720,2.741190,-0.009705
2.687720,2.777084,0.013965
2.687720,7.020332,0.125876
2.687720,3.810805,-0.090176
2.687720,2.693054,-0.003267
2.687720,2.897264,0.026860
2.687720,10.585762,0.066085
2.687720,3.227567,-0.055524
2.687720,2.688304,0.000285
2.687720,3.306666,0.061285
2.687720,9.931337,-0.082604
2.687720,2.868117,-0.023898
2.687720,2.697994,0.004063
2.687720,4.012200,0.098618
2.687720,6.374396,-0.129206
2.687720,2.760101,-0.011922
2.687720,2.763727,0.012351
2.687720,6.511551,0.128754
2.687720,3.964077,-0.096735
2.687720,2.696905,-0.003864
2.687720,2.877713,0.024877
2.687720,10.163199,0.077183
2.687720,3.278393,-0.059267
2.687720,2.688608,-0.000046
2.687720,3.265634,0.058342
2.687720,10.268969,-0.074567
2.687720,2.882319,-0.025347
2.687720,2.696056,0.003730
2.687720,3.929848,0.095346
2.687720,6.615139,-0.128316
2.687720,2.766437,-0.012679
2.687720,2.756354,0.011485
2.687720,6.233761,0.129509
2.687720,4.065240,-0.100602
2.687720,2.699152,-0.004286
2.687720,2.856417,0.022695
2.687720,9.627254,0.089150
2.687720,3.344784,-0.063932
2.687720,2.687824,-0.000615
2.687720,3.174330,0.051430
2.687720,11.017456,-0.052321
2.687720,2.921901,-0.029303
2.687720,2.689740,0.002695
2.687720,3.671811,0.083422
2.687720,7.601545,-0.120612
2.687720,2.792773,-0.015814
2.687720,2.722531,0.007466
2.687720,4.966322,0.122545
2.687720,4.832246,-0.120445
2.687720,2.718920,-0.007026
2.687720,2.796217,0.016214
2.687720,7.726106,0.119245
2.687720,3.645757,-0.082063
2.687720,2.689134,-0.002585
2.687720,2.927161,0.029818
2.687720,11.095325,0.049434
2.687720,3.164225,-0.050632
2.687720,2.687668,0.000670
2.687720,3.349942,0.064285
2.687720,9.586990,-0.089975
2.687720,2.854919,-0.022542
2.687720,2.698988,0.004278
2.687720,4.061216,0.100456
2.687720,6.244043,-0.129493
2.687720,2.756595,-0.011520
2.687720,2.765284,0.012550
2.687720,6.572823,0.128505
2.687720,3.943609,-0.095910
2.687720,2.696278,-0.003798
2.687720,2.876734,0.024783
2.687720,10.140976,0.077721
2.687720,3.281067,-0.059462
2.687720,2.688312,-0.000100
2.687720,3.253323,0.057442
2.687720,10.371295,-0.071941
2.687720,2.886917,-0.025819
2.687720,2.694531,0.003518
2.687720,3.872528,0.092925
2.687720,6.800953,-0.127335
2.687720,2.771275,-0.013272
2.687720,2.748562,0.010577
2.687720,5.941884,0.129570
2.687720,4.189461,-0.104893
2.687720,2.701999,-0.004787
2.687720,2.833810,0.020333
2.687720,8.976255,0.101407
2.687720,3.432818,-0.069729
2.687720,2.687083,-0.001329
2.687720,3.064604,0.042392
2.687720,11.681424,-0.015543
2.687720,2.993176,-0.036046
2.687720,2.686989,0.001843
2.687720,3.504037,0.074110
2.687720,8.508279,-0.108937
2.687720,2.818992,-0.018754
2.687720,2.704796,0.005223
2.687720,4.304101,0.108437
2.687720,5.711418,-0.129010
2.687720,2.742396,-0.009858
2.687720,2.774791,0.013705
2.687720,6.936094,0.126474
2.687720,3.833789,-0.091218
2.687720,2.693427,-0.003381
2.687720,2.887832,0.025919
2.687720,10.391881,0.071401
2.687720,3.250832,-0.057261
2.687720,2.687927,0.000073
2.687720,3.271001,0.058738
2.687720,10.224101,-0.075690
2.687720,2.880273,-0.025152
2.687720,2.694606,0.003576
2.687720,3.882366,0.093350
2.687720,6.767838,-0.127528
2.687720,2.770346,-0.013173
2.687720,2.748083,0.010531
2.687720,5.925475,0.129549
2.687720,4.197083,-0.105141
2.687720,2.702102,-0.004825
2.687720,2.830245,0.019959
2.687720,8.867006,0.103257
2.687720,3.448735,-0.070732
2.687720,2.686911,-0.001462
2.687720,3.043730,0.040578
2.687720,11.732691,-0.007078
2.687720,3.011318,-0.037695
2.687720,2.686842,0.001692
2.687720,3.480171,0.072673
2.687720,8.659155,-0.106621
2.687720,2.823645,-0.019257
2.687720,2.703210,0.005004
2.687720,4.243271,0.106604
2.687720,5.829529,-0.129369
2.687720,2.745512,-0.010232
2.687720,2.771673,0.013339
2.687720,6.819248,0.127227
2.687720,3.867124,-0.092692
2.687720,2.694150,-0.003525
2.687720,2.879926,0.025121
2.687720,10.216606,0.075875
2.687720,3.271895,-0.058804
2.687720,2.687735,-0.000102
2.687720,3.243680,0.056733
2.687720,10.451412,-0.069814
2.687720,2.890615,-0.026203
2.687720,2.692564,0.003260
2.687720,3.801361,0.089745
2.687720,7.055728,-0.125612
2.687720,2.777945,-0.014086
2.687720,2.737716,0.009306
2.687720,5.536211,0.128179
2.687720,4.403506,-0.111212
2.687720,2.707348,-0.005582
2.687720,2.810600,0.017843
2.687720,8.229804,0.112938
2.687720,3.550703,-0.076839
2.687720,2.687251,-0.002141
2.687720,2.957123,0.032694
2.687720,11.446783,0.033477
2.687720,3.113527,-0.046526
2.687720,2.687125,0.000975
2.687720,3.383828,0.066559
2.687720,9.328834,-0.095044
2.687720,2.845665,-0.021586
2.687720,2.699285,0.004382
2.687720,4.081837,0.101206
2.687720,6.191787,-0.129568
2.687720,2.755129,-0.011366
2.687720,2.764091,0.012429
2.687720,6.531103,0.128679
2.687720,3.957442,-0.096472
2.687720,2.696355,-0.003883
2.687720,2.866570,0.023753
2.687720,9.894223,0.083436
2.687720,3.311212,-0.061610
2.687720,2.687649,-0.000395
2.687720,3.201817,0.053570
2.687720,10.797657,-0.059728
2.687720,2.908526,-0.027992
2.687720,2.690406,0.002873
2.687720,3.708695,0.085296
2.687720,7.434120,-0.122322
2.687720,2.788141,-0.015285
2.687720,2.726129,0.007912
2.687720,5.101939,0.124343
2.687720,4.711830,-0.118260
2.687720,2.715621,-0.006632
2.687720,2.798083,0.016440
2.687720,7.794821,0.118458
2.687720,3.631840,-0.081326
2.687720,2.688600,-0.002550
2.687720,2.923322,0.029450
2.687720,11.039596,0.051517
2.687720,3.171456,-0.051208
2.687720,2.687269,0.000570
2.687720,3.329487,0.062886
2.687720,9.747567,-0.086631
2.687720,2.860850,-0.023170
2.687720,2.696356,0.003926
2.687720,3.963777,0.096727
2.687720,6.512266,-0.128753
2.687720,2.763536,-0.012376
2.687720,2.754021,0.011247
2.687720,6.151866,0.129608
2.687720,4.098000,-0.101784
2.687720,2.699560,-0.004458
2.687720,2.839715,0.020967
2.687720,9.155718,0.098246
2.687720,3.407435,-0.068105
2.687720,2.686828,-0.001178
2.687720,3.081013,0.043800
2.687720,11.618310,-0.021856
2.687720,2.980132,-0.034848
2.687720,2.686669,0.001902
2.687720,3.507014,0.074290
2.687720,8.489724,-0.109215
2.687720,2.818364,-0.018698
2.687720,2.703311,0.005055
2.687720,4.252759,0.106898
2.687720,5.810472,-0.129322
2.687720,2.744929,-0.010181
2.687720,2.769813,0.013138
2.687720,6.752464,0.127616
2.687720,3.886955,-0.093550
2.687720,2.694349,-0.003637
2.687720,2.868050,0.023919
2.687720,9.933209,0.082563
2.687720,3.306366,-0.061274
2.687720,2.687075,-0.000427
2.687720,3.188000,0.052505
2.687720,10.909078,-0.056096
2.687720,2.915004,-0.028639
2.687720,2.688724,0.002627
2.687720,3.644912,0.082022
2.687720,7.730091,-0.119201
2.687720,2.796236,-0.016236
2.687720,2.716234,0.006717
2.687720,4.735946,0.118722
2.687720,5.073484,-0.123992
2.687720,2.725333,-0.007824
2.687720,2.787823,0.015257
2.687720,7.423862,0.122423
2.687720,3.711018,-0.085413
2.687720,2.690312,-0.002900
2.687720,2.903403,0.027489
2.687720,10.705161,0.062584
2.687720,3.213090,-0.054435
2.687720,2.687388,0.000282
2.687720,3.291313,0.060204
2.687720,10.056216,-0.079736
2.687720,2.873082,-0.024429
2.687720,2.694358,0.003601
2.687720,3.881746,0.093325
2.687720,6.769829,-0.127518
2.687720,2.770318,-0.013188
2.687720,2.745712,0.010265
2.687720,5.838535,0.129391
2.687720,4.238807,-0.106466
2.687720,2.703025,-0.004996
2.687720,2.821859,0.019070
2.687720,8.602488,0.107503
2.687720,3.489015,-0.073210
2.687720,2.686731,-0.001768
2.687720,2.999299,0.036607
2.687720,11.703334,0.012639
2.687720,3.057294,-0.041762
2.687720,2.686853,0.001355
2.687720,3.432772,0.069728
2.687720,8.976468,-0.101404
2.687720,2.833781,-0.020337
2.687720,2.701044,0.004676
2.687720,4.156228,0.103794
2.687720,6.015228,-0.129632
2.687720,2.750436,-0.010815
2.687720,2.767619,0.012855
2.687720,6.665708,0.128075
2.687720,3.913712,-0.094679
2.687720,2.695264,-0.003713
2.687720,2.872240,0.024337
2.687720,10.035094,0.080229
2.687720,3.293904,-0.060387
2.687720,2.687652,-0.000270
2.687720,3.219091,0.054889
2.687720,10.655740,-0.064057
2.687720,2.900805,-0.027226
2.687720,2.691159,0.003019
2.687720,3.742535,0.086962
2.687720,7.289275,-0.123679
2.687720,2.784205,-0.014826
2.687720,2.730235,0.008410
2.687720,5.255718,0.126017
2.687720,4.590727,-0.115755
2.687720,2.712341,-0.006227
2.687720,2.801619,0.016845
2.687720,7.920454,0.116957
2.687720,3.607238,-0.079999
2.687720,2.688046,-0.002444
2.687720,2.928940,0.029998
2.687720,11.121072,0.048442
2.687720,3.160803,-0.050365
2.687720,2.687121,0.000630
2.687720,3.335451,0.063298
2.687720,9.700263,-0.087633
2.687720,2.859045,-0.022986
2.687720,2.696258,0.003928
2.687720,3.962413,0.096673
2.687720,6.516278,-0.128738
2.687720,2.763617,-0.012392
2.687720,2.753179,0.011152
2.687720,6.120862,0.129629
2.687720,4.110809,-0.102236
2.687720,2.699822,-0.004514
2.687720,2.836404,0.020620
2.687720,9.056971,0.100005
2.687720,3.421267,-0.068996
2.687720,2.686703,-0.001291
2.687720,3.063603,0.042309
2.687720,11.684620,-0.015155
2.687720,2.993970,-0.036122
2.687720,2.686535,0.001784
2.687720,3.488049,0.073153
2.687720,8.608552,-0.107410
2.687720,2.822012,-0.019093
2.687720,2.702061,0.004882
2.687720,4.204955,0.105396
2.687720,5.908652,-0.129525
2.687720,2.747513,-0.010491
2.687720,2.767091,0.012819
2.687720,6.650182,0.128152
2.687720,3.918579,-0.094885
2.687720,2.695054,-0.003770
2.687720,2.861249,0.023221
2.687720,9.759303,0.086381
2.687720,3.327989,-0.062786
2.687720,2.686884,-0.000605
2.687720,3.160498,0.050342
2.687720,11.123285,-0.048356
2.687720,2.929080,-0.030015
2.687720,2.687611,0.002391
2.687720,3.592450,0.079189
2.687720,7.998462,-0.115987
2.687720,2.803812,-0.017100
2.687720,2.709748,0.005911
2.687720,4.496151,0.113567
2.687720,5.390149,-0.127189
2.687720,2.733784,-0.008845
2.687720,2.779958,0.014336
2.687720,7.133010,0.125009
2.687720,3.781256,-0.088811
2.687720,2.691914,-0.003197
2.687720,2.888710,0.026018
2.687720,10.411883,0.070873
2.687720,3.248403,-0.057086
2.687720,2.687368,0.000025
2.687720,3.255205,0.057588
2.687720,10.355202,-0.072362
2.687720,2.886082,-0.025753
2.687720,2.692267,0.003258
2.687720,3.796128,0.089504
2.687720,7.075560,-0.125461
2.687720,2.778422,-0.014154
2.687720,2.735581,0.009061
2.687720,5.457626,0.127682
2.687720,4.452137,-0.112475
2.687720,2.708572,-0.005760
2.687720,2.805888,0.017331
2.687720,8.070269,0.115067
2.687720,3.579171,-0.078451
2.687720,2.687415,-0.002321
2.687720,2.935384,0.030624
2.687720,11.207680,0.044947
2.687720,3.149108,-0.049431
2.687720,2.686907,0.000690
2.687720,3.340302,0.063633
2.687720,9.661961,-0.088434
2.687720,2.857587,-0.022840
2.687720,2.695863,0.003892
2.687720,3.950407,0.096190
2.687720,6.552071,-0.128594
2.687720,2.764519,-0.012509
2.687720,2.750929,0.010894
2.687720,6.037209,0.129641
2.687720,4.146527,-0.103468
2.687720,2.700624,-0.004659
2.687720,2.829401,0.019882
2.687720,8.842645,0.103662
2.687720,3.452316,-0.070959
2.687720,2.686531,-0.001532
2.687720,3.028126,0.039202
2.687720,11.746071,-0.000424
2.687720,3.026187,-0.039030
2.687720,2.686525,0.001545
2.687720,3.454130,0.071072
2.687720,8.830438,-0.103864
2.687720,2.829009,-0.019840
2.687720,2.700678,0.004669
2.687720,4.148850,0.103546
2.687720,6.031905,-0.129639
2.687720,2.750787,-0.010877
2.687720,2.764593,0.012518
2.687720,6.554931,0.128583
2.687720,3.949457,-0.096152
2.687720,2.695835,-0.003889
2.687720,2.857573,0.022839
2.687720,9.661625,0.088441
2.687720,3.340344,-0.063636
2.687720,2.686897,-0.000692
2.687720,3.148763,0.049403
2.687720,11.210184,-0.044842
2.687720,2.935579,-0.030642
2.687720,2.687392,0.002317
2.687720,3.578199,0.078397
2.687720,8.075584,-0.114998
2.687720,2.806041,-0.017348
2.687720,2.708436,0.005743
2.687720,4.447154,0.112349
2.687720,5.465476,-0.127735
2.687720,2.735788,-0.009086
2.687720,2.778178,0.014126
2.687720,7.066554,0.125530
2.687720,3.798491,-0.089614
2.687720,2.692314,-0.003269
2.687720,2.885392,0.025683
2.687720,10.340164,0.072752
2.687720,3.257009,-0.057721
2.687720,2.687349,-0.000040
2.687720,3.245982,0.056907
2.687720,10.432052,-0.070335
2.687720,2.889659,-0.026114
2.687720,2.691744,0.003170
2.687720,3.774466,0.088492
2.687720,7.159697,-0.124792
2.687720,2.780671,-0.014421
2.687720,2.732883,0.008738
2.687720,5.356431,0.126919
2.687720,4.518976,-0.114115
2.687720,2.710357,-0.005990
2.687720,2.802748,0.016981
2.687720,7.961461,0.116451
2.687720,3.599411,-0.079573
2.687720,2.687715,-0.002428
2.687720,2.925819,0.029699
2.687720,11.076891,0.050133
2.687720,3.166599,-0.050827
2.687720,2.686863,0.000558
2.687720,3.321119,0.062309
2.687720,9.814147,-0.085198
2.687720,2.863351,-0.023439
2.687720,2.694583,0.003700
2.687720,3.900132,0.094111
2.687720,6.709230,-0.127852
2.687720,2.768641,-0.013005
2.687720,2.745435,0.010246
2.687720,5.830472,0.129372
2.687720,4.242777,-0.106590
2.687720,2.703010,-0.005024
2.687720,2.817894,0.018651
2.687720,8.474846,0.109437
2.687720,3.509424,-0.074434
2.687720,2.686595,-0.001928
2.687720,2.975471,0.034416
2.687720,11.590004,0.024159
2.687720,3.087204,-0.044326
2.687720,2.686766,0.001126
2.687720,3.399029,0.067559
2.687720,9.216634,-0.097137
2.687720,2.841764,-0.021185
2.687720,2.698848,0.004360
2.687720,4.071020,0.100817
2.687720,6.218930,-0.129533
2.687720,2.755767,-0.011460
2.687720,2.761102,0.012093
2.687720,6.421073,0.129071
2.687720,3.995380,-0.097973
2.687720,2.697034,-0.004061
2.687720,2.853396,0.022401
2.687720,9.547542,0.090774
2.687720,3.354994,-0.064633
2.687720,2.686990,-0.000785
2.687720,3.137384,0.048483
2.687720,11.291049,-0.041307
2.687720,2.942192,-0.031276
2.687720,2.687351,0.002263
2.687720,3.569800,0.077925
2.687720,8.121941,-0.114391
2.687720,2.807405,-0.017496
2.687720,2.708143,0.005698
2.687720,4.435207,0.112042
2.687720,5.484488,-0.127861
2.687720,2.736310,-0.009145
2.687720,2.778230,0.014128
2.687720,7.067734,0.125521
2.687720,3.798186,-0.089599
2.687720,2.692371,-0.003260
2.687720,2.887473,0.025891
2.687720,10.385096,0.071581
2.687720,3.251623,-0.057323
2.687720,2.687485,0.000015
2.687720,3.255804,0.057631
2.687720,10.350256,-0.072491
2.687720,2.885867,-0.025729
2.687720,2.692594,0.003298
2.687720,3.807524,0.090029
2.687720,7.032470,-0.125787
2.687720,2.777289,-0.014016
2.687720,2.737434,0.009279
2.687720,5.526703,0.128123
2.687720,4.409241,-0.111364
2.687720,2.707455,-0.005608
2.687720,2.808870,0.017658
2.687720,8.171928,0.113724
2.687720,3.560870,-0.077420
2.687720,2.687244,-0.002213
2.687720,2.947265,0.031760
2.687720,11.348111,0.038621
2.687720,3.128998,-0.047800
2.687720,2.687001,0.000848
2.687720,3.363928,0.065235
2.687720,9.478915,-0.092142
2.687720,2.850928,-0.022142
2.687720,2.697621,0.004148
2.687720,4.018367,0.098858
2.687720,6.357343,-0.129253
2.687720,2.759436,-0.011892
2.687720,2.757962,0.011717
2.687720,6.301505,0.129386
2.687720,4.039142,-0.099642
2.687720,2.698117,-0.004230
2.687720,2.847659,0.021801
2.687720,9.386818,0.093937
2.687720,3.376070,-0.066046
2.687720,2.686933,-0.000943
2.687720,3.114915,0.046643
2.687720,11.438267,-0.033952
2.687720,2.956194,-0.032608
2.687720,2.686976,0.002115
2.687720,3.542471,0.076367
2.687720,8.277282,-0.112281
2.687720,2.811970,-0.018001
2.687720,2.705724,0.005384
2.687720,4.344714,0.109604
2.687720,5.637289,-0.128704
2.687720,2.740352,-0.009632
2.687720,2.774206,0.013656
2.687720,6.917526,0.126600
2.687720,3.838946,-0.091451
2.687720,2.693263,-0.003436
2.687720,2.877974,0.024931
2.687720,10.172584,0.076956
2.687720,3.277187,-0.059191
2.687720,2.687289,-0.000192
2.687720,3.223917,0.055257
2.687720,10.615620,-0.065228
2.687720,2.898692,-0.027021
2.687720,2.690558,0.002964
2.687720,3.724428,0.086078
2.687720,7.365706,-0.122978
2.687720,2.786224,-0.015074
2.687720,2.726552,0.007975
2.687720,5.119556,0.124554
2.687720,4.697166,-0.117974
2.687720,2.715166,-0.006590
2.687720,2.796730,0.016298
2.687720,7.748578,0.118991
2.687720,3.641139,-0.081823
2.687720,2.688551,-0.002621
2.687720,2.913061,0.028451
2.687720,10.876927,0.057168
2.687720,3.191998,-0.052817
2.687720,2.686925,0.000381
2.687720,3.297421,0.060642
2.687720,10.005991,-0.080904
2.687720,2.870968,-0.024222
2.687720,2.693395,0.003504
2.687720,3.851105,0.091992
2.687720,6.874507,-0.126883
2.687720,2.773012,-0.013526
2.687720,2.740216,0.009626
2.687720,5.633790,0.128688
2.687720,4.346672,-0.109659
2.687720,2.705704,-0.005399
2.687720,2.809663,0.017756
2.687720,8.200582,0.113337
2.687720,3.555793,-0.077133
2.687720,2.686938,-0.002213
2.687720,2.942354,0.031295
2.687720,11.293146,0.041212
2.687720,3.137071,-0.048460
2.687720,2.686743,0.000759
2.687720,3.347189,0.064105
2.687720,9.607996,-0.089547
2.687720,2.855571,-0.022634
2.687720,2.695737,0.003893
2.687720,3.948292,0.096105
2.687720,6.558423,-0.128568
2.687720,2.764658,-0.012532
2.687720,2.749918,0.010779
2.687720,5.999933,0.129625
2.687720,4.163007,-0.104023
2.687720,2.700983,-0.004728
2.687720,2.825885,0.019510
2.687720,8.732509,0.105457
2.687720,3.468870,-0.071984
2.687720,2.686455,-0.001658
2.687720,3.009792,0.037561
2.687720,11.729961,0.007767
2.687720,3.045367,-0.040724
2.687720,2.686564,0.001409
2.687720,3.435510,0.069903
2.687720,8.957372,-0.101732
2.687720,2.833113,-0.020275
2.687720,2.699976,0.004556
2.687720,4.119825,0.102551
2.687720,6.099352,-0.129639
2.687720,2.752578,-0.011088
2.687720,2.763207,0.012351
2.687720,6.502071,0.128792
2.687720,3.967223,-0.096866
2.687720,2.696283,-0.003958
2.687720,2.855452,0.022618
2.687720,9.604212,0.089624
2.687720,3.347684,-0.064137
2.687720,2.686899,-0.000744
2.687720,3.141610,0.048826
2.687720,11.261429,-0.042635
2.687720,2.939694,-0.031038
2.687720,2.687268,0.002272
2.687720,3.569666,0.077918
2.687720,8.122650,-0.114382
2.687720,2.807409,-0.017500
2.687720,2.707673,0.005644
2.687720,4.418617,0.111611
2.687720,5.511307,-0.128030
2.687720,2.737004,-0.009232
2.687720,2.777049,0.013993
2.687720,7.024371,0.125847
2.687720,3.809681,-0.090129
2.687720,2.692568,-0.003316
2.687720,2.883053,0.025447
2.687720,10.288433,0.074077
2.687720,3.263223,-0.058176
2.687720,2.687318,-0.000088
2.687720,3.238777,0.056372
2.687720,10.492080,-0.068708
2.687720,2.892531,-0.026404
2.687720,2.691314,0.003099
2.687720,3.756740,0.087649
2.687720,7.230765,-0.124194
2.687720,2.782577,-0.014646
2.687720,2.730603,0.008464
2.687720,5.271066,0.126164
2.687720,4.579422,-0.115505
2.687720,2.711981,-0.006196
2.687720,2.800337,0.016710
2.687720,7.876951,0.117486
2.687720,3.615624,-0.080457
2.687720,2.687997,-0.002508
2.687720,2.919483,0.029082
2.687720,10.981328,0.053609
2.687720,3.178891,-0.051796
2.687720,2.686844,0.000466
2.687720,3.308023,0.061392
2.687720,9.919668,-0.082868
2.687720,2.867484,-0.023866
2.687720,2.693764,0.003573
2.687720,3.867525,0.092712
2.687720,6.817746,-0.127237
2.687720,2.771499,-0.013348
2.687720,2.741734,0.009808
2.687720,5.691268,0.128934
2.687720,4.314918,-0.108753
2.687720,2.704860,-0.005287
2.687720,2.811482,0.017956
2.687720,8.262154,0.112492
2.687720,3.545063,-0.076518
2.687720,2.686807,-0.002153
2.687720,2.948374,0.031869
2.687720,11.360206,0.038028
2.687720,3.127162,-0.047652
2.687720,2.686741,0.000831
2.687720,3.357242,0.064787
2.687720,9.530090,-0.091125
2.687720,2.852732,-0.022338
2.687720,2.696324,0.003983
2.687720,3.971642,0.097042
2.687720,6.489115,-0.128840
2.687720,2.762840,-0.012313
2.687720,2.752219,0.011051
2.687720,6.086644,0.129642
2.687720,4.125202,-0.102738
2.687720,2.700060,-0.004582
2.687720,2.830922,0.020045
2.687720,8.890230,0.102869
2.687720,3.445288,-0.070520
2.687720,2.686474,-0.001489
2.687720,3.033070,0.039642
2.687720,11.744356,-0.002566
2.687720,3.021326,-0.038597
2.687720,2.686435,0.001571
2.687720,3.456200,0.071201
2.687720,8.816513,-0.104093
2.687720,2.828549,-0.019794
2.687720,2.700374,0.004637
2.687720,4.138804,0.103205
2.687720,6.054936,-0.129644
2.687720,2.751370,-0.010952
2.687720,2.763282,0.012368
2.687720,6.506319,0.128776
2.687720,3.965768,-0.096808
2.687720,2.696151,-0.003963
2.687720,2.852662,0.022332
2.687720,9.528363,0.091159
2.687720,3.357463,-0.064802
2.687720,2.686687,-0.000839
2.687720,3.125190,0.047491
2.687720,11.373138,-0.037383
2.687720,2.949598,-0.031986
2.687720,2.686700,0.002132
2.687720,3.540166,0.076236
2.687720,8.290608,-0.112096
2.687720,2.812317,-0.018050
2.687720,2.704212,0.005205
2.687720,4.291201,0.108059
2.687720,5.735660,-0.129098
2.687720,2.742894,-0.009950
2.687720,2.769976,0.013172
2.687720,6.760997,0.127569
2.687720,3.884366,-0.093440
2.687720,2.694109,-0.003647
2.687720,2.862900,0.023397
2.687720,9.803010,0.085440
2.687720,3.322500,-0.062406
2.687720,2.686684,-0.000589
2.687720,3.159427,0.050258
2.687720,11.131273,-0.048044
2.687720,2.929640,-0.030072
2.687720,2.687227,0.002342
2.687720,3.578934,0.078440
2.687720,8.071488,-0.115052
2.687720,2.805885,-0.017339
2.687720,2.707484,0.005633
2.687720,4.413708,0.111483
2.687720,5.519327,-0.128079
2.687720,2.737180,-0.009262
2.687720,2.775734,0.013848
2.687720,6.976736,0.126192
2.687720,3.822548,-0.090716
2.687720,2.692727,-0.003386
2.687720,2.876227,0.024759
2.687720,10.132374,0.077929
2.687720,3.282037,-0.059542
2.687720,2.686993,-0.000262
2.687720,3.209465,0.054161
2.687720,10.734809,-0.061683
2.687720,2.904975,-0.027651
2.687720,2.689307,0.002770
2.687720,3.675327,0.083607
2.687720,7.584952,-0.120789
2.687720,2.792188,-0.015775
2.687720,2.719431,0.007115
2.687720,4.855382,0.120832
2.687720,4.941969,-0.122189
2.687720,2.721767,-0.007399
2.687720,2.790089,0.015530
2.687720,7.508286,0.121584
2.687720,3.692045,-0.084460
2.687720,2.689719,-0.002838
2.687720,2.902366,0.027391
2.687720,10.686282,0.063151
2.687720,3.215364,-0.054610
2.687720,2.687076,0.000229
2.687720,3.278810,0.059309
2.687720,10.159067,-0.077285
2.687720,2.877372,-0.024874
2.687720,2.692776,0.003383
2.687720,3.822959,0.090734
2.687720,6.975245,-0.126203
2.687720,2.775707,-0.013842
2.687720,2.737575,0.009307
2.687720,5.533832,0.128165
2.687720,4.404919,-0.111250
2.687720,2.707266,-0.005601
2.687720,2.806846,0.017443
2.687720,8.104192,0.114625
2.687720,3.572989,-0.078106
2.687720,2.687192,-0.002304
2.687720,2.934169,0.030509
2.687720,11.192096,0.045596
2.687720,3.151236,-0.049603
2.687720,2.686755,0.000657
2.687720,3.333172,0.063144
2.687720,9.718114,-0.087257
2.687720,2.859672,-0.023060
2.687720,2.694952,0.003770
2.687720,3.916826,0.094812
2.687720,6.655704,-0.128125
2.687720,2.767215,-0.012838
2.687720,2.746726,0.010402
2.687720,5.879602,0.129476
2.687720,4.218793,-0.105838
2.687720,2.702378,-0.004938
2.687720,2.819551,0.018831
2.687720,8.529198,0.108623
2.687720,3.500641,-0.073911
2.687720,2.686517,-0.001875
2.687720,2.981370,0.034964
2.687720,11.625355,0.021245
2.687720,3.079382,-0.043662
2.687720,2.686711,0.001177
2.687720,3.405238,0.067963
2.687720,9.171530,-0.097960
2.687720,2.840230,-0.021025
2.687720,2.698982,0.004387
2.687720,4.077376,0.101047
2.687720,6.202895,-0.129555
2.687720,2.755334,-0.011410
2.687720,2.761246,0.012112
2.687720,6.426883,0.129053
2.687720,3.993320,-0.097893
2.687720,2.696961,-0.004055
2.687720,2.853001,0.022361
2.687720,9.536810,0.090990
2.687720,3.356382,-0.064727
2.687720,2.686944,-0.000801
2.687720,3.134530,0.048252
2.687720,11.310709,-0.040401
2.687720,2.943893,-0.031439
2.687720,2.687230,0.002237
2.687720,3.563965,0.077596
2.687720,8.154494,-0.113958
2.687720,2.808348,-0.017603
2.687720,2.707411,0.005606
2.687720,4.408295,0.111340
2.687720,5.528260,-0.128132
2.687720,2.737463,-0.009285
2.687720,2.776892,0.013973
2.687720,7.018140,0.125893
2.687720,3.811354,-0.090205
2.687720,2.692637,-0.003320
2.687720,2.883694,0.025511
2.687720,10.302585,0.073717
2.687720,3.261525,-0.058051
2.687720,2.687381,-0.000069
2.687720,3.242510,0.056649
2.687720,10.461004,-0.069555
2.687720,2.891039,-0.026253
2.687720,2.691648,0.003149
2.687720,3.769693,0.088266
2.687720,7.178641,-0.124635
2.687720,2.781184,-0.014480
2.687720,2.732433,0.008683
2.687720,5.339413,0.126777
2.687720,4.530717,-0.114392
2.687720,2.710678,-0.006029
2.687720,2.802439,0.016945
2.687720,7.950524,0.116587
2.687720,3.601486,-0.079686
2.687720,2.687770,-0.002436
2.687720,2.925587,0.029676
2.687720,11.073495,0.050261
2.687720,3.167043,-0.050862
2.687720,2.686887,0.000557
2.687720,3.321441,0.062331
2.687720,9.811578,-0.085254
2.687720,2.863255,-0.023428
2.687720,2.694675,0.003711
2.687720,3.903376,0.094248
2.687720,6.698730,-0.127907
2.687720,2.768368,-0.012972
2.687720,2.745894,0.010300
2.687720,5.847665,0.129412
2.687720,4.234303,-0.106327
2.687720,2.702801,-0.004992
2.687720,2.818906,0.018760
2.687720,8.507873,0.108944
2.687720,3.504074,-0.074116
2.687720,2.686582,-0.001891
2.687720,2.980191,0.034854
2.687720,11.618672,0.021825
2.687720,3.080927,-0.043793
2.687720,2.686762,0.001171
2.687720,3.405330,0.067969
2.687720,9.170887,-0.097971
2.687720,2.840215,-0.021022
2.687720,2.699184,0.004411
2.687720,4.084407,0.101300
2.687720,6.185339,-0.129576
2.687720,2.754885,-0.011354
2.687720,2.762101,0.012211
2.687720,6.458733,0.128947
2.687720,3.982151,-0.097456
2.687720,2.696733,-0.004006
2.687720,2.855992,0.022670
2.687720,9.618315,0.089335
2.687720,3.345885,-0.064013
2.687720,2.687068,-0.000711
2.687720,3.148841,0.049408
2.687720,11.209674,-0.044863
2.687720,2.935552,-0.030638
2.687720,2.687689,0.002352
2.687720,3.588204,0.078953
2.687720,8.021303,-0.115697
2.687720,2.804501,-0.017170
2.687720,2.710204,0.005959
2.687720,4.511494,0.113936
2.687720,5.367402,-0.127008
2.687720,2.733209,-0.008769
2.687720,2.781426,0.014501
2.687720,7.186312,0.124571
2.687720,3.767781,-0.088174
2.687720,2.691726,-0.003127
2.687720,2.895256,0.026671
2.687720,10.546981,0.067184
2.687720,3.232199,-0.055877
2.687720,2.687628,0.000172
2.687720,3.279942,0.059387
2.687720,10.149956,-0.077505
2.687720,2.877043,-0.024829
2.687720,2.694343,0.003569
2.687720,3.876891,0.093116
2.687720,6.786133,-0.127423
2.687720,2.770784,-0.013236
2.687720,2.746187,0.010315
2.687720,5.855393,0.129427
2.687720,4.230545,-0.106208
2.687720,2.702868,-0.004959
2.687720,2.824326,0.019331
2.687720,8.681153,0.106274
2.687720,3.476765,-0.072465
2.687720,2.686798,-0.001673
2.687720,3.013176,0.037863
2.687720,11.735707,0.006232
2.687720,3.041708,-0.040401
2.687720,2.686863,0.001471
2.687720,3.449231,0.070764
2.687720,8.863623,-0.103313
2.687720,2.830128,-0.019948
2.687720,2.701918,0.004805
2.687720,4.190806,0.104937
2.687720,5.938949,-0.129567
2.687720,2.748426,-0.010575
2.687720,2.769628,0.013092
2.687720,6.741312,0.127677
2.687720,3.890362,-0.093693
2.687720,2.694745,-0.003614
2.687720,2.877325,0.024854
2.687720,10.156152,0.077355
2.687720,3.279201,-0.059332
2.687720,2.687793,-0.000148
2.687720,3.238284,0.056331
2.687720,10.496394,-0.068589
2.687720,2.892786,-0.026420
2.687720,2.692421,0.003227
2.687720,3.794122,0.089410
2.687720,7.083298,-0.125401
2.687720,2.778690,-0.014172
2.687720,2.737079,0.009228
2.687720,5.512004,0.128034
2.687720,4.418204,-0.111600
2.687720,2.707747,-0.005633
2.687720,2.810045,0.017781
2.687720,8.210831,0.113197
2.687720,3.554022,-0.077029
2.687720,2.687314,-0.002157
2.687720,2.955979,0.032585
2.687720,11.436111,0.034071
2.687720,3.115276,-0.046671
2.687720,2.687155,0.000966
2.687720,3.383016,0.066505
2.687720,9.334893,-0.094929
2.687720,2.845879,-0.021608
2.687720,2.699344,0.004387
2.687720,4.083633,0.101271
2.687720,6.187315,-0.129573
2.687720,2.755018,-0.011351
2.687720,2.764407,0.012465
2.687720,6.542783,0.128631
2.687720,3.953535,-0.096314
2.687720,2.696284,-0.003865
2.687720,2.867903,0.023889
2.687720,9.927666,0.082687
2.687720,3.307085,-0.061320
2.687720,2.687715,-0.000357
2.687720,3.208047,0.054047
2.687720,10.746745,-0.061316
2.687720,2.905692,-0.027710
2.687720,2.690807,0.002941
2.687720,3.725321,0.086120
2.687720,7.361960,-0.123013
2.687720,2.786185,-0.015055
2.687720,2.728405,0.008187
2.687720,5.186823,0.125313
2.687720,4.643139,-0.116879
2.687720,2.713769,-0.006402
2.687720,2.800281,0.016690
2.687720,7.872835,0.117535
2.687720,3.616446,-0.080499
2.687720,2.688285,-0.002480
2.687720,2.927833,0.029889
2.687720,11.105384,0.049049
2.687720,3.162880,-0.050529
2.687720,2.687224,0.000627
2.687720,3.336721,0.063385
2.687720,9.690284,-0.087842
2.687720,2.858684,-0.022946
2.687720,2.696669,0.003979
2.687720,3.976943,0.097250
2.687720,6.473774,-0.128895
2.687720,2.762521,-0.012255
2.687720,2.755132,0.011378
2.687720,6.193900,0.129565
2.687720,4.080977,-0.101176
2.687720,2.699149,-0.004392
2.687720,2.842204,0.021229
2.687720,9.229121,0.096907
2.687720,3.397326,-0.067447
2.687720,2.686871,-0.001101
2.687720,3.092234,0.044750
2.687720,11.565398,-0.025997
2.687720,2.971797,-0.034073
2.687720,2.686748,0.001973
2.687720,3.518424,0.074965
2.687720,8.419989,-0.110245
2.687720,2.816246,-0.018469
2.687720,2.704019,0.005153
2.687720,4.279984,0.107724
2.687720,5.757141,-0.129168
2.687720,2.743520,-0.010012
2.687720,2.771147,0.013296
2.687720,6.802707,0.127326
2.687720,3.871961,-0.092904
2.687720,2.694006,-0.003575
2.687720,2.871004,0.024221
2.687720,10.006304,0.080897
2.687720,3.297395,-0.060639
2.687720,2.687138,-0.000355
2.687720,3.198938,0.053352
2.687720,10.820873,-0.058990
2.687720,2.909805,-0.028127
2.687720,2.689226,0.002725
2.687720,3.667423,0.083198
2.687720,7.621991,-0.120394
2.687720,2.793235,-0.015890
2.687720,2.719103,0.007069
2.687720,4.842330,0.120615
2.687720,4.955633,-0.122391
2.687720,2.722158,-0.007441
2.687720,2.790452,0.015566
2.687720,7.520585,0.121458
2.687720,3.689341,-0.084322
2.687720,2.689759,-0.002814
2.687720,2.906169,0.027765
2.687720,10.756136,0.061027
2.687720,3.206878,-0.053961
2.687720,2.687249,0.000311
2.687720,3.293029,0.060327
2.687720,10.042081,-0.080067
2.687720,2.872483,-0.024370
2.687720,2.694067,0.003571
2.687720,3.872442,0.092924
2.687720,6.801093,-0.127336
2.687720,2.771121,-0.013289
2.687720,2.744056,0.010073
2.687720,5.776817,0.129229
2.687720,4.269836,-0.107418
2.687720,2.703783,-0.005114
2.687720,2.817885,0.018644
2.687720,8.473618,0.109455
2.687720,3.509634,-0.074445
2.687720,2.686749,-0.001911
2.687720,2.980179,0.034852
2.687720,11.618560,0.021835
2.687720,3.080958,-0.043795
2.687720,2.686889,0.001186
2.687720,3.409529,0.068240
2.687720,9.140683,-0.098517
2.687720,2.839219,-0.020913
2.687720,2.699919,0.004504
2.687720,4.111006,0.102242
2.687720,6.120418,-0.129629
2.687720,2.753210,-0.011146
2.687720,2.764877,0.012531
2.687720,6.562252,0.128551
2.687720,3.947059,-0.096053
2.687720,2.696019,-0.003852
2.687720,2.865504,0.023647
2.687720,9.867656,0.084025
2.687720,3.314494,-0.061842
2.687720,2.687467,-0.000439
2.687720,3.192678,0.052865
2.687720,10.871663,-0.057341
2.687720,2.912794,-0.028416
2.687720,2.689677,0.002755
2.687720,3.679467,0.083817
2.687720,7.565867,-0.120989
2.687720,2.791732,-0.015707
2.687720,2.721897,0.007401
2.687720,4.944695,0.122229
2.687720,4.852778,-0.120789
2.687720,2.719420,-0.007100
2.687720,2.794028,0.015974
2.687720,7.649308,0.120098
2.687720,3.661666,-0.082898
2.687720,2.689252,-0.002682
2.687720,2.915989,0.028732
2.687720,10.924810,0.055563
2.687720,3.186045,-0.052351
2.687720,2.687371,0.000476
2.687720,3.318063,0.062092
2.687720,9.838887,-0.084658
2.687720,2.864370,-0.023532
2.687720,2.695954,0.003852
2.687720,3.946066,0.096013
2.687720,6.565242,-0.128539
2.687720,2.764941,-0.012542
2.687720,2.752667,0.011085
2.687720,6.100419,0.129638
2.687720,4.119390,-0.102535
2.687720,2.700092,-0.004540
2.687720,2.837125,0.020693
2.687720,9.078253,0.099630
2.687720,3.418268,-0.068803
2.687720,2.686811,-0.001257
2.687720,3.069953,0.042855
2.687720,11.662840,-0.017638
2.687720,2.988793,-0.035647
2.687720,2.686651,0.001836
2.687720,3.497358,0.073713
2.687720,8.549784,-0.108311
2.687720,2.820211,-0.018897
2.687720,2.702930,0.004997
2.687720,4.237345,0.106421
2.687720,5.841486,-0.129398
2.687720,2.745758,-0.010278
2.687720,2.769328,0.013079
2.687720,6.733811,0.127719
2.687720,3.892614,-0.093791
2.687720,2.694510,-0.003657
2.687720,2.867908,0.023903
2.687720,9.929526,0.082646
2.687720,3.306823,-0.061306
2.687720,2.687120,-0.000425
2.687720,3.189014,0.052584
2.687720,10.900973,-0.056368
2.687720,2.914518,-0.028591
2.687720,2.688848,0.002645
2.687720,3.649606,0.082269
2.687720,7.707217,-0.119458
2.687720,2.795603,-0.016162
2.687720,2.716963,0.006805
2.687720,4.762768,0.119221
2.687720,5.042628,-0.123596
2.687720,2.724507,-0.007723
2.687720,2.788645,0.015352
2.687720,7.453945,0.122128
2.687720,3.704194,-0.085071
2.687720,2.690161,-0.002870
2.687720,2.905003,0.027647
2.687720,10.734696,0.061686
2.687720,3.209498,-0.054161
2.687720,2.687387,0.000308
2.687720,3.294903,0.060460
2.687720,10.026798,-0.080422
2.687720,2.871870,-0.024305
2.687720,2.694571,0.003635
2.687720,3.890370,0.093695
2.687720,6.741230,-0.127678
2.687720,2.769564,-0.013098
2.687720,2.746681,0.010379
2.687720,5.875014,0.129467
2.687720,4.221021,-0.105908
2.687720,2.702578,-0.004929
2.687720,2.823774,0.019275
2.687720,8.664011,0.106544
2.687720,3.479409,-0.072627
2.687720,2.686712,-0.001702
2.687720,3.007911,0.037389
2.687720,11.726141,0.008635
2.687720,3.047472,-0.040906
2.687720,2.686807,0.001422
2.687720,3.441388,0.070272
2.687720,8.917020,-0.102417
2.687720,2.831841,-0.020132
2.687720,2.701289,0.004719
2.687720,4.166944,0.104152
2.687720,5.991209,-0.129618
2.687720,2.749791,-0.010741
2.687720,2.767889,0.012889
2.687720,6.676336,0.128021
2.687720,3.910376,-0.094540
2.687720,2.695154,-0.003703
2.687720,2.871852,0.024298
2.687720,10.025816,0.080445
2.687720,3.295034,-0.060467
2.687720,2.687589,-0.000285
2.687720,3.215916,0.054648
2.687720,10.681943,-0.063280
2.687720,2.902181,-0.027364
2.687720,2.690876,0.002975
2.687720,3.731438,0.086421
2.687720,7.335877,-0.123255
2.687720,2.785458,-0.014975
2.687720,2.728628,0.008217
2.687720,5.195809,0.125409
2.687720,4.636136,-0.116732
2.687720,2.713559,-0.006381
2.687720,2.799862,0.016647
2.687720,7.858687,0.117705
2.687720,3.619202,-0.080649
2.687720,2.688255,-0.002503
2.687720,2.924278,0.029545
2.687720,11.054010,0.050987
2.687720,3.169586,-0.051061
2.687720,2.687112,0.000565
2.687720,3.326260,0.062664
2.687720,9.773181,-0.086083
2.687720,2.861807,-0.023273
2.687720,2.695665,0.003838
2.687720,3.938953,0.095724
2.687720,6.586873,-0.128445
2.687720,2.765466,-0.012615
2.687720,2.750725,0.010864
2.687720,6.028514,0.129638
2.687720,4.150347,-0.103596
2.687720,2.700770,-0.004668
2.687720,2.830544,0.020000
2.687720,8.877774,0.103078
2.687720,3.447129,-0.070634
2.687720,2.686620,-0.001485
2.687720,3.035961,0.039896
2.687720,11.742243,-0.003803
2.687720,3.018559,-0.038348
2.687720,2.686569,0.001607
2.687720,3.463525,0.071654
2.687720,8.767793,-0.104888
2.687720,2.827021,-0.019627
2.687720,2.701278,0.004754
2.687720,4.171982,0.104320
2.687720,5.979999,-0.129610
2.687720,2.749426,-0.010713
2.687720,2.766144,0.012700
2.687720,6.613254,0.128327
2.687720,3.930388,-0.095373
2.687720,2.695412,-0.003809
2.687720,2.861714,0.023266
2.687720,9.771028,0.086130
2.687720,3.326525,-0.062683
2.687720,2.687027,-0.000577
2.687720,3.166548,0.050822
2.687720,11.077343,-0.050116
2.687720,2.925863,-0.029701
2.687720,2.688016,0.002463
2.687720,3.609479,0.080122
2.687720,7.908761,-0.117100
2.687720,2.801270,-0.016809
2.687720,2.712143,0.006207
2.687720,4.584108,0.115609
2.687720,5.264686,-0.126103
2.687720,2.730460,-0.008440
2.687720,2.783552,0.014753
2.687720,7.265729,0.123889
2.687720,3.748213,-0.087237
2.687720,2.691229,-0.003050
2.687720,2.897756,0.026923
2.687720,10.596867,0.065768
2.687720,3.226191,-0.055426
2.687720,2.687538,0.000205
2.687720,3.283035,0.059610
2.687720,10.124389,-0.078120
2.687720,2.875948,-0.024719
2.687720,2.694281,0.003570
2.687720,3.875977,0.093076
2.687720,6.789197,-0.127406
2.687720,2.770851,-0.013247
2.687720,2.745698,0.010259
2.687720,5.837382,0.129388
2.687720,4.239380,-0.106484
2.687720,2.703071,-0.004994
2.687720,2.822784,0.019167
2.687720,8.631942,0.107046
2.687720,3.484402,-0.072930
2.687720,2.686777,-0.001730
2.687720,3.005184,0.037141
2.687720,11.719889,0.009894
2.687720,3.050535,-0.041174
2.687720,2.686875,0.001408
2.687720,3.440474,0.070214
2.687720,8.923315,-0.102311
2.687720,2.832056,-0.020153
2.687720,2.701531,0.004745
2.687720,4.175144,0.104424
2.687720,5.973074,-0.129603
2.687720,2.749330,-0.010682
2.687720,2.768881,0.013002
2.687720,6.713043,0.127831
2.687720,3.898998,-0.094060
2.687720,2.694951,-0.003649
2.687720,2.875884,0.024707
2.687720,10.122264,0.078171
2.687720,3.283306,-0.059627
2.687720,2.687776,-0.000179
2.687720,3.233647,0.055985
2.687720,10.534993,-0.067519
2.687720,2.894676,-0.026611
2.687720,2.692143,0.003180
2.687720,3.782615,0.088873
2.687720,7.127774,-0.125050
2.687720,2.779877,-0.014313
2.687720,2.735615,0.009053
2.687720,5.457061,0.127677
2.687720,4.452508,-0.112484
2.687720,2.708654,-0.005753
2.687720,2.808063,0.017563
2.687720,8.143415,0.114106
2.687720,3.565957,-0.077707
2.687720,2.687448,-0.002225
2.687720,2.948918,0.031916
2.687720,11.365668,0.037756
2.687720,3.126351,-0.047582
2.687720,2.687153,0.000885
2.687720,3.371617,0.065748
2.687720,9.420515,-0.093285
2.687720,2.848875,-0.021923
2.687720,2.698628,0.004281
2.687720,4.055468,0.100246
2.687720,6.258796,-0.129469
2.687720,2.756887,-0.011577
2.687720,2.762055,0.012190
2.687720,6.454517,0.128961
2.687720,3.983637,-0.097513
2.687720,2.696932,-0.003993
2.687720,2.860858,0.023166
2.687720,9.747205,0.086639
2.687720,3.329543,-0.062889
2.687720,2.687450,-0.000549
2.687720,3.177282,0.051665
2.687720,10.994209,-0.053153
2.687720,2.920359,-0.029158
2.687720,2.689121,0.002634
2.687720,3.652575,0.082423
2.687720,7.692918,-0.119617
2.687720,2.795255,-0.016111
2.687720,2.718724,0.007010
2.687720,4.826333,0.120344
2.687720,4.972615,-0.122636
2.687720,2.722666,-0.007490
2.687720,2.791563,0.015682
2.687720,7.558963,0.121061
2.687720,3.680971,-0.083894
2.687720,2.689793,-0.002752
2.687720,2.915034,0.028634
2.687720,10.908840,0.056103
2.687720,3.188056,-0.052505
2.687720,2.687607,0.000489
2.687720,3.323765,0.062487
2.687720,9.793313,-0.085649
2.687720,2.862638,-0.023347
2.687720,2.697046,0.003993
2.687720,3.985592,0.097589
2.687720,6.448939,-0.128980
2.687720,2.761935,-0.012170
2.687720,2.757824,0.011682
2.687720,6.293295,0.129402
2.687720,4.042270,-0.099757
2.687720,2.698375,-0.004221
2.687720,2.852879,0.022337
2.687720,9.531960,0.091086
2.687720,3.357035,-0.064768
2.687720,2.687347,-0.000758
2.687720,3.146899,0.049250
2.687720,11.223820,-0.044265
2.687720,2.936684,-0.030743
2.687720,2.688129,0.002396
2.687720,3.601792,0.079700
2.687720,7.949053,-0.116604
2.687720,2.802474,-0.016933
2.687720,2.712852,0.006280
2.687720,4.607914,0.116130
2.687720,5.232722,-0.125790
2.687720,2.729658,-0.008332
2.687720,2.785870,0.015012
2.687720,7.349223,0.123131
2.687720,3.728313,-0.086266
2.687720,2.690989,-0.002940
2.687720,2.908659,0.028001
2.687720,10.799571,0.059667
2.687720,3.201596,-0.053550
2.687720,2.687931,0.000429
2.687720,3.320662,0.062269
2.687720,9.818292,-0.085107
2.687720,2.863639,-0.023443
2.687720,2.697837,0.004078
2.687720,4.011754,0.098602
2.687720,6.375581,-0.129203
2.687720,2.760072,-0.011932
2.687720,2.761945,0.012154
2.687720,6.446480,0.128987
2.687720,3.986473,-0.097622
2.687720,2.697256,-0.003975
2.687720,2.868371,0.023929
2.687720,9.938381,0.082445
2.687720,3.305785,-0.061225
2.687720,2.688074,-0.000306
2.687720,3.220979,0.055028
2.687720,10.640299,-0.064509
2.687720,2.900038,-0.027142
2.687720,2.692193,0.003146
2.687720,3.778506,0.088679
2.687720,7.143908,-0.124920
2.687720,2.780352,-0.014360
2.687720,2.736335,0.009131
2.687720,5.482783,0.127849
2.687720,4.436290,-0.112069
2.687720,2.708276,-0.005690
2.687720,2.810572,0.017833
2.687720,8.227753,0.112965
2.687720,3.551073,-0.076859
2.687720,2.687421,-0.002124
2.687720,2.962150,0.033166
2.687720,11.491045,0.030896
2.687720,3.106036,-0.045903
2.687720,2.687289,0.001049
2.687720,3.396921,0.067418
2.687720,9.232270,-0.096848
2.687720,2.842371,-0.021234
2.687720,2.700706,0.004572
2.687720,4.134838,0.103066
2.687720,6.064245,-0.129643
2.687720,2.751823,-0.010959
2.687720,2.769112,0.013009
2.687720,6.718260,0.127802
2.687720,3.897422,-0.093991
2.687720,2.695176,-0.003612
2.687720,2.884357,0.025558
2.687720,10.314992,0.073399
2.687720,3.260089,-0.057938
2.687720,2.688404,0.000062
2.687720,3.277282,0.059189
2.687720,10.172297,-0.076962
2.687720,2.878081,-0.024919
2.687720,2.696278,0.003788
2.687720,3.942124,0.095849
2.687720,6.577357,-0.128485
2.687720,2.765417,-0.012563
2.687720,2.756831,0.011546
2.687720,6.252530,0.129479
2.687720,4.057922,-0.100335
2.687720,2.698938,-0.004261
2.687720,2.856314,0.022686
2.687720,9.624695,0.089203
2.687720,3.345108,-0.063955
2.687720,2.687752,-0.000625
2.687720,3.171686,0.051222
2.687720,11.037995,-0.051575
2.687720,2.923253,-0.029436
2.687720,2.689517,0.002659
2.687720,3.662850,0.082958
2.687720,7.643770,-0.120158
2.687720,2.793933,-0.015950
2.687720,2.721198,0.007304
2.687720,4.916864,0.121809
2.687720,4.879817,-0.121228
2.687720,2.720200,-0.007183
2.687720,2.794882,0.016060
2.687720,7.678087,0.119782
2.687720,3.655666,-0.082583
2.687720,2.689349,-0.002628
2.687720,2.924687,0.029577
2.687720,11.059362,0.050787
2.687720,3.168920,-0.051004
2.687720,2.687709,0.000640
2.687720,3.346504,0.064050
2.687720,9.613778,-0.089427
2.687720,2.855906,-0.022644
2.687720,2.698890,0.004259
2.687720,4.056740,0.100291
2.687720,6.255575,-0.129474
2.687720,2.756904,-0.011556
2.687720,2.765092,0.012527
2.687720,6.565425,0.128537
2.687720,3.946047,-0.096009
2.687720,2.696343,-0.003807
2.687720,2.876535,0.024762
2.687720,10.136254,0.077834
2.687720,3.281639,-0.059503
2.687720,2.688322,-0.000103
2.687720,3.253071,0.057423
2.687720,10.373400,-0.071886
2.687720,2.887015,-0.025829
2.687720,2.694540,0.003518
2.687720,3.872743,0.092934
2.687720,6.800226,-0.127340
2.687720,2.771257,-0.013269
2.687720,2.748628,0.010585
2.687720,5.944329,0.129573
2.687720,4.188331,-0.104856
2.687720,2.701973,-0.004782
2.687720,2.834025,0.020355
2.687720,8.982812,0.101295
2.687720,3.431874,-0.069669
2.687720,2.687090,-0.001321
2.687720,3.065720,0.042489
2.687720,11.677726,-0.015982
2.687720,2.992258,-0.035962
2.687720,2.686996,0.001851
2.687720,3.505232,0.074181
2.687720,8.500872,-0.109048
2.687720,2.818766,-0.018729
2.687720,2.704870,0.005233
2.687720,4.306974,0.108521
2.687720,5.706056,-0.128990
2.687720,2.742254,-0.009841
2.687720,2.774918,0.013720
2.687720,6.940849,0.126441
2.687720,3.832469,-0.091159
2.687720,2.693396,-0.003376
2.687720,2.888103,0.025946
2.687720,10.397700,0.071248
2.687720,3.250134,-0.057210
2.687720,2.687931,0.000078
2.687720,3.271821,0.058797
2.687720,10.217309,-0.075858
2.687720,2.879977,-0.025122
2.687720,2.694666,0.003585
2.687720,3.884728,0.093452
2.687720,6.759973,-0.127573
2.687720,2.770139,-0.013148
2.687720,2.748369,0.010564
2.687720,5.936248,0.129563
2.687720,4.192063,-0.104978
2.687720,2.701979,-0.004806
2.687720,2.830905,0.020029
2.687720,8.887503,0.102914
2.687720,3.445717,-0.070543
2.687720,2.686918,-0.001440
2.687720,3.046849,0.040851
2.687720,11.727321,-0.008375
2.687720,3.008482,-0.037439
2.687720,2.686838,0.001713
2.687720,3.482985,0.072844
2.687720,8.641051,-0.106904
2.687720,2.823078,-0.019196
2.687720,2.703302,0.005019
2.687720,4.247108,0.106723
2.687720,5.821810,-0.129351
2.687720,2.745304,-0.010208
2.687720,2.771747,0.013349
2.687720,6.822219,0.127209
2.687720,3.866253,-0.092654
2.687720,2.694117,-0.003523
2.687720,2.879708,0.025099
2.687720,10.211677,0.075997
2.687720,3.272488,-0.058847
2.687720,2.687709,-0.000109
2.687720,3.242261,0.056628
2.687720,10.463220,-0.069494
2.687720,2.891177,-0.026260
2.687720,2.692428,0.003239
2.687720,3.796115,0.089502
2.687720,7.075664,-0.125460
2.687720,2.778474,-0.014150
2.687720,2.736978,0.009218
2.687720,5.508596,0.128013
2.687720,4.420291,-0.111655
2.687720,2.707787,-0.005642
2.687720,2.809463,0.017719
2.687720,8.191357,0.113462
2.687720,3.557442,-0.077224
2.687720,2.687312,-0.002181
2.687720,2.952671,0.032273
2.687720,11.404149,0.035789
2.687720,3.120392,-0.047093
2.687720,2.687115,0.000924
2.687720,3.376473,0.066072
2.687720,9.383868,-0.093994
2.687720,2.847581,-0.021788
2.687720,2.698796,0.004310
2.687720,4.062726,0.100513
2.687720,6.240102,-0.129500
2.687720,2.756391,-0.011519
2.687720,2.762463,0.012239
2.687720,6.470046,0.128908
2.687720,3.978243,-0.097301
2.687720,2.696800,-0.003972
2.687720,2.861619,0.023245
2.687720,9.767162,0.086212
2.687720,3.327035,-0.062715
2.687720,2.687460,-0.000530
2.687720,3.180063,0.051883
2.687720,10.972319,-0.053925
2.687720,2.918960,-0.029021
2.687720,2.689228,0.002657
2.687720,3.657698,0.082691
2.687720,7.668275,-0.119890
2.687720,2.794570,-0.016033
2.687720,2.719346,0.007087
2.687720,4.849499,0.120734
2.687720,4.948123,-0.122280
2.687720,2.722004,-0.007411
2.687720,2.792087,0.015744
2.687720,7.578175,0.120860
2.687720,3.676814,-0.083681
2.687720,2.689682,-0.002736
2.687720,2.915412,0.028672
2.687720,10.915105,0.055892
2.687720,3.187270,-0.052445
2.687720,2.687566,0.000490
2.687720,3.323201,0.062448
2.687720,9.797802,-0.085552
2.687720,2.862805,-0.023366
2.687720,2.696881,0.003973
2.687720,3.979709,0.097358
2.687720,6.465826,-0.128922
2.687720,2.762370,-0.012224
2.687720,2.757037,0.011591
2.687720,6.263891,0.129459
2.687720,4.053506,-0.100174
2.687720,2.698616,-0.004269
2.687720,2.850275,0.022067
2.687720,9.459710,0.092520
2.687720,3.366460,-0.065403
2.687720,2.687242,-0.000838
2.687720,3.134269,0.048228
2.687720,11.312593,-0.040313
2.687720,2.944080,-0.031453
2.687720,2.687712,0.002292
2.687720,3.579948,0.078492
2.687720,8.066133,-0.115121
2.687720,2.805828,-0.017311
2.687720,2.710296,0.005960
2.687720,4.513240,0.113978
2.687720,5.364849,-0.126988
2.687720,2.733174,-0.008757
2.687720,2.782467,0.014615
2.687720,7.223590,0.124255
2.687720,3.758532,-0.087732
2.687720,2.691647,-0.003072
2.687720,2.901331,0.027274
2.687720,10.665326,0.063773
2.687720,3.217944,-0.054800
2.687720,2.687895,0.000307
2.687720,3.302996,0.061030
2.687720,9.960971,-0.081933
2.687720,2.869256,-0.024024
2.687720,2.696546,0.003885
2.687720,3.961043,0.096615
2.687720,6.520434,-0.128720
2.687720,2.763850,-0.012391
2.687720,2.756620,0.011534
2.687720,6.246771,0.129489
2.687720,4.060142,-0.100417
2.687720,2.698856,-0.004286
2.687720,2.851771,0.022220
2.687720,9.500949,0.091705
2.687720,3.361073,-0.065040
2.687720,2.687411,-0.000779
2.687720,3.144999,0.049096
2.687720,11.237494,-0.043679
2.687720,2.937780,-0.030847
2.687720,2.688198,0.002396
2.687720,3.602939,0.079763
2.687720,7.943043,-0.116679
2.687720,2.802313,-0.016912
2.687720,2.713269,0.006329
2.687720,4.622939,0.116453
2.687720,5.212945,-0.125588
2.687720,2.729139,-0.008267
2.687720,2.786627,0.015098
2.687720,7.376737,0.122873
2.687720,3.721893,-0.085950
2.687720,2.690882,-0.002908
2.687720,2.911260,0.028257
2.687720,10.844790,0.058218
2.687720,3.196031,-0.053121
2.687720,2.687991,0.000477
2.687720,3.328288,0.062797
2.687720,9.757431,-0.086420
2.687720,2.861313,-0.023200
2.687720,2.698551,0.004179
2.687720,4.038997,0.099633
2.687720,6.302022,-0.129383
2.687720,2.758163,-0.011698
2.687720,2.764859,0.012491
2.687720,6.555306,0.128579
2.687720,3.949403,-0.096145
2.687720,2.696508,-0.003811
2.687720,2.878651,0.024974
2.687720,10.185252,0.076646
2.687720,3.275723,-0.059075
2.687720,2.688528,-0.000036
2.687720,3.265678,0.058346
2.687720,10.268565,-0.074578
2.687720,2.882293,-0.025345
2.687720,2.695850,0.003706
2.687720,3.922782,0.095054
2.687720,6.637179,-0.128213
2.687720,2.767002,-0.012750
2.687720,2.755221,0.011354
2.687720,6.191496,0.129567
2.687720,4.081980,-0.101209
2.687720,2.699510,-0.004357
2.687720,2.852511,0.022291
2.687720,9.520649,0.091312
2.687720,3.358522,-0.064866
2.687720,2.687651,-0.000733
2.687720,3.155247,0.049917
2.687720,11.162837,-0.046788
2.687720,2.932027,-0.030290
2.687720,2.688856,0.002516
2.687720,3.631218,0.081291
2.687720,7.798041,-0.118420
2.687720,2.798236,-0.016444
2.687720,2.717274,0.006821
2.687720,4.770815,0.119367
2.687720,5.033549,-0.123476
2.687720,2.724348,-0.007684
2.687720,2.791413,0.015653
2.687720,7.551581,0.121138
2.687720,3.682592,-0.083975
2.687720,2.690038,-0.002735
2.687720,2.921247,0.029238
2.687720,11.007290,0.052686
2.687720,3.175637,-0.051532
2.687720,2.687957,0.000621
2.687720,3.347825,0.064139
2.687720,9.603589,-0.089636
2.687720,2.855564,-0.022602
2.687720,2.699803,0.004368
2.687720,4.088748,0.101451
2.687720,6.174729,-0.129585
2.687720,2.754838,-0.011295
2.687720,2.769178,0.012993
2.687720,6.716842,0.127809
2.687720,3.897886,-0.094008
2.687720,2.695480,-0.003580
2.687720,2.893439,0.026462
2.687720,10.507220,0.068289
2.687720,3.237053,-0.056229
2.687720,2.689109,0.000311
2.687720,3.323458,0.062454
2.687720,9.796446,-0.085579
2.687720,2.862938,-0.023342
2.687720,2.701679,0.004531
2.687720,4.145609,0.103428
2.687720,6.039620,-0.129637
2.687720,2.751518,-0.010844
2.687720,2.779831,0.014187
2.687720,7.106019,0.125219
2.687720,3.788377,-0.089128
2.687720,2.694065,-0.002995
2.687720,2.949790,0.031948
2.687720,11.371791,0.037443
2.687720,3.125607,-0.047489
2.687720,2.691364,0.001385
2.687720,3.511728,0.074533
2.687720,8.462710,-0.109609
2.687720,2.818399,-0.018522
2.687720,2.726881,0.007770
2.687720,5.092772,0.124224
2.687720,4.719784,-0.118405
2.687720,2.716990,-0.006528
2.687720,2.832989,0.020132
2.687720,8.934171,0.102121
2.687720,3.439129,-0.070100
2.687720,2.690561,-0.000966
2.687720,3.170244,0.051086
2.687720,11.050204,-0.051122
2.687720,2.924292,-0.029497
2.687720,2.694739,0.003264
2.687720,3.838918,0.091438
2.687720,6.918124,-0.126592
2.687720,2.774701,-0.013607
2.687720,2.753993,0.011159
2.687720,6.136793,0.129616
2.687720,4.104299,-0.102000
2.687720,2.700511,-0.004390
2.687720,2.863617,0.023421
2.687720,9.815071,0.085176
2.687720,3.321113,-0.062293
2.687720,2.688789,-0.000332
2.687720,3.229009,0.055629
2.687720,10.573999,-0.066419
2.687720,2.896716,-0.026797
2.687720,2.694252,0.003412
2.687720,3.852317,0.092039
2.687720,6.870544,-0.126906
2.687720,2.773181,-0.013484
2.687720,2.748166,0.010519
2.687720,5.924992,0.129548
2.687720,4.197333,-0.105147
2.687720,2.702294,-0.004805
2.687720,2.835969,0.020556
2.687720,9.041125,0.100282
2.687720,3.423551,-0.069138
2.687720,2.687283,-0.001239
2.687720,3.079988,0.043709
2.687720,11.622851,-0.021463
2.687720,2.980958,-0.034920
2.687720,2.687257,0.001965
2.687720,3.525785,0.075394
2.687720,8.375880,-0.110883
2.687720,2.815000,-0.018315
2.687720,2.706814,0.005487
2.687720,4.379605,0.110568
2.687720,5.576496,-0.128403
2.687720,2.738846,-0.009427
2.687720,2.778805,0.014172
2.687720,7.085185,0.125386
2.687720,3.793649,-0.089386
2.687720,2.692622,-0.003200
2.687720,2.899549,0.027090
2.687720,10.630569,0.064793
2.687720,3.222162,-0.055117
2.687720,2.688238,0.000316
2.687720,3.309966,0.061518
2.687720,9.904568,-0.083204
2.687720,2.867047,-0.023789
2.687720,2.698030,0.004075
2.687720,4.014622,0.098711
2.687720,6.367737,-0.129224
2.687720,2.759917,-0.011902
2.687720,2.763665,0.012346
2.687720,6.509518,0.128762
2.687720,3.964764,-0.096762
2.687720,2.696899,-0.003869
2.687720,2.876904,0.024795
2.687720,10.144372,0.077639
2.687720,3.280668,-0.059432
2.687720,2.688549,-0.000069
2.687720,3.261442,0.058036
2.687720,10.303798,-0.073685
2.687720,2.883868,-0.025505
2.687720,2.695634,0.003669
2.687720,3.913651,0.094674
2.687720,6.666024,-0.128072
2.687720,2.767762,-0.012841
2.687720,2.754285,0.011244
2.687720,6.156222,0.129603
2.687720,4.096256,-0.101720
2.687720,2.699841,-0.004414
2.687720,2.850008,0.022031
2.687720,9.450962,0.092691
2.687720,3.367628,-0.065478
2.687720,2.687570,-0.000808
2.687720,3.143711,0.048991
2.687720,11.246746,-0.043278
2.687720,2.938539,-0.030918
2.687720,2.688441,0.002419
2.687720,3.610293,0.080163
2.687720,7.904697,-0.117149
2.687720,2.801246,-0.016786
2.687720,2.714751,0.006508
2.687720,4.677044,0.117573
2.687720,5.144208,-0.124840
2.687720,2.727320,-0.008043
2.687720,2.788875,0.015356
2.687720,7.458514,0.122082
2.687720,3.703198,-0.085018
2.687720,2.690539,-0.002819
2.687720,2.917841,0.028902
2.687720,10.953752,0.054570
2.687720,3.182441,-0.052064
2.687720,2.688088,0.000587
2.687720,3.345237,0.063961
2.687720,9.623841,-0.089220
2.687720,2.856325,-0.022678
2.687720,2.700056,0.004392
2.687720,4.096640,0.101732
2.687720,6.155344,-0.129603
2.687720,2.754356,-0.011231
2.687720,2.770533,0.013146
2.687720,6.766676,0.127533
2.687720,3.882776,-0.093363
2.687720,2.695245,-0.003504
2.687720,2.899906,0.027105
2.687720,10.635396,0.064651
2.687720,3.221639,-0.055068
2.687720,2.689414,0.000458
2.687720,3.349020,0.064208
2.687720,9.594951,-0.089810
2.687720,2.855434,-0.022551
2.687720,2.704741,0.004944
2.687720,4.260818,0.107135
2.687720,5.794834,-0.129275
2.687720,2.745194,-0.010056
2.687720,2.790200,0.015363
2.687720,7.482789,0.121835
2.687720,3.697966,-0.084735
2.687720,2.692975,-0.002498
2.687720,2.999695,0.036595
2.687720,11.703570,0.012581
2.687720,3.057402,-0.041729
2.687720,2.692226,0.001986
2.687720,3.611706,0.080210
2.687720,7.898847,-0.117213
2.687720,2.801918,-0.016681
2.687720,2.738088,0.009167
2.687720,5.520350,0.128078
2.687720,4.413304,-0.111462
2.687720,2.708826,-0.005477
2.687720,2.847487,0.021702
2.687720,9.370404,0.094248
2.687720,3.378431,-0.066180
2.687720,2.689862,-0.000616
2.687720,3.207140,0.053961
2.687720,10.755058,-0.061056
2.687720,2.906339,-0.027739
2.687720,2.695369,0.003471
2.687720,3.879981,0.093241
2.687720,6.776075,-0.127479
2.687720,2.770846,-0.013169
2.687720,2.755901,0.011401
2.687720,6.211612,0.129540
2.687720,4.074001,-0.100919
2.687720,2.699655,-0.004286
2.687720,2.864181,0.023485
2.687720,9.830383,0.084842
2.687720,3.319190,-0.062161
2.687720,2.688557,-0.000345
2.687720,3.223381,0.055206
2.687720,10.620605,-0.065082
2.687720,2.899065,-0.027036
2.687720,2.693409,0.003296
2.687720,3.820964,0.090638
2.687720,6.982787,-0.126147
2.687720,2.776122,-0.013843
2.687720,2.743459,0.009968
2.687720,5.748722,0.129140
2.687720,4.284409,-0.107854
2.687720,2.704418,-0.005137
2.687720,2.824654,0.019354
2.687720,8.689701,0.106138
2.687720,3.475471,-0.072383
2.687720,2.687147,-0.001623
2.687720,3.025546,0.038968
2.687720,11.745965,0.000717
2.687720,3.028828,-0.039260
2.687720,2.687152,0.001600
2.687720,3.472218,0.072184
2.687720,8.710886,-0.105802
2.687720,2.825321,-0.019425
2.687720,2.704293,0.005117
2.687720,4.279275,0.107700
2.687720,5.758588,-0.129172
2.687720,2.743724,-0.009998
2.687720,2.776002,0.013828
2.687720,6.978104,0.126181
2.687720,3.822243,-0.090696
2.687720,2.693451,-0.003299
2.687720,2.899216,0.027051
2.687720,10.623509,0.064998
2.687720,3.223032,-0.055180
2.687720,2.688584,0.000351
2.687720,3.320426,0.062247
2.687720,9.820482,-0.085058
2.687720,2.863801,-0.023445
2.687720,2.699829,0.004309
2.687720,4.080450,0.101152
2.687720,6.195422,-0.129561
2.687720,2.755485,-0.011349
2.687720,2.771565,0.013251
2.687720,6.802721,0.127323
2.687720,3.872076,-0.092899
2.687720,2.695236,-0.003432
2.687720,2.909435,0.028044
2.687720,10.810125,0.059329
2.687720,3.200402,-0.053442
2.687720,2.689984,0.000679
2.687720,3.389308,0.066897
2.687720,9.289457,-0.095781
2.687720,2.844708,-0.021403
2.687720,2.710238,0.005661
2.687720,4.466324,0.112822
2.687720,5.435849,-0.127522
2.687720,2.735886,-0.008893
2.687720,2.805270,0.017056
2.687720,8.015791,0.115759
2.687720,3.589550,-0.078993
2.687720,2.692045,-0.001852
2.687720,3.072716,0.043051
2.687720,11.653275,-0.018609
2.687720,2.987066,-0.035437
2.687720,2.693188,0.002617
2.687720,3.718638,0.085770
2.687720,7.391655,-0.122726
2.687720,2.787672,-0.015078
2.687720,2.746672,0.010241
2.687720,5.852129,0.129416
2.687720,4.232284,-0.106254
2.687720,2.703974,-0.004843
2.687720,2.856973,0.022715
2.687720,9.637196,0.088943
2.687720,3.343600,-0.063840
2.687720,2.689318,-0.000431
2.687720,3.223894,0.055239
2.687720,10.616674,-0.065195
2.687720,2.898932,-0.027009
2.687720,2.695164,0.003502
2.687720,3.881053,0.093289
2.687720,6.772413,-0.127501
2.687720,2.770670,-0.013166
2.687720,2.753754,0.011163
2.687720,6.133120,0.129620
2.687720,4.105782,-0.102055
2.687720,2.700242,-0.004431
2.687720,2.853920,0.022430
2.687720,9.558512,0.090552
2.687720,3.353633,-0.064533
2.687720,2.687965,-0.000661
2.687720,3.170215,0.051104
2.687720,11.049468,-0.051153
2.687720,2.924039,-0.029510
2.687720,2.689872,0.002695
2.687720,3.673984,0.083533
2.687720,7.591428,-0.120719
2.687720,2.792515,-0.015780
2.687720,2.723397,0.007567
2.687720,4.997886,0.122992
2.687720,4.802960,-0.119940
2.687720,2.718149,-0.006927
2.687720,2.797579,0.016366
2.687720,7.774239,0.118696
2.687720,3.635994,-0.081545
2.687720,2.688999,-0.002533
2.687720,2.932044,0.030290
2.687720,11.162976,0.046782
2.687720,3.155232,-0.049915
2.687720,2.687732,0.000743
2.687720,3.361186,0.065045
2.687720,9.500229,-0.091719
2.687720,2.851787,-0.022213
2.687720,2.699967,0.004415
2.687720,4.098639,0.101804
2.687720,6.150423,-0.129608
2.687720,2.754163,-0.011222
2.687720,2.768832,0.012960
2.687720,6.705113,0.127871
2.687720,3.901486,-0.094162
2.687720,2.695460,-0.003607
2.687720,2.889523,0.026072
2.687720,10.426051,0.070493
2.687720,3.246781,-0.056954
2.687720,2.688849,0.000210
2.687720,3.305171,0.061176
2.687720,9.943720,-0.082323
2.687720,2.868674,-0.023943
2.687720,2.699492,0.004234
2.687720,4.063351,0.100530
2.687720,6.238706,-0.129500
2.687720,2.756654,-0.011482
2.687720,2.771234,0.013206
2.687720,6.789228,0.127402
2.687720,3.876077,-0.093072
2.687720,2.695401,-0.003441
2.687720,2.910924,0.028189
2.687720,10.835834,0.058505
2.687720,3.197244,-0.053198
2.687720,2.690151,0.000721
2.687720,3.398001,0.067466
2.687720,9.225652,-0.096966
2.687720,2.842557,-0.021170
2.687720,2.711642,0.005839
2.687720,4.518448,0.114092
2.687720,5.357537,-0.126921
2.687720,2.733850,-0.008636
2.687720,2.808649,0.017433
2.687720,8.132287,0.114245
2.687720,3.568272,-0.077803
2.687720,2.691910,-0.001719
2.687720,3.088731,0.044415
2.687720,11.583720,-0.024630
2.687720,2.974822,-0.034303
2.687720,2.693509,0.002745
2.687720,3.742600,0.086947
2.687720,7.289844,-0.123668
2.687720,2.784876,-0.014759
2.687720,2.748725,0.010493
2.687720,5.930870,0.129552
2.687720,4.194692,-0.105056
2.687720,2.703010,-0.004705
2.687720,2.860477,0.023081
2.687720,9.731087,0.086979
2.687720,3.331681,-0.063021
2.687720,2.689323,-0.000345
2.687720,3.235840,0.056137
2.687720,10.517406,-0.068007
2.687720,2.893957,-0.026510
2.687720,2.695910,0.003627
2.687720,3.912061,0.094605
2.687720,6.671188,-0.128045
2.687720,2.768011,-0.012845
2.687720,2.757367,0.011585
2.687720,6.268871,0.129449
2.687720,4.051643,-0.100101
2.687720,2.699029,-0.004209
2.687720,2.864788,0.023551
2.687720,9.846498,0.084490
2.687720,3.317175,-0.062022
2.687720,2.688400,-0.000349
2.687720,3.220275,0.054973
2.687720,10.646257,-0.064334
2.687720,2.900378,-0.027170
2.687720,2.692890,0.003225
2.687720,3.801870,0.089766
2.687720,7.053909,-0.125625
2.687720,2.777993,-0.014070
2.687720,2.740508,0.009621
2.687720,5.638313,0.128708
2.687720,4.344171,-0.109587
2.687720,2.705921,-0.005357
2.687720,2.818529,0.018696
2.687720,8.491948,0.109181
2.687720,3.506690,-0.074267
2.687720,2.687199,-0.001838
2.687720,2.997337,0.036425
2.687720,11.696773,0.013573
2.687720,3.059643,-0.041962
2.687720,2.687257,0.001386
2.687720,3.443735,0.070416
2.687720,8.901165,-0.102684
2.687720,2.831400,-0.020071
2.687720,2.703327,0.004959
2.687720,4.238589,0.106457
2.687720,5.839063,-0.129390
2.687720,2.745893,-0.010248
2.687720,2.775223,0.013726
2.687720,6.947232,0.126396
2.687720,3.830740,-0.091078
2.687720,2.693777,-0.003320
2.687720,2.901615,0.027285
2.687720,10.669059,0.063661
2.687720,3.217541,-0.054762
2.687720,2.688862,0.000423
2.687720,3.335074,0.063259
2.687720,9.704028,-0.087551
2.687720,2.859402,-0.022980
2.687720,2.701813,0.004573
2.687720,4.154225,0.103720
2.687720,6.019990,-0.129631
2.687720,2.750965,-0.010786
2.687720,2.779301,0.014134
2.687720,7.087689,0.125363
2.687720,3.793124,-0.089350
2.687720,2.694031,-0.003032
2.687720,2.944317,0.031427
2.687720,11.312174,0.040326
2.687720,3.134507,-0.048217
2.687720,2.691112,0.001291
2.687720,3.494132,0.073484
2.687720,8.571965,-0.107965
2.687720,2.821688,-0.018890
2.687720,2.724220,0.007442
2.687720,4.992704,0.122912
2.687720,4.807949,-0.120019
2.687720,2.719317,-0.006826
2.687720,2.828833,0.019679
2.687720,8.803386,0.104302
2.687720,3.458441,-0.071307
2.687720,2.690706,-0.001086
2.687720,3.156077,0.049960
2.687720,11.157744,-0.046988
2.687720,2.931880,-0.030233
2.687720,2.694304,0.003156
2.687720,3.815893,0.090400
2.687720,7.001819,-0.126008
2.687720,2.776946,-0.013869
2.687720,2.751881,0.010906
2.687720,6.056551,0.129641
2.687720,4.138227,-0.103178
2.687720,2.701330,-0.004522
2.687720,2.858703,0.022912
2.687720,9.686033,0.087929
2.687720,3.337343,-0.063416
2.687720,2.688658,-0.000463
2.687720,3.208667,0.054087
2.687720,10.742048,-0.061459
2.687720,2.905517,-0.027677
2.687720,2.692865,0.003184
2.687720,3.795425,0.089467
2.687720,7.078458,-0.125437
2.687720,2.778686,-0.014144
2.687720,2.740791,0.009648
2.687720,5.647835,0.128751
2.687720,4.338851,-0.109436
2.687720,2.705834,-0.005332
2.687720,2.820501,0.018905
2.687720,8.555672,0.108220
2.687720,3.496461,-0.073654
2.687720,2.687259,-0.001758
2.687720,3.009026,0.037485
2.687720,11.728375,0.008134
2.687720,3.046286,-0.040799
2.687720,2.687298,0.001489
2.687720,3.458939,0.071364
2.687720,8.798580,-0.104386
2.687720,2.828120,-0.019719
2.687720,2.704307,0.005098
2.687720,4.276576,0.107619
2.687720,5.763824,-0.129188
2.687720,2.743910,-0.010010
2.687720,2.777258,0.013964
2.687720,7.023151,0.125854
2.687720,3.810079,-0.090141
2.687720,2.693355,-0.003227
2.687720,2.907391,0.027858
2.687720,10.775413,0.060425
2.687720,3.204609,-0.053774
2.687720,2.688983,0.000531
2.687720,3.352129,0.064423
2.687720,9.570619,-0.090305
2.687720,2.854492,-0.022463
2.687720,2.703554,0.004813
2.687720,4.220409,0.105881
2.687720,5.876562,-0.129466
2.687720,2.747248,-0.010326
2.687720,2.785009,0.014784
2.687720,7.296430,0.123610
2.687720,3.741007,-0.086870
2.687720,2.693316,-0.002756
2.687720,2.970213,0.033875
2.687720,11.552039,0.026932
2.687720,3.095052,-0.044950
2.687720,2.691616,0.001638
2.687720,3.551881,0.076872
2.687720,8.224836,-0.112998
2.687720,2.811320,-0.017738
2.687720,2.731153,0.008310
2.687720,5.256199,0.126014
2.687720,4.590593,-0.115743
2.687720,2.713510,-0.006093
2.687720,2.837485,0.020628
2.687720,9.073927,0.099701
2.687720,3.419086,-0.068829
2.687720,2.690148,-0.000872
2.687720,3.176481,0.051581
2.687720,11.001515,-0.052889
2.687720,2.921047,-0.029186
2.687720,2.694272,0.003233
2.687720,3.826510,0.090883
2.687720,6.962771,-0.126287
2.687720,2.775824,-0.013755
2.687720,2.750763,0.010789
2.687720,6.016930,0.129631
2.687720,4.155547,-0.103766
2.687720,2.701598,-0.004607
2.687720,2.851569,0.022178
2.687720,9.492483,0.091872
2.687720,3.362224,-0.065111
2.687720,2.688183,-0.000697
2.687720,3.168800,0.050991
2.687720,11.060466,-0.050746
2.687720,2.924799,-0.029581
2.687720,2.690231,0.002731
2.687720,3.685317,0.084113
2.687720,7.539137,-0.121267
2.687720,2.791104,-0.015610
2.687720,2.725644,0.007834
2.687720,5.080797,0.124083
2.687720,4.729720,-0.118603
2.687720,2.716198,-0.006681
2.687720,2.800413,0.016686
2.687720,7.874334,0.117516
2.687720,3.616184,-0.080482
2.687720,2.688675,-0.002432
2.687720,2.940424,0.031097
2.687720,11.269481,0.042277
2.687720,3.140507,-0.048731
2.687720,2.687751,0.000852
2.687720,3.376869,0.066093
2.687720,9.381178,-0.094044
2.687720,2.847574,-0.021770
2.687720,2.701107,0.004580
2.687720,4.142937,0.103341
2.687720,6.045601,-0.129640
2.687720,2.751429,-0.010890
2.687720,2.772450,0.013379
2.687720,6.839943,0.127098
2.687720,3.861158,-0.092426
2.687720,2.694694,-0.003421
2.687720,2.902460,0.027362
2.687720,10.684254,0.063209
2.687720,3.215724,-0.054620
2.687720,2.689323,0.000490
2.687720,3.352010,0.064412
2.687720,9.571691,-0.090283
2.687720,2.854575,-0.022463
2.687720,2.704684,0.004943
2.687720,4.259818,0.107105
2.687720,5.796799,-0.129281
2.687720,2.745229,-0.010065
2.687720,2.789630,0.015301
2.687720,7.462667,0.122035
2.687720,3.702466,-0.084962
2.687720,2.692980,-0.002529
2.687720,2.995632,0.036224
2.687720,11.689670,0.014499
2.687720,3.062200,-0.042146
2.687720,2.692119,0.001938
2.687720,3.603070,0.079739
2.687720,7.943900,-0.116660
2.687720,2.803198,-0.016826
2.687720,2.737027,0.009037
2.687720,5.480046,0.127825
2.687720,4.438192,-0.112109
2.687720,2.709473,-0.005565
2.687720,2.845662,0.021508
2.687720,9.317695,0.095250
2.687720,3.385491,-0.066647
2.687720,2.689868,-0.000665
2.687720,3.200408,0.053444
2.687720,10.810029,-0.059332
2.687720,2.909420,-0.028044
2.687720,2.694994,0.003404
2.687720,3.863822,0.092540
2.687720,6.830857,-0.127153
2.687720,2.772290,-0.013342
2.687720,2.754024,0.011181
2.687720,6.140978,0.129614
2.687720,4.102551,-0.101940
2.687720,2.700299,-0.004403
2.687720,2.858604,0.022910
2.687720,9.684468,0.087962
2.687720,3.337523,-0.063431
2.687720,2.688334,-0.000503
2.687720,3.197999,0.053270
2.687720,10.828985,-0.058728
2.687720,2.910374,-0.028164
2.687720,2.691675,0.003008
2.687720,3.749726,0.087307
2.687720,7.259642,-0.123941
2.687720,2.783504,-0.014722
2.687720,2.733918,0.008834
2.687720,5.390720,0.127192
2.687720,4.495798,-0.113557
2.687720,2.709908,-0.005891
2.687720,2.809001,0.017653
2.687720,8.173317,0.113705
2.687720,3.560655,-0.077404
2.687720,2.687686,-0.002160
2.687720,2.961496,0.033102
2.687720,11.485399,0.031237
2.687720,3.107024,-0.045984
2.687720,2.687465,0.001063
2.687720,3.401715,0.067729
2.687720,9.197396,-0.097488
2.687720,2.841213,-0.021106
2.687720,2.701677,0.004694
2.687720,4.169937,0.104249
2.687720,5.984652,-0.129612
2.687720,2.749775,-0.010703
2.687720,2.772658,0.013415
2.687720,6.849570,0.127038
2.687720,3.858357,-0.092304
2.687720,2.694490,-0.003426
2.687720,2.898614,0.026983
2.687720,10.611032,0.065359
2.687720,3.224558,-0.055292
2.687720,2.689004,0.000389
2.687720,3.332647,0.063091
2.687720,9.723293,-0.087144
2.687720,2.860144,-0.023054
2.687720,2.702077,0.004599
2.687720,4.162575,0.103999
2.687720,6.001215,-0.129621
2.687720,2.750501,-0.010723
2.687720,2.780703,0.014290
2.687720,7.138576,0.124959
2.687720,3.780013,-0.088737
2.687720,2.693894,-0.002958
2.687720,2.952174,0.032175
2.687720,11.396289,0.036192
2.687720,3.121816,-0.047178
2.687720,2.691352,0.001411
2.687720,3.515270,0.074743
2.687720,8.441070,-0.109928
2.687720,2.817741,-0.018451
2.687720,2.727102,0.007800
2.687720,5.101566,0.124331
2.687720,4.712384,-0.118262
2.687720,2.716780,-0.006504
2.687720,2.832917,0.020126
2.687720,8.932212,0.102154
2.687720,3.439411,-0.070118
2.687720,2.690505,-0.000974
2.687720,3.168174,0.050923
2.687720,11.066139,-0.050531
2.687720,2.925367,-0.029603
2.687720,2.694530,0.003231
2.687720,3.830629,0.091067
2.687720,6.947887,-0.126390
2.687720,2.775482,-0.013702
2.687720,2.752772,0.011017
2.687720,6.091071,0.129638
2.687720,4.123436,-0.102669
2.687720,2.700936,-0.004469
2.687720,2.859675,0.023015
2.687720,9.712124,0.087381
2.687720,3.334036,-0.063189
2.687720,2.688613,-0.000445
2.687720,3.210483,0.054226
2.687720,10.727111,-0.061916
2.687720,2.904699,-0.027597
2.687720,2.692859,0.003189
2.687720,3.796126,0.089500
2.687720,7.075773,-0.125458
2.687720,2.778608,-0.014136
2.687720,2.740691,0.009637
2.687720,5.644247,0.128735
2.687720,4.340853,-0.109493
2.687720,2.705877,-0.005341
2.687720,2.820070,0.018859
2.687720,8.541732,0.108432
2.687720,3.498684,-0.073788
2.687720,2.687250,-0.001775
2.687720,3.006612,0.037267
2.687720,11.723210,0.009244
2.687720,3.048971,-0.041034
2.687720,2.687294,0.001468
2.687720,3.455999,0.071182
2.687720,8.818231,-0.104064
2.687720,2.828745,-0.019786
2.687720,2.704135,0.005073
2.687720,4.269856,0.107416
2.687720,5.776875,-0.129227
2.687720,2.744255,-0.010051
2.687720,2.776943,0.013927
2.687720,7.011356,0.125941
2.687720,3.813245,-0.090285
2.687720,2.693423,-0.003241
2.687720,2.906624,0.027782
2.687720,10.761624,0.060854
2.687720,3.206294,-0.053903
2.687720,2.688974,0.000518
2.687720,3.350136,0.064288
2.687720,9.586078,-0.089991
2.687720,2.855054,-0.022523
2.687720,2.703366,0.004787
2.687720,4.213217,0.105652
2.687720,5.891559,-0.129493
2.687720,2.747638,-0.010374
2.687720,2.784441,0.014720
2.687720,7.275706,0.123795
2.687720,3.745988,-0.087112
2.687720,2.693383,-0.002783
2.687720,2.967674,0.033637
2.687720,11.533171,0.028215
2.687720,3.098632,-0.045251
2.687720,2.691579,0.001607
2.687720,3.546905,0.076586
2.687720,8.253455,-0.112604
2.687720,2.812161,-0.017832
2.687720,2.730613,0.008242
2.687720,5.235553,0.125811
2.687720,4.605998,-0.116080
2.687720,2.713924,-0.006145
2.687720,2.836869,0.020561
2.687720,9.055039,0.100034
2.687720,3.421760,-0.069000
2.687720,2.690192,-0.000886
2.687720,3.175293,0.051487
2.687720,11.010827,-0.052556
2.687720,2.921656,-0.029244
2.687720,2.694296,0.003231
2.687720,3.826691,0.090891
2.687720,6.962117,-0.126291
2.687720,2.775813,-0.013752
2.687720,2.750971,0.010813
2.687720,6.024604,0.129634
2.687720,4.152158,-0.103652
2.687720,2.701529,-0.004592
2.687720,2.852438,0.022268
2.687720,9.516536,0.091394
2.687720,3.359091,-0.064900
2.687720,2.688229,-0.000669
2.687720,3.173366,0.051351
2.687720,11.025117,-0.052043
2.687720,2.922437,-0.029350
2.687720,2.690477,0.002778
2.687720,3.696173,0.084664
2.687720,7.489925,-0.121768
2.687720,2.789757,-0.015453
2.687720,2.727100,0.008011
2.687720,5.135167,0.124736
2.687720,4.684391,-0.117720
2.687720,2.714975,-0.006530
2.687720,2.801813,0.016846
2.687720,7.923836,0.116915
2.687720,3.606623,-0.079962
2.687720,2.688478,-0.002389
2.687720,2.943170,0.031361
2.687720,11.301809,0.040812
2.687720,3.135860,-0.048354
2.687720,2.687692,0.000879
2.687720,3.379645,0.066278
2.687720,9.360327,-0.094444
2.687720,2.846838,-0.021694
2.687720,2.701078,0.004582
2.687720,4.142780,0.103336
2.687720,6.045953,-0.129641
2.687720,2.751426,-0.010892
2.687720,2.772094,0.013340
2.687720,6.827043,0.127177
2.687720,3.864907,-0.092590
2.687720,2.694736,-0.003442
2.687720,2.900338,0.027152
2.687720,10.644063,0.064398
2.687720,3.220582,-0.054989
2.687720,2.689215,0.000443
2.687720,3.343579,0.063839
2.687720,9.637314,-0.088941
2.687720,2.856964,-0.022717
2.687720,2.703635,0.004804
2.687720,4.220464,0.105882
2.687720,5.876470,-0.129465
2.687720,2.747288,-0.010321
2.687720,2.786263,0.014920
2.687720,7.340937,0.123203
2.687720,3.730453,-0.086354
2.687720,2.693291,-0.002686
2.687720,2.979285,0.034718
2.687720,11.611568,0.022413
2.687720,3.082744,-0.043908
2.687720,2.691889,0.001760
2.687720,3.573847,0.078117
2.687720,8.101340,-0.114654
2.687720,2.807737,-0.017334
2.687720,2.734078,0.008669
2.687720,5.366973,0.126998
2.687720,4.512003,-0.113939
2.687720,2.711445,-0.005820
2.687720,2.842095,0.021123
2.687720,9.212382,0.097210
2.687720,3.399815,-0.067584
2.687720,2.690056,-0.000745
2.687720,3.192411,0.052825
2.687720,10.874844,-0.057232
2.687720,2.913200,-0.028415
2.687720,2.694934,0.003369
2.687720,3.857646,0.092269
2.687720,6.852186,-0.127021
2.687720,2.772881,-0.013407
2.687720,2.754081,0.011182
2.687720,6.142299,0.129613
2.687720,4.102012,-0.101921
2.687720,2.700333,-0.004396
2.687720,2.860128,0.023066
2.687720,9.724648,0.087116
2.687720,3.332444,-0.063081
2.687720,2.688461,-0.000451
2.687720,3.207135,0.053971
2.687720,10.754529,-0.061075
2.687720,2.906187,-0.027747
2.687720,2.692367,0.003120
2.687720,3.777754,0.088642
2.687720,7.146928,-0.124895
2.687720,2.780490,-0.014363
2.687720,2.737838,0.009300
2.687720,5.537566,0.128186
2.687720,4.402711,-0.111190
2.687720,2.707462,-0.005564
2.687720,2.814778,0.018287
2.687720,8.367819,0.110999
2.687720,3.527142,-0.075473
2.687720,2.687375,-0.001961
2.687720,2.983426,0.035147
2.687720,11.636293,0.020257
2.687720,3.076804,-0.043437
2.687720,2.687383,0.001275
2.687720,3.430142,0.069557
2.687720,8.994997,-0.101084
2.687720,2.834469,-0.020393
2.687720,2.703087,0.004908
2.687720,4.226710,0.106085
2.687720,5.863360,-0.129443
2.687720,2.746567,-0.010321
2.687720,2.775567,0.013758
2.687720,6.958803,0.126316
2.687720,3.827557,-0.090934
2.687720,2.693819,-0.003293
2.687720,2.905864,0.027704
2.687720,10.747633,0.061287
2.687720,3.208009,-0.054033
2.687720,2.689117,0.000522
2.687720,3.353075,0.064486
2.687720,9.563348,-0.090452
2.687720,2.854245,-0.022434
2.687720,2.704080,0.004876
2.687720,4.239064,0.106466
2.687720,5.838306,-0.129386
2.687720,2.746274,-0.010201
2.687720,2.787065,0.015015
2.687720,7.370644,0.122926
2.687720,3.723497,-0.086011
2.687720,2.693144,-0.002656
2.687720,2.981124,0.034890
2.687720,11.622220,0.021506
2.687720,3.080320,-0.043702
2.687720,2.691833,0.001771
2.687720,3.574490,0.078154
2.687720,8.097769,-0.114701
2.687720,2.807620,-0.017324
2.687720,2.733793,0.008638
2.687720,5.356733,0.126915
2.687720,4.518990,-0.114105
2.687720,2.711607,-0.005847
2.687720,2.841025,0.021011
2.687720,9.180895,0.097785
2.687720,3.404146,-0.067867
2.687720,2.689998,-0.000783
2.687720,3.186299,0.052350
2.687720,10.923816,-0.055593
2.687720,2.916145,-0.028706
2.687720,2.694487,0.003295
2.687720,3.839201,0.091453
2.687720,6.917026,-0.126600
2.687720,2.774588,-0.013612
2.687720,2.751646,0.010898
2.687720,6.050874,0.129641
2.687720,4.140664,-0.103262
2.687720,2.701212,-0.004552
2.687720,2.852857,0.022313
2.687720,9.528377,0.091157
2.687720,3.357549,-0.064796
2.687720,2.688169,-0.000665
2.687720,3.172944,0.051318
2.687720,11.028379,-0.051925
2.687720,2.922648,-0.029371
2.687720,2.690348,0.002761
2.687720,3.691593,0.084432
2.687720,7.510571,-0.121559
2.687720,2.790316,-0.015520
2.687720,2.726309,0.007916
2.687720,5.105816,0.124389
2.687720,4.708606,-0.118197
2.687720,2.715622,-0.006612
2.687720,2.800856,0.016738
2.687720,7.890262,0.117324
2.687720,3.613089,-0.080314
2.687720,2.688582,-0.002422
2.687720,2.940385,0.031094
2.687720,11.269069,0.042295
2.687720,3.140563,-0.048736
2.687720,2.687695,0.000845
2.687720,3.374952,0.065966
2.687720,9.395582,-0.093767
2.687720,2.848071,-0.021824
2.687720,2.700774,0.004537
2.687720,4.130822,0.102927
2.687720,6.073643,-0.129642
2.687720,2.752151,-0.010980
2.687720,2.771206,0.013237
2.687720,6.793899,0.127376
2.687720,3.874648,-0.093014
2.687720,2.694924,-0.003486
2.687720,2.897297,0.026849
2.687720,10.584929,0.066108
2.687720,3.227709,-0.055528
2.687720,2.689114,0.000379
2.687720,3.333047,0.063117
2.687720,9.720175,-0.087210
2.687720,2.860040,-0.023040
2.687720,2.702456,0.004644
2.687720,4.175908,0.104442
2.687720,5.971651,-0.129598
2.687720,2.749750,-0.010627
2.687720,2.782330,0.014474
2.687720,7.197722,0.124470
2.687720,3.765112,-0.088031
2.687720,2.693725,-0.002875
2.687720,2.960683,0.032979
2.687720,11.476077,0.031784
2.687720,3.108807,-0.046100
2.687720,2.691569,0.001532
2.687720,3.535980,0.075955
2.687720,8.317162,-0.111713
2.687720,2.814057,-0.018040
2.687720,2.729785,0.008134
2.687720,5.203200,0.125479
2.687720,4.630651,-0.116607
2.687720,2.714609,-0.006226
2.687720,2.836632,0.020531
2.687720,9.047163,0.100172
2.687720,3.422886,-0.069071
2.687720,2.690337,-0.000877
2.687720,3.178868,0.051767
2.687720,10.982845,-0.053551
2.687720,2.919862,-0.029067
2.687720,2.694759,0.003299
2.687720,3.844423,0.091684
2.687720,6.898530,-0.126723
2.687720,2.774148,-0.013549
2.687720,2.753693,0.011130
2.687720,6.126517,0.129623
2.687720,4.108551,-0.102150
2.687720,2.700551,-0.004414
2.687720,2.861058,0.023159
2.687720,9.748783,0.086603
2.687720,3.329410,-0.062870
2.687720,2.688601,-0.000413
2.687720,3.214686,0.054547
2.687720,10.692509,-0.062962
2.687720,2.902834,-0.027411
2.687720,2.693048,0.003225
2.687720,3.804595,0.089891
2.687720,7.043654,-0.125702
2.687720,2.777749,-0.014035
2.687720,2.741667,0.009753
2.687720,5.681064,0.128892
2.687720,4.320518,-0.108912
2.687720,2.705350,-0.005267
2.687720,2.821665,0.019032
2.687720,8.593546,0.107640
2.687720,3.490456,-0.073293
2.687720,2.687209,-0.001722
2.687720,3.013154,0.037858
2.687720,11.735635,0.006250
2.687720,3.041770,-0.040403
2.687720,2.687244,0.001515
2.687720,3.461825,0.071544
2.687720,8.779355,-0.104699
2.687720,2.827500,-0.019655
2.687720,2.704211,0.005091
2.687720,4.273941,0.107540
2.687720,5.768920,-0.129204
2.687720,2.744028,-0.010028
2.687720,2.776670,0.013899
2.687720,7.001807,0.126010
2.687720,3.815815,-0.090403
2.687720,2.693422,-0.003259
2.687720,2.904221,0.027545
2.687720,10.717920,0.062196
2.687720,3.211613,-0.054311
2.687720,2.688845,0.000464
2.687720,3.340510,0.063632
2.687720,9.661209,-0.088447
2.687720,2.857802,-0.022814
2.687720,2.702181,0.004628
2.687720,4.168834,0.104208
2.687720,5.987252,-0.129612
2.687720,2.750109,-0.010682
2.687720,2.780384,0.014259
2.687720,7.127623,0.125047
2.687720,3.782807,-0.088869
2.687720,2.693864,-0.002981
2.687720,2.948637,0.031840
2.687720,11.359729,0.038044
2.687720,3.127436,-0.047640
2.687720,2.691190,0.001351
2.687720,3.504047,0.074078
2.687720,8.509985,-0.108904
2.687720,2.819805,-0.018682
2.687720,2.725406,0.007591
2.687720,5.037762,0.123524
2.687720,4.767315,-0.119295
2.687720,2.718230,-0.006691
2.687720,2.830265,0.019838
2.687720,8.849046,0.103550
2.687720,3.451629,-0.070884
2.687720,2.690593,-0.001051
2.687720,3.159079,0.050200
2.687720,11.135282,-0.047881
2.687720,2.930228,-0.030075
2.687720,2.694245,0.003162
2.687720,3.815671,0.090390
2.687720,7.002623,-0.126002
2.687720,2.776951,-0.013873
2.687720,2.751372,0.010849
2.687720,6.037853,0.129638
2.687720,4.146355,-0.103455
2.687720,2.701492,-0.004558
2.687720,2.856463,0.022682
2.687720,9.626067,0.089174
2.687720,3.344977,-0.063940
2.687720,2.688530,-0.000533
2.687720,3.196989,0.053191
2.687720,10.837246,-0.058461
2.687720,2.910868,-0.028209
2.687720,2.692035,0.003047
2.687720,3.761438,0.087868
2.687720,7.211946,-0.124354
2.687720,2.782247,-0.014568
2.687720,2.736149,0.009096
2.687720,5.473683,0.127789
2.687720,4.442010,-0.112216
2.687720,2.708512,-0.005700
2.687720,2.812847,0.018073
2.687720,8.302923,0.111921
2.687720,3.538120,-0.076111
2.687720,2.687519,-0.002021
2.687720,2.977549,0.034602
2.687720,11.602756,0.023148
2.687720,3.084505,-0.044092
2.687720,2.687469,0.001228
2.687720,3.425051,0.069232
2.687720,9.030663,-0.100465
2.687720,2.835652,-0.020516
2.687720,2.703139,0.004905
2.687720,4.227182,0.106099
2.687720,5.862399,-0.129440
2.687720,2.746563,-0.010316
2.687720,2.776219,0.013830
2.687720,6.982329,0.126150
2.687720,3.821121,-0.090642
2.687720,2.693756,-0.003256
2.687720,2.909820,0.028093
2.687720,10.817895,0.059082
2.687720,3.199412,-0.053372
2.687720,2.689301,0.000606
2.687720,3.367860,0.065480
2.687720,9.449983,-0.092708
2.687720,2.850206,-0.022004
2.687720,2.705928,0.005121
2.687720,4.308326,0.108552
2.687720,5.703819,-0.128977
2.687720,2.742793,-0.009768
2.687720,2.792652,0.015647
2.687720,7.571936,0.120919
2.687720,3.678397,-0.083739
2.687720,2.692654,-0.002400
2.687720,3.007912,0.037343
2.687720,11.725432,0.008755
2.687720,3.048011,-0.040912
2.687720,2.692160,0.002047
2.687720,3.619363,0.080627
2.687720,7.859385,-0.117689
2.687720,2.800765,-0.016557
2.687720,2.738002,0.009166
2.687720,5.518627,0.128068
2.687720,4.414343,-0.111489
2.687720,2.708791,-0.005488
2.687720,2.845493,0.021496
2.687720,9.313595,0.095328
2.687720,3.386031,-0.066684
2.687720,2.689670,-0.000692
2.687720,3.193469,0.052910
2.687720,10.866165,-0.057518
2.687720,2.912654,-0.028367
2.687720,2.694205,0.003288
2.687720,3.833355,0.091193
2.687720,6.937925,-0.126459
2.687720,2.775094,-0.013684
2.687720,2.749570,0.010661
2.687720,5.974094,0.129602
2.687720,4.174735,-0.104407
2.687720,2.701943,-0.004695
2.687720,2.845172,0.021515
2.687720,9.311835,0.095364
2.687720,3.386156,-0.066707
2.687720,2.687808,-0.000912
2.687720,3.133233,0.048139
2.687720,11.319832,-0.039973
2.687720,2.944760,-0.031511
2.687720,2.688614,0.002393
2.687720,3.609516,0.080119
2.687720,7.908801,-0.117098
2.687720,2.801404,-0.016795
2.687720,2.715816,0.006630
2.687720,4.714895,0.118319
2.687720,5.098315,-0.124298
2.687720,2.726129,-0.007890
2.687720,2.791132,0.015609
2.687720,7.539475,0.121263
2.687720,3.685249,-0.084109
2.687720,2.690299,-0.002723
2.687720,2.927009,0.029794
2.687720,11.092465,0.049542
2.687720,3.164630,-0.050660
2.687720,2.688296,0.000741
2.687720,3.370182,0.065643
2.687720,9.431901,-0.093062
2.687720,2.849431,-0.021950
2.687720,2.702573,0.004736
2.687720,4.191895,0.104968
2.687720,5.936781,-0.129561
2.687720,2.748691,-0.010532
2.687720,2.779150,0.014134
2.687720,7.085127,0.125383
2.687720,3.793767,-0.089383
2.687720,2.693770,-0.003067
2.687720,2.935521,0.030588
2.687720,11.205952,0.045014
2.687720,3.149517,-0.049435
2.687720,2.690571,0.001118
2.687720,3.460743,0.071450
2.687720,8.787988,-0.104554
2.687720,2.828324,-0.019629
2.687720,2.718922,0.006785
2.687720,4.794374,0.119781
2.687720,5.007555,-0.123118
2.687720,2.724581,-0.007494
2.687720,2.820165,0.018726
2.687720,8.522567,0.108715
2.687720,3.502013,-0.073957
2.687720,2.691055,-0.001353
2.687720,3.125056,0.047446
2.687720,11.375293,-0.037267
2.687720,2.950105,-0.031981
2.687720,2.693557,0.002934
2.687720,3.770781,0.088302
2.687720,7.174975,-0.124661
2.687720,2.781636,-0.014410
2.687720,2.748125,0.010450
2.687720,5.912917,0.129528
2.687720,4.203071,-0.105328
2.687720,2.702971,-0.004765
2.687720,2.851824,0.022194
2.687720,9.498063,0.091761
2.687720,3.361520,-0.065060
2.687720,2.688596,-0.000644
2.687720,3.182838,0.052091
2.687720,10.950801,-0.054671
2.687720,2.917698,-0.028881
2.687720,2.691552,0.002939
2.687720,3.737673,0.086722
2.687720,7.309776,-0.123493
2.687720,2.784899,-0.014876
2.687720,2.733569,0.008784
2.687720,5.376292,0.127079
2.687720,4.505500,-0.113791
2.687720,2.710216,-0.005918
2.687720,2.810058,0.017764
2.687720,8.208275,0.113231
2.687720,3.554502,-0.077052
2.687720,2.687764,-0.002108
2.687720,2.969780,0.033878
2.687720,11.550737,0.027031
2.687720,3.095132,-0.044988
2.687720,2.687598,0.001166
2.687720,3.418347,0.068802
2.687720,9.078037,-0.099633
2.687720,2.837236,-0.020681
2.687720,2.703246,0.004906
2.687720,4.229145,0.106160
2.687720,5.858379,-0.129432
2.687720,2.746488,-0.010300
2.687720,2.777234,0.013942
2.687720,7.019014,0.125884
2.687720,3.811213,-0.090190
2.687720,2.693657,-0.003200
2.687720,2.915841,0.028683
2.687720,10.919425,0.055743
2.687720,3.186828,-0.052395
2.687720,2.689568,0.000729
2.687720,3.389415,0.066908
2.687720,9.288483,-0.095800
2.687720,2.844616,-0.021405
2.687720,2.708701,0.005484
2.687720,4.412174,0.111433
2.687720,5.522182,-0.128090
2.687720,2.738074,-0.009180
2.687720,2.799999,0.016475
2.687720,7.832998,0.118003
2.687720,3.624540,-0.080906
2.687720,2.692140,-0.002085
2.687720,3.042450,0.040425
2.687720,11.734853,-0.006441
2.687720,3.012968,-0.037800
2.687720,2.692494,0.002344
2.687720,3.667639,0.083184
2.687720,7.622202,-0.120385
2.687720,2.794045,-0.015807
2.687720,2.741546,0.009617
2.687720,5.656469,0.128784
2.687720,4.334180,-0.109296
2.687720,2.706587,-0.005215
2.687720,2.847816,0.021753
2.687720,9.382130,0.094024
2.687720,3.376834,-0.066079
2.687720,2.689278,-0.000673
2.687720,3.189817,0.052629
2.687720,10.895381,-0.056552
2.687720,2.914360,-0.028542
2.687720,2.693224,0.003160
2.687720,3.798062,0.089587
2.687720,7.068503,-0.125513
2.687720,2.778511,-0.014103
2.687720,2.743692,0.009976
2.687720,5.754290,0.129157
2.687720,4.281529,-0.107767
2.687720,2.704494,-0.005109
2.687720,2.829548,0.019868
2.687720,8.842723,0.103659
2.687720,3.452362,-0.070955
2.687720,2.687420,-0.001428
2.687720,3.056518,0.041690
2.687720,11.705477,-0.012316
2.687720,3.000016,-0.036667
2.687720,2.687390,0.001840
2.687720,3.510221,0.074475
2.687720,8.470285,-0.109503
2.687720,2.817900,-0.018621
2.687720,2.706988,0.005486
2.687720,4.382418,0.110644
2.687720,5.571725,-0.128377
2.687720,2.738783,-0.009405
2.687720,2.780796,0.014390
2.687720,7.156698,0.124815
2.687720,3.775287,-0.088525
2.687720,2.692460,-0.003092
2.687720,2.911409,0.028259
2.687720,10.846224,0.058170
2.687720,3.195892,-0.053104
2.687720,2.688760,0.000568
2.687720,3.353655,0.064528
2.687720,9.558696,-0.090547
2.687720,2.854030,-0.022421
2.687720,2.702924,0.004743
2.687720,4.198968,0.105196
2.687720,5.921666,-0.129541
2.687720,2.748384,-0.010475
2.687720,2.782237,0.014474
2.687720,7.196127,0.124484
2.687720,3.765495,-0.088050
2.687720,2.693560,-0.002897
2.687720,2.955123,0.032456
2.687720,11.425375,0.034650
2.687720,3.117197,-0.046798
2.687720,2.691250,0.001433
2.687720,3.516665,0.074826
2.687720,8.432541,-0.110053
2.687720,2.817464,-0.018424
2.687720,2.726696,0.007756
2.687720,5.087192,0.124155
2.687720,4.724497,-0.118495
2.687720,2.717071,-0.006548
2.687720,2.831457,0.019971
2.687720,8.887138,0.102915
2.687720,3.445997,-0.070533
2.687720,2.690438,-0.001029
2.687720,3.159577,0.050241
2.687720,11.131486,-0.048030
2.687720,2.929942,-0.030049
2.687720,2.693991,0.003134
2.687720,3.807299,0.090008
2.687720,7.033792,-0.125774
2.687720,2.777758,-0.013974
2.687720,2.749716,0.010658
2.687720,5.976117,0.129603
2.687720,4.173841,-0.104376
2.687720,2.702105,-0.004670
2.687720,2.850983,0.022114
2.687720,9.475689,0.092204
2.687720,3.364426,-0.065258
2.687720,2.688283,-0.000701
2.687720,3.169863,0.051074
2.687720,11.052302,-0.051048
2.687720,2.924255,-0.029526
2.687720,2.690454,0.002762
2.687720,3.693454,0.084526
2.687720,7.502182,-0.121644
2.687720,2.790103,-0.015491
2.687720,2.727017,0.007999
2.687720,5.131738,0.124696
2.687720,4.687192,-0.117776
2.687720,2.715061,-0.006538
2.687720,2.802038,0.016869
2.687720,7.931413,0.116822
2.687720,3.605176,-0.079883
2.687720,2.688493,-0.002377
2.687720,2.944998,0.031535
2.687720,11.322554,0.039845
2.687720,3.132830,-0.048107
2.687720,2.687738,0.000907
2.687720,3.384262,0.066583
2.687720,9.325881,-0.095099
2.687720,2.845648,-0.021567
2.687720,2.701558,0.004647
2.687720,4.160778,0.103943
2.687720,6.005106,-0.129625
2.687720,2.750367,-0.010761
2.687720,2.773685,0.013523
2.687720,6.886003,0.126806
2.687720,3.847935,-0.091843
2.687720,2.694439,-0.003360
2.687720,2.906585,0.027770
2.687720,10.760189,0.060898
2.687720,3.206493,-0.053915
2.687720,2.689445,0.000572
2.687720,3.365377,0.065313
2.687720,9.468959,-0.092335
2.687720,2.850898,-0.022073
2.687720,2.706221,0.005149
2.687720,4.317797,0.108826
2.687720,5.686314,-0.128909
2.687720,2.742362,-0.009709
2.687720,2.794065,0.015803
2.687720,7.621887,0.120388
2.687720,3.667715,-0.083187
2.687720,2.692613,-0.002331
2.687720,3.016659,0.038131
2.687720,11.739853,0.004776
2.687720,3.038510,-0.040077
2.687720,2.692342,0.002138
2.687720,3.635475,0.081491
2.687720,7.778108,-0.118644
2.687720,2.798468,-0.016297
2.687720,2.739749,0.009381
2.687720,5.585260,0.128443
2.687720,4.374656,-0.110425
2.687720,2.707752,-0.005347
2.687720,2.848215,0.021785
2.687720,9.392146,0.093831
2.687720,3.375524,-0.065989
2.687720,2.689633,-0.000622
2.687720,3.202610,0.053615
2.687720,10.791999,-0.059903
2.687720,2.908378,-0.027945
2.687720,2.694624,0.003369
2.687720,3.852312,0.092036
2.687720,6.870686,-0.126904
2.687720,2.773308,-0.013472
2.687720,2.751676,0.010911
2.687720,6.053581,0.129641
2.687720,4.139480,-0.103223
2.687720,2.701098,-0.004558
2.687720,2.850371,0.022058
2.687720,9.459737,0.092518
2.687720,3.366498,-0.065400
2.687720,2.687951,-0.000755
2.687720,3.157115,0.050064
2.687720,11.149040,-0.047340
2.687720,2.931030,-0.030189
2.687720,2.689442,0.002592
2.687720,3.652001,0.082390
2.687720,7.695822,-0.119584
2.687720,2.795416,-0.016112
2.687720,2.720874,0.007256
2.687720,4.903436,0.121601
2.687720,4.893111,-0.121440
2.687720,2.720596,-0.007222
2.687720,2.795685,0.016143
2.687720,7.705532,0.119476
2.687720,3.649996,-0.082285
2.687720,2.689396,-0.002584
2.687720,2.931461,0.030231
2.687720,11.154905,0.047106
2.687720,3.156328,-0.050001
2.687720,2.687938,0.000759
2.687720,3.366869,0.065425
2.687720,9.456907,-0.092574
2.687720,2.850269,-0.022048
2.687720,2.701078,0.004556
2.687720,4.138904,0.103203
2.687720,6.054907,-0.129641
2.687720,2.751708,-0.010915
2.687720,2.773191,0.013459
2.687720,6.866405,0.126931
2.687720,3.853537,-0.092090
2.687720,2.694641,-0.003375
2.687720,2.907767,0.027885
2.687720,10.781168,0.060244
2.687720,3.203935,-0.053717
2.687720,2.689606,0.000609
2.687720,3.373284,0.065840
2.687720,9.409022,-0.093505
2.687720,2.848803,-0.021848
2.687720,2.707463,0.005309
2.687720,4.363803,0.110126
2.687720,5.604025,-0.128539
2.687720,2.740236,-0.009441
2.687720,2.797705,0.016211
2.687720,7.751103,0.118954
2.687720,3.640925,-0.081781
2.687720,2.692390,-0.002170
2.687720,3.034887,0.039756
2.687720,11.743167,-0.003231
2.687720,3.020108,-0.038440
2.687720,2.692573,0.002301
2.687720,3.662725,0.082927
2.687720,7.645518,-0.120132
2.687720,2.794729,-0.015877
2.687720,2.742002,0.009663
2.687720,5.672306,0.128851
2.687720,4.325452,-0.109047
2.687720,2.706430,-0.005176
2.687720,2.850619,0.022043
2.687720,9.460977,0.092492
2.687720,3.366426,-0.065383
2.687720,2.689479,-0.000575
2.687720,3.206577,0.053921
2.687720,10.759517,-0.060919
2.687720,2.906551,-0.027766
2.687720,2.694517,0.003370
2.687720,3.850652,0.091963
2.687720,6.876469,-0.126867
2.687720,2.773438,-0.013492
2.687720,2.750835,0.010816
2.687720,6.022561,0.129634
2.687720,4.153038,-0.103683
2.687720,2.701381,-0.004615
2.687720,2.847087,0.021717
2.687720,9.367071,0.094315
2.687720,3.378751,-0.066218
2.687720,2.687792,-0.000861
2.687720,3.139976,0.048687
2.687720,11.273225,-0.042110
2.687720,2.940740,-0.031127
2.687720,2.688731,0.002437
2.687720,3.617737,0.080566
2.687720,7.866381,-0.117612
2.687720,2.800194,-0.016660
2.687720,2.716546,0.006723
2.687720,4.742422,0.118843
2.687720,5.065995,-0.123897
2.687720,2.725252,-0.007786
2.687720,2.791612,0.015668
2.687720,7.557438,0.121077
2.687720,3.681331,-0.083909
2.687720,2.690161,-0.002712
2.687720,2.926322,0.029729
2.687720,11.082669,0.049913
2.687720,3.165908,-0.050762
2.687720,2.688198,0.000720
2.687720,3.365656,0.065341
2.687720,9.466266,-0.092390
2.687720,2.850636,-0.022080
2.687720,2.701899,0.004649
2.687720,4.167051,0.104151
2.687720,5.991145,-0.129615
2.687720,2.750092,-0.010707
2.687720,2.776779,0.013864
2.687720,6.998047,0.126036
2.687720,3.816893,-0.090447
2.687720,2.694112,-0.003186
2.687720,2.924908,0.029561
2.687720,11.059682,0.050772
2.687720,3.169001,-0.050990
2.687720,2.690259,0.000939
2.687720,3.430431,0.069552
2.687720,8.994250,-0.101093
2.687720,2.834890,-0.020346
2.687720,2.714962,0.006280
2.687720,4.645244,0.116914
2.687720,5.184421,-0.125280
2.687720,2.729262,-0.008075
2.687720,2.813893,0.018026
2.687720,8.312396,0.111781
2.687720,3.536783,-0.076002
2.687720,2.691459,-0.001550
2.687720,3.104504,0.045743
2.687720,11.500797,-0.030290
2.687720,2.963590,-0.033255
2.687720,2.693412,0.002817
2.687720,3.751363,0.087373
2.687720,7.253521,-0.123991
2.687720,2.783821,-0.014651
2.687720,2.747706,0.010387
2.687720,5.894833,0.129499
2.687720,4.211652,-0.105602
2.687720,2.703293,-0.004785
2.687720,2.854184,0.022434
2.687720,9.562501,0.090470
2.687720,3.353171,-0.064494
2.687720,2.688881,-0.000550
2.687720,3.200274,0.053441
2.687720,10.810720,-0.059311
2.687720,2.909374,-0.028056
2.687720,2.692921,0.003162
2.687720,3.793173,0.089362
2.687720,7.087117,-0.125370
2.687720,2.778950,-0.014168
2.687720,2.741445,0.009719
2.687720,5.671454,0.128852
2.687720,4.325786,-0.109063
2.687720,2.705542,-0.005280
2.687720,2.822950,0.019166
2.687720,8.634335,0.107008
2.687720,3.484063,-0.072906
2.687720,2.687307,-0.001665
2.687720,3.022405,0.038687
2.687720,11.744911,0.002105
2.687720,3.032038,-0.039544
2.687720,2.687317,0.001596
2.687720,3.474374,0.072315
2.687720,8.696906,-0.106024
2.687720,2.824909,-0.019375
2.687720,2.705149,0.005220
2.687720,4.309769,0.108600
2.687720,5.700914,-0.128970
2.687720,2.742238,-0.009811
2.687720,2.778613,0.014125
2.687720,7.073991,0.125471
2.687720,3.796608,-0.089521
2.687720,2.693043,-0.003171
2.687720,2.910025,0.028119
2.687720,10.821963,0.058952
2.687720,3.198895,-0.053334
2.687720,2.688972,0.000571
2.687720,3.357554,0.064790
2.687720,9.528697,-0.091149
2.687720,2.852973,-0.022304
2.687720,2.703949,0.004870
2.687720,4.235919,0.106368
2.687720,5.844682,-0.129400
2.687720,2.746413,-0.010225
2.687720,2.786045,0.014903
2.687720,7.334308,0.123265
2.687720,3.732004,-0.086431
2.687720,2.693182,-0.002710
2.687720,2.974379,0.034264
2.687720,11.580903,0.024843
2.687720,3.089302,-0.044465
2.687720,2.691653,0.001684
2.687720,3.559101,0.077284
2.687720,8.183716,-0.113557
2.687720,2.810111,-0.017604
2.687720,2.731829,0.008396
2.687720,5.282233,0.126262
2.687720,4.571517,-0.115318
2.687720,2.712992,-0.006029
2.687720,2.838059,0.020692
2.687720,9.091649,0.099388
2.687720,3.416586,-0.068669
2.687720,2.690073,-0.000863
2.687720,3.176514,0.051584
2.687720,11.001227,-0.052900
2.687720,2.921023,-0.029184
2.687720,2.694130,0.003217
2.687720,3.821704,0.090666
2.687720,6.980313,-0.126163
2.687720,2.776279,-0.013811
2.687720,2.749873,0.010686
2.687720,5.983734,0.129610
2.687720,4.170383,-0.104262
2.687720,2.701933,-0.004667
2.687720,2.848739,0.021884
2.687720,9.413160,0.093427
2.687720,3.372644,-0.065809
2.687720,2.688065,-0.000785
2.687720,3.154760,0.049875
2.687720,11.166594,-0.046636
2.687720,2.932339,-0.030314
2.687720,2.689576,0.002598
2.687720,3.655142,0.082554
2.687720,7.680698,-0.119752
2.687720,2.795012,-0.016062
2.687720,2.721730,0.007357
2.687720,4.934746,0.122080
2.687720,4.862387,-0.120946
2.687720,2.719782,-0.007120
2.687720,2.796913,0.016282
2.687720,7.749151,0.118983
2.687720,3.641077,-0.081814
2.687720,2.689257,-0.002538
2.687720,2.935444,0.030615
2.687720,11.207434,0.044956
2.687720,3.149191,-0.049429
2.687720,2.687970,0.000815
2.687720,3.375203,0.065981
2.687720,9.393808,-0.093801
2.687720,2.848046,-0.021813
2.687720,2.701776,0.004654
2.687720,4.165687,0.104106
2.687720,5.994158,-0.129618
2.687720,2.750127,-0.010722
2.687720,2.775394,0.013712
2.687720,6.948042,0.126389
2.687720,3.830559,-0.091066
2.687720,2.694239,-0.003265
2.687720,2.916300,0.028723
2.687720,10.926499,0.055502
2.687720,3.185957,-0.052324
2.687720,2.689883,0.000772
2.687720,3.400673,0.067642
2.687720,9.206051,-0.097326
2.687720,2.841856,-0.021103
2.687720,2.710857,0.005754
2.687720,4.491485,0.113444
2.687720,5.397468,-0.127238
2.687720,2.734847,-0.008772
2.687720,2.805694,0.017110
2.687720,8.031423,0.115560
2.687720,3.586640,-0.078833
2.687720,2.691895,-0.001849
2.687720,3.070714,0.042881
2.687720,11.660781,-0.017839
2.687720,2.988648,-0.035585
2.687720,2.692944,0.002577
2.687720,3.708723,0.085277
2.687720,7.434926,-0.122309
2.687720,2.788834,-0.015217
2.687720,2.744940,0.010038
2.687720,5.787208,0.129254
2.687720,4.264679,-0.107253
2.687720,2.704741,-0.004969
2.687720,2.852033,0.022202
2.687720,9.501963,0.091682
2.687720,3.361042,-0.065024
2.687720,2.689121,-0.000579
2.687720,3.200289,0.053441
2.687720,10.810697,-0.059312
2.687720,2.909393,-0.028054
2.687720,2.693424,0.003221
2.687720,3.810282,0.090149
2.687720,7.022416,-0.125860
2.687720,2.777259,-0.013959
2.687720,2.744508,0.010077
2.687720,5.785757,0.129253
2.687720,4.265320,-0.107278
2.687720,2.704052,-0.005053
2.687720,2.830169,0.019936
2.687720,8.862433,0.103332
2.687720,3.449439,-0.070773
2.687720,2.687354,-0.001415
2.687720,3.057236,0.041753
2.687720,11.703543,-0.012606
2.687720,2.999395,-0.036611
2.687720,2.687313,0.001836
2.687720,3.508329,0.074363
2.687720,8.481883,-0.109331
2.687720,2.818241,-0.018661
2.687720,2.706542,0.005431
2.687720,4.366328,0.110204
2.687720,5.599373,-0.128521
2.687720,2.739501,-0.009494
2.687720,2.779679,0.014262
2.687720,7.115775,0.125145
2.687720,3.785735,-0.089016
2.687720,2.692630,-0.003145
2.687720,2.907097,0.027834
2.687720,10.770684,0.060573
2.687720,3.205169,-0.053819
2.687720,2.688629,0.000485
2.687720,3.339947,0.063595
2.687720,9.665534,-0.088357
2.687720,2.857936,-0.022833
2.687720,2.701436,0.004540
2.687720,4.142755,0.103332
2.687720,6.046114,-0.129639
2.687720,2.751604,-0.010873
2.687720,2.777172,0.013896
2.687720,7.010305,0.125946
2.687720,3.813604,-0.090295
2.687720,2.694255,-0.003147
2.687720,2.932431,0.030287
2.687720,11.165180,0.046689
2.687720,3.155075,-0.049880
2.687720,2.690704,0.001093
2.687720,3.459422,0.071367
2.687720,8.796838,-0.104409
2.687720,2.828626,-0.019657
2.687720,2.719396,0.006837
2.687720,4.811027,0.120072
2.687720,4.989362,-0.122865
2.687720,2.724129,-0.007431
2.687720,2.821736,0.018896
2.687720,8.573605,0.107940
2.687720,3.493871,-0.073468
2.687720,2.691097,-0.001290
2.687720,3.134294,0.048200
2.687720,11.313629,-0.040258
2.687720,2.944443,-0.031440
2.687720,2.693998,0.003027
2.687720,3.791876,0.089293
2.687720,7.092479,-0.125325
2.687720,2.779427,-0.014149
2.687720,2.750756,0.010761
2.687720,6.012174,0.129627
2.687720,4.157686,-0.103836
2.687720,2.701891,-0.004587
2.687720,2.858734,0.022911
2.687720,9.686283,0.087924
2.687720,3.337322,-0.063414
2.687720,2.688832,-0.000443
2.687720,3.214342,0.054519
2.687720,10.695440,-0.062874
2.687720,2.903012,-0.027425
2.687720,2.693538,0.003281
2.687720,3.821079,0.090642
2.687720,6.982410,-0.126150
2.687720,2.776152,-0.013837
2.687720,2.744608,0.010097
2.687720,5.790805,0.129268
2.687720,4.262741,-0.107201
2.687720,2.703926,-0.005050
2.687720,2.828566,0.019769
2.687720,8.812919,0.104151
2.687720,3.456789,-0.071231
2.687720,2.687237,-0.001481
2.687720,3.046393,0.040809
2.687720,11.728177,-0.008180
2.687720,3.008923,-0.037476
2.687720,2.687191,0.001751
2.687720,3.494307,0.073525
2.687720,8.569196,-0.108014
2.687720,2.820907,-0.018951
2.687720,2.705423,0.005282
2.687720,4.323935,0.109011
2.687720,5.674811,-0.128866
2.687720,2.741492,-0.009735
2.687720,2.777619,0.014022
2.687720,7.039208,0.125736
2.687720,3.805773,-0.089945
2.687720,2.693039,-0.003234
2.687720,2.901465,0.027276
2.687720,10.666797,0.063729
2.687720,3.217798,-0.054784
2.687720,2.688524,0.000382
2.687720,3.323747,0.062479
2.687720,9.793873,-0.085636
2.687720,2.862769,-0.023339
2.687720,2.699890,0.004324
2.687720,4.083697,0.101268
2.687720,6.187318,-0.129571
2.687720,2.755263,-0.011324
2.687720,2.771570,0.013253
2.687720,6.803144,0.127321
2.687720,3.871949,-0.092894
2.687720,2.695212,-0.003434
2.687720,2.908795,0.027981
2.687720,10.798930,0.059684
2.687720,3.201775,-0.053549
2.687720,2.689935,0.000663
2.687720,3.386295,0.066700
2.687720,9.311753,-0.095362
2.687720,2.845467,-0.021485
2.687720,2.709789,0.005603
2.687720,4.449582,0.112400
2.687720,5.461983,-0.127704
2.687720,2.736565,-0.008978
2.687720,2.804171,0.016934
2.687720,7.977626,0.116241
2.687720,3.596689,-0.079388
2.687720,2.692096,-0.001896
2.687720,3.067521,0.042605
2.687720,11.672243,-0.016594
2.687720,2.991244,-0.035822
2.687720,2.693100,0.002576
2.687720,3.711209,0.085400
2.687720,7.424046,-0.122415
2.687720,2.788567,-0.015180
2.687720,2.746079,0.010168
2.687720,5.829279,0.129364
2.687720,4.243540,-0.106604
2.687720,2.704269,-0.004884
2.687720,2.856140,0.022627
2.687720,9.614510,0.089410
2.687720,3.346504,-0.064038
2.687720,2.689335,-0.000450
2.687720,3.221566,0.055063
2.687720,10.635971,-0.064634
2.687720,2.899929,-0.027109
2.687720,2.695063,0.003483
2.687720,3.876518,0.093094
2.687720,6.787628,-0.127413
2.687720,2.771073,-0.013214
2.687720,2.753292,0.011108
2.687720,6.115673,0.129630
2.687720,4.113042,-0.102310
2.687720,2.700413,-0.004460
2.687720,2.852733,0.022307
2.687720,9.525813,0.091209
2.687720,3.357867,-0.064819
2.687720,2.687928,-0.000696
2.687720,3.164848,0.050680
2.687720,11.090671,-0.049610
2.687720,2.926856,-0.029785
2.687720,2.689631,0.002645
2.687720,3.662839,0.082956
2.687720,7.643866,-0.120156
2.687720,2.793964,-0.015947
2.687720,2.721972,0.007393
2.687720,4.944743,0.122229
2.687720,4.852750,-0.120788
2.687720,2.719495,-0.007091
2.687720,2.796350,0.016224
2.687720,7.730005,0.119201
2.687720,3.644968,-0.082021
2.687720,2.689220,-0.002569
2.687720,2.930612,0.030150
2.687720,11.143463,0.047562
2.687720,3.157855,-0.050124
2.687720,2.687815,0.000733
2.687720,3.361275,0.065050
2.687720,9.499588,-0.091731
2.687720,2.851775,-0.022209
2.687720,2.700263,0.004450
2.687720,4.108897,0.102165
2.687720,6.125596,-0.129625
2.687720,2.753531,-0.011142
2.687720,2.770128,0.013108
2.687720,6.753030,0.127611
2.687720,3.886870,-0.093539
2.687720,2.695212,-0.003536
2.687720,2.895115,0.026631
2.687720,10.541338,0.067340
2.687720,3.232953,-0.055922
2.687720,2.689102,0.000340
2.687720,3.327364,0.062725
2.687720,9.765286,-0.086250
2.687720,2.861746,-0.023219
2.687720,2.701966,0.004574
2.687720,4.156938,0.103810
2.687720,6.013886,-0.129628
2.687720,2.750847,-0.010762
2.687720,2.780737,0.014291
2.687720,7.139336,0.124953
2.687720,3.779823,-0.088727
2.687720,2.693934,-0.002952
2.687720,2.953618,0.032311
2.687720,11.410618,0.035440
2.687720,3.119563,-0.046991
2.687720,2.691436,0.001438
2.687720,3.520392,0.075044
2.687720,8.410044,-0.110382
2.687720,2.816820,-0.018347
2.687720,2.727925,0.007901
2.687720,5.132440,0.124697
2.687720,4.686837,-0.117760
2.687720,2.716109,-0.006417
2.687720,2.834289,0.020275
2.687720,8.974749,0.101428
2.687720,3.433250,-0.069729
2.687720,2.690476,-0.000934
2.687720,3.173248,0.051324
2.687720,11.026883,-0.051976
2.687720,2.922732,-0.029346
2.687720,2.694733,0.003275
2.687720,3.840431,0.091506
2.687720,6.912719,-0.126628
2.687720,2.774545,-0.013591
2.687720,2.753812,0.011140
2.687720,6.130355,0.129620
2.687720,4.106961,-0.102094
2.687720,2.700550,-0.004404
2.687720,2.862446,0.023301
2.687720,9.784854,0.085830
2.687720,3.324887,-0.062556
2.687720,2.688710,-0.000368
2.687720,3.222680,0.055152
2.687720,10.626479,-0.064912
2.687720,2.899381,-0.027065
2.687720,2.693716,0.003329
2.687720,3.831087,0.091094
2.687720,6.945955,-0.126405
2.687720,2.775166,-0.013724
2.687720,2.745303,0.010182
2.687720,5.817526,0.129339
2.687720,4.249274,-0.106788
2.687720,2.703562,-0.005003
2.687720,2.829220,0.019840
2.687720,8.833642,0.103810
2.687720,3.453696,-0.071040
2.687720,2.687190,-0.001464
2.687720,3.047873,0.040939
2.687720,11.725391,-0.008793
2.687720,3.007586,-0.037356
2.687720,2.687137,0.001755
2.687720,3.493879,0.073500
2.687720,8.571868,-0.107973
2.687720,2.820981,-0.018961
2.687720,2.705143,0.005248
2.687720,4.314036,0.108725
2.687720,5.692979,-0.128940
2.687720,2.741960,-0.009794
2.687720,2.776786,0.013927
2.687720,7.008620,0.125962
2.687720,3.813957,-0.090320
2.687720,2.693171,-0.003275
2.687720,2.898061,0.026938
2.687720,10.601291,0.065640
2.687720,3.225702,-0.055383
2.687720,2.688398,0.000310
2.687720,3.311645,0.061635
2.687720,9.891063,-0.083505
2.687720,2.866533,-0.023732
2.687720,2.698627,0.004149
2.687720,4.035821,0.099513
2.687720,6.310498,-0.129364
2.687720,2.758451,-0.011718
2.687720,2.766489,0.012669
2.687720,6.614403,0.128319
2.687720,3.930105,-0.095355
2.687720,2.696257,-0.003709
2.687720,2.888363,0.025950
2.687720,10.400812,0.071164
2.687720,3.249822,-0.057177
2.687720,2.689094,0.000217
2.687720,3.310121,0.061522
2.687720,9.903705,-0.083222
2.687720,2.867112,-0.023776
2.687720,2.700592,0.004374
2.687720,4.103197,0.101961
2.687720,6.139493,-0.129614
2.687720,2.754113,-0.011162
2.687720,2.776072,0.013756
2.687720,6.967496,0.126253
2.687720,3.825249,-0.090823
2.687720,2.694631,-0.003183
2.687720,2.933498,0.030387
2.687720,11.179137,0.046122
2.687720,3.153198,-0.049727
2.687720,2.690968,0.001137
2.687720,3.470085,0.072023
2.687720,8.726490,-0.105546
2.687720,2.826455,-0.019413
2.687720,2.721507,0.007095
2.687720,4.889337,0.121372
2.687720,4.907484,-0.121656
2.687720,2.721988,-0.007156
2.687720,2.825749,0.019335
2.687720,8.703681,0.105910
2.687720,3.473577,-0.072237
2.687720,2.691007,-0.001158
2.687720,3.151058,0.049556
2.687720,11.194856,-0.045475
2.687720,2.934697,-0.030502
2.687720,2.694597,0.003170
2.687720,3.822790,0.090712
2.687720,6.976485,-0.126189
2.687720,2.776317,-0.013784
2.687720,2.753991,0.011146
2.687720,6.134695,0.129617
2.687720,4.105181,-0.102031
2.687720,2.700647,-0.004380
2.687720,2.867057,0.023770
2.687720,9.902264,0.083254
2.687720,3.310300,-0.061535
2.687720,2.689108,-0.000217
2.687720,3.250098,0.057198
2.687720,10.398521,-0.071224
2.687720,2.888258,-0.025939
2.687720,2.696310,0.003716
2.687720,3.932025,0.095434
2.687720,6.608458,-0.128346
2.687720,2.766336,-0.012650
2.687720,2.758726,0.011749
2.687720,6.320755,0.129341
2.687720,4.031978,-0.099368
2.687720,2.698548,-0.004132
2.687720,2.867524,0.023833
2.687720,9.916017,0.082948
2.687720,3.308563,-0.061418
2.687720,2.688446,-0.000282
2.687720,3.230292,0.055728
2.687720,10.563190,-0.066726
2.687720,2.896141,-0.026745
2.687720,2.693528,0.003331
2.687720,3.828215,0.090966
2.687720,6.956310,-0.126334
2.687720,2.775403,-0.013761
2.687720,2.743868,0.010019
2.687720,5.764617,0.129191
2.687720,4.276150,-0.107607
2.687720,2.704185,-0.005109
2.687720,2.824759,0.019367
2.687720,8.693291,0.106081
2.687720,3.474916,-0.072350
2.687720,2.687102,-0.001625
2.687720,3.024637,0.038887
2.687720,11.745770,0.001116
2.687720,3.029743,-0.039342
2.687720,2.687110,0.001588
2.687720,3.469875,0.072041
2.687720,8.726197,-0.105557
2.687720,2.825796,-0.019477
2.687720,2.703995,0.005079
2.687720,4.268294,0.107370
2.687720,5.779897,-0.129237
2.687720,2.744279,-0.010067
2.687720,2.775213,0.013737
2.687720,6.948938,0.126385
2.687720,3.830252,-0.091058
2.687720,2.693595,-0.003338
2.687720,2.896351,0.026766
2.687720,10.567299,0.066610
2.687720,3.229799,-0.055690
2.687720,2.688486,0.000290
2.687720,3.310378,0.061545
2.687720,9.901345,-0.083276
2.687720,2.866948,-0.023773
2.687720,2.698797,0.004165
2.687720,4.041256,0.099715
2.687720,6.296104,-0.129395
2.687720,2.758090,-0.011670
2.687720,2.767424,0.012775
2.687720,6.648894,0.128155
2.687720,3.919090,-0.094898
2.687720,2.696073,-0.003655
2.687720,2.892633,0.026377
2.687720,10.490267,0.068755
2.687720,3.239098,-0.056380
2.687720,2.689304,0.000319
2.687720,3.327776,0.062752
2.687720,9.762101,-0.086318
2.687720,2.861650,-0.023204
2.687720,2.702632,0.004652
2.687720,4.180216,0.104583
2.687720,5.962224,-0.129589
2.687720,2.749537,-0.010593
2.687720,2.783640,0.014618
2.687720,7.244774,0.124067
2.687720,3.753514,-0.087475
2.687720,2.693649,-0.002804
2.687720,2.969075,0.033766
2.687720,11.543602,0.027512
2.687720,3.096678,-0.045085
2.687720,2.691818,0.001650
2.687720,3.556891,0.077157
2.687720,8.196323,-0.113386
2.687720,2.810517,-0.017642
2.687720,2.732591,0.008479
2.687720,5.309451,0.126509
2.687720,4.551992,-0.114874
2.687720,2.712536,-0.005955
2.687720,2.840941,0.020995
2.687720,9.177411,0.097848
2.687720,3.404641,-0.067897
2.687720,2.690228,-0.000760
2.687720,3.193213,0.052885
2.687720,10.868446,-0.057443
2.687720,2.912836,-0.028377
2.687720,2.695328,0.003418
2.687720,3.871503,0.092874
2.687720,6.804697,-0.127311
2.687720,2.771653,-0.013254
2.687720,2.756439,0.011455
2.687720,6.230289,0.129513
2.687720,4.066647,-0.100651
2.687720,2.699584,-0.004245
2.687720,2.868570,0.023932
2.687720,9.941054,0.082384
2.687720,3.305500,-0.061199
2.687720,2.688872,-0.000210
2.687720,3.247198,0.056985
2.687720,10.422581,-0.070586
2.687720,2.889361,-0.026055
2.687720,2.695542,0.003618
2.687720,3.904485,0.094288
2.687720,6.695420,-0.127922
2.687720,2.768581,-0.012929
2.687720,2.754604,0.011273
2.687720,6.166894,0.129593
2.687720,4.091917,-0.101565
2.687720,2.699819,-0.004387
2.687720,2.853205,0.022360
2.687720,9.539390,0.090937
2.687720,3.356097,-0.064701
2.687720,2.687790,-0.000699
2.687720,3.162121,0.050464
2.687720,11.111346,-0.048818
2.687720,2.928299,-0.029927
2.687720,2.689296,0.002595
2.687720,3.650003,0.082286
2.687720,7.705460,-0.119477
2.687720,2.795659,-0.016146
2.687720,2.719932,0.007146
2.687720,4.869266,0.121058
2.687720,4.927650,-0.121973
2.687720,2.721504,-0.007338
2.687720,2.794152,0.015971
2.687720,7.651003,0.120079
2.687720,3.661335,-0.082879
2.687720,2.689558,-0.002643
2.687720,2.925959,0.029698
2.687720,11.077803,0.050097
2.687720,3.166528,-0.050813
2.687720,2.687860,0.000676
2.687720,3.353928,0.064554
2.687720,9.556180,-0.090599
2.687720,2.853822,-0.022423
2.687720,2.699908,0.004393
2.687720,4.094301,0.101649
2.687720,6.161047,-0.129598
2.687720,2.754464,-0.011253
2.687720,2.769153,0.012993
2.687720,6.716400,0.127811
2.687720,3.898018,-0.094014
2.687720,2.695444,-0.003585
2.687720,2.892215,0.026340
2.687720,10.482183,0.068976
2.687720,3.240054,-0.056453
2.687720,2.689016,0.000278
2.687720,3.317395,0.062032
2.687720,9.845007,-0.084522
2.687720,2.864803,-0.023538
2.687720,2.700920,0.004429
2.687720,4.117138,0.102449
2.687720,6.106024,-0.129632
2.687720,2.753230,-0.011057
2.687720,2.776934,0.013858
2.687720,6.999669,0.126023
2.687720,3.816487,-0.090426
2.687720,2.694461,-0.003142
2.687720,2.936241,0.030651
2.687720,11.214781,0.044642
2.687720,3.148321,-0.049336
2.687720,2.691002,0.001177
2.687720,3.476257,0.072401
2.687720,8.686255,-0.106187
2.687720,2.825204,-0.019276
2.687720,2.722200,0.007184
2.687720,4.915763,0.121784
2.687720,4.881155,-0.121242
2.687720,2.721282,-0.007069
2.687720,2.826549,0.019424
2.687720,8.729692,0.105495
2.687720,3.469593,-0.071993
2.687720,2.690928,-0.001139
2.687720,3.152385,0.049663
2.687720,11.185104,-0.045877
2.687720,2.933946,-0.030431
2.687720,2.694521,0.003167
2.687720,3.821047,0.090633
2.687720,6.982862,-0.126144
2.687720,2.776475,-0.013806
2.687720,2.753445,0.011084
2.687720,6.114488,0.129629
2.687720,4.113585,-0.102326
2.687720,2.700818,-0.004417
2.687720,2.864836,0.023542
2.687720,9.845962,0.084501
2.687720,3.317274,-0.062024
2.687720,2.688986,-0.000281
2.687720,3.239192,0.056389
2.687720,10.489351,-0.068780
2.687720,2.892559,-0.026376
2.687720,2.695319,0.003568
2.687720,3.893339,0.093816
2.687720,6.731688,-0.127729
2.687720,2.769550,-0.013042
2.687720,2.753797,0.011176
2.687720,6.136069,0.129618
2.687720,4.104552,-0.102012
2.687720,2.700135,-0.004435
2.687720,2.851711,0.022204
2.687720,9.497937,0.091764
2.687720,3.361488,-0.065065
2.687720,2.687774,-0.000740
2.687720,3.156316,0.050002
2.687720,11.154930,-0.047105
2.687720,2.931451,-0.030232
2.687720,2.689104,0.002549
2.687720,3.640166,0.081767
2.687720,7.753591,-0.118933
2.687720,2.797006,-0.016300
2.687720,2.718790,0.007005
2.687720,4.826649,0.120349
2.687720,4.972292,-0.122631
2.687720,2.722712,-0.007483
2.687720,2.793225,0.015862
2.687720,7.617113,0.120445
2.687720,3.668499,-0.083250
2.687720,2.689755,-0.002670
2.687720,2.925487,0.029651
2.687720,11.070825,0.050359
2.687720,3.167442,-0.050885
2.687720,2.687951,0.000680
2.687720,3.355987,0.064692
2.687720,9.540317,-0.090918
2.687720,2.853260,-0.022361
2.687720,2.700359,0.004450
2.687720,4.110600,0.102224
2.687720,6.121522,-0.129627
2.687720,2.753449,-0.011126
2.687720,2.770995,0.013204
2.687720,6.784598,0.127430
2.687720,3.877419,-0.093132
2.687720,2.695089,-0.003486
2.687720,2.899937,0.027109
2.687720,10.636105,0.064630
2.687720,3.221550,-0.055062
2.687720,2.689347,0.000451
2.687720,3.346921,0.064066
2.687720,9.611265,-0.089477
2.687720,2.856023,-0.022615
2.687720,2.704344,0.004893
2.687720,4.246294,0.106689
2.687720,5.823739,-0.129351
2.687720,2.745936,-0.010150
2.687720,2.788827,0.015209
2.687720,7.433425,0.122323
2.687720,3.709075,-0.085293
2.687720,2.693079,-0.002563
2.687720,2.992582,0.035944
2.687720,11.677823,0.015953
2.687720,3.065885,-0.042464
2.687720,2.692116,0.001911
2.687720,3.599110,0.079521
2.687720,7.964795,-0.116401
2.687720,2.803803,-0.016892
2.687720,2.736815,0.009009
2.687720,5.471543,0.127769
2.687720,4.443537,-0.112246
2.687720,2.709629,-0.005582
2.687720,2.845797,0.021521
2.687720,9.321389,0.095181
2.687720,3.384997,-0.066614
2.687720,2.689923,-0.000656
2.687720,3.202650,0.053616
2.687720,10.791785,-0.059910
2.687720,2.908391,-0.027942
2.687720,2.695237,0.003440
2.687720,3.873226,0.092949
2.687720,6.798820,-0.127346
2.687720,2.771454,-0.013240
2.687720,2.755362,0.011336
2.687720,6.191077,0.129566
2.687720,4.082188,-0.101214
2.687720,2.699853,-0.004318
2.687720,2.862978,0.023360
2.687720,9.799288,0.085519
2.687720,3.323070,-0.062431
2.687720,2.688529,-0.000376
2.687720,3.218606,0.054845
2.687720,10.660121,-0.063926
2.687720,2.901114,-0.027241
2.687720,2.693091,0.003243
2.687720,3.807909,0.090043
2.687720,7.031195,-0.125795
2.687720,2.777406,-0.013996
2.687720,2.741767,0.009767
2.687720,5.685157,0.128908
2.687720,4.318286,-0.108848
2.687720,2.705278,-0.005261
2.687720,2.821410,0.019005
2.687720,8.585476,0.107764
2.687720,3.491728,-0.073370
2.687720,2.687183,-0.001734
2.687720,3.011110,0.037674
2.687720,11.732294,0.007179
2.687720,3.043988,-0.040598
2.687720,2.687225,0.001497
2.687720,3.458874,0.071361
2.687720,8.798984,-0.104379
2.687720,2.828120,-0.019722
2.687720,2.703977,0.005059
2.687720,4.265031,0.107270
2.687720,5.786304,-0.129255
2.687720,2.744485,-0.010083
2.687720,2.776139,0.013837
2.687720,6.982081,0.126152
2.687720,3.821167,-0.090646
2.687720,2.693525,-0.003283
2.687720,2.902527,0.027377
2.687720,10.686399,0.063145
2.687720,3.215437,-0.054602
2.687720,2.688800,0.000431
2.687720,3.335154,0.063265
2.687720,9.703369,-0.087565
2.687720,2.859370,-0.022978
2.687720,2.701619,0.004551
2.687720,4.147521,0.103494
2.687720,6.035219,-0.129636
2.687720,2.751350,-0.010835
2.687720,2.778436,0.014036
2.687720,7.056095,0.125605
2.687720,3.801406,-0.089734
2.687720,2.694133,-0.003077
2.687720,2.939868,0.031002
2.687720,11.259968,0.042693
2.687720,3.142006,-0.048827
2.687720,2.690978,0.001220
2.687720,3.481948,0.072748
2.687720,8.649483,-0.106766
2.687720,2.824057,-0.019152
2.687720,2.722571,0.007235
2.687720,4.930464,0.122008
2.687720,4.866774,-0.121010
2.687720,2.720880,-0.007023
2.687720,2.826516,0.019424
2.687720,8.729126,0.105504
2.687720,3.469674,-0.071999
2.687720,2.690837,-0.001150
2.687720,3.149408,0.049424
2.687720,11.206833,-0.044976
2.687720,2.935609,-0.030593
2.687720,2.694226,0.003120
2.687720,3.809187,0.090093
2.687720,7.026789,-0.125825
2.687720,2.777632,-0.013946
2.687720,2.751658,0.010876
2.687720,6.047516,0.129639
2.687720,4.142149,-0.103311
2.687720,2.701456,-0.004534
2.687720,2.859109,0.022953
2.687720,9.696644,0.087706
2.687720,3.336002,-0.063324
2.687720,2.688729,-0.000445
2.687720,3.212293,0.054363
2.687720,10.712276,-0.062367
2.687720,2.903906,-0.027516
2.687720,2.693204,0.003236
2.687720,3.808715,0.090079
2.687720,7.028206,-0.125817
2.687720,2.777356,-0.013984
2.687720,2.742691,0.009872
2.687720,5.719041,0.129037
2.687720,4.300058,-0.108317
2.687720,2.704851,-0.005190
2.687720,2.824256,0.019309
2.687720,8.676587,0.106346
2.687720,3.477498,-0.072507
2.687720,2.687221,-0.001629
2.687720,3.025972,0.039005
2.687720,11.746025,0.000532
2.687720,3.028405,-0.039222
2.687720,2.687224,0.001611
2.687720,3.475070,0.072358
2.687720,8.692337,-0.106096
2.687720,2.824750,-0.019361
2.687720,2.704756,0.005175
2.687720,4.296146,0.108202
2.687720,5.726411,-0.129064
2.687720,2.742889,-0.009895
2.687720,2.777268,0.013973
2.687720,7.024806,0.125842
2.687720,3.809625,-0.090121
2.687720,2.693235,-0.003238
2.687720,2.904041,0.027529
2.687720,10.714755,0.062292
2.687720,3.211993,-0.054340
2.687720,2.688750,0.000450
2.687720,3.337006,0.063393
2.687720,9.688732,-0.087872
2.687720,2.858816,-0.022922
2.687720,2.701602,0.004553
2.687720,4.147548,0.103495
2.687720,6.035152,-0.129637
2.687720,2.751340,-0.010836
2.687720,2.778184,0.014009
2.687720,7.047054,0.125674
2.687720,3.803795,-0.089845
2.687720,2.694149,-0.003092
2.687720,2.938170,0.030839
2.687720,11.239165,0.043601
2.687720,3.144929,-0.049063
2.687720,2.690911,0.001191
2.687720,3.476711,0.072429
2.687720,8.683268,-0.106234
2.687720,2.825096,-0.019267
2.687720,2.721816,0.007141
2.687720,4.902089,0.121573
2.687720,4.894694,-0.121457
2.687720,2.721620,-0.007116
2.687720,2.825381,0.019299
2.687720,8.692512,0.106088
2.687720,3.475286,-0.072342
2.687720,2.690894,-0.001183
2.687720,3.145787,0.049132
2.687720,11.233012,-0.043866
2.687720,2.937675,-0.030791
2.687720,2.694160,0.003096
2.687720,3.804692,0.089886
2.687720,7.043672,-0.125699
2.687720,2.778091,-0.013998
2.687720,2.751375,0.010841
2.687720,6.036542,0.129637
2.687720,4.146939,-0.103474
2.687720,2.701583,-0.004551
2.687720,2.858782,0.022918
2.687720,9.687857,0.087891
2.687720,3.337117,-0.063400
2.687720,2.688741,-0.000452
2.687720,3.211611,0.054311
2.687720,10.717893,-0.062197
2.687720,2.904210,-0.027546
2.687720,2.693197,0.003232
2.687720,3.808144,0.090053
2.687720,7.030348,-0.125801
2.687720,2.777415,-0.013990
2.687720,2.742675,0.009870
2.687720,5.718405,0.129035
2.687720,4.300397,-0.108327
2.687720,2.704863,-0.005191
2.687720,2.824305,0.019314
2.687720,8.678158,0.106321
2.687720,3.477256,-0.072492
2.687720,2.687226,-0.001627
2.687720,3.026358,0.039040
2.687720,11.746065,0.000363
2.687720,3.028017,-0.039187
2.687720,2.687228,0.001615
2.687720,3.475600,0.072391
2.687720,8.688900,-0.106151
2.687720,2.824643,-0.019350
2.687720,2.704797,0.005181
2.687720,4.297725,0.108248
2.687720,5.723433,-0.129053
2.687720,2.742810,-0.009885
2.687720,2.777355,0.013983
2.687720,7.028033,0.125819
2.687720,3.808763,-0.090081
2.687720,2.693218,-0.003234
2.687720,2.904304,0.027555
2.687720,10.719597,0.062145
2.687720,3.211405,-0.054295
2.687720,2.688756,0.000455
2.687720,3.337805,0.063447
2.687720,9.682438,-0.088004
2.687720,2.858581,-0.022897
2.687720,2.701684,0.004564
2.687720,4.150646,0.103599
2.687720,6.028095,-0.129634
2.687720,2.751157,-0.010814
2.687720,2.778468,0.014041
2.687720,7.057508,0.125595
2.687720,3.801032,-0.089717
2.687720,2.694108,-0.003077
2.687720,2.939430,0.030960
2.687720,11.254668,0.042926
2.687720,3.142753,-0.048887
2.687720,2.690943,0.001211
2.687720,3.480038,0.072632
2.687720,8.661768,-0.106573
2.687720,2.824433,-0.019194
2.687720,2.722250,0.007195
2.687720,4.918458,0.121826
2.687720,4.878500,-0.121199
2.687720,2.721189,-0.007062
2.687720,2.825974,0.019365
2.687720,8.711702,0.105783
2.687720,3.472338,-0.072162
2.687720,2.690855,-0.001167
2.687720,3.147388,0.049262
2.687720,11.221475,-0.044359
2.687720,2.936757,-0.030703
2.687720,2.694165,0.003104
2.687720,3.805855,0.089940
2.687720,7.039288,-0.125732
2.687720,2.777968,-0.013985
2.687720,2.751342,0.010838
2.687720,6.035494,0.129637
2.687720,4.147396,-0.103490
2.687720,2.701584,-0.004554
2.687720,2.858389,0.022878
2.687720,9.677427,0.088109
2.687720,3.338439,-0.063491
2.687720,2.688710,-0.000465
2.687720,3.209290,0.054134
2.687720,10.736955,-0.061615
2.687720,2.905243,-0.027649
2.687720,2.693010,0.003203
2.687720,3.800659,0.089709
2.687720,7.058543,-0.125590
2.687720,2.778162,-0.014080
2.687720,2.741642,0.009747
2.687720,5.679632,0.128886
2.687720,4.321303,-0.108935
2.687720,2.705392,-0.005268
2.687720,2.822269,0.019095
2.687720,8.612784,0.107343
2.687720,3.487432,-0.073110
2.687720,2.687244,-0.001696
2.687720,3.017177,0.038219
2.687720,11.740830,0.004435
2.687720,3.037476,-0.040025
2.687720,2.687268,0.001550
2.687720,3.467095,0.071869
2.687720,8.744529,-0.105263
2.687720,2.826401,-0.019536
2.687720,2.704579,0.005142
2.687720,4.288083,0.107963
2.687720,5.741717,-0.129116
2.687720,2.743312,-0.009941
2.687720,2.777422,0.013986
2.687720,7.029811,0.125805
2.687720,3.808294,-0.090059
2.687720,2.693270,-0.003225
2.687720,2.906389,0.027760
2.687720,10.757510,0.060982
2.687720,3.206792,-0.053942
2.687720,2.688891,0.000504
2.687720,3.346891,0.064068
2.687720,9.611291,-0.089477
2.687720,2.855965,-0.022620
2.687720,2.702831,0.004718
2.687720,4.193549,0.105020
2.687720,5.933284,-0.129556
2.687720,2.748711,-0.010509
2.687720,2.782533,0.014504
2.687720,7.206308,0.124398
2.687720,3.762969,-0.087929
2.687720,2.693588,-0.002876
2.687720,2.958340,0.032760
2.687720,11.455332,0.032986
2.687720,3.112299,-0.046392
2.687720,2.691389,0.001485
2.687720,3.526368,0.075396
2.687720,8.374111,-0.110902
2.687720,2.815729,-0.018230
2.687720,2.728138,0.007934
2.687720,5.141487,0.124802
2.687720,4.679466,-0.117613
2.687720,2.715883,-0.006395
2.687720,2.833696,0.020215
2.687720,8.956979,0.101733
2.687720,3.435809,-0.069892
2.687720,2.690368,-0.000965
2.687720,3.167242,0.050850
2.687720,11.073247,-0.050265
2.687720,2.925842,-0.029651
2.687720,2.694228,0.003192
2.687720,3.819816,0.090579
2.687720,6.987290,-0.126113
2.687720,2.776509,-0.013829
2.687720,2.750901,0.010800
2.687720,6.021141,0.129632
2.687720,4.153692,-0.103703
2.687720,2.701608,-0.004593
2.687720,2.853532,0.022380
2.687720,9.546453,0.090794
2.687720,3.355214,-0.064637
2.687720,2.688336,-0.000629
2.687720,3.180632,0.051920
2.687720,10.968162,-0.054069
2.687720,2.918768,-0.028989
2.687720,2.690954,0.002861
2.687720,3.716264,0.085669
2.687720,7.401160,-0.122641
2.687720,2.787345,-0.015170
2.687720,2.729919,0.008350
2.687720,5.240403,0.125866
2.687720,4.602155,-0.116005
2.687720,2.712768,-0.006252
2.687720,2.804846,0.017187
2.687720,8.029835,0.115587
2.687720,3.586656,-0.078863
2.687720,2.688127,-0.002290
2.687720,2.950898,0.032098
2.687720,11.385919,0.036733
2.687720,3.123263,-0.047326
2.687720,2.687615,0.000962
2.687720,3.390017,0.066963
2.687720,9.283156,-0.095903
2.687720,2.844157,-0.021413
2.687720,2.701489,0.004650
2.687720,4.160068,0.103920
2.687720,6.006683,-0.129626
2.687720,2.750384,-0.010769
2.687720,2.772904,0.013437
2.687720,6.857702,0.126987
2.687720,3.856021,-0.092201
2.687720,2.694528,-0.003405
2.687720,2.901948,0.027312
2.687720,10.674777,0.063491
2.687720,3.216867,-0.054708
2.687720,2.689218,0.000470
2.687720,3.347412,0.064100
2.687720,9.607382,-0.089556
2.687720,2.855864,-0.022601
2.687720,2.703956,0.004849
2.687720,4.232894,0.106273
2.687720,5.850874,-0.129413
2.687720,2.746621,-0.010239
2.687720,2.787176,0.015025
2.687720,7.374153,0.122893
2.687720,3.722686,-0.085971
2.687720,2.693188,-0.002645
2.687720,2.983275,0.035088
2.687720,11.634020,0.020453
2.687720,3.077538,-0.043464
2.687720,2.691932,0.001803
2.687720,3.580712,0.078502
2.687720,8.063650,-0.115145
2.687720,2.806642,-0.017212
2.687720,2.734728,0.008751
2.687720,5.391963,0.127196
2.687720,4.495159,-0.113533
2.687720,2.710990,-0.005763
2.687720,2.842746,0.021194
2.687720,9.231862,0.096852
2.687720,3.397142,-0.067411
2.687720,2.689999,-0.000733
2.687720,3.193187,0.052885
2.687720,10.868571,-0.057439
2.687720,2.912824,-0.028379
2.687720,2.694860,0.003363
2.687720,3.855545,0.092177
2.687720,6.859469,-0.126975
2.687720,2.773065,-0.013430
2.687720,2.753591,0.011126
2.687720,6.124137,0.129625
2.687720,4.109530,-0.102185
2.687720,2.700491,-0.004428
2.687720,2.858293,0.022877
2.687720,9.676001,0.088139
2.687720,3.338600,-0.063505
2.687720,2.688368,-0.000506
2.687720,3.198059,0.053275
2.687720,10.828507,-0.058743
2.687720,2.910349,-0.028161
2.687720,2.691750,0.003017
2.687720,3.752290,0.087431
2.687720,7.249121,-0.124033
2.687720,2.783225,-0.014688
2.687720,2.734373,0.008887
2.687720,5.407627,0.127321
2.687720,4.484571,-0.113283
2.687720,2.709614,-0.005851
2.687720,2.809725,0.017733
2.687720,8.197867,0.113373
2.687720,3.556321,-0.077157
2.687720,2.687647,-0.002134
2.687720,2.964366,0.033372
2.687720,11.509251,0.029770
2.687720,3.102825,-0.045634
2.687720,2.687467,0.001094
2.687720,3.406096,0.068013
2.687720,9.165662,-0.098065
2.687720,2.840143,-0.020993
2.687720,2.701962,0.004735
2.687720,4.181041,0.104616
2.687720,5.960224,-0.129590
2.687720,2.749134,-0.010625
2.687720,2.773407,0.013502
2.687720,6.877496,0.126861
2.687720,3.850343,-0.091951
2.687720,2.694333,-0.003389
2.687720,2.901066,0.027227
2.687720,10.658242,0.063981
2.687720,3.218861,-0.054860
2.687720,2.689079,0.000439
2.687720,3.340859,0.063654
2.687720,9.658570,-0.088501
2.687720,2.857734,-0.022800
2.687720,2.702971,0.004721
2.687720,4.196424,0.105112
2.687720,5.927136,-0.129548
2.687720,2.748584,-0.010486
2.687720,2.783747,0.014637
2.687720,7.249785,0.124023
2.687720,3.752282,-0.087416
2.687720,2.693525,-0.002810
2.687720,2.966316,0.033509
2.687720,11.522648,0.028905
2.687720,3.100579,-0.045414
2.687720,2.691633,0.001600
2.687720,3.546687,0.076573
2.687720,8.254737,-0.112586
2.687720,2.812210,-0.017835
2.687720,2.730891,0.008273
2.687720,5.245579,0.125910
2.687720,4.598490,-0.115916
2.687720,2.713742,-0.006118
2.687720,2.837769,0.020656
2.687720,9.082137,0.099556
2.687720,3.417934,-0.068755
2.687720,2.690231,-0.000854
2.687720,3.180299,0.051879
2.687720,10.971524,-0.053949
2.687720,2.919134,-0.028997
2.687720,2.694629,0.003289
2.687720,3.840779,0.091523
2.687720,6.911441,-0.126637
2.687720,2.774475,-0.013591
2.687720,2.752814,0.011029
2.687720,6.093844,0.129637
2.687720,4.122253,-0.102629
2.687720,2.700840,-0.004472
2.687720,2.857759,0.022819
2.687720,9.661437,0.088442
2.687720,3.340457,-0.063632
2.687720,2.688434,-0.000512
2.687720,3.198345,0.053296
2.687720,10.826213,-0.058817
2.687720,2.910223,-0.028147
2.687720,2.691898,0.003035
2.687720,3.757477,0.087679
2.687720,7.227971,-0.124217
2.687720,2.782664,-0.014620
2.687720,2.735272,0.008993
2.687720,5.441118,0.127566
2.687720,4.462738,-0.112741
2.687720,2.709045,-0.005774
2.687720,2.811183,0.017892
2.687720,8.247145,0.112698
2.687720,3.547713,-0.076665
2.687720,2.687575,-0.002082
2.687720,2.970238,0.033922
2.687720,11.554103,0.026797
2.687720,3.094475,-0.044934
2.687720,2.687465,0.001155
2.687720,3.414637,0.068565
2.687720,9.104366,-0.099166
2.687720,2.838091,-0.020776
2.687720,2.702488,0.004811
2.687720,4.201697,0.105288
2.687720,5.915711,-0.129534
2.687720,2.747965,-0.010485
2.687720,2.774701,0.013653
2.687720,6.925770,0.126542
2.687720,3.836720,-0.091345
2.687720,2.694064,-0.003327
2.687720,2.905129,0.027630
2.687720,10.734071,0.061703
2.687720,3.209665,-0.054159
2.687720,2.689189,0.000519
2.687720,3.353768,0.064532
2.687720,9.558017,-0.090560
2.687720,2.854061,-0.022413
2.687720,2.704380,0.004912
2.687720,4.249756,0.106797
2.687720,5.816784,-0.129334
2.687720,2.745725,-0.010131
2.687720,2.788205,0.015143
2.687720,7.411701,0.122534
2.687720,3.714023,-0.085541
2.687720,2.693056,-0.002600
2.687720,2.987207,0.035451
2.687720,11.653979,0.018538
2.687720,3.072528,-0.043036
2.687720,2.691943,0.001842
2.687720,3.586351,0.078816
2.687720,8.033005,-0.115539
2.687720,2.805750,-0.017114
2.687720,2.735114,0.008801
2.687720,5.407115,0.127312
2.687720,4.485095,-0.113288
2.687720,2.710707,-0.005730
2.687720,2.842803,0.021202
2.687720,9.233839,0.096815
2.687720,3.396868,-0.067393
2.687720,2.689931,-0.000739
2.687720,3.191251,0.052736
2.687720,10.884128,-0.056925
2.687720,2.913741,-0.028471
2.687720,2.694616,0.003328
2.687720,3.846206,0.091765
2.687720,6.892169,-0.126765
2.687720,2.773920,-0.013535
2.687720,2.752195,0.010964
2.687720,6.071865,0.129641
2.687720,4.131608,-0.102952
2.687720,2.700984,-0.004518
2.687720,2.853873,0.022420
2.687720,9.556436,0.090593
2.687720,3.353913,-0.064550
2.687720,2.688180,-0.000638
2.687720,3.176855,0.051625
2.687720,10.997837,-0.053023
2.687720,2.920652,-0.029176
2.687720,2.690509,0.002795
2.687720,3.699159,0.084815
2.687720,7.476531,-0.121903
2.687720,2.789382,-0.015411
2.687720,2.727236,0.008029
2.687720,5.140531,0.124798
2.687720,4.680027,-0.117633
2.687720,2.714848,-0.006516
2.687720,2.801658,0.016830
2.687720,7.918691,0.116978
2.687720,3.607606,-0.080016
2.687720,2.688457,-0.002398
2.687720,2.941575,0.031209
2.687720,11.283258,0.041659
2.687720,3.138535,-0.048572
2.687720,2.687645,0.000854
2.687720,3.375395,0.065996
2.687720,9.392216,-0.093832
2.687720,2.847946,-0.021812
2.687720,2.700628,0.004521
2.687720,4.125854,0.102756
2.687720,6.085273,-0.129640
2.687720,2.752445,-0.011018
2.687720,2.770542,0.013162
2.687720,6.769434,0.127518
2.687720,3.881931,-0.093328
2.687720,2.695042,-0.003522
2.687720,2.894311,0.026552
2.687720,10.525284,0.067788
2.687720,3.234876,-0.056067
2.687720,2.688980,0.000312
2.687720,3.321430,0.062314
2.687720,9.812612,-0.085229
2.687720,2.863545,-0.023408
2.687720,2.701122,0.004462
2.687720,4.125572,0.102742
2.687720,6.086080,-0.129638
2.687720,2.752705,-0.010994
2.687720,2.777490,0.013922
2.687720,7.020379,0.125872
2.687720,3.810912,-0.090171
2.687720,2.694358,-0.003116
2.687720,2.938165,0.030837
2.687720,11.238990,0.043609
2.687720,3.144959,-0.049065
2.687720,2.691033,0.001205
2.687720,3.480728,0.072673
2.687720,8.657361,-0.106642
2.687720,2.824311,-0.019178
2.687720,2.722724,0.007251
2.687720,4.935664,0.122086
2.687720,4.861738,-0.120927
2.687720,2.720762,-0.007004
2.687720,2.827180,0.019495
2.687720,8.750091,0.105167
2.687720,3.466487,-0.071803
2.687720,2.690872,-0.001123
2.687720,3.153626,0.049762
2.687720,11.175950,-0.046252
2.687720,2.933250,-0.030364
2.687720,2.694484,0.003167
2.687720,3.820505,0.090609
2.687720,6.984842,-0.126130
2.687720,2.776519,-0.013813
2.687720,2.753144,0.011050
2.687720,6.103376,0.129633
2.687720,4.118248,-0.102488
2.687720,2.700911,-0.004437
2.687720,2.863535,0.023409
2.687720,9.812568,0.085230
2.687720,3.321432,-0.062315
2.687720,2.688911,-0.000320
2.687720,3.232646,0.055901
2.687720,10.543814,-0.067271
2.687720,2.895220,-0.026645
2.687720,2.694747,0.003481
2.687720,3.870864,0.092850
2.687720,6.806682,-0.127301
2.687720,2.771513,-0.013281
2.687720,2.750863,0.010833
2.687720,6.026006,0.129635
2.687720,4.151503,-0.103632
2.687720,2.701216,-0.004624
2.687720,2.843325,0.021329
2.687720,9.259409,0.096346
2.687720,3.393232,-0.067175
2.687720,2.687486,-0.001000
2.687720,3.115971,0.046726
2.687720,11.431925,-0.034300
2.687720,2.955558,-0.032542
2.687720,2.687823,0.002220
2.687720,3.571518,0.078018
2.687720,8.112590,-0.114513
2.687720,2.807226,-0.017457
2.687720,2.710842,0.006012
2.687720,4.530992,0.114397
2.687720,5.339057,-0.126773
2.687720,2.732538,-0.008669
2.687720,2.784614,0.014853
2.687720,7.300921,0.123574
2.687720,3.739773,-0.086825
2.687720,2.691433,-0.002968
2.687720,2.912009,0.028326
2.687720,10.857167,0.057815
2.687720,3.194515,-0.053001
2.687720,2.688291,0.000523
2.687720,3.339638,0.063577
2.687720,9.667804,-0.088310
2.687720,2.857978,-0.022846
2.687720,2.700315,0.004409
2.687720,4.103771,0.101983
2.687720,6.138017,-0.129616
2.687720,2.753940,-0.011172
2.687720,2.772178,0.013330
2.687720,6.826871,0.127178
2.687720,3.864982,-0.092591
2.687720,2.694998,-0.003412
2.687720,2.908477,0.027952
2.687720,10.793482,0.059856
2.687720,3.202437,-0.053600
2.687720,2.689816,0.000644
2.687720,3.381685,0.066396
2.687720,9.346022,-0.094714
2.687720,2.846634,-0.021612
2.687720,2.708944,0.005497
2.687720,4.418451,0.111597
2.687720,5.511915,-0.128027
2.687720,2.737856,-0.009141
2.687720,2.801889,0.016679
2.687720,7.898146,0.117221
2.687720,3.611838,-0.080218
2.687720,2.692188,-0.001991
2.687720,3.056047,0.041612
2.687720,11.707164,-0.012036
2.687720,3.000854,-0.036701
2.687720,2.692894,0.002480
2.687720,3.693995,0.084534
2.687720,7.500639,-0.121655
2.687720,2.790686,-0.015421
2.687720,2.744600,0.009986
2.687720,5.772441,0.129210
2.687720,4.272249,-0.107482
2.687720,2.705018,-0.004987
2.687720,2.853899,0.022391
2.687720,9.552917,0.090662
2.687720,3.354438,-0.064576
2.687720,2.689362,-0.000503
2.687720,3.214592,0.054534
2.687720,10.693603,-0.062929
2.687720,2.902961,-0.027411
2.687720,2.694715,0.003420
2.687720,3.861333,0.092433
2.687720,6.839345,-0.127102
2.687720,2.772440,-0.013377
2.687720,2.751613,0.010910
2.687720,6.052340,0.129641
2.687720,4.140010,-0.103241
2.687720,2.701047,-0.004567
2.687720,2.848327,0.021848
2.687720,9.402503,0.093633
2.687720,3.374039,-0.065905
2.687720,2.687789,-0.000828
2.687720,3.144479,0.049051
2.687720,11.241344,-0.043512
2.687720,2.938118,-0.030875
2.687720,2.688829,0.002468
2.687720,3.623797,0.080892
2.687720,7.835484,-0.117980
2.687720,2.799317,-0.016561
2.687720,2.717140,0.006798
2.687720,4.764756,0.119256
2.687720,5.040404,-0.123566
2.687720,2.724559,-0.007703
2.687720,2.792053,0.015721
2.687720,7.573790,0.120905
2.687720,3.677788,-0.083728
2.687720,2.690051,-0.002700
2.687720,2.926138,0.029712
2.687720,11.080090,0.050011
2.687720,3.166242,-0.050789
2.687720,2.688132,0.000710
2.687720,3.363148,0.065173
2.687720,9.485388,-0.092012
2.687720,2.851309,-0.022152
2.687720,2.701488,0.004596
2.687720,4.152015,0.103647
2.687720,6.024919,-0.129634
2.687720,2.750962,-0.010816
2.687720,2.775272,0.013693
2.687720,6.942613,0.126427
2.687720,3.832069,-0.091134
2.687720,2.694345,-0.003263
2.687720,2.918227,0.028911
2.687720,10.957372,0.054442
2.687720,3.182079,-0.052020
2.687720,2.690038,0.000818
2.687720,3.409748,0.068229
2.687720,9.140506,-0.098515
2.687720,2.839678,-0.020866
2.687720,2.712253,0.005932
2.687720,4.543447,0.114678
2.687720,5.321521,-0.126616
2.687720,2.732867,-0.008523
2.687720,2.808844,0.017461
2.687720,8.140013,0.114143
2.687720,3.566877,-0.077725
2.687720,2.691751,-0.001728
2.687720,3.084987,0.044099
2.687720,11.601355,-0.023251
2.687720,2.977585,-0.034562
2.687720,2.693178,0.002686
2.687720,3.728459,0.086256
2.687720,7.349394,-0.123125
2.687720,2.786472,-0.014949
2.687720,2.746457,0.010226
2.687720,5.845755,0.129402
2.687720,4.235396,-0.106352
2.687720,2.703964,-0.004865
2.687720,2.853921,0.022402
2.687720,9.554635,0.090628
2.687720,3.354198,-0.064562
2.687720,2.689056,-0.000537
2.687720,3.204921,0.053797
2.687720,10.772885,-0.060504
2.687720,2.907257,-0.027843
2.687720,2.693525,0.003248
2.687720,3.816040,0.090413
2.687720,7.001009,-0.126016
2.687720,2.776679,-0.013893
2.687720,2.744929,0.010129
2.687720,5.801922,0.129298
2.687720,4.257119,-0.107029
2.687720,2.703832,-0.005024
2.687720,2.830612,0.019984
2.687720,8.876334,0.103100
2.687720,3.447386,-0.070644
2.687720,2.687329,-0.001403
2.687720,3.058407,0.041855
2.687720,11.700306,-0.013077
2.687720,2.998392,-0.036520
2.687720,2.687284,0.001840
2.687720,3.508392,0.074367
2.687720,8.481487,-0.109337
2.687720,2.818224,-0.018660
2.687720,2.706397,0.005415
2.687720,4.361263,0.110064
2.687720,5.608184,-0.128565
2.687720,2.739727,-0.009523
2.687720,2.779248,0.014213
2.687720,7.100015,0.125270
2.687720,3.789806,-0.089206
2.687720,2.692692,-0.003165
2.687720,2.905262,0.027653
2.687720,10.737535,0.061598
2.687720,3.209212,-0.054130
2.687720,2.688565,0.000449
2.687720,3.333744,0.063170
2.687720,9.714405,-0.087333
2.687720,2.859755,-0.023024
2.687720,2.700760,0.004448
2.687720,4.117254,0.102455
2.687720,6.105700,-0.129633
2.687720,2.753145,-0.011064
2.687720,2.774715,0.013615
2.687720,6.919696,0.126582
2.687720,3.838469,-0.091419
2.687720,2.694643,-0.003272
2.687720,2.921692,0.029245
2.687720,11.011158,0.052544
2.687720,3.175259,-0.051483
2.687720,2.690374,0.000907
2.687720,3.427813,0.069385
2.687720,9.012582,-0.100775
2.687720,2.835505,-0.020409
2.687720,2.715202,0.006303
2.687720,4.653072,0.117076
2.687720,5.174475,-0.125171
2.687720,2.729025,-0.008040
2.687720,2.815033,0.018149
2.687720,8.350215,0.111244
2.687720,3.530386,-0.075630
2.687720,2.691503,-0.001500
2.687720,3.112067,0.046371
2.687720,11.456754,-0.032905
2.687720,2.958504,-0.032774
2.687720,2.693748,0.002894
2.687720,3.768225,0.088179
2.687720,7.185246,-0.124575
2.687720,2.781983,-0.014435
2.687720,2.749811,0.010636
2.687720,5.974336,0.129601
2.687720,4.174686,-0.104401
2.687720,2.702408,-0.004641
2.687720,2.859633,0.022999
2.687720,9.709516,0.087435
2.687720,3.334391,-0.063210
2.687720,2.689065,-0.000394
2.687720,3.224797,0.055309
2.687720,10.609078,-0.065415
2.687720,2.898520,-0.026973
2.687720,2.694641,0.003444
2.687720,3.863647,0.092536
2.687720,6.831343,-0.127151
2.687720,2.772186,-0.013356
2.687720,2.750652,0.010805
2.687720,6.017439,0.129632
2.687720,4.155289,-0.103760
2.687720,2.701341,-0.004635
2.687720,2.843818,0.021379
2.687720,9.273527,0.096083
2.687720,3.391318,-0.067049
2.687720,2.687552,-0.000979
2.687720,3.119975,0.047056
2.687720,11.406916,-0.035643
2.687720,2.952980,-0.032297
2.687720,2.687980,0.002257
2.687720,3.579506,0.078466
2.687720,8.068661,-0.115087
2.687720,2.805959,-0.017314
2.687720,2.711838,0.006137
2.687720,4.567817,0.115243
2.687720,5.287073,-0.126313
2.687720,2.731159,-0.008501
2.687720,2.786056,0.015021
2.687720,7.353926,0.123087
2.687720,3.727228,-0.086211
2.687720,2.691178,-0.002911
2.687720,2.915626,0.028681
2.687720,10.917587,0.055807
2.687720,3.186997,-0.052417
2.687720,2.688321,0.000581
2.687720,3.348247,0.064164
2.687720,9.600467,-0.089699
2.687720,2.855496,-0.022586
2.687720,2.701043,0.004513
2.687720,4.131848,0.102960
2.687720,6.071319,-0.129641
2.687720,2.752206,-0.010960
2.687720,2.774683,0.013619
2.687720,6.919731,0.126582
2.687720,3.838450,-0.091419
2.687720,2.694541,-0.003284
2.687720,2.918513,0.028937
2.687720,10.961780,0.054289
2.687720,3.181528,-0.051976
2.687720,2.690153,0.000836
2.687720,3.414100,0.068509
2.687720,9.109393,-0.099072
2.687720,2.838660,-0.020754
2.687720,2.713090,0.006036
2.687720,4.574314,0.115381
2.687720,5.278388,-0.126226
2.687720,2.731746,-0.008381
2.687720,2.810799,0.017678
2.687720,8.206775,0.113245
2.687720,3.555045,-0.077052
2.687720,2.691686,-0.001652
2.687720,3.094250,0.044882
2.687720,11.556186,-0.026642
2.687720,2.970794,-0.033929
2.687720,2.693386,0.002760
2.687720,3.742752,0.086955
2.687720,7.289166,-0.123675
2.687720,2.784823,-0.014760
2.687720,2.747752,0.010384
2.687720,5.895282,0.129499
2.687720,4.211447,-0.105595
2.687720,2.703353,-0.004776
2.687720,2.856241,0.022645
2.687720,9.618178,0.089335
2.687720,3.346019,-0.064007
2.687720,2.689070,-0.000477
2.687720,3.213450,0.054449
2.687720,10.702890,-0.062650
2.687720,2.903432,-0.027463
2.687720,2.694011,0.003334
2.687720,3.836764,0.091348
2.687720,6.925594,-0.126544
2.687720,2.774679,-0.013654
2.687720,2.747474,0.010430
2.687720,5.897753,0.129506
2.687720,4.210184,-0.105560
2.687720,2.702669,-0.004847
2.687720,2.836191,0.020576
2.687720,9.047371,0.100173
2.687720,3.422671,-0.069081
2.687720,2.687389,-0.001221
2.687720,3.084227,0.044069
2.687720,11.604012,-0.023047
2.687720,2.977750,-0.034622
2.687720,2.687411,0.002007
2.687720,3.534311,0.075891
2.687720,8.325279,-0.111606
2.687720,2.813500,-0.018148
2.687720,2.707847,0.005618
2.687720,4.417751,0.111587
2.687720,5.512773,-0.128038
2.687720,2.737172,-0.009222
2.687720,2.780844,0.014407
2.687720,7.160481,0.124784
2.687720,3.774314,-0.088480
2.687720,2.692259,-0.003109
2.687720,2.905978,0.027727
2.687720,10.750834,0.061189
2.687720,3.207582,-0.054006
2.687720,2.688401,0.000441
2.687720,3.330014,0.062914
2.687720,9.743893,-0.086708
2.687720,2.860848,-0.023142
2.687720,2.699963,0.004347
2.687720,4.088383,0.101437
2.687720,6.175680,-0.129583
2.687720,2.754940,-0.011290
2.687720,2.771383,0.013235
2.687720,6.796780,0.127358
2.687720,3.873824,-0.092976
2.687720,2.695200,-0.003449
2.687720,2.906698,0.027775
2.687720,10.761642,0.060853
2.687720,3.206333,-0.053900
2.687720,2.689805,0.000615
2.687720,3.377384,0.066111
2.687720,9.378237,-0.094098
2.687720,2.847752,-0.021731
2.687720,2.708530,0.005441
2.687720,4.402551,0.111177
2.687720,5.538118,-0.128184
2.687720,2.738544,-0.009225
2.687720,2.801010,0.016580
2.687720,7.867144,0.117596
2.687720,3.617856,-0.080544
2.687720,2.692257,-0.002025
2.687720,3.052518,0.041305
2.687720,11.715850,-0.010603
2.687720,3.003926,-0.036980
2.687720,2.692879,0.002456
2.687720,3.690212,0.084342
2.687720,7.517776,-0.121480
2.687720,2.791169,-0.015474
2.687720,2.744475,0.009968
2.687720,5.767299,0.129195
2.687720,4.274900,-0.107562
2.687720,2.705104,-0.004995
2.687720,2.854239,0.022426
2.687720,9.562101,0.090477
2.687720,3.353254,-0.064496
2.687720,2.689417,-0.000488
2.687720,3.217545,0.054758
2.687720,10.669257,-0.063655
2.687720,2.901675,-0.027282
2.687720,2.695008,0.003464
2.687720,3.872751,0.092930
2.687720,6.800356,-0.127338
2.687720,2.771420,-0.013253
2.687720,2.753190,0.011094
2.687720,6.111487,0.129631
2.687720,4.114796,-0.102371
2.687720,2.700472,-0.004465
2.687720,2.853017,0.022336
2.687720,9.533550,0.091054
2.687720,3.356865,-0.064751
2.687720,2.687967,-0.000684
2.687720,3.167066,0.050855
2.687720,11.073718,-0.050251
2.687720,2.925687,-0.029670
2.687720,2.689771,0.002671
2.687720,3.668824,0.083267
2.687720,7.615589,-0.120462
2.687720,2.793185,-0.015857
2.687720,2.722815,0.007495
2.687720,4.976053,0.122685
2.687720,4.823135,-0.120289
2.687720,2.718697,-0.006993
2.687720,2.797159,0.016317
2.687720,7.759025,0.118870
2.687720,3.639066,-0.081708
2.687720,2.689088,-0.002544
2.687720,2.931977,0.030283
2.687720,11.162033,0.046820
2.687720,3.155361,-0.049925
2.687720,2.687780,0.000747
2.687720,3.362644,0.065142
2.687720,9.489085,-0.091940
2.687720,2.851395,-0.022170
2.687720,2.700234,0.004449
2.687720,4.108326,0.102145
2.687720,6.126965,-0.129624
2.687720,2.753560,-0.011147
2.687720,2.769889,0.013081
2.687720,6.744318,0.127659
2.687720,3.889502,-0.093652
2.687720,2.695247,-0.003550
2.687720,2.893820,0.026502
2.687720,10.515170,0.068069
2.687720,3.236094,-0.056158
2.687720,2.689036,0.000309
2.687720,3.322026,0.062355
2.687720,9.807869,-0.085332
2.687720,2.863369,-0.023389
2.687720,2.701340,0.004489
2.687720,4.133344,0.103010
2.687720,6.067912,-0.129640
2.687720,2.752242,-0.010935
2.687720,2.778431,0.014029
2.687720,7.054812,0.125615
2.687720,3.801754,-0.089750
2.687720,2.694238,-0.003067
2.687720,2.942849,0.031286
2.687720,11.295237,0.041109
2.687720,3.136972,-0.048417
2.687720,2.691173,0.001280
2.687720,3.493636,0.073454
2.687720,8.575118,-0.107917
2.687720,2.821796,-0.018899
2.687720,2.724475,0.007470
2.687720,5.001783,0.123038
2.687720,4.799638,-0.119873
2.687720,2.719112,-0.006797
2.687720,2.829656,0.019767
2.687720,8.829194,0.103878
2.687720,3.454588,-0.071067
2.687720,2.690736,-0.001055
2.687720,3.160802,0.050336
2.687720,11.122370,-0.048386
2.687720,2.929309,-0.029983
2.687720,2.694586,0.003209
2.687720,3.828279,0.090961
2.687720,6.956435,-0.126330
2.687720,2.775744,-0.013725
2.687720,2.753477,0.011093
2.687720,6.116560,0.129628
2.687720,4.112713,-0.102296
2.687720,2.700748,-0.004419
2.687720,2.863439,0.023401
2.687720,9.810269,0.085280
2.687720,3.321716,-0.062335
2.687720,2.688851,-0.000329
2.687720,3.230422,0.055734
2.687720,10.562280,-0.066751
2.687720,2.896134,-0.026737
2.687720,2.694477,0.003443
2.687720,3.860640,0.092405
2.687720,6.841660,-0.127088
2.687720,2.772427,-0.013392
2.687720,2.749409,0.010664
2.687720,5.971530,0.129601
2.687720,4.175876,-0.104446
2.687720,2.701786,-0.004721
2.687720,2.839311,0.020908
2.687720,9.141331,0.098504
2.687720,3.409468,-0.068232
2.687720,2.687368,-0.001129
2.687720,3.096375,0.045094
2.687720,11.544192,-0.027482
2.687720,2.968873,-0.033795
2.687720,2.687454,0.002078
2.687720,3.545108,0.076516
2.687720,8.262164,-0.112491
2.687720,2.811610,-0.017943
2.687720,2.708337,0.005689
2.687720,4.437223,0.112093
2.687720,5.481301,-0.127839
2.687720,2.736319,-0.009124
2.687720,2.781091,0.014441
2.687720,7.170398,0.124703
2.687720,3.771805,-0.088362
2.687720,2.692136,-0.003106
2.687720,2.904429,0.027576
2.687720,10.722710,0.062051
2.687720,3.211001,-0.054269
2.687720,2.688268,0.000401
2.687720,3.322203,0.062373
2.687720,9.806106,-0.085371
2.687720,2.863209,-0.023391
2.687720,2.698983,0.004215
2.687720,4.051832,0.100109
2.687720,6.268365,-0.129450
2.687720,2.757332,-0.011586
2.687720,2.767397,0.012778
2.687720,6.648872,0.128156
2.687720,3.919089,-0.094899
2.687720,2.696000,-0.003664
2.687720,2.890366,0.026152
2.687720,10.443325,0.070030
2.687720,3.244723,-0.056800
2.687720,2.689124,0.000257
2.687720,3.316227,0.061950
2.687720,9.854450,-0.084314
2.687720,2.865183,-0.023575
2.687720,2.701156,0.004454
2.687720,4.124946,0.102720
2.687720,6.087567,-0.129638
2.687720,2.752768,-0.010996
2.687720,2.778141,0.013993
2.687720,7.043703,0.125699
2.687720,3.804698,-0.089885
2.687720,2.694319,-0.003078
2.687720,2.942685,0.031269
2.687720,11.293283,0.041198
2.687720,3.137256,-0.048440
2.687720,2.691215,0.001283
2.687720,3.494729,0.073519
2.687720,8.568245,-0.108022
2.687720,2.821592,-0.018876
2.687720,2.724767,0.007505
2.687720,5.012543,0.123186
2.687720,4.789869,-0.119700
2.687720,2.718860,-0.006763
2.687720,2.830275,0.019834
2.687720,8.848644,0.103556
2.687720,3.451698,-0.070887
2.687720,2.690737,-0.001034
2.687720,3.163643,0.050562
2.687720,11.100863,-0.049217
2.687720,2.927785,-0.029835
2.687720,2.694729,0.003237
2.687720,3.834788,0.091253
2.687720,6.932938,-0.126492
2.687720,2.775120,-0.013651
2.687720,2.754250,0.011184
2.687720,6.145720,0.129610
2.687720,4.100625,-0.101870
2.687720,2.700473,-0.004370
2.687720,2.865719,0.023635
2.687720,9.868724,0.084000
2.687720,3.314444,-0.061827
2.687720,2.688944,-0.000266
2.687720,3.240633,0.056497
2.687720,10.477326,-0.069109
2.687720,2.891974,-0.026317
2.687720,2.695307,0.003571
2.687720,3.893565,0.093826
2.687720,6.730943,-0.127733
2.687720,2.769524,-0.013041
2.687720,2.753646,0.011159
2.687720,6.130587,0.129622
2.687720,4.106820,-0.102092
2.687720,2.700177,-0.004446
2.687720,2.850994,0.022130
2.687720,9.478047,0.092158
2.687720,3.364085,-0.065239
2.687720,2.687735,-0.000763
2.687720,3.152504,0.049697
2.687720,11.183126,-0.045963
2.687720,2.933558,-0.030436
2.687720,2.688934,0.002514
2.687720,3.632192,0.081343
2.687720,7.793188,-0.118476
2.687720,2.798113,-0.016427
2.687720,2.717762,0.006879
2.687720,4.788467,0.119684
2.687720,5.013832,-0.123211
2.687720,2.723830,-0.007619
2.687720,2.792238,0.015747
2.687720,7.581193,0.120828
2.687720,3.676185,-0.083646
2.687720,2.689941,-0.002702
2.687720,2.924173,0.029522
2.687720,11.051421,0.051081
2.687720,3.169964,-0.051084
2.687720,2.688007,0.000668
2.687720,3.355251,0.064642
2.687720,9.546024,-0.090803
2.687720,2.853473,-0.022382
2.687720,2.700496,0.004464
2.687720,4.115113,0.102382
2.687720,6.110736,-0.129632
2.687720,2.753178,-0.011091
2.687720,2.771662,0.013279
2.687720,6.809132,0.127285
2.687720,3.870166,-0.092818
2.687720,2.694978,-0.003450
2.687720,2.903074,0.027420
2.687720,10.695507,0.062871
2.687720,3.214367,-0.054516
2.687720,2.689487,0.000519
2.687720,3.358772,0.064868
2.687720,9.519557,-0.091332
2.687720,2.852712,-0.022263
2.687720,2.705808,0.005088
2.687720,4.301251,0.108344
2.687720,5.717053,-0.129026
2.687720,2.743175,-0.009806
2.687720,2.793278,0.015712
2.687720,7.593355,0.120693
2.687720,3.673800,-0.083501
2.687720,2.692717,-0.002361
2.687720,3.014230,0.037912
2.687720,11.736719,0.005874
2.687720,3.041110,-0.040305
2.687720,2.692378,0.002123
2.687720,3.633948,0.081409
2.687720,7.785738,-0.118556
2.687720,2.798696,-0.016320
2.687720,2.739931,0.009399
2.687720,5.591646,0.128476
2.687720,4.370951,-0.110323
2.687720,2.707680,-0.005331
2.687720,2.849224,0.021890
2.687720,9.420643,0.093279
2.687720,3.371752,-0.065737
2.687720,2.689705,-0.000587
2.687720,3.208627,0.054076
2.687720,10.742801,-0.061434
2.687720,2.905651,-0.027673
2.687720,2.695118,0.003447
2.687720,3.872152,0.092903
2.687720,6.802423,-0.127325
2.687720,2.771517,-0.013255
2.687720,2.754323,0.011220
2.687720,6.152885,0.129605
2.687720,4.097655,-0.101767
2.687720,2.700148,-0.004388
2.687720,2.858299,0.022880
2.687720,9.676517,0.088128
2.687720,3.338529,-0.063501
2.687720,2.688264,-0.000518
2.687720,3.194757,0.053020
2.687720,10.855202,-0.057879
2.687720,2.911891,-0.028314
2.687720,2.691390,0.002963
2.687720,3.738420,0.086759
2.687720,7.306579,-0.123522
2.687720,2.784763,-0.014872
2.687720,2.732266,0.008637
2.687720,5.328936,0.126687
2.687720,4.538048,-0.114561
2.687720,2.711027,-0.006037
2.687720,2.806793,0.017409
2.687720,8.097778,0.114708
2.687720,3.574198,-0.078169
2.687720,2.687850,-0.002236
2.687720,2.953861,0.032381
2.687720,11.415621,0.035181
2.687720,3.118591,-0.046942
2.687720,2.687480,0.000980
2.687720,3.390355,0.066986
2.687720,9.280598,-0.095951
2.687720,2.844050,-0.021406
2.687720,2.701009,0.004595
2.687720,4.143488,0.103361
2.687720,6.044302,-0.129641
2.687720,2.751341,-0.010891
2.687720,2.770902,0.013210
2.687720,6.783904,0.127435
2.687720,3.877604,-0.093142
2.687720,2.694877,-0.003512
2.687720,2.893110,0.026434
2.687720,10.501008,0.068460
2.687720,3.237784,-0.056286
2.687720,2.688836,0.000274
2.687720,3.313801,0.061782
2.687720,9.873865,-0.083886
2.687720,2.865908,-0.023657
2.687720,2.700100,0.004325
2.687720,4.087499,0.101404
2.687720,6.177915,-0.129581
2.687720,2.755070,-0.011289
2.687720,2.773418,0.013458
2.687720,6.870364,0.126905
2.687720,3.852438,-0.092039
2.687720,2.694985,-0.003328
2.687720,2.919583,0.029038
2.687720,10.978342,0.053709
2.687720,3.179444,-0.051811
2.687720,2.690438,0.000884
2.687720,3.425623,0.069245
2.687720,9.027957,-0.100508
2.687720,2.836018,-0.020462
2.687720,2.715264,0.006306
2.687720,4.654693,0.117109
2.687720,5.172428,-0.125149
2.687720,2.728987,-0.008031
2.687720,2.815580,0.018207
2.687720,8.368203,0.110986
2.687720,3.527367,-0.075453
2.687720,2.691539,-0.001475
2.687720,3.116139,0.046708
2.687720,11.431998,-0.034288
2.687720,2.955837,-0.032521
2.687720,2.693957,0.002938
2.687720,3.778208,0.088651
2.687720,7.145694,-0.124901
2.687720,2.780924,-0.014310
2.687720,2.751115,0.010790
2.687720,6.023451,0.129632
2.687720,4.152712,-0.103668
2.687720,2.701895,-0.004554
2.687720,2.863316,0.023379
2.687720,9.805964,0.085373
2.687720,3.322274,-0.062371
2.687720,2.689209,-0.000291
2.687720,3.241489,0.056559
2.687720,10.470310,-0.069300
2.687720,2.891662,-0.026281
2.687720,2.695999,0.003654
2.687720,3.917637,0.094838
2.687720,6.653470,-0.128133
2.687720,2.767530,-0.012791
2.687720,2.757526,0.011607
2.687720,6.275323,0.129437
2.687720,4.049165,-0.100010
2.687720,2.698946,-0.004201
2.687720,2.864451,0.023518
2.687720,9.837993,0.084676
2.687720,3.318230,-0.062096
2.687720,2.688348,-0.000363
2.687720,3.217544,0.054766
2.687720,10.668816,-0.063669
2.687720,2.901555,-0.027288
2.687720,2.692635,0.003186
2.687720,3.791890,0.089304
2.687720,7.091952,-0.125333
2.687720,2.779001,-0.014191
2.687720,2.739086,0.009453
2.687720,5.585038,0.128448
2.687720,4.374622,-0.110432
2.687720,2.706704,-0.005467
2.687720,2.815985,0.018420
2.687720,8.408257,0.110415
2.687720,3.520399,-0.075078
2.687720,2.687266,-0.001926
2.687720,2.986384,0.035420
2.687720,11.651350,0.018815
2.687720,3.073027,-0.043115
2.687720,2.687304,0.001293
2.687720,3.431439,0.069640
2.687720,8.985931,-0.101241
2.687720,2.834160,-0.020363
2.687720,2.702837,0.004882
2.687720,4.218342,0.105820
2.687720,5.880672,-0.129476
2.687720,2.747004,-0.010378
2.687720,2.774530,0.013641
2.687720,6.920818,0.126576
2.687720,3.838093,-0.091408
2.687720,2.693974,-0.003347
2.687720,2.901042,0.027227
2.687720,10.658061,0.063986
2.687720,3.218875,-0.054862
2.687720,2.688918,0.000420
2.687720,3.335552,0.063291
2.687720,9.700277,-0.087630
2.687720,2.859269,-0.022965
2.687720,2.702029,0.004600
2.687720,4.161885,0.103977
2.687720,6.002750,-0.129622
2.687720,2.750525,-0.010730
2.687720,2.780206,0.014236
2.687720,7.120701,0.125103
2.687720,3.784586,-0.088952
2.687720,2.693924,-0.002986
2.687720,2.948883,0.031862
2.687720,11.362312,0.037916
2.687720,3.127046,-0.047607
2.687720,2.691238,0.001360
2.687720,3.506044,0.074196
2.687720,8.497637,-0.109089
2.687720,2.819437,-0.018640
2.687720,2.725802,0.007639
2.687720,5.052502,0.123716
2.687720,4.754362,-0.119057
2.687720,2.717892,-0.006646
2.687720,2.831003,0.019918
2.687720,8.872223,0.103164
2.687720,3.448202,-0.070670
2.687720,2.690584,-0.001027
2.687720,3.162138,0.050444
2.687720,11.112220,-0.048781
2.687720,2.928575,-0.029914
2.687720,2.694377,0.003189
2.687720,3.821933,0.090674
2.687720,6.979553,-0.126168
2.687720,2.776335,-0.013801
2.687720,2.752077,0.010933
2.687720,6.064481,0.129641
2.687720,4.134801,-0.103061
2.687720,2.701219,-0.004512
2.687720,2.858321,0.022874
2.687720,9.676012,0.088139
2.687720,3.338612,-0.063504
2.687720,2.688593,-0.000480
2.687720,3.205335,0.053832
2.687720,10.769317,-0.060616
2.687720,2.907018,-0.027827
2.687720,2.692563,0.003137
2.687720,3.783519,0.088912
2.687720,7.124389,-0.125077
2.687720,2.779905,-0.014290
2.687720,2.739085,0.009446
2.687720,5.583885,0.128441
2.687720,4.375300,-0.110450
2.687720,2.706769,-0.005464
2.687720,2.817389,0.018569
2.687720,8.453948,0.109745
2.687720,3.512883,-0.074633
2.687720,2.687327,-0.001866
2.687720,2.995487,0.036255
2.687720,11.690182,0.014451
2.687720,3.061854,-0.042153
2.687720,2.687365,0.001382
2.687720,3.445017,0.070496
2.687720,8.892469,-0.102830
2.687720,2.831137,-0.020039
2.687720,2.703857,0.005023
2.687720,4.257420,0.107038
2.687720,5.801330,-0.129296
2.687720,2.744923,-0.010126
2.687720,2.776987,0.013926
2.687720,7.012091,0.125935
2.687720,3.813054,-0.090276
2.687720,2.693497,-0.003231
2.687720,2.909112,0.028026
2.687720,10.805734,0.059470
2.687720,3.200900,-0.053487
2.687720,2.689141,0.000576
2.687720,3.361068,0.065026
2.687720,9.501773,-0.091686
2.687720,2.852028,-0.022201
2.687720,2.704811,0.004977
2.687720,4.267126,0.107328
2.687720,5.782415,-0.129240
2.687720,2.744818,-0.010022
2.687720,2.789107,0.015248
2.687720,7.444719,0.122213
2.687720,3.706504,-0.085166
2.687720,2.692926,-0.002563
2.687720,2.990147,0.035722
2.687720,11.667531,0.017117
2.687720,3.068855,-0.042721
2.687720,2.691923,0.001866
2.687720,3.589501,0.078992
2.687720,8.016004,-0.115756
2.687720,2.805250,-0.017060
2.687720,2.735161,0.008811
2.687720,5.409451,0.127329
2.687720,4.483551,-0.113250
2.687720,2.710647,-0.005727
2.687720,2.842278,0.021148
2.687720,9.218600,0.097096
2.687720,3.398950,-0.067530
2.687720,2.689867,-0.000761
2.687720,3.187137,0.052416
2.687720,10.917071,-0.055822
2.687720,2.915722,-0.028667
2.687720,2.694269,0.003272
2.687720,3.832209,0.091141
2.687720,6.942082,-0.126430
2.687720,2.775233,-0.013694
2.687720,2.750258,0.010737
2.687720,5.999151,0.129621
2.687720,4.163449,-0.104032
2.687720,2.701719,-0.004646
2.687720,2.848271,0.021837
2.687720,9.400201,0.093678
2.687720,3.374355,-0.065924
2.687720,2.687971,-0.000809
2.687720,3.150045,0.049498
2.687720,11.201218,-0.045215
2.687720,2.934962,-0.030569
2.687720,2.689281,0.002544
2.687720,3.642392,0.081884
2.687720,7.742680,-0.119057
2.687720,2.796731,-0.016261
2.687720,2.719925,0.007137
2.687720,4.867747,0.121033
2.687720,4.929221,-0.121997
2.687720,2.721580,-0.007339
2.687720,2.795118,0.016075
2.687720,7.684561,0.119709
2.687720,3.654339,-0.082512
2.687720,2.689552,-0.002596
2.687720,2.932331,0.030314
2.687720,11.166512,0.046639
2.687720,3.154770,-0.049876
2.687720,2.688051,0.000784
2.687720,3.372181,0.065779
2.687720,9.416658,-0.093359
2.687720,2.848860,-0.021897
2.687720,2.701851,0.004657
2.687720,4.167397,0.104163
2.687720,5.990359,-0.129615
2.687720,2.750043,-0.010708
2.687720,2.775981,0.013777
2.687720,6.969359,0.126241
2.687720,3.824697,-0.090802
2.687720,2.694176,-0.003232
2.687720,2.919704,0.029056
2.687720,10.980757,0.053625
2.687720,3.179118,-0.051789
2.687720,2.690029,0.000839
2.687720,3.412470,0.068405
2.687720,9.120988,-0.098865
2.687720,2.839027,-0.020797
2.687720,2.712456,0.005960
2.687720,4.551401,0.114861
2.687720,5.310267,-0.126517
2.687720,2.732565,-0.008487
2.687720,2.809072,0.017488
2.687720,8.148024,0.114036
2.687720,3.565443,-0.077644
2.687720,2.691713,-0.001722
2.687720,3.085150,0.044113
2.687720,11.600595,-0.023312
2.687720,2.977459,-0.034550
2.687720,2.693133,0.002681
2.687720,3.727071,0.086188
2.687720,7.355307,-0.123070
2.687720,2.786627,-0.014969
2.687720,2.746137,0.010189
2.687720,5.833831,0.129375
2.687720,4.241270,-0.106535
2.687720,2.704100,-0.004888
2.687720,2.852905,0.022296
2.687720,9.526669,0.091190
2.687720,3.357820,-0.064808
2.687720,2.689010,-0.000569
2.687720,3.199864,0.053409
2.687720,10.814104,-0.059203
2.687720,2.909578,-0.028074
2.687720,2.693170,0.003189
2.687720,3.801433,0.089743
2.687720,7.055661,-0.125611
2.687720,2.778129,-0.014066
2.687720,2.742979,0.009898
2.687720,5.728635,0.129071
2.687720,4.294977,-0.108167
2.687720,2.704779,-0.005165
2.687720,2.826506,0.019546
2.687720,8.747582,0.105213
2.687720,3.466635,-0.071840
2.687720,2.687318,-0.001541
2.687720,3.039498,0.040203
2.687720,11.738597,-0.005291
2.687720,3.015277,-0.038048
2.687720,2.687292,0.001716
2.687720,3.491021,0.073327
2.687720,8.590003,-0.107695
2.687720,2.821570,-0.019018
2.687720,2.705771,0.005317
2.687720,4.335412,0.109338
2.687720,5.654019,-0.128778
2.687720,2.740971,-0.009665
2.687720,2.779006,0.014177
2.687720,7.089720,0.125350
2.687720,3.792491,-0.089330
2.687720,2.692860,-0.003164
2.687720,2.908082,0.027929
2.687720,10.788047,0.060029
2.687720,3.203052,-0.053656
2.687720,2.688786,0.000519
2.687720,3.347259,0.064093
2.687720,9.608375,-0.089537
2.687720,2.855845,-0.022610
2.687720,2.702515,0.004682
2.687720,4.182652,0.104664
2.687720,5.956855,-0.129584
2.687720,2.749306,-0.010586
2.687720,2.781151,0.014348
2.687720,7.156127,0.124816
2.687720,3.775544,-0.088527
2.687720,2.693726,-0.002947
2.687720,2.951014,0.032066
2.687720,11.384593,0.036795
2.687720,3.123629,-0.047328
2.687720,2.691198,0.001380
2.687720,3.508263,0.074329
2.687720,8.483928,-0.109294
2.687720,2.819013,-0.018595
2.687720,2.725782,0.007640
2.687720,5.052287,0.123714
2.687720,4.754546,-0.119060
2.687720,2.717881,-0.006649
2.687720,2.830505,0.019865
2.687720,8.856882,0.103420
2.687720,3.450465,-0.070812
2.687720,2.690536,-0.001049
2.687720,3.158374,0.050144
2.687720,11.140544,-0.047673
2.687720,2.930605,-0.030112
2.687720,2.694110,0.003143
2.687720,3.810643,0.090161
2.687720,7.021300,-0.125866
2.687720,2.777440,-0.013933
2.687720,2.750531,0.010751
2.687720,6.006422,0.129625
2.687720,4.160224,-0.103922
2.687720,2.701805,-0.004614
2.687720,2.853806,0.022406
2.687720,9.553742,0.090647
2.687720,3.354275,-0.064573
2.687720,2.688415,-0.000613
2.687720,3.184101,0.052191
2.687720,10.940700,-0.055019
2.687720,2.917055,-0.028820
2.687720,2.691247,0.002908
2.687720,3.728013,0.086250
2.687720,7.350598,-0.123118
2.687720,2.785980,-0.015009
2.687720,2.731649,0.008557
2.687720,5.305017,0.126476
2.687720,4.554944,-0.114951
2.687720,2.711509,-0.006091
2.687720,2.806969,0.017424
2.687720,8.103120,0.114638
2.687720,3.573237,-0.078114
2.687720,2.687936,-0.002219
2.687720,2.957517,0.032726
2.687720,11.450118,0.033289
2.687720,3.112996,-0.046479
2.687720,2.687587,0.001034
2.687720,3.399613,0.067591
2.687720,9.212746,-0.097207
2.687720,2.841750,-0.021160
2.687720,2.702010,0.004728
2.687720,4.180907,0.104611
2.687720,5.960531,-0.129590
2.687720,2.749168,-0.010624
2.687720,2.774165,0.013585
2.687720,6.904864,0.126682
2.687720,3.842591,-0.091607
2.687720,2.694254,-0.003345
2.687720,2.905714,0.027686
2.687720,10.744573,0.061381
2.687720,3.208392,-0.054061
2.687720,2.689310,0.000542
2.687720,3.359023,0.064886
2.687720,9.517552,-0.091372
2.687720,2.852617,-0.022258
2.687720,2.705223,0.005021
2.687720,4.280893,0.107742
2.687720,5.755716,-0.129158
2.687720,2.744153,-0.009933
2.687720,2.790966,0.015454
2.687720,7.511058,0.121549
2.687720,3.691688,-0.084417
2.687720,2.692833,-0.002472
2.687720,3.001085,0.036722
2.687720,11.707866,0.011927
2.687720,3.055775,-0.041589
2.687720,2.692141,0.001988
2.687720,3.610559,0.080148
2.687720,7.904762,-0.117141
2.687720,2.802070,-0.016701
2.687720,2.737511,0.009101
2.687720,5.499093,0.127947
2.687720,4.426337,-0.111803
2.687720,2.709138,-0.005526
2.687720,2.845702,0.021515
2.687720,9.319186,0.095222
2.687720,3.385285,-0.066634
2.687720,2.689782,-0.000674
2.687720,3.197822,0.053245
2.687720,10.831002,-0.058661
2.687720,2.910614,-0.028164
2.687720,2.694670,0.003357
2.687720,3.851453,0.091998
2.687720,6.873711,-0.126885
2.687720,2.773410,-0.013479
2.687720,2.752196,0.010968
2.687720,6.072537,0.129641
2.687720,4.131315,-0.102943
2.687720,2.700942,-0.004521
2.687720,2.852823,0.022312
2.687720,9.527742,0.091170
2.687720,3.357626,-0.064802
2.687720,2.688088,-0.000675
2.687720,3.170256,0.051106
2.687720,11.049196,-0.051163
2.687720,2.924030,-0.029507
2.687720,2.690103,0.002722
2.687720,3.681819,0.083935
2.687720,7.555163,-0.121100
2.687720,2.791532,-0.015663
2.687720,2.724830,0.007738
2.687720,5.050818,0.123702
2.687720,4.755606,-0.119088
2.687720,2.716884,-0.006769
2.687720,2.799286,0.016560
2.687720,7.834739,0.117989
2.687720,3.623940,-0.080900
2.687720,2.688788,-0.002473
2.687720,2.936701,0.030739
2.687720,11.223675,0.044270
2.687720,3.146937,-0.049250
2.687720,2.687731,0.000803
2.687720,3.369621,0.065610
2.687720,9.435897,-0.092985
2.687720,2.849496,-0.021972
2.687720,2.700540,0.004499
2.687720,4.121076,0.102590
2.687720,6.096546,-0.129637
2.687720,2.752756,-0.011051
2.687720,2.770646,0.013171
2.687720,6.772800,0.127499
2.687720,3.880928,-0.093285
2.687720,2.695061,-0.003513
2.687720,2.895833,0.026703
2.687720,10.555823,0.066933
2.687720,3.231210,-0.055792
2.687720,2.689082,0.000350
2.687720,3.328487,0.062803
2.687720,9.756342,-0.086441
2.687720,2.861404,-0.023183
2.687720,2.701995,0.004580
2.687720,4.158300,0.103856
2.687720,6.010815,-0.129626
2.687720,2.750764,-0.010752
2.687720,2.780751,0.014294
2.687720,7.139946,0.124948
2.687720,3.779667,-0.088720
2.687720,2.693924,-0.002952
2.687720,2.953422,0.032293
2.687720,11.408697,0.035542
2.687720,3.119867,-0.047017
2.687720,2.691421,0.001434
2.687720,3.519583,0.074997
2.687720,8.414922,-0.110311
2.687720,2.816964,-0.018363
2.687720,2.727787,0.007884
2.687720,5.127269,0.124637
2.687720,4.691070,-0.117844
2.687720,2.716220,-0.006431
2.687720,2.834047,0.020249
2.687720,8.967273,0.101556
2.687720,3.434328,-0.069798
2.687720,2.690480,-0.000941
2.687720,3.172306,0.051250
2.687720,11.034205,-0.051709
2.687720,2.923217,-0.029393
2.687720,2.694691,0.003266
2.687720,3.838470,0.091419
2.687720,6.919709,-0.126582
2.687720,2.774731,-0.013613
2.687720,2.753594,0.011114
2.687720,6.122131,0.129625
2.687720,4.110380,-0.102214
2.687720,2.700629,-0.004417
2.687720,2.861837,0.023238
2.687720,9.768974,0.086171
2.687720,3.326877,-0.062694
2.687720,2.688687,-0.000385
2.687720,3.219966,0.054947
2.687720,10.648939,-0.064255
2.687720,2.900544,-0.027182
2.687720,2.693517,0.003297
2.687720,3.823037,0.090731
2.687720,6.975213,-0.126201
2.687720,2.775940,-0.013817
2.687720,2.744243,0.010057
2.687720,5.777676,0.129230
2.687720,4.269437,-0.107404
2.687720,2.704065,-0.005078
2.687720,2.826948,0.019598
2.687720,8.762288,0.104976
2.687720,3.464398,-0.071703
2.687720,2.687183,-0.001541
2.687720,3.037342,0.040014
2.687720,11.740963,-0.004380
2.687720,3.017296,-0.038230
2.687720,2.687154,0.001685
2.687720,3.484322,0.072922
2.687720,8.632612,-0.107035
2.687720,2.822870,-0.019163
2.687720,2.704839,0.005199
2.687720,4.301192,0.108350
2.687720,5.716900,-0.129030
2.687720,2.742610,-0.009868
2.687720,2.776690,0.013911
2.687720,7.004321,0.125993
2.687720,3.815122,-0.090373
2.687720,2.693256,-0.003273
2.687720,2.899643,0.027094
2.687720,10.631877,0.064755
2.687720,3.222019,-0.055104
2.687720,2.688522,0.000351
2.687720,3.319405,0.062176
2.687720,9.828638,-0.084881
2.687720,2.864109,-0.023478
2.687720,2.699562,0.004276
2.687720,4.070877,0.100806
2.687720,6.219505,-0.129529
2.687720,2.756101,-0.011427
2.687720,2.770388,0.013117
2.687720,6.759211,0.127575
2.687720,3.885034,-0.093459
2.687720,2.695448,-0.003496
2.687720,2.904194,0.027527
2.687720,10.715909,0.062255
2.687720,3.211904,-0.054326
2.687720,2.689768,0.000570
2.687720,3.370511,0.065654
2.687720,9.430071,-0.093096
2.687720,2.849565,-0.021924
2.687720,2.707796,0.005342
2.687720,4.374649,0.110424
2.687720,5.585284,-0.128443
2.687720,2.739776,-0.009378
2.687720,2.799282,0.016385
2.687720,7.806176,0.118318
2.687720,3.629869,-0.081191
2.687720,2.692376,-0.002095
2.687720,3.044933,0.040641
2.687720,11.730994,-0.007475
2.687720,3.010713,-0.037594
2.687720,2.692813,0.002398
2.687720,3.680796,0.083861
2.687720,7.560895,-0.121035
2.687720,2.792378,-0.015609
2.687720,2.743938,0.009899
2.687720,5.746120,0.129127
2.687720,4.285906,-0.107891
2.687720,2.705417,-0.005032
2.687720,2.854180,0.022417
2.687720,9.560172,0.090516
2.687720,3.353508,-0.064512
2.687720,2.689503,-0.000480
2.687720,3.220092,0.054950
2.687720,10.648235,-0.064275
2.687720,2.900581,-0.027171
2.687720,2.695352,0.003512
2.687720,3.885712,0.093488
2.687720,6.756924,-0.127588
2.687720,2.770289,-0.013114
2.687720,2.755071,0.011313
2.687720,6.181888,0.129577
2.687720,4.085869,-0.101347
2.687720,2.699833,-0.004345
2.687720,2.859065,0.022961
2.687720,9.697138,0.087697
2.687720,3.335910,-0.063321
2.687720,2.688225,-0.000504
2.687720,3.196077,0.053123
2.687720,10.844515,-0.058227
2.687720,2.911264,-0.028253
2.687720,2.691366,0.002965
2.687720,3.738295,0.086754
2.687720,7.307094,-0.123518
2.687720,2.784771,-0.014874
2.687720,2.732087,0.008616
2.687720,5.322440,0.126630
2.687720,4.542603,-0.114667
2.687720,2.711143,-0.006053
2.687720,2.806396,0.017366
2.687720,8.084245,0.114885
2.687720,3.576656,-0.078307
2.687720,2.687865,-0.002251
2.687720,2.952017,0.032207
2.687720,11.397375,0.036143
2.687720,3.121472,-0.047180
2.687720,2.687463,0.000957
2.687720,3.386854,0.066756
2.687720,9.306494,-0.095465
2.687720,2.844939,-0.021500
2.687720,2.700721,0.004554
2.687720,4.132481,0.102985
2.687720,6.069747,-0.129643
2.687720,2.752003,-0.010972
2.687720,2.769993,0.013105
2.687720,6.750065,0.127628
2.687720,3.887749,-0.093578
2.687720,2.695069,-0.003559
2.687720,2.889856,0.026108
2.687720,10.433408,0.070297
2.687720,3.245891,-0.056890
2.687720,2.688712,0.000201
2.687720,3.301586,0.060923
2.687720,9.972822,-0.081662
2.687720,2.869825,-0.024065
2.687720,2.698828,0.004148
2.687720,4.039104,0.099634
2.687720,6.301821,-0.129383
2.687720,2.758275,-0.011685
2.687720,2.768265,0.012867
2.687720,6.679306,0.128004
2.687720,3.909532,-0.094498
2.687720,2.695965,-0.003603
2.687720,2.897990,0.026910
2.687720,10.597696,0.065742
2.687720,3.226197,-0.055410
2.687720,2.689608,0.000448
2.687720,3.350774,0.064326
2.687720,9.581409,-0.090086
2.687720,2.854965,-0.022497
2.687720,2.705537,0.005040
2.687720,4.289213,0.107989
2.687720,5.739819,-0.129106
2.687720,2.743793,-0.009876
2.687720,2.793179,0.015696
2.687720,7.589134,0.120738
2.687720,3.674711,-0.083547
2.687720,2.692804,-0.002357
2.687720,3.016132,0.038082
2.687720,11.739217,0.005017
2.687720,3.039086,-0.040126
2.687720,2.692508,0.002153
2.687720,3.640464,0.081756
2.687720,7.753428,-0.118928
2.687720,2.797799,-0.016216
2.687720,2.740994,0.009526
2.687720,5.631628,0.128672
2.687720,4.348098,-0.109688
2.687720,2.707111,-0.005246
2.687720,2.851748,0.022154
2.687720,9.491580,0.091888
2.687720,3.362436,-0.065113
2.687720,2.689774,-0.000512
2.687720,3.220069,0.054946
2.687720,10.648540,-0.064266
2.687720,2.900622,-0.027170
2.687720,2.695959,0.003583
2.687720,3.906435,0.094367
2.687720,6.689262,-0.127953
2.687720,2.768551,-0.012896
2.687720,2.758616,0.011720
2.687720,6.313965,0.129356
2.687720,4.034540,-0.099463
2.687720,2.698772,-0.004123
2.687720,2.872199,0.024306
2.687720,10.030788,0.080327
2.687720,3.294497,-0.060419
2.687720,2.688872,-0.000131
2.687720,3.258160,0.057793
2.687720,10.331250,-0.072980
2.687720,2.885141,-0.025628
2.687720,2.696247,0.003732
2.687720,3.933285,0.095486
2.687720,6.604533,-0.128364
2.687720,2.766198,-0.012642
2.687720,2.757864,0.011655
2.687720,6.289385,0.129409
2.687720,4.043792,-0.099811
2.687720,2.698744,-0.004189
2.687720,2.863000,0.023371
2.687720,9.800960,0.085483
2.687720,3.322841,-0.062418
2.687720,2.688176,-0.000416
2.687720,3.207385,0.053993
2.687720,10.752358,-0.061142
2.687720,2.906042,-0.027737
2.687720,2.691767,0.003051
2.687720,3.757523,0.087683
2.687720,7.227738,-0.124219
2.687720,2.782620,-0.014623
2.687720,2.734207,0.008873
2.687720,5.402309,0.127281
2.687720,4.488082,-0.113370
2.687720,2.709673,-0.005867
2.687720,2.808481,0.017599
2.687720,8.156185,0.113935
2.687720,3.563694,-0.077577
2.687720,2.687635,-0.002187
2.687720,2.957002,0.032680
2.687720,11.445510,0.033548
2.687720,3.113748,-0.046543
2.687720,2.687380,0.001004
2.687720,3.392001,0.067095
2.687720,9.268416,-0.096178
2.687720,2.843618,-0.021363
2.687720,2.700739,0.004566
2.687720,4.134578,0.103057
2.687720,6.064860,-0.129643
2.687720,2.751858,-0.010959
2.687720,2.769646,0.013068
2.687720,6.737643,0.127697
2.687720,3.891509,-0.093739
2.687720,2.695103,-0.003580
2.687720,2.887462,0.025869
2.687720,10.382540,0.071646
2.687720,3.251987,-0.057341
2.687720,2.688574,0.000140
2.687720,3.290944,0.060168
2.687720,10.059783,-0.079651
2.687720,2.873360,-0.024432
2.687720,2.697673,0.003986
2.687720,3.995351,0.097967
2.687720,6.421353,-0.129068
2.687720,2.761368,-0.012066
2.687720,2.763242,0.012288
2.687720,6.492230,0.128826
2.687720,3.970663,-0.096997
2.687720,2.697119,-0.003884
2.687720,2.878420,0.024946
2.687720,10.179365,0.076789
2.687720,3.276445,-0.059126
2.687720,2.688737,-0.000017
2.687720,3.271764,0.058787
2.687720,10.218136,-0.075836
2.687720,2.880098,-0.025118
2.687720,2.696800,0.003834
2.687720,3.957861,0.096485
2.687720,6.529990,-0.128682
2.687720,2.764228,-0.012408
2.687720,2.759989,0.011906
2.687720,6.369652,0.129219
2.687720,4.013930,-0.098684
2.687720,2.698065,-0.004066
2.687720,2.868770,0.023963
2.687720,9.947490,0.082239
2.687720,3.304681,-0.061145
2.687720,2.688375,-0.000262
2.687720,3.231860,0.055846
2.687720,10.550123,-0.067095
2.687720,2.895482,-0.026681
2.687720,2.693450,0.003327
2.687720,3.826276,0.090879
2.687720,6.963344,-0.126285
2.687720,2.775580,-0.013784
2.687720,2.743345,0.009959
2.687720,5.745230,0.129129
2.687720,4.286228,-0.107908
2.687720,2.704427,-0.005148
2.687720,2.823349,0.019216
2.687720,8.648322,0.106790
2.687720,3.481870,-0.072774
2.687720,2.687089,-0.001675
2.687720,3.017550,0.038254
2.687720,11.741231,0.004265
2.687720,3.037068,-0.039990
2.687720,2.687120,0.001535
2.687720,3.462583,0.071591
2.687720,8.774273,-0.104782
2.687720,2.827318,-0.019640
2.687720,2.703695,0.005033
2.687720,4.256065,0.106997
2.687720,5.803981,-0.129304
2.687720,2.744923,-0.010142
2.687720,2.774838,0.013691
2.687720,6.934573,0.126483
2.687720,3.834238,-0.091236
2.687720,2.693707,-0.003352
2.687720,2.896215,0.026751
2.687720,10.564511,0.066689
2.687720,3.230137,-0.055715
2.687720,2.688526,0.000293
2.687720,3.311362,0.061614
2.687720,9.893406,-0.083453
2.687720,2.866640,-0.023740
2.687720,2.698989,0.004190
2.687720,4.048235,0.099975
2.687720,6.277773,-0.129432
2.687720,2.757619,-0.011611
2.687720,2.768283,0.012874
2.687720,6.680778,0.127997
2.687720,3.909066,-0.094479
2.687720,2.695895,-0.003608
2.687720,2.896236,0.026737
2.687720,10.563168,0.066725
2.687720,3.230347,-0.055724
2.687720,2.689464,0.000401
2.687720,3.341876,0.063721
2.687720,9.650766,-0.088662
2.687720,2.857493,-0.022766
2.687720,2.704310,0.004878
2.687720,4.243421,0.106600
2.687720,5.829531,-0.129364
2.687720,2.746109,-0.010166
2.687720,2.789254,0.015254
2.687720,7.448296,0.122177
2.687720,3.705711,-0.085124
2.687720,2.693101,-0.002537
2.687720,2.996415,0.036295
2.687720,11.692492,0.014131
2.687720,3.061277,-0.042065
2.687720,2.692243,0.001959
2.687720,3.608177,0.080018
2.687720,7.917198,-0.116989
2.687720,2.802452,-0.016738
2.687720,2.738025,0.009156
2.687720,5.517382,0.128060
2.687720,4.415116,-0.111509
2.687720,2.708896,-0.005481
2.687720,2.848048,0.021759
2.687720,9.386202,0.093945
2.687720,3.376332,-0.066040
2.687720,2.689933,-0.000593
2.687720,3.211507,0.054294
2.687720,10.719241,-0.062154
2.687720,2.904389,-0.027544
2.687720,2.695783,0.003534
2.687720,3.896289,0.093938
2.687720,6.722163,-0.127779
2.687720,2.769438,-0.012997
2.687720,2.758106,0.011657
2.687720,6.294148,0.129398
2.687720,4.042015,-0.099743
2.687720,2.698973,-0.004150
2.687720,2.871716,0.024255
2.687720,10.018897,0.080603
2.687720,3.295952,-0.060522
2.687720,2.688905,-0.000137
2.687720,3.257787,0.057765
2.687720,10.334373,-0.072900
2.687720,2.885286,-0.025642
2.687720,2.696306,0.003738
2.687720,3.935168,0.095563
2.687720,6.598730,-0.128390
2.687720,2.766051,-0.012623
2.687720,2.758216,0.011695
2.687720,6.302432,0.129382
2.687720,4.038853,-0.099626
2.687720,2.698645,-0.004167
2.687720,2.864356,0.023510
2.687720,9.835852,0.084723
2.687720,3.318491,-0.062115
2.687720,2.688243,-0.000377
2.687720,3.213887,0.054489
2.687720,10.698946,-0.062770
2.687720,2.903146,-0.027448
2.687720,2.692222,0.003126
2.687720,3.776126,0.088566
2.687720,7.153300,-0.124843
2.687720,2.780629,-0.014387
2.687720,2.736743,0.009175
2.687720,5.497362,0.127942
2.687720,4.427229,-0.111835
2.687720,2.708068,-0.005655
2.687720,2.812040,0.017991
2.687720,8.276774,0.112288
2.687720,3.542589,-0.076371
2.687720,2.687415,-0.002065
2.687720,2.970001,0.033901
2.687720,11.552448,0.026913
2.687720,3.094791,-0.044961
2.687720,2.687347,0.001139
2.687720,3.410414,0.068293
2.687720,9.134531,-0.098627
2.687720,2.839081,-0.020884
2.687720,2.701763,0.004720
2.687720,4.175328,0.104428
2.687720,5.972734,-0.129602
2.687720,2.749436,-0.010668
2.687720,2.772255,0.013373
2.687720,6.835396,0.127127
2.687720,3.862457,-0.092484
2.687720,2.694501,-0.003452
2.687720,2.895212,0.026646
2.687720,10.543856,0.067270
2.687720,3.232635,-0.055901
2.687720,2.688806,0.000307
2.687720,3.318006,0.062077
2.687720,9.840003,-0.084632
2.687720,2.864584,-0.023520
2.687720,2.700327,0.004362
2.687720,4.096838,0.101737
2.687720,6.154940,-0.129602
2.687720,2.754468,-0.011216
2.687720,2.774118,0.013539
2.687720,6.896449,0.126736
2.687720,3.845018,-0.091710
2.687720,2.694848,-0.003293
2.687720,2.922101,0.029283
2.687720,11.017261,0.052324
2.687720,3.174484,-0.051421
2.687720,2.690503,0.000928
2.687720,3.432855,0.069704
2.687720,8.977504,-0.101381
2.687720,2.834383,-0.020284
2.687720,2.716183,0.006424
2.687720,4.689366,0.117810
2.687720,5.129350,-0.124661
2.687720,2.727849,-0.007890
2.687720,2.817104,0.018377
2.687720,8.419414,0.110245
2.687720,3.518843,-0.074953
2.687720,2.691445,-0.001426
2.687720,3.121337,0.047137
2.687720,11.399374,-0.036032
2.687720,2.952487,-0.032203
2.687720,2.694018,0.002970
2.687720,3.783889,0.088918
2.687720,7.123452,-0.125080
2.687720,2.780312,-0.014241
2.687720,2.751354,0.010822
2.687720,6.033011,0.129635
2.687720,4.148504,-0.103526
2.687720,2.701770,-0.004540
2.687720,2.863168,0.023365
2.687720,9.802271,0.085453
2.687720,3.322733,-0.062403
2.687720,2.689157,-0.000300
2.687720,3.239327,0.056398
2.687720,10.488296,-0.068809
2.687720,2.892524,-0.026369
2.687720,2.695736,0.003617
2.687720,3.907665,0.094421
2.687720,6.685228,-0.127974
2.687720,2.768355,-0.012893
2.687720,2.756165,0.011449
2.687720,6.224411,0.129523
2.687720,4.068926,-0.100736
2.687720,2.699369,-0.004285
2.687720,2.859856,0.023045
2.687720,9.718468,0.087247
2.687720,3.333207,-0.063136
2.687720,2.688141,-0.000494
2.687720,3.196011,0.053118
2.687720,10.845011,-0.058211
2.687720,2.911286,-0.028257
2.687720,2.691189,0.002944
2.687720,3.732274,0.086460
2.687720,7.332442,-0.123286
2.687720,2.785446,-0.014955
2.687720,2.731010,0.008489
2.687720,5.282405,0.126270
2.687720,4.571190,-0.115320
2.687720,2.711897,-0.006152
2.687720,2.804851,0.017195
2.687720,8.031087,0.115571
2.687720,3.586414,-0.078851
2.687720,2.687979,-0.002306
2.687720,2.946429,0.031675
2.687720,11.338666,0.039077
2.687720,3.130430,-0.047914
2.687720,2.687447,0.000890
2.687720,3.377130,0.066113
2.687720,9.379076,-0.094085
2.687720,2.847459,-0.021766
2.687720,2.700029,0.004455
2.687720,4.105613,0.102051
2.687720,6.133466,-0.129620
2.687720,2.753666,-0.011174
2.687720,2.767830,0.012854
2.687720,6.669277,0.128056
2.687720,3.912624,-0.094631
2.687720,2.695560,-0.003671
2.687720,2.882500,0.025369
2.687720,10.273466,0.074454
2.687720,3.265083,-0.058303
2.687720,2.688431,0.000029
2.687720,3.273167,0.058891
2.687720,10.206376,-0.076127
2.687720,2.879554,-0.025069
2.687720,2.696081,0.003754
2.687720,3.933734,0.095506
2.687720,6.603089,-0.128371
2.687720,2.766095,-0.012644
2.687720,2.756026,0.011451
2.687720,6.222146,0.129527
2.687720,4.069797,-0.100769
2.687720,2.699211,-0.004309
2.687720,2.854137,0.022460
2.687720,9.565482,0.090411
2.687720,3.352715,-0.064473
2.687720,2.687678,-0.000688
2.687720,3.161837,0.050443
2.687720,11.113453,-0.048737
2.687720,2.928439,-0.029942
2.687720,2.689085,0.002569
2.687720,3.642733,0.081903
2.687720,7.740928,-0.119077
2.687720,2.796634,-0.016261
2.687720,2.718636,0.006990
2.687720,4.821550,0.120262
2.687720,4.977748,-0.122709
2.687720,2.722843,-0.007503
2.687720,2.792611,0.015794
2.687720,7.595469,0.120677
2.687720,3.673113,-0.083489
2.687720,2.689789,-0.002698
2.687720,2.922240,0.029336
2.687720,11.022577,0.052136
2.687720,3.173675,-0.051378
2.687720,2.687861,0.000624
2.687720,3.346678,0.064061
2.687720,9.612489,-0.089454
2.687720,2.855878,-0.022638
2.687720,2.699407,0.004319
2.687720,4.074641,0.100944
2.687720,6.209922,-0.129544
2.687720,2.755739,-0.011408
2.687720,2.767459,0.012797
2.687720,6.653170,0.128135
2.687720,3.917714,-0.094842
2.687720,2.695829,-0.003674
2.687720,2.886269,0.025744
2.687720,10.356174,0.072335
2.687720,3.255163,-0.057574
2.687720,2.688784,0.000142
2.687720,3.294624,0.060429
2.687720,10.029714,-0.080353
2.687720,2.872145,-0.024302
2.687720,2.698530,0.004095
2.687720,4.026244,0.099151
2.687720,6.336195,-0.129304
2.687720,2.759181,-0.011792
2.687720,2.767326,0.012756
2.687720,6.643942,0.128179
2.687720,3.920670,-0.094963
2.687720,2.696198,-0.003652
2.687720,2.895113,0.026623
2.687720,10.540495,0.067363
2.687720,3.233076,-0.055928
2.687720,2.689520,0.000388
2.687720,3.340937,0.063656
2.687720,9.658157,-0.088509
2.687720,2.857774,-0.022794
2.687720,2.704412,0.004888
2.687720,4.246669,0.106701
2.687720,5.823002,-0.129349
2.687720,2.745949,-0.010144
2.687720,2.789783,0.015312
2.687720,7.467125,0.121991
2.687720,3.701475,-0.084911
2.687720,2.693078,-0.002511
2.687720,2.999672,0.036592
2.687720,11.703481,0.012594
2.687720,3.057438,-0.041732
2.687720,2.692315,0.001996
2.687720,3.614620,0.080368
2.687720,7.883813,-0.117395
2.687720,2.801504,-0.016631
2.687720,2.738764,0.009247
2.687720,5.545544,0.128226
2.687720,4.398104,-0.111058
2.687720,2.708453,-0.005420
2.687720,2.849271,0.021889
2.687720,9.421127,0.093270
2.687720,3.371702,-0.065732
2.687720,2.689924,-0.000561
2.687720,3.215784,0.054620
2.687720,10.684008,-0.063215
2.687720,2.902501,-0.027356
2.687720,2.696026,0.003576
2.687720,3.906679,0.094377
2.687720,6.688496,-0.127956
2.687720,2.768553,-0.012891
2.687720,2.759274,0.011793
2.687720,6.338039,0.129299
2.687720,4.025573,-0.099125
2.687720,2.698619,-0.004081
2.687720,2.875536,0.024644
2.687720,10.110655,0.078447
2.687720,3.284785,-0.059724
2.687720,2.689071,-0.000038
2.687720,3.274315,0.058969
2.687720,10.197153,-0.076353
2.687720,2.879222,-0.025021
2.687720,2.697866,0.003965
2.687720,3.995524,0.097972
2.687720,6.420924,-0.129069
2.687720,2.761433,-0.012056
2.687720,2.765464,0.012533
2.687720,6.573228,0.128502
2.687720,3.943522,-0.095903
2.687720,2.696723,-0.003746
2.687720,2.890713,0.026181
2.687720,10.449969,0.069850
2.687720,3.243942,-0.056739
2.687720,2.689443,0.000300
2.687720,3.327436,0.062727
2.687720,9.764871,-0.086258
2.687720,2.861772,-0.023213
2.687720,2.703039,0.004698
2.687720,4.194262,0.105041
2.687720,5.931804,-0.129553
2.687720,2.748770,-0.010493
2.687720,2.785456,0.014821
2.687720,7.310391,0.123483
2.687720,3.737693,-0.086707
