init_r,r,ur
2.687660,3.256556,0.057685
2.687660,10.344072,-0.072651
2.687660,2.885602,-0.025699
2.687660,2.693076,0.003357
2.687660,3.824245,0.090790
2.687660,6.970636,-0.126235
2.687660,2.775669,-0.013818
2.687660,2.740154,0.009598
2.687660,5.628224,0.128662
2.687660,4.349833,-0.109747
2.687660,2.705927,-0.005394
2.687660,2.813761,0.018190
2.687660,8.336219,0.111451
2.687660,3.532435,-0.075784
2.687660,2.687053,-0.002036
2.687660,2.968167,0.033732
2.687660,11.539069,0.027830
2.687660,3.097333,-0.045177
2.687660,2.687076,0.001088
2.687660,3.398832,0.067544
2.687660,9.218214,-0.097107
2.687660,2.841862,-0.021187
2.687660,2.700014,0.004495
2.687660,4.111366,0.102254
2.687660,6.119579,-0.129629
2.687660,2.753228,-0.011139
2.687660,2.766082,0.012664
2.687660,6.606181,0.128358
2.687660,3.932707,-0.095466
2.687660,2.695804,-0.003779
2.687660,2.871836,0.024292
2.687660,10.024810,0.080468
2.687660,3.295169,-0.060475
2.687660,2.687814,-0.000260
2.687660,3.223088,0.055190
2.687660,10.622718,-0.065022
2.687660,2.899105,-0.027053
2.687660,2.691710,0.003096
2.687660,3.763090,0.087950
2.687660,7.205156,-0.124412
2.687660,2.781959,-0.014557
2.687660,2.733397,0.008786
2.687660,5.373599,0.127058
2.687660,4.507296,-0.113836
2.687660,2.710123,-0.005941
2.687660,2.805657,0.017294
2.687660,8.060545,0.115193
2.687660,3.580969,-0.078550
2.687660,2.687681,-0.002303
2.687660,2.942128,0.031267
2.687660,11.290131,0.041348
2.687660,3.137526,-0.048493
2.687660,2.687189,0.000808
2.687660,3.361391,0.065063
2.687660,9.498413,-0.091756
2.687660,2.851651,-0.022213
2.687660,2.698111,0.004200
2.687660,4.034516,0.099467
2.687660,6.313827,-0.129358
2.687660,2.758332,-0.011750
2.687660,2.760411,0.011997
2.687660,6.392554,0.129156
2.687660,4.005588,-0.098367
2.687660,2.697427,-0.004084
2.687660,2.856446,0.022711
2.687660,9.629825,0.089098
2.687660,3.344425,-0.063912
2.687660,2.687307,-0.000673
2.687660,3.157977,0.050138
2.687660,11.142369,-0.047606
2.687660,2.930493,-0.030146
2.687660,2.688312,0.002463
2.687660,3.614529,0.080395
2.687660,7.882719,-0.117416
2.687660,2.800576,-0.016721
2.687660,2.713948,0.006421
2.687660,4.649167,0.117004
2.687660,5.179140,-0.125230
2.687660,2.728213,-0.008160
2.687660,2.786760,0.015119
2.687660,7.382586,0.122818
2.687660,3.720528,-0.085883
2.687660,2.690752,-0.002914
2.687660,2.908424,0.027979
2.687660,10.795614,0.059792
2.687660,3.202075,-0.053588
2.687660,2.687808,0.000411
2.687660,3.316170,0.061956
2.687660,9.854313,-0.084319
2.687660,2.865023,-0.023589
2.687660,2.697160,0.003989
2.687660,3.986891,0.097640
2.687660,6.445256,-0.128992
2.687660,2.761871,-0.012155
2.687660,2.758894,0.011802
2.687660,6.332556,0.129314
2.687660,4.027544,-0.099204
2.687660,2.698105,-0.004153
2.687660,2.857753,0.022840
2.687660,9.664071,0.088389
2.687660,3.340073,-0.063612
2.687660,2.687601,-0.000607
2.687660,3.171771,0.051230
2.687660,11.037280,-0.051601
2.687660,2.923194,-0.029433
2.687660,2.689235,0.002626
2.687660,3.653413,0.082466
2.687660,7.688910,-0.119662
2.687660,2.795167,-0.016096
2.687660,2.719475,0.007097
2.687660,4.853407,0.120799
2.687660,4.944048,-0.122219
2.687660,2.721917,-0.007395
2.687660,2.792859,0.015828
2.687660,7.605334,0.120572
2.687660,3.670995,-0.083380
2.687660,2.689648,-0.002700
2.687660,2.919770,0.029097
2.687660,10.984728,0.053488
2.687660,3.178500,-0.051758
2.687660,2.687703,0.000570
2.687660,3.336591,0.063372
2.687660,9.691530,-0.087815
2.687660,2.858790,-0.022945
2.687660,2.698202,0.004157
2.687660,4.029727,0.099286
2.687660,6.326699,-0.129328
2.687660,2.758759,-0.011781
2.687660,2.762579,0.012234
2.687660,6.471318,0.128903
2.687660,3.977825,-0.097283
2.687660,2.697002,-0.003946
2.687660,2.868265,0.023920
2.687660,9.935990,0.082499
2.687660,3.306074,-0.061246
2.687660,2.687981,-0.000319
2.687660,3.217671,0.054778
2.687660,10.667611,-0.063705
2.687660,2.901459,-0.027285
2.687660,2.691824,0.003092
2.687660,3.764432,0.088013
2.687660,7.199791,-0.124457
2.687660,2.781839,-0.014538
2.687660,2.734243,0.008883
2.687660,5.404594,0.127299
2.687660,4.486563,-0.113333
2.687660,2.709597,-0.005866
2.687660,2.807487,0.017494
2.687660,8.122915,0.114377
2.687660,3.569643,-0.077914
2.687660,2.687608,-0.002232
2.687660,2.950498,0.032065
2.687660,11.382052,0.036931
2.687660,3.123845,-0.047376
2.687660,2.687277,0.000918
2.687660,3.378262,0.066189
2.687660,9.370502,-0.094250
2.687660,2.847135,-0.021737
2.687660,2.699489,0.004394
2.687660,4.087247,0.101400
2.687660,6.178358,-0.129582
2.687660,2.754807,-0.011320
2.687660,2.765394,0.012576
2.687660,6.579094,0.128478
2.687660,3.941535,-0.095827
2.687660,2.696082,-0.003807
2.687660,2.872498,0.024357
2.687660,10.040535,0.080102
2.687660,3.293257,-0.060338
2.687660,2.687955,-0.000230
2.687660,3.229574,0.055678
2.687660,10.568940,-0.066564
2.687660,2.896383,-0.026778
2.687660,2.692354,0.003192
2.687660,3.787947,0.089122
2.687660,7.107094,-0.125215
2.687660,2.779349,-0.014245
2.687660,2.736995,0.009214
2.687660,5.508143,0.128010
2.687660,4.420576,-0.111662
2.687660,2.707839,-0.005638
2.687660,2.810808,0.017862
2.687660,8.236147,0.112850
2.687660,3.549606,-0.076775
2.687660,2.687345,-0.002122
2.687660,2.961144,0.033072
2.687660,11.482521,0.031410
2.687660,3.107511,-0.046026
2.687660,2.687228,0.001031
2.687660,3.393387,0.067187
2.687660,9.258152,-0.096369
2.687660,2.843245,-0.021328
2.687660,2.700257,0.004513
2.687660,4.118235,0.102493
2.687660,6.103215,-0.129636
2.687660,2.752831,-0.011084
2.687660,2.767521,0.012826
2.687660,6.659087,0.128107
2.687660,3.915819,-0.094766
2.687660,2.695524,-0.003697
2.687660,2.878454,0.024962
2.687660,10.181603,0.076735
2.687660,3.276143,-0.059108
2.687660,2.688151,-0.000083
2.687660,3.253002,0.057420
2.687660,10.373896,-0.071874
2.687660,2.887021,-0.025832
2.687660,2.694110,0.003468
2.687660,3.858013,0.092292
2.687660,6.850636,-0.127033
2.687660,2.772562,-0.013431
2.687660,2.746192,0.010302
2.687660,5.853353,0.129423
2.687660,4.231556,-0.106238
2.687660,2.703003,-0.004950
2.687660,2.827607,0.019675
2.687660,8.784127,0.104622
2.687660,3.461090,-0.071500
2.687660,2.686980,-0.001541
2.687660,3.034052,0.039725
2.687660,11.743730,-0.002979
2.687660,3.020422,-0.038512
2.687660,2.686954,0.001638
2.687660,3.474382,0.072318
2.687660,8.696701,-0.106028
2.687660,2.824841,-0.019381
2.687660,2.703483,0.005027
2.687660,4.251454,0.106856
2.687660,5.813132,-0.129328
2.687660,2.745113,-0.010177
2.687660,2.773088,0.013497
2.687660,6.871023,0.126904
2.687660,3.852149,-0.092034
2.687660,2.693927,-0.003449
2.687660,2.886671,0.025799
2.687660,10.366520,0.072067
2.687660,3.253882,-0.057485
2.687660,2.688058,0.000066
2.687660,3.272213,0.058825
2.687660,10.214116,-0.075937
2.687660,2.879851,-0.025106
2.687660,2.695027,0.003628
2.687660,3.897259,0.093985
2.687660,6.718743,-0.127800
2.687660,2.769073,-0.013016
2.687660,2.750339,0.010793
2.687660,6.009852,0.129629
2.687660,4.158625,-0.103873
2.687660,2.701195,-0.004674
2.687660,2.836322,0.020601
2.687660,9.052981,0.100075
2.687660,3.421853,-0.069031
2.687660,2.687036,-0.001256
2.687660,3.073689,0.043173
2.687660,11.648736,-0.019074
2.687660,2.985836,-0.035373
2.687660,2.686930,0.001891
2.687660,3.509742,0.074450
2.687660,8.473029,-0.109463
2.687660,2.817900,-0.018639
2.687660,2.704685,0.005218
2.687660,4.301477,0.108360
2.687660,5.716322,-0.129028
2.687660,2.742501,-0.009876
2.687660,2.773952,0.013612
2.687660,6.905607,0.126679
2.687660,3.842314,-0.091600
2.687660,2.693534,-0.003427
2.687660,2.883377,0.025472
2.687660,10.294780,0.073915
2.687660,3.262481,-0.058119
2.687660,2.687709,-0.000037
2.687660,3.252232,0.057366
2.687660,10.380121,-0.071711
2.687660,2.887264,-0.025866
2.687660,2.692961,0.003331
2.687660,3.818517,0.090530
2.687660,6.991653,-0.126085
2.687660,2.776235,-0.013884
2.687660,2.739672,0.009540
2.687660,5.609870,0.128574
2.687660,4.360272,-0.110038
2.687660,2.706209,-0.005430
2.687660,2.813295,0.018139
2.687660,8.320508,0.111674
2.687660,3.535098,-0.075939
2.687660,2.687096,-0.002050
2.687660,2.966979,0.033621
2.687660,11.530036,0.028431
2.687660,3.099022,-0.045318
2.687660,2.687099,0.001078
2.687660,3.397854,0.067480
2.687660,9.225364,-0.096976
2.687660,2.842109,-0.021212
2.687660,2.700043,0.004497
2.687660,4.112084,0.102279
2.687660,6.117864,-0.129630
2.687660,2.753188,-0.011133
2.687660,2.766277,0.012686
2.687660,6.613332,0.128325
2.687660,3.930399,-0.095371
2.687660,2.695766,-0.003768
2.687660,2.872758,0.024385
2.687660,10.047119,0.079948
2.687660,3.292449,-0.060281
2.687660,2.687862,-0.000235
2.687660,3.227352,0.055511
2.687660,10.587360,-0.066040
2.687660,2.897303,-0.026872
2.687660,2.692028,0.003147
2.687660,3.775843,0.088555
2.687660,7.154349,-0.124835
2.687660,2.780601,-0.014396
2.687660,2.735145,0.008995
2.687660,5.439008,0.127551
2.687660,4.464081,-0.112776
2.687660,2.708977,-0.005791
2.687660,2.807938,0.017547
2.687660,8.138835,0.114166
2.687660,3.566781,-0.077753
2.687660,2.687504,-0.002224
2.687660,2.949908,0.032009
2.687660,11.376002,0.037238
2.687660,3.124774,-0.047453
2.687660,2.687202,0.000902
2.687660,3.374854,0.065963
2.687660,9.396093,-0.093758
2.687660,2.848022,-0.021832
2.687660,2.699006,0.004331
2.687660,4.069518,0.100760
2.687660,6.222794,-0.129527
2.687660,2.755955,-0.011462
2.687660,2.763516,0.012359
2.687660,6.509098,0.128764
2.687660,3.964869,-0.096769
2.687660,2.696546,-0.003911
2.687660,2.865802,0.023674
2.687660,9.874687,0.083869
2.687660,3.313632,-0.061780
2.687660,2.687660,-0.000411
2.687660,3.199790,0.053414
2.687660,10.814157,-0.059204
2.687660,2.909465,-0.028085
2.687660,2.690348,0.002859
2.687660,3.705727,0.085147
2.687660,7.447214,-0.122194
2.687660,2.788501,-0.015327
2.687660,2.725821,0.007874
2.687660,5.090347,0.124202
2.687660,4.721590,-0.118448
2.687660,2.715888,-0.006664
2.687660,2.797895,0.016418
2.687660,7.787999,0.118537
2.687660,3.633207,-0.081399
2.687660,2.688644,-0.002555
2.687660,2.923432,0.029460
2.687660,11.041203,0.051458
2.687660,3.171250,-0.051191
2.687660,2.687295,0.000575
2.687660,3.330566,0.062960
2.687660,9.739016,-0.086813
2.687660,2.860528,-0.023136
2.687660,2.696507,0.003946
2.687660,3.969357,0.096949
2.687660,6.495869,-0.128815
2.687660,2.763111,-0.012324
2.687660,2.754713,0.011327
2.687660,6.177774,0.129584
2.687660,4.087463,-0.101409
2.687660,2.699320,-0.004415
2.687660,2.841711,0.021176
2.687660,9.214578,0.097174
2.687660,3.399319,-0.067577
2.687660,2.686886,-0.001114
2.687660,3.090767,0.044626
2.687660,11.572731,-0.025463
2.687660,2.972864,-0.034173
2.687660,2.686764,0.001967
2.687660,3.517816,0.074930
2.687660,8.423681,-0.110191
2.687660,2.816361,-0.018480
2.687660,2.704081,0.005160
2.687660,4.282036,0.107785
2.687660,5.753198,-0.129156
2.687660,2.743421,-0.009999
2.687660,2.771391,0.013324
2.687660,6.811700,0.127273
2.687660,3.869315,-0.092789
2.687660,2.693961,-0.003562
2.687660,2.872028,0.024325
2.687660,10.031195,0.080320
2.687660,3.294355,-0.060422
2.687660,2.687185,-0.000328
2.687660,3.203464,0.053700
2.687660,10.784025,-0.060158
2.687660,2.907717,-0.027920
2.687660,2.689491,0.002771
2.687660,3.678595,0.083774
2.687660,7.569838,-0.120948
2.687660,2.791799,-0.015724
2.687660,2.720613,0.007253
2.687660,4.898345,0.121523
2.687660,4.898159,-0.121520
2.687660,2.720608,-0.007253
2.687660,2.791804,0.015724
2.687660,7.570005,0.120946
2.687660,3.678558,-0.083772
2.687660,2.689490,-0.002771
2.687660,2.907723,0.027920
2.687660,10.784131,0.060154
2.687660,3.203452,-0.053699
2.687660,2.687184,0.000328
2.687660,3.294362,0.060423
2.687660,10.031137,-0.080322
2.687660,2.872025,-0.024325
2.687660,2.693961,0.003562
2.687660,3.869313,0.092789
2.687660,6.811704,-0.127273
2.687660,2.771392,-0.013324
2.687660,2.743420,0.009999
2.687660,5.753164,0.129156
2.687660,4.282054,-0.107786
2.687660,2.704082,-0.005160
2.687660,2.816358,0.018480
2.687660,8.423590,0.110192
2.687660,3.517830,-0.074930
2.687660,2.686764,-0.001967
2.687660,2.972850,0.034171
2.687660,11.572635,0.025470
2.687660,3.090786,-0.044628
2.687660,2.686886,0.001114
2.687660,3.399298,0.067576
2.687660,9.214731,-0.097171
2.687660,2.841717,-0.021177
2.687660,2.699319,0.004415
2.687660,4.087410,0.101407
2.687660,6.177905,-0.129583
2.687660,2.754716,-0.011327
2.687660,2.763107,0.012323
2.687660,6.495707,0.128815
2.687660,3.969412,-0.096951
2.687660,2.696509,-0.003946
2.687660,2.860516,0.023135
2.687660,9.738687,0.086820
2.687660,3.330607,-0.062963
2.687660,2.687295,-0.000575
2.687660,3.171195,0.051187
2.687660,11.041632,-0.051442
2.687660,2.923460,-0.029463
2.687660,2.688641,0.002554
2.687660,3.633095,0.081393
2.687660,7.788560,-0.118531
2.687660,2.797911,-0.016419
2.687660,2.715873,0.006663
2.687660,4.721061,0.118438
2.687660,5.090973,-0.124209
2.687660,2.725838,-0.007876
2.687660,2.788486,0.015325
2.687660,7.446674,0.122199
2.687660,3.705849,-0.085153
2.687660,2.690351,-0.002860
2.687660,2.909444,0.028083
2.687660,10.813786,0.059215
2.687660,3.199836,-0.053417
2.687660,2.687661,0.000410
2.687660,3.313603,0.061778
2.687660,9.874920,-0.083864
2.687660,2.865812,-0.023675
2.687660,2.696546,0.003911
2.687660,3.964849,0.096768
2.687660,6.509157,-0.128764
2.687660,2.763518,-0.012360
2.687660,2.755955,0.011462
2.687660,6.222804,0.129527
2.687660,4.069515,-0.100760
2.687660,2.699006,-0.004331
2.687660,2.848027,0.021833
2.687660,9.396238,0.093755
2.687660,3.374835,-0.065962
2.687660,2.687202,-0.000902
2.687660,3.124804,0.047455
2.687660,11.375806,-0.037248
2.687660,2.949889,-0.032008
2.687660,2.687505,0.002224
2.687660,3.566833,0.077756
2.687660,8.138542,-0.114170
2.687660,2.807930,-0.017546
2.687660,2.708983,0.005792
2.687660,4.464306,0.112781
2.687660,5.438659,-0.127549
2.687660,2.735135,-0.008993
2.687660,2.780611,0.014397
2.687660,7.154717,0.124832
2.687660,3.775750,-0.088550
2.687660,2.692026,-0.003146
2.687660,2.897330,0.026875
2.687660,10.587878,0.066025
2.687660,3.227290,-0.055506
2.687660,2.687863,0.000235
2.687660,3.292528,0.060287
2.687660,10.046466,-0.079963
2.687660,2.872732,-0.024383
2.687660,2.695773,0.003769
2.687660,3.930655,0.095381
2.687660,6.612541,-0.128329
2.687660,2.766256,-0.012683
2.687660,2.753218,0.011136
2.687660,6.118994,0.129629
2.687660,4.111612,-0.102262
2.687660,2.700032,-0.004495
2.687660,2.842191,0.021221
2.687660,9.227776,0.096931
2.687660,3.397524,-0.067458
2.687660,2.687101,-0.001076
2.687660,3.099418,0.045352
2.687660,11.527895,-0.028572
2.687660,2.966701,-0.033595
2.687660,2.687101,0.002052
2.687660,3.535585,0.075967
2.687660,8.317645,-0.111714
2.687660,2.813210,-0.018129
2.687660,2.706250,0.005435
2.687660,4.361822,0.110081
2.687660,5.607164,-0.128560
2.687660,2.739600,-0.009531
2.687660,2.776308,0.013893
2.687660,6.994383,0.126065
2.687660,3.817776,-0.090496
2.687660,2.692945,-0.003328
2.687660,2.887450,0.025884
2.687660,10.384113,0.071606
2.687660,3.251753,-0.057331
2.687660,2.687713,0.000041
2.687660,3.263096,0.058164
2.687660,10.289664,-0.074045
2.687660,2.883149,-0.025449
2.687660,2.693580,0.003434
2.687660,3.844132,0.091681
2.687660,6.899164,-0.126722
2.687660,2.773782,-0.013592
2.687660,2.742733,0.009903
2.687660,5.725028,0.129060
2.687660,4.296848,-0.108224
2.687660,2.704567,-0.005201
2.687660,2.818329,0.018685
2.687660,8.487084,0.109254
2.687660,3.507459,-0.074315
2.687660,2.686920,-0.001876
2.687660,2.987714,0.035545
2.687660,11.657795,0.018164
2.687660,3.071324,-0.042971
2.687660,2.687028,0.001273
2.687660,3.424063,0.069172
2.687660,9.037409,-0.100348
2.687660,2.835807,-0.020547
2.687660,2.701290,0.004689
2.687660,4.162528,0.104004
2.687660,6.001095,-0.129624
2.687660,2.750107,-0.010766
2.687660,2.769270,0.013039
2.687660,6.726175,0.127760
2.687660,3.894984,-0.093889
2.687660,2.694974,-0.003619
2.687660,2.880261,0.025148
2.687660,10.223505,0.075704
2.687660,3.271081,-0.058742
2.687660,2.688065,-0.000057
2.687660,3.255218,0.057583
2.687660,10.355393,-0.072356
2.687660,2.886161,-0.025747
2.687660,2.694021,0.003463
2.687660,3.855904,0.092200
2.687660,6.857939,-0.126987
2.687660,2.772743,-0.013456
2.687660,2.745581,0.010232
2.687660,5.830736,0.129372
2.687660,4.242682,-0.106585
2.687660,2.703264,-0.004994
2.687660,2.825817,0.019485
2.687660,8.727719,0.105533
2.687660,3.469633,-0.072027
2.687660,2.686951,-0.001605
2.687660,3.024904,0.038912
2.687660,11.745842,0.000995
2.687660,3.029458,-0.039317
2.687660,2.686960,0.001573
2.687660,3.465199,0.071754
2.687660,8.756896,-0.105064
2.687660,2.826741,-0.019583
2.687660,2.703105,0.004968
2.687660,4.236081,0.106380
2.687660,5.844115,-0.129403
2.687660,2.745940,-0.010273
2.687660,2.772569,0.013434
2.687660,6.851182,0.127029
2.687660,3.857853,-0.092285
2.687660,2.694082,-0.003470
2.687660,2.886280,0.025759
2.687660,10.357925,0.072291
2.687660,3.254916,-0.057561
2.687660,2.688096,0.000063
2.687660,3.272401,0.058838
2.687660,10.212575,-0.075975
2.687660,2.879788,-0.025099
2.687660,2.695139,0.003642
2.687660,3.901146,0.094150
2.687660,6.706113,-0.127867
2.687660,2.768747,-0.012975
2.687660,2.750940,0.010863
2.687660,6.032300,0.129638
2.687660,4.148714,-0.103539
2.687660,2.700965,-0.004635
2.687660,2.838041,0.020782
2.687660,9.104584,0.099162
2.687660,3.414583,-0.068564
2.687660,2.687082,-0.001199
2.687660,3.082226,0.043901
2.687660,11.612995,-0.022306
2.687660,2.979233,-0.034762
2.687660,2.687001,0.001948
2.687660,3.519064,0.075001
2.687660,8.416215,-0.110299
2.687660,2.816178,-0.018451
2.687660,2.705319,0.005305
2.687660,4.325697,0.109062
2.687660,5.671557,-0.128854
2.687660,2.741317,-0.009734
2.687660,2.775069,0.013744
2.687660,6.947502,0.126396
2.687660,3.830618,-0.091077
2.687660,2.693274,-0.003377
2.687660,2.885949,0.025732
2.687660,10.351455,0.072459
2.687660,3.255675,-0.057619
2.687660,2.687757,0.000018
2.687660,3.260623,0.057982
2.687660,10.310262,-0.073521
2.687660,2.884078,-0.025542
2.687660,2.693553,0.003424
2.687660,3.842203,0.091595
2.687660,6.906009,-0.126676
2.687660,2.773969,-0.013613
2.687660,2.742691,0.009897
2.687660,5.723240,0.129053
2.687660,4.297798,-0.108252
2.687660,2.704600,-0.005204
2.687660,2.818516,0.018705
2.687660,8.493111,0.109164
2.687660,3.506483,-0.074256
2.687660,2.686933,-0.001867
2.687660,2.989058,0.035669
2.687660,11.663981,0.017516
2.687660,3.069649,-0.042827
2.687660,2.687039,0.001287
2.687660,3.426139,0.069305
2.687660,9.022836,-0.100602
2.687660,2.835329,-0.020496
2.687660,2.701448,0.004711
2.687660,4.168570,0.104205
2.687660,5.987629,-0.129615
2.687660,2.749755,-0.010723
2.687660,2.769717,0.013091
2.687660,6.742882,0.127668
2.687660,3.889899,-0.093672
2.687660,2.694872,-0.003596
2.687660,2.881713,0.025295
2.687660,10.256424,0.074883
2.687660,3.267118,-0.058454
2.687660,2.688118,-0.000022
2.687660,3.260938,0.058003
2.687660,10.307798,-0.073583
2.687660,2.884004,-0.025528
2.687660,2.694497,0.003535
2.687660,3.874538,0.093012
2.687660,6.794131,-0.127376
2.687660,2.771067,-0.013253
2.687660,2.747984,0.010514
2.687660,5.920956,0.129543
2.687660,4.199203,-0.105209
2.687660,2.702195,-0.004829
2.687660,2.831257,0.020064
2.687660,8.898078,0.102737
2.687660,3.444170,-0.070446
2.687660,2.686987,-0.001421
2.687660,3.050548,0.041174
2.687660,11.719868,-0.009898
2.687660,3.005183,-0.037140
2.687660,2.686903,0.001745
2.687660,3.488594,0.073183
2.687660,8.605242,-0.107460
2.687660,2.821974,-0.019076
2.687660,2.703824,0.005088
2.687660,4.266653,0.107321
2.687660,5.783071,-0.129247
2.687660,2.744291,-0.010085
2.687660,2.773016,0.013496
2.687660,6.869466,0.126914
2.687660,3.852586,-0.092054
2.687660,2.693845,-0.003461
2.687660,2.883702,0.025502
2.687660,10.301704,0.073739
2.687660,3.261656,-0.058057
2.687660,2.687848,-0.000015
2.687660,3.257592,0.057760
2.687660,10.335527,-0.072871
2.687660,2.885231,-0.025657
2.687660,2.693611,0.003422
2.687660,3.842924,0.091627
2.687660,6.903464,-0.126693
2.687660,2.773915,-0.013603
2.687660,2.743152,0.009950
2.687660,5.740217,0.129112
2.687660,4.288840,-0.107987
2.687660,2.704389,-0.005169
2.687660,2.819871,0.018850
2.687660,8.537108,0.108503
2.687660,3.499403,-0.073833
2.687660,2.686938,-0.001817
2.687660,2.995982,0.036303
2.687660,11.692055,0.014208
2.687660,3.061227,-0.042101
2.687660,2.687038,0.001348
2.687660,3.434803,0.069855
2.687660,8.962471,-0.101644
2.687660,2.833353,-0.020286
2.687660,2.701917,0.004781
2.687660,4.187140,0.104817
2.687660,5.946898,-0.129576
2.687660,2.748682,-0.010594
2.687660,2.770803,0.013219
2.687660,6.783668,0.127437
2.687660,3.877648,-0.093146
2.687660,2.694607,-0.003544
2.687660,2.884610,0.025587
2.687660,10.321040,0.073244
2.687660,3.259351,-0.057886
2.687660,2.688199,0.000043
2.687660,3.271329,0.058759
2.687660,10.221509,-0.075753
2.687660,2.880188,-0.025138
2.687660,2.695346,0.003663
2.687660,3.907806,0.094430
2.687660,6.684648,-0.127978
2.687660,2.768199,-0.012906
2.687660,2.752134,0.011000
2.687660,6.076771,0.129642
2.687660,4.129457,-0.102882
2.687660,2.700532,-0.004556
2.687660,2.841760,0.021172
2.687660,9.214668,0.097172
2.687660,3.399326,-0.067575
2.687660,2.687204,-0.001077
2.687660,3.100966,0.045480
2.687660,11.519482,-0.029119
2.687660,2.965630,-0.033493
2.687660,2.687257,0.002079
2.687660,3.541928,0.076334
2.687660,8.280561,-0.112235
2.687660,2.812123,-0.018006
2.687660,2.707213,0.005555
2.687660,4.396982,0.111038
2.687660,5.547097,-0.128241
2.687660,2.738029,-0.009338
2.687660,2.778397,0.014133
2.687660,7.071596,0.125491
2.687660,3.797191,-0.089551
2.687660,2.692560,-0.003231
2.687660,2.894331,0.026573
2.687660,10.527702,0.067722
2.687660,3.234532,-0.056050
2.687660,2.687934,0.000191
2.687660,3.287584,0.059933
2.687660,10.087099,-0.079008
2.687660,2.874425,-0.024555
2.687660,2.695658,0.003743
2.687660,3.924838,0.095141
2.687660,6.630662,-0.128244
2.687660,2.766743,-0.012739
2.687660,2.752893,0.011096
2.687660,6.106461,0.129635
2.687660,4.116863,-0.102446
2.687660,2.700172,-0.004514
2.687660,2.841861,0.021185
2.687660,9.218016,0.097111
2.687660,3.398861,-0.067546
2.687660,2.687117,-0.001083
2.687660,3.098625,0.045285
2.687660,11.532178,-0.028290
2.687660,2.967259,-0.033647
2.687660,2.687119,0.002050
2.687660,3.535574,0.075966
2.687660,8.317717,-0.111713
2.687660,2.813215,-0.018129
2.687660,2.706341,0.005446
2.687660,4.365004,0.110169
2.687660,5.601627,-0.128533
2.687660,2.739458,-0.009513
2.687660,2.776565,0.013922
2.687660,7.003827,0.125997
2.687660,3.815222,-0.090380
2.687660,2.692903,-0.003315
2.687660,2.888460,0.025986
2.687660,10.405716,0.071036
2.687660,3.249163,-0.057139
2.687660,2.687753,0.000064
2.687660,3.266985,0.058447
2.687660,10.257361,-0.074860
2.687660,2.881716,-0.025303
2.687660,2.693908,0.003483
2.687660,3.856907,0.092245
2.687660,6.854413,-0.127010
2.687660,2.772604,-0.013450
2.687660,2.744399,0.010100
2.687660,5.787534,0.129259
2.687660,4.264374,-0.107252
2.687660,2.703747,-0.005082
2.687660,2.821601,0.019037
2.687660,8.593406,0.107643
2.687660,3.490455,-0.073296
2.687660,2.686872,-0.001761
2.687660,3.002413,0.036889
2.687660,11.712608,0.011184
2.687660,3.053700,-0.041449
2.687660,2.686967,0.001395
2.687660,3.440255,0.070200
2.687660,8.924860,-0.102285
2.687660,2.832120,-0.020157
2.687660,2.701910,0.004789
2.687660,4.188269,0.104854
2.687660,5.944444,-0.129573
2.687660,2.748599,-0.010589
2.687660,2.770326,0.013167
2.687660,6.766470,0.127536
2.687660,3.882781,-0.093368
2.687660,2.694664,-0.003572
2.687660,2.881694,0.025295
2.687660,10.256193,0.074889
2.687660,3.267141,-0.058456
2.687660,2.688038,-0.000032
2.687660,3.258300,0.057810
2.687660,10.329717,-0.073021
2.687660,2.884987,-0.025629
2.687660,2.694135,0.003486
2.687660,3.861089,0.092427
2.687660,6.839993,-0.127099
2.687660,2.772265,-0.013400
2.687660,2.746081,0.010291
2.687660,5.849637,0.129415
2.687660,4.233370,-0.106295
2.687660,2.703025,-0.004960
2.687660,2.826673,0.019577
2.687660,8.754880,0.105096
2.687660,3.465503,-0.071773
2.687660,2.686939,-0.001577
2.687660,3.028500,0.039232
2.687660,11.746019,-0.000579
2.687660,3.025852,-0.038997
2.687660,2.686934,0.001596
2.687660,3.468076,0.071932
2.687660,8.737929,-0.105369
2.687660,2.826136,-0.019520
2.687660,2.703117,0.004974
2.687660,4.237178,0.106414
2.687660,5.841880,-0.129398
2.687660,2.745872,-0.010267
2.687660,2.772366,0.013412
2.687660,6.843929,0.127075
2.687660,3.859948,-0.092377
2.687660,2.694099,-0.003482
2.687660,2.884921,0.025622
2.687660,10.328314,0.073057
2.687660,3.258468,-0.057822
2.687660,2.688020,0.000029
2.687660,3.266392,0.058402
2.687660,10.262403,-0.074733
2.687660,2.881967,-0.025323
2.687660,2.694572,0.003559
2.687660,3.879335,0.093220
2.687660,6.777984,-0.127470
2.687660,2.770627,-0.013204
2.687660,2.748127,0.010534
2.687660,5.926746,0.129551
2.687660,4.196492,-0.105121
2.687660,2.702108,-0.004821
2.687660,2.830944,0.020032
2.687660,8.888559,0.102896
2.687660,3.445564,-0.070533
2.687660,2.686949,-0.001435
2.687660,3.048012,0.040953
2.687660,11.725103,-0.008855
2.687660,3.007439,-0.037345
2.687660,2.686869,0.001724
2.687660,3.485113,0.072973
2.687660,8.627428,-0.107116
2.687660,2.822659,-0.019150
2.687660,2.703531,0.005049
2.687660,4.255609,0.106984
2.687660,5.804844,-0.129307
2.687660,2.744861,-0.010154
2.687660,2.772339,0.013417
2.687660,6.844215,0.127073
2.687660,3.859855,-0.092374
2.687660,2.693992,-0.003494
2.687660,2.881657,0.025296
2.687660,10.255945,0.074896
2.687660,3.267157,-0.058459
2.687660,2.687781,-0.000062
2.687660,3.249915,0.057195
2.687660,10.399456,-0.071201
2.687660,2.888170,-0.025956
2.687660,2.693014,0.003330
2.687660,3.819332,0.090567
2.687660,6.988664,-0.126106
2.687660,2.776166,-0.013873
2.687660,2.740067,0.009585
2.687660,5.624425,0.128644
2.687660,4.351986,-0.109807
2.687660,2.706006,-0.005399
2.687660,2.814308,0.018248
2.687660,8.354115,0.111196
2.687660,3.529421,-0.075608
2.687660,2.687082,-0.002011
2.687660,2.971950,0.034085
2.687660,11.566355,0.025927
2.687660,3.092054,-0.044733
2.687660,2.687116,0.001131
2.687660,3.405606,0.067984
2.687660,9.169048,-0.098004
2.687660,2.840205,-0.021010
2.687660,2.700574,0.004573
2.687660,4.132691,0.102993
2.687660,6.069215,-0.129643
2.687660,2.751917,-0.010979
2.687660,2.767879,0.012872
2.687660,6.673272,0.128036
2.687660,3.911355,-0.094579
2.687660,2.695374,-0.003684
2.687660,2.877822,0.024900
2.687660,10.167137,0.077088
2.687660,3.277887,-0.059235
2.687660,2.688055,-0.000107
2.687660,3.248117,0.057060
2.687660,10.414567,-0.070800
2.687660,2.888904,-0.026025
2.687660,2.693589,0.003392
2.687660,3.838168,0.091414
2.687660,6.920421,-0.126580
2.687660,2.774395,-0.013654
2.687660,2.743444,0.009979
2.687660,5.750335,0.129146
2.687660,4.283553,-0.107829
2.687660,2.704295,-0.005145
2.687660,2.821629,0.019036
2.687660,8.593638,0.107639
2.687660,3.490427,-0.073293
2.687660,2.686987,-0.001748
2.687660,3.006121,0.037224
2.687660,11.722107,0.009466
2.687660,3.049499,-0.041082
2.687660,2.687059,0.001437
2.687660,3.447669,0.070664
2.687660,8.874297,-0.103135
2.687660,2.830503,-0.019981
2.687660,2.702686,0.004891
2.687660,4.217199,0.105785
2.687660,5.883019,-0.129481
2.687660,2.747001,-0.010393
2.687660,2.772570,0.013426
2.687660,6.849896,0.127037
2.687660,3.858235,-0.092301
2.687660,2.694197,-0.003459
2.687660,2.889560,0.026085
2.687660,10.427913,0.070444
2.687660,3.246531,-0.056940
2.687660,2.688340,0.000152
2.687660,3.288781,0.060016
2.687660,10.077442,-0.079236
2.687660,2.874067,-0.024509
2.687660,2.696868,0.003887
2.687660,3.966852,0.096846
2.687660,6.503348,-0.128785
2.687660,2.763472,-0.012330
2.687660,2.759218,0.011826
2.687660,6.342381,0.129290
2.687660,4.023921,-0.099065
2.687660,2.698173,-0.004121
2.687660,2.863134,0.023389
2.687660,9.804987,0.085396
2.687660,3.322327,-0.062384
2.687660,2.688003,-0.000433
2.687660,3.202283,0.053603
2.687660,10.793997,-0.059843
2.687660,2.908350,-0.027969
2.687660,2.691170,0.002964
2.687660,3.734790,0.086583
2.687660,7.321787,-0.123384
2.687660,2.785136,-0.014924
2.687660,2.730739,0.008460
2.687660,5.272899,0.126181
2.687660,4.578104,-0.115475
2.687660,2.712059,-0.006178
2.687660,2.803865,0.017088
2.687660,7.997391,0.116000
2.687660,3.592679,-0.079199
2.687660,2.688001,-0.002347
2.687660,2.941197,0.031176
2.687660,11.279024,0.041850
2.687660,3.139128,-0.048622
2.687660,2.687364,0.000817
2.687660,3.365514,0.065338
2.687660,9.466970,-0.092377
2.687660,2.850550,-0.022093
2.687660,2.698981,0.004309
2.687660,4.065843,0.100626
2.687660,6.232166,-0.129512
2.687660,2.756230,-0.011489
2.687660,2.764091,0.012421
2.687660,6.529722,0.128684
2.687660,3.957915,-0.096490
2.687660,2.696462,-0.003874
2.687660,2.869476,0.024047
2.687660,9.966497,0.081808
2.687660,3.302316,-0.060982
2.687660,2.687882,-0.000303
2.687660,3.218182,0.054818
2.687660,10.663350,-0.063832
2.687660,2.901225,-0.027263
2.687660,2.691628,0.003071
2.687660,3.758012,0.087707
2.687660,7.225698,-0.124237
2.687660,2.782522,-0.014621
2.687660,2.733056,0.008743
2.687660,5.360470,0.126952
2.687660,4.516227,-0.114049
2.687660,2.710374,-0.005970
2.687660,2.805629,0.017289
2.687660,8.059306,0.115209
2.687660,3.581199,-0.078562
2.687660,2.687724,-0.002299
2.687660,2.943275,0.031377
2.687660,11.303390,0.040740
2.687660,3.135610,-0.048337
2.687660,2.687235,0.000827
2.687660,3.364870,0.065296
2.687660,9.471826,-0.092281
2.687660,2.850706,-0.022113
2.687660,2.698492,0.004251
2.687660,4.048727,0.099997
2.687660,6.276334,-0.129436
2.687660,2.757361,-0.011631
2.687660,2.761917,0.012172
2.687660,6.448865,0.128980
2.687660,3.985614,-0.097591
2.687660,2.697007,-0.003998
2.687660,2.861375,0.023219
2.687660,9.760598,0.086352
2.687660,3.327862,-0.062772
2.687660,2.687509,-0.000530
2.687660,3.180821,0.051942
2.687660,10.966349,-0.054133
2.687660,2.918586,-0.028984
2.687660,2.689348,0.002674
2.687660,3.662136,0.082922
2.687660,7.647103,-0.120122
2.687660,2.793988,-0.015964
2.687660,2.720063,0.007174
2.687660,4.875955,0.121167
2.687660,4.920790,-0.121870
2.687660,2.721271,-0.007321
2.687660,2.792859,0.015833
2.687660,7.606122,0.120564
2.687660,3.670820,-0.083372
2.687660,2.689554,-0.002710
2.687660,2.916968,0.028825
2.687660,10.940429,0.055030
2.687660,3.184093,-0.052197
2.687660,2.687557,0.000512
2.687660,3.326140,0.062652
2.687660,9.774338,-0.086058
2.687660,2.861904,-0.023272
2.687660,2.697046,0.003999
2.687660,3.986400,0.097621
2.687660,6.446624,-0.128988
2.687660,2.761866,-0.012164
2.687660,2.757670,0.011666
2.687660,6.287711,0.129414
2.687660,4.044388,-0.099836
2.687660,2.698408,-0.004232
2.687660,2.852004,0.022247
2.687660,9.507862,0.091568
2.687660,3.360166,-0.064979
2.687660,2.687298,-0.000786
2.687660,3.142240,0.048874
2.687660,11.257104,-0.042825
2.687660,2.939366,-0.031001
2.687660,2.687950,0.002355
2.687660,3.592929,0.079213
2.687660,7.996036,-0.116017
2.687660,2.803814,-0.017085
2.687660,2.711761,0.006144
2.687660,4.567573,0.115238
2.687660,5.287393,-0.126316
2.687660,2.731114,-0.008508
2.687660,2.784454,0.014847
2.687660,7.297047,0.123609
2.687660,3.740683,-0.086871
2.687660,2.691258,-0.002994
2.687660,2.905635,0.027701
2.687660,10.745361,0.061358
2.687660,3.208226,-0.054059
2.687660,2.687921,0.000380
2.687660,3.313651,0.061779
2.687660,9.874657,-0.083870
2.687660,2.865832,-0.023671
2.687660,2.697333,0.004003
2.687660,3.991929,0.097836
2.687660,6.430944,-0.129038
2.687660,2.761516,-0.012108
2.687660,2.759926,0.011919
2.687660,6.370788,0.129216
2.687660,4.013491,-0.098669
2.687660,2.697831,-0.004090
2.687660,2.861878,0.023264
2.687660,9.772860,0.086089
2.687660,3.326339,-0.062664
2.687660,2.687804,-0.000485
2.687660,3.191891,0.052802
2.687660,10.878138,-0.057126
2.687660,2.913206,-0.028451
2.687660,2.690333,0.002829
2.687660,3.701214,0.084920
2.687660,7.467279,-0.121995
2.687660,2.789072,-0.015388
2.687660,2.725885,0.007877
2.687660,5.091965,0.124221
2.687660,4.720227,-0.118422
2.687660,2.715874,-0.006657
2.687660,2.798647,0.016499
2.687660,7.813980,0.118234
2.687660,3.628031,-0.081122
2.687660,2.688633,-0.002520
2.687660,2.927958,0.029899
2.687660,11.106938,0.048989
2.687660,3.162685,-0.050512
2.687660,2.687417,0.000651
2.687660,3.343280,0.063833
2.687660,9.638842,-0.088912
2.687660,2.856794,-0.022744
2.687660,2.697717,0.004115
2.687660,4.015213,0.098736
2.687660,6.366018,-0.129230
2.687660,2.759736,-0.011911
2.687660,2.759799,0.011918
2.687660,6.368365,0.129224
2.687660,4.014357,-0.098703
2.687660,2.697697,-0.004112
2.687660,2.856940,0.022760
2.687660,9.642782,0.088831
2.687660,3.342777,-0.063798
2.687660,2.687421,-0.000647
2.687660,3.163304,0.050561
2.687660,11.102239,-0.049170
2.687660,2.927627,-0.029867
2.687660,2.688657,0.002525
2.687660,3.629181,0.081183
2.687660,7.808198,-0.118301
2.687660,2.798485,-0.016480
2.687660,2.716015,0.006675
2.687660,4.725443,0.118522
2.687660,5.085806,-0.124146
2.687660,2.725720,-0.007857
2.687660,2.789212,0.015405
2.687660,7.472442,0.121944
2.687660,3.700056,-0.084862
2.687660,2.690305,-0.002825
2.687660,2.913390,0.028470
2.687660,10.881237,0.057024
2.687660,3.191505,-0.052772
2.687660,2.687797,0.000487
2.687660,3.326511,0.062676
2.687660,9.771484,-0.086119
2.687660,2.861825,-0.023258
2.687660,2.697822,0.004090
2.687660,4.013234,0.098659
2.687660,6.371493,-0.129215
2.687660,2.759944,-0.011922
2.687660,2.761459,0.012101
2.687660,6.428847,0.129045
2.687660,3.992669,-0.097865
2.687660,2.697346,-0.004006
2.687660,2.865590,0.023646
2.687660,9.868533,0.084005
2.687660,3.314410,-0.061832
2.687660,2.687908,-0.000387
2.687660,3.207072,0.053971
2.687660,10.754814,-0.061067
2.687660,2.906154,-0.027753
2.687660,2.691180,0.002981
2.687660,3.737484,0.086715
2.687660,7.310435,-0.123488
2.687660,2.784815,-0.014889
2.687660,2.730675,0.008455
2.687660,5.270996,0.126163
2.687660,4.579492,-0.115506
2.687660,2.712080,-0.006185
2.687660,2.803322,0.017029
2.687660,7.978900,0.116232
2.687660,3.596145,-0.079390
2.687660,2.688002,-0.002371
2.687660,2.937984,0.030868
2.687660,11.240120,0.043566
2.687660,3.144627,-0.049067
2.687660,2.687300,0.000769
2.687660,3.357818,0.064821
2.687660,9.525913,-0.091208
2.687660,2.852654,-0.022315
2.687660,2.698266,0.004210
2.687660,4.038764,0.099626
2.687660,6.302553,-0.129383
2.687660,2.758058,-0.011713
2.687660,2.761377,0.012106
2.687660,6.428248,0.129047
2.687660,3.992863,-0.097874
2.687660,2.697188,-0.004026
2.687660,2.860464,0.023124
2.687660,9.736649,0.086863
2.687660,3.330876,-0.062980
2.687660,2.687504,-0.000553
2.687660,3.177693,0.051697
2.687660,10.990999,-0.053267
2.687660,2.920156,-0.029138
2.687660,2.689237,0.002649
2.687660,3.656701,0.082639
2.687660,7.673063,-0.119837
2.687660,2.794710,-0.016047
2.687660,2.719422,0.007095
2.687660,4.852074,0.120777
2.687660,4.945434,-0.122240
2.687660,2.721938,-0.007401
2.687660,2.792352,0.015773
2.687660,7.587542,0.120761
2.687660,3.674800,-0.083577
2.687660,2.689665,-0.002725
2.687660,2.916749,0.028803
2.687660,10.936836,0.055153
2.687660,3.184547,-0.052232
2.687660,2.687605,0.000515
2.687660,3.327258,0.062729
2.687660,9.765447,-0.086248
2.687660,2.861571,-0.023237
2.687660,2.697270,0.004027
2.687660,3.994490,0.097937
2.687660,6.423664,-0.129062
2.687660,2.761274,-0.012090
2.687660,2.758703,0.011785
2.687660,6.326321,0.129329
2.687660,4.029856,-0.099291
2.687660,2.698098,-0.004170
2.687660,2.855428,0.022601
2.687660,9.601681,0.089675
2.687660,3.348040,-0.064157
2.687660,2.687439,-0.000683
2.687660,3.158685,0.050193
2.687660,11.137110,-0.047814
2.687660,2.930120,-0.030108
2.687660,2.688567,0.002496
2.687660,3.623485,0.080878
2.687660,7.836968,-0.117963
2.687660,2.799300,-0.016572
2.687660,2.715487,0.006608
2.687660,4.705630,0.118140
2.687660,5.109371,-0.124433
2.687660,2.726358,-0.007933
2.687660,2.788838,0.015359
2.687660,7.458413,0.122083
2.687660,3.703210,-0.085020
2.687660,2.690408,-0.002835
2.687660,2.913697,0.028499
2.687660,10.886283,0.056857
2.687660,3.190881,-0.052723
2.687660,2.687860,0.000499
2.687660,3.329200,0.062862
2.687660,9.750116,-0.086576
2.687660,2.861018,-0.023173
2.687660,2.698201,0.004140
2.687660,4.027229,0.099191
2.687660,6.333435,-0.129312
2.687660,2.758961,-0.011800
2.687660,2.763108,0.012291
2.687660,6.490381,0.128834
2.687660,3.971272,-0.097023
2.687660,2.696915,-0.003912
2.687660,2.871505,0.024250
2.687660,10.015713,0.080678
2.687660,3.296301,-0.060553
2.687660,2.688177,-0.000225
2.687660,3.233753,0.055989
2.687660,10.534282,-0.067539
2.687660,2.894679,-0.026604
2.687660,2.693090,0.003291
2.687660,3.814858,0.090362
2.687660,7.005244,-0.125986
2.687660,2.776664,-0.013920
2.687660,2.741158,0.009704
2.687660,5.663752,0.128820
2.687660,4.330005,-0.109185
2.687660,2.705511,-0.005311
2.687660,2.818320,0.018677
2.687660,8.485653,0.109275
2.687660,3.507704,-0.074328
2.687660,2.687109,-0.001855
2.687660,2.993505,0.036075
2.687660,11.682699,0.015389
2.687660,3.064217,-0.042358
2.687660,2.687183,0.001343
2.687660,3.436526,0.069963
2.687660,8.950623,-0.101846
2.687660,2.832990,-0.020242
2.687660,2.702618,0.004865
2.687660,4.212009,0.105619
2.687660,5.893892,-0.129500
2.687660,2.747321,-0.010423
2.687660,2.773276,0.013501
2.687660,6.875040,0.126877
2.687660,3.851024,-0.091983
2.687660,2.694148,-0.003415
2.687660,2.894640,0.026592
2.687660,10.532651,0.067584
2.687660,3.233973,-0.056002
2.687660,2.688623,0.000276
2.687660,3.310652,0.061563
2.687660,9.899192,-0.083324
2.687660,2.866879,-0.023763
2.687660,2.699226,0.004216
2.687660,4.056141,0.100267
2.687660,6.257229,-0.129469
2.687660,2.757100,-0.011545
2.687660,2.769489,0.013010
2.687660,6.725281,0.127763
2.687660,3.895326,-0.093898
2.687660,2.695671,-0.003540
2.687660,2.901781,0.027287
2.687660,10.670753,0.063610
2.687660,3.217379,-0.054743
2.687660,2.689720,0.000525
2.687660,3.363370,0.065176
2.687660,9.484408,-0.092030
2.687660,2.851485,-0.022128
2.687660,2.707004,0.005236
2.687660,4.344629,0.109591
2.687660,5.637787,-0.128700
2.687660,2.741144,-0.009547
2.687660,2.797276,0.016158
2.687660,7.735131,0.119136
2.687660,3.644180,-0.081953
2.687660,2.692514,-0.002179
2.687660,3.035738,0.039831
2.687660,11.742502,-0.003592
2.687660,3.019304,-0.038367
2.687660,2.692723,0.002324
2.687660,3.668630,0.083233
2.687660,7.617613,-0.120434
2.687660,2.793970,-0.015787
2.687660,2.743138,0.009797
2.687660,5.714838,0.129018
2.687660,4.302438,-0.108379
2.687660,2.705874,-0.005088
2.687660,2.853722,0.022367
2.687660,9.547195,0.090777
2.687660,3.355192,-0.064625
2.687660,2.689596,-0.000481
2.687660,3.221437,0.055051
2.687660,10.637143,-0.064600
2.687660,2.900013,-0.027113
2.687660,2.695642,0.003550
2.687660,3.896263,0.093938
2.687660,6.722200,-0.127779
2.687660,2.769390,-0.013003
2.687660,2.756689,0.011500
2.687660,6.242327,0.129495
2.687660,4.061922,-0.100479
2.687660,2.699322,-0.004244
2.687660,2.864675,0.023537
2.687660,9.843314,0.084559
2.687660,3.317576,-0.062049
2.687660,2.688487,-0.000342
2.687660,3.222697,0.055155
2.687660,10.626245,-0.064919
2.687660,2.899348,-0.027066
2.687660,2.693213,0.003271
2.687660,3.813976,0.090321
2.687660,7.008565,-0.125962
2.687660,2.776798,-0.013925
2.687660,2.742327,0.009835
2.687660,5.706422,0.128991
2.687660,4.306794,-0.108514
2.687660,2.704975,-0.005220
2.687660,2.822153,0.019086
2.687660,8.609607,0.107392
2.687660,3.487925,-0.073141
2.687660,2.687151,-0.001711
2.687660,3.013753,0.037912
2.687660,11.736530,0.005978
2.687660,3.041119,-0.040346
2.687660,2.687190,0.001514
2.687660,3.460688,0.071474
2.687660,8.786885,-0.104577
2.687660,2.827730,-0.019681
2.687660,2.703912,0.005055
2.687660,4.263206,0.107215
2.687660,5.789885,-0.129265
2.687660,2.744569,-0.010095
2.687660,2.775753,0.013794
2.687660,6.968058,0.126251
2.687660,3.824997,-0.090820
2.687660,2.693572,-0.003304
2.687660,2.900495,0.027176
2.687660,10.647960,0.064284
2.687660,3.220085,-0.054956
2.687660,2.688709,0.000387
2.687660,3.327480,0.062736
2.687660,9.764184,-0.086274
2.687660,2.861657,-0.023219
2.687660,2.700744,0.004432
2.687660,4.114563,0.102361
2.687660,6.112125,-0.129630
2.687660,2.753337,-0.011082
2.687660,2.775203,0.013667
2.687660,6.937090,0.126464
2.687660,3.833625,-0.091202
2.687660,2.694619,-0.003241
2.687660,2.925398,0.029605
2.687660,11.066540,0.050516
2.687660,3.168124,-0.050919
2.687660,2.690555,0.000980
2.687660,3.441085,0.070224
2.687660,8.920737,-0.102349
2.687660,2.832555,-0.020086
2.687660,2.717136,0.006548
2.687660,4.725533,0.118515
2.687660,5.085981,-0.124140
2.687660,2.726697,-0.007748
2.687660,2.818490,0.018533
2.687660,8.465872,0.109562
2.687660,3.511210,-0.074503
2.687660,2.691335,-0.001385
2.687660,3.125184,0.047454
2.687660,11.374546,-0.037304
2.687660,2.950052,-0.031973
2.687660,2.694002,0.002986
2.687660,3.785973,0.089016
2.687660,7.115329,-0.125145
2.687660,2.780076,-0.014217
2.687660,2.751113,0.010797
2.687660,6.024476,0.129633
2.687660,4.152253,-0.103653
2.687660,2.701828,-0.004559
2.687660,2.861615,0.023206
2.687660,9.762012,0.086320
2.687660,3.327772,-0.062753
2.687660,2.689047,-0.000349
2.687660,3.230775,0.055759
2.687660,10.559425,-0.066832
2.687660,2.896009,-0.026721
2.687660,2.694953,0.003499
2.687660,3.877041,0.093117
2.687660,6.785828,-0.127423
2.687660,2.770984,-0.013213
2.687660,2.752154,0.010982
2.687660,6.074045,0.129642
2.687660,4.130648,-0.102921
2.687660,2.700755,-0.004538
2.687660,2.847625,0.021778
2.687660,9.383000,0.094010
2.687660,3.376621,-0.066077
2.687660,2.687658,-0.000861
2.687660,3.137743,0.048507
2.687660,11.288772,-0.041409
2.687660,2.942045,-0.031253
2.687660,2.688461,0.002395
2.687660,3.607261,0.079997
2.687660,7.920493,-0.116956
2.687660,2.801712,-0.016835
2.687660,2.714875,0.006519
2.687660,4.680948,0.117651
2.687660,5.139397,-0.124785
2.687660,2.727207,-0.008025
2.687660,2.789479,0.015422
2.687660,7.479966,0.121868
2.687660,3.698392,-0.084776
2.687660,2.690502,-0.002790
2.687660,2.921138,0.029223
2.687660,11.005320,0.052756
2.687660,3.175900,-0.051550
2.687660,2.688194,0.000647
2.687660,3.355356,0.064648
2.687660,9.545295,-0.090818
2.687660,2.853471,-0.022377
2.687660,2.701137,0.004539
2.687660,4.137381,0.103150
2.687660,6.058457,-0.129641
2.687660,2.751848,-0.010921
2.687660,2.774460,0.013597
2.687660,6.912131,0.126633
2.687660,3.840575,-0.091514
2.687660,2.694523,-0.003300
2.687660,2.915989,0.028691
2.687660,10.921253,0.055680
2.687660,3.186620,-0.052375
2.687660,2.690008,0.000782
2.687660,3.404121,0.067865
2.687660,9.181082,-0.097782
2.687660,2.841033,-0.021011
2.687660,2.711641,0.005851
2.687660,4.520158,0.114133
2.687660,5.355031,-0.126901
2.687660,2.733750,-0.008632
2.687660,2.807731,0.017336
2.687660,8.101548,0.114651
2.687660,3.573805,-0.078115
2.687660,2.691832,-0.001767
2.687660,3.080962,0.043757
2.687660,11.619432,-0.021747
2.687660,2.980634,-0.034844
2.687660,2.693163,0.002661
2.687660,3.724657,0.086069
2.687660,7.365666,-0.122973
2.687660,2.786929,-0.014999
2.687660,2.746400,0.010216
2.687660,5.843069,0.129396
2.687660,4.236719,-0.106393
2.687660,2.704021,-0.004867
2.687660,2.854510,0.022462
2.687660,9.570634,0.090305
2.687660,3.352135,-0.064422
2.687660,2.689122,-0.000515
2.687660,3.209107,0.054117
2.687660,10.738627,-0.061563
2.687660,2.905371,-0.027655
2.687660,2.693889,0.003305
2.687660,3.830488,0.091066
2.687660,6.948183,-0.126389
2.687660,2.775286,-0.013725
2.687660,2.746940,0.010365
2.687660,5.877399,0.129470
2.687660,4.219922,-0.105870
2.687660,2.702920,-0.004883
2.687660,2.835327,0.020484
2.687660,9.021112,0.100631
2.687660,3.426407,-0.069319
2.687660,2.687396,-0.001247
2.687660,3.080835,0.043780
2.687660,11.619191,-0.021779
2.687660,2.980320,-0.034860
2.687660,2.687406,0.001987
2.687660,3.531435,0.075723
2.687660,8.342291,-0.111364
2.687660,2.814012,-0.018203
2.687660,2.707742,0.005602
2.687660,4.413483,0.111475
2.687660,5.519767,-0.128081
2.687660,2.737364,-0.009244
2.687660,2.780842,0.014405
2.687660,7.160162,0.124787
2.687660,3.774397,-0.088484
2.687660,2.692283,-0.003107
2.687660,2.906646,0.027793
2.687660,10.762854,0.060817
2.687660,3.206117,-0.053894
2.687660,2.688445,0.000457
2.687660,3.332933,0.063115
2.687660,9.720770,-0.087198
2.687660,2.859980,-0.023051
2.687660,2.700317,0.004395
2.687660,4.101612,0.101907
2.687660,6.143270,-0.129612
2.687660,2.754103,-0.011186
2.687660,2.772764,0.013394
2.687660,6.847916,0.127048
2.687660,3.858878,-0.092324
2.687660,2.694949,-0.003376
2.687660,2.912550,0.028352
2.687660,10.863883,0.057593
2.687660,3.193769,-0.052930
2.687660,2.690027,0.000732
2.687660,3.397462,0.067431
2.687660,9.229541,-0.096895
2.687660,2.842671,-0.021185
2.687660,2.711124,0.005779
2.687660,4.499965,0.113650
2.687660,5.384786,-0.127140
2.687660,2.734544,-0.008727
2.687660,2.807034,0.017255
2.687660,8.077096,0.114970
2.687660,3.578254,-0.078364
2.687660,2.691925,-0.001787
2.687660,3.079661,0.043645
2.687660,11.625074,-0.021256
2.687660,2.981638,-0.034936
2.687660,2.693243,0.002663
2.687660,3.726291,0.086149
2.687660,7.358684,-0.123038
2.687660,2.786752,-0.014976
2.687660,2.746985,0.010284
2.687660,5.864769,0.129442
2.687660,4.226123,-0.106060
2.687660,2.703786,-0.004824
2.687660,2.856601,0.022678
2.687660,9.627422,0.089145
2.687660,3.344845,-0.063925
2.687660,2.689230,-0.000450
2.687660,3.219795,0.054930
2.687660,10.650582,-0.064206
2.687660,2.900679,-0.027186
2.687660,2.694723,0.003438
2.687660,3.864071,0.092554
2.687660,6.829911,-0.127160
2.687660,2.772172,-0.013349
2.687660,2.751387,0.010887
2.687660,6.044418,0.129640
2.687660,4.143449,-0.103359
2.687660,2.701098,-0.004584
2.687660,2.846832,0.021693
2.687660,9.360141,0.094447
2.687660,3.379670,-0.066279
2.687660,2.687696,-0.000879
2.687660,3.135990,0.048365
2.687660,11.300914,-0.040854
2.687660,2.943092,-0.031353
2.687660,2.688488,0.002391
2.687660,3.607058,0.079986
2.687660,7.921565,-0.116943
2.687660,2.801749,-0.016838
2.687660,2.715040,0.006538
2.687660,4.686790,0.117768
2.687660,5.132229,-0.124702
2.687660,2.727022,-0.008001
2.687660,2.789840,0.015463
2.687660,7.492939,0.121738
2.687660,3.695503,-0.084630
2.687660,2.690464,-0.002775
2.687660,2.922631,0.029369
2.687660,11.028060,0.051936
2.687660,3.172988,-0.051321
2.687660,2.688229,0.000672
2.687660,3.359474,0.064925
2.687660,9.513596,-0.091452
2.687660,2.852333,-0.022257
2.687660,2.701556,0.004596
2.687660,4.153240,0.103688
2.687660,6.022152,-0.129633
2.687660,2.750908,-0.010805
2.687660,2.775897,0.013762
2.687660,6.965214,0.126270
2.687660,3.825841,-0.090853
2.687660,2.694281,-0.003227
2.687660,2.921976,0.029276
2.687660,11.015722,0.052380
2.687660,3.174667,-0.051438
2.687660,2.690201,0.000891
2.687660,3.422691,0.069060
2.687660,9.048476,-0.100149
2.687660,2.836655,-0.020537
2.687660,2.714041,0.006161
2.687660,4.610427,0.116175
2.687660,5.229677,-0.125752
2.687660,2.730458,-0.008223
2.687660,2.812371,0.017855
2.687660,8.260596,0.112505
2.687660,3.545670,-0.076515
2.687660,2.691566,-0.001600
2.687660,3.099403,0.045316
2.687660,11.529015,-0.028489
2.687660,2.967131,-0.033586
2.687660,2.693390,0.002788
2.687660,3.746834,0.087153
2.687660,7.272203,-0.123826
2.687660,2.784344,-0.014709
2.687660,2.747675,0.010379
2.687660,5.893041,0.129495
2.687660,4.212510,-0.105630
2.687660,2.703345,-0.004784
2.687660,2.855028,0.022520
2.687660,9.585394,0.090005
2.687660,3.350223,-0.064294
2.687660,2.688966,-0.000519
2.687660,3.205935,0.053876
2.687660,10.764557,-0.060763
2.687660,2.906786,-0.027798
2.687660,2.693387,0.003236
2.687660,3.811825,0.090221
2.687660,7.016637,-0.125902
2.687660,2.777082,-0.013944
2.687660,2.744049,0.010027
2.687660,5.769154,0.129204
2.687660,4.273824,-0.107536
2.687660,2.704233,-0.005088
2.687660,2.828286,0.019737
2.687660,8.803861,0.104299
2.687660,3.458147,-0.071315
2.687660,2.687291,-0.001484
2.687660,3.046812,0.040845
2.687660,11.727411,-0.008353
2.687660,3.008549,-0.037442
2.687660,2.687250,0.001761
2.687660,3.496661,0.073667
2.687660,8.554416,-0.108239
2.687660,2.820461,-0.018901
2.687660,2.705799,0.005328
2.687660,4.337652,0.109402
2.687660,5.649984,-0.128760
2.687660,2.740846,-0.009655
2.687660,2.778559,0.014129
2.687660,7.073821,0.125473
2.687660,3.796638,-0.089523
2.687660,2.692882,-0.003190
2.687660,2.904934,0.027620
2.687660,10.731394,0.061785
2.687660,3.209963,-0.054186
2.687660,2.688635,0.000451
2.687660,3.335300,0.063276
2.687660,9.702144,-0.087591
2.687660,2.859303,-0.022976
2.687660,2.701103,0.004491
2.687660,4.129672,0.102885
2.687660,6.076433,-0.129640
2.687660,2.752395,-0.010970
2.687660,2.776121,0.013775
2.687660,6.971421,0.126225
2.687660,3.824157,-0.090775
2.687660,2.694431,-0.003198
2.687660,2.928235,0.029881
2.687660,11.107400,0.048967
2.687660,3.162775,-0.050494
2.687660,2.690597,0.001024
2.687660,3.447974,0.070655
2.687660,8.873775,-0.103138
2.687660,2.831055,-0.019923
2.687660,2.717927,0.006650
2.687660,4.755565,0.119079
2.687660,5.051125,-0.123698
2.687660,2.725769,-0.007634
2.687660,2.819578,0.018655
2.687660,8.502232,0.109021
2.687660,3.505302,-0.074152
2.687660,2.691243,-0.001354
2.687660,3.127934,0.047680
2.687660,11.356456,-0.038205
2.687660,2.948334,-0.031810
2.687660,2.693969,0.002995
2.687660,3.786691,0.089050
2.687660,7.112524,-0.125168
2.687660,2.779987,-0.014210
2.687660,2.750793,0.010761
2.687660,6.012825,0.129627
2.687660,4.157402,-0.103826
2.687660,2.701924,-0.004582
2.687660,2.860012,0.023042
2.687660,9.719966,0.087215
2.687660,3.333064,-0.063120
2.687660,2.688946,-0.000399
2.687660,3.222252,0.055118
2.687660,10.630120,-0.064805
2.687660,2.899591,-0.027082
2.687660,2.694226,0.003387
2.687660,3.848279,0.091860
2.687660,6.884722,-0.126815
2.687660,2.773579,-0.013527
2.687660,2.748336,0.010535
2.687660,5.930715,0.129555
2.687660,4.194666,-0.105061
2.687660,2.702263,-0.004791
2.687660,2.837374,0.020703
2.687660,9.083260,0.099541
2.687660,3.417597,-0.068756
2.687660,2.687363,-0.001188
2.687660,3.088333,0.044417
2.687660,11.584719,-0.024564
2.687660,2.974692,-0.034338
2.687660,2.687398,0.002028
2.687660,3.537081,0.076052
2.687660,8.308967,-0.111836
2.687660,2.813005,-0.018095
2.687660,2.707847,0.005622
2.687660,4.418327,0.111602
2.687660,5.511828,-0.128032
2.687660,2.737137,-0.009220
2.687660,2.780575,0.014378
2.687660,7.150874,0.124863
2.687660,3.776745,-0.088595
2.687660,2.692274,-0.003124
2.687660,2.904220,0.027554
2.687660,10.718761,0.062171
2.687660,3.211484,-0.054305
2.687660,2.688321,0.000403
2.687660,3.323453,0.062460
2.687660,9.796133,-0.085587
2.687660,2.862832,-0.023350
2.687660,2.699237,0.004248
2.687660,4.061026,0.100447
2.687660,6.244607,-0.129491
2.687660,2.756722,-0.011510
2.687660,2.768509,0.012905
2.687660,6.690138,0.127949
2.687660,3.906144,-0.094356
2.687660,2.695770,-0.003603
2.687660,2.894990,0.026614
2.687660,10.538388,0.067422
2.687660,3.233320,-0.055948
2.687660,2.689331,0.000364
2.687660,3.334493,0.063215
2.687660,9.708833,-0.087449
2.687660,2.859641,-0.022993
2.687660,2.703266,0.004741
2.687660,4.204565,0.105374
2.687660,5.909823,-0.129522
2.687660,2.748178,-0.010425
2.687660,2.785679,0.014850
2.687660,7.319080,0.123404
2.687660,3.735623,-0.086606
2.687660,2.693419,-0.002707
2.687660,2.978496,0.034644
2.687660,11.606830,0.022805
2.687660,3.083799,-0.043997
2.687660,2.691962,0.001761
2.687660,3.575162,0.078190
2.687660,8.094114,-0.114748
2.687660,2.807540,-0.017309
2.687660,2.734572,0.008727
2.687660,5.385181,0.127143
2.687660,4.499705,-0.113643
2.687660,2.711141,-0.005775
2.687660,2.843439,0.021265
2.687660,9.251827,0.096482
2.687660,3.394424,-0.067232
2.687660,2.690103,-0.000702
2.687660,3.199228,0.053351
2.687660,10.819713,-0.059023
2.687660,2.909993,-0.028097
2.687660,2.695417,0.003449
2.687660,3.877657,0.093140
2.687660,6.783903,-0.127433
2.687660,2.771087,-0.013190
2.687660,2.756642,0.011481
2.687660,6.238426,0.129501
2.687660,4.063459,-0.100534
2.687660,2.699482,-0.004235
2.687660,2.868279,0.023903
2.687660,9.933940,0.082544
2.687660,3.306374,-0.061261
2.687660,2.688815,-0.000223
2.687660,3.244491,0.056785
2.687660,10.445122,-0.069982
2.687660,2.890421,-0.026163
2.687660,2.695235,0.003574
2.687660,3.892815,0.093794
2.687660,6.733384,-0.127720
2.687660,2.769570,-0.013050
2.687660,2.753023,0.011089
2.687660,6.107674,0.129634
2.687660,4.116379,-0.102427
2.687660,2.700369,-0.004488
2.687660,2.848382,0.021859
2.687660,9.404793,0.093589
2.687660,3.373725,-0.065885
2.687660,2.687604,-0.000847
2.687660,3.138844,0.048597
2.687660,11.281089,-0.041757
2.687660,2.941388,-0.031191
2.687660,2.688395,0.002392
2.687660,3.605723,0.079914
2.687660,7.928511,-0.116857
2.687660,2.801931,-0.016862
2.687660,2.714467,0.006470
2.687660,4.666124,0.117352
2.687660,5.157782,-0.124994
2.687660,2.727692,-0.008085
2.687660,2.788816,0.015347
2.687660,7.455967,0.122107
2.687660,3.703775,-0.085047
2.687660,2.690593,-0.002817
2.687660,2.918989,0.029014
2.687660,10.971886,0.053939
2.687660,3.180152,-0.051884
2.687660,2.688160,0.000612
2.687660,3.349908,0.064279
2.687660,9.587480,-0.089964
2.687660,2.855000,-0.022538
2.687660,2.700628,0.004468
2.687660,4.117968,0.102481
2.687660,6.103959,-0.129634
2.687660,2.753029,-0.011066
2.687660,2.772700,0.013395
2.687660,6.846960,0.127054
2.687660,3.859143,-0.092336
2.687660,2.694839,-0.003390
2.687660,2.908864,0.027991
2.687660,10.800401,0.059638
2.687660,3.201585,-0.053535
2.687660,2.689763,0.000644
2.687660,3.380826,0.066340
2.687660,9.352424,-0.094592
2.687660,2.846849,-0.021637
2.687660,2.708679,0.005465
2.687660,4.408836,0.111344
2.687660,5.527699,-0.128123
2.687660,2.738261,-0.009193
2.687660,2.801073,0.016589
2.687660,7.869653,0.117565
2.687660,3.617364,-0.080518
2.687660,2.692215,-0.002027
2.687660,3.051646,0.041229
2.687660,11.717835,-0.010248
2.687660,3.004688,-0.037050
2.687660,2.692808,0.002442
2.687660,3.687024,0.084180
2.687660,7.532282,-0.121332
2.687660,2.791563,-0.015520
2.687660,2.743954,0.009907
2.687660,5.747693,0.129132
2.687660,4.285077,-0.107866
2.687660,2.705350,-0.005034
2.687660,2.852855,0.022282
2.687660,9.523985,0.091243
2.687660,3.358190,-0.064830
2.687660,2.689367,-0.000529
2.687660,3.211076,0.054266
2.687660,10.722557,-0.062054
2.687660,2.904518,-0.027566
2.687660,2.694528,0.003386
2.687660,3.853237,0.092078
2.687660,6.867415,-0.126925
2.687660,2.773183,-0.013466
2.687660,2.750676,0.010800
2.687660,6.017057,0.129631
2.687660,4.155467,-0.103765
2.687660,2.701414,-0.004628
2.687660,2.845915,0.021596
2.687660,9.333669,0.094951
2.687660,3.383215,-0.066514
2.687660,2.687717,-0.000901
2.687660,3.133207,0.048138
2.687660,11.319983,-0.039966
2.687660,2.944767,-0.031513
2.687660,2.688467,0.002376
2.687660,3.604575,0.079850
2.687660,7.934552,-0.116783
2.687660,2.802124,-0.016879
2.687660,2.714906,0.006520
2.687660,4.681566,0.117663
2.687660,5.138641,-0.124776
2.687660,2.727199,-0.008021
2.687660,2.789854,0.015463
2.687660,7.493196,0.121735
2.687660,3.695447,-0.084627
2.687660,2.690488,-0.002771
2.687660,2.923449,0.029448
2.687660,11.040307,0.051489
2.687660,3.171413,-0.051196
2.687660,2.688272,0.000688
2.687660,3.362476,0.065127
2.687660,9.490597,-0.091909
2.687660,2.851514,-0.022170
2.687660,2.701922,0.004645
2.687660,4.166893,0.104145
2.687660,5.991504,-0.129615
2.687660,2.750115,-0.010707
2.687660,2.777174,0.013907
2.687660,7.012262,0.125933
2.687660,3.813062,-0.090272
2.687660,2.694082,-0.003163
2.687660,2.927514,0.029814
2.687660,11.097384,0.049351
2.687660,3.164083,-0.050600
2.687660,2.690372,0.000988
2.687660,3.439179,0.070105
2.687660,8.933744,-0.102129
2.687660,2.832945,-0.020134
2.687660,2.716195,0.006437
2.687660,4.691482,0.117853
2.687660,5.126758,-0.124631
2.687660,2.727743,-0.007886
2.687660,2.816081,0.018270
2.687660,8.386099,0.110729
2.687660,3.524363,-0.075278
2.687660,2.691342,-0.001477
2.687660,3.112703,0.046425
2.687660,11.452889,-0.033125
2.687660,2.958068,-0.032735
2.687660,2.693532,0.002872
2.687660,3.761356,0.087853
2.687660,7.212805,-0.124343
2.687660,2.782701,-0.014525
2.687660,2.748316,0.010463
2.687660,5.918607,0.129536
2.687660,4.200406,-0.105242
2.687660,2.702985,-0.004746
2.687660,2.854625,0.022482
2.687660,9.574832,0.090220
2.687660,3.351576,-0.064387
2.687660,2.688826,-0.000545
2.687660,3.200085,0.053427
2.687660,10.812230,-0.059263
2.687660,2.909455,-0.028065
2.687660,2.692798,0.003147
2.687660,3.788900,0.089163
2.687660,7.103553,-0.125242
2.687660,2.779381,-0.014220
2.687660,2.740703,0.009632
2.687660,5.643742,0.128732
2.687660,4.341142,-0.109500
2.687660,2.705927,-0.005337
2.687660,2.821357,0.018995
2.687660,8.583001,0.107802
2.687660,3.492128,-0.073393
2.687660,2.687315,-0.001721
2.687660,3.014953,0.038019
2.687660,11.738175,0.005438
2.687660,3.039847,-0.040233
2.687660,2.687340,0.001541
2.687660,3.467012,0.071863
2.687660,8.745107,-0.105253
2.687660,2.826431,-0.019537
2.687660,2.704898,0.005179
2.687660,4.299229,0.108292
2.687660,5.720618,-0.129043
2.687660,2.742772,-0.009872
2.687660,2.778486,0.014107
2.687660,7.068767,0.125511
2.687660,3.797983,-0.089584
2.687660,2.693117,-0.003172
2.687660,2.911069,0.028221
2.687660,10.839940,0.058374
2.687660,3.196683,-0.053163
2.687660,2.689060,0.000598
2.687660,3.362699,0.065136
2.687660,9.489244,-0.091935
2.687660,2.851570,-0.022154
2.687660,2.704665,0.004964
2.687660,4.262539,0.107188
2.687660,5.791410,-0.129266
2.687660,2.745038,-0.010053
2.687660,2.788347,0.015164
2.687660,7.417597,0.122478
2.687660,3.712668,-0.085474
2.687660,2.692962,-0.002602
2.687660,2.985511,0.035296
2.687660,11.645667,0.019359
2.687660,3.074661,-0.043219
2.687660,2.691820,0.001811
2.687660,3.579989,0.078462
2.687660,8.067557,-0.115095
2.687660,2.806733,-0.017227
2.687660,2.734040,0.008672
2.687660,5.366789,0.126997
2.687660,4.512119,-0.113942
2.687660,2.711401,-0.005826
2.687660,2.840643,0.020973
2.687660,9.169914,0.097985
2.687660,3.405659,-0.067966
2.687660,2.689911,-0.000804
2.687660,3.181983,0.052014
2.687660,10.958083,-0.054417
2.687660,2.918261,-0.028916
2.687660,2.694091,0.003233
2.687660,3.823384,0.090743
2.687660,6.974135,-0.126207
2.687660,2.776091,-0.013794
2.687660,2.749389,0.010634
2.687660,5.966222,0.129595
2.687660,4.178325,-0.104525
2.687660,2.702085,-0.004703
2.687660,2.846383,0.021639
2.687660,9.346304,0.094711
2.687660,3.381534,-0.066401
2.687660,2.687933,-0.000864
2.687660,3.141803,0.048834
2.687660,11.260407,-0.042679
2.687660,2.939684,-0.031024
2.687660,2.689010,0.002477
2.687660,3.628226,0.081129
2.687660,7.813147,-0.118243
2.687660,2.798710,-0.016487
2.687660,2.718271,0.006932
2.687660,4.806006,0.119993
2.687660,4.994572,-0.122945
2.687660,2.723346,-0.007552
2.687660,2.793720,0.015910
2.687660,7.633624,0.120267
2.687660,3.665012,-0.083068
2.687660,2.689838,-0.002636
2.687660,2.931360,0.030218
2.687660,11.153286,0.047170
2.687660,3.156556,-0.050018
2.687660,2.688183,0.000786
2.687660,3.374685,0.065944
2.687660,9.397813,-0.093723
2.687660,2.848216,-0.021825
2.687660,2.702499,0.004737
2.687660,4.190676,0.104928
2.687660,5.939395,-0.129565
2.687660,2.748737,-0.010543
2.687660,2.778416,0.014054
2.687660,7.058685,0.125587
2.687660,3.800696,-0.089704
2.687660,2.693827,-0.003108
2.687660,2.930898,0.030142
2.687660,11.144708,0.047509
2.687660,3.157811,-0.050101
2.687660,2.690392,0.001036
2.687660,3.446296,0.070552
2.687660,8.885082,-0.102949
2.687660,2.831384,-0.019965
2.687660,2.716901,0.006529
2.687660,4.718501,0.118380
2.687660,5.094279,-0.124242
2.687660,2.726874,-0.007780
2.687660,2.816926,0.018366
2.687660,8.414765,0.110313
2.687660,3.519597,-0.074999
2.687660,2.691241,-0.001455
2.687660,3.114087,0.046541
2.687660,11.444487,-0.033598
2.687660,2.957148,-0.032649
2.687660,2.693432,0.002867
2.687660,3.758979,0.087739
2.687660,7.222404,-0.124261
2.687660,2.782945,-0.014557
2.687660,2.747602,0.010382
2.687660,5.892120,0.129494
2.687660,4.212937,-0.105644
2.687660,2.703263,-0.004797
2.687660,2.852128,0.022223
2.687660,9.506145,0.091600
2.687660,3.360472,-0.064989
2.687660,2.688705,-0.000623
2.687660,3.187374,0.052444
2.687660,10.914720,-0.055903
2.687660,2.915483,-0.028661
2.687660,2.691960,0.003004
2.687660,3.753915,0.087507
2.687660,7.242533,-0.124090
2.687660,2.783097,-0.014662
2.687660,2.735974,0.009070
2.687660,5.466215,0.127739
2.687660,4.446728,-0.112336
2.687660,2.708671,-0.005713
2.687660,2.813614,0.018154
2.687660,8.328069,0.111566
2.687660,3.533850,-0.075863
2.687660,2.687571,-0.001985
2.687660,2.983262,0.035130
2.687660,11.635372,0.020341
2.687660,3.077033,-0.043455
2.687660,2.687536,0.001291
2.687660,3.434964,0.069861
2.687660,8.961578,-0.101658
2.687660,2.833402,-0.020275
2.687660,2.704003,0.005023
2.687660,4.259948,0.107114
2.687660,5.796353,-0.129282
2.687660,2.744837,-0.010105
2.687660,2.778439,0.014086
2.687660,7.064462,0.125544
2.687660,3.799135,-0.089635
2.687660,2.693365,-0.003151
2.687660,2.917810,0.028877
2.687660,10.951392,0.054650
2.687660,3.182808,-0.052081
2.687660,2.689520,0.000752
2.687660,3.391929,0.067073
2.687660,9.269908,-0.096147
2.687660,2.843973,-0.021339
2.687660,2.708735,0.005493
2.687660,4.414105,0.111484
2.687660,5.519003,-0.128071
2.687660,2.737980,-0.009171
2.687660,2.799783,0.016452
2.687660,7.825659,0.118089
2.687660,3.625987,-0.080984
2.687660,2.692116,-0.002098
2.687660,3.040340,0.040239
2.687660,11.737705,-0.005554
2.687660,3.014924,-0.037977
2.687660,2.692418,0.002321
2.687660,3.663010,0.082943
2.687660,7.644104,-0.120148
2.687660,2.794651,-0.015877
2.687660,2.740952,0.009545
2.687660,5.633996,0.128684
2.687660,4.346738,-0.109651
2.687660,2.706906,-0.005261
2.687660,2.846615,0.021626
2.687660,9.347685,0.094683
2.687660,3.381429,-0.066384
2.687660,2.689261,-0.000708
2.687660,3.184760,0.052236
2.687660,10.935787,-0.055186
2.687660,2.916820,-0.028784
2.687660,2.692948,0.003109
2.687660,3.786024,0.089027
2.687660,7.114762,-0.125152
2.687660,2.779745,-0.014249
2.687660,2.742174,0.009795
2.687660,5.697149,0.128955
2.687660,4.311808,-0.108659
2.687660,2.705262,-0.005220
2.687660,2.826591,0.019551
2.687660,8.749695,0.105179
2.687660,3.466321,-0.071820
2.687660,2.687428,-0.001526
2.687660,3.043339,0.040539
2.687660,11.733326,-0.006904
2.687660,3.011724,-0.037727
2.687660,2.687406,0.001756
2.687660,3.498511,0.073776
2.687660,8.542885,-0.108414
2.687660,2.820133,-0.018860
2.687660,2.706622,0.005427
2.687660,4.366991,0.110221
2.687660,5.598240,-0.128515
2.687660,2.739510,-0.009486
2.687660,2.780868,0.014392
2.687660,7.158355,0.124801
2.687660,3.774876,-0.088505
2.687660,2.692544,-0.003080
2.687660,2.914439,0.028555
2.687660,10.897142,0.056493
2.687660,3.189582,-0.052614
2.687660,2.688946,0.000636
2.687660,3.366169,0.065370
2.687660,9.462695,-0.092459
2.687660,2.850609,-0.022056
2.687660,2.704548,0.004957
2.687660,4.259514,0.107097
2.687660,5.797364,-0.129283
2.687660,2.745172,-0.010074
2.687660,2.787498,0.015071
2.687660,7.387398,0.122767
2.687660,3.719603,-0.085819
2.687660,2.692991,-0.002646
2.687660,2.979931,0.034780
2.687660,11.615433,0.022089
2.687660,3.081866,-0.043835
2.687660,2.691679,0.001742
2.687660,3.567753,0.077775
2.687660,8.135092,-0.114209
2.687660,2.808684,-0.017447
2.687660,2.732519,0.008485
2.687660,5.309036,0.126506
2.687660,4.552272,-0.114882
2.687660,2.712460,-0.005965
2.687660,2.838389,0.020730
2.687660,9.102068,0.099203
2.687660,3.415116,-0.068576
2.687660,2.689971,-0.000864
2.687660,3.174676,0.051440
2.687660,11.015560,-0.052386
2.687660,2.921947,-0.029276
2.687660,2.693845,0.003176
2.687660,3.811003,0.090179
2.687660,7.019863,-0.125877
2.687660,2.777317,-0.013938
2.687660,2.748166,0.010487
2.687660,5.919833,0.129539
2.687660,4.199784,-0.105224
2.687660,2.702618,-0.004784
2.687660,2.843831,0.021371
2.687660,9.272520,0.096101
2.687660,3.391476,-0.067056
2.687660,2.687892,-0.000940
2.687660,3.130747,0.047936
2.687660,11.336675,-0.039172
2.687660,2.946279,-0.031655
2.687660,2.688700,0.002392
2.687660,3.610795,0.080189
2.687660,7.902191,-0.117179
2.687660,2.801230,-0.016773
2.687660,2.716347,0.006692
2.687660,4.734105,0.118686
2.687660,5.075673,-0.124019
2.687660,2.725534,-0.007815
2.687660,2.792054,0.015714
2.687660,7.572592,0.120918
2.687660,3.678057,-0.083741
2.687660,2.690191,-0.002686
2.687660,2.930309,0.030114
2.687660,11.138752,0.047747
2.687660,3.158509,-0.050172
2.687660,2.688346,0.000791
2.687660,3.378083,0.066169
2.687660,9.372331,-0.094213
2.687660,2.847346,-0.021729
2.687660,2.703334,0.004841
2.687660,4.220803,0.105895
2.687660,5.875681,-0.129465
2.687660,2.747103,-0.010337
2.687660,2.781448,0.014398
2.687660,7.169550,0.124707
2.687660,3.772133,-0.088367
2.687660,2.693441,-0.002956
2.687660,2.945198,0.031516
2.687660,11.322404,0.039847
2.687660,3.132991,-0.048096
2.687660,2.690787,0.001264
2.687660,3.484928,0.072930
2.687660,8.630289,-0.107066
2.687660,2.823429,-0.019091
2.687660,2.721925,0.007166
2.687660,4.907983,0.121665
2.687660,4.888824,-0.121364
2.687660,2.721417,-0.007102
2.687660,2.824157,0.019172
2.687660,8.654003,0.106695
2.687660,3.481230,-0.072706
2.687660,2.690743,-0.001243
2.687660,3.135154,0.048273
2.687660,11.307628,-0.040538
2.687660,2.943892,-0.031391
2.687660,2.693455,0.002968
2.687660,3.774028,0.088457
2.687660,7.162033,-0.124769
2.687660,2.781239,-0.014375
2.687660,2.747129,0.010341
2.687660,5.876891,0.129467
2.687660,4.220218,-0.105876
2.687660,2.703308,-0.004840
2.687660,2.847063,0.021700
2.687660,9.364327,0.094367
2.687660,3.379149,-0.066240
2.687660,2.688317,-0.000802
2.687660,3.156533,0.050015
2.687660,11.153507,-0.047161
2.687660,2.931387,-0.030218
2.687660,2.690077,0.002664
2.687660,3.673064,0.083484
2.687660,7.595801,-0.120673
2.687660,2.792692,-0.015788
2.687660,2.724845,0.007731
2.687660,5.049977,0.123691
2.687660,4.756351,-0.119101
2.687660,2.716946,-0.006766
2.687660,2.800553,0.016695
2.687660,7.878225,0.117469
2.687660,3.615437,-0.080440
2.687660,2.688796,-0.002413
2.687660,2.944939,0.031527
2.687660,11.321751,0.039882
2.687660,3.132956,-0.048116
2.687660,2.687923,0.000927
2.687660,3.390246,0.066975
2.687660,9.281606,-0.095931
2.687660,2.844147,-0.021403
2.687660,2.702650,0.004785
2.687660,4.200553,0.105249
2.687660,5.918199,-0.129537
2.687660,2.748130,-0.010481
2.687660,2.777559,0.013965
2.687660,7.028642,0.125812
2.687660,3.808656,-0.090072
2.687660,2.693821,-0.003163
2.687660,2.923364,0.029414
2.687660,11.036952,0.051610
2.687660,3.171930,-0.051223
2.687660,2.690029,0.000891
2.687660,3.419819,0.068877
2.687660,9.068685,-0.099794
2.687660,2.837294,-0.020611
2.687660,2.713098,0.006047
2.687660,4.576159,0.115423
2.687660,5.275844,-0.126202
2.687660,2.731648,-0.008377
2.687660,2.809942,0.017587
2.687660,8.178265,0.113631
2.687660,3.560062,-0.077339
2.687660,2.691609,-0.001696
2.687660,3.086981,0.044269
2.687660,11.592019,-0.023991
2.687660,2.976086,-0.034424
2.687660,2.693051,0.002682
2.687660,3.725765,0.086124
2.687660,7.360868,-0.123018
2.687660,2.786763,-0.014988
2.687660,2.745533,0.010120
2.687660,5.811516,0.129321
2.687660,4.252381,-0.106878
2.687660,2.704348,-0.004933
2.687660,2.850735,0.022071
2.687660,9.466416,0.092386
2.687660,3.365678,-0.065337
2.687660,2.688900,-0.000638
2.687660,3.188573,0.052536
2.687660,10.905208,-0.056223
2.687660,2.914921,-0.028603
2.687660,2.692405,0.003060
2.687660,3.769629,0.088257
2.687660,7.179162,-0.124629
2.687660,2.781420,-0.014458
2.687660,2.738685,0.009389
2.687660,5.567367,0.128353
2.687660,4.384986,-0.110713
2.687660,2.707083,-0.005492
2.687660,2.818579,0.018692
2.687660,8.492187,0.109177
2.687660,3.506667,-0.074263
2.687660,2.687435,-0.001810
2.687660,3.004858,0.037107
2.687660,11.718994,0.010059
2.687660,3.050963,-0.041206
2.687660,2.687459,0.001473
2.687660,3.459434,0.071394
2.687660,8.795351,-0.104438
2.687660,2.828043,-0.019705
2.687660,2.705045,0.005184
2.687660,4.302545,0.108389
2.687660,5.714410,-0.129020
2.687660,2.742643,-0.009849
2.687660,2.779693,0.014240
2.687660,7.112287,0.125172
2.687660,3.786667,-0.089057
2.687660,2.693008,-0.003107
2.687660,2.918126,0.028911
2.687660,10.956654,0.054468
2.687660,3.182137,-0.052030
2.687660,2.689354,0.000738
2.687660,3.387167,0.066762
2.687660,9.305027,-0.095490
2.687660,2.845154,-0.021469
2.687660,2.707722,0.005366
2.687660,4.377079,0.110491
2.687660,5.581076,-0.128422
2.687660,2.739580,-0.009374
2.687660,2.796863,0.016126
2.687660,7.722747,0.119277
2.687660,3.646689,-0.082088
2.687660,2.692265,-0.002225
2.687660,3.025481,0.038923
2.687660,11.745778,0.000847
2.687660,3.029356,-0.039268
2.687660,2.692220,0.002191
2.687660,3.641061,0.081790
2.687660,7.750370,-0.118963
2.687660,2.797644,-0.016213
2.687660,2.739130,0.009317
2.687660,5.563657,0.128328
2.687660,4.387310,-0.110769
2.687660,2.708000,-0.005402
2.687660,2.844762,0.021426
2.687660,9.293468,0.095707
2.687660,3.388730,-0.066864
2.687660,2.689394,-0.000744
2.687660,3.181895,0.052011
2.687660,10.958582,-0.054401
2.687660,2.918250,-0.028923
2.687660,2.693075,0.003114
2.687660,3.788812,0.089157
2.687660,7.103993,-0.125237
2.687660,2.779477,-0.014213
2.687660,2.743070,0.009898
2.687660,5.730291,0.129077
2.687660,4.294113,-0.108140
2.687660,2.704839,-0.005152
2.687660,2.829099,0.019818
2.687660,8.828399,0.103896
2.687660,3.454495,-0.071087
2.687660,2.687473,-0.001437
2.687660,3.056142,0.041657
2.687660,11.706473,-0.012163
2.687660,3.000344,-0.036696
2.687660,2.687450,0.001845
2.687660,3.511903,0.074574
2.687660,8.459995,-0.109656
2.687660,2.817597,-0.018586
2.687660,2.707350,0.005530
2.687660,4.395552,0.110998
2.687660,5.549541,-0.128254
2.687660,2.738206,-0.009333
2.687660,2.781672,0.014490
2.687660,7.188796,0.124549
2.687660,3.767214,-0.088142
2.687660,2.692329,-0.003052
2.687660,2.914767,0.028589
2.687660,10.902722,0.056307
2.687660,3.188881,-0.052560
2.687660,2.688855,0.000630
2.687660,3.363891,0.065218
2.687660,9.480036,-0.092117
2.687660,2.851214,-0.022123
2.687660,2.704050,0.004895
2.687660,4.241452,0.106541
2.687660,5.833448,-0.129375
2.687660,2.746098,-0.010191
2.687660,2.785773,0.014876
2.687660,7.325030,0.123350
2.687660,3.734191,-0.086538
2.687660,2.693147,-0.002729
2.687660,2.971244,0.033972
2.687660,11.559462,0.026411
2.687660,3.093603,-0.044829
2.687660,2.691528,0.001638
2.687660,3.550436,0.076790
2.687660,8.233088,-0.112885
2.687660,2.811547,-0.017767
2.687660,2.730574,0.008242
2.687660,5.234902,0.125805
2.687660,4.606482,-0.116090
2.687660,2.713909,-0.006150
2.687660,2.836015,0.020472
2.687660,9.029414,0.100483
2.687660,3.425395,-0.069233
2.687660,2.690110,-0.000921
2.687660,3.169095,0.050999
2.687660,11.058906,-0.050801
2.687660,2.924844,-0.029557
2.687660,2.693837,0.003154
2.687660,3.807608,0.090023
2.687660,7.032581,-0.125783
2.687660,2.777676,-0.013976
2.687660,2.748350,0.010505
2.687660,5.926112,0.129548
2.687660,4.196849,-0.105129
2.687660,2.702580,-0.004769
2.687660,2.845243,0.021517
2.687660,9.313187,0.095338
2.687660,3.385984,-0.066694
2.687660,2.687984,-0.000890
2.687660,3.139077,0.048613
2.687660,11.279583,-0.041824
2.687660,2.941288,-0.031177
2.687660,2.689030,0.002468
2.687660,3.627208,0.081074
2.687660,7.818290,-0.118182
2.687660,2.798864,-0.016502
2.687660,2.718405,0.006947
2.687660,4.810635,0.120073
2.687660,4.989543,-0.122875
2.687660,2.723219,-0.007535
2.687660,2.794111,0.015954
2.687660,7.647423,0.120117
2.687660,3.662106,-0.082917
2.687660,2.689812,-0.002619
2.687660,2.933272,0.030402
2.687660,11.178859,0.046137
2.687660,3.153107,-0.049741
2.687660,2.688226,0.000816
2.687660,3.379633,0.066273
2.687660,9.360655,-0.094437
2.687660,2.846923,-0.021688
2.687660,2.703013,0.004806
2.687660,4.210061,0.105554
2.687660,5.898108,-0.129505
2.687660,2.747666,-0.010411
2.687660,2.780015,0.014237
2.687660,7.117463,0.125129
2.687660,3.785388,-0.088992
2.687660,2.693592,-0.003030
2.687660,2.937659,0.030794
2.687660,11.233116,0.043862
2.687660,3.145757,-0.049133
2.687660,2.690562,0.001144
2.687660,3.464308,0.071671
2.687660,8.764342,-0.104938
2.687660,2.827576,-0.019548
2.687660,2.719183,0.006820
2.687660,4.804614,0.119961
2.687660,4.996326,-0.122963
2.687660,2.724273,-0.007458
2.687660,2.820269,0.018740
2.687660,8.526296,0.108659
2.687660,3.501411,-0.073922
2.687660,2.691001,-0.001355
2.687660,3.123928,0.047354
2.687660,11.382605,-0.036896
2.687660,2.950807,-0.032049
2.687660,2.693430,0.002914
2.687660,3.765723,0.088062
2.687660,7.195164,-0.124493
2.687660,2.782172,-0.014475
2.687660,2.747308,0.010354
2.687660,5.882300,0.129477
2.687660,4.217627,-0.105794
2.687660,2.703313,-0.004822
2.687660,2.849501,0.021952
2.687660,9.433081,0.093039
2.687660,3.370039,-0.065632
2.687660,2.688509,-0.000715
2.687660,3.171641,0.051212
2.687660,11.038629,-0.051551
2.687660,2.923355,-0.029435
2.687660,2.690943,0.002826
2.687660,3.710941,0.085404
2.687660,7.424432,-0.122416
2.687660,2.788006,-0.015241
2.687660,2.730030,0.008358
2.687660,5.243646,0.125898
2.687660,4.599735,-0.115951
2.687660,2.712734,-0.006241
2.687660,2.805906,0.017301
2.687660,8.065769,0.115125
2.687660,3.580046,-0.078495
2.687660,2.688134,-0.002243
2.687660,2.957350,0.032709
2.687660,11.448513,0.033379
2.687660,3.113267,-0.046500
2.687660,2.687717,0.001047
2.687660,3.403623,0.067851
2.687660,9.183666,-0.097738
2.687660,2.840786,-0.021054
2.687660,2.702769,0.004824
2.687660,4.208475,0.105504
2.687660,5.901392,-0.129511
2.687660,2.747645,-0.010433
2.687660,2.776781,0.013883
2.687660,7.001230,0.126014
2.687660,3.816008,-0.090409
2.687660,2.693830,-0.003213
2.687660,2.916855,0.028781
2.687660,10.935757,0.055187
2.687660,3.184786,-0.052234
2.687660,2.689706,0.000760
2.687660,3.396060,0.067342
2.687660,9.239652,-0.096708
2.687660,2.842968,-0.021226
2.687660,2.709788,0.005622
2.687660,4.452404,0.112473
2.687660,5.457524,-0.127674
2.687660,2.736397,-0.008969
2.687660,2.802802,0.016788
2.687660,7.931160,0.116818
2.687660,3.605488,-0.079872
2.687660,2.691997,-0.001969
2.687660,3.055993,0.041609
2.687660,11.707288,-0.012018
2.687660,3.000884,-0.036705
2.687660,2.692672,0.002454
2.687660,3.686476,0.084153
2.687660,7.534737,-0.121307
2.687660,2.791598,-0.015532
2.687660,2.742980,0.009797
2.687660,5.711992,0.129008
2.687660,4.303938,-0.108424
2.687660,2.705769,-0.005110
2.687660,2.849167,0.021898
2.687660,9.421075,0.093272
2.687660,3.371663,-0.065735
2.687660,2.689168,-0.000649
2.687660,3.191337,0.052748
2.687660,10.883135,-0.056959
2.687660,2.913618,-0.028470
2.687660,2.693075,0.003148
2.687660,3.793798,0.089390
2.687660,7.084767,-0.125388
2.687660,2.778929,-0.014156
2.687660,2.742717,0.009863
2.687660,5.718049,0.129033
2.687660,4.300599,-0.108332
2.687660,2.704955,-0.005182
2.687660,2.826999,0.019596
2.687660,8.762826,0.104967
2.687660,3.464329,-0.071697
2.687660,2.687383,-0.001517
2.687660,3.043791,0.040580
2.687660,11.732614,-0.007094
2.687660,3.011304,-0.037690
2.687660,2.687355,0.001753
2.687660,3.497272,0.073702
2.687660,8.550623,-0.108297
2.687660,2.820363,-0.018887
2.687660,2.706329,0.005391
2.687660,4.356409,0.109929
2.687660,5.616696,-0.128606
2.687660,2.739989,-0.009546
2.687660,2.780110,0.014305
2.687660,7.130590,0.125027
2.687660,3.781941,-0.088837
2.687660,2.692657,-0.003115
2.687660,2.911441,0.028261
2.687660,10.846629,0.058157
2.687660,3.195847,-0.053100
2.687660,2.688857,0.000580
2.687660,3.356872,0.064745
2.687660,9.533901,-0.091045
2.687660,2.853146,-0.022326
2.687660,2.703503,0.004817
2.687660,4.220160,0.105873
2.687660,5.877068,-0.129467
2.687660,2.747237,-0.010330
2.687660,2.784301,0.014707
2.687660,7.271230,0.123835
2.687660,3.747065,-0.087165
2.687660,2.693336,-0.002796
2.687660,2.965204,0.033406
2.687660,11.513921,0.029466
2.687660,3.102159,-0.045547
2.687660,2.691462,0.001568
2.687660,3.539332,0.076150
2.687660,8.297449,-0.111991
2.687660,2.813448,-0.017977
2.687660,2.729460,0.008101
2.687660,5.192142,0.125362
2.687660,4.639213,-0.116788
2.687660,2.714795,-0.006260
2.687660,2.834956,0.020355
2.687660,8.996444,0.101055
2.687660,3.430115,-0.069532
2.687660,2.690225,-0.000941
2.687660,3.168219,0.050929
2.687660,11.065688,-0.050548
2.687660,2.925314,-0.029601
2.687660,2.694011,0.003171
2.687660,3.813017,0.090270
2.687660,7.012407,-0.125932
2.687660,2.777156,-0.013910
2.687660,2.749487,0.010637
2.687660,5.968469,0.129597
2.687660,4.177310,-0.104491
2.687660,2.702136,-0.004690
2.687660,2.848857,0.021894
2.687660,9.416261,0.093367
2.687660,3.372238,-0.065782
2.687660,2.688130,-0.000775
2.687660,3.157264,0.050075
2.687660,11.147989,-0.047382
2.687660,2.930967,-0.030180
2.687660,2.689765,0.002631
2.687660,3.662996,0.082964
2.687660,7.643168,-0.120164
2.687660,2.793977,-0.015942
2.687660,2.722888,0.007498
2.687660,4.977737,0.122708
2.687660,4.821572,-0.120262
2.687660,2.718685,-0.006985
2.687660,2.798092,0.016417
2.687660,7.791331,0.118497
2.687660,3.632574,-0.081362
2.687660,2.689078,-0.002500
2.687660,2.937753,0.030838
2.687660,11.236694,0.043712
2.687660,3.145135,-0.049103
2.687660,2.687926,0.000839
2.687660,3.377887,0.066159
2.687660,9.373611,-0.094189
2.687660,2.847333,-0.021739
2.687660,2.701805,0.004663
2.687660,4.167485,0.104166
2.687660,5.990149,-0.129615
2.687660,2.750013,-0.010710
2.687660,2.775270,0.013700
2.687660,6.943732,0.126419
2.687660,3.831750,-0.091120
2.687660,2.694238,-0.003273
2.687660,2.915168,0.028613
2.687660,10.908022,0.056127
2.687660,3.188266,-0.052505
2.687660,2.689822,0.000748
2.687660,3.396315,0.067358
2.687660,9.237833,-0.096742
2.687660,2.842923,-0.021218
2.687660,2.710246,0.005675
2.687660,4.468655,0.112881
2.687660,5.432236,-0.127497
2.687660,2.735754,-0.008885
2.687660,2.804299,0.016954
2.687660,7.982978,0.116174
2.687660,3.595674,-0.079333
2.687660,2.691968,-0.001904
2.687660,3.064436,0.042340
2.687660,11.682581,-0.015386
2.687660,2.993761,-0.036054
2.687660,2.692861,0.002529
2.687660,3.700442,0.084861
2.687660,7.471655,-0.121946
2.687660,2.789855,-0.015332
2.687660,2.744362,0.009965
2.687660,5.764777,0.129187
2.687660,4.276191,-0.107601
2.687660,2.705054,-0.005009
2.687660,2.851531,0.022147
2.687660,9.487758,0.091964
2.687660,3.362899,-0.065149
2.687660,2.689168,-0.000586
2.687660,3.199972,0.053416
2.687660,10.813294,-0.059229
2.687660,2.909545,-0.028068
2.687660,2.693506,0.003229
2.687660,3.812894,0.090269
2.687660,7.012693,-0.125931
2.687660,2.777007,-0.013928
2.687660,2.745017,0.010136
2.687660,5.804731,0.129305
2.687660,4.255706,-0.106985
2.687660,2.703820,-0.005016
2.687660,2.831501,0.020077
2.687660,8.903684,0.102642
2.687660,3.443374,-0.070392
2.687660,2.687378,-0.001369
2.687660,3.063845,0.042325
2.687660,11.683925,-0.015238
2.687660,2.993831,-0.036103
2.687660,2.687343,0.001880
2.687660,3.515169,0.074769
2.687660,8.440008,-0.109950
2.687660,2.816967,-0.018523
2.687660,2.706929,0.005486
2.687660,4.381408,0.110617
2.687660,5.573437,-0.128386
2.687660,2.738808,-0.009413
2.687660,2.780145,0.014318
2.687660,7.133352,0.125005
2.687660,3.781222,-0.088805
2.687660,2.692511,-0.003127
2.687660,2.907508,0.027876
2.687660,10.778104,0.060341
2.687660,3.204260,-0.053750
2.687660,2.688594,0.000488
2.687660,3.339704,0.063579
2.687660,9.667425,-0.088318
2.687660,2.858002,-0.022841
2.687660,2.701302,0.004524
2.687660,4.138040,0.103172
2.687660,6.056976,-0.129641
2.687660,2.751881,-0.010909
2.687660,2.776603,0.013832
2.687660,6.989459,0.126097
2.687660,3.819238,-0.090552
2.687660,2.694332,-0.003176
2.687660,2.929661,0.030019
2.687660,11.127401,0.048190
2.687660,3.160128,-0.050284
2.687660,2.690613,0.001045
2.687660,3.451223,0.070858
2.687660,8.851794,-0.103504
2.687660,2.830356,-0.019847
2.687660,2.718282,0.006696
2.687660,4.769092,0.119327
2.687660,5.035756,-0.123497
2.687660,2.725358,-0.007584
2.687660,2.820026,0.018706
2.687660,8.517177,0.108796
2.687660,3.502890,-0.074008
2.687660,2.691199,-0.001342
2.687660,3.128848,0.047755
2.687660,11.350376,-0.038503
2.687660,2.947766,-0.031756
2.687660,2.693936,0.002995
2.687660,3.786191,0.089027
2.687660,7.114458,-0.125152
2.687660,2.780032,-0.014217
2.687660,2.750541,0.010733
2.687660,6.003546,0.129622
2.687660,4.161529,-0.103965
2.687660,2.702010,-0.004599
2.687660,2.858994,0.022937
2.687660,9.693040,0.087782
2.687660,3.336468,-0.063354
2.687660,2.688890,-0.000430
2.687660,3.217053,0.054724
2.687660,10.673100,-0.063541
2.687660,2.901830,-0.027306
2.687660,2.693811,0.003322
2.687660,3.831679,0.091120
2.687660,6.943844,-0.126420
2.687660,2.775137,-0.013715
2.687660,2.746119,0.010274
2.687660,5.847469,0.129409
2.687660,4.234457,-0.106328
2.687660,2.703230,-0.004943
2.687660,2.832054,0.020140
2.687660,8.921334,0.102344
2.687660,3.440789,-0.070231
2.687660,2.687273,-0.001363
2.687660,3.062972,0.042250
2.687660,11.686693,-0.014896
2.687660,2.994546,-0.036169
2.687660,2.687217,0.001860
2.687660,3.510200,0.074475
2.687660,8.470338,-0.109503
2.687660,2.817870,-0.018625
2.687660,2.706129,0.005386
2.687660,4.352232,0.109813
2.687660,5.624022,-0.128641
2.687660,2.740127,-0.009576
2.687660,2.778285,0.014105
2.687660,7.064903,0.125542
2.687660,3.798970,-0.089632
2.687660,2.692820,-0.003213
2.687660,2.900833,0.027216
2.687660,10.654992,0.064078
2.687660,3.219219,-0.054893
2.687660,2.688393,0.000356
2.687660,3.318004,0.062080
2.687660,9.839831,-0.084636
2.687660,2.864528,-0.023524
2.687660,2.699066,0.004215
2.687660,4.053235,0.100160
2.687660,6.264732,-0.129456
2.687660,2.757258,-0.011572
2.687660,2.768127,0.012859
2.687660,6.675540,0.128023
2.687660,3.910698,-0.094548
2.687660,2.695881,-0.003621
2.687660,2.894313,0.026546
2.687660,10.524638,0.067806
2.687660,3.234972,-0.056072
2.687660,2.689334,0.000352
2.687660,3.332926,0.063107
2.687660,9.721234,-0.087187
2.687660,2.860107,-0.023042
2.687660,2.703147,0.004723
2.687660,4.199902,0.105224
2.687660,5.919731,-0.129537
2.687660,2.748436,-0.010457
2.687660,2.785337,0.014811
2.687660,7.306606,0.123517
2.687660,3.738590,-0.086751
2.687660,2.693460,-0.002723
2.687660,2.977029,0.034508
2.687660,11.597833,0.023532
2.687660,3.085756,-0.044163
2.687660,2.691946,0.001745
2.687660,3.572579,0.078045
2.687660,8.108372,-0.114561
2.687660,2.807954,-0.017355
2.687660,2.734322,0.008695
2.687660,5.375584,0.127067
2.687660,4.506168,-0.113799
2.687660,2.711315,-0.005797
2.687660,2.843175,0.021236
2.687660,9.243979,0.096628
2.687660,3.395495,-0.067302
2.687660,2.690124,-0.000707
2.687660,3.198843,0.053321
2.687660,10.822852,-0.058922
2.687660,2.910174,-0.028115
2.687660,2.695438,0.003451
2.687660,3.878163,0.093162
2.687660,6.782207,-0.127443
2.687660,2.771045,-0.013184
2.687660,2.756787,0.011498
2.687660,6.243830,0.129492
2.687660,4.061352,-0.100457
2.687660,2.699441,-0.004226
2.687660,2.868897,0.023966
2.687660,9.949304,0.082197
2.687660,3.304484,-0.061127
2.687660,2.688849,-0.000205
2.687660,3.247470,0.057005
2.687660,10.420307,-0.070647
2.687660,2.889252,-0.026045
2.687660,2.695503,0.003614
2.687660,3.903276,0.094237
2.687660,6.699321,-0.127902
2.687660,2.768680,-0.012942
2.687660,2.754369,0.011246
2.687660,6.158177,0.129601
2.687660,4.095466,-0.101691
2.687660,2.699895,-0.004402
2.687660,2.852374,0.022274
2.687660,9.516486,0.091395
2.687660,3.359070,-0.064902
2.687660,2.687752,-0.000725
2.687660,3.157987,0.050135
2.687660,11.142454,-0.047602
2.687660,2.930533,-0.030144
2.687660,2.689111,0.002557
2.687660,3.641376,0.081831
2.687660,7.747621,-0.119001
2.687660,2.796834,-0.016281
2.687660,2.718822,0.007010
2.687660,4.827994,0.120372
2.687660,4.970855,-0.122610
2.687660,2.722669,-0.007479
2.687660,2.793134,0.015852
2.687660,7.613993,0.120479
2.687660,3.669161,-0.083284
2.687660,2.689751,-0.002675
2.687660,2.924736,0.029578
2.687660,11.059833,0.050769
2.687660,3.168870,-0.050998
2.687660,2.687924,0.000666
2.687660,3.353650,0.064534
2.687660,9.558355,-0.090555
2.687660,2.853910,-0.022430
2.687660,2.700104,0.004415
2.687660,4.101029,0.101888
2.687660,6.144629,-0.129612
2.687660,2.754047,-0.011200
2.687660,2.770056,0.013096
2.687660,6.749753,0.127629
2.687660,3.887864,-0.093582
2.687660,2.695276,-0.003536
2.687660,2.896211,0.026739
2.687660,10.563183,0.066725
2.687660,3.230331,-0.055725
2.687660,2.689198,0.000370
2.687660,3.333151,0.063124
2.687660,9.719385,-0.087227
2.687660,2.860021,-0.023036
2.687660,2.702732,0.004676
2.687660,4.185538,0.104758
2.687660,5.950619,-0.129577
2.687660,2.749217,-0.010558
2.687660,2.783520,0.014607
2.687660,7.240904,0.124101
2.687660,3.754457,-0.087520
2.687660,2.693613,-0.002815
2.687660,2.967054,0.033578
2.687660,11.528345,0.028533
2.687660,3.099534,-0.045325
2.687660,2.691721,0.001618
2.687660,3.550696,0.076803
2.687660,8.231672,-0.112904
2.687660,2.811543,-0.017758
2.687660,2.731642,0.008364
2.687660,5.273689,0.126181
2.687660,4.577743,-0.115457
2.687660,2.713206,-0.006045
2.687660,2.839258,0.020815
2.687660,9.127016,0.098757
2.687660,3.411641,-0.068350
2.687660,2.690238,-0.000808
2.687660,3.186683,0.052378
2.687660,10.920840,-0.055694
2.687660,2.915983,-0.028687
2.687660,2.694984,0.003354
2.687660,3.856341,0.092211
2.687660,6.856738,-0.126992
2.687660,2.773028,-0.013418
2.687660,2.754690,0.011249
2.687660,6.164464,0.129594
2.687660,4.092945,-0.101599
2.687660,2.700172,-0.004353
2.687660,2.863268,0.023388
2.687660,9.806453,0.085363
2.687660,3.322181,-0.062369
2.687660,2.688654,-0.000355
2.687660,3.223535,0.055217
2.687660,10.619367,-0.065118
2.687660,2.899010,-0.027029
2.687660,2.693635,0.003323
2.687660,3.828741,0.090989
2.687660,6.954434,-0.126347
2.687660,2.775383,-0.013752
2.687660,2.744790,0.010123
2.687660,5.798421,0.129289
2.687660,4.258875,-0.107083
2.687660,2.703792,-0.005040
2.687660,2.827830,0.019693
2.687660,8.790147,0.104524
2.687660,3.460197,-0.071443
2.687660,2.687168,-0.001513
2.687660,3.040899,0.040327
2.687660,11.736823,-0.005886
2.687660,3.013955,-0.037930
2.687660,2.687129,0.001707
2.687660,3.486957,0.073082
2.687660,8.615759,-0.107297
2.687660,2.822341,-0.019107
2.687660,2.704828,0.005202
2.687660,4.301423,0.108357
2.687660,5.716462,-0.129028
2.687660,2.742589,-0.009867
2.687660,2.776417,0.013882
2.687660,6.994500,0.126064
2.687660,3.817776,-0.090494
2.687660,2.693280,-0.003289
2.687660,2.897948,0.026926
2.687660,10.599002,0.065706
2.687660,3.225979,-0.055403
2.687660,2.688439,0.000312
2.687660,3.312705,0.061709
2.687660,9.882526,-0.083695
2.687660,2.866201,-0.023697
2.687660,2.698826,0.004174
2.687660,4.043052,0.099783
2.687660,6.291364,-0.129405
2.687660,2.757959,-0.011656
2.687660,2.767378,0.012771
2.687660,6.647402,0.128163
2.687660,3.919561,-0.094918
2.687660,2.696066,-0.003659
2.687660,2.892010,0.026315
2.687660,10.477432,0.069106
2.687660,3.240637,-0.056495
2.687660,2.689260,0.000303
2.687660,3.324791,0.062545
2.687660,9.785871,-0.085807
2.687660,2.862551,-0.023298
2.687660,2.702254,0.004601
2.687660,4.166045,0.104114
2.687660,5.993493,-0.129615
2.687660,2.750344,-0.010694
2.687660,2.782276,0.014463
2.687660,7.195056,0.124493
2.687660,3.765783,-0.088062
2.687660,2.693801,-0.002871
2.687660,2.962447,0.033144
2.687660,11.491141,0.030882
2.687660,3.106211,-0.045883
2.687660,2.691686,0.001565
2.687660,3.542582,0.076336
2.687660,8.278571,-0.112255
2.687660,2.812929,-0.017911
2.687660,2.730884,0.008267
2.687660,5.244466,0.125899
2.687660,4.599326,-0.115934
2.687660,2.713793,-0.006117
2.687660,2.838618,0.020744
2.687660,9.107366,0.099108
2.687660,3.414395,-0.068527
2.687660,2.690324,-0.000818
2.687660,3.186757,0.052383
2.687660,10.920287,-0.055712
2.687660,2.915956,-0.028683
2.687660,2.695159,0.003375
2.687660,3.862345,0.092474
2.687660,6.835998,-0.127121
2.687660,2.772493,-0.013351
2.687660,2.755762,0.011373
2.687660,6.204435,0.129549
2.687660,4.076865,-0.101022
2.687660,2.699834,-0.004285
2.687660,2.867175,0.023788
2.687660,9.906032,0.083171
2.687660,3.309819,-0.061503
2.687660,2.688847,-0.000244
2.687660,3.242102,0.056607
2.687660,10.465043,-0.069443
2.687660,2.891375,-0.026259
2.687660,2.695166,0.003559
2.687660,3.889386,0.093648
2.687660,6.744675,-0.127658
2.687660,2.769871,-0.013085
2.687660,2.752759,0.011058
2.687660,6.097631,0.129637
2.687660,4.120611,-0.102574
2.687660,2.700474,-0.004504
2.687660,2.847885,0.021807
2.687660,9.390663,0.093862
2.687660,3.375599,-0.066010
2.687660,2.687599,-0.000861
2.687660,3.136836,0.048434
2.687660,11.295039,-0.041124
2.687660,2.942578,-0.031305
2.687660,2.688345,0.002378
2.687660,3.602795,0.079754
2.687660,7.943857,-0.116668
2.687660,2.802369,-0.016911
2.687660,2.714160,0.006432
2.687660,4.654657,0.117117
2.687660,5.172195,-0.125153
2.687660,2.728079,-0.008132
2.687660,2.788512,0.015311
2.687660,7.444763,0.122218
2.687660,3.706306,-0.085174
2.687660,2.690657,-0.002827
2.687660,2.918671,0.028982
2.687660,10.966840,0.054115
2.687660,3.180792,-0.051934
2.687660,2.688180,0.000610
2.687660,3.349942,0.064281
2.687660,9.587221,-0.089969
2.687660,2.854993,-0.022537
2.687660,2.700700,0.004477
2.687660,4.120478,0.102568
2.687660,6.098010,-0.129636
2.687660,2.752877,-0.011047
2.687660,2.773016,0.013431
2.687660,6.858610,0.126981
2.687660,3.855785,-0.092188
2.687660,2.694788,-0.003373
2.687660,2.910323,0.028135
2.687660,10.825885,0.058825
2.687660,3.198454,-0.053294
2.687660,2.689822,0.000674
2.687660,3.385951,0.066678
2.687660,9.314262,-0.095315
2.687660,2.845537,-0.021496
2.687660,2.709342,0.005551
2.687660,4.433733,0.111995
2.687660,5.487179,-0.127871
2.687660,2.737206,-0.009061
2.687660,2.802685,0.016770
2.687660,7.926160,0.116879
2.687660,3.606452,-0.079924
2.687660,2.692122,-0.001961
2.687660,3.059069,0.041875
2.687660,11.698934,-0.013252
2.687660,2.998266,-0.036465
2.687660,2.692898,0.002500
2.687660,3.696898,0.084681
2.687660,7.487557,-0.121787
2.687660,2.790316,-0.015380
2.687660,2.744636,0.009993
2.687660,5.774234,0.129216
2.687660,4.271325,-0.107454
2.687660,2.704976,-0.004986
2.687660,2.853403,0.022341
2.687660,9.539408,0.090934
2.687660,3.356184,-0.064695
2.687660,2.689306,-0.000522
2.687660,3.211074,0.054266
2.687660,10.722541,-0.062054
2.687660,2.904512,-0.027566
2.687660,2.694395,0.003371
2.687660,3.848707,0.091878
2.687660,6.883269,-0.126824
2.687660,2.773593,-0.013517
2.687660,2.749882,0.010708
2.687660,5.987440,0.129614
2.687660,4.168689,-0.104207
2.687660,2.701715,-0.004681
2.687660,2.843489,0.021342
2.687660,9.263602,0.096267
2.687660,3.392671,-0.067137
2.687660,2.687629,-0.000979
2.687660,3.121115,0.047149
2.687660,11.399699,-0.036021
2.687660,2.952260,-0.032228
2.687660,2.688115,0.002279
2.687660,3.584796,0.078760
2.687660,8.039899,-0.115458
2.687660,2.805140,-0.017219
2.687660,2.712677,0.006240
2.687660,4.598602,0.115927
2.687660,5.245156,-0.125913
2.687660,2.730050,-0.008365
2.687660,2.787352,0.015170
2.687660,7.401250,0.122640
2.687660,3.716244,-0.085668
2.687660,2.690972,-0.002859
2.687660,2.919332,0.029044
2.687660,10.977021,0.053759
2.687660,3.179511,-0.051832
2.687660,2.688367,0.000641
2.687660,3.357383,0.064783
2.687660,9.529741,-0.091129
2.687660,2.852932,-0.022316
2.687660,2.701875,0.004629
2.687660,4.163656,0.104037
2.687660,5.998733,-0.129620
2.687660,2.750322,-0.010728
2.687660,2.777449,0.013936
2.687660,7.021916,0.125862
2.687660,3.810476,-0.090153
2.687660,2.694085,-0.003145
2.687660,2.929972,0.030051
2.687660,11.131847,0.048016
2.687660,3.159531,-0.050237
2.687660,2.690492,0.001035
2.687660,3.447814,0.070646
2.687660,8.874809,-0.103121
2.687660,2.831071,-0.019928
2.687660,2.717459,0.006596
2.687660,4.738815,0.118767
2.687660,5.070433,-0.123946
2.687660,2.726259,-0.007700
2.687660,2.818266,0.018513
2.687660,8.459134,0.109662
2.687660,3.512303,-0.074568
2.687660,2.691230,-0.001405
2.687660,3.120766,0.047092
2.687660,11.402948,-0.035845
2.687660,2.952830,-0.032239
2.687660,2.693665,0.002926
2.687660,3.771518,0.088336
2.687660,7.172077,-0.124685
2.687660,2.781585,-0.014398
2.687660,2.748985,0.010547
2.687660,5.944552,0.129570
2.687660,4.188318,-0.104850
2.687660,2.702660,-0.004703
2.687660,2.855319,0.022555
2.687660,9.594006,0.089830
2.687660,3.349105,-0.064219
2.687660,2.688787,-0.000532
2.687660,3.201250,0.053517
2.687660,10.802733,-0.059565
2.687660,2.908912,-0.028012
2.687660,2.692773,0.003148
2.687660,3.788623,0.089150
2.687660,7.104618,-0.125233
2.687660,2.779404,-0.014224
2.687660,2.740506,0.009610
2.687660,5.636506,0.128699
2.687660,4.345198,-0.109615
2.687660,2.706024,-0.005352
2.687660,2.820794,0.018935
2.687660,8.564849,0.108080
2.687660,3.495005,-0.073567
2.687660,2.687311,-0.001742
2.687660,3.012061,0.037759
2.687660,11.733897,0.006749
2.687660,3.042963,-0.040507
2.687660,2.687341,0.001518
2.687660,3.463799,0.071665
2.687660,8.766313,-0.104911
2.687660,2.827102,-0.019609
2.687660,2.704741,0.005156
2.687660,4.292976,0.108107
2.687660,5.732426,-0.129084
2.687660,2.743087,-0.009909
2.687660,2.778269,0.014081
2.687660,7.060571,0.125574
2.687660,3.800140,-0.089683
2.687660,2.693172,-0.003180
2.687660,2.910807,0.028195
2.687660,10.835396,0.058520
2.687660,3.197245,-0.053206
2.687660,2.689073,0.000595
2.687660,3.362561,0.065127
2.687660,9.490304,-0.091914
2.687660,2.851609,-0.022158
2.687660,2.704699,0.004967
2.687660,4.263697,0.107224
2.687660,5.789134,-0.129260
2.687660,2.744981,-0.010045
2.687660,2.788498,0.015181
2.687660,7.423013,0.122425
2.687660,3.711432,-0.085412
2.687660,2.692953,-0.002594
2.687660,2.986378,0.035376
2.687660,11.649981,0.018938
2.687660,3.073562,-0.043125
2.687660,2.691838,0.001822
2.687660,3.581727,0.078559
2.687660,8.058075,-0.115217
2.687660,2.806460,-0.017196
2.687660,2.734240,0.008697
2.687660,5.374396,0.127058
2.687660,4.506959,-0.113818
2.687660,2.711264,-0.005808
2.687660,2.840920,0.021003
2.687660,9.178192,0.097834
2.687660,3.404513,-0.067891
2.687660,2.689901,-0.000797
2.687660,3.182797,0.052077
2.687660,10.951631,-0.054641
2.687660,2.917857,-0.028876
2.687660,2.694114,0.003238
2.687660,3.824594,0.090797
2.687660,6.969713,-0.126238
2.687660,2.775972,-0.013781
2.687660,2.749493,0.010646
2.687660,5.970194,0.129599
2.687660,4.176515,-0.104465
2.687660,2.702039,-0.004696
2.687660,2.846576,0.021659
2.687660,9.351856,0.094605
2.687660,3.380792,-0.066352
2.687660,2.687935,-0.000859
2.687660,3.142583,0.048897
2.687660,11.254888,-0.042922
2.687660,2.939230,-0.030980
2.687660,2.689031,0.002483
2.687660,3.629426,0.081194
2.687660,7.807108,-0.118313
2.687660,2.798539,-0.016468
2.687660,2.718402,0.006949
2.687660,4.810894,0.120078
2.687660,4.989259,-0.122871
2.687660,2.723202,-0.007535
2.687660,2.793824,0.015923
2.687660,7.637434,0.120226
2.687660,3.664207,-0.083026
2.687660,2.689815,-0.002633
2.687660,2.931385,0.030220
2.687660,11.153632,0.047157
2.687660,3.156509,-0.050014
2.687660,2.688171,0.000785
2.687660,3.374332,0.065921
2.687660,9.400466,-0.093672
2.687660,2.848307,-0.021835
2.687660,2.702430,0.004728
2.687660,4.188171,0.104847
2.687660,5.944806,-0.129571
2.687660,2.748876,-0.010560
2.687660,2.778168,0.014026
2.687660,7.049590,0.125655
2.687660,3.803098,-0.089815
2.687660,2.693861,-0.003120
2.687660,2.929765,0.030033
2.687660,11.129114,0.048123
2.687660,3.159889,-0.050267
2.687660,2.690358,0.001017
2.687660,3.443042,0.070348
2.687660,8.907255,-0.102577
2.687660,2.832090,-0.020042
2.687660,2.716475,0.006475
2.687660,4.702462,0.118069
2.687660,5.113452,-0.124474
2.687660,2.727381,-0.007843
2.687660,2.816247,0.018290
2.687660,8.391966,0.110644
2.687660,3.523382,-0.075221
2.687660,2.691285,-0.001476
2.687660,3.111844,0.046355
2.687660,11.458035,-0.032832
2.687660,2.958632,-0.032788
2.687660,2.693417,0.002854
2.687660,3.756857,0.087637
2.687660,7.231034,-0.124187
2.687660,2.783185,-0.014583
2.687660,2.747555,0.010374
2.687660,5.890114,0.129491
2.687660,4.213896,-0.105674
2.687660,2.703299,-0.004799
2.687660,2.852383,0.022249
2.687660,9.513155,0.091460
2.687660,3.359561,-0.064927
2.687660,2.688736,-0.000613
2.687660,3.189273,0.052591
2.687660,10.899530,-0.056414
2.687660,2.914565,-0.028570
2.687660,2.692107,0.003028
2.687660,3.759866,0.087792
2.687660,7.218338,-0.124299
2.687660,2.782449,-0.014585
2.687660,2.736819,0.009170
2.687660,5.497908,0.127945
2.687660,4.426906,-0.111826
2.687660,2.708152,-0.005643
2.687660,2.814924,0.018297
2.687660,8.371768,0.110942
2.687660,3.526490,-0.075433
2.687660,2.687512,-0.001940
2.687660,2.988421,0.035606
2.687660,11.660945,0.017836
2.687660,3.070497,-0.042896
2.687660,2.687507,0.001335
2.687660,3.440768,0.070228
2.687660,8.921575,-0.102339
2.687660,2.832099,-0.020137
2.687660,2.704220,0.005058
2.687660,4.269034,0.107390
2.687660,5.778508,-0.129232
2.687660,2.744357,-0.010049
2.687660,2.778658,0.014114
2.687660,7.072953,0.125479
2.687660,3.796902,-0.089532
2.687660,2.693291,-0.003144
2.687660,2.917550,0.028853
2.687660,10.947280,0.054791
2.687660,3.183324,-0.052122
2.687660,2.689469,0.000743
2.687660,3.389751,0.066931
2.687660,9.285957,-0.095848
2.687660,2.844515,-0.021398
2.687660,2.708364,0.005446
2.687660,4.400431,0.111121
2.687660,5.541618,-0.128204
2.687660,2.738565,-0.009245
2.687660,2.798787,0.016341
2.687660,7.790586,0.118500
2.687660,3.632962,-0.081358
2.687660,2.692171,-0.002141
2.687660,3.035459,0.039809
2.687660,11.742725,-0.003480
2.687660,3.019540,-0.038391
2.687660,2.692359,0.002280
2.687660,3.656129,0.082584
2.687660,7.676999,-0.119787
2.687660,2.795576,-0.015981
2.687660,2.740422,0.009478
2.687660,5.613465,0.128586
2.687660,4.358381,-0.109977
2.687660,2.707223,-0.005301
2.687660,2.846160,0.021577
2.687660,9.334361,0.094936
2.687660,3.383218,-0.066501
2.687660,2.689307,-0.000715
2.687660,3.184502,0.052215
2.687660,10.937862,-0.055115
2.687660,2.916952,-0.028796
2.687660,2.693027,0.003118
2.687660,3.788585,0.089146
2.687660,7.104856,-0.125231
2.687660,2.779487,-0.014217
2.687660,2.742676,0.009854
2.687660,5.715882,0.129025
2.687660,4.301758,-0.108366
2.687660,2.705015,-0.005182
2.687660,2.827807,0.019681
2.687660,8.788004,0.104558
2.687660,3.460536,-0.071462
2.687660,2.687440,-0.001483
2.687660,3.049267,0.041058
2.687660,11.722613,-0.009363
2.687660,3.006362,-0.037243
2.687660,2.687413,0.001796
2.687660,3.504373,0.074127
2.687660,8.506375,-0.108965
2.687660,2.819011,-0.018739
2.687660,2.706889,0.005466
2.687660,4.377678,0.110515
2.687660,5.579824,-0.128420
2.687660,2.739014,-0.009429
2.687660,2.781082,0.014419
2.687660,7.166656,0.124733
2.687660,3.772776,-0.088406
2.687660,2.692469,-0.003074
2.687660,2.914002,0.028513
2.687660,10.889944,0.056733
2.687660,3.190475,-0.052684
2.687660,2.688888,0.000622
2.687660,3.363354,0.065181
2.687660,9.484158,-0.092036
2.687660,2.851365,-0.022138
2.687660,2.704122,0.004902
2.687660,4.243791,0.106613
2.687660,5.828732,-0.129363
2.687660,2.745981,-0.010176
2.687660,2.786118,0.014915
2.687660,7.337427,0.123236
2.687660,3.731264,-0.086395
2.687660,2.693124,-0.002712
2.687660,2.973235,0.034158
2.687660,11.573263,0.025413
2.687660,3.090857,-0.044597
2.687660,2.691574,0.001664
2.687660,3.554844,0.077042
2.687660,8.207879,-0.113230
2.687660,2.810809,-0.017684
2.687660,2.731118,0.008310
2.687660,5.255537,0.126008
2.687660,4.591079,-0.115754
2.687660,2.713500,-0.006097
2.687660,2.836755,0.020552
2.687660,9.052094,0.100086
2.687660,3.422170,-0.069027
2.687660,2.690078,-0.000902
2.687660,3.171220,0.051167
2.687660,11.042473,-0.051407
2.687660,2.923736,-0.029450
2.687660,2.693880,0.003167
2.687660,3.810247,0.090144
2.687660,7.022702,-0.125856
2.687660,2.777408,-0.013945
2.687660,2.748529,0.010527
2.687660,5.933018,0.129557
2.687660,4.193627,-0.105025
2.687660,2.702494,-0.004757
2.687660,2.845449,0.021539
2.687660,9.319167,0.095225
2.687660,3.385179,-0.066641
2.687660,2.687976,-0.000885
2.687660,3.139605,0.048656
2.687660,11.275883,-0.041991
2.687660,2.940976,-0.031147
2.687660,2.689029,0.002470
2.687660,3.627503,0.081090
2.687660,7.816799,-0.118200
2.687660,2.798820,-0.016498
2.687660,2.718397,0.006946
2.687660,4.810398,0.120069
2.687660,4.989799,-0.122879
2.687660,2.723225,-0.007536
2.687660,2.794058,0.015948
2.687660,7.645566,0.120137
2.687660,3.662496,-0.082937
2.687660,2.689814,-0.002622
2.687660,2.932960,0.030372
2.687660,11.174733,0.046305
2.687660,3.153666,-0.049786
2.687660,2.688218,0.000811
2.687660,3.378787,0.066217
2.687660,9.366988,-0.094316
2.687660,2.847142,-0.021711
2.687660,2.702921,0.004794
2.687660,4.206622,0.105443
2.687660,5.905357,-0.129517
2.687660,2.747854,-0.010434
2.687660,2.779731,0.014204
2.687660,7.107041,0.125212
2.687660,3.788075,-0.089118
2.687660,2.693632,-0.003044
2.687660,2.936446,0.030678
2.687660,11.217837,0.044514
2.687660,3.147877,-0.049304
2.687660,2.690533,0.001125
2.687660,3.461153,0.071476
2.687660,8.785245,-0.104598
2.687660,2.828231,-0.019620
2.687660,2.718785,0.006770
2.687660,4.789594,0.119696
2.687660,5.012830,-0.123190
2.687660,2.724712,-0.007513
2.687660,2.819710,0.018677
2.687660,8.507742,0.108938
2.687660,3.504399,-0.074100
2.687660,2.691043,-0.001371
2.687660,3.122379,0.047226
2.687660,11.392600,-0.036384
2.687660,2.951788,-0.032142
2.687660,2.693436,0.002907
2.687660,3.764878,0.088022
2.687660,7.198564,-0.124464
2.687660,2.782270,-0.014485
2.687660,2.747395,0.010363
2.687660,5.885377,0.129483
2.687660,4.216153,-0.105747
2.687660,2.703288,-0.004815
2.687660,2.850035,0.022007
2.687660,9.448026,0.092747
2.687660,3.368073,-0.065500
2.687660,2.688544,-0.000696
2.687660,3.174709,0.051454
2.687660,11.014768,-0.052417
2.687660,2.921782,-0.029281
2.687660,2.691126,0.002859
2.687660,3.718826,0.085796
2.687660,7.390087,-0.122746
2.687660,2.787074,-0.015132
2.687660,2.731108,0.008488
2.687660,5.284002,0.126284
2.687660,4.570046,-0.115293
2.687660,2.711940,-0.006140
2.687660,2.807144,0.017439
2.687660,8.108480,0.114567
2.687660,3.572274,-0.078059
2.687660,2.688014,-0.002203
2.687660,2.960905,0.033044
2.687660,11.480207,0.031547
2.687660,3.107929,-0.046058
2.687660,2.687682,0.001082
2.687660,3.407978,0.068133
2.687660,9.152191,-0.098308
2.687660,2.839722,-0.020942
2.687660,2.702920,0.004850
2.687660,4.214960,0.105712
2.687660,5.887775,-0.129488
2.687660,2.747280,-0.010391
2.687660,2.776962,0.013906
2.687660,7.008210,0.125963
2.687660,3.814123,-0.090323
2.687660,2.693772,-0.003206
2.687660,2.916776,0.028774
2.687660,10.934526,0.055229
2.687660,3.184939,-0.052246
2.687660,2.689673,0.000755
2.687660,3.394814,0.067261
2.687660,9.248774,-0.096540
2.687660,2.843274,-0.021260
2.687660,2.709556,0.005593
2.687660,4.443870,0.112255
2.687660,5.470993,-0.127765
2.687660,2.736746,-0.009013
2.687660,2.802194,0.016720
2.687660,7.909933,0.117078
2.687660,3.609556,-0.080095
2.687660,2.692024,-0.001994
2.687660,3.052990,0.041348
2.687660,11.714728,-0.010800
2.687660,3.003491,-0.036942
2.687660,2.692627,0.002430
2.687660,3.682177,0.083933
2.687660,7.554455,-0.121102
2.687660,2.792148,-0.015594
2.687660,2.742633,0.009754
2.687660,5.698616,0.128957
2.687660,4.311122,-0.108634
2.687660,2.705961,-0.005135
2.687660,2.848771,0.021856
2.687660,9.409726,0.093492
2.687660,3.373166,-0.065835
2.687660,2.689187,-0.000657
2.687660,3.190489,0.052682
2.687660,10.889953,-0.056733
2.687660,2.914027,-0.028510
2.687660,2.693073,0.003145
2.687660,3.793301,0.089366
2.687660,7.086677,-0.125373
2.687660,2.778983,-0.014161
2.687660,2.742738,0.009865
2.687660,5.718778,0.129036
2.687660,4.300211,-0.108321
2.687660,2.704950,-0.005180
2.687660,2.827161,0.019614
2.687660,8.767920,0.104885
2.687660,3.463560,-0.071650
2.687660,2.687390,-0.001511
2.687660,3.044770,0.040665
2.687660,11.731019,-0.007502
2.687660,3.010411,-0.037609
2.687660,2.687362,0.001760
2.687660,3.498437,0.073772
2.687660,8.543329,-0.108408
2.687660,2.820139,-0.018862
2.687660,2.706409,0.005402
2.687660,4.359479,0.110014
2.687660,5.611316,-0.128580
2.687660,2.739846,-0.009529
2.687660,2.780237,0.014320
2.687660,7.135349,0.124988
2.687660,3.780723,-0.088780
2.687660,2.692630,-0.003110
2.687660,2.911727,0.028289
2.687660,10.851528,0.057998
2.687660,3.195241,-0.053053
2.687660,2.688858,0.000584
2.687660,3.357520,0.064789
2.687660,9.528907,-0.091145
2.687660,2.852966,-0.022307
2.687660,2.703558,0.004825
2.687660,4.222267,0.105940
2.687660,5.872698,-0.129459
2.687660,2.747124,-0.010316
2.687660,2.784456,0.014725
2.687660,7.276907,0.123785
2.687660,3.745693,-0.087099
2.687660,2.693317,-0.002789
2.687660,2.965865,0.033469
2.687660,11.519176,0.029130
2.687660,3.101206,-0.045467
2.687660,2.691471,0.001576
2.687660,3.540620,0.076225
2.687660,8.289922,-0.112097
2.687660,2.813225,-0.017953
2.687660,2.729598,0.008119
2.687660,5.197410,0.125418
2.687660,4.635121,-0.116702
2.687660,2.714685,-0.006246
2.687660,2.835103,0.020371
2.687660,9.001005,0.100976
2.687660,3.429460,-0.069491
2.687660,2.690213,-0.000938
2.687660,3.168443,0.050947
2.687660,11.063960,-0.050613
2.687660,2.925195,-0.029590
2.687660,2.693998,0.003170
2.687660,3.812697,0.090256
2.687660,7.013595,-0.125923
2.687660,2.777186,-0.013914
2.687660,2.749394,0.010626
2.687660,5.965023,0.129593
2.687660,4.178881,-0.104543
2.687660,2.702170,-0.004696
2.687660,2.848532,0.021860
2.687660,9.407078,0.093544
2.687660,3.373452,-0.065863
2.687660,2.688115,-0.000785
2.687660,3.155596,0.049942
2.687660,11.160404,-0.046885
2.687660,2.931881,-0.030269
2.687660,2.689690,0.002615
2.687660,3.659465,0.082780
2.687660,7.659985,-0.119980
2.687660,2.794443,-0.015995
2.687660,2.722431,0.007442
2.687660,4.960717,0.122464
2.687660,4.837545,-0.120534
2.687660,2.719116,-0.007037
2.687660,2.797687,0.016370
2.687660,7.776783,0.118666
2.687660,3.635494,-0.081517
2.687660,2.689148,-0.002512
2.687660,2.937224,0.030787
2.687660,11.230047,0.043998
2.687660,3.146063,-0.049178
2.687660,2.687953,0.000835
2.687660,3.377843,0.066156
2.687660,9.373952,-0.094183
2.687660,2.847349,-0.021740
2.687660,2.701900,0.004674
2.687660,4.170803,0.104276
2.687660,5.982791,-0.129609
2.687660,2.749827,-0.010686
2.687660,2.775669,0.013745
2.687660,6.958376,0.126318
2.687660,3.827708,-0.090938
2.687660,2.694179,-0.003252
2.687660,2.917048,0.028797
2.687660,10.938632,0.055088
2.687660,3.184433,-0.052205
2.687660,2.689892,0.000784
2.687660,3.402540,0.067763
2.687660,9.192487,-0.097574
2.687660,2.841400,-0.021054
2.687660,2.711057,0.005780
2.687660,4.499063,0.113628
2.687660,5.386119,-0.127151
2.687660,2.734548,-0.008735
2.687660,2.806074,0.017153
2.687660,8.044664,0.115390
2.687660,3.584194,-0.078697
2.687660,2.691867,-0.001835
2.687660,3.072149,0.043004
2.687660,11.655410,-0.018394
2.687660,2.987501,-0.035479
2.687660,2.692950,0.002586
2.687660,3.710128,0.085347
2.687660,7.428740,-0.122369
2.687660,2.788660,-0.015198
2.687660,2.744969,0.010043
2.687660,5.788491,0.129258
2.687660,4.264025,-0.107234
2.687660,2.704716,-0.004968
2.687660,2.851844,0.022182
2.687660,9.496774,0.091786
2.687660,3.361718,-0.065070
2.687660,2.689098,-0.000586
2.687660,3.198875,0.053332
2.687660,10.822181,-0.058945
2.687660,2.910048,-0.028119
2.687660,2.693304,0.003202
2.687660,3.805486,0.089930
2.687660,7.040382,-0.125726
2.687660,2.777734,-0.014017
2.687660,2.743834,0.009998
2.687660,5.760467,0.129177
2.687660,4.278316,-0.107671
2.687660,2.704375,-0.005101
2.687660,2.828689,0.019778
2.687660,8.816219,0.104097
2.687660,3.456303,-0.071200
2.687660,2.687345,-0.001464
2.687660,3.050310,0.041150
2.687660,11.720409,-0.009793
2.687660,3.005426,-0.037159
2.687660,2.687306,0.001790
2.687660,3.501778,0.073973
2.687660,8.522446,-0.108723
2.687660,2.819485,-0.018794
2.687660,2.706266,0.005390
2.687660,4.355190,0.109895
2.687660,5.618830,-0.128616
2.687660,2.740026,-0.009555
2.687660,2.779487,0.014237
2.687660,7.108217,0.125205
2.687660,3.787689,-0.089107
2.687660,2.692708,-0.003149
2.687660,2.907754,0.027898
2.687660,10.782337,0.060209
2.687660,3.203747,-0.053710
2.687660,2.688699,0.000504
2.687660,3.343673,0.063850
2.687660,9.636343,-0.088962
2.687660,2.856863,-0.022719
2.687660,2.701948,0.004608
2.687660,4.161771,0.103973
2.687660,6.002984,-0.129622
2.687660,2.750493,-0.010735
2.687660,2.779063,0.014111
2.687660,7.079744,0.125425
2.687660,3.795190,-0.089447
2.687660,2.693990,-0.003051
2.687660,2.941117,0.031122
2.687660,11.275023,0.042024
2.687660,3.139865,-0.048654
2.687660,2.690948,0.001232
2.687660,3.483170,0.072823
2.687660,8.641619,-0.106889
2.687660,2.823808,-0.019126
2.687660,2.722535,0.007233
2.687660,4.929455,0.121993
2.687660,4.867752,-0.121026
2.687660,2.720897,-0.007027
2.687660,2.826183,0.019389
2.687660,8.718629,0.105672
2.687660,3.471275,-0.072097
2.687660,2.690811,-0.001164
2.687660,3.146997,0.049231
2.687660,11.224279,-0.044240
2.687660,2.936975,-0.030725
2.687660,2.694071,0.003091
2.687660,3.802440,0.089783
2.687660,7.052156,-0.125636
2.687660,2.778305,-0.014026
2.687660,2.750749,0.010769
2.687660,6.013318,0.129628
2.687660,4.157168,-0.103819
2.687660,2.701803,-0.004594
2.687660,2.856466,0.022680
2.687660,9.625840,0.089178
2.687660,3.345012,-0.063942
2.687660,2.688623,-0.000522
2.687660,3.199987,0.053421
2.687660,10.812946,-0.059241
2.687660,2.909479,-0.028070
2.687660,2.692369,0.003096
2.687660,3.774284,0.088478
2.687660,7.160640,-0.124783
2.687660,2.780881,-0.014404
2.687660,2.738092,0.009326
2.687660,5.546355,0.128236
2.687660,4.397447,-0.111049
2.687660,2.707355,-0.005542
2.687660,2.816075,0.018425
2.687660,8.410401,0.110383
2.687660,3.520053,-0.075056
2.687660,2.687396,-0.001909
2.687660,2.990851,0.035830
2.687660,11.671760,0.016664
2.687660,3.067478,-0.042637
2.687660,2.687418,0.001347
2.687660,3.440930,0.070239
2.687660,8.920425,-0.102359
2.687660,2.832048,-0.020134
2.687660,2.703852,0.005015
2.687660,4.256188,0.107000
2.687660,5.803780,-0.129303
2.687660,2.745002,-0.010132
2.687660,2.777344,0.013965
2.687660,7.024847,0.125841
2.687660,3.809637,-0.090119
2.687660,2.693474,-0.003210
2.687660,2.911566,0.028267
2.687660,10.848193,0.058106
2.687660,3.195673,-0.053083
2.687660,2.689258,0.000628
2.687660,3.370237,0.065639
2.687660,9.431917,-0.093061
2.687660,2.849561,-0.021937
2.687660,2.705973,0.005131
2.687660,4.310626,0.108619
2.687660,5.699542,-0.128961
2.687660,2.742672,-0.009755
2.687660,2.792539,0.015636
2.687660,7.568116,0.120960
2.687660,3.679220,-0.083781
2.687660,2.692635,-0.002408
2.687660,3.006556,0.037220
2.687660,11.722400,0.009380
2.687660,3.049524,-0.041045
2.687660,2.692109,0.002030
2.687660,3.616069,0.080448
2.687660,7.876267,-0.117486
2.687660,2.801240,-0.016612
2.687660,2.737552,0.009111
2.687660,5.501584,0.127963
2.687660,4.424793,-0.111763
2.687660,2.709059,-0.005525
2.687660,2.844636,0.021405
2.687660,9.288673,0.095797
2.687660,3.389395,-0.066906
2.687660,2.689665,-0.000717
2.687660,3.189983,0.052639
2.687660,10.894202,-0.056590
2.687660,2.914322,-0.028532
2.687660,2.694011,0.003253
2.687660,3.824946,0.090814
2.687660,6.968390,-0.126248
2.687660,2.775902,-0.013780
2.687660,2.748541,0.010540
2.687660,5.935333,0.129561
2.687660,4.192538,-0.104990
2.687660,2.702371,-0.004764
2.687660,2.842616,0.021247
2.687660,9.237556,0.096750
2.687660,3.396226,-0.067369
2.687660,2.687741,-0.000991
2.687660,3.121246,0.047159
2.687660,11.398899,-0.036063
2.687660,2.952188,-0.032219
2.687660,2.688290,0.002300
2.687660,3.590745,0.079089
2.687660,8.007874,-0.115866
2.687660,2.804235,-0.017114
2.687660,2.713760,0.006372
2.687660,4.638215,0.116775
2.687660,5.193169,-0.125380
2.687660,2.728675,-0.008196
2.687660,2.789038,0.015363
2.687660,7.462594,0.122041
2.687660,3.702296,-0.084971
2.687660,2.690720,-0.002792
2.687660,2.924379,0.029536
2.687660,11.053977,0.050986
2.687660,3.169653,-0.051056
2.687660,2.688429,0.000720
2.687660,3.369433,0.065592
2.687660,9.437639,-0.092950
2.687660,2.849652,-0.021970
2.687660,2.702985,0.004783
2.687660,4.206038,0.105424
2.687660,5.906615,-0.129519
2.687660,2.747928,-0.010433
2.687660,2.780908,0.014332
2.687660,7.149156,0.124874
2.687660,3.777296,-0.088611
2.687660,2.693571,-0.002977
2.687660,2.944506,0.031449
2.687660,11.314548,0.040216
2.687660,3.134147,-0.048190
2.687660,2.690839,0.001261
2.687660,3.485444,0.072961
2.687660,8.627007,-0.107117
2.687660,2.823337,-0.019079
2.687660,2.722210,0.007199
2.687660,4.918327,0.121824
2.687660,4.878620,-0.121201
2.687660,2.721155,-0.007067
2.687660,2.824850,0.019247
2.687660,8.676259,0.106345
2.687660,3.477782,-0.072496
2.687660,2.690748,-0.001218
2.687660,3.138656,0.048557
2.687660,11.283406,-0.041648
2.687660,2.941809,-0.031191
2.687660,2.693606,0.003001
2.687660,3.781402,0.088804
2.687660,7.133029,-0.125005
2.687660,2.780461,-0.014283
2.687660,2.748009,0.010446
2.687660,5.910144,0.129524
2.687660,4.204368,-0.105371
2.687660,2.702921,-0.004779
2.687660,2.849140,0.021917
2.687660,9.423367,0.093228
2.687660,3.371313,-0.065718
2.687660,2.688371,-0.000740
2.687660,3.165939,0.050763
2.687660,11.082494,-0.049920
2.687660,2.926323,-0.029726
2.687660,2.690482,0.002749
2.687660,3.692149,0.084459
2.687660,7.508098,-0.121584
2.687660,2.790279,-0.015509
2.687660,2.727248,0.008024
2.687660,5.139910,0.124790
2.687660,4.680538,-0.117643
2.687660,2.714897,-0.006514
2.687660,2.802711,0.016942
2.687660,7.954592,0.116535
2.687660,3.600767,-0.079641
2.687660,2.688468,-0.002349
2.687660,2.948391,0.031858
2.687660,11.359612,0.038055
2.687660,3.127299,-0.047655
2.687660,2.687788,0.000953
2.687660,3.391584,0.067064
2.687660,9.271674,-0.096117
2.687660,2.843788,-0.021369
2.687660,2.702238,0.004740
2.687660,4.186576,0.104796
2.687660,5.948217,-0.129576
2.687660,2.748888,-0.010580
2.687660,2.775794,0.013766
2.687660,6.964049,0.126278
2.687660,3.826140,-0.090868
2.687660,2.694061,-0.003255
2.687660,2.914781,0.028577
2.687660,10.901760,0.056338
2.687660,3.189043,-0.052566
2.687660,2.689714,0.000730
2.687660,3.391959,0.067074
2.687660,9.269777,-0.096149
2.687660,2.843996,-0.021335
2.687660,2.709462,0.005577
2.687660,4.439723,0.112149
2.687660,5.477590,-0.127809
2.687660,2.736929,-0.009033
2.687660,2.802267,0.016727
2.687660,7.912214,0.117050
2.687660,3.609120,-0.080071
2.687660,2.692057,-0.001987
2.687660,3.054456,0.041475
2.687660,11.711191,-0.011395
2.687660,3.002218,-0.036826
2.687660,2.692701,0.002448
2.687660,3.686059,0.084131
2.687660,7.536657,-0.121287
2.687660,2.791661,-0.015537
2.687660,2.743189,0.009820
2.687660,5.719579,0.129036
2.687660,4.299893,-0.108305
2.687660,2.705683,-0.005093
2.687660,2.850066,0.021992
2.687660,9.446340,0.092779
2.687660,3.368335,-0.065513
2.687660,2.689220,-0.000619
2.687660,3.196324,0.053134
2.687660,10.842916,-0.058277
2.687660,2.911256,-0.028236
2.687660,2.693430,0.003207
2.687660,3.808441,0.090065
2.687660,7.029313,-0.125808
2.687660,2.777457,-0.013980
2.687660,2.744701,0.010097
2.687660,5.792582,0.129272
2.687660,4.261850,-0.107173
2.687660,2.703986,-0.005037
2.687660,2.831189,0.020043
2.687660,8.893938,0.102805
2.687660,3.444803,-0.070482
2.687660,2.687398,-0.001377
2.687660,3.063110,0.042261
2.687660,11.686272,-0.014948
2.687660,2.994442,-0.036159
2.687660,2.687367,0.001879
2.687660,3.515312,0.074777
2.687660,8.439145,-0.109963
2.687660,2.816945,-0.018519
2.687660,2.707052,0.005500
2.687660,4.385768,0.110735
2.687660,5.566026,-0.128346
2.687660,2.738617,-0.009388
2.687660,2.780484,0.014357
2.687660,7.145737,0.124904
2.687660,3.778065,-0.088656
2.687660,2.692462,-0.003111
2.687660,2.908904,0.028013
2.687660,10.802822,0.059563
2.687660,3.201232,-0.053517
2.687660,2.688639,0.000515
2.687660,3.344280,0.063891
2.687660,9.631566,-0.089060
2.687660,2.856679,-0.022701
2.687660,2.701800,0.004592
2.687660,4.156837,0.103808
2.687660,6.014066,-0.129629
2.687660,2.750771,-0.010771
2.687660,2.778363,0.014033
2.687660,7.054213,0.125620
2.687660,3.801897,-0.089758
2.687660,2.694070,-0.003088
2.687660,2.937432,0.030769
2.687660,11.230017,0.043995
2.687660,3.146201,-0.049166
2.687660,2.690831,0.001172
2.687660,3.472755,0.072188
2.687660,8.708965,-0.105826
2.687660,2.825884,-0.019356
2.687660,2.721114,0.007054
2.687660,4.875902,0.121157
2.687660,4.921105,-0.121866
2.687660,2.722314,-0.007205
2.687660,2.824144,0.019163
2.687660,8.652546,0.106718
2.687660,3.481469,-0.072719
2.687660,2.690931,-0.001222
2.687660,3.140976,0.048744
2.687660,11.267220,-0.042372
2.687660,2.940465,-0.031060
2.687660,2.694010,0.003058
2.687660,3.796576,0.089511
2.687660,7.074447,-0.125465
2.687660,2.778919,-0.014095
2.687660,2.750582,0.010746
2.687660,6.006441,0.129624
2.687660,4.160229,-0.103922
2.687660,2.701907,-0.004603
2.687660,2.856965,0.022730
2.687660,9.639114,0.088905
2.687660,3.343319,-0.063825
2.687660,2.688695,-0.000502
2.687660,3.203960,0.053726
2.687660,10.780595,-0.060263
2.687660,2.907656,-0.027889
2.687660,2.692710,0.003150
2.687660,3.787846,0.089114
2.687660,7.107607,-0.125210
2.687660,2.779470,-0.014235
2.687660,2.740028,0.009555
2.687660,5.618907,0.128617
2.687660,4.355146,-0.109894
2.687660,2.706264,-0.005390
2.687660,2.819463,0.018792
2.687660,8.521727,0.108734
2.687660,3.501894,-0.073980
2.687660,2.687305,-0.001791
2.687660,3.005274,0.037145
2.687660,11.720040,0.009863
2.687660,3.050481,-0.041165
2.687660,2.687344,0.001463
2.687660,3.456091,0.071187
2.687660,8.817633,-0.104073
2.687660,2.828734,-0.019783
2.687660,2.704359,0.005099
2.687660,4.277722,0.107653
2.687660,5.761614,-0.129181
2.687660,2.743864,-0.010001
2.687660,2.777701,0.014013
2.687660,7.039151,0.125735
2.687660,3.805813,-0.089945
2.687660,2.693311,-0.003203
2.687660,2.909946,0.028109
2.687660,10.820409,0.059002
2.687660,3.199093,-0.053349
2.687660,2.689096,0.000584
2.687660,3.361423,0.065050
2.687660,9.499029,-0.091741
2.687660,2.851924,-0.022191
2.687660,2.704685,0.004963
2.687660,4.262831,0.107197
2.687660,5.790839,-0.129264
2.687660,2.745030,-0.010050
2.687660,2.788568,0.015188
2.687660,7.425420,0.122402
2.687660,3.710884,-0.085385
2.687660,2.692959,-0.002590
2.687660,2.987079,0.035440
2.687660,11.653386,0.018598
2.687660,3.072680,-0.043049
2.687660,2.691862,0.001831
2.687660,3.583478,0.078657
2.687660,8.048555,-0.115340
2.687660,2.806187,-0.017165
2.687660,2.734481,0.008726
2.687660,5.383520,0.127130
2.687660,4.500808,-0.113670
2.687660,2.711104,-0.005786
2.687660,2.841332,0.021047
2.687660,9.190464,0.097611
2.687660,3.402820,-0.067781
2.687660,2.689898,-0.000785
2.687660,3.184351,0.052199
2.687660,10.939290,-0.055065
2.687660,2.917089,-0.028801
2.687660,2.694187,0.003253
2.687660,3.827917,0.090947
2.687660,6.957617,-0.126323
2.687660,2.775650,-0.013742
2.687660,2.749877,0.010692
2.687660,5.984648,0.129611
2.687660,4.169966,-0.104248
2.687660,2.701882,-0.004670
2.687660,2.847517,0.021758
2.687660,9.378724,0.094091
2.687660,3.377208,-0.066114
2.687660,2.687960,-0.000830
2.687660,3.146916,0.049246
2.687660,11.223910,-0.044260
2.687660,2.936736,-0.030740
2.687660,2.689182,0.002519
2.687660,3.637154,0.081606
2.687660,7.768543,-0.118761
2.687660,2.797456,-0.016344
2.687660,2.719323,0.007063
2.687660,4.845254,0.120663
2.687660,4.952594,-0.122345
2.687660,2.722212,-0.007415
2.687660,2.794631,0.016017
2.687660,7.666824,0.119905
2.687660,3.658034,-0.082705
2.687660,2.689654,-0.002609
2.687660,2.932094,0.030290
2.687660,11.163281,0.046769
2.687660,3.155208,-0.049911
2.687660,2.688102,0.000786
2.687660,3.373396,0.065859
2.687660,9.407494,-0.093536
2.687660,2.848545,-0.021862
2.687660,2.702117,0.004690
2.687660,4.177024,0.104481
2.687660,5.969094,-0.129597
2.687660,2.749498,-0.010639
2.687660,2.776973,0.013890
2.687660,7.005794,0.125980
2.687660,3.814796,-0.090352
2.687660,2.694027,-0.003181
2.687660,2.924183,0.029492
2.687660,11.049021,0.051166
2.687660,3.170379,-0.051100
2.687660,2.690178,0.000920
2.687660,3.426344,0.069293
2.687660,9.022784,-0.100598
2.687660,2.835809,-0.020448
2.687660,2.714271,0.006193
2.687660,4.619603,0.116373
2.687660,5.217589,-0.125629
2.687660,2.730129,-0.008185
2.687660,2.812487,0.017870
2.687660,8.264842,0.112446
2.687660,3.544933,-0.076473
2.687660,2.691514,-0.001601
2.687660,3.098453,0.045236
2.687660,11.534114,-0.028152
2.687660,2.967793,-0.033649
2.687660,2.693286,0.002771
2.687660,3.742583,0.086948
2.687660,7.289835,-0.123669
2.687660,2.784814,-0.014765
2.687660,2.746969,0.010296
2.687660,5.866600,0.129447
2.687660,4.225219,-0.106033
2.687660,2.703643,-0.004834
2.687660,2.852993,0.022309
2.687660,9.529553,0.091132
2.687660,3.357438,-0.064783
2.687660,2.688885,-0.000580
2.687660,3.196195,0.053127
2.687660,10.843826,-0.058248
2.687660,2.911280,-0.028244
2.687660,2.692731,0.003125
2.687660,3.784641,0.088964
2.687660,7.120071,-0.125111
2.687660,2.779832,-0.014272
2.687660,2.740432,0.009598
2.687660,5.633242,0.128684
2.687660,4.347037,-0.109666
2.687660,2.706092,-0.005357
2.687660,2.821254,0.018983
2.687660,8.579531,0.107855
2.687660,3.492679,-0.073426
2.687660,2.687345,-0.001722
2.687660,3.015369,0.038056
2.687660,11.738711,0.005251
2.687660,3.039404,-0.040194
2.687660,2.687367,0.001547
2.687660,3.468372,0.071946
2.687660,8.736175,-0.105397
2.687660,2.826154,-0.019507
2.687660,2.705087,0.005203
2.687660,4.306186,0.108496
2.687660,5.707591,-0.128995
2.687660,2.742433,-0.009830
2.687660,2.778979,0.014163
2.687660,7.086925,0.125371
2.687660,3.793233,-0.089363
2.687660,2.693037,-0.003149
2.687660,2.912953,0.028406
2.687660,10.872006,0.057327
2.687660,3.192717,-0.052856
2.687660,2.689116,0.000633
2.687660,3.368565,0.065529
2.687660,9.444539,-0.092814
2.687660,2.849988,-0.021986
2.687660,2.705335,0.005053
2.687660,4.287786,0.107948
2.687660,5.742494,-0.129115
2.687660,2.743769,-0.009895
2.687660,2.790297,0.015385
2.687660,7.487994,0.121783
2.687660,3.696791,-0.084677
2.687660,2.692778,-0.002513
2.687660,2.994581,0.036130
2.687660,11.685769,0.014994
2.687660,3.063441,-0.042254
2.687660,2.691922,0.001906
2.687660,3.595167,0.079305
2.687660,7.985665,-0.116140
2.687660,2.804368,-0.016963
2.687660,2.735452,0.008850
2.687660,5.421126,0.127416
2.687660,4.475884,-0.113061
2.687660,2.710421,-0.005702
2.687660,2.842021,0.021123
2.687660,9.211362,0.097229
2.687660,3.399938,-0.067595
2.687660,2.689785,-0.000778
2.687660,3.183532,0.052136
2.687660,10.945750,-0.054844
2.687660,2.917481,-0.028841
2.687660,2.693923,0.003219
2.687660,3.818491,0.090521
2.687660,6.992075,-0.126080
2.687660,2.776549,-0.013853
2.687660,2.748275,0.010505
2.687660,5.924771,0.129546
2.687660,4.197466,-0.105150
2.687660,2.702518,-0.004780
2.687660,2.842802,0.021265
2.687660,9.242819,0.096653
2.687660,3.395511,-0.067321
2.687660,2.687792,-0.000980
2.687660,3.123606,0.047352
2.687660,11.383751,-0.036844
2.687660,2.950699,-0.032077
2.687660,2.688410,0.002325
2.687660,3.596344,0.079398
2.687660,7.978004,-0.116243
2.687660,2.803384,-0.017017
2.687660,2.714516,0.006465
2.687660,4.666169,0.117352
2.687660,5.157737,-0.124993
2.687660,2.727731,-0.008081
2.687660,2.790000,0.015475
2.687660,7.497656,0.121690
2.687660,3.694465,-0.084576
2.687660,2.690557,-0.002757
2.687660,2.926560,0.029749
2.687660,11.085858,0.049792
2.687660,3.165502,-0.050728
2.687660,2.688421,0.000749
2.687660,3.373385,0.065856
2.687660,9.407725,-0.093532
2.687660,2.848596,-0.021859
2.687660,2.703251,0.004822
2.687660,4.216476,0.105757
2.687660,5.884690,-0.129482
2.687660,2.747353,-0.010364
2.687660,2.781585,0.014410
2.687660,7.174111,0.124669
2.687660,3.770989,-0.088313
2.687660,2.693464,-0.002946
2.687660,2.947005,0.031688
2.687660,11.342353,0.038894
2.687660,3.130036,-0.047855
2.687660,2.690874,0.001295
2.687660,3.490868,0.073289
2.687660,8.592494,-0.107650
2.687660,2.822278,-0.018963
2.687660,2.722819,0.007277
2.687660,4.941499,0.122174
2.687660,4.856095,-0.120835
2.687660,2.720550,-0.006993
2.687660,2.825526,0.019322
2.687660,8.698329,0.105996
2.687660,3.474377,-0.072289
2.687660,2.690678,-0.001202
2.687660,3.139708,0.048643
2.687660,11.276037,-0.041979
2.687660,2.941183,-0.031132
2.687660,2.693533,0.002997
2.687660,3.779602,0.088720
2.687660,7.140067,-0.124948
2.687660,2.780639,-0.014306
2.687660,2.747493,0.010387
2.687660,5.891003,0.129493
2.687660,4.213450,-0.105662
2.687660,2.703125,-0.004816
2.687660,2.847399,0.021736
2.687660,9.374056,0.094180
2.687660,3.377850,-0.066154
2.687660,2.688293,-0.000796
2.687660,3.157020,0.050054
2.687660,11.149870,-0.047307
2.687660,2.931117,-0.030193
2.687660,2.690049,0.002663
2.687660,3.672397,0.083450
2.687660,7.598915,-0.120640
2.687660,2.792774,-0.015798
2.687660,2.724662,0.007710
2.687660,5.043254,0.123603
2.687660,4.762251,-0.119210
2.687660,2.717102,-0.006786
2.687660,2.800281,0.016665
2.687660,7.868679,0.117584
2.687660,3.617296,-0.080541
2.687660,2.688821,-0.002423
2.687660,2.943978,0.031435
2.687660,11.310893,0.040391
2.687660,3.134548,-0.048246
2.687660,2.687918,0.000915
2.687660,3.388441,0.066857
2.687660,9.294946,-0.095681
2.687660,2.844605,-0.021452
2.687660,2.702506,0.004765
2.687660,4.195007,0.105070
2.687660,5.930051,-0.129553
2.687660,2.748439,-0.010519
2.687660,2.777154,0.013918
2.687660,7.013650,0.125923
2.687660,3.812672,-0.090255
2.687660,2.693890,-0.003183
2.687660,2.921825,0.029264
2.687660,11.013661,0.052454
2.687660,3.174920,-0.051459
2.687660,2.689989,0.000865
2.687660,3.415441,0.068597
2.687660,9.099760,-0.099244
2.687660,2.838316,-0.020722
2.687660,2.712558,0.005977
2.687660,4.555810,0.114963
2.687660,5.304066,-0.126461
2.687660,2.732390,-0.008469
2.687660,2.808938,0.017475
2.687660,8.143776,0.114093
2.687660,3.566198,-0.077687
2.687660,2.691674,-0.001732
2.687660,3.083165,0.043945
2.687660,11.609638,-0.022574
2.687660,2.978947,-0.034689
2.687660,2.693022,0.002657
2.687660,3.721698,0.085923
2.687660,7.378356,-0.122853
2.687660,2.787250,-0.015042
2.687660,2.745374,0.010099
2.687660,5.805085,0.129304
2.687660,4.255616,-0.106977
2.687660,2.704448,-0.004943
2.687660,2.850969,0.022094
2.687660,9.472818,0.092259
2.687660,3.364841,-0.065281
2.687660,2.688948,-0.000626
2.687660,3.190943,0.052719
2.687660,10.886213,-0.056857
2.687660,2.913783,-0.028490
2.687660,2.692611,0.003093
2.687660,3.777853,0.088645
2.687660,7.146623,-0.124897
2.687660,2.780553,-0.014355
2.687660,2.739876,0.009530
2.687660,5.612017,0.128583
2.687660,4.359082,-0.110003
2.687660,2.706417,-0.005398
2.687660,2.820727,0.018924
2.687660,8.562228,0.108120
2.687660,3.495427,-0.073591
2.687660,2.687389,-0.001736
2.687660,3.014146,0.037946
2.687660,11.737071,0.005804
2.687660,3.040717,-0.040309
2.687660,2.687410,0.001543
2.687660,3.468439,0.071950
2.687660,8.735749,-0.105403
2.687660,2.826148,-0.019504
2.687660,2.705286,0.005226
2.687660,4.313151,0.108698
2.687660,5.694661,-0.128945
2.687660,2.742102,-0.009788
2.687660,2.779620,0.014236
2.687660,7.110343,0.125187
2.687660,3.787162,-0.089080
2.687660,2.692948,-0.003117
2.687660,2.915785,0.028683
2.687660,10.918990,0.055758
2.687660,3.186865,-0.052400
2.687660,2.689211,0.000687
2.687660,3.377652,0.066134
2.687660,9.375955,-0.094143
2.687660,2.847591,-0.021731
2.687660,2.706416,0.005197
2.687660,4.328410,0.109132
2.687660,5.666901,-0.128829
2.687660,2.741806,-0.009652
2.687660,2.793311,0.015726
2.687660,7.596221,0.120663
2.687660,3.673171,-0.083470
2.687660,2.692521,-0.002379
2.687660,3.008610,0.037407
2.687660,11.726924,0.008432
2.687660,3.047224,-0.040844
2.687660,2.692058,0.002041
2.687660,3.616752,0.080486
2.687660,7.872736,-0.117529
2.687660,2.801126,-0.016602
2.687660,2.737257,0.009079
2.687660,5.490953,0.127896
2.687660,4.431372,-0.111934
2.687660,2.709208,-0.005551
2.687660,2.843468,0.021283
2.687660,9.254768,0.096429
2.687660,3.393992,-0.067208
2.687660,2.689599,-0.000758
2.687660,3.183358,0.052124
2.687660,10.947063,-0.054799
2.687660,2.917547,-0.028850
2.687660,2.693548,0.003174
2.687660,3.805660,0.089936
2.687660,7.039811,-0.125730
2.687660,2.777793,-0.014007
2.687660,2.745955,0.010236
2.687660,5.838146,0.129388
2.687660,4.239064,-0.106470
2.687660,2.703499,-0.004943
2.687660,2.836284,0.020580
2.687660,9.049234,0.100140
2.687660,3.422420,-0.069063
2.687660,2.687598,-0.001195
2.687660,3.091178,0.044655
2.687660,11.570840,-0.025600
2.687660,2.972631,-0.034144
2.687660,2.687733,0.002083
2.687660,3.550453,0.076821
2.687660,8.231436,-0.112914
2.687660,2.810744,-0.017839
2.687660,2.709958,0.005883
2.687660,4.495553,0.113551
2.687660,5.391102,-0.127195
2.687660,2.733968,-0.008830
2.687660,2.784686,0.014850
2.687660,7.301669,0.123566
2.687660,3.739610,-0.086816
2.687660,2.691615,-0.002945
2.687660,2.917880,0.028898
2.687660,10.953660,0.054572
2.687660,3.182479,-0.052063
2.687660,2.688636,0.000651
2.687660,3.363187,0.065172
2.687660,9.485317,-0.092013
2.687660,2.851373,-0.022145
2.687660,2.703235,0.004799
2.687660,4.212808,0.105640
2.687660,5.892384,-0.129495
2.687660,2.747596,-0.010384
2.687660,2.782552,0.014514
2.687660,7.208405,0.124380
2.687660,3.762437,-0.087905
2.687660,2.693448,-0.002889
2.687660,2.954438,0.032392
2.687660,11.418826,0.035003
2.687660,3.118243,-0.046885
2.687660,2.691151,0.001414
2.687660,3.512286,0.074568
2.687660,8.459203,-0.109661
2.687660,2.818254,-0.018514
2.687660,2.725862,0.007655
2.687660,5.056100,0.123763
2.687660,4.751215,-0.118999
2.687660,2.717769,-0.006640
2.687660,2.829940,0.019807
2.687660,8.839531,0.103707
2.687660,3.453032,-0.070972
2.687660,2.690459,-0.001076
2.687660,3.153403,0.049748
2.687660,11.177456,-0.046191
2.687660,2.933333,-0.030378
2.687660,2.693746,0.003080
2.687660,3.795323,0.089455
2.687660,7.079153,-0.125430
2.687660,2.778973,-0.014117
2.687660,2.748389,0.010500
2.687660,5.925939,0.129547
2.687660,4.196941,-0.105132
2.687660,2.702667,-0.004759
2.687660,2.847866,0.021788
2.687660,9.387759,0.093917
2.687660,3.376021,-0.066033
2.687660,2.688203,-0.000793
2.687660,3.155894,0.049965
2.687660,11.158224,-0.046973
2.687660,2.931727,-0.030253
2.687660,2.689853,0.002635
2.687660,3.665153,0.083075
2.687660,7.632964,-0.120274
2.687660,2.793705,-0.015908
2.687660,2.723451,0.007564
2.687660,4.998393,0.122999
2.687660,4.802505,-0.119932
2.687660,2.718180,-0.006921
2.687660,2.798897,0.016508
2.687660,7.819717,0.118166
2.687660,3.626922,-0.081059
2.687660,2.688995,-0.002470
2.687660,2.940429,0.031095
2.687660,11.269376,0.042281
2.687660,3.140531,-0.048731
2.687660,2.687942,0.000874
2.687660,3.383124,0.066506
2.687660,9.334444,-0.094936
2.687660,2.845973,-0.021596
2.687660,2.702228,0.004722
2.687660,4.183756,0.104703
2.687660,5.954360,-0.129583
2.687660,2.749081,-0.010596
2.687660,2.776525,0.013844
2.687660,6.990180,0.126093
2.687660,3.819013,-0.090544
2.687660,2.694017,-0.003211
2.687660,2.919976,0.029083
2.687660,10.985094,0.053472
2.687660,3.178564,-0.051746
2.687660,2.689961,0.000835
2.687660,3.410816,0.068299
2.687660,9.132806,-0.098654
2.687660,2.839410,-0.020840
2.687660,2.712047,0.005910
2.687660,4.536446,0.114516
2.687660,5.331500,-0.126703
2.687660,2.733114,-0.008558
2.687660,2.808032,0.017373
2.687660,8.112454,0.114508
2.687660,3.571828,-0.078005
2.687660,2.691741,-0.001763
2.687660,3.079946,0.043671
2.687660,11.623817,-0.021367
2.687660,2.981402,-0.034916
2.687660,2.693015,0.002638
2.687660,3.718834,0.085781
2.687660,7.390741,-0.122736
2.687660,2.787600,-0.015080
2.687660,2.745361,0.010095
2.687660,5.804198,0.129301
2.687660,4.256065,-0.106991
2.687660,2.704479,-0.004942
2.687660,2.851536,0.022152
2.687660,9.488511,0.091949
2.687660,3.362791,-0.065143
2.687660,2.689004,-0.000605
2.687660,3.194781,0.053016
2.687660,10.855308,-0.057874
2.687660,2.911960,-0.028310
2.687660,2.692908,0.003141
2.687660,3.789931,0.089210
2.687660,7.099608,-0.125272
2.687660,2.779302,-0.014205
2.687660,2.741567,0.009730
2.687660,5.675485,0.128869
2.687660,4.323579,-0.109000
2.687660,2.705510,-0.005269
2.687660,2.823912,0.019267
2.687660,8.664943,0.106529
2.687660,3.479307,-0.072616
2.687660,2.687346,-0.001627
2.687660,3.028215,0.039204
2.687660,11.746044,-0.000446
2.687660,3.026172,-0.039022
2.687660,2.687344,0.001642
2.687660,3.481367,0.072741
2.687660,8.651664,-0.106737
2.687660,2.823497,-0.019223
2.687660,2.705594,0.005282
2.687660,4.327012,0.109098
2.687660,5.669229,-0.128843
2.687660,2.741399,-0.009711
2.687660,2.779372,0.014214
2.687660,7.102342,0.125251
2.687660,3.789221,-0.089177
2.687660,2.692883,-0.003139
2.687660,2.911810,0.028295
2.687660,10.852775,0.057957
2.687660,3.195093,-0.053041
2.687660,2.688984,0.000600
2.687660,3.361822,0.065078
2.687660,9.495925,-0.091803
2.687660,2.851799,-0.022181
2.687660,2.704333,0.004923
2.687660,4.250656,0.106825
2.687660,5.814967,-0.129329
2.687660,2.745639,-0.010130
2.687660,2.787124,0.015026
2.687660,7.373562,0.122898
2.687660,3.722812,-0.085978
2.687660,2.693059,-0.002661
2.687660,2.979082,0.034701
2.687660,11.610427,0.022509
2.687660,3.082991,-0.043930
2.687660,2.691706,0.001737
2.687660,3.567463,0.077758
2.687660,8.136722,-0.114187
2.687660,2.808737,-0.017451
2.687660,2.732650,0.008500
2.687660,5.313762,0.126548
2.687660,4.548921,-0.114805
2.687660,2.712382,-0.005952
2.687660,2.838866,0.020780
2.687660,9.116310,0.098949
2.687660,3.413122,-0.068447
2.687660,2.689995,-0.000847
2.687660,3.177398,0.051654
2.687660,10.994266,-0.053148
2.687660,2.920567,-0.029141
2.687660,2.694025,0.003208
2.687660,3.818617,0.090526
2.687660,6.991647,-0.126082
2.687660,2.776569,-0.013848
2.687660,2.749176,0.010606
2.687660,5.957812,0.129586
2.687660,4.182173,-0.104651
2.687660,2.702198,-0.004715
2.687660,2.846445,0.021645
2.687660,9.347963,0.094679
2.687660,3.381314,-0.066386
2.687660,2.687968,-0.000858
2.687660,3.143151,0.048943
2.687660,11.250865,-0.043098
2.687660,2.938904,-0.030948
2.687660,2.689101,0.002494
2.687660,3.632140,0.081339
2.687660,7.793515,-0.118472
2.687660,2.798161,-0.016424
2.687660,2.718838,0.007002
2.687660,4.826990,0.120355
2.687660,4.971937,-0.122626
2.687660,2.722739,-0.007478
2.687660,2.794330,0.015981
2.687660,7.655666,0.120027
2.687660,3.660372,-0.082827
2.687660,2.689737,-0.002616
2.687660,2.932532,0.030331
2.687660,11.169084,0.046535
2.687660,3.154428,-0.049848
2.687660,2.688162,0.000799
2.687660,3.376164,0.066043
2.687660,9.386663,-0.093938
2.687660,2.847822,-0.021784
2.687660,2.702530,0.004744
2.687660,4.192215,0.104978
2.687660,5.936077,-0.129561
2.687660,2.748646,-0.010533
2.687660,2.778403,0.014053
2.687660,7.058349,0.125589
2.687660,3.800784,-0.089708
2.687660,2.693817,-0.003110
2.687660,2.930509,0.030105
2.687660,11.139392,0.047719
2.687660,3.158520,-0.050157
2.687660,2.690369,0.001028
2.687660,3.444788,0.070458
2.687660,8.895338,-0.102777
2.687660,2.831709,-0.020001
2.687660,2.716670,0.006500
2.687660,4.709870,0.118214
2.687660,5.104559,-0.124367
2.687660,2.727145,-0.007814
2.687660,2.816516,0.018321
2.687660,8.401058,0.110513
2.687660,3.521869,-0.075133
2.687660,2.691261,-0.001469
2.687660,3.112525,0.046411
2.687660,11.453939,-0.033066
2.687660,2.958178,-0.032746
2.687660,2.693405,0.002856
2.687660,3.756953,0.087642
2.687660,7.230638,-0.124190
2.687660,2.783170,-0.014583
2.687660,2.747459,0.010364
2.687660,5.886592,0.129485
2.687660,4.215579,-0.105728
2.687660,2.703334,-0.004806
2.687660,2.851962,0.022205
2.687660,9.501491,0.091692
2.687660,3.361080,-0.065030
2.687660,2.688711,-0.000627
2.687660,3.186996,0.052414
2.687660,10.917744,-0.055801
2.687660,2.915667,-0.028679
2.687660,2.691958,0.003002
2.687660,3.753614,0.087493
2.687660,7.243764,-0.124080
2.687660,2.783131,-0.014666
2.687660,2.735966,0.009069
2.687660,5.465894,0.127736
2.687660,4.446931,-0.112341
2.687660,2.708678,-0.005713
2.687660,2.813644,0.018157
2.687660,8.329026,0.111552
2.687660,3.533688,-0.075853
2.687660,2.687573,-0.001984
2.687660,2.983484,0.035151
2.687660,11.636549,0.020233
2.687660,3.076748,-0.043431
2.687660,2.687538,0.001293
2.687660,3.435345,0.069885
2.687660,8.958943,-0.101704
2.687660,2.833317,-0.020266
2.687660,2.704036,0.005027
2.687660,4.261209,0.107153
2.687660,5.793865,-0.129276
2.687660,2.744772,-0.010097
2.687660,2.778521,0.014096
2.687660,7.067506,0.125520
2.687660,3.798335,-0.089598
2.687660,2.693351,-0.003147
2.687660,2.918105,0.028906
2.687660,10.956095,0.054487
2.687660,3.182216,-0.052035
2.687660,2.689527,0.000757
2.687660,3.392775,0.067129
2.687660,9.263683,-0.096263
2.687660,2.843761,-0.021316
2.687660,2.708834,0.005506
2.687660,4.417831,0.111581
2.687660,5.512903,-0.128034
2.687660,2.737820,-0.009151
2.687660,2.800010,0.016478
2.687660,7.833684,0.117995
2.687660,3.624402,-0.080899
2.687660,2.692100,-0.002089
2.687660,3.041330,0.040327
2.687660,11.736416,-0.005972
2.687660,3.014001,-0.037893
2.687660,2.692425,0.002328
2.687660,3.664208,0.083006
2.687660,7.638413,-0.120210
2.687660,2.794490,-0.015859
2.687660,2.741017,0.009554
2.687660,5.636557,0.128695
2.687660,4.345297,-0.109611
2.687660,2.706864,-0.005256
2.687660,2.846594,0.021624
2.687660,9.347131,0.094693
2.687660,3.381503,-0.066389
2.687660,2.689248,-0.000710
2.687660,3.184264,0.052197
2.687660,10.939731,-0.055051
2.687660,2.917063,-0.028808
2.687660,2.692899,0.003102
2.687660,3.784089,0.088936
2.687660,7.122282,-0.125093
2.687660,2.779945,-0.014273
2.687660,2.741886,0.009761
2.687660,5.686358,0.128913
2.687660,4.317654,-0.108829
2.687660,2.705409,-0.005242
2.687660,2.825990,0.019487
2.687660,8.730663,0.105485
2.687660,3.469215,-0.071998
2.687660,2.687429,-0.001546
2.687660,3.040569,0.040296
2.687660,11.737265,-0.005741
2.687660,3.014286,-0.037958
2.687660,2.687409,0.001737
2.687660,3.495954,0.073623
2.687660,8.558922,-0.108170
2.687660,2.820628,-0.018913
2.687660,2.706536,0.005413
2.687660,4.363382,0.110122
2.687660,5.604512,-0.128546
2.687660,2.739681,-0.009506
2.687660,2.780859,0.014390
2.687660,7.157844,0.124805
2.687660,3.775007,-0.088511
2.687660,2.692566,-0.003078
2.687660,2.914996,0.028609
2.687660,10.906321,0.056186
2.687660,3.188438,-0.052524
2.687660,2.688983,0.000648
2.687660,3.368549,0.065529
2.687660,9.444603,-0.092813
2.687660,2.849973,-0.021988
2.687660,2.704867,0.004999
2.687660,4.271422,0.107458
2.687660,5.774015,-0.129216
2.687660,2.744568,-0.009999
2.687660,2.788487,0.015182
2.687660,7.423113,0.122424
2.687660,3.711404,-0.085411
2.687660,2.692897,-0.002601
2.687660,2.984648,0.035217
2.687660,11.641293,0.019777
2.687660,3.075752,-0.043313
2.687660,2.691744,0.001795
2.687660,3.576313,0.078257
2.687660,8.087685,-0.114833
2.687660,2.807306,-0.017293
2.687660,2.733394,0.008595
2.687660,5.342557,0.126797
2.687660,4.528752,-0.114336
2.687660,2.711828,-0.005885
2.687660,2.839348,0.020835
2.687660,9.131202,0.098683
2.687660,3.411036,-0.068313
2.687660,2.689901,-0.000844
2.687660,3.176389,0.051575
2.687660,11.002140,-0.052867
2.687660,2.921068,-0.029191
2.687660,2.693793,0.003177
2.687660,3.810197,0.090143
2.687660,7.022859,-0.125855
2.687660,2.777386,-0.013948
2.687660,2.747771,0.010442
2.687660,5.905242,0.129517
2.687660,4.206656,-0.105446
2.687660,2.702769,-0.004812
2.687660,2.842409,0.021222
2.687660,9.231118,0.096869
2.687660,3.397111,-0.067426
2.687660,2.687830,-0.000987
2.687660,3.123262,0.047324
2.687660,11.385984,-0.036729
2.687660,2.950919,-0.032098
2.687660,2.688463,0.002330
2.687660,3.597893,0.079483
2.687660,7.969795,-0.116345
2.687660,2.803155,-0.016990
2.687660,2.714845,0.006505
2.687660,4.678165,0.117595
2.687660,5.142840,-0.124824
2.687660,2.727337,-0.008032
2.687660,2.790508,0.015533
2.687660,7.516041,0.121503
2.687660,3.690399,-0.084370
2.687660,2.690487,-0.002737
2.687660,2.928136,0.029902
2.687660,11.108349,0.048933
2.687660,3.162547,-0.050493
2.687660,2.688437,0.000772
2.687660,3.376949,0.066093
2.687660,9.380882,-0.094049
2.687660,2.847657,-0.021759
2.687660,2.703576,0.004866
2.687660,4.228915,0.106150
2.687660,5.858946,-0.129432
2.687660,2.746683,-0.010282
2.687660,2.782524,0.014518
2.687660,7.208537,0.124380
2.687660,3.762395,-0.087904
2.687660,2.693336,-0.002902
2.687660,2.950937,0.032062
2.687660,11.383979,0.036827
2.687660,3.123713,-0.047337
2.687660,2.690946,0.001350
2.687660,3.499807,0.073826
2.687660,8.536280,-0.108508
2.687660,2.820564,-0.018774
2.687660,2.723879,0.007411
2.687660,4.981757,0.122758
2.687660,4.818051,-0.120194
2.687660,2.719531,-0.006866
2.687660,2.826783,0.019462
2.687660,8.739082,0.105345
2.687660,3.468140,-0.071907
2.687660,2.690568,-0.001170
2.687660,3.142232,0.048848
2.687660,11.258239,-0.042770
2.687660,2.939696,-0.030990
2.687660,2.693454,0.002999
2.687660,3.778508,0.088669
2.687660,7.144340,-0.124913
2.687660,2.780737,-0.014322
2.687660,2.746886,0.010318
2.687660,5.868627,0.129452
2.687660,4.224202,-0.106003
2.687660,2.703362,-0.004860
2.687660,2.845184,0.021505
2.687660,9.310628,0.095386
2.687660,3.386341,-0.066716
2.687660,2.688189,-0.000868
2.687660,3.145350,0.049118
2.687660,11.235245,-0.043774
2.687660,2.937656,-0.030825
2.687660,2.689532,0.002554
2.687660,3.647975,0.082177
2.687660,7.715423,-0.119365
2.687660,2.796003,-0.016171
2.687660,2.721522,0.007326
2.687660,4.926065,0.121949
2.687660,4.870826,-0.121083
2.687660,2.720035,-0.007144
2.687660,2.797472,0.016340
2.687660,7.768195,0.118765
2.687660,3.637232,-0.081609
2.687660,2.689292,-0.002507
2.687660,2.940139,0.031065
2.687660,11.265747,0.042442
2.687660,3.141055,-0.048772
2.687660,2.688112,0.000891
2.687660,3.388189,0.066839
2.687660,9.296894,-0.095645
2.687660,2.844700,-0.021456
2.687660,2.703208,0.004846
2.687660,4.219397,0.105851
2.687660,5.878576,-0.129471
2.687660,2.747131,-0.010351
2.687660,2.779955,0.014234
2.687660,7.115998,0.125141
2.687660,3.785758,-0.089010
2.687660,2.693531,-0.003040
2.687660,2.935408,0.030579
2.687660,11.204636,0.045069
2.687660,3.149691,-0.049450
2.687660,2.690429,0.001100
2.687660,3.455848,0.071148
2.687660,8.820605,-0.104020
2.687660,2.829333,-0.019743
2.687660,2.717877,0.006657
2.687660,4.755791,0.119084
2.687660,5.050853,-0.123695
2.687660,2.725711,-0.007639
2.687660,2.818077,0.018497
2.687660,8.453631,0.109743
2.687660,3.513194,-0.074622
2.687660,2.691107,-0.001425
2.687660,3.115953,0.046696
2.687660,11.433026,-0.034233
2.687660,2.955916,-0.032533
2.687660,2.693298,0.002860
2.687660,3.755739,0.087585
2.687660,7.235552,-0.124148
2.687660,2.783279,-0.014601
2.687660,2.746637,0.010271
2.687660,5.856336,0.129426
2.687660,4.230193,-0.106190
2.687660,2.703652,-0.004866
2.687660,2.848854,0.021882
2.687660,9.414547,0.093399
2.687660,3.372490,-0.065795
2.687660,2.688552,-0.000727
2.687660,3.170636,0.051133
2.687660,11.046431,-0.051264
2.687660,2.923881,-0.029486
2.687660,2.690987,0.002827
2.687660,3.711873,0.085450
2.687660,7.420359,-0.122455
2.687660,2.787902,-0.015227
2.687660,2.730326,0.008392
2.687660,5.254533,0.126004
2.687660,4.591635,-0.115774
2.687660,2.712524,-0.006212
2.687660,2.806430,0.017359
2.687660,8.083730,0.114891
2.687660,3.576767,-0.078311
2.687660,2.688105,-0.002224
2.687660,2.959532,0.032914
2.687660,11.468180,0.032254
2.687660,3.109981,-0.046228
2.687660,2.687726,0.001072
2.687660,3.407330,0.068091
2.687660,9.156876,-0.098224
2.687660,2.839886,-0.020958
2.687660,2.703050,0.004864
2.687660,4.219319,0.105850
2.687660,5.878692,-0.129472
2.687660,2.747051,-0.010361
2.687660,2.777520,0.013969
2.687660,7.028588,0.125813
2.687660,3.808659,-0.090073
2.687660,2.693699,-0.003177
2.687660,2.919509,0.029040
2.687660,10.978021,0.053722
2.687660,3.179453,-0.051817
2.687660,2.689774,0.000806
2.687660,3.403734,0.067842
2.687660,9.183780,-0.097733
2.687660,2.841089,-0.021024
2.687660,2.710706,0.005742
2.687660,4.487013,0.113335
2.687660,5.404200,-0.127290
2.687660,2.735001,-0.008796
2.687660,2.804761,0.017009
2.687660,7.999595,0.115964
2.687660,3.592555,-0.079161
2.687660,2.691868,-0.001894
2.687660,3.064220,0.042322
2.687660,11.683267,-0.015303
2.687660,2.993930,-0.036070
2.687660,2.692735,0.002513
2.687660,3.696017,0.084638
2.687660,7.491461,-0.121748
2.687660,2.790384,-0.015397
2.687660,2.743454,0.009859
2.687660,5.730864,0.129076
2.687660,4.293903,-0.108129
2.687660,2.705475,-0.005078
2.687660,2.848933,0.021876
2.687660,9.414818,0.093393
2.687660,3.372485,-0.065791
2.687660,2.689066,-0.000667
2.687660,3.187241,0.052431
2.687660,10.915923,-0.055862
2.687660,2.915586,-0.028666
2.687660,2.692676,0.003087
2.687660,3.778110,0.088657
2.687660,7.145632,-0.124905
2.687660,2.780544,-0.014350
2.687660,2.740402,0.009590
2.687660,5.631274,0.128675
2.687660,4.348153,-0.109697
2.687660,2.706157,-0.005356
2.687660,2.822304,0.019093
2.687660,8.613022,0.107339
2.687660,3.487406,-0.073107
2.687660,2.687406,-0.001677
2.687660,3.022377,0.038683
2.687660,11.744892,0.002120
2.687660,3.032076,-0.039546
2.687660,2.687414,0.001607
2.687660,3.477565,0.072509
2.687660,8.676234,-0.106351
2.687660,2.824278,-0.019304
2.687660,2.705746,0.005294
2.687660,4.331458,0.109225
2.687660,5.661176,-0.128808
2.687660,2.741208,-0.009683
2.687660,2.780218,0.014308
2.687660,7.132923,0.125007
2.687660,3.781357,-0.088809
2.687660,2.692797,-0.003095
2.687660,2.916391,0.028743
2.687660,10.928942,0.055420
2.687660,3.185615,-0.052303
2.687660,2.689165,0.000690
2.687660,3.377389,0.066117
2.687660,9.377906,-0.094105
2.687660,2.847653,-0.021739
2.687660,2.706227,0.005174
2.687660,4.321696,0.108939
2.687660,5.679137,-0.128880
2.687660,2.742118,-0.009692
2.687660,2.792639,0.015651
2.687660,7.572332,0.120915
2.687660,3.678304,-0.083734
2.687660,2.692558,-0.002411
2.687660,3.004953,0.037075
2.687660,11.718538,0.010120
2.687660,3.051323,-0.041202
2.687660,2.692000,0.002004
2.687660,3.610509,0.080147
2.687660,7.904971,-0.117139
2.687660,2.802045,-0.016705
2.687660,2.736640,0.009002
2.687660,5.467325,0.127741
2.687660,4.446183,-0.112315
2.687660,2.709603,-0.005603
2.687660,2.842709,0.021201
2.687660,9.232317,0.096844
2.687660,3.397058,-0.067408
2.687660,2.689635,-0.000775
2.687660,3.181502,0.051978
2.687660,10.961786,-0.054289
2.687660,2.918471,-0.028941
2.687660,2.693527,0.003165
2.687660,3.803956,0.089857
2.687660,7.046232,-0.125682
2.687660,2.777969,-0.014027
2.687660,2.745901,0.010228
2.687660,5.835943,0.129383
2.687660,4.240152,-0.106504
2.687660,2.703534,-0.004946
2.687660,2.836405,0.020592
2.687660,9.052816,0.100077
2.687660,3.421913,-0.069030
2.687660,2.687614,-0.001189
2.687660,3.092197,0.044741
2.687660,11.565740,-0.025970
2.687660,2.971892,-0.034074
2.687660,2.687763,0.002092
2.687660,3.552241,0.076923
2.687660,8.221199,-0.113055
2.687660,2.810444,-0.017805
2.687660,2.710162,0.005909
2.687660,4.503126,0.113734
2.687660,5.379815,-0.127107
2.687660,2.733670,-0.008794
2.687660,2.785003,0.014887
2.687660,7.313353,0.123460
2.687660,3.736823,-0.086680
2.687660,2.691560,-0.002932
2.687660,2.918730,0.028981
2.687660,10.967178,0.054103
2.687660,3.180772,-0.051929
2.687660,2.688644,0.000664
2.687660,3.365186,0.065306
2.687660,9.470051,-0.092314
2.687660,2.850830,-0.022088
2.687660,2.703417,0.004824
2.687660,4.219746,0.105861
2.687660,5.877907,-0.129469
2.687660,2.747219,-0.010338
2.687660,2.783085,0.014575
2.687660,7.227900,0.124214
2.687660,3.757623,-0.087675
2.687660,2.693379,-0.002864
2.687660,2.956716,0.032608
2.687660,11.440495,0.033821
2.687660,3.114740,-0.046595
2.687660,2.691190,0.001444
2.687660,3.517206,0.074859
2.687660,8.429231,-0.110102
2.687660,2.817353,-0.018415
2.687660,2.726432,0.007727
2.687660,5.077786,0.124038
2.687660,4.732504,-0.118648
2.687660,2.717267,-0.006577
2.687660,2.830593,0.019879
2.687660,8.860285,0.103363
2.687660,3.449953,-0.070781
2.687660,2.690404,-0.001061
2.687660,3.154634,0.049847
2.687660,11.168341,-0.046562
2.687660,2.932645,-0.030312
2.687660,2.693705,0.003081
2.687660,3.794649,0.089424
2.687660,7.081721,-0.125410
2.687660,2.779033,-0.014126
2.687660,2.748073,0.010464
2.687660,5.914272,0.129531
2.687660,4.202411,-0.105308
2.687660,2.702787,-0.004782
2.687660,2.846708,0.021667
2.687660,9.354788,0.094549
2.687660,3.380412,-0.066325
2.687660,2.688148,-0.000831
2.687660,3.149830,0.049479
2.687660,11.202845,-0.045147
2.687660,2.935101,-0.030580
2.687660,2.689583,0.002579
2.687660,3.652418,0.082411
2.687660,7.693857,-0.119606
2.687660,2.795393,-0.016103
2.687660,2.721810,0.007364
2.687660,4.937193,0.122117
2.687660,4.860025,-0.120907
2.687660,2.719734,-0.007110
2.687660,2.797435,0.016339
2.687660,7.767295,0.118775
2.687660,3.637410,-0.081619
2.687660,2.689245,-0.002514
2.687660,2.938506,0.030909
2.687660,11.245916,0.043313
2.687660,3.143850,-0.048998
2.687660,2.688043,0.000862
2.687660,3.383066,0.066501
2.687660,9.334922,-0.094927
2.687660,2.846003,-0.021596
2.687660,2.702593,0.004765
2.687660,4.196468,0.105117
2.687660,5.926934,-0.129549
2.687660,2.748383,-0.010506
2.687660,2.778005,0.014012
2.687660,7.044376,0.125695
2.687660,3.804474,-0.089879
2.687660,2.693816,-0.003135
2.687660,2.927060,0.029772
2.687660,11.091071,0.049592
2.687660,3.164904,-0.050666
2.687660,2.690205,0.000963
2.687660,3.432834,0.069705
2.687660,8.977513,-0.101381
2.687660,2.834337,-0.020289
2.687660,2.714947,0.006282
2.687660,4.645349,0.116916
2.687660,5.184282,-0.125278
2.687660,2.729243,-0.008077
2.687660,2.813461,0.017980
2.687660,8.298153,0.111981
2.687660,3.539209,-0.076143
2.687660,2.691423,-0.001572
2.687660,3.101024,0.045452
2.687660,11.520165,-0.029066
2.687660,2.965987,-0.033481
2.687660,2.693242,0.002779
2.687660,3.743048,0.086971
2.687660,7.287883,-0.123687
2.687660,2.784747,-0.014761
2.687660,2.746614,0.010257
2.687660,5.853652,0.129420
2.687660,4.231515,-0.106231
2.687660,2.703773,-0.004861
2.687660,2.851430,0.022147
2.687660,9.486321,0.091993
2.687660,3.363065,-0.065163
2.687660,2.688794,-0.000631
2.687660,3.187709,0.052469
2.687660,10.912075,-0.055992
2.687660,2.915329,-0.028645
2.687660,2.692154,0.003027
2.687660,3.760641,0.087829
2.687660,7.215212,-0.124326
2.687660,2.782374,-0.014574
2.687660,2.737157,0.009209
2.687660,5.510349,0.128023
2.687660,4.419248,-0.111626
2.687660,2.707962,-0.005615
2.687660,2.815731,0.018384
2.687660,8.398434,0.110557
2.687660,3.522045,-0.075173
2.687660,2.687503,-0.001910
2.687660,2.992342,0.035966
2.687660,11.677968,0.015952
2.687660,3.065664,-0.042481
2.687660,2.687508,0.001371
2.687660,3.445802,0.070544
2.687660,8.887182,-0.102919
2.687660,2.830989,-0.020018
2.687660,2.704511,0.005100
2.687660,4.280490,0.107735
2.687660,5.756300,-0.129164
2.687660,2.743770,-0.009979
2.687660,2.779192,0.014176
2.687660,7.092879,0.125324
2.687660,3.791699,-0.089291
2.687660,2.693180,-0.003121
2.687660,2.918881,0.028983
2.687660,10.968497,0.054056
2.687660,3.180645,-0.051913
2.687660,2.689478,0.000763
2.687660,3.392765,0.067128
2.687660,9.263738,-0.096262
2.687660,2.843756,-0.021317
2.687660,2.708649,0.005484
2.687660,4.411345,0.111411
2.687660,5.523536,-0.128098
2.687660,2.738090,-0.009186
2.687660,2.799379,0.016408
2.687660,7.811592,0.118255
2.687660,3.628773,-0.081134
2.687660,2.692118,-0.002117
2.687660,3.037763,0.040012
2.687660,11.740634,-0.004463
2.687660,3.017344,-0.038194
2.687660,2.692359,0.002296
2.687660,3.658449,0.082706
2.687660,7.665857,-0.119910
2.687660,2.795258,-0.015946
2.687660,2.740467,0.009486
2.687660,5.615506,0.128596
2.687660,4.357214,-0.109944
2.687660,2.707179,-0.005298
2.687660,2.845823,0.021542
2.687660,9.324781,0.095117
2.687660,3.384502,-0.066587
2.687660,2.689266,-0.000729
2.687660,3.181916,0.052014
2.687660,10.958366,-0.054408
2.687660,2.918226,-0.028922
2.687660,2.692826,0.003085
2.687660,3.780364,0.088762
2.687660,7.136827,-0.124976
2.687660,2.780338,-0.014319
2.687660,2.741517,0.009717
2.687660,5.672343,0.128855
2.687660,4.325310,-0.109049
2.687660,2.705609,-0.005269
2.687660,2.825453,0.019429
2.687660,8.713506,0.105759
2.687660,3.471837,-0.072159
2.687660,2.687445,-0.001563
2.687660,3.038548,0.040118
2.687660,11.739698,-0.004887
2.687660,3.016181,-0.038128
2.687660,2.687428,0.001725
2.687660,3.494613,0.073542
2.687660,8.567369,-0.108041
2.687660,2.820893,-0.018941
2.687660,2.706572,0.005415
2.687660,4.364364,0.110149
2.687660,5.602806,-0.128538
2.687660,2.739643,-0.009500
2.687660,2.781100,0.014416
2.687660,7.166524,0.124734
2.687660,3.772816,-0.088407
2.687660,2.692545,-0.003066
2.687660,2.916360,0.028742
2.687660,10.928622,0.055431
2.687660,3.185649,-0.052307
2.687660,2.689037,0.000675
2.687660,3.373149,0.065835
2.687660,9.409788,-0.093491
2.687660,2.848752,-0.021858
2.687660,2.705426,0.005073
2.687660,4.292363,0.108084
2.687660,5.733780,-0.129086
2.687660,2.743525,-0.009869
2.687660,2.790118,0.015367
2.687660,7.481994,0.121843
2.687660,3.698124,-0.084744
2.687660,2.692745,-0.002526
2.687660,2.992275,0.035919
2.687660,11.676630,0.016093
2.687660,3.066228,-0.042496
2.687660,2.691833,0.001875
2.687660,3.589248,0.078978
2.687660,8.017328,-0.115740
2.687660,2.805270,-0.017066
2.687660,2.734618,0.008749
2.687660,5.389636,0.127178
2.687660,4.496703,-0.113571
2.687660,2.710962,-0.005776
2.687660,2.840543,0.020966
2.687660,9.167449,0.098029
2.687660,3.405992,-0.067988
2.687660,2.689790,-0.000821
2.687660,3.177759,0.051684
2.687660,10.991356,-0.053251
2.687660,2.920363,-0.029124
2.687660,2.693647,0.003165
2.687660,3.805986,0.089950
2.687660,7.038617,-0.125739
2.687660,2.777789,-0.014000
2.687660,2.746800,0.010330
2.687660,5.869118,0.129453
2.687660,4.223939,-0.105996
2.687660,2.703168,-0.004881
2.687660,2.839427,0.020909
2.687660,9.143215,0.098470
2.687660,3.409228,-0.068214
2.687660,2.687725,-0.001086
2.687660,3.108084,0.046070
2.687660,11.479317,-0.031599
2.687660,2.960805,-0.033034
2.687660,2.688079,0.002211
2.687660,3.574536,0.078186
2.687660,8.096005,-0.114731
2.687660,2.806788,-0.017398
2.687660,2.712340,0.006189
2.687660,4.584700,0.115621
2.687660,5.263927,-0.126095
2.687660,2.730579,-0.008422
2.687660,2.787737,0.015207
2.687660,7.414202,0.122515
2.687660,3.713282,-0.085520
2.687660,2.691028,-0.002832
2.687660,2.923849,0.029483
2.687660,11.045939,0.051282
2.687660,3.170700,-0.051138
2.687660,2.688572,0.000729
2.687660,3.373094,0.065835
2.687660,9.409994,-0.093487
2.687660,2.848697,-0.021865
2.687660,2.703770,0.004881
2.687660,4.234498,0.106325
2.687660,5.847536,-0.129407
2.687660,2.746411,-0.010242
2.687660,2.783686,0.014647
2.687660,7.250355,0.124019
2.687660,3.752120,-0.087410
2.687660,2.693253,-0.002840
2.687660,2.957878,0.032719
2.687660,11.451263,0.033218
2.687660,3.112964,-0.046449
2.687660,2.691149,0.001452
2.687660,3.517670,0.074886
2.687660,8.426396,-0.110144
2.687660,2.817260,-0.018406
2.687660,2.726258,0.007708
2.687660,5.071593,0.123961
2.687660,4.737810,-0.118748
2.687660,2.717396,-0.006597
2.687660,2.830004,0.019817
2.687660,8.841942,0.103668
2.687660,3.452669,-0.070950
2.687660,2.690380,-0.001083
2.687660,3.151229,0.049574
2.687660,11.193397,-0.045536
2.687660,2.934538,-0.030495
2.687660,2.693513,0.003044
2.687660,3.786102,0.089026
2.687660,7.114658,-0.125152
2.687660,2.779912,-0.014231
2.687660,2.746962,0.010333
2.687660,5.872442,0.129459
2.687660,4.222351,-0.105945
2.687660,2.703269,-0.004858
2.687660,2.843961,0.021379
2.687660,9.275559,0.096044
2.687660,3.391074,-0.067029
2.687660,2.688074,-0.000916
2.687660,3.136996,0.048443
2.687660,11.294090,-0.041166
2.687660,2.942530,-0.031295
2.687660,2.689131,0.002470
2.687660,3.629271,0.081185
2.687660,7.807927,-0.118304
2.687660,2.798586,-0.016468
2.687660,2.719039,0.007022
2.687660,4.833705,0.120469
2.687660,4.964792,-0.122523
2.687660,2.722566,-0.007452
2.687660,2.795090,0.016064
2.687660,7.682356,0.119734
2.687660,3.654808,-0.082536
2.687660,2.689700,-0.002581
2.687660,2.936569,0.030720
2.687660,11.221518,0.044361
2.687660,3.147261,-0.049272
2.687660,2.688257,0.000862
2.687660,3.386632,0.066735
2.687660,9.308498,-0.095426
2.687660,2.845120,-0.021496
2.687660,2.703634,0.004892
2.687660,4.233778,0.106303
2.687660,5.848973,-0.129411
2.687660,2.746385,-0.010254
2.687660,2.781770,0.014438
2.687660,7.181961,0.124604
2.687660,3.769010,-0.088220
2.687660,2.693336,-0.002947
2.687660,2.944788,0.031477
2.687660,11.317842,0.040062
2.687660,3.133658,-0.048151
2.687660,2.690706,0.001249
2.687660,3.481554,0.072726
2.687660,8.651900,-0.106728
2.687660,2.824085,-0.019165
2.687660,2.721272,0.007086
2.687660,4.883707,0.121283
2.687660,4.913154,-0.121745
2.687660,2.722054,-0.007184
2.687660,2.822971,0.019042
2.687660,8.615516,0.107295
2.687660,3.487240,-0.073071
2.687660,2.690774,-0.001281
2.687660,3.130351,0.047881
2.687660,11.340210,-0.038997
2.687660,2.946803,-0.031669
2.687660,2.693317,0.002930
2.687660,3.766211,0.088086
2.687660,7.193166,-0.124510
2.687660,2.782082,-0.014472
2.687660,2.746363,0.010249
2.687660,5.847766,0.129408
2.687660,4.234372,-0.106322
2.687660,2.703666,-0.004892
2.687660,2.845600,0.021546
2.687660,9.322236,0.095167
2.687660,3.384786,-0.066613
2.687660,2.688302,-0.000844
2.687660,3.150530,0.049534
2.687660,11.197794,-0.045357
2.687660,2.934722,-0.030541
2.687660,2.689871,0.002615
2.687660,3.662539,0.082939
2.687660,7.645384,-0.120139
2.687660,2.794066,-0.015946
2.687660,2.723612,0.007580
2.687660,5.003778,0.123073
2.687660,4.797595,-0.119845
2.687660,2.718065,-0.006902
2.687660,2.799579,0.016582
2.687660,7.843352,0.117886
2.687660,3.622261,-0.080808
2.687660,2.688975,-0.002440
2.687660,2.944185,0.031454
2.687660,11.313165,0.040285
2.687660,3.134220,-0.048218
2.687660,2.688016,0.000929
2.687660,3.392033,0.067092
2.687660,9.268466,-0.096176
2.687660,2.843710,-0.021354
2.687660,2.703123,0.004843
2.687660,4.217536,0.105792
2.687660,5.882437,-0.129478
2.687660,2.747212,-0.010366
2.687660,2.779249,0.014157
2.687660,7.090564,0.125341
2.687660,3.792337,-0.089317
2.687660,2.693587,-0.003078
2.687660,2.931093,0.030163
2.687660,11.147510,0.047398
2.687660,3.157430,-0.050071
2.687660,2.690268,0.001025
2.687660,3.442573,0.070319
2.687660,8.910426,-0.102524
2.687660,2.832178,-0.020055
2.687660,2.716050,0.006426
2.687660,4.687186,0.117768
2.687660,5.131995,-0.124692
2.687660,2.727855,-0.007906
2.687660,2.815097,0.018165
2.687660,8.353732,0.111194
2.687660,3.529778,-0.075596
2.687660,2.691286,-0.001521
2.687660,3.105715,0.045845
2.687660,11.493880,-0.030716
2.687660,2.962747,-0.033177
2.687660,2.693204,0.002799
2.687660,3.745237,0.087077
2.687660,7.278761,-0.123768
2.687660,2.784477,-0.014734
2.687660,2.746250,0.010218
2.687660,5.840627,0.129392
2.687660,4.237899,-0.106431
2.687660,2.703893,-0.004890
2.687660,2.849487,0.021946
2.687660,9.432066,0.093058
2.687660,3.370182,-0.065640
2.687660,2.688670,-0.000697
2.687660,3.176711,0.051610
2.687660,10.999155,-0.052976
2.687660,2.920776,-0.029181
2.687660,2.691446,0.002904
2.687660,3.730750,0.086383
2.687660,7.339006,-0.123225
2.687660,2.785704,-0.014968
2.687660,2.733058,0.008719
2.687660,5.356681,0.126920
2.687660,4.518846,-0.114110
2.687660,2.710588,-0.005963
2.687660,2.809906,0.017744
2.687660,8.202741,0.113306
2.687660,3.555477,-0.077108
2.687660,2.687827,-0.002107
2.687660,2.970886,0.033980
2.687660,11.558654,0.026477
2.687660,3.093597,-0.044858
2.687660,2.687653,0.001183
2.687660,3.421769,0.069021
2.687660,9.053846,-0.100059
2.687660,2.836445,-0.020595
2.687660,2.703683,0.004963
2.687660,4.245334,0.106665
2.687660,5.825493,-0.129358
2.687660,2.745635,-0.010194
2.687660,2.778533,0.014090
2.687660,7.066818,0.125525
2.687660,3.798525,-0.089606
2.687660,2.693452,-0.003137
2.687660,2.921114,0.029198
2.687660,11.003074,0.052834
2.687660,3.176261,-0.051567
2.687660,2.689726,0.000824
2.687660,3.405402,0.067950
2.687660,9.171684,-0.097953
2.687660,2.840676,-0.020982
2.687660,2.710663,0.005740
2.687660,4.485955,0.113309
2.687660,5.405796,-0.127302
2.687660,2.735032,-0.008802
2.687660,2.804383,0.016968
2.687660,7.986710,0.116127
2.687660,3.594965,-0.079295
2.687660,2.691853,-0.001912
2.687660,3.061440,0.042082
2.687660,11.691956,-0.014203
2.687660,2.996243,-0.036282
2.687660,2.692644,0.002485
2.687660,3.690492,0.084358
2.687660,7.516419,-0.121495
2.687660,2.791071,-0.015476
2.687660,2.742798,0.009780
2.687660,5.705968,0.128986
2.687660,4.307158,-0.108519
2.687660,2.705810,-0.005126
2.687660,2.847603,0.021737
2.687660,9.376940,0.094124
2.687660,3.377511,-0.066126
2.687660,2.689046,-0.000705
2.687660,3.181670,0.051996
2.687660,10.960231,-0.054344
2.687660,2.918325,-0.028935
2.687660,2.692384,0.003032
2.687660,3.765244,0.088048
2.687660,7.196721,-0.124482
2.687660,2.781914,-0.014512
2.687660,2.738773,0.009395
2.687660,5.570002,0.128367
2.687660,4.383440,-0.110671
2.687660,2.707072,-0.005483
2.687660,2.819597,0.018800
2.687660,8.525069,0.108684
2.687660,3.501368,-0.073947
2.687660,2.687475,-0.001768
2.687660,3.011187,0.037679
2.687660,11.732399,0.007150
2.687660,3.043930,-0.040591
2.687660,2.687492,0.001529
2.687660,3.467829,0.071912
2.687660,8.739796,-0.105338
2.687660,2.826289,-0.019517
2.687660,2.705626,0.005265
2.687660,4.324936,0.109038
2.687660,5.673033,-0.128858
2.687660,2.741550,-0.009717
2.687660,2.780781,0.014367
2.687660,7.152688,0.124847
2.687660,3.776332,-0.088572
2.687660,2.692800,-0.003060
2.687660,2.921139,0.029206
2.687660,11.003871,0.052806
2.687660,3.176143,-0.051560
2.687660,2.689388,0.000785
2.687660,3.394412,0.067237
2.687660,9.251595,-0.096488
2.687660,2.843329,-0.021274
2.687660,2.708451,0.005465
2.687660,4.404848,0.111239
2.687660,5.534266,-0.128162
2.687660,2.738354,-0.009223
2.687660,2.798480,0.016309
2.687660,7.780259,0.118620
2.687660,3.635027,-0.081469
2.687660,2.692128,-0.002160
2.687660,3.032138,0.039515
2.687660,11.744841,-0.002054
2.687660,3.022743,-0.038678
2.687660,2.692237,0.002242
2.687660,3.648624,0.082190
2.687660,7.713293,-0.119383
2.687660,2.796585,-0.016097
2.687660,2.739438,0.009360
2.687660,5.576236,0.128397
2.687660,4.379906,-0.110569
2.687660,2.707772,-0.005379
2.687660,2.844231,0.021373
2.687660,9.278423,0.095989
2.687660,3.390760,-0.066998
2.687660,2.689288,-0.000771
2.687660,3.176466,0.051586
2.687660,11.001304,-0.052898
2.687660,2.920965,-0.029190
2.687660,2.692621,0.003040
2.687660,3.770438,0.088293
2.687660,7.176011,-0.124655
2.687660,2.781393,-0.014442
2.687660,2.740417,0.009585
2.687660,5.630796,0.128672
2.687660,4.348429,-0.109705
2.687660,2.706211,-0.005352
2.687660,2.823710,0.019241
2.687660,8.657701,0.106642
2.687660,3.480439,-0.072684
2.687660,2.687485,-0.001619
2.687660,3.031585,0.039502
2.687660,11.745120,-0.001906
2.687660,3.022863,-0.038726
2.687660,2.687480,0.001682
2.687660,3.489345,0.073224
2.687660,8.600714,-0.107529
2.687660,2.821935,-0.019051
2.687660,2.706591,0.005409
2.687660,4.363816,0.110133
2.687660,5.603767,-0.128542
2.687660,2.739688,-0.009501
2.687660,2.781676,0.014479
2.687660,7.187060,0.124563
2.687660,3.767663,-0.088162
2.687660,2.692513,-0.003034
2.687660,2.920132,0.029110
2.687660,10.988502,0.053353
2.687660,3.178093,-0.051715
2.687660,2.689194,0.000748
2.687660,3.386018,0.066687
2.687660,9.313477,-0.095331
2.687660,2.845422,-0.021502
2.687660,2.707037,0.005285
2.687660,4.352705,0.109819
2.687660,5.623430,-0.128634
2.687660,2.740660,-0.009513
2.687660,2.794562,0.015870
2.687660,7.641373,0.120178
2.687660,3.663581,-0.082973
2.687660,2.692374,-0.002330
2.687660,3.012983,0.037802
2.687660,11.734887,0.006432
2.687660,3.042423,-0.040423
2.687660,2.692029,0.002073
2.687660,3.620853,0.080708
2.687660,7.851716,-0.117781
2.687660,2.800514,-0.016536
2.687660,2.737239,0.009082
2.687660,5.491043,0.127897
2.687660,4.431311,-0.111933
2.687660,2.709176,-0.005555
2.687660,2.842522,0.021185
2.687660,9.227348,0.096936
2.687660,3.397730,-0.067453
2.687660,2.689507,-0.000795
2.687660,3.176719,0.051604
2.687660,10.999411,-0.052965
2.687660,2.920860,-0.029177
2.687660,2.693054,0.003092
2.687660,3.785254,0.088990
2.687660,7.117797,-0.125128
2.687660,2.779864,-0.014255
2.687660,2.743121,0.009901
2.687660,5.731682,0.129081
2.687660,4.293382,-0.108119
2.687660,2.704845,-0.005147
2.687660,2.829927,0.019905
2.687660,8.854053,0.103471
2.687660,3.450689,-0.070849
2.687660,2.687522,-0.001404
2.687660,3.061391,0.042112
2.687660,11.691613,-0.014264
2.687660,2.995889,-0.036290
2.687660,2.687512,0.001885
2.687660,3.518649,0.074973
2.687660,8.418944,-0.110259
2.687660,2.816356,-0.018451
2.687660,2.707899,0.005603
2.687660,4.416306,0.111549
2.687660,5.515159,-0.128052
2.687660,2.737295,-0.009223
2.687660,2.782541,0.014591
2.687660,7.221007,0.124276
2.687660,3.759213,-0.087761
2.687660,2.692161,-0.003017
2.687660,2.916872,0.028795
2.687660,10.937146,0.055140
2.687660,3.184570,-0.052224
2.687660,2.688867,0.000663
2.687660,3.368671,0.065538
2.687660,9.443621,-0.092833
2.687660,2.849922,-0.021986
2.687660,2.704469,0.004953
2.687660,4.257570,0.107037
2.687660,5.801202,-0.129293
2.687660,2.745257,-0.010088
2.687660,2.786918,0.015007
2.687660,7.366722,0.122963
2.687660,3.724398,-0.086057
2.687660,2.693012,-0.002677
2.687660,2.976120,0.034427
2.687660,11.592243,0.023974
2.687660,3.086933,-0.044265
2.687660,2.691581,0.001693
2.687660,3.559163,0.077288
2.687660,8.183336,-0.113563
2.687660,2.810085,-0.017604
2.687660,2.731433,0.008351
2.687660,5.267870,0.126127
2.687660,4.581988,-0.115553
2.687660,2.713246,-0.006068
2.687660,2.836820,0.020561
2.687660,9.054337,0.100047
2.687660,3.421849,-0.069007
2.687660,2.690022,-0.000906
2.687660,3.169729,0.051050
2.687660,11.053981,-0.050983
2.687660,2.924504,-0.029525
2.687660,2.693704,0.003141
2.687660,3.803418,0.089831
2.687660,7.048325,-0.125665
2.687660,2.778083,-0.014027
2.687660,2.747477,0.010404
2.687660,5.893595,0.129498
2.687660,4.212192,-0.105623
2.687660,2.702933,-0.004830
2.687660,2.842571,0.021238
2.687660,9.235648,0.096785
2.687660,3.396495,-0.067385
2.687660,2.687884,-0.000977
2.687660,3.125610,0.047516
2.687660,11.370742,-0.037501
2.687660,2.949451,-0.031958
2.687660,2.688590,0.002355
2.687660,3.603719,0.079802
2.687660,7.939094,-0.116727
2.687660,2.802284,-0.016891
2.687660,2.715646,0.006604
2.687660,4.707805,0.118181
2.687660,5.106787,-0.124401
2.687660,2.726374,-0.007915
2.687660,2.791478,0.015645
2.687660,7.551346,0.121140
2.687660,3.682666,-0.083976
2.687660,2.690325,-0.002702
2.687660,2.930237,0.030106
2.687660,11.137682,0.047790
2.687660,3.158656,-0.050183
2.687660,2.688419,0.000798
2.687660,3.380309,0.066316
2.687660,9.355682,-0.094532
2.687660,2.846776,-0.021667
2.687660,2.703760,0.004894
2.687660,4.236310,0.106382
2.687660,5.843830,-0.129399
2.687660,2.746284,-0.010234
2.687660,2.782903,0.014562
2.687660,7.222569,0.124260
2.687660,3.758924,-0.087738
2.687660,2.693269,-0.002885
2.687660,2.952055,0.032168
2.687660,11.395374,0.036240
2.687660,3.121941,-0.047191
2.687660,2.690946,0.001363
2.687660,3.501624,0.073935
2.687660,8.524947,-0.108680
2.687660,2.820218,-0.018736
2.687660,2.724019,0.007430
2.687660,4.987225,0.122836
2.687660,4.812986,-0.120107
2.687660,2.719392,-0.006850
2.687660,2.826827,0.019468
2.687660,8.740621,0.105320
2.687660,3.467904,-0.071892
2.687660,2.690542,-0.001172
2.687660,3.141604,0.048798
2.687660,11.262661,-0.042575
2.687660,2.940059,-0.031026
2.687660,2.693383,0.002988
2.687660,3.775720,0.088538
2.687660,7.155311,-0.124824
2.687660,2.781027,-0.014357
2.687660,2.746444,0.010266
2.687660,5.852062,0.129418
2.687660,4.232260,-0.106256
2.687660,2.703554,-0.004891
2.687660,2.843998,0.021381
2.687660,9.276314,0.096030
2.687660,3.390977,-0.067022
2.687660,2.688152,-0.000906
2.687660,3.139611,0.048655
2.687660,11.275899,-0.041990
2.687660,2.940990,-0.031146
2.687660,2.689323,0.002504
2.687660,3.637371,0.081616
2.687660,7.767517,-0.118772
2.687660,2.797460,-0.016337
2.687660,2.720236,0.007167
2.687660,4.878044,0.121199
2.687660,4.918689,-0.121837
2.687660,2.721329,-0.007301
2.687660,2.796376,0.016212
2.687660,7.728603,0.119216
2.687660,3.645276,-0.082035
2.687660,2.689499,-0.002539
2.687660,2.939145,0.030968
2.687660,11.253597,0.042978
2.687660,3.142777,-0.048911
2.687660,2.688209,0.000890
2.687660,3.389639,0.066933
2.687660,9.286219,-0.095845
2.687660,2.844346,-0.021416
2.687660,2.703673,0.004903
2.687660,4.236028,0.106374
2.687660,5.844382,-0.129401
2.687660,2.746255,-0.010240
2.687660,2.781621,0.014423
2.687660,7.176812,0.124647
2.687660,3.770299,-0.088281
2.687660,2.693327,-0.002957
2.687660,2.943330,0.031339
2.687660,11.301247,0.040834
2.687660,3.136077,-0.048349
2.687660,2.690642,0.001224
2.687660,3.476946,0.072446
2.687660,8.681630,-0.106260
2.687660,2.824999,-0.019266
2.687660,2.720600,0.007002
2.687660,4.858483,0.120874
2.687660,4.939016,-0.122137
2.687660,2.722739,-0.007270
2.687660,2.821951,0.018929
2.687660,8.582126,0.107810
2.687660,3.492503,-0.073388
2.687660,2.690830,-0.001312
2.687660,3.127035,0.047610
2.687660,11.362268,-0.037919
2.687660,2.948851,-0.031864
2.687660,2.693278,0.002910
2.687660,3.762684,0.087918
2.687660,7.207351,-0.124390
2.687660,2.782474,-0.014516
2.687660,2.746201,0.010228
2.687660,5.841335,0.129394
2.687660,4.237533,-0.106420
2.687660,2.703759,-0.004903
2.687660,2.845679,0.021553
2.687660,9.324375,0.095126
2.687660,3.384500,-0.066594
2.687660,2.688334,-0.000838
2.687660,3.151811,0.049637
2.687660,11.188428,-0.045745
2.687660,2.934006,-0.030472
2.687660,2.689963,0.002631
2.687660,3.666395,0.083139
2.687660,7.627123,-0.120337
2.687660,2.793564,-0.015887
2.687660,2.724176,0.007648
2.687660,5.024752,0.123358
2.687660,4.778669,-0.119508
2.687660,2.717556,-0.006839
2.687660,2.800159,0.016648
2.687660,7.863939,0.117641
2.687660,3.618225,-0.080591
2.687660,2.688893,-0.002421
2.687660,2.945407,0.031571
2.687660,11.326936,0.039637
2.687660,3.132195,-0.048053
2.687660,2.687993,0.000941
2.687660,3.393339,0.067178
2.687660,9.258850,-0.096355
2.687660,2.843378,-0.021320
2.687660,2.703126,0.004846
2.687660,4.218032,0.105808
2.687660,5.881401,-0.129476
2.687660,2.747180,-0.010363
2.687660,2.779137,0.014145
2.687660,7.086585,0.125372
2.687660,3.793372,-0.089366
2.687660,2.693591,-0.003085
2.687660,2.930259,0.030083
2.687660,11.136093,0.047849
2.687660,3.158954,-0.050193
2.687660,2.690232,0.001009
2.687660,3.439820,0.070146
2.687660,8.929279,-0.102205
2.687660,2.832779,-0.020120
2.687660,2.715661,0.006376
2.687660,4.672634,0.117476
2.687660,5.149930,-0.124898
2.687660,2.728328,-0.007965
2.687660,2.814424,0.018090
2.687660,8.331002,0.111518
2.687660,3.533616,-0.075819
2.687660,2.691324,-0.001544
2.687660,3.103237,0.045638
2.687660,11.507887,-0.029848
2.687660,2.964447,-0.033337
2.687660,2.693175,0.002783
2.687660,3.742435,0.086941
2.687660,7.290412,-0.123664
2.687660,2.784799,-0.014770
2.687660,2.746105,0.010200
2.687660,5.834931,0.129378
2.687660,4.240711,-0.106518
2.687660,2.703974,-0.004899
2.687660,2.849495,0.021946
2.687660,9.432205,0.093056
2.687660,3.370166,-0.065639
2.687660,2.688693,-0.000694
2.687660,3.177478,0.051670
2.687660,10.993139,-0.053189
2.687660,2.920390,-0.029143
2.687660,2.691521,0.002916
2.687660,3.733730,0.086529
2.687660,7.326394,-0.123341
2.687660,2.785365,-0.014927
2.687660,2.733511,0.008773
2.687660,5.373608,0.127057
2.687660,4.507318,-0.113835
2.687660,2.710283,-0.005923
2.687660,2.810548,0.017815
2.687660,8.224512,0.113009
2.687660,3.551664,-0.076890
2.687660,2.687787,-0.002085
2.687660,2.973224,0.034198
2.687660,11.574850,0.025305
2.687660,3.090370,-0.044587
2.687660,2.687642,0.001206
2.687660,3.424736,0.069210
2.687660,9.032952,-0.100425
2.687660,2.835754,-0.020522
2.687660,2.703824,0.004984
2.687660,4.251030,0.106841
2.687660,5.814075,-0.129329
2.687660,2.745331,-0.010158
2.687660,2.778765,0.014118
2.687660,7.075541,0.125459
2.687660,3.796235,-0.089500
2.687660,2.693398,-0.003127
2.687660,2.921546,0.029241
2.687660,11.009716,0.052596
2.687660,3.175412,-0.051500
2.687660,2.689719,0.000829
2.687660,3.406038,0.067992
2.687660,9.167087,-0.098036
2.687660,2.840520,-0.020965
2.687660,2.710689,0.005745
2.687660,4.487090,0.113337
2.687660,5.404080,-0.127289
2.687660,2.734985,-0.008797
2.687660,2.804381,0.016968
2.687660,7.986690,0.116127
2.687660,3.594968,-0.079295
2.687660,2.691845,-0.001913
2.687660,3.061184,0.042060
2.687660,11.692726,-0.014101
2.687660,2.996457,-0.036302
2.687660,2.692628,0.002482
2.687660,3.689724,0.084319
2.687660,7.519902,-0.121459
2.687660,2.791165,-0.015487
2.687660,2.742682,0.009766
2.687660,5.701601,0.128969
2.687660,4.309506,-0.108587
2.687660,2.705868,-0.005135
2.687660,2.847327,0.021708
2.687660,9.369051,0.094275
2.687660,3.378562,-0.066195
2.687660,2.689039,-0.000713
2.687660,3.180400,0.051897
2.687660,10.970262,-0.053995
2.687660,2.918957,-0.028997
2.687660,2.692314,0.003019
2.687660,3.762172,0.087901
2.687660,7.209078,-0.124377
2.687660,2.782245,-0.014551
2.687660,2.738374,0.009348
2.687660,5.554989,0.128285
2.687660,4.392314,-0.110911
2.687660,2.707303,-0.005514
2.687660,2.818950,0.018730
2.687660,8.503920,0.109002
2.687660,3.504774,-0.074150
2.687660,2.687494,-0.001789
2.687660,3.008559,0.037441
2.687660,11.727403,0.008353
2.687660,3.046823,-0.040844
2.687660,2.687512,0.001510
2.687660,3.465464,0.071766
2.687660,8.755388,-0.105087
2.687660,2.826785,-0.019569
2.687660,2.705592,0.005257
2.687660,4.323167,0.108987
2.687660,5.676264,-0.128871
2.687660,2.741643,-0.009727
2.687660,2.780902,0.014379
2.687660,7.156905,0.124812
2.687660,3.775265,-0.088521
2.687660,2.692804,-0.003052
2.687660,2.922232,0.029312
2.687660,11.020542,0.052207
2.687660,3.174012,-0.051392
2.687660,2.689440,0.000807
2.687660,3.398293,0.067490
2.687660,9.223204,-0.097012
2.687660,2.842372,-0.021171
2.687660,2.708969,0.005532
2.687660,4.424203,0.111748
2.687660,5.502520,-0.127970
2.687660,2.737527,-0.009120
2.687660,2.799740,0.016451
2.687660,7.824755,0.118100
2.687660,3.626160,-0.080994
2.687660,2.692044,-0.002108
2.687660,3.037874,0.040023
2.687660,11.740518,-0.004512
2.687660,3.017232,-0.038185
2.687660,2.692283,0.002288
2.687660,3.656020,0.082579
2.687660,7.677494,-0.119782
2.687660,2.795572,-0.015984
2.687660,2.739910,0.009421
2.687660,5.594718,0.128493
2.687660,4.369147,-0.110275
2.687660,2.707469,-0.005343
2.687660,2.844329,0.021385
2.687660,9.281581,0.095930
2.687660,3.390328,-0.066971
2.687660,2.689216,-0.000776
2.687660,3.174573,0.051438
2.687660,11.016083,-0.052368
2.687660,2.921921,-0.029285
2.687660,2.692401,0.003007
2.687660,3.761928,0.087889
2.687660,7.210094,-0.124369
2.687660,2.782299,-0.014551
2.687660,2.739096,0.009429
2.687660,5.581310,0.128427
2.687660,4.376821,-0.110491
2.687660,2.706934,-0.005455
2.687660,2.821138,0.018964
2.687660,8.574797,0.107928
2.687660,3.493440,-0.073471
2.687660,2.687514,-0.001707
2.687660,3.020041,0.038474
2.687660,11.743418,0.003160
2.687660,3.034499,-0.039760
2.687660,2.687522,0.001602
2.687660,3.478625,0.072573
2.687660,8.669424,-0.106458
2.687660,2.824083,-0.019279
2.687660,2.706295,0.005359
2.687660,4.350963,0.109776
2.687660,5.626317,-0.128651
2.687660,2.740310,-0.009569
2.687660,2.781834,0.014491
2.687660,7.191946,0.124522
2.687660,3.766450,-0.088104
2.687660,2.692580,-0.003018
2.687660,2.923375,0.029425
2.687660,11.037890,0.051576
2.687660,3.171778,-0.051217
2.687660,2.689374,0.000815
2.687660,3.398402,0.067498
2.687660,9.222382,-0.097027
2.687660,2.842335,-0.021169
2.687660,2.708727,0.005504
2.687660,4.415729,0.111527
2.687660,5.516328,-0.128055
2.687660,2.737877,-0.009166
2.687660,2.798906,0.016359
2.687660,7.795560,0.118442
2.687660,3.631960,-0.081305
2.687660,2.692068,-0.002146
2.687660,3.033160,0.039606
2.687660,11.744304,-0.002495
2.687660,3.021745,-0.038590
2.687660,2.692199,0.002245
2.687660,3.648432,0.082180
2.687660,7.714214,-0.119373
2.687660,2.796603,-0.016101
2.687660,2.739188,0.009331
2.687660,5.567054,0.128347
2.687660,4.385297,-0.110715
2.687660,2.707898,-0.005400
2.687660,2.843385,0.021284
2.687660,9.253818,0.096447
2.687660,3.394100,-0.067218
2.687660,2.689248,-0.000799
2.687660,3.171918,0.051229
2.687660,11.036755,-0.051618
2.687660,2.923289,-0.029418
2.687660,2.692349,0.002991
2.687660,3.758665,0.087733
2.687660,7.223299,-0.124256
2.687660,2.782660,-0.014592
2.687660,2.738844,0.009398
2.687660,5.571664,0.128376
2.687660,4.382469,-0.110644
2.687660,2.707089,-0.005474
2.687660,2.820953,0.018943
2.687660,8.568676,0.108021
2.687660,3.494413,-0.073529
2.687660,2.687538,-0.001711
2.687660,3.019858,0.038457
2.687660,11.743277,0.003242
2.687660,3.034692,-0.039777
2.687660,2.687545,0.001603
2.687660,3.479181,0.072607
2.687660,8.665844,-0.106514
2.687660,2.823975,-0.019267
2.687660,2.706427,0.005375
2.687660,4.355730,0.109909
2.687660,5.617920,-0.128611
2.687660,2.740092,-0.009542
2.687660,2.782188,0.014532
2.687660,7.204883,0.124413
2.687660,3.763230,-0.087950
2.687660,2.692532,-0.003001
2.687660,2.924841,0.029567
2.687660,11.059657,0.050774
2.687660,3.168964,-0.050994
2.687660,2.689413,0.000840
2.687660,3.402557,0.067768
2.687660,9.192154,-0.097581
2.687660,2.841319,-0.021060
2.687660,2.709219,0.005569
2.687660,4.434222,0.112008
2.687660,5.486358,-0.127867
2.687660,2.737093,-0.009069
2.687660,2.800015,0.016484
2.687660,7.834756,0.117982
2.687660,3.624182,-0.080888
2.687660,2.691986,-0.002101
2.687660,3.037920,0.040027
2.687660,11.740470,-0.004532
2.687660,3.017183,-0.038181
2.687660,2.692224,0.002281
2.687660,3.654069,0.082477
2.687660,7.686878,-0.119678
2.687660,2.795826,-0.016015
2.687660,2.739471,0.009369
2.687660,5.578364,0.128408
2.687660,4.378655,-0.110535
2.687660,2.707702,-0.005379
2.687660,2.843184,0.021265
2.687660,9.248213,0.096551
2.687660,3.394860,-0.067268
2.687660,2.689180,-0.000813
2.687660,3.168970,0.050996
2.687660,11.059523,-0.050779
2.687660,2.924813,-0.029568
2.687660,2.692097,0.002950
2.687660,3.748490,0.087244
2.687660,7.264893,-0.123894
2.687660,2.783772,-0.014725
2.687660,2.737343,0.009220
2.687660,5.515407,0.128053
2.687660,4.416165,-0.111544
2.687660,2.707959,-0.005595
2.687660,2.818322,0.018658
2.687660,8.482808,0.109317
2.687660,3.508199,-0.074353
2.687660,2.687600,-0.001801
2.687660,3.008662,0.037450
2.687660,11.727602,0.008308
2.687660,3.046719,-0.040834
2.687660,2.687608,0.001522
2.687660,3.468759,0.071968
2.687660,8.733735,-0.105436
2.687660,2.826117,-0.019494
2.687660,2.706194,0.005332
2.687660,4.345101,0.109611
2.687660,5.636726,-0.128699
2.687660,2.740617,-0.009599
2.687660,2.782507,0.014562
2.687660,7.215593,0.124321
2.687660,3.760584,-0.087823
2.687660,2.692579,-0.002977
2.687660,2.928785,0.029948
2.687660,11.116230,0.048627
2.687660,3.161562,-0.050406
2.687660,2.689609,0.000917
2.687660,3.416568,0.068672
2.687660,9.091566,-0.099390
2.687660,2.837987,-0.020698
2.687660,2.711142,0.005816
2.687660,4.506039,0.113797
2.687660,5.375731,-0.127069
2.687660,2.734205,-0.008709
2.687660,2.804339,0.016970
2.687660,7.986249,0.116133
2.687660,3.595041,-0.079300
2.687660,2.691714,-0.001929
2.687660,3.056929,0.041692
2.687660,11.704795,-0.012400
2.687660,3.000054,-0.036632
2.687660,2.692368,0.002425
2.687660,3.677133,0.083676
2.687660,7.577694,-0.120859
2.687660,2.792745,-0.015672
2.687660,2.740783,0.009541
2.687660,5.630158,0.128666
2.687660,4.348885,-0.109713
2.687660,2.706849,-0.005282
2.687660,2.842988,0.021251
2.687660,9.243455,0.096639
2.687660,3.395494,-0.067311
2.687660,2.688940,-0.000845
2.687660,3.160616,0.050336
2.687660,11.123128,-0.048360
2.687660,2.929227,-0.030000
2.687660,2.691332,0.002828
2.687660,3.717822,0.085744
2.687660,7.394519,-0.122703
2.687660,2.787256,-0.015139
2.687660,2.732702,0.008667
2.687660,5.341814,0.126796
2.687660,4.529101,-0.114351
2.687660,2.710916,-0.005992
2.687660,2.811113,0.017871
2.687660,8.242556,0.112761
2.687660,3.548534,-0.076709
2.687660,2.687918,-0.002048
2.687660,2.980342,0.034858
2.687660,11.619176,0.021779
2.687660,3.080854,-0.043779
2.687660,2.687790,0.001293
2.687660,3.439448,0.070142
2.687660,8.930766,-0.102183
2.687660,2.832442,-0.020164
2.687660,2.705339,0.005185
2.687660,4.307839,0.108542
2.687660,5.704568,-0.128983
2.687660,2.742475,-0.009807
2.687660,2.782654,0.014564
2.687660,7.218511,0.124296
2.687660,3.759884,-0.087788
2.687660,2.692804,-0.002946
2.687660,2.936513,0.030690
2.687660,11.219126,0.044460
2.687660,3.147676,-0.049291
2.687660,2.690056,0.001071
2.687660,3.445587,0.070510
2.687660,8.889758,-0.102872
2.687660,2.831480,-0.019986
2.687660,2.715401,0.006356
2.687660,4.664882,0.117319
2.687660,5.159578,-0.125007
2.687660,2.728538,-0.008002
2.687660,2.812743,0.017909
2.687660,8.275264,0.112302
2.687660,3.543119,-0.076371
2.687660,2.691240,-0.001621
2.687660,3.091428,0.044648
2.687660,11.570359,-0.025627
2.687660,2.972789,-0.034120
2.687660,2.692688,0.002664
2.687660,3.717006,0.085693
2.687660,7.398562,-0.122662
2.687660,2.787734,-0.015113
2.687660,2.742928,0.009820
2.687660,5.714894,0.129020
2.687660,4.302355,-0.108379
2.687660,2.705509,-0.005129
2.687660,2.842526,0.021213
2.687660,9.231507,0.096860
2.687660,3.397102,-0.067419
2.687660,2.688553,-0.000902
2.687660,3.146562,0.049213
2.687660,11.226652,-0.044142
2.687660,2.936997,-0.030757
2.687660,2.690188,0.002636
2.687660,3.670802,0.083366
2.687660,7.606446,-0.120559
2.687660,2.793025,-0.015818
2.687660,2.725652,0.007821
2.687660,5.078791,0.124057
2.687660,4.731447,-0.118635
2.687660,2.716315,-0.006679
2.687660,2.802525,0.016912
2.687660,7.946520,0.116635
2.687660,3.602316,-0.079725
2.687660,2.688702,-0.002332
2.687660,2.954318,0.032418
2.687660,11.419692,0.034962
2.687660,3.117966,-0.046886
2.687660,2.688044,0.001051
2.687660,3.409619,0.068237
2.687660,9.140547,-0.098517
2.687660,2.839385,-0.020895
2.687660,2.704442,0.005029
2.687660,4.268553,0.107374
2.687660,5.779512,-0.129234
2.687660,2.744515,-0.010038
2.687660,2.782507,0.014533
2.687660,7.210679,0.124362
2.687660,3.761841,-0.087880
2.687660,2.693067,-0.002929
2.687660,2.942964,0.031306
2.687660,11.297151,0.041022
2.687660,3.136663,-0.048398
2.687660,2.690469,0.001200
2.687660,3.470617,0.072060
2.687660,8.722786,-0.105606
2.687660,2.826255,-0.019409
2.687660,2.719291,0.006843
2.687660,4.810034,0.120056
2.687660,4.990419,-0.122881
2.687660,2.724083,-0.007443
2.687660,2.819462,0.018656
2.687660,8.500493,0.109047
2.687660,3.505559,-0.074170
2.687660,2.690897,-0.001396
2.687660,3.116566,0.046748
2.687660,11.429186,-0.034443
2.687660,2.955498,-0.032496
2.687660,2.693001,0.002828
2.687660,3.746125,0.087122
2.687660,7.275003,-0.123802
2.687660,2.784314,-0.014729
2.687660,2.744610,0.010035
2.687660,5.780757,0.129237
2.687660,4.267932,-0.107354
2.687660,2.704538,-0.005014
2.687660,2.842887,0.021258
2.687660,9.243058,0.096647
2.687660,3.395511,-0.067317
2.687660,2.688327,-0.000918
2.687660,3.140840,0.048753
2.687660,11.267331,-0.042372
2.687660,2.940286,-0.031076
2.687660,2.689647,0.002548
2.687660,3.649048,0.082233
2.687660,7.710236,-0.119423
2.687660,2.795881,-0.016152
2.687660,2.722273,0.007413
2.687660,4.953302,0.122355
2.687660,4.844590,-0.120651
2.687660,2.719349,-0.007056
2.687660,2.798802,0.016489
2.687660,7.814987,0.118221
2.687660,3.627874,-0.081109
2.687660,2.689179,-0.002455
2.687660,2.945366,0.031565
2.687660,11.326332,0.039665
2.687660,3.132293,-0.048060
2.687660,2.688168,0.000961
2.687660,3.399017,0.067547
2.687660,9.217349,-0.097122
2.687660,2.841990,-0.021168
2.687660,2.704186,0.004980
2.687660,4.256621,0.107010
2.687660,5.803011,-0.129299
2.687660,2.745161,-0.010110
2.687660,2.782630,0.014541
2.687660,7.214259,0.124331
2.687660,3.760963,-0.087837
2.687660,2.693141,-0.002914
2.687660,2.946130,0.031607
2.687660,11.332902,0.039348
2.687660,3.131433,-0.047971
2.687660,2.690639,0.001258
2.687660,3.481633,0.072732
2.687660,8.651366,-0.106737
2.687660,2.824057,-0.019165
2.687660,2.720966,0.007051
2.687660,4.872765,0.121107
2.687660,4.924296,-0.121915
2.687660,2.722335,-0.007223
2.687660,2.822116,0.018949
2.687660,8.587883,0.107722
2.687660,3.491588,-0.073334
2.687660,2.690760,-0.001314
2.687660,3.125695,0.047501
2.687660,11.371038,-0.037481
2.687660,2.949677,-0.031944
2.687660,2.693119,0.002885
2.687660,3.756383,0.087617
2.687660,7.232859,-0.124172
2.687660,2.783151,-0.014598
2.687660,2.745171,0.010107
2.687660,5.802759,0.129299
2.687660,4.256752,-0.107014
2.687660,2.704221,-0.004977
2.687660,2.842952,0.021267
2.687660,9.245305,0.096606
2.687660,3.395199,-0.067297
2.687660,2.688249,-0.000924
2.687660,3.138625,0.048574
2.687660,11.282826,-0.041678
2.687660,2.941582,-0.031201
2.687660,2.689460,0.002516
2.687660,3.641380,0.081828
2.687660,7.747734,-0.118999
2.687660,2.796920,-0.016273
2.687660,2.721106,0.007271
2.687660,4.910026,0.121703
2.687660,4.886584,-0.121336
2.687660,2.720476,-0.007194
2.687660,2.797548,0.016345
2.687660,7.770266,0.118741
2.687660,3.636820,-0.081587
2.687660,2.689359,-0.002496
2.687660,2.942665,0.031306
2.687660,11.295542,0.041100
2.687660,3.136792,-0.048426
2.687660,2.688215,0.000934
2.687660,3.395950,0.067347
2.687660,9.239789,-0.096708
2.687660,2.842760,-0.021248
2.687660,2.704145,0.004969
2.687660,4.254342,0.106940
2.687660,5.807541,-0.129311
2.687660,2.745290,-0.010123
2.687660,2.782791,0.014558
2.687660,7.219829,0.124284
2.687660,3.759589,-0.087771
2.687660,2.693150,-0.002904
2.687660,2.947677,0.031754
2.687660,11.349785,0.038533
2.687660,3.128915,-0.047764
2.687660,2.690704,0.001284
2.687660,3.486390,0.073020
2.687660,8.620906,-0.107212
2.687660,2.823125,-0.019061
2.687660,2.721654,0.007137
2.687660,4.898579,0.121518
2.687660,4.898181,-0.121512
2.687660,2.721643,-0.007136
2.687660,2.823140,0.019063
2.687660,8.621396,0.107204
2.687660,3.486313,-0.073015
2.687660,2.690703,-0.001283
2.687660,3.128959,0.047768
2.687660,11.349490,-0.038547
2.687660,2.947650,-0.031751
2.687660,2.693150,0.002904
2.687660,3.759625,0.087773
2.687660,7.219685,-0.124285
2.687660,2.782787,-0.014557
2.687660,2.745290,0.010123
2.687660,5.807544,0.129311
2.687660,4.254340,-0.106940
2.687660,2.704145,-0.004969
2.687660,2.842752,0.021247
2.687660,9.239576,0.096712
2.687660,3.395979,-0.067349
2.687660,2.688214,-0.000934
2.687660,3.136744,0.048422
2.687660,11.295877,-0.041084
2.687660,2.942694,-0.031308
2.687660,2.689357,0.002496
2.687660,3.636716,0.081581
2.687660,7.770784,-0.118735
2.687660,2.797562,-0.016347
2.687660,2.720462,0.007193
2.687660,4.886076,0.121328
2.687660,4.910540,-0.121711
2.687660,2.721120,-0.007273
2.687660,2.796907,0.016271
2.687660,7.747270,0.119004
2.687660,3.641475,-0.081833
2.687660,2.689463,-0.002516
2.687660,2.941563,0.031200
2.687660,11.282607,0.041688
2.687660,3.138656,-0.048577
2.687660,2.688250,0.000924
2.687660,3.395196,0.067297
2.687660,9.245332,-0.096605
2.687660,2.842953,-0.021268
2.687660,2.704224,0.004977
2.687660,4.256856,0.107017
2.687660,5.802554,-0.129298
2.687660,2.745166,-0.010106
2.687660,2.783163,0.014599
2.687660,7.233284,0.124168
2.687660,3.756279,-0.087612
2.687660,2.693118,-0.002885
2.687660,2.949737,0.031950
2.687660,11.371666,0.037450
2.687660,3.125599,-0.047493
2.687660,2.690762,0.001315
2.687660,3.491738,0.073343
2.687660,8.586937,-0.107736
2.687660,2.822087,-0.018946
2.687660,2.722354,0.007225
2.687660,4.925016,0.121926
2.687660,4.872061,-0.121096
2.687660,2.720947,-0.007049
2.687660,2.824082,0.019167
2.687660,8.652174,0.106724
2.687660,3.481507,-0.072724
2.687660,2.690637,-0.001257
2.687660,3.131495,0.047976
2.687660,11.332480,-0.039368
2.687660,2.946091,-0.031603
2.687660,2.693141,0.002915
2.687660,3.760984,0.087838
2.687660,7.214172,-0.124332
2.687660,2.782628,-0.014541
2.687660,2.745155,0.010109
2.687660,5.802806,0.129299
2.687660,4.256724,-0.107014
2.687660,2.704188,-0.004980
2.687660,2.841965,0.021165
2.687660,9.216588,0.097135
2.687660,3.399122,-0.067554
2.687660,2.688167,-0.000962
2.687660,3.132147,0.048048
2.687660,11.327319,-0.039618
2.687660,2.945454,-0.031573
2.687660,2.689173,0.002454
2.687660,3.627596,0.081094
2.687660,7.816388,-0.118204
2.687660,2.798841,-0.016493
2.687660,2.719315,0.007051
2.687660,4.843312,0.120630
2.687660,4.954645,-0.122375
2.687660,2.722310,-0.007417
2.687660,2.795849,0.016148
2.687660,7.709100,0.119436
2.687660,3.649282,-0.082245
2.687660,2.689653,-0.002549
2.687660,2.940250,0.031073
2.687660,11.266891,0.042391
2.687660,3.140902,-0.048758
2.687660,2.688330,0.000917
2.687660,3.395529,0.067318
2.687660,9.242928,-0.096650
2.687660,2.842883,-0.021258
2.687660,2.704549,0.005015
2.687660,4.268310,0.107366
2.687660,5.780018,-0.129235
2.687660,2.744592,-0.010033
2.687660,2.784352,0.014733
2.687660,7.276384,0.123790
2.687660,3.745792,-0.087106
2.687660,2.692997,-0.002827
2.687660,2.955688,0.032514
2.687660,11.430992,0.034345
2.687660,3.116274,-0.046724
2.687660,2.690901,0.001399
2.687660,3.506002,0.074196
2.687660,8.497759,-0.109088
2.687660,2.819380,-0.018647
2.687660,2.724137,0.007449
2.687660,4.992483,0.122910
2.687660,4.808134,-0.120023
2.687660,2.719240,-0.006836
2.687660,2.826322,0.019416
2.687660,8.724944,0.105572
2.687660,3.470287,-0.072040
2.687660,2.690464,-0.001198
2.687660,3.136814,0.048410
2.687660,11.296102,-0.041070
2.687660,2.942873,-0.031297
2.687660,2.693064,0.002930
2.687660,3.761846,0.087880
2.687660,7.210660,-0.124362
2.687660,2.782506,-0.014533
2.687660,2.744493,0.010036
2.687660,5.778687,0.129231
2.687660,4.268975,-0.107387
2.687660,2.704452,-0.005031
2.687660,2.839300,0.020886
2.687660,9.138031,0.098563
2.687660,3.409969,-0.068259
2.687660,2.688040,-0.001054
2.687660,3.117506,0.046848
2.687660,11.422563,-0.034808
2.687660,2.954615,-0.032446
2.687660,2.688688,0.002329
2.687660,3.601546,0.079682
2.687660,7.950568,-0.116584
2.687660,2.802641,-0.016925
2.687660,2.716228,0.006668
2.687660,4.728181,0.118573
2.687660,5.082621,-0.124105
2.687660,2.725755,-0.007833
2.687660,2.792939,0.015808
2.687660,7.603319,0.120592
2.687660,3.671469,-0.083400
2.687660,2.690204,-0.002638
2.687660,2.936895,0.030747
2.687660,11.225349,0.044198
2.687660,3.146744,-0.049228
2.687660,2.688560,0.000902
2.687660,3.397132,0.067421
2.687660,9.231290,-0.096864
2.687660,2.842520,-0.021213
2.687660,2.705536,0.005133
2.687660,4.303309,0.108407
2.687660,5.713107,-0.129013
2.687660,2.742883,-0.009814
2.687660,2.787829,0.015124
2.687660,7.401990,0.122629
2.687660,3.716217,-0.085653
2.687660,2.692680,-0.002659
2.687660,2.973280,0.034166
2.687660,11.573708,0.025381
2.687660,3.090753,-0.044591
2.687660,2.691249,0.001626
2.687660,3.544118,0.076428
2.687660,8.269460,-0.112383
2.687660,2.812572,-0.017890
2.687660,2.728652,0.008016
2.687660,5.163908,0.125056
2.687660,4.661428,-0.117248
2.687660,2.715309,-0.006344
2.687660,2.831609,0.020001
2.687660,8.893826,0.102803
2.687660,3.444990,-0.070473
2.687660,2.690046,-0.001068
2.687660,3.147933,0.049312
2.687660,11.217261,-0.044539
2.687660,2.936365,-0.030676
2.687660,2.692797,0.002947
2.687660,3.759803,0.087784
2.687660,7.218838,-0.124293
2.687660,2.782662,-0.014565
2.687660,2.742421,0.009801
2.687660,5.702599,0.128975
2.687660,4.308897,-0.108573
2.687660,2.705363,-0.005189
2.687660,2.832272,0.020146
2.687660,8.925561,0.102271
2.687660,3.440205,-0.070190
2.687660,2.687785,-0.001299
2.687660,3.079960,0.043703
2.687660,11.623059,-0.021443
2.687660,2.981026,-0.034921
2.687660,2.687906,0.002041
2.687660,3.547411,0.076645
2.687660,8.249030,-0.112672
2.687660,2.811305,-0.017892
2.687660,2.710822,0.005979
2.687660,4.525540,0.114268
2.687660,5.346963,-0.126839
2.687660,2.732840,-0.008684
2.687660,2.787148,0.015126
2.687660,7.390528,0.122741
2.687660,3.718744,-0.085790
2.687660,2.691355,-0.002831
2.687660,2.929081,0.029986
2.687660,11.121088,0.048439
2.687660,3.160887,-0.050357
2.687660,2.688947,0.000844
2.687660,3.395448,0.067308
2.687660,9.243795,-0.096633
2.687660,2.843001,-0.021252
2.687660,2.706872,0.005284
2.687660,4.349672,0.109735
2.687660,5.628764,-0.128660
2.687660,2.740748,-0.009536
2.687660,2.792832,0.015682
2.687660,7.580767,0.120827
2.687660,3.676472,-0.083642
2.687660,2.692364,-0.002421
2.687660,3.000539,0.036676
2.687660,11.706291,0.012173
2.687660,3.056364,-0.041643
2.687660,2.691722,0.001934
2.687660,3.595903,0.079348
2.687660,7.981661,-0.116191
2.687660,2.804208,-0.016955
2.687660,2.734294,0.008720
2.687660,5.379137,0.127096
2.687660,4.503740,-0.113742
2.687660,2.711081,-0.005808
2.687660,2.838091,0.020710
2.687660,9.094726,0.099334
2.687660,3.416124,-0.068643
2.687660,2.689602,-0.000915
2.687660,3.161796,0.050424
2.687660,11.114458,-0.048695
2.687660,2.928658,-0.029936
2.687660,2.692578,0.002978
2.687660,3.760669,0.087827
2.687660,7.215251,-0.124324
2.687660,2.782497,-0.014561
2.687660,2.740600,0.009597
2.687660,5.636125,0.128697
2.687660,4.345438,-0.109620
2.687660,2.706202,-0.005333
2.687660,2.826048,0.019487
2.687660,8.731553,0.105471
2.687660,3.469091,-0.071989
2.687660,2.687605,-0.001524
2.687660,3.046329,0.040800
2.687660,11.728313,-0.008146
2.687660,3.009014,-0.037481
2.687660,2.687598,0.001798
2.687660,3.507749,0.074327
2.687660,8.485579,-0.109275
2.687660,2.818407,-0.018668
2.687660,2.707929,0.005591
2.687660,4.415022,0.111514
2.687660,5.517281,-0.128065
2.687660,2.737393,-0.009226
2.687660,2.783735,0.014721
2.687660,7.263489,0.123906
2.687660,3.748831,-0.087260
2.687660,2.692105,-0.002952
2.687660,2.924760,0.029563
2.687660,11.058739,0.050808
2.687660,3.169072,-0.051004
2.687660,2.689182,0.000812
2.687660,3.394830,0.067266
2.687660,9.248437,-0.096547
2.687660,2.843192,-0.021266
2.687660,2.707708,0.005380
2.687660,4.378856,0.110540
2.687660,5.578020,-0.128406
2.687660,2.739462,-0.009368
2.687660,2.795851,0.016018
2.687660,7.687745,0.119669
2.687660,3.653889,-0.082467
2.687660,2.692223,-0.002280
2.687660,3.017330,0.038194
2.687660,11.740628,0.004467
2.687660,3.037766,-0.040014
2.687660,2.691989,0.002102
2.687660,3.624435,0.080902
2.687660,7.833473,-0.117997
2.687660,2.799979,-0.016480
2.687660,2.737119,0.009072
2.687660,5.487346,0.127873
2.687660,4.433606,-0.111992
2.687660,2.709203,-0.005566
2.687660,2.841352,0.021063
2.687660,9.193159,0.097563
2.687660,3.402418,-0.067759
2.687660,2.689412,-0.000839
2.687660,3.169058,0.051001
2.687660,11.058932,-0.050801
2.687660,2.924791,-0.029562
2.687660,2.692534,0.003002
2.687660,3.763338,0.087955
2.687660,7.204448,-0.124416
2.687660,2.782177,-0.014530
2.687660,2.740100,0.009543
2.687660,5.618203,0.128613
2.687660,4.355569,-0.109904
2.687660,2.706422,-0.005375
2.687660,2.823978,0.019267
2.687660,8.665967,0.106512
2.687660,3.479162,-0.072606
2.687660,2.687544,-0.001603
2.687660,3.034686,0.039776
2.687660,11.743281,-0.003239
2.687660,3.019864,-0.038458
2.687660,2.687537,0.001711
2.687660,3.494380,0.073527
2.687660,8.568880,-0.108018
2.687660,2.820959,-0.018944
2.687660,2.707083,0.005474
2.687660,4.382280,0.110639
2.687660,5.571987,-0.128378
2.687660,2.738852,-0.009399
2.687660,2.782648,0.014591
2.687660,7.222856,0.124260
2.687660,3.758774,-0.087738
2.687660,2.692350,-0.002992
2.687660,2.923243,0.029414
2.687660,11.036066,0.051643
2.687660,3.172007,-0.051236
2.687660,2.689247,0.000799
2.687660,3.393975,0.067209
2.687660,9.254742,-0.096430
2.687660,2.843416,-0.021287
2.687660,2.707884,0.005398
2.687660,4.384758,0.110701
2.687660,5.567969,-0.128352
2.687660,2.739211,-0.009334
2.687660,2.796569,0.016097
2.687660,7.713008,0.119386
2.687660,3.648680,-0.082193
2.687660,2.692202,-0.002246
2.687660,3.021598,0.038576
2.687660,11.744216,0.002561
2.687660,3.033312,-0.039619
2.687660,2.692068,0.002144
2.687660,3.631774,0.081295
2.687660,7.796492,-0.118431
2.687660,2.798933,-0.016362
2.687660,2.737866,0.009164
2.687660,5.515903,0.128052
2.687660,4.415989,-0.111533
2.687660,2.708735,-0.005505
2.687660,2.842338,0.021169
2.687660,9.222452,0.097026
2.687660,3.398392,-0.067497
2.687660,2.689377,-0.000815
2.687660,3.171857,0.051223
2.687660,11.037275,-0.051599
2.687660,2.923334,-0.029421
2.687660,2.692588,0.003019
2.687660,3.766750,0.088118
2.687660,7.190745,-0.124532
2.687660,2.781802,-0.014487
2.687660,2.740355,0.009575
2.687660,5.628004,0.128659
2.687660,4.350009,-0.109749
2.687660,2.706271,-0.005355
2.687660,2.824171,0.019289
2.687660,8.672250,0.106413
2.687660,3.478188,-0.072546
2.687660,2.687521,-0.001599
2.687660,3.034897,0.039795
2.687660,11.743122,-0.003330
2.687660,3.019659,-0.038439
2.687660,2.687513,0.001710
2.687660,3.493802,0.073493
2.687660,8.572517,-0.107963
2.687660,2.821067,-0.018956
2.687660,2.706944,0.005457
2.687660,4.377260,0.110503
2.687660,5.580557,-0.128423
2.687660,2.739075,-0.009427
2.687660,2.782293,0.014551
2.687660,7.209908,0.124370
2.687660,3.761974,-0.087891
2.687660,2.692399,-0.003008
2.687660,2.921808,0.029274
2.687660,11.014361,0.052430
2.687660,3.174793,-0.051455
2.687660,2.689210,0.000774
2.687660,3.389900,0.066942
2.687660,9.284737,-0.095871
2.687660,2.844437,-0.021397
2.687660,2.707412,0.005336
2.687660,4.366991,0.110215
2.687660,5.598451,-0.128512
2.687660,2.740006,-0.009433
2.687660,2.795421,0.015967
2.687660,7.672097,0.119842
2.687660,3.657144,-0.082638
2.687660,2.692294,-0.002295
2.687660,3.016526,0.038121
2.687660,11.739723,0.004829
2.687660,3.038623,-0.040089
2.687660,2.692038,0.002102
2.687660,3.625170,0.080941
2.687660,7.829766,-0.118041
2.687660,2.799883,-0.016467
2.687660,2.737454,0.009111
2.687660,5.499691,0.127952
2.687660,4.425949,-0.111794
2.687660,2.709017,-0.005538
2.687660,2.842335,0.021167
2.687660,9.222073,0.097033
2.687660,3.398448,-0.067500
2.687660,2.689450,-0.000807
2.687660,3.174160,0.051404
2.687660,11.019391,-0.052249
2.687660,2.922157,-0.029304
2.687660,2.692828,0.003056
2.687660,3.776173,0.088564
2.687660,7.153326,-0.124842
2.687660,2.780808,-0.014368
2.687660,2.741791,0.009744
2.687660,5.681801,0.128894
2.687660,4.320142,-0.108900
2.687660,2.705516,-0.005246
2.687660,2.827108,0.019604
2.687660,8.765582,0.104922
2.687660,3.463921,-0.071671
2.687660,2.687512,-0.001499
2.687660,3.048339,0.040977
2.687660,11.724496,-0.008979
2.687660,3.007197,-0.037318
2.687660,2.687495,0.001800
2.687660,3.506221,0.074236
2.687660,8.494967,-0.109136
2.687660,2.818676,-0.018700
2.687660,2.707362,0.005523
2.687660,4.394715,0.110975
2.687660,5.550952,-0.128262
2.687660,2.738264,-0.009335
2.687660,2.782271,0.014554
2.687660,7.210140,0.124368
2.687660,3.761907,-0.087889
2.687660,2.692299,-0.003019
2.687660,2.918721,0.028974
2.687660,10.966552,0.054124
2.687660,3.180869,-0.051934
2.687660,2.689020,0.000708
2.687660,3.377479,0.066124
2.687660,9.377170,-0.094120
2.687660,2.847608,-0.021738
2.687660,2.705715,0.005115
2.687660,4.303813,0.108421
2.687660,5.712210,-0.129009
2.687660,2.742956,-0.009801
2.687660,2.790716,0.015436
2.687660,7.503766,0.121624
2.687660,3.693285,-0.084500
2.687660,2.692666,-0.002502
2.687660,2.994307,0.036105
2.687660,11.684741,0.015122
2.687660,3.063760,-0.042283
2.687660,2.691821,0.001891
2.687660,3.591447,0.079100
2.687660,8.005513,-0.115890
2.687660,2.804923,-0.017029
2.687660,2.734662,0.008757
2.687660,5.391675,0.127194
2.687660,4.495337,-0.113538
2.687660,2.710913,-0.005773
2.687660,2.840219,0.020932
2.687660,9.157954,0.098201
2.687660,3.407306,-0.068073
2.687660,2.689748,-0.000835
2.687660,3.175129,0.051478
2.687660,11.011942,-0.052516
2.687660,2.921693,-0.029255
2.687660,2.693442,0.003131
2.687660,3.797549,0.089561
2.687660,7.070534,-0.125497
2.687660,2.778635,-0.014102
2.687660,2.745614,0.010191
2.687660,5.824608,0.129356
2.687660,4.245774,-0.106678
2.687660,2.703700,-0.004964
2.687660,2.836553,0.020606
2.687660,9.057090,0.100002
2.687660,3.421311,-0.068991
2.687660,2.687665,-0.001179
2.687660,3.094399,0.044926
2.687660,11.554541,-0.026766
2.687660,2.970311,-0.033926
2.687660,2.687850,0.002114
2.687660,3.556823,0.077184
2.687660,8.195094,-0.113410
2.687660,2.809683,-0.017719
2.687660,2.710737,0.005982
2.687660,4.524418,0.114242
2.687660,5.348576,-0.126853
2.687660,2.732843,-0.008693
2.687660,2.785923,0.014993
2.687660,7.347060,0.123151
2.687660,3.728856,-0.086290
2.687660,2.691407,-0.002895
2.687660,2.921323,0.029234
2.687660,11.007576,0.052675
2.687660,3.175635,-0.051526
2.687660,2.688672,0.000705
2.687660,3.371352,0.065718
2.687660,9.423210,-0.093231
2.687660,2.849175,-0.021913
2.687660,2.703991,0.004903
2.687660,4.241678,0.106548
2.687660,5.832973,-0.129374
2.687660,2.746050,-0.010194
2.687660,2.784743,0.014764
2.687660,7.288471,0.123682
2.687660,3.742900,-0.086964
2.687660,2.693170,-0.002786
2.687660,2.963846,0.033280
2.687660,11.502990,0.030154
2.687660,3.104109,-0.045711
2.687660,2.691300,0.001535
2.687660,3.531909,0.075720
2.687660,8.341092,-0.111375
2.687660,2.814721,-0.018123
2.687660,2.728080,0.007935
2.687660,5.140605,0.124792
2.687660,4.680173,-0.117628
2.687660,2.715860,-0.006402
2.687660,2.832403,0.020080
2.687660,8.917536,0.102403
2.687660,3.441533,-0.070254
2.687660,2.690244,-0.001020
2.687660,3.157683,0.050092
2.687660,11.145611,-0.047473
2.687660,2.930953,-0.030150
2.687660,2.693557,0.003076
2.687660,3.791439,0.089276
2.687660,7.094011,-0.125315
2.687660,2.779338,-0.014168
2.687660,2.747005,0.010342
2.687660,5.874706,0.129464
2.687660,4.221254,-0.105910
2.687660,2.703209,-0.004858
2.687660,2.843067,0.021287
2.687660,9.249745,0.096524
2.687660,3.394578,-0.067259
2.687660,2.687992,-0.000950
2.687660,3.130954,0.047952
2.687660,11.335313,-0.039237
2.687660,2.946163,-0.031643
2.687660,2.688866,0.002412
2.687660,3.616497,0.080497
2.687660,7.872801,-0.117534
2.687660,2.800411,-0.016677
2.687660,2.717384,0.006818
2.687660,4.772179,0.119391
2.687660,5.032032,-0.123455
2.687660,2.724373,-0.007672
2.687660,2.793434,0.015872
2.687660,7.622368,0.120388
2.687660,3.667404,-0.083191
2.687660,2.689994,-0.002635
2.687660,2.934048,0.030475
2.687660,11.188958,0.045723
2.687660,3.151739,-0.049631
2.687660,2.688353,0.000841
2.687660,3.385202,0.066640
2.687660,9.319167,-0.095225
2.687660,2.845501,-0.021534
2.687660,2.703881,0.004918
2.687660,4.241978,0.106559
2.687660,5.832335,-0.129373
2.687660,2.745969,-0.010199
2.687660,2.782874,0.014562
2.687660,7.221935,0.124265
2.687660,3.759077,-0.087746
2.687660,2.693231,-0.002891
2.687660,2.950713,0.032041
2.687660,11.381725,0.036941
2.687660,3.124058,-0.047365
2.687660,2.690871,0.001339
2.687660,3.496945,0.073655
2.687660,8.554165,-0.108237
2.687660,2.821099,-0.018835
2.687660,2.723288,0.007339
2.687660,4.959822,0.122444
2.687660,4.838609,-0.120544
2.687660,2.720069,-0.006936
2.687660,2.825685,0.019343
2.687660,8.703924,0.105907
2.687660,3.473512,-0.072236
2.687660,2.690588,-0.001206
2.687660,3.137665,0.048478
2.687660,11.290248,-0.041337
2.687660,2.942380,-0.031248
2.687660,2.693302,0.002961
2.687660,3.770444,0.088288
2.687660,7.176226,-0.124652
2.687660,2.781597,-0.014422
2.687660,2.746034,0.010216
2.687660,5.836315,0.129382
2.687660,4.239999,-0.106498
2.687660,2.703758,-0.004919
2.687660,2.843454,0.021323
2.687660,9.260357,0.096327
2.687660,3.393145,-0.067164
2.687660,2.688165,-0.000920
2.687660,3.137923,0.048518
2.687660,11.287685,-0.041458
2.687660,2.941988,-0.031242
2.687660,2.689304,0.002495
2.687660,3.635676,0.081526
2.687660,7.775937,-0.118675
2.687660,2.797699,-0.016364
2.687660,2.720123,0.007153
2.687660,4.873731,0.121130
2.687660,4.923093,-0.121904
2.687660,2.721451,-0.007315
2.687660,2.796380,0.016212
2.687660,7.728599,0.119216
2.687660,3.645278,-0.082035
2.687660,2.689518,-0.002537
2.687660,2.939730,0.031024
2.687660,11.260703,0.042665
2.687660,3.141775,-0.048829
2.687660,2.688236,0.000900
2.687660,3.391533,0.067057
2.687660,9.272249,-0.096105
2.687660,2.843871,-0.021365
2.687660,2.703907,0.004933
2.687660,4.244754,0.106645
2.687660,5.826725,-0.129360
2.687660,2.745797,-0.010184
2.687660,2.782332,0.014504
2.687660,7.202819,0.124428
2.687660,3.763803,-0.087972
2.687660,2.693235,-0.002923
2.687660,2.946442,0.031636
2.687660,11.336296,0.039186
2.687660,3.130932,-0.047929
2.687660,2.690709,0.001269
2.687660,3.484476,0.072904
2.687660,8.633148,-0.107021
2.687660,2.823504,-0.019102
2.687660,2.721524,0.007119
2.687660,4.893454,0.121438
2.687660,4.903319,-0.121592
2.687660,2.721786,-0.007152
2.687660,2.823132,0.019061
2.687660,8.620978,0.107210
2.687660,3.486381,-0.073019
2.687660,2.690732,-0.001280
2.687660,3.129829,0.047839
2.687660,11.343698,-0.038829
2.687660,2.947119,-0.031700
2.687660,2.693229,0.002917
2.687660,3.762896,0.087929
2.687660,7.206478,-0.124397
2.687660,2.782435,-0.014515
2.687660,2.745795,0.010183
2.687660,5.826495,0.129359
2.687660,4.244869,-0.106648
2.687660,2.703916,-0.004933
2.687660,2.844043,0.021383
2.687660,9.277221,0.096013
2.687660,3.390860,-0.067013
2.687660,2.688251,-0.000893
2.687660,3.142928,0.048922
2.687660,11.252537,-0.043024
2.687660,2.939061,-0.030959
2.687660,2.689573,0.002548
2.687660,3.647872,0.082171
2.687660,7.715941,-0.119359
2.687660,2.796028,-0.016171
2.687660,2.721796,0.007357
2.687660,4.935936,0.122098
2.687660,4.861244,-0.120927
2.687660,2.719787,-0.007112
2.687660,2.798024,0.016402
2.687660,7.787580,0.118541
2.687660,3.633338,-0.081401
2.687660,2.689250,-0.002485
2.687660,2.942479,0.031289
2.687660,11.293437,0.041196
2.687660,3.137093,-0.048451
2.687660,2.688144,0.000923
2.687660,3.393312,0.067175
2.687660,9.259117,-0.096350
2.687660,2.843409,-0.021319
2.687660,2.703692,0.004912
2.687660,4.237754,0.106428
2.687660,5.840866,-0.129393
2.687660,2.746149,-0.010231
2.687660,2.781328,0.014392
2.687660,7.166455,0.124732
2.687660,3.772902,-0.088405
2.687660,2.693330,-0.002975
2.687660,2.941004,0.031116
2.687660,11.274015,0.042070
2.687660,3.139991,-0.048667
2.687660,2.690549,0.001185
2.687660,3.469821,0.072010
2.687660,8.728040,-0.105522
2.687660,2.826433,-0.019425
2.687660,2.719586,0.006875
2.687660,4.820401,0.120235
2.687660,4.979226,-0.122723
2.687660,2.723804,-0.007404
2.687660,2.820418,0.018759
2.687660,8.531639,0.108579
2.687660,3.500548,-0.073871
2.687660,2.690919,-0.001358
2.687660,3.122117,0.047206
2.687660,11.394241,-0.036299
2.687660,2.951941,-0.032158
2.687660,2.693234,0.002882
2.687660,3.757853,0.087687
2.687660,7.226912,-0.124223
2.687660,2.783016,-0.014576
2.687660,2.746042,0.010206
2.687660,5.834830,0.129379
2.687660,4.240745,-0.106520
2.687660,2.703863,-0.004912
2.687660,2.846039,0.021590
2.687660,9.334560,0.094933
2.687660,3.383136,-0.066503
2.687660,2.688389,-0.000822
2.687660,3.154944,0.049887
2.687660,11.165342,-0.046686
2.687660,2.932269,-0.030303
2.687660,2.690155,0.002667
2.687660,3.674761,0.083571
2.687660,7.587906,-0.120756
2.687660,2.792485,-0.015762
2.687660,2.725355,0.007791
2.687660,5.068673,0.123930
2.687660,4.740119,-0.118799
2.687660,2.716519,-0.006711
2.687660,2.801341,0.016783
2.687660,7.905760,0.117135
2.687660,3.610110,-0.080151
2.687660,2.688728,-0.002384
2.687660,2.947818,0.031801
2.687660,11.353375,0.038362
2.687660,3.128249,-0.047732
2.687660,2.687940,0.000964
2.687660,3.395636,0.067328
2.687660,9.241968,-0.096668
2.687660,2.842794,-0.021260
2.687660,2.703086,0.004846
2.687660,4.217266,0.105784
2.687660,5.882991,-0.129479
2.687660,2.747211,-0.010369
2.687660,2.778759,0.014103
2.687660,7.072943,0.125478
2.687660,3.796935,-0.089531
2.687660,2.693622,-0.003106
2.687660,2.927923,0.029857
2.687660,11.103469,0.049118
2.687660,3.163272,-0.050537
2.687660,2.690140,0.000967
2.687660,3.432370,0.069676
2.687660,8.980706,-0.101326
2.687660,2.834431,-0.020301
2.687660,2.714638,0.006246
2.687660,4.634267,0.116684
2.687660,5.198506,-0.125430
2.687660,2.729608,-0.008124
2.687660,2.812624,0.017889
2.687660,8.270023,0.112375
2.687660,3.544034,-0.076422
2.687660,2.691429,-0.001605
2.687660,3.096573,0.045079
2.687660,11.544062,-0.027482
2.687660,2.969113,-0.033774
2.687660,2.693105,0.002740
2.687660,3.735046,0.086581
2.687660,7.321404,-0.123383
2.687660,2.785658,-0.014866
2.687660,2.745750,0.010153
2.687660,5.820844,0.129344
2.687660,4.247708,-0.106735
2.687660,2.704178,-0.004922
2.687660,2.849630,0.021958
2.687660,9.435764,0.092986
2.687660,3.369700,-0.065608
2.687660,2.688762,-0.000683
2.687660,3.180141,0.051879
2.687660,10.972205,-0.053927
2.687660,2.919058,-0.029011
2.687660,2.691763,0.002954
2.687660,3.743361,0.086997
2.687660,7.286050,-0.123707
2.687660,2.784282,-0.014799
2.687660,2.734949,0.008945
2.687660,5.427367,0.127467
2.687660,4.471649,-0.112963
2.687660,2.709344,-0.005798
2.687660,2.812645,0.018046
2.687660,8.295255,0.112029
2.687660,3.539440,-0.076186
2.687660,2.687669,-0.002013
2.687660,2.981076,0.034928
2.687660,11.623407,0.021413
2.687660,3.079872,-0.043697
2.687660,2.687602,0.001278
2.687660,3.434242,0.069815
2.687660,8.966608,-0.101572
2.687660,2.833576,-0.020291
2.687660,2.704238,0.005049
2.687660,4.267979,0.107358
2.687660,5.780581,-0.129238
2.687660,2.744437,-0.010053
2.687660,2.779343,0.014188
2.687660,7.097434,0.125289
2.687660,3.790524,-0.089235
2.687660,2.693249,-0.003105
2.687660,2.922133,0.029299
2.687660,11.018758,0.052271
2.687660,3.174252,-0.051409
2.687660,2.689669,0.000832
2.687660,3.405581,0.067962
2.687660,9.170366,-0.097977
2.687660,2.840623,-0.020978
2.687660,2.710458,0.005717
2.687660,4.478774,0.113133
2.687660,5.416701,-0.127384
2.687660,2.735308,-0.008839
2.687660,2.803691,0.016892
2.687660,7.962827,0.116426
2.687660,3.599462,-0.079543
2.687660,2.691863,-0.001943
2.687660,3.057467,0.041738
2.687660,11.703359,-0.012614
2.687660,2.999607,-0.036590
2.687660,2.692555,0.002450
2.687660,3.683880,0.084021
2.687660,7.546592,-0.121184
2.687660,2.791906,-0.015571
2.687660,2.742134,0.009699
2.687660,5.680649,0.128886
2.687660,4.320864,-0.108916
2.687660,2.706166,-0.005176
2.687660,2.846517,0.021622
2.687660,9.345691,0.094721
2.687660,3.381684,-0.066402
2.687660,2.689052,-0.000734
2.687660,3.177752,0.051689
2.687660,10.991126,-0.053260
2.687660,2.920289,-0.029128
2.687660,2.692224,0.002999
2.687660,3.757670,0.087686
2.687660,7.227301,-0.124222
2.687660,2.782738,-0.014608
2.687660,2.737890,0.009289
2.687660,5.536677,0.128180
2.687660,4.403265,-0.111204
2.687660,2.707593,-0.005553
2.687660,2.818316,0.018661
2.687660,8.483051,0.109313
2.687660,3.508155,-0.074351
2.687660,2.687527,-0.001809
2.687660,3.006361,0.037242
2.687660,11.722598,0.009365
2.687660,3.049277,-0.041059
2.687660,2.687541,0.001495
2.687660,3.463894,0.071669
2.687660,8.765774,-0.104919
2.687660,2.827118,-0.019604
2.687660,2.705642,0.005260
2.687660,4.324559,0.109027
2.687660,5.673726,-0.128861
2.687660,2.741584,-0.009718
2.687660,2.781221,0.014415
2.687660,7.168372,0.124718
2.687660,3.772371,-0.088384
2.687660,2.692776,-0.003036
2.687660,2.924043,0.029488
2.687660,11.047735,0.051215
2.687660,3.170513,-0.051116
2.687660,2.689508,0.000840
2.687660,3.404087,0.067867
2.687660,9.181100,-0.097782
2.687660,2.840961,-0.021019
2.687660,2.709709,0.005628
2.687660,4.451944,0.112461
2.687660,5.458229,-0.127679
2.687660,2.736371,-0.008976
2.687660,2.801441,0.016642
2.687660,7.884607,0.117386
2.687660,3.614437,-0.080361
2.687660,2.691930,-0.002039
2.687660,3.045359,0.040682
2.687660,11.730253,-0.007660
2.687660,3.010285,-0.037559
2.687660,2.692336,0.002345
2.687660,3.665155,0.083056
2.687660,7.633888,-0.120259
2.687660,2.794339,-0.015847
2.687660,2.740424,0.009488
2.687660,5.615040,0.128594
2.687660,4.357472,-0.109952
2.687660,2.707134,-0.005305
2.687660,2.844227,0.021377
2.687660,9.279004,0.095978
2.687660,3.390671,-0.066994
2.687660,2.689118,-0.000790
2.687660,3.171088,0.051164
2.687660,11.043138,-0.051384
2.687660,2.923705,-0.029460
2.687660,2.692069,0.002955
2.687660,3.748736,0.087256
2.687660,7.263867,-0.123903
2.687660,2.783736,-0.014723
2.687660,2.737109,0.009193
2.687660,5.506896,0.128001
2.687660,4.421378,-0.111681
2.687660,2.708083,-0.005615
2.687660,2.817613,0.018582
2.687660,8.459665,0.109660
2.687660,3.511967,-0.074577
2.687660,2.687596,-0.001828
2.687660,3.004941,0.037113
2.687660,11.719178,0.010024
2.687660,3.050885,-0.041198
2.687660,2.687603,0.001491
2.687660,3.464274,0.071692
2.687660,8.763288,-0.104959
2.687660,2.827050,-0.019594
2.687660,2.705938,0.005295
2.687660,4.335035,0.109326
2.687660,5.654747,-0.128780
2.687660,2.741097,-0.009656
2.687660,2.782139,0.014519
2.687660,7.201857,0.124438
2.687660,3.763992,-0.087986
2.687660,2.692660,-0.002991
2.687660,2.928166,0.029888
2.687660,11.107488,0.048965
2.687660,3.162718,-0.050497
2.687660,2.689626,0.000911
2.687660,3.415973,0.068634
2.687660,9.095808,-0.099315
2.687660,2.838130,-0.020713
2.687660,2.711164,0.005817
2.687660,4.506634,0.113811
2.687660,5.374853,-0.127062
2.687660,2.734186,-0.008706
2.687660,2.804491,0.016986
2.687660,7.991443,0.116068
2.687660,3.594068,-0.079246
2.687660,2.691719,-0.001922
2.687660,3.058004,0.041786
2.687660,11.701874,-0.012833
2.687660,2.999135,-0.036548
2.687660,2.692400,0.002435
2.687660,3.679175,0.083781
2.687660,7.568236,-0.120959
2.687660,2.792483,-0.015642
2.687660,2.741018,0.009569
2.687660,5.639083,0.128707
2.687660,4.343862,-0.109571
2.687660,2.706720,-0.005263
2.687660,2.843407,0.021295
2.687660,9.255738,0.096412
2.687660,3.393820,-0.067202
2.687660,2.688941,-0.000833
2.687660,3.162272,0.050467
2.687660,11.110617,-0.048845
2.687660,2.928335,-0.029914
2.687660,2.691394,0.002842
2.687660,3.720881,0.085896
2.687660,7.381290,-0.122829
2.687660,2.786896,-0.015097
2.687660,2.733061,0.008711
2.687660,5.355323,0.126909
2.687660,4.519786,-0.114132
2.687660,2.710666,-0.005960
2.687660,2.811507,0.017914
2.687660,8.255930,0.112576
2.687660,3.546215,-0.076576
2.687660,2.687883,-0.002035
2.687660,2.981428,0.034958
2.687660,11.625318,0.021245
2.687660,3.079434,-0.043658
2.687660,2.687770,0.001301
2.687660,3.440238,0.070192
2.687660,8.925331,-0.102275
2.687660,2.832262,-0.020146
2.687660,2.705300,0.005182
2.687660,4.306690,0.108509
2.687660,5.706706,-0.128991
2.687660,2.742526,-0.009815
2.687660,2.782443,0.014541
2.687660,7.210895,0.124361
2.687660,3.761766,-0.087878
2.687660,2.692822,-0.002957
2.687660,2.935316,0.030575
2.687660,11.203839,0.045103
2.687660,3.149781,-0.049461
2.687660,2.690017,0.001051
2.687660,3.442143,0.070294
2.687660,8.913259,-0.102476
2.687660,2.832229,-0.020068
2.687660,2.714950,0.006298
2.687660,4.647925,0.116970
2.687660,5.180981,-0.125243
2.687660,2.729103,-0.008072
2.687660,2.811989,0.017825
2.687660,8.249554,0.112659
2.687660,3.547560,-0.076626
2.687660,2.691291,-0.001646
2.687660,3.088794,0.044425
2.687660,11.583294,-0.024663
2.687660,2.974719,-0.034299
2.687660,2.692680,0.002649
2.687660,3.714661,0.085576
2.687660,7.408775,-0.122563
2.687660,2.788022,-0.015145
2.687660,2.742903,0.009815
2.687660,5.713599,0.129015
2.687660,4.303049,-0.108400
2.687660,2.705541,-0.005130
2.687660,2.842914,0.021253
2.687660,9.242746,0.096653
2.687660,3.395570,-0.067319
2.687660,2.688592,-0.000887
2.687660,3.149313,0.049434
2.687660,11.206760,-0.044983
2.687660,2.935437,-0.030606
2.687660,2.690337,0.002665
2.687660,3.677508,0.083711
2.687660,7.575196,-0.120890
2.687660,2.792165,-0.015718
2.687660,2.726569,0.007932
2.687660,5.113004,0.124475
2.687660,4.702637,-0.118080
2.687660,2.715540,-0.006583
2.687660,2.803449,0.017017
2.687660,7.978947,0.116231
2.687660,3.596179,-0.079388
2.687660,2.688581,-0.002304
2.687660,2.956288,0.032605
2.687660,11.438480,0.033938
2.687660,3.114927,-0.046636
2.687660,2.687998,0.001068
2.687660,3.411214,0.068340
2.687660,9.129084,-0.098723
2.687660,2.838995,-0.020855
2.687660,2.704369,0.005024
2.687660,4.266436,0.107310
2.687660,5.783649,-0.129246
2.687660,2.744614,-0.010052
2.687660,2.782078,0.014485
2.687660,7.195217,0.124493
2.687660,3.765681,-0.088063
2.687660,2.693101,-0.002952
2.687660,2.940472,0.031067
2.687660,11.267775,0.042349
2.687660,3.140872,-0.048739
2.687660,2.690391,0.001160
2.687660,3.463658,0.071632
2.687660,8.768569,-0.104869
2.687660,2.827681,-0.019566
2.687660,2.718362,0.006725
2.687660,4.775076,0.119436
2.687660,5.029001,-0.123408
2.687660,2.725107,-0.007570
2.687660,2.818095,0.018503
2.687660,8.454959,0.109724
2.687660,3.512969,-0.074610
2.687660,2.690990,-0.001438
2.687660,3.112410,0.046404
2.687660,11.454559,-0.033031
2.687660,2.958229,-0.032754
2.687660,2.692997,0.002808
2.687660,3.743077,0.086974
2.687660,7.287673,-0.123689
2.687660,2.784672,-0.014767
2.687660,2.744684,0.010041
2.687660,5.782997,0.129243
2.687660,4.266791,-0.107320
2.687660,2.704535,-0.005007
2.687660,2.843787,0.021352
2.687660,9.269130,0.096163
2.687660,3.391966,-0.067085
2.687660,2.688395,-0.000884
2.687660,3.146491,0.049209
2.687660,11.227117,-0.044122
2.687660,2.937023,-0.030762
2.687660,2.689915,0.002603
2.687660,3.661575,0.082888
2.687660,7.649990,-0.120089
2.687660,2.794210,-0.015959
2.687660,2.723927,0.007615
2.687660,5.014987,0.123226
2.687660,4.787441,-0.119665
2.687660,2.717807,-0.006867
2.687660,2.800343,0.016666
2.687660,7.869927,0.117569
2.687660,3.617061,-0.080527
2.687660,2.688934,-0.002408
2.687660,2.947781,0.031796
2.687660,11.352879,0.038386
2.687660,3.128329,-0.047737
2.687660,2.688068,0.000978
2.687660,3.399780,0.067598
2.687660,9.211742,-0.097225
2.687660,2.841786,-0.021149
2.687660,2.703858,0.004943
2.687660,4.245393,0.106665
2.687660,5.825421,-0.129357
2.687660,2.745727,-0.010183
2.687660,2.781318,0.014394
2.687660,7.166607,0.124731
2.687660,3.772860,-0.088403
2.687660,2.693279,-0.002980
2.687660,2.939434,0.030967
2.687660,11.255140,0.042907
2.687660,3.142664,-0.048884
2.687660,2.690454,0.001154
2.687660,3.463909,0.071647
2.687660,8.766933,-0.104896
2.687660,2.827640,-0.019559
2.687660,2.718665,0.006760
2.687660,4.786003,0.119632
2.687660,5.016806,-0.123244
2.687660,2.724796,-0.007528
2.687660,2.818896,0.018591
2.687660,8.481330,0.109333
2.687660,3.508671,-0.074355
2.687660,2.690993,-0.001407
2.687660,3.116647,0.046754
2.687660,11.428716,-0.034469
2.687660,2.955455,-0.032491
2.687660,2.693149,0.002846
2.687660,3.751203,0.087367
2.687660,7.254086,-0.123987
2.687660,2.783762,-0.014661
2.687660,2.745614,0.010152
2.687660,5.818204,0.129338
2.687660,4.249009,-0.106776
2.687660,2.704089,-0.004941
2.687660,2.845720,0.021555
2.687660,9.325211,0.095110
2.687660,3.384393,-0.066586
2.687660,2.688426,-0.000827
2.687660,3.154885,0.049882
2.687660,11.165791,-0.046668
2.687660,2.932306,-0.030306
2.687660,2.690218,0.002674
2.687660,3.676833,0.083677
2.687660,7.578287,-0.120858
2.687660,2.792224,-0.015730
2.687660,2.725749,0.007838
2.687660,5.083243,0.124113
2.687660,4.727646,-0.118563
2.687660,2.716187,-0.006669
2.687660,2.801846,0.016840
2.687660,7.923448,0.116919
2.687660,3.606712,-0.079966
2.687660,2.688676,-0.002366
2.687660,2.949369,0.031949
2.687660,11.369847,0.037546
2.687660,3.125749,-0.047527
2.687660,2.687937,0.000982
2.687660,3.398110,0.067490
2.687660,9.223867,-0.097002
2.687660,2.842178,-0.021195
2.687660,2.703245,0.004869
2.687660,4.223529,0.105982
2.687660,5.869990,-0.129455
2.687660,2.746869,-0.010328
2.687660,2.779139,0.014147
2.687660,7.087047,0.125369
2.687660,3.793248,-0.089360
2.687660,2.693554,-0.003088
2.687660,2.929203,0.029981
2.687660,11.121502,0.048421
2.687660,3.160890,-0.050348
2.687660,2.690163,0.000987
2.687660,3.435552,0.069878
2.687660,8.958664,-0.101704
2.687660,2.833719,-0.020224
2.687660,2.715005,0.006294
2.687660,4.648155,0.116974
2.687660,5.180701,-0.125240
2.687660,2.729136,-0.008066
2.687660,2.813197,0.017953
2.687660,8.289568,0.112102
2.687660,3.540675,-0.076228
2.687660,2.691383,-0.001587
2.687660,3.098353,0.045229
2.687660,11.534615,-0.028119
2.687660,2.967851,-0.033656
2.687660,2.693099,0.002749
2.687660,3.736201,0.086637
2.687660,7.316529,-0.123428
2.687660,2.785519,-0.014852
2.687660,2.745676,0.010146
2.687660,5.818313,0.129338
2.687660,4.248969,-0.106774
2.687660,2.704197,-0.004928
2.687660,2.849091,0.021903
2.687660,9.420629,0.093281
2.687660,3.371696,-0.065741
2.687660,2.688723,-0.000701
2.687660,3.176933,0.051627
2.687660,10.997430,-0.053037
2.687660,2.920669,-0.029170
2.687660,2.691556,0.002918
2.687660,3.734615,0.086572
2.687660,7.322665,-0.123375
2.687660,2.785268,-0.014915
2.687660,2.733743,0.008800
2.687660,5.382163,0.127125
2.687660,4.501548,-0.113696
2.687660,2.710135,-0.005902
2.687660,2.810984,0.017863
2.687660,8.239202,0.112808
2.687660,3.549106,-0.076743
2.687660,2.687771,-0.002069
2.687660,2.975130,0.034376
2.687660,11.587452,0.024354
2.687660,3.087776,-0.044367
2.687660,2.687644,0.001225
2.687660,3.427465,0.069384
2.687660,9.013810,-0.100758
2.687660,2.835126,-0.020455
2.687660,2.703999,0.005010
2.687660,4.257869,0.107050
2.687660,5.800477,-0.129293
2.687660,2.744973,-0.010115
2.687660,2.779138,0.014161
2.687660,7.089429,0.125351
2.687660,3.792608,-0.089332
2.687660,2.693328,-0.003110
2.687660,2.922686,0.029352
2.687660,11.027078,0.051970
2.687660,3.173187,-0.051325
2.687660,2.689736,0.000848
2.687660,3.408896,0.068176
2.687660,9.146500,-0.098408
2.687660,2.839834,-0.020892
2.687660,2.711002,0.005786
2.687660,4.498929,0.113625
2.687660,5.386306,-0.127152
2.687660,2.734517,-0.008740
2.687660,2.804982,0.017036
2.687660,8.007708,0.115862
2.687660,3.591036,-0.079078
2.687660,2.691800,-0.001891
2.687660,3.063481,0.042259
2.687660,11.685627,-0.015013
2.687660,2.994536,-0.036127
2.687660,2.692634,0.002497
2.687660,3.691946,0.084432
2.687660,7.509813,-0.121562
2.687660,2.790880,-0.015456
2.687660,2.742722,0.009773
2.687660,5.703443,0.128976
2.687660,4.308513,-0.108558
2.687660,2.705830,-0.005133
2.687660,2.847006,0.021675
2.687660,9.359967,0.094449
2.687660,3.379772,-0.066276
2.687660,2.689001,-0.000726
2.687660,3.178000,0.051709
2.687660,10.989161,-0.053330
2.687660,2.920159,-0.029116
2.687660,2.692137,0.002990
2.687660,3.754869,0.087552
2.687660,7.238693,-0.124123
2.687660,2.783038,-0.014645
2.687660,2.737341,0.009225
2.687660,5.516252,0.128059
2.687660,4.415644,-0.111531
2.687660,2.707908,-0.005597
2.687660,2.817225,0.018543
2.687660,8.447241,0.109844
2.687660,3.513996,-0.074698
2.687660,2.687546,-0.001848
2.687660,3.001415,0.036793
2.687660,11.709656,0.011664
2.687660,3.054910,-0.041549
2.687660,2.687557,0.001456
2.687660,3.458567,0.071339
2.687660,8.801175,-0.104343
2.687660,2.828245,-0.019724
2.687660,2.705429,0.005227
2.687660,4.315778,0.108774
2.687660,5.689831,-0.128926
2.687660,2.742018,-0.009768
2.687660,2.781047,0.014392
2.687660,7.161614,0.124774
2.687660,3.774079,-0.088465
2.687660,2.692840,-0.003040
2.687660,2.924485,0.029530
2.687660,11.054226,0.050975
2.687660,3.169675,-0.051049
2.687660,2.689562,0.000853
2.687660,3.406723,0.068037
2.687660,9.162074,-0.098127
2.687660,2.840330,-0.020950
2.687660,2.710138,0.005682
2.687660,4.467816,0.112861
2.687660,5.433507,-0.127506
2.687660,2.735728,-0.008896
2.687660,2.802490,0.016760
2.687660,7.921308,0.116939
2.687660,3.607362,-0.079976
2.687660,2.691873,-0.001997
2.687660,3.050282,0.041113
2.687660,11.720793,-0.009696
2.687660,3.005862,-0.037159
2.687660,2.692390,0.002384
2.687660,3.671686,0.083394
2.687660,7.603123,-0.120590
2.687660,2.793475,-0.015750
2.687660,2.740883,0.009546
2.687660,5.632903,0.128679
2.687660,4.347343,-0.109669
2.687660,2.706855,-0.005271
2.687660,2.844500,0.021408
2.687660,9.287167,0.095826
2.687660,3.389562,-0.066921
2.687660,2.689067,-0.000788
2.687660,3.170523,0.051120
2.687660,11.047493,-0.051224
2.687660,2.923993,-0.029489
2.687660,2.691950,0.002939
2.687660,3.744377,0.087045
2.687660,7.281888,-0.123743
2.687660,2.784215,-0.014781
2.687660,2.736372,0.009106
2.687660,5.479406,0.127826
2.687660,4.438435,-0.112123
2.687660,2.708524,-0.005676
2.687660,2.816296,0.018439
2.687660,8.416233,0.110298
2.687660,3.519105,-0.074999
2.687660,2.687633,-0.001874
2.687660,2.999277,0.036598
2.687660,11.703117,0.012668
2.687660,3.057402,-0.041765
2.687660,2.687629,0.001446
2.687660,3.458374,0.071327
2.687660,8.802495,-0.104321
2.687660,2.828299,-0.019727
2.687660,2.705736,0.005262
2.687660,4.326514,0.109083
2.687660,5.670176,-0.128846
2.687660,2.741516,-0.009704
2.687660,2.782075,0.014508
2.687660,7.199036,0.124462
2.687660,3.764697,-0.088019
2.687660,2.692716,-0.002990
2.687660,2.929271,0.029994
2.687660,11.122938,0.048366
2.687660,3.160678,-0.050334
2.687660,2.689704,0.000935
2.687660,3.420635,0.068932
2.687660,9.062768,-0.099899
2.687660,2.837050,-0.020595
2.687660,2.711864,0.005906
2.687660,4.532685,0.114429
2.687660,5.336873,-0.126749
2.687660,2.733194,-0.008582
2.687660,2.806015,0.017157
2.687660,8.044325,0.115395
2.687660,3.584240,-0.078701
2.687660,2.691634,-0.001863
2.687660,3.064683,0.042364
2.687660,11.681737,-0.015490
2.687660,2.993527,-0.036036
2.687660,2.692466,0.002484
2.687660,3.687367,0.084200
2.687660,7.530586,-0.121350
2.687660,2.791428,-0.015524
2.687660,2.741517,0.009633
2.687660,5.658649,0.128794
2.687660,4.332950,-0.109263
2.687660,2.706412,-0.005227
2.687660,2.843498,0.021307
2.687660,9.258708,0.096357
2.687660,3.393412,-0.067176
2.687660,2.688867,-0.000839
2.687660,3.160302,0.050311
2.687660,11.125466,-0.048268
2.687660,2.929388,-0.030017
2.687660,2.691189,0.002810
2.687660,3.712802,0.085495
2.687660,7.416360,-0.122493
2.687660,2.787841,-0.015210
2.687660,2.731801,0.008561
2.687660,5.308292,0.126505
2.687660,4.552629,-0.114897
2.687660,2.711534,-0.006073
2.687660,2.809728,0.017718
2.687660,8.195630,0.113403
2.687660,3.556739,-0.077178
2.687660,2.687995,-0.002096
2.687660,2.974995,0.034361
2.687660,11.586510,0.024426
2.687660,3.087980,-0.044383
2.687660,2.687810,0.001243
2.687660,3.432748,0.069719
2.687660,8.977060,-0.101392
2.687660,2.833949,-0.020324
2.687660,2.705010,0.005136
2.687660,4.294591,0.108153
2.687660,5.729430,-0.129073
2.687660,2.743138,-0.009886
2.687660,2.782198,0.014509
2.687660,7.201370,0.124441
2.687660,3.764135,-0.087991
2.687660,2.692911,-0.002963
2.687660,2.935933,0.030634
2.687660,11.211698,0.044773
2.687660,3.148704,-0.049373
2.687660,2.690094,0.001068
2.687660,3.445791,0.070523
2.687660,8.888389,-0.102894
2.687660,2.831442,-0.019981
2.687660,2.715581,0.006377
2.687660,4.671338,0.117450
2.687660,5.151529,-0.124917
2.687660,2.728332,-0.007975
2.687660,2.813227,0.017962
2.687660,8.291511,0.112075
2.687660,3.540332,-0.076210
2.687660,2.691237,-0.001601
2.687660,3.093987,0.044863
2.687660,11.557436,-0.026555
2.687660,2.970940,-0.033947
2.687660,2.692759,0.002686
2.687660,3.721391,0.085910
2.687660,7.379583,-0.122842
2.687660,2.787214,-0.015053
2.687660,2.743389,0.009876
2.687660,5.732417,0.129082
2.687660,4.293057,-0.108106
2.687660,2.705270,-0.005096
2.687660,2.843339,0.021299
2.687660,9.255356,0.096419
2.687660,3.393849,-0.067207
2.687660,2.688554,-0.000879
2.687660,3.149777,0.049472
2.687660,11.203372,-0.045125
2.687660,2.935172,-0.030581
2.687660,2.690285,0.002661
2.687660,3.676056,0.083637
2.687660,7.581922,-0.120819
2.687660,2.792345,-0.015740
2.687660,2.726237,0.007893
2.687660,5.100792,0.124328
2.687660,4.712826,-0.118278
2.687660,2.715809,-0.006617
2.687660,2.802970,0.016963
2.687660,7.962294,0.116439
2.687660,3.599321,-0.079561
2.687660,2.688621,-0.002321
2.687660,2.954604,0.032445
2.687660,11.422483,0.034812
2.687660,3.117517,-0.046850
2.687660,2.687997,0.001049
2.687660,3.408509,0.068165
2.687660,9.148504,-0.098374
2.687660,2.839644,-0.020924
2.687660,2.704181,0.004997
2.687660,4.259114,0.107087
2.687660,5.798057,-0.129286
2.687660,2.744992,-0.010098
2.687660,2.781656,0.014436
2.687660,7.179645,0.124623
2.687660,3.769576,-0.088248
2.687660,2.693170,-0.002970
2.687660,2.939044,0.030930
2.687660,11.250445,0.043112
2.687660,3.143321,-0.048938
2.687660,2.690373,0.001140
2.687660,3.460567,0.071441
2.687660,8.789074,-0.104536
2.687660,2.828325,-0.019636
2.687660,2.718029,0.006682
2.687660,4.762409,0.119206
2.687660,5.043305,-0.123597
2.687660,2.725490,-0.007617
2.687660,2.817697,0.018458
2.687660,8.441545,0.109922
2.687660,3.515170,-0.074740
2.687660,2.691033,-0.001448
2.687660,3.111682,0.046343
2.687660,11.458936,-0.032781
2.687660,2.958715,-0.032799
2.687660,2.693037,0.002809
2.687660,3.743901,0.087014
2.687660,7.284255,-0.123720
2.687660,2.784586,-0.014756
2.687660,2.744971,0.010074
2.687660,5.793621,0.129273
2.687660,4.261385,-0.107155
2.687660,2.704410,-0.004985
2.687660,2.844720,0.021449
2.687660,9.296185,0.095657
2.687660,3.388305,-0.066844
2.687660,2.688434,-0.000854
2.687660,3.151334,0.049598
2.687660,11.191959,-0.045599
2.687660,2.934284,-0.030497
2.687660,2.690124,0.002648
2.687660,3.671553,0.083405
2.687660,7.602896,-0.120597
2.687660,2.792907,-0.015809
2.687660,2.725199,0.007770
2.687660,5.062529,0.123852
2.687660,4.745428,-0.118898
2.687660,2.716672,-0.006728
2.687660,2.801486,0.016797
2.687660,7.910545,0.117077
2.687660,3.609192,-0.080101
2.687660,2.688754,-0.002374
2.687660,2.949490,0.031960
2.687660,11.371072,0.037485
2.687660,3.125565,-0.047511
2.687660,2.687989,0.000989
2.687660,3.399999,0.067613
2.687660,9.210115,-0.097255
2.687660,2.841719,-0.021144
2.687660,2.703571,0.004910
2.687660,4.235420,0.106356
2.687660,5.845596,-0.129404
2.687660,2.746240,-0.010249
2.687660,2.780204,0.014268
2.687660,7.126066,0.125061
2.687660,3.783165,-0.088889
2.687660,2.693408,-0.003036
2.687660,2.933932,0.030438
2.687660,11.185530,0.045861
2.687660,3.152297,-0.049660
2.687660,2.690294,0.001065
2.687660,3.448695,0.070703
2.687660,8.868754,-0.103222
2.687660,2.830845,-0.019910
2.687660,2.716682,0.006508
2.687660,4.711316,0.118242
2.687660,5.102824,-0.124347
2.687660,2.727076,-0.007811
2.687660,2.815899,0.018256
2.687660,8.380952,0.110804
2.687660,3.525212,-0.075329
2.687660,2.691199,-0.001499
2.687660,3.107335,0.045981
2.687660,11.484550,-0.031280
2.687660,2.961640,-0.033074
2.687660,2.693133,0.002799
2.687660,3.744025,0.087019
2.687660,7.283774,-0.123724
2.687660,2.784600,-0.014751
2.687660,2.745727,0.010159
2.687660,5.821323,0.129346
2.687660,4.247460,-0.106728
2.687660,2.704107,-0.004928
2.687660,2.847653,0.021755
2.687660,9.380181,0.094062
2.687660,3.377052,-0.066099
2.687660,2.688583,-0.000756
2.687660,3.167144,0.050857
2.687660,11.073344,-0.050264
2.687660,2.925709,-0.029664
2.687660,2.690915,0.002805
2.687660,3.707491,0.085231
2.687660,7.439621,-0.122267
2.687660,2.788433,-0.015288
2.687660,2.729946,0.008345
2.687660,5.240068,0.125862
2.687660,4.602415,-0.116010
2.687660,2.712821,-0.006248
2.687660,2.806248,0.017337
2.687660,8.077197,0.114976
2.687660,3.577960,-0.078378
2.687660,2.688154,-0.002226
2.687660,2.959950,0.032953
2.687660,11.471843,0.032040
2.687660,3.109362,-0.046176
2.687660,2.687765,0.001081
2.687660,3.409241,0.068214
2.687660,9.143141,-0.098471
2.687660,2.839431,-0.020909
2.687660,2.703326,0.004899
2.687660,4.229447,0.106169
2.687660,5.857781,-0.129430
2.687660,2.746510,-0.010293
2.687660,2.778386,0.014067
2.687660,7.060435,0.125574
2.687660,3.800212,-0.089684
2.687660,2.693567,-0.003135
2.687660,2.923161,0.029396
2.687660,11.034070,0.051715
2.687660,3.172294,-0.051253
2.687660,2.689885,0.000871
2.687660,3.414695,0.068549
2.687660,9.105034,-0.099150
2.687660,2.838475,-0.020742
2.687660,2.712081,0.005921
2.687660,4.538708,0.114569
2.687660,5.328260,-0.126675
2.687660,2.733009,-0.008549
2.687660,2.807561,0.017323
2.687660,8.096715,0.114715
2.687660,3.574670,-0.078165
2.687660,2.691694,-0.001789
2.687660,3.075707,0.043310
2.687660,11.641466,-0.019761
2.687660,2.984679,-0.035220
2.687660,2.692832,0.002593
2.687660,3.709166,0.085300
2.687660,7.432932,-0.122329
2.687660,2.788748,-0.015214
2.687660,2.744103,0.009945
2.687660,5.756666,0.129162
2.687660,4.280381,-0.107727
2.687660,2.705079,-0.005034
2.687660,2.848630,0.021848
2.687660,9.406713,0.093550
2.687660,3.373549,-0.065863
2.687660,2.688930,-0.000690
2.687660,3.181821,0.052009
2.687660,10.958990,-0.054387
2.687660,2.918238,-0.028928
2.687660,2.692165,0.003007
2.687660,3.757873,0.087696
2.687660,7.226452,-0.124229
2.687660,2.782697,-0.014607
2.687660,2.737401,0.009234
2.687660,5.518851,0.128075
2.687660,4.414056,-0.111489
2.687660,2.707852,-0.005594
2.687660,2.816883,0.018507
2.687660,8.436172,0.110006
2.687660,3.515811,-0.074805
2.687660,2.687523,-0.001864
2.687660,2.998918,0.036566
2.687660,11.701984,0.012834
2.687660,3.057812,-0.041801
2.687660,2.687534,0.001432
2.687660,3.454801,0.071106
2.687660,8.826372,-0.103929
2.687660,2.829044,-0.019810
2.687660,2.705124,0.005186
2.687660,4.304174,0.108436
2.687660,5.711371,-0.129009
2.687660,2.742584,-0.009837
2.687660,2.780404,0.014318
2.687660,7.137877,0.124967
2.687660,3.780107,-0.088749
2.687660,2.692951,-0.003068
2.687660,2.922405,0.029328
2.687660,11.023072,0.052115
2.687660,3.173691,-0.051366
2.687660,2.689526,0.000819
2.687660,3.401436,0.067694
2.687660,9.200346,-0.097431
2.687660,2.841611,-0.021087
2.687660,2.709557,0.005606
2.687660,4.445829,0.112306
2.687660,5.467876,-0.127745
2.687660,2.736630,-0.009007
2.687660,2.801296,0.016625
2.687660,7.879310,0.117450
2.687660,3.615467,-0.080417
2.687660,2.691965,-0.002043
2.687660,3.045501,0.040694
2.687660,11.730011,-0.007719
2.687660,3.010160,-0.037548
2.687660,2.692378,0.002351
2.687660,3.666698,0.083136
2.687660,7.626599,-0.120338
2.687660,2.794142,-0.015824
2.687660,2.740733,0.009524
2.687660,5.626593,0.128649
2.687660,4.350911,-0.109769
2.687660,2.706973,-0.005281
2.687660,2.845018,0.021460
2.687660,9.301933,0.095548
2.687660,3.387571,-0.066790
2.687660,2.689142,-0.000765
2.687660,3.174903,0.051464
2.687660,11.013480,-0.052462
2.687660,2.921745,-0.029269
2.687660,2.692275,0.002994
2.687660,3.757842,0.087694
2.687660,7.226616,-0.124227
2.687660,2.782733,-0.014605
2.687660,2.738295,0.009335
2.687660,5.551510,0.128265
2.687660,4.394387,-0.110966
2.687660,2.707379,-0.005519
2.687660,2.819467,0.018784
2.687660,8.520542,0.108752
2.687660,3.502100,-0.073990
2.687660,2.687531,-0.001766
2.687660,3.012298,0.037778
2.687660,11.734262,0.006645
2.687660,3.042726,-0.040485
2.687660,2.687544,0.001544
2.687660,3.470797,0.072094
2.687660,8.720345,-0.105650
2.687660,2.825685,-0.019450
2.687660,2.706010,0.005314
2.687660,4.339128,0.109442
2.687660,5.647383,-0.128748
2.687660,2.740882,-0.009635
2.687660,2.781719,0.014474
2.687660,7.187091,0.124562
2.687660,3.767668,-0.088161
2.687660,2.692658,-0.003017
2.687660,2.924699,0.029552
2.687660,11.057493,0.050854
2.687660,3.169248,-0.051016
2.687660,2.689474,0.000845
2.687660,3.404280,0.067880
2.687660,9.179690,-0.097808
2.687660,2.840908,-0.021014
2.687660,2.709597,0.005615
2.687660,4.448024,0.112362
2.687660,5.464401,-0.127721
2.687660,2.736526,-0.008997
2.687660,2.801042,0.016598
2.687660,7.870723,0.117553
2.687660,3.617134,-0.080508
2.687660,2.691938,-0.002057
2.687660,3.043052,0.040479
2.687660,11.733957,-0.006697
2.687660,3.012396,-0.037750
2.687660,2.692290,0.002324
2.687660,3.661387,0.082860
2.687660,7.651785,-0.120065
2.687660,2.794839,-0.015904
2.687660,2.740055,0.009443
2.687660,5.600949,0.128525
2.687660,4.365547,-0.110176
2.687660,2.707347,-0.005334
2.687660,2.843706,0.021322
2.687660,9.263718,0.096263
2.687660,3.392746,-0.067130
2.687660,2.689131,-0.000804
2.687660,3.169449,0.051035
2.687660,11.055811,-0.050917
2.687660,2.924558,-0.029544
2.687660,2.692024,0.002944
2.687660,3.746307,0.087139
2.687660,7.273899,-0.123814
2.687660,2.784008,-0.014754
2.687660,2.736873,0.009165
2.687660,5.497940,0.127945
2.687660,4.426899,-0.111825
2.687660,2.708232,-0.005634
2.687660,2.817363,0.018555
2.687660,8.451346,0.109783
2.687660,3.513329,-0.074658
2.687660,2.687616,-0.001835
2.687660,3.004262,0.037051
2.687660,11.717459,0.010339
2.687660,3.051656,-0.041266
2.687660,2.687620,0.001487
2.687660,3.464032,0.071677
2.687660,8.764892,-0.104933
2.687660,2.827104,-0.019599
2.687660,2.706001,0.005302
2.687660,4.337172,0.109387
2.687660,5.650904,-0.128763
2.687660,2.741000,-0.009643
2.687660,2.782365,0.014544
2.687660,7.210038,0.124369
2.687660,3.761962,-0.087889
2.687660,2.692635,-0.002980
2.687660,2.929263,0.029994
2.687660,11.122878,0.048368
2.687660,3.160683,-0.050335
2.687660,2.689660,0.000929
2.687660,3.419150,0.068837
2.687660,9.073264,-0.099714
2.687660,2.837389,-0.020633
2.687660,2.711561,0.005869
2.687660,4.521531,0.114166
2.687660,5.353002,-0.126884
2.687660,2.733613,-0.008635
2.687660,2.805284,0.017075
2.687660,8.019048,0.115718
2.687660,3.588917,-0.078961
2.687660,2.691665,-0.001892
2.687660,3.061194,0.042062
2.687660,11.692677,-0.014108
2.687660,2.996432,-0.036302
2.687660,2.692415,0.002457
2.687660,3.682560,0.083954
2.687660,7.552612,-0.121122
2.687660,2.792042,-0.015594
2.687660,2.741142,0.009586
2.687660,5.644175,0.128731
2.687660,4.341007,-0.109491
2.687660,2.706630,-0.005255
2.687660,2.843145,0.021269
2.687660,9.248248,0.096551
2.687660,3.394838,-0.067269
2.687660,2.688896,-0.000846
2.687660,3.159823,0.050273
2.687660,11.129086,-0.048127
2.687660,2.929651,-0.030042
2.687660,2.691223,0.002812
2.687660,3.713670,0.085538
2.687660,7.412574,-0.122530
2.687660,2.787742,-0.015197
2.687660,2.732026,0.008587
2.687660,5.316591,0.126578
2.687660,4.546749,-0.114762
2.687660,2.711382,-0.006053
2.687660,2.810130,0.017762
2.687660,8.209245,0.113218
2.687660,3.554347,-0.077042
2.687660,2.687977,-0.002081
2.687660,2.976703,0.034520
2.687660,11.597389,0.023578
2.687660,3.085679,-0.044188
2.687660,2.687810,0.001260
2.687660,3.435123,0.069869
2.687660,8.960598,-0.101675
2.687660,2.833413,-0.020267
2.687660,2.705157,0.005157
2.687660,4.300364,0.108323
2.687660,5.718546,-0.129034
2.687660,2.742850,-0.009851
2.687660,2.782469,0.014541
2.687660,7.211413,0.124356
2.687660,3.761642,-0.087872
2.687660,2.692861,-0.002952
2.687660,2.936663,0.030704
2.687660,11.221003,0.044380
2.687660,3.147418,-0.049270
2.687660,2.690095,0.001077
2.687660,3.447140,0.070607
2.687660,8.879213,-0.103048
2.687660,2.831148,-0.019949
2.687660,2.715697,0.006393
2.687660,4.675816,0.117540
2.687660,5.145974,-0.124854
2.687660,2.728183,-0.007957
2.687660,2.813342,0.017976
2.687660,8.295502,0.112019
2.687660,3.539647,-0.076170
2.687660,2.691217,-0.001599
2.687660,3.094022,0.044866
2.687660,11.557254,-0.026568
2.687660,2.970914,-0.033945
2.687660,2.692734,0.002683
2.687660,3.720551,0.085869
2.687660,7.383204,-0.122808
2.687660,2.787310,-0.015065
2.687660,2.743210,0.009855
2.687660,5.725741,0.129059
2.687660,4.296586,-0.108210
2.687660,2.705355,-0.005109
2.687660,2.842844,0.021247
2.687660,9.240895,0.096687
2.687660,3.395819,-0.067336
2.687660,2.688538,-0.000895
2.687660,3.147317,0.049274
2.687660,11.221208,-0.044374
2.687660,2.936565,-0.030716
2.687660,2.690183,0.002638
2.687660,3.671114,0.083382
2.687660,7.604976,-0.120575
2.687660,2.792982,-0.015813
2.687660,2.725617,0.007817
2.687660,5.077546,0.124042
2.687660,4.732510,-0.118655
2.687660,2.716341,-0.006683
2.687660,2.802406,0.016899
2.687660,7.942400,0.116686
2.687660,3.603099,-0.079768
2.687660,2.688705,-0.002338
2.687660,2.953686,0.032358
2.687660,11.413539,0.035291
2.687660,3.118947,-0.046967
2.687660,2.688035,0.001043
2.687660,3.408317,0.068152
2.687660,9.149908,-0.098349
2.687660,2.839697,-0.020929
2.687660,2.704319,0.005012
2.687660,4.263871,0.107232
2.687660,5.788685,-0.129260
2.687660,2.744755,-0.010068
2.687660,2.782184,0.014496
2.687660,7.198825,0.124462
2.687660,3.764785,-0.088020
2.687660,2.693113,-0.002944
2.687660,2.941682,0.031183
2.687660,11.282160,0.041704
2.687660,3.138821,-0.048573
2.687660,2.690446,0.001181
2.687660,3.467623,0.071876
2.687660,8.742427,-0.105291
2.687660,2.826868,-0.019476
2.687660,2.718940,0.006798
2.687660,4.796738,0.119823
2.687660,5.004943,-0.123082
2.687660,2.724471,-0.007490
2.687660,2.819014,0.018605
2.687660,8.485530,0.109271
2.687660,3.507985,-0.074314
2.687660,2.690938,-0.001409
2.687660,3.115543,0.046664
2.687660,11.435502,-0.034097
2.687660,2.956167,-0.032559
2.687660,2.693027,0.002827
2.687660,3.746303,0.087130
2.687660,7.274274,-0.123809
2.687660,2.784300,-0.014726
2.687660,2.744814,0.010058
2.687660,5.788232,0.129258
2.687660,4.264120,-0.107239
2.687660,2.704453,-0.004999
2.687660,2.843627,0.021336
2.687660,9.264600,0.096248
2.687660,3.392580,-0.067125
2.687660,2.688361,-0.000893
2.687660,3.144803,0.049073
2.687660,11.239218,-0.043603
2.687660,2.937988,-0.030855
2.687660,2.689810,0.002584
2.687660,3.657014,0.082650
2.687660,7.671780,-0.119850
2.687660,2.794812,-0.016029
2.687660,2.723280,0.007536
2.687660,4.990885,0.122894
2.687660,4.809404,-0.120052
2.687660,2.718398,-0.006940
2.687660,2.799692,0.016592
2.687660,7.846815,0.117845
2.687660,3.621585,-0.080771
2.687660,2.689028,-0.002429
2.687660,2.946494,0.031673
2.687660,11.338875,0.039066
2.687660,3.130429,-0.047909
2.687660,2.688100,0.000967
2.687660,3.398662,0.067525
2.687660,9.219910,-0.097075
2.687660,2.842067,-0.021178
2.687660,2.703900,0.004946
2.687660,4.246522,0.106700
2.687660,5.823155,-0.129351
2.687660,2.745675,-0.010175
2.687660,2.781586,0.014423
2.687660,7.176275,0.124651
2.687660,3.770428,-0.088288
2.687660,2.693258,-0.002966
2.687660,2.941021,0.031119
2.687660,11.274254,0.042059
2.687660,3.139955,-0.048664
2.687660,2.690507,0.001180
2.687660,3.468449,0.071926
2.687660,8.737022,-0.105378
2.687660,2.826708,-0.019456
2.687660,2.719280,0.006838
2.687660,4.809107,0.120040
2.687660,4.991429,-0.122895
2.687660,2.724122,-0.007445
2.687660,2.819811,0.018692
2.687660,8.511707,0.108879
2.687660,3.503752,-0.074062
2.687660,2.690933,-0.001379
2.687660,3.119476,0.046988
2.687660,11.411027,-0.035420
2.687660,2.953625,-0.032318
2.687660,2.693159,0.002861
2.687660,3.753515,0.087478
2.687660,7.244599,-0.124069
2.687660,2.783496,-0.014632
2.687660,2.745610,0.010154
2.687660,5.818405,0.129339
2.687660,4.248906,-0.106773
2.687660,2.704070,-0.004942
2.687660,2.845232,0.021505
2.687660,9.311256,0.095374
2.687660,3.386268,-0.066710
2.687660,2.688383,-0.000845
2.687660,3.151669,0.049625
2.687660,11.189487,-0.045701
2.687660,2.934091,-0.030479
2.687660,2.690044,0.002640
2.687660,3.669068,0.083277
2.687660,7.614542,-0.120472
2.687660,2.793222,-0.015846
2.687660,2.724693,0.007710
2.687660,5.043843,0.123611
2.687660,4.761736,-0.119200
2.687660,2.717105,-0.006783
2.687660,2.800817,0.016722
2.687660,7.887076,0.117362
2.687660,3.613723,-0.080347
2.687660,2.688822,-0.002398
2.687660,2.947378,0.031759
2.687660,11.348586,0.038596
2.687660,3.128971,-0.047790
2.687660,2.687990,0.000964
2.687660,3.396535,0.067387
2.687660,9.235404,-0.096789
2.687660,2.842578,-0.021235
2.687660,2.703335,0.004876
2.687660,4.226232,0.106067
2.687660,5.864417,-0.129444
2.687660,2.746734,-0.010309
2.687660,2.779639,0.014203
2.687660,7.105169,0.125227
2.687660,3.788546,-0.089141
2.687660,2.693504,-0.003062
2.687660,2.931973,0.030249
2.687660,11.159459,0.046920
2.687660,3.155825,-0.049943
2.687660,2.690261,0.001035
2.687660,3.443991,0.070408
2.687660,8.900730,-0.102687
2.687660,2.831865,-0.020021
2.687660,2.716142,0.006438
2.687660,4.690832,0.117840
2.687660,5.127542,-0.124641
2.687660,2.727733,-0.007892
2.687660,2.815129,0.018169
2.687660,8.354918,0.111177
2.687660,3.529578,-0.075584
2.687660,2.691265,-0.001522
2.687660,3.105246,0.045806
2.687660,11.496547,-0.030552
2.687660,2.963065,-0.033207
2.687660,2.693159,0.002791
2.687660,3.743347,0.086986
2.687660,7.286606,-0.123698
2.687660,2.784687,-0.014759
2.687660,2.745946,0.010182
2.687660,5.829224,0.129365
2.687660,4.243534,-0.106606
2.687660,2.704027,-0.004911
2.687660,2.848664,0.021860
2.687660,9.408811,0.093510
2.687660,3.373254,-0.065846
2.687660,2.688641,-0.000722
2.687660,3.172769,0.051300
2.687660,11.029916,-0.051868
2.687660,2.922787,-0.029378
2.687660,2.691236,0.002864
2.687660,3.721488,0.085927
2.687660,7.378613,-0.122855
2.687660,2.786777,-0.015094
2.687660,2.731840,0.008573
2.687660,5.310992,0.126529
2.687660,4.550703,-0.114853
2.687660,2.711438,-0.006072
2.687660,2.808439,0.017581
2.687660,8.152624,0.113982
2.687660,3.564350,-0.077612
2.687660,2.687949,-0.002155
2.687660,2.966333,0.033554
2.687660,11.524742,0.028777
2.687660,3.100025,-0.045398
2.687660,2.687698,0.001142
2.687660,3.416626,0.068691
2.687660,9.090308,-0.099415
2.687660,2.837659,-0.020722
2.687660,2.703538,0.004937
2.687660,4.238864,0.106464
2.687660,5.838562,-0.129388
2.687660,2.745990,-0.010234
2.687660,2.778482,0.014082
2.687660,7.064538,0.125543
2.687660,3.799127,-0.089634
2.687660,2.693498,-0.003135
2.687660,2.921999,0.029284
2.687660,11.016568,0.052350
2.687660,3.174539,-0.051431
2.687660,2.689792,0.000844
2.687660,3.409361,0.068206
2.687660,9.143179,-0.098468
2.687660,2.839731,-0.020879
2.687660,2.711260,0.005817
2.687660,4.508197,0.113848
2.687660,5.372558,-0.127043
2.687660,2.734165,-0.008694
2.687660,2.805744,0.017120
2.687660,8.033964,0.115527
2.687660,3.586162,-0.078807
2.687660,2.691783,-0.001859
2.687660,3.067595,0.042614
2.687660,11.671942,-0.016629
2.687660,2.991155,-0.035816
2.687660,2.692722,0.002532
2.687660,3.698524,0.084765
2.687660,7.480194,-0.121861
2.687660,2.790061,-0.015362
2.687660,2.743353,0.009850
2.687660,5.727545,0.129064
2.687660,4.295654,-0.108181
2.687660,2.705495,-0.005087
2.687660,2.848003,0.021780
2.687660,9.388588,0.093900
2.687660,3.375958,-0.066023
2.687660,2.688993,-0.000700
2.687660,3.181479,0.051982
2.687660,10.961723,-0.054292
2.687660,2.918415,-0.028945
2.687660,2.692272,0.003018
2.687660,3.761334,0.087862
2.687660,7.212451,-0.124349
2.687660,2.782329,-0.014562
2.687660,2.738080,0.009314
2.687660,5.544140,0.128223
2.687660,4.398784,-0.111084
2.687660,2.707463,-0.005538
2.687660,2.818238,0.018653
2.687660,8.480677,0.109349
2.687660,3.508538,-0.074374
2.687660,2.687497,-0.001816
2.687660,3.005068,0.037125
2.687660,11.719507,0.009963
2.687660,3.050732,-0.041186
2.687660,2.687515,0.001481
2.687660,3.461521,0.071523
2.687660,8.781492,-0.104664
2.687660,2.827612,-0.019657
2.687660,2.705402,0.005229
2.687660,4.315551,0.108767
2.687660,5.690243,-0.128928
2.687660,2.742017,-0.009771
2.687660,2.780669,0.014351
2.687660,7.148060,0.124885
2.687660,3.777511,-0.088627
2.687660,2.692865,-0.003061
2.687660,2.922076,0.029296
2.687660,11.018133,0.052294
2.687660,3.174322,-0.051416
2.687660,2.689465,0.000807
2.687660,3.398794,0.067523
2.687660,9.219556,-0.097079
2.687660,2.842252,-0.021157
2.687660,2.709105,0.005548
2.687660,4.429141,0.111877
2.687660,5.494535,-0.127919
2.687660,2.737322,-0.009094
2.687660,2.800134,0.016495
2.687660,7.838559,0.117937
2.687660,3.623436,-0.080848
2.687660,2.692027,-0.002091
2.687660,3.039910,0.040202
2.687660,11.738233,-0.005374
2.687660,3.015317,-0.038013
2.687660,2.692313,0.002306
2.687660,3.659039,0.082737
2.687660,7.663017,-0.119941
2.687660,2.795166,-0.015938
2.687660,2.740165,0.009453
2.687660,5.604568,0.128543
2.687660,4.363470,-0.110118
2.687660,2.707317,-0.005324
2.687660,2.844602,0.021415
2.687660,9.289591,0.095780
2.687660,3.389242,-0.066899
2.687660,2.689199,-0.000771
2.687660,3.175079,0.051478
2.687660,11.012123,-0.052511
2.687660,2.921661,-0.029260
2.687660,2.692390,0.003008
2.687660,3.761833,0.087885
2.687660,7.210472,-0.124365
2.687660,2.782307,-0.014553
2.687660,2.739011,0.009419
2.687660,5.578201,0.128411
2.687660,4.378637,-0.110540
2.687660,2.706978,-0.005462
2.687660,2.820899,0.018938
2.687660,8.567086,0.108046
2.687660,3.494663,-0.073544
2.687660,2.687512,-0.001716
2.687660,3.018812,0.038363
2.687660,11.742409,0.003708
2.687660,3.035781,-0.039873
2.687660,2.687521,0.001592
2.687660,3.477272,0.072490
2.687660,8.678179,-0.106320
2.687660,2.824357,-0.019309
2.687660,2.706227,0.005349
2.687660,4.348269,0.109700
2.687660,5.631086,-0.128674
2.687660,2.740438,-0.009584
2.687660,2.781758,0.014482
2.687660,7.189053,0.124546
2.687660,3.767173,-0.088138
2.687660,2.692601,-0.003020
2.687660,2.923350,0.029422
2.687660,11.037509,0.051590
2.687660,3.171827,-0.051220
2.687660,2.689384,0.000816
2.687660,3.398672,0.067515
2.687660,9.220414,-0.097063
2.687660,2.842270,-0.021162
2.687660,2.708787,0.005511
2.687660,4.417895,0.111583
2.687660,5.512786,-0.128033
2.687660,2.737785,-0.009154
2.687660,2.799072,0.016377
2.687660,7.801407,0.118374
2.687660,3.630794,-0.081243
2.687660,2.692060,-0.002138
2.687660,3.033997,0.039680
2.687660,11.743788,-0.002855
2.687660,3.020935,-0.038517
2.687660,2.692210,0.002252
2.687660,3.649645,0.082244
2.687660,7.708312,-0.119439
2.687660,2.796436,-0.016082
2.687660,2.739286,0.009344
2.687660,5.570853,0.128368
2.687660,4.383061,-0.110655
2.687660,2.707837,-0.005392
2.687660,2.843473,0.021294
2.687660,9.256436,0.096398
2.687660,3.393743,-0.067194
2.687660,2.689240,-0.000798
2.687660,3.171996,0.051235
2.687660,11.036142,-0.051640
2.687660,2.923247,-0.029414
2.687660,2.692336,0.002990
2.687660,3.758285,0.087715
2.687660,7.224838,-0.124243
2.687660,2.782700,-0.014597
2.687660,2.738763,0.009388
2.687660,5.568649,0.128360
2.687660,4.384242,-0.110692
2.687660,2.707133,-0.005481
2.687660,2.820776,0.018924
2.687660,8.562962,0.108109
2.687660,3.495320,-0.073584
2.687660,2.687539,-0.001718
2.687660,3.019026,0.038382
2.687660,11.742595,0.003613
2.687660,3.035560,-0.039853
2.687660,2.687546,0.001597
2.687660,3.478338,0.072555
2.687660,8.671292,-0.106429
2.687660,2.824145,-0.019285
2.687660,2.706395,0.005370
2.687660,4.354404,0.109872
2.687660,5.620252,-0.128622
2.687660,2.740156,-0.009550
2.687660,2.782173,0.014529
2.687660,7.204259,0.124418
2.687660,3.763385,-0.087958
2.687660,2.692541,-0.003001
2.687660,2.924973,0.029580
2.687660,11.061594,0.050702
2.687660,3.168713,-0.050974
2.687660,2.689424,0.000843
2.687660,3.403158,0.067807
2.687660,9.187797,-0.097660
2.687660,2.841174,-0.021044
2.687660,2.709309,0.005580
2.687660,4.437559,0.112094
2.687660,5.481018,-0.127832
2.687660,2.736955,-0.009051
2.687660,2.800235,0.016509
2.687660,7.842496,0.117890
2.687660,3.622658,-0.080806
2.687660,2.691973,-0.002092
2.687660,3.038939,0.040117
2.687660,11.739370,-0.004965
2.687660,3.016222,-0.038095
2.687660,2.692233,0.002290
2.687660,3.655399,0.082547
2.687660,7.680467,-0.119749
2.687660,2.795645,-0.015995
2.687660,2.739560,0.009381
2.687660,5.581831,0.128426
2.687660,4.376629,-0.110480
2.687660,2.707646,-0.005372
2.687660,2.843216,0.021268
2.687660,9.249179,0.096533
2.687660,3.394727,-0.067259
2.687660,2.689168,-0.000813
2.687660,3.168707,0.050976
2.687660,11.061547,-0.050704
2.687660,2.924950,-0.029581
2.687660,2.692064,0.002945
2.687660,3.747206,0.087182
2.687660,7.270189,-0.123847
2.687660,2.783914,-0.014742
2.687660,2.737138,0.009195
2.687660,5.507765,0.128006
2.687660,4.420846,-0.111667
2.687660,2.708079,-0.005612
2.687660,2.817960,0.018619
2.687660,8.470929,0.109493
2.687660,3.510131,-0.074468
2.687660,2.687609,-0.001814
2.687660,3.007114,0.037310
2.687660,11.724297,0.009020
2.687660,3.048442,-0.040985
2.687660,2.687615,0.001510
2.687660,3.467234,0.071874
2.687660,8.743763,-0.105274
2.687660,2.826435,-0.019528
2.687660,2.706151,0.005325
2.687660,4.343220,0.109558
2.687660,5.640077,-0.128715
2.687660,2.740709,-0.009609
2.687660,2.782523,0.014563
2.687660,7.216068,0.124317
2.687660,3.760468,-0.087817
2.687660,2.692590,-0.002975
2.687660,2.929227,0.029991
2.687660,11.122400,0.048387
2.687660,3.160746,-0.050340
2.687660,2.689633,0.000926
2.687660,3.418214,0.068777
2.687660,9.079884,-0.099597
2.687660,2.837604,-0.020657
2.687660,2.711377,0.005846
2.687660,4.514787,0.114006
2.687660,5.362849,-0.126965
2.687660,2.733868,-0.008667
2.687660,2.804844,0.017026
2.687660,8.003796,0.115912
2.687660,3.591757,-0.079119
2.687660,2.691684,-0.001910
2.687660,3.059105,0.041881
2.687660,11.698787,-0.013275
2.687660,2.998196,-0.036463
2.687660,2.692386,0.002441
2.687660,3.679721,0.083809
2.687660,7.565703,-0.120985
2.687660,2.792408,-0.015635
2.687660,2.740927,0.009559
2.687660,5.635845,0.128693
2.687660,4.345679,-0.109623
2.687660,2.706757,-0.005271
2.687660,2.842963,0.021249
2.687660,9.242834,0.096651
2.687660,3.395577,-0.067317
2.687660,2.688914,-0.000849
2.687660,3.159692,0.050262
2.687660,11.130075,-0.048088
2.687660,2.929724,-0.030049
2.687660,2.691251,0.002815
2.687660,3.714555,0.085582
2.687660,7.408720,-0.122567
2.687660,2.787640,-0.015185
2.687660,2.732209,0.008608
2.687660,5.323374,0.126638
2.687660,4.541970,-0.114652
2.687660,2.711257,-0.006036
2.687660,2.810432,0.017795
2.687660,8.219450,0.113078
2.687660,3.552560,-0.076940
2.687660,2.687962,-0.002071
2.687660,2.977922,0.034633
2.687660,11.604897,0.022974
2.687660,3.084051,-0.044050
2.687660,2.687808,0.001271
2.687660,3.436724,0.069970
2.687660,8.949537,-0.101864
2.687660,2.833053,-0.020229
2.687660,2.705245,0.005170
2.687660,4.303878,0.108426
2.687660,5.711961,-0.129010
2.687660,2.742675,-0.009830
2.687660,2.782612,0.014558
2.687660,7.216734,0.124311
2.687660,3.760325,-0.087809
2.687660,2.692832,-0.002946
2.687660,2.936963,0.030733
2.687660,11.224800,0.044219
2.687660,3.146891,-0.049228
2.687660,2.690090,0.001080
2.687660,3.447522,0.070631
2.687660,8.876618,-0.103091
2.687660,2.831064,-0.019941
2.687660,2.715708,0.006395
2.687660,4.676305,0.117550
2.687660,5.145368,-0.124847
2.687660,2.728165,-0.007955
2.687660,2.813312,0.017973
2.687660,8.294532,0.112033
2.687660,3.539813,-0.076180
2.687660,2.691212,-0.001601
2.687660,3.093689,0.044839
2.687660,11.558955,-0.026447
2.687660,2.971152,-0.033967
2.687660,2.692716,0.002679
2.687660,3.719706,0.085827
2.687660,7.386856,-0.122773
2.687660,2.787409,-0.015077
2.687660,2.743094,0.009841
2.687660,5.721348,0.129043
2.687660,4.298917,-0.108279
2.687660,2.705413,-0.005118
2.687660,2.842584,0.021220
2.687660,9.233286,0.096828
2.687660,3.396858,-0.067404
2.687660,2.688532,-0.000903
2.687660,3.146138,0.049179
2.687660,11.229703,-0.044012
2.687660,2.937239,-0.030780
2.687660,2.690140,0.002628
2.687660,3.668935,0.083270
2.687660,7.615203,-0.120465
2.687660,2.793265,-0.015846
2.687660,2.725354,0.007785
2.687660,5.067718,0.123918
2.687660,4.740949,-0.118814
2.687660,2.716570,-0.006711
2.687660,2.802183,0.016873
2.687660,7.934506,0.116783
2.687660,3.604605,-0.079850
2.687660,2.688741,-0.002344
2.687660,2.953406,0.032331
2.687660,11.410788,0.035437
2.687660,3.119385,-0.047003
2.687660,2.688054,0.001042
2.687660,3.408478,0.068163
2.687660,9.148758,-0.098370
2.687660,2.839661,-0.020924
2.687660,2.704402,0.005022
2.687660,4.266819,0.107321
2.687660,5.782904,-0.129243
2.687660,2.744607,-0.010049
2.687660,2.782474,0.014528
2.687660,7.209368,0.124373
2.687660,3.762167,-0.087895
2.687660,2.693080,-0.002930
2.687660,2.943073,0.031316
2.687660,11.298405,0.040965
2.687660,3.136482,-0.048383
2.687660,2.690482,0.001202
2.687660,3.471209,0.072096
2.687660,8.718921,-0.105668
2.687660,2.826136,-0.019395
2.687660,2.719394,0.006855
2.687660,4.813898,0.120123
2.687660,4.986232,-0.122822
2.687660,2.723973,-0.007429
2.687660,2.819646,0.018676
2.687660,8.506541,0.108957
2.687660,3.504582,-0.074112
2.687660,2.690889,-0.001390
2.687660,3.117279,0.046807
2.687660,11.424764,-0.034684
2.687660,2.955035,-0.032452
2.687660,2.693015,0.002834
2.687660,3.747099,0.087169
2.687660,7.270973,-0.123838
2.687660,2.784203,-0.014716
2.687660,2.744689,0.010045
2.687660,5.783755,0.129245
2.687660,4.266400,-0.107308
2.687660,2.704498,-0.005009
2.687660,2.842987,0.021269
2.687660,9.245988,0.096593
2.687660,3.395111,-0.067291
2.687660,2.688324,-0.000915
2.687660,3.141131,0.048777
2.687660,11.265276,-0.042463
2.687660,2.940115,-0.031060
2.687660,2.689649,0.002549
2.687660,3.649313,0.082247
2.687660,7.708950,-0.119437
2.687660,2.795844,-0.016148
2.687660,2.722287,0.007415
2.687660,4.953840,0.122363
2.687660,4.844078,-0.120643
2.687660,2.719334,-0.007054
2.687660,2.798793,0.016488
2.687660,7.814684,0.118224
2.687660,3.627933,-0.081112
2.687660,2.689177,-0.002456
2.687660,2.945237,0.031552
2.687660,11.324904,0.039733
2.687660,3.132503,-0.048077
2.687660,2.688164,0.000959
2.687660,3.398660,0.067524
2.687660,9.219956,-0.097074
2.687660,2.842078,-0.021177
2.687660,2.704144,0.004974
2.687660,4.255066,0.106963
2.687660,5.806097,-0.129308
2.687660,2.745241,-0.010120
2.687660,2.782510,0.014527
2.687660,7.209864,0.124369
2.687660,3.762051,-0.087889
2.687660,2.693157,-0.002920
2.687660,2.945615,0.031558
2.687660,11.327195,0.039620
2.687660,3.132277,-0.048040
2.687660,2.690629,0.001250
2.687660,3.480420,0.072658
2.687660,8.659172,-0.106614
2.687660,2.824298,-0.019191
2.687660,2.720820,0.007033
2.687660,4.867237,0.121018
2.687660,4.929969,-0.122001
2.687660,2.722487,-0.007241
2.687660,2.821933,0.018929
2.687660,8.581867,0.107814
2.687660,3.492540,-0.073391
2.687660,2.690777,-0.001319
2.687660,3.125287,0.047467
2.687660,11.373709,-0.037347
2.687660,2.949933,-0.031968
2.687660,2.693129,0.002885
2.687660,3.756446,0.087620
2.687660,7.232607,-0.124174
2.687660,2.783147,-0.014597
2.687660,2.745250,0.010116
2.687660,5.805622,0.129306
2.687660,4.255310,-0.106970
2.687660,2.704189,-0.004971
2.687660,2.843239,0.021297
2.687660,9.253652,0.096451
2.687660,3.394063,-0.067223
2.687660,2.688262,-0.000915
2.687660,3.140160,0.048698
2.687660,11.272088,-0.042160
2.687660,2.940678,-0.031115
2.687660,2.689521,0.002530
2.687660,3.644379,0.081987
2.687660,7.733007,-0.119166
2.687660,2.796508,-0.016225
2.687660,2.721481,0.007317
2.687660,4.923990,0.121917
2.687660,4.872855,-0.121116
2.687660,2.720105,-0.007149
2.687660,2.797878,0.016383
2.687660,7.782141,0.118604
2.687660,3.634431,-0.081459
2.687660,2.689300,-0.002486
2.687660,2.943039,0.031342
2.687660,11.299890,0.040900
2.687660,3.136161,-0.048375
2.687660,2.688188,0.000935
2.687660,3.395711,0.067331
2.687660,9.241529,-0.096676
2.687660,2.842815,-0.021255
2.687660,2.704027,0.004955
2.687660,4.250140,0.106811
2.687660,5.815916,-0.129333
2.687660,2.745504,-0.010150
2.687660,2.782367,0.014510
2.687660,7.204412,0.124415
2.687660,3.763405,-0.087953
2.687660,2.693197,-0.002925
2.687660,2.945609,0.031557
2.687660,11.327102,0.039624
2.687660,3.132292,-0.048041
2.687660,2.690653,0.001253
2.687660,3.481207,0.072706
2.687660,8.654110,-0.106694
2.687660,2.824145,-0.019173
2.687660,2.720997,0.007054
2.687660,4.873755,0.121123
2.687660,4.923284,-0.121900
2.687660,2.722313,-0.007219
2.687660,2.822276,0.018966
2.687660,8.593041,0.107642
2.687660,3.490775,-0.073284
2.687660,2.690769,-0.001307
2.687660,3.126764,0.047588
2.687660,11.364032,-0.037831
2.687660,2.949013,-0.031881
2.687660,2.693172,0.002897
2.687660,3.758917,0.087738
2.687660,7.222565,-0.124260
2.687660,2.782875,-0.014565
2.687660,2.745501,0.010146
2.687660,5.815172,0.129331
2.687660,4.250517,-0.106823
2.687660,2.704067,-0.004953
2.687660,2.843708,0.021347
2.687660,9.267366,0.096196
2.687660,3.392198,-0.067101
2.687660,2.688266,-0.000901
2.687660,3.142089,0.048854
2.687660,11.258495,-0.042762
2.687660,2.939551,-0.031006
2.687660,2.689576,0.002545
2.687660,3.647437,0.082148
2.687660,7.718067,-0.119335
2.687660,2.796090,-0.016178
2.687660,2.721817,0.007359
2.687660,4.936623,0.122108
2.687660,4.860582,-0.120916
2.687660,2.719772,-0.007109
2.687660,2.798124,0.016413
2.687660,7.791076,0.118500
2.687660,3.632638,-0.081364
2.687660,2.689247,-0.002480
2.687660,2.943047,0.031343
2.687660,11.300019,0.040894
2.687660,3.136141,-0.048373
2.687660,2.688156,0.000932
2.687660,3.394678,0.067264
2.687660,9.249087,-0.096536
2.687660,2.843068,-0.021282
2.687660,2.703833,0.004931
2.687660,4.243083,0.106593
2.687660,5.830083,-0.129368
2.687660,2.745869,-0.010196
2.687660,2.781734,0.014438
2.687660,7.181312,0.124609
2.687660,3.769167,-0.088228
2.687660,2.693274,-0.002955
2.687660,2.942695,0.031278
2.687660,11.293934,0.041169
2.687660,3.137133,-0.048435
2.687660,2.690584,0.001210
2.687660,3.473933,0.072262
2.687660,8.701186,-0.105951
2.687660,2.825599,-0.019334
2.687660,2.720086,0.006939
2.687660,4.839314,0.120556
2.687660,4.959077,-0.122433
2.687660,2.723267,-0.007337
2.687660,2.821071,0.018832
2.687660,8.553282,0.108251
2.687660,3.497085,-0.073663
2.687660,2.690864,-0.001340
2.687660,3.123705,0.047336
2.687660,11.384007,-0.036825
2.687660,2.950934,-0.032063
2.687660,2.693207,0.002887
2.687660,3.758037,0.087696
2.687660,7.226156,-0.124229
2.687660,2.782987,-0.014575
2.687660,2.745820,0.010181
2.687660,5.826729,0.129359
2.687660,4.244758,-0.106645
2.687660,2.703948,-0.004929
2.687660,2.845129,0.021495
2.687660,9.308417,0.095428
2.687660,3.386648,-0.066735
2.687660,2.688342,-0.000853
2.687660,3.149985,0.049490
2.687660,11.201784,-0.045191
2.687660,2.935033,-0.030570
2.687660,2.689924,0.002619
2.687660,3.663997,0.083015
2.687660,7.638471,-0.120214
2.687660,2.793880,-0.015923
2.687660,2.723951,0.007620
2.687660,5.016247,0.123243
2.687660,4.786303,-0.119645
2.687660,2.717766,-0.006864
2.687660,2.800048,0.016635
2.687660,7.859876,0.117689
2.687660,3.619021,-0.080634
2.687660,2.688927,-0.002423
2.687660,2.945718,0.031600
2.687660,11.330366,0.039474
2.687660,3.131689,-0.048012
2.687660,2.688021,0.000948
2.687660,3.394758,0.067270
2.687660,9.248439,-0.096548
2.687660,2.843027,-0.021282
2.687660,2.703328,0.004872
2.687660,4.225455,0.106043
2.687660,5.866022,-0.129447
2.687660,2.746783,-0.010314
2.687660,2.779781,0.014218
2.687660,7.110215,0.125187
2.687660,3.787244,-0.089080
2.687660,2.693500,-0.003053
2.687660,2.933066,0.030354
2.687660,11.174068,0.046329
2.687660,3.153855,-0.049785
2.687660,2.690308,0.001055
2.687660,3.447566,0.070632
2.687660,8.876418,-0.103094
2.687660,2.831093,-0.019936
2.687660,2.716647,0.006502
2.687660,4.709786,0.118212
2.687660,5.104654,-0.124369
2.687660,2.727130,-0.007817
2.687660,2.815987,0.018265
2.687660,8.383793,0.110763
2.687660,3.524739,-0.075302
2.687660,2.691217,-0.001494
2.687660,3.108339,0.046064
2.687660,11.478724,-0.031628
2.687660,2.960965,-0.033010
2.687660,2.693193,0.002810
2.687660,3.746757,0.087151
2.687660,7.272452,-0.123824
2.687660,2.784295,-0.014715
2.687660,2.746110,0.010204
2.687660,5.835744,0.129380
2.687660,4.240305,-0.106506
2.687660,2.703933,-0.004901
2.687660,2.848609,0.021855
2.687660,9.407345,0.093539
2.687660,3.373447,-0.065859
2.687660,2.688611,-0.000727
2.687660,3.171592,0.051208
2.687660,11.039047,-0.051535
2.687660,2.923391,-0.029437
2.687660,2.691133,0.002848
2.687660,3.717354,0.085722
2.687660,7.396480,-0.122685
2.687660,2.787259,-0.015151
2.687660,2.731222,0.008499
2.687660,5.287905,0.126320
2.687660,4.567226,-0.115230
2.687660,2.711876,-0.006129
2.687660,2.807637,0.017492
2.687660,8.125143,0.114347
2.687660,3.569272,-0.077890
2.687660,2.688012,-0.002182
2.687660,2.963660,0.033303
2.687660,11.503373,0.030138
2.687660,3.103885,-0.045720
2.687660,2.687713,0.001115
2.687660,3.413150,0.068467
2.687660,9.115093,-0.098974
2.687660,2.838486,-0.020810
2.687660,2.703375,0.004912
2.687660,4.232228,0.106257
2.687660,5.852076,-0.129418
2.687660,2.746349,-0.010277
2.687660,2.778201,0.014049
2.687660,7.054000,0.125623
2.687660,3.801907,-0.089762
2.687660,2.693562,-0.003147
2.687660,2.921443,0.029229
2.687660,11.008037,0.052657
2.687660,3.175631,-0.051517
2.687660,2.689799,0.000837
2.687660,3.408454,0.068147
2.687660,9.149709,-0.098350
2.687660,2.839950,-0.020902
2.687660,2.711207,0.005809
2.687660,4.506065,0.113797
2.687660,5.375709,-0.127069
2.687660,2.734250,-0.008704
2.687660,2.805705,0.017115
2.687660,8.032540,0.115546
2.687660,3.586426,-0.078822
2.687660,2.691795,-0.001859
2.687660,3.067731,0.042625
2.687660,11.671471,-0.016682
2.687660,2.991046,-0.035806
2.687660,2.692740,0.002535
2.687660,3.699262,0.084802
2.687660,7.476890,-0.121894
2.687660,2.789972,-0.015352
2.687660,2.743485,0.009866
2.687660,5.732494,0.129082
2.687660,4.293039,-0.108104
2.687660,2.705432,-0.005077
2.687660,2.848353,0.021817
2.687660,9.398539,0.093708
2.687660,3.374637,-0.065935
2.687660,2.689005,-0.000689
2.687660,3.183159,0.052113
2.687660,10.948410,-0.054753
2.687660,2.917582,-0.028863
2.687660,2.692370,0.003036
2.687660,3.765549,0.088062
2.687660,7.195491,-0.124492
2.687660,2.781874,-0.014508
2.687660,2.738636,0.009380
2.687660,5.565020,0.128340
2.687660,4.386373,-0.110751
2.687660,2.707140,-0.005494
2.687660,2.819137,0.018751
2.687660,8.510163,0.108908
2.687660,3.503766,-0.074090
2.687660,2.687469,-0.001785
2.687660,3.008724,0.037456
2.687660,11.727743,0.008277
2.687660,3.046639,-0.040828
2.687660,2.687489,0.001508
2.687660,3.464898,0.071731
2.687660,8.759112,-0.105027
2.687660,2.826899,-0.019582
2.687660,2.705460,0.005241
2.687660,4.318423,0.108851
2.687660,5.684953,-0.128907
2.687660,2.741867,-0.009755
2.687660,2.780531,0.014337
2.687660,7.143303,0.124923
2.687660,3.778718,-0.088684
2.687660,2.692856,-0.003070
2.687660,2.920677,0.029160
2.687660,10.996717,0.053061
2.687660,3.177057,-0.051632
2.687660,2.689396,0.000779
2.687660,3.393725,0.067192
2.687660,9.256643,-0.096394
2.687660,2.843502,-0.021292
2.687660,2.708422,0.005460
2.687660,4.403625,0.111207
2.687660,5.536296,-0.128174
2.687660,2.738409,-0.009229
2.687660,2.798469,0.016308
2.687660,7.779812,0.118625
2.687660,3.635117,-0.081474
2.687660,2.692136,-0.002160
2.687660,3.032310,0.039530
2.687660,11.744758,-0.002128
2.687660,3.022576,-0.038663
2.687660,2.692249,0.002245
2.687660,3.649215,0.082221
2.687660,7.710417,-0.119415
2.687660,2.796506,-0.016088
2.687660,2.739534,0.009371
2.687660,5.579836,0.128416
2.687660,4.377800,-0.110511
2.687660,2.707719,-0.005371
2.687660,2.844446,0.021395
2.687660,9.284659,0.095872
2.687660,3.389916,-0.066943
2.687660,2.689292,-0.000764
2.687660,3.177438,0.051663
2.687660,10.993686,-0.053169
2.687660,2.920473,-0.029142
2.687660,2.692673,0.003050
2.687660,3.772730,0.088402
2.687660,7.166910,-0.124730
2.687660,2.781149,-0.014413
2.687660,2.740710,0.009620
2.687660,5.641825,0.128723
2.687660,4.342229,-0.109530
2.687660,2.706051,-0.005330
2.687660,2.824229,0.019297
2.687660,8.674326,0.106381
2.687660,3.477864,-0.072527
2.687660,2.687477,-0.001601
2.687660,3.033799,0.039698
2.687660,11.743903,-0.002860
2.687660,3.020712,-0.038534
2.687660,2.687469,0.001697
2.687660,3.491219,0.073337
2.687660,8.588818,-0.107713
2.687660,2.821564,-0.019011
2.687660,2.706620,0.005416
2.687660,4.365270,0.110174
2.687660,5.601238,-0.128530
2.687660,2.739616,-0.009493
2.687660,2.781578,0.014469
2.687660,7.183662,0.124591
2.687660,3.768512,-0.088203
2.687660,2.692510,-0.003040
2.687660,2.919258,0.029025
2.687660,10.974858,0.053833
2.687660,3.179824,-0.051851
2.687660,2.689153,0.000731
2.687660,3.382901,0.066482
2.687660,9.336655,-0.094893
2.687660,2.846217,-0.021587
2.687660,2.706633,0.005232
2.687660,4.337590,0.109394
2.687660,5.650321,-0.128758
2.687660,2.741359,-0.009600
2.687660,2.793476,0.015747
2.687660,7.602546,0.120596
2.687660,3.671815,-0.083400
2.687660,2.692459,-0.002377
2.687660,3.007914,0.037344
2.687660,11.725459,0.008751
2.687660,3.047992,-0.040912
2.687660,2.691984,0.002027
2.687660,3.613492,0.080309
2.687660,7.889508,-0.117326
2.687660,2.801595,-0.016657
2.687660,2.736670,0.009009
2.687660,5.468955,0.127752
2.687660,4.445150,-0.112288
2.687660,2.709556,-0.005601
2.687660,2.842168,0.021145
2.687660,9.216598,0.097133
2.687660,3.399207,-0.067549
2.687660,2.689575,-0.000798
2.687660,3.177449,0.051661
2.687660,10.993704,-0.053168
2.687660,2.920497,-0.029140
2.687660,2.693217,0.003114
2.687660,3.791211,0.089268
2.687660,7.094775,-0.125309
2.687660,2.779257,-0.014181
2.687660,2.744120,0.010018
2.687660,5.769036,0.129203
2.687660,4.273903,-0.107537
2.687660,2.704366,-0.005073
2.687660,2.832312,0.020158
2.687660,8.927932,0.102232
2.687660,3.439845,-0.070169
2.687660,2.687554,-0.001323
2.687660,3.072901,0.043102
2.687660,11.651876,-0.018762
2.687660,2.986507,-0.035429
2.687660,2.687579,0.001962
2.687660,3.530705,0.075679
2.687660,8.346688,-0.111301
2.687660,2.814178,-0.018214
2.687660,2.708622,0.005703
2.687660,4.444336,0.112275
2.687660,5.470005,-0.127764
2.687660,2.736084,-0.009081
2.687660,2.783286,0.014682
2.687660,7.249148,0.124033
2.687660,3.752302,-0.087429
2.687660,2.691963,-0.002992
2.687660,2.917070,0.028816
2.687660,10.940462,0.055027
2.687660,3.184149,-0.052192
2.687660,2.688777,0.000655
2.687660,3.366123,0.065368
2.687660,9.462965,-0.092454
2.687660,2.850596,-0.022060
2.687660,2.703953,0.004888
2.687660,4.238732,0.106456
2.687660,5.838947,-0.129388
2.687660,2.746226,-0.010211
2.687660,2.785144,0.014807
2.687660,7.302502,0.123555
2.687660,3.739545,-0.086800
2.687660,2.693181,-0.002762
2.687660,2.967308,0.033605
2.687660,11.530443,0.028396
2.687660,3.099133,-0.045294
2.687660,2.691423,0.001586
2.687660,3.541198,0.076258
2.687660,8.286529,-0.112144
2.687660,2.813115,-0.017942
2.687660,2.729385,0.008095
2.687660,5.189846,0.125338
2.687660,4.640999,-0.116825
2.687660,2.714825,-0.006268
2.687660,2.834350,0.020291
2.687660,8.978068,0.101372
2.687660,3.432753,-0.069700
2.687660,2.690178,-0.000965
2.687660,3.164093,0.050602
2.687660,11.097243,-0.049357
2.687660,2.927489,-0.029814
2.687660,2.693727,0.003121
2.687660,3.800996,0.089719
2.687660,7.057510,-0.125596
2.687660,2.778352,-0.014054
2.687660,2.747852,0.010444
2.687660,5.907009,0.129520
2.687660,4.205830,-0.105419
2.687660,2.702815,-0.004801
2.687660,2.844544,0.021443
2.687660,9.292842,0.095721
2.687660,3.388730,-0.066875
2.687660,2.687996,-0.000908
2.687660,3.136771,0.048426
2.687660,11.295618,-0.041096
2.687660,2.942656,-0.031308
2.687660,2.688997,0.002454
2.687660,3.624634,0.080936
2.687660,7.831303,-0.118029
2.687660,2.799234,-0.016544
2.687660,2.718201,0.006921
2.687660,4.802887,0.119938
2.687660,4.997979,-0.122993
2.687660,2.723451,-0.007562
2.687660,2.794036,0.015944
2.687660,7.644516,0.120149
2.687660,3.662719,-0.082949
2.687660,2.689848,-0.002619
2.687660,2.933816,0.030454
2.687660,11.185996,0.045845
2.687660,3.152139,-0.049664
2.687660,2.688262,0.000828
2.687660,3.381819,0.066417
2.687660,9.344328,-0.094748
2.687660,2.846360,-0.021627
2.687660,2.703303,0.004844
2.687660,4.220838,0.105896
2.687660,5.875600,-0.129465
2.687660,2.747084,-0.010338
2.687660,2.780954,0.014344
2.687660,7.151885,0.124852
2.687660,3.776594,-0.088579
2.687660,2.693465,-0.002984
2.687660,2.941835,0.031195
2.687660,11.283783,0.041631
2.687660,3.138598,-0.048553
2.687660,2.690664,0.001208
2.687660,3.475077,0.072332
2.687660,8.693774,-0.106068
2.687660,2.825381,-0.019307
2.687660,2.720547,0.006993
2.687660,4.856139,0.120836
2.687660,4.941452,-0.122173
2.687660,2.722813,-0.007277
2.687660,2.822142,0.018948
2.687660,8.588153,0.107717
2.687660,3.491552,-0.073331
2.687660,2.690861,-0.001302
2.687660,3.128963,0.047767
2.687660,11.349508,-0.038546
2.687660,2.947662,-0.031751
2.687660,2.693402,0.002934
2.687660,3.768168,0.088179
2.687660,7.185354,-0.124575
2.687660,2.781885,-0.014446
2.687660,2.746971,0.010319
2.687660,5.870305,0.129455
2.687660,4.223401,-0.105977
2.687660,2.703418,-0.004848
2.687660,2.847628,0.021758
2.687660,9.380233,0.094062
2.687660,3.377033,-0.066099
2.687660,2.688391,-0.000778
2.687660,3.160983,0.050369
2.687660,11.120167,-0.048476
2.687660,2.928973,-0.029983
2.687660,2.690351,0.002714
2.687660,3.684919,0.084091
2.687660,7.541005,-0.121247
2.687660,2.791188,-0.015613
2.687660,2.726509,0.007933
2.687660,5.112025,0.124464
2.687660,4.703442,-0.118096
2.687660,2.715522,-0.006590
2.687660,2.802234,0.016886
2.687660,7.937535,0.116746
2.687660,3.604014,-0.079819
2.687660,2.688569,-0.002360
2.687660,2.948519,0.031869
2.687660,11.360932,0.037990
2.687660,3.127102,-0.047638
2.687660,2.687854,0.000962
2.687660,3.393958,0.067219
2.687660,9.254240,-0.096441
2.687660,2.843201,-0.021305
2.687660,2.702645,0.004792
2.687660,4.201443,0.105278
2.687660,5.916297,-0.129534
2.687660,2.748066,-0.010477
2.687660,2.777193,0.013925
2.687660,7.015542,0.125909
2.687660,3.812160,-0.090232
2.687660,2.693843,-0.003185
2.687660,2.920833,0.029168
2.687660,10.998483,0.052998
2.687660,3.176857,-0.051612
2.687660,2.689915,0.000842
2.687660,3.411028,0.068313
2.687660,9.131264,-0.098681
2.687660,2.839352,-0.020835
2.687660,2.711883,0.005891
2.687660,4.530704,0.114382
2.687660,5.339742,-0.126773
2.687660,2.733322,-0.008585
2.687660,2.807482,0.017312
2.687660,8.093701,0.114754
2.687660,3.575221,-0.078195
2.687660,2.691743,-0.001787
2.687660,3.076750,0.043398
2.687660,11.637237,-0.020157
2.687660,2.983870,-0.035145
2.687660,2.692924,0.002609
2.687660,3.713133,0.085498
2.687660,7.415546,-0.122497
2.687660,2.788279,-0.015159
2.687660,2.744749,0.010021
2.687660,5.780896,0.129236
2.687660,4.267895,-0.107351
2.687660,2.704778,-0.004986
2.687660,2.850316,0.022024
2.687660,9.454291,0.092624
2.687660,3.367275,-0.065444
2.687660,2.688987,-0.000639
2.687660,3.189804,0.052631
2.687660,10.895370,-0.056552
2.687660,2.914335,-0.028544
2.687660,2.692636,0.003091
2.687660,3.778116,0.088657
2.687660,7.145597,-0.124905
2.687660,2.780531,-0.014351
2.687660,2.740070,0.009552
2.687660,5.619156,0.128618
2.687660,4.355013,-0.109889
2.687660,2.706319,-0.005383
2.687660,2.821277,0.018983
2.687660,8.579976,0.107849
2.687660,3.492612,-0.073422
2.687660,2.687393,-0.001716
2.687660,3.016970,0.038199
2.687660,11.740595,0.004531
2.687660,3.037709,-0.040044
2.687660,2.687410,0.001565
2.687660,3.471563,0.072142
2.687660,8.715279,-0.105731
2.687660,2.825502,-0.019435
2.687660,2.705439,0.005249
2.687660,4.319266,0.108875
2.687660,5.683392,-0.128901
2.687660,2.741801,-0.009753
2.687660,2.779816,0.014260
2.687660,7.117761,0.125129
2.687660,3.785249,-0.088991
2.687660,2.692898,-0.003110
2.687660,2.915959,0.028701
2.687660,10.921870,0.055660
2.687660,3.186503,-0.052372
2.687660,2.689194,0.000687
2.687660,3.377465,0.066121
2.687660,9.377355,-0.094116
2.687660,2.847638,-0.021736
2.687660,2.706340,0.005188
2.687660,4.325686,0.109054
2.687660,5.671854,-0.128850
2.687660,2.741933,-0.009668
2.687660,2.793051,0.015697
2.687660,7.586978,0.120761
2.687660,3.675152,-0.083572
2.687660,2.692536,-0.002391
2.687660,3.007220,0.037281
2.687660,11.723925,0.009072
2.687660,3.048772,-0.040979
2.687660,2.692036,0.002027
2.687660,3.614423,0.080360
2.687660,7.884718,-0.117384
2.687660,2.801468,-0.016640
2.687660,2.737032,0.009051
2.687660,5.482337,0.127840
2.687660,4.436744,-0.112073
2.687660,2.709351,-0.005570
2.687660,2.843200,0.021254
2.687660,9.246861,0.096575
2.687660,3.395071,-0.067278
2.687660,2.689613,-0.000764
2.687660,3.182746,0.052076
2.687660,10.951922,-0.054631
2.687660,2.917851,-0.028880
2.687660,2.693545,0.003172
2.687660,3.805235,0.089916
2.687660,7.041409,-0.125718
2.687660,2.777838,-0.014012
2.687660,2.745962,0.010236
2.687660,5.838358,0.129388
2.687660,4.238960,-0.106467
2.687660,2.703499,-0.004942
2.687660,2.836392,0.020591
2.687660,9.052463,0.100083
2.687660,3.421963,-0.069034
2.687660,2.687605,-0.001190
2.687660,3.091850,0.044712
2.687660,11.567482,-0.025845
2.687660,2.972143,-0.034098
2.687660,2.687747,0.002088
2.687660,3.551462,0.076879
2.687660,8.225655,-0.112994
2.687660,2.810574,-0.017820
2.687660,2.710060,0.005897
2.687660,4.499395,0.113644
2.687660,5.385364,-0.127150
2.687660,2.733816,-0.008812
2.687660,2.784835,0.014868
2.687660,7.307191,0.123516
2.687660,3.738291,-0.086752
2.687660,2.691588,-0.002939
2.687660,2.918238,0.028933
2.687660,10.959362,0.054375
2.687660,3.181760,-0.052006
2.687660,2.688637,0.000656
2.687660,3.363959,0.065224
2.687660,9.479415,-0.092130
2.687660,2.851163,-0.022123
2.687660,2.703299,0.004808
2.687660,4.215262,0.105718
2.687660,5.887248,-0.129486
2.687660,2.747462,-0.010367
2.687660,2.782733,0.014535
2.687660,7.215011,0.124324
2.687660,3.760802,-0.087827
2.687660,2.693424,-0.002880
2.687660,2.955185,0.032463
2.687660,11.426022,0.034615
2.687660,3.117089,-0.046789
2.687660,2.691163,0.001424
2.687660,3.513878,0.074662
2.687660,8.449478,-0.109805
2.687660,2.817961,-0.018482
2.687660,2.726044,0.007678
2.687660,5.063018,0.123852
2.687660,4.745209,-0.118887
2.687660,2.717608,-0.006620
2.687660,2.830143,0.019830
2.687660,8.846004,0.103600
2.687660,3.452070,-0.070913
2.687660,2.690441,-0.001072
2.687660,3.153755,0.049776
2.687660,11.174847,-0.046297
2.687660,2.933135,-0.030359
2.687660,2.693730,0.003080
2.687660,3.794988,0.089440
2.687660,7.080431,-0.125420
2.687660,2.779004,-0.014122
2.687660,2.748271,0.010486
2.687660,5.921582,0.129541
2.687660,4.198979,-0.105198
2.687660,2.702712,-0.004767
2.687660,2.847450,0.021745
2.687660,9.375942,0.094144
2.687660,3.377592,-0.066138
2.687660,2.688184,-0.000807
2.687660,3.153739,0.049792
2.687660,11.174184,-0.046328
2.687660,2.932916,-0.030368
2.687660,2.689756,0.002615
2.687660,3.660592,0.082838
2.687660,7.654621,-0.120039
2.687660,2.794304,-0.015977
2.687660,2.722862,0.007492
2.687660,4.976415,0.122690
2.687660,4.822806,-0.120283
2.687660,2.718728,-0.006988
2.687660,2.798372,0.016447
2.687660,7.800921,0.118386
2.687660,3.630662,-0.081259
2.687660,2.689083,-0.002486
2.687660,2.939714,0.031026
2.687660,11.260730,0.042664
2.687660,3.141759,-0.048830
2.687660,2.687977,0.000870
2.687660,3.383036,0.066500
2.687660,9.335114,-0.094924
2.687660,2.846001,-0.021597
2.687660,2.702351,0.004736
2.687660,4.188024,0.104843
2.687660,5.945102,-0.129572
2.687660,2.748846,-0.010566
2.687660,2.777032,0.013902
2.687660,7.008759,0.125959
2.687660,3.813991,-0.090315
2.687660,2.693947,-0.003185
2.687660,2.922402,0.029320
2.687660,11.022398,0.052139
2.687660,3.173803,-0.051371
2.687660,2.690047,0.000880
2.687660,3.418519,0.068794
2.687660,9.077906,-0.099631
2.687660,2.837601,-0.020644
2.687660,2.713059,0.006040
2.687660,4.574444,0.115384
2.687660,5.278201,-0.126224
2.687660,2.731715,-0.008384
2.687660,2.810023,0.017596
2.687660,8.180906,0.113595
2.687660,3.559596,-0.077313
2.687660,2.691627,-0.001691
2.687660,3.087988,0.044354
2.687660,11.587235,-0.024362
2.687660,2.975343,-0.034354
2.687660,2.693106,0.002694
2.687660,3.728396,0.086254
2.687660,7.349636,-0.123123
2.687660,2.786459,-0.014952
2.687660,2.745900,0.010164
2.687660,5.825329,0.129355
2.687660,4.245483,-0.106665
2.687660,2.704180,-0.004907
2.687660,2.851651,0.022167
2.687660,9.492003,0.091880
2.687660,3.362331,-0.065112
2.687660,2.688928,-0.000610
2.687660,3.192780,0.052862
2.687660,10.871420,-0.057346
2.687660,2.912902,-0.028404
2.687660,2.692658,0.003105
2.687660,3.780386,0.088764
2.687660,7.136681,-0.124977
2.687660,2.780283,-0.014324
2.687660,2.740099,0.009557
2.687660,5.620524,0.128624
2.687660,4.354233,-0.109868
2.687660,2.706287,-0.005381
2.687660,2.820970,0.018951
2.687660,8.570195,0.107998
2.687660,3.494160,-0.073515
2.687660,2.687373,-0.001729
2.687660,3.014843,0.038008
2.687660,11.738025,0.005489
2.687660,3.039969,-0.040243
2.687660,2.687394,0.001546
2.687660,3.468683,0.071965
2.687660,8.734141,-0.105429
2.687660,2.826094,-0.019499
2.687660,2.705225,0.005220
2.687660,4.311084,0.108638
2.687660,5.698485,-0.128960
2.687660,2.742199,-0.009801
2.687660,2.779399,0.014211
2.687660,7.102298,0.125251
2.687660,3.789241,-0.089177
2.687660,2.692977,-0.003128
2.687660,2.914747,0.028582
2.687660,10.901950,0.056332
2.687660,3.188993,-0.052566
2.687660,2.689175,0.000667
2.687660,3.374286,0.065910
2.687660,9.401265,-0.093655
2.687660,2.848472,-0.021825
2.687660,2.706009,0.005143
2.687660,4.313152,0.108693
2.687660,5.694855,-0.128943
2.687660,2.742532,-0.009742
2.687660,2.792197,0.015600
2.687660,7.556295,0.121083
2.687660,3.681777,-0.083913
2.687660,2.692613,-0.002428
2.687660,3.003427,0.036937
2.687660,11.714557,0.010830
2.687660,3.053062,-0.041354
2.687660,2.692010,0.001992
2.687660,3.609016,0.080065
2.687660,7.912735,-0.117044
2.687660,2.802272,-0.016730
2.687660,2.736637,0.009000
2.687660,5.466933,0.127738
2.687660,4.446432,-0.112321
2.687660,2.709620,-0.005602
2.687660,2.843021,0.021233
2.687660,9.241351,0.096677
2.687660,3.395826,-0.067327
2.687660,2.689667,-0.000763
2.687660,3.183755,0.052154
2.687660,10.943935,-0.054906
2.687660,2.917358,-0.028831
2.687660,2.693701,0.003194
2.687660,3.811088,0.090184
2.687660,7.019497,-0.125880
2.687660,2.777261,-0.013942
2.687660,2.746892,0.010345
2.687660,5.873157,0.129461
2.687660,4.221983,-0.105934
2.687660,2.703092,-0.004876
2.687660,2.838802,0.020845
2.687660,9.124803,0.098801
2.687660,3.411790,-0.068380
2.687660,2.687663,-0.001111
2.687660,3.103612,0.045698
2.687660,11.504894,-0.030043
2.687660,2.963843,-0.033321
2.687660,2.687937,0.002172
2.687660,3.566589,0.077739
2.687660,8.140080,-0.114149
2.687660,2.808064,-0.017542
2.687660,2.711412,0.006072
2.687660,4.550236,0.114843
2.687660,5.311648,-0.126535
2.687660,2.731848,-0.008576
2.687660,2.786473,0.015061
2.687660,7.367861,0.122956
2.687660,3.723985,-0.086051
2.687660,2.691250,-0.002880
2.687660,2.920912,0.029196
2.687660,11.001381,0.052896
2.687660,3.176422,-0.051588
2.687660,2.688574,0.000688
2.687660,3.367327,0.065450
2.687660,9.453710,-0.092636
2.687660,2.850240,-0.022028
2.687660,2.703337,0.004819
2.687660,4.217657,0.105794
2.687660,5.882245,-0.129477
2.687660,2.747319,-0.010353
2.687660,2.782547,0.014516
2.687660,7.208550,0.124379
2.687660,3.762398,-0.087903
2.687660,2.693414,-0.002893
2.687660,2.953397,0.032294
2.687660,11.408673,0.035544
2.687660,3.119856,-0.047018
2.687660,2.691090,0.001395
2.687660,3.508572,0.074348
2.687660,8.481977,-0.109323
2.687660,2.818934,-0.018591
2.687660,2.725270,0.007582
2.687660,5.033869,0.123473
2.687660,4.770756,-0.119358
2.687660,2.718284,-0.006706
2.687660,2.828989,0.019703
2.687660,8.809422,0.104203
2.687660,3.457523,-0.071251
2.687660,2.690489,-0.001105
2.687660,3.150001,0.049475
2.687660,11.202401,-0.045162
2.687660,2.935240,-0.030562
2.687660,2.693649,0.003055
