init_r,r,ur
2.687100,3.247435,0.057017
2.687100,10.419836,-0.070661
2.687100,2.889058,-0.026058
2.687100,2.691205,0.003112
2.687100,3.756798,0.087652
2.687100,7.230488,-0.124197
2.687100,2.782538,-0.014649
2.687100,2.729721,0.008364
2.687100,5.239072,0.125854
2.687100,4.603113,-0.116027
2.687100,2.712586,-0.006279
2.687100,2.798493,0.016507
2.687100,7.812756,0.118249
2.687100,3.628235,-0.081137
2.687100,2.688118,-0.002582
2.687100,2.911466,0.028298
2.687100,10.850260,0.058042
2.687100,3.195289,-0.053074
2.687100,2.686662,0.000326
2.687100,3.285490,0.059793
2.687100,10.103763,-0.078614
2.687100,2.874984,-0.024639
2.687100,2.692001,0.003310
2.687100,3.799111,0.089645
2.687100,7.064083,-0.125550
2.687100,2.778012,-0.014129
2.687100,2.733018,0.008773
2.687100,5.364613,0.126987
2.687100,4.513364,-0.113982
2.687100,2.710092,-0.005984
2.687100,2.799455,0.016630
2.687100,7.848995,0.117821
2.687100,3.621057,-0.080753
2.687100,2.687705,-0.002580
2.687100,2.905175,0.027683
2.687100,10.739656,0.061536
2.687100,3.208837,-0.054119
2.687100,2.686261,0.000180
2.687100,3.258777,0.057859
2.687100,10.324965,-0.073146
2.687100,2.884591,-0.025624
2.687100,2.689636,0.002961
2.687100,3.708362,0.085285
2.687100,7.435308,-0.122313
2.687100,2.787972,-0.015310
2.687100,2.720441,0.007262
2.687100,4.896718,0.121498
2.687100,4.899755,-0.121546
2.687100,2.720523,-0.007272
2.687100,2.787903,0.015302
2.687100,7.432748,0.122338
2.687100,3.708944,-0.085314
2.687100,2.689651,-0.002963
2.687100,2.884525,0.025617
2.687100,10.323511,0.073183
2.687100,3.258951,-0.057872
2.687100,2.686264,-0.000181
2.687100,3.208757,0.054113
2.687100,10.740321,-0.061515
2.687100,2.905212,-0.027687
2.687100,2.687709,0.002580
2.687100,3.621138,0.080758
2.687100,7.848581,-0.117826
2.687100,2.799444,-0.016628
2.687100,2.710113,0.005986
2.687100,4.514127,0.114000
2.687100,5.363493,-0.126978
2.687100,2.732989,-0.008769
2.687100,2.778051,0.014134
2.687100,7.065502,0.125539
2.687100,3.798738,-0.089628
2.687100,2.691993,-0.003308
2.687100,2.875097,0.024651
2.687100,10.106452,0.078550
2.687100,3.285164,-0.059770
2.687100,2.686665,-0.000323
2.687100,3.195728,0.053108
2.687100,10.846709,-0.058157
2.687100,2.911259,-0.028278
2.687100,2.688139,0.002586
2.687100,3.629168,0.081187
2.687100,7.808065,-0.118304
2.687100,2.798362,-0.016492
2.687100,2.712707,0.006294
2.687100,4.607548,0.116123
2.687100,5.233173,-0.125795
2.687100,2.729564,-0.008345
2.687100,2.782686,0.014666
2.687100,7.235954,0.124149
2.687100,3.755456,-0.087588
2.687100,2.691175,-0.003106
2.687100,2.889335,0.026086
2.687100,10.425712,0.070505
2.687100,3.246730,-0.056964
2.687100,2.687101,0.000005
2.687100,3.248187,0.057072
2.687100,10.413564,-0.070828
2.687100,2.888763,-0.026029
2.687100,2.691246,0.003119
2.687100,3.758489,0.087733
2.687100,7.223624,-0.124256
2.687100,2.782354,-0.014627
2.687100,2.729933,0.008389
2.687100,5.246987,0.125932
2.687100,4.597196,-0.115898
2.687100,2.712427,-0.006259
2.687100,2.798688,0.016529
2.687100,7.819670,0.118168
2.687100,3.626862,-0.081063
2.687100,2.688089,-0.002576
2.687100,2.911856,0.028336
2.687100,10.856915,0.057825
2.687100,3.194466,-0.053010
2.687100,2.686660,0.000332
2.687100,3.286277,0.059850
2.687100,10.097279,-0.078768
2.687100,2.874711,-0.024611
2.687100,2.692038,0.003316
2.687100,3.800699,0.089718
2.687100,7.058058,-0.125596
2.687100,2.777851,-0.014110
2.687100,2.733201,0.008795
2.687100,5.371482,0.127042
2.687100,4.508696,-0.113871
2.687100,2.709966,-0.005968
2.687100,2.799631,0.016649
2.687100,7.855206,0.117747
2.687100,3.619839,-0.080688
2.687100,2.687682,-0.002574
2.687100,2.905587,0.027724
2.687100,10.747142,0.061306
2.687100,3.207925,-0.054049
2.687100,2.686264,0.000187
2.687100,3.259787,0.057933
2.687100,10.316558,-0.073361
2.687100,2.884210,-0.025585
2.687100,2.689688,0.002970
2.687100,3.710546,0.085394
2.687100,7.425710,-0.122406
2.687100,2.787711,-0.015280
2.687100,2.720718,0.007296
2.687100,4.906975,0.121658
2.687100,4.889532,-0.121385
2.687100,2.720246,-0.007239
2.687100,2.788110,0.015327
2.687100,7.440407,0.122263
2.687100,3.707204,-0.085227
2.687100,2.689602,-0.002957
2.687100,2.884586,0.025624
2.687100,10.324893,0.073147
2.687100,3.258784,-0.057860
2.687100,2.686248,-0.000182
2.687100,3.208388,0.054085
2.687100,10.743342,-0.061423
2.687100,2.905376,-0.027703
2.687100,2.687661,0.002573
2.687100,3.619368,0.080662
2.687100,7.857607,-0.117719
2.687100,2.799697,-0.016657
2.687100,2.709844,0.005953
2.687100,4.504297,0.113765
2.687100,5.377986,-0.127094
2.687100,2.733372,-0.008816
2.687100,2.777627,0.014084
2.687100,7.049797,0.125658
2.687100,3.802882,-0.089819
2.687100,2.692081,-0.003326
2.687100,2.874049,0.024544
2.687100,10.081507,0.079142
2.687100,3.288193,-0.059987
2.687100,2.686639,-0.000348
2.687100,3.191887,0.052811
2.687100,10.877702,-0.057142
2.687100,2.913083,-0.028457
2.687100,2.687967,0.002552
2.687100,3.621452,0.080773
2.687100,7.847079,-0.117844
2.687100,2.799459,-0.016617
2.687100,2.711732,0.006173
2.687100,4.571612,0.115330
2.687100,5.281778,-0.126265
2.687100,2.730860,-0.008502
2.687100,2.781468,0.014523
2.687100,7.190798,0.124534
2.687100,3.766635,-0.088122
2.687100,2.691430,-0.003153
2.687100,2.887013,0.025852
2.687100,10.376041,0.071819
2.687100,3.252688,-0.057405
2.687100,2.687086,-0.000040
2.687100,3.241728,0.056593
2.687100,10.467397,-0.069382
2.687100,2.891317,-0.026286
2.687100,2.690897,0.003059
2.687100,3.743896,0.087030
2.687100,7.283512,-0.123731
2.687100,2.783967,-0.014817
2.687100,2.728094,0.008168
2.687100,5.178229,0.125220
2.687100,4.649860,-0.117019
2.687100,2.713851,-0.006436
2.687100,2.797041,0.016341
2.687100,7.760971,0.118850
2.687100,3.638615,-0.081690
2.687100,2.688342,-0.002628
2.687100,2.908824,0.028037
2.687100,10.804380,0.059516
2.687100,3.200943,-0.053510
2.687100,2.686682,0.000287
2.687100,3.280451,0.059431
2.687100,10.145326,-0.077618
2.687100,2.876744,-0.024818
2.687100,2.691792,0.003272
2.687100,3.790100,0.089227
2.687100,7.098568,-0.125283
2.687100,2.778937,-0.014238
2.687100,2.732029,0.008654
2.687100,5.327434,0.126675
2.687100,4.539050,-0.114587
2.687100,2.710788,-0.006071
2.687100,2.798596,0.016532
2.687100,7.818541,0.118182
2.687100,3.627066,-0.081076
2.687100,2.687832,-0.002607
2.687100,2.903536,0.027521
2.687100,10.709480,0.062455
2.687100,3.212508,-0.054399
2.687100,2.686264,0.000154
2.687100,3.255182,0.057595
2.687100,10.354900,-0.072372
2.687100,2.885957,-0.025762
2.687100,2.689485,0.002933
2.687100,3.701760,0.084954
2.687100,7.464528,-0.122025
2.687100,2.788772,-0.015403
2.687100,2.719653,0.007166
2.687100,4.867412,0.121030
2.687100,4.929499,-0.122003
2.687100,2.721331,-0.007369
2.687100,2.787347,0.015236
2.687100,7.412070,0.122538
2.687100,3.713666,-0.085549
2.687100,2.689792,-0.002979
2.687100,2.884591,0.025623
2.687100,10.324839,0.073149
2.687100,3.258795,-0.057860
2.687100,2.686322,-0.000173
2.687100,3.210804,0.054269
2.687100,10.723526,-0.062029
2.687100,2.904301,-0.027596
2.687100,2.687902,0.002610
2.687100,3.628618,0.081159
2.687100,7.810742,-0.118273
2.687100,2.798385,-0.016506
2.687100,2.711206,0.006121
2.687100,4.554173,0.114935
2.687100,5.306027,-0.126487
2.687100,2.731466,-0.008584
2.687100,2.779667,0.014322
2.687100,7.125486,0.125070
2.687100,3.783157,-0.088903
2.687100,2.691656,-0.003240
2.687100,2.878883,0.025035
2.687100,10.194992,0.076409
2.687100,3.274450,-0.058997
2.687100,2.686746,-0.000236
2.687100,3.209007,0.054128
2.687100,10.738463,-0.061572
2.687100,2.905153,-0.027673
2.687100,2.688758,0.002704
2.687100,3.656593,0.082637
2.687100,7.673404,-0.119834
2.687100,2.794604,-0.016060
2.687100,2.716204,0.006726
2.687100,4.736797,0.118738
2.687100,5.072480,-0.123980
2.687100,2.725260,-0.007826
2.687100,2.786450,0.015108
2.687100,7.375348,0.122888
2.687100,3.722172,-0.085968
2.687100,2.690373,-0.002970
2.687100,2.894961,0.026653
2.687100,10.542168,0.067320
2.687100,3.232747,-0.055923
2.687100,2.687039,0.000099
2.687100,3.260152,0.057954
2.687100,10.313865,-0.073429
2.687100,2.884167,-0.025566
2.687100,2.691687,0.003205
2.687100,3.778486,0.088682
2.687100,7.143807,-0.124922
2.687100,2.780200,-0.014375
2.687100,2.732103,0.008653
2.687100,5.328601,0.126685
2.687100,4.538244,-0.114568
2.687100,2.710825,-0.006061
2.687100,2.800421,0.016728
2.687100,7.881283,0.117434
2.687100,3.614769,-0.080412
2.687100,2.687809,-0.002524
2.687100,2.914355,0.028583
2.687100,10.899001,0.056434
2.687100,3.189234,-0.052605
2.687100,2.686600,0.000362
2.687100,3.289583,0.060087
2.687100,10.070067,-0.079412
2.687100,2.873569,-0.024496
2.687100,2.692045,0.003326
2.687100,3.802155,0.089786
2.687100,7.052538,-0.125638
2.687100,2.777695,-0.014094
2.687100,2.733121,0.008787
2.687100,5.368737,0.127020
2.687100,4.510557,-0.113915
2.687100,2.710006,-0.005975
2.687100,2.799245,0.016608
2.687100,7.841866,0.117906
2.687100,3.622455,-0.080829
2.687100,2.687695,-0.002591
2.687100,2.903549,0.027523
2.687100,10.709824,0.062444
2.687100,3.212463,-0.054396
2.687100,2.686202,0.000147
2.687100,3.253213,0.057450
2.687100,10.371283,-0.071945
2.687100,2.886705,-0.025838
2.687100,2.689244,0.002899
2.687100,3.692816,0.084503
2.687100,7.504618,-0.121622
2.687100,2.789861,-0.015531
2.687100,2.718323,0.007005
2.687100,4.818327,0.120209
2.687100,4.981158,-0.122759
2.687100,2.722722,-0.007538
2.687100,2.786119,0.015092
2.687100,7.366814,0.122969
2.687100,3.724127,-0.086067
2.687100,2.690053,-0.003021
2.687100,2.883088,0.025470
2.687100,10.291438,0.074002
2.687100,3.262811,-0.058153
2.687100,2.686353,-0.000199
2.687100,3.207795,0.054038
2.687100,10.748247,-0.061271
2.687100,2.905655,-0.027729
2.687100,2.687869,0.002596
2.687100,3.626044,0.081021
2.687100,7.823722,-0.118121
2.687100,2.798755,-0.016547
2.687100,2.711039,0.006099
2.687100,4.547799,0.114789
2.687100,5.315010,-0.126567
2.687100,2.731709,-0.008613
2.687100,2.779565,0.014309
2.687100,7.121525,0.125102
2.687100,3.784175,-0.088950
2.687100,2.691695,-0.003243
2.687100,2.879162,0.025063
2.687100,10.201368,0.076253
2.687100,3.273682,-0.058941
2.687100,2.686776,-0.000227
2.687100,3.210723,0.054259
2.687100,10.724377,-0.062002
2.687100,2.904387,-0.027597
2.687100,2.688884,0.002725
2.687100,3.661660,0.082901
2.687100,7.649198,-0.120100
2.687100,2.793936,-0.015983
2.687100,2.716921,0.006813
2.687100,4.763226,0.119229
2.687100,5.042094,-0.123589
2.687100,2.724444,-0.007727
2.687100,2.787185,0.015194
2.687100,7.402424,0.122630
2.687100,3.715912,-0.085658
2.687100,2.690223,-0.002944
2.687100,2.896065,0.026763
2.687100,10.564334,0.066696
2.687100,3.230081,-0.055723
2.687100,2.687025,0.000117
2.687100,3.262382,0.058117
2.687100,10.295303,-0.073903
2.687100,2.883331,-0.025481
2.687100,2.691767,0.003220
2.687100,3.782098,0.088852
2.687100,7.129665,-0.125036
2.687100,2.779819,-0.014331
2.687100,2.732484,0.008699
2.687100,5.342930,0.126807
2.687100,4.528268,-0.114335
2.687100,2.710554,-0.006028
2.687100,2.800733,0.016763
2.687100,7.892305,0.117301
2.687100,3.612632,-0.080296
2.687100,2.687762,-0.002515
2.687100,2.914863,0.028633
2.687100,10.907411,0.056152
2.687100,3.188184,-0.052523
2.687100,2.686591,0.000369
2.687100,3.290365,0.060142
2.687100,10.063641,-0.079563
2.687100,2.873301,-0.024469
2.687100,2.692062,0.003330
2.687100,3.803041,0.089827
2.687100,7.049188,-0.125663
2.687100,2.777604,-0.014083
2.687100,2.733190,0.008796
2.687100,5.371367,0.127041
2.687100,4.508771,-0.113873
2.687100,2.709956,-0.005969
2.687100,2.799270,0.016611
2.687100,7.842803,0.117895
2.687100,3.622270,-0.080819
2.687100,2.687687,-0.002591
2.687100,2.903458,0.027514
2.687100,10.708146,0.062495
2.687100,3.212667,-0.054412
2.687100,2.686195,0.000145
2.687100,3.252784,0.057419
2.687100,10.374852,-0.071851
2.687100,2.886869,-0.025855
2.687100,2.689209,0.002893
2.687100,3.691436,0.084433
2.687100,7.510857,-0.121559
2.687100,2.790032,-0.015551
2.687100,2.718129,0.006981
2.687100,4.811150,0.120085
2.687100,4.988912,-0.122868
2.687100,2.722931,-0.007563
2.687100,2.785944,0.015071
2.687100,7.360331,0.123030
2.687100,3.725641,-0.086142
2.687100,2.690092,-0.003027
2.687100,2.882907,0.025451
2.687100,10.287363,0.074105
2.687100,3.263301,-0.058189
2.687100,2.686359,-0.000202
2.687100,3.207511,0.054017
2.687100,10.750576,-0.061200
2.687100,2.905784,-0.027742
2.687100,2.687873,0.002595
2.687100,3.626049,0.081021
2.687100,7.823698,-0.118121
2.687100,2.798756,-0.016547
2.687100,2.711066,0.006102
2.687100,4.548749,0.114811
2.687100,5.313668,-0.126555
2.687100,2.731674,-0.008608
2.687100,2.779621,0.014315
2.687100,7.123570,0.125085
2.687100,3.783650,-0.088926
2.687100,2.691686,-0.003240
2.687100,2.879354,0.025082
2.687100,10.205780,0.076144
2.687100,3.273150,-0.058903
2.687100,2.686783,-0.000223
2.687100,3.211473,0.054316
2.687100,10.718212,-0.062189
2.687100,2.904054,-0.027563
2.687100,2.688926,0.002732
2.687100,3.663449,0.082994
2.687100,7.640701,-0.120192
2.687100,2.793701,-0.015956
2.687100,2.717160,0.006842
2.687100,4.772059,0.119390
2.687100,5.032112,-0.123458
2.687100,2.724176,-0.007694
2.687100,2.787414,0.015221
2.687100,7.410846,0.122549
2.687100,3.713978,-0.085562
2.687100,2.690175,-0.002936
2.687100,2.896341,0.026791
2.687100,10.569849,0.066539
2.687100,3.229417,-0.055673
2.687100,2.687017,0.000120
2.687100,3.262776,0.058146
2.687100,10.292019,-0.073986
2.687100,2.883183,-0.025466
2.687100,2.691766,0.003221
2.687100,3.782218,0.088858
2.687100,7.129192,-0.125040
2.687100,2.779805,-0.014329
2.687100,2.732465,0.008697
2.687100,5.342235,0.126801
2.687100,4.528749,-0.114346
2.687100,2.710565,-0.006029
2.687100,2.800672,0.016757
2.687100,7.890211,0.117326
2.687100,3.613036,-0.080318
2.687100,2.687764,-0.002517
2.687100,2.914564,0.028604
2.687100,10.902473,0.056318
2.687100,3.188800,-0.052571
2.687100,2.686584,0.000364
2.687100,3.289496,0.060080
2.687100,10.070779,-0.079395
2.687100,2.873597,-0.024499
2.687100,2.691995,0.003320
2.687100,3.800432,0.089706
2.687100,7.059058,-0.125588
2.687100,2.777866,-0.014115
2.687100,2.732850,0.008755
2.687100,5.358632,0.126938
2.687100,4.517446,-0.114080
2.687100,2.710188,-0.005999
2.687100,2.798896,0.016569
2.687100,7.829639,0.118051
2.687100,3.624865,-0.080959
2.687100,2.687731,-0.002604
2.687100,2.902417,0.027411
2.687100,10.688745,0.063078
2.687100,3.215020,-0.054591
2.687100,2.686180,0.000126
2.687100,3.249921,0.057208
2.687100,10.398711,-0.071223
2.687100,2.887977,-0.025967
2.687100,2.689049,0.002866
2.687100,3.684850,0.084098
2.687100,7.540839,-0.121251
2.687100,2.790854,-0.015647
2.687100,2.717272,0.006877
2.687100,4.779458,0.119525
2.687100,5.023793,-0.123347
2.687100,2.723872,-0.007676
2.687100,2.785211,0.014984
2.687100,7.333110,0.123282
2.687100,3.732038,-0.086456
2.687100,2.690264,-0.003051
2.687100,2.882384,0.025398
2.687100,10.275550,0.074404
2.687100,3.264724,-0.058293
2.687100,2.686400,-0.000207
2.687100,3.207421,0.054009
2.687100,10.751334,-0.061176
2.687100,2.905829,-0.027746
2.687100,2.687957,0.002605
2.687100,3.628854,0.081171
2.687100,7.809576,-0.118287
2.687100,2.798364,-0.016501
2.687100,2.711555,0.006161
2.687100,4.566600,0.115218
2.687100,5.288695,-0.126329
2.687100,2.731013,-0.008527
2.687100,2.780368,0.014402
2.687100,7.151209,0.124862
2.687100,3.776595,-0.088594
2.687100,2.691539,-0.003209
2.687100,2.881256,0.025275
2.687100,10.249114,0.075068
2.687100,3.267929,-0.058523
2.687100,2.686828,-0.000180
2.687100,3.218155,0.054824
2.687100,10.663135,-0.063839
2.687100,2.901119,-0.027271
2.687100,2.689281,0.002796
2.687100,3.678584,0.083775
2.687100,7.569810,-0.120949
2.687100,2.791746,-0.015729
2.687100,2.719143,0.007085
2.687100,4.845562,0.120669
2.687100,4.952224,-0.122341
2.687100,2.722022,-0.007435
2.687100,2.789188,0.015430
2.687100,7.476253,0.121907
2.687100,3.699162,-0.084820
2.687100,2.689793,-0.002878
2.687100,2.898086,0.026967
2.687100,10.604454,0.065551
2.687100,3.225245,-0.055360
2.687100,2.686928,0.000140
2.687100,3.264067,0.058241
2.687100,10.281242,-0.074260
2.687100,2.882692,-0.025418
2.687100,2.691603,0.003206
2.687100,3.777195,0.088622
2.687100,7.148864,-0.124881
2.687100,2.780319,-0.014393
2.687100,2.731495,0.008582
2.687100,5.306286,0.126489
2.687100,4.553994,-0.114931
2.687100,2.711231,-0.006117
2.687100,2.799294,0.016604
2.687100,7.842041,0.117904
2.687100,3.622436,-0.080826
2.687100,2.687890,-0.002568
2.687100,2.909712,0.028128
2.687100,10.820215,0.059012
2.687100,3.198987,-0.053361
2.687100,2.686496,0.000279
2.687100,3.276342,0.059136
2.687100,10.179217,-0.076796
2.687100,2.878175,-0.024968
2.687100,2.691079,0.003178
2.687100,3.764271,0.088012
2.687100,7.200176,-0.124456
2.687100,2.781635,-0.014562
2.687100,2.728162,0.008193
2.687100,5.183499,0.125278
2.687100,4.645703,-0.116934
2.687100,2.713648,-0.006433
2.687100,2.794398,0.016058
2.687100,7.669405,0.119879
2.687100,3.657396,-0.082682
2.687100,2.688382,-0.002754
2.687100,2.892533,0.026426
2.687100,10.494552,0.068641
2.687100,3.238417,-0.056354
2.687100,2.686096,-0.000053
2.687100,3.223770,0.055255
2.687100,10.616335,-0.065209
2.687100,2.898619,-0.027035
2.687100,2.687842,0.002645
2.687100,3.632674,0.081377
2.687100,7.790355,-0.118511
2.687100,2.797778,-0.016444
2.687100,2.710744,0.006072
2.687100,4.538446,0.114573
2.687100,5.328291,-0.126683
2.687100,2.732032,-0.008659
2.687100,2.778313,0.014170
2.687100,7.076170,0.125458
2.687100,3.795931,-0.089499
2.687100,2.691853,-0.003305
2.687100,2.873276,0.024468
2.687100,10.063251,0.079572
2.687100,3.290408,-0.060146
2.687100,2.686516,-0.000378
2.687100,3.185701,0.052331
2.687100,10.927218,-0.055482
2.687100,2.916066,-0.028752
2.687100,2.687542,0.002480
2.687100,3.603948,0.079823
2.687100,7.937481,-0.116749
2.687100,2.802006,-0.016910
2.687100,2.709285,0.005871
2.687100,4.481820,0.113218
2.687100,5.411735,-0.127354
2.687100,2.734303,-0.008920
2.687100,2.777802,0.014096
2.687100,7.054884,0.125620
2.687100,3.801547,-0.089757
2.687100,2.692174,-0.003306
2.687100,2.878188,0.024961
2.687100,10.178522,0.076812
2.687100,3.276448,-0.059140
2.687100,2.686900,-0.000233
2.687100,3.212018,0.054357
2.687100,10.713782,-0.062324
2.687100,2.903824,-0.027539
2.687100,2.689203,0.002766
2.687100,3.673050,0.083490
2.687100,7.595541,-0.120677
2.687100,2.792467,-0.015810
2.687100,2.718780,0.007038
2.687100,4.831656,0.120436
2.687100,4.966918,-0.122555
2.687100,2.722430,-0.007481
2.687100,2.789200,0.015428
2.687100,7.476162,0.121908
2.687100,3.699187,-0.084821
2.687100,2.689849,-0.002872
2.687100,2.899832,0.027139
2.687100,10.638161,0.064573
2.687100,3.221183,-0.055052
2.687100,2.687027,0.000181
2.687100,3.271389,0.058773
2.687100,10.220484,-0.075780
2.687100,2.880021,-0.025145
2.687100,2.692245,0.003301
2.687100,3.801970,0.089776
2.687100,7.053305,-0.125631
2.687100,2.777778,-0.014089
2.687100,2.734881,0.008986
2.687100,5.432852,0.127508
2.687100,4.468036,-0.112876
2.687100,2.708937,-0.005821
2.687100,2.803303,0.017051
2.687100,7.982144,0.116193
2.687100,3.595497,-0.079359
2.687100,2.687476,-0.002428
2.687100,2.921934,0.029324
2.687100,11.019404,0.052252
2.687100,3.174023,-0.051415
2.687100,2.686639,0.000478
2.687100,3.306246,0.061269
2.687100,9.933987,-0.082546
2.687100,2.868031,-0.023927
2.687100,2.693059,0.003486
2.687100,3.842823,0.091626
2.687100,6.903639,-0.126693
2.687100,2.773741,-0.013623
2.687100,2.738030,0.009373
2.687100,5.552881,0.128275
2.687100,4.393496,-0.110946
2.687100,2.706883,-0.005570
2.687100,2.805008,0.017250
2.687100,8.042576,0.115426
2.687100,3.584230,-0.078736
2.687100,2.687123,-0.002391
2.687100,2.921357,0.029271
2.687100,11.010838,0.052561
2.687100,3.175110,-0.051502
2.687100,2.686440,0.000446
2.687100,3.298621,0.060731
2.687100,9.995971,-0.081135
2.687100,2.870505,-0.024186
2.687100,2.692067,0.003351
2.687100,3.806246,0.089974
2.687100,7.037093,-0.125754
2.687100,2.777259,-0.014047
2.687100,2.732927,0.008768
2.687100,5.362203,0.126967
2.687100,4.515000,-0.114022
2.687100,2.710098,-0.005994
2.687100,2.798240,0.016499
2.687100,7.807110,0.118316
2.687100,3.629326,-0.081199
2.687100,2.687731,-0.002635
2.687100,2.898220,0.026996
2.687100,10.608691,0.065430
2.687100,3.224688,-0.055325
2.687100,2.686033,0.000039
2.687100,3.235436,0.056132
2.687100,10.519351,-0.067957
2.687100,2.893739,-0.026548
2.687100,2.688118,0.002714
2.687100,3.647205,0.082148
2.687100,7.718641,-0.119331
2.687100,2.795760,-0.016216
2.687100,2.712186,0.006254
2.687100,4.592067,0.115786
2.687100,5.253861,-0.126000
2.687100,2.730039,-0.008420
2.687100,2.779845,0.014352
2.687100,7.133696,0.125004
2.687100,3.781041,-0.088804
2.687100,2.691466,-0.003248
2.687100,2.874855,0.024630
2.687100,10.101222,0.078675
2.687100,3.285788,-0.059816
2.687100,2.686463,-0.000351
2.687100,3.188558,0.052554
2.687100,10.904365,-0.056255
2.687100,2.914668,-0.028616
2.687100,2.687515,0.002487
2.687100,3.604528,0.079855
2.687100,7.934423,-0.116786
2.687100,2.801911,-0.016901
2.687100,2.709116,0.005852
2.687100,4.475964,0.113073
2.687100,5.420662,-0.127420
2.687100,2.734533,-0.008950
2.687100,2.777361,0.014046
2.687100,7.038712,0.125741
2.687100,3.805833,-0.089954
2.687100,2.692246,-0.003327
2.687100,2.876493,0.024790
2.687100,10.139050,0.077769
2.687100,3.281220,-0.059485
2.687100,2.686833,-0.000275
2.687100,3.205091,0.053828
2.687100,10.770589,-0.060578
2.687100,2.906935,-0.027848
2.687100,2.688804,0.002696
2.687100,3.656228,0.082617
2.687100,7.675176,-0.119815
2.687100,2.794666,-0.016065
2.687100,2.716521,0.006762
2.687100,4.748049,0.118949
2.687100,5.059451,-0.123814
2.687100,2.724920,-0.007782
2.687100,2.787071,0.015178
2.687100,7.397789,0.122674
2.687100,3.716983,-0.085711
2.687100,2.690294,-0.002943
2.687100,2.897284,0.026884
2.687100,10.588349,0.066013
2.687100,3.227195,-0.055505
2.687100,2.687110,0.000147
2.687100,3.268057,0.058530
2.687100,10.248171,-0.075091
2.687100,2.881244,-0.025268
2.687100,2.692286,0.003297
2.687100,3.802036,0.089778
2.687100,7.053070,-0.125633
2.687100,2.777784,-0.014087
2.687100,2.735231,0.009026
2.687100,5.445631,0.127599
2.687100,4.459796,-0.112669
2.687100,2.708732,-0.005791
2.687100,2.804135,0.017142
2.687100,8.010666,0.115833
2.687100,3.590162,-0.079064
2.687100,2.687439,-0.002395
2.687100,2.925789,0.029698
2.687100,11.076619,0.050144
2.687100,3.166628,-0.050830
2.687100,2.686714,0.000540
2.687100,3.316186,0.061966
2.687100,9.853687,-0.084334
2.687100,2.864869,-0.023599
2.687100,2.693841,0.003601
2.687100,3.873021,0.092951
2.687100,6.799055,-0.127349
2.687100,2.770985,-0.013292
2.687100,2.741775,0.009817
2.687100,5.693377,0.128943
2.687100,4.313772,-0.108720
2.687100,2.704803,-0.005286
2.687100,2.810739,0.017877
2.687100,8.237537,0.112832
2.687100,3.549325,-0.076763
2.687100,2.686786,-0.002186
2.687100,2.943672,0.031422
2.687100,11.308401,0.040509
2.687100,3.134854,-0.048280
2.687100,2.686669,0.000766
2.687100,3.347027,0.064094
2.687100,9.609226,-0.089522
2.687100,2.855607,-0.022640
2.687100,2.695483,0.003863
2.687100,3.939533,0.095749
2.687100,6.585034,-0.128454
2.687100,2.765344,-0.012617
2.687100,2.748670,0.010634
2.687100,5.953251,0.129585
2.687100,4.184168,-0.104723
2.687100,2.701488,-0.004810
2.687100,2.822714,0.019172
2.687100,8.631598,0.107052
2.687100,3.484433,-0.072935
2.687100,2.686439,-0.001770
2.687100,2.994394,0.036162
2.687100,11.686264,0.014952
2.687100,3.063083,-0.042265
2.687100,2.686622,0.001286
2.687100,3.419124,0.068860
2.687100,9.072097,-0.099739
2.687100,2.836892,-0.020674
2.687100,2.699384,0.004459
2.687100,4.095041,0.101680
2.687100,6.159072,-0.129602
2.687100,2.754164,-0.011274
2.687100,2.761965,0.012201
2.687100,6.454657,0.128962
2.687100,3.983563,-0.097512
2.687100,2.696694,-0.004020
2.687100,2.853496,0.022414
2.687100,9.550637,0.090712
2.687100,3.354588,-0.064606
2.687100,2.686897,-0.000793
2.687100,3.134783,0.048273
2.687100,11.308959,-0.040483
2.687100,2.943737,-0.031425
2.687100,2.687158,0.002229
2.687100,3.561700,0.077468
2.687100,8.167210,-0.113788
2.687100,2.808712,-0.017645
2.687100,2.706983,0.005554
2.687100,4.392787,0.110926
2.687100,5.554104,-0.128281
2.687100,2.738139,-0.009368
2.687100,2.775973,0.013867
2.687100,6.984139,0.126139
2.687100,3.820541,-0.090624
2.687100,2.692811,-0.003362
2.687100,2.880718,0.025211
2.687100,10.235816,0.075399
2.687100,3.269555,-0.058638
2.687100,2.687279,-0.000138
2.687100,3.231202,0.055805
2.687100,10.555118,-0.066955
2.687100,2.895628,-0.026715
2.687100,2.690865,0.003023
2.687100,3.738138,0.086750
2.687100,7.307576,-0.123515
2.687100,2.784646,-0.014890
2.687100,2.728180,0.008172
2.687100,5.180504,0.125245
2.687100,4.648077,-0.116982
2.687100,2.713833,-0.006427
2.687100,2.798010,0.016445
2.687100,7.794507,0.118462
2.687100,3.631882,-0.081331
2.687100,2.688321,-0.002583
2.687100,2.914480,0.028591
2.687100,10.900711,0.056377
2.687100,3.189034,-0.052587
2.687100,2.686858,0.000394
2.687100,3.298213,0.060699
2.687100,9.999493,-0.081054
2.687100,2.870695,-0.024196
2.687100,2.693246,0.003488
2.687100,3.846319,0.091781
2.687100,6.891309,-0.126774
2.687100,2.773447,-0.013580
2.687100,2.739376,0.009527
2.687100,5.602494,0.128538
2.687100,4.364479,-0.110155
2.687100,2.706159,-0.005463
2.687100,2.808066,0.017582
2.687100,8.146571,0.114064
2.687100,3.565362,-0.077677
2.687100,2.687004,-0.002273
2.687100,2.935418,0.030630
2.687100,11.208338,0.044920
2.687100,3.149006,-0.049425
2.687100,2.686670,0.000663
2.687100,3.332648,0.063109
2.687100,9.722224,-0.087170
2.687100,2.859816,-0.023078
2.687100,2.694651,0.003734
2.687100,3.906330,0.094373
2.687100,6.689179,-0.127957
2.687100,2.768082,-0.012946
2.687100,2.745212,0.010225
2.687100,5.822988,0.129354
2.687100,4.246489,-0.106706
2.687100,2.703060,-0.005042
2.687100,2.816161,0.018467
2.687100,8.418356,0.110269
2.687100,3.518680,-0.074982
2.687100,2.686558,-0.001997
2.687100,2.965500,0.033487
2.687100,11.518705,0.029170
2.687100,3.101086,-0.045494
2.687100,2.686711,0.001018
2.687100,3.382927,0.066503
2.687100,9.335359,-0.094921
2.687100,2.845833,-0.021616
2.687100,2.697718,0.004197
2.687100,4.027388,0.099201
2.687100,6.332858,-0.129315
2.687100,2.758740,-0.011820
2.687100,2.757175,0.011634
2.687100,6.273533,0.129443
2.687100,4.049770,-0.100038
2.687100,2.698258,-0.004285
2.687100,2.842517,0.021268
2.687100,9.239209,0.096721
2.687100,3.395934,-0.067358
2.687100,2.686657,-0.001117
2.687100,3.086701,0.044284
2.687100,11.592368,-0.023976
2.687100,2.975835,-0.034451
2.687100,2.686448,0.001908
2.687100,3.504151,0.074121
2.687100,8.507340,-0.108952
2.687100,2.818866,-0.018760
2.687100,2.702142,0.004915
2.687100,4.211330,0.105601
2.687100,5.895187,-0.129504
2.687100,2.747114,-0.010454
2.687100,2.766150,0.012718
2.687100,6.616402,0.128313
2.687100,3.929353,-0.095332
2.687100,2.695179,-0.003829
2.687100,2.855370,0.022618
2.687100,9.603136,0.089647
2.687100,3.347802,-0.064148
2.687100,2.686564,-0.000784
2.687100,3.130705,0.047943
2.687100,11.336552,-0.039180
2.687100,2.946175,-0.031662
2.687100,2.686565,0.002141
2.687100,3.539271,0.076185
2.687100,8.295789,-0.112023
2.687100,2.812447,-0.018069
2.687100,2.703483,0.005120
2.687100,4.265532,0.107289
2.687100,5.785182,-0.129254
2.687100,2.744173,-0.010111
2.687100,2.767830,0.012926
2.687100,6.681335,0.127998
2.687100,3.908761,-0.094476
2.687100,2.694586,-0.003758
2.687100,2.855563,0.022642
2.687100,9.608979,0.089528
2.687100,3.347043,-0.064098
2.687100,2.686398,-0.000798
2.687100,3.126099,0.047568
2.687100,11.367099,-0.037686
2.687100,2.949002,-0.031933
2.687100,2.686254,0.002084
2.687100,3.525884,0.075408
2.687100,8.374869,-0.110900
2.687100,2.814780,-0.018331
2.687100,2.701650,0.004889
2.687100,4.198762,0.105199
2.687100,5.921746,-0.129546
2.687100,2.747728,-0.010547
2.687100,2.762917,0.012355
2.687100,6.497597,0.128810
2.687100,3.968701,-0.096928
2.687100,2.695876,-0.004015
2.687100,2.841425,0.021173
2.687100,9.210001,0.097260
2.687100,3.399891,-0.067622
2.687100,2.685975,-0.001225
2.687100,3.060975,0.042088
2.687100,11.692696,-0.014127
2.687100,2.996098,-0.036323
2.687100,2.685681,0.001668
2.687100,3.457412,0.071282
2.687100,8.808076,-0.104233
2.687100,2.828156,-0.019778
2.687100,2.697105,0.004258
2.687100,4.025852,0.099147
2.687100,6.336823,-0.129307
2.687100,2.758603,-0.011859
2.687100,2.750051,0.010840
2.687100,6.012404,0.129633
2.687100,4.157400,-0.103838
2.687100,2.700445,-0.004753
2.687100,2.814192,0.018278
2.687100,8.357013,0.111156
2.687100,3.528859,-0.075584
2.687100,2.686013,-0.002133
2.687100,2.938514,0.030935
2.687100,11.247712,0.043238
2.687100,3.143509,-0.048986
2.687100,2.686139,0.000641
2.687100,3.320770,0.062290
2.687100,9.816612,-0.085146
2.687100,2.863360,-0.023457
2.687100,2.692333,0.003436
2.687100,3.823100,0.090744
2.687100,6.974578,-0.126209
2.687100,2.775547,-0.013855
2.687100,2.733570,0.008854
2.687100,5.387747,0.127171
2.687100,4.497721,-0.113607
2.687100,2.709579,-0.005941
2.687100,2.797265,0.016398
2.687100,7.774067,0.118700
2.687100,3.635926,-0.081552
2.687100,2.687673,-0.002687
2.687100,2.890250,0.026204
2.687100,10.447880,0.069912
2.687100,3.243998,-0.056773
2.687100,2.685714,-0.000138
2.687100,3.205788,0.053890
2.687100,10.764426,-0.060772
2.687100,2.906494,-0.027823
2.687100,2.686441,0.002421
2.687100,3.577109,0.078343
2.687100,8.081182,-0.114927
2.687100,2.806007,-0.017386
2.687100,2.702963,0.005107
2.687100,4.254616,0.106958
2.687100,5.806665,-0.129314
2.687100,2.744610,-0.010193
2.687100,2.763478,0.012441
2.687100,6.522068,0.128717
2.687100,3.960378,-0.096597
2.687100,2.695454,-0.004007
2.687100,2.835825,0.020593
2.687100,9.044515,0.100225
2.687100,3.422964,-0.069113
2.687100,2.685602,-0.001433
2.687100,3.026713,0.039084
2.687100,11.746135,0.000175
2.687100,3.027514,-0.039155
2.687100,2.685607,0.001427
2.687100,3.422281,0.069070
2.687100,9.049330,-0.100141
2.687100,2.835984,-0.020610
2.687100,2.695444,0.004005
2.687100,3.959840,0.096576
2.687100,6.523664,-0.128711
2.687100,2.763522,-0.012446
2.687100,2.744596,0.010191
2.687100,5.806093,0.129313
2.687100,4.254905,-0.106967
2.687100,2.702972,-0.005108
2.687100,2.806043,0.017390
2.687100,8.082379,0.114912
2.687100,3.576891,-0.078331
2.687100,2.686442,-0.002420
2.687100,2.906744,0.027847
2.687100,10.768900,0.060632
2.687100,3.205242,-0.053848
2.687100,2.685722,0.000143
2.687100,3.244795,0.056832
2.687100,10.441234,-0.070090
2.687100,2.889935,-0.026173
2.687100,2.687722,0.002695
2.687100,3.637887,0.081656
2.687100,7.764342,-0.118812
2.687100,2.796994,-0.016367
2.687100,2.709839,0.005973
2.687100,4.507272,0.113837
2.687100,5.373561,-0.127059
2.687100,2.733194,-0.008809
2.687100,2.775928,0.013900
2.687100,6.988802,0.126107
2.687100,3.819223,-0.090568
2.687100,2.692245,-0.003419
2.687100,2.864165,0.023540
2.687100,9.837325,0.084694
2.687100,3.318189,-0.062110
2.687100,2.686154,-0.000620
2.687100,3.146544,0.049230
2.687100,11.225981,-0.044174
2.687100,2.936768,-0.030767
2.687100,2.686077,0.002153
2.687100,3.532864,0.075817
2.687100,8.333275,-0.111495
2.687100,2.813485,-0.018200
2.687100,2.700830,0.004803
2.687100,4.171621,0.104312
2.687100,5.980670,-0.129612
2.687100,2.749223,-0.010739
2.687100,2.759671,0.011984
2.687100,6.376965,0.129203
2.687100,4.011134,-0.098587
2.687100,2.696761,-0.004199
2.687100,2.830687,0.020046
2.687100,8.886801,0.102928
2.687100,3.445742,-0.070554
2.687100,2.685699,-0.001583
2.687100,3.007865,0.037392
2.687100,11.726163,0.008636
2.687100,3.047431,-0.040910
2.687100,2.685892,0.001315
2.687100,3.411119,0.068350
2.687100,9.128825,-0.098731
2.687100,2.838674,-0.020885
2.687100,2.696088,0.004060
2.687100,3.979084,0.097340
2.687100,6.467388,-0.128919
2.687100,2.762104,-0.012262
2.687100,2.748110,0.010596
2.687100,5.936787,0.129566
2.687100,4.191743,-0.104972
2.687100,2.701439,-0.004866
2.687100,2.814492,0.018302
2.687100,8.365682,0.111032
2.687100,3.527418,-0.075498
2.687100,2.686209,-0.002100
2.687100,2.946100,0.031658
2.687100,11.335895,0.039212
2.687100,3.130792,-0.047952
2.687100,2.686342,0.000757
2.687100,3.340406,0.063645
2.687100,9.660888,-0.088457
2.687100,2.857476,-0.022843
2.687100,2.694033,0.003679
2.687100,3.887699,0.093584
2.687100,6.749893,-0.127632
2.687100,2.769628,-0.013143
2.687100,2.741672,0.009815
2.687100,5.691287,0.128935
2.687100,4.314892,-0.108753
2.687100,2.704752,-0.005299
2.687100,2.808174,0.017604
2.687100,8.151900,0.113994
2.687100,3.564393,-0.077624
2.687100,2.686754,-0.002295
2.687100,2.928409,0.029957
2.687100,11.114412,0.048702
2.687100,3.161650,-0.050438
2.687100,2.686398,0.000539
2.687100,3.310878,0.061597
2.687100,9.896356,-0.083390
2.687100,2.866508,-0.023776
2.687100,2.692596,0.003443
2.687100,3.828661,0.090994
2.687100,6.954372,-0.126350
2.687100,2.775050,-0.013787
2.687100,2.735352,0.009060
2.687100,5.453401,0.127653
2.687100,4.454801,-0.112544
2.687100,2.708472,-0.005788
2.687100,2.800495,0.016754
2.687100,7.886749,0.117369
2.687100,3.613681,-0.080356
2.687100,2.687427,-0.002561
2.687100,2.903308,0.027501
2.687100,10.705562,0.062573
2.687100,3.212974,-0.054436
2.687100,2.686072,0.000128
2.687100,3.248455,0.057100
2.687100,10.410884,-0.070901
2.687100,2.888536,-0.026025
2.687100,2.688722,0.002824
2.687100,3.673181,0.083501
2.687100,7.594748,-0.120687
2.687100,2.792325,-0.015820
2.687100,2.715436,0.006654
2.687100,4.711981,0.118265
2.687100,5.101712,-0.124342
2.687100,2.725961,-0.007930
2.687100,2.783262,0.014756
2.687100,7.261060,0.123931
2.687100,3.749296,-0.087294
2.687100,2.690672,-0.003122
2.687100,2.879248,0.025079
2.687100,10.204255,0.076182
2.687100,3.273313,-0.058917
2.687100,2.686399,-0.000269
2.687100,3.198875,0.053353
2.687100,10.821089,-0.058984
2.687100,2.909754,-0.028134
2.687100,2.687686,0.002544
2.687100,3.615527,0.080454
2.687100,7.877328,-0.117482
2.687100,2.800278,-0.016718
2.687100,2.710051,0.005973
2.687100,4.510986,0.113925
2.687100,5.368113,-0.127015
2.687100,2.733129,-0.008782
2.687100,2.778443,0.014175
2.687100,7.079424,0.125432
2.687100,3.795092,-0.089459
2.687100,2.691971,-0.003286
2.687100,2.877772,0.024921
2.687100,10.169086,0.077042
2.687100,3.277583,-0.059223
2.687100,2.686803,-0.000252
2.687100,3.207728,0.054030
2.687100,10.748979,-0.061248
2.687100,2.905735,-0.027730
2.687100,2.688834,0.002709
2.687100,3.658525,0.082737
2.687100,7.664160,-0.119936
2.687100,2.794355,-0.016030
2.687100,2.716665,0.006781
2.687100,4.753571,0.119052
2.687100,5.053106,-0.123733
2.687100,2.724745,-0.007762
2.687100,2.787075,0.015180
2.687100,7.398148,0.122671
2.687100,3.716899,-0.085707
2.687100,2.690270,-0.002945
2.687100,2.896611,0.026817
2.687100,10.575118,0.066390
2.687100,3.228785,-0.055625
2.687100,2.687070,0.000131
2.687100,3.265136,0.058318
2.687100,10.272421,-0.074482
2.687100,2.882314,-0.025377
2.687100,2.692025,0.003258
2.687100,3.792002,0.089314
2.687100,7.091314,-0.125340
2.687100,2.778799,-0.014209
2.687100,2.733860,0.008863
2.687100,5.394346,0.127222
2.687100,4.493341,-0.113499
2.687100,2.709622,-0.005907
2.687100,2.802388,0.016948
2.687100,7.950104,0.116592
2.687100,3.601552,-0.079691
2.687100,2.687595,-0.002457
2.687100,2.919997,0.029135
2.687100,10.989591,0.053318
2.687100,3.177831,-0.051714
2.687100,2.686651,0.000451
2.687100,3.302769,0.061023
2.687100,9.962252,-0.081906
2.687100,2.869165,-0.024043
2.687100,2.692901,0.003459
2.687100,3.836182,0.091330
2.687100,6.927308,-0.126535
2.687100,2.774370,-0.013697
2.687100,2.737316,0.009288
2.687100,5.525996,0.128120
2.687100,4.409645,-0.111376
2.687100,2.707313,-0.005627
2.687100,2.804174,0.017157
2.687100,8.013756,0.115794
2.687100,3.589569,-0.079033
2.687100,2.687198,-0.002420
2.687100,2.918732,0.029015
2.687100,10.970064,0.054005
2.687100,3.180298,-0.051909
2.687100,2.686414,0.000405
2.687100,3.292517,0.060297
2.687100,10.045905,-0.079978
2.687100,2.872547,-0.024395
2.687100,2.691673,0.003290
2.687100,3.790617,0.089252
2.687100,7.096529,-0.125300
2.687100,2.778843,-0.014236
2.687100,2.730972,0.008534
2.687100,5.289043,0.126333
2.687100,4.566337,-0.115212
2.687100,2.711481,-0.006168
2.687100,2.796319,0.016281
2.687100,7.738932,0.119102
2.687100,3.643054,-0.081929
2.687100,2.687994,-0.002699
2.687100,2.893703,0.026546
2.687100,10.518723,0.067975
2.687100,3.235509,-0.056138
2.687100,2.685979,-0.000046
2.687100,3.222869,0.055188
2.687100,10.623755,-0.064994
2.687100,2.898990,-0.027074
2.687100,2.687546,0.002607
2.687100,3.622290,0.080821
2.687100,7.842649,-0.117897
2.687100,2.799234,-0.016614
2.687100,2.709068,0.005867
2.687100,4.477372,0.113109
2.687100,5.418487,-0.127404
2.687100,2.734416,-0.008949
2.687100,2.775645,0.013859
2.687100,6.977012,0.126191
2.687100,3.822444,-0.090713
2.687100,2.692419,-0.003421
2.687100,2.866661,0.023793
2.687100,9.900369,0.083300
2.687100,3.310379,-0.061562
2.687100,2.686348,-0.000541
2.687100,3.160512,0.050348
2.687100,11.122987,-0.048369
2.687100,2.929018,-0.030017
2.687100,2.686641,0.002278
2.687100,3.559958,0.077373
2.687100,8.176833,-0.113659
2.687100,2.808894,-0.017686
2.687100,2.704101,0.005218
2.687100,4.291221,0.108060
2.687100,5.735592,-0.129098
2.687100,2.742829,-0.009957
2.687100,2.768097,0.012965
2.687100,6.692730,0.127939
2.687100,3.905204,-0.094328
2.687100,2.694402,-0.003755
2.687100,2.853060,0.022387
2.687100,9.541110,0.090904
2.687100,3.355781,-0.064692
2.687100,2.686201,-0.000884
2.687100,3.111173,0.046339
2.687100,11.460702,-0.032689
2.687100,2.958592,-0.032843
2.687100,2.685858,0.001966
2.687100,3.502552,0.074030
2.687100,8.517020,-0.108808
2.687100,2.819057,-0.018803
2.687100,2.699211,0.004572
2.687100,4.108994,0.102177
2.687100,6.125054,-0.129629
2.687100,2.753025,-0.011194
2.687100,2.755797,0.011524
2.687100,6.230235,0.129518
2.687100,4.066499,-0.100657
2.687100,2.698133,-0.004412
2.687100,2.823625,0.019294
2.687100,8.664503,0.106538
2.687100,3.479270,-0.072626
2.687100,2.685755,-0.001814
2.687100,2.977538,0.034615
2.687100,11.603190,0.023116
2.687100,3.084355,-0.044089
2.687100,2.686133,0.001072
2.687100,3.381042,0.066383
2.687100,9.349175,-0.094659
2.687100,2.846234,-0.021674
2.687100,2.695510,0.003936
2.687100,3.950782,0.096209
2.687100,6.550826,-0.128601
2.687100,2.764349,-0.012520
2.687100,2.746996,0.010454
2.687100,5.893082,0.129501
2.687100,4.212317,-0.105634
2.687100,2.702047,-0.004933
2.687100,2.815073,0.018359
2.687100,8.383988,0.110768
2.687100,3.524368,-0.075318
2.687100,2.686337,-0.002063
2.687100,2.953059,0.032317
2.687100,11.408410,0.035566
2.687100,3.119692,-0.047041
2.687100,2.686486,0.000855
2.687100,3.356454,0.064735
2.687100,9.536047,-0.091006
2.687100,2.852914,-0.022364
2.687100,2.695407,0.003874
2.687100,3.939902,0.095765
2.687100,6.583880,-0.128459
2.687100,2.765282,-0.012617
2.687100,2.747792,0.010536
2.687100,5.921138,0.129544
2.687100,4.199068,-0.105208
2.687100,2.701812,-0.004872
2.687100,2.819528,0.018833
2.687100,8.529100,0.108625
2.687100,3.500649,-0.073912
2.687100,2.686400,-0.001889
2.687100,2.977666,0.034622
2.687100,11.603785,0.023067
2.687100,3.084245,-0.044076
2.687100,2.686622,0.001130
2.687100,3.397305,0.067448
2.687100,9.229164,-0.096906
2.687100,2.842169,-0.021232
2.687100,2.698202,0.004281
2.687100,4.048221,0.099981
2.687100,6.277575,-0.129435
2.687100,2.757274,-0.011648
2.687100,2.758403,0.011782
2.687100,6.320384,0.129344
2.687100,4.032034,-0.099376
2.687100,2.697811,-0.004218
2.687100,2.844545,0.021482
2.687100,9.298328,0.095620
2.687100,3.387907,-0.066832
2.687100,2.686659,-0.001059
2.687100,3.094555,0.044947
2.687100,11.553517,-0.026840
2.687100,2.970105,-0.033918
2.687100,2.686463,0.001952
2.687100,3.510653,0.074508
2.687100,8.467240,-0.109550
2.687100,2.817637,-0.018628
2.687100,2.702386,0.004953
2.687100,4.221250,0.105917
2.687100,5.874483,-0.129467
2.687100,2.746561,-0.010389
2.687100,2.766484,0.012759
2.687100,6.629269,0.128253
2.687100,3.925221,-0.095162
2.687100,2.695063,-0.003814
2.687100,2.855509,0.022633
2.687100,9.607033,0.089567
2.687100,3.347300,-0.064114
2.687100,2.686538,-0.000784
2.687100,3.130351,0.047914
2.687100,11.338923,-0.039066
2.687100,2.946389,-0.031683
2.687100,2.686519,0.002134
2.687100,3.537501,0.076083
2.687100,8.306141,-0.111878
2.687100,2.812750,-0.018104
2.687100,2.703214,0.005086
2.687100,4.255740,0.106991
2.687100,5.804495,-0.129307
2.687100,2.744675,-0.010172
2.687100,2.767128,0.012844
2.687100,6.655133,0.128129
2.687100,3.916987,-0.094821
2.687100,2.694758,-0.003794
2.687100,2.853457,0.022425
2.687100,9.551611,0.090693
2.687100,3.354429,-0.064600
2.687100,2.686327,-0.000859
2.687100,3.116580,0.046785
2.687100,11.427841,-0.034525
2.687100,2.955051,-0.032507
2.687100,2.686074,0.002018
2.687100,3.513492,0.074679
2.687100,8.449702,-0.109810
2.687100,2.817028,-0.018578
2.687100,2.700508,0.004739
2.687100,4.156396,0.103804
2.687100,6.014692,-0.129634
2.687100,2.750155,-0.010843
2.687100,2.759826,0.011994
2.687100,6.381482,0.129190
2.687100,4.009506,-0.098524
2.687100,2.696809,-0.004182
2.687100,2.833652,0.020356
2.687100,8.977378,0.101390
2.687100,3.432577,-0.069723
2.687100,2.685835,-0.001474
2.687100,3.024879,0.038919
2.687100,11.745877,0.000984
2.687100,3.029383,-0.039319
2.687100,2.685857,0.001443
2.687100,3.428639,0.069473
2.687100,9.004817,-0.100916
2.687100,2.834555,-0.020451
2.687100,2.696733,0.004167
2.687100,4.005871,0.098384
2.687100,6.391552,-0.129161
2.687100,2.760097,-0.012025
2.687100,2.750040,0.010828
2.687100,6.010113,0.129632
2.687100,4.158430,-0.103872
2.687100,2.700570,-0.004745
2.687100,2.817168,0.018593
2.687100,8.454176,0.109744
2.687100,3.512761,-0.074636
2.687100,2.686089,-0.002011
2.687100,2.956238,0.032619
2.687100,11.439043,0.033910
2.687100,3.114762,-0.046635
2.687100,2.686345,0.000875
2.687100,3.356850,0.064763
2.687100,9.532933,-0.091068
2.687100,2.852783,-0.022354
2.687100,2.694950,0.003821
2.687100,3.924313,0.095125
2.687100,6.632080,-0.128240
2.687100,2.766525,-0.012771
2.687100,2.745509,0.010271
2.687100,5.835823,0.129385
2.687100,4.240112,-0.106509
2.687100,2.702817,-0.005028
2.687100,2.814284,0.018270
2.687100,8.357172,0.111153
2.687100,3.528864,-0.075581
2.687100,2.686470,-0.002079
2.687100,2.953025,0.032313
2.687100,11.408017,0.035587
2.687100,3.119758,-0.047045
2.687100,2.686572,0.000865
2.687100,3.359232,0.064922
2.687100,9.514707,-0.091432
2.687100,2.852155,-0.022282
2.687100,2.695861,0.003933
2.687100,3.956335,0.096431
2.687100,6.534256,-0.128667
2.687100,2.763994,-0.012459
2.687100,2.749861,0.010778
2.687100,5.998655,0.129624
2.687100,4.163572,-0.104042
2.687100,2.700950,-0.004735
2.687100,2.824347,0.019348
2.687100,8.684042,0.106229
2.687100,3.476292,-0.072440
2.687100,2.686386,-0.001719
2.687100,3.000476,0.036717
2.687100,11.707043,0.012080
2.687100,3.055892,-0.041642
2.687100,2.686551,0.001330
2.687100,3.424204,0.069185
2.687100,9.036208,-0.100369
2.687100,2.835695,-0.020550
2.687100,2.699360,0.004465
2.687100,4.095551,0.101698
2.687100,6.157812,-0.129603
2.687100,2.754114,-0.011272
2.687100,2.761510,0.012151
2.687100,6.438084,0.129017
2.687100,3.989361,-0.097740
2.687100,2.696789,-0.004049
2.687100,2.851191,0.022176
2.687100,9.487108,0.091980
2.687100,3.362843,-0.065164
2.687100,2.686780,-0.000866
2.687100,3.122932,0.047305
2.687100,11.387810,-0.036638
2.687100,2.951026,-0.032121
2.687100,2.686822,0.002136
2.687100,3.542755,0.076385
2.687100,8.275567,-0.112305
2.687100,2.811888,-0.017999
2.687100,2.704904,0.005289
2.687100,4.315987,0.108784
2.687100,5.689301,-0.128926
2.687100,2.741692,-0.009801
2.687100,2.771817,0.013384
2.687100,6.829327,0.127166
2.687100,3.864144,-0.092565
2.687100,2.693715,-0.003555
2.687100,2.869060,0.024026
2.687100,9.958866,0.081983
2.687100,3.303200,-0.061052
2.687100,2.686921,-0.000422
2.687100,3.186171,0.052364
2.687100,10.923631,-0.055604
2.687100,2.915880,-0.028728
2.687100,2.688361,0.002578
2.687100,3.631738,0.081323
2.687100,7.795241,-0.118453
2.687100,2.798040,-0.016447
2.687100,2.714092,0.006456
2.687100,4.657281,0.117172
2.687100,5.168847,-0.125117
2.687100,2.727876,-0.008134
2.687100,2.785171,0.014949
2.687100,7.326640,0.123341
2.687100,3.733610,-0.086529
2.687100,2.690793,-0.003000
2.687100,2.897574,0.026909
2.687100,10.593655,0.065861
2.687100,3.226567,-0.055456
2.687100,2.687340,0.000179
2.687100,3.276192,0.059118
2.687100,10.180835,-0.076755
2.687100,2.878335,-0.024967
2.687100,2.693345,0.003443
2.687100,3.841331,0.091558
2.687100,6.909041,-0.126657
2.687100,2.773989,-0.013629
2.687100,2.740846,0.009689
2.687100,5.655652,0.128786
2.687100,4.334464,-0.109313
2.687100,2.705467,-0.005346
2.687100,2.813027,0.018116
2.687100,8.312571,0.111786
2.687100,3.536437,-0.076018
2.687100,2.686949,-0.002076
2.687100,2.961058,0.033067
2.687100,11.481933,0.031445
2.687100,3.107600,-0.046036
2.687100,2.686956,0.000999
2.687100,3.384325,0.066593
2.687100,9.325057,-0.095116
2.687100,2.845510,-0.021575
2.687100,2.698696,0.004314
2.687100,4.061593,0.100472
2.687100,6.242987,-0.129496
2.687100,2.756435,-0.011531
2.687100,2.761465,0.012129
2.687100,6.433526,0.129031
2.687100,3.990987,-0.097802
2.687100,2.697016,-0.004033
2.687100,2.856824,0.022753
2.687100,9.640386,0.088880
2.687100,3.343070,-0.063820
2.687100,2.687208,-0.000675
2.687100,3.156112,0.049990
2.687100,11.156252,-0.047053
2.687100,2.931505,-0.030245
2.687100,2.688091,0.002430
2.687100,3.606012,0.079932
2.687100,7.926876,-0.116878
2.687100,2.801817,-0.016864
2.687100,2.712617,0.006258
2.687100,4.600321,0.115965
2.687100,5.242828,-0.125891
2.687100,2.729904,-0.008367
2.687100,2.784919,0.014906
2.687100,7.315123,0.123445
2.687100,3.736362,-0.086661
2.687100,2.691073,-0.002986
2.687100,2.903842,0.027526
2.687100,10.712702,0.062355
2.687100,3.212192,-0.054363
2.687100,2.687754,0.000332
2.687100,3.304197,0.061116
2.687100,9.951141,-0.082157
2.687100,2.868845,-0.023985
2.687100,2.696213,0.003849
2.687100,3.950059,0.096174
2.687100,6.553233,-0.128588
2.687100,2.764686,-0.012497
2.687100,2.754827,0.011328
2.687100,6.179990,0.129581
2.687100,4.086583,-0.101376
2.687100,2.699422,-0.004398
2.687100,2.845667,0.021585
2.687100,9.328768,0.095045
2.687100,3.383839,-0.066559
2.687100,2.687162,-0.000971
2.687100,3.114714,0.046624
2.687100,11.439560,-0.033880
2.687100,2.956348,-0.032620
2.687100,2.687320,0.002155
2.687100,3.553808,0.077016
2.687100,8.212056,-0.113180
2.687100,2.810082,-0.017785
2.687100,2.707772,0.005635
2.687100,4.419047,0.111622
2.687100,5.510629,-0.128025
2.687100,2.737044,-0.009223
2.687100,2.778776,0.014182
2.687100,7.086430,0.125377
2.687100,3.793306,-0.089372
2.687100,2.692409,-0.003222
2.687100,2.893170,0.026459
2.687100,10.504264,0.068372
2.687100,3.237340,-0.056260
2.687100,2.687809,0.000156
2.687100,3.280661,0.059437
2.687100,10.144105,-0.077646
2.687100,2.876813,-0.024802
2.687100,2.694877,0.003634
2.687100,3.895450,0.093909
2.687100,6.724615,-0.127769
2.687100,2.769191,-0.013038
2.687100,2.749069,0.010650
2.687100,5.963121,0.129594
2.687100,4.179680,-0.104573
2.687100,2.701649,-0.004762
2.687100,2.831678,0.020112
2.687100,8.911622,0.102509
2.687100,3.442181,-0.070321
2.687100,2.686882,-0.001419
2.687100,3.049123,0.041050
2.687100,11.722872,-0.009314
2.687100,3.006440,-0.037255
2.687100,2.686790,0.001722
2.687100,3.483532,0.072877
2.687100,8.637523,-0.106959
2.687100,2.822960,-0.019185
2.687100,2.703100,0.004996
2.687100,4.240186,0.106509
2.687100,5.835753,-0.129384
2.687100,2.745660,-0.010254
2.687100,2.771020,0.013266
2.687100,6.795377,0.127369
2.687100,3.874146,-0.092997
2.687100,2.694254,-0.003561
2.687100,2.876759,0.024801
2.687100,10.143430,0.077663
2.687100,3.280730,-0.059444
2.687100,2.687578,-0.000184
2.687100,3.229789,0.055697
2.687100,10.566994,-0.066620
2.687100,2.896250,-0.026772
2.687100,2.691492,0.003092
2.687100,3.758775,0.087745
2.687100,7.222548,-0.124264
2.687100,2.782393,-0.014616
2.687100,2.731909,0.008614
2.687100,5.318855,0.126600
2.687100,4.545107,-0.114726
2.687100,2.711098,-0.006074
2.687100,2.802885,0.016990
2.687100,7.965219,0.116404
2.687100,3.598710,-0.079533
2.687100,2.687838,-0.002408
2.687100,2.930371,0.030138
2.687100,11.140974,0.047662
2.687100,3.158151,-0.050154
2.687100,2.687040,0.000640
2.687100,3.335479,0.063301
2.687100,9.700005,-0.087638
2.687100,2.859026,-0.022986
2.687100,2.696000,0.003898
2.687100,3.953530,0.096316
2.687100,6.542709,-0.128633
2.687100,2.764296,-0.012477
2.687100,2.751887,0.011002
2.687100,6.072641,0.129644
2.687100,4.131190,-0.102944
2.687100,2.700288,-0.004596
2.687100,2.832657,0.020225
2.687100,8.943118,0.101975
2.687100,3.437578,-0.070034
2.687100,2.686614,-0.001418
2.687100,3.044984,0.040690
2.687100,11.730619,-0.007607
2.687100,3.010145,-0.037592
2.687100,2.686512,0.001662
2.687100,3.470411,0.072078
2.687100,8.722433,-0.105618
2.687100,2.825576,-0.019475
2.687100,2.701304,0.004767
2.687100,4.174538,0.104405
2.687100,5.974348,-0.129605
2.687100,2.749257,-0.010697
2.687100,2.765725,0.012655
2.687100,6.598171,0.128395
2.687100,3.935263,-0.095574
2.687100,2.695471,-0.003835
2.687100,2.859119,0.023000
2.687100,9.703016,0.087575
2.687100,3.335089,-0.063275
2.687100,2.686882,-0.000656
2.687100,3.153450,0.049779
2.687100,11.175864,-0.046261
2.687100,2.932945,-0.030389
2.687100,2.687458,0.002345
2.687100,3.583197,0.078676
2.687100,8.048323,-0.115351
2.687100,2.805249,-0.017260
2.687100,2.708836,0.005795
2.687100,4.462187,0.112729
2.687100,5.441923,-0.127572
2.687100,2.735160,-0.009011
2.687100,2.778684,0.014186
2.687100,7.085520,0.125384
2.687100,3.793523,-0.089384
2.687100,2.692192,-0.003249
2.687100,2.886142,0.025759
2.687100,10.356571,0.072327
2.687100,3.255039,-0.057576
2.687100,2.687342,-0.000026
2.687100,3.247717,0.057036
2.687100,10.417591,-0.070721
2.687100,2.888976,-0.026045
2.687100,2.691814,0.003184
2.687100,3.777590,0.088639
2.687100,7.147383,-0.124893
2.687100,2.780340,-0.014382
2.687100,2.733233,0.008780
2.687100,5.369581,0.127026
2.687100,4.510005,-0.113901
2.687100,2.710115,-0.005959
2.687100,2.803082,0.017019
2.687100,7.973163,0.116305
2.687100,3.597200,-0.079451
2.687100,2.687674,-0.002417
2.687100,2.926592,0.029774
2.687100,11.088068,0.049711
2.687100,3.165138,-0.050711
2.687100,2.686860,0.000568
2.687100,3.322487,0.062404
2.687100,9.803194,-0.085436
2.687100,2.862928,-0.023395
2.687100,2.694653,0.003711
2.687100,3.902985,0.094232
2.687100,6.699987,-0.127901
2.687100,2.768397,-0.012976
2.687100,2.745729,0.010281
2.687100,5.841552,0.129398
2.687100,4.237305,-0.106420
2.687100,2.702870,-0.005004
2.687100,2.818413,0.018707
2.687100,8.491809,0.109184
2.687100,3.506670,-0.074270
2.687100,2.686582,-0.001910
2.687100,2.977688,0.034622
2.687100,11.603868,0.023060
2.687100,3.084233,-0.044074
2.687100,2.686760,0.001147
2.687100,3.401857,0.067743
2.687100,9.196050,-0.097514
2.687100,2.841065,-0.021112
2.687100,2.698981,0.004380
2.687100,4.076419,0.101012
2.687100,6.205307,-0.129551
2.687100,2.755408,-0.011417
2.687100,2.761479,0.012138
2.687100,6.435307,0.129026
2.687100,3.990350,-0.097777
2.687100,2.696917,-0.004040
2.687100,2.854304,0.022495
2.687100,9.572426,0.090271
2.687100,3.351780,-0.064415
2.687100,2.687014,-0.000760
2.687100,3.141308,0.048801
2.687100,11.263601,-0.042539
2.687100,2.939882,-0.031054
2.687100,2.687456,0.002293
2.687100,3.575784,0.078261
2.687100,8.088873,-0.114825
2.687100,2.806447,-0.017389
2.687100,2.708790,0.005780
2.687100,4.459175,0.112653
2.687100,5.446619,-0.127605
2.687100,2.735308,-0.009023
2.687100,2.779273,0.014250
2.687100,7.106503,0.125220
2.687100,3.788081,-0.089130
2.687100,2.692157,-0.003216
2.687100,2.890068,0.026152
2.687100,10.440309,0.070113
2.687100,3.245002,-0.056833
2.687100,2.687539,0.000069
2.687100,3.264178,0.058244
2.687100,10.280590,-0.074275
2.687100,2.882726,-0.025409
2.687100,2.693191,0.003392
2.687100,3.831298,0.091108
2.687100,6.945011,-0.126413
2.687100,2.774971,-0.013739
2.687100,2.740492,0.009642
2.687100,5.641455,0.128723
2.687100,4.342385,-0.109537
2.687100,2.705710,-0.005370
2.687100,2.813605,0.018175
2.687100,8.331325,0.111521
2.687100,3.533259,-0.075833
2.687100,2.687008,-0.002047
2.687100,2.965954,0.033526
2.687100,11.522119,0.028949
2.687100,3.100477,-0.045441
2.687100,2.687031,0.001060
2.687100,3.394108,0.067236
2.687100,9.252770,-0.096469
2.687100,2.843033,-0.021312
2.687100,2.699560,0.004433
2.687100,4.094309,0.101652
2.687100,6.160924,-0.129600
2.687100,2.754302,-0.011270
2.687100,2.764517,0.012483
2.687100,6.547730,0.128611
2.687100,3.951881,-0.096248
2.687100,2.696193,-0.003864
2.687100,2.866571,0.023754
2.687100,9.894406,0.083432
2.687100,3.311187,-0.061609
2.687100,2.687595,-0.000401
2.687100,3.200108,0.053439
2.687100,10.811547,-0.059287
2.687100,2.909311,-0.028070
2.687100,2.690225,0.002846
2.687100,3.701732,0.084947
2.687100,7.464929,-0.122019
2.687100,2.788976,-0.015384
2.687100,2.725074,0.007785
2.687100,5.062709,0.123855
2.687100,4.745240,-0.118896
2.687100,2.716519,-0.006744
2.687100,2.797005,0.016317
2.687100,7.756415,0.118901
2.687100,3.639568,-0.081738
2.687100,2.688754,-0.002586
2.687100,2.920962,0.029220
2.687100,11.003740,0.052814
2.687100,3.176058,-0.051570
2.687100,2.687279,0.000538
2.687100,3.325168,0.062587
2.687100,9.781963,-0.085894
2.687100,2.862163,-0.023306
2.687100,2.696117,0.003888
2.687100,3.954124,0.096339
2.687100,6.540963,-0.128639
2.687100,2.764289,-0.012467
2.687100,2.753080,0.011136
2.687100,6.116419,0.129631
2.687100,4.112669,-0.102301
2.687100,2.699909,-0.004516
2.687100,2.837436,0.020727
2.687100,9.087735,0.099462
2.687100,3.416931,-0.068718
2.687100,2.686783,-0.001251
2.687100,3.070361,0.042890
2.687100,11.661340,-0.017796
2.687100,2.988463,-0.035617
2.687100,2.686617,0.001834
2.687100,3.496543,0.073664
2.687100,8.554885,-0.108233
2.687100,2.820363,-0.018914
2.687100,2.702735,0.004973
2.687100,4.230374,0.106203
2.687100,5.855707,-0.129429
2.687100,2.746126,-0.010323
2.687100,2.768740,0.013011
2.687100,6.711977,0.127837
2.687100,3.899294,-0.094075
2.687100,2.694640,-0.003687
2.687100,2.865871,0.023695
2.687100,9.878291,0.083790
2.687100,3.313151,-0.061751
2.687100,2.687037,-0.000480
2.687100,3.180072,0.051887
2.687100,10.972086,-0.053934
2.687100,2.918911,-0.029023
2.687100,2.688405,0.002560
2.687100,3.629992,0.081229
2.687100,7.804022,-0.118351
2.687100,2.798305,-0.016473
2.687100,2.714398,0.006490
2.687100,4.667899,0.117389
2.687100,5.155535,-0.124969
2.687100,2.727536,-0.008089
2.687100,2.785963,0.015038
2.687100,7.355185,0.123076
2.687100,3.726894,-0.086199
2.687100,2.690703,-0.002964
2.687100,2.900970,0.027245
2.687100,10.659226,0.063954
2.687100,3.218659,-0.054858
2.687100,2.687457,0.000250
2.687100,3.287949,0.059963
2.687100,10.083887,-0.079085
2.687100,2.874239,-0.024546
2.687100,2.694349,0.003591
2.687100,3.880178,0.093258
2.687100,6.775080,-0.127488
2.687100,2.770467,-0.013204
2.687100,2.745829,0.010277
2.687100,5.842653,0.129400
2.687100,4.236781,-0.106403
2.687100,2.702988,-0.004986
2.687100,2.822525,0.019140
2.687100,8.623799,0.107173
2.687100,3.485673,-0.073008
2.687100,2.686749,-0.001742
2.687100,3.003081,0.036951
2.687100,11.714463,0.010870
2.687100,3.052923,-0.041382
2.687100,2.686858,0.001388
2.687100,3.437427,0.070022
2.687100,8.944269,-0.101955
2.687100,2.832733,-0.020225
2.687100,2.701302,0.004714
2.687100,4.166398,0.104134
2.687100,5.992432,-0.129619
2.687100,2.749836,-0.010743
2.687100,2.768250,0.012929
2.687100,6.689436,0.127954
2.687100,3.906295,-0.094368
2.687100,2.695101,-0.003681
2.687100,2.873921,0.024508
2.687100,10.075622,0.079279
2.687100,3.288968,-0.060034
2.687100,2.687704,-0.000228
2.687100,3.225666,0.055385
2.687100,10.601293,-0.065641
2.687100,2.897997,-0.026944
2.687100,2.691583,0.003089
2.687100,3.759959,0.087801
2.687100,7.217775,-0.124305
2.687100,2.782283,-0.014599
2.687100,2.732565,0.008689
2.687100,5.342869,0.126806
2.687100,4.528330,-0.114335
2.687100,2.710668,-0.006015
2.687100,2.804192,0.017133
2.687100,8.010248,0.115837
2.687100,3.590264,-0.079067
2.687100,2.687767,-0.002358
2.687100,2.936076,0.030687
2.687100,11.216322,0.044583
2.687100,3.147927,-0.049334
2.687100,2.687124,0.000724
2.687100,3.348650,0.064201
2.687100,9.596791,-0.089776
2.687100,2.855208,-0.022587
2.687100,2.697090,0.004054
2.687100,3.995325,0.097971
2.687100,6.421247,-0.129070
2.687100,2.761130,-0.012091
2.687100,2.756438,0.011534
2.687100,6.243511,0.129495
2.687100,4.061386,-0.100465
2.687100,2.698666,-0.004316
2.687100,2.844758,0.021497
2.687100,9.303530,0.095522
2.687100,3.387220,-0.066784
2.687100,2.686901,-0.001026
2.687100,3.103007,0.045653
2.687100,11.508099,-0.029844
2.687100,2.964187,-0.033361
2.687100,2.686839,0.002040
2.687100,3.529443,0.075611
2.687100,8.353883,-0.111200
2.687100,2.814255,-0.018252
2.687100,2.704742,0.005252
2.687100,4.307611,0.108540
2.687100,5.704831,-0.128986
2.687100,2.742137,-0.009846
2.687100,2.772447,0.013450
2.687100,6.851595,0.127028
2.687100,3.857696,-0.092282
2.687100,2.693680,-0.003515
2.687100,2.873852,0.024512
2.687100,10.075307,0.079287
2.687100,3.288978,-0.060039
2.687100,2.687196,-0.000288
2.687100,3.209158,0.054136
2.687100,10.737410,-0.061603
2.687100,2.905135,-0.027664
2.687100,2.689734,0.002819
2.687100,3.689577,0.084334
2.687100,7.519501,-0.121470
2.687100,2.790414,-0.015563
2.687100,2.721965,0.007419
2.687100,4.948710,0.122289
2.687100,4.848924,-0.120725
2.687100,2.719274,-0.007092
2.687100,2.792856,0.015848
2.687100,7.608514,0.120539
2.687100,3.670287,-0.083347
2.687100,2.689263,-0.002740
2.687100,2.908277,0.027976
2.687100,10.794094,0.059841
2.687100,3.202226,-0.053605
2.687100,2.687098,0.000327
2.687100,3.292783,0.060311
2.687100,10.044033,-0.080021
2.687100,2.872546,-0.024380
2.687100,2.693626,0.003519
2.687100,3.857257,0.092263
2.687100,6.853102,-0.127019
2.687100,2.772472,-0.013456
2.687100,2.741670,0.009794
2.687100,5.687695,0.128920
2.687100,4.316864,-0.108809
2.687100,2.704962,-0.005288
2.687100,2.812917,0.018108
2.687100,8.309549,0.111829
2.687100,3.536944,-0.076048
2.687100,2.686852,-0.002091
2.687100,2.957481,0.032731
2.687100,11.450234,0.033284
2.687100,3.112945,-0.046480
2.687100,2.686861,0.000949
2.687100,3.375730,0.066024
2.687100,9.389346,-0.093889
2.687100,2.847738,-0.021812
2.687100,2.697840,0.004197
2.687100,4.029487,0.099279
2.687100,6.327236,-0.129328
2.687100,2.758622,-0.011799
2.687100,2.758199,0.011749
2.687100,6.311209,0.129365
2.687100,4.035482,-0.099505
2.687100,2.697983,-0.004221
2.687100,2.846816,0.021715
2.687100,9.363074,0.094393
2.687100,3.379227,-0.066257
2.687100,2.686843,-0.000976
2.687100,3.108960,0.046150
2.687100,11.473966,-0.031917
2.687100,2.960132,-0.032981
2.687100,2.686795,0.002065
2.687100,3.532243,0.075775
2.687100,8.337250,-0.111437
2.687100,2.813743,-0.018199
2.687100,2.704571,0.005236
2.687100,4.302211,0.108383
2.687100,5.714909,-0.129024
2.687100,2.742387,-0.009880
2.687100,2.771702,0.013366
2.687100,6.824280,0.127197
2.687100,3.865622,-0.092629
2.687100,2.693807,-0.003555
2.687100,2.870564,0.024178
2.687100,9.995753,0.081140
2.687100,3.298681,-0.060731
2.687100,2.687043,-0.000376
2.687100,3.194574,0.053016
2.687100,10.856198,-0.057848
2.687100,2.911847,-0.028329
2.687100,2.688877,0.002668
2.687100,3.653439,0.082470
2.687100,7.688650,-0.119665
2.687100,2.795073,-0.016104
2.687100,2.717076,0.006822
2.687100,4.767436,0.119306
2.687100,5.037336,-0.123527
2.687100,2.724353,-0.007707
2.687100,2.788410,0.015328
2.687100,7.445852,0.122208
2.687100,3.706019,-0.085163
2.687100,2.690151,-0.002884
2.687100,2.902971,0.027447
2.687100,10.697253,0.062822
2.687100,3.214045,-0.054508
2.687100,2.687296,0.000264
2.687100,3.287351,0.059921
2.687100,10.088729,-0.078970
2.687100,2.874423,-0.024568
2.687100,2.693867,0.003533
2.687100,3.863465,0.092534
2.687100,6.831712,-0.127151
2.687100,2.771937,-0.013385
2.687100,2.743231,0.009974
2.687100,5.745567,0.129131
2.687100,4.286021,-0.107904
2.687100,2.704206,-0.005172
2.687100,2.816715,0.018517
2.687100,8.435057,0.110024
2.687100,3.515945,-0.074819
2.687100,2.686798,-0.001950
2.687100,2.975743,0.034440
2.687100,11.591681,0.024029
2.687100,3.086857,-0.044295
2.687100,2.686920,0.001146
2.687100,3.404449,0.067911
2.687100,9.177329,-0.097854
2.687100,2.840456,-0.021043
2.687100,2.699745,0.004474
2.687100,4.103606,0.101982
2.687100,6.138251,-0.129618
2.687100,2.753684,-0.011201
2.687100,2.764533,0.012489
2.687100,6.549079,0.128606
2.687100,3.951427,-0.096230
2.687100,2.696130,-0.003868
2.687100,2.865006,0.023596
2.687100,9.854899,0.084306
2.687100,3.316078,-0.061952
2.687100,2.687470,-0.000450
2.687100,3.191222,0.052753
2.687100,10.883380,-0.056953
2.687100,2.913491,-0.028485
2.687100,2.689632,0.002745
2.687100,3.677172,0.083699
2.687100,7.576491,-0.120878
2.687100,2.792026,-0.015740
2.687100,2.721643,0.007370
2.687100,4.935160,0.122087
2.687100,4.861962,-0.120940
2.687100,2.719669,-0.007130
2.687100,2.793856,0.015953
2.687100,7.642973,0.120167
2.687100,3.663000,-0.082968
2.687100,2.689293,-0.002686
2.687100,2.916043,0.028737
2.687100,10.925658,0.055534
2.687100,3.185940,-0.052342
2.687100,2.687394,0.000480
2.687100,3.318908,0.062151
2.687100,9.832116,-0.084806
2.687100,2.864110,-0.023505
2.687100,2.696076,0.003869
2.687100,3.950552,0.096195
2.687100,6.551700,-0.128595
2.687100,2.764589,-0.012499
2.687100,2.753240,0.011151
2.687100,6.121892,0.129628
2.687100,4.110389,-0.102221
2.687100,2.699885,-0.004503
2.687100,2.838730,0.020862
2.687100,9.126245,0.098776
2.687100,3.411539,-0.068370
2.687100,2.686852,-0.001205
2.687100,3.077808,0.043527
2.687100,11.632039,-0.020647
2.687100,2.982598,-0.035076
2.687100,2.686699,0.001887
2.687100,3.505425,0.074195
2.687100,8.499552,-0.109068
2.687100,2.818672,-0.018730
2.687100,2.703411,0.005064
2.687100,4.255936,0.106995
2.687100,5.804159,-0.129306
2.687100,2.744772,-0.010160
2.687100,2.770268,0.013190
2.687100,6.769205,0.127522
2.687100,3.881924,-0.093334
2.687100,2.694266,-0.003613
2.687100,2.870021,0.024120
2.687100,9.982005,0.081455
2.687100,3.300373,-0.060850
2.687100,2.687167,-0.000373
2.687100,3.196934,0.053197
2.687100,10.837144,-0.058467
2.687100,2.910746,-0.028219
2.687100,2.689215,0.002716
2.687100,3.666044,0.083127
2.687100,7.628504,-0.120324
2.687100,2.793420,-0.015911
2.687100,2.719064,0.007063
2.687100,4.840715,0.120588
2.687100,4.957336,-0.122415
2.687100,2.722209,-0.007446
2.687100,2.790549,0.015576
2.687100,7.523909,0.121424
2.687100,3.688611,-0.084285
2.687100,2.689763,-0.002809
2.687100,2.906958,0.027843
2.687100,10.770310,0.060586
2.687100,3.205148,-0.053828
2.687100,2.687283,0.000327
2.687100,3.295859,0.060529
2.687100,10.018923,-0.080605
2.687100,2.871536,-0.024273
2.687100,2.694329,0.003609
2.687100,3.882450,0.093356
2.687100,6.767466,-0.127531
2.687100,2.770239,-0.013182
2.687100,2.745334,0.010223
2.687100,5.824773,0.129358
2.687100,4.245620,-0.106678
2.687100,2.703174,-0.005024
2.687100,2.820457,0.018921
2.687100,8.557396,0.108195
2.687100,3.496150,-0.073640
2.687100,2.686710,-0.001821
2.687100,2.991822,0.035924
2.687100,11.675991,0.016184
2.687100,3.066225,-0.042534
2.687100,2.686854,0.001290
2.687100,3.423550,0.069141
2.687100,9.040941,-0.100286
2.687100,2.835897,-0.020562
2.687100,2.700554,0.004603
2.687100,4.136805,0.103135
2.687100,6.059625,-0.129644
2.687100,2.751605,-0.010955
2.687100,2.766402,0.012712
2.687100,6.619896,0.128295
2.687100,3.928273,-0.095284
2.687100,2.695586,-0.003774
2.687100,2.869058,0.024012
2.687100,9.957014,0.082024
2.687100,3.303463,-0.061065
2.687100,2.687556,-0.000350
2.687100,3.206486,0.053929
2.687100,10.759470,-0.060923
2.687100,2.906381,-0.027781
2.687100,2.690400,0.002888
2.687100,3.710814,0.085402
2.687100,7.424794,-0.122413
2.687100,2.787873,-0.015257
2.687100,2.726000,0.007899
2.687100,5.097573,0.124290
2.687100,4.715492,-0.118331
2.687100,2.715705,-0.006646
2.687100,2.797538,0.016380
2.687100,7.775888,0.118677
2.687100,3.635633,-0.081529
2.687100,2.688620,-0.002574
2.687100,2.920415,0.029168
2.687100,10.995409,0.053111
2.687100,3.177117,-0.051654
2.687100,2.687193,0.000520
2.687100,3.321267,0.062317
2.687100,9.813106,-0.085221
2.687100,2.863350,-0.023431
2.687100,2.695607,0.003820
2.687100,3.935288,0.095574
2.687100,6.598135,-0.128395
2.687100,2.765774,-0.012649
2.687100,2.750713,0.010860
2.687100,6.027688,0.129638
2.687100,4.150713,-0.103609
2.687100,2.700800,-0.004667
2.687100,2.831123,0.020061
2.687100,8.895570,0.102779
2.687100,3.444516,-0.070470
2.687100,2.686656,-0.001462
2.687100,3.039621,0.040219
2.687100,11.738431,-0.005356
2.687100,3.015102,-0.038038
2.687100,2.686586,0.001634
2.687100,3.467700,0.071911
2.687100,8.740250,-0.105332
2.687100,2.826151,-0.019534
2.687100,2.701529,0.004789
2.687100,4.181730,0.104642
2.687100,5.958592,-0.129590
2.687100,2.748863,-0.010645
2.687100,2.766751,0.012771
2.687100,6.636063,0.128220
2.687100,3.923076,-0.095071
2.687100,2.695250,-0.003778
2.687100,2.863269,0.023425
2.687100,9.811379,0.085258
2.687100,3.321476,-0.062332
2.687100,2.687073,-0.000536
2.687100,3.173015,0.051332
2.687100,11.027413,-0.051961
2.687100,2.922497,-0.029373
2.687100,2.688273,0.002518
2.687100,3.621713,0.080784
2.687100,7.845871,-0.117857
2.687100,2.799493,-0.016606
2.687100,2.713651,0.006395
2.687100,4.639864,0.116811
2.687100,5.191012,-0.125358
2.687100,2.728493,-0.008203
2.687100,2.785374,0.014967
2.687100,7.333077,0.123281
2.687100,3.732097,-0.086454
2.687100,2.690862,-0.002981
2.687100,2.901160,0.027263
2.687100,10.662704,0.063851
2.687100,3.218243,-0.054825
2.687100,2.687536,0.000262
2.687100,3.290976,0.060179
2.687100,10.059052,-0.079669
2.687100,2.873215,-0.024439
2.687100,2.694756,0.003646
2.687100,3.895226,0.093901
2.687100,6.725310,-0.127765
2.687100,2.769168,-0.013045
2.687100,2.747873,0.010516
2.687100,5.919270,0.129541
2.687100,4.199977,-0.105235
2.687100,2.702087,-0.004846
2.687100,2.827236,0.019643
2.687100,8.773585,0.104794
2.687100,3.462663,-0.071599
2.687100,2.686759,-0.001578
2.687100,3.025446,0.038962
2.687100,11.745961,0.000753
2.687100,3.028893,-0.039269
2.687100,2.686767,0.001554
2.687100,3.459367,0.071395
2.687100,8.795502,-0.104437
2.687100,2.827934,-0.019717
2.687100,2.701978,0.004828
2.687100,4.195373,0.105086
2.687100,5.929114,-0.129554
2.687100,2.748137,-0.010547
2.687100,2.769035,0.013028
2.687100,6.720126,0.127793
2.687100,3.896814,-0.093968
2.687100,2.694804,-0.003651
2.687100,2.873261,0.024444
2.687100,10.060111,0.079644
2.687100,3.290848,-0.060169
2.687100,2.687556,-0.000259
2.687100,3.219011,0.054883
2.687100,10.656356,-0.064039
2.687100,2.900829,-0.027230
2.687100,2.690941,0.002993
2.687100,3.735115,0.086601
2.687100,7.320330,-0.123398
2.687100,2.785032,-0.014926
2.687100,2.728941,0.008256
2.687100,5.207676,0.125534
2.687100,4.626967,-0.116539
2.687100,2.713305,-0.006351
2.687100,2.799977,0.016661
2.687100,7.862955,0.117654
2.687100,3.618365,-0.080604
2.687100,2.688213,-0.002502
2.687100,2.923747,0.029494
2.687100,11.046174,0.051276
2.687100,3.170598,-0.051141
2.687100,2.687076,0.000554
2.687100,3.324030,0.062510
2.687100,9.790955,-0.085701
2.687100,2.862483,-0.023344
2.687100,2.695414,0.003803
2.687100,3.929601,0.095340
2.687100,6.615704,-0.128315
2.687100,2.766217,-0.012706
2.687100,2.749570,0.010729
2.687100,5.985224,0.129614
2.687100,4.169623,-0.104242
2.687100,2.701232,-0.004743
2.687100,2.827699,0.019698
2.687100,8.789036,0.104543
2.687100,3.460326,-0.071456
2.687100,2.686589,-0.001582
2.687100,3.022284,0.038681
2.687100,11.744885,0.002145
2.687100,3.032098,-0.039554
2.687100,2.686618,0.001513
2.687100,3.451078,0.070881
2.687100,8.851028,-0.103523
2.687100,2.829684,-0.019909
2.687100,2.700945,0.004695
2.687100,4.157413,0.103834
2.687100,6.012517,-0.129631
2.687100,2.750301,-0.010813
2.687100,2.765839,0.012659
2.687100,6.600995,0.128382
2.687100,3.934357,-0.095536
2.687100,2.695555,-0.003819
2.687100,2.862554,0.023350
2.687100,9.792650,0.085664
2.687100,3.323821,-0.062495
2.687100,2.687125,-0.000546
2.687100,3.172404,0.051284
2.687100,11.032187,-0.051788
2.687100,2.922817,-0.029403
2.687100,2.688356,0.002525
2.687100,3.624154,0.080915
2.687100,7.833485,-0.118004
2.687100,2.799151,-0.016566
2.687100,2.714148,0.006455
2.687100,4.658006,0.117187
2.687100,5.167943,-0.125107
2.687100,2.727882,-0.008128
2.687100,2.786107,0.015051
2.687100,7.359872,0.123033
2.687100,3.725803,-0.086144
2.687100,2.690741,-0.002952
2.687100,2.903187,0.027464
2.687100,10.700815,0.062714
2.687100,3.213627,-0.054474
2.687100,2.687574,0.000300
2.687100,3.296839,0.060596
2.687100,10.011042,-0.080787
2.687100,2.871247,-0.024236
2.687100,2.695222,0.003715
2.687100,3.913386,0.094666
2.687100,6.666737,-0.128070
2.687100,2.767634,-0.012859
2.687100,2.750056,0.010772
2.687100,6.001259,0.129625
2.687100,4.162441,-0.104002
2.687100,2.701176,-0.004702
2.687100,2.832347,0.020186
2.687100,8.932614,0.102153
2.687100,3.439116,-0.070129
2.687100,2.686807,-0.001406
2.687100,3.049675,0.041099
2.687100,11.721720,-0.009543
2.687100,3.005941,-0.037210
2.687100,2.686704,0.001716
2.687100,3.481182,0.072735
2.687100,8.652580,-0.106724
2.687100,2.823415,-0.019237
2.687100,2.702607,0.004935
2.687100,4.222438,0.105953
2.687100,5.872075,-0.129461
2.687100,2.746599,-0.010370
2.687100,2.769523,0.013094
2.687100,6.739812,0.127686
2.687100,3.890799,-0.093713
2.687100,2.694569,-0.003638
2.687100,2.871406,0.024258
2.687100,10.015542,0.080683
2.687100,3.296277,-0.060558
2.687100,2.687357,-0.000321
2.687100,3.207168,0.053983
2.687100,10.753803,-0.061099
2.687100,2.906050,-0.027752
2.687100,2.690003,0.002844
2.687100,3.697705,0.084745
2.687100,7.482863,-0.121840
2.687100,2.789432,-0.015445
2.687100,2.723606,0.007614
2.687100,5.009091,0.123147
2.687100,4.792731,-0.119761
2.687100,2.717772,-0.006905
2.687100,2.794792,0.016069
2.687100,7.677970,0.119784
2.687100,3.655662,-0.082586
2.687100,2.688988,-0.002671
2.687100,2.913278,0.028469
2.687100,10.880262,0.057057
2.687100,3.191594,-0.052784
2.687100,2.687147,0.000410
2.687100,3.305094,0.061184
2.687100,9.943571,-0.082329
2.687100,2.868472,-0.023961
2.687100,2.694486,0.003650
2.687100,3.891175,0.093730
2.687100,6.738544,-0.127693
2.687100,2.769457,-0.013093
2.687100,2.745717,0.010272
2.687100,5.839812,0.129394
2.687100,4.238171,-0.106447
2.687100,2.702956,-0.004999
2.687100,2.820309,0.018907
2.687100,8.552890,0.108263
2.687100,3.496864,-0.073683
2.687100,2.686660,-0.001832
2.687100,2.989548,0.035716
2.687100,11.666231,0.017275
2.687100,3.069018,-0.042775
2.687100,2.686817,0.001265
2.687100,3.419434,0.068878
2.687100,9.069987,-0.099776
2.687100,2.836852,-0.020664
2.687100,2.700180,0.004552
2.687100,4.122751,0.102651
2.687100,6.092471,-0.129640
2.687100,2.752459,-0.011059
2.687100,2.765211,0.012573
2.687100,6.575365,0.128495
2.687100,3.942735,-0.095877
2.687100,2.695883,-0.003838
2.687100,2.865199,0.023617
2.687100,9.860042,0.084193
2.687100,3.315435,-0.061908
2.687100,2.687402,-0.000454
2.687100,3.189657,0.052632
2.687100,10.895926,-0.056536
2.687100,2.914237,-0.028559
2.687100,2.689439,0.002717
2.687100,3.669854,0.083323
2.687100,7.610614,-0.120516
2.687100,2.792960,-0.015850
2.687100,2.720501,0.007232
2.687100,4.892932,0.121437
2.687100,4.903593,-0.121605
2.687100,2.720788,-0.007267
2.687100,2.792694,0.015819
2.687100,7.600953,0.120619
2.687100,3.671917,-0.083429
2.687100,2.689488,-0.002725
2.687100,2.913869,0.028523
2.687100,10.889791,0.056741
2.687100,3.190422,-0.052691
2.687100,2.687414,0.000450
2.687100,3.315026,0.061879
2.687100,9.863340,-0.084120
2.687100,2.865329,-0.023630
2.687100,2.695891,0.003838
2.687100,3.942864,0.095883
2.687100,6.574974,-0.128497
2.687100,2.765202,-0.012572
2.687100,2.752524,0.011067
2.687100,6.094844,0.129639
2.687100,4.121747,-0.102617
2.687100,2.700159,-0.004548
2.687100,2.837095,0.020690
2.687100,9.077285,0.099647
2.687100,3.418405,-0.068812
2.687100,2.686825,-0.001257
2.687100,3.070296,0.042884
2.687100,11.661586,-0.017770
2.687100,2.988519,-0.035621
2.687100,2.686669,0.001840
2.687100,3.498241,0.073766
2.687100,8.544261,-0.108395
2.687100,2.820044,-0.018878
2.687100,2.703045,0.005012
2.687100,4.241556,0.106552
2.687100,5.832957,-0.129378
2.687100,2.745536,-0.010250
2.687100,2.769641,0.013115
2.687100,6.745458,0.127655
2.687100,3.889078,-0.093640
2.687100,2.694439,-0.003641
2.687100,2.868923,0.024007
2.687100,9.954773,0.082075
2.687100,3.303717,-0.061086
2.687100,2.687159,-0.000398
2.687100,3.193347,0.052920
2.687100,10.866142,-0.057522
2.687100,2.912441,-0.028386
2.687100,2.689072,0.002687
2.687100,3.659401,0.082781
2.687100,7.660056,-0.119981
2.687100,2.794295,-0.016011
2.687100,2.718255,0.006964
2.687100,4.810645,0.120075
2.687100,4.989495,-0.122876
2.687100,2.723078,-0.007550
2.687100,2.789874,0.015496
2.687100,7.499097,0.121677
2.687100,3.694092,-0.084563
2.687100,2.689911,-0.002830
2.687100,2.906527,0.027799
2.687100,10.762462,0.060830
2.687100,3.206109,-0.053902
2.687100,2.687334,0.000326
2.687100,3.296587,0.060580
2.687100,10.012999,-0.080742
2.687100,2.871299,-0.024247
2.687100,2.694521,0.003633
2.687100,3.889283,0.093648
2.687100,6.744805,-0.127659
2.687100,2.769651,-0.013110
2.687100,2.746328,0.010339
2.687100,5.861982,0.129441
2.687100,4.227328,-0.106107
2.687100,2.702725,-0.004954
2.687100,2.822723,0.019163
2.687100,8.630434,0.107070
2.687100,3.484632,-0.072945
2.687100,2.686701,-0.001740
2.687100,3.002550,0.036903
2.687100,11.713015,0.011117
2.687100,3.053527,-0.041435
2.687100,2.686817,0.001379
2.687100,3.435470,0.069899
2.687100,8.957762,-0.101725
2.687100,2.833165,-0.020273
2.687100,2.701033,0.004679
2.687100,4.156546,0.103804
2.687100,6.014505,-0.129632
2.687100,2.750408,-0.010814
2.687100,2.767367,0.012827
2.687100,6.656579,0.128120
2.687100,3.916586,-0.094799
2.687100,2.695302,-0.003728
2.687100,2.870820,0.024193
2.687100,10.000576,0.081028
2.687100,3.298120,-0.060687
2.687100,2.687574,-0.000309
2.687100,3.212354,0.054377
2.687100,10.711296,-0.062398
2.687100,2.903750,-0.027520
2.687100,2.690686,0.002941
2.687100,3.723323,0.086022
2.687100,7.370504,-0.122933
2.687100,2.786396,-0.015085
2.687100,2.727582,0.008091
2.687100,5.156692,0.124982
2.687100,4.666976,-0.117370
2.687100,2.714392,-0.006485
2.687100,2.798900,0.016537
2.687100,7.824520,0.118110
2.687100,3.625927,-0.081011
2.687100,2.688397,-0.002533
2.687100,2.922458,0.029368
2.687100,11.026749,0.051985
2.687100,3.173104,-0.051339
2.687100,2.687137,0.000543
2.687100,3.323487,0.062471
2.687100,9.795319,-0.085606
2.687100,2.862658,-0.023361
2.687100,2.695570,0.003820
2.687100,3.934763,0.095552
2.687100,6.599746,-0.128388
2.687100,2.765808,-0.012655
2.687100,2.750397,0.010824
2.687100,6.016073,0.129633
2.687100,4.155838,-0.103781
2.687100,2.700910,-0.004688
2.687100,2.829985,0.019941
2.687100,8.860385,0.103367
2.687100,3.449694,-0.070794
2.687100,2.686624,-0.001502
2.687100,3.033639,0.039691
2.687100,11.744004,-0.002808
2.687100,3.020789,-0.038548
2.687100,2.686587,0.001592
2.687100,3.461809,0.071548
2.687100,8.779177,-0.104703
2.687100,2.827385,-0.019665
2.687100,2.701286,0.004752
2.687100,4.171861,0.104316
2.687100,5.980268,-0.129610
2.687100,2.749438,-0.010713
2.687100,2.766305,0.012717
2.687100,6.619092,0.128300
2.687100,3.928510,-0.095296
2.687100,2.695385,-0.003799
2.687100,2.862572,0.023353
2.687100,9.793281,0.085650
2.687100,3.323739,-0.062489
2.687100,2.687072,-0.000552
2.687100,3.170769,0.051155
2.687100,11.044850,-0.051324
2.687100,2.923658,-0.029486
2.687100,2.688211,0.002502
2.687100,3.618387,0.080605
2.687100,7.862842,-0.117655
2.687100,2.799973,-0.016661
2.687100,2.713291,0.006350
2.687100,4.626482,0.116529
2.687100,5.208308,-0.125540
2.687100,2.728957,-0.008258
2.687100,2.785001,0.014923
2.687100,7.319229,0.123408
2.687100,3.735377,-0.086614
2.687100,2.690945,-0.002994
2.687100,2.900710,0.027218
2.687100,10.654088,0.064105
2.687100,3.219286,-0.054904
2.687100,2.687552,0.000257
2.687100,3.290449,0.060141
2.687100,10.063383,-0.079568
2.687100,2.873396,-0.024458
2.687100,2.694769,0.003646
2.687100,3.895468,0.093911
2.687100,6.724520,-0.127769
2.687100,2.769150,-0.013042
2.687100,2.747970,0.010527
2.687100,5.922833,0.129546
2.687100,4.198308,-0.105181
2.687100,2.702050,-0.004839
2.687100,2.827549,0.019676
2.687100,8.783397,0.104634
2.687100,3.461186,-0.071508
2.687100,2.686765,-0.001567
2.687100,3.027069,0.039107
2.687100,11.746112,0.000042
2.687100,3.027262,-0.039124
2.687100,2.686765,0.001566
2.687100,3.461001,0.071496
2.687100,8.784624,-0.104614
2.687100,2.827588,-0.019681
2.687100,2.702044,0.004838
2.687100,4.198050,0.105173
2.687100,5.923384,-0.129547
2.687100,2.747985,-0.010529
2.687100,2.769142,0.013041
2.687100,6.724230,0.127771
2.687100,3.895557,-0.093915
2.687100,2.694771,-0.003647
2.687100,2.873399,0.024458
2.687100,10.063444,0.079566
2.687100,3.290442,-0.060140
2.687100,2.687554,-0.000256
2.687100,3.219329,0.054908
2.687100,10.653731,-0.064116
2.687100,2.900691,-0.027216
2.687100,2.690949,0.002995
2.687100,3.735547,0.086622
2.687100,7.318512,-0.123415
2.687100,2.784982,-0.014920
2.687100,2.728982,0.008261
2.687100,5.209247,0.125550
2.687100,4.625761,-0.116513
2.687100,2.713272,-0.006347
2.687100,2.800001,0.016664
2.687100,7.863813,0.117643
2.687100,3.618198,-0.080595
2.687100,2.688207,-0.002501
2.687100,2.923730,0.029493
2.687100,11.045928,0.051285
2.687100,3.170629,-0.051144
2.687100,2.687073,0.000553
2.687100,3.323887,0.062500
2.687100,9.792098,-0.085676
2.687100,2.862527,-0.023349
2.687100,2.695395,0.003801
2.687100,3.928892,0.095311
2.687100,6.617905,-0.128305
2.687100,2.766274,-0.012714
2.687100,2.749480,0.010718
2.687100,5.981826,0.129611
2.687100,4.171157,-0.104293
2.687100,2.701269,-0.004749
2.687100,2.827477,0.019675
2.687100,8.782054,0.104656
2.687100,3.461376,-0.071521
2.687100,2.686587,-0.001589
2.687100,3.021215,0.038586
2.687100,11.744279,0.002619
2.687100,3.033199,-0.039652
2.687100,2.686622,0.001505
2.687100,3.450079,0.070818
2.687100,8.857781,-0.103411
2.687100,2.829901,-0.019932
2.687100,2.700918,0.004690
2.687100,4.156225,0.103795
2.687100,6.015198,-0.129632
2.687100,2.750373,-0.010822
2.687100,2.765811,0.012656
2.687100,6.599888,0.128387
2.687100,3.934717,-0.095551
2.687100,2.695567,-0.003820
2.687100,2.862609,0.023356
2.687100,9.794050,0.085634
2.687100,3.323646,-0.062482
2.687100,2.687133,-0.000544
2.687100,3.172816,0.051316
2.687100,11.028990,-0.051904
2.687100,2.922606,-0.029382
2.687100,2.688381,0.002530
2.687100,3.625237,0.080974
2.687100,7.828007,-0.118069
2.687100,2.798998,-0.016548
2.687100,2.714299,0.006473
2.687100,4.663542,0.117300
2.687100,5.160987,-0.125030
2.687100,2.727697,-0.008105
2.687100,2.786288,0.015072
2.687100,7.366502,0.122970
2.687100,3.724255,-0.086068
2.687100,2.690707,-0.002945
2.687100,2.903545,0.027500
2.687100,10.707491,0.062513
2.687100,3.212816,-0.054412
2.687100,2.687574,0.000306
2.687100,3.297670,0.060655
2.687100,10.004256,-0.080943
2.687100,2.870970,-0.024208
2.687100,2.695275,0.003724
2.687100,3.915504,0.094754
2.687100,6.660008,-0.128103
2.687100,2.767458,-0.012838
2.687100,2.750291,0.010800
2.687100,6.010105,0.129630
2.687100,4.158499,-0.103870
2.687100,2.701080,-0.004687
2.687100,2.832896,0.020244
2.687100,8.949486,0.101866
2.687100,3.436668,-0.069974
2.687100,2.686814,-0.001388
2.687100,3.052262,0.041325
2.687100,11.716009,-0.010602
2.687100,3.003656,-0.037003
2.687100,2.686702,0.001732
2.687100,3.483500,0.072876
2.687100,8.637686,-0.106957
2.687100,2.822950,-0.019188
2.687100,2.702686,0.004948
2.687100,4.225710,0.106056
2.687100,5.865315,-0.129448
2.687100,2.746418,-0.010349
2.687100,2.769608,0.013105
2.687100,6.743130,0.127668
2.687100,3.889791,-0.093670
2.687100,2.694537,-0.003635
2.687100,2.871331,0.024250
2.687100,10.013749,0.080724
2.687100,3.296495,-0.060573
2.687100,2.687342,-0.000325
2.687100,3.206442,0.053927
2.687100,10.759746,-0.060915
2.687100,2.906377,-0.027784
2.687100,2.689940,0.002834
2.687100,3.695237,0.084620
2.687100,7.493945,-0.121729
2.687100,2.789734,-0.015480
2.687100,2.723245,0.007571
2.687100,4.995714,0.122962
2.687100,4.804926,-0.119975
2.687100,2.718101,-0.006945
2.687100,2.794453,0.016030
2.687100,7.665751,0.119918
2.687100,3.658209,-0.082719
2.687100,2.689045,-0.002682
2.687100,2.912706,0.028412
2.687100,10.870620,0.057375
2.687100,3.192792,-0.052877
2.687100,2.687155,0.000402
2.687100,3.304152,0.061117
2.687100,9.951233,-0.082156
2.687100,2.868780,-0.023992
2.687100,2.694454,0.003644
2.687100,3.889736,0.093668
2.687100,6.743286,-0.127667
2.687100,2.769583,-0.013108
2.687100,2.745593,0.010257
2.687100,5.835099,0.129383
2.687100,4.240497,-0.106519
2.687100,2.703017,-0.005008
2.687100,2.820126,0.018887
2.687100,8.546933,0.108354
2.687100,3.497814,-0.073740
2.687100,2.686666,-0.001838
2.687100,2.988836,0.035650
2.687100,11.663030,0.017618
2.687100,3.069902,-0.042850
2.687100,2.686823,0.001259
2.687100,3.418721,0.068832
2.687100,9.075042,-0.099687
2.687100,2.837020,-0.020682
2.687100,2.700166,0.004549
2.687100,4.122051,0.102627
2.687100,6.094126,-0.129640
2.687100,2.752504,-0.011064
2.687100,2.765204,0.012572
2.687100,6.575074,0.128496
2.687100,3.942831,-0.095881
2.687100,2.695889,-0.003838
2.687100,2.865287,0.023626
2.687100,9.862275,0.084144
2.687100,3.315158,-0.061889
2.687100,2.687410,-0.000451
2.687100,3.190178,0.052672
2.687100,10.891752,-0.056675
2.687100,2.913987,-0.028534
2.687100,2.689472,0.002722
2.687100,3.671260,0.083395
2.687100,7.604027,-0.120586
2.687100,2.792778,-0.015829
2.687100,2.720697,0.007256
2.687100,4.900200,0.121552
2.687100,4.896314,-0.121491
2.687100,2.720592,-0.007243
2.687100,2.792875,0.015840
2.687100,7.607548,0.120549
2.687100,3.670508,-0.083357
2.687100,2.689454,-0.002719
2.687100,2.914121,0.028548
2.687100,10.893988,0.056601
2.687100,3.189899,-0.052650
2.687100,2.687406,0.000452
2.687100,3.315307,0.061899
2.687100,9.861073,-0.084170
2.687100,2.865239,-0.023621
2.687100,2.695886,0.003838
2.687100,3.942784,0.095879
2.687100,6.575217,-0.128496
2.687100,2.765207,-0.012573
2.687100,2.752481,0.011062
2.687100,6.093261,0.129640
2.687100,4.122417,-0.102640
2.687100,2.700173,-0.004551
2.687100,2.836932,0.020673
2.687100,9.072381,0.099734
2.687100,3.419096,-0.068856
2.687100,2.686819,-0.001262
2.687100,3.069436,0.042810
2.687100,11.664724,-0.017437
2.687100,2.989210,-0.035685
2.687100,2.686663,0.001834
2.687100,3.497312,0.073710
2.687100,8.550079,-0.108306
2.687100,2.820222,-0.018897
2.687100,2.702985,0.005003
2.687100,4.239262,0.106481
2.687100,5.837599,-0.129389
2.687100,2.745659,-0.010265
2.687100,2.769516,0.013100
2.687100,6.740765,0.127681
2.687100,3.890500,-0.093701
2.687100,2.694471,-0.003647
2.687100,2.868616,0.023975
2.687100,9.947148,0.082248
2.687100,3.304654,-0.061153
2.687100,2.687150,-0.000406
2.687100,3.192153,0.052827
2.687100,10.875769,-0.057206
2.687100,2.913011,-0.028442
2.687100,2.689015,0.002676
2.687100,3.656846,0.082648
2.687100,7.672285,-0.119846
2.687100,2.794634,-0.016050
2.687100,2.717925,0.006923
2.687100,4.798393,0.119861
2.687100,5.002861,-0.123061
2.687100,2.723438,-0.007594
2.687100,2.789573,0.015461
2.687100,7.488025,0.121789
2.687100,3.696554,-0.084687
2.687100,2.689974,-0.002839
2.687100,2.906203,0.027767
2.687100,10.756589,0.061012
2.687100,3.206827,-0.053957
2.687100,2.687350,0.000323
2.687100,3.296382,0.060565
2.687100,10.014675,-0.080703
2.687100,2.871370,-0.024254
2.687100,2.694554,0.003636
2.687100,3.890344,0.093694
2.687100,6.741308,-0.127678
2.687100,2.769561,-0.013099
2.687100,2.746516,0.010361
2.687100,5.868999,0.129455
2.687100,4.223925,-0.106000
2.687100,2.702643,-0.004941
2.687100,2.823202,0.019215
2.687100,8.645768,0.106831
2.687100,3.482241,-0.072800
2.687100,2.686703,-0.001723
2.687100,3.004894,0.037116
2.687100,11.719181,0.010027
2.687100,3.050856,-0.041202
2.687100,2.686810,0.001398
2.687100,3.437998,0.070059
2.687100,8.940311,-0.102022
2.687100,2.832597,-0.020213
2.687100,2.701133,0.004695
2.687100,4.160648,0.103942
2.687100,6.005276,-0.129627
2.687100,2.750163,-0.010785
2.687100,2.767555,0.012850
2.687100,6.663707,0.128085
2.687100,3.914339,-0.094706
2.687100,2.695246,-0.003719
2.687100,2.871125,0.024224
2.687100,10.008057,0.080856
2.687100,3.297204,-0.060622
2.687100,2.687574,-0.000303
2.687100,3.213277,0.054447
2.687100,10.703694,-0.062628
2.687100,2.903341,-0.027479
2.687100,2.690727,0.002949
2.687100,3.725151,0.086112
2.687100,7.362661,-0.123006
2.687100,2.786183,-0.015060
2.687100,2.727805,0.008118
2.687100,5.165048,0.125075
2.687100,4.660306,-0.117234
2.687100,2.714211,-0.006462
2.687100,2.799088,0.016559
2.687100,7.831239,0.118031
2.687100,3.624598,-0.080939
2.687100,2.688366,-0.002527
2.687100,2.922735,0.029395
2.687100,11.030946,0.051833
2.687100,3.172564,-0.051296
2.687100,2.687128,0.000546
2.687100,3.323765,0.062491
2.687100,9.793098,-0.085654
2.687100,2.862572,-0.023352
2.687100,2.695561,0.003820
2.687100,3.934565,0.095544
2.687100,6.600354,-0.128385
2.687100,2.765822,-0.012657
2.687100,2.750338,0.010818
2.687100,6.013892,0.129632
2.687100,4.156804,-0.103814
2.687100,2.700931,-0.004692
2.687100,2.829791,0.019920
2.687100,8.854358,0.103468
2.687100,3.450585,-0.070850
2.687100,2.686620,-0.001509
2.687100,3.032635,0.039602
2.687100,11.744604,-0.002377
2.687100,3.021761,-0.038635
2.687100,2.686588,0.001585
2.687100,3.460834,0.071487
2.687100,8.785653,-0.104598
2.687100,2.827591,-0.019687
2.687100,2.701249,0.004746
2.687100,4.170342,0.104266
2.687100,5.983631,-0.129613
2.687100,2.749528,-0.010724
2.687100,2.766242,0.012710
2.687100,6.616677,0.128311
2.687100,3.929288,-0.095328
2.687100,2.695405,-0.003802
2.687100,2.862495,0.023345
2.687100,9.791270,0.085694
2.687100,3.323990,-0.062507
2.687100,2.687074,-0.000554
2.687100,3.170571,0.051139
2.687100,11.046382,-0.051268
2.687100,2.923761,-0.029496
2.687100,2.688208,0.002501
2.687100,3.618197,0.080595
2.687100,7.863813,-0.117643
2.687100,2.800001,-0.016664
2.687100,2.713278,0.006348
2.687100,4.625975,0.116518
2.687100,5.208968,-0.125547
2.687100,2.728975,-0.008260
2.687100,2.784994,0.014922
2.687100,7.318959,0.123411
2.687100,3.735441,-0.086617
2.687100,2.690948,-0.002994
2.687100,2.900737,0.027220
2.687100,10.654604,0.064090
2.687100,3.219223,-0.054900
2.687100,2.687555,0.000257
2.687100,3.290593,0.060151
2.687100,10.062203,-0.079595
2.687100,2.873348,-0.024452
2.687100,2.694784,0.003649
2.687100,3.896062,0.093936
2.687100,6.722579,-0.127780
2.687100,2.769099,-0.013036
2.687100,2.748047,0.010536
2.687100,5.925737,0.129550
2.687100,4.196949,-0.105137
2.687100,2.702017,-0.004834
2.687100,2.827732,0.019696
2.687100,8.789147,0.104541
2.687100,3.460321,-0.071454
2.687100,2.686766,-0.001561
2.687100,3.027943,0.039184
2.687100,11.746082,-0.000339
2.687100,3.026390,-0.039046
2.687100,2.686762,0.001572
2.687100,3.461806,0.071546
2.687100,8.779274,-0.104701
2.687100,2.827417,-0.019662
2.687100,2.702066,0.004842
2.687100,4.199025,0.105204
2.687100,5.921302,-0.129544
2.687100,2.747928,-0.010522
2.687100,2.769159,0.013044
2.687100,6.724913,0.127767
2.687100,3.895348,-0.093906
2.687100,2.694763,-0.003646
2.687100,2.873327,0.024451
2.687100,10.061720,0.079607
2.687100,3.290651,-0.060155
2.687100,2.687546,-0.000259
2.687100,3.218876,0.054873
2.687100,10.657474,-0.064006
2.687100,2.900887,-0.027235
2.687100,2.690912,0.002989
2.687100,3.734075,0.086550
2.687100,7.324716,-0.123358
2.687100,2.785149,-0.014940
2.687100,2.728773,0.008236
2.687100,5.201429,0.125468
2.687100,4.631782,-0.116641
2.687100,2.713434,-0.006367
2.687100,2.799781,0.016639
2.687100,7.856049,0.117736
2.687100,3.619716,-0.080677
2.687100,2.688235,-0.002509
2.687100,2.923186,0.029440
2.687100,11.037794,0.051583
2.687100,3.171679,-0.051227
2.687100,2.687072,0.000545
2.687100,3.322815,0.062425
2.687100,9.800668,-0.085491
2.687100,2.862856,-0.023383
2.687100,2.695329,0.003791
2.687100,3.926266,0.095203
2.687100,6.626082,-0.128267
2.687100,2.766488,-0.012739
2.687100,2.749200,0.010685
2.687100,5.971301,0.129602
2.687100,4.175928,-0.104451
2.687100,2.701386,-0.004767
2.687100,2.826870,0.019610
2.687100,8.762956,0.104966
2.687100,3.464258,-0.071699
2.687100,2.686586,-0.001610
2.687100,3.018409,0.038335
2.687100,11.742104,0.003870
2.687100,3.036120,-0.039910
2.687100,2.686637,0.001486
2.687100,3.447542,0.070660
2.687100,8.874975,-0.103124
2.687100,2.830457,-0.019991
2.687100,2.700865,0.004680
2.687100,4.153727,0.103710
2.687100,6.020848,-0.129635
2.687100,2.750527,-0.010839
2.687100,2.765796,0.012653
2.687100,6.599166,0.128391
2.687100,3.934952,-0.095560
2.687100,2.695585,-0.003820
2.687100,2.862955,0.023391
2.687100,9.802948,0.085441
2.687100,3.322535,-0.062405
2.687100,2.687161,-0.000533
2.687100,3.174812,0.051473
2.687100,11.013437,-0.052466
2.687100,2.921584,-0.029282
2.687100,2.688490,0.002550
2.687100,3.630014,0.081229
2.687100,7.803943,-0.118352
2.687100,2.798323,-0.016471
2.687100,2.714943,0.006552
2.687100,4.687329,0.117779
2.687100,5.131540,-0.124695
2.687100,2.726909,-0.008010
2.687100,2.787028,0.015159
2.687100,7.393748,0.122712
2.687100,3.717936,-0.085756
2.687100,2.690564,-0.002918
2.687100,2.904907,0.027635
2.687100,10.732634,0.061749
2.687100,3.209759,-0.054179
2.687100,2.687568,0.000328
2.687100,3.300567,0.060860
2.687100,9.980610,-0.081486
2.687100,2.870010,-0.024109
2.687100,2.695440,0.003750
2.687100,3.922213,0.095033
2.687100,6.638839,-0.128206
2.687100,2.766901,-0.012771
2.687100,2.751001,0.010884
2.687100,6.036846,0.129640
2.687100,4.146706,-0.103472
2.687100,2.700794,-0.004641
2.687100,2.834531,0.020417
2.687100,8.999477,0.101007
2.687100,3.429465,-0.069518
2.687100,2.686835,-0.001334
2.687100,3.059907,0.041989
2.687100,11.695958,-0.013686
2.687100,2.997076,-0.036405
2.687100,2.686702,0.001781
2.687100,3.490384,0.073293
2.687100,8.593787,-0.107637
2.687100,2.821583,-0.019041
2.687100,2.702937,0.004988
2.687100,4.236061,0.106381
2.687100,5.844109,-0.129403
2.687100,2.745850,-0.010283
2.687100,2.769912,0.013142
2.687100,6.754919,0.127602
2.687100,3.886224,-0.093518
2.687100,2.694432,-0.003623
2.687100,2.871299,0.024248
2.687100,10.013075,0.080740
2.687100,3.296576,-0.060579
2.687100,2.687303,-0.000330
2.687100,3.205116,0.053826
2.687100,10.770576,-0.060578
2.687100,2.906975,-0.027844
2.687100,2.689806,0.002814
2.687100,3.690059,0.084358
2.687100,7.517335,-0.121492
2.687100,2.790371,-0.015555
2.687100,2.722468,0.007477
2.687100,4.966900,0.122554
2.687100,4.831683,-0.120436
2.687100,2.718822,-0.007033
2.687100,2.793705,0.015943
2.687100,7.638763,0.120213
2.687100,3.663876,-0.083014
2.687100,2.689172,-0.002706
2.687100,2.911397,0.028283
2.687100,10.848334,0.058104
2.687100,3.195553,-0.053090
2.687100,2.687170,0.000384
2.687100,3.301853,0.060954
2.687100,9.969951,-0.081730
2.687100,2.869535,-0.024070
2.687100,2.694361,0.003627
2.687100,3.885717,0.093497
2.687100,6.756581,-0.127593
2.687100,2.769935,-0.013150
2.687100,2.745209,0.010211
2.687100,5.820598,0.129348
2.687100,4.247696,-0.106742
2.687100,2.703202,-0.005034
2.687100,2.819499,0.018819
2.687100,8.526535,0.108663
2.687100,3.501080,-0.073936
2.687100,2.686683,-0.001859
2.687100,2.986253,0.035413
2.687100,11.650845,0.018867
2.687100,3.073139,-0.043128
2.687100,2.686839,0.001237
2.687100,3.415917,0.068652
2.687100,9.094973,-0.099334
2.687100,2.837685,-0.020752
2.687100,2.700076,0.004534
2.687100,4.118203,0.102493
2.687100,6.103240,-0.129637
2.687100,2.752747,-0.011093
2.687100,2.765050,0.012553
2.687100,6.569136,0.128522
2.687100,3.944785,-0.095961
2.687100,2.695941,-0.003845
2.687100,2.865149,0.023612
2.687100,9.858722,0.084222
2.687100,3.315600,-0.061919
2.687100,2.687418,-0.000453
2.687100,3.190004,0.052658
2.687100,10.893152,-0.056629
2.687100,2.914071,-0.028542
2.687100,2.689483,0.002723
2.687100,3.671514,0.083408
2.687100,7.602837,-0.120599
2.687100,2.792746,-0.015825
2.687100,2.720761,0.007263
2.687100,4.902541,0.121588
2.687100,4.893980,-0.121454
2.687100,2.720530,-0.007235
2.687100,2.792960,0.015850
2.687100,7.610599,0.120516
2.687100,3.669858,-0.083323
2.687100,2.689443,-0.002716
2.687100,2.914367,0.028572
2.687100,10.898080,0.056464
2.687100,3.189389,-0.052611
2.687100,2.687409,0.000456
2.687100,3.315928,0.061942
2.687100,9.856074,-0.084281
2.687100,2.865044,-0.023601
2.687100,2.695935,0.003845
2.687100,3.944679,0.095956
2.687100,6.569454,-0.128521
2.687100,2.765057,-0.012555
2.687100,2.752695,0.011087
2.687100,6.101323,0.129637
2.687100,4.119010,-0.102522
2.687100,2.700093,-0.004537
2.687100,2.837487,0.020731
2.687100,9.089064,0.099439
2.687100,3.416747,-0.068705
2.687100,2.686832,-0.001244
2.687100,3.072102,0.043039
2.687100,11.654827,-0.018468
2.687100,2.987076,-0.035489
2.687100,2.686675,0.001852
2.687100,3.499944,0.073868
2.687100,8.533617,-0.108556
2.687100,2.819716,-0.018843
2.687100,2.703127,0.005024
2.687100,4.244801,0.106653
2.687100,5.826413,-0.129362
2.687100,2.745363,-0.010230
2.687100,2.769777,0.013131
2.687100,6.750620,0.127627
2.687100,3.887516,-0.093574
2.687100,2.694400,-0.003635
2.687100,2.869137,0.024029
2.687100,9.960121,0.081954
2.687100,3.303059,-0.061040
2.687100,2.687159,-0.000394
2.687100,3.194002,0.052971
2.687100,10.860856,-0.057696
2.687100,2.912130,-0.028356
2.687100,2.689095,0.002692
2.687100,3.660507,0.082839
2.687100,7.654778,-0.120038
2.687100,2.794148,-0.015994
2.687100,2.718384,0.006980
2.687100,4.815440,0.120158
2.687100,4.984305,-0.122803
2.687100,2.722937,-0.007533
2.687100,2.789978,0.015509
2.687100,7.502910,0.121638
2.687100,3.693247,-0.084520
2.687100,2.689887,-0.002826
2.687100,2.906566,0.027803
2.687100,10.763177,0.060808
2.687100,3.206021,-0.053895
2.687100,2.687325,0.000326
2.687100,3.296364,0.060564
2.687100,10.014811,-0.080700
2.687100,2.871373,-0.024255
2.687100,2.694481,0.003628
2.687100,3.887814,0.093586
2.687100,6.749656,-0.127632
2.687100,2.769777,-0.013125
2.687100,2.746122,0.010315
2.687100,5.854258,0.129425
2.687100,4.231090,-0.106225
2.687100,2.702817,-0.004968
2.687100,2.822254,0.019113
2.687100,8.615363,0.107304
2.687100,3.486991,-0.073088
2.687100,2.686702,-0.001757
2.687100,3.000330,0.036701
2.687100,11.706549,0.012155
2.687100,3.056090,-0.041658
2.687100,2.686826,0.001361
2.687100,3.433100,0.069749
2.687100,8.974181,-0.101443
2.687100,2.833702,-0.020330
2.687100,2.700946,0.004665
2.687100,4.152912,0.103682
2.687100,6.022723,-0.129635
2.687100,2.750627,-0.010839
2.687100,2.767213,0.012809
2.687100,6.650682,0.128149
2.687100,3.918451,-0.094877
2.687100,2.695350,-0.003735
2.687100,2.870616,0.024172
2.687100,9.995531,0.081144
2.687100,3.298738,-0.060731
2.687100,2.687577,-0.000313
2.687100,3.211844,0.054338
2.687100,10.715489,-0.062271
2.687100,2.903977,-0.027542
2.687100,2.690671,0.002938
2.687100,3.722571,0.085985
2.687100,7.373735,-0.122902
2.687100,2.786485,-0.015095
2.687100,2.727504,0.008082
2.687100,5.153764,0.124949
2.687100,4.669324,-0.117418
2.687100,2.714456,-0.006492
2.687100,2.798850,0.016531
2.687100,7.822743,0.118131
2.687100,3.626279,-0.081029
2.687100,2.688408,-0.002534
2.687100,2.922466,0.029369
2.687100,11.026860,0.051981
2.687100,3.173090,-0.051337
2.687100,2.687143,0.000543
2.687100,3.323693,0.062486
2.687100,9.793675,-0.085642
2.687100,2.862596,-0.023354
2.687100,2.695601,0.003824
2.687100,3.935890,0.095599
2.687100,6.596278,-0.128404
2.687100,2.765718,-0.012644
2.687100,2.750543,0.010841
2.687100,6.021533,0.129635
2.687100,4.153423,-0.103700
2.687100,2.700853,-0.004679
2.687100,2.830359,0.019980
2.687100,8.871972,0.103174
2.687100,3.447984,-0.070687
2.687100,2.686630,-0.001490
2.687100,3.035452,0.039851
2.687100,11.742674,-0.003585
2.687100,3.019047,-0.038392
2.687100,2.686582,0.001605
2.687100,3.463456,0.071650
2.687100,8.768255,-0.104880
2.687100,2.827037,-0.019628
2.687100,2.701334,0.004760
2.687100,4.173917,0.104384
2.687100,5.975729,-0.129606
2.687100,2.749316,-0.010699
2.687100,2.766357,0.012724
2.687100,6.621129,0.128290
2.687100,3.927855,-0.095269
2.687100,2.695364,-0.003797
2.687100,2.862500,0.023346
2.687100,9.791447,0.085690
2.687100,3.323968,-0.062505
2.687100,2.687061,-0.000555
2.687100,3.170175,0.051108
2.687100,11.049438,-0.051155
2.687100,2.923965,-0.029516
2.687100,2.688174,0.002495
2.687100,3.616807,0.080520
2.687100,7.870937,-0.117558
2.687100,2.800201,-0.016687
2.687100,2.713071,0.006322
2.687100,4.618389,0.116356
2.687100,5.218883,-0.125650
2.687100,2.729239,-0.008293
2.687100,2.784720,0.014890
2.687100,7.308855,0.123503
2.687100,3.737845,-0.086734
2.687100,2.690998,-0.003005
2.687100,2.900103,0.027157
2.687100,10.642464,0.064447
2.687100,3.220690,-0.055011
2.687100,2.687548,0.000246
2.687100,3.288890,0.060030
2.687100,10.076187,-0.079266
2.687100,2.873928,-0.024512
2.687100,2.694661,0.003630
2.687100,3.891205,0.093730
2.687100,6.738501,-0.127693
2.687100,2.769517,-0.013087
2.687100,2.747471,0.010468
2.687100,5.904068,0.129518
2.687100,4.207144,-0.105465
2.687100,2.702268,-0.004873
2.687100,2.826458,0.019560
2.687100,8.749006,0.105191
2.687100,3.466382,-0.071829
2.687100,2.686762,-0.001604
2.687100,3.021993,0.038654
2.687100,11.744723,0.002277
2.687100,3.032412,-0.039581
2.687100,2.686788,0.001531
2.687100,3.456403,0.071211
2.687100,8.815306,-0.104112
2.687100,2.828569,-0.019784
2.687100,2.701934,0.004818
2.687100,4.193129,0.105013
2.687100,5.933934,-0.129561
2.687100,2.748271,-0.010561
2.687100,2.769111,0.013036
2.687100,6.722744,0.127779
2.687100,3.896014,-0.093934
2.687100,2.694806,-0.003646
2.687100,2.874064,0.024525
2.687100,10.079311,0.079192
2.687100,3.288514,-0.060002
2.687100,2.687608,-0.000236
2.687100,3.223012,0.055186
2.687100,10.623259,-0.065007
2.687100,2.899114,-0.027058
2.687100,2.691240,0.003041
2.687100,3.747117,0.087184
2.687100,7.270266,-0.123848
2.687100,2.783685,-0.014767
2.687100,2.730611,0.008457
2.687100,5.270046,0.126154
2.687100,4.580178,-0.115521
2.687100,2.712049,-0.006193
2.687100,2.801757,0.016862
2.687100,7.925531,0.116895
2.687100,3.606262,-0.079947
2.687100,2.687998,-0.002442
2.687100,2.928325,0.029939
2.687100,11.112493,0.048775
2.687100,3.161936,-0.050455
2.687100,2.687079,0.000617
2.687100,3.332928,0.063125
2.687100,9.720188,-0.087213
2.687100,2.859790,-0.023065
2.687100,2.695969,0.003888
2.687100,3.951638,0.096240
2.687100,6.548393,-0.128609
2.687100,2.764451,-0.012494
2.687100,2.751882,0.011001
2.687100,6.072238,0.129644
2.687100,4.131364,-0.102949
2.687100,2.700302,-0.004595
2.687100,2.832958,0.020257
2.687100,8.952275,0.101819
2.687100,3.436252,-0.069950
2.687100,2.686633,-0.001406
2.687100,3.046875,0.040856
2.687100,11.727257,-0.008391
2.687100,3.008433,-0.037437
2.687100,2.686523,0.001676
2.687100,3.472564,0.072210
2.687100,8.708360,-0.105843
2.687100,2.825135,-0.019427
2.687100,2.701439,0.004787
2.687100,4.179746,0.104577
2.687100,5.962916,-0.129594
2.687100,2.748957,-0.010661
2.687100,2.766055,0.012693
2.687100,6.610610,0.128339
2.687100,3.931236,-0.095408
2.687100,2.695381,-0.003818
2.687100,2.859971,0.023088
2.687100,9.725545,0.087099
2.687100,3.332242,-0.063079
2.687100,2.686907,-0.000632
2.687100,3.157066,0.050068
2.687100,11.149041,-0.047342
2.687100,2.930951,-0.030196
2.687100,2.687578,0.002373
2.687100,3.589345,0.079017
2.687100,8.015116,-0.115776
2.687100,2.804295,-0.017153
2.687100,2.709550,0.005885
2.687100,4.488586,0.113383
2.687100,5.401514,-0.127276
2.687100,2.734090,-0.008881
2.687100,2.779797,0.014316
2.687100,7.126848,0.125058
2.687100,3.782836,-0.088885
2.687100,2.691964,-0.003202
2.687100,2.888854,0.026032
2.687100,10.414870,0.070793
2.687100,3.248046,-0.057059
2.687100,2.687396,0.000030
2.687100,3.256478,0.057681
2.687100,10.344608,-0.072637
2.687100,2.885600,-0.025703
2.687100,2.692405,0.003278
2.687100,3.801365,0.089746
2.687100,7.055655,-0.125613
2.687100,2.777894,-0.014091
2.687100,2.736327,0.009149
2.687100,5.485521,0.127867
2.687100,4.434560,-0.112026
2.687100,2.708110,-0.005698
2.687100,2.806957,0.017449
2.687100,8.106876,0.114589
2.687100,3.572515,-0.078078
2.687100,2.687341,-0.002283
2.687100,2.939324,0.031002
2.687100,11.256912,0.042834
2.687100,3.142251,-0.048878
2.687100,2.686936,0.000744
2.687100,3.348250,0.064175
2.687100,9.599815,-0.089714
2.687100,2.855295,-0.022601
2.687100,2.696440,0.003977
2.687100,3.972822,0.097088
2.687100,6.485704,-0.128853
2.687100,2.762785,-0.012298
2.687100,2.753314,0.011173
2.687100,6.126883,0.129626
2.687100,4.108297,-0.102148
2.687100,2.699710,-0.004510
2.687100,2.835177,0.020493
2.687100,9.020225,0.100648
2.687100,3.426484,-0.069330
2.687100,2.686609,-0.001340
2.687100,3.055529,0.041610
2.687100,11.707991,-0.011932
2.687100,3.000794,-0.036745
2.687100,2.686454,0.001724
2.687100,3.478225,0.072557
2.687100,8.671550,-0.106426
2.687100,2.823966,-0.019305
2.687100,2.701335,0.004783
2.687100,4.177408,0.104500
2.687100,5.968026,-0.129600
2.687100,2.749069,-0.010680
2.687100,2.765253,0.012604
2.687100,6.581210,0.128471
2.687100,3.940787,-0.095800
2.687100,2.695540,-0.003865
2.687100,2.856238,0.022704
2.687100,9.626186,0.089174
2.687100,3.344857,-0.063946
2.687100,2.686725,-0.000744
2.687100,3.138776,0.048598
2.687100,11.281279,-0.041750
2.687100,2.941341,-0.031198
2.687100,2.686933,0.002220
2.687100,3.556692,0.077184
2.687100,8.195462,-0.113407
2.687100,2.809509,-0.017740
2.687100,2.705686,0.005398
2.687100,4.346195,0.109646
2.687100,5.634635,-0.128692
2.687100,2.740235,-0.009629
2.687100,2.772885,0.013512
2.687100,6.869859,0.126913
2.687100,3.852433,-0.092051
2.687100,2.693414,-0.003510
2.687100,2.870332,0.024158
2.687100,9.990451,0.081262
2.687100,3.299323,-0.060778
2.687100,2.686894,-0.000398
2.687100,3.189110,0.052593
2.687100,10.900109,-0.056397
2.687100,2.914447,-0.028588
2.687100,2.688396,0.002592
2.687100,3.634456,0.081468
2.687100,7.781666,-0.118611
2.687100,2.797654,-0.016404
2.687100,2.714277,0.006481
2.687100,4.664359,0.117317
2.687100,5.159953,-0.125019
2.687100,2.727633,-0.008106
2.687100,2.785242,0.014959
2.687100,7.329444,0.123315
2.687100,3.732945,-0.086496
2.687100,2.690757,-0.002999
2.687100,2.897057,0.026858
2.687100,10.583524,0.066150
2.687100,3.227785,-0.055548
2.687100,2.687301,0.000166
2.687100,3.273671,0.058936
2.687100,10.201694,-0.076244
2.687100,2.879232,-0.025059
2.687100,2.693096,0.003407
2.687100,3.831859,0.091134
2.687100,6.942950,-0.126428
2.687100,2.774882,-0.013736
2.687100,2.739566,0.009538
2.687100,5.607673,0.128563
2.687100,4.361519,-0.110073
2.687100,2.706165,-0.005443
2.687100,2.810855,0.017879
2.687100,8.239745,0.112801
2.687100,3.548959,-0.076740
2.687100,2.687039,-0.002154
2.687100,2.952020,0.032213
2.687100,11.397766,0.036123
2.687100,3.121387,-0.047177
2.687100,2.686930,0.000895
2.687100,3.369371,0.065600
2.687100,9.437434,-0.092956
2.687100,2.849443,-0.021989
2.687100,2.697704,0.004169
2.687100,4.022900,0.099030
2.687100,6.345010,-0.129285
2.687100,2.759100,-0.011854
2.687100,2.757993,0.011723
2.687100,6.303053,0.129382
2.687100,4.038555,-0.099620
2.687100,2.698079,-0.004231
2.687100,2.847010,0.021735
2.687100,9.368452,0.094290
2.687100,3.378512,-0.066209
2.687100,2.686881,-0.000966
2.687100,3.110883,0.046309
2.687100,11.462608,-0.032578
2.687100,2.958849,-0.032860
2.687100,2.686865,0.002083
2.687100,3.535955,0.075991
2.687100,8.315369,-0.111747
2.687100,2.813095,-0.018126
2.687100,2.705015,0.005293
2.687100,4.318512,0.108857
2.687100,5.684668,-0.128908
2.687100,2.741595,-0.009783
2.687100,2.772710,0.013483
2.687100,6.861824,0.126964
2.687100,3.854748,-0.092152
2.687100,2.693586,-0.003506
2.687100,2.873618,0.024489
2.687100,10.069790,0.079418
2.687100,3.289647,-0.060087
2.687100,2.687148,-0.000298
2.687100,3.206963,0.053969
2.687100,10.755398,-0.061050
2.687100,2.906119,-0.027762
2.687100,2.689547,0.002790
2.687100,3.682200,0.083959
2.687100,7.553200,-0.121122
2.687100,2.791335,-0.015671
2.687100,2.720891,0.007289
2.687100,4.908908,0.121687
2.687100,4.887646,-0.121354
2.687100,2.720317,-0.007219
2.687100,2.791854,0.015732
2.687100,7.572136,0.120924
2.687100,3.678095,-0.083748
2.687100,2.689446,-0.002773
2.687100,2.906783,0.027828
2.687100,10.767402,0.060677
2.687100,3.205495,-0.053856
2.687100,2.687128,0.000307
2.687100,3.290445,0.060144
2.687100,10.063231,-0.079572
2.687100,2.873343,-0.024461
2.687100,2.693574,0.003507
2.687100,3.854615,0.092146
2.687100,6.862284,-0.126961
2.687100,2.772720,-0.013484
2.687100,2.741491,0.009772
2.687100,5.680837,0.128892
2.687100,4.320599,-0.108917
2.687100,2.705065,-0.005301
2.687100,2.812806,0.018095
2.687100,8.305749,0.111883
2.687100,3.537592,-0.076086
2.687100,2.686869,-0.002094
2.687100,2.957411,0.032724
2.687100,11.449583,0.033320
2.687100,3.113053,-0.046489
2.687100,2.686872,0.000949
2.687100,3.375978,0.066041
2.687100,9.387485,-0.093924
2.687100,2.847675,-0.021805
2.687100,2.697893,0.004204
2.687100,4.031417,0.099352
2.687100,6.322064,-0.129340
2.687100,2.758489,-0.011783
2.687100,2.758428,0.011776
2.687100,6.319769,0.129345
2.687100,4.032275,-0.099384
2.687100,2.697914,-0.004207
2.687100,2.847542,0.021791
2.687100,9.383719,0.093997
2.687100,3.376478,-0.066074
2.687100,2.686870,-0.000953
2.687100,3.112481,0.046442
2.687100,11.453035,-0.033125
2.687100,2.957788,-0.032760
2.687100,2.686860,0.002090
2.687100,3.536906,0.076046
2.687100,8.309775,-0.111826
2.687100,2.812926,-0.018109
2.687100,2.705007,0.005293
2.687100,4.318413,0.108854
2.687100,5.684847,-0.128909
2.687100,2.741597,-0.009784
2.687100,2.772606,0.013471
2.687100,6.858040,0.126987
2.687100,3.855835,-0.092200
2.687100,2.693600,-0.003512
2.687100,2.873050,0.024431
2.687100,10.056177,0.079737
2.687100,3.291303,-0.060205
2.687100,2.687119,-0.000314
2.687100,3.204378,0.053771
2.687100,10.776537,-0.060392
2.687100,2.907292,-0.027879
2.687100,2.689387,0.002762
2.687100,3.675541,0.083617
2.687100,7.583983,-0.120799
2.687100,2.792180,-0.015770
2.687100,2.719981,0.007178
2.687100,4.875161,0.121154
2.687100,4.921586,-0.121882
2.687100,2.721233,-0.007330
2.687100,2.791046,0.015637
2.687100,7.542619,0.121232
2.687100,3.684507,-0.084076
2.687100,2.689606,-0.002799
2.687100,2.905839,0.027734
2.687100,10.750292,0.061207
2.687100,3.207586,-0.054016
2.687100,2.687165,0.000296
2.687100,3.289556,0.060080
2.687100,10.070543,-0.079400
2.687100,2.873651,-0.024492
2.687100,2.693627,0.003511
2.687100,3.856111,0.092212
2.687100,6.857089,-0.126993
2.687100,2.772588,-0.013467
2.687100,2.741823,0.009810
2.687100,5.693151,0.128941
2.687100,4.313908,-0.108723
2.687100,2.704899,-0.005276
2.687100,2.813559,0.018177
2.687100,8.330795,0.111529
2.687100,3.533338,-0.075838
2.687100,2.686853,-0.002066
2.687100,2.960944,0.033057
2.687100,11.480991,0.031502
2.687100,3.107759,-0.046050
2.687100,2.686889,0.000990
2.687100,3.381964,0.066438
2.687100,9.342628,-0.094782
2.687100,2.846111,-0.021640
2.687100,2.698312,0.004265
2.687100,4.047615,0.099957
2.687100,6.279197,-0.129431
2.687100,2.757370,-0.011647
2.687100,2.759917,0.011950
2.687100,6.375675,0.129204
2.687100,4.011677,-0.098602
2.687100,2.697453,-0.004122
2.687100,2.851738,0.022227
2.687100,9.501522,0.091694
2.687100,3.360975,-0.065036
2.687100,2.687005,-0.000826
2.687100,3.132015,0.048046
2.687100,11.327848,-0.039595
2.687100,2.945420,-0.031584
2.687100,2.687293,0.002233
2.687100,3.564461,0.077623
2.687100,8.151740,-0.113995
2.687100,2.808279,-0.017592
2.687100,2.707768,0.005648
2.687100,4.420977,0.111673
2.687100,5.507468,-0.128006
2.687100,2.736924,-0.009217
2.687100,2.777771,0.014073
2.687100,7.050471,0.125652
2.687100,3.802741,-0.089809
2.687100,2.692487,-0.003278
2.687100,2.886918,0.025835
2.687100,10.373077,0.071896
2.687100,3.253066,-0.057429
2.687100,2.687501,0.000007
2.687100,3.254876,0.057563
2.687100,10.357996,-0.072289
2.687100,2.886223,-0.025764
2.687100,2.692584,0.003295
2.687100,3.806794,0.089996
2.687100,7.035209,-0.125767
2.687100,2.777364,-0.014025
2.687100,2.737411,0.009276
2.687100,5.525783,0.128118
2.687100,4.409799,-0.111379
2.687100,2.707472,-0.005609
2.687100,2.808925,0.017664
2.687100,8.173735,0.113700
2.687100,3.560550,-0.077402
2.687100,2.687248,-0.002210
2.687100,2.947690,0.031801
2.687100,11.352688,0.038397
2.687100,3.128310,-0.047744
2.687100,2.687010,0.000854
2.687100,3.364903,0.065300
2.687100,9.471469,-0.092289
2.687100,2.850663,-0.022114
2.687100,2.697709,0.004160
2.687100,4.021723,0.098985
2.687100,6.348213,-0.129277
2.687100,2.759199,-0.011863
2.687100,2.758311,0.011757
2.687100,6.314568,0.129357
2.687100,4.034227,-0.099457
2.687100,2.698008,-0.004210
2.687100,2.848687,0.021908
2.687100,9.415909,0.093375
2.687100,3.372215,-0.065790
2.687100,2.686967,-0.000911
2.687100,3.119800,0.047046
2.687100,11.407858,-0.035594
2.687100,2.953036,-0.032309
2.687100,2.687078,0.002151
2.687100,3.549220,0.076755
2.687100,8.238258,-0.112822
2.687100,2.810819,-0.017874
2.687100,2.706385,0.005469
2.687100,4.369297,0.110287
2.687100,5.594168,-0.128496
2.687100,2.739217,-0.009494
2.687100,2.775467,0.013803
2.687100,6.964511,0.126278
2.687100,3.825914,-0.090866
2.687100,2.692990,-0.003378
2.687100,2.881391,0.025277
2.687100,10.250850,0.075024
2.687100,3.267749,-0.058506
2.687100,2.687386,-0.000113
2.687100,3.236450,0.056197
2.687100,10.511494,-0.068173
2.687100,2.893483,-0.026498
2.687100,2.691361,0.003097
2.687100,3.757320,0.087676
2.687100,7.228417,-0.124214
2.687100,2.782524,-0.014638
2.687100,2.730947,0.008504
2.687100,5.283652,0.126282
2.687100,4.570263,-0.115300
2.687100,2.711745,-0.006163
2.687100,2.800988,0.016782
2.687100,7.899574,0.117212
2.687100,3.611243,-0.080219
2.687100,2.687953,-0.002483
2.687100,2.922210,0.029347
2.687100,11.023285,0.052111
2.687100,3.173537,-0.051375
2.687100,2.686897,0.000511
2.687100,3.315173,0.061894
2.687100,9.861925,-0.084152
2.687100,2.865213,-0.023631
2.687100,2.694336,0.003657
2.687100,3.889606,0.093664
2.687100,6.743676,-0.127666
2.687100,2.769553,-0.013114
2.687100,2.744432,0.010127
2.687100,5.792553,0.129274
2.687100,4.261797,-0.107175
2.687100,2.703502,-0.005093
2.687100,2.816309,0.018479
2.687100,8.422667,0.110206
2.687100,3.517975,-0.074940
2.687100,2.686649,-0.001982
2.687100,2.969049,0.033818
2.687100,11.545762,0.027376
2.687100,3.096051,-0.045072
2.687100,2.686790,0.001064
2.687100,3.390694,0.067014
2.687100,9.277786,-0.096004
2.687100,2.843856,-0.021405
2.687100,2.698457,0.004298
2.687100,4.055153,0.100236
2.687100,6.259562,-0.129468
2.687100,2.756836,-0.011587
2.687100,2.759968,0.011959
2.687100,6.378247,0.129197
2.687100,4.010740,-0.098567
2.687100,2.697391,-0.004123
2.687100,2.850676,0.022118
2.687100,9.472174,0.092275
2.687100,3.364806,-0.065294
2.687100,2.686920,-0.000864
2.687100,3.125519,0.047516
2.687100,11.371052,-0.037487
2.687100,2.949414,-0.031966
2.687100,2.687070,0.002177
2.687100,3.552775,0.076959
2.687100,8.217855,-0.113102
2.687100,2.810206,-0.017808
2.687100,2.706394,0.005475
2.687100,4.370303,0.110315
2.687100,5.592425,-0.128487
2.687100,2.739159,-0.009490
2.687100,2.775177,0.013772
2.687100,6.954108,0.126351
2.687100,3.828773,-0.090995
2.687100,2.693016,-0.003395
2.687100,2.879569,0.025094
2.687100,10.209493,0.076052
2.687100,3.272729,-0.058868
2.687100,2.687290,-0.000160
2.687100,3.228393,0.055594
2.687100,10.578469,-0.066294
2.687100,2.896801,-0.026832
2.687100,2.690761,0.003002
2.687100,3.733365,0.086517
2.687100,7.327666,-0.123331
2.687100,2.785192,-0.014953
2.687100,2.727643,0.008107
2.687100,5.160370,0.125023
2.687100,4.664025,-0.117310
2.687100,2.714267,-0.006480
2.687100,2.797615,0.016400
2.687100,7.780329,0.118626
2.687100,3.634724,-0.081482
2.687100,2.688395,-0.002594
2.687100,2.914164,0.028560
2.687100,10.895434,0.056553
2.687100,3.189693,-0.052638
2.687100,2.686884,0.000393
2.687100,3.298422,0.060714
2.687100,9.997796,-0.081093
2.687100,2.870629,-0.024188
2.687100,2.693335,0.003499
2.687100,3.849426,0.091918
2.687100,6.880383,-0.126845
2.687100,2.773162,-0.013545
2.687100,2.739849,0.009583
2.687100,5.620149,0.128624
2.687100,4.354386,-0.109875
2.687100,2.705899,-0.005427
2.687100,2.808892,0.017672
2.687100,8.174579,0.113689
2.687100,3.560380,-0.077394
2.687100,2.686965,-0.002242
2.687100,2.938872,0.030962
2.687100,11.251593,0.043068
2.687100,3.142990,-0.048939
2.687100,2.686706,0.000711
2.687100,3.339932,0.063609
2.687100,9.664779,-0.088375
2.687100,2.857667,-0.022853
2.687100,2.695188,0.003813
2.687100,3.927129,0.095240
2.687100,6.623339,-0.128280
2.687100,2.766356,-0.012737
2.687100,2.747570,0.010503
2.687100,5.911657,0.129530
2.687100,4.203532,-0.105351
2.687100,2.701982,-0.004882
2.687100,2.820814,0.018968
2.687100,8.570262,0.107999
2.687100,3.494089,-0.073518
2.687100,2.686476,-0.001834
2.687100,2.986337,0.035422
2.687100,11.651302,0.018822
2.687100,3.073015,-0.043118
2.687100,2.686674,0.001219
2.687100,3.410575,0.068309
2.687100,9.133071,-0.098654
2.687100,2.838932,-0.020889
2.687100,2.699131,0.004414
2.687100,4.083984,0.101285
2.687100,6.186378,-0.129575
2.687100,2.754892,-0.011359
2.687100,2.761505,0.012145
2.687100,6.436935,0.129020
2.687100,3.989773,-0.097755
2.687100,2.696863,-0.004043
2.687100,2.853134,0.022375
2.687100,9.540544,0.090915
2.687100,3.355897,-0.064694
2.687100,2.686923,-0.000800
2.687100,3.134350,0.048237
2.687100,11.311937,-0.040344
2.687100,2.944000,-0.031450
2.687100,2.687194,0.002231
2.687100,3.562650,0.077521
2.687100,8.161876,-0.113859
2.687100,2.808560,-0.017627
2.687100,2.707197,0.005580
2.687100,4.400505,0.111133
2.687100,5.541184,-0.128208
2.687100,2.737802,-0.009327
2.687100,2.776452,0.013922
2.687100,7.001843,0.126012
2.687100,3.815741,-0.090405
2.687100,2.692722,-0.003340
2.687100,2.882317,0.025372
2.687100,10.271869,0.074496
2.687100,3.265217,-0.058321
2.687100,2.687336,-0.000100
2.687100,3.237366,0.056266
2.687100,10.503846,-0.068384
2.687100,2.893105,-0.026461
2.687100,2.691288,0.003091
2.687100,3.755240,0.087577
2.687100,7.236876,-0.124141
2.687100,2.782744,-0.014665
2.687100,2.730492,0.008450
2.687100,5.266844,0.126124
2.687100,4.582517,-0.115574
2.687100,2.712067,-0.006206
2.687100,2.800319,0.016707
2.687100,7.876239,0.117494
2.687100,3.615763,-0.080464
2.687100,2.688011,-0.002507
2.687100,2.919799,0.029112
2.687100,10.986235,0.053436
2.687100,3.178268,-0.051747
2.687100,2.686860,0.000473
2.687100,3.309184,0.061474
2.687100,9.910270,-0.083078
2.687100,2.867113,-0.023827
2.687100,2.693879,0.003589
2.687100,3.871861,0.092901
2.687100,6.803003,-0.127325
2.687100,2.771112,-0.013302
2.687100,2.742294,0.009874
2.687100,5.712244,0.129014
2.687100,4.303629,-0.108424
2.687100,2.704570,-0.005246
2.687100,2.812469,0.018063
2.687100,8.295206,0.112031
2.687100,3.539385,-0.076190
2.687100,2.686770,-0.002118
2.687100,2.952559,0.032266
2.687100,11.403272,0.035836
2.687100,3.120515,-0.047106
2.687100,2.686762,0.000882
2.687100,3.364722,0.065290
2.687100,9.472745,-0.092264
2.687100,2.850676,-0.022122
2.687100,2.696837,0.004058
2.687100,3.991611,0.097828
2.687100,6.431695,-0.129038
2.687100,2.761339,-0.012131
2.687100,2.754231,0.011287
2.687100,6.162318,0.129599
2.687100,4.093713,-0.101633
2.687100,2.699310,-0.004458
2.687100,2.835805,0.020562
2.687100,9.039575,0.100310
2.687100,3.423725,-0.069155
2.687100,2.686545,-0.001327
2.687100,3.056157,0.041666
2.687100,11.706346,-0.012187
2.687100,3.000246,-0.036696
2.687100,2.686378,0.001719
2.687100,3.476252,0.072437
2.687100,8.684298,-0.106225
2.687100,2.824353,-0.019349
2.687100,2.700910,0.004731
2.687100,4.162167,0.103995
2.687100,6.001797,-0.129626
2.687100,2.749941,-0.010788
2.687100,2.763850,0.012442
2.687100,6.528882,0.128689
2.687100,3.958138,-0.096503
2.687100,2.695897,-0.003941
2.687100,2.851666,0.022232
2.687100,9.501187,0.091701
2.687100,3.360992,-0.065041
2.687100,2.686553,-0.000880
2.687100,3.117435,0.046854
2.687100,11.422593,-0.034809
2.687100,2.954518,-0.032454
2.687100,2.686423,0.002063
2.687100,3.525721,0.075397
2.687100,8.375918,-0.110884
2.687100,2.814844,-0.018331
2.687100,2.702517,0.004989
2.687100,4.228983,0.106161
2.687100,5.858510,-0.129435
2.687100,2.746102,-0.010343
2.687100,2.765790,0.012686
2.687100,6.604556,0.128367
2.687100,3.933164,-0.095490
2.687100,2.695143,-0.003859
2.687100,2.850797,0.022148
2.687100,9.477899,0.092163
2.687100,3.364018,-0.065246
2.687100,2.686286,-0.000933
2.687100,3.105882,0.045898
2.687100,11.491675,-0.030860
2.687100,2.962160,-0.033178
2.687100,2.685966,0.001952
2.687100,3.502424,0.074022
2.687100,8.517863,-0.108795
2.687100,2.819103,-0.018804
2.687100,2.699738,0.004633
2.687100,4.127273,0.102812
2.687100,6.081671,-0.129645
2.687100,2.751910,-0.011054
2.687100,2.757765,0.011752
2.687100,6.303754,0.129383
2.687100,4.038225,-0.099612
2.687100,2.697492,-0.004296
2.687100,2.829069,0.019871
2.687100,8.835976,0.103773
2.687100,3.453259,-0.071023
2.687100,2.685803,-0.001624
2.687100,3.003978,0.037039
2.687100,11.716976,0.010434
2.687100,3.051814,-0.041292
2.687100,2.686019,0.001297
2.687100,3.410793,0.068328
2.687100,9.131217,-0.098688
2.687100,2.838773,-0.020892
2.687100,2.696572,0.004116
2.687100,3.995648,0.097988
2.687100,6.420174,-0.129075
2.687100,2.760889,-0.012111
2.687100,2.750319,0.010853
2.687100,6.019351,0.129636
2.687100,4.154344,-0.103734
2.687100,2.700537,-0.004722
2.687100,2.819760,0.018867
2.687100,8.538115,0.108489
2.687100,3.499188,-0.073827
2.687100,2.686146,-0.001908
2.687100,2.970976,0.034002
2.687100,11.559836,0.026396
2.687100,3.093313,-0.044844
2.687100,2.686430,0.001042
2.687100,3.381654,0.066421
2.687100,9.344732,-0.094743
2.687100,2.846120,-0.021654
2.687100,2.696624,0.004067
2.687100,3.989300,0.097739
2.687100,6.438208,-0.129017
2.687100,2.761448,-0.012159
2.687100,2.752221,0.011061
2.687100,6.088443,0.129642
2.687100,4.124426,-0.102712
2.687100,2.699943,-0.004591
2.687100,2.828006,0.019741
2.687100,8.800092,0.104363
2.687100,3.458648,-0.071354
2.687100,2.686314,-0.001602
2.687100,3.015107,0.038040
2.687100,11.738460,0.005348
2.687100,3.039591,-0.040218
2.687100,2.686400,0.001432
2.687100,3.436075,0.069940
2.687100,8.953397,-0.101800
2.687100,2.832958,-0.020264
2.687100,2.699320,0.004481
2.687100,4.097213,0.101758
2.687100,6.153723,-0.129607
2.687100,2.753969,-0.011263
2.687100,2.760525,0.012043
2.687100,6.402249,0.129129
2.687100,4.002068,-0.098234
2.687100,2.696997,-0.004110
2.687100,2.846209,0.021660
2.687100,9.346857,0.094702
2.687100,3.381376,-0.066401
2.687100,2.686537,-0.001027
2.687100,3.097015,0.045155
2.687100,11.540627,-0.027726
2.687100,2.968341,-0.033754
2.687100,2.686300,0.001946
2.687100,3.507079,0.074297
2.687100,8.489165,-0.109224
2.687100,2.818280,-0.018703
2.687100,2.701490,0.004844
2.687100,4.189239,0.104889
2.687100,5.942221,-0.129572
2.687100,2.748313,-0.010607
2.687100,2.763704,0.012438
2.687100,6.525614,0.128702
2.687100,3.959220,-0.096548
2.687100,2.695768,-0.003963
2.687100,2.846660,0.021716
2.687100,9.361020,0.094433
2.687100,3.379464,-0.066277
2.687100,2.686228,-0.001050
2.687100,3.088921,0.044475
2.687100,11.581649,-0.024800
2.687100,2.974154,-0.034300
2.687100,2.685871,0.001852
2.687100,3.486686,0.073076
2.687100,8.616955,-0.107281
2.687100,2.822158,-0.019133
2.687100,2.698886,0.004511
2.687100,4.094232,0.101655
2.687100,6.160914,-0.129602
2.687100,2.753993,-0.011304
2.687100,2.755533,0.011487
2.687100,6.219313,0.129534
2.687100,4.070804,-0.100813
2.687100,2.698294,-0.004422
2.687100,2.824767,0.019413
2.687100,8.700440,0.105970
2.687100,3.473733,-0.072287
2.687100,2.685826,-0.001766
2.687100,2.985093,0.035313
2.687100,11.645285,0.019412
2.687100,3.074530,-0.043252
2.687100,2.686161,0.001147
2.687100,3.392044,0.067107
2.687100,9.267553,-0.096196
2.687100,2.843416,-0.021377
2.687100,2.696181,0.004036
2.687100,3.977034,0.097258
2.687100,6.473358,-0.128898
2.687100,2.762318,-0.012275
2.687100,2.749572,0.010758
2.687100,5.990142,0.129619
2.687100,4.167375,-0.104170
2.687100,2.700917,-0.004764
2.687100,2.819959,0.018885
2.687100,8.544060,0.108398
2.687100,3.498244,-0.073770
2.687100,2.686230,-0.001892
2.687100,2.974538,0.034333
2.687100,11.584065,0.024616
2.687100,3.088433,-0.044432
2.687100,2.686494,0.001085
2.687100,3.388759,0.066889
2.687100,9.291954,-0.095740
2.687100,2.844302,-0.021461
2.687100,2.697248,0.004154
2.687100,4.012861,0.098649
2.687100,6.372347,-0.129214
2.687100,2.759733,-0.011950
2.687100,2.754673,0.011348
2.687100,6.180542,0.129582
2.687100,4.086316,-0.101370
2.687100,2.699042,-0.004440
2.687100,2.834099,0.020386
2.687100,8.988386,0.101200
2.687100,3.431029,-0.069621
2.687100,2.686391,-0.001397
2.687100,3.044173,0.040621
2.687100,11.731954,-0.007273
2.687100,3.010865,-0.037659
2.687100,2.686274,0.001629
2.687100,3.461720,0.071545
2.687100,8.779632,-0.104696
2.687100,2.827347,-0.019672
2.687100,2.699887,0.004589
2.687100,4.123214,0.102670
2.687100,6.091292,-0.129642
2.687100,2.752284,-0.011072
2.687100,2.761019,0.012110
2.687100,6.422447,0.129067
2.687100,3.994861,-0.097956
2.687100,2.696726,-0.004093
2.687100,2.844291,0.021464
2.687100,9.292203,0.095735
2.687100,3.388717,-0.066887
2.687100,2.686354,-0.001101
2.687100,3.083974,0.044055
2.687100,11.604975,-0.022971
2.687100,2.977845,-0.034641
2.687100,2.686047,0.001846
2.687100,3.488669,0.073195
2.687100,8.604397,-0.107475
2.687100,2.821798,-0.019088
2.687100,2.699771,0.004617
2.687100,4.125400,0.102747
2.687100,6.086095,-0.129643
2.687100,2.752065,-0.011064
2.687100,2.758775,0.011863
2.687100,6.340551,0.129298
2.687100,4.024491,-0.099094
2.687100,2.697245,-0.004233
2.687100,2.833731,0.020361
2.687100,8.979256,0.101358
2.687100,3.432313,-0.069706
2.687100,2.685943,-0.001459
2.687100,3.028584,0.039248
2.687100,11.746026,-0.000635
2.687100,3.025678,-0.038989
2.687100,2.685929,0.001479
2.687100,3.434877,0.069868
2.687100,8.961470,-0.101663
2.687100,2.833147,-0.020299
2.687100,2.697298,0.004243
2.687100,4.026984,0.099189
2.687100,6.333821,-0.129314
2.687100,2.758593,-0.011842
2.687100,2.752147,0.011075
2.687100,6.089319,0.129643
2.687100,4.124029,-0.102700
2.687100,2.699729,-0.004613
2.687100,2.821722,0.019081
2.687100,8.602040,0.107511
2.687100,3.489039,-0.073217
2.687100,2.686036,-0.001850
2.687100,2.977140,0.034576
2.687100,11.600662,0.023320
2.687100,3.084913,-0.044135
2.687100,2.686346,0.001093
2.687100,3.387510,0.066808
2.687100,9.301131,-0.095568
2.687100,2.844598,-0.021496
2.687100,2.696634,0.004080
2.687100,3.991349,0.097819
2.687100,6.432376,-0.129036
2.687100,2.761278,-0.012142
2.687100,2.751929,0.011030
2.687100,6.077961,0.129644
2.687100,4.128887,-0.102866
2.687100,2.700024,-0.004611
2.687100,2.826530,0.019585
2.687100,8.753905,0.105113
2.687100,3.465607,-0.071785
2.687100,2.686270,-0.001657
2.687100,3.007031,0.037312
2.687100,11.724276,0.009031
2.687100,3.048414,-0.040992
2.687100,2.686413,0.001369
2.687100,3.427360,0.069387
2.687100,9.014007,-0.100756
2.687100,2.834943,-0.020474
2.687100,2.698954,0.004423
2.687100,4.082306,0.101226
2.687100,6.190516,-0.129570
2.687100,2.754940,-0.011379
2.687100,2.759614,0.011934
2.687100,6.367654,0.129227
2.687100,4.014571,-0.098715
2.687100,2.697301,-0.004159
2.687100,2.844413,0.021472
2.687100,9.295101,0.095681
2.687100,3.388335,-0.066861
2.687100,2.686514,-0.001079
2.687100,3.089509,0.044523
2.687100,11.578845,-0.025010
2.687100,2.973749,-0.034259
2.687100,2.686258,0.001901
2.687100,3.500011,0.073875
2.687100,8.533023,-0.108565
2.687100,2.819623,-0.018848
2.687100,2.701102,0.004789
2.687100,4.174194,0.104395
2.687100,5.975051,-0.129607
2.687100,2.749178,-0.010710
2.687100,2.762849,0.012337
2.687100,6.493299,0.128826
2.687100,3.970182,-0.096986
2.687100,2.696030,-0.004007
2.687100,2.844886,0.021531
2.687100,9.310066,0.095400
2.687100,3.386297,-0.066729
2.687100,2.686200,-0.001102
2.687100,3.081392,0.043837
2.687100,11.616532,-0.022009
2.687100,2.979785,-0.034822
2.687100,2.685852,0.001808
2.687100,3.480127,0.072678
2.687100,8.659010,-0.106624
2.687100,2.823469,-0.019274
2.687100,2.698605,0.004468
2.687100,4.083043,0.101255
2.687100,6.188569,-0.129574
2.687100,2.754724,-0.011391
2.687100,2.754841,0.011405
2.687100,6.193036,0.129569
2.687100,4.081252,-0.101191
2.687100,2.698560,-0.004462
2.687100,2.823669,0.019295
2.687100,8.665403,0.106524
2.687100,3.479136,-0.072617
2.687100,2.685848,-0.001802
2.687100,2.980624,0.034900
2.687100,11.621338,0.021597
2.687100,3.080293,-0.043744
2.687100,2.686195,0.001109
2.687100,3.387253,0.066792
2.687100,9.302968,-0.095533
2.687100,2.844640,-0.021505
2.687100,2.696060,0.004012
2.687100,3.971514,0.097039
2.687100,6.489408,-0.128840
2.687100,2.762746,-0.012325
2.687100,2.749270,0.010721
2.687100,5.978555,0.129610
2.687100,4.172605,-0.104343
2.687100,2.701060,-0.004783
2.687100,2.819743,0.018861
2.687100,8.536945,0.108506
2.687100,3.499382,-0.073838
2.687100,2.686253,-0.001897
2.687100,2.974187,0.034300
2.687100,11.581749,0.024792
2.687100,3.088912,-0.044472
2.687100,2.686511,0.001083
2.687100,3.388830,0.066893
2.687100,9.291436,-0.095749
2.687100,2.844286,-0.021459
2.687100,2.697315,0.004162
2.687100,4.015201,0.098739
2.687100,6.365927,-0.129231
2.687100,2.759568,-0.011929
2.687100,2.754974,0.011383
2.687100,6.191818,0.129569
2.687100,4.081784,-0.101207
2.687100,2.698940,-0.004421
2.687100,2.834981,0.020479
2.687100,9.015187,0.100736
2.687100,3.427191,-0.069377
2.687100,2.686412,-0.001368
2.687100,3.048533,0.041002
2.687100,11.724037,-0.009081
2.687100,3.006923,-0.037303
2.687100,2.686268,0.001657
2.687100,3.465644,0.071787
2.687100,8.753662,-0.105117
2.687100,2.826522,-0.019584
2.687100,2.700015,0.004610
2.687100,4.128593,0.102856
2.687100,6.078649,-0.129644
2.687100,2.751947,-0.011032
2.687100,2.761242,0.012138
2.687100,6.431041,0.129040
2.687100,3.991821,-0.097837
2.687100,2.696644,-0.004082
2.687100,2.844476,0.021483
2.687100,9.297613,0.095634
2.687100,3.387985,-0.066839
2.687100,2.686342,-0.001097
2.687100,3.084314,0.044084
2.687100,11.603418,-0.023097
2.687100,2.977589,-0.034617
2.687100,2.686031,0.001846
2.687100,3.488412,0.073179
2.687100,8.606030,-0.107450
2.687100,2.821846,-0.019094
2.687100,2.699689,0.004607
2.687100,4.122487,0.102646
2.687100,6.092954,-0.129642
2.687100,2.752242,-0.011086
2.687100,2.758483,0.011829
2.687100,6.329646,0.129324
2.687100,4.028536,-0.099247
2.687100,2.697335,-0.004249
2.687100,2.832900,0.020273
2.687100,8.953906,0.101792
2.687100,3.435971,-0.069937
2.687100,2.685927,-0.001487
2.687100,3.024552,0.038889
2.687100,11.745792,0.001130
2.687100,3.029723,-0.039349
2.687100,2.685951,0.001452
2.687100,3.431407,0.069648
2.687100,8.985559,-0.101249
2.687100,2.833938,-0.020383
2.687100,2.697240,0.004230
2.687100,4.024090,0.099079
2.687100,6.341640,-0.129295
2.687100,2.758805,-0.011866
2.687100,2.752096,0.011067
2.687100,6.087193,0.129643
2.687100,4.124933,-0.102731
2.687100,2.699763,-0.004615
2.687100,2.821978,0.019107
2.687100,8.610173,0.107385
2.687100,3.487762,-0.073140
2.687100,2.686051,-0.001839
2.687100,2.978837,0.034733
2.687100,11.610922,0.022481
2.687100,3.082659,-0.043944
2.687100,2.686355,0.001111
2.687100,3.390111,0.066979
2.687100,9.281899,-0.095928
2.687100,2.843936,-0.021426
2.687100,2.696806,0.004105
2.687100,3.998003,0.098078
2.687100,6.413604,-0.129095
2.687100,2.760787,-0.012083
2.687100,2.752569,0.011105
2.687100,6.102044,0.129638
2.687100,4.118668,-0.102512
2.687100,2.699776,-0.004571
2.687100,2.827962,0.019737
2.687100,8.798920,0.104382
2.687100,3.458822,-0.071365
2.687100,2.686275,-0.001608
2.687100,3.013682,0.037913
2.687100,11.736507,0.005992
2.687100,3.041115,-0.040352
2.687100,2.686373,0.001418
2.687100,3.433597,0.069784
2.687100,8.970532,-0.101507
2.687100,2.833512,-0.020324
2.687100,2.699090,0.004450
2.687100,4.088619,0.101452
2.687100,6.174838,-0.129588
2.687100,2.754518,-0.011331
2.687100,2.759755,0.011953
2.687100,6.373360,0.129211
2.687100,4.012491,-0.098635
2.687100,2.697229,-0.004154
2.687100,2.844025,0.021432
2.687100,9.284016,0.095888
2.687100,3.389831,-0.066960
2.687100,2.686473,-0.001095
2.687100,3.086710,0.044286
2.687100,11.592288,-0.023982
2.687100,2.975811,-0.034451
2.687100,2.686202,0.001879
2.687100,3.495970,0.073633
2.687100,8.558310,-0.108182
2.687100,2.820394,-0.018933
2.687100,2.700719,0.004738
2.687100,4.159955,0.103922
2.687100,6.006717,-0.129629
2.687100,2.750004,-0.010811
2.687100,2.761763,0.012210
2.687100,6.452541,0.128970
2.687100,3.984261,-0.097542
2.687100,2.696344,-0.004066
2.687100,2.841959,0.021225
2.687100,9.225081,0.096982
2.687100,3.397833,-0.067486
2.687100,2.686125,-0.001193
2.687100,3.067780,0.042673
2.687100,11.670531,-0.016805
2.687100,2.990488,-0.035809
2.687100,2.685817,0.001725
2.687100,3.467780,0.071922
2.687100,8.739396,-0.105347
2.687100,2.825995,-0.019544
2.687100,2.698060,0.004386
2.687100,4.061308,0.100467
2.687100,6.243530,-0.129497
2.687100,2.756173,-0.011563
2.687100,2.753404,0.011233
2.687100,6.138465,0.129620
2.687100,4.103443,-0.101981
2.687100,2.699123,-0.004545
2.687100,2.821294,0.019040
2.687100,8.589049,0.107712
2.687100,3.491077,-0.073341
2.687100,2.685897,-0.001880
2.687100,2.970763,0.033984
2.687100,11.558409,0.026497
2.687100,3.093585,-0.044868
2.687100,2.686249,0.001018
2.687100,3.375375,0.066006
2.687100,9.391742,-0.093843
2.687100,2.847739,-0.021829
2.687100,2.695626,0.003938
2.687100,3.953117,0.096302
2.687100,6.543832,-0.128629
2.687100,2.764187,-0.012495
2.687100,2.747849,0.010551
2.687100,5.924611,0.129550
2.687100,4.197433,-0.105155
2.687100,2.701704,-0.004874
2.687100,2.817625,0.018632
2.687100,8.467660,0.109544
2.687100,3.510575,-0.074505
2.687100,2.686326,-0.001967
2.687100,2.965836,0.033520
2.687100,11.521436,0.028994
2.687100,3.100581,-0.045453
2.687100,2.686549,0.001002
2.687100,3.378095,0.066184
2.687100,9.371431,-0.094233
2.687100,2.847068,-0.021750
2.687100,2.696854,0.004087
2.687100,3.996171,0.098006
2.687100,6.418786,-0.129079
2.687100,2.760961,-0.012095
2.687100,2.753501,0.011208
2.687100,6.136017,0.129620
2.687100,4.104497,-0.102015
2.687100,2.699499,-0.004509
2.687100,2.832014,0.020164
2.687100,8.924354,0.102294
2.687100,3.440292,-0.070206
2.687100,2.686396,-0.001462
2.687100,3.035393,0.039848
2.687100,11.742719,-0.003564
2.687100,3.019081,-0.038397
2.687100,2.686339,0.001576
2.687100,3.455329,0.071148
2.687100,8.822309,-0.103998
2.687100,2.828719,-0.019816
2.687100,2.699914,0.004582
2.687100,4.122609,0.102649
2.687100,6.092729,-0.129641
2.687100,2.752341,-0.011074
2.687100,2.761564,0.012171
2.687100,6.442316,0.129003
2.687100,3.987859,-0.097682
2.687100,2.696609,-0.004059
2.687100,2.846970,0.021742
2.687100,9.368921,0.094281
2.687100,3.378425,-0.066206
2.687100,2.686476,-0.001013
2.687100,3.097918,0.045231
2.687100,11.535815,-0.028049
2.687100,2.967697,-0.033695
2.687100,2.686216,0.001941
2.687100,3.504957,0.074171
2.687100,8.502247,-0.109029
2.687100,2.818667,-0.018748
2.687100,2.701025,0.004787
2.687100,4.172560,0.104342
2.687100,5.978644,-0.129610
2.687100,2.749255,-0.010724
2.687100,2.762229,0.012268
2.687100,6.470534,0.128908
2.687100,3.978006,-0.097296
2.687100,2.696170,-0.004044
2.687100,2.842193,0.021250
2.687100,9.232088,0.096853
2.687100,3.396872,-0.067424
2.687100,2.686092,-0.001190
2.687100,3.067651,0.042663
2.687100,11.670977,-0.016756
2.687100,2.990589,-0.035818
2.687100,2.685777,0.001720
2.687100,3.466353,0.071835
2.687100,8.748770,-0.105197
2.687100,2.826285,-0.019576
2.687100,2.697834,0.004357
2.687100,4.053161,0.100167
2.687100,6.264554,-0.129461
2.687100,2.756718,-0.011630
2.687100,2.752569,0.011136
2.687100,6.107150,0.129637
2.687100,4.116484,-0.102438
2.687100,2.699435,-0.004596
2.687100,2.819324,0.018830
2.687100,8.525373,0.108682
2.687100,3.501213,-0.073950
2.687100,2.685910,-0.001950
2.687100,2.961519,0.033118
2.687100,11.486270,0.031187
2.687100,3.106820,-0.045977
2.687100,2.686246,0.000921
2.687100,3.361718,0.065092
2.687100,9.495482,-0.091815
2.687100,2.851421,-0.022214
2.687100,2.694878,0.003823
2.687100,3.923333,0.095085
2.687100,6.635134,-0.128225
2.687100,2.766588,-0.012783
2.687100,2.744908,0.010203
2.687100,5.813719,0.129332
2.687100,4.251104,-0.106849
2.687100,2.703073,-0.005071
2.687100,2.812505,0.018079
2.687100,8.298198,0.111989
2.687100,3.538854,-0.076162
2.687100,2.686489,-0.002147
2.687100,2.944151,0.031470
2.687100,11.314001,0.040248
2.687100,3.134028,-0.048214
2.687100,2.686494,0.000751
2.687100,3.342085,0.063758
2.687100,9.647781,-0.088728
2.687100,2.857008,-0.022790
2.687100,2.694620,0.003751
2.687100,3.908360,0.094459
2.687100,6.682633,-0.127991
2.687100,2.767881,-0.012928
2.687100,2.744590,0.010157
2.687100,5.800422,0.129296
2.687100,4.257801,-0.107054
2.687100,2.703307,-0.005089
2.687100,2.813828,0.018217
2.687100,8.341584,0.111376
2.687100,3.531494,-0.075733
2.687100,2.686555,-0.002088
2.687100,2.953239,0.032332
2.687100,11.410085,0.035477
2.687100,3.119433,-0.047018
2.687100,2.686629,0.000874
2.687100,3.361451,0.065071
2.687100,9.497697,-0.091771
2.687100,2.851551,-0.022218
2.687100,2.696186,0.003975
2.687100,3.968192,0.096905
2.687100,6.499191,-0.128803
2.687100,2.763085,-0.012347
2.687100,2.751310,0.010947
2.687100,6.052975,0.129644
2.687100,4.139651,-0.103234
2.687100,2.700378,-0.004642
2.687100,2.827913,0.019728
2.687100,8.796714,0.104418
2.687100,3.459161,-0.071385
2.687100,2.686408,-0.001595
2.687100,3.017603,0.038264
2.687100,11.741333,0.004227
2.687100,3.036951,-0.039985
2.687100,2.686472,0.001460
2.687100,3.441194,0.070263
2.687100,8.918203,-0.102398
2.687100,2.831826,-0.020142
2.687100,2.699862,0.004552
2.687100,4.117311,0.102464
2.687100,6.105303,-0.129637
2.687100,2.752711,-0.011109
2.687100,2.762349,0.012255
2.687100,6.470527,0.128907
2.687100,3.978042,-0.097295
2.687100,2.696474,-0.004009
2.687100,2.851631,0.022224
2.687100,9.499599,0.091733
2.687100,3.361208,-0.065054
2.687100,2.686717,-0.000862
2.687100,3.122499,0.047270
2.687100,11.390578,-0.036496
2.687100,2.951293,-0.032147
2.687100,2.686719,0.002121
2.687100,3.539037,0.076171
2.687100,8.297220,-0.112003
2.687100,2.812520,-0.018071
2.687100,2.704298,0.005214
2.687100,4.294015,0.108142
2.687100,5.730328,-0.129079
2.687100,2.742761,-0.009933
2.687100,2.770327,0.013212
2.687100,6.773921,0.127495
2.687100,3.880494,-0.093274
2.687100,2.694042,-0.003629
2.687100,2.864349,0.023545
2.687100,9.840242,0.084629
2.687100,3.317860,-0.062083
2.687100,2.686749,-0.000548
2.687100,3.166101,0.050788
2.687100,11.080663,-0.049991
2.687100,2.926070,-0.029725
2.687100,2.687491,0.002400
2.687100,3.591615,0.079144
2.687100,8.002890,-0.115931
2.687100,2.803917,-0.017116
2.687100,2.709038,0.005828
2.687100,4.470884,0.112947
2.687100,5.428469,-0.127476
2.687100,2.734781,-0.008970
2.687100,2.778377,0.014156
2.687100,7.074963,0.125466
2.687100,3.796276,-0.089512
2.687100,2.692175,-0.003270
2.687100,2.883079,0.025453
2.687100,10.289346,0.074054
2.687100,3.263106,-0.058169
2.687100,2.687169,-0.000105
2.687100,3.234031,0.056018
2.687100,10.531539,-0.067616
2.687100,2.894448,-0.026599
2.687100,2.690736,0.003016
2.687100,3.735043,0.086599
2.687100,7.320561,-0.123397
2.687100,2.784982,-0.014933
2.687100,2.727353,0.008076
2.687100,5.150108,0.124908
2.687100,4.672250,-0.117477
2.687100,2.714471,-0.006509
2.687100,2.796818,0.016312
2.687100,7.752479,0.118947
2.687100,3.640340,-0.081781
2.687100,2.688442,-0.002628
2.687100,2.910376,0.028189
2.687100,10.831312,0.058655
2.687100,3.197635,-0.053254
2.687100,2.686782,0.000323
2.687100,3.287071,0.059905
2.687100,10.090802,-0.078922
2.687100,2.874453,-0.024582
2.687100,2.692420,0.003363
2.687100,3.813984,0.090327
2.687100,7.008262,-0.125966
2.687100,2.776542,-0.013951
2.687100,2.735285,0.009041
2.687100,5.449114,0.127623
2.687100,4.457554,-0.112613
2.687100,2.708614,-0.005790
2.687100,2.802482,0.016966
2.687100,7.954561,0.116537
2.687100,3.600695,-0.079646
2.687100,2.687427,-0.002471
2.687100,2.915493,0.028697
2.687100,10.917959,0.055797
2.687100,3.186858,-0.052421
2.687100,2.686443,0.000361
2.687100,3.286834,0.059891
2.687100,10.092599,-0.078880
2.687100,2.874492,-0.024594
2.687100,2.691463,0.003250
2.687100,3.781320,0.088818
2.687100,7.132605,-0.125013
2.687100,2.779813,-0.014349
2.687100,2.729986,0.008415
2.687100,5.252007,0.125982
2.687100,4.593442,-0.115816
2.687100,2.712220,-0.006259
2.687100,2.795619,0.016200
2.687100,7.713692,0.119387
2.687100,3.648220,-0.082201
2.687100,2.688128,-0.002720
2.687100,2.893087,0.026484
2.687100,10.506085,0.068324
2.687100,3.237028,-0.056251
2.687100,2.686011,-0.000053
2.687100,3.222407,0.055153
2.687100,10.627600,-0.064883
2.687100,2.899192,-0.027093
2.687100,2.687604,0.002613
2.687100,3.624019,0.080914
2.687100,7.833881,-0.118001
2.687100,2.798991,-0.016585
2.687100,2.709400,0.005907
2.687100,4.489378,0.113404
2.687100,5.400275,-0.127268
2.687100,2.733936,-0.008891
2.687100,2.776225,0.013926
2.687100,6.998551,0.126037
2.687100,3.816590,-0.090447
2.687100,2.692298,-0.003395
2.687100,2.868228,0.023953
2.687100,9.939613,0.082419
2.687100,3.305540,-0.061221
2.687100,2.686394,-0.000501
2.687100,3.166769,0.050844
2.687100,11.075412,-0.050189
2.687100,2.925681,-0.029692
2.687100,2.686849,0.002327
2.687100,3.570459,0.077966
2.687100,8.118077,-0.114443
2.687100,2.807187,-0.017495
2.687100,2.705305,0.005371
2.687100,4.335462,0.109343
2.687100,5.653803,-0.128779
2.687100,2.740684,-0.009696
2.687100,2.770693,0.013268
2.687100,6.789824,0.127403
2.687100,3.875741,-0.093070
2.687100,2.693766,-0.003629
2.687100,2.860048,0.023108
2.687100,9.729196,0.087023
2.687100,3.331753,-0.063049
2.687100,2.686408,-0.000688
2.687100,3.141412,0.048814
2.687100,11.262674,-0.042581
2.687100,2.939761,-0.031051
2.687100,2.686440,0.002174
2.687100,3.541857,0.076336
2.687100,8.280633,-0.112235
2.687100,2.811966,-0.018023
2.687100,2.702852,0.005050
2.687100,4.243983,0.106629
2.687100,5.827990,-0.129367
2.687100,2.745267,-0.010250
2.687100,2.765671,0.012679
2.687100,6.601287,0.128383
2.687100,3.934214,-0.095534
2.687100,2.695082,-0.003873
2.687100,2.847921,0.021852
2.687100,9.397465,0.093733
2.687100,3.374607,-0.065956
2.687100,2.686108,-0.001029
2.687100,3.089813,0.044551
2.687100,11.577271,-0.025129
2.687100,2.973488,-0.034239
2.687100,2.685709,0.001838
2.687100,3.481962,0.072790
2.687100,8.647140,-0.106811
2.687100,2.823073,-0.019236
2.687100,2.697993,0.004400
2.687100,4.062246,0.100502
2.687100,6.241097,-0.129502
2.687100,2.756069,-0.011560
2.687100,2.752309,0.011112
2.687100,6.098436,0.129641
2.687100,4.120148,-0.102566
2.687100,2.699465,-0.004617
2.687100,2.816989,0.018582
2.687100,8.449674,0.109811
2.687100,3.513482,-0.074681
2.687100,2.685866,-0.002042
2.687100,2.948454,0.031884
2.687100,11.361487,0.037965
2.687100,3.126941,-0.047639
2.687100,2.686149,0.000763
2.687100,3.337967,0.063479
2.687100,9.679982,-0.088059
2.687100,2.858165,-0.022919
2.687100,2.693273,0.003585
2.687100,3.860918,0.092427
2.687100,6.840298,-0.127100
2.687100,2.771985,-0.013431
2.687100,2.737854,0.009366
2.687100,5.548614,0.128252
2.687100,4.396023,-0.111015
2.687100,2.706852,-0.005590
2.687100,2.801878,0.016914
2.687100,7.936090,0.116766
2.687100,3.604183,-0.079839
2.687100,2.687142,-0.002528
2.687100,2.903198,0.027493
2.687100,10.703740,0.062628
2.687100,3.213189,-0.054454
2.687100,2.685939,0.000111
2.687100,3.243886,0.056763
2.687100,10.448909,-0.069884
2.687100,2.890321,-0.026207
2.687100,2.688214,0.002751
2.687100,3.654097,0.082510
2.687100,7.685218,-0.119705
2.687100,2.794815,-0.016110
2.687100,2.712622,0.006311
2.687100,4.608678,0.116149
2.687100,5.231645,-0.125780
2.687100,2.729433,-0.008350
2.687100,2.780018,0.014376
2.687100,7.140658,0.124948
2.687100,3.779259,-0.088721
2.687100,2.691376,-0.003246
2.687100,2.873678,0.024512
2.687100,10.073302,0.079336
2.687100,3.289177,-0.060059
2.687100,2.686369,-0.000387
2.687100,3.182149,0.052054
2.687100,10.955400,-0.054515
2.687100,2.917804,-0.028925
2.687100,2.687157,0.002422
2.687100,3.589173,0.079011
2.687100,8.015872,-0.115767
2.687100,2.804228,-0.017165
2.687100,2.707072,0.005598
2.687100,4.401087,0.111149
2.687100,5.540177,-0.128203
2.687100,2.737685,-0.009334
2.687100,2.773800,0.013632
2.687100,6.906205,0.126676
2.687100,3.842097,-0.091594
2.687100,2.693013,-0.003486
2.687100,2.867252,0.023848
2.687100,9.914601,0.082982
2.687100,3.308634,-0.061437
2.687100,2.686579,-0.000502
2.687100,3.169719,0.051076
2.687100,11.052784,-0.051033
2.687100,2.924153,-0.029541
2.687100,2.687260,0.002386
2.687100,3.585862,0.078826
2.687100,8.033786,-0.115538
2.687100,2.804778,-0.017219
2.687100,2.707680,0.005665
2.687100,4.421906,0.111698
2.687100,5.505926,-0.127997
2.687100,2.736809,-0.009221
2.687100,2.775611,0.013837
2.687100,6.972758,0.126221
2.687100,3.823631,-0.090765
2.687100,2.692698,-0.003397
2.687100,2.874327,0.024567
2.687100,10.087530,0.078999
2.687100,3.287474,-0.059934
2.687100,2.686874,-0.000315
2.687100,3.200226,0.053453
2.687100,10.810298,-0.059328
2.687100,2.909177,-0.028069
2.687100,2.688721,0.002670
2.687100,3.651041,0.082345
2.687100,7.700198,-0.119537
2.687100,2.795370,-0.016144
2.687100,2.716090,0.006707
2.687100,4.731817,0.118644
2.687100,5.078299,-0.124053
2.687100,2.725434,-0.007842
2.687100,2.786861,0.015152
2.687100,7.389688,0.122752
2.687100,3.718855,-0.085803
2.687100,2.690374,-0.002947
2.687100,2.898073,0.026961
2.687100,10.603743,0.065571
2.687100,3.225344,-0.055365
2.687100,2.687181,0.000169
2.687100,3.272215,0.058832
2.687100,10.213704,-0.075948
2.687100,2.879741,-0.025113
2.687100,2.692696,0.003356
2.687100,3.817672,0.090494
2.687100,6.994685,-0.126064
2.687100,2.776239,-0.013902
2.687100,2.737388,0.009282
2.687100,5.526318,0.128121
2.687100,4.409465,-0.111371
2.687100,2.707406,-0.005615
2.687100,2.807171,0.017477
2.687100,8.114954,0.114483
2.687100,3.571048,-0.077996
2.687100,2.687219,-0.002287
2.687100,2.936841,0.030765
2.687100,11.226280,0.044161
2.687100,3.146533,-0.049224
2.687100,2.686820,0.000699
2.687100,3.340083,0.063619
2.687100,9.663643,-0.088399
2.687100,2.857639,-0.022848
2.687100,2.695568,0.003858
2.687100,3.940238,0.095778
2.687100,6.582901,-0.128463
2.687100,2.765314,-0.012607
2.687100,2.749474,0.010725
2.687100,5.982803,0.129612
2.687100,4.170707,-0.104279
2.687100,2.701194,-0.004755
2.687100,2.825555,0.019473
2.687100,8.721888,0.105627
2.687100,3.470492,-0.072084
2.687100,2.686487,-0.001666
2.687100,3.009267,0.037513
2.687100,11.728941,0.008008
2.687100,3.045948,-0.040775
2.687100,2.686596,0.001408
2.687100,3.435979,0.069933
2.687100,8.954145,-0.101787
2.687100,2.833013,-0.020264
2.687100,2.700134,0.004575
2.687100,4.125429,0.102745
2.687100,6.086131,-0.129642
2.687100,2.752238,-0.011045
2.687100,2.763802,0.012419
2.687100,6.524242,0.128707
2.687100,3.959719,-0.096565
2.687100,2.696130,-0.003924
2.687100,2.857495,0.022829
2.687100,9.659231,0.088490
2.687100,3.340654,-0.063657
2.687100,2.686982,-0.000684
2.687100,3.151207,0.049599
2.687100,11.192388,-0.045583
2.687100,2.934209,-0.030509
2.687100,2.687588,0.002350
2.687100,3.586218,0.078843
2.687100,8.031990,-0.115560
2.687100,2.804795,-0.017206
2.687100,2.709602,0.005887
2.687100,4.489842,0.113413
2.687100,5.399625,-0.127262
2.687100,2.734053,-0.008874
2.687100,2.780221,0.014363
2.687100,7.142079,0.124935
2.687100,3.778947,-0.088702
2.687100,2.691924,-0.003180
2.687100,2.891187,0.026265
2.687100,10.463840,0.069478
2.687100,3.242176,-0.056623
2.687100,2.687502,0.000085
2.687100,3.265823,0.058364
2.687100,10.266909,-0.074621
2.687100,2.882113,-0.025348
2.687100,2.693189,0.003396
2.687100,3.831885,0.091135
2.687100,6.942889,-0.126428
2.687100,2.774910,-0.013733
2.687100,2.740410,0.009633
2.687100,5.638542,0.128710
2.687100,4.344017,-0.109584
2.687100,2.705746,-0.005376
2.687100,2.813271,0.018140
2.687100,8.320284,0.111677
2.687100,3.535130,-0.075942
2.687100,2.687007,-0.002060
2.687100,2.964148,0.033356
2.687100,11.507714,0.029868
2.687100,3.103081,-0.045659
2.687100,2.687018,0.001039
2.687100,3.391023,0.067034
2.687100,9.275464,-0.096047
2.687100,2.843809,-0.021394
2.687100,2.699329,0.004401
2.687100,4.085415,0.101335
2.687100,6.182867,-0.129578
2.687100,2.754874,-0.011340
2.687100,2.763751,0.012394
2.687100,6.519022,0.128726
2.687100,3.961503,-0.096635
2.687100,2.696396,-0.003906
2.687100,2.864165,0.023508
2.687100,9.833218,0.084782
2.687100,3.318777,-0.062141
2.687100,2.687501,-0.000466
2.687100,3.189548,0.052622
2.687100,10.896842,-0.056505
2.687100,2.914300,-0.028564
2.687100,2.689633,0.002739
2.687100,3.676366,0.083658
2.687100,7.580238,-0.120838
2.687100,2.792134,-0.015752
2.687100,2.721678,0.007373
2.687100,4.936303,0.122104
2.687100,4.860858,-0.120922
2.687100,2.719644,-0.007125
2.687100,2.794025,0.015972
2.687100,7.648896,0.120102
2.687100,3.661755,-0.082903
2.687100,2.689285,-0.002678
2.687100,2.916959,0.028826
2.687100,10.940468,0.055029
2.687100,3.184082,-0.052197
2.687100,2.687421,0.000496
2.687100,3.321695,0.062345
2.687100,9.809782,-0.085293
2.687100,2.863249,-0.023415
2.687100,2.696338,0.003906
2.687100,3.960511,0.096596
2.687100,6.521951,-0.128715
2.687100,2.763815,-0.012404
2.687100,2.754402,0.011287
2.687100,6.165473,0.129596
2.687100,4.092452,-0.101587
2.687100,2.699471,-0.004431
2.687100,2.841927,0.021197
2.687100,9.220694,0.097062
2.687100,3.398483,-0.067522
2.687100,2.686939,-0.001102
2.687100,3.093261,0.044836
2.687100,11.560211,-0.026368
2.687100,2.971061,-0.034004
2.687100,2.686844,0.001990
2.687100,3.522386,0.075198
2.687100,8.396105,-0.110592
2.687100,2.815537,-0.018389
2.687100,2.704604,0.005227
2.687100,4.301318,0.108356
2.687100,5.716598,-0.129030
2.687100,2.742464,-0.009882
2.687100,2.772624,0.013466
2.687100,6.857582,0.126990
2.687100,3.855975,-0.092206
2.687100,2.693693,-0.003502
2.687100,2.875837,0.024712
2.687100,10.122315,0.078170
2.687100,3.283275,-0.059629
2.687100,2.687319,-0.000232
2.687100,3.218836,0.054872
2.687100,10.657707,-0.063999
2.687100,2.900878,-0.027239
2.687100,2.690404,0.002929
2.687100,3.716845,0.085703
2.687100,7.398430,-0.122668
2.687100,2.787119,-0.015177
2.687100,2.725755,0.007877
2.687100,5.089599,0.124193
2.687100,4.722212,-0.118461
2.687100,2.715851,-0.006673
2.687100,2.796244,0.016240
2.687100,7.730862,0.119192
2.687100,3.644750,-0.082013
2.687100,2.688665,-0.002633
2.687100,2.913300,0.028473
2.687100,10.880859,0.057038
2.687100,3.191512,-0.052779
2.687100,2.686989,0.000392
2.687100,3.300014,0.060826
2.687100,9.984855,-0.081390
2.687100,2.870116,-0.024133
2.687100,2.693729,0.003549
2.687100,3.863434,0.092534
2.687100,6.831772,-0.127151
2.687100,2.771892,-0.013390
2.687100,2.741904,0.009824
2.687100,5.697010,0.128957
2.687100,4.311817,-0.108663
2.687100,2.704809,-0.005272
2.687100,2.812635,0.018079
2.687100,8.300411,0.111958
2.687100,3.538499,-0.076139
2.687100,2.686817,-0.002106
2.687100,2.954919,0.032489
2.687100,11.426266,0.034610
2.687100,3.116856,-0.046804
2.687100,2.686816,0.000915
2.687100,3.370234,0.065659
2.687100,9.430835,-0.093085
2.687100,2.849194,-0.021966
2.687100,2.697352,0.004129
2.687100,4.011018,0.098578
2.687100,6.377465,-0.129200
2.687100,2.759929,-0.011959
2.687100,2.756305,0.011529
2.687100,6.240162,0.129501
2.687100,4.062680,-0.100513
2.687100,2.698597,-0.004333
2.687100,2.841443,0.021154
2.687100,9.207544,0.097304
2.687100,3.400272,-0.067641
2.687100,2.686682,-0.001145
2.687100,3.083295,0.043995
2.687100,11.608120,-0.022712
2.687100,2.978387,-0.034688
2.687100,2.686480,0.001893
2.687100,3.502531,0.074024
2.687100,8.517413,-0.108801
2.687100,2.819181,-0.018793
2.687100,2.702251,0.004926
2.687100,4.214806,0.105712
2.687100,5.887910,-0.129491
2.687100,2.746933,-0.010430
2.687100,2.766644,0.012774
2.687100,6.634643,0.128227
2.687100,3.923510,-0.095090
2.687100,2.695072,-0.003802
2.687100,2.857350,0.022822
2.687100,9.656458,0.088548
2.687100,3.340988,-0.063682
2.687100,2.686652,-0.000725
2.687100,3.140197,0.048714
2.687100,11.271306,-0.042197
2.687100,2.940497,-0.031118
2.687100,2.686831,0.002215
2.687100,3.554170,0.077041
2.687100,8.209787,-0.113212
2.687100,2.809917,-0.017788
2.687100,2.705100,0.005327
2.687100,4.325142,0.109048
2.687100,5.672512,-0.128859
2.687100,2.741221,-0.009751
2.687100,2.771444,0.013346
2.687100,6.816395,0.127245
2.687100,3.867916,-0.092730
2.687100,2.693716,-0.003581
2.687100,2.865625,0.023677
2.687100,9.872983,0.083908
2.687100,3.313791,-0.061798
2.687100,2.686718,-0.000522
2.687100,3.169112,0.051027
2.687100,11.057521,-0.050857
2.687100,2.924484,-0.029571
2.687100,2.687504,0.002413
2.687100,3.593741,0.079261
2.687100,7.991519,-0.116075
2.687100,2.803585,-0.017080
2.687100,2.709112,0.005839
2.687100,4.473883,0.113021
2.687100,5.423861,-0.127443
2.687100,2.734654,-0.008956
2.687100,2.778352,0.014154
2.687100,7.074229,0.125472
2.687100,3.796466,-0.089521
2.687100,2.692162,-0.003273
2.687100,2.882501,0.025395
2.687100,10.276480,0.074380
2.687100,3.264651,-0.058282
2.687100,2.687132,-0.000120
2.687100,3.231304,0.055814
2.687100,10.554212,-0.066981
2.687100,2.895569,-0.026712
2.687100,2.690527,0.002983
2.687100,3.726732,0.086192
2.687100,7.355813,-0.123071
2.687100,2.785933,-0.015045
2.687100,2.726194,0.007936
2.687100,5.106935,0.124404
2.687100,4.707637,-0.118180
2.687100,2.715426,-0.006628
2.687100,2.795736,0.016188
2.687100,7.713743,0.119386
2.687100,3.648247,-0.082199
2.687100,2.688612,-0.002663
2.687100,2.908339,0.027987
2.687100,10.795668,0.059792
2.687100,3.202018,-0.053592
2.687100,2.686793,0.000292
2.687100,3.283007,0.059614
2.687100,10.124287,-0.078124
2.687100,2.875863,-0.024726
2.687100,2.692232,0.003330
2.687100,3.806032,0.089963
2.687100,7.037958,-0.125747
2.687100,2.777334,-0.014045
2.687100,2.734390,0.008934
2.687100,5.415455,0.127381
2.687100,4.479373,-0.113157
2.687100,2.709200,-0.005865
2.687100,2.801548,0.016861
2.687100,7.921910,0.116940
2.687100,3.606920,-0.079986
2.687100,2.687532,-0.002502
2.687100,2.912972,0.028450
2.687100,10.876140,0.057194
2.687100,3.192070,-0.052827
2.687100,2.686422,0.000321
2.687100,3.280919,0.059467
2.687100,10.141345,-0.077714
2.687100,2.876546,-0.024804
2.687100,2.691108,0.003194
2.687100,3.767046,0.088144
2.687100,7.189040,-0.124550
2.687100,2.781325,-0.014528
2.687100,2.728194,0.008199
2.687100,5.185044,0.125295
2.687100,4.644490,-0.116909
2.687100,2.713603,-0.006430
2.687100,2.794087,0.016024
2.687100,7.658641,0.119998
2.687100,3.659642,-0.082799
2.687100,2.688386,-0.002769
2.687100,2.890563,0.026230
2.687100,10.453806,0.069751
2.687100,3.243303,-0.056719
2.687100,2.686019,-0.000097
2.687100,3.216377,0.054696
2.687100,10.677479,-0.063415
2.687100,2.901803,-0.027353
2.687100,2.687419,0.002571
2.687100,3.615021,0.080429
2.687100,7.879831,-0.117452
2.687100,2.800291,-0.016732
2.687100,2.708402,0.005782
2.687100,4.452588,0.112488
2.687100,5.456869,-0.127677
2.687100,2.735438,-0.009072
2.687100,2.774773,0.013756
2.687100,6.944236,0.126420
2.687100,3.831461,-0.091120
2.687100,2.692639,-0.003457
2.687100,2.865290,0.023651
2.687100,9.865553,0.084073
2.687100,3.314691,-0.061864
2.687100,2.686345,-0.000573
2.687100,3.156152,0.050000
2.687100,11.155650,-0.047079
2.687100,2.931396,-0.030247
2.687100,2.686557,0.002250
2.687100,3.554608,0.077068
2.687100,8.207174,-0.113248
2.687100,2.809784,-0.017785
2.687100,2.703602,0.005153
2.687100,4.272726,0.107508
2.687100,5.771121,-0.129213
2.687100,2.743762,-0.010070
2.687100,2.767026,0.012840
2.687100,6.652546,0.128142
2.687100,3.917795,-0.094855
2.687100,2.694683,-0.003808
2.687100,2.850374,0.022108
2.687100,9.466625,0.092385
2.687100,3.365486,-0.065346
2.687100,2.686131,-0.000961
2.687100,3.099456,0.045362
2.687100,11.527464,-0.028603
2.687100,2.966583,-0.033594
2.687100,2.685734,0.001892
2.687100,3.490026,0.073279
2.687100,8.595647,-0.107610
2.687100,2.821470,-0.019065
2.687100,2.698321,0.004450
2.687100,4.075398,0.100980
2.687100,6.207685,-0.129551
2.687100,2.755186,-0.011455
2.687100,2.753138,0.011211
2.687100,6.129949,0.129626
2.687100,4.106957,-0.102105
2.687100,2.699123,-0.004569
2.687100,2.818162,0.018709
2.687100,8.488155,0.109240
2.687100,3.507210,-0.074309
2.687100,2.685820,-0.002003
2.687100,2.952975,0.032313
2.687100,11.407804,0.035599
2.687100,3.119772,-0.047050
2.687100,2.686150,0.000815
2.687100,3.345316,0.063982
2.687100,9.622344,-0.089254
2.687100,2.856024,-0.022697
2.687100,2.693669,0.003647
2.687100,3.876816,0.093118
2.687100,6.786164,-0.127425
2.687100,2.770554,-0.013261
2.687100,2.739585,0.009573
2.687100,5.613723,0.128594
2.687100,4.358023,-0.109978
2.687100,2.705844,-0.005457
2.687100,2.804022,0.017152
2.687100,8.010391,0.115837
2.687100,3.590177,-0.079068
2.687100,2.686950,-0.002453
2.687100,2.910299,0.028193
2.687100,10.831056,0.058664
2.687100,3.197630,-0.053260
2.687100,2.686063,0.000238
2.687100,3.263565,0.058211
2.687100,10.285033,-0.074165
2.687100,2.882772,-0.025444
2.687100,2.689338,0.002939
2.687100,3.700218,0.084877
2.687100,7.471362,-0.121957
2.687100,2.788930,-0.015428
2.687100,2.718656,0.007050
2.687100,4.831376,0.120432
2.687100,4.967187,-0.122560
2.687100,2.722326,-0.007495
2.687100,2.785846,0.015065
2.687100,7.357618,0.123055
2.687100,3.726268,-0.086173
2.687100,2.690018,-0.003040
2.687100,2.879987,0.025159
2.687100,10.221720,0.075751
2.687100,3.271195,-0.058765
2.687100,2.686191,-0.000278
2.687100,3.194213,0.052994
2.687100,10.858767,-0.057765
2.687100,2.911925,-0.028351
2.687100,2.687120,0.002461
2.687100,3.594169,0.079288
2.687100,7.989080,-0.116106
2.687100,2.803430,-0.017081
2.687100,2.706823,0.005575
2.687100,4.393222,0.110939
2.687100,5.553328,-0.128278
2.687100,2.738009,-0.009378
2.687100,2.772748,0.013514
2.687100,6.867722,0.126927
2.687100,3.853022,-0.092079
2.687100,2.693185,-0.003541
2.687100,2.862649,0.023378
2.687100,9.797465,0.085561
2.687100,3.323175,-0.062456
2.687100,2.686373,-0.000630
2.687100,3.148722,0.049404
2.687100,11.210300,-0.044838
2.687100,2.935549,-0.030647
2.687100,2.686486,0.002211
2.687100,3.547834,0.076680
2.687100,8.246003,-0.112716
2.687100,2.810934,-0.017911
2.687100,2.703160,0.005093
2.687100,4.255925,0.106997
2.687100,5.804112,-0.129307
2.687100,2.744633,-0.010175
2.687100,2.766187,0.012741
2.687100,6.620881,0.128293
2.687100,3.927889,-0.095273
2.687100,2.694922,-0.003849
2.687100,2.848684,0.021932
2.687100,9.419138,0.093314
2.687100,3.371737,-0.065764
2.687100,2.686106,-0.001009
2.687100,3.092531,0.044781
2.687100,11.563737,-0.026118
2.687100,2.971510,-0.034055
2.687100,2.685701,0.001852
2.687100,3.483776,0.072901
2.687100,8.635487,-0.106993
2.687100,2.822707,-0.019198
2.687100,2.698006,0.004404
2.687100,4.063106,0.100533
2.687100,6.238891,-0.129505
2.687100,2.756007,-0.011553
2.687100,2.752257,0.011106
2.687100,6.096598,0.129641
2.687100,4.120923,-0.102593
2.687100,2.699477,-0.004621
2.687100,2.816667,0.018548
2.687100,8.439178,0.109965
2.687100,3.515203,-0.074782
2.687100,2.685863,-0.002054
2.687100,2.946708,0.031718
2.687100,11.342715,0.038884
2.687100,3.129766,-0.047870
2.687100,2.686132,0.000740
2.687100,3.334556,0.063245
2.687100,9.706883,-0.087495
2.687100,2.859172,-0.023024
2.687100,2.693040,0.003550
2.687100,3.851836,0.092028
2.687100,6.871823,-0.126901
2.687100,2.772818,-0.013531
2.687100,2.736778,0.009238
2.687100,5.508234,0.128012
2.687100,4.420465,-0.111662
2.687100,2.707501,-0.005676
2.687100,2.800541,0.016766
2.687100,7.889497,0.117336
2.687100,3.613137,-0.080327
2.687100,2.687269,-0.002576
2.687100,2.898820,0.027059
2.687100,10.620695,0.065083
2.687100,3.223232,-0.055216
2.687100,2.685852,0.000028
2.687100,3.230989,0.055800
2.687100,10.556280,-0.066925
2.687100,2.895552,-0.026733
2.687100,2.687532,0.002631
2.687100,3.625500,0.080994
2.687100,7.826342,-0.118090
2.687100,2.798755,-0.016563
2.687100,2.708919,0.005853
2.687100,4.472621,0.112991
2.687100,5.425757,-0.127458
2.687100,2.734594,-0.008974
2.687100,2.775026,0.013790
2.687100,6.954438,0.126350
2.687100,3.828636,-0.090993
2.687100,2.692512,-0.003453
2.687100,2.863910,0.023512
2.687100,9.830540,0.084842
2.687100,3.319038,-0.062169
2.687100,2.686227,-0.000618
2.687100,3.148063,0.049352
2.687100,11.215029,-0.044639
2.687100,2.935909,-0.030683
2.687100,2.686223,0.002177
2.687100,3.538662,0.076153
2.687100,8.299211,-0.111976
2.687100,2.812484,-0.018087
2.687100,2.701664,0.004908
2.687100,4.201838,0.105299
2.687100,5.915176,-0.129537
2.687100,2.747520,-0.010530
2.687100,2.762076,0.012264
2.687100,6.467130,0.128920
2.687100,3.979168,-0.097343
2.687100,2.696038,-0.004067
2.687100,2.837034,0.020715
2.687100,9.080089,0.099599
2.687100,3.417946,-0.068790
2.687100,2.685801,-0.001374
2.687100,3.037918,0.040075
2.687100,11.740343,-0.004652
2.687100,3.016626,-0.038182
2.687100,2.685692,0.001518
2.687100,3.436406,0.069967
2.687100,8.950799,-0.101845
2.687100,2.832762,-0.020266
2.687100,2.696370,0.004138
2.687100,3.995352,0.097978
2.687100,6.420949,-0.129073
2.687100,2.760831,-0.012122
2.687100,2.748026,0.010596
2.687100,5.935271,0.129565
2.687100,4.192436,-0.104995
2.687100,2.701370,-0.004879
2.687100,2.811749,0.018011
2.687100,8.275245,0.112311
2.687100,3.542763,-0.076390
2.687100,2.686161,-0.002213
2.687100,2.930052,0.030120
2.687100,11.137574,0.047797
2.687100,3.158560,-0.050194
2.687100,2.686100,0.000526
2.687100,3.304242,0.061132
2.687100,9.950020,-0.082184
2.687100,2.868611,-0.023999
2.687100,2.691369,0.003283
2.687100,3.784517,0.088969
2.687100,7.120080,-0.125114
2.687100,2.779426,-0.014315
2.687100,2.728923,0.008297
2.687100,5.213821,0.125599
2.687100,4.622210,-0.116440
2.687100,2.712947,-0.006361
2.687100,2.793137,0.015927
2.687100,7.626279,0.120350
2.687100,3.666443,-0.083155
2.687100,2.688325,-0.002823
2.687100,2.882290,0.025403
2.687100,10.275190,0.074414
2.687100,3.264727,-0.058299
2.687100,2.685653,-0.000295
2.687100,3.183180,0.052141
2.687100,10.946946,-0.054808
2.687100,2.917217,-0.028878
2.687100,2.685774,0.002263
2.687100,3.543364,0.076428
2.687100,8.271594,-0.112363
2.687100,2.811563,-0.018007
2.687100,2.699303,0.004639
2.687100,4.120620,0.102584
2.687100,6.097268,-0.129642
2.687100,2.752196,-0.011117
2.687100,2.753702,0.011297
2.687100,6.154408,0.129609
2.687100,4.096858,-0.101750
2.687100,2.698690,-0.004551
2.687100,2.813755,0.018245
2.687100,8.344762,0.111332
2.687100,3.530897,-0.075706
2.687100,2.685671,-0.002187
2.687100,2.925751,0.029708
2.687100,11.077147,0.050125
2.687100,3.166513,-0.050829
2.687100,2.685760,0.000429
2.687100,3.285049,0.059769
2.687100,10.106988,-0.078538
2.687100,2.875021,-0.024662
2.687100,2.689483,0.003014
2.687100,3.713500,0.085543
2.687100,7.412685,-0.122533
2.687100,2.787282,-0.015246
2.687100,2.719029,0.007106
2.687100,4.846739,0.120690
2.687100,4.950953,-0.122323
2.687100,2.721847,-0.007446
2.687100,2.784974,0.014974
2.687100,7.327232,0.123337
2.687100,3.733404,-0.086525
2.687100,2.690013,-0.003090
2.687100,2.873235,0.024478
2.687100,10.063998,0.079555
2.687100,3.290282,-0.060142
2.687100,2.685864,-0.000454
2.687100,3.164706,0.050685
2.687100,11.090999,-0.049601
2.687100,2.926719,-0.029801
2.687100,2.685833,0.002199
2.687100,3.535303,0.075961
2.687100,8.318781,-0.111701
2.687100,2.812999,-0.018158
2.687100,2.699573,0.004660
2.687100,4.128397,0.102853
2.687100,6.078982,-0.129646
2.687100,2.751747,-0.011056
2.687100,2.755137,0.011460
2.687100,6.207627,0.129551
2.687100,4.075409,-0.100981
2.687100,2.698214,-0.004463
2.687100,2.818152,0.018715
2.687100,8.488942,0.109229
2.687100,3.507070,-0.074302
2.687100,2.685637,-0.002024
2.687100,2.947282,0.031774
2.687100,11.349048,0.038577
2.687100,3.128811,-0.047793
2.687100,2.685996,0.000731
2.687100,3.331050,0.063004
2.687100,9.734584,-0.086909
2.687100,2.860201,-0.023134
2.687100,2.692422,0.003470
2.687100,3.829607,0.091038
2.687100,6.950879,-0.126375
2.687100,2.774894,-0.013783
2.687100,2.733668,0.008870
2.687100,5.392121,0.127206
2.687100,4.494792,-0.113536
2.687100,2.709473,-0.005934
2.687100,2.796571,0.016324
2.687100,7.750151,0.118975
2.687100,3.640752,-0.081809
2.687100,2.687678,-0.002721
2.687100,2.885868,0.025767
2.687100,10.354525,0.072382
2.687100,3.255189,-0.057601
2.687100,2.685547,-0.000239
2.687100,3.189204,0.052611
2.687100,10.898827,-0.056442
2.687100,2.914257,-0.028590
2.687100,2.685689,0.002275
2.687100,3.543634,0.076445
2.687100,8.269987,-0.112385
2.687100,2.811498,-0.018004
2.687100,2.698847,0.004586
2.687100,4.104829,0.102032
2.687100,6.135020,-0.129624
2.687100,2.753168,-0.011238
2.687100,2.752051,0.011105
2.687100,6.092603,0.129643
2.687100,4.122588,-0.102653
2.687100,2.699307,-0.004652
2.687100,2.809920,0.017832
2.687100,8.216962,0.113116
2.687100,3.552839,-0.076973
2.687100,2.685773,-0.002330
2.687100,2.908234,0.027999
2.687100,10.795869,0.059787
2.687100,3.201926,-0.053595
2.687100,2.685446,0.000135
2.687100,3.239135,0.056413
2.687100,10.488293,-0.068814
2.687100,2.892167,-0.026402
2.687100,2.686856,0.002577
2.687100,3.606320,0.079959
2.687100,7.924780,-0.116906
2.687100,2.801483,-0.016886
2.687100,2.705081,0.005388
2.687100,4.334089,0.109306
2.687100,5.656225,-0.128790
2.687100,2.740636,-0.009716
2.687100,2.767291,0.012893
2.687100,6.666189,0.128075
2.687100,3.913466,-0.094676
2.687100,2.694315,-0.003822
2.687100,2.842835,0.021331
2.687100,9.252796,0.096471
2.687100,3.394019,-0.067241
2.687100,2.685637,-0.001223
2.687100,3.055827,0.041644
2.687100,11.707125,-0.012071
2.687100,3.000448,-0.036722
2.687100,2.685330,0.001594
2.687100,3.441218,0.070273
2.687100,8.917539,-0.102411
2.687100,2.831624,-0.020157
2.687100,2.695027,0.003989
2.687100,3.950300,0.096193
2.687100,6.552129,-0.128597
2.687100,2.764204,-0.012543
2.687100,2.741798,0.009871
2.687100,5.702630,0.128980
2.687100,4.308723,-0.108577
2.687100,2.704291,-0.005312
2.687100,2.799393,0.016667
2.687100,7.854067,0.117763
2.687100,3.619993,-0.080703
2.687100,2.686777,-0.002681
2.687100,2.876880,0.024871
2.687100,10.153116,0.077432
2.687100,3.279409,-0.059370
2.687100,2.684857,-0.000494
2.687100,3.142876,0.048945
2.687100,11.251790,-0.043062
2.687100,2.938754,-0.030974
2.687100,2.683841,0.001875
2.687100,3.456077,0.071214
2.687100,8.816206,-0.104102
2.687100,2.828115,-0.019836
2.687100,2.688976,0.003305
2.687100,3.746992,0.087196
2.687100,7.269977,-0.123856
2.687100,2.783040,-0.014833
2.687100,2.712661,0.006404
2.687100,4.623814,0.116476
2.687100,5.211643,-0.125579
2.687100,2.728603,-0.008319
2.687100,2.771619,0.013461
2.687100,6.838748,0.127112
2.687100,3.861274,-0.092450
2.687100,2.692312,-0.003699
2.687100,2.827775,0.019775
2.687100,8.801753,0.104338
2.687100,3.458287,-0.071345
2.687100,2.684588,-0.001802
2.687100,2.960441,0.033027
2.687100,11.477518,0.031711
2.687100,3.108288,-0.046106
2.687100,2.685341,0.000804
2.687100,3.330442,0.062967
2.687100,9.739105,-0.086814
2.687100,2.860293,-0.023159
2.687100,2.690319,0.003222
2.687100,3.757804,0.087708
2.687100,7.226081,-0.124237
2.687100,2.782159,-0.014662
2.687100,2.722493,0.007541
2.687100,4.977627,0.122710
2.687100,4.821578,-0.120266
2.687100,2.718269,-0.007032
2.687100,2.785470,0.015055
2.687100,7.349385,0.123133
2.687100,3.728150,-0.086270
2.687100,2.689504,-0.003113
2.687100,2.862085,0.023349
2.687100,9.786576,0.085798
2.687100,3.324470,-0.062555
2.687100,2.685166,-0.000781
2.687100,3.108511,0.046126
2.687100,11.476166,-0.031791
2.687100,2.960274,-0.033013
2.687100,2.684332,0.001773
2.687100,3.449909,0.070826
2.687100,8.857931,-0.103412
2.687100,2.829536,-0.019970
2.687100,2.691000,0.003532
2.687100,3.814465,0.090361
2.687100,7.005989,-0.125986
2.687100,2.776033,-0.013992
2.687100,2.722623,0.007603
2.687100,4.989655,0.122881
2.687100,4.810384,-0.120074
2.687100,2.717756,-0.007019
2.687100,2.779381,0.014395
2.687100,7.132625,0.125017
2.687100,3.781185,-0.088823
2.687100,2.690006,-0.003420
2.687100,2.828962,0.019917
2.687100,8.841325,0.103688
2.687100,3.452354,-0.070980
2.687100,2.684091,-0.001819
2.687100,2.950278,0.032071
2.687100,11.381375,0.036969
2.687100,3.123849,-0.047394
2.687100,2.685028,0.000653
2.687100,3.304312,0.061145
2.687100,9.948968,-0.082210
2.687100,2.868446,-0.024006
2.687100,2.688229,0.002915
2.687100,3.678073,0.083757
2.687100,7.571784,-0.120930
2.687100,2.791539,-0.015763
2.687100,2.711788,0.006239
2.687100,4.582798,0.115582
2.687100,5.266388,-0.126122
2.687100,2.730260,-0.008473
2.687100,2.776168,0.013948
2.687100,7.001184,0.126019
2.687100,3.815841,-0.090417
2.687100,2.691876,-0.003439
2.687100,2.855708,0.022678
2.687100,9.615704,0.089391
2.687100,3.346134,-0.064042
2.687100,2.685594,-0.000886
2.687100,3.101076,0.045502
2.687100,11.518495,-0.029186
2.687100,2.965402,-0.033490
2.687100,2.684971,0.001811
2.687100,3.465856,0.071810
2.687100,8.751698,-0.105151
2.687100,2.826243,-0.019599
2.687100,2.694197,0.003932
2.687100,3.927680,0.095271
2.687100,6.621301,-0.128293
2.687100,2.765932,-0.012771
2.687100,2.736984,0.009314
2.687100,5.524233,0.128111
2.687100,4.410644,-0.111406
2.687100,2.706901,-0.005680
2.687100,2.790643,0.015703
2.687100,7.546453,0.121196
2.687100,3.683507,-0.084041
2.687100,2.687576,-0.003029
2.687100,2.842870,0.021386
2.687100,9.261193,0.096318
2.687100,3.392768,-0.067173
2.687100,2.683855,-0.001424
2.687100,2.999990,0.036692
2.687100,11.705961,0.012255
2.687100,3.056225,-0.041688
2.687100,2.684367,0.001070
2.687100,3.351659,0.064427
2.687100,9.572162,-0.090280
2.687100,2.853953,-0.022527
2.687100,2.688022,0.002999
2.687100,3.686663,0.084199
2.687100,7.532152,-0.121343
2.687100,2.790342,-0.015648
2.687100,2.709881,0.006028
2.687100,4.516462,0.114058
2.687100,5.359997,-0.126951
2.687100,2.732684,-0.008782
2.687100,2.771797,0.013450
2.687100,6.840025,0.127103
2.687100,3.860945,-0.092432
2.687100,2.692733,-0.003648
2.687100,2.841251,0.021179
2.687100,9.208413,0.097290
2.687100,3.400058,-0.067639
2.687100,2.685150,-0.001323
2.687100,3.034386,0.039768
2.687100,11.743485,-0.003157
2.687100,3.019936,-0.038483
2.687100,2.685052,0.001418
2.687100,3.411745,0.068397
2.687100,9.123967,-0.098819
2.687100,2.838386,-0.020880
2.687100,2.692810,0.003678
2.687100,3.866736,0.092685
2.687100,6.820132,-0.127225
2.687100,2.771246,-0.013390
2.687100,2.732628,0.008780
2.687100,5.358632,0.126940
2.687100,4.517391,-0.114081
2.687100,2.709880,-0.006034
2.687100,2.789488,0.015555
2.687100,7.502103,0.121650
2.687100,3.693277,-0.084536
2.687100,2.688075,-0.003039
2.687100,2.849502,0.022069
2.687100,9.449377,0.092727
2.687100,3.367638,-0.065505
2.687100,2.684215,-0.001202
2.687100,3.035824,0.039903
2.687100,11.742331,-0.003791
2.687100,3.018472,-0.038360
2.687100,2.684053,0.001311
2.687100,3.380188,0.066342
2.687100,9.354625,-0.094558
2.687100,2.846137,-0.021722
2.687100,2.687920,0.003046
2.687100,3.691619,0.084453
2.687100,7.509554,-0.121575
2.687100,2.789663,-0.015582
2.687100,2.708858,0.005915
2.687100,4.480976,0.113200
2.687100,5.412913,-0.127365
2.687100,2.734053,-0.008956
2.687100,2.769386,0.013174
2.687100,6.750757,0.127629
2.687100,3.887362,-0.093576
2.687100,2.693264,-0.003766
2.687100,2.833755,0.020394
2.687100,8.984514,0.101269
2.687100,3.431496,-0.069662
2.687100,2.684989,-0.001566
2.687100,2.998889,0.036583
2.687100,11.702308,0.012796
2.687100,3.057615,-0.041801
2.687100,2.685359,0.001177
2.687100,3.382986,0.066517
2.687100,9.334312,-0.094942
2.687100,2.845609,-0.021630
2.687100,2.692783,0.003621
2.687100,3.857876,0.092297
2.687100,6.850670,-0.127036
2.687100,2.772122,-0.013479
2.687100,2.733570,0.008880
2.687100,5.391945,0.127205
2.687100,4.494887,-0.113540
2.687100,2.709344,-0.005949
2.687100,2.792528,0.015888
2.687100,7.609501,0.120531
2.687100,3.669962,-0.083341
2.687100,2.687823,-0.002907
2.687100,2.863200,0.023475
2.687100,9.817010,0.085139
2.687100,3.320637,-0.062293
2.687100,2.684674,-0.000812
2.687100,3.096413,0.045119
2.687100,11.543385,-0.027543
2.687100,2.968593,-0.033798
2.687100,2.683705,0.001638
2.687100,3.420394,0.068964
2.687100,9.061816,-0.099924
2.687100,2.836110,-0.020682
2.687100,2.687712,0.003096
2.687100,3.695400,0.084646
2.687100,7.492384,-0.121750
2.687100,2.789114,-0.015536
2.687100,2.707119,0.005717
2.687100,4.420119,0.111656
2.687100,5.508699,-0.128017
2.687100,2.736546,-0.009267
2.687100,2.765536,0.012730
2.687100,6.607399,0.128357
2.687100,3.932152,-0.095455
2.687100,2.694231,-0.003958
2.687100,2.823261,0.019285
2.687100,8.657539,0.106649
2.687100,3.480293,-0.072695
2.687100,2.684910,-0.001920
2.687100,2.949656,0.032006
2.687100,11.374561,0.037313
2.687100,3.124920,-0.047478
2.687100,2.685550,0.000707
2.687100,3.320335,0.062265
2.687100,9.819831,-0.085077
2.687100,2.863414,-0.023477
2.687100,2.690500,0.003220
2.687100,3.760574,0.087839
2.687100,7.214898,-0.124332
2.687100,2.781890,-0.014623
2.687100,2.723736,0.007686
2.687100,5.022828,0.123335
2.687100,4.780295,-0.119541
2.687100,2.717173,-0.006893
2.687100,2.787132,0.015244
2.687100,7.409685,0.122562
2.687100,3.714166,-0.085578
2.687100,2.689241,-0.003047
2.687100,2.866764,0.023828
2.687100,9.906070,0.083174
2.687100,3.309615,-0.061517
2.687100,2.685294,-0.000660
2.687100,3.127221,0.047668
2.687100,11.359385,-0.038071
2.687100,2.948197,-0.031870
2.687100,2.684513,0.001884
2.687100,3.468587,0.071982
2.687100,8.733530,-0.105444
2.687100,2.825590,-0.019546
2.687100,2.692188,0.003701
2.687100,3.859419,0.092369
2.687100,6.845125,-0.127073
2.687100,2.771762,-0.013484
2.687100,2.727681,0.008213
2.687100,5.177995,0.125221
2.687100,4.649944,-0.117025
2.687100,2.713353,-0.006493
2.687100,2.781801,0.014693
2.687100,7.224862,0.124250
2.687100,3.758005,-0.087726
2.687100,2.689190,-0.003355
2.687100,2.824704,0.019476
2.687100,8.709127,0.105835
2.687100,3.472270,-0.072214
2.687100,2.683841,-0.001989
2.687100,2.923348,0.029489
2.687100,11.042953,0.051397
2.687100,3.170902,-0.051184
2.687100,2.684748,0.000277
2.687100,3.247540,0.057043
2.687100,10.417933,-0.070715
2.687100,2.888737,-0.026071
2.687100,2.685430,0.002434
2.687100,3.562027,0.077500
2.687100,8.164664,-0.113825
2.687100,2.808285,-0.017673
2.687100,2.697365,0.004437
2.687100,4.057014,0.100314
2.687100,6.254409,-0.129481
2.687100,2.756203,-0.011625
2.687100,2.745656,0.010365
2.687100,5.854098,0.129429
2.687100,4.231051,-0.106231
2.687100,2.701957,-0.005067
2.687100,2.795742,0.016292
2.687100,7.730767,0.119198
2.687100,3.644604,-0.082022
2.687100,2.686553,-0.002879
2.687100,2.846824,0.021804
2.687100,9.375638,0.094156
2.687100,3.377363,-0.066158
2.687100,2.683699,-0.001332
2.687100,3.009870,0.037589
2.687100,11.730408,0.007675
2.687100,3.045030,-0.040714
2.687100,2.684047,0.001115
2.687100,3.352630,0.064496
2.687100,9.564493,-0.090436
2.687100,2.853631,-0.022502
2.687100,2.686982,0.002879
2.687100,3.651827,0.082400
2.687100,7.695728,-0.119591
2.687100,2.794824,-0.016174
2.687100,2.704477,0.005367
2.687100,4.320459,0.108918
2.687100,5.680936,-0.128895
2.687100,2.741148,-0.009810
2.687100,2.762482,0.012357
2.687100,6.490048,0.128840
2.687100,3.971218,-0.097033
2.687100,2.695335,-0.004095
2.687100,2.822327,0.019178
2.687100,8.626534,0.107133
2.687100,3.485137,-0.072988
2.687100,2.685126,-0.001929
2.687100,2.951902,0.032217
2.687100,11.397430,0.036143
2.687100,3.121384,-0.047186
2.687100,2.685695,0.000750
2.687100,3.328715,0.062845
2.687100,9.752990,-0.086517
2.687100,2.860864,-0.023210
2.687100,2.691354,0.003339
2.687100,3.792414,0.089339
2.687100,7.089493,-0.125355
2.687100,2.778544,-0.014225
2.687100,2.728071,0.008206
2.687100,5.183958,0.125284
2.687100,4.645318,-0.116927
2.687100,2.713511,-0.006446
2.687100,2.790548,0.015642
2.687100,7.534827,0.121315
2.687100,3.686120,-0.084167
2.687100,2.688528,-0.002936
2.687100,2.870378,0.024200
2.687100,9.996236,0.081131
2.687100,3.298521,-0.060734
2.687100,2.685214,-0.000590
2.687100,3.135547,0.048348
2.687100,11.303184,-0.040753
2.687100,2.943113,-0.031387
2.687100,2.684408,0.001909
2.687100,3.470409,0.072095
2.687100,8.721539,-0.105636
2.687100,2.825192,-0.019508
2.687100,2.691743,0.003652
2.687100,3.844638,0.091718
2.687100,6.896756,-0.126742
2.687100,2.773113,-0.013649
2.687100,2.725546,0.007959
2.687100,5.098923,0.124311
2.687100,4.714238,-0.118312
2.687100,2.715102,-0.006707
2.687100,2.780265,0.014512
2.687100,7.167672,0.124732
2.687100,3.772265,-0.088404
2.687100,2.689578,-0.003408
2.687100,2.823726,0.019370
2.687100,8.677763,0.106332
2.687100,3.477097,-0.072508
2.687100,2.683915,-0.002015
2.687100,2.921098,0.029270
2.687100,11.008923,0.052632
2.687100,3.175274,-0.051528
2.687100,2.684761,0.000247
2.687100,3.243565,0.056748
2.687100,10.451069,-0.069827
2.687100,2.890310,-0.026228
2.687100,2.685345,0.002412
2.687100,3.557481,0.077242
2.687100,8.190338,-0.113479
2.687100,2.809037,-0.017756
2.687100,2.696933,0.004381
2.687100,4.041192,0.099728
2.687100,6.295711,-0.129402
2.687100,2.757281,-0.011756
2.687100,2.744248,0.010199
2.687100,5.801103,0.129301
2.687100,4.257366,-0.107046
2.687100,2.702647,-0.005162
2.687100,2.793840,0.016081
2.687100,7.663718,0.119945
2.687100,3.658453,-0.082750
2.687100,2.686758,-0.002951
2.687100,2.840403,0.021137
2.687100,9.190196,0.097625
2.687100,3.402467,-0.067808
2.687100,2.683571,-0.001526
2.687100,2.981564,0.035004
2.687100,11.627201,0.021088
2.687100,3.078856,-0.043635
2.687100,2.684422,0.000911
2.687100,3.330292,0.062964
2.687100,9.739880,-0.086799
2.687100,2.860210,-0.023173
2.687100,2.687407,0.002880
2.687100,3.659112,0.082779
2.687100,7.660810,-0.119976
2.687100,2.793913,-0.016056
2.687100,2.707000,0.005667
2.687100,4.410385,0.111398
2.687100,5.524688,-0.128114
2.687100,2.737065,-0.009307
2.687100,2.767972,0.012995
2.687100,6.695517,0.127926
2.687100,3.904284,-0.094293
2.687100,2.693825,-0.003816
2.687100,2.835873,0.020611
2.687100,9.047799,0.100168
2.687100,3.422473,-0.069085
2.687100,2.685204,-0.001476
2.687100,3.014465,0.037991
2.687100,11.737702,0.005616
2.687100,3.040177,-0.040278
2.687100,2.685366,0.001306
2.687100,3.401218,0.067713
2.687100,9.200071,-0.097442
2.687100,2.840999,-0.021146
2.687100,2.693607,0.003752
2.687100,3.891191,0.093738
2.687100,6.738203,-0.127698
2.687100,2.769140,-0.013125
2.687100,2.736906,0.009281
2.687100,5.517429,0.128070
2.687100,4.414809,-0.111515
2.687100,2.707171,-0.005677
2.687100,2.795319,0.016206
2.687100,7.709591,0.119435
2.687100,3.649003,-0.082249
2.687100,2.687370,-0.002814
2.687100,2.868464,0.024015
2.687100,9.950248,0.082181
2.687100,3.304138,-0.061135
2.687100,2.684738,-0.000686
2.687100,3.114640,0.046637
2.687100,11.439353,-0.033896
2.687100,2.956164,-0.032631
2.687100,2.683669,0.001726
2.687100,3.432159,0.069714
2.687100,8.979324,-0.101360
2.687100,2.833379,-0.020396
2.687100,2.687817,0.003129
2.687100,3.701922,0.084975
2.687100,7.463197,-0.122042
2.687100,2.788298,-0.015445
2.687100,2.707439,0.005760
2.687100,4.432335,0.111973
2.687100,5.488930,-0.127893
2.687100,2.736011,-0.009205
2.687100,2.765729,0.012756
2.687100,6.615125,0.128322
2.687100,3.929656,-0.095353
2.687100,2.694139,-0.003952
2.687100,2.822634,0.019220
2.687100,8.637733,0.106959
2.687100,3.483371,-0.072883
2.687100,2.684878,-0.001946
2.687100,2.945702,0.031630
2.687100,11.332136,0.039393
2.687100,3.131313,-0.048001
2.687100,2.685514,0.000656
2.687100,3.312660,0.061729
2.687100,9.881556,-0.083720
2.687100,2.865821,-0.023725
2.687100,2.690034,0.003147
2.687100,3.742135,0.086951
2.687100,7.290543,-0.123670
2.687100,2.783928,-0.014863
2.687100,2.721415,0.007405
2.687100,4.936605,0.122111
2.687100,4.860500,-0.120918
2.687100,2.719355,-0.007156
2.687100,2.785568,0.015057
2.687100,7.351496,0.123113
2.687100,3.727667,-0.086245
2.687100,2.689641,-0.003093
2.687100,2.866851,0.023833
2.687100,9.907843,0.083135
2.687100,3.309404,-0.061501
2.687100,2.685432,-0.000642
2.687100,3.131874,0.048047
2.687100,11.328318,-0.039575
2.687100,2.945352,-0.031598
2.687100,2.684748,0.001933
2.687100,3.479413,0.072643
2.687100,8.663144,-0.106561
2.687100,2.823409,-0.019307
2.687100,2.693464,0.003867
2.687100,3.905597,0.094352
2.687100,6.691158,-0.127950
2.687100,2.767716,-0.012997
2.687100,2.733152,0.008866
2.687100,5.382074,0.127129
2.687100,4.501463,-0.113700
2.687100,2.709304,-0.005997
2.687100,2.785625,0.015140
2.687100,7.366191,0.122979
2.687100,3.724124,-0.086081
2.687100,2.688292,-0.003227
2.687100,2.827760,0.019804
2.687100,8.805947,0.104271
2.687100,3.457600,-0.071310
2.687100,2.683680,-0.001904
2.687100,2.932202,0.030346
2.687100,11.168110,0.046579
2.687100,3.154398,-0.049872
2.687100,2.684734,0.000396
2.687100,3.263713,0.058232
2.687100,10.283214,-0.074213
2.687100,2.882554,-0.025448
2.687100,2.685903,0.002536
2.687100,3.584501,0.078761
2.687100,8.040621,-0.115453
2.687100,2.804692,-0.017270
2.687100,2.699766,0.004745
2.687100,4.144460,0.103404
2.687100,6.041708,-0.129645
2.687100,2.750656,-0.010951
2.687100,2.752942,0.011224
2.687100,6.128480,0.129628
2.687100,4.107525,-0.102128
2.687100,2.698801,-0.004610
2.687100,2.807677,0.017597
2.687100,8.142513,0.114121
2.687100,3.565992,-0.077723
2.687100,2.685694,-0.002431
2.687100,2.893333,0.026527
2.687100,10.513081,0.068132
2.687100,3.236135,-0.056193
2.687100,2.684998,-0.000166
2.687100,3.190342,0.052704
2.687100,10.889474,-0.056754
2.687100,2.913648,-0.028539
2.687100,2.684604,0.002151
2.687100,3.507950,0.074362
2.687100,8.483081,-0.109318
2.687100,2.817783,-0.018715
2.687100,2.693111,0.003868
2.687100,3.899686,0.094104
2.687100,6.710203,-0.127851
2.687100,2.768149,-0.013064
2.687100,2.730545,0.008566
2.687100,5.286532,0.126313
2.687100,4.568061,-0.115255
2.687100,2.711052,-0.006228
2.687100,2.781739,0.014704
2.687100,7.225565,0.124244
2.687100,3.757807,-0.087719
2.687100,2.688903,-0.003388
2.687100,2.815890,0.018546
2.687100,8.426533,0.110154
2.687100,3.517139,-0.074913
2.687100,2.683765,-0.002315
2.687100,2.878374,0.025044
2.687100,10.190456,0.076524
2.687100,3.274838,-0.059048
2.687100,2.683796,-0.000586
2.687100,3.113081,0.046516
2.687100,11.448589,-0.033382
2.687100,2.957098,-0.032730
2.687100,2.682267,0.001553
2.687100,3.384646,0.066651
2.687100,9.320557,-0.095207
2.687100,2.844700,-0.021623
2.687100,2.681505,0.002299
2.687100,3.477108,0.072528
2.687100,8.676656,-0.106354
2.687100,2.823278,-0.019408
2.687100,2.678450,0.002097
2.687100,3.397669,0.067536
2.687100,9.222841,-0.097035
2.687100,2.840778,-0.021326
2.687100,2.667171,0.000621
2.687100,3.008264,0.037572
2.687100,11.729132,0.008075
2.687100,3.045301,-0.040854
2.687100,2.669053,-0.000668
2.687100,2.864675,0.023770
2.687100,9.873213,0.083914
2.687100,3.313302,-0.061828
2.687100,2.678542,-0.001483
2.687100,2.907000,0.027934
2.687100,10.779256,0.060314
2.687100,3.203790,-0.053765
2.687100,2.682016,-0.000283
2.687100,3.125811,0.047578
2.687100,11.367689,-0.037664
2.687100,2.948756,-0.031963
2.687100,2.679336,0.001268
2.687100,3.296365,0.060627
2.687100,10.011198,-0.080794
2.687100,2.870328,-0.024325
2.687100,2.671593,0.000929
2.687100,3.122482,0.047387
2.687100,11.386299,-0.036742
2.687100,2.949840,-0.032191
2.687100,2.663132,-0.000674
2.687100,2.768805,0.013650
2.687100,6.819858,0.127247
2.687100,3.866119,-0.092716
2.687100,2.685596,-0.004518
2.687100,2.614461,-0.004676
2.687100,1.401877,-0.141616
