init_r,r,ur
2.687840,3.259489,0.057899
2.687840,10.319735,-0.073278
2.687840,2.884514,-0.025585
2.687840,2.693699,0.003438
2.687840,3.846696,0.091794
2.687840,6.890129,-0.126781
2.687840,2.773561,-0.013561
2.687840,2.743563,0.009999
2.687840,5.755717,0.129163
2.687840,4.280744,-0.107745
2.687840,2.704181,-0.005140
2.687840,2.820569,0.018925
2.687840,8.559794,0.108158
2.687840,3.495782,-0.073616
2.687840,2.686922,-0.001793
2.687840,2.998912,0.036570
2.687840,11.702063,0.012825
2.687840,3.057764,-0.041801
2.687840,2.687018,0.001371
2.687840,3.437754,0.070041
2.687840,8.942085,-0.101992
2.687840,2.832687,-0.020215
2.687840,2.701995,0.004795
2.687840,4.190609,0.104930
2.687840,5.939397,-0.129567
2.687840,2.748479,-0.010571
2.687840,2.770852,0.013226
2.687840,6.785725,0.127425
2.687840,3.877035,-0.093120
2.687840,2.694578,-0.003543
2.687840,2.884283,0.025555
2.687840,10.313874,0.073428
2.687840,3.260210,-0.057949
2.687840,2.688167,0.000033
2.687840,3.269445,0.058623
2.687840,10.237124,-0.075366
2.687840,2.880868,-0.025208
2.687840,2.695145,0.003635
2.687840,3.900170,0.094108
2.687840,6.709287,-0.127850
2.687840,2.768841,-0.012984
2.687840,2.751135,0.010884
2.687840,6.039343,0.129640
2.687840,4.145632,-0.103435
2.687840,2.700908,-0.004621
2.687840,2.839014,0.020884
2.687840,9.133519,0.098645
2.687840,3.410541,-0.068303
2.687840,2.687127,-0.001165
2.687840,3.087604,0.044357
2.687840,11.588170,-0.024300
2.687840,2.975209,-0.034388
2.687840,2.687078,0.001987
2.687840,3.525848,0.075399
2.687840,8.375426,-0.110890
2.687840,2.814953,-0.018317
2.687840,2.705894,0.005381
2.687840,4.347279,0.109675
2.687840,5.632759,-0.128683
2.687840,2.740294,-0.009611
2.687840,2.776160,0.013871
2.687840,6.988163,0.126110
2.687840,3.819470,-0.090573
2.687840,2.693041,-0.003328
2.687840,2.888885,0.026027
2.687840,10.414630,0.070799
2.687840,3.248098,-0.057060
2.687840,2.687832,0.000081
2.687840,3.270649,0.058713
2.687840,10.226987,-0.075618
2.687840,2.880389,-0.025166
2.687840,2.694334,0.003543
2.687840,3.872922,0.092943
2.687840,6.799551,-0.127344
2.687840,2.771167,-0.013275
2.687840,2.746594,0.010357
2.687840,5.869848,0.129457
2.687840,4.223528,-0.105986
2.687840,2.702736,-0.004928
2.687840,2.826448,0.019556
2.687840,8.748168,0.105205
2.687840,3.466516,-0.071836
2.687840,2.686865,-0.001593
2.687840,3.025150,0.038935
2.687840,11.745900,0.000886
2.687840,3.029202,-0.039295
2.687840,2.686874,0.001564
2.687840,3.462602,0.071594
2.687840,8.774045,-0.104786
2.687840,2.827270,-0.019643
2.687840,2.702601,0.004906
2.687840,4.217860,0.105807
2.687840,5.881612,-0.129479
2.687840,2.746910,-0.010394
2.687840,2.771011,0.013255
2.687840,6.793483,0.127380
2.687840,3.874719,-0.093021
2.687840,2.694389,-0.003549
2.687840,2.880469,0.025173
2.687840,10.228741,0.075575
2.687840,3.270438,-0.058697
2.687840,2.687858,-0.000077
2.687840,3.249140,0.057137
2.687840,10.405955,-0.071029
2.687840,2.888481,-0.025986
2.687840,2.693161,0.003345
2.687840,3.824015,0.090779
2.687840,6.971509,-0.126228
2.687840,2.775721,-0.013818
2.687840,2.740944,0.009687
2.687840,5.657078,0.128792
2.687840,4.333688,-0.109291
2.687840,2.705545,-0.005332
2.687840,2.816140,0.018446
2.687840,8.414690,0.110321
2.687840,3.519320,-0.075016
2.687840,2.687045,-0.001945
2.687840,2.980362,0.034866
2.687840,11.619526,0.021751
2.687840,3.080747,-0.043775
2.687840,2.687118,0.001214
2.687840,3.417292,0.068738
2.687840,9.085314,-0.099505
2.687840,2.837406,-0.020714
2.687840,2.701264,0.004674
2.687840,4.159836,0.103914
2.687840,6.007141,-0.129627
2.687840,2.750287,-0.010782
2.687840,2.769717,0.013087
2.687840,6.742193,0.127672
2.687840,3.890113,-0.093681
2.687840,2.694928,-0.003591
2.687840,2.883267,0.025450
2.687840,10.291113,0.074008
2.687840,3.262950,-0.058149
2.687840,2.688238,0.000022
2.687840,3.269020,0.058591
2.687840,10.240678,-0.075277
2.687840,2.881032,-0.025223
2.687840,2.695305,0.003652
2.687840,3.905496,0.094333
2.687840,6.692081,-0.127940
2.687840,2.768400,-0.012929
2.687840,2.752041,0.010989
2.687840,6.073137,0.129643
2.687840,4.131014,-0.102935
2.687840,2.700578,-0.004561
2.687840,2.841797,0.021175
2.687840,9.215693,0.097153
2.687840,3.399186,-0.067566
2.687840,2.687218,-0.001074
2.687840,3.101561,0.045530
2.687840,11.516207,-0.029329
2.687840,2.965217,-0.033455
2.687840,2.687282,0.002085
2.687840,3.543191,0.076406
2.687840,8.273217,-0.112337
2.687840,2.811907,-0.017982
2.687840,2.707372,0.005575
2.687840,4.402827,0.111194
2.687840,5.537349,-0.128185
2.687840,2.737773,-0.009306
2.687840,2.778709,0.014169
2.687840,7.083127,0.125402
2.687840,3.794174,-0.089412
2.687840,2.692502,-0.003217
2.687840,2.895290,0.026669
2.687840,10.547029,0.067182
2.687840,3.232210,-0.055875
2.687840,2.687961,0.000211
2.687840,3.290787,0.060162
2.687840,10.060793,-0.079628
2.687840,2.873334,-0.024442
2.687840,2.695938,0.003784
2.687840,3.935658,0.095586
2.687840,6.597101,-0.128399
2.687840,2.765867,-0.012633
2.687840,2.754194,0.011248
2.687840,6.155278,0.129604
2.687840,4.096625,-0.101734
2.687840,2.699707,-0.004432
2.687840,2.845505,0.021566
2.687840,9.323797,0.095139
2.687840,3.384511,-0.066603
2.687840,2.687228,-0.000968
2.687840,3.116188,0.046746
2.687840,11.430515,-0.034377
2.687840,2.955392,-0.032529
2.687840,2.687436,0.002176
2.687840,3.558711,0.077295
2.687840,8.184210,-0.113558
2.687840,2.809275,-0.017693
2.687840,2.708489,0.005724
2.687840,4.445284,0.112300
2.687840,5.468462,-0.127754
2.687840,2.735936,-0.009088
2.687840,2.780159,0.014342
2.687840,7.137484,0.124972
2.687840,3.780137,-0.088756
2.687840,2.692160,-0.003161
2.687840,2.897478,0.026888
2.687840,10.590681,0.065945
2.687840,3.226956,-0.055481
2.687840,2.687928,0.000245
2.687840,3.295005,0.060463
2.687840,10.026208,-0.080435
2.687840,2.871906,-0.024296
2.687840,2.696118,0.003815
2.687840,3.943437,0.095904
2.687840,6.573297,-0.128503
2.687840,2.765238,-0.012558
2.687840,2.754893,0.011331
2.687840,6.181691,0.129579
2.687840,4.085903,-0.101352
2.687840,2.699451,-0.004390
2.687840,2.847167,0.021740
2.687840,9.371433,0.094232
2.687840,3.378138,-0.066181
2.687840,2.687268,-0.000918
2.687840,3.123700,0.047364
2.687840,11.382990,-0.036883
2.687840,2.950589,-0.032073
2.687840,2.687593,0.002230
2.687840,3.569046,0.077880
2.687840,8.126236,-0.114333
2.687840,2.807583,-0.017505
2.687840,2.709506,0.005855
2.687840,4.483206,0.113250
2.687840,5.409680,-0.127337
2.687840,2.734377,-0.008899
2.687840,2.781676,0.014519
2.687840,7.193788,0.124508
2.687840,3.765927,-0.088085
2.687840,2.691853,-0.003099
2.687840,2.900965,0.027236
2.687840,10.658238,0.063983
2.687840,3.218805,-0.054865
2.687840,2.687969,0.000309
2.687840,3.304550,0.061139
2.687840,9.948365,-0.082219
2.687840,2.868758,-0.023972
2.687840,2.696865,0.003926
2.687840,3.972592,0.097076
2.687840,6.486507,-0.128848
2.687840,2.762975,-0.012283
2.687840,2.758163,0.011712
2.687840,6.304394,0.129378
2.687840,4.038085,-0.099600
2.687840,2.698383,-0.004192
2.687840,2.856895,0.022750
2.687840,9.640879,0.088870
2.687840,3.343031,-0.063814
2.687840,2.687626,-0.000625
2.687840,3.169651,0.051062
2.687840,11.053694,-0.050997
2.687840,2.924297,-0.029540
2.687840,2.689217,0.002616
2.687840,3.651597,0.082371
2.687840,7.697694,-0.119564
2.687840,2.795416,-0.016124
2.687840,2.719379,0.007085
2.687840,4.849677,0.120737
2.687840,4.947943,-0.122277
2.687840,2.722026,-0.007407
2.687840,2.792908,0.015833
2.687840,7.606890,0.120555
2.687840,3.670665,-0.083363
2.687840,2.689663,-0.002696
2.687840,2.920544,0.029172
2.687840,10.996717,0.053064
2.687840,3.176976,-0.051638
2.687840,2.687737,0.000585
2.687840,3.339261,0.063555
2.687840,9.670520,-0.088254
2.687840,2.858010,-0.022863
2.687840,2.698493,0.004197
2.687840,4.040650,0.099695
2.687840,6.297619,-0.129393
2.687840,2.758005,-0.011689
2.687840,2.763768,0.012372
2.687840,6.515700,0.128738
2.687840,3.962654,-0.096679
2.687840,2.696695,-0.003879
2.687840,2.872458,0.024348
2.687840,10.039011,0.080137
2.687840,3.293455,-0.060350
2.687840,2.688167,-0.000206
2.687840,3.236253,0.056176
2.687840,10.513471,-0.068117
2.687840,2.893654,-0.026501
2.687840,2.693201,0.003312
2.687840,3.819762,0.090585
2.687840,6.987142,-0.126117
2.687840,2.776182,-0.013863
2.687840,2.741706,0.009770
2.687840,5.684412,0.128906
2.687840,4.318680,-0.108860
2.687840,2.705217,-0.005271
2.687840,2.819189,0.018771
2.687840,8.514128,0.108849
2.687840,3.503101,-0.074054
2.687840,2.687082,-0.001826
2.687840,2.997018,0.036396
2.687840,11.695691,0.013721
2.687840,3.060010,-0.041995
2.687840,2.687158,0.001371
2.687840,3.440047,0.070185
2.687840,8.926375,-0.102259
2.687840,2.832199,-0.020159
2.687840,2.702705,0.004881
2.687840,4.215917,0.105744
2.687840,5.885708,-0.129486
2.687840,2.747099,-0.010398
2.687840,2.773290,0.013504
2.687840,6.875825,0.126872
2.687840,3.850798,-0.091973
2.687840,2.694122,-0.003417
2.687840,2.894027,0.026531
2.687840,10.520280,0.067928
2.687840,3.235456,-0.056114
2.687840,2.688575,0.000260
2.687840,3.307612,0.061350
2.687840,9.923787,-0.082773
2.687840,2.867848,-0.023864
2.687840,2.698864,0.004167
2.687840,4.042556,0.099764
2.687840,6.292686,-0.129402
2.687840,2.758015,-0.011658
2.687840,2.767967,0.012836
2.687840,6.668781,0.128057
2.687840,3.912822,-0.094636
2.687840,2.695983,-0.003623
2.687840,2.895534,0.026666
2.687840,10.549117,0.067121
2.687840,3.232036,-0.055851
2.687840,2.689456,0.000388
2.687840,3.339896,0.063585
2.687840,9.666308,-0.088340
2.687840,2.858068,-0.022826
2.687840,2.704117,0.004851
2.687840,4.236035,0.106371
2.687840,5.844490,-0.129399
2.687840,2.746498,-0.010214
2.687840,2.788678,0.015189
2.687840,7.427464,0.122381
2.687840,3.710435,-0.085361
2.687840,2.693156,-0.002564
2.687840,2.993730,0.036049
2.687840,11.682404,0.015407
2.687840,3.064500,-0.042344
2.687840,2.692213,0.001932
2.687840,3.603782,0.079777
2.687840,7.940191,-0.116706
2.687840,2.803111,-0.016812
2.687840,2.737629,0.009106
2.687840,5.502109,0.127966
2.687840,4.424484,-0.111754
2.687840,2.709148,-0.005513
2.687840,2.847618,0.021713
2.687840,9.373771,0.094183
2.687840,3.377988,-0.066150
2.687840,2.689962,-0.000601
2.687840,3.210815,0.054241
2.687840,10.724943,-0.061981
2.687840,2.904700,-0.027574
2.687840,2.695804,0.003534
2.687840,3.896668,0.093954
2.687840,6.720929,-0.127786
2.687840,2.769410,-0.012993
2.687840,2.758272,0.011676
2.687840,6.300259,0.129386
2.687840,4.039704,-0.099656
2.687840,2.698930,-0.004140
2.687840,2.872481,0.024333
2.687840,10.037435,0.080173
2.687840,3.293690,-0.060361
2.687840,2.688949,-0.000116
2.687840,3.261459,0.058034
2.687840,10.303835,-0.073683
2.687840,2.883911,-0.025502
2.687840,2.696661,0.003789
2.687840,3.948868,0.096122
2.687840,6.556974,-0.128571
2.687840,2.764965,-0.012490
2.687840,2.759920,0.011892
2.687840,6.366203,0.129228
2.687840,4.015193,-0.098732
2.687840,2.698148,-0.004065
2.687840,2.870208,0.024109
2.687840,9.982874,0.081433
2.687840,3.300341,-0.060837
2.687840,2.688508,-0.000216
2.687840,3.240507,0.056491
2.687840,10.478185,-0.069086
2.687840,2.891973,-0.026326
2.687840,2.694255,0.003448
2.687840,3.857565,0.092271
2.687840,6.852240,-0.127022
2.687840,2.772657,-0.013431
2.687840,2.747622,0.010462
2.687840,5.905692,0.129519
2.687840,4.206403,-0.105440
2.687840,2.702456,-0.004846
2.687840,2.832936,0.020238
2.687840,8.949143,0.101872
2.687840,3.436738,-0.069976
2.687840,2.687141,-0.001350
2.687840,3.062682,0.042226
2.687840,11.687590,-0.014783
2.687840,2.994776,-0.036192
2.687840,2.687060,0.001840
2.687840,3.504733,0.074151
2.687840,8.503993,-0.109001
2.687840,2.818874,-0.018738
2.687840,2.705169,0.005267
2.687840,4.317325,0.108821
2.687840,5.686900,-0.128916
2.687840,2.741764,-0.009778
2.687840,2.775884,0.013830
2.687840,6.976358,0.126194
2.687840,3.822698,-0.090718
2.687840,2.693238,-0.003327
2.687840,2.892109,0.026347
2.687840,10.481817,0.068988
2.687840,3.240050,-0.056460
2.687840,2.688095,0.000170
2.687840,3.287301,0.059912
2.687840,10.089499,-0.078951
2.687840,2.874543,-0.024563
2.687840,2.696088,0.003792
2.687840,3.939490,0.095743
2.687840,6.585361,-0.128451
2.687840,2.765580,-0.012593
2.687840,2.755200,0.011363
2.687840,6.192526,0.129566
2.687840,4.081555,-0.101195
2.687840,2.699393,-0.004367
2.687840,2.849274,0.021958
2.687840,9.430890,0.093083
2.687840,3.370262,-0.065656
2.687840,2.687394,-0.000847
2.687840,3.135443,0.048323
2.687840,11.304586,-0.040685
2.687840,2.943390,-0.031386
2.687840,2.687981,0.002329
2.687840,3.589707,0.079034
2.687840,8.013327,-0.115798
2.687840,2.804329,-0.017138
2.687840,2.711931,0.006160
2.687840,4.573003,0.115360
2.687840,5.279904,-0.126247
2.687840,2.730932,-0.008482
2.687840,2.785170,0.014926
2.687840,7.322732,0.123376
2.687840,3.734568,-0.086572
2.687840,2.691194,-0.002960
2.687840,2.909296,0.028062
2.687840,10.810599,0.059316
2.687840,3.200248,-0.053446
2.687840,2.688056,0.000454
2.687840,3.326127,0.062647
2.687840,9.774663,-0.086050
2.687840,2.861977,-0.023268
2.687840,2.698602,0.004180
2.687840,4.040017,0.099671
2.687840,6.299329,-0.129389
2.687840,2.758104,-0.011688
2.687840,2.765265,0.012537
2.687840,6.570210,0.128516
2.687840,3.944483,-0.095945
2.687840,2.696430,-0.003786
2.687840,2.880684,0.025179
2.687840,10.231798,0.075498
2.687840,3.270112,-0.058668
2.687840,2.688639,0.000017
2.687840,3.274898,0.059015
2.687840,10.192131,-0.076477
2.687840,2.878959,-0.025004
2.687840,2.696750,0.003837
2.687840,3.957381,0.096466
2.687840,6.531408,-0.128676
2.687840,2.764251,-0.012414
2.687840,2.759511,0.011852
2.687840,6.352129,0.129265
2.687840,4.020338,-0.098929
2.687840,2.698176,-0.004097
2.687840,2.866441,0.023726
2.687840,9.889206,0.083546
2.687840,3.311866,-0.061651
2.687840,2.688243,-0.000330
2.687840,3.220423,0.054985
2.687840,10.644973,-0.064372
2.687840,2.900297,-0.027165
2.687840,2.692544,0.003185
2.687840,3.790174,0.089225
2.687840,7.098542,-0.125282
2.687840,2.779162,-0.014214
2.687840,2.738444,0.009379
2.687840,5.561326,0.128321
2.687840,4.388533,-0.110810
2.687840,2.707048,-0.005519
2.687840,2.814428,0.018253
2.687840,8.356799,0.111157
2.687840,3.528984,-0.075581
2.687840,2.687285,-0.001984
2.687840,2.978816,0.034721
2.687840,11.610456,0.022517
2.687840,3.082802,-0.043948
2.687840,2.687298,0.001221
2.687840,3.421122,0.068982
2.687840,9.058263,-0.099982
2.687840,2.836537,-0.020616
2.687840,2.702209,0.004791
2.687840,4.193735,0.105031
2.687840,5.932705,-0.129558
2.687840,2.748372,-0.010543
2.687840,2.773068,0.013470
2.687840,6.866165,0.126934
2.687840,3.853572,-0.092095
2.687840,2.694288,-0.003416
2.687840,2.896689,0.026794
2.687840,10.573446,0.066435
2.687840,3.229076,-0.055633
2.687840,2.688803,0.000333
2.687840,3.321499,0.062320
2.687840,9.811986,-0.085243
2.687840,2.863499,-0.023408
2.687840,2.700583,0.004400
2.687840,4.106928,0.102093
2.687840,6.130445,-0.129620
2.687840,2.753830,-0.011138
2.687840,2.775001,0.013641
2.687840,6.929160,0.126518
2.687840,3.835835,-0.091300
2.687840,2.694692,-0.003248
2.687840,2.925681,0.029632
2.687840,11.070634,0.050363
2.687840,3.167594,-0.050876
2.687840,2.690609,0.000991
2.687840,3.443420,0.070370
2.687840,8.904783,-0.102618
2.687840,2.832050,-0.020030
2.687840,2.717574,0.006602
2.687840,4.741769,0.118822
2.687840,5.067012,-0.123902
2.687840,2.726201,-0.007685
2.687840,2.819354,0.018628
2.687840,8.494460,0.109137
2.687840,3.506563,-0.074227
2.687840,2.691310,-0.001355
2.687840,3.128869,0.047756
2.687840,11.350273,-0.038508
2.687840,2.947764,-0.031755
2.687840,2.694114,0.003016
2.687840,3.792246,0.089309
2.687840,7.091097,-0.125336
2.687840,2.779423,-0.014141
2.687840,2.751731,0.010871
2.687840,6.047949,0.129639
2.687840,4.141977,-0.103305
2.687840,2.701579,-0.004519
2.687840,2.863075,0.023357
2.687840,9.800071,0.085501
2.687840,3.323004,-0.062422
2.687840,2.689088,-0.000310
2.687840,3.236830,0.056212
2.687840,10.509064,-0.068238
2.687840,2.893527,-0.026471
2.687840,2.695417,0.003572
2.687840,3.895633,0.093913
2.687840,6.724192,-0.127769
2.687840,2.769368,-0.013017
2.687840,2.754491,0.011255
2.687840,6.161750,0.129598
2.687840,4.094016,-0.101639
2.687840,2.699918,-0.004390
2.687840,2.854409,0.022483
2.687840,9.572157,0.090276
2.687840,3.351867,-0.064414
2.687840,2.687906,-0.000656
2.687840,3.170033,0.051090
2.687840,11.050850,-0.051102
2.687840,2.924127,-0.029519
2.687840,2.689754,0.002680
2.687840,3.669931,0.083324
2.687840,7.610373,-0.120518
2.687840,2.793031,-0.015841
2.687840,2.722677,0.007481
2.687840,4.971253,0.122616
2.687840,4.827620,-0.120366
2.687840,2.718809,-0.007009
2.687840,2.796745,0.016271
2.687840,7.744554,0.119036
2.687840,3.641998,-0.081864
2.687840,2.689110,-0.002561
2.687840,2.929920,0.030084
2.687840,11.134028,0.047934
2.687840,3.159110,-0.050225
2.687840,2.687734,0.000715
2.687840,3.357338,0.064785
2.687840,9.529802,-0.091129
2.687840,2.852851,-0.022324
2.687840,2.699715,0.004378
2.687840,4.088712,0.101451
2.687840,6.174790,-0.129585
2.687840,2.754800,-0.011299
2.687840,2.768016,0.012866
2.687840,6.674645,0.128028
2.687840,3.910954,-0.094560
2.687840,2.695647,-0.003650
2.687840,2.886742,0.025793
2.687840,10.366567,0.072064
2.687840,3.253913,-0.057482
2.687840,2.688743,0.000146
2.687840,3.294549,0.060424
2.687840,10.030309,-0.080339
2.687840,2.872165,-0.024305
2.687840,2.698409,0.004081
2.687840,4.022037,0.098992
2.687840,6.347571,-0.129276
2.687840,2.759471,-0.011829
2.687840,2.766720,0.012687
2.687840,6.621523,0.128286
2.687840,3.927827,-0.095260
2.687840,2.696322,-0.003686
2.687840,2.892465,0.026359
2.687840,10.486598,0.068855
2.687840,3.239544,-0.056412
2.687840,2.689396,0.000327
2.687840,3.330348,0.062929
2.687840,9.741696,-0.086753
2.687840,2.860887,-0.023122
2.687840,2.703133,0.004716
2.687840,4.198516,0.105179
2.687840,5.922692,-0.129541
2.687840,2.748524,-0.010465
2.687840,2.785550,0.014833
2.687840,7.314049,0.123450
2.687840,3.736821,-0.086665
2.687840,2.693467,-0.002710
2.687840,2.978885,0.034680
2.687840,11.609141,0.022615
2.687840,3.083289,-0.043953
2.687840,2.692011,0.001770
2.687840,3.577321,0.078311
2.687840,8.082256,-0.114903
2.687840,2.807203,-0.017270
2.687840,2.734982,0.008776
2.687840,5.400521,0.127261
2.687840,4.489470,-0.113394
2.687840,2.710881,-0.005738
2.687840,2.844337,0.021360
2.687840,9.278079,0.095994
2.687840,3.390857,-0.066998
2.687840,2.690120,-0.000674
2.687840,3.203261,0.053661
2.687840,10.786881,-0.060064
2.687840,2.908132,-0.027913
2.687840,2.695688,0.003495
2.687840,3.888958,0.093625
2.687840,6.746262,-0.127647
2.687840,2.770099,-0.013071
2.687840,2.758035,0.011644
2.687840,6.290724,0.129405
2.687840,4.043320,-0.099791
2.687840,2.699048,-0.004150
2.687840,2.872898,0.024374
2.687840,10.047372,0.079941
2.687840,3.292481,-0.060274
2.687840,2.689022,-0.000099
2.687840,3.265044,0.058296
2.687840,10.274054,-0.074439
2.687840,2.882588,-0.025365
2.687840,2.697093,0.003850
2.687840,3.965162,0.096777
2.687840,6.508404,-0.128765
2.687840,2.763707,-0.012335
2.687840,2.762015,0.012134
2.687840,6.444417,0.128993
2.687840,3.987230,-0.097650
2.687840,2.697583,-0.003942
2.687840,2.877892,0.024890
2.687840,10.166741,0.077096
2.687840,3.277979,-0.059235
2.687840,2.688869,-0.000012
2.687840,3.274557,0.058988
2.687840,10.195052,-0.076405
2.687840,2.879110,-0.025014
2.687840,2.697345,0.003905
2.687840,3.977689,0.097274
2.687840,6.471819,-0.128900
2.687840,2.762730,-0.012221
2.687840,2.762698,0.012217
2.687840,6.470612,0.128904
2.687840,3.978107,-0.097291
2.687840,2.697354,-0.003907
2.687840,2.879022,0.025005
2.687840,10.193024,0.076455
2.687840,3.274802,-0.059006
2.687840,2.688867,0.000010
2.687840,3.277641,0.059211
2.687840,10.169534,-0.077029
2.687840,2.878012,-0.024902
2.687840,2.697552,0.003937
2.687840,3.986019,0.097602
2.687840,6.447873,-0.128982
2.687840,2.762105,-0.012145
2.687840,2.763567,0.012318
2.687840,6.503176,0.128785
2.687840,3.966938,-0.096848
2.687840,2.697127,-0.003858
2.687840,2.882065,0.025313
2.687840,10.262317,0.074734
2.687840,3.266455,-0.058399
2.687840,2.688998,0.000086
2.687840,3.290293,0.060118
2.687840,10.065321,-0.079520
2.687840,2.873636,-0.024451
2.687840,2.698820,0.004118
2.687840,4.034623,0.099466
2.687840,6.313758,-0.129356
2.687840,2.758631,-0.011718
2.687840,2.769132,0.012959
2.687840,6.710366,0.127842
2.687840,3.899912,-0.094091
2.687840,2.695879,-0.003547
2.687840,2.904084,0.027513
2.687840,10.713547,0.062327
2.687840,3.212201,-0.054347
2.687840,2.689958,0.000590
2.687840,3.376440,0.066047
2.687840,9.385397,-0.093960
2.687840,2.848023,-0.021756
2.687840,2.708994,0.005492
2.687840,4.418610,0.111601
2.687840,5.511668,-0.128025
2.687840,2.737880,-0.009137
2.687840,2.802785,0.016775
2.687840,7.928748,0.116847
2.687840,3.605966,-0.079897
2.687840,2.692236,-0.001944
2.687840,3.063176,0.042229
2.687840,11.686644,-0.014884
2.687840,2.994829,-0.036149
2.687840,2.693147,0.002555
2.687840,3.708950,0.085287
2.687840,7.433998,-0.122318
2.687840,2.788861,-0.015209
2.687840,2.746436,0.010206
2.687840,5.842010,0.129393
2.687840,4.237256,-0.106409
2.687840,2.704154,-0.004855
2.687840,2.858142,0.022833
2.687840,9.668233,0.088300
2.687840,3.339652,-0.063568
2.687840,2.689474,-0.000384
2.687840,3.232855,0.055912
2.687840,10.542316,-0.067312
2.687840,2.895198,-0.026632
2.687840,2.696076,0.003637
2.687840,3.916397,0.094785
2.687840,6.657429,-0.128113
2.687840,2.767672,-0.012800
2.687840,2.758499,0.011714
2.687840,6.310790,0.129363
2.687840,4.035723,-0.099508
2.687840,2.698721,-0.004137
2.687840,2.869551,0.024038
2.687840,9.966164,0.081814
2.687840,3.302400,-0.060982
2.687840,2.688655,-0.000213
2.687840,3.243229,0.056692
2.687840,10.455572,-0.069700
2.687840,2.890903,-0.026215
2.687840,2.694769,0.003516
2.687840,3.876334,0.093088
2.687840,6.788151,-0.127410
2.687840,2.770988,-0.013226
2.687840,2.750437,0.010790
2.687840,6.011044,0.129629
2.687840,4.158113,-0.103855
2.687840,2.701316,-0.004657
2.687840,2.840544,0.021040
2.687840,9.178170,0.097838
2.687840,3.404358,-0.067901
2.687840,2.687328,-0.001098
2.687840,3.100057,0.045403
2.687840,11.524482,-0.028795
2.687840,2.966276,-0.033553
2.687840,2.687426,0.002094
2.687840,3.546896,0.076619
2.687840,8.251804,-0.112634
2.687840,2.811293,-0.017910
2.687840,2.708222,0.005678
2.687840,4.433541,0.111998
2.687840,5.487192,-0.127877
2.687840,2.736465,-0.009144
2.687840,2.780616,0.014388
2.687840,7.153207,0.124844
2.687840,3.776146,-0.088568
2.687840,2.692189,-0.003130
2.687840,2.902082,0.027344
2.687840,10.679069,0.063365
2.687840,3.216294,-0.054672
2.687840,2.688175,0.000351
2.687840,3.313823,0.061789
2.687840,9.873379,-0.083898
2.687840,2.865812,-0.023662
2.687840,2.698110,0.004094
2.687840,4.018758,0.098869
2.687840,6.356422,-0.129254
2.687840,2.759612,-0.011867
2.687840,2.763781,0.012361
2.687840,6.514126,0.128744
2.687840,3.963201,-0.096700
2.687840,2.696848,-0.003865
2.687840,2.876721,0.024777
2.687840,10.140147,0.077740
2.687840,3.281178,-0.059469
2.687840,2.688518,-0.000077
2.687840,3.259909,0.057924
2.687840,10.316537,-0.073359
2.687840,2.884439,-0.025564
2.687840,2.695456,0.003644
2.687840,3.906932,0.094392
2.687840,6.687499,-0.127963
2.687840,2.768321,-0.012910
2.687840,2.753390,0.011140
2.687840,6.122692,0.129627
2.687840,4.110089,-0.102208
2.687840,2.700153,-0.004470
2.687840,2.847313,0.021750
2.687840,9.374816,0.094167
2.687840,3.377699,-0.066150
2.687840,2.687471,-0.000891
2.687840,3.130655,0.047932
2.687840,11.337165,-0.039149
2.687840,2.946294,-0.031662
2.687840,2.688022,0.002312
2.687840,3.587993,0.078939
2.687840,8.022577,-0.115680
2.687840,2.804610,-0.017167
2.687840,2.712159,0.006184
2.687840,4.580794,0.115534
2.687840,5.269229,-0.126146
2.687840,2.730662,-0.008446
2.687840,2.785859,0.015003
2.687840,7.347546,0.123147
2.687840,3.728718,-0.086285
2.687840,2.691122,-0.002928
2.687840,2.912478,0.028374
2.687840,10.865333,0.057548
2.687840,3.193497,-0.052924
2.687840,2.688160,0.000515
2.687840,3.336374,0.063354
2.687840,9.693445,-0.087774
2.687840,2.858919,-0.022947
2.687840,2.699656,0.004326
2.687840,4.079893,0.101133
2.687840,6.196768,-0.129560
2.687840,2.755448,-0.011361
2.687840,2.769432,0.013017
2.687840,6.725326,0.127763
2.687840,3.895296,-0.093898
2.687840,2.695507,-0.003559
2.687840,2.896672,0.026783
2.687840,10.572124,0.066472
2.687840,3.229262,-0.055643
2.687840,2.689326,0.000393
2.687840,3.338436,0.063486
2.687840,9.677735,-0.088102
2.687840,2.858477,-0.022872
2.687840,2.703575,0.004785
2.687840,4.216639,0.105760
2.687840,5.884441,-0.129480
2.687840,2.747516,-0.010344
2.687840,2.786566,0.014951
2.687840,7.351383,0.123106
2.687840,3.728004,-0.086233
2.687840,2.693315,-0.002667
2.687840,2.982337,0.035000
2.687840,11.628918,0.020914
2.687840,3.078760,-0.043568
2.687840,2.692003,0.001803
2.687840,3.581802,0.078562
2.687840,8.057733,-0.115221
2.687840,2.806484,-0.017191
2.687840,2.735202,0.008806
2.687840,5.409422,0.127329
2.687840,4.483580,-0.113250
2.687840,2.710707,-0.005720
2.687840,2.844092,0.021336
2.687840,9.271204,0.096122
2.687840,3.391786,-0.067060
2.687840,2.690051,-0.000689
2.687840,3.200113,0.053420
2.687840,10.812503,-0.059253
2.687840,2.909576,-0.028057
2.687840,2.695358,0.003446
2.687840,3.876096,0.093073
2.687840,6.789149,-0.127403
2.687840,2.771218,-0.013207
2.687840,2.756236,0.011435
2.687840,6.223410,0.129524
2.687840,4.069346,-0.100749
2.687840,2.699599,-0.004261
2.687840,2.866612,0.023732
2.687840,9.892114,0.083481
2.687840,3.311534,-0.061624
2.687840,2.688726,-0.000270
2.687840,3.236445,0.056186
2.687840,10.512113,-0.068154
2.687840,2.893641,-0.026489
2.687840,2.694535,0.003468
2.687840,3.865330,0.092610
2.687840,6.825523,-0.127187
2.687840,2.771983,-0.013343
2.687840,2.749440,0.010670
2.687840,5.973231,0.129602
2.687840,4.175100,-0.104421
2.687840,2.701740,-0.004721
2.687840,2.838564,0.020831
2.687840,9.119247,0.098900
2.687840,3.412544,-0.068431
2.687840,2.687308,-0.001158
2.687840,3.091474,0.044682
2.687840,11.569301,-0.025713
2.687840,2.972388,-0.034124
2.687840,2.687341,0.002038
2.687840,3.537603,0.076082
2.687840,8.305883,-0.111880
2.687840,2.812901,-0.018086
2.687840,2.707559,0.005589
2.687840,4.408290,0.111338
2.687840,5.528307,-0.128132
2.687840,2.737560,-0.009275
2.687840,2.779746,0.014284
2.687840,7.120639,0.125107
2.687840,3.784465,-0.088958
2.687840,2.692390,-0.003164
2.687840,2.900722,0.027208
2.687840,10.653208,0.064130
2.687840,3.219425,-0.054910
2.687840,2.688196,0.000331
2.687840,3.311352,0.061616
2.687840,9.893343,-0.083454
2.687840,2.866599,-0.023743
2.687840,2.698001,0.004075
2.687840,4.014122,0.098692
2.687840,6.369103,-0.129220
2.687840,2.759946,-0.011907
2.687840,2.763421,0.012319
2.687840,6.500561,0.128796
2.687840,3.967807,-0.096884
2.687840,2.696948,-0.003884
2.687840,2.875688,0.024672
2.687840,10.115807,0.078324
2.687840,3.284128,-0.059681
2.687840,2.688482,-0.000102
2.687840,3.255793,0.057622
2.687840,10.350789,-0.072476
2.687840,2.885992,-0.025722
2.687840,2.695107,0.003592
2.687840,3.893282,0.093815
2.687840,6.731807,-0.127729
2.687840,2.769479,-0.013051
2.687840,2.751676,0.010940
2.687840,6.058402,0.129643
2.687840,4.137361,-0.103152
2.687840,2.700784,-0.004580
2.687840,2.842523,0.021249
2.687840,9.236610,0.096768
2.687840,3.396329,-0.067379
2.687840,2.687319,-0.001042
2.687840,3.107582,0.046032
2.687840,11.482129,-0.031433
2.687840,2.961105,-0.033067
2.687840,2.687480,0.002138
2.687840,3.554137,0.077034
2.687840,8.210239,-0.113205
2.687840,2.810060,-0.017776
2.687840,2.708652,0.005737
2.687840,4.450158,0.112424
2.687840,5.460774,-0.127702
2.687840,2.735755,-0.009061
2.687840,2.781021,0.014437
2.687840,7.168611,0.124718
2.687840,3.772248,-0.088384
2.687840,2.692071,-0.003117
2.687840,2.901989,0.027335
2.687840,10.677412,0.063414
2.687840,3.216492,-0.054688
2.687840,2.688117,0.000343
2.687840,3.311742,0.061644
2.687840,9.890153,-0.083526
2.687840,2.866464,-0.023731
2.687840,2.697793,0.004052
2.687840,4.007101,0.098423
2.687840,6.388456,-0.129167
2.687840,2.760438,-0.011970
2.687840,2.762359,0.012197
2.687840,6.461140,0.128938
2.687840,3.981367,-0.097421
2.687840,2.697205,-0.003946
2.687840,2.871417,0.024238
2.687840,10.013298,0.080734
2.687840,3.296602,-0.060574
2.687840,2.688271,-0.000216
2.687840,3.236520,0.056196
2.687840,10.511293,-0.068177
2.687840,2.893558,-0.026489
2.687840,2.693463,0.003343
2.687840,3.828809,0.090994
2.687840,6.954130,-0.126349
2.687840,2.775320,-0.013757
2.687840,2.743221,0.009947
2.687840,5.741008,0.129115
2.687840,4.288437,-0.107974
2.687840,2.704463,-0.005158
2.687840,2.822501,0.019127
2.687840,8.621319,0.107211
2.687840,3.486082,-0.073030
2.687840,2.687059,-0.001709
2.687840,3.012567,0.037806
2.687840,11.734738,0.006514
2.687840,3.042392,-0.040459
2.687840,2.687107,0.001495
2.687840,3.456619,0.071222
2.687840,8.813997,-0.104133
2.687840,2.828579,-0.019775
2.687840,2.703345,0.004982
2.687840,4.242395,0.106576
2.687840,5.831339,-0.129373
2.687840,2.745646,-0.010228
2.687840,2.774147,0.013610
2.687840,6.908680,0.126658
2.687840,3.841482,-0.091560
2.687840,2.693863,-0.003383
2.687840,2.894464,0.026576
2.687840,10.529328,0.067676
2.687840,3.234365,-0.056033
2.687840,2.688492,0.000258
2.687840,3.305980,0.061236
2.687840,9.936991,-0.082476
2.687840,2.868364,-0.023919
2.687840,2.698500,0.004120
2.687840,4.029412,0.099271
2.687840,6.327638,-0.129325
2.687840,2.758912,-0.011770
2.687840,2.766300,0.012645
2.687840,6.606912,0.128353
2.687840,3.932526,-0.095454
2.687840,2.696334,-0.003716
2.687840,2.888567,0.025970
2.687840,10.405092,0.071051
2.687840,3.249311,-0.057139
2.687840,2.689139,0.000226
2.687840,3.312096,0.061661
2.687840,9.887757,-0.083577
2.687840,2.866489,-0.023710
2.687840,2.700879,0.004412
2.687840,4.113844,0.102334
2.687840,6.113887,-0.129629
2.687840,2.753455,-0.011080
2.687840,2.777238,0.013889
2.687840,7.010331,0.125946
2.687840,3.813616,-0.090294
2.687840,2.694463,-0.003122
2.687840,2.938982,0.030914
2.687840,11.249010,0.043174
2.687840,3.143558,-0.048951
2.687840,2.691133,0.001227
2.687840,3.485481,0.072961
2.687840,8.626894,-0.107118
2.687840,2.823385,-0.019074
2.687840,2.723595,0.007357
2.687840,4.968163,0.122564
2.687840,4.830765,-0.120411
2.687840,2.719950,-0.006900
2.687840,2.828739,0.019664
2.687840,8.799734,0.104361
2.687840,3.458997,-0.071340
2.687840,2.690838,-0.001074
2.687840,3.159797,0.050255
2.687840,11.129974,-0.048089
2.687840,2.929863,-0.030036
2.687840,2.694721,0.003220
2.687840,3.832268,0.091140
2.687840,6.942022,-0.126430
2.687840,2.775376,-0.013678
2.687840,2.754385,0.011198
2.687840,6.150332,0.129606
2.687840,4.098735,-0.101803
2.687840,2.700457,-0.004359
2.687840,2.866904,0.023756
2.687840,9.898626,0.083336
2.687840,3.310745,-0.061567
2.687840,2.689033,-0.000229
2.687840,3.247201,0.056984
2.687840,10.422628,-0.070584
2.687840,2.889379,-0.026054
2.687840,2.695936,0.003664
2.687840,3.917971,0.094852
2.687840,6.652390,-0.128139
2.687840,2.767476,-0.012791
2.687840,2.756819,0.011529
2.687840,6.249484,0.129483
2.687840,4.059122,-0.100378
2.687840,2.699121,-0.004248
2.687840,2.860946,0.023159
2.687840,9.747301,0.086636
2.687840,3.329571,-0.062885
2.687840,2.688144,-0.000468
2.687840,3.199705,0.053403
2.687840,10.815050,-0.059174
2.687840,2.909558,-0.028086
2.687840,2.691355,0.002977
2.687840,3.739747,0.086825
2.687840,7.301002,-0.123573
2.687840,2.784594,-0.014856
2.687840,2.731924,0.008599
2.687840,5.316705,0.126580
2.687840,4.546642,-0.114761
2.687840,2.711237,-0.006069
2.687840,2.805793,0.017300
2.687840,8.063781,0.115151
2.687840,3.580391,-0.078516
2.687840,2.687875,-0.002276
2.687840,2.948795,0.031901
2.687840,11.364177,0.037830
2.687840,3.126590,-0.047600
2.687840,2.687420,0.000915
2.687840,3.380190,0.066316
2.687840,9.356121,-0.094525
2.687840,2.846654,-0.021682
2.687840,2.700132,0.004473
2.687840,4.110101,0.102208
2.687840,6.122657,-0.129627
2.687840,2.753379,-0.011141
2.687840,2.768033,0.012878
2.687840,6.677038,0.128017
2.687840,3.910192,-0.094529
2.687840,2.695499,-0.003662
2.687840,2.882810,0.025400
2.687840,10.280433,0.074278
2.687840,3.264245,-0.058242
2.687840,2.688428,0.000035
2.687840,3.273907,0.058944
2.687840,10.200239,-0.076278
2.687840,2.879288,-0.025041
2.687840,2.696121,0.003761
2.687840,3.935413,0.095575
2.687840,6.597914,-0.128395
2.687840,2.765959,-0.012628
2.687840,2.756198,0.011471
2.687840,6.228638,0.129517
2.687840,4.067243,-0.100676
2.687840,2.699152,-0.004299
2.687840,2.854620,0.022510
2.687840,9.578686,0.090143
2.687840,3.351013,-0.064357
2.687840,2.687696,-0.000674
2.687840,3.164060,0.050619
2.687840,11.096589,-0.049385
2.687840,2.927251,-0.029826
2.687840,2.689180,0.002589
2.687840,3.647198,0.082139
2.687840,7.719078,-0.119324
2.687840,2.796025,-0.016191
2.687840,2.719201,0.007060
2.687840,4.842567,0.120618
2.687840,4.955406,-0.122387
2.687840,2.722240,-0.007430
2.687840,2.793124,0.015854
2.687840,7.614192,0.120477
2.687840,3.669114,-0.083282
2.687840,2.689689,-0.002682
2.687840,2.922811,0.029392
2.687840,11.031257,0.051821
2.687840,3.172557,-0.051290
2.687840,2.687828,0.000628
2.687840,3.346715,0.064064
2.687840,9.612186,-0.089460
2.687840,2.855863,-0.022637
2.687840,2.699298,0.004307
2.687840,4.070914,0.100809
2.687840,6.219333,-0.129531
2.687840,2.755979,-0.011439
2.687840,2.766960,0.012740
2.687840,6.634691,0.128224
2.687840,3.923582,-0.095087
2.687840,2.695933,-0.003702
2.687840,2.884165,0.025533
2.687840,10.310083,0.073524
2.687840,3.260694,-0.057980
2.687840,2.688685,0.000091
2.687840,3.285831,0.059802
2.687840,10.101861,-0.078657
2.687840,2.875125,-0.024610
2.687840,2.697626,0.003968
2.687840,3.991766,0.097827
2.687840,6.431499,-0.129036
2.687840,2.761649,-0.012096
2.687840,2.763365,0.012300
2.687840,6.496361,0.128811
2.687840,3.969255,-0.096940
2.687840,2.697122,-0.003874
2.687840,2.879802,0.025085
2.687840,10.211093,0.076010
2.687840,3.272619,-0.058848
2.687840,2.688836,0.000022
2.687840,3.278825,0.059297
2.687840,10.159732,-0.077267
2.687840,2.877589,-0.024859
2.687840,2.697551,0.003941
2.687840,3.986474,0.097620
2.687840,6.446569,-0.128986
2.687840,2.762066,-0.012142
2.687840,2.763480,0.012309
2.687840,6.500049,0.128797
2.687840,3.968002,-0.096890
2.687840,2.697140,-0.003863
2.687840,2.881496,0.025256
2.687840,10.249529,0.075055
2.687840,3.267993,-0.058511
2.687840,2.688963,0.000071
2.687840,3.287595,0.059926
2.687840,10.087474,-0.078998
2.687840,2.874553,-0.024546
2.687840,2.698524,0.004077
2.687840,4.023387,0.099042
2.687840,6.343937,-0.129285
2.687840,2.759411,-0.011814
2.687840,2.767848,0.012812
2.687840,6.662659,0.128087
2.687840,3.914759,-0.094716
2.687840,2.696142,-0.003618
2.687840,2.898764,0.026985
2.687840,10.612642,0.065311
2.687840,3.224402,-0.055274
2.687840,2.689735,0.000476
2.687840,3.356767,0.064731
2.687840,9.535109,-0.091020
2.687840,2.853304,-0.022319
2.687840,2.706483,0.005162
2.687840,4.324273,0.109012
2.687840,5.674479,-0.128860
2.687840,2.742109,-0.009664
2.687840,2.796134,0.016028
2.687840,7.694292,0.119595
2.687840,3.652567,-0.082395
2.687840,2.692623,-0.002224
2.687840,3.031297,0.039437
2.687840,11.745202,-0.001681
2.687840,3.023609,-0.038752
2.687840,2.692722,0.002292
2.687840,3.664038,0.082994
2.687840,7.639333,-0.120199
2.687840,2.794589,-0.015854
2.687840,2.743045,0.009782
2.687840,5.710684,0.129002
2.687840,4.304662,-0.108444
2.687840,2.705959,-0.005093
2.687840,2.854390,0.022435
2.687840,9.565347,0.090411
2.687840,3.352850,-0.064466
2.687840,2.689681,-0.000454
2.687840,3.226502,0.055433
2.687840,10.595193,-0.065813
2.687840,2.897869,-0.026897
2.687840,2.696151,0.003626
2.687840,3.916028,0.094769
2.687840,6.658625,-0.128107
2.687840,2.767734,-0.012800
2.687840,2.759327,0.011806
2.687840,6.341004,0.129292
2.687840,4.024469,-0.099083
2.687840,2.698533,-0.004083
2.687840,2.873854,0.024475
2.687840,10.070802,0.079391
2.687840,3.289621,-0.060071
2.687840,2.688913,-0.000091
2.687840,3.264363,0.058247
2.687840,10.279664,-0.074297
2.687840,2.882826,-0.025392
2.687840,2.696764,0.003809
2.687840,3.953625,0.096314
2.687840,6.542667,-0.128630
2.687840,2.764586,-0.012445
2.687840,2.760290,0.011936
2.687840,6.380222,0.129190
2.687840,4.010096,-0.098537
2.687840,2.698030,-0.004044
2.687840,2.871158,0.024206
2.687840,10.006212,0.080897
2.687840,3.297484,-0.060634
2.687840,2.688538,-0.000192
2.687840,3.244305,0.056773
2.687840,10.446546,-0.069944
2.687840,2.890462,-0.026173
2.687840,2.694549,0.003493
2.687840,3.869280,0.092783
2.687840,6.812011,-0.127269
2.687840,2.771599,-0.013303
2.687840,2.749123,0.010638
2.687840,5.962060,0.129592
2.687840,4.180186,-0.104588
2.687840,2.701822,-0.004745
2.687840,2.836579,0.020623
2.687840,9.059976,0.099952
2.687840,3.420874,-0.068967
2.687840,2.687205,-0.001230
2.687840,3.080074,0.043717
2.687840,11.622462,-0.021497
2.687840,2.980884,-0.034914
2.687840,2.687156,0.001954
2.687840,3.522492,0.075202
2.687840,8.395599,-0.110599
2.687840,2.815580,-0.018381
2.687840,2.706203,0.005412
2.687840,4.357447,0.109959
2.687840,5.614834,-0.128598
2.687840,2.739845,-0.009551
2.687840,2.777363,0.014006
2.687840,7.032078,0.125789
2.687840,3.807653,-0.090033
2.687840,2.692870,-0.003267
2.687840,2.894405,0.026578
2.687840,10.528950,0.067687
2.687840,3.234388,-0.056038
2.687840,2.688069,0.000208
2.687840,3.292129,0.060257
2.687840,10.049829,-0.079885
2.687840,2.872893,-0.024395
2.687840,2.696330,0.003833
2.687840,3.949623,0.096155
2.687840,6.554587,-0.128582
2.687840,2.764770,-0.012496
2.687840,2.756180,0.011478
2.687840,6.229479,0.129516
2.687840,4.066903,-0.100664
2.687840,2.699054,-0.004308
2.687840,2.851858,0.022227
2.687840,9.503160,0.091661
2.687840,3.360789,-0.065020
2.687840,2.687474,-0.000770
2.687840,3.147310,0.049282
2.687840,11.220902,-0.044388
2.687840,2.936463,-0.030720
2.687840,2.688356,0.002424
2.687840,3.609648,0.080129
2.687840,7.908015,-0.117109
2.687840,2.801324,-0.016799
2.687840,2.714231,0.006448
2.687840,4.658384,0.117194
2.687840,5.167485,-0.125102
2.687840,2.727929,-0.008119
2.687840,2.787883,0.015244
2.687840,7.422705,0.122433
2.687840,3.711311,-0.085425
2.687840,2.690662,-0.002861
2.687840,2.914171,0.028543
2.687840,10.893990,0.056600
2.687840,3.189928,-0.052648
2.687840,2.688004,0.000523
2.687840,3.334901,0.063254
2.687840,9.705009,-0.087532
2.687840,2.859333,-0.022994
2.687840,2.699054,0.004252
2.687840,4.058585,0.100358
2.687840,6.250850,-0.129481
2.687840,2.756831,-0.011535
2.687840,2.766742,0.012709
2.687840,6.625653,0.128267
2.687840,3.926478,-0.095206
2.687840,2.696054,-0.003708
2.687840,2.885313,0.025647
2.687840,10.335191,0.072879
2.687840,3.257684,-0.057759
2.687840,2.688809,0.000127
2.687840,3.292897,0.060306
2.687840,10.043869,-0.080023
2.687840,2.872730,-0.024362
2.687840,2.698475,0.004085
2.687840,4.023703,0.099055
2.687840,6.343064,-0.129287
2.687840,2.759364,-0.011814
2.687840,2.767183,0.012739
2.687840,6.638522,0.128205
2.687840,3.922395,-0.095035
2.687840,2.696238,-0.003659
2.687840,2.894804,0.026592
2.687840,10.534268,0.067537
2.687840,3.233824,-0.055984
2.687840,2.689517,0.000382
2.687840,3.340075,0.063597
2.687840,9.664928,-0.088368
2.687840,2.858024,-0.022820
2.687840,2.704329,0.004876
2.687840,4.243480,0.106602
2.687840,5.829417,-0.129364
2.687840,2.746115,-0.010165
2.687840,2.789537,0.015285
2.687840,7.458260,0.122079
2.687840,3.703466,-0.085011
2.687840,2.693101,-0.002522
2.687840,2.998529,0.036487
2.687840,11.699776,0.013132
2.687840,3.058778,-0.041848
2.687840,2.692302,0.001985
2.687840,3.612800,0.080269
2.687840,7.893210,-0.117281
2.687840,2.801772,-0.016661
2.687840,2.738606,0.009227
2.687840,5.539443,0.128191
2.687840,4.401761,-0.111156
2.687840,2.708551,-0.005433
2.687840,2.849106,0.021871
2.687840,9.416385,0.093362
2.687840,3.372329,-0.065774
2.687840,2.689936,-0.000564
2.687840,3.215555,0.054602
2.687840,10.685901,-0.063158
2.687840,2.902602,-0.027365
2.687840,2.696038,0.003577
2.687840,3.906992,0.094390
2.687840,6.687494,-0.127962
2.687840,2.768528,-0.012887
2.687840,2.759361,0.011803
2.687840,6.341242,0.129291
2.687840,4.024389,-0.099080
2.687840,2.698597,-0.004075
2.687840,2.875920,0.024683
2.687840,10.119749,0.078229
2.687840,3.283683,-0.059644
2.687840,2.689092,-0.000027
2.687840,3.276107,0.059098
2.687840,10.182326,-0.076716
2.687840,2.878585,-0.024956
2.687840,2.698051,0.003991
2.687840,4.002580,0.098246
2.687840,6.401141,-0.129129
2.687840,2.760921,-0.011993
2.687840,2.766293,0.012629
2.687840,6.604124,0.128365
2.687840,3.933446,-0.095491
2.687840,2.696535,-0.003699
2.687840,2.894008,0.026510
2.687840,10.517939,0.067991
2.687840,3.235790,-0.056131
2.687840,2.689589,0.000376
2.687840,3.340444,0.063622
2.687840,9.662060,-0.088428
2.687840,2.857927,-0.022808
2.687840,2.704593,0.004908
2.687840,4.252837,0.106890
2.687840,5.810671,-0.129317
2.687840,2.745640,-0.010104
2.687840,2.790587,0.015402
2.687840,7.495858,0.121703
2.687840,3.695066,-0.084587
2.687840,2.693037,-0.002471
2.687840,3.004395,0.037021
2.687840,11.717051,0.010389
2.687840,3.051999,-0.041258
2.687840,2.692409,0.002047
2.687840,3.623514,0.080849
2.687840,7.838311,-0.117939
2.687840,2.800214,-0.016485
2.687840,2.739736,0.009366
2.687840,5.582664,0.128429
2.687840,4.376182,-0.110466
2.687840,2.707881,-0.005342
2.687840,2.850844,0.022055
2.687840,9.465698,0.092398
2.687840,3.365832,-0.065340
2.687840,2.689910,-0.000520
2.687840,3.221109,0.055024
2.687840,10.639991,-0.064516
2.687840,2.900190,-0.027125
2.687840,2.696328,0.003629
2.687840,3.919575,0.094916
2.687840,6.647441,-0.128162
2.687840,2.767474,-0.012761
2.687840,2.760698,0.011960
2.687840,6.391503,0.129157
2.687840,4.006051,-0.098379
2.687840,2.698207,-0.003997
2.687840,2.880314,0.025129
2.687840,10.221794,0.075745
2.687840,3.271352,-0.058753
2.687840,2.689278,0.000083
2.687840,3.294517,0.060417
2.687840,10.030812,-0.080326
2.687840,2.872246,-0.024301
2.687840,2.699928,0.004258
2.687840,4.074456,0.100933
2.687840,6.210544,-0.129541
2.687840,2.755990,-0.011385
2.687840,2.774280,0.013546
2.687840,6.900375,0.126710
2.687840,3.843925,-0.091660
2.687840,2.695001,-0.003267
2.687840,2.927909,0.029845
2.687840,11.102456,0.049156
2.687840,3.163441,-0.050545
2.687840,2.690891,0.001054
2.687840,3.457013,0.071217
2.687840,8.813009,-0.104144
2.687840,2.829168,-0.019709
2.687840,2.720009,0.006903
2.687840,4.832339,0.120437
2.687840,4.966492,-0.122539
2.687840,2.723567,-0.007350
2.687840,2.823913,0.019130
2.687840,8.643745,0.106855
2.687840,3.482854,-0.072802
2.687840,2.691174,-0.001204
2.687840,3.147451,0.049264
2.687840,11.221130,-0.044373
2.687840,2.936753,-0.030699
2.687840,2.694716,0.003168
2.687840,3.824618,0.090794
2.687840,6.969831,-0.126236
2.687840,2.776166,-0.013761
2.687840,2.754929,0.011252
2.687840,6.169275,0.129589
2.687840,4.091019,-0.101528
2.687840,2.700372,-0.004317
2.687840,2.871213,0.024194
2.687840,10.005317,0.080916
2.687840,3.297638,-0.060639
2.687840,2.689350,-0.000097
2.687840,3.270570,0.058695
2.687840,10.228314,-0.075583
2.687840,2.880606,-0.025157
2.687840,2.698340,0.004010
2.687840,4.010314,0.098543
2.687840,6.379713,-0.129190
2.687840,2.760402,-0.011921
2.687840,2.768232,0.012847
2.687840,6.675402,0.128023
2.687840,3.910772,-0.094548
2.687840,2.696187,-0.003586
2.687840,2.903802,0.027483
2.687840,10.708115,0.062491
2.687840,3.212867,-0.054397
2.687840,2.690080,0.000600
2.687840,3.379783,0.066268
2.687840,9.360368,-0.094440
2.687840,2.847168,-0.021662
2.687840,2.709735,0.005584
2.687840,4.445712,0.112301
2.687840,5.468108,-0.127745
2.687840,2.736758,-0.008994
2.687840,2.804908,0.017011
2.687840,8.002422,0.115928
2.687840,3.592049,-0.079131
2.687840,2.692170,-0.001855
2.687840,3.074301,0.043186
2.687840,11.647141,-0.019215
2.687840,2.985825,-0.035321
2.687840,2.693391,0.002650
2.687840,3.726835,0.086174
2.687840,7.356408,-0.123059
2.687840,2.786728,-0.014965
2.687840,2.748114,0.010410
2.687840,5.906170,0.129516
2.687840,4.206299,-0.105429
2.687840,2.703370,-0.004740
2.687840,2.861329,0.023165
2.687840,9.753010,0.086512
2.687840,3.328930,-0.062830
2.687840,2.689508,-0.000303
2.687840,3.244604,0.056788
2.687840,10.444483,-0.069998
2.687840,2.890459,-0.026154
2.687840,2.696928,0.003772
2.687840,3.950833,0.096199
2.687840,6.551121,-0.128595
2.687840,2.764895,-0.012462
2.687840,2.762528,0.012182
2.687840,6.461664,0.128935
2.687840,3.981227,-0.097413
2.687840,2.697592,-0.003900
2.687840,2.883623,0.025465
2.687840,10.296647,0.073866
2.687840,3.262341,-0.058096
2.687840,2.689288,0.000149
2.687840,3.303868,0.061080
2.687840,9.954510,-0.082078
2.687840,2.869155,-0.023983
2.687840,2.700678,0.004368
2.687840,4.103892,0.101985
2.687840,6.137832,-0.129615
2.687840,2.754102,-0.011153
2.687840,2.777055,0.013864
2.687840,7.002941,0.125999
2.687840,3.815613,-0.090385
2.687840,2.694552,-0.003126
2.687840,2.939911,0.031002
2.687840,11.260269,0.042680
2.687840,3.141975,-0.048822
2.687840,2.691228,0.001250
2.687840,3.490275,0.073251
2.687840,8.596406,-0.107590
2.687840,2.822460,-0.018970
2.687840,2.724453,0.007462
2.687840,5.000178,0.123016
2.687840,4.801108,-0.119899
2.687840,2.719173,-0.006799
2.687840,2.830253,0.019829
2.687840,8.847612,0.103573
2.687840,3.451855,-0.070896
2.687840,2.690805,-0.001027
2.687840,3.165707,0.050725
2.687840,11.085157,-0.049815
2.687840,2.926696,-0.029728
2.687840,2.694960,0.003272
2.687840,3.843850,0.091657
2.687840,6.900629,-0.126708
2.687840,2.774274,-0.013548
2.687840,2.755616,0.011343
2.687840,6.196849,0.129559
2.687840,4.079905,-0.101130
2.687840,2.700026,-0.004283
2.687840,2.870407,0.024114
2.687840,9.985943,0.081362
2.687840,3.300001,-0.060808
2.687840,2.689166,-0.000136
2.687840,3.262240,0.058090
2.687840,10.297433,-0.073846
2.687840,2.883645,-0.025470
2.687840,2.697273,0.003863
2.687840,3.970196,0.096977
2.687840,6.493647,-0.128821
2.687840,2.763344,-0.012286
2.687840,2.763183,0.012266
2.687840,6.487553,0.128843
2.687840,3.972282,-0.097060
2.687840,2.697319,-0.003872
2.687840,2.883190,0.025424
2.687840,10.287272,0.074104
2.687840,3.263461,-0.058179
2.687840,2.689151,0.000125
2.687840,3.298292,0.060687
2.687840,9.999885,-0.081042
2.687840,2.870970,-0.024173
2.687840,2.699853,0.004259
2.687840,4.073287,0.100891
2.687840,6.213478,-0.129537
2.687840,2.756046,-0.011396
2.687840,2.773582,0.013469
2.687840,6.875072,0.126875
2.687840,3.851104,-0.091979
2.687840,2.695075,-0.003308
2.687840,2.923644,0.029431
2.687840,11.040350,0.051484
2.687840,3.171524,-0.051186
2.687840,2.690705,0.000973
2.687840,3.442566,0.070315
2.687840,8.910665,-0.102519
2.687840,2.832255,-0.020048
2.687840,2.717906,0.006638
2.687840,4.753397,0.119039
2.687840,5.053617,-0.123730
2.687840,2.725867,-0.007639
2.687840,2.820464,0.018748
2.687840,8.530678,0.108592
2.687840,3.500731,-0.073878
2.687840,2.691339,-0.001310
2.687840,3.135443,0.048292
2.687840,11.305829,-0.040621
2.687840,2.943778,-0.031373
2.687840,2.694443,0.003084
2.687840,3.807748,0.090025
2.687840,7.032262,-0.125784
2.687840,2.777854,-0.013955
2.687840,2.753665,0.011098
2.687840,6.120833,0.129625
2.687840,4.110949,-0.102232
2.687840,2.700869,-0.004393
2.687840,2.868781,0.023943
2.687840,9.945043,0.082293
2.687840,3.305034,-0.061162
2.687840,2.689322,-0.000154
2.687840,3.262290,0.058092
2.687840,10.297084,-0.073855
2.687840,2.883646,-0.025467
2.687840,2.697677,0.003910
2.687840,3.984107,0.097526
2.687840,6.453398,-0.128963
2.687840,2.762317,-0.012155
2.687840,2.765352,0.012514
2.687840,6.568032,0.128524
2.687840,3.945240,-0.095972
2.687840,2.696829,-0.003745
2.687840,2.892455,0.026354
2.687840,10.485979,0.068872
2.687840,3.239629,-0.056417
2.687840,2.689606,0.000351
2.687840,3.337125,0.063394
2.687840,9.688183,-0.087883
2.687840,2.858901,-0.022909
2.687840,2.704367,0.004874
2.687840,4.243824,0.106612
2.687840,5.828732,-0.129362
2.687840,2.746114,-0.010161
2.687840,2.790033,0.015338
2.687840,7.475737,0.121905
2.687840,3.699550,-0.084814
2.687840,2.693101,-0.002495
2.687840,3.002200,0.036821
2.687840,11.711082,0.011411
2.687840,3.054512,-0.041477
2.687840,2.692404,0.002028
2.687840,3.620712,0.080698
2.687840,7.852581,-0.117769
2.687840,2.800624,-0.016530
2.687840,2.739590,0.009346
2.687840,5.576826,0.128399
2.687840,4.379594,-0.110558
2.687840,2.707981,-0.005353
2.687840,2.850936,0.022064
2.687840,9.468132,0.092350
2.687840,3.365515,-0.065318
2.687840,2.689947,-0.000514
2.687840,3.222614,0.055137
2.687840,10.627548,-0.064879
2.687840,2.899550,-0.027060
2.687840,2.696507,0.003655
2.687840,3.926419,0.095200
2.687840,6.625983,-0.128264
2.687840,2.766918,-0.012692
2.687840,2.761635,0.012068
2.687840,6.426469,0.129051
2.687840,3.993575,-0.097896
2.687840,2.697960,-0.003941
2.687840,2.883911,0.025492
2.687840,10.302699,0.073711
2.687840,3.261622,-0.058042
2.687840,2.689450,0.000174
2.687840,3.309905,0.061504
2.687840,9.905607,-0.083179
2.687840,2.867229,-0.023780
2.687840,2.701636,0.004494
2.687840,4.139312,0.103213
2.687840,6.054126,-0.129639
2.687840,2.751952,-0.010884
2.687840,2.780969,0.014308
2.687840,7.146247,0.124896
2.687840,3.778077,-0.088644
2.687840,2.694057,-0.002926
2.687840,2.959094,0.032827
2.687840,11.461935,0.032608
2.687840,3.111210,-0.046299
2.687840,2.691733,0.001534
2.687840,3.538940,0.076125
2.687840,8.299854,-0.111957
2.687840,2.813572,-0.017980
2.687840,2.730868,0.008261
2.687840,5.243103,0.125886
2.687840,4.600350,-0.115956
2.687840,2.713846,-0.006118
2.687840,2.839345,0.020819
2.687840,9.128877,0.098724
2.687840,3.411392,-0.068332
2.687840,2.690406,-0.000787
2.687840,3.192366,0.052818
2.687840,10.875344,-0.057215
2.687840,2.913259,-0.028416
2.687840,2.695643,0.003452
2.687840,3.881815,0.093318
2.687840,6.770018,-0.127513
2.687840,2.770766,-0.013141
2.687840,2.758403,0.011680
2.687840,6.303373,0.129379
2.687840,4.038541,-0.099612
2.687840,2.699019,-0.004121
2.687840,2.876310,0.024719
2.687840,10.128516,0.078019
2.687840,3.282629,-0.059567
2.687840,2.689274,0.000002
2.687840,3.283089,0.059600
2.687840,10.124724,-0.078110
2.687840,2.876150,-0.024703
2.687840,2.699054,0.004127
2.687840,4.039899,0.099663
2.687840,6.299778,-0.129386
2.687840,2.758310,-0.011668
2.687840,2.770901,0.013157
2.687840,6.775048,0.127484
2.687840,3.880312,-0.093253
2.687840,2.695617,-0.003444
2.687840,2.913810,0.028470
2.687840,10.884592,0.056909
2.687840,3.191217,-0.052729
2.687840,2.690426,0.000797
2.687840,3.413213,0.068450
2.687840,9.115854,-0.098957
2.687840,2.838915,-0.020772
2.687840,2.714090,0.006149
2.687840,4.609531,0.116156
2.687840,5.230883,-0.125764
2.687840,2.730547,-0.008221
2.687840,2.814035,0.018031
2.687840,8.315530,0.111736
2.687840,3.536267,-0.075970
2.687840,2.691710,-0.001517
2.687840,3.113036,0.046450
2.687840,11.450982,-0.033232
2.687840,2.957884,-0.032713
2.687840,2.694093,0.002939
2.687840,3.780603,0.088763
2.687840,7.136331,-0.124977
2.687840,2.780699,-0.014277
2.687840,2.752140,0.010907
2.687840,6.061332,0.129640
2.687840,4.136196,-0.103106
2.687840,2.701556,-0.004483
2.687840,2.867544,0.023812
2.687840,9.913594,0.083001
2.687840,3.308919,-0.061435
2.687840,2.689450,-0.000167
2.687840,3.262601,0.058114
2.687840,10.294556,-0.073919
2.687840,2.883546,-0.025454
2.687840,2.698030,0.003952
2.687840,3.996371,0.098004
2.687840,6.418583,-0.129075
2.687840,2.761429,-0.012043
2.687840,2.767213,0.012727
2.687840,6.637006,0.128212
2.687840,3.922897,-0.095054
2.687840,2.696441,-0.003638
2.687840,2.900699,0.027174
2.687840,10.649634,0.064233
2.687840,3.219949,-0.054935
2.687840,2.689993,0.000538
2.687840,3.369747,0.065601
2.687840,9.435965,-0.092981
2.687840,2.849803,-0.021943
2.687840,2.708522,0.005424
2.687840,4.399945,0.111107
2.687840,5.542474,-0.128208
2.687840,2.738697,-0.009235
2.687840,2.802021,0.016687
2.687840,7.901612,0.117179
2.687840,3.611180,-0.080181
2.687840,2.692329,-0.001970
2.687840,3.061177,0.042056
2.687840,11.692804,-0.014089
2.687840,2.996507,-0.036302
2.687840,2.693200,0.002548
2.687840,3.708970,0.085287
2.687840,7.433930,-0.122318
2.687840,2.788873,-0.015207
2.687840,2.746833,0.010251
2.687840,5.856558,0.129425
2.687840,4.230133,-0.106185
2.687840,2.704005,-0.004825
2.687840,2.859826,0.023007
2.687840,9.712963,0.087362
2.687840,3.333985,-0.063178
2.687840,2.689575,-0.000332
2.687840,3.241760,0.056576
2.687840,10.468212,-0.069356
2.687840,2.891597,-0.026268
2.687840,2.696898,0.003760
2.687840,3.948579,0.096108
2.687840,6.557922,-0.128567
2.687840,2.765083,-0.012483
2.687840,2.762561,0.012184
2.687840,6.462657,0.128931
2.687840,3.980884,-0.097399
2.687840,2.697603,-0.003897
2.687840,2.884280,0.025531
2.687840,10.311160,0.073496
2.687840,3.260599,-0.057968
2.687840,2.689339,0.000168
2.687840,3.307308,0.061322
2.687840,9.926597,-0.082709
2.687840,2.868047,-0.023867
2.687840,2.701100,0.004426
2.687840,4.119782,0.102541
2.687840,6.099781,-0.129634
2.687840,2.753121,-0.011031
2.687840,2.778727,0.014055
2.687840,7.064321,0.125542
2.687840,3.799259,-0.089633
2.687840,2.694322,-0.003040
2.687840,2.947805,0.031757
2.687840,11.350608,0.038491
2.687840,3.128824,-0.047751
2.687840,2.691442,0.001371
2.687840,3.510976,0.074488
2.687840,8.467353,-0.109540
2.687840,2.818554,-0.018536
2.687840,2.727208,0.007806
2.687840,5.104415,0.124365
2.687840,4.710006,-0.118216
2.687840,2.716752,-0.006492
2.687840,2.834103,0.020250
2.687840,8.968370,0.101537
2.687840,3.434178,-0.069787
2.687840,2.690611,-0.000925
2.687840,3.176683,0.051593
2.687840,11.000104,-0.052939
2.687840,2.920993,-0.029173
2.687840,2.695171,0.003339
2.687840,3.857275,0.092251
2.687840,6.853553,-0.127012
2.687840,2.772999,-0.013402
2.687840,2.756377,0.011438
2.687840,6.226347,0.129519
2.687840,4.068207,-0.100707
2.687840,2.699716,-0.004240
2.687840,2.871290,0.024206
2.687840,10.007827,0.080859
2.687840,3.297319,-0.060618
2.687840,2.689130,-0.000121
2.687840,3.263721,0.058198
2.687840,10.285098,-0.074159
2.687840,2.883090,-0.025414
2.687840,2.697280,0.003868
2.687840,3.971070,0.097012
2.687840,6.491088,-0.128830
2.687840,2.763272,-0.012278
2.687840,2.763119,0.012260
2.687840,6.485310,0.128851
2.687840,3.973051,-0.097090
2.687840,2.697324,-0.003876
2.687840,2.882659,0.025371
2.687840,10.275453,0.074403
2.687840,3.264881,-0.058283
2.687840,2.689115,0.000111
2.687840,3.295698,0.060503
2.687840,10.021071,-0.080553
2.687840,2.871829,-0.024262
2.687840,2.699554,0.004217
2.687840,4.061989,0.100480
2.687840,6.242224,-0.129494
2.687840,2.756788,-0.011488
2.687840,2.772341,0.013327
2.687840,6.829164,0.127163
2.687840,3.864343,-0.092561
2.687840,2.695287,-0.003374
2.687840,2.918131,0.028894
2.687840,10.955225,0.054516
2.687840,3.182373,-0.052040
2.687840,2.690511,0.000872
2.687840,3.425048,0.069208
2.687840,9.032024,-0.100436
2.687840,2.836162,-0.020475
2.687840,2.715511,0.006334
2.687840,4.663308,0.117286
2.687840,5.161589,-0.125029
2.687840,2.728716,-0.007994
2.687840,2.816414,0.018298
2.687840,8.395844,0.110588
2.687840,3.522756,-0.075182
2.687840,2.691555,-0.001440
2.687840,3.121103,0.047117
2.687840,11.400899,-0.035952
2.687840,2.952647,-0.032217
2.687840,2.694179,0.002988
2.687840,3.789184,0.089165
2.687840,7.102936,-0.125243
2.687840,2.779778,-0.014175
2.687840,2.752450,0.010948
2.687840,6.073865,0.129639
2.687840,4.130803,-0.102921
2.687840,2.701387,-0.004466
2.687840,2.867097,0.023768
2.687840,9.902542,0.083248
2.687840,3.310279,-0.061531
2.687840,2.689357,-0.000187
2.687840,3.258203,0.057792
2.687840,10.331112,-0.072983
2.687840,2.885183,-0.025623
2.687840,2.697480,0.003876
2.687840,3.975650,0.097192
2.687840,6.477784,-0.128878
2.687840,2.762959,-0.012232
2.687840,2.764594,0.012426
2.687840,6.539593,0.128642
2.687840,3.954676,-0.096354
2.687840,2.697022,-0.003787
2.687840,2.889922,0.026100
2.687840,10.433138,0.070303
2.687840,3.245965,-0.056889
2.687840,2.689510,0.000294
2.687840,3.327597,0.062738
2.687840,9.763620,-0.086285
2.687840,2.861732,-0.023207
2.687840,2.703263,0.004725
2.687840,4.202111,0.105295
2.687840,5.915047,-0.129530
2.687840,2.748345,-0.010439
2.687840,2.786411,0.014928
2.687840,7.344841,0.123167
2.687840,3.729547,-0.086308
2.687840,2.693427,-0.002664
2.687840,2.984410,0.035191
2.687840,11.639932,0.019904
2.687840,3.076105,-0.043340
2.687840,2.692154,0.001840
2.687840,3.589632,0.078997
2.687840,8.015391,-0.115764
2.687840,2.805282,-0.017053
2.687840,2.736531,0.008966
2.687840,5.459373,0.127686
2.687840,4.451248,-0.112442
2.687840,2.709883,-0.005603
2.687840,2.846916,0.021634
2.687840,9.353026,0.094580
2.687840,3.380765,-0.066333
2.687840,2.690097,-0.000605
2.687840,3.212434,0.054364
2.687840,10.711682,-0.062383
2.687840,2.903996,-0.027502
2.687840,2.696196,0.003585
2.687840,3.910874,0.094553
2.687840,6.675079,-0.128025
2.687840,2.768226,-0.012846
2.687840,2.760483,0.011930
2.687840,6.382693,0.129182
2.687840,4.009236,-0.098501
2.687840,2.698322,-0.004005
2.687840,2.881018,0.025198
2.687840,10.237672,0.075350
2.687840,3.269444,-0.058613
2.687840,2.689374,0.000108
2.687840,3.299553,0.060774
2.687840,9.989697,-0.081276
2.687840,2.870582,-0.024128
2.687840,2.700591,0.004347
2.687840,4.099289,0.101822
2.687840,6.149016,-0.129606
2.687840,2.754406,-0.011187
2.687840,2.777041,0.013860
2.687840,7.002047,0.126006
2.687840,3.815858,-0.090396
2.687840,2.694588,-0.003123
2.687840,2.940821,0.031089
2.687840,11.271183,0.042195
2.687840,3.140429,-0.048697
2.687840,2.691292,0.001268
2.687840,3.493985,0.073474
2.687840,8.572966,-0.107950
2.687840,2.821751,-0.018890
2.687840,2.725071,0.007538
2.687840,5.023324,0.123331
2.687840,4.780175,-0.119527
2.687840,2.718623,-0.006728
2.687840,2.831298,0.019943
2.687840,8.880474,0.103026
2.687840,3.446999,-0.070593
2.687840,2.690779,-0.000996
2.687840,3.169594,0.051033
2.687840,11.055309,-0.050933
2.687840,2.924653,-0.029529
2.687840,2.695113,0.003305
2.687840,3.851291,0.091987
2.687840,6.874428,-0.126879
2.687840,2.773576,-0.013465
2.687840,2.756384,0.011434
2.687840,6.225858,0.129519
2.687840,4.068404,-0.100714
2.687840,2.699764,-0.004236
2.687840,2.872614,0.024340
2.687840,10.039872,0.080115
2.687840,3.293409,-0.060339
2.687840,2.689250,-0.000079
2.687840,3.271557,0.058768
2.687840,10.220082,-0.075787
2.687840,2.880237,-0.025121
2.687840,2.698148,0.003990
2.687840,4.004118,0.098305
2.687840,6.396873,-0.129141
2.687840,2.760833,-0.011977
2.687840,2.767152,0.012724
2.687840,6.635513,0.128219
2.687840,3.923367,-0.095074
2.687840,2.696391,-0.003648
2.687840,2.898693,0.026976
2.687840,10.611056,0.065357
2.687840,3.224598,-0.055288
2.687840,2.689839,0.000487
2.687840,3.359977,0.064947
2.687840,9.510464,-0.091512
2.687840,2.852432,-0.022224
2.687840,2.707119,0.005242
2.687840,4.347581,0.109674
2.687840,5.632551,-0.128676
2.687840,2.741031,-0.009528
2.687840,2.798145,0.016253
2.687840,7.765338,0.118791
2.687840,3.638059,-0.081627
2.687840,2.692526,-0.002135
2.687840,3.041933,0.040376
2.687840,11.735603,-0.006217
2.687840,3.013481,-0.037843
2.687840,2.692897,0.002388
2.687840,3.680678,0.083854
2.687840,7.561473,-0.121029
2.687840,2.792416,-0.015608
2.687840,2.744527,0.009965
2.687840,5.767629,0.129195
2.687840,4.274741,-0.107556
2.687840,2.705176,-0.004986
2.687840,2.856587,0.022666
2.687840,9.625605,0.089182
2.687840,3.345101,-0.063940
2.687840,2.689645,-0.000403
2.687840,3.233025,0.055923
2.687840,10.540971,-0.067350
2.687840,2.895148,-0.026624
2.687840,2.696488,0.003685
2.687840,3.930595,0.095373
2.687840,6.612953,-0.128325
2.687840,2.766533,-0.012656
2.687840,2.760839,0.011982
2.687840,6.397840,0.129138
2.687840,4.003765,-0.098291
2.687840,2.698090,-0.003995
2.687840,2.878744,0.024972
2.687840,10.185960,0.076627
2.687840,3.275669,-0.059067
2.687840,2.689118,0.000034
2.687840,3.284979,0.059737
2.687840,10.109074,-0.078484
2.687840,2.875474,-0.024637
2.687840,2.698765,0.004098
2.687840,4.030666,0.099317
2.687840,6.324347,-0.129332
2.687840,2.758925,-0.011749
2.687840,2.769279,0.012973
2.687840,6.715325,0.127816
2.687840,3.898391,-0.094027
2.687840,2.695889,-0.003536
2.687840,2.905801,0.027682
2.687840,10.744944,0.061368
2.687840,3.208385,-0.054054
2.687840,2.690070,0.000631
2.687840,3.384003,0.066547
2.687840,9.328854,-0.095039
2.687840,2.846075,-0.021546
2.687840,2.710079,0.005632
2.687840,4.459101,0.112641
2.687840,5.447072,-0.127601
2.687840,2.736201,-0.008927
2.687840,2.805488,0.017077
2.687840,8.022778,0.115670
2.687840,3.588257,-0.078921
2.687840,2.692111,-0.001835
2.687840,3.076044,0.043335
2.687840,11.640172,-0.019882
2.687840,2.984453,-0.035195
2.687840,2.693370,0.002657
2.687840,3.727593,0.086212
2.687840,7.353160,-0.123089
2.687840,2.786631,-0.014955
2.687840,2.747942,0.010392
2.687840,5.899992,0.129506
2.687840,4.209224,-0.105523
2.687840,2.703424,-0.004753
2.687840,2.860409,0.023071
2.687840,9.728896,0.087025
2.687840,3.331965,-0.063040
2.687840,2.689446,-0.000332
2.687840,3.239563,0.056413
2.687840,10.486455,-0.068859
2.687840,2.892463,-0.026357
2.687840,2.696443,0.003700
2.687840,3.931976,0.095431
2.687840,6.608651,-0.128345
2.687840,2.766391,-0.012645
2.687840,2.760151,0.011907
2.687840,6.372882,0.129209
2.687840,4.012775,-0.098638
2.687840,2.698226,-0.004040
2.687840,2.874837,0.024577
2.687840,10.094494,0.078831
2.687840,3.286737,-0.059865
2.687840,2.688878,-0.000074
2.687840,3.266081,0.058372
2.687840,10.265376,-0.074657
2.687840,2.882188,-0.025328
2.687840,2.696788,0.003817
2.687840,3.955123,0.096374
2.687840,6.538177,-0.128649
2.687840,2.764464,-0.012431
2.687840,2.760300,0.011938
2.687840,6.380757,0.129188
2.687840,4.009901,-0.098529
2.687840,2.698017,-0.004045
2.687840,2.870912,0.024181
2.687840,10.000223,0.081035
2.687840,3.298215,-0.060686
2.687840,2.688515,-0.000199
2.687840,3.242840,0.056665
2.687840,10.458752,-0.069614
2.687840,2.891042,-0.026232
2.687840,2.694407,0.003472
2.687840,3.863802,0.092544
2.687840,6.830730,-0.127156
2.687840,2.772090,-0.013363
2.687840,2.748385,0.010551
2.687840,5.934387,0.129560
2.687840,4.192945,-0.105006
2.687840,2.702128,-0.004795
2.687840,2.834710,0.020426
2.687840,9.003382,0.100939
2.687840,3.428927,-0.069481
2.687840,2.687167,-0.001291
2.687840,3.071048,0.042946
2.687840,11.658850,-0.018055
2.687840,2.987948,-0.035566
2.687840,2.687092,0.001894
2.687840,3.512939,0.074639
2.687840,8.453506,-0.109752
2.687840,2.817332,-0.018572
2.687840,2.705594,0.005328
2.687840,4.334018,0.109300
2.687840,5.656493,-0.128789
2.687840,2.740952,-0.009683
2.687840,2.776438,0.013896
2.687840,6.997336,0.126044
2.687840,3.816991,-0.090459
2.687840,2.693088,-0.003306
2.687840,2.892668,0.026404
2.687840,10.493437,0.068670
2.687840,3.238653,-0.056356
2.687840,2.688064,0.000177
2.687840,3.287702,0.059940
2.687840,10.086192,-0.079029
2.687840,2.874401,-0.024549
2.687840,2.696029,0.003786
2.687840,3.937602,0.095666
2.687840,6.591140,-0.128425
2.687840,2.765726,-0.012612
2.687840,2.754860,0.011324
2.687840,6.179883,0.129581
2.687840,4.086635,-0.101377
2.687840,2.699502,-0.004389
2.687840,2.848097,0.021836
2.687840,9.397696,0.093727
2.687840,3.374650,-0.065949
2.687840,2.687345,-0.000884
2.687840,3.129565,0.047844
2.687840,11.344430,-0.038799
2.687840,2.946950,-0.031726
2.687840,2.687801,0.002281
2.687840,3.579885,0.078488
2.687840,8.066513,-0.115115
2.687840,2.805858,-0.017311
2.687840,2.710808,0.006019
2.687840,4.531364,0.114406
2.687840,5.338510,-0.126769
2.687840,2.732492,-0.008670
2.687840,2.783663,0.014750
2.687840,7.267115,0.123876
2.687840,3.747899,-0.087220
2.687840,2.691483,-0.003018
2.687840,2.906019,0.027737
2.687840,10.752162,0.061148
2.687840,3.207402,-0.053995
2.687840,2.688043,0.000400
2.687840,3.318473,0.062115
2.687840,9.835904,-0.084722
2.687840,2.864334,-0.023513
2.687840,2.698031,0.004096
2.687840,4.017679,0.098828
2.687840,6.359351,-0.129247
2.687840,2.759667,-0.011879
2.687840,2.763055,0.012280
2.687840,6.487557,0.128844
2.687840,3.972246,-0.097061
2.687840,2.696993,-0.003909
2.687840,2.873051,0.024406
2.687840,10.053007,0.079810
2.687840,3.291755,-0.060228
2.687840,2.688313,-0.000177
2.687840,3.242678,0.056654
2.687840,10.460008,-0.069581
2.687840,2.891082,-0.026239
2.687840,2.693908,0.003414
2.687840,3.846689,0.091792
2.687840,6.890225,-0.126779
2.687840,2.773633,-0.013554
2.687840,2.745522,0.010218
2.687840,5.827464,0.129364
2.687840,4.244312,-0.106636
2.687840,2.703356,-0.004994
2.687840,2.827221,0.019632
2.687840,8.771654,0.104825
2.687840,3.462973,-0.071616
2.687840,2.687040,-0.001548
2.687840,3.034131,0.039731
2.687840,11.743677,-0.003011
2.687840,3.020352,-0.038505
2.687840,2.687015,0.001646
2.687840,3.476484,0.072446
2.687840,8.683067,-0.106244
2.687840,2.824423,-0.019334
2.687840,2.703854,0.005073
2.687840,4.264918,0.107268
2.687840,5.786492,-0.129256
2.687840,2.744423,-0.010091
2.687840,2.774158,0.013620
2.687840,6.910638,0.126645
2.687840,3.840919,-0.091536
2.687840,2.693725,-0.003395
2.687840,2.890652,0.026198
2.687840,10.451212,0.069818
2.687840,3.243729,-0.056733
2.687840,2.688212,0.000157
2.687840,3.287431,0.059920
2.687840,10.088486,-0.078975
2.687840,2.874513,-0.024558
2.687840,2.696423,0.003832
2.687840,3.951019,0.096211
2.687840,6.550400,-0.128600
2.687840,2.764683,-0.012481
2.687840,2.756962,0.011566
2.687840,6.258237,0.129469
2.687840,4.055708,-0.100254
2.687840,2.698839,-0.004258
2.687840,2.855240,0.022576
2.687840,9.595843,0.089794
2.687840,3.348802,-0.064207
2.687840,2.687646,-0.000664
2.687840,3.164648,0.050666
2.687840,11.092092,-0.049557
2.687840,2.926933,-0.029796
2.687840,2.689107,0.002583
2.687840,3.645078,0.082027
2.687840,7.729424,-0.119208
2.687840,2.796307,-0.016225
2.687840,2.718749,0.007006
2.687840,4.826005,0.120338
2.687840,4.972974,-0.122641
2.687840,2.722708,-0.007488
2.687840,2.792534,0.015787
2.687840,7.592969,0.120703
2.687840,3.673646,-0.083516
2.687840,2.689771,-0.002704
2.687840,2.921187,0.029234
2.687840,11.006542,0.052713
2.687840,3.175726,-0.051540
2.687840,2.687816,0.000603
2.687840,3.343108,0.063818
2.687840,9.640370,-0.088880
2.687840,2.856901,-0.022745
2.687840,2.699011,0.004266
2.687840,4.059815,0.100404
2.687840,6.247662,-0.129487
2.687840,2.756716,-0.011529
2.687840,2.765911,0.012619
2.687840,6.595512,0.128405
2.687840,3.936198,-0.095607
2.687840,2.696181,-0.003759
2.687840,2.880436,0.025156
2.687840,10.226400,0.075632
2.687840,3.270757,-0.058715
2.687840,2.688528,-0.000000
2.687840,3.270655,0.058708
2.687840,10.227247,-0.075611
2.687840,2.880473,-0.025160
2.687840,2.696174,0.003758
2.687840,3.935927,0.095596
2.687840,6.596345,-0.128402
2.687840,2.765933,-0.012621
2.687840,2.756686,0.011525
2.687840,6.246538,0.129489
2.687840,4.060252,-0.100420
2.687840,2.699021,-0.004267
2.687840,2.856811,0.022736
2.687840,9.637960,0.088930
2.687840,3.343415,-0.063839
2.687840,2.687812,-0.000606
2.687840,3.175311,0.051507
2.687840,11.009789,-0.052597
2.687840,2.921398,-0.029254
2.687840,2.689751,0.002700
2.687840,3.672724,0.083469
2.687840,7.597272,-0.120658
2.687840,2.792653,-0.015801
2.687840,2.722587,0.007473
2.687840,4.968470,0.122576
2.687840,4.830226,-0.120410
2.687840,2.718863,-0.007019
2.687840,2.796201,0.016212
2.687840,7.725603,0.119251
2.687840,3.645859,-0.082069
2.687840,2.689126,-0.002586
2.687840,2.926800,0.029783
2.687840,11.090164,0.049630
2.687840,3.164901,-0.050686
2.687840,2.687653,0.000663
2.687840,3.348752,0.064204
2.687840,9.596233,-0.089786
2.687840,2.855255,-0.022578
2.687840,2.698857,0.004260
2.687840,4.056303,0.100275
2.687840,6.256700,-0.129472
2.687840,2.756923,-0.011561
2.687840,2.764768,0.012491
2.687840,6.553571,0.128586
2.687840,3.949967,-0.096168
2.687840,2.696403,-0.003827
2.687840,2.874862,0.024593
2.687840,10.096789,0.078778
2.687840,3.286423,-0.059848
2.687840,2.688229,-0.000148
2.687840,3.245285,0.056848
2.687840,10.438245,-0.070167
2.687840,2.890038,-0.026136
2.687840,2.693855,0.003415
2.687840,3.846028,0.091763
2.687840,6.892543,-0.126764
2.687840,2.773682,-0.013563
2.687840,2.745100,0.010171
2.687840,5.811906,0.129325
2.687840,4.252073,-0.106875
2.687840,2.703534,-0.005025
2.687840,2.825859,0.019487
2.687840,8.728733,0.105517
2.687840,3.469482,-0.072017
2.687840,2.687012,-0.001597
2.687840,3.026998,0.039098
2.687840,11.746105,0.000078
2.687840,3.027356,-0.039130
2.687840,2.687013,0.001594
2.687840,3.469131,0.071996
2.687840,8.731037,-0.105480
2.687840,2.825932,-0.019495
2.687840,2.703521,0.005023
2.687840,4.251541,0.106859
2.687840,5.812967,-0.129328
2.687840,2.745128,-0.010174
2.687840,2.773668,0.013561
2.687840,6.892016,0.126768
2.687840,3.846177,-0.091770
2.687840,2.693860,-0.003416
2.687840,2.890049,0.026137
2.687840,10.438478,0.070161
2.687840,3.245257,-0.056846
2.687840,2.688232,0.000149
2.687840,3.286535,0.059856
2.687840,10.095862,-0.078800
2.687840,2.874824,-0.024589
2.687840,2.696418,0.003829
2.687840,3.950513,0.096190
2.687840,6.551925,-0.128593
2.687840,2.764726,-0.012485
2.687840,2.756993,0.011569
2.687840,6.259333,0.129467
2.687840,4.055285,-0.100238
2.687840,2.698835,-0.004256
2.687840,2.855484,0.022602
2.687840,9.602437,0.089660
2.687840,3.347956,-0.064150
2.687840,2.687662,-0.000656
2.687840,3.165991,0.050772
2.687840,11.081836,-0.049946
2.687840,2.926222,-0.029727
2.687840,2.689175,0.002597
2.687840,3.648143,0.082189
2.687840,7.714466,-0.119376
2.687840,2.795891,-0.016177
2.687840,2.719157,0.007056
2.687840,4.841158,0.120595
2.687840,4.956889,-0.122408
2.687840,2.722275,-0.007435
2.687840,2.792923,0.015833
2.687840,7.607126,0.120553
2.687840,3.670618,-0.083360
2.687840,2.689698,-0.002692
2.687840,2.921719,0.029286
2.687840,11.014716,0.052420
2.687840,3.174679,-0.051457
2.687840,2.687796,0.000609
2.687840,3.343521,0.063846
2.687840,9.637126,-0.088947
2.687840,2.856778,-0.022733
2.687840,2.698975,0.004262
2.687840,4.058687,0.100363
2.687840,6.250562,-0.129482
2.687840,2.756788,-0.011538
2.687840,2.765710,0.012596
2.687840,6.588083,0.128438
2.687840,3.938617,-0.095706
2.687840,2.696223,-0.003771
2.687840,2.879541,0.025066
2.687840,10.205950,0.076137
2.687840,3.273221,-0.058894
2.687840,2.688483,-0.000023
2.687840,3.266718,0.058422
2.687840,10.259905,-0.074796
2.687840,2.881904,-0.025307
2.687840,2.695800,0.003704
2.687840,3.921498,0.095001
2.687840,6.641204,-0.128193
2.687840,2.767101,-0.012764
2.687840,2.754886,0.011316
2.687840,6.179089,0.129581
2.687840,4.086968,-0.101389
2.687840,2.699613,-0.004378
2.687840,2.851229,0.022158
2.687840,9.485146,0.092018
2.687840,3.363148,-0.065178
2.687840,2.687590,-0.000773
2.687840,3.148757,0.049397
2.687840,11.210462,-0.044829
2.687840,2.935652,-0.030640
2.687840,2.688590,0.002458
2.687840,3.618382,0.080602
2.687840,7.863015,-0.117652
2.687840,2.800064,-0.016652
2.687840,2.715660,0.006622
2.687840,4.710895,0.118242
2.687840,5.103072,-0.124356
2.687840,2.726215,-0.007910
2.687840,2.789771,0.015461
2.687840,7.491514,0.121753
2.687840,3.695810,-0.084646
2.687840,2.690353,-0.002790
2.687840,2.918870,0.029004
2.687840,10.970167,0.053999
2.687840,3.180364,-0.051902
2.687840,2.688033,0.000595
2.687840,3.345525,0.063981
2.687840,9.621564,-0.089267
2.687840,2.856234,-0.022670
2.687840,2.699893,0.004373
2.687840,4.091113,0.101535
2.687840,6.168901,-0.129591
2.687840,2.754700,-0.011275
2.687840,2.769773,0.013060
2.687840,6.738646,0.127690
2.687840,3.891233,-0.093725
2.687840,2.695382,-0.003546
2.687840,2.896474,0.026764
2.687840,10.568312,0.066580
2.687840,3.229717,-0.055678
2.687840,2.689260,0.000382
2.687840,3.335810,0.063306
2.687840,9.698398,-0.087669
2.687840,2.859240,-0.022953
2.687840,2.703147,0.004730
2.687840,4.200860,0.105255
2.687840,5.917683,-0.129534
2.687840,2.748370,-0.010452
2.687840,2.785029,0.014778
2.687840,7.295703,0.123616
2.687840,3.741193,-0.086878
2.687840,2.693459,-0.002741
2.687840,2.974574,0.034280
2.687840,11.582106,0.024752
2.687840,3.089063,-0.044443
2.687840,2.691865,0.001711
2.687840,3.566429,0.077699
2.687840,8.142565,-0.114109
2.687840,2.808942,-0.017467
2.687840,2.733481,0.008592
2.687840,5.343731,0.126806
2.687840,4.527953,-0.114316
2.687840,2.711884,-0.005873
2.687840,2.841750,0.021084
2.687840,9.201833,0.097403
2.687840,3.401269,-0.067679
2.687840,2.690137,-0.000746
2.687840,3.193597,0.052916
2.687840,10.865314,-0.057546
2.687840,2.912644,-0.028359
2.687840,2.695165,0.003400
2.687840,3.866144,0.092641
2.687840,6.822940,-0.127201
2.687840,2.772121,-0.013313
2.687840,2.755426,0.011338
2.687840,6.192577,0.129564
2.687840,4.081593,-0.101192
2.687840,2.699893,-0.004310
2.687840,2.864749,0.023541
2.687840,9.844653,0.084530
2.687840,3.317420,-0.062037
2.687840,2.688678,-0.000318
2.687840,3.229055,0.055633
2.687840,10.573567,-0.066432
2.687840,2.896684,-0.026796
2.687840,2.693998,0.003382
2.687840,3.843653,0.091656
2.687840,6.901004,-0.126708
2.687840,2.773971,-0.013582
2.687840,2.746674,0.010345
2.687840,5.869290,0.129455
2.687840,4.223823,-0.105994
2.687840,2.702922,-0.004908
2.687840,2.831919,0.020128
2.687840,8.917544,0.102408
2.687840,3.441336,-0.070266
2.687840,2.687193,-0.001376
2.687840,3.059881,0.041984
2.687840,11.696071,-0.013669
2.687840,2.997130,-0.036406
2.687840,2.687123,0.001830
2.687840,3.504356,0.074128
2.687840,8.506352,-0.108966
2.687840,2.818958,-0.018745
2.687840,2.705463,0.005301
2.687840,4.327580,0.109116
2.687840,5.668157,-0.128839
2.687840,2.741284,-0.009717
2.687840,2.776822,0.013936
2.687840,7.010754,0.125946
2.687840,3.813376,-0.090294
2.687840,2.693089,-0.003281
2.687840,2.896022,0.026737
2.687840,10.561182,0.066783
2.687840,3.230523,-0.055747
2.687840,2.688251,0.000257
2.687840,3.301969,0.060954
2.687840,9.969494,-0.081739
2.687840,2.869639,-0.024056
2.687840,2.697514,0.003995
2.687840,3.993967,0.097914
2.687840,6.425221,-0.129056
2.687840,2.761418,-0.012084
2.687840,2.761645,0.012111
2.687840,6.433792,0.129029
2.687840,3.990940,-0.097796
2.687840,2.697445,-0.003983
2.687840,2.870227,0.024116
2.687840,9.984016,0.081407
2.687840,3.300188,-0.060828
2.687840,2.688269,-0.000242
2.687840,3.232891,0.055924
2.687840,10.541495,-0.067337
2.687840,2.895044,-0.026639
2.687840,2.693260,0.003308
2.687840,3.820254,0.090607
2.687840,6.985350,-0.126130
2.687840,2.776149,-0.013855
2.687840,2.742187,0.009824
2.687840,5.702082,0.128975
2.687840,4.309120,-0.108583
2.687840,2.704992,-0.005234
2.687840,2.820624,0.018924
2.687840,8.560598,0.108145
2.687840,3.495666,-0.073608
2.687840,2.687091,-0.001772
2.687840,3.004417,0.037069
2.687840,11.717927,0.010257
2.687840,3.051432,-0.041250
2.687840,2.687155,0.001434
2.687840,3.448852,0.070738
2.687840,8.866317,-0.103268
2.687840,2.830262,-0.019953
2.687840,2.703161,0.004949
2.687840,4.234075,0.106316
2.687840,5.848232,-0.129411
2.687840,2.746107,-0.010280
2.687840,2.774177,0.013609
2.687840,6.909183,0.126654
2.687840,3.841345,-0.091554
2.687840,2.693912,-0.003377
2.687840,2.896103,0.026739
2.687840,10.562125,0.066756
2.687840,3.230428,-0.055737
2.687840,2.688607,0.000300
2.687840,3.313726,0.061779
2.687840,9.874362,-0.083875
2.687840,2.865901,-0.023662
2.687840,2.699406,0.004244
2.687840,4.063451,0.100535
2.687840,6.238423,-0.129501
2.687840,2.756608,-0.011485
2.687840,2.770106,0.013082
2.687840,6.748331,0.127636
2.687840,3.888318,-0.093599
2.687840,2.695538,-0.003508
2.687840,2.904003,0.027507
2.687840,10.712318,0.062364
2.687840,3.212342,-0.054359
2.687840,2.689797,0.000571
2.687840,3.371027,0.065688
2.687840,9.426177,-0.093172
2.687840,2.849432,-0.021909
2.687840,2.707944,0.005360
2.687840,4.380023,0.110571
2.687840,5.576081,-0.128395
2.687840,2.739541,-0.009347
2.687840,2.799755,0.016437
2.687840,7.822759,0.118123
2.687840,3.626579,-0.081014
2.687840,2.692359,-0.002074
2.687840,3.047496,0.040865
2.687840,11.726430,-0.008539
2.687840,3.008393,-0.037384
2.687840,2.692861,0.002421
2.687840,3.684866,0.084069
2.687840,7.542182,-0.121229
2.687840,2.791858,-0.015550
2.687840,2.744313,0.009945
2.687840,5.760506,0.129173
2.687840,4.278417,-0.107667
2.687840,2.705222,-0.005004
2.687840,2.854778,0.022480
2.687840,9.576649,0.090182
2.687840,3.351381,-0.064368
2.687840,2.689499,-0.000465
2.687840,3.222053,0.055099
2.687840,10.632003,-0.064750
2.687840,2.899739,-0.027087
2.687840,2.695461,0.003531
2.687840,3.890353,0.093687
2.687840,6.741576,-0.127674
2.687840,2.769885,-0.013065
2.687840,2.755595,0.011374
2.687840,6.201590,0.129554
2.687840,4.077974,-0.101063
2.687840,2.699655,-0.004313
2.687840,2.860604,0.023120
2.687840,9.737802,0.086837
2.687840,3.330775,-0.062967
2.687840,2.688286,-0.000460
2.687840,3.203102,0.053663
2.687840,10.787432,-0.060049
2.687840,2.908004,-0.027930
2.687840,2.691804,0.003041
2.687840,3.756669,0.087641
2.687840,7.231226,-0.124189
2.687840,2.782730,-0.014633
2.687840,2.734558,0.008912
2.687840,5.414995,0.127377
2.687840,4.479719,-0.113164
2.687840,2.709469,-0.005836
2.687840,2.809492,0.017709
2.687840,8.190283,0.113476
2.687840,3.557653,-0.077234
2.687840,2.687617,-0.002147
2.687840,2.962129,0.033162
2.687840,11.490794,0.030911
2.687840,3.106085,-0.045906
2.687840,2.687423,0.001065
2.687840,3.401316,0.067703
2.687840,9.200278,-0.097435
2.687840,2.841304,-0.021117
2.687840,2.701494,0.004672
2.687840,4.163445,0.104033
2.687840,5.999096,-0.129622
2.687840,2.750144,-0.010750
2.687840,2.771957,0.013335
2.687840,6.823696,0.127198
2.687840,3.865870,-0.092633
2.687840,2.694614,-0.003462
2.687840,2.895633,0.026687
2.687840,10.552193,0.067036
2.687840,3.231637,-0.055825
2.687840,2.688880,0.000323
2.687840,3.321421,0.062314
2.687840,9.812641,-0.085228
2.687840,2.863534,-0.023410
2.687840,2.700813,0.004426
2.687840,4.114861,0.102370
2.687840,6.111431,-0.129630
2.687840,2.753348,-0.011077
2.687840,2.776070,0.013762
2.687840,6.968392,0.126247
2.687840,3.824995,-0.090812
2.687840,2.694544,-0.003191
2.687840,2.931003,0.030147
2.687840,11.145722,0.047468
2.687840,3.157694,-0.050088
2.687840,2.690796,0.001085
2.687840,3.459789,0.071389
2.687840,8.794439,-0.104448
2.687840,2.828565,-0.019647
2.687840,2.719837,0.006888
2.687840,4.826907,0.120345
2.687840,4.972274,-0.122623
2.687840,2.723694,-0.007372
2.687840,2.822918,0.019024
2.687840,8.611926,0.107350
2.687840,3.487825,-0.073103
2.687840,2.691111,-0.001246
2.687840,3.140607,0.048712
2.687840,11.269868,-0.042254
2.687840,2.940698,-0.031080
2.687840,2.694295,0.003090
2.687840,3.806026,0.089947
2.687840,7.038687,-0.125736
2.687840,2.777991,-0.013979
2.687840,2.752472,0.010964
2.687840,6.076926,0.129640
2.687840,4.129478,-0.102877
2.687840,2.701233,-0.004475
2.687840,2.863516,0.023405
2.687840,9.811760,0.085247
2.687840,3.321539,-0.062321
2.687840,2.689013,-0.000308
2.687840,3.235856,0.056140
2.687840,10.517143,-0.068014
2.687840,2.893915,-0.026512
2.687840,2.695180,0.003541
2.687840,3.887102,0.093550
2.687840,6.752247,-0.127615
2.687840,2.770095,-0.013107
2.687840,2.753188,0.011104
2.687840,6.113067,0.129631
2.687840,4.114123,-0.102348
2.687840,2.700362,-0.004473
2.687840,2.850205,0.022047
2.687840,9.455896,0.092594
2.687840,3.366990,-0.065434
2.687840,2.687731,-0.000784
2.687840,3.149534,0.049459
2.687840,11.204858,-0.045064
2.687840,2.935226,-0.030597
2.687840,2.688852,0.002492
2.687840,3.627671,0.081101
2.687840,7.815884,-0.118211
2.687840,2.798753,-0.016499
2.687840,2.717272,0.006817
2.687840,4.770125,0.119354
2.687840,5.034332,-0.123486
2.687840,2.724384,-0.007685
2.687840,2.791838,0.015699
2.687840,7.566478,0.120982
2.687840,3.679364,-0.083809
2.687840,2.690031,-0.002713
2.687840,2.924048,0.029510
2.687840,11.049511,0.051151
2.687840,3.170213,-0.051103
2.687840,2.688051,0.000671
2.687840,3.356431,0.064721
2.687840,9.536934,-0.090986
2.687840,2.853150,-0.022347
2.687840,2.700728,0.004494
2.687840,4.123528,0.102674
2.687840,6.090793,-0.129638
2.687840,2.752666,-0.011027
2.687840,2.772581,0.013384
2.687840,6.843094,0.127078
2.687840,3.860257,-0.092385
2.687840,2.694814,-0.003401
2.687840,2.907028,0.027811
2.687840,10.767848,0.060660
2.687840,3.205567,-0.053842
2.687840,2.689645,0.000602
2.687840,3.372887,0.065813
2.687840,9.412042,-0.093446
2.687840,2.848914,-0.021858
2.687840,2.707565,0.005320
2.687840,4.367264,0.110222
2.687840,5.598016,-0.128509
2.687840,2.740086,-0.009421
2.687840,2.798129,0.016258
2.687840,7.765960,0.118784
2.687840,3.637922,-0.081621
2.687840,2.692381,-0.002151
2.687840,3.037457,0.039983
2.687840,11.740945,-0.004328
2.687840,3.017657,-0.038220
2.687840,2.692628,0.002325
2.687840,3.667181,0.083159
2.687840,7.624412,-0.120361
2.687840,2.794141,-0.015810
2.687840,2.742460,0.009719
2.687840,5.689813,0.128922
2.687840,4.315899,-0.108771
2.687840,2.706183,-0.005141
2.687840,2.851395,0.022125
2.687840,9.482797,0.092062
2.687840,3.363566,-0.065191
2.687840,2.689478,-0.000555
2.687840,3.209349,0.054133
2.687840,10.736788,-0.061619
2.687840,2.905302,-0.027642
2.687840,2.694670,0.003397
2.687840,3.857223,0.092253
2.687840,6.853566,-0.127013
2.687840,2.772833,-0.013420
2.687840,2.751609,0.010907
2.687840,6.051739,0.129641
2.687840,4.140274,-0.103250
2.687840,2.701080,-0.004565
2.687840,2.849116,0.021929
2.687840,9.424677,0.093203
2.687840,3.371109,-0.065709
2.687840,2.687855,-0.000799
2.687840,3.149481,0.049453
2.687840,11.205287,-0.045046
2.687840,2.935268,-0.030600
2.687840,2.689065,0.002516
2.687840,3.634787,0.081480
2.687840,7.780273,-0.118626
2.687840,2.797769,-0.016383
2.687840,2.718587,0.006976
2.687840,4.818436,0.120208
2.687840,4.981105,-0.122756
2.687840,2.722965,-0.007510
2.687840,2.793508,0.015890
2.687840,7.626702,0.120342
2.687840,3.666470,-0.083144
2.687840,2.689786,-0.002652
2.687840,2.928365,0.029929
2.687840,11.111991,0.048793
2.687840,3.162049,-0.050456
2.687840,2.688061,0.000732
2.687840,3.365074,0.065303
2.687840,9.470645,-0.092303
2.687840,2.850774,-0.022098
2.687840,2.701379,0.004587
2.687840,4.148804,0.103539
2.687840,6.032213,-0.129637
2.687840,2.751139,-0.010841
2.687840,2.774633,0.013621
2.687840,6.919296,0.126585
2.687840,3.838561,-0.091425
2.687840,2.694426,-0.003298
2.687840,2.914814,0.028577
2.687840,10.902067,0.056327
2.687840,3.189014,-0.052562
2.687840,2.689896,0.000751
2.687840,3.398002,0.067468
2.687840,9.225535,-0.096969
2.687840,2.842517,-0.021173
2.687840,2.710675,0.005728
2.687840,4.484282,0.113268
2.687840,5.408345,-0.127321
2.687840,2.735138,-0.008806
2.687840,2.805480,0.017085
2.687840,8.023825,0.115657
2.687840,3.588050,-0.078911
2.687840,2.691932,-0.001855
2.687840,3.070538,0.042865
2.687840,11.661437,-0.017770
2.687840,2.988793,-0.035598
2.687840,2.692985,0.002580
2.687840,3.709930,0.085337
2.687840,7.429625,-0.122361
2.687840,2.788694,-0.015200
2.687840,2.745230,0.010072
2.687840,5.798022,0.129284
2.687840,4.259191,-0.107086
2.687840,2.704614,-0.004947
2.687840,2.852940,0.022296
2.687840,9.527077,0.091182
2.687840,3.357776,-0.064803
2.687840,2.689162,-0.000550
2.687840,3.204816,0.053788
2.687840,10.773790,-0.060475
2.687840,2.907316,-0.027847
2.687840,2.693745,0.003274
2.687840,3.823448,0.090748
2.687840,6.973782,-0.126211
2.687840,2.775971,-0.013805
2.687840,2.746259,0.010284
2.687840,5.851571,0.129418
2.687840,4.232456,-0.106265
2.687840,2.703239,-0.004929
2.687840,2.834085,0.020352
2.687840,8.983175,0.101288
2.687840,3.431841,-0.069664
2.687840,2.687396,-0.001285
2.687840,3.075571,0.043332
2.687840,11.641318,-0.019787
2.687840,2.984390,-0.035236
2.687840,2.687388,0.001955
2.687840,3.526550,0.075438
2.687840,8.371356,-0.110948
2.687840,2.814888,-0.018298
2.687840,2.707510,0.005569
2.687840,4.404274,0.111231
2.687840,5.534972,-0.128171
2.687840,2.737774,-0.009292
2.687840,2.780680,0.014385
2.687840,7.153821,0.124839
2.687840,3.776005,-0.088560
2.687840,2.692345,-0.003111
2.687840,2.907115,0.027838
2.687840,10.771220,0.060556
2.687840,3.205097,-0.053815
2.687840,2.688497,0.000470
2.687840,3.335673,0.063303
2.687840,9.699130,-0.087654
2.687840,2.859173,-0.022965
2.687840,2.700686,0.004444
2.687840,4.115342,0.102388
2.687840,6.110244,-0.129631
2.687840,2.753252,-0.011080
2.687840,2.774209,0.013559
2.687840,6.901266,0.126705
2.687840,3.843646,-0.091650
2.687840,2.694704,-0.003300
2.687840,2.918850,0.028968
2.687840,10.967011,0.054106
2.687840,3.180871,-0.051924
2.687840,2.690254,0.000852
2.687840,3.418109,0.068766
2.687840,9.080905,-0.099578
2.687840,2.837731,-0.020651
2.687840,2.713849,0.006130
2.687840,4.602362,0.116000
2.687840,5.240402,-0.125859
2.687840,2.730758,-0.008256
2.687840,2.812512,0.017868
2.687840,8.264926,0.112445
2.687840,3.544927,-0.076472
2.687840,2.691632,-0.001587
2.687840,3.102212,0.045550
2.687840,11.513667,-0.029482
2.687840,2.965183,-0.033403
2.687840,2.693579,0.002825
2.687840,3.755336,0.087563
2.687840,7.237299,-0.124132
2.687840,2.783409,-0.014597
2.687840,2.748920,0.010526
2.687840,5.939871,0.129564
2.687840,4.190499,-0.104920
2.687840,2.702826,-0.004698
2.687840,2.858526,0.022883
2.687840,9.679805,0.088059
2.687840,3.338160,-0.063469
2.687840,2.689102,-0.000417
2.687840,3.222251,0.055117
2.687840,10.630194,-0.064803
2.687840,2.899609,-0.027081
2.687840,2.694577,0.003428
2.687840,3.860247,0.092387
2.687840,6.843051,-0.127079
2.687840,2.772500,-0.013393
2.687840,2.750402,0.010774
2.687840,6.007862,0.129627
2.687840,4.159540,-0.103902
2.687840,2.701450,-0.004651
2.687840,2.843426,0.021338
2.687840,9.262079,0.096296
2.687840,3.392873,-0.067151
2.687840,2.687554,-0.000989
2.687840,3.118530,0.046937
2.687840,11.416026,-0.035160
2.687840,2.953908,-0.032385
2.687840,2.687963,0.002249
2.687840,3.577937,0.078378
2.687840,8.077247,-0.114976
2.687840,2.806209,-0.017341
2.687840,2.711720,0.006121
2.687840,4.563312,0.115141
2.687840,5.293324,-0.126370
2.687840,2.731327,-0.008521
2.687840,2.785956,0.015008
2.687840,7.350166,0.123122
2.687840,3.728111,-0.086255
2.687840,2.691206,-0.002914
2.687840,2.915660,0.028684
2.687840,10.918122,0.055789
2.687840,3.186930,-0.052412
2.687840,2.688336,0.000583
2.687840,3.348805,0.064202
2.687840,9.596131,-0.089788
2.687840,2.855339,-0.022569
2.687840,2.701134,0.004525
2.687840,4.135179,0.103075
2.687840,6.063575,-0.129641
2.687840,2.752007,-0.010935
2.687840,2.775032,0.013658
2.687840,6.932600,0.126495
2.687840,3.834859,-0.091258
2.687840,2.694485,-0.003265
2.687840,2.920067,0.029089
2.687840,10.986213,0.053432
2.687840,3.178433,-0.051733
2.687840,2.690207,0.000865
2.687840,3.419044,0.068826
2.687840,9.074255,-0.099696
2.687840,2.837505,-0.020628
2.687840,2.713744,0.006120
2.687840,4.598867,0.115924
2.687840,5.245072,-0.125906
2.687840,2.730871,-0.008272
2.687840,2.812041,0.017817
2.687840,8.249155,0.112663
2.687840,3.547652,-0.076629
2.687840,2.691617,-0.001608
2.687840,3.099140,0.045293
2.687840,11.530448,-0.028395
2.687840,2.967321,-0.033604
2.687840,2.693454,0.002794
2.687840,3.748771,0.087247
2.687840,7.264214,-0.123897
2.687840,2.784135,-0.014683
2.687840,2.748119,0.010431
2.687840,5.909598,0.129522
2.687840,4.204657,-0.105378
2.687840,2.703167,-0.004753
2.687840,2.856497,0.022672
2.687840,9.625254,0.089190
2.687840,3.345111,-0.063945
2.687840,2.689035,-0.000475
2.687840,3.213231,0.054433
2.687840,10.704679,-0.062596
2.687840,2.903524,-0.027473
2.687840,2.693924,0.003323
2.687840,3.833682,0.091210
2.687840,6.936650,-0.126469
2.687840,2.774967,-0.013690
2.687840,2.746963,0.010370
2.687840,5.878623,0.129472
2.687840,4.219331,-0.105852
2.687840,2.702887,-0.004882
2.687840,2.834820,0.020431
2.687840,9.005834,0.100897
2.687840,3.428588,-0.069458
2.687840,2.687356,-0.001267
2.687840,3.077458,0.043493
2.687840,11.633583,-0.020505
2.687840,2.982916,-0.035100
2.687840,2.687343,0.001961
2.687840,3.526613,0.075442
2.687840,8.370962,-0.110954
2.687840,2.814868,-0.018297
2.687840,2.707282,0.005543
2.687840,4.396272,0.111018
2.687840,5.548310,-0.128248
2.687840,2.738117,-0.009335
2.687840,2.780041,0.014312
2.687840,7.130506,0.125028
2.687840,3.781942,-0.088839
2.687840,2.692434,-0.003141
2.687840,2.904450,0.027575
2.687840,10.722876,0.062046
2.687840,3.210988,-0.054266
2.687840,2.688405,0.000417
2.687840,3.326732,0.062687
2.687840,9.770002,-0.086150
2.687840,2.861842,-0.023245
2.687840,2.699739,0.004313
2.687840,4.079496,0.101118
2.687840,6.197790,-0.129558
2.687840,2.755516,-0.011360
2.687840,2.770610,0.013146
2.687840,6.768032,0.127525
2.687840,3.882381,-0.093345
2.687840,2.695358,-0.003489
2.687840,2.903795,0.027488
2.687840,10.708605,0.062477
2.687840,3.212788,-0.054394
2.687840,2.689703,0.000556
2.687840,3.367463,0.065450
2.687840,9.453186,-0.092644
2.687840,2.850373,-0.022011
2.687840,2.707300,0.005278
2.687840,4.356293,0.109918
2.687840,5.617163,-0.128603
2.687840,2.740600,-0.009481
2.687840,2.797855,0.016225
2.687840,7.755859,0.118900
2.687840,3.639967,-0.081730
2.687840,2.692450,-0.002157
2.687840,3.037715,0.040006
2.687840,11.740689,-0.004436
2.687840,3.017419,-0.038198
2.687840,2.692707,0.002336
2.687840,3.670097,0.083309
2.687840,7.610701,-0.120508
2.687840,2.793769,-0.015766
2.687840,2.743054,0.009789
2.687840,5.712002,0.129007
2.687840,4.303950,-0.108423
2.687840,2.705896,-0.005095
2.687840,2.853061,0.022298
2.687840,9.529058,0.091141
2.687840,3.357541,-0.064785
2.687840,2.689543,-0.000504
2.687840,3.217413,0.054747
2.687840,10.670405,-0.063620
2.687840,2.901747,-0.027287
2.687840,2.695282,0.003495
2.687840,3.882017,0.093330
2.687840,6.769225,-0.127519
2.687840,2.770619,-0.013152
2.687840,2.754807,0.011281
2.687840,6.171781,0.129588
2.687840,4.089953,-0.101493
2.687840,2.699935,-0.004361
2.687840,2.858569,0.022909
2.687840,9.683898,0.087974
2.687840,3.337589,-0.063437
2.687840,2.688219,-0.000517
2.687840,3.194227,0.052980
2.687840,10.859467,-0.057740
2.687840,2.912138,-0.028339
2.687840,2.691275,0.002948
2.687840,3.734257,0.086556
2.687840,7.324078,-0.123363
2.687840,2.785231,-0.014928
2.687840,2.731576,0.008555
2.687840,5.303276,0.126461
2.687840,4.556179,-0.114979
2.687840,2.711507,-0.006099
2.687840,2.805836,0.017303
2.687840,8.064890,0.115136
2.687840,3.580191,-0.078504
2.687840,2.687922,-0.002269
2.687840,2.950474,0.032060
2.687840,11.381660,0.036951
2.687840,3.123915,-0.047380
2.687840,2.687477,0.000941
2.687840,3.384783,0.066619
2.687840,9.321885,-0.095175
2.687840,2.845473,-0.021556
2.687840,2.700635,0.004540
2.687840,4.128888,0.102861
2.687840,6.078137,-0.129642
2.687840,2.752226,-0.010999
2.687840,2.769801,0.013082
2.687840,6.742798,0.127668
2.687840,3.889949,-0.093672
2.687840,2.695119,-0.003568
2.687840,2.889412,0.026064
2.687840,10.424015,0.070548
2.687840,3.247017,-0.056973
2.687840,2.688704,0.000192
2.687840,3.300199,0.060825
2.687840,9.984119,-0.081404
2.687840,2.870281,-0.024112
2.687840,2.698704,0.004130
2.687840,4.034342,0.099456
2.687840,6.314473,-0.129355
2.687840,2.758603,-0.011725
2.687840,2.767763,0.012809
2.687840,6.660607,0.128098
2.687840,3.915397,-0.094743
2.687840,2.696073,-0.003630
2.687840,2.896011,0.026713
2.687840,10.558564,0.066855
2.687840,3.230904,-0.055765
2.687840,2.689526,0.000404
2.687840,3.343322,0.063819
2.687840,9.639463,-0.088896
2.687840,2.857083,-0.022721
2.687840,2.704632,0.004919
2.687840,4.255140,0.106961
2.687840,5.806084,-0.129305
2.687840,2.745509,-0.010090
2.687840,2.790413,0.015384
2.687840,7.489888,0.121763
2.687840,3.696390,-0.084655
2.687840,2.693019,-0.002482
2.687840,3.002559,0.036855
2.687840,11.712109,0.011242
2.687840,3.054093,-0.041441
2.687840,2.692342,0.002024
2.687840,3.619077,0.080610
2.687840,7.860917,-0.117670
2.687840,2.800850,-0.016558
2.687840,2.739133,0.009293
2.687840,5.559819,0.128306
2.687840,4.389605,-0.110830
2.687840,2.708223,-0.005391
2.687840,2.849616,0.021926
2.687840,9.431035,0.093077
2.687840,3.370391,-0.065645
2.687840,2.689892,-0.000555
2.687840,3.216033,0.054639
2.687840,10.681943,-0.063277
2.687840,2.902388,-0.027345
2.687840,2.695970,0.003571
2.687840,3.904893,0.094302
2.687840,6.694243,-0.127927
2.687840,2.768699,-0.012909
2.687840,2.758932,0.011754
2.687840,6.325336,0.129330
2.687840,4.030291,-0.099303
2.687840,2.698711,-0.004102
2.687840,2.874141,0.024503
2.687840,10.077484,0.079234
2.687840,3.288812,-0.060013
2.687840,2.688998,-0.000075
2.687840,3.267924,0.058506
2.687840,10.250122,-0.075040
2.687840,2.881526,-0.025258
2.687840,2.697227,0.003873
2.687840,3.970976,0.097008
2.687840,6.491347,-0.128829
2.687840,2.763259,-0.012281
2.687840,2.762539,0.012196
2.687840,6.464137,0.128926
2.687840,3.980353,-0.097379
2.687840,2.697436,-0.003913
2.687840,2.879526,0.025055
2.687840,10.204504,0.076172
2.687840,3.273420,-0.058905
2.687840,2.688933,0.000028
2.687840,3.281187,0.059466
2.687840,10.140262,-0.077737
2.687840,2.876771,-0.024774
2.687840,2.697982,0.003997
2.687840,4.002213,0.098232
2.687840,6.402149,-0.129126
2.687840,2.760923,-0.011999
2.687840,2.765552,0.012547
2.687840,6.577087,0.128485
2.687840,3.942252,-0.095851
2.687840,2.696658,-0.003745
2.687840,2.889835,0.026094
2.687840,10.431620,0.070344
2.687840,3.246139,-0.056903
2.687840,2.689356,0.000274
2.687840,3.322385,0.062377
2.687840,9.805146,-0.085391
2.687840,2.863302,-0.023374
2.687840,2.702357,0.004608
2.687840,4.168775,0.104205
2.687840,5.987434,-0.129611
2.687840,2.750202,-0.010673
2.687840,2.782979,0.014541
2.687840,7.220335,0.124278
2.687840,3.759517,-0.087763
2.687840,2.693756,-0.002833
2.687840,2.966851,0.033557
2.687840,11.526728,0.028639
2.687840,3.099837,-0.045350
2.687840,2.691815,0.001626
2.687840,3.553511,0.076964
2.687840,8.215587,-0.113124
2.687840,2.811085,-0.017704
2.687840,2.732347,0.008447
2.687840,5.299884,0.126423
2.687840,4.558814,-0.115030
2.687840,2.712726,-0.005977
2.687840,2.840890,0.020988
2.687840,9.175690,0.097879
2.687840,3.404882,-0.067912
2.687840,2.690271,-0.000756
2.687840,3.194390,0.052976
2.687840,10.858973,-0.057753
2.687840,2.912282,-0.028321
2.687840,2.695485,0.003440
2.687840,3.877461,0.093131
2.687840,6.784588,-0.127429
2.687840,2.771130,-0.013189
2.687840,2.757324,0.011557
2.687840,6.263378,0.129458
2.687840,4.053784,-0.100179
2.687840,2.699313,-0.004190
2.687840,2.871728,0.024254
2.687840,10.018843,0.080604
2.687840,3.295965,-0.060522
2.687840,2.689024,-0.000124
2.687840,3.261645,0.058047
2.687840,10.302319,-0.073722
2.687840,2.883850,-0.025494
2.687840,2.696867,0.003814
2.687840,3.956024,0.096410
2.687840,6.535505,-0.128659
2.687840,2.764416,-0.012420
2.687840,2.761029,0.012020
2.687840,6.407488,0.129110
2.687840,4.000293,-0.098158
2.687840,2.697854,-0.003999
2.687840,2.874523,0.024548
2.687840,10.087378,0.079000
2.687840,3.287593,-0.059928
2.687840,2.688722,-0.000099
2.687840,3.260160,0.057941
2.687840,10.314542,-0.073410
2.687840,2.884369,-0.025553
2.687840,2.695994,0.003708
2.687840,3.925473,0.095165
2.687840,6.628778,-0.128252
2.687840,2.766811,-0.012721
2.687840,2.756351,0.011481
2.687840,6.233166,0.129510
2.687840,4.065476,-0.100611
2.687840,2.699186,-0.004283
2.687840,2.857246,0.022780
2.687840,9.649447,0.088692
2.687840,3.341954,-0.063738
2.687840,2.687894,-0.000586
2.687840,3.179377,0.051826
2.687840,10.977899,-0.053729
2.687840,2.919349,-0.029053
2.687840,2.690047,0.002750
2.687840,3.684938,0.084095
2.687840,7.540807,-0.121250
2.687840,2.791106,-0.015620
2.687840,2.724349,0.007686
2.687840,5.033942,0.123481
2.687840,4.770464,-0.119360
2.687840,2.717253,-0.006821
2.687840,2.797914,0.016409
2.687840,7.786944,0.118549
2.687840,3.633434,-0.081410
2.687840,2.688856,-0.002531
2.687840,2.929941,0.030088
2.687840,11.134473,0.047917
2.687840,3.159044,-0.050221
2.687840,2.687595,0.000699
2.687840,3.352803,0.064479
2.687840,9.564762,-0.090426
2.687840,2.854100,-0.022459
2.687840,2.698934,0.004278
2.687840,4.060278,0.100422
2.687840,6.246443,-0.129489
2.687840,2.756645,-0.011529
2.687840,2.764823,0.012499
2.687840,6.555941,0.128577
2.687840,3.949178,-0.096136
2.687840,2.696366,-0.003826
2.687840,2.874414,0.024548
2.687840,10.086179,0.079029
2.687840,3.287710,-0.059940
2.687840,2.688185,-0.000163
2.687840,3.242573,0.056647
2.687840,10.460829,-0.069559
2.687840,2.891109,-0.026244
2.687840,2.693595,0.003377
2.687840,3.835966,0.091315
2.687840,6.928320,-0.126526
2.687840,2.774623,-0.013676
2.687840,2.743721,0.010008
2.687840,5.760209,0.129177
2.687840,4.278424,-0.107675
2.687840,2.704191,-0.005123
2.687840,2.822922,0.019173
2.687840,8.635029,0.106998
2.687840,3.483936,-0.072900
2.687840,2.687020,-0.001698
2.687840,3.013369,0.037879
2.687840,11.735977,0.006149
2.687840,3.041520,-0.040382
2.687840,2.687068,0.001497
2.687840,3.456235,0.071198
2.687840,8.816555,-0.104091
2.687840,2.828654,-0.019784
2.687840,2.703155,0.004960
2.687840,4.235678,0.106367
2.687840,5.844952,-0.129404
2.687840,2.745995,-0.010272
2.687840,2.773513,0.013537
2.687840,6.885309,0.126811
2.687840,3.848088,-0.091854
2.687840,2.693974,-0.003415
2.687840,2.891875,0.026318
2.687840,10.476386,0.069136
2.687840,3.240717,-0.056508
2.687840,2.688387,0.000200
2.687840,3.296148,0.060540
2.687840,10.017064,-0.080646
2.687840,2.871583,-0.024253
2.687840,2.697504,0.003980
2.687840,3.991466,0.097817
2.687840,6.432313,-0.129033
2.687840,2.761625,-0.012104
2.687840,2.762001,0.012149
2.687840,6.446560,0.128987
2.687840,3.986460,-0.097621
2.687840,2.697390,-0.003959
2.687840,2.872576,0.024354
2.687840,10.041183,0.080086
2.687840,3.293203,-0.060331
2.687840,2.688418,-0.000175
2.687840,3.244671,0.056801
2.687840,10.443450,-0.070027
2.687840,2.890303,-0.026159
2.687840,2.694279,0.003463
2.687840,3.860231,0.092388
2.687840,6.843008,-0.127080
2.687840,2.772400,-0.013403
2.687840,2.747561,0.010457
2.687840,5.903775,0.129516
2.687840,4.207307,-0.105469
2.687840,2.702459,-0.004852
2.687840,2.832226,0.020164
2.687840,8.927467,0.102240
2.687840,3.439884,-0.070175
2.687840,2.687102,-0.001377
2.687840,3.058370,0.041853
2.687840,11.700388,-0.013066
2.687840,2.998403,-0.036523
2.687840,2.687018,0.001808
2.687840,3.499516,0.073840
2.687840,8.536431,-0.108513
2.687840,2.819865,-0.018846
2.687840,2.704779,0.005215
2.687840,4.302516,0.108390
2.687840,5.714392,-0.129021
2.687840,2.742489,-0.009866
2.687840,2.775137,0.013742
2.687840,6.948450,0.126389
2.687840,3.830368,-0.091064
2.687840,2.693399,-0.003361
2.687840,2.890123,0.026148
2.687840,10.440414,0.070109
2.687840,3.245016,-0.056830
2.687840,2.688048,0.000129
2.687840,3.280790,0.059444
2.687840,10.143143,-0.077669
2.687840,2.876798,-0.024795
2.687840,2.695540,0.003711
2.687840,3.918196,0.094865
2.687840,6.651551,-0.128144
2.687840,2.767307,-0.012804
2.687840,2.752653,0.011065
2.687840,6.096955,0.129638
2.687840,4.120873,-0.102585
2.687840,2.700294,-0.004526
2.687840,2.842053,0.021204
2.687840,9.223467,0.097011
2.687840,3.398117,-0.067497
2.687840,2.687161,-0.001073
2.687840,3.100757,0.045463
2.687840,11.520620,-0.029046
2.687840,2.965772,-0.033507
2.687840,2.687195,0.002070
2.687840,3.539682,0.076204
2.687840,8.293642,-0.112052
2.687840,2.812504,-0.018050
2.687840,2.706832,0.005508
2.687840,4.383116,0.110664
2.687840,5.570491,-0.128371
2.687840,2.738640,-0.009413
2.687840,2.777562,0.014037
2.687840,7.040754,0.125725
2.687840,3.805333,-0.089927
2.687840,2.692710,-0.003270
2.687840,2.891510,0.026291
2.687840,10.469894,0.069313
2.687840,3.241468,-0.056568
2.687840,2.687843,0.000130
2.687840,3.277657,0.059220
2.687840,10.168945,-0.077044
2.687840,2.877877,-0.024910
2.687840,2.694788,0.003615
2.687840,3.891209,0.093729
2.687840,6.738529,-0.127693
2.687840,2.769562,-0.013082
2.687840,2.748737,0.010610
2.687840,5.950478,0.129580
2.687840,4.185480,-0.104763
2.687840,2.701799,-0.004783
2.687840,2.831158,0.020057
2.687840,8.895488,0.102780
2.687840,3.444543,-0.070470
2.687840,2.686889,-0.001435
2.687840,3.047071,0.040871
2.687840,11.726904,-0.008468
2.687840,3.008279,-0.037421
2.687840,2.686806,0.001710
2.687840,3.482124,0.072792
2.687840,8.646569,-0.106818
2.687840,2.823245,-0.019215
2.687840,2.703117,0.004996
2.687840,4.240467,0.106517
2.687840,5.835186,-0.129383
2.687840,2.745650,-0.010251
2.687840,2.771194,0.013285
2.687840,6.801727,0.127332
2.687840,3.872271,-0.092916
2.687840,2.694229,-0.003551
2.687840,2.877693,0.024895
2.687840,10.165189,0.077136
2.687840,3.278099,-0.059254
2.687840,2.687627,-0.000159
2.687840,3.233985,0.056011
2.687840,10.532119,-0.067600
2.687840,2.894520,-0.026598
2.687840,2.691810,0.003142
2.687840,3.771452,0.088348
2.687840,7.171687,-0.124693
2.687840,2.781033,-0.014454
2.687840,2.733650,0.008822
2.687840,5.383937,0.127140
2.687840,4.500321,-0.113668
2.687840,2.709904,-0.005921
2.687840,2.804978,0.017223
2.687840,8.037830,0.115486
2.687840,3.585143,-0.078783
2.687840,2.687640,-0.002337
2.687840,2.936876,0.030765
2.687840,11.226492,0.044151
2.687840,3.146516,-0.049221
2.687840,2.687066,0.000728
2.687840,3.348185,0.064170
2.687840,9.600380,-0.089703
2.687840,2.855332,-0.022601
2.687840,2.696869,0.004027
2.687840,3.987555,0.097668
2.687840,6.443265,-0.128999
2.687840,2.761696,-0.012162
2.687840,2.755400,0.011414
2.687840,6.204742,0.129552
2.687840,4.076645,-0.101020
2.687840,2.699002,-0.004380
2.687840,2.841516,0.021158
2.687840,9.209223,0.097273
2.687840,3.400048,-0.067625
2.687840,2.686792,-0.001130
2.687840,3.087026,0.044311
2.687840,11.590852,-0.024093
2.687840,2.975605,-0.034429
2.687840,2.686628,0.001931
2.687840,3.510402,0.074492
2.687840,8.468853,-0.109526
2.687840,2.817717,-0.018631
2.687840,2.703203,0.005047
2.687840,4.249740,0.106805
2.687840,5.816491,-0.129338
2.687840,2.745072,-0.010201
2.687840,2.769194,0.013069
2.687840,6.729803,0.127742
2.687840,3.893827,-0.093844
2.687840,2.694459,-0.003671
2.687840,2.865196,0.023628
2.687840,9.861378,0.084164
2.687840,3.315243,-0.061898
2.687840,2.686936,-0.000507
2.687840,3.174735,0.051469
2.687840,11.013956,-0.052448
2.687840,2.921600,-0.029287
2.687840,2.688059,0.002500
2.687840,3.615481,0.080449
2.687840,7.877711,-0.117477
2.687840,2.800373,-0.016711
2.687840,2.712372,0.006240
2.687840,4.593284,0.115812
2.687840,5.252259,-0.125984
2.687840,2.730113,-0.008402
2.687840,2.783410,0.014741
2.687840,7.261112,0.123929
2.687840,3.749328,-0.087292
2.687840,2.691194,-0.003061
2.687840,2.895621,0.026712
2.687840,10.554716,0.066967
2.687840,3.231258,-0.055808
2.687840,2.687420,0.000154
2.687840,3.274081,0.058965
2.687840,10.198352,-0.076326
2.687840,2.879099,-0.025043
2.687840,2.693438,0.003448
2.687840,3.843687,0.091662
2.687840,6.900696,-0.126712
2.687840,2.773780,-0.013601
2.687840,2.741456,0.009760
2.687840,5.678256,0.128882
2.687840,4.322017,-0.108957
2.687840,2.705159,-0.005299
2.687840,2.814461,0.018270
2.687840,8.360162,0.111110
2.687840,3.528394,-0.075549
2.687840,2.686924,-0.002023
2.687840,2.967883,0.033707
2.687840,11.536976,0.027970
2.687840,3.097722,-0.045210
2.687840,2.686981,0.001074
2.687840,3.395316,0.067315
2.687840,9.243885,-0.096634
2.687840,2.842723,-0.021280
2.687840,2.699447,0.004422
2.687840,4.090733,0.101525
2.687840,6.169709,-0.129592
2.687840,2.754522,-0.011299
2.687840,2.763945,0.012418
2.687840,6.526550,0.128697
2.687840,3.958964,-0.096533
2.687840,2.696324,-0.003897
2.687840,2.864225,0.023515
2.687840,9.834809,0.084747
2.687840,3.318577,-0.062127
2.687840,2.687482,-0.000467
2.687840,3.189119,0.052589
2.687840,10.900275,-0.056390
2.687840,2.914506,-0.028584
2.687840,2.689579,0.002731
2.687840,3.674315,0.083552
2.687840,7.589772,-0.120738
2.687840,2.792395,-0.015782
2.687840,2.721356,0.007334
2.687840,4.924414,0.121925
2.687840,4.872408,-0.121110
2.687840,2.719955,-0.007164
2.687840,2.793697,0.015934
2.687840,7.637062,0.120231
2.687840,3.664248,-0.083032
2.687840,2.689339,-0.002689
2.687840,2.916331,0.028764
2.687840,10.930296,0.055376
2.687840,3.185360,-0.052297
2.687840,2.687427,0.000488
2.687840,3.320581,0.062267
2.687840,9.818715,-0.085098
2.687840,2.863595,-0.023451
2.687840,2.696283,0.003897
2.687840,3.958265,0.096505
2.687840,6.528623,-0.128689
2.687840,2.763990,-0.012425
2.687840,2.754195,0.011262
2.687840,6.157673,0.129603
2.687840,4.095630,-0.101700
2.687840,2.699547,-0.004444
2.687840,2.841433,0.021146
2.687840,9.206182,0.097328
2.687840,3.400474,-0.067652
2.687840,2.686928,-0.001117
2.687840,3.090985,0.044644
2.687840,11.571656,-0.025542
2.687840,2.972709,-0.034158
2.687840,2.686821,0.001975
2.687840,3.519896,0.075052
2.687840,8.411109,-0.110374
2.687840,2.815989,-0.018438
2.687840,2.704426,0.005203
2.687840,4.294546,0.108157
2.687840,5.729355,-0.129075
2.687840,2.742801,-0.009922
2.687840,2.772287,0.013427
2.687840,6.844945,0.127069
2.687840,3.859623,-0.092366
2.687840,2.693774,-0.003518
2.687840,2.875022,0.024629
2.687840,10.103012,0.078631
2.687840,3.285616,-0.059797
2.687840,2.687299,-0.000252
2.687840,3.215860,0.054646
2.687840,10.682282,-0.063270
2.687840,2.902173,-0.027368
2.687840,2.690233,0.002900
2.687840,3.709657,0.085345
2.687840,7.429819,-0.122365
2.687840,2.787973,-0.015277
2.687840,2.724804,0.007762
2.687840,5.054154,0.123746
2.687840,4.752664,-0.119035
2.687840,2.716675,-0.006774
2.687840,2.795425,0.016145
2.687840,7.701402,0.119523
2.687840,3.650800,-0.082332
2.687840,2.688808,-0.002658
2.687840,2.912149,0.028360
2.687840,10.861377,0.057679
2.687840,3.193931,-0.052966
2.687840,2.687020,0.000378
2.687840,3.298580,0.060724
2.687840,9.996567,-0.081121
2.687840,2.870595,-0.024182
2.687840,2.693735,0.003546
2.687840,3.863130,0.092520
2.687840,6.832821,-0.127145
2.687840,2.771924,-0.013393
2.687840,2.742003,0.009835
2.687840,5.700597,0.128970
2.687840,4.309883,-0.108607
2.687840,2.704765,-0.005265
2.687840,2.812981,0.018116
2.687840,8.311881,0.111796
2.687840,3.536545,-0.076025
2.687840,2.686816,-0.002093
2.687840,2.956721,0.032659
2.687840,11.443238,0.033676
2.687840,3.114097,-0.046576
2.687840,2.686831,0.000937
2.687840,3.373549,0.065879
2.687840,9.405771,-0.093572
2.687840,2.848312,-0.021873
2.687840,2.697601,0.004165
2.687840,4.020617,0.098944
2.687840,6.351193,-0.129269
2.687840,2.759244,-0.011876
2.687840,2.757249,0.011639
2.687840,6.275592,0.129438
2.687840,4.048986,-0.100008
2.687840,2.698284,-0.004277
2.687840,2.844008,0.021422
2.687840,9.282355,0.095919
2.687840,3.390073,-0.066973
2.687840,2.686753,-0.001064
2.687840,3.095470,0.045023
2.687840,11.548793,-0.027168
2.687840,2.969460,-0.033857
2.687840,2.686595,0.001972
2.687840,3.515765,0.074810
2.687840,8.436065,-0.110010
2.687840,2.816708,-0.018524
2.687840,2.703179,0.005052
2.687840,4.250031,0.106815
2.687840,5.815899,-0.129337
2.687840,2.745039,-0.010201
2.687840,2.768693,0.013014
2.687840,6.711617,0.127839
2.687840,3.899394,-0.094080
2.687840,2.694534,-0.003700
2.687840,2.862477,0.023350
2.687840,9.791688,0.085685
2.687840,3.323922,-0.062504
2.687840,2.686795,-0.000586
2.687840,3.161602,0.050431
2.687840,11.114916,-0.048682
2.687840,2.928476,-0.029958
2.687840,2.687473,0.002380
2.687840,3.588451,0.078968
2.687840,8.019889,-0.115715
2.687840,2.804414,-0.017170
2.687840,2.708933,0.005812
2.687840,4.466586,0.112839
2.687840,5.435100,-0.127524
2.687840,2.734965,-0.008991
2.687840,2.778423,0.014159
2.687840,7.076403,0.125455
2.687840,3.795901,-0.089494
2.687840,2.692193,-0.003265
2.687840,2.883974,0.025542
2.687840,10.309149,0.073550
2.687840,3.260728,-0.057994
2.687840,2.687224,-0.000081
2.687840,3.238210,0.056330
2.687840,10.496765,-0.068579
2.687840,2.892749,-0.026427
2.687840,2.691063,0.003067
2.687840,3.747968,0.087227
2.687840,7.266680,-0.123881
2.687840,2.783532,-0.014761
2.687840,2.729153,0.008292
2.687840,5.217191,0.125633
2.687840,4.619670,-0.116384
2.687840,2.713054,-0.006333
2.687840,2.798582,0.016513
2.687840,7.815218,0.118220
2.687840,3.627752,-0.081110
2.687840,2.688190,-0.002570
2.687840,2.914205,0.028566
2.687840,10.896257,0.056526
2.687840,3.189585,-0.052631
2.687840,2.686784,0.000382
2.687840,3.295246,0.060489
2.687840,10.023720,-0.080494
2.687840,2.871676,-0.024298
2.687840,2.692870,0.003437
2.687840,3.832393,0.091160
2.687840,6.940946,-0.126442
2.687840,2.774752,-0.013738
2.687840,2.737448,0.009300
2.687840,5.530363,0.128145
2.687840,4.407005,-0.111306
2.687840,2.707268,-0.005614
2.687840,2.805081,0.017254
2.687840,8.044564,0.115400
2.687840,3.583869,-0.078716
2.687840,2.687189,-0.002381
2.687840,2.923787,0.029506
2.687840,11.047402,0.051231
2.687840,3.170413,-0.051131
2.687840,2.686533,0.000491
2.687840,3.306413,0.061281
2.687840,9.932589,-0.082578
2.687840,2.867963,-0.023922
2.687840,2.692755,0.003451
2.687840,3.832484,0.091165
2.687840,6.940579,-0.126445
2.687840,2.774704,-0.013741
2.687840,2.736379,0.009179
2.687840,5.491323,0.127906
2.687840,4.430922,-0.111933
2.687840,2.707858,-0.005703
2.687840,2.802392,0.016962
2.687840,7.952399,0.116564
2.687840,3.601095,-0.079669
2.687840,2.687302,-0.002488
2.687840,2.911170,0.028275
2.687840,10.845765,0.058189
2.687840,3.195825,-0.053119
2.687840,2.686258,0.000274
2.687840,3.271748,0.058805
2.687840,10.217167,-0.075863
2.687840,2.879795,-0.025138
2.687840,2.690220,0.003065
2.687840,3.733343,0.086520
2.687840,7.327563,-0.123334
2.687840,2.785040,-0.014969
2.687840,2.723453,0.007630
2.687840,5.008838,0.123145
2.687840,4.792925,-0.119765
2.687840,2.717619,-0.006923
2.687840,2.789970,0.015548
2.687840,7.509344,0.121575
2.687840,3.691764,-0.084450
2.687840,2.689140,-0.002904
2.687840,2.884393,0.025608
2.687840,10.321057,0.073246
2.687840,3.259235,-0.057894
2.687840,2.686059,-0.000208
2.687840,3.201806,0.053581
2.687840,10.797101,-0.059747
2.687840,2.908357,-0.028001
2.687840,2.687059,0.002480
2.687840,3.595920,0.079385
2.687840,7.979724,-0.116224
2.687840,2.803142,-0.017053
2.687840,2.706447,0.005534
2.687840,4.380270,0.110589
2.687840,5.575257,-0.128398
2.687840,2.738571,-0.009450
2.687840,2.771647,0.013389
2.687840,6.827117,0.127181
2.687840,3.864756,-0.092594
2.687840,2.693399,-0.003596
2.687840,2.858604,0.022963
2.687840,9.691514,0.087817
2.687840,3.336507,-0.063378
2.687840,2.686212,-0.000745
2.687840,3.130417,0.047922
2.687840,11.338377,-0.039093
2.687840,2.946317,-0.031680
2.687840,2.685996,0.002073
2.687840,3.520068,0.075068
2.687840,8.409725,-0.110396
2.687840,2.815792,-0.018449
2.687840,2.700231,0.004716
2.687840,4.148148,0.103526
2.687840,6.033384,-0.129641
2.687840,2.750617,-0.010905
2.687840,2.758417,0.011834
2.687840,6.329290,0.129325
2.687840,4.028653,-0.099253
2.687840,2.697204,-0.004265
2.687840,2.828730,0.019837
2.687840,8.825777,0.103942
2.687840,3.454772,-0.071118
2.687840,2.685725,-0.001644
2.687840,3.000025,0.036681
2.687840,11.705770,0.012277
2.687840,3.056355,-0.041687
2.687840,2.685982,0.001260
2.687840,3.404891,0.067947
2.687840,9.173713,-0.097921
2.687840,2.840197,-0.021043
2.687840,2.696146,0.004056
2.687840,3.979365,0.097350
2.687840,6.466593,-0.128922
2.687840,2.762102,-0.012258
2.687840,2.748705,0.010663
2.687840,5.958628,0.129591
2.687840,4.181673,-0.104642
2.687840,2.701216,-0.004825
2.687840,2.816510,0.018518
2.687840,8.431960,0.110070
2.687840,3.516413,-0.074851
2.687840,2.686203,-0.002023
2.687840,2.956380,0.032632
2.687840,11.440329,0.033839
2.687840,3.114555,-0.046617
2.687840,2.686421,0.000885
2.687840,3.359576,0.064947
2.687840,9.511989,-0.091487
2.687840,2.852037,-0.022274
2.687840,2.695363,0.003875
2.687840,3.939320,0.095742
2.687840,6.585650,-0.128452
2.687840,2.765317,-0.012624
2.687840,2.747406,0.010493
2.687840,5.906933,0.129523
2.687840,4.205752,-0.105423
2.687840,2.701963,-0.004899
2.687840,2.818277,0.018699
2.687840,8.488514,0.109234
2.687840,3.507191,-0.074303
2.687840,2.686395,-0.001935
2.687840,2.971259,0.034026
2.687840,11.561754,0.026259
2.687840,3.092944,-0.044812
2.687840,2.686612,0.001066
2.687840,3.388029,0.066840
2.687840,9.297410,-0.095637
2.687840,2.844506,-0.021479
2.687840,2.697646,0.004199
2.687840,4.026370,0.099163
2.687840,6.335588,-0.129309
2.687840,2.758793,-0.011831
2.687840,2.756522,0.011561
2.687840,6.249523,0.129486
2.687840,4.059027,-0.100380
2.687840,2.698438,-0.004327
2.687840,2.839787,0.020983
2.687840,9.159103,0.098185
2.687840,3.406948,-0.068076
2.687840,2.686546,-0.001208
2.687840,3.072451,0.043071
2.687840,11.653451,-0.018608
2.687840,2.986772,-0.035463
2.687840,2.686318,0.001812
2.687840,3.488367,0.073174
2.687840,8.606433,-0.107443
2.687840,2.821909,-0.019090
2.687840,2.701047,0.004765
2.687840,4.169703,0.104246
2.687840,5.984994,-0.129614
2.687840,2.749471,-0.010738
2.687840,2.763479,0.012404
2.687840,6.515937,0.128740
2.687840,3.962493,-0.096679
2.687840,2.695927,-0.003967
2.687840,2.848637,0.021919
2.687840,9.416744,0.093360
2.687840,3.372070,-0.065784
2.687840,2.686384,-0.000979
2.687840,3.101149,0.045502
2.687840,11.518277,-0.029198
2.687840,2.965425,-0.033483
2.687840,2.686093,0.001943
2.687840,3.503240,0.074070
2.687840,8.512843,-0.108870
2.687840,2.818971,-0.018785
2.687840,2.700379,0.004709
2.687840,4.149745,0.103579
2.687840,6.029774,-0.129640
2.687840,2.750574,-0.010888
2.687840,2.760049,0.012016
2.687840,6.389104,0.129168
2.687840,4.006758,-0.098418
2.687840,2.696794,-0.004165
2.687840,2.835661,0.020566
2.687840,9.038084,0.100337
2.687840,3.423898,-0.069171
2.687840,2.685923,-0.001402
2.687840,3.036066,0.039911
2.687840,11.742142,-0.003861
2.687840,3.018396,-0.038339
2.687840,2.685838,0.001522
2.687840,3.439420,0.070156
2.687840,8.930100,-0.102197
2.687840,2.832112,-0.020193
2.687840,2.697106,0.004228
2.687840,4.021471,0.098980
2.687840,6.348716,-0.129277
2.687840,2.758963,-0.011891
2.687840,2.751058,0.010950
2.687840,6.048897,0.129645
2.687840,4.141384,-0.103296
2.687840,2.700124,-0.004683
2.687840,2.818489,0.018736
2.687840,8.497555,0.109099
2.687840,3.505703,-0.074217
2.687840,2.686030,-0.001968
2.687840,2.961056,0.033074
2.687840,11.482266,0.031427
2.687840,3.107515,-0.046034
2.687840,2.686326,0.000925
2.687840,3.363665,0.065222
2.687840,9.480621,-0.092109
2.687840,2.850899,-0.022158
2.687840,2.695263,0.003872
2.687840,3.937157,0.095653
2.687840,6.592265,-0.128423
2.687840,2.765474,-0.012646
2.687840,2.746706,0.010413
2.687840,5.881047,0.129479
2.687840,4.218084,-0.105817
2.687840,2.702250,-0.004948
2.687840,2.816230,0.018480
2.687840,8.421609,0.110222
2.687840,3.518132,-0.074951
2.687840,2.686400,-0.002012
2.687840,2.961019,0.033067
2.687840,11.481805,0.031454
2.687840,3.107606,-0.046039
2.687840,2.686580,0.000955
2.687840,3.371932,0.065774
2.687840,9.417873,-0.093337
2.687840,2.848704,-0.021921
2.687840,2.696616,0.004047
2.687840,3.986174,0.097616
2.687840,6.447139,-0.128987
2.687840,2.761710,-0.012184
2.687840,2.752754,0.011119
2.687840,6.107699,0.129636
2.687840,4.116298,-0.102429
2.687840,2.699794,-0.004553
2.687840,2.830645,0.020019
2.687840,8.882018,0.103007
2.687840,3.446490,-0.070596
2.687840,2.686399,-0.001506
2.687840,3.029528,0.039328
2.687840,11.745835,-0.001036
2.687840,3.024785,-0.038906
2.687840,2.686383,0.001539
2.687840,3.450868,0.070870
2.687840,8.852348,-0.103501
2.687840,2.829688,-0.019917
2.687840,2.699916,0.004575
2.687840,4.121605,0.102614
2.687840,6.095109,-0.129640
2.687840,2.752417,-0.011080
2.687840,2.761884,0.012205
2.687840,6.453922,0.128965
2.687840,3.983802,-0.097523
2.687840,2.696546,-0.004039
2.687840,2.848668,0.021918
2.687840,9.416949,0.093355
2.687840,3.372053,-0.065782
2.687840,2.686558,-0.000958
2.687840,3.106791,0.045972
2.687840,11.486517,-0.031171
2.687840,2.961568,-0.033119
2.687840,2.686365,0.002004
2.687840,3.516364,0.074847
2.687840,8.432326,-0.110065
2.687840,2.816551,-0.018516
2.687840,2.702031,0.004920
2.687840,4.210086,0.105562
2.687840,5.897780,-0.129509
2.687840,2.747142,-0.010466
2.687840,2.764875,0.012577
2.687840,6.569862,0.128520
2.687840,3.944492,-0.095953
2.687840,2.695421,-0.003904
2.687840,2.849162,0.021977
2.687840,9.432009,0.093063
2.687840,3.370047,-0.065650
2.687840,2.686272,-0.000977
2.687840,3.099528,0.045367
2.687840,11.527109,-0.028626
2.687840,2.966546,-0.033589
2.687840,2.685932,0.001916
2.687840,3.496684,0.073678
2.687840,8.553714,-0.108252
2.687840,2.820204,-0.018923
2.687840,2.699436,0.004590
2.687840,4.115539,0.102405
2.687840,6.109408,-0.129636
2.687840,2.752640,-0.011142
2.687840,2.757006,0.011662
2.687840,6.275031,0.129441
2.687840,4.049141,-0.100018
2.687840,2.697761,-0.004339
2.687840,2.827632,0.019718
2.687840,8.790989,0.104512
2.687840,3.459982,-0.071441
2.687840,2.685809,-0.001671
2.687840,2.997725,0.036471
2.687840,11.698331,0.013361
2.687840,3.059058,-0.041921
2.687840,2.686072,0.001250
2.687840,3.405077,0.067958
2.687840,9.172404,-0.097945
2.687840,2.840166,-0.021037
2.687840,2.696503,0.004098
2.687840,3.991714,0.097834
2.687840,6.431300,-0.129040
2.687840,2.761193,-0.012145
2.687840,2.750325,0.010851
2.687840,6.019193,0.129636
2.687840,4.154417,-0.103736
2.687840,2.700560,-0.004719
2.687840,2.820398,0.018935
2.687840,8.558620,0.108177
2.687840,3.495918,-0.073630
2.687840,2.686169,-0.001883
2.687840,2.974820,0.034359
2.687840,11.585924,0.024474
2.687840,3.088045,-0.044399
2.687840,2.686448,0.001082
2.687840,3.387661,0.066817
2.687840,9.300059,-0.095588
2.687840,2.844575,-0.021491
2.687840,2.697020,0.004125
2.687840,4.004680,0.098335
2.687840,6.394958,-0.129150
2.687840,2.760317,-0.012022
2.687840,2.753696,0.011235
2.687840,6.144005,0.129615
2.687840,4.101198,-0.101899
2.687840,2.699384,-0.004500
2.687840,2.831407,0.020101
2.687840,8.905913,0.102606
2.687840,3.442981,-0.070376
2.687840,2.686340,-0.001488
2.687840,3.031015,0.039460
2.687840,11.745366,-0.001682
2.687840,3.023317,-0.038776
2.687840,2.686312,0.001541
2.687840,3.450043,0.070819
2.687840,8.857887,-0.103410
2.687840,2.829855,-0.019937
2.687840,2.699574,0.004534
2.687840,4.109528,0.102193
2.687840,6.123873,-0.129628
2.687840,2.753157,-0.011172
2.687840,2.760593,0.012057
2.687840,6.405766,0.129119
2.687840,4.000803,-0.098186
2.687840,2.696905,-0.004112
2.687840,2.844509,0.021485
2.687840,9.298307,0.095620
2.687840,3.387895,-0.066833
2.687840,2.686414,-0.001088
2.687840,3.086712,0.044287
2.687840,11.592268,-0.023984
2.687840,2.975804,-0.034451
2.687840,2.686124,0.001870
2.687840,3.493372,0.073478
2.687840,8.574635,-0.107932
2.687840,2.820887,-0.018988
2.687840,2.700271,0.004682
2.687840,4.143812,0.103378
2.687840,6.043344,-0.129643
2.687840,2.750953,-0.010928
2.687840,2.760314,0.012042
2.687840,6.398344,0.129141
2.687840,4.003439,-0.098289
2.687840,2.696766,-0.004146
2.687840,2.837776,0.020787
2.687840,9.101406,0.099221
2.687840,3.414962,-0.068597
2.687840,2.686018,-0.001327
2.687840,3.047746,0.040937
2.687840,11.725563,-0.008763
2.687840,3.007593,-0.037367
2.687840,2.685836,0.001601
2.687840,3.450575,0.070856
2.687840,8.854086,-0.103473
2.687840,2.829656,-0.019932
2.687840,2.697533,0.004297
2.687840,4.038990,0.099640
2.687840,6.301732,-0.129387
2.687840,2.757721,-0.011744
2.687840,2.752237,0.011091
2.687840,6.093703,0.129642
2.687840,4.122163,-0.102635
2.687840,2.699627,-0.004612
2.687840,2.820216,0.018922
2.687840,8.553868,0.108250
2.687840,3.496662,-0.073677
2.687840,2.685972,-0.001911
2.687840,2.967829,0.033709
2.687840,11.536896,0.027977
2.687840,3.097708,-0.045215
2.687840,2.686302,0.000994
2.687840,3.372892,0.065840
2.687840,9.410488,-0.093481
2.687840,2.848406,-0.021897
2.687840,2.695680,0.003940
2.687840,3.954266,0.096349
2.687840,6.540398,-0.128643
2.687840,2.764106,-0.012483
2.687840,2.748245,0.010596
2.687840,5.939217,0.129569
2.687840,4.190634,-0.104935
2.687840,2.701548,-0.004846
2.687840,2.818824,0.018761
2.687840,8.506714,0.108962
2.687840,3.504244,-0.074128
2.687840,2.686326,-0.001923
2.687840,2.971881,0.034084
2.687840,11.566116,0.025946
2.687840,3.092078,-0.044739
2.687840,2.686563,0.001066
2.687840,3.387292,0.066792
2.687840,9.302844,-0.095535
2.687840,2.844687,-0.021499
2.687840,2.697422,0.004171
2.687840,4.018449,0.098862
2.687840,6.357058,-0.129255
2.687840,2.759345,-0.011900
2.687840,2.755556,0.011449
2.687840,6.213416,0.129541
2.687840,4.073183,-0.100896
2.687840,2.698754,-0.004385
2.687840,2.836918,0.020682
2.687840,9.073557,0.099713
2.687840,3.418908,-0.068847
2.687840,2.686468,-0.001302
2.687840,3.058348,0.041856
2.687840,11.700383,-0.013069
2.687840,2.998364,-0.036525
2.687840,2.686277,0.001721
2.687840,3.474880,0.072354
2.687840,8.693168,-0.106085
2.687840,2.824615,-0.019380
2.687840,2.700399,0.004669
2.687840,4.144099,0.103386
2.687840,6.042721,-0.129643
2.687840,2.750995,-0.010920
2.687840,2.762056,0.012235
2.687840,6.461994,0.128937
2.687840,3.980981,-0.097413
2.687840,2.696374,-0.004040
2.687840,2.845848,0.021628
2.687840,9.337239,0.094886
2.687840,3.382653,-0.066487
2.687840,2.686347,-0.001058
2.687840,3.089655,0.044536
2.687840,11.578096,-0.025066
2.687840,2.973626,-0.034249
2.687840,2.686032,0.001875
2.687840,3.492590,0.073431
2.687840,8.579535,-0.107858
2.687840,2.821022,-0.019006
2.687840,2.699810,0.004627
2.687840,4.127608,0.102823
2.687840,6.080904,-0.129644
2.687840,2.751920,-0.011049
2.687840,2.758663,0.011852
2.687840,6.336645,0.129307
2.687840,4.025935,-0.099149
2.687840,2.697260,-0.004241
2.687840,2.832900,0.020274
2.687840,8.953992,0.101791
2.687840,3.435958,-0.069937
2.687840,2.685909,-0.001489
2.687840,3.023995,0.038839
2.687840,11.745628,0.001375
2.687840,3.030287,-0.039399
2.687840,2.685938,0.001446
2.687840,3.430411,0.069585
2.687840,8.992487,-0.101130
2.687840,2.834163,-0.020407
2.687840,2.697146,0.004218
2.687840,4.020577,0.098946
2.687840,6.351164,-0.129271
2.687840,2.759053,-0.011896
2.687840,2.751744,0.011026
2.687840,6.073978,0.129645
2.687840,4.130571,-0.102925
2.687840,2.699900,-0.004637
2.687840,2.821189,0.019023
2.687840,8.584752,0.107777
2.687840,3.491767,-0.073381
2.687840,2.686056,-0.001867
2.687840,2.975166,0.034392
2.687840,11.588199,0.024300
2.687840,3.087566,-0.044360
2.687840,2.686364,0.001076
2.687840,3.385348,0.066665
2.687840,9.317183,-0.095265
2.687840,2.845155,-0.021554
2.687840,2.696581,0.004069
2.687840,3.988883,0.097723
2.687840,6.439385,-0.129013
2.687840,2.761466,-0.012164
2.687840,2.751806,0.011015
2.687840,6.073195,0.129645
2.687840,4.130927,-0.102936
2.687840,2.700080,-0.004618
2.687840,2.826450,0.019576
2.687840,8.751319,0.105155
2.687840,3.466000,-0.071809
2.687840,2.686279,-0.001658
2.687840,3.006945,0.037305
2.687840,11.724084,0.009071
2.687840,3.048510,-0.041000
2.687840,2.686422,0.001369
2.687840,3.427549,0.069399
2.687840,9.012685,-0.100779
2.687840,2.834901,-0.020470
2.687840,2.698999,0.004429
2.687840,4.083913,0.101283
2.687840,6.186514,-0.129575
2.687840,2.754837,-0.011366
2.687840,2.759788,0.011954
2.687840,6.374152,0.129209
2.687840,4.012207,-0.098624
2.687840,2.697250,-0.004149
2.687840,2.844955,0.021528
2.687840,9.310724,0.095387
2.687840,3.386228,-0.066722
2.687840,2.686532,-0.001062
2.687840,3.092132,0.044744
2.687840,11.565837,-0.025966
2.687840,2.971838,-0.034081
2.687840,2.686285,0.001918
2.687840,3.502898,0.074048
2.687840,8.515053,-0.108836
2.687840,2.819074,-0.018789
2.687840,2.701308,0.004817
2.687840,4.181995,0.104652
2.687840,5.957949,-0.129590
2.687840,2.748730,-0.010656
2.687840,2.763369,0.012398
2.687840,6.512860,0.128752
2.687840,3.963526,-0.096721
2.687840,2.695878,-0.003980
2.687840,2.846168,0.021664
2.687840,9.346904,0.094702
2.687840,3.381351,-0.066402
2.687840,2.686230,-0.001063
2.687840,3.087161,0.044326
2.687840,11.590100,-0.024153
2.687840,2.975453,-0.034420
2.687840,2.685878,0.001843
2.687840,3.485523,0.073005
2.687840,8.624386,-0.107165
2.687840,2.822391,-0.019158
2.687840,2.698881,0.004509
2.687840,4.093820,0.101640
2.687840,6.161928,-0.129601
2.687840,2.754023,-0.011307
2.687840,2.755587,0.011493
2.687840,6.221269,0.129531
2.687840,4.070033,-0.100785
2.687840,2.698281,-0.004419
2.687840,2.825050,0.019443
2.687840,8.709403,0.105827
2.687840,3.472359,-0.072203
2.687840,2.685833,-0.001756
2.687840,2.986618,0.035453
2.687840,11.652820,0.018672
2.687840,3.072600,-0.043087
2.687840,2.686159,0.001161
2.687840,3.393972,0.067234
2.687840,9.253379,-0.096459
2.687840,2.842930,-0.021326
2.687840,2.696274,0.004050
2.687840,3.980756,0.097405
2.687840,6.462612,-0.128935
2.687840,2.762035,-0.012241
2.687840,2.749893,0.010796
2.687840,6.002310,0.129627
2.687840,4.161922,-0.103988
2.687840,2.700780,-0.004744
2.687840,2.820542,0.018948
2.687840,8.562990,0.108110
2.687840,3.495227,-0.073589
2.687840,2.686219,-0.001872
2.687840,2.977062,0.034567
2.687840,11.600133,0.023362
2.687840,3.085033,-0.044144
2.687840,2.686485,0.001109
2.687840,3.391961,0.067099
2.687840,9.268317,-0.096181
2.687840,2.843488,-0.021375
2.687840,2.697391,0.004177
2.687840,4.018695,0.098872
2.687840,6.356374,-0.129257
2.687840,2.759312,-0.011899
2.687840,2.755123,0.011401
2.687840,6.197604,0.129562
2.687840,4.079468,-0.101124
2.687840,2.698875,-0.004413
2.687840,2.835032,0.020484
2.687840,9.016778,0.100708
2.687840,3.426963,-0.069362
2.687840,2.686398,-0.001368
2.687840,3.048331,0.040985
2.687840,11.724440,-0.008997
2.687840,3.007104,-0.037319
2.687840,2.686254,0.001654
2.687840,3.465009,0.071748
2.687840,8.757847,-0.105049
2.687840,2.826653,-0.019598
2.687840,2.699930,0.004599
2.687840,4.125501,0.102749
2.687840,6.085901,-0.129643
2.687840,2.752135,-0.011055
2.687840,2.760961,0.012105
2.687840,6.420509,0.129074
2.687840,3.995546,-0.097982
2.687840,2.696726,-0.004098
2.687840,2.843650,0.021397
2.687840,9.273726,0.096081
2.687840,3.391216,-0.067052
2.687840,2.686318,-0.001123
2.687840,3.080383,0.043750
2.687840,11.620965,-0.021629
2.687840,2.980566,-0.034893
2.687840,2.686007,0.001821
2.687840,3.484492,0.072942
2.687840,8.631038,-0.107062
2.687840,2.822621,-0.019178
2.687840,2.699461,0.004575
2.687840,4.113691,0.102340
2.687840,6.113838,-0.129634
2.687840,2.752790,-0.011152
2.687840,2.757874,0.011757
2.687840,6.306650,0.129376
2.687840,4.037142,-0.099571
2.687840,2.697543,-0.004283
2.687840,2.831610,0.020137
2.687840,8.914239,0.102466
2.687840,3.441737,-0.070301
2.687840,2.685919,-0.001529
2.687840,3.018755,0.038371
2.687840,11.742463,0.003702
2.687840,3.035697,-0.039878
2.687840,2.685997,0.001413
2.687840,3.426738,0.069351
2.687840,9.018174,-0.100684
2.687840,2.835016,-0.020495
2.687840,2.697223,0.004220
2.687840,4.022299,0.099011
2.687840,6.346498,-0.129283
2.687840,2.758944,-0.011880
2.687840,2.752292,0.011088
2.687840,6.094221,0.129641
2.687840,4.121955,-0.102627
2.687840,2.699711,-0.004601
2.687840,2.823009,0.019217
2.687840,8.643096,0.106873
2.687840,3.482615,-0.072827
2.687840,2.686073,-0.001800
2.687840,2.984448,0.035251
2.687840,11.641942,0.019731
2.687840,3.075374,-0.043323
2.687840,2.686358,0.001164
2.687840,3.397701,0.067476
2.687840,9.226152,-0.096962
2.687840,2.842029,-0.021225
2.687840,2.697221,0.004168
2.687840,4.014441,0.098710
2.687840,6.367989,-0.129226
2.687840,2.759591,-0.011939
2.687840,2.754005,0.011275
2.687840,6.156224,0.129605
2.687840,4.096182,-0.101722
2.687840,2.699229,-0.004484
2.687840,2.831069,0.020067
2.687840,8.895696,0.102778
2.687840,3.444474,-0.070470
2.687840,2.686288,-0.001505
2.687840,3.027912,0.039185
2.687840,11.746095,-0.000336
2.687840,3.026377,-0.039049
2.687840,2.686282,0.001515
2.687840,3.445877,0.070558
2.687840,8.886139,-0.102938
2.687840,2.830759,-0.020035
2.687840,2.699266,0.004491
2.687840,4.097805,0.101780
2.687840,6.152257,-0.129609
2.687840,2.753898,-0.011262
2.687840,2.759645,0.011946
2.687840,6.370103,0.129220
2.687840,4.013670,-0.098681
2.687840,2.697198,-0.004165
2.687840,2.842013,0.021224
2.687840,9.225729,0.096970
2.687840,3.397758,-0.067480
2.687840,2.686351,-0.001166
2.687840,3.075100,0.043299
2.687840,11.643042,-0.019627
2.687840,2.984663,-0.035271
2.687840,2.686065,0.001797
2.687840,3.482133,0.072798
2.687840,8.646191,-0.106825
2.687840,2.823105,-0.019227
2.687840,2.699660,0.004594
2.687840,4.120069,0.102562
2.687840,6.098680,-0.129640
2.687840,2.752408,-0.011102
2.687840,2.758782,0.011861
2.687840,6.340414,0.129298
2.687840,4.024545,-0.099096
2.687840,2.697274,-0.004230
2.687840,2.834591,0.020451
2.687840,9.005298,0.100908
2.687840,3.428578,-0.069468
2.687840,2.685989,-0.001427
2.687840,3.033681,0.039699
2.687840,11.743975,-0.002839
2.687840,3.020691,-0.038544
2.687840,2.685930,0.001516
2.687840,3.440075,0.070196
2.687840,8.925642,-0.102273
2.687840,2.831981,-0.020176
2.687840,2.697519,0.004278
2.687840,4.035906,0.099525
2.687840,6.309938,-0.129369
2.687840,2.757964,-0.011767
2.687840,2.752787,0.011151
2.687840,6.113592,0.129634
2.687840,4.113795,-0.102344
2.687840,2.699469,-0.004574
2.687840,2.822799,0.019196
2.687840,8.636677,0.106974
2.687840,3.483612,-0.072888
2.687840,2.686015,-0.001814
2.687840,2.981644,0.034993
2.687840,11.627006,0.021100
2.687840,3.078979,-0.043631
2.687840,2.686321,0.001134
2.687840,3.392759,0.067153
2.687840,9.262366,-0.096292
2.687840,2.843260,-0.021356
2.687840,2.696819,0.004111
2.687840,3.999186,0.098124
2.687840,6.410280,-0.129105
2.687840,2.760693,-0.012073
2.687840,2.752471,0.011095
2.687840,6.098583,0.129639
2.687840,4.120127,-0.102563
2.687840,2.699800,-0.004578
2.687840,2.827384,0.019676
2.687840,8.780884,0.104676
2.687840,3.461531,-0.071533
2.687840,2.686255,-0.001629
2.687840,3.010472,0.037623
2.687840,11.731249,0.007452
2.687840,3.044602,-0.040658
2.687840,2.686377,0.001393
2.687840,3.430125,0.069563
2.687840,8.994678,-0.101091
2.687840,2.834303,-0.020408
2.687840,2.698942,0.004426
2.687840,4.082595,0.101236
2.687840,6.189790,-0.129571
2.687840,2.754912,-0.011377
2.687840,2.759377,0.011908
2.687840,6.359036,0.129250
2.687840,4.017719,-0.098835
2.687840,2.697356,-0.004174
2.687840,2.843273,0.021353
2.687840,9.262136,0.096296
2.687840,3.392799,-0.067154
2.687840,2.686463,-0.001117
2.687840,3.083523,0.044016
2.687840,11.607046,-0.022801
2.687840,2.978194,-0.034672
2.687840,2.686192,0.001860
2.687840,3.493130,0.073463
2.687840,8.576193,-0.107908
2.687840,2.820947,-0.018992
2.687840,2.700589,0.004719
2.687840,4.154818,0.103750
2.687840,6.018291,-0.129635
2.687840,2.750310,-0.010847
2.687840,2.761490,0.012178
2.687840,6.442176,0.129004
2.687840,3.987889,-0.097685
2.687840,2.696434,-0.004080
2.687840,2.841484,0.021175
2.687840,9.211117,0.097239
2.687840,3.399747,-0.067611
2.687840,2.686123,-0.001206
2.687840,3.065867,0.042509
2.687840,11.677108,-0.016057
2.687840,2.992049,-0.035952
2.687840,2.685826,0.001715
2.687840,3.466449,0.071840
2.687840,8.748158,-0.105206
2.687840,2.826274,-0.019573
2.687840,2.698056,0.004383
2.687840,4.060875,0.100451
2.687840,6.244644,-0.129495
2.687840,2.756205,-0.011566
2.687840,2.753468,0.011240
2.687840,6.140781,0.129618
2.687840,4.102488,-0.101947
2.687840,2.699106,-0.004541
2.687840,2.821609,0.019074
2.687840,8.599155,0.107556
2.687840,3.489484,-0.073245
2.687840,2.685902,-0.001869
2.687840,2.972451,0.034141
2.687840,11.570181,0.025651
2.687840,3.091253,-0.044672
2.687840,2.686252,0.001036
2.687840,3.377869,0.066171
2.687840,9.372992,-0.094204
2.687840,2.847082,-0.021760
2.687840,2.695770,0.003960
2.687840,3.958830,0.096532
2.687840,6.526775,-0.128698
2.687840,2.763739,-0.012441
2.687840,2.748409,0.010617
2.687840,5.945707,0.129576
2.687840,4.187628,-0.104837
2.687840,2.701457,-0.004837
2.687840,2.818680,0.018746
2.687840,8.502157,0.109030
2.687840,3.504978,-0.074172
2.687840,2.686304,-0.001931
2.687840,2.970470,0.033953
2.687840,11.556190,0.026653
2.687840,3.094031,-0.044904
2.687840,2.686544,0.001050
2.687840,3.384678,0.066620
2.687840,9.322249,-0.095169
2.687840,2.845355,-0.021570
2.687840,2.697208,0.004141
2.687840,4.010310,0.098551
2.687840,6.379380,-0.129195
2.687840,2.759927,-0.011971
2.687840,2.754740,0.011354
2.687840,6.182773,0.129579
2.687840,4.085419,-0.101337
2.687840,2.699039,-0.004434
2.687840,2.834807,0.020460
2.687840,9.009805,0.100829
2.687840,3.427961,-0.069426
2.687840,2.686427,-0.001371
2.687840,3.048270,0.040979
2.687840,11.724563,-0.008972
2.687840,3.007161,-0.037324
2.687840,2.686286,0.001657
2.687840,3.466007,0.071809
2.687840,8.751273,-0.105155
2.687840,2.826450,-0.019576
2.687840,2.700112,0.004622
2.687840,4.132028,0.102974
2.687840,6.070630,-0.129645
2.687840,2.751740,-0.011006
2.687840,2.761586,0.012177
2.687840,6.443866,0.128998
2.687840,3.987310,-0.097661
2.687840,2.696548,-0.004063
2.687840,2.845548,0.021595
2.687840,9.328468,0.095052
2.687840,3.383832,-0.066565
2.687840,2.686377,-0.001063
2.687840,3.089474,0.044521
2.687840,11.578988,-0.025000
2.687840,2.973762,-0.034262
2.687840,2.686073,0.001879
2.687840,3.493805,0.073504
2.687840,8.571883,-0.107975
2.687840,2.820792,-0.018980
2.687840,2.700038,0.004656
2.687840,4.135794,0.103104
2.687840,6.061825,-0.129646
2.687840,2.751426,-0.010988
2.687840,2.759428,0.011940
2.687840,6.365279,0.129234
2.687840,4.015405,-0.098749
2.687840,2.697023,-0.004197
2.687840,2.835021,0.020497
2.687840,9.018559,0.100678
2.687840,3.426680,-0.069348
2.687840,2.685949,-0.001418
2.687840,3.034212,0.039747
2.687840,11.743614,-0.003067
2.687840,3.020175,-0.038498
2.687840,2.685883,0.001514
2.687840,3.439051,0.070132
2.687840,8.932659,-0.102154
2.687840,2.832202,-0.020201
2.687840,2.697278,0.004248
2.687840,4.027341,0.099202
2.687840,6.332852,-0.129316
2.687840,2.758556,-0.011840
2.687840,2.751820,0.011038
2.687840,6.077373,0.129645
2.687840,4.129114,-0.102875
2.687840,2.699834,-0.004635
2.687840,2.820429,0.018943
2.687840,8.560449,0.108149
2.687840,3.495617,-0.073614
2.687840,2.686020,-0.001898
2.687840,2.970365,0.033946
2.687840,11.555526,0.026700
2.687840,3.094151,-0.044915
2.687840,2.686338,0.001025
2.687840,3.377754,0.066163
2.687840,9.373897,-0.094186
2.687840,2.847125,-0.021762
2.687840,2.696077,0.003996
2.687840,3.969321,0.096951
2.687840,6.495838,-0.128816
2.687840,2.762943,-0.012342
2.687840,2.749870,0.010787
2.687840,6.000314,0.129625
2.687840,4.162821,-0.104017
2.687840,2.700862,-0.004741
2.687840,2.822277,0.019131
2.687840,8.618426,0.107257
2.687840,3.486483,-0.073060
2.687840,2.686292,-0.001802
2.687840,2.987728,0.035552
2.687840,11.658002,0.018145
2.687840,3.071249,-0.042968
2.687840,2.686522,0.001214
2.687840,3.407398,0.068105
2.687840,9.155852,-0.098244
2.687840,2.839674,-0.020972
2.687840,2.698369,0.004319
2.687840,4.056767,0.100297
2.687840,6.255349,-0.129476
2.687840,2.756669,-0.011580
2.687840,2.758465,0.011794
2.687840,6.323396,0.129338
2.687840,4.030904,-0.099334
2.687840,2.697741,-0.004218
2.687840,2.843384,0.021362
2.687840,9.264931,0.096244
2.687840,3.392426,-0.067129
2.687840,2.686571,-0.001102
2.687840,3.087364,0.044341
2.687840,11.589206,-0.024222
2.687840,2.975335,-0.034406
2.687840,2.686334,0.001898
2.687840,3.500876,0.073926
2.687840,8.527658,-0.108646
2.687840,2.819471,-0.018829
2.687840,2.701495,0.004835
2.687840,4.188053,0.104850
2.687840,5.944795,-0.129575
2.687840,2.748399,-0.010613
2.687840,2.764165,0.012489
2.687840,6.542343,0.128635
2.687840,3.953619,-0.096322
2.687840,2.695684,-0.003935
2.687840,2.849098,0.021969
2.687840,9.429935,0.093103
2.687840,3.370325,-0.065668
2.687840,2.686342,-0.000971
2.687840,3.101516,0.045533
2.687840,11.516245,-0.029328
2.687840,2.965166,-0.033459
2.687840,2.686035,0.001938
2.687840,3.501569,0.073970
2.687840,8.523211,-0.108714
2.687840,2.819280,-0.018820
2.687840,2.700055,0.004669
2.687840,4.138095,0.103183
2.687840,6.056487,-0.129645
2.687840,2.751265,-0.010973
2.687840,2.758981,0.011892
2.687840,6.349147,0.129276
2.687840,4.021314,-0.098974
2.687840,2.697120,-0.004226
2.687840,2.832695,0.020254
2.687840,8.947886,0.101895
2.687840,3.436839,-0.069993
2.687840,2.685867,-0.001500
2.687840,3.021793,0.038643
2.687840,11.744659,0.002348
2.687840,3.032537,-0.039599
2.687840,2.685918,0.001427
2.687840,3.427397,0.069394
2.687840,9.013527,-0.100765
2.687840,2.834851,-0.020480
2.687840,2.696929,0.004187
2.687840,4.012339,0.098632
2.687840,6.373688,-0.129211
2.687840,2.759641,-0.011967
2.687840,2.750973,0.010935
2.687840,6.044929,0.129644
2.687840,4.143115,-0.103354
2.687840,2.700209,-0.004685
2.687840,2.819578,0.018851
2.687840,8.532648,0.108571
2.687840,3.500058,-0.073880
2.687840,2.686074,-0.001923
2.687840,2.967851,0.033710
2.687840,11.537031,0.027968
2.687840,3.097686,-0.045212
2.687840,2.686375,0.001003
2.687840,3.375331,0.066002
2.687840,9.392130,-0.093836
2.687840,2.847770,-0.021828
2.687840,2.696075,0.003991
2.687840,3.968557,0.096921
2.687840,6.498084,-0.128808
2.687840,2.763009,-0.012348
2.687840,2.749997,0.010801
2.687840,6.004904,0.129628
2.687840,4.160774,-0.103949
2.687840,2.700822,-0.004732
2.687840,2.822871,0.019194
2.687840,8.637390,0.106962
2.687840,3.483520,-0.072880
2.687840,2.686304,-0.001779
2.687840,2.990950,0.035847
2.687840,11.672411,0.016594
2.687840,3.067256,-0.042625
2.687840,2.686522,0.001243
2.687840,3.411503,0.068370
2.687840,9.126351,-0.098775
2.687840,2.838684,-0.020867
2.687840,2.698585,0.004352
2.687840,4.065352,0.100611
2.687840,6.233304,-0.129512
2.687840,2.756090,-0.011511
2.687840,2.759122,0.011871
2.687840,6.348200,0.129277
2.687840,4.021707,-0.098986
2.687840,2.697525,-0.004181
2.687840,2.844964,0.021527
2.687840,9.310669,0.095388
2.687840,3.386240,-0.066722
2.687840,2.686607,-0.001053
2.687840,3.094517,0.044944
2.687840,11.553702,-0.026827
2.687840,2.970128,-0.033921
2.687840,2.686391,0.001943
2.687840,3.508243,0.074366
2.687840,8.482025,-0.109330
2.687840,2.818077,-0.018678
2.687840,2.701970,0.004901
2.687840,4.206218,0.105438
2.687840,5.905947,-0.129522
2.687840,2.747377,-0.010490
2.687840,2.765263,0.012618
2.687840,6.583710,0.128460
2.687840,3.939954,-0.095767
2.687840,2.695370,-0.003879
2.687840,2.851693,0.022238
2.687840,9.502483,0.091676
2.687840,3.360814,-0.065030
2.687840,2.686403,-0.000896
2.687840,3.112767,0.046469
2.687840,11.451188,-0.033231
2.687840,2.957555,-0.032743
2.687840,2.686166,0.002010
2.687840,3.513940,0.074705
2.687840,8.447005,-0.109849
2.687840,2.816963,-0.018568
2.687840,2.700979,0.004794
2.687840,4.172907,0.104354
2.687840,5.977862,-0.129609
2.687840,2.749207,-0.010724
2.687840,2.761453,0.012182
2.687840,6.442192,0.129005
2.687840,3.987873,-0.097685
2.687840,2.696338,-0.004091
2.687840,2.838517,0.020867
2.687840,9.123883,0.098820
2.687840,3.411812,-0.068395
2.687840,2.685947,-0.001313
2.687840,3.048531,0.041006
2.687840,11.724010,-0.009089
2.687840,3.006883,-0.037303
2.687840,2.685750,0.001596
2.687840,3.448478,0.070725
2.687840,8.868236,-0.103238
2.687840,2.830097,-0.019982
2.687840,2.697085,0.004241
2.687840,4.023009,0.099039
2.687840,6.344527,-0.129288
2.687840,2.758828,-0.011881
2.687840,2.750463,0.010884
2.687840,6.027219,0.129639
2.687840,4.150858,-0.103617
2.687840,2.700318,-0.004724
2.687840,2.816086,0.018480
2.687840,8.419231,0.110257
2.687840,3.518498,-0.074976
2.687840,2.686018,-0.002059
2.687840,2.948517,0.031889
2.687840,11.362093,0.037935
2.687840,3.126853,-0.047631
2.687840,2.686245,0.000775
2.687840,3.341227,0.063702
2.687840,9.654393,-0.088592
2.687840,2.857223,-0.022819
2.687840,2.693761,0.003649
2.687840,3.878673,0.093197
2.687840,6.779940,-0.127461
2.687840,2.770405,-0.013239
2.687840,2.740240,0.009648
2.687840,5.637881,0.128708
2.687840,4.344350,-0.109595
2.687840,2.705503,-0.005406
2.687840,2.805514,0.017314
2.687840,8.061383,0.115184
2.687840,3.580757,-0.078544
2.687840,2.686884,-0.002395
2.687840,2.917077,0.028856
2.687840,10.943964,0.054910
2.687840,3.183583,-0.052168
2.687840,2.686212,0.000358
2.687840,3.282585,0.059588
2.687840,10.127506,-0.078047
2.687840,2.875936,-0.024746
2.687840,2.690613,0.003140
2.687840,3.750857,0.087370
2.687840,7.254605,-0.123988
2.687840,2.783060,-0.014738
2.687840,2.725378,0.007865
2.687840,5.080853,0.124086
2.687840,4.729606,-0.118603
2.687840,2.715888,-0.006716
2.687840,2.791094,0.015683
2.687840,7.551035,0.121146
2.687840,3.682614,-0.083985
2.687840,2.688841,-0.002875
2.687840,2.883483,0.025519
2.687840,10.301255,0.073753
2.687840,3.261606,-0.058069
2.687840,2.685902,-0.000243
2.687840,3.194378,0.053009
2.687840,10.857320,-0.057813
2.687840,2.911816,-0.028345
2.687840,2.686533,0.002393
2.687840,3.574562,0.078200
2.687840,8.095239,-0.114744
2.687840,2.806444,-0.017429
2.687840,2.703505,0.005167
2.687840,4.273107,0.107520
2.687840,5.770351,-0.129211
2.687840,2.743681,-0.010075
2.687840,2.765260,0.012645
2.687840,6.588291,0.128441
2.687840,3.938423,-0.095708
2.687840,2.695002,-0.003911
2.687840,2.841608,0.021199
2.687840,9.216321,0.097144
2.687840,3.399010,-0.067566
2.687840,2.685757,-0.001244
2.687840,3.054838,0.041557
2.687840,11.709678,-0.011669
2.687840,3.001314,-0.036800
2.687840,2.685478,0.001605
2.687840,3.445230,0.070524
2.687840,8.890190,-0.102871
2.687840,2.830761,-0.020061
2.687840,2.695798,0.004086
2.687840,3.977811,0.097292
2.687840,6.470984,-0.128908
2.687840,2.762096,-0.012285
2.687840,2.745049,0.010252
2.687840,5.824457,0.129360
2.687840,4.245707,-0.106684
2.687840,2.702670,-0.005082
2.687840,2.804807,0.017260
2.687840,8.040943,0.115448
2.687840,3.584478,-0.078756
2.687840,2.686401,-0.002478
2.687840,2.898293,0.027014
2.687840,10.611142,0.065360
2.687840,3.224363,-0.055305
2.687840,2.685454,-0.000027
2.687840,3.216902,0.054740
2.687840,10.672904,-0.063552
2.687840,2.901510,-0.027333
2.687840,2.686182,0.002428
2.687840,3.573722,0.078155
2.687840,8.099736,-0.114685
2.687840,2.806504,-0.017451
2.687840,2.701505,0.004934
2.687840,4.203070,0.105340
2.687840,5.912506,-0.129533
2.687840,2.747351,-0.010533
2.687840,2.759234,0.011950
2.687840,6.363344,0.129240
2.687840,4.016073,-0.098777
2.687840,2.696697,-0.004239
2.687840,2.824255,0.019371
2.687840,8.686149,0.106197
2.687840,3.475907,-0.072423
2.687840,2.685464,-0.001824
2.687840,2.971493,0.034055
2.687840,11.563692,0.026122
2.687840,3.092532,-0.044782
2.687840,2.685933,0.000989
2.687840,3.366032,0.065384
2.687840,9.462372,-0.092469
2.687840,2.850195,-0.022095
2.687840,2.694018,0.003732
2.687840,3.895174,0.093905
2.687840,6.725239,-0.127768
2.687840,2.768907,-0.013073
2.687840,2.740436,0.009681
2.687840,5.646929,0.128749
2.687840,4.339274,-0.109452
2.687840,2.705297,-0.005397
2.687840,2.803602,0.017111
2.687840,7.996792,0.116009
2.687840,3.592707,-0.079209
2.687840,2.686861,-0.002481
2.687840,2.905115,0.027684
2.687840,10.739179,0.061551
2.687840,3.208876,-0.054125
2.687840,2.685869,0.000134
2.687840,3.245958,0.056917
2.687840,10.431610,-0.070348
2.687840,2.889493,-0.026125
2.687840,2.688126,0.002746
2.687840,3.651995,0.082400
2.687840,7.695349,-0.119592
2.687840,2.795087,-0.016144
2.687840,2.712095,0.006248
2.687840,4.589604,0.115732
2.687840,5.257181,-0.126032
2.687840,2.730108,-0.008433
2.687840,2.779202,0.014281
2.687840,7.110522,0.125190
2.687840,3.786989,-0.089083
2.687840,2.691535,-0.003281
2.687840,2.871527,0.024293
2.687840,10.021361,0.080550
2.687840,3.295508,-0.060511
2.687840,2.686311,-0.000439
2.687840,3.174004,0.051416
2.687840,11.019430,-0.052252
2.687840,2.921910,-0.029327
2.687840,2.686851,0.002355
2.687840,3.574505,0.078194
2.687840,8.095680,-0.114737
2.687840,2.806523,-0.017424
2.687840,2.705319,0.005377
2.687840,4.336693,0.109378
2.687840,5.651584,-0.128769
2.687840,2.740614,-0.009690
2.687840,2.770404,0.013236
2.687840,6.779424,0.127464
2.687840,3.878831,-0.093204
2.687840,2.693802,-0.003645
2.687840,2.858336,0.022933
2.687840,9.684004,0.087975
2.687840,3.337466,-0.063443
2.687840,2.686321,-0.000739
2.687840,3.132984,0.048131
2.687840,11.321069,-0.039917
2.687840,2.944766,-0.031530
2.687840,2.686196,0.002108
2.687840,3.528405,0.075556
2.687840,8.359794,-0.111116
2.687840,2.814311,-0.018283
2.687840,2.701389,0.004862
2.687840,4.190203,0.104922
2.687840,5.940105,-0.129570
2.687840,2.748193,-0.010607
2.687840,2.761867,0.012236
2.687840,6.458646,0.128950
2.687840,3.982118,-0.097459
2.687840,2.696149,-0.004074
2.687840,2.837811,0.020795
2.687840,9.103146,0.099190
2.687840,3.414709,-0.068582
2.687840,2.685865,-0.001343
2.687840,3.043107,0.040531
2.687840,11.733614,-0.006837
2.687840,3.011795,-0.037747
2.687840,2.685710,0.001555
2.687840,3.442027,0.070321
2.687840,8.912166,-0.102501
2.687840,2.831510,-0.020133
2.687840,2.696667,0.004182
2.687840,4.006977,0.098427
2.687840,6.388454,-0.129171
2.687840,2.759977,-0.012020
2.687840,2.749019,0.010714
2.687840,5.972790,0.129605
2.687840,4.175195,-0.104430
2.687840,2.700930,-0.004815
2.687840,2.813399,0.018190
2.687840,8.330320,0.111537
2.687840,3.533365,-0.075846
2.687840,2.686095,-0.002155
2.687840,2.936862,0.030776
2.687840,11.227154,0.044124
2.687840,3.146382,-0.049217
2.687840,2.686165,0.000623
2.687840,3.318739,0.062148
2.687840,9.832917,-0.084790
2.687840,2.863995,-0.023522
2.687840,2.692310,0.003428
2.687840,3.821612,0.090676
2.687840,6.980032,-0.126170
2.687840,2.775697,-0.013872
2.687840,2.733520,0.008847
2.687840,5.385726,0.127156
2.687840,4.499077,-0.113640
2.687840,2.709620,-0.005945
2.687840,2.797364,0.016408
2.687840,7.777431,0.118661
2.687840,3.635250,-0.081516
2.687840,2.687677,-0.002682
2.687840,2.891000,0.026279
2.687840,10.463505,0.069489
2.687840,3.242125,-0.056633
2.687840,2.685744,-0.000121
2.687840,3.208630,0.054107
2.687840,10.741143,-0.061491
2.687840,2.905211,-0.027695
2.687840,2.686584,0.002448
2.687840,3.583292,0.078688
2.687840,8.047454,-0.115364
2.687840,2.805039,-0.017277
2.687840,2.703750,0.005206
2.687840,4.283314,0.107826
2.687840,5.750645,-0.129149
2.687840,2.743146,-0.010014
2.687840,2.765338,0.012658
2.687840,6.591794,0.128426
2.687840,3.937276,-0.095661
2.687840,2.694933,-0.003911
2.687840,2.840512,0.021085
2.687840,9.184320,0.097729
2.687840,3.403407,-0.067853
2.687840,2.685686,-0.001284
2.687840,3.048307,0.040988
2.687840,11.724441,-0.009001
2.687840,3.007060,-0.037321
2.687840,2.685462,0.001561
2.687840,3.438707,0.070114
2.687840,8.934837,-0.102118
2.687840,2.832206,-0.020215
2.687840,2.695492,0.004039
2.687840,3.965682,0.096810
2.687840,6.506365,-0.128778
2.687840,2.763028,-0.012396
2.687840,2.744010,0.010129
2.687840,5.785211,0.129255
2.687840,4.265476,-0.107290
2.687840,2.703190,-0.005153
2.687840,2.803452,0.017111
2.687840,7.994302,0.116041
2.687840,3.593146,-0.079236
2.687840,2.686507,-0.002526
2.687840,2.893515,0.026539
2.687840,10.516112,0.068048
2.687840,3.235790,-0.056164
2.687840,2.685346,-0.000122
2.687840,3.201999,0.053602
2.687840,10.795232,-0.059807
2.687840,2.908190,-0.027996
2.687840,2.685563,0.002305
2.687840,3.545854,0.076573
2.687840,8.257068,-0.112565
2.687840,2.811084,-0.017965
2.687840,2.698176,0.004511
2.687840,4.081985,0.101220
2.687840,6.191088,-0.129572
2.687840,2.754608,-0.011418
2.687840,2.749480,0.010806
2.687840,5.996456,0.129625
2.687840,4.164474,-0.104077
2.687840,2.700326,-0.004814
2.687840,2.804229,0.017216
2.687840,8.024244,0.115662
2.687840,3.587535,-0.078929
2.687840,2.686007,-0.002545
2.687840,2.882997,0.025492
2.687840,10.292974,0.073965
2.687840,3.262542,-0.058146
2.687840,2.684789,-0.000381
2.687840,3.157347,0.050107
2.687840,11.146187,-0.047458
2.687840,2.930582,-0.030189
2.687840,2.683797,0.001930
2.687840,3.463207,0.071656
2.687840,8.768700,-0.104878
2.687840,2.826588,-0.019676
2.687840,2.688886,0.003306
2.687840,3.745587,0.087129
2.687840,7.275765,-0.123805
2.687840,2.783182,-0.014853
2.687840,2.712076,0.006336
2.687840,4.602783,0.116024
2.687840,5.239384,-0.125860
2.687840,2.729338,-0.008409
2.687840,2.770796,0.013365
2.687840,6.807953,0.127299
2.687840,3.870275,-0.092842
2.687840,2.692523,-0.003736
2.687840,2.826191,0.019607
2.687840,8.751996,0.105146
2.687840,3.465787,-0.071809
2.687840,2.684600,-0.001854
2.687840,2.953629,0.032384
2.687840,11.414751,0.035232
2.687840,3.118635,-0.046962
2.687840,2.685356,0.000730
2.687840,3.320389,0.062270
2.687840,9.819313,-0.085088
2.687840,2.863371,-0.023477
2.687840,2.689909,0.003151
2.687840,3.740516,0.086874
2.687840,7.297260,-0.123610
2.687840,2.784085,-0.014887
2.687840,2.720545,0.007304
2.687840,4.905066,0.121630
2.687840,4.891398,-0.121415
2.687840,2.720175,-0.007259
2.687840,2.784377,0.014922
2.687840,7.308104,0.123512
2.687840,3.737924,-0.086748
2.687840,2.689838,-0.003141
2.687840,2.863537,0.023494
2.687840,9.823636,0.084994
2.687840,3.319849,-0.062232
2.687840,2.685341,-0.000728
2.687840,3.118675,0.046966
2.687840,11.414491,-0.035245
2.687840,2.953601,-0.032382
2.687840,2.684576,0.001852
2.687840,3.465042,0.071763
2.687840,8.756904,-0.105067
2.687840,2.826343,-0.019624
2.687840,2.692404,0.003721
2.687840,3.866006,0.092657
2.687840,6.822499,-0.127212
2.687840,2.771178,-0.013411
2.687840,2.728807,0.008346
2.687840,5.219602,0.125661
2.687840,4.617732,-0.116347
2.687840,2.712483,-0.006385
2.687840,2.782817,0.014810
2.687840,7.262255,0.123925
2.687840,3.748859,-0.087287
2.687840,2.688975,-0.003318
2.687840,2.826362,0.019652
2.687840,8.761508,0.104994
2.687840,3.464295,-0.071723
2.687840,2.683814,-0.001936
2.687840,2.930077,0.030141
2.687840,11.139283,0.047732
2.687840,3.158270,-0.050181
2.687840,2.684795,0.000375
2.687840,3.261796,0.058092
2.687840,10.299186,-0.073807
2.687840,2.883277,-0.025520
2.687840,2.685998,0.002542
2.687840,3.586896,0.078894
2.687840,8.027690,-0.115618
2.687840,2.804329,-0.017227
2.687840,2.700277,0.004807
2.687840,4.162663,0.104017
2.687840,6.000502,-0.129628
2.687840,2.749587,-0.010819
2.687840,2.754487,0.011404
2.687840,6.186506,0.129578
2.687840,4.083824,-0.101286
2.687840,2.698222,-0.004518
2.687840,2.810876,0.017942
2.687840,8.250087,0.112661
2.687840,3.547062,-0.076643
2.687840,2.685572,-0.002313
2.687840,2.907325,0.027911
2.687840,10.779908,0.060289
2.687840,3.203876,-0.053746
2.687840,2.685329,0.000107
2.687840,3.233356,0.055982
2.687840,10.536366,-0.067484
2.687840,2.894512,-0.026639
2.687840,2.686390,0.002504
2.687840,3.588141,0.078960
2.687840,8.021125,-0.115701
2.687840,2.804219,-0.017198
2.687840,2.702565,0.005074
2.687840,4.242696,0.106591
2.687840,5.830513,-0.129374
2.687840,2.745195,-0.010273
2.687840,2.761535,0.012221
2.687840,6.450293,0.128979
2.687840,3.985000,-0.097575
2.687840,2.695939,-0.004118
2.687840,2.828677,0.019842
2.687840,8.825629,0.103945
2.687840,3.454775,-0.071121
2.687840,2.685436,-0.001678
2.687840,2.990800,0.035840
2.687840,11.671951,0.016648
2.687840,3.067361,-0.042640
2.687840,2.685811,0.001159
2.687840,3.387879,0.066836
2.687840,9.298155,-0.095624
2.687840,2.844420,-0.021493
2.687840,2.694673,0.003852
2.687840,3.923999,0.095114
2.687840,6.632979,-0.128236
2.687840,2.766450,-0.012785
2.687840,2.742641,0.009949
2.687840,5.730750,0.129082
2.687840,4.293759,-0.108136
2.687840,2.704064,-0.005239
2.687840,2.805526,0.017327
2.687840,8.063554,0.115156
2.687840,3.580341,-0.078523
2.687840,2.686635,-0.002421
2.687840,2.909591,0.028126
2.687840,10.819013,0.059051
2.687840,3.199105,-0.053375
2.687840,2.685892,0.000208
2.687840,3.256507,0.057695
2.687840,10.343702,-0.072663
2.687840,2.885407,-0.025713
2.687840,2.688602,0.002833
2.687840,3.672464,0.083465
2.687840,7.598059,-0.120652
2.687840,2.792390,-0.015833
2.687840,2.714627,0.006561
2.687840,4.682995,0.117695
2.687840,5.136803,-0.124757
2.687840,2.726884,-0.008045
2.687840,2.781892,0.014600
2.687840,7.210987,0.124365
2.687840,3.761576,-0.087884
2.687840,2.690897,-0.003181
2.687840,2.874956,0.024645
2.687840,10.104130,0.078606
2.687840,3.285424,-0.059791
2.687840,2.686264,-0.000372
2.687840,3.182478,0.052081
2.687840,10.952752,-0.054607
2.687840,2.917630,-0.028909
2.687840,2.686960,0.002400
2.687840,3.582740,0.078654
2.687840,8.050608,-0.115323
2.687840,2.805211,-0.017279
2.687840,2.705942,0.005460
2.687840,4.360119,0.110035
2.687840,5.610068,-0.128576
2.687840,2.739514,-0.009558
2.687840,2.771416,0.013356
2.687840,6.817552,0.127239
2.687840,3.867560,-0.092716
2.687840,2.693535,-0.003600
2.687840,2.860282,0.023134
2.687840,9.735572,0.086887
2.687840,3.330945,-0.062994
2.687840,2.686349,-0.000689
2.687840,3.140302,0.048725
2.687840,11.270471,-0.042235
2.687840,2.940406,-0.031113
2.687840,2.686327,0.002156
2.687840,3.537386,0.076078
2.687840,8.306737,-0.111870
2.687840,2.812731,-0.018109
2.687840,2.702198,0.004968
2.687840,4.220206,0.105885
2.687840,5.876605,-0.129472
2.687840,2.746531,-0.010405
2.687840,2.763907,0.012474
2.687840,6.535286,0.128664
2.687840,3.955958,-0.096418
2.687840,2.695553,-0.003966
2.687840,2.842901,0.021329
2.687840,9.253347,0.096460
2.687840,3.393964,-0.067235
2.687840,2.685967,-0.001184
2.687840,3.066460,0.042561
2.687840,11.675074,-0.016293
2.687840,2.991549,-0.035907
2.687840,2.685632,0.001696
2.687840,3.460530,0.071476
2.687840,8.787261,-0.104573
2.687840,2.827484,-0.019708
2.687840,2.696994,0.004250
2.687840,4.022768,0.099031
2.687840,6.345153,-0.129287
2.687840,2.758809,-0.011887
2.687840,2.749414,0.010767
2.687840,5.988757,0.129619
2.687840,4.167967,-0.104191
2.687840,2.700691,-0.004795
2.687840,2.812418,0.018088
2.687840,8.298231,0.111990
2.687840,3.538816,-0.076163
2.687840,2.686040,-0.002200
2.687840,2.929932,0.030109
2.687840,11.135995,0.047860
2.687840,3.158767,-0.050211
2.687840,2.686031,0.000517
2.687840,3.301753,0.060956
2.687840,9.970249,-0.081725
2.687840,2.869417,-0.024083
2.687840,2.691041,0.003239
2.687840,3.772490,0.088403
2.687840,7.167289,-0.124731
2.687840,2.780682,-0.014465
2.687840,2.727207,0.008091
2.687840,5.149986,0.124908
2.687840,4.672314,-0.117480
2.687840,2.714300,-0.006529
2.687840,2.791559,0.015746
2.687840,7.569318,0.120956
2.687840,3.678634,-0.083783
2.687840,2.688591,-0.002877
2.687840,2.879322,0.025103
2.687840,10.207836,0.076095
2.687840,3.272839,-0.058889
2.687840,2.685627,-0.000356
2.687840,3.174286,0.051443
2.687840,11.016972,-0.052341
2.687840,2.921694,-0.029316
2.687840,2.685553,0.002204
2.687840,3.531239,0.075726
2.687840,8.342683,-0.111362
2.687840,2.813670,-0.018241
2.687840,2.698079,0.004480
2.687840,4.075735,0.100994
2.687840,6.206763,-0.129553
2.687840,2.755050,-0.011465
2.687840,2.749902,0.010850
2.687840,6.011365,0.129634
2.687840,4.157830,-0.103854
2.687840,2.700208,-0.004783
2.687840,2.806498,0.017460
2.687840,8.101121,0.114668
2.687840,3.573454,-0.078142
2.687840,2.685955,-0.002453
2.687840,2.894562,0.026647
2.687840,10.537728,0.067446
2.687840,3.233183,-0.055970
2.687840,2.685146,-0.000127
2.687840,3.198091,0.053302
2.687840,10.826948,-0.058798
2.687840,2.909984,-0.028176
2.687840,2.685057,0.002232
2.687840,3.526997,0.075483
2.687840,8.367721,-0.111004
2.687840,2.814336,-0.018331
2.687840,2.695485,0.004172
2.687840,3.985226,0.097587
2.687840,6.449507,-0.128983
2.687840,2.761331,-0.012239
2.687840,2.739919,0.009680
2.687840,5.637335,0.128708
2.687840,4.344580,-0.109605
2.687840,2.705005,-0.005465
2.687840,2.789960,0.015644
2.687840,7.524846,0.121420
2.687840,3.688209,-0.084283
2.687840,2.687351,-0.003088
2.687840,2.831437,0.020197
2.687840,8.920627,0.102361
2.687840,3.440652,-0.070252
2.687840,2.683521,-0.001803
2.687840,2.943320,0.031413
2.687840,11.305993,0.040624
2.687840,3.135114,-0.048317
2.687840,2.684673,0.000529
2.687840,3.281252,0.059504
2.687840,10.137810,-0.077802
2.687840,2.876208,-0.024806
2.687840,2.686342,0.002635
2.687840,3.606042,0.079948
2.687840,7.926034,-0.116892
2.687840,2.801406,-0.016901
2.687840,2.701953,0.005024
2.687840,4.224479,0.106023
2.687840,5.867658,-0.129456
2.687840,2.746106,-0.010398
2.687840,2.758549,0.011883
2.687840,6.339825,0.129301
2.687840,4.024705,-0.099106
2.687840,2.696759,-0.004290
2.687840,2.818426,0.018755
2.687840,8.499530,0.109071
2.687840,3.505337,-0.074201
2.687840,2.685348,-0.002045
2.687840,2.939741,0.031057
2.687840,11.262991,0.042568
2.687840,3.141336,-0.048813
2.687840,2.685758,0.000612
2.687840,3.310489,0.061574
2.687840,9.899215,-0.083327
2.687840,2.866547,-0.023794
2.687840,2.690663,0.003216
2.687840,3.762745,0.087942
2.687840,7.206179,-0.124406
2.687840,2.781687,-0.014592
2.687840,2.724893,0.007820
2.687840,5.064925,0.123886
2.687840,4.743265,-0.118861
2.687840,2.716193,-0.006768
2.687840,2.788778,0.015430
2.687840,7.469096,0.121980
2.687840,3.700697,-0.084904
2.687840,2.689004,-0.002981
2.687840,2.871820,0.024342
2.687840,10.030868,0.080330
2.687840,3.294299,-0.060432
2.687840,2.685443,-0.000532
2.687840,3.147124,0.049283
2.687840,11.221559,-0.044364
2.687840,2.936366,-0.030738
2.687840,2.684865,0.002013
2.687840,3.492734,0.073449
2.687840,8.578130,-0.107881
2.687840,2.820772,-0.019022
2.687840,2.694227,0.003976
2.687840,3.934742,0.095562
2.687840,6.599383,-0.128394
2.687840,2.765298,-0.012708
2.687840,2.736023,0.009210
2.687840,5.489890,0.127899
2.687840,4.431735,-0.111958
2.687840,2.707401,-0.005761
2.687840,2.787682,0.015378
2.687840,7.441473,0.122256
2.687840,3.706818,-0.085222
2.687840,2.687860,-0.003158
2.687840,2.830194,0.020063
2.687840,8.881856,0.103014
2.687840,3.446335,-0.070608
2.687840,2.683619,-0.001832
2.687840,2.941003,0.031191
2.687840,11.278972,0.041857
2.687840,3.139014,-0.048633
2.687840,2.684731,0.000508
2.687840,3.279178,0.059354
2.687840,10.154968,-0.077388
2.687840,2.876946,-0.024880
2.687840,2.686425,0.002639
2.687840,3.608050,0.080057
2.687840,7.915578,-0.117020
2.687840,2.801117,-0.016867
2.687840,2.702412,0.005080
2.687840,4.240876,0.106536
2.687840,5.834161,-0.129383
2.687840,2.745234,-0.010291
2.687840,2.759774,0.012026
2.687840,6.385804,0.129179
2.687840,4.007898,-0.098465
2.687840,2.696365,-0.004223
2.687840,2.821300,0.019062
2.687840,8.592502,0.107659
2.687840,3.490494,-0.073310
2.687840,2.685321,-0.001944
2.687840,2.952995,0.032319
2.687840,11.408215,0.035578
2.687840,3.119693,-0.047046
2.687840,2.685825,0.000777
2.687840,3.334710,0.063258
2.687840,9.705524,-0.087524
2.687840,2.859083,-0.023022
2.687840,2.692063,0.003436
2.687840,3.818551,0.090539
2.687840,6.991222,-0.126090
2.687840,2.775941,-0.013913
2.687840,2.731638,0.008632
2.687840,5.316828,0.126584
2.687840,4.546485,-0.114760
2.687840,2.710842,-0.006113
2.687840,2.793858,0.016021
2.687840,7.654091,0.120048
2.687840,3.660563,-0.082851
2.687840,2.687983,-0.002823
2.687840,2.877008,0.024874
2.687840,10.154989,0.077386
2.687840,3.279207,-0.059352
2.687840,2.685304,-0.000440
2.687840,3.157517,0.050117
2.687840,11.145099,-0.047501
2.687840,2.930541,-0.030178
2.687840,2.684719,0.002040
2.687840,3.494017,0.073528
2.687840,8.569972,-0.108006
2.687840,2.820493,-0.018998
2.687840,2.693549,0.003899
2.687840,3.911742,0.094610
2.687840,6.671445,-0.128051
2.687840,2.767169,-0.012938
2.687840,2.732988,0.008851
2.687840,5.376752,0.127087
2.687840,4.505043,-0.113787
2.687840,2.709371,-0.006012
2.687840,2.784573,0.015025
2.687840,7.328718,0.123327
2.687840,3.732915,-0.086513
2.687840,2.688397,-0.003275
2.687840,2.822935,0.019295
2.687840,8.654042,0.106706
2.687840,3.480752,-0.072733
2.687840,2.683655,-0.002071
2.687840,2.909347,0.028125
2.687840,10.816894,0.059121
2.687840,3.199295,-0.053400
2.687840,2.684461,0.000038
2.687840,3.209689,0.054198
2.687840,10.731920,-0.061775
2.687840,2.904593,-0.027656
2.687840,2.683837,0.002128
2.687840,3.491874,0.073405
2.687840,8.583131,-0.107806
2.687840,2.820746,-0.019057
2.687840,2.689310,0.003399
2.687840,3.766386,0.088127
2.687840,7.191051,-0.124537
2.687840,2.780861,-0.014589
2.687840,2.713498,0.006517
2.687840,4.656220,0.117155
2.687840,5.170043,-0.125134
2.687840,2.727446,-0.008190
2.687840,2.771269,0.013432
2.687840,6.827513,0.127181
2.687840,3.864529,-0.092593
2.687840,2.692240,-0.003730
2.687840,2.822575,0.019228
2.687840,8.638085,0.106954
2.687840,3.483289,-0.072881
2.687840,2.684473,-0.001993
2.687840,2.932905,0.030408
2.687840,11.177008,0.046217
2.687840,3.153215,-0.049774
2.687840,2.685188,0.000458
2.687840,3.279765,0.059393
2.687840,10.150325,-0.077499
2.687840,2.876796,-0.024855
2.687840,2.687690,0.002790
2.687840,3.650889,0.082345
2.687840,7.700544,-0.119535
2.687840,2.795133,-0.016171
2.687840,2.709230,0.005917
2.687840,4.487827,0.113367
2.687840,5.402581,-0.127286
2.687840,2.733908,-0.008908
2.687840,2.773497,0.013627
2.687840,6.900057,0.126718
2.687840,3.843791,-0.091673
2.687840,2.692628,-0.003543
2.687840,2.853662,0.022462
2.687840,9.559438,0.090536
2.687840,3.353381,-0.064533
2.687840,2.685713,-0.000924
2.687840,3.097830,0.045229
2.687840,11.536109,-0.028031
2.687840,2.967687,-0.033702
2.687840,2.685148,0.001815
2.687840,3.469343,0.072024
2.687840,8.728839,-0.105518
2.687840,2.825549,-0.019519
2.687840,2.695080,0.004041
2.687840,3.958860,0.096539
2.687840,6.526472,-0.128701
2.687840,2.763465,-0.012469
2.687840,2.740754,0.009758
2.687840,5.665282,0.128830
2.687840,4.329050,-0.109164
2.687840,2.704742,-0.005393
2.687840,2.795476,0.016242
2.687840,7.718059,0.119340
2.687840,3.647236,-0.082158
2.687840,2.686992,-0.002846
2.687840,2.858221,0.022973
2.687840,9.687890,0.087896
2.687840,3.336852,-0.063418
2.687840,2.684218,-0.000982
2.687840,3.065862,0.042523
2.687840,11.676876,-0.016090
2.687840,2.991879,-0.035954
2.687840,2.683515,0.001443
2.687840,3.389914,0.066988
2.687840,9.282075,-0.095929
2.687840,2.843541,-0.021466
2.687840,2.686228,0.002865
2.687840,3.637149,0.081629
2.687840,7.767431,-0.118780
2.687840,2.796735,-0.016412
2.687840,2.700173,0.004852
2.687840,4.167578,0.104182
2.687840,5.989476,-0.129621
2.687840,2.749179,-0.010797
2.687840,2.751348,0.011057
2.687840,6.071827,0.129648
2.687840,4.131404,-0.102960
2.687840,2.699212,-0.004722
2.687840,2.799137,0.016678
2.687840,7.851569,0.117794
2.687840,3.620420,-0.080733
2.687840,2.685970,-0.002779
2.687840,2.851019,0.022241
2.687840,9.493787,0.091852
2.687840,3.361787,-0.065117
2.687840,2.683665,-0.001225
2.687840,3.023860,0.038845
2.687840,11.745675,0.001390
2.687840,3.030221,-0.039410
2.687840,2.683731,0.001186
2.687840,3.357437,0.064823
2.687840,9.527224,-0.091186
2.687840,2.852235,-0.022366
2.687840,2.686066,0.002782
2.687840,3.622385,0.080838
2.687840,7.841589,-0.117913
2.687840,2.798867,-0.016645
2.687840,2.699747,0.004786
2.687840,4.150362,0.103605
2.687840,6.028185,-0.129642
2.687840,2.750215,-0.010917
2.687840,2.750805,0.010988
2.687840,6.050579,0.129647
2.687840,4.140576,-0.103273
2.687840,2.699488,-0.004751
2.687840,2.799539,0.016719
2.687840,7.865037,0.117633
2.687840,3.617791,-0.080590
2.687840,2.685999,-0.002757
2.687840,2.854387,0.022587
2.687840,9.586084,0.089998
2.687840,3.349832,-0.064308
2.687840,2.683782,-0.001126
2.687840,3.039222,0.040206
2.687840,11.738829,-0.005243
2.687840,3.015216,-0.038072
2.687840,2.683528,0.001273
2.687840,3.366201,0.065415
2.687840,9.460001,-0.092519
2.687840,2.849789,-0.022117
2.687840,2.685625,0.002748
2.687840,3.610116,0.080176
2.687840,7.904513,-0.117157
2.687840,2.800615,-0.016851
2.687840,2.697444,0.004504
2.687840,4.068317,0.100729
2.687840,6.225390,-0.129528
2.687840,2.755344,-0.011545
2.687840,2.743671,0.010149
2.687840,5.782334,0.129249
2.687840,4.266878,-0.107336
2.687840,2.702757,-0.005212
2.687840,2.788860,0.015541
2.687840,7.488904,0.121786
2.687840,3.696124,-0.084688
2.687840,2.687116,-0.003171
2.687840,2.816741,0.018650
2.687840,8.456397,0.109716
2.687840,3.512213,-0.074625
2.687840,2.683401,-0.002323
2.687840,2.871516,0.024355
2.687840,10.028812,0.080380
2.687840,3.294441,-0.060458
2.687840,2.683473,-0.000765
2.687840,3.083412,0.044030
2.687840,11.606988,-0.022813
2.687840,2.978001,-0.034685
2.687840,2.682261,0.001398
2.687840,3.362781,0.065195
2.687840,9.485538,-0.092018
2.687840,2.850537,-0.022229
2.687840,2.681140,0.002212
2.687840,3.458738,0.071401
2.687840,8.797250,-0.104417
2.687840,2.827062,-0.019817
2.687840,2.677076,0.001905
2.687840,3.347989,0.064235
2.687840,9.597374,-0.089778
2.687840,2.853944,-0.022714
2.687840,2.663625,0.000097
2.687840,2.879966,0.025360
2.687840,10.244954,0.075186
2.687840,3.267859,-0.058601
2.687840,2.676201,-0.001434
2.687840,2.876219,0.024885
2.687840,10.147434,0.077575
2.687840,3.279886,-0.059435
2.687840,2.680970,-0.000956
2.687840,3.017145,0.038265
2.687840,11.741252,0.004323
2.687840,3.036941,-0.040024
2.687840,2.681309,0.000851
2.687840,3.270775,0.058773
2.687840,10.223022,-0.075725
2.687840,2.879532,-0.025212
2.687840,2.677067,0.001512
2.687840,3.293041,0.060408
2.687840,10.037386,-0.080190
2.687840,2.871155,-0.024458
2.687840,2.665176,0.000155
2.687840,2.912886,0.028614
2.687840,10.890146,0.056745
2.687840,3.189785,-0.052736
2.687840,2.675388,-0.000967
2.687840,2.926109,0.029822
2.687840,11.088549,0.049702
2.687840,3.164756,-0.050733
2.687840,2.680188,-0.000216
2.687840,3.105410,0.045906
2.687840,11.492854,-0.030800
2.687840,2.961904,-0.033222
2.687840,2.677128,0.000908
2.687840,3.210232,0.054297
2.687840,10.724417,-0.062014
2.687840,2.903534,-0.027674
2.687840,2.667921,0.000243
2.687840,2.969244,0.033981
2.687840,11.553415,0.026876
2.687840,3.094002,-0.045005
2.687840,2.673233,-0.000526
2.687840,2.950971,0.032221
2.687840,11.393307,0.036370
2.687840,3.121684,-0.047271
2.687840,2.678035,-0.000158
2.687840,3.078549,0.043659
2.687840,11.627396,-0.021087
2.687840,2.981211,-0.035035
2.687840,2.675349,0.000554
2.687840,3.132396,0.048169
2.687840,11.321652,-0.039908
2.687840,2.944045,-0.031600
2.687840,2.668384,-0.000002
2.687840,2.943605,0.031558
2.687840,11.316697,0.040141
2.687840,3.133125,-0.048228
2.687840,2.675377,-0.000556
2.687840,2.981379,0.035051
2.687840,11.628319,0.021005
2.687840,3.078333,-0.043640
2.687840,2.678048,0.000161
2.687840,3.122316,0.047322
2.687840,11.389249,-0.036579
2.687840,2.950571,-0.032183
2.687840,2.673223,0.000528
2.687840,3.094108,0.045014
2.687840,11.552864,-0.026915
2.687840,2.969167,-0.033974
2.687840,2.667900,-0.000245
2.687840,2.902930,0.027615
2.687840,10.713307,0.062351
2.687840,3.211583,-0.054400
2.687840,2.677140,-0.000917
2.687840,2.960988,0.033136
2.687840,11.485096,0.031269
2.687840,3.106760,-0.046018
2.687840,2.680229,0.000211
2.687840,3.164736,0.050731
2.687840,11.088719,-0.049696
2.687840,2.926123,-0.029823
2.687840,2.675464,0.000976
2.687840,3.192266,0.052928
2.687840,10.870199,-0.057405
2.687840,2.911697,-0.028497
2.687840,2.665202,-0.000143
2.687840,2.873177,0.024663
2.687840,10.085890,0.079051
2.687840,3.287133,-0.059987
2.687840,2.677016,-0.001476
2.687840,2.883610,0.025623
2.687840,10.314439,0.073422
2.687840,3.259778,-0.057971
2.687840,2.681311,-0.000771
2.687840,3.047781,0.040976
2.687840,11.725202,-0.008867
2.687840,3.007135,-0.037366
2.687840,2.680602,0.000986
2.687840,3.278020,0.059303
2.687840,10.162693,-0.077206
2.687840,2.876835,-0.024955
2.687840,2.675194,0.001310
2.687840,3.234039,0.056113
2.687840,10.526309,-0.067778
2.687840,2.893053,-0.026677
2.687840,2.662543,-0.000324
2.687840,2.806058,0.017701
2.687840,8.132532,0.114265
2.687840,3.567312,-0.077848
2.687840,2.679261,-0.003198
2.687840,2.689614,0.004500
2.687840,3.932716,0.095515
2.687840,6.604180,-0.128386
2.687840,2.763731,-0.012906
2.687840,2.687191,0.003578
2.687840,3.756270,0.087659
2.687840,7.231219,-0.124200
2.687840,2.781414,-0.014772
2.687840,2.697409,0.004644
2.687840,4.088614,0.101465
2.687840,6.174353,-0.129594
2.687840,2.753741,-0.011413
2.687840,2.737502,0.009465
2.687840,5.558222,0.128310
2.687840,4.390158,-0.110865
2.687840,2.705742,-0.005680
2.687840,2.772880,0.013774
2.687840,6.913499,0.126637
2.687840,3.839722,-0.091516
2.687840,2.689532,-0.003877
2.687840,2.760643,0.012546
2.687840,6.488232,0.128861
2.687840,3.971350,-0.097075
2.687840,2.690763,-0.004628
2.687840,2.680256,0.003307
2.687840,3.599738,0.079650
2.687840,7.956786,-0.116523
2.687840,2.800983,-0.017135
2.687840,2.665434,0.000710
2.687840,2.992099,0.036115
2.687840,11.681395,0.015609
2.687840,3.063928,-0.042473
2.687840,2.669194,-0.000787
2.687840,2.850868,0.022354
2.687840,9.507379,0.091589
2.687840,3.359727,-0.065017
2.687840,2.678801,-0.001785
2.687840,2.870625,0.024300
2.687840,10.011560,0.080782
2.687840,3.296459,-0.060614
2.687840,2.681850,-0.000971
2.687840,3.029208,0.039335
2.687840,11.745981,-0.000987
2.687840,3.024689,-0.038933
2.687840,2.681780,0.000996
2.687840,3.298800,0.060781
2.687840,9.992404,-0.081223
2.687840,2.869834,-0.024221
2.687840,2.678630,0.001770
2.687840,3.354894,0.064692
2.687840,9.544527,-0.090846
2.687840,2.852199,-0.022495
2.687840,2.668689,0.000717
2.687840,3.046097,0.040927
2.687840,11.727654,-0.008412
2.687840,3.007508,-0.037508
2.687840,2.666686,-0.000673
2.687840,2.825958,0.019780
2.687840,8.774832,0.104786
2.687840,3.461957,-0.071618
2.687840,2.678820,-0.002509
2.687840,2.774159,0.014120
2.687840,6.993999,0.126086
2.687840,3.817252,-0.090527
2.687840,2.686129,-0.004121
2.687840,2.675068,0.002725
2.687840,3.429827,0.069634
2.687840,8.991764,-0.101158
2.687840,2.832456,-0.020572
2.687840,2.652298,-0.001110
2.687840,2.537590,-0.014366
