init_r,r,ur
2.686500,3.237664,0.056295
2.686500,10.501002,-0.068464
2.686500,2.892886,-0.026454
2.686500,2.689313,0.002861
2.686500,3.688511,0.084283
2.686500,7.524198,-0.121422
2.686500,2.790442,-0.015589
2.686500,2.719002,0.007079
2.686500,4.842011,0.120610
2.686500,4.955946,-0.122396
2.686500,2.722078,-0.007452
2.686500,2.787775,0.015276
2.686500,7.426257,0.122400
2.686500,3.710437,-0.085387
2.686500,2.689871,-0.002947
2.686500,2.890050,0.026168
2.686500,10.441843,0.070073
2.686500,3.244769,-0.056823
2.686500,2.686605,-0.000039
2.686500,3.233979,0.056019
2.686500,10.531727,-0.067612
2.686500,2.894403,-0.026605
2.686500,2.689408,0.002861
2.686500,3.690091,0.084363
2.686500,7.517040,-0.121495
2.686500,2.790260,-0.015565
2.686500,2.719616,0.007151
2.686500,4.864311,0.120979
2.686500,4.932705,-0.122051
2.686500,2.721463,-0.007375
2.686500,2.788651,0.015376
2.686500,7.457993,0.122089
2.686500,3.703249,-0.085027
2.686500,2.689741,-0.002913
2.686500,2.892649,0.026427
2.686500,10.495794,0.068607
2.686500,3.238298,-0.056341
2.686500,2.686668,0.000015
2.686500,3.242513,0.056655
2.686500,10.460674,-0.069565
2.686500,2.890954,-0.026257
2.686500,2.689925,0.002947
2.686500,3.711302,0.085430
2.686500,7.422475,-0.122437
2.686500,2.787681,-0.015263
2.686500,2.722440,0.007494
2.686500,4.969082,0.122586
2.686500,4.829612,-0.120401
2.686500,2.718673,-0.007037
2.686500,2.790961,0.015648
2.686500,7.542844,0.121230
2.686500,3.684428,-0.084075
2.686500,2.689244,-0.002840
2.686500,2.894519,0.026617
2.686500,10.534195,0.067543
2.686500,3.233679,-0.055997
2.686500,2.686540,0.000034
2.686500,3.242970,0.056690
2.686500,10.456808,-0.069670
2.686500,2.890757,-0.026240
2.686500,2.689636,0.002915
2.686500,3.701714,0.084951
2.686500,7.464791,-0.122022
2.686500,2.788819,-0.015400
2.686500,2.720761,0.007293
2.686500,4.907220,0.121662
2.686500,4.889298,-0.121381
2.686500,2.720277,-0.007234
2.686500,2.789237,0.015449
2.686500,7.480154,0.121869
2.686500,3.698271,-0.084777
2.686500,2.689548,-0.002901
2.686500,2.891195,0.026284
2.686500,10.465992,0.069421
2.686500,3.241867,-0.056608
2.686500,2.686524,-0.000028
2.686500,3.234239,0.056039
2.686500,10.529532,-0.067673
2.686500,2.894287,-0.026594
2.686500,2.689228,0.002840
2.686500,3.684128,0.084060
2.686500,7.544218,-0.121216
2.686500,2.790996,-0.015652
2.686500,2.718570,0.007025
2.686500,4.825852,0.120337
2.686500,4.973095,-0.122644
2.686500,2.722546,-0.007507
2.686500,2.787536,0.015247
2.686500,7.417213,0.122488
2.686500,3.712504,-0.085490
2.686500,2.689947,-0.002953
2.686500,2.890539,0.026216
2.686500,10.452006,0.069799
2.686500,3.243552,-0.056732
2.686500,2.686658,-0.000024
2.686500,3.236940,0.056240
2.686500,10.507096,-0.068295
2.686500,2.893198,-0.026483
2.686500,2.689660,0.002899
2.686500,3.699897,0.084859
2.686500,7.472915,-0.121941
2.686500,2.789058,-0.015424
2.686500,2.721017,0.007320
2.686500,4.916173,0.121800
2.686500,4.880457,-0.121240
2.686500,2.720053,-0.007203
2.686500,2.789899,0.015522
2.686500,7.503748,0.121631
2.686500,3.693028,-0.084512
2.686500,2.689486,-0.002872
2.686500,2.894115,0.026575
2.686500,10.525838,0.067776
2.686500,3.234688,-0.056071
2.686500,2.686625,0.000036
2.686500,3.244725,0.056819
2.686500,10.442216,-0.070063
2.686500,2.890070,-0.026169
2.686500,2.689918,0.002953
2.686500,3.712036,0.085467
2.686500,7.419255,-0.122468
2.686500,2.787587,-0.015254
2.686500,2.722355,0.007485
2.686500,4.966146,0.122544
2.686500,4.832369,-0.120448
2.686500,2.718742,-0.007047
2.686500,2.790723,0.015621
2.686500,7.534399,0.121318
2.686500,3.686273,-0.084169
2.686500,2.689264,-0.002851
2.686500,2.893427,0.026509
2.686500,10.512079,0.068158
2.686500,3.236334,-0.056196
2.686500,2.686503,0.000010
2.686500,3.239079,0.056400
2.686500,10.489212,-0.068787
2.686500,2.892313,-0.026397
2.686500,2.689379,0.002873
2.686500,3.691341,0.084427
2.686500,7.511355,-0.121554
2.686500,2.790090,-0.015548
2.686500,2.719353,0.007122
2.686500,4.855077,0.120828
2.686500,4.942269,-0.122194
2.686500,2.721708,-0.007407
2.686500,2.788051,0.015309
2.686500,7.436493,0.122301
2.686500,3.708107,-0.085271
2.686500,2.689805,-0.002939
2.686500,2.890160,0.026179
2.686500,10.444198,0.070010
2.686500,3.244485,-0.056802
2.686500,2.686583,-0.000039
2.686500,3.233557,0.055987
2.686500,10.535233,-0.067514
2.686500,2.894575,-0.026622
2.686500,2.689340,0.002851
2.686500,3.687593,0.084236
2.686500,7.528396,-0.121379
2.686500,2.790569,-0.015601
2.686500,2.719227,0.007104
2.686500,4.849970,0.120743
2.686500,4.947598,-0.122273
2.686500,2.721863,-0.007423
2.686500,2.788272,0.015332
2.686500,7.444108,0.122226
2.686500,3.706385,-0.085184
2.686500,2.689815,-0.002926
2.686500,2.892070,0.026369
2.686500,10.483860,0.068934
2.686500,3.239731,-0.056448
2.686500,2.686673,0.000005
2.686500,3.241245,0.056560
2.686500,10.471239,-0.069278
2.686500,2.891462,-0.026308
2.686500,2.689881,0.002938
2.686500,3.709282,0.085329
2.686500,7.431343,-0.122351
2.686500,2.787923,-0.015291
2.686500,2.722215,0.007466
2.686500,4.960686,0.122465
2.686500,4.837522,-0.120535
2.686500,2.718889,-0.007063
2.686500,2.790821,0.015631
2.686500,7.537670,0.121284
2.686500,3.685560,-0.084133
2.686500,2.689281,-0.002844
2.686500,2.894617,0.026627
2.686500,10.536142,0.067489
2.686500,3.233446,-0.055979
2.686500,2.686560,0.000038
2.686500,3.243843,0.056754
2.686500,10.449536,-0.069866
2.686500,2.890412,-0.026205
2.686500,2.689721,0.002927
2.686500,3.704984,0.085115
2.686500,7.450281,-0.122165
2.686500,2.788425,-0.015353
2.686500,2.721236,0.007350
2.686500,4.924815,0.121932
2.686500,4.871984,-0.121104
2.686500,2.719809,-0.007177
2.686500,2.789658,0.015498
2.686500,7.495596,0.121713
2.686500,3.694831,-0.084604
2.686500,2.689463,-0.002887
2.686500,2.891708,0.026336
2.686500,10.476678,0.069130
2.686500,3.240584,-0.056513
2.686500,2.686511,-0.000020
2.686500,3.235107,0.056104
2.686500,10.522301,-0.067875
2.686500,2.893930,-0.026559
2.686500,2.689234,0.002844
2.686500,3.684703,0.084089
2.686500,7.541582,-0.121243
2.686500,2.790922,-0.015644
2.686500,2.718588,0.007027
2.686500,4.826578,0.120350
2.686500,4.972318,-0.122633
2.686500,2.722523,-0.007505
2.686500,2.787500,0.015243
2.686500,7.415984,0.122500
2.686500,3.712784,-0.085504
2.686500,2.689946,-0.002955
2.686500,2.890242,0.026186
2.686500,10.445800,0.069966
2.686500,3.244296,-0.056787
2.686500,2.686644,-0.000031
2.686500,3.235739,0.056150
2.686500,10.517091,-0.068019
2.686500,2.893687,-0.026532
2.686500,2.689575,0.002886
2.686500,3.696516,0.084688
2.686500,7.488047,-0.121789
2.686500,2.789471,-0.015472
2.686500,2.720552,0.007264
2.686500,4.898913,0.121532
2.686500,4.897572,-0.121511
2.686500,2.720515,-0.007259
2.686500,2.789502,0.015476
2.686500,7.489205,0.121778
2.686500,3.696259,-0.084675
2.686500,2.689569,-0.002885
2.686500,2.893721,0.026535
2.686500,10.517795,0.067999
2.686500,3.235655,-0.056144
2.686500,2.686643,0.000031
2.686500,3.244340,0.056791
2.686500,10.445433,-0.069976
2.686500,2.890224,-0.026184
2.686500,2.689945,0.002955
2.686500,3.712767,0.085503
2.686500,7.416062,-0.122499
2.686500,2.787502,-0.015243
2.686500,2.722516,0.007504
2.686500,4.972056,0.122629
2.686500,4.826823,-0.120354
2.686500,2.718594,-0.007028
2.686500,2.790911,0.015643
2.686500,7.541212,0.121247
2.686500,3.684783,-0.084093
2.686500,2.689235,-0.002844
2.686500,2.893897,0.026556
2.686500,10.521644,0.067893
2.686500,3.235186,-0.056110
2.686500,2.686510,0.000019
2.686500,3.240479,0.056505
2.686500,10.477552,-0.069106
2.686500,2.891750,-0.026340
2.686500,2.689456,0.002886
2.686500,3.694570,0.084590
2.686500,7.496770,-0.121701
2.686500,2.789690,-0.015502
2.686500,2.719775,0.007173
2.686500,4.870696,0.121083
2.686500,4.926135,-0.121952
2.686500,2.721272,-0.007355
2.686500,2.788396,0.015350
2.686500,7.449216,0.122176
2.686500,3.705224,-0.085127
2.686500,2.689728,-0.002928
2.686500,2.890389,0.026203
2.686500,10.449062,0.069879
2.686500,3.243900,-0.056759
2.686500,2.686562,-0.000038
2.686500,3.233442,0.055979
2.686500,10.536180,-0.067488
2.686500,2.894620,-0.026627
2.686500,2.689285,0.002844
2.686500,3.685679,0.084139
2.686500,7.537124,-0.121289
2.686500,2.790806,-0.015629
2.686500,2.718910,0.007065
2.686500,4.838290,0.120548
2.686500,4.959873,-0.122453
2.686500,2.722193,-0.007463
2.686500,2.787946,0.015294
2.686500,7.432161,0.122343
2.686500,3.709096,-0.085320
2.686500,2.689877,-0.002937
2.686500,2.891504,0.026312
2.686500,10.472115,0.069254
2.686500,3.241140,-0.056553
2.686500,2.686673,-0.000005
2.686500,3.239842,0.056456
2.686500,10.482933,-0.068959
2.686500,2.892026,-0.026365
2.686500,2.689821,0.002927
2.686500,3.706612,0.085196
2.686500,7.443102,-0.122236
2.686500,2.788245,-0.015329
2.686500,2.721892,0.007427
2.686500,4.948654,0.122289
2.686500,4.848960,-0.120726
2.686500,2.719200,-0.007100
2.686500,2.790591,0.015604
2.686500,7.529174,0.121371
2.686500,3.687422,-0.084228
2.686500,2.689335,-0.002851
2.686500,2.894583,0.026623
2.686500,10.535399,0.067510
2.686500,3.233537,-0.055986
2.686500,2.686581,0.000039
2.686500,3.244450,0.056799
2.686500,10.444488,-0.070002
2.686500,2.890173,-0.026180
2.686500,2.689800,0.002938
2.686500,3.707901,0.085261
2.686500,7.437399,-0.122292
2.686500,2.788076,-0.015312
2.686500,2.721676,0.007403
2.686500,4.941095,0.122177
2.686500,4.856206,-0.120846
2.686500,2.719384,-0.007125
2.686500,2.790060,0.015545
2.686500,7.510277,0.121565
2.686500,3.691579,-0.084439
2.686500,2.689384,-0.002874
2.686500,2.892269,0.026392
2.686500,10.488295,0.068813
2.686500,3.239189,-0.056409
2.686500,2.686503,-0.000011
2.686500,3.236237,0.056188
2.686500,10.512882,-0.068136
2.686500,2.893467,-0.026513
2.686500,2.689261,0.002850
2.686500,3.686130,0.084162
2.686500,7.535055,-0.121311
2.686500,2.790741,-0.015623
2.686500,2.718727,0.007045
2.686500,4.831787,0.120438
2.686500,4.966765,-0.122553
2.686500,2.722372,-0.007487
2.686500,2.787576,0.015253
2.686500,7.418866,0.122472
2.686500,3.712125,-0.085471
2.686500,2.689921,-0.002953
2.686500,2.890077,0.026170
2.686500,10.442363,0.070059
2.686500,3.244707,-0.056818
2.686500,2.686627,-0.000036
2.686500,3.234754,0.056076
2.686500,10.525289,-0.067791
2.686500,2.894088,-0.026573
2.686500,2.689492,0.002873
2.686500,3.693270,0.084524
2.686500,7.502659,-0.121642
2.686500,2.789869,-0.015519
2.686500,2.720088,0.007208
2.686500,4.881757,0.121261
2.686500,4.914853,-0.121780
2.686500,2.720982,-0.007316
2.686500,2.789090,0.015427
2.686500,7.474088,0.121929
2.686500,3.699634,-0.084845
2.686500,2.689653,-0.002898
2.686500,2.893239,0.026487
2.686500,10.507923,0.068273
2.686500,3.236841,-0.056232
2.686500,2.686657,0.000024
2.686500,3.243621,0.056737
2.686500,10.451433,-0.069815
2.686500,2.890512,-0.026213
2.686500,2.689948,0.002953
2.686500,3.712559,0.085493
2.686500,7.416971,-0.122490
2.686500,2.787529,-0.015246
2.686500,2.722549,0.007507
2.686500,4.973208,0.122646
2.686500,4.825746,-0.120335
2.686500,2.718567,-0.007025
2.686500,2.790994,0.015652
2.686500,7.544158,0.121217
2.686500,3.684141,-0.084061
2.686500,2.689228,-0.002840
2.686500,2.894264,0.026592
2.686500,10.529061,0.067686
2.686500,3.234295,-0.056043
2.686500,2.686522,0.000027
2.686500,3.241773,0.056601
2.686500,10.466771,-0.069400
2.686500,2.891232,-0.026288
2.686500,2.689541,0.002900
2.686500,3.698003,0.084764
2.686500,7.481357,-0.121857
2.686500,2.789270,-0.015453
2.686500,2.720240,0.007230
2.686500,4.887925,0.121359
2.686500,4.908605,-0.121683
2.686500,2.720798,-0.007297
2.686500,2.788787,0.015396
2.686500,7.463628,0.122033
2.686500,3.701975,-0.084964
2.686500,2.689643,-0.002916
2.686500,2.890727,0.026237
2.686500,10.456172,0.069687
2.686500,3.243046,-0.056695
2.686500,2.686542,-0.000034
2.686500,3.233649,0.055994
2.686500,10.534443,-0.067536
2.686500,2.894532,-0.026619
2.686500,2.689247,0.002841
2.686500,3.684487,0.084078
2.686500,7.542575,-0.121233
2.686500,2.790954,-0.015647
2.686500,2.718686,0.007039
2.686500,4.830082,0.120409
2.686500,4.968581,-0.122579
2.686500,2.722426,-0.007492
2.686500,2.787696,0.015265
2.686500,7.423040,0.122432
2.686500,3.711173,-0.085424
2.686500,2.689922,-0.002946
2.686500,2.890991,0.026261
2.686500,10.461432,0.069544
2.686500,3.242422,-0.056648
2.686500,2.686669,-0.000014
2.686500,3.238407,0.056349
2.686500,10.494884,-0.068632
2.686500,2.892604,-0.026423
2.686500,2.689747,0.002914
2.686500,3.703502,0.085040
2.686500,7.456871,-0.122100
2.686500,2.788620,-0.015373
2.686500,2.721496,0.007379
2.686500,4.933928,0.122069
2.686500,4.863126,-0.120960
2.686500,2.719584,-0.007147
2.686500,2.790286,0.015568
2.686500,7.517996,0.121486
2.686500,3.689880,-0.084352
2.686500,2.689402,-0.002860
2.686500,2.894421,0.026606
2.686500,10.532086,0.067602
2.686500,3.233936,-0.056015
2.686500,2.686603,0.000039
2.686500,3.244758,0.056822
2.686500,10.441930,-0.070071
2.686500,2.890054,-0.026168
2.686500,2.689866,0.002947
2.686500,3.710280,0.085379
2.686500,7.426942,-0.122394
2.686500,2.787793,-0.015279
2.686500,2.722053,0.007449
2.686500,4.955000,0.122382
2.686500,4.842910,-0.120625
2.686500,2.719026,-0.007082
2.686500,2.790417,0.015586
2.686500,7.523288,0.121432
2.686500,3.688711,-0.084293
2.686500,2.689318,-0.002862
2.686500,2.892842,0.026450
2.686500,10.500104,0.068488
2.686500,3.237772,-0.056303
2.686500,2.686500,-0.000001
2.686500,3.237557,0.056287
2.686500,10.501895,-0.068439
2.686500,2.892930,-0.026459
2.686500,2.689309,0.002860
2.686500,3.688315,0.084273
2.686500,7.525093,-0.121413
2.686500,2.790467,-0.015592
2.686500,2.718978,0.007076
2.686500,4.841132,0.120596
2.686500,4.956871,-0.122409
2.686500,2.722103,-0.007455
2.686500,2.787757,0.015274
2.686500,7.425591,0.122407
2.686500,3.710589,-0.085395
2.686500,2.689875,-0.002948
2.686500,2.890047,0.026167
2.686500,10.441772,0.070075
2.686500,3.244777,-0.056823
2.686500,2.686606,-0.000039
2.686500,3.234024,0.056022
2.686500,10.531354,-0.067622
2.686500,2.894385,-0.026603
2.686500,2.689414,0.002861
2.686500,3.690305,0.084374
2.686500,7.516071,-0.121505
2.686500,2.790234,-0.015562
2.686500,2.719648,0.007154
2.686500,4.865507,0.120999
2.686500,4.931472,-0.122033
2.686500,2.721429,-0.007370
2.686500,2.788682,0.015380
2.686500,7.459122,0.122078
2.686500,3.702995,-0.085014
2.686500,2.689735,-0.002912
2.686500,2.892693,0.026432
2.686500,10.496701,0.068582
2.686500,3.238189,-0.056333
2.686500,2.686667,0.000016
2.686500,3.242602,0.056661
2.686500,10.459926,-0.069585
2.686500,2.890919,-0.026254
2.686500,2.689927,0.002948
2.686500,3.711426,0.085436
2.686500,7.421932,-0.122442
2.686500,2.787666,-0.015262
2.686500,2.722452,0.007495
2.686500,4.969556,0.122593
2.686500,4.829166,-0.120394
2.686500,2.718661,-0.007036
2.686500,2.790967,0.015648
2.686500,7.543091,0.121228
2.686500,3.684375,-0.084072
2.686500,2.689242,-0.002840
2.686500,2.894506,0.026616
2.686500,10.533930,0.067551
2.686500,3.233711,-0.055999
2.686500,2.686539,0.000033
2.686500,3.242892,0.056684
2.686500,10.457454,-0.069652
2.686500,2.890788,-0.026243
2.686500,2.689629,0.002913
2.686500,3.701452,0.084937
2.686500,7.465959,-0.122010
2.686500,2.788850,-0.015403
2.686500,2.720723,0.007288
2.686500,4.905832,0.121640
2.686500,4.890675,-0.121403
2.686500,2.720314,-0.007239
2.686500,2.789204,0.015445
2.686500,7.478953,0.121881
2.686500,3.698540,-0.084791
2.686500,2.689555,-0.002902
2.686500,2.891158,0.026281
2.686500,10.465221,0.069442
2.686500,3.241959,-0.056615
2.686500,2.686525,-0.000028
2.686500,3.234184,0.056035
2.686500,10.529987,-0.067661
2.686500,2.894310,-0.026597
2.686500,2.689229,0.002840
2.686500,3.684120,0.084059
2.686500,7.544254,-0.121216
2.686500,2.790997,-0.015652
2.686500,2.718574,0.007025
2.686500,4.825985,0.120339
2.686500,4.972952,-0.122642
2.686500,2.722542,-0.007507
2.686500,2.787543,0.015248
2.686500,7.417480,0.122485
2.686500,3.712443,-0.085487
2.686500,2.689946,-0.002952
2.686500,2.890567,0.026219
2.686500,10.452595,0.069783
2.686500,3.243481,-0.056727
2.686500,2.686659,-0.000023
2.686500,3.237041,0.056247
2.686500,10.506261,-0.068318
2.686500,2.893158,-0.026479
2.686500,2.689666,0.002900
2.686500,3.700160,0.084872
2.686500,7.471743,-0.121952
2.686500,2.789026,-0.015420
2.686500,2.721053,0.007325
2.686500,4.917489,0.121820
2.686500,4.879163,-0.121219
2.686500,2.720018,-0.007199
2.686500,2.789928,0.015526
2.686500,7.504830,0.121620
2.686500,3.692789,-0.084500
2.686500,2.689480,-0.002871
2.686500,2.894141,0.026578
2.686500,10.526374,0.067761
2.686500,3.234623,-0.056067
2.686500,2.686624,0.000037
2.686500,3.244740,0.056821
2.686500,10.442087,-0.070066
2.686500,2.890063,-0.026169
2.686500,2.689915,0.002953
2.686500,3.711942,0.085462
2.686500,7.419666,-0.122464
2.686500,2.787598,-0.015255
2.686500,2.722337,0.007483
2.686500,4.965502,0.122535
2.686500,4.832976,-0.120458
2.686500,2.718759,-0.007049
2.686500,2.790704,0.015619
2.686500,7.533723,0.121324
2.686500,3.686421,-0.084177
2.686500,2.689267,-0.002852
2.686500,2.893387,0.026505
2.686500,10.511266,0.068180
2.686500,3.236431,-0.056203
2.686500,2.686502,0.000009
2.686500,3.238969,0.056392
2.686500,10.490130,-0.068762
2.686500,2.892358,-0.026401
2.686500,2.689373,0.002872
2.686500,3.691105,0.084415
2.686500,7.512423,-0.121543
2.686500,2.790119,-0.015552
2.686500,2.719323,0.007118
2.686500,4.853963,0.120809
2.686500,4.943429,-0.122211
2.686500,2.721739,-0.007411
2.686500,2.788027,0.015306
2.686500,7.435602,0.122309
2.686500,3.708310,-0.085281
2.686500,2.689811,-0.002940
2.686500,2.890147,0.026178
2.686500,10.443923,0.070017
2.686500,3.244518,-0.056804
2.686500,2.686585,-0.000040
2.686500,3.233579,0.055989
2.686500,10.535051,-0.067519
2.686500,2.894566,-0.026621
2.686500,2.689345,0.002852
2.686500,3.687767,0.084245
2.686500,7.527602,-0.121387
2.686500,2.790548,-0.015599
2.686500,2.719255,0.007107
2.686500,4.850995,0.120760
2.686500,4.946526,-0.122257
2.686500,2.721834,-0.007420
2.686500,2.788300,0.015335
2.686500,7.445125,0.122216
2.686500,3.706155,-0.085173
2.686500,2.689810,-0.002925
2.686500,2.892115,0.026374
2.686500,10.484787,0.068908
2.686500,3.239619,-0.056439
2.686500,2.686673,0.000006
2.686500,3.241349,0.056568
2.686500,10.470371,-0.069302
2.686500,2.891420,-0.026304
2.686500,2.689885,0.002939
2.686500,3.709464,0.085338
2.686500,7.430543,-0.122359
2.686500,2.787901,-0.015289
2.686500,2.722236,0.007469
2.686500,4.961477,0.122476
2.686500,4.836774,-0.120522
2.686500,2.718869,-0.007060
2.686500,2.790835,0.015633
2.686500,7.538197,0.121278
2.686500,3.685445,-0.084127
2.686500,2.689278,-0.002844
2.686500,2.894615,0.026627
2.686500,10.536089,0.067490
2.686500,3.233453,-0.055980
2.686500,2.686558,0.000037
2.686500,3.243785,0.056750
2.686500,10.450023,-0.069853
2.686500,2.890435,-0.026207
2.686500,2.689715,0.002926
2.686500,3.704741,0.085102
2.686500,7.451355,-0.122155
2.686500,2.788454,-0.015357
2.686500,2.721200,0.007346
2.686500,4.923488,0.121912
2.686500,4.873280,-0.121125
2.686500,2.719844,-0.007182
2.686500,2.789626,0.015494
2.686500,7.494417,0.121725
2.686500,3.695093,-0.084617
2.686500,2.689469,-0.002888
2.686500,2.891666,0.026332
2.686500,10.475809,0.069154
2.686500,3.240688,-0.056520
2.686500,2.686512,-0.000020
2.686500,3.235029,0.056098
2.686500,10.522945,-0.067857
2.686500,2.893962,-0.026562
2.686500,2.689233,0.002843
2.686500,3.684627,0.084085
2.686500,7.541928,-0.121240
2.686500,2.790931,-0.015645
2.686500,2.718582,0.007027
2.686500,4.826359,0.120346
2.686500,4.972551,-0.122636
2.686500,2.722530,-0.007505
2.686500,2.787499,0.015243
2.686500,7.415931,0.122500
2.686500,3.712797,-0.085504
2.686500,2.689947,-0.002955
2.686500,2.890260,0.026188
2.686500,10.446184,0.069956
2.686500,3.244250,-0.056784
2.686500,2.686645,-0.000030
2.686500,3.235825,0.056156
2.686500,10.516377,-0.068039
2.686500,2.893652,-0.026528
2.686500,2.689582,0.002887
2.686500,3.696775,0.084701
2.686500,7.486886,-0.121801
2.686500,2.789439,-0.015468
2.686500,2.720588,0.007268
2.686500,4.900255,0.121553
2.686500,4.896232,-0.121490
2.686500,2.720479,-0.007255
2.686500,2.789534,0.015479
2.686500,7.490359,0.121766
2.686500,3.696001,-0.084662
2.686500,2.689562,-0.002884
2.686500,2.893755,0.026539
2.686500,10.518487,0.067980
2.686500,3.235571,-0.056137
2.686500,2.686642,0.000032
2.686500,3.244382,0.056794
2.686500,10.445082,-0.069986
2.686500,2.890208,-0.026183
2.686500,2.689944,0.002955
2.686500,3.712743,0.085502
2.686500,7.416164,-0.122498
2.686500,2.787505,-0.015244
2.686500,2.722508,0.007503
2.686500,4.971765,0.122625
2.686500,4.827096,-0.120358
2.686500,2.718601,-0.007029
2.686500,2.790901,0.015642
2.686500,7.540819,0.121251
2.686500,3.684869,-0.084098
2.686500,2.689237,-0.002844
2.686500,2.893864,0.026552
2.686500,10.520973,0.067911
2.686500,3.235266,-0.056116
2.686500,2.686509,0.000018
2.686500,3.240373,0.056497
2.686500,10.478431,-0.069082
2.686500,2.891792,-0.026344
2.686500,2.689450,0.002885
2.686500,3.694311,0.084577
2.686500,7.497939,-0.121690
2.686500,2.789722,-0.015505
2.686500,2.719740,0.007169
2.686500,4.869418,0.121062
2.686500,4.927447,-0.121972
2.686500,2.721307,-0.007359
2.686500,2.788367,0.015347
2.686500,7.448161,0.122186
2.686500,3.705463,-0.085139
2.686500,2.689734,-0.002929
2.686500,2.890368,0.026200
2.686500,10.448602,0.069891
2.686500,3.243955,-0.056763
2.686500,2.686563,-0.000038
2.686500,3.233439,0.055979
2.686500,10.536201,-0.067487
2.686500,2.894621,-0.026627
2.686500,2.689288,0.002845
2.686500,3.685803,0.084145
2.686500,7.536558,-0.121295
2.686500,2.790791,-0.015627
2.686500,2.718932,0.007068
2.686500,4.839080,0.120561
2.686500,4.959040,-0.122441
2.686500,2.722171,-0.007461
2.686500,2.787969,0.015297
2.686500,7.432995,0.122335
2.686500,3.708906,-0.085310
2.686500,2.689873,-0.002937
2.686500,2.891546,0.026317
2.686500,10.472997,0.069230
2.686500,3.241034,-0.056545
2.686500,2.686674,-0.000004
2.686500,3.239953,0.056464
2.686500,10.482008,-0.068984
2.686500,2.891981,-0.026360
2.686500,2.689826,0.002928
2.686500,3.706837,0.085207
2.686500,7.442109,-0.122245
2.686500,2.788217,-0.015326
2.686500,2.721920,0.007430
2.686500,4.949694,0.122304
2.686500,4.847967,-0.120710
2.686500,2.719173,-0.007097
2.686500,2.790611,0.015606
2.686500,7.529936,0.121363
2.686500,3.687255,-0.084219
2.686500,2.689330,-0.002850
2.686500,2.894590,0.026624
2.686500,10.535550,0.067505
2.686500,3.233518,-0.055984
2.686500,2.686580,0.000039
2.686500,3.244413,0.056797
2.686500,10.444793,-0.069994
2.686500,2.890188,-0.026182
2.686500,2.689794,0.002937
2.686500,3.707692,0.085250
2.686500,7.438319,-0.122283
2.686500,2.788100,-0.015315
2.686500,2.721644,0.007399
2.686500,4.939906,0.122159
2.686500,4.857350,-0.120865
2.686500,2.719415,-0.007129
2.686500,2.790030,0.015541
2.686500,7.509189,0.121576
2.686500,3.691819,-0.084451
2.686500,2.689390,-0.002875
2.686500,2.892225,0.026388
2.686500,10.487379,0.068838
2.686500,3.239299,-0.056417
2.686500,2.686503,-0.000011
2.686500,3.236142,0.056181
2.686500,10.513676,-0.068114
2.686500,2.893506,-0.026516
2.686500,2.689259,0.002850
2.686500,3.685990,0.084155
2.686500,7.535691,-0.121304
2.686500,2.790759,-0.015625
2.686500,2.718712,0.007043
2.686500,4.831230,0.120429
2.686500,4.967358,-0.122562
2.686500,2.722388,-0.007489
2.686500,2.787566,0.015251
2.686500,7.418500,0.122476
2.686500,3.712208,-0.085475
2.686500,2.689924,-0.002953
2.686500,2.890085,0.026171
2.686500,10.442527,0.070055
2.686500,3.244688,-0.056817
2.686500,2.686628,-0.000036
2.686500,3.234821,0.056081
2.686500,10.524728,-0.067807
2.686500,2.894060,-0.026570
2.686500,2.689498,0.002874
2.686500,3.693513,0.084536
2.686500,7.501563,-0.121653
2.686500,2.789839,-0.015515
2.686500,2.720123,0.007212
2.686500,4.883062,0.121282
2.686500,4.913528,-0.121759
2.686500,2.720946,-0.007312
2.686500,2.789122,0.015431
2.686500,7.475262,0.121917
2.686500,3.699371,-0.084832
2.686500,2.689647,-0.002897
2.686500,2.893279,0.026491
2.686500,10.508743,0.068250
2.686500,3.236743,-0.056225
2.686500,2.686656,0.000025
2.686500,3.243688,0.056742
2.686500,10.450874,-0.069830
2.686500,2.890485,-0.026210
2.686500,2.689949,0.002953
2.686500,3.712609,0.085495
2.686500,7.416753,-0.122492
2.686500,2.787523,-0.015245
2.686500,2.722551,0.007508
2.686500,4.973292,0.122647
2.686500,4.825666,-0.120334
2.686500,2.718565,-0.007024
2.686500,2.790992,0.015652
2.686500,7.544074,0.121218
2.686500,3.684159,-0.084062
2.686500,2.689228,-0.002841
2.686500,2.894240,0.026590
2.686500,10.528574,0.067700
2.686500,3.234354,-0.056047
2.686500,2.686521,0.000026
2.686500,3.241679,0.056594
2.686500,10.467559,-0.069378
2.686500,2.891270,-0.026292
2.686500,2.689535,0.002899
2.686500,3.697734,0.084750
2.686500,7.482559,-0.121844
2.686500,2.789302,-0.015456
2.686500,2.720203,0.007225
2.686500,4.886556,0.121337
2.686500,4.909988,-0.121705
2.686500,2.720836,-0.007302
2.686500,2.788755,0.015392
2.686500,7.462470,0.122045
2.686500,3.702236,-0.084977
2.686500,2.689649,-0.002917
2.686500,2.890697,0.026234
2.686500,10.455549,0.069704
2.686500,3.243121,-0.056701
2.686500,2.686543,-0.000034
2.686500,3.233622,0.055992
2.686500,10.534675,-0.067530
2.686500,2.894543,-0.026620
2.686500,2.689249,0.002841
2.686500,3.684551,0.084081
2.686500,7.542283,-0.121236
2.686500,2.790946,-0.015646
2.686500,2.718700,0.007040
2.686500,4.830577,0.120418
2.686500,4.968054,-0.122572
2.686500,2.722412,-0.007490
2.686500,2.787712,0.015267
2.686500,7.423627,0.122426
2.686500,3.711039,-0.085417
2.686500,2.689920,-0.002946
2.686500,2.891028,0.026265
2.686500,10.462202,0.069523
2.686500,3.242329,-0.056641
2.686500,2.686669,-0.000014
2.686500,3.238517,0.056357
2.686500,10.493970,-0.068657
2.686500,2.892560,-0.026419
2.686500,2.689753,0.002915
2.686500,3.703753,0.085052
2.686500,7.455755,-0.122111
2.686500,2.788590,-0.015369
2.686500,2.721528,0.007382
2.686500,4.935141,0.122088
2.686500,4.861953,-0.120940
2.686500,2.719552,-0.007143
2.686500,2.790312,0.015571
2.686500,7.518941,0.121476
2.686500,3.689672,-0.084342
2.686500,2.689397,-0.002859
2.686500,2.894438,0.026608
2.686500,10.532431,0.067592
2.686500,3.233894,-0.056012
2.686500,2.686601,0.000039
2.686500,3.244745,0.056821
2.686500,10.442034,-0.070068
2.686500,2.890059,-0.026169
2.686500,2.689862,0.002946
2.686500,3.710120,0.085371
2.686500,7.427646,-0.122387
2.686500,2.787812,-0.015281
2.686500,2.722027,0.007445
2.686500,4.954033,0.122368
2.686500,4.843829,-0.120641
2.686500,2.719051,-0.007085
2.686500,2.790392,0.015583
2.686500,7.522362,0.121441
2.686500,3.688915,-0.084304
2.686500,2.689322,-0.002862
2.686500,2.892798,0.026446
2.686500,10.499202,0.068513
2.686500,3.237880,-0.056311
2.686500,2.686500,-0.000002
2.686500,3.237450,0.056279
2.686500,10.502784,-0.068415
2.686500,2.892973,-0.026463
2.686500,2.689305,0.002859
2.686500,3.688122,0.084263
2.686500,7.525971,-0.121404
2.686500,2.790491,-0.015595
2.686500,2.718955,0.007073
2.686500,4.840275,0.120581
2.686500,4.957776,-0.122423
2.686500,2.722128,-0.007458
2.686500,2.787739,0.015272
2.686500,7.424944,0.122413
2.686500,3.710736,-0.085402
2.686500,2.689879,-0.002948
2.686500,2.890044,0.026167
2.686500,10.441718,0.070076
2.686500,3.244784,-0.056824
2.686500,2.686608,-0.000039
2.686500,3.234071,0.056025
2.686500,10.530967,-0.067633
2.686500,2.894366,-0.026601
2.686500,2.689420,0.002862
2.686500,3.690521,0.084385
2.686500,7.515092,-0.121515
2.686500,2.790208,-0.015558
2.686500,2.719681,0.007158
2.686500,4.866713,0.121018
2.686500,4.930230,-0.122014
2.686500,2.721396,-0.007366
2.686500,2.788713,0.015383
2.686500,7.460256,0.122067
2.686500,3.702739,-0.085001
2.686500,2.689729,-0.002911
2.686500,2.892737,0.026436
2.686500,10.497604,0.068557
2.686500,3.238080,-0.056325
2.686500,2.686667,0.000017
2.686500,3.242690,0.056668
2.686500,10.459191,-0.069605
2.686500,2.890883,-0.026250
2.686500,2.689930,0.002948
2.686500,3.711545,0.085442
2.686500,7.421410,-0.122447
2.686500,2.787651,-0.015260
2.686500,2.722464,0.007497
2.686500,4.970004,0.122600
2.686500,4.828746,-0.120387
2.686500,2.718650,-0.007034
2.686500,2.790973,0.015649
2.686500,7.543314,0.121225
2.686500,3.684326,-0.084070
2.686500,2.689241,-0.002840
2.686500,2.894492,0.026615
2.686500,10.533650,0.067558
2.686500,3.233745,-0.056002
2.686500,2.686537,0.000033
2.686500,3.242813,0.056678
2.686500,10.458113,-0.069634
2.686500,2.890819,-0.026246
2.686500,2.689622,0.002912
2.686500,3.701188,0.084924
2.686500,7.467132,-0.121999
2.686500,2.788882,-0.015407
2.686500,2.720686,0.007284
2.686500,4.904444,0.121619
2.686500,4.892055,-0.121425
2.686500,2.720351,-0.007243
2.686500,2.789171,0.015441
2.686500,7.477752,0.121893
2.686500,3.698808,-0.084804
2.686500,2.689562,-0.002903
2.686500,2.891122,0.026277
2.686500,10.464460,0.069462
2.686500,3.242051,-0.056622
2.686500,2.686526,-0.000029
2.686500,3.234131,0.056031
2.686500,10.530427,-0.067648
2.686500,2.894332,-0.026599
2.686500,2.689229,0.002840
2.686500,3.684117,0.084059
2.686500,7.544266,-0.121216
2.686500,2.790998,-0.015652
2.686500,2.718578,0.007026
2.686500,4.826145,0.120342
2.686500,4.972781,-0.122639
2.686500,2.722538,-0.007506
2.686500,2.787551,0.015249
2.686500,7.417770,0.122483
2.686500,3.712377,-0.085484
2.686500,2.689945,-0.002952
2.686500,2.890596,0.026221
2.686500,10.453198,0.069767
2.686500,3.243409,-0.056721
2.686500,2.686660,-0.000023
2.686500,3.237142,0.056255
2.686500,10.505418,-0.068342
2.686500,2.893117,-0.026475
2.686500,2.689672,0.002901
2.686500,3.700422,0.084885
2.686500,7.470572,-0.121964
2.686500,2.788994,-0.015416
2.686500,2.721088,0.007329
2.686500,4.918801,0.121840
2.686500,4.877875,-0.121199
2.686500,2.719983,-0.007195
2.686500,2.789957,0.015529
2.686500,7.505904,0.121609
2.686500,3.692551,-0.084488
2.686500,2.689473,-0.002870
2.686500,2.894167,0.026581
2.686500,10.526897,0.067747
2.686500,3.234560,-0.056062
2.686500,2.686622,0.000037
2.686500,3.244754,0.056822
2.686500,10.441974,-0.070069
2.686500,2.890058,-0.026168
2.686500,2.689912,0.002952
2.686500,3.711842,0.085457
2.686500,7.420101,-0.122460
2.686500,2.787609,-0.015257
2.686500,2.722319,0.007480
2.686500,4.964831,0.122525
2.686500,4.833607,-0.120469
2.686500,2.718776,-0.007051
2.686500,2.790685,0.015617
2.686500,7.533026,0.121332
2.686500,3.686574,-0.084185
2.686500,2.689271,-0.002852
2.686500,2.893347,0.026501
2.686500,10.510445,0.068203
2.686500,3.236530,-0.056210
2.686500,2.686502,0.000008
2.686500,3.238859,0.056384
2.686500,10.491049,-0.068737
2.686500,2.892402,-0.026406
2.686500,2.689368,0.002871
2.686500,3.690872,0.084403
2.686500,7.513480,-0.121532
2.686500,2.790148,-0.015555
2.686500,2.719294,0.007114
2.686500,4.852864,0.120791
2.686500,4.944573,-0.122228
2.686500,2.721770,-0.007415
2.686500,2.788003,0.015304
2.686500,7.434726,0.122318
2.686500,3.708509,-0.085291
2.686500,2.689817,-0.002940
2.686500,2.890135,0.026176
2.686500,10.443663,0.070024
2.686500,3.244549,-0.056807
2.686500,2.686586,-0.000040
2.686500,3.233602,0.055991
2.686500,10.534854,-0.067525
2.686500,2.894556,-0.026620
2.686500,2.689350,0.002853
2.686500,3.687945,0.084254
2.686500,7.526793,-0.121396
2.686500,2.790526,-0.015596
2.686500,2.719283,0.007110
2.686500,4.852036,0.120777
2.686500,4.945440,-0.122241
2.686500,2.721805,-0.007416
2.686500,2.788328,0.015338
2.686500,7.446153,0.122206
2.686500,3.705922,-0.085161
2.686500,2.689804,-0.002924
2.686500,2.892160,0.026378
2.686500,10.485716,0.068883
2.686500,3.239508,-0.056431
2.686500,2.686673,0.000007
2.686500,3.241453,0.056576
2.686500,10.469509,-0.069325
2.686500,2.891379,-0.026300
2.686500,2.689889,0.002940
2.686500,3.709642,0.085347
2.686500,7.429761,-0.122366
2.686500,2.787880,-0.015286
2.686500,2.722257,0.007471
2.686500,4.962245,0.122488
2.686500,4.836048,-0.120510
2.686500,2.718849,-0.007058
2.686500,2.790849,0.015634
2.686500,7.538703,0.121273
2.686500,3.685334,-0.084121
2.686500,2.689274,-0.002843
2.686500,2.894611,0.026626
2.686500,10.536019,0.067492
2.686500,3.233461,-0.055980
2.686500,2.686557,0.000037
2.686500,3.243725,0.056746
2.686500,10.450523,-0.069839
2.686500,2.890458,-0.026210
2.686500,2.689708,0.002925
2.686500,3.704496,0.085090
2.686500,7.452439,-0.122144
2.686500,2.788483,-0.015360
2.686500,2.721164,0.007342
2.686500,4.922153,0.121891
2.686500,4.874586,-0.121146
2.686500,2.719880,-0.007186
2.686500,2.789594,0.015490
2.686500,7.493234,0.121737
2.686500,3.695356,-0.084630
2.686500,2.689476,-0.002889
2.686500,2.891625,0.026328
2.686500,10.474947,0.069177
2.686500,3.240792,-0.056528
2.686500,2.686513,-0.000021
2.686500,3.234954,0.056092
2.686500,10.523575,-0.067839
2.686500,2.893993,-0.026565
2.686500,2.689232,0.002843
2.686500,3.684557,0.084082
2.686500,7.542251,-0.121236
2.686500,2.790941,-0.015646
2.686500,2.718577,0.007026
2.686500,4.826168,0.120343
2.686500,4.972756,-0.122639
2.686500,2.722535,-0.007506
2.686500,2.787498,0.015243
2.686500,7.415903,0.122501
2.686500,3.712803,-0.085505
2.686500,2.689948,-0.002955
2.686500,2.890280,0.026190
2.686500,10.446584,0.069945
2.686500,3.244202,-0.056780
2.686500,2.686647,-0.000030
2.686500,3.235912,0.056163
2.686500,10.515652,-0.068059
2.686500,2.893616,-0.026525
2.686500,2.689588,0.002888
2.686500,3.697035,0.084714
2.686500,7.485722,-0.121813
2.686500,2.789407,-0.015465
2.686500,2.720624,0.007273
2.686500,4.901598,0.121574
2.686500,4.894892,-0.121469
2.686500,2.720443,-0.007251
2.686500,2.789565,0.015483
2.686500,7.491510,0.121754
2.686500,3.695745,-0.084649
2.686500,2.689556,-0.002883
2.686500,2.893788,0.026542
2.686500,10.519169,0.067961
2.686500,3.235490,-0.056131
2.686500,2.686640,0.000032
2.686500,3.244422,0.056797
2.686500,10.444749,-0.069995
2.686500,2.890192,-0.026181
2.686500,2.689942,0.002955
2.686500,3.712714,0.085500
2.686500,7.416291,-0.122497
2.686500,2.787508,-0.015244
2.686500,2.722499,0.007502
2.686500,4.971445,0.122620
2.686500,4.827395,-0.120364
2.686500,2.718609,-0.007030
2.686500,2.790889,0.015640
2.686500,7.540402,0.121256
2.686500,3.684960,-0.084102
2.686500,2.689238,-0.002845
2.686500,2.893831,0.026549
2.686500,10.520291,0.067930
2.686500,3.235348,-0.056122
2.686500,2.686509,0.000018
2.686500,3.240267,0.056489
2.686500,10.479316,-0.069058
2.686500,2.891835,-0.026349
2.686500,2.689444,0.002884
2.686500,3.694053,0.084564
2.686500,7.499103,-0.121678
2.686500,2.789754,-0.015509
2.686500,2.719706,0.007165
2.686500,4.868150,0.121042
2.686500,4.928749,-0.121992
2.686500,2.721343,-0.007363
2.686500,2.788339,0.015343
2.686500,7.447116,0.122196
2.686500,3.705699,-0.085150
2.686500,2.689741,-0.002930
2.686500,2.890346,0.026198
2.686500,10.448156,0.069903
2.686500,3.244009,-0.056767
2.686500,2.686565,-0.000038
2.686500,3.233439,0.055978
2.686500,10.536206,-0.067487
2.686500,2.894621,-0.026627
2.686500,2.689292,0.002845
2.686500,3.685932,0.084152
2.686500,7.535972,-0.121301
2.686500,2.790775,-0.015625
2.686500,2.718954,0.007071
2.686500,4.839890,0.120575
2.686500,4.958185,-0.122428
2.686500,2.722148,-0.007458
2.686500,2.787992,0.015299
2.686500,7.433846,0.122326
2.686500,3.708713,-0.085301
2.686500,2.689869,-0.002936
2.686500,2.891589,0.026321
2.686500,10.473884,0.069206
2.686500,3.240928,-0.056537
2.686500,2.686674,-0.000003
2.686500,3.240064,0.056472
2.686500,10.481084,-0.069010
2.686500,2.891936,-0.026356
2.686500,2.689831,0.002929
2.686500,3.707060,0.085218
2.686500,7.441128,-0.122255
2.686500,2.788191,-0.015323
2.686500,2.721947,0.007433
2.686500,4.950717,0.122319
2.686500,4.846990,-0.120693
2.686500,2.719146,-0.007094
2.686500,2.790632,0.015608
2.686500,7.530681,0.121356
2.686500,3.687091,-0.084211
2.686500,2.689326,-0.002849
2.686500,2.894597,0.026624
2.686500,10.535686,0.067502
2.686500,3.233502,-0.055983
2.686500,2.686578,0.000039
2.686500,3.244375,0.056794
2.686500,10.445112,-0.069985
2.686500,2.890203,-0.026183
2.686500,2.689788,0.002937
2.686500,3.707480,0.085239
2.686500,7.439254,-0.122274
2.686500,2.788126,-0.015318
2.686500,2.721612,0.007396
2.686500,4.938704,0.122141
2.686500,4.858509,-0.120884
2.686500,2.719446,-0.007133
2.686500,2.790000,0.015538
2.686500,7.508091,0.121587
2.686500,3.692062,-0.084464
2.686500,2.689396,-0.002876
2.686500,2.892180,0.026384
2.686500,10.486464,0.068863
2.686500,3.239409,-0.056425
2.686500,2.686504,-0.000012
2.686500,3.236048,0.056174
2.686500,10.514461,-0.068092
2.686500,2.893544,-0.026520
2.686500,2.689256,0.002849
2.686500,3.685856,0.084148
2.686500,7.536305,-0.121298
2.686500,2.790776,-0.015627
2.686500,2.718698,0.007041
2.686500,4.830698,0.120420
2.686500,4.967924,-0.122570
2.686500,2.722403,-0.007491
2.686500,2.787557,0.015250
2.686500,7.418158,0.122479
2.686500,3.712286,-0.085479
2.686500,2.689927,-0.002954
2.686500,2.890094,0.026171
2.686500,10.442709,0.070050
2.686500,3.244666,-0.056815
2.686500,2.686630,-0.000035
2.686500,3.234890,0.056087
2.686500,10.524153,-0.067823
2.686500,2.894032,-0.026567
2.686500,2.689505,0.002875
2.686500,3.693757,0.084549
2.686500,7.500459,-0.121664
2.686500,2.789809,-0.015512
2.686500,2.720159,0.007216
2.686500,4.884373,0.121303
2.686500,4.912200,-0.121739
2.686500,2.720910,-0.007307
2.686500,2.789154,0.015435
2.686500,7.476437,0.121906
2.686500,3.699109,-0.084819
2.686500,2.689640,-0.002896
2.686500,2.893318,0.026495
2.686500,10.509553,0.068228
2.686500,3.236645,-0.056218
2.686500,2.686655,0.000026
2.686500,3.243753,0.056747
2.686500,10.450331,-0.069844
2.686500,2.890459,-0.026208
2.686500,2.689949,0.002954
2.686500,3.712653,0.085497
2.686500,7.416560,-0.122494
2.686500,2.787517,-0.015245
2.686500,2.722552,0.007508
2.686500,4.973348,0.122648
2.686500,4.825615,-0.120333
2.686500,2.718563,-0.007024
2.686500,2.790989,0.015652
2.686500,7.543965,0.121219
2.686500,3.684183,-0.084063
2.686500,2.689228,-0.002841
2.686500,2.894215,0.026587
2.686500,10.528072,0.067714
2.686500,3.234414,-0.056052
2.686500,2.686520,0.000026
2.686500,3.241583,0.056587
2.686500,10.468356,-0.069356
2.686500,2.891308,-0.026296
2.686500,2.689528,0.002898
2.686500,3.697466,0.084737
2.686500,7.483761,-0.121832
2.686500,2.789335,-0.015460
2.686500,2.720166,0.007221
2.686500,4.885192,0.121316
2.686500,4.911368,-0.121726
2.686500,2.720873,-0.007306
2.686500,2.788724,0.015389
2.686500,7.461319,0.122056
2.686500,3.702495,-0.084990
2.686500,2.689656,-0.002918
2.686500,2.890668,0.026231
2.686500,10.454937,0.069720
2.686500,3.243195,-0.056706
2.686500,2.686545,-0.000035
2.686500,3.233596,0.055990
2.686500,10.534890,-0.067524
2.686500,2.894554,-0.026621
2.686500,2.689251,0.002841
2.686500,3.684620,0.084085
2.686500,7.541968,-0.121239
2.686500,2.790937,-0.015645
2.686500,2.718714,0.007042
2.686500,4.831097,0.120426
2.686500,4.967501,-0.122564
2.686500,2.722397,-0.007489
2.686500,2.787729,0.015269
2.686500,7.424235,0.122420
2.686500,3.710901,-0.085410
2.686500,2.689917,-0.002945
2.686500,2.891065,0.026268
2.686500,10.462982,0.069502
2.686500,3.242236,-0.056634
2.686500,2.686670,-0.000013
2.686500,3.238627,0.056365
2.686500,10.493052,-0.068682
2.686500,2.892516,-0.026414
2.686500,2.689759,0.002916
2.686500,3.704003,0.085065
2.686500,7.454646,-0.122122
2.686500,2.788560,-0.015365
2.686500,2.721561,0.007386
2.686500,4.936343,0.122106
2.686500,4.860790,-0.120921
2.686500,2.719521,-0.007139
2.686500,2.790338,0.015574
2.686500,7.519873,0.121466
2.686500,3.689467,-0.084331
2.686500,2.689391,-0.002858
2.686500,2.894454,0.026610
2.686500,10.532761,0.067583
2.686500,3.233855,-0.056009
2.686500,2.686600,0.000039
2.686500,3.244731,0.056820
2.686500,10.442153,-0.070065
2.686500,2.890064,-0.026169
2.686500,2.689857,0.002946
2.686500,3.709955,0.085363
2.686500,7.428370,-0.122380
2.686500,2.787832,-0.015283
2.686500,2.722000,0.007442
2.686500,4.953046,0.122353
2.686500,4.844768,-0.120657
2.686500,2.719076,-0.007088
2.686500,2.790366,0.015580
2.686500,7.521421,0.121451
2.686500,3.689122,-0.084314
2.686500,2.689327,-0.002863
2.686500,2.892754,0.026441
2.686500,10.498297,0.068538
2.686500,3.237989,-0.056319
2.686500,2.686500,-0.000002
2.686500,3.237344,0.056271
2.686500,10.503667,-0.068390
2.686500,2.893016,-0.026467
2.686500,2.689300,0.002858
2.686500,3.687932,0.084254
2.686500,7.526832,-0.121395
2.686500,2.790515,-0.015597
2.686500,2.718932,0.007070
2.686500,4.839439,0.120567
2.686500,4.958658,-0.122435
2.686500,2.722152,-0.007460
2.686500,2.787723,0.015270
2.686500,7.424318,0.122419
2.686500,3.710879,-0.085409
2.686500,2.689884,-0.002949
2.686500,2.890043,0.026167
2.686500,10.441680,0.070077
2.686500,3.244788,-0.056824
2.686500,2.686610,-0.000039
2.686500,3.234119,0.056029
2.686500,10.530566,-0.067644
2.686500,2.894347,-0.026599
2.686500,2.689425,0.002863
2.686500,3.690739,0.084396
2.686500,7.514101,-0.121525
2.686500,2.790181,-0.015555
2.686500,2.719714,0.007162
2.686500,4.867930,0.121038
2.686500,4.928979,-0.121995
2.686500,2.721362,-0.007362
2.686500,2.788744,0.015387
2.686500,7.461396,0.122055
2.686500,3.702483,-0.084989
2.686500,2.689723,-0.002910
2.686500,2.892780,0.026441
2.686500,10.498502,0.068532
2.686500,3.237973,-0.056317
2.686500,2.686666,0.000017
2.686500,3.242777,0.056674
2.686500,10.458468,-0.069624
2.686500,2.890849,-0.026247
2.686500,2.689932,0.002949
2.686500,3.711659,0.085448
2.686500,7.420911,-0.122452
2.686500,2.787638,-0.015258
2.686500,2.722475,0.007498
2.686500,4.970425,0.122606
2.686500,4.828352,-0.120380
2.686500,2.718639,-0.007033
2.686500,2.790979,0.015650
2.686500,7.543515,0.121223
2.686500,3.684282,-0.084068
2.686500,2.689239,-0.002840
2.686500,2.894477,0.026613
2.686500,10.533352,0.067567
2.686500,3.233780,-0.056004
2.686500,2.686536,0.000032
2.686500,3.242733,0.056672
2.686500,10.458782,-0.069616
2.686500,2.890851,-0.026249
2.686500,2.689615,0.002911
2.686500,3.700924,0.084911
2.686500,7.468309,-0.121987
2.686500,2.788914,-0.015411
2.686500,2.720648,0.007279
2.686500,4.903054,0.121597
2.686500,4.893438,-0.121446
2.686500,2.720388,-0.007248
2.686500,2.789139,0.015437
2.686500,7.476552,0.121905
2.686500,3.699077,-0.084818
2.686500,2.689568,-0.002904
2.686500,2.891086,0.026273
2.686500,10.463709,0.069483
2.686500,3.242141,-0.056628
2.686500,2.686527,-0.000029
2.686500,3.234080,0.056027
2.686500,10.530852,-0.067636
2.686500,2.894353,-0.026601
2.686500,2.689230,0.002840
2.686500,3.684120,0.084059
2.686500,7.544254,-0.121216
2.686500,2.790998,-0.015652
2.686500,2.718583,0.007026
2.686500,4.826332,0.120345
2.686500,4.972582,-0.122637
2.686500,2.722532,-0.007505
2.686500,2.787560,0.015250
2.686500,7.418085,0.122480
2.686500,3.712305,-0.085480
2.686500,2.689944,-0.002952
2.686500,2.890626,0.026224
2.686500,10.453815,0.069750
2.686500,3.243335,-0.056716
2.686500,2.686661,-0.000022
2.686500,3.237244,0.056262
2.686500,10.504567,-0.068365
2.686500,2.893075,-0.026470
2.686500,2.689679,0.002902
2.686500,3.700684,0.084898
2.686500,7.469404,-0.121976
2.686500,2.788962,-0.015412
2.686500,2.721123,0.007333
2.686500,4.920107,0.121860
2.686500,4.876593,-0.121178
2.686500,2.719949,-0.007191
2.686500,2.789986,0.015532
2.686500,7.506970,0.121598
2.686500,3.692315,-0.084476
2.686500,2.689467,-0.002869
2.686500,2.894192,0.026583
2.686500,10.527407,0.067732
2.686500,3.234499,-0.056057
2.686500,2.686621,0.000037
2.686500,3.244765,0.056822
2.686500,10.441878,-0.070072
2.686500,2.890053,-0.026168
2.686500,2.689909,0.002952
2.686500,3.711738,0.085452
2.686500,7.420558,-0.122456
2.686500,2.787621,-0.015258
2.686500,2.722300,0.007478
2.686500,4.964136,0.122515
2.686500,4.834263,-0.120480
2.686500,2.718793,-0.007053
2.686500,2.790665,0.015615
2.686500,7.532310,0.121339
2.686500,3.686731,-0.084193
2.686500,2.689274,-0.002853
2.686500,2.893307,0.026497
2.686500,10.509615,0.068226
2.686500,3.236630,-0.056218
2.686500,2.686501,0.000008
2.686500,3.238748,0.056376
2.686500,10.491968,-0.068712
2.686500,2.892447,-0.026410
2.686500,2.689363,0.002870
2.686500,3.690641,0.084391
2.686500,7.514526,-0.121521
2.686500,2.790176,-0.015558
2.686500,2.719265,0.007111
2.686500,4.851782,0.120773
2.686500,4.945702,-0.122245
2.686500,2.721801,-0.007418
2.686500,2.787980,0.015301
2.686500,7.433866,0.122326
2.686500,3.708704,-0.085301
2.686500,2.689822,-0.002941
2.686500,2.890123,0.026175
2.686500,10.443418,0.070031
2.686500,3.244579,-0.056809
2.686500,2.686588,-0.000040
2.686500,3.233628,0.055992
2.686500,10.534641,-0.067531
2.686500,2.894546,-0.026619
2.686500,2.689355,0.002853
2.686500,3.688126,0.084263
2.686500,7.525969,-0.121404
2.686500,2.790504,-0.015593
2.686500,2.719312,0.007114
2.686500,4.853093,0.120795
2.686500,4.944338,-0.122225
2.686500,2.721776,-0.007413
2.686500,2.788356,0.015342
2.686500,7.447192,0.122196
2.686500,3.705687,-0.085149
2.686500,2.689799,-0.002923
2.686500,2.892205,0.026383
2.686500,10.486645,0.068858
2.686500,3.239396,-0.056423
2.686500,2.686672,0.000008
2.686500,3.241555,0.056584
2.686500,10.468656,-0.069348
2.686500,2.891338,-0.026296
2.686500,2.689893,0.002940
2.686500,3.709815,0.085356
2.686500,7.428997,-0.122374
2.686500,2.787859,-0.015284
2.686500,2.722276,0.007474
2.686500,4.962991,0.122498
2.686500,4.835345,-0.120498
2.686500,2.718830,-0.007056
2.686500,2.790862,0.015636
2.686500,7.539188,0.121268
2.686500,3.685228,-0.084116
2.686500,2.689271,-0.002843
2.686500,2.894607,0.026626
2.686500,10.535933,0.067495
2.686500,3.233471,-0.055981
2.686500,2.686555,0.000037
2.686500,3.243663,0.056741
2.686500,10.451036,-0.069825
2.686500,2.890483,-0.026212
2.686500,2.689702,0.002924
2.686500,3.704249,0.085078
2.686500,7.453532,-0.122133
2.686500,2.788513,-0.015364
2.686500,2.721128,0.007337
2.686500,4.920811,0.121871
2.686500,4.875900,-0.121167
2.686500,2.719915,-0.007190
2.686500,2.789561,0.015487
2.686500,7.492047,0.121749
2.686500,3.695620,-0.084644
2.686500,2.689482,-0.002890
2.686500,2.891584,0.026323
2.686500,10.474091,0.069201
2.686500,3.240895,-0.056536
2.686500,2.686514,-0.000022
2.686500,3.234880,0.056087
2.686500,10.524192,-0.067822
2.686500,2.894023,-0.026568
2.686500,2.689231,0.002843
2.686500,3.684491,0.084078
2.686500,7.542550,-0.121233
2.686500,2.790949,-0.015647
2.686500,2.718573,0.007026
2.686500,4.826004,0.120340
2.686500,4.972931,-0.122642
2.686500,2.722540,-0.007507
2.686500,2.787498,0.015243
2.686500,7.415900,0.122501
2.686500,3.712804,-0.085505
2.686500,2.689949,-0.002955
2.686500,2.890300,0.026192
2.686500,10.447001,0.069934
2.686500,3.244152,-0.056777
2.686500,2.686648,-0.000029
2.686500,3.236001,0.056169
2.686500,10.514916,-0.068079
2.686500,2.893580,-0.026521
2.686500,2.689595,0.002889
2.686500,3.697295,0.084728
2.686500,7.484555,-0.121824
2.686500,2.789375,-0.015461
2.686500,2.720660,0.007277
2.686500,4.902940,0.121595
2.686500,4.893555,-0.121448
2.686500,2.720407,-0.007246
2.686500,2.789596,0.015487
2.686500,7.492657,0.121743
2.686500,3.695490,-0.084636
2.686500,2.689549,-0.002882
2.686500,2.893821,0.026546
2.686500,10.519839,0.067943
2.686500,3.235409,-0.056125
2.686500,2.686639,0.000033
2.686500,3.244460,0.056800
2.686500,10.444432,-0.070003
2.686500,2.890176,-0.026180
2.686500,2.689941,0.002955
2.686500,3.712679,0.085499
2.686500,7.416443,-0.122495
2.686500,2.787512,-0.015245
2.686500,2.722490,0.007501
2.686500,4.971097,0.122615
2.686500,4.827721,-0.120369
2.686500,2.718618,-0.007031
2.686500,2.790877,0.015639
2.686500,7.539963,0.121260
2.686500,3.685056,-0.084107
2.686500,2.689240,-0.002845
2.686500,2.893797,0.026545
2.686500,10.519595,0.067950
2.686500,3.235431,-0.056128
2.686500,2.686508,0.000017
2.686500,3.240161,0.056481
2.686500,10.480205,-0.069034
2.686500,2.891878,-0.026353
2.686500,2.689438,0.002883
2.686500,3.693796,0.084551
2.686500,7.500262,-0.121666
2.686500,2.789786,-0.015513
2.686500,2.719672,0.007161
2.686500,4.866892,0.121021
2.686500,4.930043,-0.122011
2.686500,2.721378,-0.007367
2.686500,2.788311,0.015340
2.686500,7.446083,0.122207
2.686500,3.705933,-0.085162
2.686500,2.689747,-0.002931
2.686500,2.890326,0.026196
2.686500,10.447723,0.069915
2.686500,3.244061,-0.056771
2.686500,2.686567,-0.000038
2.686500,3.233440,0.055979
2.686500,10.536195,-0.067487
2.686500,2.894621,-0.026627
2.686500,2.689296,0.002846
2.686500,3.686064,0.084158
2.686500,7.535368,-0.121307
2.686500,2.790759,-0.015624
2.686500,2.718976,0.007073
2.686500,4.840720,0.120589
2.686500,4.957309,-0.122416
2.686500,2.722124,-0.007455
2.686500,2.788016,0.015302
2.686500,7.434713,0.122318
2.686500,3.708516,-0.085291
2.686500,2.689864,-0.002935
2.686500,2.891632,0.026325
2.686500,10.474778,0.069182
2.686500,3.240820,-0.056529
2.686500,2.686674,-0.000002
2.686500,3.240174,0.056481
2.686500,10.480163,-0.069035
2.686500,2.891892,-0.026351
2.686500,2.689836,0.002930
2.686500,3.707279,0.085229
2.686500,7.440160,-0.122265
2.686500,2.788164,-0.015319
2.686500,2.721974,0.007437
2.686500,4.951723,0.122334
2.686500,4.846031,-0.120678
2.686500,2.719120,-0.007091
2.686500,2.790651,0.015611
2.686500,7.531410,0.121348
2.686500,3.686931,-0.084203
2.686500,2.689321,-0.002849
2.686500,2.894602,0.026625
2.686500,10.535806,0.067498
2.686500,3.233487,-0.055982
2.686500,2.686576,0.000039
2.686500,3.244335,0.056791
2.686500,10.445447,-0.069976
2.686500,2.890218,-0.026185
2.686500,2.689782,0.002936
2.686500,3.707265,0.085229
2.686500,7.440202,-0.122264
2.686500,2.788151,-0.015321
2.686500,2.721579,0.007392
2.686500,4.937488,0.122123
2.686500,4.859682,-0.120903
2.686500,2.719478,-0.007137
2.686500,2.789970,0.015534
2.686500,7.506984,0.121598
2.686500,3.692307,-0.084476
2.686500,2.689402,-0.002877
2.686500,2.892136,0.026379
2.686500,10.485552,0.068888
2.686500,3.239519,-0.056433
2.686500,2.686504,-0.000013
2.686500,3.235955,0.056167
2.686500,10.515235,-0.068071
2.686500,2.893582,-0.026524
2.686500,2.689253,0.002848
2.686500,3.685726,0.084141
2.686500,7.536898,-0.121292
2.686500,2.790792,-0.015629
2.686500,2.718684,0.007040
2.686500,4.830191,0.120411
2.686500,4.968463,-0.122577
2.686500,2.722418,-0.007492
2.686500,2.787549,0.015249
2.686500,7.417839,0.122482
2.686500,3.712359,-0.085483
2.686500,2.689929,-0.002954
2.686500,2.890103,0.026172
2.686500,10.442907,0.070044
2.686500,3.244642,-0.056813
2.686500,2.686631,-0.000035
2.686500,3.234961,0.056092
2.686500,10.523566,-0.067839
2.686500,2.894003,-0.026564
2.686500,2.689511,0.002876
2.686500,3.694004,0.084561
2.686500,7.499349,-0.121675
2.686500,2.789779,-0.015508
2.686500,2.720194,0.007221
2.686500,4.885688,0.121324
2.686500,4.910869,-0.121718
2.686500,2.720874,-0.007303
2.686500,2.789186,0.015439
2.686500,7.477611,0.121894
2.686500,3.698846,-0.084806
2.686500,2.689634,-0.002895
2.686500,2.893358,0.026499
2.686500,10.510355,0.068205
2.686500,3.236549,-0.056210
2.686500,2.686654,0.000026
2.686500,3.243816,0.056752
2.686500,10.449803,-0.069859
2.686500,2.890434,-0.026205
2.686500,2.689949,0.002954
2.686500,3.712692,0.085499
2.686500,7.416391,-0.122496
2.686500,2.787513,-0.015244
2.686500,2.722553,0.007508
2.686500,4.973374,0.122648
2.686500,4.825590,-0.120333
2.686500,2.718562,-0.007024
2.686500,2.790985,0.015651
2.686500,7.543832,0.121220
2.686500,3.684212,-0.084064
2.686500,2.689228,-0.002841
2.686500,2.894189,0.026585
2.686500,10.527555,0.067728
2.686500,3.234476,-0.056056
2.686500,2.686519,0.000025
2.686500,3.241486,0.056580
2.686500,10.469162,-0.069335
2.686500,2.891347,-0.026300
2.686500,2.689521,0.002897
2.686500,3.697198,0.084723
2.686500,7.484963,-0.121820
2.686500,2.789368,-0.015464
2.686500,2.720129,0.007216
2.686500,4.883832,0.121294
2.686500,4.912745,-0.121747
2.686500,2.720910,-0.007311
2.686500,2.788693,0.015385
2.686500,7.460173,0.122068
2.686500,3.702753,-0.085003
2.686500,2.689663,-0.002919
2.686500,2.890639,0.026228
2.686500,10.454337,0.069736
2.686500,3.243267,-0.056712
2.686500,2.686546,-0.000035
2.686500,3.233572,0.055989
2.686500,10.535089,-0.067518
2.686500,2.894564,-0.026622
2.686500,2.689254,0.002841
2.686500,3.684693,0.084089
2.686500,7.541631,-0.121243
2.686500,2.790928,-0.015644
2.686500,2.718729,0.007044
2.686500,4.831641,0.120436
2.686500,4.966922,-0.122555
2.686500,2.722382,-0.007487
2.686500,2.787746,0.015271
2.686500,7.424863,0.122414
2.686500,3.710757,-0.085403
2.686500,2.689914,-0.002945
2.686500,2.891103,0.026272
2.686500,10.463773,0.069481
2.686500,3.242141,-0.056627
2.686500,2.686670,-0.000012
2.686500,3.238737,0.056374
2.686500,10.492132,-0.068707
2.686500,2.892471,-0.026410
2.686500,2.689765,0.002917
2.686500,3.704252,0.085077
2.686500,7.453544,-0.122133
2.686500,2.788530,-0.015362
2.686500,2.721593,0.007390
2.686500,4.937534,0.122124
2.686500,4.859640,-0.120903
2.686500,2.719489,-0.007135
2.686500,2.790363,0.015577
2.686500,7.520794,0.121457
2.686500,3.689264,-0.084321
2.686500,2.689386,-0.002857
2.686500,2.894469,0.026611
2.686500,10.533076,0.067574
2.686500,3.233817,-0.056006
2.686500,2.686598,0.000039
2.686500,3.244715,0.056819
2.686500,10.442289,-0.070061
2.686500,2.890070,-0.026170
2.686500,2.689852,0.002945
2.686500,3.709786,0.085355
2.686500,7.429112,-0.122373
2.686500,2.787852,-0.015286
2.686500,2.721973,0.007439
2.686500,4.952040,0.122339
2.686500,4.845727,-0.120673
2.686500,2.719102,-0.007091
2.686500,2.790339,0.015577
2.686500,7.520465,0.121461
2.686500,3.689332,-0.084325
2.686500,2.689332,-0.002864
2.686500,2.892710,0.026437
2.686500,10.497389,0.068563
2.686500,3.238098,-0.056327
2.686500,2.686500,-0.000003
2.686500,3.237238,0.056263
2.686500,10.504545,-0.068366
2.686500,2.893059,-0.026472
2.686500,2.689296,0.002857
2.686500,3.687747,0.084244
2.686500,7.527677,-0.121387
2.686500,2.790538,-0.015600
2.686500,2.718910,0.007067
2.686500,4.838624,0.120554
2.686500,4.959518,-0.122448
2.686500,2.722175,-0.007463
2.686500,2.787706,0.015268
2.686500,7.423712,0.122425
2.686500,3.711017,-0.085416
2.686500,2.689888,-0.002949
2.686500,2.890042,0.026167
2.686500,10.441659,0.070078
2.686500,3.244791,-0.056824
2.686500,2.686611,-0.000038
2.686500,3.234169,0.056033
2.686500,10.530150,-0.067656
2.686500,2.894326,-0.026597
2.686500,2.689431,0.002864
2.686500,3.690960,0.084407
2.686500,7.513100,-0.121536
2.686500,2.790153,-0.015552
2.686500,2.719747,0.007166
2.686500,4.869155,0.121058
2.686500,4.927719,-0.121976
2.686500,2.721328,-0.007358
2.686500,2.788775,0.015391
2.686500,7.462541,0.122044
2.686500,3.702225,-0.084976
2.686500,2.689716,-0.002909
2.686500,2.892824,0.026445
2.686500,10.499395,0.068508
2.686500,3.237865,-0.056309
2.686500,2.686666,0.000018
2.686500,3.242862,0.056681
2.686500,10.457757,-0.069644
2.686500,2.890814,-0.026243
2.686500,2.689934,0.002949
2.686500,3.711768,0.085453
2.686500,7.420435,-0.122457
2.686500,2.787625,-0.015257
2.686500,2.722486,0.007499
2.686500,4.970819,0.122611
2.686500,4.827982,-0.120374
2.686500,2.718629,-0.007032
2.686500,2.790983,0.015650
2.686500,7.543692,0.121221
2.686500,3.684243,-0.084066
2.686500,2.689237,-0.002840
2.686500,2.894462,0.026612
2.686500,10.533039,0.067575
2.686500,3.233818,-0.056007
2.686500,2.686535,0.000032
2.686500,3.242651,0.056666
2.686500,10.459462,-0.069598
2.686500,2.890883,-0.026253
2.686500,2.689609,0.002910
2.686500,3.700659,0.084897
2.686500,7.469490,-0.121975
2.686500,2.788947,-0.015415
2.686500,2.720611,0.007275
2.686500,4.901664,0.121575
2.686500,4.894823,-0.121468
2.686500,2.720426,-0.007252
2.686500,2.789106,0.015433
2.686500,7.475354,0.121917
2.686500,3.699345,-0.084831
2.686500,2.689575,-0.002905
2.686500,2.891051,0.026270
2.686500,10.462967,0.069503
2.686500,3.242230,-0.056635
2.686500,2.686529,-0.000030
2.686500,3.234031,0.056023
2.686500,10.531260,-0.067625
2.686500,2.894373,-0.026603
2.686500,2.689231,0.002840
2.686500,3.684128,0.084060
2.686500,7.544218,-0.121216
2.686500,2.790997,-0.015652
2.686500,2.718589,0.007027
2.686500,4.826545,0.120349
2.686500,4.972353,-0.122633
2.686500,2.722526,-0.007505
2.686500,2.787569,0.015251
2.686500,7.418424,0.122476
2.686500,3.712227,-0.085476
2.686500,2.689943,-0.002951
2.686500,2.890656,0.026227
2.686500,10.454447,0.069733
2.686500,3.243259,-0.056710
2.686500,2.686662,-0.000021
2.686500,3.237347,0.056270
2.686500,10.503710,-0.068389
2.686500,2.893033,-0.026466
2.686500,2.689685,0.002903
2.686500,3.700946,0.084911
2.686500,7.468238,-0.121987
2.686500,2.788930,-0.015409
2.686500,2.721159,0.007338
2.686500,4.921408,0.121880
2.686500,4.875318,-0.121157
2.686500,2.719914,-0.007187
2.686500,2.790015,0.015536
2.686500,7.508027,0.121587
2.686500,3.692081,-0.084464
2.686500,2.689461,-0.002868
2.686500,2.894216,0.026585
2.686500,10.527903,0.067719
2.686500,3.234439,-0.056053
2.686500,2.686619,0.000037
2.686500,3.244774,0.056823
2.686500,10.441800,-0.070074
2.686500,2.890049,-0.026167
2.686500,2.689906,0.002952
2.686500,3.711628,0.085446
2.686500,7.421037,-0.122451
2.686500,2.787634,-0.015260
2.686500,2.722281,0.007476
2.686500,4.963416,0.122505
2.686500,4.834942,-0.120492
2.686500,2.718811,-0.007055
2.686500,2.790645,0.015612
2.686500,7.531574,0.121347
2.686500,3.686892,-0.084201
2.686500,2.689277,-0.002854
2.686500,2.893266,0.026492
2.686500,10.508777,0.068249
2.686500,3.236730,-0.056225
2.686500,2.686501,0.000007
2.686500,3.238638,0.056368
2.686500,10.492886,-0.068687
2.686500,2.892491,-0.026415
2.686500,2.689357,0.002869
2.686500,3.690413,0.084380
2.686500,7.515560,-0.121511
2.686500,2.790205,-0.015562
2.686500,2.719236,0.007107
2.686500,4.850717,0.120756
2.686500,4.946814,-0.122262
2.686500,2.721831,-0.007422
2.686500,2.787957,0.015298
2.686500,7.433022,0.122334
2.686500,3.708896,-0.085310
2.686500,2.689827,-0.002942
2.686500,2.890113,0.026174
2.686500,10.443189,0.070037
2.686500,3.244606,-0.056811
2.686500,2.686590,-0.000040
2.686500,3.233655,0.055994
2.686500,10.534414,-0.067537
2.686500,2.894535,-0.026618
2.686500,2.689360,0.002854
2.686500,3.688310,0.084273
2.686500,7.525130,-0.121413
2.686500,2.790481,-0.015591
2.686500,2.719341,0.007117
2.686500,4.854164,0.120812
2.686500,4.943222,-0.122208
2.686500,2.721746,-0.007409
2.686500,2.788385,0.015345
2.686500,7.448241,0.122185
2.686500,3.705450,-0.085137
2.686500,2.689793,-0.002922
2.686500,2.892250,0.026387
2.686500,10.487574,0.068832
2.686500,3.239285,-0.056414
2.686500,2.686672,0.000009
2.686500,3.241657,0.056591
2.686500,10.467810,-0.069371
2.686500,2.891297,-0.026292
2.686500,2.689897,0.002941
2.686500,3.709985,0.085364
2.686500,7.428252,-0.122381
2.686500,2.787839,-0.015282
2.686500,2.722296,0.007476
2.686500,4.963713,0.122509
2.686500,4.834663,-0.120487
2.686500,2.718811,-0.007054
2.686500,2.790875,0.015637
2.686500,7.539653,0.121263
2.686500,3.685126,-0.084111
2.686500,2.689268,-0.002843
2.686500,2.894601,0.026625
2.686500,10.535831,0.067497
2.686500,3.233483,-0.055982
2.686500,2.686554,0.000037
2.686500,3.243600,0.056736
2.686500,10.451562,-0.069811
2.686500,2.890508,-0.026215
2.686500,2.689695,0.002923
2.686500,3.704001,0.085065
2.686500,7.454634,-0.122122
2.686500,2.788543,-0.015367
2.686500,2.721091,0.007333
2.686500,4.919462,0.121850
2.686500,4.877222,-0.121188
2.686500,2.719951,-0.007194
2.686500,2.789529,0.015483
2.686500,7.490857,0.121761
2.686500,3.695885,-0.084657
2.686500,2.689488,-0.002891
2.686500,2.891543,0.026319
2.686500,10.473241,0.069224
2.686500,3.240997,-0.056543
2.686500,2.686514,-0.000022
2.686500,3.234807,0.056081
2.686500,10.524795,-0.067805
2.686500,2.894053,-0.026571
2.686500,2.689230,0.002842
2.686500,3.684431,0.084075
2.686500,7.542826,-0.121230
2.686500,2.790957,-0.015648
2.686500,2.718569,0.007025
2.686500,4.825867,0.120337
2.686500,4.973078,-0.122644
2.686500,2.722544,-0.007507
2.686500,2.787499,0.015243
2.686500,7.415922,0.122501
2.686500,3.712799,-0.085505
2.686500,2.689949,-0.002955
2.686500,2.890320,0.026194
2.686500,10.447434,0.069922
2.686500,3.244100,-0.056773
2.686500,2.686649,-0.000029
2.686500,3.236090,0.056176
2.686500,10.514170,-0.068100
2.686500,2.893544,-0.026518
2.686500,2.689601,0.002890
2.686500,3.697556,0.084741
2.686500,7.483387,-0.121836
2.686500,2.789343,-0.015457
2.686500,2.720697,0.007281
2.686500,4.904282,0.121616
2.686500,4.892220,-0.121427
2.686500,2.720371,-0.007242
2.686500,2.789627,0.015490
2.686500,7.493799,0.121731
2.686500,3.695236,-0.084624
2.686500,2.689543,-0.002881
2.686500,2.893853,0.026549
2.686500,10.520497,0.067924
2.686500,3.235330,-0.056119
2.686500,2.686638,0.000033
2.686500,3.244496,0.056802
2.686500,10.444133,-0.070011
2.686500,2.890162,-0.026178
2.686500,2.689939,0.002955
2.686500,3.712639,0.085497
2.686500,7.416619,-0.122494
2.686500,2.787517,-0.015245
2.686500,2.722479,0.007500
2.686500,4.970721,0.122610
2.686500,4.828073,-0.120375
2.686500,2.718627,-0.007032
2.686500,2.790864,0.015638
2.686500,7.539501,0.121265
2.686500,3.685157,-0.084112
2.686500,2.689242,-0.002846
2.686500,2.893762,0.026542
2.686500,10.518888,0.067969
2.686500,3.235516,-0.056134
2.686500,2.686507,0.000016
2.686500,3.240053,0.056473
2.686500,10.481099,-0.069009
2.686500,2.891921,-0.026357
2.686500,2.689431,0.002882
2.686500,3.693540,0.084538
2.686500,7.501414,-0.121654
2.686500,2.789817,-0.015516
2.686500,2.719638,0.007156
2.686500,4.865645,0.121001
2.686500,4.931326,-0.122030
2.686500,2.721412,-0.007372
2.686500,2.788283,0.015337
2.686500,7.445060,0.122217
2.686500,3.706164,-0.085174
2.686500,2.689753,-0.002932
2.686500,2.890306,0.026194
2.686500,10.447304,0.069926
2.686500,3.244111,-0.056774
2.686500,2.686568,-0.000039
2.686500,3.233443,0.055979
2.686500,10.536169,-0.067488
2.686500,2.894620,-0.026627
2.686500,2.689300,0.002846
2.686500,3.686201,0.084165
2.686500,7.534745,-0.121314
2.686500,2.790742,-0.015622
2.686500,2.718999,0.007076
2.686500,4.841569,0.120603
2.686500,4.956413,-0.122403
2.686500,2.722100,-0.007452
2.686500,2.788040,0.015305
2.686500,7.435596,0.122309
2.686500,3.708315,-0.085281
2.686500,2.689860,-0.002934
2.686500,2.891675,0.026330
2.686500,10.475676,0.069157
2.686500,3.240713,-0.056521
2.686500,2.686674,-0.000002
2.686500,3.240284,0.056489
2.686500,10.479245,-0.069060
2.686500,2.891848,-0.026347
2.686500,2.689841,0.002931
2.686500,3.707496,0.085240
2.686500,7.439205,-0.122274
2.686500,2.788138,-0.015316
2.686500,2.722001,0.007440
2.686500,4.952712,0.122348
2.686500,4.845089,-0.120662
2.686500,2.719095,-0.007088
2.686500,2.790671,0.015613
2.686500,7.532122,0.121341
2.686500,3.686775,-0.084195
2.686500,2.689317,-0.002848
2.686500,2.894607,0.026625
2.686500,10.535911,0.067495
2.686500,3.233475,-0.055981
2.686500,2.686575,0.000039
2.686500,3.244293,0.056788
2.686500,10.445796,-0.069967
2.686500,2.890235,-0.026187
2.686500,2.689776,0.002935
2.686500,3.707047,0.085218
2.686500,7.441164,-0.122255
2.686500,2.788177,-0.015324
2.686500,2.721546,0.007388
2.686500,4.936260,0.122105
2.686500,4.860868,-0.120923
2.686500,2.719510,-0.007141
2.686500,2.789939,0.015531
2.686500,7.505868,0.121609
2.686500,3.692554,-0.084488
2.686500,2.689408,-0.002878
2.686500,2.892092,0.026375
2.686500,10.484642,0.068913
2.686500,3.239628,-0.056441
2.686500,2.686505,-0.000014
2.686500,3.235863,0.056160
2.686500,10.515998,-0.068049
2.686500,2.893620,-0.026528
2.686500,2.689251,0.002848
2.686500,3.685601,0.084135
2.686500,7.537470,-0.121286
2.686500,2.790808,-0.015631
2.686500,2.718671,0.007038
2.686500,4.829710,0.120403
2.686500,4.968976,-0.122585
2.686500,2.722432,-0.007494
2.686500,2.787541,0.015248
2.686500,7.417544,0.122485
2.686500,3.712427,-0.085486
2.686500,2.689932,-0.002954
2.686500,2.890114,0.026173
2.686500,10.443122,0.070039
2.686500,3.244617,-0.056811
2.686500,2.686633,-0.000035
2.686500,3.235033,0.056097
2.686500,10.522967,-0.067856
2.686500,2.893974,-0.026561
2.686500,2.689517,0.002877
2.686500,3.694251,0.084574
2.686500,7.498233,-0.121687
2.686500,2.789748,-0.015504
2.686500,2.720230,0.007225
2.686500,4.887007,0.121344
2.686500,4.909535,-0.121698
2.686500,2.720838,-0.007299
2.686500,2.789218,0.015442
2.686500,7.478786,0.121882
2.686500,3.698583,-0.084792
2.686500,2.689627,-0.002894
2.686500,2.893396,0.026503
2.686500,10.511149,0.068183
2.686500,3.236453,-0.056203
2.686500,2.686653,0.000027
2.686500,3.243878,0.056756
2.686500,10.449291,-0.069872
2.686500,2.890409,-0.026203
2.686500,2.689950,0.002954
2.686500,3.712725,0.085501
2.686500,7.416247,-0.122497
2.686500,2.787509,-0.015244
2.686500,2.722552,0.007508
2.686500,4.973371,0.122648
2.686500,4.825593,-0.120333
2.686500,2.718562,-0.007024
2.686500,2.790980,0.015651
2.686500,7.543675,0.121222
2.686500,3.684246,-0.084066
2.686500,2.689228,-0.002841
2.686500,2.894163,0.026582
2.686500,10.527023,0.067743
2.686500,3.234540,-0.056061
2.686500,2.686518,0.000025
2.686500,3.241389,0.056572
2.686500,10.469975,-0.069312
2.686500,2.891386,-0.026303
2.686500,2.689514,0.002896
2.686500,3.696930,0.084710
2.686500,7.486163,-0.121808
2.686500,2.789401,-0.015468
2.686500,2.720093,0.007212
2.686500,4.882477,0.121272
2.686500,4.914118,-0.121768
2.686500,2.720947,-0.007315
2.686500,2.788662,0.015381
2.686500,7.459034,0.122079
2.686500,3.703009,-0.085016
2.686500,2.689669,-0.002920
2.686500,2.890611,0.026225
2.686500,10.453749,0.069752
2.686500,3.243337,-0.056717
2.686500,2.686548,-0.000035
2.686500,3.233550,0.055987
2.686500,10.535272,-0.067513
2.686500,2.894573,-0.026623
2.686500,2.689256,0.002841
2.686500,3.684772,0.084093
2.686500,7.541272,-0.121247
2.686500,2.790919,-0.015643
2.686500,2.718744,0.007046
2.686500,4.832208,0.120445
2.686500,4.966319,-0.122546
2.686500,2.722365,-0.007485
2.686500,2.787764,0.015273
2.686500,7.425512,0.122408
2.686500,3.710609,-0.085395
2.686500,2.689911,-0.002944
2.686500,2.891141,0.026276
2.686500,10.464575,0.069459
2.686500,3.242045,-0.056620
2.686500,2.686671,-0.000012
2.686500,3.238848,0.056382
2.686500,10.491210,-0.068732
2.686500,2.892426,-0.026405
2.686500,2.689771,0.002918
2.686500,3.704499,0.085090
2.686500,7.452450,-0.122144
2.686500,2.788500,-0.015358
2.686500,2.721624,0.007394
2.686500,4.938714,0.122141
2.686500,4.858502,-0.120884
2.686500,2.719459,-0.007132
2.686500,2.790387,0.015580
2.686500,7.521701,0.121448
2.686500,3.689065,-0.084311
2.686500,2.689381,-0.002857
2.686500,2.894484,0.026613
2.686500,10.533377,0.067566
2.686500,3.233780,-0.056004
2.686500,2.686596,0.000039
2.686500,3.244696,0.056818
2.686500,10.442441,-0.070057
2.686500,2.890077,-0.026171
2.686500,2.689847,0.002944
2.686500,3.709613,0.085346
2.686500,7.429872,-0.122365
2.686500,2.787872,-0.015288
2.686500,2.721945,0.007436
2.686500,4.951014,0.122324
2.686500,4.846704,-0.120689
2.686500,2.719128,-0.007094
2.686500,2.790313,0.015574
2.686500,7.519495,0.121470
2.686500,3.689546,-0.084336
2.686500,2.689337,-0.002865
2.686500,2.892666,0.026432
2.686500,10.496478,0.068588
2.686500,3.238207,-0.056335
2.686500,2.686500,-0.000004
2.686500,3.237134,0.056255
2.686500,10.505418,-0.068342
2.686500,2.893102,-0.026476
2.686500,2.689292,0.002857
2.686500,3.687565,0.084235
2.686500,7.528504,-0.121378
2.686500,2.790560,-0.015603
2.686500,2.718889,0.007065
2.686500,4.837832,0.120540
2.686500,4.960356,-0.122460
2.686500,2.722198,-0.007466
2.686500,2.787691,0.015266
2.686500,7.423127,0.122431
2.686500,3.711151,-0.085423
2.686500,2.689892,-0.002950
2.686500,2.890042,0.026167
2.686500,10.441655,0.070078
2.686500,3.244792,-0.056824
2.686500,2.686613,-0.000038
2.686500,3.234220,0.056037
2.686500,10.529721,-0.067668
2.686500,2.894305,-0.026595
2.686500,2.689437,0.002865
2.686500,3.691184,0.084418
2.686500,7.512089,-0.121546
2.686500,2.790126,-0.015549
2.686500,2.719780,0.007170
2.686500,4.870390,0.121078
2.686500,4.926452,-0.121957
2.686500,2.721294,-0.007354
2.686500,2.788806,0.015394
2.686500,7.463691,0.122033
2.686500,3.701967,-0.084963
2.686500,2.689710,-0.002908
2.686500,2.892867,0.026449
2.686500,10.500283,0.068483
2.686500,3.237759,-0.056301
2.686500,2.686665,0.000019
2.686500,3.242946,0.056687
2.686500,10.457059,-0.069663
2.686500,2.890781,-0.026240
2.686500,2.689936,0.002950
2.686500,3.711872,0.085458
2.686500,7.419981,-0.122461
2.686500,2.787612,-0.015256
2.686500,2.722495,0.007501
2.686500,4.971185,0.122617
2.686500,4.827639,-0.120368
2.686500,2.718619,-0.007031
2.686500,2.790987,0.015651
2.686500,7.543845,0.121220
2.686500,3.684210,-0.084064
2.686500,2.689236,-0.002840
2.686500,2.894445,0.026610
2.686500,10.532709,0.067585
2.686500,3.233857,-0.056010
2.686500,2.686533,0.000031
2.686500,3.242568,0.056660
2.686500,10.460153,-0.069579
2.686500,2.890916,-0.026256
2.686500,2.689602,0.002909
2.686500,3.700393,0.084884
2.686500,7.470675,-0.121963
2.686500,2.788979,-0.015418
2.686500,2.720573,0.007270
2.686500,4.900273,0.121554
2.686500,4.896210,-0.121490
2.686500,2.720463,-0.007257
2.686500,2.789073,0.015430
2.686500,7.474158,0.121929
2.686500,3.699613,-0.084845
2.686500,2.689582,-0.002906
2.686500,2.891016,0.026266
2.686500,10.462235,0.069523
2.686500,3.242318,-0.056641
2.686500,2.686530,-0.000030
2.686500,3.233984,0.056020
2.686500,10.531653,-0.067614
2.686500,2.894393,-0.026605
2.686500,2.689232,0.002840
2.686500,3.684141,0.084061
2.686500,7.544158,-0.121217
2.686500,2.790996,-0.015652
2.686500,2.718596,0.007028
2.686500,4.826785,0.120353
2.686500,4.972097,-0.122630
2.686500,2.722519,-0.007504
2.686500,2.787579,0.015252
2.686500,7.418786,0.122473
2.686500,3.712144,-0.085472
2.686500,2.689941,-0.002951
2.686500,2.890687,0.026231
2.686500,10.455093,0.069716
2.686500,3.243182,-0.056705
2.686500,2.686663,-0.000021
2.686500,3.237451,0.056278
2.686500,10.502846,-0.068413
2.686500,2.892991,-0.026462
2.686500,2.689692,0.002904
2.686500,3.701207,0.084924
2.686500,7.467074,-0.121999
2.686500,2.788899,-0.015405
2.686500,2.721193,0.007342
2.686500,4.922703,0.121900
2.686500,4.874051,-0.121137
2.686500,2.719880,-0.007182
2.686500,2.790044,0.015539
2.686500,7.509076,0.121577
2.686500,3.691849,-0.084452
2.686500,2.689455,-0.002867
2.686500,2.894240,0.026588
2.686500,10.528386,0.067705
2.686500,3.234381,-0.056049
2.686500,2.686618,0.000038
2.686500,3.244782,0.056824
2.686500,10.441738,-0.070076
2.686500,2.890046,-0.026167
2.686500,2.689902,0.002951
2.686500,3.711514,0.085441
2.686500,7.421538,-0.122446
2.686500,2.787648,-0.015261
2.686500,2.722261,0.007473
2.686500,4.962671,0.122494
2.686500,4.835645,-0.120503
2.686500,2.718830,-0.007058
2.686500,2.790624,0.015610
2.686500,7.530819,0.121354
2.686500,3.687058,-0.084209
2.686500,2.689281,-0.002854
2.686500,2.893224,0.026488
2.686500,10.507931,0.068273
2.686500,3.236832,-0.056233
2.686500,2.686501,0.000006
2.686500,3.238528,0.056359
2.686500,10.493803,-0.068662
2.686500,2.892536,-0.026419
2.686500,2.689352,0.002868
2.686500,3.690188,0.084368
2.686500,7.516581,-0.121500
2.686500,2.790233,-0.015565
2.686500,2.719208,0.007104
2.686500,4.849668,0.120738
2.686500,4.947910,-0.122278
2.686500,2.721861,-0.007426
2.686500,2.787935,0.015295
2.686500,7.432194,0.122343
2.686500,3.709084,-0.085320
2.686500,2.689833,-0.002943
2.686500,2.890102,0.026173
2.686500,10.442976,0.070043
2.686500,3.244632,-0.056813
2.686500,2.686592,-0.000040
2.686500,3.233685,0.055997
2.686500,10.534171,-0.067544
2.686500,2.894523,-0.026617
2.686500,2.689365,0.002855
2.686500,3.688498,0.084282
2.686500,7.524276,-0.121421
2.686500,2.790458,-0.015588
2.686500,2.719370,0.007121
2.686500,4.855249,0.120830
2.686500,4.942092,-0.122192
2.686500,2.721715,-0.007405
2.686500,2.788414,0.015348
2.686500,7.449300,0.122175
2.686500,3.705210,-0.085125
2.686500,2.689788,-0.002921
2.686500,2.892295,0.026392
2.686500,10.488502,0.068807
2.686500,3.239173,-0.056406
2.686500,2.686672,0.000009
2.686500,3.241757,0.056599
2.686500,10.466972,-0.069394
2.686500,2.891257,-0.026288
2.686500,2.689901,0.002942
2.686500,3.710151,0.085372
2.686500,7.427525,-0.122388
2.686500,2.787819,-0.015279
2.686500,2.722314,0.007478
2.686500,4.964413,0.122519
2.686500,4.834003,-0.120476
2.686500,2.718793,-0.007051
2.686500,2.790887,0.015639
2.686500,7.540097,0.121259
2.686500,3.685029,-0.084106
2.686500,2.689265,-0.002842
2.686500,2.894595,0.026625
2.686500,10.535712,0.067501
2.686500,3.233497,-0.055983
2.686500,2.686552,0.000036
2.686500,3.243535,0.056732
2.686500,10.452101,-0.069797
2.686500,2.890533,-0.026217
2.686500,2.689689,0.002922
2.686500,3.703750,0.085053
2.686500,7.455744,-0.122111
2.686500,2.788573,-0.015371
2.686500,2.721055,0.007328
2.686500,4.918108,0.121830
2.686500,4.878551,-0.121210
2.686500,2.719987,-0.007199
2.686500,2.789496,0.015479
2.686500,7.489664,0.121773
2.686500,3.696151,-0.084670
2.686500,2.689495,-0.002892
2.686500,2.891502,0.026315
2.686500,10.472398,0.069247
2.686500,3.241098,-0.056551
2.686500,2.686515,-0.000023
2.686500,3.234737,0.056076
2.686500,10.525384,-0.067789
2.686500,2.894082,-0.026574
2.686500,2.689229,0.002842
2.686500,3.684376,0.084073
2.686500,7.543077,-0.121228
2.686500,2.790964,-0.015649
2.686500,2.718566,0.007025
2.686500,4.825757,0.120336
2.686500,4.973195,-0.122645
2.686500,2.722547,-0.007507
2.686500,2.787501,0.015243
2.686500,7.415968,0.122500
2.686500,3.712788,-0.085504
2.686500,2.689950,-0.002954
2.686500,2.890342,0.026196
2.686500,10.447884,0.069910
2.686500,3.244046,-0.056769
2.686500,2.686650,-0.000028
2.686500,3.236181,0.056183
2.686500,10.513414,-0.068121
2.686500,2.893507,-0.026514
2.686500,2.689608,0.002891
2.686500,3.697817,0.084754
2.686500,7.482216,-0.121848
2.686500,2.789311,-0.015453
2.686500,2.720733,0.007286
2.686500,4.905623,0.121637
2.686500,4.890887,-0.121406
2.686500,2.720335,-0.007238
2.686500,2.789658,0.015494
2.686500,7.494937,0.121720
2.686500,3.694983,-0.084611
2.686500,2.689536,-0.002880
2.686500,2.893885,0.026552
2.686500,10.521144,0.067906
2.686500,3.235252,-0.056114
2.686500,2.686637,0.000034
2.686500,3.244529,0.056805
2.686500,10.443850,-0.070019
2.686500,2.890148,-0.026177
2.686500,2.689937,0.002955
2.686500,3.712593,0.085494
2.686500,7.416819,-0.122492
2.686500,2.787522,-0.015246
2.686500,2.722468,0.007498
2.686500,4.970317,0.122604
2.686500,4.828452,-0.120382
2.686500,2.718637,-0.007034
2.686500,2.790851,0.015636
2.686500,7.539016,0.121270
2.686500,3.685263,-0.084118
2.686500,2.689244,-0.002846
2.686500,2.893726,0.026538
2.686500,10.518168,0.067989
2.686500,3.235603,-0.056141
2.686500,2.686506,0.000016
2.686500,3.239945,0.056465
2.686500,10.481997,-0.068985
2.686500,2.891964,-0.026362
2.686500,2.689425,0.002881
2.686500,3.693286,0.084526
2.686500,7.502560,-0.121643
2.686500,2.789849,-0.015520
2.686500,2.719605,0.007152
2.686500,4.864410,0.120981
2.686500,4.932600,-0.122050
2.686500,2.721447,-0.007376
2.686500,2.788256,0.015333
2.686500,7.444049,0.122227
2.686500,3.706393,-0.085185
2.686500,2.689759,-0.002933
2.686500,2.890287,0.026192
2.686500,10.446899,0.069937
2.686500,3.244160,-0.056778
2.686500,2.686570,-0.000039
2.686500,3.233449,0.055979
2.686500,10.536126,-0.067489
2.686500,2.894618,-0.026627
2.686500,2.689304,0.002847
2.686500,3.686341,0.084173
2.686500,7.534103,-0.121320
2.686500,2.790725,-0.015619
2.686500,2.719023,0.007079
2.686500,4.842439,0.120618
2.686500,4.955498,-0.122389
2.686500,2.722075,-0.007449
2.686500,2.788064,0.015308
2.686500,7.436494,0.122300
2.686500,3.708111,-0.085271
2.686500,2.689855,-0.002933
2.686500,2.891719,0.026334
2.686500,10.476580,0.069132
2.686500,3.240604,-0.056513
2.686500,2.686674,-0.000001
2.686500,3.240394,0.056497
2.686500,10.478330,-0.069085
2.686500,2.891804,-0.026343
2.686500,2.689846,0.002931
2.686500,3.707709,0.085251
2.686500,7.438264,-0.122283
2.686500,2.788113,-0.015313
2.686500,2.722027,0.007443
2.686500,4.953682,0.122363
2.686500,4.844165,-0.120646
2.686500,2.719070,-0.007085
2.686500,2.790690,0.015615
2.686500,7.532816,0.121334
2.686500,3.686623,-0.084187
2.686500,2.689312,-0.002848
2.686500,2.894612,0.026626
2.686500,10.536000,0.067493
2.686500,3.233464,-0.055980
2.686500,2.686573,0.000039
2.686500,3.244249,0.056785
2.686500,10.446159,-0.069957
2.686500,2.890252,-0.026189
2.686500,2.689771,0.002934
2.686500,3.706826,0.085207
2.686500,7.442138,-0.122245
2.686500,2.788204,-0.015327
2.686500,2.721512,0.007384
2.686500,4.935019,0.122086
2.686500,4.862067,-0.120942
2.686500,2.719542,-0.007145
2.686500,2.789909,0.015527
2.686500,7.504744,0.121621
2.686500,3.692802,-0.084501
2.686500,2.689413,-0.002879
2.686500,2.892048,0.026370
2.686500,10.483734,0.068937
2.686500,3.239737,-0.056449
2.686500,2.686505,-0.000014
2.686500,3.235773,0.056154
2.686500,10.516751,-0.068029
2.686500,2.893657,-0.026532
2.686500,2.689248,0.002847
2.686500,3.685481,0.084129
2.686500,7.538020,-0.121280
2.686500,2.790823,-0.015633
2.686500,2.718659,0.007036
2.686500,4.829255,0.120395
2.686500,4.969461,-0.122592
2.686500,2.722445,-0.007495
2.686500,2.787534,0.015247
2.686500,7.417273,0.122487
2.686500,3.712489,-0.085489
2.686500,2.689934,-0.002954
2.686500,2.890125,0.026175
2.686500,10.443355,0.070032
2.686500,3.244589,-0.056809
2.686500,2.686634,-0.000034
2.686500,3.235107,0.056103
2.686500,10.522355,-0.067873
2.686500,2.893944,-0.026558
2.686500,2.689524,0.002878
2.686500,3.694500,0.084586
2.686500,7.497112,-0.121698
2.686500,2.789718,-0.015501
2.686500,2.720266,0.007229
2.686500,4.888331,0.121365
2.686500,4.908199,-0.121677
2.686500,2.720802,-0.007294
2.686500,2.789250,0.015446
2.686500,7.479960,0.121870
2.686500,3.698321,-0.084779
2.686500,2.689621,-0.002893
2.686500,2.893434,0.026507
2.686500,10.511933,0.068162
2.686500,3.236359,-0.056196
2.686500,2.686652,0.000027
2.686500,3.243937,0.056761
2.686500,10.448794,-0.069886
2.686500,2.890385,-0.026200
2.686500,2.689950,0.002954
2.686500,3.712752,0.085502
2.686500,7.416128,-0.122499
2.686500,2.787505,-0.015243
2.686500,2.722551,0.007508
2.686500,4.973339,0.122647
2.686500,4.825623,-0.120333
2.686500,2.718563,-0.007024
2.686500,2.790975,0.015650
2.686500,7.543494,0.121224
2.686500,3.684285,-0.084068
2.686500,2.689228,-0.002841
2.686500,2.894136,0.026579
2.686500,10.526477,0.067758
2.686500,3.234605,-0.056066
2.686500,2.686517,0.000024
2.686500,3.241290,0.056565
2.686500,10.470796,-0.069290
2.686500,2.891426,-0.026307
2.686500,2.689508,0.002895
2.686500,3.696663,0.084696
2.686500,7.487362,-0.121796
2.686500,2.789434,-0.015472
2.686500,2.720056,0.007207
2.686500,4.881129,0.121251
2.686500,4.915487,-0.121790
2.686500,2.720984,-0.007320
2.686500,2.788631,0.015378
2.686500,7.457902,0.122090
2.686500,3.703264,-0.085028
2.686500,2.689676,-0.002921
2.686500,2.890584,0.026222
2.686500,10.453173,0.069768
2.686500,3.243406,-0.056722
2.686500,2.686549,-0.000036
2.686500,3.233530,0.055985
2.686500,10.535438,-0.067508
2.686500,2.894582,-0.026623
2.686500,2.689259,0.002842
2.686500,3.684855,0.084097
2.686500,7.540891,-0.121250
2.686500,2.790909,-0.015641
2.686500,2.718760,0.007047
2.686500,4.832800,0.120455
2.686500,4.965691,-0.122537
2.686500,2.722349,-0.007483
2.686500,2.787782,0.015275
2.686500,7.426181,0.122401
2.686500,3.710457,-0.085388
2.686500,2.689907,-0.002943
2.686500,2.891180,0.026280
2.686500,10.465385,0.069437
2.686500,3.241947,-0.056613
2.686500,2.686671,-0.000011
2.686500,3.238959,0.056390
2.686500,10.490285,-0.068758
2.686500,2.892382,-0.026401
2.686500,2.689777,0.002919
2.686500,3.704744,0.085102
2.686500,7.451364,-0.122154
2.686500,2.788470,-0.015355
2.686500,2.721656,0.007398
2.686500,4.939881,0.122159
2.686500,4.857377,-0.120865
2.686500,2.719428,-0.007128
2.686500,2.790412,0.015582
2.686500,7.522595,0.121439
2.686500,3.688868,-0.084301
2.686500,2.689375,-0.002856
2.686500,2.894498,0.026614
2.686500,10.533663,0.067558
2.686500,3.233746,-0.056001
2.686500,2.686595,0.000039
2.686500,3.244676,0.056816
2.686500,10.442608,-0.070052
2.686500,2.890085,-0.026171
2.686500,2.689842,0.002944
2.686500,3.709436,0.085337
2.686500,7.430649,-0.122358
2.686500,2.787893,-0.015290
2.686500,2.721917,0.007432
2.686500,4.949970,0.122308
2.686500,4.847700,-0.120705
2.686500,2.719155,-0.007097
2.686500,2.790286,0.015571
2.686500,7.518512,0.121481
2.686500,3.689762,-0.084347
2.686500,2.689342,-0.002866
2.686500,2.892621,0.026428
2.686500,10.495565,0.068613
2.686500,3.238317,-0.056344
2.686500,2.686500,-0.000005
2.686500,3.237030,0.056248
2.686500,10.506284,-0.068318
2.686500,2.893144,-0.026480
2.686500,2.689288,0.002856
2.686500,3.687388,0.084226
2.686500,7.529313,-0.121370
2.686500,2.790583,-0.015605
2.686500,2.718868,0.007062
2.686500,4.837062,0.120527
2.686500,4.961170,-0.122472
2.686500,2.722220,-0.007469
2.686500,2.787676,0.015264
2.686500,7.422563,0.122436
2.686500,3.711280,-0.085429
2.686500,2.689895,-0.002950
2.686500,2.890043,0.026167
2.686500,10.441667,0.070078
2.686500,3.244790,-0.056824
2.686500,2.686615,-0.000038
2.686500,3.234274,0.056041
2.686500,10.529278,-0.067680
2.686500,2.894283,-0.026592
2.686500,2.689443,0.002866
2.686500,3.691409,0.084430
2.686500,7.511068,-0.121556
2.686500,2.790098,-0.015546
2.686500,2.719814,0.007175
2.686500,4.871634,0.121098
2.686500,4.925177,-0.121937
2.686500,2.721260,-0.007350
2.686500,2.788838,0.015398
2.686500,7.464844,0.122021
2.686500,3.701708,-0.084950
2.686500,2.689704,-0.002907
2.686500,2.892910,0.026454
2.686500,10.501165,0.068459
2.686500,3.237653,-0.056293
2.686500,2.686664,0.000019
2.686500,3.243028,0.056693
2.686500,10.456374,-0.069681
2.686500,2.890748,-0.026237
2.686500,2.689938,0.002950
2.686500,3.711970,0.085463
2.686500,7.419550,-0.122465
2.686500,2.787600,-0.015254
2.686500,2.722504,0.007502
2.686500,4.971524,0.122621
2.686500,4.827322,-0.120362
2.686500,2.718611,-0.007030
2.686500,2.790991,0.015651
2.686500,7.543975,0.121219
2.686500,3.684181,-0.084063
2.686500,2.689234,-0.002840
2.686500,2.894428,0.026608
2.686500,10.532364,0.067594
2.686500,3.233899,-0.056013
2.686500,2.686532,0.000031
2.686500,3.242484,0.056654
2.686500,10.460855,-0.069560
2.686500,2.890950,-0.026259
2.686500,2.689595,0.002908
2.686500,3.700127,0.084871
2.686500,7.471863,-0.121951
2.686500,2.789011,-0.015422
2.686500,2.720536,0.007265
2.686500,4.898883,0.121532
2.686500,4.897599,-0.121512
2.686500,2.720501,-0.007261
2.686500,2.789041,0.015426
2.686500,7.472965,0.121940
2.686500,3.699880,-0.084858
2.686500,2.689589,-0.002907
2.686500,2.890981,0.026263
2.686500,10.461513,0.069542
2.686500,3.242405,-0.056648
2.686500,2.686531,-0.000031
2.686500,3.233939,0.056016
2.686500,10.532030,-0.067604
2.686500,2.894411,-0.026607
2.686500,2.689233,0.002840
2.686500,3.684160,0.084061
2.686500,7.544074,-0.121218
2.686500,2.790993,-0.015652
2.686500,2.718603,0.007029
2.686500,4.827052,0.120358
2.686500,4.971812,-0.122626
2.686500,2.722512,-0.007503
2.686500,2.787590,0.015253
2.686500,7.419172,0.122469
2.686500,3.712056,-0.085468
2.686500,2.689940,-0.002951
2.686500,2.890718,0.026234
2.686500,10.455752,0.069698
2.686500,3.243103,-0.056699
2.686500,2.686664,-0.000020
2.686500,3.237556,0.056286
2.686500,10.501975,-0.068437
2.686500,2.892949,-0.026458
2.686500,2.689698,0.002906
2.686500,3.701467,0.084938
2.686500,7.465914,-0.122010
2.686500,2.788867,-0.015401
2.686500,2.721228,0.007346
2.686500,4.923992,0.121919
2.686500,4.872791,-0.121117
2.686500,2.719845,-0.007178
2.686500,2.790072,0.015542
2.686500,7.510115,0.121566
2.686500,3.691620,-0.084441
2.686500,2.689449,-0.002866
2.686500,2.894263,0.026590
2.686500,10.528856,0.067692
2.686500,3.234325,-0.056044
2.686500,2.686616,0.000038
2.686500,3.244787,0.056824
2.686500,10.441693,-0.070077
2.686500,2.890044,-0.026167
2.686500,2.689899,0.002951
2.686500,3.711394,0.085435
2.686500,7.422061,-0.122441
2.686500,2.787662,-0.015263
2.686500,2.722240,0.007471
2.686500,4.961902,0.122483
2.686500,4.836370,-0.120516
2.686500,2.718850,-0.007060
2.686500,2.790603,0.015608
2.686500,7.530045,0.121362
2.686500,3.687227,-0.084218
2.686500,2.689285,-0.002855
2.686500,2.893183,0.026484
2.686500,10.507079,0.068296
2.686500,3.236934,-0.056240
2.686500,2.686500,0.000005
2.686500,3.238418,0.056351
2.686500,10.494720,-0.068636
2.686500,2.892580,-0.026424
2.686500,2.689347,0.002867
2.686500,3.689965,0.084357
2.686500,7.517590,-0.121490
2.686500,2.790260,-0.015568
2.686500,2.719180,0.007100
2.686500,4.848637,0.120721
2.686500,4.948989,-0.122294
2.686500,2.721890,-0.007429
2.686500,2.787913,0.015293
2.686500,7.431384,0.122350
2.686500,3.709269,-0.085329
2.686500,2.689838,-0.002943
2.686500,2.890093,0.026172
2.686500,10.442778,0.070048
2.686500,3.244656,-0.056815
2.686500,2.686593,-0.000040
2.686500,3.233716,0.055999
2.686500,10.533914,-0.067551
2.686500,2.894510,-0.026615
2.686500,2.689370,0.002855
2.686500,3.688689,0.084292
2.686500,7.523409,-0.121430
2.686500,2.790434,-0.015585
2.686500,2.719400,0.007124
2.686500,4.856349,0.120848
2.686500,4.940949,-0.122175
2.686500,2.721684,-0.007402
2.686500,2.788443,0.015352
2.686500,7.450369,0.122164
2.686500,3.704969,-0.085113
2.686500,2.689782,-0.002920
2.686500,2.892340,0.026396
2.686500,10.489429,0.068781
2.686500,3.239062,-0.056398
2.686500,2.686672,0.000010
2.686500,3.241856,0.056606
2.686500,10.466143,-0.069416
2.686500,2.891217,-0.026284
2.686500,2.689904,0.002943
2.686500,3.710312,0.085381
2.686500,7.426818,-0.122395
2.686500,2.787800,-0.015277
2.686500,2.722332,0.007481
2.686500,4.965088,0.122529
2.686500,4.833367,-0.120465
2.686500,2.718776,-0.007049
2.686500,2.790898,0.015640
2.686500,7.540520,0.121254
2.686500,3.684937,-0.084101
2.686500,2.689262,-0.002842
2.686500,2.894589,0.026624
2.686500,10.535578,0.067505
2.686500,3.233514,-0.055984
2.686500,2.686551,0.000036
2.686500,3.243469,0.056727
2.686500,10.452652,-0.069782
2.686500,2.890559,-0.026220
2.686500,2.689682,0.002921
2.686500,3.703499,0.085040
2.686500,7.456862,-0.122100
2.686500,2.788603,-0.015374
2.686500,2.721018,0.007324
2.686500,4.916748,0.121809
2.686500,4.879888,-0.121231
2.686500,2.720023,-0.007203
2.686500,2.789464,0.015475
2.686500,7.488469,0.121785
2.686500,3.696417,-0.084684
2.686500,2.689502,-0.002894
2.686500,2.891462,0.026311
2.686500,10.471562,0.069269
2.686500,3.241198,-0.056558
2.686500,2.686516,-0.000024
2.686500,3.234668,0.056071
2.686500,10.525959,-0.067773
2.686500,2.894110,-0.026577
2.686500,2.689229,0.002842
2.686500,3.684327,0.084070
2.686500,7.543305,-0.121226
2.686500,2.790970,-0.015650
2.686500,2.718564,0.007024
2.686500,4.825675,0.120334
2.686500,4.973283,-0.122647
2.686500,2.722550,-0.007508
2.686500,2.787503,0.015243
2.686500,7.416040,0.122499
2.686500,3.712772,-0.085503
2.686500,2.689950,-0.002954
2.686500,2.890364,0.026198
2.686500,10.448349,0.069898
2.686500,3.243990,-0.056765
2.686500,2.686652,-0.000028
2.686500,3.236273,0.056190
2.686500,10.512649,-0.068142
2.686500,2.893469,-0.026510
2.686500,2.689615,0.002892
2.686500,3.698079,0.084767
2.686500,7.481044,-0.121859
2.686500,2.789280,-0.015450
2.686500,2.720769,0.007290
2.686500,4.906962,0.121658
2.686500,4.889557,-0.121385
2.686500,2.720299,-0.007233
2.686500,2.789689,0.015498
2.686500,7.496069,0.121708
2.686500,3.694732,-0.084598
2.686500,2.689530,-0.002879
2.686500,2.893916,0.026555
2.686500,10.521779,0.067889
2.686500,3.235176,-0.056108
2.686500,2.686635,0.000034
2.686500,3.244561,0.056807
2.686500,10.443585,-0.070026
2.686500,2.890136,-0.026176
2.686500,2.689936,0.002954
2.686500,3.712542,0.085492
2.686500,7.417044,-0.122490
2.686500,2.787528,-0.015247
2.686500,2.722456,0.007497
2.686500,4.969885,0.122598
2.686500,4.828857,-0.120388
2.686500,2.718648,-0.007035
2.686500,2.790836,0.015634
2.686500,7.538508,0.121275
2.686500,3.685374,-0.084124
2.686500,2.689246,-0.002847
2.686500,2.893690,0.026535
2.686500,10.517437,0.068009
2.686500,3.235691,-0.056147
2.686500,2.686506,0.000015
2.686500,3.239837,0.056457
2.686500,10.482898,-0.068960
2.686500,2.892008,-0.026366
2.686500,2.689419,0.002880
2.686500,3.693034,0.084513
2.686500,7.503698,-0.121631
2.686500,2.789880,-0.015524
2.686500,2.719572,0.007148
2.686500,4.863187,0.120961
2.686500,4.933862,-0.122069
2.686500,2.721481,-0.007380
2.686500,2.788228,0.015330
2.686500,7.443051,0.122236
2.686500,3.706619,-0.085196
2.686500,2.689765,-0.002933
2.686500,2.890268,0.026190
2.686500,10.446508,0.069947
2.686500,3.244207,-0.056781
2.686500,2.686572,-0.000039
2.686500,3.233456,0.055980
2.686500,10.536068,-0.067491
2.686500,2.894615,-0.026626
2.686500,2.689308,0.002847
2.686500,3.686486,0.084180
2.686500,7.533443,-0.121327
2.686500,2.790707,-0.015617
2.686500,2.719047,0.007082
2.686500,4.843327,0.120632
2.686500,4.954563,-0.122376
2.686500,2.722050,-0.007446
2.686500,2.788089,0.015311
2.686500,7.437407,0.122292
2.686500,3.707904,-0.085260
2.686500,2.689851,-0.002932
2.686500,2.891763,0.026338
2.686500,10.477487,0.069108
2.686500,3.240495,-0.056505
2.686500,2.686674,0.000000
2.686500,3.240504,0.056505
2.686500,10.477419,-0.069110
2.686500,2.891760,-0.026338
2.686500,2.689851,0.002932
2.686500,3.707919,0.085261
2.686500,7.437338,-0.122292
2.686500,2.788087,-0.015310
2.686500,2.722052,0.007446
2.686500,4.954634,0.122377
2.686500,4.843259,-0.120631
2.686500,2.719045,-0.007082
2.686500,2.790708,0.015617
2.686500,7.533493,0.121327
2.686500,3.686475,-0.084179
2.686500,2.689308,-0.002847
2.686500,2.894615,0.026626
2.686500,10.536073,0.067491
2.686500,3.233455,-0.055980
2.686500,2.686571,0.000039
2.686500,3.244204,0.056781
2.686500,10.446537,-0.069947
2.686500,2.890270,-0.026190
2.686500,2.689765,0.002933
2.686500,3.706602,0.085196
2.686500,7.443126,-0.122236
2.686500,2.788230,-0.015330
2.686500,2.721478,0.007379
2.686500,4.933767,0.122067
2.686500,4.863279,-0.120962
2.686500,2.719575,-0.007149
2.686500,2.789878,0.015523
2.686500,7.503613,0.121632
2.686500,3.693053,-0.084514
2.686500,2.689419,-0.002880
2.686500,2.892005,0.026366
2.686500,10.482830,0.068962
2.686500,3.239845,-0.056458
2.686500,2.686506,-0.000015
2.686500,3.235684,0.056147
2.686500,10.517493,-0.068008
2.686500,2.893693,-0.026535
2.686500,2.689246,0.002847
2.686500,3.685366,0.084123
2.686500,7.538547,-0.121275
2.686500,2.790838,-0.015635
2.686500,2.718647,0.007035
2.686500,4.828826,0.120388
2.686500,4.969918,-0.122598
2.686500,2.722457,-0.007497
2.686500,2.787527,0.015247
2.686500,7.417026,0.122490
2.686500,3.712546,-0.085492
2.686500,2.689936,-0.002954
2.686500,2.890137,0.026176
2.686500,10.443604,0.070026
2.686500,3.244559,-0.056807
2.686500,2.686635,-0.000034
2.686500,3.235182,0.056108
2.686500,10.521731,-0.067890
2.686500,2.893914,-0.026555
2.686500,2.689530,0.002879
2.686500,3.694751,0.084599
2.686500,7.495984,-0.121709
2.686500,2.789687,-0.015497
2.686500,2.720302,0.007234
2.686500,4.889658,0.121387
2.686500,4.906861,-0.121656
2.686500,2.720766,-0.007290
2.686500,2.789282,0.015450
2.686500,7.481133,0.121859
2.686500,3.698059,-0.084766
2.686500,2.689614,-0.002892
2.686500,2.893472,0.026510
2.686500,10.512707,0.068140
2.686500,3.236266,-0.056189
2.686500,2.686651,0.000028
2.686500,3.243995,0.056765
2.686500,10.448314,-0.069899
2.686500,2.890362,-0.026198
2.686500,2.689950,0.002954
2.686500,3.712773,0.085503
2.686500,7.416034,-0.122499
2.686500,2.787503,-0.015243
2.686500,2.722550,0.007508
2.686500,4.973278,0.122647
2.686500,4.825680,-0.120334
2.686500,2.718564,-0.007024
2.686500,2.790970,0.015649
2.686500,7.543288,0.121226
2.686500,3.684330,-0.084070
2.686500,2.689229,-0.002842
2.686500,2.894108,0.026577
2.686500,10.525916,0.067774
2.686500,3.234673,-0.056071
2.686500,2.686516,0.000024
2.686500,3.241191,0.056558
2.686500,10.471625,-0.069268
2.686500,2.891465,-0.026311
2.686500,2.689501,0.002893
2.686500,3.696397,0.084683
2.686500,7.488559,-0.121784
2.686500,2.789466,-0.015476
2.686500,2.720020,0.007203
2.686500,4.879786,0.121229
2.686500,4.916851,-0.121810
2.686500,2.721021,-0.007324
2.686500,2.788601,0.015374
2.686500,7.456777,0.122101
2.686500,3.703518,-0.085041
2.686500,2.689683,-0.002922
2.686500,2.890557,0.026220
2.686500,10.452610,0.069783
2.686500,3.243474,-0.056727
2.686500,2.686551,-0.000036
2.686500,3.233512,0.055984
2.686500,10.535588,-0.067504
2.686500,2.894589,-0.026624
2.686500,2.689262,0.002842
2.686500,3.684943,0.084101
2.686500,7.540489,-0.121255
2.686500,2.790898,-0.015640
2.686500,2.718777,0.007049
2.686500,4.833415,0.120466
2.686500,4.965038,-0.122528
2.686500,2.722331,-0.007480
2.686500,2.787801,0.015277
2.686500,7.426871,0.122394
2.686500,3.710300,-0.085380
2.686500,2.689904,-0.002943
2.686500,2.891220,0.026284
2.686500,10.466206,0.069415
2.686500,3.241849,-0.056605
2.686500,2.686672,-0.000010
2.686500,3.239070,0.056398
2.686500,10.489359,-0.068783
2.686500,2.892337,-0.026396
2.686500,2.689783,0.002920
2.686500,3.704987,0.085114
2.686500,7.450288,-0.122165
2.686500,2.788441,-0.015352
2.686500,2.721687,0.007402
2.686500,4.941036,0.122176
2.686500,4.856265,-0.120847
2.686500,2.719398,-0.007124
2.686500,2.790436,0.015585
2.686500,7.523475,0.121430
2.686500,3.688674,-0.084291
2.686500,2.689370,-0.002855
2.686500,2.894511,0.026616
2.686500,10.533934,0.067550
2.686500,3.233713,-0.055999
2.686500,2.686593,0.000040
2.686500,3.244654,0.056814
2.686500,10.442792,-0.070047
2.686500,2.890094,-0.026172
2.686500,2.689837,0.002943
2.686500,3.709255,0.085328
2.686500,7.431444,-0.122350
2.686500,2.787915,-0.015293
2.686500,2.721888,0.007429
2.686500,4.948908,0.122293
2.686500,4.848714,-0.120722
2.686500,2.719182,-0.007101
2.686500,2.790258,0.015568
2.686500,7.517515,0.121491
2.686500,3.689982,-0.084358
2.686500,2.689347,-0.002867
2.686500,2.892577,0.026423
2.686500,10.494650,0.068638
2.686500,3.238426,-0.056352
2.686500,2.686500,-0.000005
2.686500,3.236927,0.056240
2.686500,10.507143,-0.068294
2.686500,2.893186,-0.026484
2.686500,2.689285,0.002855
2.686500,3.687214,0.084217
2.686500,7.530104,-0.121362
2.686500,2.790604,-0.015608
2.686500,2.718848,0.007060
2.686500,4.836315,0.120515
2.686500,4.961961,-0.122483
2.686500,2.722241,-0.007471
2.686500,2.787661,0.015263
2.686500,7.422021,0.122442
2.686500,3.711404,-0.085435
2.686500,2.689899,-0.002951
2.686500,2.890044,0.026167
2.686500,10.441696,0.070077
2.686500,3.244787,-0.056824
2.686500,2.686616,-0.000038
2.686500,3.234329,0.056045
2.686500,10.528821,-0.067693
2.686500,2.894261,-0.026590
2.686500,2.689449,0.002867
2.686500,3.691637,0.084441
2.686500,7.510037,-0.121567
2.686500,2.790070,-0.015542
2.686500,2.719848,0.007179
2.686500,4.872886,0.121118
2.686500,4.923895,-0.121918
2.686500,2.721225,-0.007346
2.686500,2.788869,0.015402
2.686500,7.466001,0.122010
2.686500,3.701448,-0.084937
2.686500,2.689698,-0.002905
2.686500,2.892952,0.026458
2.686500,10.502041,0.068435
2.686500,3.237548,-0.056285
2.686500,2.686664,0.000020
2.686500,3.243109,0.056699
2.686500,10.455702,-0.069699
2.686500,2.890716,-0.026233
2.686500,2.689940,0.002951
2.686500,3.712063,0.085468
2.686500,7.419142,-0.122469
2.686500,2.787589,-0.015253
2.686500,2.722512,0.007503
2.686500,4.971834,0.122626
2.686500,4.827031,-0.120357
2.686500,2.718603,-0.007029
2.686500,2.790994,0.015652
2.686500,7.544081,0.121217
2.686500,3.684158,-0.084061
2.686500,2.689233,-0.002840
2.686500,2.894410,0.026607
2.686500,10.532002,0.067604
2.686500,3.233942,-0.056016
2.686500,2.686531,0.000031
2.686500,3.242398,0.056647
2.686500,10.461567,-0.069541
2.686500,2.890984,-0.026263
2.686500,2.689588,0.002907
2.686500,3.699860,0.084857
2.686500,7.473055,-0.121940
2.686500,2.789043,-0.015426
2.686500,2.720498,0.007261
2.686500,4.897494,0.121510
2.686500,4.898988,-0.121534
2.686500,2.720538,-0.007266
2.686500,2.789009,0.015422
2.686500,7.471774,0.121952
2.686500,3.700147,-0.084872
2.686500,2.689595,-0.002908
2.686500,2.890947,0.026259
2.686500,10.460802,0.069561
2.686500,3.242490,-0.056654
2.686500,2.686532,-0.000031
2.686500,3.233896,0.056013
2.686500,10.532390,-0.067594
2.686500,2.894429,-0.026608
2.686500,2.689235,0.002840
2.686500,3.684183,0.084063
2.686500,7.543966,-0.121219
2.686500,2.790991,-0.015651
2.686500,2.718611,0.007030
2.686500,4.827345,0.120363
2.686500,4.971499,-0.122621
2.686500,2.722504,-0.007502
2.686500,2.787601,0.015254
2.686500,7.419582,0.122465
2.686500,3.711963,-0.085463
2.686500,2.689938,-0.002950
2.686500,2.890751,0.026237
2.686500,10.456425,0.069680
2.686500,3.243022,-0.056693
2.686500,2.686664,-0.000019
2.686500,3.237661,0.056293
2.686500,10.501098,-0.068461
2.686500,2.892907,-0.026453
2.686500,2.689705,0.002907
2.686500,3.701727,0.084951
2.686500,7.464757,-0.122022
2.686500,2.788835,-0.015398
2.686500,2.721263,0.007350
2.686500,4.925273,0.121939
2.686500,4.871540,-0.121096
2.686500,2.719812,-0.007174
2.686500,2.790100,0.015546
2.686500,7.511145,0.121556
2.686500,3.691392,-0.084429
2.686500,2.689443,-0.002866
2.686500,2.894285,0.026592
2.686500,10.529312,0.067679
2.686500,3.234270,-0.056040
2.686500,2.686614,0.000038
2.686500,3.244790,0.056824
2.686500,10.441665,-0.070078
2.686500,2.890042,-0.026167
2.686500,2.689895,0.002950
2.686500,3.711270,0.085429
2.686500,7.422605,-0.122436
2.686500,2.787677,-0.015265
2.686500,2.722218,0.007468
2.686500,4.961109,0.122471
2.686500,4.837120,-0.120528
2.686500,2.718870,-0.007062
2.686500,2.790581,0.015605
2.686500,7.529253,0.121370
2.686500,3.687401,-0.084227
2.686500,2.689289,-0.002856
2.686500,2.893141,0.026480
2.686500,10.506219,0.068320
2.686500,3.237038,-0.056248
2.686500,2.686500,0.000005
2.686500,3.238308,0.056343
2.686500,10.495634,-0.068611
2.686500,2.892625,-0.026428
2.686500,2.689342,0.002866
2.686500,3.689746,0.084346
2.686500,7.518586,-0.121480
2.686500,2.790288,-0.015571
2.686500,2.719153,0.007097
2.686500,4.847624,0.120704
2.686500,4.950049,-0.122309
2.686500,2.721919,-0.007432
2.686500,2.787892,0.015290
2.686500,7.430590,0.122358
2.686500,3.709449,-0.085338
2.686500,2.689843,-0.002944
2.686500,2.890085,0.026171
2.686500,10.442595,0.070053
2.686500,3.244678,-0.056816
2.686500,2.686595,-0.000039
2.686500,3.233748,0.056001
2.686500,10.533642,-0.067559
2.686500,2.894497,-0.026614
2.686500,2.689376,0.002856
2.686500,3.688883,0.084302
2.686500,7.522528,-0.121439
2.686500,2.790410,-0.015582
2.686500,2.719430,0.007128
2.686500,4.857461,0.120867
2.686500,4.939794,-0.122157
2.686500,2.721653,-0.007398
2.686500,2.788472,0.015355
2.686500,7.451446,0.122154
2.686500,3.704726,-0.085101
2.686500,2.689776,-0.002919
2.686500,2.892385,0.026401
2.686500,10.490355,0.068756
2.686500,3.238951,-0.056390
2.686500,2.686671,0.000011
2.686500,3.241955,0.056613
2.686500,10.465324,-0.069439
2.686500,2.891177,-0.026280
2.686500,2.689908,0.002943
2.686500,3.710469,0.085388
2.686500,7.426130,-0.122402
2.686500,2.787781,-0.015275
2.686500,2.722350,0.007483
2.686500,4.965739,0.122538
2.686500,4.832754,-0.120455
2.686500,2.718759,-0.007047
2.686500,2.790909,0.015641
2.686500,7.540921,0.121250
2.686500,3.684849,-0.084097
2.686500,2.689259,-0.002842
2.686500,2.894581,0.026623
2.686500,10.535426,0.067509
2.686500,3.233532,-0.055986
2.686500,2.686549,0.000036
2.686500,3.243401,0.056722
2.686500,10.453216,-0.069767
2.686500,2.890586,-0.026223
2.686500,2.689675,0.002920
2.686500,3.703245,0.085027
2.686500,7.457987,-0.122089
2.686500,2.788634,-0.015378
2.686500,2.720981,0.007319
2.686500,4.915384,0.121788
2.686500,4.881230,-0.121253
2.686500,2.720059,-0.007208
2.686500,2.789431,0.015471
2.686500,7.487272,0.121797
2.686500,3.696683,-0.084697
2.686500,2.689508,-0.002895
2.686500,2.891423,0.026307
2.686500,10.470734,0.069292
2.686500,3.241298,-0.056566
2.686500,2.686517,-0.000024
2.686500,3.234600,0.056066
2.686500,10.526519,-0.067757
2.686500,2.894138,-0.026580
2.686500,2.689228,0.002841
2.686500,3.684282,0.084068
2.686500,7.543508,-0.121223
2.686500,2.790976,-0.015650
2.686500,2.718563,0.007024
2.686500,4.825619,0.120333
2.686500,4.973343,-0.122647
2.686500,2.722552,-0.007508
2.686500,2.787506,0.015244
2.686500,7.416136,0.122498
2.686500,3.712750,-0.085502
2.686500,2.689950,-0.002954
2.686500,2.890387,0.026201
2.686500,10.448831,0.069885
2.686500,3.243933,-0.056760
2.686500,2.686653,-0.000027
2.686500,3.236366,0.056197
2.686500,10.511874,-0.068163
2.686500,2.893432,-0.026506
2.686500,2.689621,0.002893
2.686500,3.698341,0.084780
2.686500,7.479871,-0.121871
2.686500,2.789248,-0.015446
2.686500,2.720805,0.007295
2.686500,4.908300,0.121679
2.686500,4.888231,-0.121364
2.686500,2.720263,-0.007229
2.686500,2.789720,0.015501
2.686500,7.497196,0.121697
2.686500,3.694481,-0.084585
2.686500,2.689524,-0.002878
2.686500,2.893946,0.026558
2.686500,10.522402,0.067872
2.686500,3.235101,-0.056102
2.686500,2.686634,0.000034
2.686500,3.244591,0.056809
2.686500,10.443337,-0.070033
2.686500,2.890124,-0.026174
2.686500,2.689934,0.002954
2.686500,3.712485,0.085489
2.686500,7.417293,-0.122487
2.686500,2.787534,-0.015247
2.686500,2.722444,0.007495
2.686500,4.969425,0.122591
2.686500,4.829288,-0.120396
2.686500,2.718660,-0.007037
2.686500,2.790822,0.015633
2.686500,7.537979,0.121281
2.686500,3.685490,-0.084129
2.686500,2.689249,-0.002847
2.686500,2.893654,0.026531
2.686500,10.516694,0.068030
2.686500,3.235780,-0.056154
2.686500,2.686505,0.000014
2.686500,3.239729,0.056449
2.686500,10.483803,-0.068936
2.686500,2.892052,-0.026371
2.686500,2.689413,0.002879
2.686500,3.692784,0.084500
2.686500,7.504829,-0.121620
2.686500,2.789911,-0.015527
2.686500,2.719540,0.007144
2.686500,4.861976,0.120941
2.686500,4.935114,-0.122087
2.686500,2.721515,-0.007384
2.686500,2.788202,0.015327
2.686500,7.442064,0.122246
2.686500,3.706843,-0.085208
2.686500,2.689771,-0.002934
2.686500,2.890251,0.026188
2.686500,10.446131,0.069958
2.686500,3.244252,-0.056785
2.686500,2.686573,-0.000039
2.686500,3.233465,0.055980
2.686500,10.535993,-0.067493
2.686500,2.894611,-0.026626
2.686500,2.689313,0.002848
2.686500,3.686634,0.084187
2.686500,7.532765,-0.121334
2.686500,2.790688,-0.015615
2.686500,2.719071,0.007085
2.686500,4.844234,0.120648
2.686500,4.953610,-0.122362
2.686500,2.722025,-0.007443
2.686500,2.788115,0.015314
2.686500,7.438335,0.122282
2.686500,3.707693,-0.085250
2.686500,2.689846,-0.002931
2.686500,2.891807,0.026343
2.686500,10.478399,0.069083
2.686500,3.240386,-0.056496
2.686500,2.686674,0.000001
2.686500,3.240613,0.056513
2.686500,10.476511,-0.069134
2.686500,2.891716,-0.026334
2.686500,2.689856,0.002933
2.686500,3.708126,0.085271
2.686500,7.436426,-0.122301
2.686500,2.788062,-0.015308
2.686500,2.722077,0.007449
2.686500,4.955568,0.122390
2.686500,4.842372,-0.120616
2.686500,2.719021,-0.007079
2.686500,2.790726,0.015620
2.686500,7.534152,0.121320
2.686500,3.686330,-0.084172
2.686500,2.689304,-0.002847
2.686500,2.894618,0.026627
2.686500,10.536130,0.067489
2.686500,3.233448,-0.055979
2.686500,2.686570,0.000039
2.686500,3.244157,0.056778
2.686500,10.446929,-0.069936
2.686500,2.890288,-0.026192
2.686500,2.689758,0.002932
2.686500,3.706376,0.085184
2.686500,7.444125,-0.122226
2.686500,2.788258,-0.015334
2.686500,2.721444,0.007375
2.686500,4.932504,0.122048
2.686500,4.864503,-0.120982
2.686500,2.719608,-0.007153
2.686500,2.789846,0.015520
2.686500,7.502473,0.121644
2.686500,3.693305,-0.084526
2.686500,2.689426,-0.002881
2.686500,2.891961,0.026361
2.686500,10.481929,0.068987
2.686500,3.239954,-0.056466
2.686500,2.686507,-0.000016
2.686500,3.235596,0.056140
2.686500,10.518223,-0.067988
2.686500,2.893729,-0.026539
2.686500,2.689244,0.002846
2.686500,3.685255,0.084117
2.686500,7.539053,-0.121269
2.686500,2.790852,-0.015636
2.686500,2.718637,0.007034
2.686500,4.828422,0.120381
2.686500,4.970348,-0.122605
2.686500,2.722469,-0.007498
2.686500,2.787522,0.015246
2.686500,7.416803,0.122492
2.686500,3.712597,-0.085495
2.686500,2.689938,-0.002955
2.686500,2.890149,0.026177
2.686500,10.443871,0.070018
2.686500,3.244527,-0.056805
2.686500,2.686637,-0.000033
2.686500,3.235258,0.056114
2.686500,10.521096,-0.067908
2.686500,2.893882,-0.026552
2.686500,2.689537,0.002880
2.686500,3.695003,0.084612
2.686500,7.494851,-0.121721
2.686500,2.789656,-0.015494
2.686500,2.720338,0.007238
2.686500,4.890988,0.121408
2.686500,4.905521,-0.121635
2.686500,2.720730,-0.007286
2.686500,2.789314,0.015454
2.686500,7.482305,0.121847
2.686500,3.697797,-0.084753
2.686500,2.689608,-0.002891
2.686500,2.893510,0.026514
2.686500,10.513472,0.068119
2.686500,3.236174,-0.056182
2.686500,2.686650,0.000028
2.686500,3.244050,0.056769
2.686500,10.447849,-0.069911
2.686500,2.890340,-0.026196
2.686500,2.689950,0.002955
2.686500,3.712789,0.085504
2.686500,7.415964,-0.122500
2.686500,2.787501,-0.015243
2.686500,2.722547,0.007507
2.686500,4.973187,0.122645
2.686500,4.825764,-0.120336
2.686500,2.718566,-0.007025
2.686500,2.790963,0.015649
2.686500,7.543059,0.121228
2.686500,3.684380,-0.084073
2.686500,2.689229,-0.002842
2.686500,2.894080,0.026574
2.686500,10.525340,0.067790
2.686500,3.234742,-0.056076
2.686500,2.686515,0.000023
2.686500,3.241090,0.056550
2.686500,10.472461,-0.069245
2.686500,2.891506,-0.026316
2.686500,2.689495,0.002892
2.686500,3.696130,0.084669
2.686500,7.489754,-0.121772
2.686500,2.789499,-0.015479
2.686500,2.719984,0.007199
2.686500,4.878451,0.121208
2.686500,4.918211,-0.121831
2.686500,2.721058,-0.007329
2.686500,2.788570,0.015370
2.686500,7.455660,0.122112
2.686500,3.703769,-0.085054
2.686500,2.689689,-0.002922
2.686500,2.890531,0.026217
2.686500,10.452060,0.069798
2.686500,3.243540,-0.056732
2.686500,2.686552,-0.000036
2.686500,3.233496,0.055983
2.686500,10.535722,-0.067501
2.686500,2.894596,-0.026625
2.686500,2.689265,0.002842
2.686500,3.685036,0.084106
2.686500,7.540064,-0.121259
2.686500,2.790886,-0.015639
2.686500,2.718795,0.007052
2.686500,4.834053,0.120476
2.686500,4.964360,-0.122518
2.686500,2.722313,-0.007478
2.686500,2.787821,0.015280
2.686500,7.427579,0.122387
2.686500,3.710138,-0.085372
2.686500,2.689900,-0.002942
2.686500,2.891260,0.026288
2.686500,10.467035,0.069392
2.686500,3.241749,-0.056598
2.686500,2.686672,-0.000009
2.686500,3.239182,0.056407
2.686500,10.488432,-0.068809
2.686500,2.892292,-0.026392
2.686500,2.689788,0.002921
2.686500,3.705228,0.085126
2.686500,7.449220,-0.122176
2.686500,2.788412,-0.015348
2.686500,2.721718,0.007406
2.686500,4.942178,0.122193
2.686500,4.855167,-0.120829
2.686500,2.719368,-0.007121
2.686500,2.790459,0.015588
2.686500,7.524342,0.121421
2.686500,3.688484,-0.084281
2.686500,2.689365,-0.002855
2.686500,2.894524,0.026617
2.686500,10.534190,0.067543
2.686500,3.233682,-0.055996
2.686500,2.686592,0.000040
2.686500,3.244630,0.056813
2.686500,10.442991,-0.070042
2.686500,2.890103,-0.026173
2.686500,2.689832,0.002942
2.686500,3.709070,0.085319
2.686500,7.432256,-0.122342
2.686500,2.787937,-0.015296
2.686500,2.721859,0.007425
2.686500,4.947828,0.122277
2.686500,4.849747,-0.120739
2.686500,2.719210,-0.007104
2.686500,2.790231,0.015565
2.686500,7.516505,0.121501
2.686500,3.690204,-0.084369
2.686500,2.689352,-0.002868
2.686500,2.892532,0.026419
2.686500,10.493734,0.068663
2.686500,3.238536,-0.056360
2.686500,2.686501,-0.000006
2.686500,3.236824,0.056232
2.686500,10.507996,-0.068271
2.686500,2.893227,-0.026489
2.686500,2.689281,0.002854
2.686500,3.687045,0.084209
2.686500,7.530877,-0.121354
2.686500,2.790626,-0.015610
2.686500,2.718829,0.007057
2.686500,4.835591,0.120502
2.686500,4.962728,-0.122495
2.686500,2.722262,-0.007474
2.686500,2.787647,0.015261
2.686500,7.421499,0.122447
2.686500,3.711523,-0.085441
2.686500,2.689903,-0.002951
2.686500,2.890046,0.026167
2.686500,10.441742,0.070076
2.686500,3.244781,-0.056824
2.686500,2.686618,-0.000038
2.686500,3.234385,0.056049
2.686500,10.528350,-0.067706
2.686500,2.894238,-0.026588
2.686500,2.689456,0.002867
2.686500,3.691867,0.084453
2.686500,7.508997,-0.121577
2.686500,2.790041,-0.015539
2.686500,2.719882,0.007183
2.686500,4.874146,0.121139
2.686500,4.922606,-0.121898
2.686500,2.721191,-0.007341
2.686500,2.788901,0.015405
2.686500,7.467162,0.121998
2.686500,3.701187,-0.084924
2.686500,2.689691,-0.002904
2.686500,2.892995,0.026462
2.686500,10.502911,0.068411
2.686500,3.237443,-0.056277
2.686500,2.686663,0.000021
2.686500,3.243188,0.056705
2.686500,10.455044,-0.069717
2.686500,2.890684,-0.026230
2.686500,2.689942,0.002951
2.686500,3.712151,0.085472
2.686500,7.418758,-0.122473
2.686500,2.787579,-0.015252
2.686500,2.722520,0.007504
2.686500,4.972117,0.122630
2.686500,4.826766,-0.120353
2.686500,2.718595,-0.007028
2.686500,2.790996,0.015652
2.686500,7.544163,0.121217
2.686500,3.684140,-0.084060
2.686500,2.689232,-0.002840
2.686500,2.894391,0.026605
2.686500,10.531624,0.067615
2.686500,3.233988,-0.056020
2.686500,2.686530,0.000030
2.686500,3.242311,0.056641
2.686500,10.462290,-0.069521
2.686500,2.891018,-0.026266
2.686500,2.689581,0.002906
2.686500,3.699592,0.084844
2.686500,7.474248,-0.121928
2.686500,2.789076,-0.015430
2.686500,2.720460,0.007256
2.686500,4.896105,0.121488
2.686500,4.900378,-0.121555
2.686500,2.720576,-0.007270
2.686500,2.788976,0.015418
2.686500,7.470585,0.121964
2.686500,3.700413,-0.084885
2.686500,2.689602,-0.002909
2.686500,2.890914,0.026256
2.686500,10.460101,0.069580
2.686500,3.242574,-0.056660
2.686500,2.686533,-0.000031
2.686500,3.233854,0.056010
2.686500,10.532735,-0.067584
2.686500,2.894446,-0.026610
2.686500,2.689236,0.002840
2.686500,3.684212,0.084064
2.686500,7.543834,-0.121220
2.686500,2.790987,-0.015651
2.686500,2.718620,0.007031
2.686500,4.827664,0.120368
2.686500,4.971159,-0.122616
2.686500,2.722495,-0.007501
2.686500,2.787613,0.015256
2.686500,7.420014,0.122461
2.686500,3.711864,-0.085458
2.686500,2.689936,-0.002950
2.686500,2.890783,0.026240
2.686500,10.457111,0.069661
2.686500,3.242940,-0.056687
2.686500,2.686665,-0.000019
2.686500,3.237767,0.056301
2.686500,10.500216,-0.068485
2.686500,2.892864,-0.026449
2.686500,2.689711,0.002908
2.686500,3.701987,0.084964
2.686500,7.463604,-0.122033
2.686500,2.788804,-0.015394
2.686500,2.721297,0.007354
2.686500,4.926548,0.121958
2.686500,4.870297,-0.121076
2.686500,2.719778,-0.007170
2.686500,2.790128,0.015549
2.686500,7.512166,0.121545
2.686500,3.691167,-0.084418
2.686500,2.689437,-0.002865
2.686500,2.894307,0.026595
2.686500,10.529754,0.067667
2.686500,3.234217,-0.056036
2.686500,2.686613,0.000038
2.686500,3.244792,0.056824
2.686500,10.441654,-0.070078
2.686500,2.890042,-0.026167
2.686500,2.689891,0.002950
2.686500,3.711141,0.085422
2.686500,7.423171,-0.122430
2.686500,2.787692,-0.015266
2.686500,2.722196,0.007466
2.686500,4.960293,0.122459
2.686500,4.837891,-0.120541
2.686500,2.718891,-0.007065
2.686500,2.790559,0.015602
2.686500,7.528442,0.121379
2.686500,3.687579,-0.084236
2.686500,2.689293,-0.002857
2.686500,2.893098,0.026476
2.686500,10.505352,0.068344
2.686500,3.237142,-0.056256
2.686500,2.686500,0.000004
2.686500,3.238199,0.056335
2.686500,10.496547,-0.068586
2.686500,2.892669,-0.026433
2.686500,2.689337,0.002865
2.686500,3.689529,0.084335
2.686500,7.519569,-0.121470
2.686500,2.790315,-0.015574
2.686500,2.719126,0.007094
2.686500,4.846629,0.120688
2.686500,4.951092,-0.122325
2.686500,2.721947,-0.007436
2.686500,2.787871,0.015288
2.686500,7.429813,0.122366
2.686500,3.709626,-0.085347
2.686500,2.689848,-0.002945
2.686500,2.890077,0.026170
2.686500,10.442429,0.070057
2.686500,3.244698,-0.056818
2.686500,2.686597,-0.000039
2.686500,3.233783,0.056004
2.686500,10.533355,-0.067567
2.686500,2.894483,-0.026613
2.686500,2.689381,0.002857
2.686500,3.689080,0.084312
2.686500,7.521633,-0.121448
2.686500,2.790385,-0.015579
2.686500,2.719461,0.007132
2.686500,4.858587,0.120885
2.686500,4.938625,-0.122140
2.686500,2.721622,-0.007394
2.686500,2.788502,0.015359
2.686500,7.452532,0.122143
2.686500,3.704480,-0.085089
2.686500,2.689771,-0.002918
2.686500,2.892430,0.026405
2.686500,10.491279,0.068731
2.686500,3.238840,-0.056381
2.686500,2.686671,0.000012
2.686500,3.242052,0.056620
2.686500,10.464514,-0.069461
2.686500,2.891138,-0.026276
2.686500,2.689911,0.002944
2.686500,3.710621,0.085396
2.686500,7.425462,-0.122408
2.686500,2.787763,-0.015273
2.686500,2.722367,0.007485
2.686500,4.966366,0.122547
2.686500,4.832164,-0.120445
2.686500,2.718743,-0.007045
2.686500,2.790920,0.015643
2.686500,7.541300,0.121246
2.686500,3.684766,-0.084092
2.686500,2.689256,-0.002841
2.686500,2.894572,0.026623
2.686500,10.535259,0.067513
2.686500,3.233552,-0.055987
2.686500,2.686548,0.000035
2.686500,3.243332,0.056717
2.686500,10.453793,-0.069751
2.686500,2.890613,-0.026225
2.686500,2.689669,0.002919
2.686500,3.702990,0.085015
2.686500,7.459120,-0.122078
2.686500,2.788664,-0.015382
2.686500,2.720944,0.007315
2.686500,4.914014,0.121767
2.686500,4.882579,-0.121274
2.686500,2.720095,-0.007212
2.686500,2.789398,0.015468
2.686500,7.486072,0.121809
2.686500,3.696951,-0.084711
2.686500,2.689515,-0.002896
2.686500,2.891383,0.026303
2.686500,10.469913,0.069314
2.686500,3.241396,-0.056573
2.686500,2.686518,-0.000025
2.686500,3.234535,0.056061
2.686500,10.527064,-0.067742
2.686500,2.894165,-0.026582
2.686500,2.689228,0.002841
2.686500,3.684243,0.084066
2.686500,7.543688,-0.121222
2.686500,2.790981,-0.015651
2.686500,2.718562,0.007024
2.686500,4.825591,0.120333
2.686500,4.973373,-0.122648
2.686500,2.722552,-0.007508
2.686500,2.787509,0.015244
2.686500,7.416257,0.122497
2.686500,3.712722,-0.085501
2.686500,2.689950,-0.002954
2.686500,2.890411,0.026203
2.686500,10.449329,0.069871
2.686500,3.243873,-0.056756
2.686500,2.686654,-0.000027
2.686500,3.236461,0.056204
2.686500,10.511089,-0.068185
2.686500,2.893393,-0.026502
2.686500,2.689628,0.002894
2.686500,3.698603,0.084793
2.686500,7.478697,-0.121883
2.686500,2.789216,-0.015442
2.686500,2.720841,0.007299
2.686500,4.909636,0.121699
2.686500,4.886908,-0.121343
2.686500,2.720227,-0.007225
2.686500,2.789750,0.015505
2.686500,7.498318,0.121686
2.686500,3.694232,-0.084573
2.686500,2.689517,-0.002877
2.686500,2.893976,0.026561
2.686500,10.523013,0.067855
2.686500,3.235027,-0.056097
2.686500,2.686632,0.000035
2.686500,3.244619,0.056811
2.686500,10.443105,-0.070039
2.686500,2.890113,-0.026173
2.686500,2.689931,0.002954
2.686500,3.712422,0.085486
2.686500,7.417566,-0.122485
2.686500,2.787542,-0.015248
2.686500,2.722431,0.007494
2.686500,4.968938,0.122584
2.686500,4.829745,-0.120404
2.686500,2.718672,-0.007038
2.686500,2.790807,0.015631
2.686500,7.537428,0.121286
2.686500,3.685610,-0.084136
2.686500,2.689251,-0.002848
2.686500,2.893617,0.026528
2.686500,10.515941,0.068051
2.686500,3.235870,-0.056161
2.686500,2.686505,0.000014
2.686500,3.239620,0.056441
2.686500,10.484710,-0.068911
2.686500,2.892095,-0.026375
2.686500,2.689407,0.002878
2.686500,3.692535,0.084487
2.686500,7.505953,-0.121608
2.686500,2.789942,-0.015531
2.686500,2.719507,0.007140
2.686500,4.860777,0.120921
2.686500,4.936353,-0.122106
2.686500,2.721548,-0.007388
2.686500,2.788175,0.015324
2.686500,7.441090,0.122256
2.686500,3.707064,-0.085219
2.686500,2.689777,-0.002935
2.686500,2.890234,0.026187
2.686500,10.445769,0.069967
2.686500,3.244296,-0.056788
2.686500,2.686575,-0.000039
2.686500,3.233476,0.055981
2.686500,10.535903,-0.067495
2.686500,2.894607,-0.026625
2.686500,2.689317,0.002848
2.686500,3.686787,0.084195
2.686500,7.532069,-0.121341
2.686500,2.790669,-0.015613
2.686500,2.719097,0.007088
2.686500,4.845159,0.120663
2.686500,4.952638,-0.122347
2.686500,2.721999,-0.007440
2.686500,2.788140,0.015317
2.686500,7.439277,0.122273
2.686500,3.707480,-0.085239
2.686500,2.689841,-0.002930
2.686500,2.891851,0.026347
2.686500,10.479314,0.069058
2.686500,3.240276,-0.056488
2.686500,2.686674,0.000002
2.686500,3.240721,0.056521
2.686500,10.475608,-0.069159
2.686500,2.891672,-0.026329
2.686500,2.689860,0.002934
2.686500,3.708330,0.085282
2.686500,7.435528,-0.122310
2.686500,2.788038,-0.015305
2.686500,2.722102,0.007452
2.686500,4.956482,0.122404
2.686500,4.841504,-0.120602
2.686500,2.718997,-0.007076
2.686500,2.790743,0.015622
2.686500,7.534792,0.121313
2.686500,3.686190,-0.084165
2.686500,2.689300,-0.002846
2.686500,2.894620,0.026627
2.686500,10.536171,0.067488
2.686500,3.233443,-0.055979
2.686500,2.686568,0.000039
2.686500,3.244108,0.056774
2.686500,10.447335,-0.069925
2.686500,2.890308,-0.026194
2.686500,2.689752,0.002932
2.686500,3.706147,0.085173
2.686500,7.445137,-0.122216
2.686500,2.788285,-0.015337
2.686500,2.721410,0.007371
2.686500,4.931230,0.122029
2.686500,4.865739,-0.121002
2.686500,2.719641,-0.007157
2.686500,2.789815,0.015516
2.686500,7.501327,0.121655
2.686500,3.693559,-0.084539
2.686500,2.689432,-0.002882
2.686500,2.891918,0.026357
2.686500,10.481031,0.069011
2.686500,3.240061,-0.056474
2.686500,2.686507,-0.000016
2.686500,3.235510,0.056134
2.686500,10.518941,-0.067968
2.686500,2.893765,-0.026542
2.686500,2.689242,0.002846
2.686500,3.685149,0.084112
2.686500,7.539536,-0.121264
2.686500,2.790865,-0.015638
2.686500,2.718627,0.007032
2.686500,4.828045,0.120375
2.686500,4.970751,-0.122610
2.686500,2.722480,-0.007500
2.686500,2.787516,0.015245
2.686500,7.416604,0.122494
2.686500,3.712642,-0.085497
2.686500,2.689939,-0.002955
2.686500,2.890163,0.026178
2.686500,10.444155,0.070011
2.686500,3.244493,-0.056802
2.686500,2.686638,-0.000033
2.686500,3.235336,0.056120
2.686500,10.520448,-0.067926
2.686500,2.893851,-0.026549
2.686500,2.689543,0.002881
2.686500,3.695255,0.084625
2.686500,7.493713,-0.121732
2.686500,2.789625,-0.015490
2.686500,2.720374,0.007242
2.686500,4.892320,0.121429
2.686500,4.904181,-0.121615
2.686500,2.720694,-0.007281
2.686500,2.789346,0.015457
2.686500,7.483475,0.121835
2.686500,3.697536,-0.084740
2.686500,2.689601,-0.002890
2.686500,2.893546,0.026518
2.686500,10.514227,0.068098
2.686500,3.236084,-0.056176
2.686500,2.686649,0.000029
2.686500,3.244104,0.056773
2.686500,10.447401,-0.069923
2.686500,2.890319,-0.026194
2.686500,2.689949,0.002955
2.686500,3.712799,0.085505
2.686500,7.415919,-0.122501
2.686500,2.787499,-0.015243
2.686500,2.722544,0.007507
2.686500,4.973068,0.122644
2.686500,4.825876,-0.120338
2.686500,2.718569,-0.007025
2.686500,2.790956,0.015648
2.686500,7.542806,0.121231
2.686500,3.684435,-0.084076
2.686500,2.689230,-0.002842
2.686500,2.894051,0.026571
2.686500,10.524750,0.067806
2.686500,3.234813,-0.056082
2.686500,2.686514,0.000022
2.686500,3.240989,0.056543
2.686500,10.473305,-0.069222
2.686500,2.891546,-0.026320
2.686500,2.689488,0.002891
2.686500,3.695865,0.084656
2.686500,7.490947,-0.121760
2.686500,2.789531,-0.015483
2.686500,2.719948,0.007194
2.686500,4.877122,0.121187
2.686500,4.919564,-0.121852
2.686500,2.721094,-0.007333
2.686500,2.788540,0.015367
2.686500,7.454550,0.122123
2.686500,3.704020,-0.085066
2.686500,2.689696,-0.002923
2.686500,2.890506,0.026214
2.686500,10.451522,0.069812
2.686500,3.243605,-0.056737
2.686500,2.686554,-0.000037
2.686500,3.233482,0.055982
2.686500,10.535839,-0.067497
2.686500,2.894602,-0.026625
2.686500,2.689268,0.002843
2.686500,3.685134,0.084111
2.686500,7.539619,-0.121264
2.686500,2.790874,-0.015637
2.686500,2.718812,0.007054
2.686500,4.834713,0.120488
2.686500,4.963660,-0.122508
2.686500,2.722294,-0.007476
2.686500,2.787840,0.015282
2.686500,7.428307,0.122380
2.686500,3.709973,-0.085364
2.686500,2.689897,-0.002941
2.686500,2.891300,0.026292
2.686500,10.467873,0.069369
2.686500,3.241649,-0.056591
2.686500,2.686672,-0.000009
2.686500,3.239293,0.056415
2.686500,10.487503,-0.068834
2.686500,2.892247,-0.026387
2.686500,2.689794,0.002922
2.686500,3.705468,0.085138
2.686500,7.448161,-0.122186
2.686500,2.788383,-0.015345
2.686500,2.721748,0.007409
2.686500,4.943307,0.122210
2.686500,4.854082,-0.120811
2.686500,2.719339,-0.007117
2.686500,2.790483,0.015591
2.686500,7.525194,0.121412
2.686500,3.688296,-0.084272
2.686500,2.689359,-0.002854
2.686500,2.894536,0.026618
2.686500,10.534432,0.067537
2.686500,3.233653,-0.055994
2.686500,2.686590,0.000040
2.686500,3.244604,0.056811
2.686500,10.443206,-0.070036
2.686500,2.890113,-0.026174
2.686500,2.689827,0.002942
2.686500,3.708882,0.085309
2.686500,7.433085,-0.122334
2.686500,2.787959,-0.015298
2.686500,2.721829,0.007422
2.686500,4.946731,0.122260
2.686500,4.850796,-0.120757
2.686500,2.719238,-0.007108
2.686500,2.790203,0.015561
2.686500,7.515482,0.121511
2.686500,3.690430,-0.084381
2.686500,2.689357,-0.002869
2.686500,2.892488,0.026414
2.686500,10.492817,0.068689
2.686500,3.238646,-0.056368
2.686500,2.686501,-0.000007
2.686500,3.236723,0.056225
2.686500,10.508841,-0.068247
2.686500,2.893269,-0.026493
2.686500,2.689277,0.002854
2.686500,3.686880,0.084200
2.686500,7.531630,-0.121346
2.686500,2.790647,-0.015613
2.686500,2.718810,0.007055
2.686500,4.834889,0.120491
2.686500,4.963471,-0.122505
2.686500,2.722282,-0.007476
2.686500,2.787633,0.015259
2.686500,7.420999,0.122451
2.686500,3.711637,-0.085447
2.686500,2.689906,-0.002952
2.686500,2.890049,0.026167
2.686500,10.441805,0.070074
2.686500,3.244774,-0.056823
2.686500,2.686619,-0.000037
2.686500,3.234444,0.056053
2.686500,10.527867,-0.067720
2.686500,2.894214,-0.026585
2.686500,2.689462,0.002868
2.686500,3.692099,0.084465
2.686500,7.507948,-0.121588
2.686500,2.790013,-0.015536
2.686500,2.719917,0.007187
2.686500,4.875414,0.121159
2.686500,4.921310,-0.121879
2.686500,2.721156,-0.007337
2.686500,2.788933,0.015409
2.686500,7.468326,0.121986
2.686500,3.700926,-0.084910
2.686500,2.689685,-0.002903
2.686500,2.893037,0.026467
2.686500,10.503775,0.068387
2.686500,3.237339,-0.056269
2.686500,2.686662,0.000021
2.686500,3.243265,0.056711
2.686500,10.454399,-0.069734
2.686500,2.890654,-0.026227
2.686500,2.689943,0.002951
2.686500,3.712233,0.085476
2.686500,7.418397,-0.122477
2.686500,2.787569,-0.015251
2.686500,2.722527,0.007505
2.686500,4.972372,0.122634
2.686500,4.826528,-0.120349
2.686500,2.718589,-0.007027
2.686500,2.790997,0.015652
2.686500,7.544222,0.121216
2.686500,3.684127,-0.084060
2.686500,2.689231,-0.002840
2.686500,2.894372,0.026603
2.686500,10.531230,0.067626
2.686500,3.234035,-0.056023
2.686500,2.686528,0.000030
2.686500,3.242223,0.056634
2.686500,10.463023,-0.069501
2.686500,2.891053,-0.026270
2.686500,2.689575,0.002905
2.686500,3.699325,0.084830
2.686500,7.475445,-0.121916
2.686500,2.789108,-0.015434
2.686500,2.720423,0.007252
2.686500,4.894719,0.121467
2.686500,4.901769,-0.121577
2.686500,2.720613,-0.007275
2.686500,2.788944,0.015414
2.686500,7.469401,0.121976
2.686500,3.700679,-0.084899
2.686500,2.689609,-0.002910
2.686500,2.890881,0.026252
2.686500,10.459410,0.069599
2.686500,3.242657,-0.056667
2.686500,2.686535,-0.000032
2.686500,3.233815,0.056007
2.686500,10.533063,-0.067575
2.686500,2.894463,-0.026612
2.686500,2.689237,0.002840
2.686500,3.684246,0.084066
2.686500,7.543679,-0.121222
2.686500,2.790983,-0.015650
2.686500,2.718629,0.007032
2.686500,4.828009,0.120374
2.686500,4.970790,-0.122611
2.686500,2.722485,-0.007499
2.686500,2.787626,0.015257
2.686500,7.420470,0.122456
2.686500,3.711760,-0.085453
2.686500,2.689934,-0.002949
2.686500,2.890817,0.026244
2.686500,10.457810,0.069642
2.686500,3.242856,-0.056680
2.686500,2.686666,-0.000018
2.686500,3.237873,0.056309
2.686500,10.499328,-0.068509
2.686500,2.892820,-0.026445
2.686500,2.689717,0.002909
2.686500,3.702245,0.084977
2.686500,7.462455,-0.122045
2.686500,2.788773,-0.015390
2.686500,2.721331,0.007359
2.686500,4.927815,0.121977
2.686500,4.869063,-0.121056
2.686500,2.719745,-0.007166
2.686500,2.790155,0.015552
2.686500,7.513176,0.121535
2.686500,3.690944,-0.084406
2.686500,2.689431,-0.002864
2.686500,2.894328,0.026597
2.686500,10.530182,0.067655
2.686500,3.234165,-0.056032
2.686500,2.686611,0.000038
2.686500,3.244791,0.056824
2.686500,10.441660,-0.070078
2.686500,2.890042,-0.026167
2.686500,2.689887,0.002949
2.686500,3.711007,0.085415
2.686500,7.423757,-0.122425
2.686500,2.787708,-0.015268
2.686500,2.722173,0.007463
2.686500,4.959454,0.122447
2.686500,4.838685,-0.120555
2.686500,2.718912,-0.007068
2.686500,2.790536,0.015600
2.686500,7.527614,0.121387
2.686500,3.687761,-0.084245
2.686500,2.689297,-0.002858
2.686500,2.893056,0.026471
2.686500,10.504479,0.068368
2.686500,3.237246,-0.056264
2.686500,2.686500,0.000003
2.686500,3.238089,0.056327
2.686500,10.497458,-0.068561
2.686500,2.892713,-0.026437
2.686500,2.689332,0.002864
2.686500,3.689316,0.084324
2.686500,7.520538,-0.121460
2.686500,2.790341,-0.015577
2.686500,2.719100,0.007091
2.686500,4.845653,0.120671
2.686500,4.952116,-0.122340
2.686500,2.721975,-0.007439
2.686500,2.787850,0.015285
2.686500,7.429055,0.122373
2.686500,3.709799,-0.085355
2.686500,2.689852,-0.002945
2.686500,2.890070,0.026170
2.686500,10.442278,0.070061
2.686500,3.244716,-0.056819
2.686500,2.686598,-0.000039
2.686500,3.233819,0.056007
2.686500,10.533053,-0.067575
2.686500,2.894468,-0.026611
2.686500,2.689386,0.002858
2.686500,3.689279,0.084322
2.686500,7.520725,-0.121458
2.686500,2.790361,-0.015576
2.686500,2.719492,0.007136
2.686500,4.859726,0.120904
2.686500,4.937445,-0.122122
2.686500,2.721590,-0.007390
2.686500,2.788532,0.015362
2.686500,7.453627,0.122132
2.686500,3.704233,-0.085076
2.686500,2.689765,-0.002917
2.686500,2.892474,0.026410
2.686500,10.492202,0.068705
2.686500,3.238729,-0.056373
2.686500,2.686670,0.000012
2.686500,3.242148,0.056628
2.686500,10.463713,-0.069482
2.686500,2.891100,-0.026272
2.686500,2.689914,0.002945
2.686500,3.710768,0.085403
2.686500,7.424815,-0.122414
2.686500,2.787745,-0.015271
2.686500,2.722383,0.007487
2.686500,4.966967,0.122556
2.686500,4.831598,-0.120435
2.686500,2.718728,-0.007044
2.686500,2.790929,0.015644
2.686500,7.541658,0.121243
2.686500,3.684688,-0.084088
2.686500,2.689254,-0.002841
2.686500,2.894563,0.026622
2.686500,10.535075,0.067519
2.686500,3.233574,-0.055989
2.686500,2.686546,0.000035
2.686500,3.243261,0.056711
2.686500,10.454382,-0.069735
2.686500,2.890641,-0.026228
2.686500,2.689662,0.002918
2.686500,3.702733,0.085002
2.686500,7.460259,-0.122067
2.686500,2.788695,-0.015385
2.686500,2.720907,0.007310
2.686500,4.912641,0.121746
2.686500,4.883934,-0.121296
2.686500,2.720132,-0.007217
2.686500,2.789366,0.015464
2.686500,7.484872,0.121821
2.686500,3.697218,-0.084724
2.686500,2.689522,-0.002897
2.686500,2.891344,0.026299
2.686500,10.469101,0.069336
2.686500,3.241494,-0.056580
2.686500,2.686519,-0.000025
2.686500,3.234471,0.056056
2.686500,10.527595,-0.067727
2.686500,2.894191,-0.026585
2.686500,2.689228,0.002841
2.686500,3.684209,0.084064
2.686500,7.543843,-0.121220
2.686500,2.790985,-0.015651
2.686500,2.718562,0.007024
2.686500,4.825591,0.120333
2.686500,4.973373,-0.122648
2.686500,2.722553,-0.007508
2.686500,2.787513,0.015244
2.686500,7.416403,0.122496
2.686500,3.712689,-0.085499
2.686500,2.689949,-0.002954
2.686500,2.890435,0.026205
2.686500,10.449842,0.069857
2.686500,3.243812,-0.056751
2.686500,2.686655,-0.000026
2.686500,3.236556,0.056211
2.686500,10.510295,-0.068207
2.686500,2.893355,-0.026499
2.686500,2.689634,0.002895
2.686500,3.698866,0.084807
2.686500,7.477523,-0.121895
2.686500,2.789184,-0.015438
2.686500,2.720877,0.007303
2.686500,4.910970,0.121720
2.686500,4.885589,-0.121322
2.686500,2.720192,-0.007220
2.686500,2.789781,0.015508
2.686500,7.499434,0.121674
2.686500,3.693985,-0.084560
2.686500,2.689511,-0.002876
2.686500,2.894006,0.026564
2.686500,10.523611,0.067838
2.686500,3.234955,-0.056091
2.686500,2.686631,0.000035
2.686500,3.244644,0.056813
2.686500,10.442891,-0.070045
2.686500,2.890102,-0.026172
2.686500,2.689929,0.002954
2.686500,3.712354,0.085483
2.686500,7.417862,-0.122482
2.686500,2.787549,-0.015249
2.686500,2.722417,0.007492
2.686500,4.968424,0.122577
2.686500,4.830228,-0.120412
2.686500,2.718685,-0.007040
2.686500,2.790791,0.015629
2.686500,7.536855,0.121292
2.686500,3.685736,-0.084142
2.686500,2.689254,-0.002849
2.686500,2.893579,0.026524
2.686500,10.515177,0.068072
2.686500,3.235962,-0.056168
2.686500,2.686504,0.000013
2.686500,3.239510,0.056433
2.686500,10.485621,-0.068886
2.686500,2.892139,-0.026379
2.686500,2.689401,0.002877
2.686500,3.692288,0.084475
2.686500,7.507068,-0.121597
2.686500,2.789972,-0.015534
2.686500,2.719475,0.007137
2.686500,4.859592,0.120902
2.686500,4.937580,-0.122124
2.686500,2.721581,-0.007392
2.686500,2.788149,0.015321
2.686500,7.440130,0.122265
2.686500,3.707282,-0.085230
2.686500,2.689783,-0.002936
2.686500,2.890217,0.026185
2.686500,10.445421,0.069977
2.686500,3.244338,-0.056791
2.686500,2.686576,-0.000039
2.686500,3.233488,0.055982
2.686500,10.535798,-0.067498
2.686500,2.894602,-0.026625
2.686500,2.689322,0.002849
2.686500,3.686943,0.084203
2.686500,7.531356,-0.121349
2.686500,2.790650,-0.015611
2.686500,2.719122,0.007091
2.686500,4.846102,0.120679
2.686500,4.951648,-0.122333
2.686500,2.721972,-0.007437
2.686500,2.788166,0.015320
2.686500,7.440232,0.122264
2.686500,3.707263,-0.085228
2.686500,2.689836,-0.002930
2.686500,2.891895,0.026352
2.686500,10.480233,0.069033
2.686500,3.240166,-0.056480
2.686500,2.686674,0.000002
2.686500,3.240829,0.056529
2.686500,10.474710,-0.069183
2.686500,2.891629,-0.026325
2.686500,2.689865,0.002935
2.686500,3.708531,0.085292
2.686500,7.434647,-0.122319
2.686500,2.788014,-0.015302
2.686500,2.722126,0.007455
2.686500,4.957376,0.122417
2.686500,4.840656,-0.120588
2.686500,2.718974,-0.007073
2.686500,2.790760,0.015624
2.686500,7.535414,0.121307
2.686500,3.686054,-0.084158
2.686500,2.689296,-0.002846
2.686500,2.894621,0.026627
2.686500,10.536197,0.067487
2.686500,3.233440,-0.055979
2.686500,2.686567,0.000038
2.686500,3.244057,0.056770
2.686500,10.447755,-0.069914
2.686500,2.890327,-0.026196
2.686500,2.689746,0.002931
2.686500,3.705915,0.085161
2.686500,7.446160,-0.122206
2.686500,2.788313,-0.015340
2.686500,2.721375,0.007367
2.686500,4.929946,0.122010
2.686500,4.866986,-0.121023
2.686500,2.719675,-0.007161
2.686500,2.789783,0.015513
2.686500,7.500175,0.121667
2.686500,3.693815,-0.084552
2.686500,2.689438,-0.002883
2.686500,2.891875,0.026353
2.686500,10.480138,0.069036
2.686500,3.240169,-0.056482
2.686500,2.686508,-0.000017
2.686500,3.235425,0.056128
2.686500,10.519648,-0.067948
2.686500,2.893799,-0.026546
2.686500,2.689240,0.002845
2.686500,3.685049,0.084107
2.686500,7.539997,-0.121260
2.686500,2.790878,-0.015639
2.686500,2.718617,0.007031
2.686500,4.827695,0.120369
2.686500,4.971125,-0.122616
2.686500,2.722490,-0.007501
2.686500,2.787512,0.015245
2.686500,7.416430,0.122496
2.686500,3.712682,-0.085499
2.686500,2.689941,-0.002955
2.686500,2.890177,0.026180
2.686500,10.444456,0.070003
2.686500,3.244457,-0.056799
2.686500,2.686639,-0.000033
2.686500,3.235415,0.056126
2.686500,10.519789,-0.067944
2.686500,2.893819,-0.026545
2.686500,2.689550,0.002882
2.686500,3.695509,0.084637
2.686500,7.492571,-0.121744
2.686500,2.789594,-0.015486
2.686500,2.720410,0.007247
2.686500,4.893656,0.121450
2.686500,4.902839,-0.121594
2.686500,2.720658,-0.007277
2.686500,2.789378,0.015461
2.686500,7.484643,0.121823
2.686500,3.697275,-0.084727
2.686500,2.689594,-0.002889
2.686500,2.893583,0.026522
2.686500,10.514972,0.068078
2.686500,3.235994,-0.056169
2.686500,2.686648,0.000029
2.686500,3.244156,0.056777
2.686500,10.446969,-0.069935
2.686500,2.890298,-0.026192
2.686500,2.689949,0.002955
2.686500,3.712804,0.085505
2.686500,7.415899,-0.122501
2.686500,2.787498,-0.015243
2.686500,2.722540,0.007507
2.686500,4.972919,0.122641
2.686500,4.826015,-0.120340
2.686500,2.718573,-0.007026
2.686500,2.790948,0.015647
2.686500,7.542529,0.121234
2.686500,3.684496,-0.084079
2.686500,2.689231,-0.002843
2.686500,2.894021,0.026568
2.686500,10.524146,0.067823
2.686500,3.234885,-0.056087
2.686500,2.686513,0.000022
2.686500,3.240887,0.056535
2.686500,10.474155,-0.069199
2.686500,2.891587,-0.026324
2.686500,2.689481,0.002890
2.686500,3.695600,0.084643
2.686500,7.492137,-0.121748
2.686500,2.789564,-0.015487
2.686500,2.719912,0.007190
2.686500,4.875801,0.121165
2.686500,4.920912,-0.121873
2.686500,2.721131,-0.007338
2.686500,2.788510,0.015363
2.686500,7.453449,0.122134
2.686500,3.704268,-0.085079
2.686500,2.689702,-0.002924
2.686500,2.890481,0.026212
2.686500,10.450997,0.069826
2.686500,3.243668,-0.056741
2.686500,2.686555,-0.000037
2.686500,3.233470,0.055981
2.686500,10.535940,-0.067494
2.686500,2.894607,-0.026626
2.686500,2.689271,0.002843
2.686500,3.685236,0.084116
2.686500,7.539153,-0.121268
2.686500,2.790861,-0.015636
2.686500,2.718831,0.007056
2.686500,4.835397,0.120499
2.686500,4.962935,-0.122498
2.686500,2.722275,-0.007474
2.686500,2.787861,0.015284
2.686500,7.429054,0.122373
2.686500,3.709803,-0.085355
2.686500,2.689893,-0.002940
2.686500,2.891341,0.026296
2.686500,10.468720,0.069346
2.686500,3.241547,-0.056583
2.686500,2.686673,-0.000008
2.686500,3.239405,0.056423
2.686500,10.486575,-0.068859
2.686500,2.892202,-0.026383
2.686500,2.689799,0.002923
2.686500,3.705705,0.085150
2.686500,7.447113,-0.122196
2.686500,2.788354,-0.015342
2.686500,2.721778,0.007413
2.686500,4.944422,0.122226
2.686500,4.853012,-0.120793
2.686500,2.719310,-0.007114
2.686500,2.790505,0.015593
2.686500,7.526032,0.121403
2.686500,3.688112,-0.084263
2.686500,2.689354,-0.002853
2.686500,2.894547,0.026619
2.686500,10.534658,0.067530
2.686500,3.233626,-0.055992
2.686500,2.686588,0.000040
2.686500,3.244576,0.056809
2.686500,10.443436,-0.070030
2.686500,2.890124,-0.026175
2.686500,2.689822,0.002941
2.686500,3.708689,0.085300
2.686500,7.433930,-0.122326
2.686500,2.787982,-0.015301
2.686500,2.721799,0.007418
2.686500,4.945617,0.122244
2.686500,4.851863,-0.120774
2.686500,2.719267,-0.007111
2.686500,2.790174,0.015558
2.686500,7.514447,0.121522
2.686500,3.690658,-0.084392
2.686500,2.689363,-0.002870
2.686500,2.892443,0.026410
2.686500,10.491898,0.068714
2.686500,3.238757,-0.056376
2.686500,2.686501,-0.000008
2.686500,3.236622,0.056217
2.686500,10.509678,-0.068224
2.686500,2.893310,-0.026497
2.686500,2.689274,0.002853
2.686500,3.686719,0.084192
2.686500,7.532365,-0.121338
2.686500,2.790667,-0.015615
2.686500,2.718792,0.007053
2.686500,4.834212,0.120479
2.686500,4.964189,-0.122516
2.686500,2.722302,-0.007478
2.686500,2.787621,0.015258
2.686500,7.420522,0.122456
2.686500,3.711746,-0.085452
2.686500,2.689909,-0.002952
2.686500,2.890053,0.026168
2.686500,10.441885,0.070072
2.686500,3.244764,-0.056822
2.686500,2.686621,-0.000037
2.686500,3.234504,0.056058
2.686500,10.527369,-0.067733
2.686500,2.894190,-0.026583
2.686500,2.689468,0.002869
2.686500,3.692333,0.084477
2.686500,7.506890,-0.121599
2.686500,2.789984,-0.015532
2.686500,2.719951,0.007191
2.686500,4.876689,0.121180
2.686500,4.920009,-0.121859
2.686500,2.721121,-0.007333
2.686500,2.788965,0.015413
2.686500,7.469492,0.121975
2.686500,3.700664,-0.084897
2.686500,2.689678,-0.002902
2.686500,2.893078,0.026471
2.686500,10.504632,0.068363
2.686500,3.237236,-0.056262
2.686500,2.686661,0.000022
2.686500,3.243341,0.056716
2.686500,10.453768,-0.069752
2.686500,2.890623,-0.026224
2.686500,2.689944,0.002952
2.686500,3.712310,0.085480
2.686500,7.418061,-0.122480
2.686500,2.787559,-0.015250
2.686500,2.722533,0.007505
2.686500,4.972598,0.122637
2.686500,4.826316,-0.120345
2.686500,2.718583,-0.007026
2.686500,2.790998,0.015652
2.686500,7.544256,0.121216
2.686500,3.684120,-0.084059
2.686500,2.689230,-0.002840
2.686500,2.894351,0.026601
2.686500,10.530820,0.067637
2.686500,3.234084,-0.056027
2.686500,2.686527,0.000029
2.686500,3.242134,0.056628
2.686500,10.463765,-0.069481
2.686500,2.891089,-0.026273
2.686500,2.689568,0.002904
2.686500,3.699057,0.084817
2.686500,7.476643,-0.121904
2.686500,2.789141,-0.015437
2.686500,2.720386,0.007247
2.686500,4.893333,0.121445
2.686500,4.903159,-0.121599
2.686500,2.720651,-0.007279
2.686500,2.788912,0.015411
2.686500,7.468220,0.121988
2.686500,3.700944,-0.084912
2.686500,2.689616,-0.002912
2.686500,2.890849,0.026249
2.686500,10.458731,0.069617
2.686500,3.242739,-0.056673
2.686500,2.686536,-0.000032
2.686500,3.233778,0.056004
2.686500,10.533375,-0.067566
2.686500,2.894478,-0.026613
2.686500,2.689239,0.002840
2.686500,3.684285,0.084068
2.686500,7.543501,-0.121223
2.686500,2.790978,-0.015650
2.686500,2.718640,0.007033
2.686500,4.828380,0.120380
2.686500,4.970394,-0.122605
2.686500,2.722474,-0.007498
2.686500,2.787639,0.015259
2.686500,7.420948,0.122452
2.686500,3.711651,-0.085447
2.686500,2.689932,-0.002949
2.686500,2.890851,0.026247
2.686500,10.458522,0.069623
2.686500,3.242771,-0.056674
2.686500,2.686666,-0.000017
2.686500,3.237981,0.056317
2.686500,10.498434,-0.068534
2.686500,2.892777,-0.026440
2.686500,2.689723,0.002910
2.686500,3.702502,0.084990
2.686500,7.461310,-0.122056
2.686500,2.788742,-0.015387
2.686500,2.721365,0.007363
2.686500,4.929074,0.121996
2.686500,4.867837,-0.121036
2.686500,2.719711,-0.007162
2.686500,2.790183,0.015555
2.686500,7.514177,0.121525
2.686500,3.690723,-0.084395
2.686500,2.689425,-0.002863
2.686500,2.894348,0.026599
2.686500,10.530596,0.067644
2.686500,3.234115,-0.056029
2.686500,2.686610,0.000039
2.686500,3.244788,0.056824
2.686500,10.441682,-0.070077
2.686500,2.890043,-0.026167
2.686500,2.689883,0.002949
2.686500,3.710868,0.085409
2.686500,7.424365,-0.122419
2.686500,2.787724,-0.015270
2.686500,2.722150,0.007460
2.686500,4.958592,0.122434
2.686500,4.839501,-0.120568
2.686500,2.718934,-0.007070
2.686500,2.790513,0.015597
2.686500,7.526768,0.121396
2.686500,3.687946,-0.084255
2.686500,2.689301,-0.002858
2.686500,2.893013,0.026467
2.686500,10.503601,0.068392
2.686500,3.237352,-0.056272
2.686500,2.686500,0.000002
2.686500,3.237980,0.056319
2.686500,10.498366,-0.068536
2.686500,2.892758,-0.026442
2.686500,2.689327,0.002863
2.686500,3.689106,0.084314
2.686500,7.521493,-0.121450
2.686500,2.790368,-0.015580
2.686500,2.719074,0.007087
2.686500,4.844696,0.120655
2.686500,4.953121,-0.122355
2.686500,2.722002,-0.007442
2.686500,2.787830,0.015283
2.686500,7.428314,0.122380
2.686500,3.709968,-0.085364
2.686500,2.689857,-0.002946
2.686500,2.890064,0.026169
2.686500,10.442144,0.070065
2.686500,3.244732,-0.056820
2.686500,2.686600,-0.000039
2.686500,3.233858,0.056010
2.686500,10.532736,-0.067584
2.686500,2.894453,-0.026610
2.686500,2.689392,0.002858
2.686500,3.689482,0.084332
2.686500,7.519804,-0.121467
2.686500,2.790336,-0.015574
2.686500,2.719523,0.007139
2.686500,4.860878,0.120923
2.686500,4.936253,-0.122104
2.686500,2.721558,-0.007386
2.686500,2.788562,0.015366
2.686500,7.454729,0.122121
2.686500,3.703985,-0.085064
2.686500,2.689759,-0.002916
2.686500,2.892519,0.026414
2.686500,10.493122,0.068680
2.686500,3.238619,-0.056365
2.686500,2.686670,0.000013
2.686500,3.242243,0.056635
2.686500,10.462923,-0.069504
2.686500,2.891062,-0.026268
2.686500,2.689917,0.002945
2.686500,3.710911,0.085410
2.686500,7.424188,-0.122420
2.686500,2.787728,-0.015269
2.686500,2.722398,0.007489
2.686500,4.967544,0.122564
2.686500,4.831056,-0.120426
2.686500,2.718713,-0.007042
2.686500,2.790938,0.015645
2.686500,7.541993,0.121239
2.686500,3.684614,-0.084085
2.686500,2.689251,-0.002841
2.686500,2.894553,0.026621
2.686500,10.534875,0.067524
2.686500,3.233598,-0.055991
2.686500,2.686545,0.000035
2.686500,3.243189,0.056706
2.686500,10.454983,-0.069719
2.686500,2.890670,-0.026231
2.686500,2.689655,0.002917
2.686500,3.702475,0.084989
2.686500,7.461405,-0.122055
2.686500,2.788726,-0.015389
2.686500,2.720870,0.007306
2.686500,4.911264,0.121724
2.686500,4.885294,-0.121317
2.686500,2.720169,-0.007221
2.686500,2.789333,0.015460
2.686500,7.483670,0.121833
2.686500,3.697486,-0.084738
2.686500,2.689528,-0.002898
2.686500,2.891306,0.026295
2.686500,10.468296,0.069358
2.686500,3.241590,-0.056587
2.686500,2.686520,-0.000026
2.686500,3.234409,0.056051
2.686500,10.528111,-0.067713
2.686500,2.894217,-0.026587
2.686500,2.689228,0.002841
2.686500,3.684181,0.084063
2.686500,7.543974,-0.121219
2.686500,2.790989,-0.015652
2.686500,2.718563,0.007024
2.686500,4.825618,0.120333
2.686500,4.973345,-0.122647
2.686500,2.722552,-0.007508
2.686500,2.787518,0.015245
2.686500,7.416573,0.122494
2.686500,3.712650,-0.085497
2.686500,2.689949,-0.002954
2.686500,2.890461,0.026208
2.686500,10.450371,0.069843
2.686500,3.243748,-0.056747
2.686500,2.686656,-0.000026
2.686500,3.236652,0.056218
2.686500,10.509492,-0.068229
2.686500,2.893316,-0.026495
2.686500,2.689641,0.002896
2.686500,3.699128,0.084820
2.686500,7.476348,-0.121906
2.686500,2.789152,-0.015435
2.686500,2.720913,0.007308
2.686500,4.912301,0.121740
2.686500,4.884274,-0.121301
2.686500,2.720156,-0.007216
2.686500,2.789811,0.015512
2.686500,7.500543,0.121663
2.686500,3.693739,-0.084548
2.686500,2.689504,-0.002875
2.686500,2.894034,0.026567
2.686500,10.524197,0.067822
2.686500,3.234885,-0.056086
2.686500,2.686629,0.000035
2.686500,3.244668,0.056815
2.686500,10.442694,-0.070050
2.686500,2.890093,-0.026171
2.686500,2.689927,0.002954
2.686500,3.712281,0.085479
2.686500,7.418183,-0.122479
2.686500,2.787558,-0.015250
2.686500,2.722402,0.007490
2.686500,4.967882,0.122569
2.686500,4.830737,-0.120420
2.686500,2.718699,-0.007041
2.686500,2.790774,0.015627
2.686500,7.536260,0.121298
2.686500,3.685866,-0.084149
2.686500,2.689256,-0.002849
2.686500,2.893541,0.026520
2.686500,10.514402,0.068094
2.686500,3.236055,-0.056175
2.686500,2.686504,0.000012
2.686500,3.239401,0.056424
2.686500,10.486533,-0.068861
2.686500,2.892184,-0.026384
2.686500,2.689395,0.002876
2.686500,3.692044,0.084463
2.686500,7.508174,-0.121586
2.686500,2.790003,-0.015538
2.686500,2.719444,0.007133
2.686500,4.858421,0.120883
2.686500,4.938795,-0.122142
2.686500,2.721614,-0.007396
2.686500,2.788124,0.015318
2.686500,7.439182,0.122274
2.686500,3.707497,-0.085240
2.686500,2.689789,-0.002937
2.686500,2.890202,0.026183
2.686500,10.445088,0.069986
2.686500,3.244378,-0.056794
2.686500,2.686578,-0.000039
2.686500,3.233503,0.055983
2.686500,10.535676,-0.067502
2.686500,2.894596,-0.026624
2.686500,2.689326,0.002850
2.686500,3.687104,0.084211
2.686500,7.530626,-0.121356
2.686500,2.790630,-0.015608
2.686500,2.719148,0.007094
2.686500,4.847063,0.120695
2.686500,4.950640,-0.122318
2.686500,2.721945,-0.007433
2.686500,2.788193,0.015323
2.686500,7.441202,0.122254
2.686500,3.707043,-0.085217
2.686500,2.689831,-0.002929
2.686500,2.891940,0.026356
2.686500,10.481154,0.069008
2.686500,3.240055,-0.056472
2.686500,2.686674,0.000003
2.686500,3.240936,0.056537
2.686500,10.473817,-0.069208
2.686500,2.891586,-0.026321
2.686500,2.689869,0.002936
2.686500,3.708727,0.085301
2.686500,7.433781,-0.122327
2.686500,2.787990,-0.015299
2.686500,2.722149,0.007458
2.686500,4.958250,0.122429
2.686500,4.839828,-0.120574
2.686500,2.718952,-0.007070
2.686500,2.790777,0.015626
2.686500,7.536017,0.121301
2.686500,3.685922,-0.084151
2.686500,2.689292,-0.002845
2.686500,2.894621,0.026627
2.686500,10.536207,0.067487
2.686500,3.233439,-0.055978
2.686500,2.686565,0.000038
2.686500,3.244005,0.056766
2.686500,10.448189,-0.069902
2.686500,2.890348,-0.026198
2.686500,2.689740,0.002930
2.686500,3.705681,0.085150
2.686500,7.447195,-0.122196
2.686500,2.788341,-0.015343
2.686500,2.721340,0.007363
2.686500,4.928651,0.121990
2.686500,4.868245,-0.121043
2.686500,2.719709,-0.007165
2.686500,2.789752,0.015509
2.686500,7.499016,0.121679
2.686500,3.694072,-0.084565
2.686500,2.689444,-0.002884
2.686500,2.891832,0.026348
2.686500,10.479249,0.069060
2.686500,3.240275,-0.056490
2.686500,2.686509,-0.000018
2.686500,3.235342,0.056121
2.686500,10.520342,-0.067929
2.686500,2.893833,-0.026549
2.686500,2.689238,0.002845
2.686500,3.684953,0.084102
2.686500,7.540434,-0.121255
2.686500,2.790890,-0.015641
2.686500,2.718609,0.007030
2.686500,4.827371,0.120363
2.686500,4.971470,-0.122621
2.686500,2.722500,-0.007502
2.686500,2.787508,0.015244
2.686500,7.416281,0.122497
2.686500,3.712716,-0.085501
2.686500,2.689942,-0.002955
2.686500,2.890193,0.026181
2.686500,10.444774,0.069994
2.686500,3.244419,-0.056797
2.686500,2.686641,-0.000032
2.686500,3.235496,0.056132
2.686500,10.519118,-0.067963
2.686500,2.893786,-0.026542
2.686500,2.689556,0.002883
2.686500,3.695765,0.084650
2.686500,7.491423,-0.121755
2.686500,2.789563,-0.015483
2.686500,2.720446,0.007251
2.686500,4.894994,0.121471
2.686500,4.901496,-0.121573
2.686500,2.720621,-0.007272
2.686500,2.789410,0.015465
2.686500,7.485810,0.121812
2.686500,3.697015,-0.084713
2.686500,2.689588,-0.002888
2.686500,2.893619,0.026525
2.686500,10.515707,0.068057
2.686500,3.235906,-0.056162
2.686500,2.686647,0.000030
2.686500,3.244206,0.056781
2.686500,10.446553,-0.069946
2.686500,2.890278,-0.026190
2.686500,2.689948,0.002955
2.686500,3.712803,0.085505
2.686500,7.415905,-0.122501
2.686500,2.787498,-0.015243
2.686500,2.722535,0.007506
2.686500,4.972741,0.122639
2.686500,4.826182,-0.120343
2.686500,2.718577,-0.007026
2.686500,2.790940,0.015646
2.686500,7.542228,0.121237
2.686500,3.684562,-0.084082
2.686500,2.689232,-0.002843
2.686500,2.893990,0.026565
2.686500,10.523528,0.067840
2.686500,3.234959,-0.056093
2.686500,2.686513,0.000021
2.686500,3.240784,0.056527
2.686500,10.475012,-0.069175
2.686500,2.891628,-0.026328
2.686500,2.689475,0.002889
2.686500,3.695336,0.084629
2.686500,7.493323,-0.121736
2.686500,2.789596,-0.015491
2.686500,2.719877,0.007186
2.686500,4.874487,0.121144
2.686500,4.922254,-0.121893
2.686500,2.721167,-0.007342
2.686500,2.788481,0.015360
2.686500,7.452357,0.122145
2.686500,3.704515,-0.085091
2.686500,2.689709,-0.002925
2.686500,2.890457,0.026209
2.686500,10.450485,0.069840
2.686500,3.243729,-0.056746
2.686500,2.686557,-0.000037
2.686500,3.233460,0.055980
2.686500,10.536025,-0.067492
2.686500,2.894611,-0.026626
2.686500,2.689274,0.002843
2.686500,3.685342,0.084122
2.686500,7.538665,-0.121273
2.686500,2.790848,-0.015634
2.686500,2.718850,0.007058
2.686500,4.836103,0.120511
2.686500,4.962188,-0.122487
2.686500,2.722255,-0.007471
2.686500,2.787882,0.015287
2.686500,7.429820,0.122366
2.686500,3.709628,-0.085346
2.686500,2.689889,-0.002940
2.686500,2.891382,0.026300
2.686500,10.469574,0.069323
2.686500,3.241445,-0.056575
2.686500,2.686673,-0.000007
2.686500,3.239516,0.056432
2.686500,10.485646,-0.068885
2.686500,2.892157,-0.026378
2.686500,2.689805,0.002924
2.686500,3.705940,0.085162
2.686500,7.446075,-0.122207
2.686500,2.788326,-0.015338
2.686500,2.721807,0.007416
2.686500,4.945522,0.122242
2.686500,4.851957,-0.120776
2.686500,2.719281,-0.007110
2.686500,2.790528,0.015596
2.686500,7.526855,0.121395
2.686500,3.687931,-0.084253
2.686500,2.689349,-0.002853
2.686500,2.894557,0.026620
2.686500,10.534869,0.067524
2.686500,3.233601,-0.055990
2.686500,2.686586,0.000040
2.686500,3.244547,0.056807
2.686500,10.443682,-0.070024
2.686500,2.890136,-0.026177
2.686500,2.689816,0.002940
2.686500,3.708494,0.085290
2.686500,7.434792,-0.122317
2.686500,2.788005,-0.015304
2.686500,2.721768,0.007414
2.686500,4.944487,0.122227
2.686500,4.852947,-0.120792
2.686500,2.719296,-0.007115
2.686500,2.790146,0.015555
2.686500,7.513400,0.121533
2.686500,3.690889,-0.084404
2.686500,2.689368,-0.002871
2.686500,2.892399,0.026405
2.686500,10.490979,0.068739
2.686500,3.238867,-0.056385
2.686500,2.686502,-0.000008
2.686500,3.236523,0.056210
2.686500,10.510507,-0.068201
2.686500,2.893350,-0.026501
2.686500,2.689270,0.002852
2.686500,3.686562,0.084184
2.686500,7.533079,-0.121331
2.686500,2.790686,-0.015617
2.686500,2.718774,0.007051
2.686500,4.833559,0.120468
2.686500,4.964883,-0.122526
2.686500,2.722321,-0.007481
2.686500,2.787608,0.015256
2.686500,7.420067,0.122460
2.686500,3.711850,-0.085457
2.686500,2.689913,-0.002952
2.686500,2.890058,0.026168
2.686500,10.441982,0.070069
2.686500,3.244753,-0.056822
2.686500,2.686622,-0.000037
2.686500,3.234565,0.056062
2.686500,10.526858,-0.067748
2.686500,2.894165,-0.026580
2.686500,2.689474,0.002870
2.686500,3.692569,0.084489
2.686500,7.505823,-0.121610
2.686500,2.789955,-0.015529
2.686500,2.719986,0.007195
2.686500,4.877972,0.121200
2.686500,4.918702,-0.121839
2.686500,2.721085,-0.007329
2.686500,2.788996,0.015416
2.686500,7.470661,0.121963
2.686500,3.700402,-0.084884
2.686500,2.689672,-0.002901
2.686500,2.893120,0.026475
2.686500,10.505482,0.068340
2.686500,3.237134,-0.056254
2.686500,2.686660,0.000023
2.686500,3.243415,0.056722
2.686500,10.453152,-0.069768
2.686500,2.890594,-0.026221
2.686500,2.689945,0.002952
2.686500,3.712382,0.085484
2.686500,7.417748,-0.122483
2.686500,2.787550,-0.015249
2.686500,2.722538,0.007506
2.686500,4.972795,0.122640
2.686500,4.826132,-0.120342
2.686500,2.718578,-0.007026
2.686500,2.790998,0.015652
2.686500,7.544266,0.121216
2.686500,3.684117,-0.084059
2.686500,2.689229,-0.002840
2.686500,2.894330,0.026599
2.686500,10.530395,0.067649
2.686500,3.234135,-0.056031
2.686500,2.686526,0.000029
2.686500,3.242044,0.056621
2.686500,10.464518,-0.069461
2.686500,2.891125,-0.026277
2.686500,2.689561,0.002903
2.686500,3.698788,0.084803
2.686500,7.477843,-0.121892
2.686500,2.789174,-0.015441
2.686500,2.720348,0.007243
2.686500,4.891951,0.121423
2.686500,4.904549,-0.121620
2.686500,2.720689,-0.007284
2.686500,2.788880,0.015407
2.686500,7.467043,0.121999
2.686500,3.701208,-0.084925
2.686500,2.689623,-0.002913
2.686500,2.890817,0.026246
2.686500,10.458062,0.069636
2.686500,3.242819,-0.056679
2.686500,2.686538,-0.000033
2.686500,3.233742,0.056001
2.686500,10.533671,-0.067558
2.686500,2.894493,-0.026615
2.686500,2.689241,0.002840
2.686500,3.684329,0.084070
2.686500,7.543298,-0.121226
2.686500,2.790973,-0.015649
2.686500,2.718650,0.007034
2.686500,4.828777,0.120387
2.686500,4.969971,-0.122599
2.686500,2.722463,-0.007497
2.686500,2.787653,0.015260
2.686500,7.421449,0.122447
2.686500,3.711536,-0.085442
2.686500,2.689930,-0.002948
2.686500,2.890886,0.026250
2.686500,10.459246,0.069603
2.686500,3.242684,-0.056668
2.686500,2.686667,-0.000017
2.686500,3.238089,0.056325
2.686500,10.497536,-0.068559
2.686500,2.892733,-0.026436
2.686500,2.689729,0.002911
2.686500,3.702759,0.085002
2.686500,7.460171,-0.122067
2.686500,2.788711,-0.015383
2.686500,2.721398,0.007367
2.686500,4.930324,0.122015
2.686500,4.866622,-0.121017
2.686500,2.719678,-0.007158
2.686500,2.790210,0.015559
2.686500,7.515166,0.121515
2.686500,3.690504,-0.084384
2.686500,2.689419,-0.002862
2.686500,2.894368,0.026601
2.686500,10.530997,0.067632
2.686500,3.234067,-0.056025
2.686500,2.686608,0.000039
2.686500,3.244783,0.056824
2.686500,10.441722,-0.070076
2.686500,2.890045,-0.026167
2.686500,2.689879,0.002948
2.686500,3.710725,0.085401
2.686500,7.424993,-0.122413
2.686500,2.787741,-0.015272
2.686500,2.722126,0.007457
2.686500,4.957708,0.122422
2.686500,4.840339,-0.120582
2.686500,2.718956,-0.007073
2.686500,2.790489,0.015594
2.686500,7.525905,0.121405
2.686500,3.688136,-0.084264
2.686500,2.689305,-0.002859
2.686500,2.892970,0.026463
2.686500,10.502717,0.068416
2.686500,3.237458,-0.056280
2.686500,2.686500,0.000001
2.686500,3.237872,0.056310
2.686500,10.499271,-0.068511
2.686500,2.892802,-0.026446
2.686500,2.689322,0.002862
2.686500,3.688899,0.084303
2.686500,7.522432,-0.121440
2.686500,2.790394,-0.015583
2.686500,2.719049,0.007084
2.686500,4.843759,0.120640
2.686500,4.954107,-0.122369
2.686500,2.722029,-0.007446
2.686500,2.787811,0.015281
2.686500,7.427593,0.122387
2.686500,3.710132,-0.085372
2.686500,2.689862,-0.002946
2.686500,2.890058,0.026168
2.686500,10.442025,0.070068
2.686500,3.244746,-0.056821
2.686500,2.686601,-0.000039
2.686500,3.233898,0.056013
2.686500,10.532405,-0.067593
2.686500,2.894437,-0.026608
2.686500,2.689397,0.002859
2.686500,3.689688,0.084343
2.686500,7.518870,-0.121477
2.686500,2.790310,-0.015571
2.686500,2.719555,0.007143
2.686500,4.862041,0.120942
2.686500,4.935049,-0.122086
2.686500,2.721526,-0.007382
2.686500,2.788592,0.015369
2.686500,7.455839,0.122110
2.686500,3.703734,-0.085051
2.686500,2.689753,-0.002915
2.686500,2.892563,0.026419
2.686500,10.494039,0.068655
2.686500,3.238509,-0.056357
2.686500,2.686669,0.000014
2.686500,3.242336,0.056642
2.686500,10.462143,-0.069525
2.686500,2.891025,-0.026264
2.686500,2.689920,0.002946
2.686500,3.711050,0.085417
2.686500,7.423582,-0.122426
2.686500,2.787711,-0.015267
2.686500,2.722413,0.007490
2.686500,4.968095,0.122572
2.686500,4.830539,-0.120417
2.686500,2.718699,-0.007040
2.686500,2.790946,0.015646
2.686500,7.542306,0.121236
2.686500,3.684546,-0.084081
2.686500,2.689249,-0.002841
2.686500,2.894542,0.026620
2.686500,10.534658,0.067530
2.686500,3.233624,-0.055992
2.686500,2.686543,0.000034
2.686500,3.243115,0.056701
2.686500,10.455595,-0.069702
2.686500,2.890699,-0.026234
2.686500,2.689649,0.002916
2.686500,3.702216,0.084976
2.686500,7.462558,-0.122044
2.686500,2.788758,-0.015393
2.686500,2.720833,0.007301
2.686500,4.909883,0.121703
2.686500,4.886660,-0.121339
2.686500,2.720206,-0.007225
2.686500,2.789300,0.015456
2.686500,7.482468,0.121845
2.686500,3.697755,-0.084751
2.686500,2.689535,-0.002899
2.686500,2.891267,0.026292
2.686500,10.467500,0.069380
2.686500,3.241686,-0.056594
2.686500,2.686521,-0.000027
2.686500,3.234349,0.056047
2.686500,10.528611,-0.067699
2.686500,2.894242,-0.026590
2.686500,2.689228,0.002841
2.686500,3.684158,0.084061
2.686500,7.544081,-0.121217
2.686500,2.790992,-0.015652
2.686500,2.718565,0.007024
2.686500,4.825672,0.120334
2.686500,4.973287,-0.122647
2.686500,2.722551,-0.007508
2.686500,2.787523,0.015245
2.686500,7.416769,0.122492
2.686500,3.712606,-0.085495
2.686500,2.689949,-0.002953
2.686500,2.890487,0.026211
2.686500,10.450916,0.069829
2.686500,3.243683,-0.056742
2.686500,2.686656,-0.000025
2.686500,3.236750,0.056225
2.686500,10.508681,-0.068252
2.686500,2.893276,-0.026491
2.686500,2.689647,0.002897
2.686500,3.699391,0.084833
2.686500,7.475173,-0.121918
2.686500,2.789120,-0.015431
2.686500,2.720949,0.007312
2.686500,4.913629,0.121761
2.686500,4.882963,-0.121280
2.686500,2.720121,-0.007212
2.686500,2.789841,0.015515
2.686500,7.501646,0.121652
2.686500,3.693494,-0.084536
2.686500,2.689498,-0.002874
2.686500,2.894063,0.026570
2.686500,10.524771,0.067806
2.686500,3.234816,-0.056081
2.686500,2.686628,0.000036
2.686500,3.244689,0.056817
2.686500,10.442514,-0.070055
2.686500,2.890084,-0.026171
2.686500,2.689924,0.002953
2.686500,3.712202,0.085475
2.686500,7.418527,-0.122475
2.686500,2.787567,-0.015251
2.686500,2.722387,0.007489
2.686500,4.967313,0.122561
2.686500,4.831271,-0.120429
2.686500,2.718713,-0.007043
2.686500,2.790757,0.015625
2.686500,7.535643,0.121305
2.686500,3.686001,-0.084155
2.686500,2.689259,-0.002850
2.686500,2.893503,0.026516
2.686500,10.513617,0.068115
2.686500,3.236149,-0.056182
2.686500,2.686503,0.000011
2.686500,3.239291,0.056416
2.686500,10.487448,-0.068836
2.686500,2.892228,-0.026388
2.686500,2.689390,0.002875
2.686500,3.691801,0.084450
2.686500,7.509271,-0.121575
2.686500,2.790033,-0.015542
2.686500,2.719412,0.007129
2.686500,4.857263,0.120864
2.686500,4.939996,-0.122160
2.686500,2.721647,-0.007400
2.686500,2.788098,0.015315
2.686500,7.438249,0.122283
2.686500,3.707708,-0.085251
2.686500,2.689794,-0.002937
2.686500,2.890187,0.026182
2.686500,10.444769,0.069994
2.686500,3.244416,-0.056797
2.686500,2.686580,-0.000039
2.686500,3.233520,0.055984
2.686500,10.535539,-0.067506
2.686500,2.894589,-0.026624
2.686500,2.689331,0.002850
2.686500,3.687267,0.084220
2.686500,7.529879,-0.121364
2.686500,2.790610,-0.015606
2.686500,2.719175,0.007097
2.686500,4.848041,0.120711
2.686500,4.949616,-0.122303
2.686500,2.721918,-0.007430
2.686500,2.788219,0.015326
2.686500,7.442184,0.122245
2.686500,3.706821,-0.085206
2.686500,2.689825,-0.002928
2.686500,2.891984,0.026361
2.686500,10.482078,0.068982
2.686500,3.239944,-0.056464
2.686500,2.686674,0.000004
2.686500,3.241042,0.056545
2.686500,10.472930,-0.069232
2.686500,2.891543,-0.026316
2.686500,2.689873,0.002937
2.686500,3.708920,0.085311
2.686500,7.432931,-0.122335
2.686500,2.787967,-0.015296
2.686500,2.722172,0.007461
2.686500,4.959103,0.122442
2.686500,4.839019,-0.120560
2.686500,2.718930,-0.007068
2.686500,2.790792,0.015627
2.686500,7.536601,0.121295
2.686500,3.685794,-0.084145
2.686500,2.689288,-0.002845
2.686500,2.894621,0.026627
2.686500,10.536200,0.067487
2.686500,3.233439,-0.055979
2.686500,2.686563,0.000038
2.686500,3.243951,0.056762
2.686500,10.448636,-0.069890
2.686500,2.890369,-0.026200
2.686500,2.689734,0.002929
2.686500,3.705445,0.085138
2.686500,7.448240,-0.122185
2.686500,2.788369,-0.015347
2.686500,2.721305,0.007359
2.686500,4.927348,0.121970
2.686500,4.869514,-0.121064
2.686500,2.719743,-0.007169
2.686500,2.789720,0.015505
2.686500,7.497851,0.121691
2.686500,3.694330,-0.084578
2.686500,2.689451,-0.002885
2.686500,2.891789,0.026344
2.686500,10.478365,0.069084
2.686500,3.240381,-0.056497
2.686500,2.686509,-0.000018
2.686500,3.235260,0.056115
2.686500,10.521024,-0.067910
2.686500,2.893867,-0.026553
2.686500,2.689237,0.002844
2.686500,3.684863,0.084097
2.686500,7.540849,-0.121251
2.686500,2.790901,-0.015642
2.686500,2.718601,0.007029
2.686500,4.827074,0.120358
2.686500,4.971788,-0.122625
2.686500,2.722509,-0.007503
2.686500,2.787504,0.015244
2.686500,7.416156,0.122498
2.686500,3.712745,-0.085502
2.686500,2.689944,-0.002955
2.686500,2.890209,0.026183
2.686500,10.445108,0.069985
2.686500,3.244379,-0.056794
2.686500,2.686642,-0.000032
2.686500,3.235578,0.056138
2.686500,10.518435,-0.067982
2.686500,2.893752,-0.026539
2.686500,2.689563,0.002884
2.686500,3.696021,0.084663
2.686500,7.490272,-0.121767
2.686500,2.789531,-0.015479
2.686500,2.720482,0.007255
2.686500,4.896333,0.121492
2.686500,4.900154,-0.121552
2.686500,2.720585,-0.007268
2.686500,2.789441,0.015469
2.686500,7.486974,0.121800
2.686500,3.696756,-0.084700
2.686500,2.689581,-0.002887
2.686500,2.893654,0.026529
2.686500,10.516431,0.068037
2.686500,3.235819,-0.056156
2.686500,2.686645,0.000030
2.686500,3.244253,0.056784
2.686500,10.446154,-0.069957
2.686500,2.890259,-0.026188
2.686500,2.689947,0.002955
2.686500,3.712796,0.085504
2.686500,7.415934,-0.122500
2.686500,2.787499,-0.015243
2.686500,2.722529,0.007505
2.686500,4.972535,0.122636
2.686500,4.826375,-0.120346
2.686500,2.718582,-0.007027
2.686500,2.790931,0.015645
2.686500,7.541903,0.121240
2.686500,3.684633,-0.084086
2.686500,2.689233,-0.002843
2.686500,2.893959,0.026562
2.686500,10.522896,0.067858
2.686500,3.235035,-0.056098
2.686500,2.686512,0.000020
2.686500,3.240681,0.056520
2.686500,10.475875,-0.069152
2.686500,2.891669,-0.026332
2.686500,2.689469,0.002888
2.686500,3.695073,0.084616
2.686500,7.494506,-0.121724
2.686500,2.789629,-0.015494
2.686500,2.719842,0.007181
2.686500,4.873182,0.121123
2.686500,4.923588,-0.121913
2.686500,2.721203,-0.007346
2.686500,2.788451,0.015356
2.686500,7.451274,0.122155
2.686500,3.704759,-0.085103
2.686500,2.689715,-0.002926
2.686500,2.890433,0.026207
2.686500,10.449985,0.069854
2.686500,3.243789,-0.056750
2.686500,2.686558,-0.000037
2.686500,3.233452,0.055979
2.686500,10.536093,-0.067490
2.686500,2.894615,-0.026627
2.686500,2.689278,0.002844
2.686500,3.685453,0.084127
2.686500,7.538157,-0.121279
2.686500,2.790834,-0.015633
2.686500,2.718870,0.007061
2.686500,4.836830,0.120523
2.686500,4.961418,-0.122476
2.686500,2.722234,-0.007469
2.686500,2.787903,0.015289
2.686500,7.430603,0.122358
2.686500,3.709450,-0.085338
2.686500,2.689885,-0.002939
2.686500,2.891423,0.026304
2.686500,10.470436,0.069300
2.686500,3.241342,-0.056568
2.686500,2.686673,-0.000006
2.686500,3.239628,0.056440
2.686500,10.484717,-0.068910
2.686500,2.892112,-0.026374
2.686500,2.689810,0.002925
2.686500,3.706172,0.085174
2.686500,7.445047,-0.122217
2.686500,2.788298,-0.015335
2.686500,2.721837,0.007420
2.686500,4.946608,0.122258
2.686500,4.850917,-0.120759
2.686500,2.719253,-0.007107
2.686500,2.790550,0.015599
2.686500,7.527663,0.121387
2.686500,3.687754,-0.084244
2.686500,2.689344,-0.002852
2.686500,2.894567,0.026621
2.686500,10.535065,0.067519
2.686500,3.233577,-0.055989
2.686500,2.686585,0.000040
2.686500,3.244516,0.056804
2.686500,10.443943,-0.070017
2.686500,2.890148,-0.026178
2.686500,2.689811,0.002940
2.686500,3.708294,0.085280
2.686500,7.435669,-0.122309
2.686500,2.788029,-0.015307
2.686500,2.721737,0.007411
2.686500,4.943341,0.122210
2.686500,4.854046,-0.120811
2.686500,2.719326,-0.007118
2.686500,2.790117,0.015551
2.686500,7.512342,0.121543
2.686500,3.691123,-0.084416
2.686500,2.689374,-0.002872
2.686500,2.892354,0.026401
2.686500,10.490061,0.068764
2.686500,3.238977,-0.056393
2.686500,2.686502,-0.000009
2.686500,3.236424,0.056202
2.686500,10.511328,-0.068179
2.686500,2.893390,-0.026505
2.686500,2.689267,0.002852
2.686500,3.686410,0.084176
2.686500,7.533775,-0.121324
2.686500,2.790706,-0.015619
2.686500,2.718757,0.007049
2.686500,4.832929,0.120458
2.686500,4.965551,-0.122535
2.686500,2.722339,-0.007483
2.686500,2.787597,0.015255
2.686500,7.419634,0.122465
2.686500,3.711949,-0.085462
2.686500,2.689916,-0.002953
2.686500,2.890064,0.026169
2.686500,10.442096,0.070066
2.686500,3.244739,-0.056820
2.686500,2.686624,-0.000037
2.686500,3.234628,0.056067
2.686500,10.526334,-0.067762
2.686500,2.894139,-0.026578
2.686500,2.689480,0.002871
2.686500,3.692807,0.084501
2.686500,7.504748,-0.121621
2.686500,2.789926,-0.015525
2.686500,2.720021,0.007200
2.686500,4.879260,0.121221
2.686500,4.917390,-0.121819
2.686500,2.721050,-0.007324
2.686500,2.789028,0.015420
2.686500,7.471831,0.121952
2.686500,3.700140,-0.084871
2.686500,2.689666,-0.002900
2.686500,2.893161,0.026479
2.686500,10.506324,0.068317
2.686500,3.237033,-0.056247
2.686500,2.686659,0.000023
2.686500,3.243487,0.056727
2.686500,10.452550,-0.069784
2.686500,2.890565,-0.026218
2.686500,2.689946,0.002952
2.686500,3.712448,0.085487
2.686500,7.417459,-0.122486
2.686500,2.787542,-0.015248
2.686500,2.722542,0.007507
2.686500,4.972964,0.122642
2.686500,4.825974,-0.120339
2.686500,2.718573,-0.007025
2.686500,2.790997,0.015652
2.686500,7.544252,0.121216
2.686500,3.684120,-0.084060
2.686500,2.689229,-0.002840
2.686500,2.894308,0.026596
2.686500,10.529954,0.067662
2.686500,3.234188,-0.056035
2.686500,2.686525,0.000028
2.686500,3.241952,0.056614
2.686500,10.465279,-0.069440
2.686500,2.891161,-0.026281
2.686500,2.689554,0.002902
2.686500,3.698520,0.084790
2.686500,7.479044,-0.121880
2.686500,2.789206,-0.015445
2.686500,2.720311,0.007238
2.686500,4.890571,0.121401
2.686500,4.905937,-0.121642
2.686500,2.720726,-0.007289
2.686500,2.788848,0.015403
2.686500,7.465870,0.122011
2.686500,3.701472,-0.084938
2.686500,2.689629,-0.002914
2.686500,2.890785,0.026243
2.686500,10.457405,0.069653
2.686500,3.242898,-0.056684
2.686500,2.686539,-0.000033
2.686500,3.233709,0.055999
2.686500,10.533951,-0.067550
2.686500,2.894507,-0.026616
2.686500,2.689243,0.002840
2.686500,3.684378,0.084073
2.686500,7.543073,-0.121228
2.686500,2.790967,-0.015648
2.686500,2.718662,0.007036
2.686500,4.829199,0.120394
2.686500,4.969521,-0.122593
2.686500,2.722451,-0.007495
2.686500,2.787667,0.015262
2.686500,7.421972,0.122442
2.686500,3.711417,-0.085436
2.686500,2.689927,-0.002948
2.686500,2.890921,0.026254
2.686500,10.459983,0.069583
2.686500,3.242595,-0.056661
2.686500,2.686668,-0.000016
2.686500,3.238197,0.056333
2.686500,10.496633,-0.068584
2.686500,2.892689,-0.026432
2.686500,2.689735,0.002912
2.686500,3.703014,0.085015
2.686500,7.459036,-0.122079
2.686500,2.788680,-0.015379
2.686500,2.721432,0.007371
2.686500,4.931566,0.122034
2.686500,4.865416,-0.120997
2.686500,2.719646,-0.007154
2.686500,2.790236,0.015562
2.686500,7.516145,0.121505
2.686500,3.690289,-0.084373
2.686500,2.689413,-0.002861
2.686500,2.894387,0.026603
2.686500,10.531383,0.067622
2.686500,3.234020,-0.056022
2.686500,2.686606,0.000039
2.686500,3.244777,0.056823
2.686500,10.441777,-0.070075
2.686500,2.890047,-0.026167
2.686500,2.689875,0.002948
2.686500,3.710577,0.085394
2.686500,7.425640,-0.122406
2.686500,2.787758,-0.015274
2.686500,2.722101,0.007454
2.686500,4.956802,0.122408
2.686500,4.841198,-0.120597
2.686500,2.718980,-0.007076
2.686500,2.790465,0.015592
2.686500,7.525025,0.121414
2.686500,3.688329,-0.084274
2.686500,2.689309,-0.002860
2.686500,2.892926,0.026458
2.686500,10.501828,0.068441
2.686500,3.237565,-0.056287
2.686500,2.686500,0.000001
2.686500,3.237763,0.056302
2.686500,10.500172,-0.068486
2.686500,2.892846,-0.026450
2.686500,2.689317,0.002862
2.686500,3.688696,0.084293
2.686500,7.523357,-0.121431
2.686500,2.790419,-0.015586
2.686500,2.719024,0.007081
2.686500,4.842841,0.120624
2.686500,4.955072,-0.122383
2.686500,2.722055,-0.007449
2.686500,2.787792,0.015278
2.686500,7.426889,0.122394
2.686500,3.710292,-0.085380
2.686500,2.689866,-0.002947
2.686500,2.890054,0.026168
2.686500,10.441923,0.070071
2.686500,3.244759,-0.056822
2.686500,2.686603,-0.000039
2.686500,3.233939,0.056016
2.686500,10.532060,-0.067603
2.686500,2.894420,-0.026606
2.686500,2.689403,0.002860
2.686500,3.689896,0.084353
2.686500,7.517924,-0.121486
2.686500,2.790285,-0.015567
2.686500,2.719586,0.007147
2.686500,4.863216,0.120961
2.686500,4.933836,-0.122068
2.686500,2.721493,-0.007378
2.686500,2.788623,0.015373
2.686500,7.456955,0.122099
2.686500,3.703483,-0.085039
2.686500,2.689747,-0.002914
2.686500,2.892608,0.026423
2.686500,10.494953,0.068630
2.686500,3.238399,-0.056348
2.686500,2.686669,0.000015
2.686500,3.242429,0.056649
2.686500,10.461374,-0.069546
2.686500,2.890988,-0.026261
2.686500,2.689922,0.002947
2.686500,3.711183,0.085424
2.686500,7.422997,-0.122432
2.686500,2.787695,-0.015265
2.686500,2.722427,0.007492
2.686500,4.968620,0.122580
2.686500,4.830046,-0.120409
2.686500,2.718685,-0.007038
2.686500,2.790954,0.015647
2.686500,7.542596,0.121233
2.686500,3.684483,-0.084078
2.686500,2.689246,-0.002841
2.686500,2.894531,0.026618
2.686500,10.534425,0.067537
2.686500,3.233652,-0.055995
2.686500,2.686542,0.000034
2.686500,3.243040,0.056695
2.686500,10.456220,-0.069685
2.686500,2.890729,-0.026237
2.686500,2.689642,0.002915
2.686500,3.701956,0.084963
2.686500,7.463716,-0.122032
2.686500,2.788789,-0.015396
2.686500,2.720795,0.007297
2.686500,4.908500,0.121682
2.686500,4.888029,-0.121361
2.686500,2.720243,-0.007230
2.686500,2.789267,0.015452
2.686500,7.481266,0.121857
2.686500,3.698023,-0.084765
2.686500,2.689542,-0.002900
2.686500,2.891230,0.026288
2.686500,10.466712,0.069401
2.686500,3.241781,-0.056601
2.686500,2.686523,-0.000027
2.686500,3.234291,0.056043
2.686500,10.529097,-0.067685
2.686500,2.894266,-0.026592
2.686500,2.689228,0.002840
2.686500,3.684140,0.084060
2.686500,7.544163,-0.121217
2.686500,2.790994,-0.015652
2.686500,2.718567,0.007025
2.686500,4.825753,0.120336
2.686500,4.973200,-0.122645
2.686500,2.722549,-0.007507
2.686500,2.787529,0.015246
2.686500,7.416988,0.122490
2.686500,3.712555,-0.085492
2.686500,2.689948,-0.002953
2.686500,2.890514,0.026213
2.686500,10.451476,0.069813
2.686500,3.243616,-0.056737
2.686500,2.686657,-0.000024
2.686500,3.236849,0.056233
2.686500,10.507861,-0.068274
2.686500,2.893236,-0.026487
2.686500,2.689654,0.002898
2.686500,3.699654,0.084846
2.686500,7.473999,-0.121930
2.686500,2.789088,-0.015427
2.686500,2.720984,0.007316
2.686500,4.914953,0.121781
2.686500,4.881658,-0.121259
2.686500,2.720085,-0.007207
2.686500,2.789871,0.015519
2.686500,7.502742,0.121641
2.686500,3.693251,-0.084523
2.686500,2.689492,-0.002873
2.686500,2.894090,0.026573
2.686500,10.525331,0.067790
2.686500,3.234749,-0.056076
2.686500,2.686626,0.000036
2.686500,3.244709,0.056818
2.686500,10.442352,-0.070059
2.686500,2.890076,-0.026170
2.686500,2.689921,0.002953
2.686500,3.712118,0.085471
2.686500,7.418894,-0.122472
2.686500,2.787577,-0.015253
2.686500,2.722370,0.007487
2.686500,4.966719,0.122552
2.686500,4.831831,-0.120439
2.686500,2.718728,-0.007045
2.686500,2.790740,0.015623
2.686500,7.535006,0.121311
2.686500,3.686140,-0.084163
2.686500,2.689262,-0.002850
2.686500,2.893464,0.026512
2.686500,10.512822,0.068137
2.686500,3.236245,-0.056189
2.686500,2.686503,0.000011
2.686500,3.239181,0.056408
2.686500,10.488364,-0.068811
2.686500,2.892272,-0.026393
2.686500,2.689384,0.002874
2.686500,3.691561,0.084438
2.686500,7.510359,-0.121564
2.686500,2.790062,-0.015545
2.686500,2.719382,0.007125
2.686500,4.856120,0.120845
2.686500,4.941184,-0.122178
2.686500,2.721679,-0.007404
2.686500,2.788074,0.015312
2.686500,7.437330,0.122292
2.686500,3.707917,-0.085261
2.686500,2.689800,-0.002938
2.686500,2.890172,0.026180
2.686500,10.444465,0.070002
2.686500,3.244453,-0.056800
2.686500,2.686581,-0.000039
2.686500,3.233538,0.055986
2.686500,10.535387,-0.067510
2.686500,2.894582,-0.026623
2.686500,2.689335,0.002851
2.686500,3.687435,0.084228
2.686500,7.529116,-0.121372
2.686500,2.790589,-0.015603
2.686500,2.719202,0.007101
2.686500,4.849036,0.120728
2.686500,4.948575,-0.122288
2.686500,2.721890,-0.007426
2.686500,2.788247,0.015329
2.686500,7.443178,0.122235
2.686500,3.706595,-0.085195
2.686500,2.689820,-0.002927
2.686500,2.892029,0.026365
2.686500,10.483003,0.068957
2.686500,3.239833,-0.056455
2.686500,2.686673,0.000005
2.686500,3.241148,0.056553
2.686500,10.472048,-0.069256
2.686500,2.891501,-0.026312
2.686500,2.689878,0.002937
2.686500,3.709110,0.085321
2.686500,7.432098,-0.122343
2.686500,2.787944,-0.015294
2.686500,2.722195,0.007464
2.686500,4.959936,0.122454
2.686500,4.838231,-0.120547
2.686500,2.718909,-0.007065
2.686500,2.790808,0.015629
2.686500,7.537166,0.121289
2.686500,3.685670,-0.084138
2.686500,2.689284,-0.002844
2.686500,2.894619,0.026627
2.686500,10.536178,0.067488
2.686500,3.233442,-0.055979
2.686500,2.686561,0.000038
2.686500,3.243896,0.056758
2.686500,10.449098,-0.069878
2.686500,2.890391,-0.026203
2.686500,2.689727,0.002928
2.686500,3.705206,0.085126
2.686500,7.449296,-0.122175
2.686500,2.788398,-0.015350
2.686500,2.721269,0.007354
2.686500,4.926035,0.121950
2.686500,4.870793,-0.121084
2.686500,2.719777,-0.007173
2.686500,2.789688,0.015501
2.686500,7.496681,0.121702
2.686500,3.694590,-0.084591
2.686500,2.689457,-0.002886
2.686500,2.891747,0.026340
2.686500,10.477486,0.069108
2.686500,3.240487,-0.056505
2.686500,2.686510,-0.000019
2.686500,3.235180,0.056109
2.686500,10.521694,-0.067891
2.686500,2.893900,-0.026556
2.686500,2.689235,0.002844
2.686500,3.684777,0.084093
2.686500,7.541241,-0.121247
2.686500,2.790912,-0.015643
2.686500,2.718594,0.007028
2.686500,4.826804,0.120353
2.686500,4.972076,-0.122629
2.686500,2.722517,-0.007504
2.686500,2.787502,0.015243
2.686500,7.416055,0.122499
2.686500,3.712768,-0.085503
2.686500,2.689945,-0.002955
2.686500,2.890226,0.026185
2.686500,10.445460,0.069976
2.686500,3.244337,-0.056790
2.686500,2.686643,-0.000031
2.686500,3.235661,0.056144
2.686500,10.517742,-0.068001
2.686500,2.893719,-0.026535
2.686500,2.689569,0.002885
2.686500,3.696278,0.084676
2.686500,7.489117,-0.121778
2.686500,2.789500,-0.015475
2.686500,2.720518,0.007260
2.686500,4.897673,0.121513
2.686500,4.898812,-0.121531
2.686500,2.720549,-0.007264
2.686500,2.789473,0.015472
2.686500,7.488135,0.121788
2.686500,3.696497,-0.084687
2.686500,2.689575,-0.002886
2.686500,2.893689,0.026532
2.686500,10.517145,0.068017
2.686500,3.235733,-0.056150
2.686500,2.686644,0.000031
2.686500,3.244299,0.056788
2.686500,10.445771,-0.069967
2.686500,2.890241,-0.026186
2.686500,2.689946,0.002955
2.686500,3.712783,0.085504
2.686500,7.415989,-0.122500
2.686500,2.787500,-0.015243
2.686500,2.722523,0.007505
2.686500,4.972299,0.122633
2.686500,4.826595,-0.120350
2.686500,2.718588,-0.007028
2.686500,2.790921,0.015644
2.686500,7.541555,0.121244
2.686500,3.684709,-0.084090
2.686500,2.689234,-0.002844
2.686500,2.893927,0.026559
2.686500,10.522252,0.067876
2.686500,3.235113,-0.056104
2.686500,2.686511,0.000020
2.686500,3.240576,0.056512
2.686500,10.476744,-0.069128
2.686500,2.891711,-0.026336
2.686500,2.689462,0.002887
2.686500,3.694812,0.084603
2.686500,7.495685,-0.121712
2.686500,2.789661,-0.015498
2.686500,2.719807,0.007177
2.686500,4.871886,0.121102
2.686500,4.924915,-0.121933
2.686500,2.721239,-0.007351
2.686500,2.788422,0.015353
2.686500,7.450200,0.122166
2.686500,3.705002,-0.085115
2.686500,2.689722,-0.002927
2.686500,2.890410,0.026205
2.686500,10.449499,0.069867
2.686500,3.243848,-0.056755
2.686500,2.686560,-0.000038
2.686500,3.233446,0.055979
2.686500,10.536146,-0.067489
2.686500,2.894618,-0.026627
2.686500,2.689281,0.002844
2.686500,3.685569,0.084133
2.686500,7.537630,-0.121284
2.686500,2.790820,-0.015631
2.686500,2.718891,0.007063
2.686500,4.837579,0.120536
2.686500,4.960625,-0.122464
2.686500,2.722213,-0.007466
2.686500,2.787925,0.015292
2.686500,7.431404,0.122350
2.686500,3.709268,-0.085328
2.686500,2.689881,-0.002938
2.686500,2.891465,0.026309
2.686500,10.471305,0.069276
2.686500,3.241237,-0.056560
2.686500,2.686673,-0.000005
2.686500,3.239739,0.056448
2.686500,10.483789,-0.068936
2.686500,2.892067,-0.026369
2.686500,2.689816,0.002926
2.686500,3.706402,0.085185
2.686500,7.444031,-0.122227
2.686500,2.788270,-0.015332
2.686500,2.721865,0.007424
2.686500,4.947678,0.122274
2.686500,4.849893,-0.120742
2.686500,2.719225,-0.007103
2.686500,2.790571,0.015601
2.686500,7.528456,0.121379
2.686500,3.687580,-0.084236
2.686500,2.689339,-0.002851
2.686500,2.894575,0.026622
2.686500,10.535246,0.067514
2.686500,3.233555,-0.055987
2.686500,2.686583,0.000039
2.686500,3.244482,0.056802
2.686500,10.444219,-0.070009
2.686500,2.890161,-0.026179
2.686500,2.689805,0.002939
2.686500,3.708092,0.085270
2.686500,7.436561,-0.122300
2.686500,2.788053,-0.015309
2.686500,2.721706,0.007407
2.686500,4.942181,0.122193
2.686500,4.855161,-0.120829
2.686500,2.719356,-0.007122
2.686500,2.790087,0.015548
2.686500,7.511274,0.121554
2.686500,3.691359,-0.084428
2.686500,2.689379,-0.002873
2.686500,2.892310,0.026397
2.686500,10.489143,0.068789
2.686500,3.239088,-0.056401
2.686500,2.686502,-0.000010
2.686500,3.236327,0.056195
2.686500,10.512140,-0.068156
2.686500,2.893430,-0.026509
2.686500,2.689264,0.002851
2.686500,3.686262,0.084169
2.686500,7.534450,-0.121317
2.686500,2.790724,-0.015622
2.686500,2.718741,0.007047
2.686500,4.832324,0.120447
2.686500,4.966194,-0.122545
2.686500,2.722356,-0.007485
2.686500,2.787586,0.015254
2.686500,7.419224,0.122469
2.686500,3.712043,-0.085467
2.686500,2.689919,-0.002953
2.686500,2.890070,0.026169
2.686500,10.442227,0.070063
2.686500,3.244724,-0.056819
2.686500,2.686625,-0.000036
2.686500,3.234693,0.056072
2.686500,10.525797,-0.067777
2.686500,2.894113,-0.026575
2.686500,2.689486,0.002872
2.686500,3.693047,0.084513
2.686500,7.503666,-0.121632
2.686500,2.789896,-0.015522
2.686500,2.720056,0.007204
2.686500,4.880555,0.121242
2.686500,4.916073,-0.121798
2.686500,2.721015,-0.007320
2.686500,2.789060,0.015424
2.686500,7.473004,0.121940
2.686500,3.699877,-0.084858
2.686500,2.689659,-0.002899
2.686500,2.893202,0.026483
2.686500,10.507159,0.068294
2.686500,3.236933,-0.056239
2.686500,2.686658,0.000024
2.686500,3.243557,0.056732
2.686500,10.451962,-0.069800
2.686500,2.890537,-0.026216
2.686500,2.689947,0.002953
2.686500,3.712508,0.085490
2.686500,7.417194,-0.122488
2.686500,2.787535,-0.015247
2.686500,2.722546,0.007507
2.686500,4.973104,0.122644
2.686500,4.825843,-0.120337
2.686500,2.718570,-0.007025
2.686500,2.790996,0.015652
2.686500,7.544215,0.121216
2.686500,3.684129,-0.084060
2.686500,2.689228,-0.002840
2.686500,2.894286,0.026594
2.686500,10.529497,0.067674
2.686500,3.234243,-0.056039
2.686500,2.686524,0.000028
2.686500,3.241860,0.056607
2.686500,10.466050,-0.069419
2.686500,2.891198,-0.026285
2.686500,2.689548,0.002901
2.686500,3.698251,0.084776
2.686500,7.480245,-0.121868
2.686500,2.789239,-0.015449
2.686500,2.720274,0.007234
2.686500,4.889194,0.121379
2.686500,4.907324,-0.121664
2.686500,2.720764,-0.007293
2.686500,2.788816,0.015399
2.686500,7.464703,0.122023
2.686500,3.701734,-0.084952
2.686500,2.689636,-0.002915
2.686500,2.890755,0.026240
2.686500,10.456759,0.069671
2.686500,3.242976,-0.056690
2.686500,2.686540,-0.000034
2.686500,3.233677,0.055996
2.686500,10.534214,-0.067543
2.686500,2.894520,-0.026617
2.686500,2.689245,0.002841
2.686500,3.684433,0.084075
2.686500,7.542825,-0.121230
2.686500,2.790960,-0.015648
2.686500,2.718674,0.007037
2.686500,4.829646,0.120402
2.686500,4.969045,-0.122586
2.686500,2.722438,-0.007494
2.686500,2.787682,0.015264
2.686500,7.422517,0.122437
2.686500,3.711293,-0.085429
2.686500,2.689925,-0.002947
2.686500,2.890957,0.026258
2.686500,10.460730,0.069563
2.686500,3.242506,-0.056654
2.686500,2.686668,-0.000015
2.686500,3.238306,0.056341
2.686500,10.495726,-0.068608
2.686500,2.892645,-0.026427
2.686500,2.689742,0.002913
2.686500,3.703268,0.085028
2.686500,7.457908,-0.122090
2.686500,2.788649,-0.015376
2.686500,2.721465,0.007375
2.686500,4.932798,0.122053
2.686500,4.864221,-0.120978
2.686500,2.719614,-0.007150
2.686500,2.790263,0.015565
2.686500,7.517112,0.121495
2.686500,3.690075,-0.084362
2.686500,2.689408,-0.002861
2.686500,2.894405,0.026605
2.686500,10.531755,0.067611
2.686500,3.233976,-0.056018
2.686500,2.686605,0.000039
2.686500,3.244768,0.056823
2.686500,10.441849,-0.070073
2.686500,2.890050,-0.026168
2.686500,2.689870,0.002947
2.686500,3.710425,0.085386
2.686500,7.426308,-0.122400
2.686500,2.787776,-0.015277
2.686500,2.722076,0.007451
2.686500,4.955875,0.122395
2.686500,4.842078,-0.120612
2.686500,2.719003,-0.007079
2.686500,2.790440,0.015589
2.686500,7.524130,0.121423
2.686500,3.688526,-0.084284
2.686500,2.689314,-0.002861
2.686500,2.892883,0.026454
2.686500,10.500934,0.068465
2.686500,3.237672,-0.056295
2.686500,2.686500,-0.000000
2.686500,3.237656,0.056294
2.686500,10.501069,-0.068462
2.686500,2.892889,-0.026455
2.686500,2.689313,0.002861
2.686500,3.688496,0.084282
2.686500,7.524266,-0.121422
2.686500,2.790444,-0.015589
2.686500,2.719000,0.007078
2.686500,4.841944,0.120609
2.686500,4.956017,-0.122397
2.686500,2.722080,-0.007452
2.686500,2.787773,0.015276
2.686500,7.426205,0.122401
2.686500,3.710448,-0.085388
2.686500,2.689871,-0.002947
2.686500,2.890050,0.026168
2.686500,10.441837,0.070073
2.686500,3.244769,-0.056823
2.686500,2.686605,-0.000039
2.686500,3.233982,0.056019
2.686500,10.531700,-0.067613
2.686500,2.894402,-0.026604
2.686500,2.689409,0.002861
2.686500,3.690107,0.084364
2.686500,7.516967,-0.121496
2.686500,2.790258,-0.015564
2.686500,2.719619,0.007151
2.686500,4.864402,0.120980
2.686500,4.932612,-0.122050
2.686500,2.721460,-0.007374
2.686500,2.788653,0.015376
2.686500,7.458078,0.122088
2.686500,3.703230,-0.085026
2.686500,2.689741,-0.002913
2.686500,2.892652,0.026428
2.686500,10.495863,0.068605
2.686500,3.238289,-0.056340
2.686500,2.686668,0.000015
2.686500,3.242519,0.056655
2.686500,10.460617,-0.069566
2.686500,2.890952,-0.026257
2.686500,2.689925,0.002947
2.686500,3.711312,0.085430
2.686500,7.422433,-0.122437
2.686500,2.787679,-0.015263
2.686500,2.722440,0.007494
2.686500,4.969119,0.122587
2.686500,4.829577,-0.120401
2.686500,2.718673,-0.007037
2.686500,2.790961,0.015648
2.686500,7.542864,0.121230
2.686500,3.684424,-0.084075
2.686500,2.689244,-0.002840
2.686500,2.894518,0.026617
2.686500,10.534175,0.067544
2.686500,3.233682,-0.055997
2.686500,2.686540,0.000034
2.686500,3.242964,0.056689
2.686500,10.456856,-0.069668
2.686500,2.890759,-0.026240
2.686500,2.689635,0.002914
2.686500,3.701694,0.084950
2.686500,7.464879,-0.122021
2.686500,2.788821,-0.015400
2.686500,2.720758,0.007292
2.686500,4.907115,0.121660
2.686500,4.889402,-0.121383
2.686500,2.720280,-0.007234
2.686500,2.789234,0.015448
2.686500,7.480064,0.121869
2.686500,3.698292,-0.084778
2.686500,2.689549,-0.002901
2.686500,2.891192,0.026284
2.686500,10.465933,0.069422
2.686500,3.241874,-0.056608
2.686500,2.686524,-0.000028
2.686500,3.234234,0.056038
2.686500,10.529567,-0.067672
2.686500,2.894289,-0.026595
2.686500,2.689228,0.002840
2.686500,3.684127,0.084060
2.686500,7.544222,-0.121216
2.686500,2.790996,-0.015652
2.686500,2.718570,0.007025
2.686500,4.825861,0.120337
2.686500,4.973085,-0.122644
2.686500,2.722546,-0.007507
2.686500,2.787536,0.015247
2.686500,7.417232,0.122488
2.686500,3.712500,-0.085490
2.686500,2.689947,-0.002953
2.686500,2.890541,0.026216
2.686500,10.452050,0.069798
2.686500,3.243547,-0.056732
2.686500,2.686658,-0.000024
2.686500,3.236948,0.056240
2.686500,10.507033,-0.068297
2.686500,2.893195,-0.026482
2.686500,2.689660,0.002899
2.686500,3.699917,0.084860
2.686500,7.472826,-0.121942
2.686500,2.789056,-0.015423
2.686500,2.721020,0.007321
2.686500,4.916273,0.121801
2.686500,4.880359,-0.121238
2.686500,2.720050,-0.007203
2.686500,2.789901,0.015522
2.686500,7.503830,0.121630
2.686500,3.693010,-0.084511
2.686500,2.689485,-0.002872
2.686500,2.894117,0.026575
2.686500,10.525879,0.067775
2.686500,3.234683,-0.056071
2.686500,2.686625,0.000036
2.686500,3.244726,0.056819
2.686500,10.442206,-0.070063
2.686500,2.890069,-0.026169
2.686500,2.689918,0.002953
2.686500,3.712029,0.085466
2.686500,7.419285,-0.122468
2.686500,2.787587,-0.015254
2.686500,2.722354,0.007485
2.686500,4.966098,0.122543
2.686500,4.832414,-0.120449
2.686500,2.718744,-0.007047
2.686500,2.790722,0.015621
2.686500,7.534349,0.121318
2.686500,3.686284,-0.084170
2.686500,2.689265,-0.002851
2.686500,2.893424,0.026508
2.686500,10.512018,0.068160
2.686500,3.236341,-0.056196
2.686500,2.686503,0.000010
2.686500,3.239071,0.056400
2.686500,10.489282,-0.068786
2.686500,2.892317,-0.026397
2.686500,2.689378,0.002873
2.686500,3.691323,0.084426
2.686500,7.511436,-0.121553
2.686500,2.790092,-0.015548
2.686500,2.719351,0.007121
2.686500,4.854992,0.120826
2.686500,4.942357,-0.122196
2.686500,2.721710,-0.007407
2.686500,2.788049,0.015309
2.686500,7.436425,0.122301
2.686500,3.708123,-0.085272
2.686500,2.689806,-0.002939
2.686500,2.890159,0.026179
2.686500,10.444176,0.070010
2.686500,3.244488,-0.056802
2.686500,2.686583,-0.000039
2.686500,3.233558,0.055987
2.686500,10.535220,-0.067515
2.686500,2.894574,-0.026622
2.686500,2.689340,0.002851
2.686500,3.687606,0.084237
2.686500,7.528337,-0.121380
2.686500,2.790568,-0.015601
2.686500,2.719229,0.007104
2.686500,4.850046,0.120744
2.686500,4.947518,-0.122272
2.686500,2.721861,-0.007423
2.686500,2.788274,0.015332
2.686500,7.444184,0.122225
2.686500,3.706367,-0.085183
2.686500,2.689815,-0.002926
2.686500,2.892074,0.026370
2.686500,10.483930,0.068932
2.686500,3.239722,-0.056447
2.686500,2.686673,0.000006
2.686500,3.241253,0.056561
2.686500,10.471173,-0.069280
2.686500,2.891459,-0.026308
2.686500,2.689882,0.002938
2.686500,3.709295,0.085330
2.686500,7.431282,-0.122351
2.686500,2.787922,-0.015291
2.686500,2.722216,0.007466
2.686500,4.960747,0.122466
2.686500,4.837464,-0.120534
2.686500,2.718888,-0.007063
2.686500,2.790822,0.015631
2.686500,7.537711,0.121283
2.686500,3.685551,-0.084132
2.686500,2.689281,-0.002844
2.686500,2.894617,0.026627
2.686500,10.536139,0.067489
2.686500,3.233447,-0.055979
2.686500,2.686560,0.000038
2.686500,3.243839,0.056754
2.686500,10.449572,-0.069865
2.686500,2.890413,-0.026205
2.686500,2.689721,0.002927
2.686500,3.704965,0.085114
2.686500,7.450361,-0.122164
2.686500,2.788427,-0.015354
2.686500,2.721234,0.007350
2.686500,4.924715,0.121930
2.686500,4.872081,-0.121105
2.686500,2.719812,-0.007178
2.686500,2.789656,0.015498
2.686500,7.495507,0.121714
2.686500,3.694851,-0.084605
2.686500,2.689463,-0.002887
2.686500,2.891705,0.026336
2.686500,10.476612,0.069132
2.686500,3.240592,-0.056513
2.686500,2.686511,-0.000020
2.686500,3.235101,0.056103
2.686500,10.522350,-0.067873
2.686500,2.893932,-0.026559
2.686500,2.689234,0.002844
2.686500,3.684697,0.084089
2.686500,7.541609,-0.121243
2.686500,2.790923,-0.015644
2.686500,2.718587,0.007027
2.686500,4.826560,0.120349
2.686500,4.972337,-0.122633
2.686500,2.722524,-0.007505
2.686500,2.787500,0.015243
2.686500,7.415979,0.122500
2.686500,3.712786,-0.085504
2.686500,2.689946,-0.002955
2.686500,2.890243,0.026186
2.686500,10.445828,0.069966
2.686500,3.244293,-0.056787
2.686500,2.686644,-0.000031
2.686500,3.235746,0.056150
2.686500,10.517037,-0.068020
2.686500,2.893684,-0.026532
2.686500,2.689576,0.002886
2.686500,3.696536,0.084689
2.686500,7.487959,-0.121790
2.686500,2.789468,-0.015472
2.686500,2.720554,0.007264
2.686500,4.899015,0.121534
2.686500,4.897470,-0.121510
2.686500,2.720513,-0.007259
2.686500,2.789505,0.015476
2.686500,7.489293,0.121777
2.686500,3.696239,-0.084674
2.686500,2.689568,-0.002884
2.686500,2.893724,0.026536
2.686500,10.517848,0.067998
2.686500,3.235648,-0.056143
2.686500,2.686643,0.000031
2.686500,3.244343,0.056791
2.686500,10.445405,-0.069977
2.686500,2.890223,-0.026184
2.686500,2.689945,0.002955
2.686500,3.712765,0.085503
2.686500,7.416068,-0.122499
2.686500,2.787502,-0.015243
2.686500,2.722515,0.007504
2.686500,4.972035,0.122629
2.686500,4.826843,-0.120354
2.686500,2.718595,-0.007028
2.686500,2.790911,0.015643
2.686500,7.541183,0.121247
2.686500,3.684790,-0.084094
2.686500,2.689235,-0.002844
2.686500,2.893895,0.026555
2.686500,10.521593,0.067894
2.686500,3.235192,-0.056110
2.686500,2.686510,0.000019
2.686500,3.240471,0.056504
2.686500,10.477618,-0.069104
2.686500,2.891753,-0.026341
2.686500,2.689456,0.002886
2.686500,3.694551,0.084589
2.686500,7.496859,-0.121701
2.686500,2.789693,-0.015502
2.686500,2.719772,0.007173
2.686500,4.870599,0.121081
2.686500,4.926235,-0.121954
2.686500,2.721275,-0.007355
2.686500,2.788394,0.015350
2.686500,7.449135,0.122177
2.686500,3.705242,-0.085128
2.686500,2.689728,-0.002928
2.686500,2.890388,0.026202
2.686500,10.449027,0.069880
2.686500,3.243904,-0.056759
2.686500,2.686562,-0.000038
2.686500,3.233442,0.055979
2.686500,10.536182,-0.067488
2.686500,2.894620,-0.026627
2.686500,2.689285,0.002845
2.686500,3.685689,0.084139
2.686500,7.537082,-0.121290
2.686500,2.790805,-0.015629
2.686500,2.718912,0.007066
2.686500,4.838349,0.120549
2.686500,4.959811,-0.122452
2.686500,2.722191,-0.007463
2.686500,2.787947,0.015294
2.686500,7.432223,0.122342
2.686500,3.709081,-0.085319
2.686500,2.689877,-0.002937
2.686500,2.891507,0.026313
2.686500,10.472181,0.069252
2.686500,3.241132,-0.056552
2.686500,2.686673,-0.000005
2.686500,3.239850,0.056457
2.686500,10.482863,-0.068961
2.686500,2.892022,-0.026365
2.686500,2.689821,0.002927
2.686500,3.706630,0.085197
2.686500,7.443026,-0.122236
2.686500,2.788242,-0.015329
2.686500,2.721894,0.007427
2.686500,4.948733,0.122290
2.686500,4.848884,-0.120725
2.686500,2.719198,-0.007100
2.686500,2.790592,0.015604
2.686500,7.529232,0.121371
2.686500,3.687409,-0.084227
2.686500,2.689335,-0.002851
2.686500,2.894583,0.026623
2.686500,10.535411,0.067509
2.686500,3.233535,-0.055986
2.686500,2.686581,0.000039
2.686500,3.244447,0.056799
2.686500,10.444510,-0.070001
2.686500,2.890175,-0.026181
2.686500,2.689799,0.002938
2.686500,3.707886,0.085260
2.686500,7.437468,-0.122291
2.686500,2.788077,-0.015312
2.686500,2.721674,0.007403
2.686500,4.941005,0.122175
2.686500,4.856292,-0.120848
2.686500,2.719386,-0.007126
2.686500,2.790058,0.015544
2.686500,7.510195,0.121565
2.686500,3.691597,-0.084440
2.686500,2.689385,-0.002874
2.686500,2.892266,0.026392
2.686500,10.488226,0.068814
2.686500,3.239198,-0.056409
2.686500,2.686503,-0.000011
2.686500,3.236230,0.056188
2.686500,10.512943,-0.068134
2.686500,2.893470,-0.026513
2.686500,2.689261,0.002850
2.686500,3.686119,0.084161
2.686500,7.535104,-0.121310
2.686500,2.790742,-0.015624
2.686500,2.718726,0.007045
2.686500,4.831744,0.120437
2.686500,4.966811,-0.122554
2.686500,2.722373,-0.007487
2.686500,2.787575,0.015252
2.686500,7.418837,0.122472
2.686500,3.712131,-0.085471
2.686500,2.689922,-0.002953
2.686500,2.890077,0.026170
2.686500,10.442375,0.070059
2.686500,3.244706,-0.056818
2.686500,2.686627,-0.000036
2.686500,3.234759,0.056077
2.686500,10.525247,-0.067792
2.686500,2.894086,-0.026572
2.686500,2.689492,0.002873
2.686500,3.693288,0.084525
2.686500,7.502576,-0.121643
2.686500,2.789867,-0.015518
2.686500,2.720091,0.007208
2.686500,4.881856,0.121262
2.686500,4.914753,-0.121778
2.686500,2.720979,-0.007316
2.686500,2.789092,0.015428
2.686500,7.474177,0.121928
2.686500,3.699614,-0.084844
2.686500,2.689653,-0.002898
2.686500,2.893242,0.026487
2.686500,10.507986,0.068271
2.686500,3.236833,-0.056232
2.686500,2.686657,0.000025
2.686500,3.243626,0.056738
2.686500,10.451390,-0.069816
2.686500,2.890510,-0.026213
2.686500,2.689948,0.002953
2.686500,3.712563,0.085493
2.686500,7.416953,-0.122491
2.686500,2.787528,-0.015246
2.686500,2.722549,0.007507
2.686500,4.973215,0.122646
2.686500,4.825738,-0.120335
2.686500,2.718567,-0.007025
2.686500,2.790994,0.015652
2.686500,7.544153,0.121217
2.686500,3.684142,-0.084061
2.686500,2.689228,-0.002840
2.686500,2.894262,0.026592
2.686500,10.529024,0.067687
2.686500,3.234299,-0.056043
2.686500,2.686522,0.000027
2.686500,3.241766,0.056600
2.686500,10.466831,-0.069398
2.686500,2.891235,-0.026288
2.686500,2.689541,0.002900
2.686500,3.697983,0.084763
2.686500,7.481448,-0.121856
2.686500,2.789272,-0.015453
2.686500,2.720237,0.007229
2.686500,4.887821,0.121358
2.686500,4.908710,-0.121685
2.686500,2.720801,-0.007298
2.686500,2.788785,0.015396
2.686500,7.463540,0.122034
2.686500,3.701995,-0.084965
2.686500,2.689643,-0.002916
2.686500,2.890724,0.026237
2.686500,10.456125,0.069688
2.686500,3.243052,-0.056696
2.686500,2.686542,-0.000034
2.686500,3.233647,0.055994
2.686500,10.534461,-0.067536
2.686500,2.894533,-0.026619
2.686500,2.689247,0.002841
2.686500,3.684492,0.084078
2.686500,7.542554,-0.121233
2.686500,2.790953,-0.015647
2.686500,2.718687,0.007039
2.686500,4.830119,0.120410
2.686500,4.968542,-0.122579
2.686500,2.722425,-0.007492
2.686500,2.787697,0.015265
2.686500,7.423084,0.122431
2.686500,3.711163,-0.085423
2.686500,2.689922,-0.002946
2.686500,2.890994,0.026261
2.686500,10.461490,0.069543
2.686500,3.242415,-0.056647
2.686500,2.686669,-0.000014
2.686500,3.238415,0.056350
2.686500,10.494815,-0.068634
2.686500,2.892601,-0.026423
2.686500,2.689748,0.002914
2.686500,3.703521,0.085041
2.686500,7.456786,-0.122101
2.686500,2.788618,-0.015372
2.686500,2.721498,0.007379
2.686500,4.934020,0.122071
2.686500,4.863037,-0.120958
2.686500,2.719582,-0.007146
2.686500,2.790288,0.015568
2.686500,7.518068,0.121485
2.686500,3.689865,-0.084352
2.686500,2.689402,-0.002860
2.686500,2.894422,0.026606
2.686500,10.532113,0.067601
2.686500,3.233933,-0.056015
2.686500,2.686603,0.000039
2.686500,3.244757,0.056822
2.686500,10.441938,-0.070070
2.686500,2.890054,-0.026168
2.686500,2.689866,0.002947
2.686500,3.710268,0.085379
2.686500,7.426995,-0.122393
2.686500,2.787795,-0.015279
2.686500,2.722051,0.007448
2.686500,4.954927,0.122381
2.686500,4.842979,-0.120627
2.686500,2.719028,-0.007082
2.686500,2.790415,0.015586
2.686500,7.523218,0.121432
2.686500,3.688726,-0.084294
2.686500,2.689318,-0.002862
2.686500,2.892839,0.026450
2.686500,10.500036,0.068490
2.686500,3.237780,-0.056304
2.686500,2.686500,-0.000001
2.686500,3.237549,0.056286
2.686500,10.501962,-0.068437
2.686500,2.892933,-0.026459
2.686500,2.689309,0.002860
2.686500,3.688300,0.084273
2.686500,7.525160,-0.121412
2.686500,2.790469,-0.015592
2.686500,2.718976,0.007076
2.686500,4.841067,0.120595
2.686500,4.956941,-0.122410
2.686500,2.722105,-0.007455
2.686500,2.787755,0.015274
2.686500,7.425541,0.122407
2.686500,3.710600,-0.085395
2.686500,2.689875,-0.002948
2.686500,2.890047,0.026167
2.686500,10.441768,0.070075
2.686500,3.244778,-0.056823
2.686500,2.686606,-0.000039
2.686500,3.234027,0.056022
2.686500,10.531325,-0.067623
2.686500,2.894384,-0.026603
2.686500,2.689414,0.002861
2.686500,3.690321,0.084375
2.686500,7.515997,-0.121506
2.686500,2.790232,-0.015561
2.686500,2.719651,0.007155
2.686500,4.865598,0.121000
2.686500,4.931378,-0.122031
2.686500,2.721427,-0.007370
2.686500,2.788684,0.015380
2.686500,7.459208,0.122077
2.686500,3.702975,-0.085013
2.686500,2.689734,-0.002912
2.686500,2.892696,0.026432
2.686500,10.496770,0.068580
2.686500,3.238181,-0.056332
2.686500,2.686667,0.000016
2.686500,3.242609,0.056662
2.686500,10.459870,-0.069586
2.686500,2.890916,-0.026253
2.686500,2.689928,0.002948
2.686500,3.711435,0.085437
2.686500,7.421891,-0.122443
2.686500,2.787665,-0.015262
2.686500,2.722453,0.007495
2.686500,4.969591,0.122594
2.686500,4.829134,-0.120393
2.686500,2.718660,-0.007035
2.686500,2.790968,0.015649
2.686500,7.543109,0.121228
2.686500,3.684371,-0.084072
2.686500,2.689242,-0.002840
2.686500,2.894505,0.026616
2.686500,10.533910,0.067551
2.686500,3.233713,-0.055999
2.686500,2.686539,0.000033
2.686500,3.242886,0.056684
2.686500,10.457504,-0.069651
2.686500,2.890790,-0.026243
2.686500,2.689629,0.002913
2.686500,3.701432,0.084936
2.686500,7.466048,-0.122009
2.686500,2.788853,-0.015404
2.686500,2.720721,0.007288
2.686500,4.905727,0.121639
2.686500,4.890780,-0.121404
2.686500,2.720317,-0.007239
2.686500,2.789202,0.015445
2.686500,7.478862,0.121882
2.686500,3.698560,-0.084792
2.686500,2.689555,-0.002902
2.686500,2.891156,0.026280
2.686500,10.465163,0.069443
2.686500,3.241966,-0.056615
2.686500,2.686525,-0.000028
2.686500,3.234180,0.056034
2.686500,10.530021,-0.067660
2.686500,2.894312,-0.026597
2.686500,2.689229,0.002840
2.686500,3.684120,0.084059
2.686500,7.544256,-0.121216
2.686500,2.790997,-0.015652
2.686500,2.718574,0.007025
2.686500,4.825996,0.120340
2.686500,4.972940,-0.122642
2.686500,2.722542,-0.007506
2.686500,2.787544,0.015248
2.686500,7.417501,0.122485
2.686500,3.712438,-0.085487
2.686500,2.689946,-0.002952
2.686500,2.890569,0.026219
2.686500,10.452640,0.069782
2.686500,3.243476,-0.056726
2.686500,2.686659,-0.000023
2.686500,3.237048,0.056248
2.686500,10.506197,-0.068320
2.686500,2.893155,-0.026478
2.686500,2.689666,0.002900
2.686500,3.700179,0.084873
2.686500,7.471654,-0.121953
2.686500,2.789024,-0.015420
2.686500,2.721055,0.007325
2.686500,4.917589,0.121822
2.686500,4.879065,-0.121218
2.686500,2.720015,-0.007199
2.686500,2.789930,0.015526
2.686500,7.504912,0.121619
2.686500,3.692771,-0.084499
2.686500,2.689479,-0.002871
2.686500,2.894143,0.026578
2.686500,10.526414,0.067760
2.686500,3.234618,-0.056066
2.686500,2.686623,0.000037
2.686500,3.244741,0.056821
2.686500,10.442077,-0.070067
2.686500,2.890063,-0.026169
2.686500,2.689915,0.002953
2.686500,3.711934,0.085462
2.686500,7.419698,-0.122464
2.686500,2.787598,-0.015255
2.686500,2.722336,0.007483
2.686500,4.965452,0.122534
2.686500,4.833023,-0.120459
2.686500,2.718760,-0.007049
2.686500,2.790703,0.015619
2.686500,7.533671,0.121325
2.686500,3.686433,-0.084177
2.686500,2.689268,-0.002852
2.686500,2.893384,0.026504
2.686500,10.511204,0.068182
2.686500,3.236439,-0.056203
2.686500,2.686502,0.000009
2.686500,3.238961,0.056392
2.686500,10.490200,-0.068760
2.686500,2.892361,-0.026402
2.686500,2.689373,0.002872
2.686500,3.691087,0.084414
2.686500,7.512503,-0.121542
2.686500,2.790121,-0.015552
2.686500,2.719321,0.007118
2.686500,4.853879,0.120808
2.686500,4.943516,-0.122213
2.686500,2.721742,-0.007411
2.686500,2.788025,0.015306
2.686500,7.435535,0.122310
2.686500,3.708325,-0.085282
2.686500,2.689811,-0.002940
2.686500,2.890146,0.026178
2.686500,10.443902,0.070018
2.686500,3.244521,-0.056805
2.686500,2.686585,-0.000040
2.686500,3.233580,0.055989
2.686500,10.535036,-0.067520
2.686500,2.894565,-0.026621
2.686500,2.689345,0.002852
2.686500,3.687780,0.084246
2.686500,7.527542,-0.121388
2.686500,2.790546,-0.015598
2.686500,2.719257,0.007107
2.686500,4.851073,0.120761
2.686500,4.946445,-0.122256
2.686500,2.721832,-0.007419
2.686500,2.788302,0.015335
2.686500,7.445202,0.122215
2.686500,3.706137,-0.085172
2.686500,2.689809,-0.002925
2.686500,2.892119,0.026374
2.686500,10.484858,0.068906
2.686500,3.239611,-0.056439
2.686500,2.686673,0.000006
2.686500,3.241357,0.056569
2.686500,10.470305,-0.069303
2.686500,2.891417,-0.026304
2.686500,2.689886,0.002939
2.686500,3.709477,0.085339
2.686500,7.430483,-0.122359
2.686500,2.787900,-0.015289
2.686500,2.722238,0.007469
2.686500,4.961536,0.122477
2.686500,4.836718,-0.120521
2.686500,2.718867,-0.007060
2.686500,2.790837,0.015633
2.686500,7.538236,0.121278
2.686500,3.685436,-0.084126
2.686500,2.689277,-0.002844
2.686500,2.894614,0.026626
2.686500,10.536084,0.067490
2.686500,3.233453,-0.055980
2.686500,2.686558,0.000037
2.686500,3.243780,0.056750
2.686500,10.450060,-0.069852
2.686500,2.890437,-0.026207
2.686500,2.689714,0.002926
2.686500,3.704722,0.085101
2.686500,7.451437,-0.122154
2.686500,2.788456,-0.015357
2.686500,2.721198,0.007346
2.686500,4.923387,0.121910
2.686500,4.873379,-0.121126
2.686500,2.719847,-0.007182
2.686500,2.789624,0.015494
2.686500,7.494327,0.121726
2.686500,3.695113,-0.084618
2.686500,2.689470,-0.002888
2.686500,2.891663,0.026331
2.686500,10.475744,0.069155
2.686500,3.240696,-0.056521
2.686500,2.686512,-0.000020
2.686500,3.235024,0.056097
2.686500,10.522993,-0.067855
2.686500,2.893964,-0.026562
2.686500,2.689233,0.002843
2.686500,3.684621,0.084085
2.686500,7.541954,-0.121240
2.686500,2.790932,-0.015645
2.686500,2.718582,0.007027
2.686500,4.826344,0.120346
2.686500,4.972568,-0.122636
2.686500,2.722530,-0.007505
2.686500,2.787499,0.015243
2.686500,7.415928,0.122500
2.686500,3.712797,-0.085505
2.686500,2.689947,-0.002955
2.686500,2.890262,0.026188
2.686500,10.446213,0.069955
2.686500,3.244246,-0.056784
2.686500,2.686646,-0.000030
2.686500,3.235832,0.056157
2.686500,10.516322,-0.068040
2.686500,2.893649,-0.026528
2.686500,2.689582,0.002887
2.686500,3.696795,0.084702
2.686500,7.486798,-0.121802
2.686500,2.789437,-0.015468
2.686500,2.720591,0.007269
2.686500,4.900357,0.121555
2.686500,4.896130,-0.121489
2.686500,2.720476,-0.007255
2.686500,2.789536,0.015480
2.686500,7.490447,0.121765
2.686500,3.695982,-0.084661
2.686500,2.689562,-0.002883
2.686500,2.893758,0.026539
2.686500,10.518539,0.067979
2.686500,3.235565,-0.056137
2.686500,2.686642,0.000032
2.686500,3.244385,0.056794
2.686500,10.445056,-0.069986
2.686500,2.890206,-0.026183
2.686500,2.689944,0.002955
2.686500,3.712741,0.085502
2.686500,7.416173,-0.122498
2.686500,2.787505,-0.015244
2.686500,2.722507,0.007503
2.686500,4.971742,0.122625
2.686500,4.827117,-0.120359
2.686500,2.718602,-0.007029
2.686500,2.790900,0.015642
2.686500,7.540788,0.121252
2.686500,3.684876,-0.084098
2.686500,2.689237,-0.002844
2.686500,2.893862,0.026552
2.686500,10.520922,0.067913
2.686500,3.235272,-0.056116
2.686500,2.686509,0.000018
2.686500,3.240366,0.056496
2.686500,10.478498,-0.069080
2.686500,2.891796,-0.026345
2.686500,2.689450,0.002885
2.686500,3.694291,0.084576
2.686500,7.498028,-0.121689
2.686500,2.789725,-0.015506
2.686500,2.719737,0.007169
2.686500,4.869321,0.121061
2.686500,4.927546,-0.121973
2.686500,2.721310,-0.007359
2.686500,2.788365,0.015346
2.686500,7.448081,0.122187
2.686500,3.705481,-0.085139
2.686500,2.689735,-0.002929
2.686500,2.890366,0.026200
2.686500,10.448568,0.069892
2.686500,3.243960,-0.056763
2.686500,2.686563,-0.000038
2.686500,3.233439,0.055978
2.686500,10.536202,-0.067487
2.686500,2.894621,-0.026627
2.686500,2.689289,0.002845
2.686500,3.685813,0.084146
2.686500,7.536514,-0.121296
2.686500,2.790790,-0.015627
2.686500,2.718933,0.007068
2.686500,4.839140,0.120562
2.686500,4.958976,-0.122440
2.686500,2.722169,-0.007461
2.686500,2.787970,0.015297
2.686500,7.433059,0.122334
2.686500,3.708891,-0.085310
2.686500,2.689873,-0.002936
2.686500,2.891550,0.026317
2.686500,10.473064,0.069228
2.686500,3.241026,-0.056544
2.686500,2.686674,-0.000004
2.686500,3.239961,0.056465
2.686500,10.481938,-0.068986
2.686500,2.891978,-0.026360
2.686500,2.689826,0.002928
2.686500,3.706854,0.085208
2.686500,7.442034,-0.122246
2.686500,2.788215,-0.015325
2.686500,2.721922,0.007430
2.686500,4.949772,0.122305
2.686500,4.847892,-0.120709
2.686500,2.719171,-0.007097
2.686500,2.790613,0.015606
2.686500,7.529993,0.121363
2.686500,3.687242,-0.084218
2.686500,2.689330,-0.002850
2.686500,2.894591,0.026624
2.686500,10.535561,0.067505
2.686500,3.233517,-0.055984
2.686500,2.686579,0.000039
2.686500,3.244411,0.056796
2.686500,10.444816,-0.069993
2.686500,2.890189,-0.026182
2.686500,2.689794,0.002937
2.686500,3.707677,0.085249
2.686500,7.438389,-0.122282
2.686500,2.788102,-0.015315
2.686500,2.721642,0.007399
2.686500,4.939815,0.122158
2.686500,4.857437,-0.120866
2.686500,2.719417,-0.007129
2.686500,2.790028,0.015541
2.686500,7.509106,0.121576
2.686500,3.691838,-0.084452
2.686500,2.689391,-0.002875
2.686500,2.892221,0.026388
2.686500,10.487310,0.068840
2.686500,3.239308,-0.056417
2.686500,2.686503,-0.000011
2.686500,3.236135,0.056181
2.686500,10.513736,-0.068112
2.686500,2.893509,-0.026517
2.686500,2.689258,0.002850
2.686500,3.685980,0.084154
2.686500,7.535738,-0.121304
2.686500,2.790760,-0.015626
2.686500,2.718711,0.007043
2.686500,4.831189,0.120428
2.686500,4.967401,-0.122562
2.686500,2.722389,-0.007489
2.686500,2.787566,0.015251
2.686500,7.418473,0.122476
2.686500,3.712214,-0.085476
2.686500,2.689924,-0.002953
2.686500,2.890085,0.026171
2.686500,10.442540,0.070054
2.686500,3.244686,-0.056817
2.686500,2.686628,-0.000036
2.686500,3.234826,0.056082
2.686500,10.524685,-0.067808
2.686500,2.894058,-0.026570
2.686500,2.689499,0.002874
2.686500,3.693531,0.084537
2.686500,7.501479,-0.121654
2.686500,2.789837,-0.015515
2.686500,2.720126,0.007212
2.686500,4.883161,0.121283
2.686500,4.913428,-0.121758
2.686500,2.720943,-0.007311
2.686500,2.789125,0.015431
2.686500,7.475351,0.121916
2.686500,3.699351,-0.084831
2.686500,2.689646,-0.002897
2.686500,2.893282,0.026491
2.686500,10.508804,0.068248
2.686500,3.236735,-0.056224
2.686500,2.686656,0.000025
2.686500,3.243693,0.056743
2.686500,10.450832,-0.069831
2.686500,2.890483,-0.026210
2.686500,2.689949,0.002953
2.686500,3.712613,0.085495
2.686500,7.416737,-0.122493
2.686500,2.787522,-0.015245
2.686500,2.722551,0.007508
2.686500,4.973298,0.122647
2.686500,4.825662,-0.120334
2.686500,2.718564,-0.007024
2.686500,2.790992,0.015652
2.686500,7.544066,0.121218
2.686500,3.684161,-0.084062
2.686500,2.689228,-0.002841
2.686500,2.894238,0.026589
2.686500,10.528537,0.067701
2.686500,3.234358,-0.056048
2.686500,2.686521,0.000026
2.686500,3.241672,0.056593
2.686500,10.467620,-0.069377
2.686500,2.891273,-0.026292
2.686500,2.689534,0.002899
2.686500,3.697714,0.084749
2.686500,7.482650,-0.121844
2.686500,2.789305,-0.015457
2.686500,2.720200,0.007225
2.686500,4.886453,0.121336
2.686500,4.910092,-0.121706
2.686500,2.720839,-0.007302
2.686500,2.788753,0.015392
2.686500,7.462383,0.122046
2.686500,3.702255,-0.084978
2.686500,2.689650,-0.002917
2.686500,2.890695,0.026234
2.686500,10.455502,0.069705
2.686500,3.243127,-0.056701
2.686500,2.686543,-0.000034
2.686500,3.233620,0.055992
2.686500,10.534692,-0.067529
2.686500,2.894544,-0.026620
2.686500,2.689249,0.002841
2.686500,3.684556,0.084082
2.686500,7.542260,-0.121236
2.686500,2.790945,-0.015646
2.686500,2.718701,0.007040
2.686500,4.830615,0.120418
2.686500,4.968013,-0.122571
2.686500,2.722411,-0.007490
2.686500,2.787713,0.015267
2.686500,7.423672,0.122425
2.686500,3.711029,-0.085416
2.686500,2.689919,-0.002946
2.686500,2.891030,0.026265
2.686500,10.462261,0.069522
2.686500,3.242322,-0.056641
2.686500,2.686669,-0.000014
2.686500,3.238525,0.056358
2.686500,10.493900,-0.068659
2.686500,2.892557,-0.026418
2.686500,2.689754,0.002915
2.686500,3.703772,0.085053
2.686500,7.455670,-0.122112
2.686500,2.788588,-0.015369
2.686500,2.721531,0.007383
2.686500,4.935232,0.122089
2.686500,4.861864,-0.120939
2.686500,2.719550,-0.007143
2.686500,2.790314,0.015571
2.686500,7.519012,0.121475
2.686500,3.689657,-0.084341
2.686500,2.689396,-0.002859
2.686500,2.894439,0.026608
2.686500,10.532456,0.067592
2.686500,3.233891,-0.056012
2.686500,2.686601,0.000039
2.686500,3.244744,0.056821
2.686500,10.442042,-0.070068
2.686500,2.890059,-0.026169
2.686500,2.689861,0.002946
2.686500,3.710108,0.085371
2.686500,7.427701,-0.122386
2.686500,2.787814,-0.015281
2.686500,2.722024,0.007445
2.686500,4.953959,0.122367
2.686500,4.843899,-0.120642
2.686500,2.719052,-0.007085
2.686500,2.790390,0.015583
2.686500,7.522291,0.121442
2.686500,3.688930,-0.084305
2.686500,2.689323,-0.002863
2.686500,2.892795,0.026445
2.686500,10.499134,0.068515
2.686500,3.237888,-0.056312
2.686500,2.686500,-0.000002
2.686500,3.237442,0.056278
2.686500,10.502851,-0.068413
2.686500,2.892976,-0.026463
2.686500,2.689304,0.002859
2.686500,3.688107,0.084263
2.686500,7.526037,-0.121403
2.686500,2.790493,-0.015595
2.686500,2.718953,0.007073
2.686500,4.840211,0.120580
2.686500,4.957843,-0.122424
2.686500,2.722130,-0.007458
2.686500,2.787738,0.015272
2.686500,7.424896,0.122414
2.686500,3.710747,-0.085403
2.686500,2.689880,-0.002949
2.686500,2.890044,0.026167
2.686500,10.441714,0.070076
2.686500,3.244784,-0.056824
2.686500,2.686608,-0.000039
2.686500,3.234074,0.056026
2.686500,10.530937,-0.067634
2.686500,2.894365,-0.026601
2.686500,2.689420,0.002862
2.686500,3.690537,0.084386
2.686500,7.515017,-0.121516
2.686500,2.790205,-0.015558
2.686500,2.719684,0.007159
2.686500,4.866805,0.121020
2.686500,4.930135,-0.122012
2.686500,2.721393,-0.007366
2.686500,2.788715,0.015384
2.686500,7.460343,0.122066
2.686500,3.702720,-0.085001
2.686500,2.689728,-0.002911
2.686500,2.892740,0.026437
2.686500,10.497672,0.068555
2.686500,3.238072,-0.056324
2.686500,2.686667,0.000017
2.686500,3.242697,0.056668
2.686500,10.459136,-0.069606
2.686500,2.890881,-0.026250
2.686500,2.689930,0.002948
2.686500,3.711554,0.085442
2.686500,7.421372,-0.122448
2.686500,2.787650,-0.015260
2.686500,2.722465,0.007497
2.686500,4.970037,0.122600
2.686500,4.828715,-0.120386
2.686500,2.718649,-0.007034
2.686500,2.790974,0.015649
2.686500,7.543331,0.121225
2.686500,3.684322,-0.084070
2.686500,2.689240,-0.002840
2.686500,2.894491,0.026615
2.686500,10.533628,0.067559
2.686500,3.233747,-0.056002
2.686500,2.686537,0.000033
2.686500,3.242807,0.056678
2.686500,10.458163,-0.069633
2.686500,2.890821,-0.026246
2.686500,2.689622,0.002912
2.686500,3.701168,0.084923
2.686500,7.467221,-0.121998
2.686500,2.788885,-0.015407
2.686500,2.720683,0.007283
2.686500,4.904339,0.121617
2.686500,4.892160,-0.121426
2.686500,2.720354,-0.007243
2.686500,2.789169,0.015441
2.686500,7.477661,0.121894
2.686500,3.698829,-0.084805
2.686500,2.689562,-0.002903
2.686500,2.891119,0.026277
2.686500,10.464403,0.069464
2.686500,3.242058,-0.056622
2.686500,2.686526,-0.000029
2.686500,3.234127,0.056030
2.686500,10.530460,-0.067647
2.686500,2.894333,-0.026599
2.686500,2.689229,0.002840
2.686500,3.684117,0.084059
2.686500,7.544266,-0.121216
2.686500,2.790998,-0.015652
2.686500,2.718579,0.007026
2.686500,4.826158,0.120342
2.686500,4.972767,-0.122639
2.686500,2.722537,-0.007506
2.686500,2.787552,0.015249
2.686500,7.417793,0.122482
2.686500,3.712371,-0.085483
2.686500,2.689945,-0.002952
2.686500,2.890598,0.026222
2.686500,10.453244,0.069766
2.686500,3.243404,-0.056721
2.686500,2.686660,-0.000023
2.686500,3.237150,0.056255
2.686500,10.505354,-0.068343
2.686500,2.893114,-0.026474
2.686500,2.689673,0.002901
2.686500,3.700442,0.084886
2.686500,7.470484,-0.121965
2.686500,2.788992,-0.015416
2.686500,2.721091,0.007329
2.686500,4.918900,0.121842
2.686500,4.877777,-0.121197
2.686500,2.719980,-0.007195
2.686500,2.789959,0.015529
2.686500,7.505985,0.121608
2.686500,3.692533,-0.084487
2.686500,2.689473,-0.002870
2.686500,2.894169,0.026581
2.686500,10.526936,0.067745
2.686500,3.234556,-0.056062
2.686500,2.686622,0.000037
2.686500,3.244755,0.056822
2.686500,10.441966,-0.070070
2.686500,2.890057,-0.026168
2.686500,2.689912,0.002952
2.686500,3.711834,0.085457
2.686500,7.420134,-0.122460
2.686500,2.787610,-0.015257
2.686500,2.722318,0.007480
2.686500,4.964780,0.122524
2.686500,4.833656,-0.120470
2.686500,2.718777,-0.007051
2.686500,2.790684,0.015617
2.686500,7.532973,0.121332
2.686500,3.686586,-0.084185
2.686500,2.689271,-0.002852
2.686500,2.893344,0.026500
2.686500,10.510382,0.068205
2.686500,3.236538,-0.056211
2.686500,2.686502,0.000008
2.686500,3.238850,0.056383
2.686500,10.491119,-0.068735
2.686500,2.892406,-0.026406
2.686500,2.689367,0.002871
2.686500,3.690854,0.084402
2.686500,7.513560,-0.121531
2.686500,2.790150,-0.015555
2.686500,2.719292,0.007114
2.686500,4.852782,0.120790
2.686500,4.944659,-0.122230
2.686500,2.721773,-0.007415
2.686500,2.788002,0.015303
2.686500,7.434660,0.122319
2.686500,3.708523,-0.085292
2.686500,2.689817,-0.002940
2.686500,2.890134,0.026176
2.686500,10.443644,0.070025
2.686500,3.244552,-0.056807
2.686500,2.686587,-0.000040
2.686500,3.233604,0.055991
2.686500,10.534838,-0.067525
2.686500,2.894556,-0.026620
2.686500,2.689350,0.002853
2.686500,3.687958,0.084255
2.686500,7.526731,-0.121396
2.686500,2.790524,-0.015596
2.686500,2.719286,0.007111
2.686500,4.852116,0.120779
2.686500,4.945357,-0.122240
2.686500,2.721803,-0.007416
2.686500,2.788330,0.015339
2.686500,7.446231,0.122205
2.686500,3.705904,-0.085160
2.686500,2.689804,-0.002924
2.686500,2.892164,0.026379
2.686500,10.485786,0.068881
2.686500,3.239499,-0.056430
2.686500,2.686673,0.000007
2.686500,3.241461,0.056576
2.686500,10.469444,-0.069327
2.686500,2.891376,-0.026300
2.686500,2.689890,0.002940
2.686500,3.709655,0.085348
2.686500,7.429703,-0.122367
2.686500,2.787879,-0.015286
2.686500,2.722258,0.007471
2.686500,4.962302,0.122488
2.686500,4.835994,-0.120509
2.686500,2.718847,-0.007058
2.686500,2.790850,0.015634
2.686500,7.538740,0.121273
2.686500,3.685326,-0.084121
2.686500,2.689274,-0.002843
2.686500,2.894611,0.026626
2.686500,10.536013,0.067492
2.686500,3.233462,-0.055980
2.686500,2.686557,0.000037
2.686500,3.243720,0.056745
2.686500,10.450561,-0.069838
2.686500,2.890460,-0.026210
2.686500,2.689708,0.002925
2.686500,3.704477,0.085089
2.686500,7.452522,-0.122143
2.686500,2.788485,-0.015360
2.686500,2.721161,0.007341
2.686500,4.922051,0.121890
2.686500,4.874685,-0.121147
2.686500,2.719882,-0.007186
2.686500,2.789591,0.015490
2.686500,7.493144,0.121738
2.686500,3.695376,-0.084631
2.686500,2.689476,-0.002889
2.686500,2.891622,0.026327
2.686500,10.474882,0.069179
2.686500,3.240800,-0.056529
2.686500,2.686513,-0.000021
2.686500,3.234948,0.056092
2.686500,10.523623,-0.067838
2.686500,2.893995,-0.026565
2.686500,2.689231,0.002843
2.686500,3.684551,0.084082
2.686500,7.542275,-0.121236
2.686500,2.790941,-0.015646
2.686500,2.718577,0.007026
2.686500,4.826155,0.120342
2.686500,4.972770,-0.122639
2.686500,2.722536,-0.007506
2.686500,2.787498,0.015243
2.686500,7.415902,0.122501
2.686500,3.712803,-0.085505
2.686500,2.689948,-0.002955
2.686500,2.890281,0.026190
2.686500,10.446615,0.069944
2.686500,3.244198,-0.056780
2.686500,2.686647,-0.000030
2.686500,3.235919,0.056163
2.686500,10.515596,-0.068060
2.686500,2.893613,-0.026525
2.686500,2.689589,0.002888
2.686500,3.697054,0.084715
2.686500,7.485633,-0.121813
2.686500,2.789405,-0.015464
2.686500,2.720627,0.007273
2.686500,4.901700,0.121576
2.686500,4.894791,-0.121468
2.686500,2.720440,-0.007250
2.686500,2.789567,0.015483
2.686500,7.491597,0.121753
2.686500,3.695726,-0.084648
2.686500,2.689555,-0.002882
2.686500,2.893791,0.026542
2.686500,10.519220,0.067960
2.686500,3.235483,-0.056131
2.686500,2.686640,0.000032
2.686500,3.244425,0.056797
2.686500,10.444724,-0.069995
2.686500,2.890190,-0.026181
2.686500,2.689942,0.002955
2.686500,3.712712,0.085500
2.686500,7.416302,-0.122497
2.686500,2.787508,-0.015244
2.686500,2.722499,0.007502
2.686500,4.971420,0.122620
2.686500,4.827418,-0.120364
2.686500,2.718610,-0.007030
2.686500,2.790888,0.015640
2.686500,7.540370,0.121256
2.686500,3.684967,-0.084103
2.686500,2.689238,-0.002845
2.686500,2.893828,0.026549
2.686500,10.520238,0.067932
2.686500,3.235354,-0.056122
2.686500,2.686509,0.000018
2.686500,3.240259,0.056488
2.686500,10.479383,-0.069056
2.686500,2.891838,-0.026349
2.686500,2.689443,0.002884
2.686500,3.694033,0.084563
2.686500,7.499191,-0.121677
2.686500,2.789757,-0.015509
2.686500,2.719703,0.007164
2.686500,4.868054,0.121040
2.686500,4.928848,-0.121993
2.686500,2.721345,-0.007363
2.686500,2.788337,0.015343
2.686500,7.447038,0.122197
2.686500,3.705717,-0.085151
2.686500,2.689741,-0.002930
2.686500,2.890345,0.026198
2.686500,10.448122,0.069904
2.686500,3.244013,-0.056767
2.686500,2.686565,-0.000038
2.686500,3.233439,0.055978
2.686500,10.536206,-0.067487
2.686500,2.894621,-0.026627
2.686500,2.689292,0.002845
2.686500,3.685941,0.084152
2.686500,7.535927,-0.121302
2.686500,2.790774,-0.015625
2.686500,2.718955,0.007071
2.686500,4.839952,0.120576
2.686500,4.958119,-0.122428
2.686500,2.722146,-0.007458
2.686500,2.787994,0.015300
2.686500,7.433911,0.122326
2.686500,3.708698,-0.085300
2.686500,2.689868,-0.002936
2.686500,2.891592,0.026321
2.686500,10.473952,0.069204
2.686500,3.240920,-0.056536
2.686500,2.686674,-0.000003
2.686500,3.240072,0.056473
2.686500,10.481014,-0.069011
2.686500,2.891933,-0.026356
2.686500,2.689831,0.002929
2.686500,3.707076,0.085219
2.686500,7.441054,-0.122256
2.686500,2.788189,-0.015322
2.686500,2.721949,0.007434
2.686500,4.950794,0.122320
2.686500,4.846917,-0.120692
2.686500,2.719144,-0.007094
2.686500,2.790633,0.015609
2.686500,7.530737,0.121355
2.686500,3.687079,-0.084210
2.686500,2.689325,-0.002849
2.686500,2.894597,0.026624
2.686500,10.535696,0.067501
2.686500,3.233501,-0.055983
2.686500,2.686578,0.000039
2.686500,3.244372,0.056794
2.686500,10.445137,-0.069984
2.686500,2.890204,-0.026184
2.686500,2.689788,0.002937
2.686500,3.707464,0.085239
2.686500,7.439325,-0.122273
2.686500,2.788128,-0.015318
2.686500,2.721609,0.007395
2.686500,4.938612,0.122140
2.686500,4.858597,-0.120886
2.686500,2.719448,-0.007133
2.686500,2.789998,0.015537
2.686500,7.508007,0.121588
2.686500,3.692080,-0.084464
2.686500,2.689396,-0.002876
2.686500,2.892177,0.026383
2.686500,10.486395,0.068865
2.686500,3.239417,-0.056426
2.686500,2.686504,-0.000012
2.686500,3.236041,0.056174
2.686500,10.514520,-0.068090
2.686500,2.893547,-0.026521
2.686500,2.689256,0.002849
2.686500,3.685846,0.084148
2.686500,7.536351,-0.121297
2.686500,2.790777,-0.015628
2.686500,2.718697,0.007041
2.686500,4.830659,0.120419
2.686500,4.967966,-0.122570
2.686500,2.722404,-0.007491
2.686500,2.787557,0.015250
2.686500,7.418133,0.122479
2.686500,3.712292,-0.085479
2.686500,2.689927,-0.002954
2.686500,2.890094,0.026172
2.686500,10.442723,0.070049
2.686500,3.244664,-0.056815
2.686500,2.686630,-0.000035
2.686500,3.234896,0.056087
2.686500,10.524109,-0.067824
2.686500,2.894030,-0.026567
2.686500,2.689505,0.002875
2.686500,3.693776,0.084550
2.686500,7.500375,-0.121665
2.686500,2.789807,-0.015511
2.686500,2.720161,0.007217
2.686500,4.884472,0.121304
2.686500,4.912100,-0.121737
2.686500,2.720907,-0.007307
2.686500,2.789157,0.015435
2.686500,7.476526,0.121905
2.686500,3.699089,-0.084818
2.686500,2.689640,-0.002896
2.686500,2.893321,0.026495
2.686500,10.509614,0.068226
2.686500,3.236638,-0.056217
2.686500,2.686655,0.000026
2.686500,3.243758,0.056747
2.686500,10.450290,-0.069845
2.686500,2.890457,-0.026208
2.686500,2.689949,0.002954
2.686500,3.712656,0.085497
2.686500,7.416546,-0.122494
2.686500,2.787517,-0.015245
2.686500,2.722552,0.007508
2.686500,4.973351,0.122648
2.686500,4.825612,-0.120333
2.686500,2.718563,-0.007024
2.686500,2.790988,0.015652
2.686500,7.543956,0.121219
2.686500,3.684185,-0.084063
2.686500,2.689228,-0.002841
2.686500,2.894213,0.026587
2.686500,10.528034,0.067715
2.686500,3.234418,-0.056052
2.686500,2.686520,0.000026
2.686500,3.241576,0.056586
2.686500,10.468417,-0.069355
2.686500,2.891311,-0.026296
2.686500,2.689527,0.002898
2.686500,3.697446,0.084736
2.686500,7.483852,-0.121832
2.686500,2.789338,-0.015460
2.686500,2.720163,0.007220
2.686500,4.885088,0.121314
2.686500,4.911472,-0.121728
2.686500,2.720876,-0.007307
2.686500,2.788722,0.015388
2.686500,7.461231,0.122057
2.686500,3.702514,-0.084991
2.686500,2.689657,-0.002918
2.686500,2.890666,0.026231
2.686500,10.454891,0.069721
2.686500,3.243200,-0.056707
2.686500,2.686545,-0.000035
2.686500,3.233594,0.055990
2.686500,10.534906,-0.067523
2.686500,2.894555,-0.026621
2.686500,2.689251,0.002841
2.686500,3.684625,0.084085
2.686500,7.541944,-0.121240
2.686500,2.790937,-0.015645
2.686500,2.718715,0.007042
2.686500,4.831137,0.120427
2.686500,4.967458,-0.122563
2.686500,2.722396,-0.007488
2.686500,2.787730,0.015269
2.686500,7.424281,0.122419
2.686500,3.710890,-0.085409
2.686500,2.689916,-0.002945
2.686500,2.891068,0.026269
2.686500,10.463042,0.069501
2.686500,3.242229,-0.056634
2.686500,2.686670,-0.000013
2.686500,3.238635,0.056366
2.686500,10.492983,-0.068684
2.686500,2.892512,-0.026414
2.686500,2.689760,0.002916
2.686500,3.704022,0.085066
2.686500,7.454562,-0.122123
2.686500,2.788557,-0.015365
2.686500,2.721563,0.007387
2.686500,4.936434,0.122107
2.686500,4.860703,-0.120920
2.686500,2.719518,-0.007139
2.686500,2.790339,0.015574
2.686500,7.519944,0.121466
2.686500,3.689452,-0.084331
2.686500,2.689391,-0.002858
2.686500,2.894455,0.026610
2.686500,10.532785,0.067582
2.686500,3.233852,-0.056009
2.686500,2.686600,0.000039
2.686500,3.244730,0.056820
2.686500,10.442163,-0.070064
2.686500,2.890065,-0.026169
2.686500,2.689857,0.002946
2.686500,3.709942,0.085362
2.686500,7.428425,-0.122379
2.686500,2.787833,-0.015283
2.686500,2.721998,0.007442
2.686500,4.952970,0.122352
2.686500,4.844840,-0.120658
2.686500,2.719078,-0.007088
2.686500,2.790364,0.015580
2.686500,7.521349,0.121452
2.686500,3.689138,-0.084315
2.686500,2.689328,-0.002863
2.686500,2.892751,0.026441
2.686500,10.498229,0.068540
2.686500,3.237997,-0.056320
2.686500,2.686500,-0.000002
2.686500,3.237336,0.056270
2.686500,10.503734,-0.068388
2.686500,2.893019,-0.026468
2.686500,2.689300,0.002858
2.686500,3.687918,0.084253
2.686500,7.526897,-0.121395
2.686500,2.790516,-0.015598
2.686500,2.718931,0.007070
2.686500,4.839376,0.120566
2.686500,4.958724,-0.122436
2.686500,2.722153,-0.007461
2.686500,2.787721,0.015270
2.686500,7.424271,0.122420
2.686500,3.710890,-0.085410
2.686500,2.689884,-0.002949
2.686500,2.890043,0.026167
2.686500,10.441678,0.070077
2.686500,3.244789,-0.056824
2.686500,2.686610,-0.000039
2.686500,3.234123,0.056029
2.686500,10.530535,-0.067645
2.686500,2.894345,-0.026599
2.686500,2.689426,0.002863
2.686500,3.690756,0.084397
2.686500,7.514026,-0.121526
2.686500,2.790179,-0.015555
2.686500,2.719716,0.007163
2.686500,4.868022,0.121039
2.686500,4.928884,-0.121994
2.686500,2.721360,-0.007362
2.686500,2.788746,0.015387
2.686500,7.461483,0.122054
2.686500,3.702463,-0.084988
2.686500,2.689722,-0.002910
2.686500,2.892783,0.026441
2.686500,10.498570,0.068530
2.686500,3.237964,-0.056316
2.686500,2.686666,0.000017
2.686500,3.242784,0.056675
2.686500,10.458414,-0.069626
2.686500,2.890846,-0.026246
2.686500,2.689932,0.002949
2.686500,3.711667,0.085448
2.686500,7.420874,-0.122453
2.686500,2.787637,-0.015258
2.686500,2.722476,0.007498
2.686500,4.970456,0.122606
2.686500,4.828323,-0.120379
2.686500,2.718638,-0.007033
2.686500,2.790979,0.015650
2.686500,7.543529,0.121223
2.686500,3.684279,-0.084068
2.686500,2.689239,-0.002840
2.686500,2.894476,0.026613
2.686500,10.533329,0.067567
2.686500,3.233783,-0.056004
2.686500,2.686536,0.000032
2.686500,3.242727,0.056672
2.686500,10.458833,-0.069615
2.686500,2.890853,-0.026250
2.686500,2.689615,0.002911
2.686500,3.700904,0.084910
2.686500,7.468398,-0.121986
2.686500,2.788917,-0.015411
2.686500,2.720645,0.007279
2.686500,4.902949,0.121596
2.686500,4.893543,-0.121448
2.686500,2.720391,-0.007248
2.686500,2.789136,0.015437
2.686500,7.476461,0.121906
2.686500,3.699097,-0.084819
2.686500,2.689569,-0.002904
2.686500,2.891083,0.026273
2.686500,10.463652,0.069484
2.686500,3.242148,-0.056629
2.686500,2.686527,-0.000029
2.686500,3.234076,0.056026
2.686500,10.530883,-0.067636
2.686500,2.894354,-0.026601
2.686500,2.689230,0.002840
2.686500,3.684120,0.084059
2.686500,7.544252,-0.121216
2.686500,2.790998,-0.015652
2.686500,2.718584,0.007026
2.686500,4.826347,0.120346
2.686500,4.972565,-0.122636
2.686500,2.722532,-0.007505
2.686500,2.787560,0.015250
2.686500,7.418110,0.122479
2.686500,3.712299,-0.085480
2.686500,2.689944,-0.002952
2.686500,2.890628,0.026225
2.686500,10.453863,0.069749
2.686500,3.243329,-0.056716
2.686500,2.686661,-0.000022
2.686500,3.237252,0.056263
2.686500,10.504503,-0.068367
2.686500,2.893072,-0.026470
2.686500,2.689679,0.002902
2.686500,3.700704,0.084899
2.686500,7.469315,-0.121977
2.686500,2.788960,-0.015412
2.686500,2.721126,0.007334
2.686500,4.920206,0.121862
2.686500,4.876496,-0.121176
2.686500,2.719946,-0.007190
2.686500,2.789988,0.015533
2.686500,7.507050,0.121597
2.686500,3.692297,-0.084475
2.686500,2.689467,-0.002869
2.686500,2.894194,0.026583
2.686500,10.527445,0.067731
2.686500,3.234494,-0.056057
2.686500,2.686620,0.000037
2.686500,3.244766,0.056822
2.686500,10.441872,-0.070072
2.686500,2.890053,-0.026168
2.686500,2.689909,0.002952
2.686500,3.711730,0.085451
2.686500,7.420593,-0.122455
2.686500,2.787622,-0.015258
2.686500,2.722299,0.007478
2.686500,4.964082,0.122514
2.686500,4.834313,-0.120481
2.686500,2.718795,-0.007053
2.686500,2.790664,0.015615
2.686500,7.532255,0.121340
2.686500,3.686743,-0.084193
2.686500,2.689274,-0.002853
2.686500,2.893304,0.026496
2.686500,10.509552,0.068228
2.686500,3.236637,-0.056218
2.686500,2.686501,0.000008
2.686500,3.238740,0.056375
2.686500,10.492037,-0.068710
2.686500,2.892450,-0.026411
2.686500,2.689362,0.002870
2.686500,3.690623,0.084391
2.686500,7.514604,-0.121520
2.686500,2.790179,-0.015558
2.686500,2.719262,0.007111
2.686500,4.851701,0.120772
2.686500,4.945787,-0.122246
2.686500,2.721803,-0.007419
2.686500,2.787978,0.015301
2.686500,7.433802,0.122327
2.686500,3.708719,-0.085301
2.686500,2.689822,-0.002941
2.686500,2.890123,0.026175
2.686500,10.443401,0.070031
2.686500,3.244581,-0.056809
2.686500,2.686588,-0.000040
2.686500,3.233630,0.055993
2.686500,10.534625,-0.067531
2.686500,2.894545,-0.026619
2.686500,2.689355,0.002853
2.686500,3.688140,0.084264
2.686500,7.525906,-0.121405
2.686500,2.790502,-0.015593
2.686500,2.719314,0.007114
2.686500,4.853173,0.120796
2.686500,4.944254,-0.122224
2.686500,2.721773,-0.007412
2.686500,2.788358,0.015342
2.686500,7.447271,0.122195
2.686500,3.705669,-0.085148
2.686500,2.689799,-0.002923
2.686500,2.892209,0.026383
2.686500,10.486715,0.068856
2.686500,3.239388,-0.056422
2.686500,2.686672,0.000008
2.686500,3.241563,0.056584
2.686500,10.468591,-0.069350
2.686500,2.891335,-0.026295
2.686500,2.689894,0.002941
2.686500,3.709828,0.085356
2.686500,7.428940,-0.122374
2.686500,2.787858,-0.015284
2.686500,2.722278,0.007474
2.686500,4.963046,0.122499
2.686500,4.835292,-0.120497
2.686500,2.718828,-0.007056
2.686500,2.790863,0.015636
2.686500,7.539224,0.121268
2.686500,3.685220,-0.084115
2.686500,2.689271,-0.002843
2.686500,2.894606,0.026626
2.686500,10.535926,0.067495
2.686500,3.233472,-0.055981
2.686500,2.686555,0.000037
2.686500,3.243658,0.056741
2.686500,10.451075,-0.069824
2.686500,2.890485,-0.026212
2.686500,2.689701,0.002924
2.686500,3.704231,0.085077
2.686500,7.453616,-0.122132
2.686500,2.788515,-0.015364
2.686500,2.721125,0.007337
2.686500,4.920708,0.121869
2.686500,4.876000,-0.121169
2.686500,2.719918,-0.007190
2.686500,2.789559,0.015486
2.686500,7.491957,0.121750
2.686500,3.695640,-0.084645
2.686500,2.689483,-0.002890
2.686500,2.891581,0.026323
2.686500,10.474026,0.069202
2.686500,3.240902,-0.056536
2.686500,2.686514,-0.000022
2.686500,3.234874,0.056086
2.686500,10.524238,-0.067821
2.686500,2.894025,-0.026568
2.686500,2.689231,0.002843
2.686500,3.684487,0.084078
2.686500,7.542572,-0.121233
2.686500,2.790949,-0.015647
2.686500,2.718572,0.007026
2.686500,4.825993,0.120340
2.686500,4.972943,-0.122642
2.686500,2.722540,-0.007507
2.686500,2.787498,0.015243
2.686500,7.415901,0.122501
2.686500,3.712804,-0.085505
2.686500,2.689949,-0.002955
2.686500,2.890301,0.026192
2.686500,10.447033,0.069933
2.686500,3.244148,-0.056776
2.686500,2.686648,-0.000029
2.686500,3.236008,0.056170
2.686500,10.514860,-0.068081
2.686500,2.893577,-0.026521
2.686500,2.689595,0.002889
2.686500,3.697315,0.084728
2.686500,7.484467,-0.121825
2.686500,2.789373,-0.015461
2.686500,2.720663,0.007277
2.686500,4.903042,0.121597
2.686500,4.893454,-0.121447
2.686500,2.720404,-0.007246
2.686500,2.789599,0.015487
2.686500,7.492744,0.121742
2.686500,3.695471,-0.084635
2.686500,2.689549,-0.002881
2.686500,2.893824,0.026546
2.686500,10.519889,0.067941
2.686500,3.235403,-0.056125
2.686500,2.686639,0.000033
2.686500,3.244462,0.056800
2.686500,10.444409,-0.070004
2.686500,2.890175,-0.026180
2.686500,2.689941,0.002955
2.686500,3.712676,0.085499
2.686500,7.416455,-0.122495
2.686500,2.787512,-0.015245
2.686500,2.722489,0.007501
2.686500,4.971070,0.122615
2.686500,4.827747,-0.120370
2.686500,2.718619,-0.007031
2.686500,2.790876,0.015639
2.686500,7.539928,0.121260
2.686500,3.685064,-0.084108
2.686500,2.689240,-0.002845
2.686500,2.893794,0.026545
2.686500,10.519542,0.067951
2.686500,3.235438,-0.056129
2.686500,2.686508,0.000017
2.686500,3.240152,0.056480
2.686500,10.480273,-0.069032
2.686500,2.891881,-0.026353
2.686500,2.689437,0.002883
2.686500,3.693776,0.084550
2.686500,7.500349,-0.121665
2.686500,2.789788,-0.015513
2.686500,2.719669,0.007160
2.686500,4.866797,0.121020
2.686500,4.930140,-0.122013
2.686500,2.721380,-0.007368
2.686500,2.788309,0.015340
2.686500,7.446005,0.122207
2.686500,3.705951,-0.085163
2.686500,2.689747,-0.002931
2.686500,2.890324,0.026196
2.686500,10.447691,0.069916
2.686500,3.244065,-0.056771
2.686500,2.686567,-0.000038
2.686500,3.233440,0.055979
2.686500,10.536194,-0.067487
2.686500,2.894621,-0.026627
2.686500,2.689296,0.002846
2.686500,3.686074,0.084159
2.686500,7.535321,-0.121308
2.686500,2.790758,-0.015623
2.686500,2.718978,0.007074
2.686500,4.840783,0.120590
2.686500,4.957242,-0.122415
2.686500,2.722122,-0.007455
2.686500,2.788017,0.015302
2.686500,7.434779,0.122317
2.686500,3.708500,-0.085290
2.686500,2.689864,-0.002935
2.686500,2.891635,0.026326
2.686500,10.474846,0.069180
2.686500,3.240812,-0.056528
2.686500,2.686674,-0.000002
2.686500,3.240183,0.056481
2.686500,10.480094,-0.069037
2.686500,2.891889,-0.026351
2.686500,2.689836,0.002930
2.686500,3.707296,0.085230
2.686500,7.440087,-0.122265
2.686500,2.788162,-0.015319
2.686500,2.721976,0.007437
2.686500,4.951799,0.122335
2.686500,4.845959,-0.120676
2.686500,2.719118,-0.007090
2.686500,2.790653,0.015611
2.686500,7.531465,0.121348
2.686500,3.686919,-0.084202
2.686500,2.689321,-0.002849
2.686500,2.894603,0.026625
2.686500,10.535815,0.067498
2.686500,3.233486,-0.055982
2.686500,2.686576,0.000039
2.686500,3.244332,0.056791
2.686500,10.445473,-0.069975
2.686500,2.890220,-0.026185
2.686500,2.689782,0.002936
2.686500,3.707249,0.085228
2.686500,7.440274,-0.122264
2.686500,2.788153,-0.015321
2.686500,2.721576,0.007391
2.686500,4.937395,0.122122
2.686500,4.859771,-0.120905
2.686500,2.719480,-0.007137
2.686500,2.789968,0.015534
2.686500,7.506899,0.121599
2.686500,3.692325,-0.084477
2.686500,2.689402,-0.002877
2.686500,2.892133,0.026379
2.686500,10.485483,0.068890
2.686500,3.239527,-0.056434
2.686500,2.686504,-0.000013
2.686500,3.235948,0.056167
2.686500,10.515293,-0.068069
2.686500,2.893585,-0.026524
2.686500,2.689253,0.002848
2.686500,3.685717,0.084141
2.686500,7.536942,-0.121291
2.686500,2.790793,-0.015629
2.686500,2.718683,0.007039
2.686500,4.830154,0.120410
2.686500,4.968503,-0.122578
2.686500,2.722419,-0.007492
2.686500,2.787548,0.015249
2.686500,7.417816,0.122482
2.686500,3.712365,-0.085483
2.686500,2.689929,-0.002954
2.686500,2.890104,0.026173
2.686500,10.442923,0.070044
2.686500,3.244640,-0.056813
2.686500,2.686631,-0.000035
2.686500,3.234966,0.056092
2.686500,10.523521,-0.067840
2.686500,2.894001,-0.026564
2.686500,2.689512,0.002876
2.686500,3.694022,0.084562
2.686500,7.499265,-0.121676
2.686500,2.789776,-0.015508
2.686500,2.720197,0.007221
2.686500,4.885788,0.121325
2.686500,4.910768,-0.121717
2.686500,2.720871,-0.007303
2.686500,2.789189,0.015439
2.686500,7.477700,0.121893
2.686500,3.698826,-0.084805
2.686500,2.689633,-0.002895
2.686500,2.893361,0.026499
2.686500,10.510416,0.068204
2.686500,3.236542,-0.056210
2.686500,2.686654,0.000026
2.686500,3.243821,0.056752
2.686500,10.449764,-0.069860
2.686500,2.890432,-0.026205
2.686500,2.689949,0.002954
2.686500,3.712695,0.085499
2.686500,7.416379,-0.122496
2.686500,2.787512,-0.015244
2.686500,2.722553,0.007508
2.686500,4.973375,0.122648
2.686500,4.825590,-0.120333
2.686500,2.718562,-0.007024
2.686500,2.790985,0.015651
2.686500,7.543821,0.121220
2.686500,3.684214,-0.084064
2.686500,2.689228,-0.002841
2.686500,2.894188,0.026584
2.686500,10.527516,0.067729
2.686500,3.234481,-0.056057
2.686500,2.686519,0.000025
2.686500,3.241479,0.056579
2.686500,10.469223,-0.069333
2.686500,2.891350,-0.026300
2.686500,2.689521,0.002897
2.686500,3.697178,0.084722
2.686500,7.485054,-0.121819
2.686500,2.789370,-0.015464
2.686500,2.720127,0.007216
2.686500,4.883729,0.121292
2.686500,4.912849,-0.121749
2.686500,2.720913,-0.007311
2.686500,2.788691,0.015385
2.686500,7.460086,0.122068
2.686500,3.702772,-0.085004
2.686500,2.689663,-0.002919
2.686500,2.890637,0.026228
2.686500,10.454292,0.069738
2.686500,3.243272,-0.056712
2.686500,2.686546,-0.000035
2.686500,3.233570,0.055988
2.686500,10.535104,-0.067518
2.686500,2.894565,-0.026622
2.686500,2.689254,0.002841
2.686500,3.684699,0.084089
2.686500,7.541605,-0.121243
2.686500,2.790928,-0.015644
2.686500,2.718730,0.007044
2.686500,4.831683,0.120436
2.686500,4.966877,-0.122555
2.686500,2.722380,-0.007486
2.686500,2.787747,0.015271
2.686500,7.424912,0.122413
2.686500,3.710746,-0.085402
2.686500,2.689913,-0.002945
2.686500,2.891106,0.026273
2.686500,10.463834,0.069479
2.686500,3.242134,-0.056627
2.686500,2.686670,-0.000012
2.686500,3.238746,0.056374
2.686500,10.492062,-0.068709
2.686500,2.892468,-0.026409
2.686500,2.689765,0.002917
2.686500,3.704271,0.085078
2.686500,7.453461,-0.122134
2.686500,2.788527,-0.015362
2.686500,2.721595,0.007391
2.686500,4.937624,0.122125
2.686500,4.859553,-0.120901
2.686500,2.719487,-0.007135
2.686500,2.790364,0.015577
2.686500,7.520863,0.121456
2.686500,3.689249,-0.084320
2.686500,2.689385,-0.002857
2.686500,2.894470,0.026611
2.686500,10.533099,0.067574
2.686500,3.233814,-0.056006
2.686500,2.686598,0.000039
2.686500,3.244713,0.056819
2.686500,10.442300,-0.070061
2.686500,2.890071,-0.026170
2.686500,2.689852,0.002945
2.686500,3.709773,0.085354
2.686500,7.429169,-0.122372
2.686500,2.787853,-0.015286
2.686500,2.721970,0.007439
2.686500,4.951962,0.122337
2.686500,4.845800,-0.120674
2.686500,2.719104,-0.007091
2.686500,2.790338,0.015577
2.686500,7.520392,0.121461
2.686500,3.689348,-0.084326
2.686500,2.689332,-0.002864
2.686500,2.892707,0.026436
2.686500,10.497320,0.068565
2.686500,3.238106,-0.056328
2.686500,2.686500,-0.000003
2.686500,3.237231,0.056263
2.686500,10.504612,-0.068364
2.686500,2.893062,-0.026472
2.686500,2.689296,0.002857
2.686500,3.687733,0.084244
2.686500,7.527740,-0.121386
2.686500,2.790540,-0.015600
2.686500,2.718909,0.007067
2.686500,4.838564,0.120553
2.686500,4.959582,-0.122449
2.686500,2.722177,-0.007463
2.686500,2.787705,0.015268
2.686500,7.423667,0.122426
2.686500,3.711027,-0.085416
2.686500,2.689888,-0.002950
2.686500,2.890042,0.026167
2.686500,10.441658,0.070078
2.686500,3.244791,-0.056824
2.686500,2.686611,-0.000038
2.686500,3.234173,0.056033
2.686500,10.530118,-0.067657
2.686500,2.894325,-0.026597
2.686500,2.689432,0.002864
2.686500,3.690977,0.084408
2.686500,7.513024,-0.121536
2.686500,2.790151,-0.015552
2.686500,2.719750,0.007167
2.686500,4.869249,0.121059
2.686500,4.927623,-0.121974
2.686500,2.721326,-0.007358
2.686500,2.788778,0.015391
2.686500,7.462628,0.122043
2.686500,3.702206,-0.084975
2.686500,2.689716,-0.002909
2.686500,2.892827,0.026445
2.686500,10.499462,0.068506
2.686500,3.237857,-0.056308
2.686500,2.686666,0.000018
2.686500,3.242869,0.056681
2.686500,10.457704,-0.069645
2.686500,2.890812,-0.026243
2.686500,2.689934,0.002949
2.686500,3.711776,0.085454
2.686500,7.420400,-0.122457
2.686500,2.787624,-0.015257
2.686500,2.722486,0.007500
2.686500,4.970847,0.122612
2.686500,4.827956,-0.120373
2.686500,2.718628,-0.007032
2.686500,2.790984,0.015651
2.686500,7.543704,0.121221
2.686500,3.684240,-0.084066
2.686500,2.689237,-0.002840
2.686500,2.894460,0.026612
2.686500,10.533014,0.067576
2.686500,3.233821,-0.056007
2.686500,2.686535,0.000032
2.686500,3.242645,0.056666
2.686500,10.459514,-0.069596
2.686500,2.890886,-0.026253
2.686500,2.689608,0.002910
2.686500,3.700639,0.084896
2.686500,7.469580,-0.121974
2.686500,2.788949,-0.015415
2.686500,2.720608,0.007274
2.686500,4.901558,0.121574
2.686500,4.894928,-0.121470
2.686500,2.720429,-0.007253
2.686500,2.789103,0.015433
2.686500,7.475263,0.121917
2.686500,3.699365,-0.084832
2.686500,2.689576,-0.002905
2.686500,2.891048,0.026269
2.686500,10.462911,0.069504
2.686500,3.242237,-0.056635
2.686500,2.686529,-0.000030
2.686500,3.234028,0.056023
2.686500,10.531291,-0.067624
2.686500,2.894375,-0.026603
2.686500,2.689231,0.002840
2.686500,3.684129,0.084060
2.686500,7.544214,-0.121216
2.686500,2.790997,-0.015652
2.686500,2.718590,0.007027
2.686500,4.826563,0.120349
2.686500,4.972335,-0.122633
2.686500,2.722526,-0.007504
2.686500,2.787570,0.015251
2.686500,7.418451,0.122476
2.686500,3.712221,-0.085476
2.686500,2.689943,-0.002951
2.686500,2.890658,0.026228
2.686500,10.454496,0.069732
2.686500,3.243253,-0.056710
2.686500,2.686662,-0.000021
2.686500,3.237355,0.056271
2.686500,10.503645,-0.068391
2.686500,2.893030,-0.026466
2.686500,2.689686,0.002903
2.686500,3.700966,0.084912
2.686500,7.468149,-0.121988
2.686500,2.788928,-0.015408
2.686500,2.721161,0.007338
2.686500,4.921507,0.121882
2.686500,4.875222,-0.121156
2.686500,2.719911,-0.007186
2.686500,2.790017,0.015536
2.686500,7.508107,0.121586
2.686500,3.692064,-0.084463
2.686500,2.689461,-0.002868
2.686500,2.894218,0.026586
2.686500,10.527940,0.067718
2.686500,3.234435,-0.056053
2.686500,2.686619,0.000037
2.686500,3.244775,0.056823
2.686500,10.441795,-0.070074
2.686500,2.890049,-0.026167
2.686500,2.689906,0.002952
2.686500,3.711620,0.085446
2.686500,7.421074,-0.122451
2.686500,2.787635,-0.015260
2.686500,2.722279,0.007476
2.686500,4.963360,0.122504
2.686500,4.834995,-0.120492
2.686500,2.718813,-0.007055
2.686500,2.790643,0.015612
2.686500,7.531517,0.121347
2.686500,3.686905,-0.084202
2.686500,2.689278,-0.002854
2.686500,2.893262,0.026492
2.686500,10.508713,0.068251
2.686500,3.236738,-0.056226
2.686500,2.686501,0.000007
2.686500,3.238630,0.056367
2.686500,10.492955,-0.068685
2.686500,2.892495,-0.026415
2.686500,2.689357,0.002869
2.686500,3.690396,0.084379
2.686500,7.515637,-0.121510
2.686500,2.790207,-0.015562
2.686500,2.719234,0.007107
2.686500,4.850637,0.120754
2.686500,4.946898,-0.122263
2.686500,2.721833,-0.007422
2.686500,2.787956,0.015298
2.686500,7.432959,0.122335
2.686500,3.708910,-0.085311
2.686500,2.689828,-0.002942
2.686500,2.890112,0.026174
2.686500,10.443173,0.070037
2.686500,3.244608,-0.056811
2.686500,2.686590,-0.000040
2.686500,3.233658,0.055995
2.686500,10.534396,-0.067538
2.686500,2.894534,-0.026618
2.686500,2.689360,0.002854
2.686500,3.688325,0.084273
2.686500,7.525066,-0.121413
2.686500,2.790479,-0.015590
2.686500,2.719343,0.007118
2.686500,4.854246,0.120814
2.686500,4.943137,-0.122207
2.686500,2.721743,-0.007409
2.686500,2.788387,0.015345
2.686500,7.448321,0.122184
2.686500,3.705431,-0.085137
2.686500,2.689793,-0.002922
2.686500,2.892254,0.026388
2.686500,10.487644,0.068830
2.686500,3.239276,-0.056414
2.686500,2.686672,0.000009
2.686500,3.241664,0.056592
2.686500,10.467746,-0.069373
2.686500,2.891294,-0.026291
2.686500,2.689897,0.002941
2.686500,3.709998,0.085365
2.686500,7.428196,-0.122381
2.686500,2.787837,-0.015281
2.686500,2.722297,0.007476
2.686500,4.963767,0.122510
2.686500,4.834612,-0.120486
2.686500,2.718810,-0.007053
2.686500,2.790876,0.015637
2.686500,7.539687,0.121263
2.686500,3.685119,-0.084110
2.686500,2.689268,-0.002843
2.686500,2.894601,0.026625
2.686500,10.535822,0.067498
2.686500,3.233484,-0.055982
2.686500,2.686553,0.000037
2.686500,3.243595,0.056736
2.686500,10.451603,-0.069810
2.686500,2.890510,-0.026215
2.686500,2.689695,0.002923
2.686500,3.703982,0.085064
2.686500,7.454718,-0.122122
2.686500,2.788545,-0.015367
2.686500,2.721089,0.007332
2.686500,4.919359,0.121849
2.686500,4.877323,-0.121190
2.686500,2.719953,-0.007195
2.686500,2.789526,0.015483
2.686500,7.490766,0.121762
2.686500,3.695905,-0.084658
2.686500,2.689489,-0.002891
2.686500,2.891540,0.026319
2.686500,10.473177,0.069225
2.686500,3.241004,-0.056544
2.686500,2.686515,-0.000022
2.686500,3.234802,0.056081
2.686500,10.524840,-0.067804
2.686500,2.894055,-0.026571
2.686500,2.689230,0.002842
2.686500,3.684427,0.084075
2.686500,7.542846,-0.121230
2.686500,2.790957,-0.015648
2.686500,2.718569,0.007025
2.686500,4.825858,0.120337
2.686500,4.973087,-0.122644
2.686500,2.722544,-0.007507
2.686500,2.787499,0.015243
2.686500,7.415925,0.122500
2.686500,3.712798,-0.085505
2.686500,2.689949,-0.002955
2.686500,2.890322,0.026194
2.686500,10.447468,0.069922
2.686500,3.244096,-0.056773
2.686500,2.686649,-0.000029
2.686500,3.236097,0.056177
2.686500,10.514113,-0.068101
2.686500,2.893541,-0.026517
2.686500,2.689602,0.002890
2.686500,3.697575,0.084742
2.686500,7.483298,-0.121837
2.686500,2.789341,-0.015457
2.686500,2.720699,0.007282
2.686500,4.904384,0.121618
2.686500,4.892118,-0.121425
2.686500,2.720368,-0.007242
2.686500,2.789630,0.015491
2.686500,7.493886,0.121730
2.686500,3.695217,-0.084623
2.686500,2.689542,-0.002880
2.686500,2.893856,0.026549
2.686500,10.520547,0.067923
2.686500,3.235324,-0.056119
2.686500,2.686638,0.000033
2.686500,3.244498,0.056802
2.686500,10.444111,-0.070012
2.686500,2.890161,-0.026178
2.686500,2.689939,0.002955
2.686500,3.712636,0.085497
2.686500,7.416633,-0.122494
2.686500,2.787517,-0.015245
2.686500,2.722479,0.007499
2.686500,4.970691,0.122609
2.686500,4.828101,-0.120376
2.686500,2.718628,-0.007033
2.686500,2.790863,0.015637
2.686500,7.539464,0.121265
2.686500,3.685165,-0.084113
2.686500,2.689242,-0.002846
2.686500,2.893759,0.026542
2.686500,10.518833,0.067971
2.686500,3.235523,-0.056135
2.686500,2.686507,0.000016
2.686500,3.240045,0.056472
2.686500,10.481167,-0.069008
2.686500,2.891924,-0.026358
2.686500,2.689431,0.002882
2.686500,3.693521,0.084537
2.686500,7.501501,-0.121654
2.686500,2.789820,-0.015517
2.686500,2.719636,0.007156
2.686500,4.865551,0.120999
2.686500,4.931424,-0.122032
2.686500,2.721415,-0.007372
2.686500,2.788281,0.015336
2.686500,7.444983,0.122217
2.686500,3.706182,-0.085175
2.686500,2.689753,-0.002932
2.686500,2.890305,0.026194
2.686500,10.447273,0.069927
2.686500,3.244115,-0.056775
2.686500,2.686568,-0.000039
2.686500,3.233444,0.055979
2.686500,10.536166,-0.067488
2.686500,2.894619,-0.026627
2.686500,2.689300,0.002846
2.686500,3.686211,0.084166
2.686500,7.534696,-0.121314
2.686500,2.790741,-0.015621
2.686500,2.719001,0.007076
2.686500,4.841635,0.120604
2.686500,4.956344,-0.122402
2.686500,2.722098,-0.007452
2.686500,2.788042,0.015305
2.686500,7.435664,0.122309
2.686500,3.708300,-0.085280
2.686500,2.689859,-0.002934
2.686500,2.891679,0.026330
2.686500,10.475745,0.069155
2.686500,3.240704,-0.056520
2.686500,2.686674,-0.000001
2.686500,3.240293,0.056490
2.686500,10.479175,-0.069062
2.686500,2.891844,-0.026347
2.686500,2.689841,0.002931
2.686500,3.707512,0.085241
2.686500,7.439133,-0.122275
2.686500,2.788136,-0.015316
2.686500,2.722003,0.007440
2.686500,4.952786,0.122350
2.686500,4.845018,-0.120661
2.686500,2.719093,-0.007087
2.686500,2.790672,0.015613
2.686500,7.532175,0.121340
2.686500,3.686764,-0.084194
2.686500,2.689316,-0.002848
2.686500,2.894608,0.026626
2.686500,10.535918,0.067495
2.686500,3.233474,-0.055981
2.686500,2.686574,0.000039
2.686500,3.244290,0.056787
2.686500,10.445823,-0.069966
2.686500,2.890236,-0.026187
2.686500,2.689776,0.002935
2.686500,3.707030,0.085217
2.686500,7.441238,-0.122254
2.686500,2.788179,-0.015324
2.686500,2.721543,0.007387
2.686500,4.936166,0.122103
2.686500,4.860959,-0.120924
2.686500,2.719512,-0.007141
2.686500,2.789937,0.015530
2.686500,7.505783,0.121610
2.686500,3.692573,-0.084489
2.686500,2.689408,-0.002878
2.686500,2.892089,0.026374
2.686500,10.484573,0.068914
2.686500,3.239636,-0.056442
2.686500,2.686505,-0.000014
2.686500,3.235856,0.056160
2.686500,10.516056,-0.068048
2.686500,2.893622,-0.026528
2.686500,2.689251,0.002848
2.686500,3.685592,0.084135
2.686500,7.537512,-0.121285
2.686500,2.790809,-0.015631
2.686500,2.718670,0.007038
2.686500,4.829675,0.120402
2.686500,4.969013,-0.122585
2.686500,2.722433,-0.007494
2.686500,2.787540,0.015248
2.686500,7.417523,0.122485
2.686500,3.712432,-0.085486
2.686500,2.689932,-0.002954
2.686500,2.890114,0.026174
2.686500,10.443139,0.070038
2.686500,3.244614,-0.056811
2.686500,2.686633,-0.000035
2.686500,3.235039,0.056098
2.686500,10.522921,-0.067857
2.686500,2.893972,-0.026561
2.686500,2.689518,0.002877
2.686500,3.694270,0.084575
2.686500,7.498148,-0.121687
2.686500,2.789746,-0.015504
2.686500,2.720233,0.007225
2.686500,4.887108,0.121346
2.686500,4.909434,-0.121696
2.686500,2.720836,-0.007298
2.686500,2.789221,0.015443
2.686500,7.478875,0.121881
2.686500,3.698563,-0.084791
2.686500,2.689627,-0.002894
2.686500,2.893399,0.026503
2.686500,10.511208,0.068182
2.686500,3.236446,-0.056203
2.686500,2.686653,0.000027
2.686500,3.243882,0.056757
2.686500,10.449253,-0.069873
2.686500,2.890407,-0.026203
2.686500,2.689950,0.002954
2.686500,3.712727,0.085501
2.686500,7.416237,-0.122497
2.686500,2.787508,-0.015244
2.686500,2.722552,0.007508
2.686500,4.973369,0.122648
2.686500,4.825594,-0.120333
2.686500,2.718562,-0.007024
2.686500,2.790980,0.015651
2.686500,7.543662,0.121222
2.686500,3.684249,-0.084066
2.686500,2.689228,-0.002841
2.686500,2.894161,0.026582
2.686500,10.526982,0.067744
2.686500,3.234545,-0.056062
2.686500,2.686518,0.000025
2.686500,3.241381,0.056572
2.686500,10.470037,-0.069311
2.686500,2.891389,-0.026304
2.686500,2.689514,0.002895
2.686500,3.696910,0.084709
2.686500,7.486254,-0.121807
2.686500,2.789403,-0.015468
2.686500,2.720090,0.007211
2.686500,4.882375,0.121271
2.686500,4.914222,-0.121770
2.686500,2.720950,-0.007316
2.686500,2.788660,0.015381
2.686500,7.458948,0.122080
2.686500,3.703029,-0.085017
2.686500,2.689670,-0.002920
2.686500,2.890609,0.026225
2.686500,10.453705,0.069753
2.686500,3.243342,-0.056717
2.686500,2.686548,-0.000035
2.686500,3.233549,0.055987
2.686500,10.535285,-0.067513
2.686500,2.894574,-0.026623
2.686500,2.689257,0.002842
2.686500,3.684778,0.084093
2.686500,7.541244,-0.121247
2.686500,2.790918,-0.015642
2.686500,2.718746,0.007046
2.686500,4.832253,0.120446
2.686500,4.966272,-0.122546
2.686500,2.722364,-0.007484
2.686500,2.787765,0.015273
2.686500,7.425563,0.122407
2.686500,3.710598,-0.085395
2.686500,2.689910,-0.002944
2.686500,2.891144,0.026276
2.686500,10.464636,0.069457
2.686500,3.242037,-0.056619
2.686500,2.686671,-0.000011
2.686500,3.238857,0.056383
2.686500,10.491139,-0.068734
2.686500,2.892423,-0.026405
2.686500,2.689771,0.002918
2.686500,3.704518,0.085091
2.686500,7.452367,-0.122145
2.686500,2.788497,-0.015358
2.686500,2.721627,0.007394
2.686500,4.938803,0.122143
2.686500,4.858416,-0.120882
2.686500,2.719456,-0.007131
2.686500,2.790389,0.015580
2.686500,7.521769,0.121447
2.686500,3.689050,-0.084310
2.686500,2.689380,-0.002857
2.686500,2.894485,0.026613
2.686500,10.533399,0.067565
2.686500,3.233778,-0.056004
2.686500,2.686596,0.000039
2.686500,3.244695,0.056817
2.686500,10.442453,-0.070057
2.686500,2.890078,-0.026171
2.686500,2.689847,0.002944
2.686500,3.709600,0.085345
2.686500,7.429930,-0.122365
2.686500,2.787874,-0.015288
2.686500,2.721943,0.007435
2.686500,4.950935,0.122322
2.686500,4.846779,-0.120690
2.686500,2.719130,-0.007094
2.686500,2.790311,0.015574
2.686500,7.519421,0.121471
2.686500,3.689562,-0.084337
2.686500,2.689337,-0.002865
2.686500,2.892662,0.026432
2.686500,10.496409,0.068590
2.686500,3.238215,-0.056336
2.686500,2.686500,-0.000004
2.686500,3.237126,0.056255
2.686500,10.505484,-0.068340
2.686500,2.893105,-0.026476
2.686500,2.689292,0.002857
2.686500,3.687552,0.084234
2.686500,7.528566,-0.121378
2.686500,2.790562,-0.015603
2.686500,2.718887,0.007065
2.686500,4.837773,0.120539
2.686500,4.960418,-0.122461
2.686500,2.722199,-0.007466
2.686500,2.787689,0.015266
2.686500,7.423084,0.122431
2.686500,3.711161,-0.085423
2.686500,2.689892,-0.002950
2.686500,2.890042,0.026167
2.686500,10.441655,0.070078
2.686500,3.244792,-0.056824
2.686500,2.686613,-0.000038
2.686500,3.234225,0.056037
2.686500,10.529687,-0.067669
2.686500,2.894303,-0.026594
2.686500,2.689438,0.002865
2.686500,3.691201,0.084419
2.686500,7.512011,-0.121547
2.686500,2.790124,-0.015549
2.686500,2.719783,0.007171
2.686500,4.870485,0.121079
2.686500,4.926355,-0.121955
2.686500,2.721292,-0.007354
2.686500,2.788809,0.015395
2.686500,7.463778,0.122032
2.686500,3.701947,-0.084962
2.686500,2.689710,-0.002907
2.686500,2.892870,0.026450
2.686500,10.500350,0.068481
2.686500,3.237751,-0.056300
2.686500,2.686665,0.000019
2.686500,3.242952,0.056687
2.686500,10.457006,-0.069664
2.686500,2.890778,-0.026240
2.686500,2.689936,0.002950
2.686500,3.711879,0.085459
2.686500,7.419947,-0.122462
2.686500,2.787611,-0.015255
2.686500,2.722496,0.007501
2.686500,4.971212,0.122617
2.686500,4.827614,-0.120367
2.686500,2.718619,-0.007031
2.686500,2.790988,0.015651
2.686500,7.543856,0.121220
2.686500,3.684207,-0.084064
2.686500,2.689236,-0.002840
2.686500,2.894444,0.026610
2.686500,10.532684,0.067585
2.686500,3.233861,-0.056010
2.686500,2.686533,0.000031
2.686500,3.242562,0.056659
2.686500,10.460207,-0.069578
2.686500,2.890919,-0.026256
2.686500,2.689601,0.002909
2.686500,3.700373,0.084883
2.686500,7.470766,-0.121962
2.686500,2.788981,-0.015419
2.686500,2.720570,0.007270
2.686500,4.900167,0.121552
2.686500,4.896316,-0.121492
2.686500,2.720466,-0.007257
2.686500,2.789071,0.015429
2.686500,7.474067,0.121929
2.686500,3.699633,-0.084846
2.686500,2.689582,-0.002906
2.686500,2.891013,0.026266
2.686500,10.462180,0.069524
2.686500,3.242325,-0.056642
2.686500,2.686530,-0.000030
2.686500,3.233981,0.056019
2.686500,10.531682,-0.067613
2.686500,2.894394,-0.026605
2.686500,2.689232,0.002840
2.686500,3.684142,0.084061
2.686500,7.544152,-0.121217
2.686500,2.790995,-0.015652
2.686500,2.718596,0.007028
2.686500,4.826805,0.120353
2.686500,4.972076,-0.122629
2.686500,2.722519,-0.007504
2.686500,2.787580,0.015252
2.686500,7.418815,0.122473
2.686500,3.712138,-0.085472
2.686500,2.689941,-0.002951
2.686500,2.890689,0.026231
2.686500,10.455143,0.069714
2.686500,3.243176,-0.056704
2.686500,2.686663,-0.000021
2.686500,3.237459,0.056278
2.686500,10.502780,-0.068414
2.686500,2.892988,-0.026462
2.686500,2.689692,0.002905
2.686500,3.701227,0.084925
2.686500,7.466986,-0.122000
2.686500,2.788896,-0.015405
2.686500,2.721196,0.007342
2.686500,4.922802,0.121901
2.686500,4.873955,-0.121135
2.686500,2.719877,-0.007182
2.686500,2.790046,0.015539
2.686500,7.509155,0.121576
2.686500,3.691832,-0.084451
2.686500,2.689455,-0.002867
2.686500,2.894241,0.026588
2.686500,10.528422,0.067704
2.686500,3.234377,-0.056048
2.686500,2.686617,0.000038
2.686500,3.244782,0.056824
2.686500,10.441734,-0.070076
2.686500,2.890046,-0.026167
2.686500,2.689902,0.002951
2.686500,3.711505,0.085440
2.686500,7.421577,-0.122446
2.686500,2.787649,-0.015261
2.686500,2.722259,0.007473
2.686500,4.962613,0.122493
2.686500,4.835699,-0.120504
2.686500,2.718832,-0.007058
2.686500,2.790623,0.015610
2.686500,7.530760,0.121355
2.686500,3.687070,-0.084210
2.686500,2.689281,-0.002855
2.686500,2.893221,0.026488
2.686500,10.507867,0.068274
2.686500,3.236840,-0.056233
2.686500,2.686501,0.000006
2.686500,3.238520,0.056359
2.686500,10.493873,-0.068660
2.686500,2.892539,-0.026420
2.686500,2.689352,0.002868
2.686500,3.690171,0.084368
2.686500,7.516659,-0.121499
2.686500,2.790235,-0.015565
2.686500,2.719205,0.007104
2.686500,4.849589,0.120737
2.686500,4.947993,-0.122279
2.686500,2.721863,-0.007426
2.686500,2.787933,0.015295
2.686500,7.432132,0.122343
2.686500,3.709098,-0.085320
2.686500,2.689833,-0.002943
2.686500,2.890102,0.026173
2.686500,10.442960,0.070043
2.686500,3.244634,-0.056813
2.686500,2.686592,-0.000040
2.686500,3.233687,0.055997
2.686500,10.534152,-0.067544
2.686500,2.894522,-0.026617
2.686500,2.689365,0.002855
2.686500,3.688513,0.084283
2.686500,7.524211,-0.121422
2.686500,2.790456,-0.015588
2.686500,2.719373,0.007121
2.686500,4.855333,0.120832
2.686500,4.942006,-0.122190
2.686500,2.721713,-0.007405
2.686500,2.788416,0.015349
2.686500,7.449381,0.122174
2.686500,3.705192,-0.085125
2.686500,2.689787,-0.002921
2.686500,2.892299,0.026392
2.686500,10.488573,0.068805
2.686500,3.239165,-0.056406
2.686500,2.686672,0.000009
2.686500,3.241765,0.056599
2.686500,10.466909,-0.069396
2.686500,2.891254,-0.026287
2.686500,2.689901,0.002942
2.686500,3.710163,0.085373
2.686500,7.427471,-0.122388
2.686500,2.787818,-0.015279
2.686500,2.722316,0.007479
2.686500,4.964465,0.122520
2.686500,4.833954,-0.120475
2.686500,2.718792,-0.007051
2.686500,2.790888,0.015639
2.686500,7.540130,0.121258
2.686500,3.685022,-0.084105
2.686500,2.689265,-0.002842
2.686500,2.894595,0.026625
2.686500,10.535702,0.067501
2.686500,3.233499,-0.055983
2.686500,2.686552,0.000036
2.686500,3.243530,0.056731
2.686500,10.452143,-0.069796
2.686500,2.890535,-0.026217
2.686500,2.689688,0.002922
2.686500,3.703731,0.085052
2.686500,7.455829,-0.122111
2.686500,2.788575,-0.015371
2.686500,2.721052,0.007328
2.686500,4.918004,0.121828
2.686500,4.878653,-0.121211
2.686500,2.719989,-0.007199
2.686500,2.789494,0.015479
2.686500,7.489573,0.121774
2.686500,3.696171,-0.084671
2.686500,2.689496,-0.002893
2.686500,2.891499,0.026315
2.686500,10.472334,0.069248
2.686500,3.241106,-0.056551
2.686500,2.686515,-0.000023
2.686500,3.234731,0.056076
2.686500,10.525428,-0.067788
2.686500,2.894084,-0.026574
2.686500,2.689229,0.002842
2.686500,3.684372,0.084072
2.686500,7.543095,-0.121228
2.686500,2.790964,-0.015649
2.686500,2.718566,0.007025
2.686500,4.825750,0.120336
2.686500,4.973203,-0.122645
2.686500,2.722548,-0.007507
2.686500,2.787501,0.015243
2.686500,7.415973,0.122500
2.686500,3.712787,-0.085504
2.686500,2.689949,-0.002954
2.686500,2.890343,0.026196
2.686500,10.447919,0.069909
2.686500,3.244042,-0.056769
2.686500,2.686650,-0.000028
2.686500,3.236188,0.056183
2.686500,10.513356,-0.068122
2.686500,2.893504,-0.026514
2.686500,2.689608,0.002891
2.686500,3.697837,0.084755
2.686500,7.482127,-0.121849
2.686500,2.789309,-0.015453
2.686500,2.720735,0.007286
2.686500,4.905725,0.121639
2.686500,4.890786,-0.121404
2.686500,2.720332,-0.007237
2.686500,2.789661,0.015494
2.686500,7.495023,0.121719
2.686500,3.694964,-0.084610
2.686500,2.689536,-0.002879
2.686500,2.893887,0.026552
2.686500,10.521193,0.067905
2.686500,3.235246,-0.056113
2.686500,2.686636,0.000034
2.686500,3.244532,0.056805
2.686500,10.443830,-0.070019
2.686500,2.890147,-0.026177
2.686500,2.689937,0.002955
2.686500,3.712589,0.085494
2.686500,7.416836,-0.122492
2.686500,2.787522,-0.015246
2.686500,2.722467,0.007498
2.686500,4.970285,0.122604
2.686500,4.828482,-0.120382
2.686500,2.718638,-0.007034
2.686500,2.790849,0.015636
2.686500,7.538978,0.121270
2.686500,3.685272,-0.084118
2.686500,2.689244,-0.002846
2.686500,2.893724,0.026538
2.686500,10.518113,0.067991
2.686500,3.235609,-0.056141
2.686500,2.686506,0.000016
2.686500,3.239937,0.056464
2.686500,10.482065,-0.068983
2.686500,2.891968,-0.026362
2.686500,2.689425,0.002881
2.686500,3.693267,0.084525
2.686500,7.502647,-0.121642
2.686500,2.789851,-0.015520
2.686500,2.719603,0.007152
2.686500,4.864317,0.120979
2.686500,4.932696,-0.122051
2.686500,2.721449,-0.007376
2.686500,2.788254,0.015333
2.686500,7.443973,0.122227
2.686500,3.706411,-0.085186
2.686500,2.689759,-0.002933
2.686500,2.890286,0.026192
2.686500,10.446869,0.069938
2.686500,3.244164,-0.056778
2.686500,2.686570,-0.000039
2.686500,3.233449,0.055979
2.686500,10.536122,-0.067489
2.686500,2.894617,-0.026627
2.686500,2.689305,0.002847
2.686500,3.686352,0.084173
2.686500,7.534053,-0.121321
2.686500,2.790723,-0.015619
2.686500,2.719025,0.007079
2.686500,4.842506,0.120619
2.686500,4.955427,-0.122388
2.686500,2.722073,-0.007449
2.686500,2.788066,0.015308
2.686500,7.436563,0.122300
2.686500,3.708095,-0.085270
2.686500,2.689855,-0.002933
2.686500,2.891722,0.026334
2.686500,10.476649,0.069131
2.686500,3.240596,-0.056512
2.686500,2.686674,-0.000001
2.686500,3.240403,0.056498
2.686500,10.478260,-0.069087
2.686500,2.891800,-0.026342
2.686500,2.689846,0.002932
2.686500,3.707725,0.085251
2.686500,7.438193,-0.122284
2.686500,2.788111,-0.015313
2.686500,2.722029,0.007443
2.686500,4.953755,0.122364
2.686500,4.844095,-0.120645
2.686500,2.719068,-0.007084
2.686500,2.790691,0.015615
2.686500,7.532868,0.121333
2.686500,3.686612,-0.084186
2.686500,2.689312,-0.002848
2.686500,2.894612,0.026626
2.686500,10.536005,0.067493
2.686500,3.233463,-0.055980
2.686500,2.686573,0.000039
2.686500,3.244246,0.056784
2.686500,10.446188,-0.069956
2.686500,2.890253,-0.026189
2.686500,2.689770,0.002934
2.686500,3.706809,0.085206
2.686500,7.442213,-0.122245
2.686500,2.788206,-0.015327
2.686500,2.721509,0.007383
2.686500,4.934924,0.122085
2.686500,4.862159,-0.120944
2.686500,2.719545,-0.007145
2.686500,2.789906,0.015527
2.686500,7.504658,0.121622
2.686500,3.692821,-0.084502
2.686500,2.689414,-0.002879
2.686500,2.892045,0.026370
2.686500,10.483665,0.068939
2.686500,3.239745,-0.056450
2.686500,2.686505,-0.000014
2.686500,3.235766,0.056153
2.686500,10.516808,-0.068027
2.686500,2.893659,-0.026532
2.686500,2.689248,0.002847
2.686500,3.685472,0.084129
2.686500,7.538061,-0.121280
2.686500,2.790824,-0.015633
2.686500,2.718658,0.007036
2.686500,4.829222,0.120395
2.686500,4.969496,-0.122592
2.686500,2.722446,-0.007496
2.686500,2.787533,0.015247
2.686500,7.417254,0.122488
2.686500,3.712493,-0.085489
2.686500,2.689934,-0.002954
2.686500,2.890126,0.026175
2.686500,10.443373,0.070032
2.686500,3.244586,-0.056809
2.686500,2.686634,-0.000034
2.686500,3.235112,0.056103
2.686500,10.522308,-0.067874
2.686500,2.893942,-0.026558
2.686500,2.689524,0.002878
2.686500,3.694519,0.084587
2.686500,7.497026,-0.121699
2.686500,2.789715,-0.015501
2.686500,2.720268,0.007230
2.686500,4.888432,0.121367
2.686500,4.908097,-0.121675
2.686500,2.720800,-0.007294
2.686500,2.789252,0.015446
2.686500,7.480049,0.121869
2.686500,3.698301,-0.084778
2.686500,2.689620,-0.002893
2.686500,2.893437,0.026507
2.686500,10.511992,0.068160
2.686500,3.236352,-0.056196
2.686500,2.686652,0.000027
2.686500,3.243942,0.056761
2.686500,10.448757,-0.069887
2.686500,2.890383,-0.026200
2.686500,2.689950,0.002954
2.686500,3.712754,0.085502
2.686500,7.416120,-0.122499
2.686500,2.787505,-0.015243
2.686500,2.722551,0.007508
2.686500,4.973335,0.122647
2.686500,4.825626,-0.120333
2.686500,2.718563,-0.007024
2.686500,2.790975,0.015650
2.686500,7.543479,0.121224
2.686500,3.684289,-0.084068
2.686500,2.689228,-0.002841
2.686500,2.894134,0.026579
2.686500,10.526434,0.067760
2.686500,3.234610,-0.056067
2.686500,2.686517,0.000024
2.686500,3.241283,0.056564
2.686500,10.470859,-0.069288
2.686500,2.891428,-0.026308
2.686500,2.689507,0.002894
2.686500,3.696643,0.084695
2.686500,7.487454,-0.121795
2.686500,2.789436,-0.015472
2.686500,2.720054,0.007207
2.686500,4.881026,0.121249
2.686500,4.915591,-0.121791
2.686500,2.720987,-0.007320
2.686500,2.788629,0.015377
2.686500,7.457816,0.122091
2.686500,3.703283,-0.085029
2.686500,2.689676,-0.002921
2.686500,2.890582,0.026222
2.686500,10.453130,0.069769
2.686500,3.243412,-0.056722
2.686500,2.686549,-0.000036
2.686500,3.233529,0.055985
2.686500,10.535450,-0.067508
2.686500,2.894582,-0.026623
2.686500,2.689259,0.002842
2.686500,3.684862,0.084097
2.686500,7.540861,-0.121251
2.686500,2.790908,-0.015641
2.686500,2.718762,0.007048
2.686500,4.832846,0.120456
2.686500,4.965641,-0.122537
2.686500,2.722347,-0.007482
2.686500,2.787784,0.015275
2.686500,7.426234,0.122401
2.686500,3.710445,-0.085387
2.686500,2.689907,-0.002943
2.686500,2.891183,0.026280
2.686500,10.465448,0.069435
2.686500,3.241940,-0.056612
2.686500,2.686671,-0.000011
2.686500,3.238968,0.056391
2.686500,10.490215,-0.068760
2.686500,2.892378,-0.026400
2.686500,2.689777,0.002919
2.686500,3.704763,0.085103
2.686500,7.451282,-0.122155
2.686500,2.788468,-0.015355
2.686500,2.721658,0.007398
2.686500,4.939970,0.122160
2.686500,4.857292,-0.120864
2.686500,2.719426,-0.007128
2.686500,2.790413,0.015583
2.686500,7.522662,0.121438
2.686500,3.688853,-0.084300
2.686500,2.689375,-0.002856
2.686500,2.894499,0.026614
2.686500,10.533684,0.067557
2.686500,3.233743,-0.056001
2.686500,2.686595,0.000039
2.686500,3.244674,0.056816
2.686500,10.442622,-0.070052
2.686500,2.890086,-0.026171
2.686500,2.689842,0.002944
2.686500,3.709422,0.085336
2.686500,7.430710,-0.122357
2.686500,2.787895,-0.015291
2.686500,2.721914,0.007432
2.686500,4.949889,0.122307
2.686500,4.847777,-0.120707
2.686500,2.719157,-0.007098
2.686500,2.790284,0.015571
2.686500,7.518436,0.121481
2.686500,3.689779,-0.084348
2.686500,2.689342,-0.002866
2.686500,2.892618,0.026427
2.686500,10.495495,0.068615
2.686500,3.238325,-0.056344
2.686500,2.686500,-0.000005
2.686500,3.237022,0.056247
2.686500,10.506350,-0.068316
2.686500,2.893147,-0.026481
2.686500,2.689288,0.002856
2.686500,3.687374,0.084225
2.686500,7.529374,-0.121369
2.686500,2.790584,-0.015605
2.686500,2.718867,0.007062
2.686500,4.837004,0.120526
2.686500,4.961231,-0.122473
2.686500,2.722221,-0.007469
2.686500,2.787674,0.015264
2.686500,7.422521,0.122437
2.686500,3.711289,-0.085430
2.686500,2.689896,-0.002950
2.686500,2.890043,0.026167
2.686500,10.441669,0.070078
2.686500,3.244790,-0.056824
2.686500,2.686615,-0.000038
2.686500,3.234278,0.056041
2.686500,10.529243,-0.067681
2.686500,2.894282,-0.026592
2.686500,2.689444,0.002866
2.686500,3.691427,0.084431
2.686500,7.510989,-0.121557
2.686500,2.790096,-0.015545
2.686500,2.719817,0.007175
2.686500,4.871730,0.121100
2.686500,4.925079,-0.121936
2.686500,2.721257,-0.007350
2.686500,2.788840,0.015398
2.686500,7.464932,0.122020
2.686500,3.701688,-0.084949
2.686500,2.689704,-0.002906
2.686500,2.892913,0.026454
2.686500,10.501232,0.068457
2.686500,3.237645,-0.056292
2.686500,2.686664,0.000019
2.686500,3.243035,0.056694
2.686500,10.456322,-0.069682
2.686500,2.890746,-0.026236
2.686500,2.689938,0.002950
2.686500,3.711977,0.085464
2.686500,7.419518,-0.122466
2.686500,2.787600,-0.015254
2.686500,2.722505,0.007502
2.686500,4.971548,0.122622
2.686500,4.827299,-0.120362
2.686500,2.718610,-0.007030
2.686500,2.790991,0.015651
2.686500,7.543984,0.121218
2.686500,3.684179,-0.084062
2.686500,2.689234,-0.002840
2.686500,2.894427,0.026608
2.686500,10.532337,0.067595
2.686500,3.233902,-0.056013
2.686500,2.686532,0.000031
2.686500,3.242477,0.056653
2.686500,10.460909,-0.069559
2.686500,2.890952,-0.026260
2.686500,2.689594,0.002908
2.686500,3.700106,0.084870
2.686500,7.471954,-0.121950
2.686500,2.789014,-0.015423
2.686500,2.720533,0.007265
2.686500,4.898777,0.121530
2.686500,4.897705,-0.121513
2.686500,2.720504,-0.007262
2.686500,2.789038,0.015425
2.686500,7.472873,0.121941
2.686500,3.699900,-0.084859
2.686500,2.689589,-0.002907
2.686500,2.890979,0.026262
2.686500,10.461459,0.069544
2.686500,3.242411,-0.056648
2.686500,2.686531,-0.000031
2.686500,3.233935,0.056016
2.686500,10.532058,-0.067603
2.686500,2.894413,-0.026607
2.686500,2.689233,0.002840
2.686500,3.684161,0.084062
2.686500,7.544066,-0.121218
2.686500,2.790993,-0.015652
2.686500,2.718604,0.007029
2.686500,4.827074,0.120358
2.686500,4.971789,-0.122625
2.686500,2.722511,-0.007503
2.686500,2.787591,0.015253
2.686500,7.419203,0.122469
2.686500,3.712049,-0.085467
2.686500,2.689940,-0.002951
2.686500,2.890721,0.026234
2.686500,10.455803,0.069697
2.686500,3.243097,-0.056698
2.686500,2.686664,-0.000020
2.686500,3.237564,0.056286
2.686500,10.501908,-0.068438
2.686500,2.892946,-0.026457
2.686500,2.689699,0.002906
2.686500,3.701487,0.084939
2.686500,7.465825,-0.122011
2.686500,2.788865,-0.015401
2.686500,2.721231,0.007346
2.686500,4.924090,0.121921
2.686500,4.872695,-0.121115
2.686500,2.719843,-0.007178
2.686500,2.790074,0.015543
2.686500,7.510194,0.121565
2.686500,3.691602,-0.084440
2.686500,2.689449,-0.002866
2.686500,2.894264,0.026590
2.686500,10.528891,0.067691
2.686500,3.234320,-0.056044
2.686500,2.686616,0.000038
2.686500,3.244787,0.056824
2.686500,10.441691,-0.070077
2.686500,2.890044,-0.026167
2.686500,2.689898,0.002951
2.686500,3.711385,0.085434
2.686500,7.422102,-0.122441
2.686500,2.787663,-0.015263
2.686500,2.722238,0.007471
2.686500,4.961842,0.122482
2.686500,4.836427,-0.120517
2.686500,2.718851,-0.007060
2.686500,2.790601,0.015607
2.686500,7.529985,0.121363
2.686500,3.687241,-0.084219
2.686500,2.689285,-0.002855
2.686500,2.893179,0.026484
2.686500,10.507013,0.068298
2.686500,3.236942,-0.056241
2.686500,2.686500,0.000005
2.686500,3.238410,0.056351
2.686500,10.494790,-0.068634
2.686500,2.892584,-0.026424
2.686500,2.689346,0.002867
2.686500,3.689948,0.084356
2.686500,7.517667,-0.121489
2.686500,2.790263,-0.015568
2.686500,2.719178,0.007100
2.686500,4.848559,0.120720
2.686500,4.949070,-0.122295
2.686500,2.721892,-0.007429
2.686500,2.787911,0.015293
2.686500,7.431323,0.122351
2.686500,3.709283,-0.085329
2.686500,2.689838,-0.002943
2.686500,2.890093,0.026172
2.686500,10.442763,0.070048
2.686500,3.244657,-0.056815
2.686500,2.686593,-0.000040
2.686500,3.233718,0.055999
2.686500,10.533893,-0.067552
2.686500,2.894509,-0.026615
2.686500,2.689371,0.002855
2.686500,3.688704,0.084293
2.686500,7.523342,-0.121431
2.686500,2.790432,-0.015585
2.686500,2.719402,0.007125
2.686500,4.856433,0.120850
2.686500,4.940861,-0.122173
2.686500,2.721682,-0.007401
2.686500,2.788445,0.015352
2.686500,7.450451,0.122163
2.686500,3.704950,-0.085112
2.686500,2.689782,-0.002920
2.686500,2.892343,0.026397
2.686500,10.489500,0.068779
2.686500,3.239053,-0.056397
2.686500,2.686672,0.000010
2.686500,3.241864,0.056607
2.686500,10.466081,-0.069418
2.686500,2.891214,-0.026283
2.686500,2.689904,0.002943
2.686500,3.710324,0.085381
2.686500,7.426765,-0.122395
2.686500,2.787798,-0.015277
2.686500,2.722334,0.007481
2.686500,4.965138,0.122529
2.686500,4.833320,-0.120464
2.686500,2.718775,-0.007049
2.686500,2.790899,0.015640
2.686500,7.540551,0.121254
2.686500,3.684930,-0.084101
2.686500,2.689262,-0.002842
2.686500,2.894588,0.026624
2.686500,10.535566,0.067505
2.686500,3.233515,-0.055984
2.686500,2.686550,0.000036
2.686500,3.243464,0.056726
2.686500,10.452695,-0.069781
2.686500,2.890561,-0.026220
2.686500,2.689682,0.002921
2.686500,3.703479,0.085039
2.686500,7.456948,-0.122099
2.686500,2.788605,-0.015375
2.686500,2.721015,0.007324
2.686500,4.916644,0.121807
2.686500,4.879990,-0.121233
2.686500,2.720025,-0.007204
2.686500,2.789461,0.015475
2.686500,7.488377,0.121786
2.686500,3.696437,-0.084685
2.686500,2.689502,-0.002894
2.686500,2.891459,0.026311
2.686500,10.471499,0.069271
2.686500,3.241206,-0.056559
2.686500,2.686516,-0.000024
2.686500,3.234662,0.056070
2.686500,10.526002,-0.067772
2.686500,2.894112,-0.026577
2.686500,2.689229,0.002842
2.686500,3.684323,0.084070
2.686500,7.543321,-0.121225
2.686500,2.790971,-0.015650
2.686500,2.718564,0.007024
2.686500,4.825670,0.120334
2.686500,4.973289,-0.122647
2.686500,2.722550,-0.007508
2.686500,2.787503,0.015243
2.686500,7.416047,0.122499
2.686500,3.712770,-0.085503
2.686500,2.689950,-0.002954
2.686500,2.890366,0.026198
2.686500,10.448386,0.069897
2.686500,3.243986,-0.056764
2.686500,2.686652,-0.000028
2.686500,3.236280,0.056190
2.686500,10.512590,-0.068144
2.686500,2.893467,-0.026510
2.686500,2.689615,0.002892
2.686500,3.698099,0.084768
2.686500,7.480954,-0.121860
2.686500,2.789277,-0.015449
2.686500,2.720772,0.007291
2.686500,4.907065,0.121659
2.686500,4.889456,-0.121383
2.686500,2.720296,-0.007233
2.686500,2.789691,0.015498
2.686500,7.496156,0.121708
2.686500,3.694713,-0.084597
2.686500,2.689529,-0.002878
2.686500,2.893918,0.026555
2.686500,10.521827,0.067888
2.686500,3.235170,-0.056107
2.686500,2.686635,0.000034
2.686500,3.244563,0.056807
2.686500,10.443566,-0.070027
2.686500,2.890135,-0.026176
2.686500,2.689935,0.002954
2.686500,3.712537,0.085492
2.686500,7.417063,-0.122490
2.686500,2.787528,-0.015247
2.686500,2.722456,0.007497
2.686500,4.969850,0.122597
2.686500,4.828890,-0.120389
2.686500,2.718649,-0.007035
2.686500,2.790835,0.015634
2.686500,7.538468,0.121276
2.686500,3.685383,-0.084124
2.686500,2.689246,-0.002847
2.686500,2.893688,0.026535
2.686500,10.517380,0.068011
2.686500,3.235697,-0.056148
2.686500,2.686506,0.000015
2.686500,3.239829,0.056456
2.686500,10.482967,-0.068958
2.686500,2.892011,-0.026367
2.686500,2.689419,0.002880
2.686500,3.693015,0.084512
2.686500,7.503785,-0.121630
2.686500,2.789882,-0.015524
2.686500,2.719570,0.007148
2.686500,4.863094,0.120959
2.686500,4.933958,-0.122070
2.686500,2.721484,-0.007380
2.686500,2.788226,0.015330
2.686500,7.442975,0.122237
2.686500,3.706637,-0.085197
2.686500,2.689765,-0.002933
2.686500,2.890267,0.026190
2.686500,10.446479,0.069948
2.686500,3.244211,-0.056782
2.686500,2.686572,-0.000039
2.686500,3.233456,0.055980
2.686500,10.536062,-0.067491
2.686500,2.894615,-0.026626
2.686500,2.689309,0.002847
2.686500,3.686497,0.084180
2.686500,7.533391,-0.121328
2.686500,2.790705,-0.015617
2.686500,2.719049,0.007082
2.686500,4.843396,0.120634
2.686500,4.954490,-0.122375
2.686500,2.722048,-0.007446
2.686500,2.788091,0.015311
2.686500,7.437478,0.122291
2.686500,3.707888,-0.085259
2.686500,2.689850,-0.002932
2.686500,2.891766,0.026339
2.686500,10.477557,0.069106
2.686500,3.240487,-0.056504
2.686500,2.686674,0.000000
2.686500,3.240512,0.056506
2.686500,10.477349,-0.069112
2.686500,2.891756,-0.026338
2.686500,2.689851,0.002932
2.686500,3.707935,0.085262
2.686500,7.437268,-0.122293
2.686500,2.788085,-0.015310
2.686500,2.722054,0.007447
2.686500,4.954706,0.122378
2.686500,4.843191,-0.120630
2.686500,2.719043,-0.007081
2.686500,2.790709,0.015618
2.686500,7.533544,0.121326
2.686500,3.686464,-0.084179
2.686500,2.689308,-0.002847
2.686500,2.894615,0.026626
2.686500,10.536077,0.067491
2.686500,3.233455,-0.055980
2.686500,2.686571,0.000039
2.686500,3.244200,0.056781
2.686500,10.446567,-0.069946
2.686500,2.890271,-0.026190
2.686500,2.689764,0.002933
2.686500,3.706585,0.085195
2.686500,7.443202,-0.122235
2.686500,2.788233,-0.015331
2.686500,2.721476,0.007379
2.686500,4.933671,0.122066
2.686500,4.863373,-0.120964
2.686500,2.719577,-0.007149
2.686500,2.789875,0.015523
2.686500,7.503525,0.121633
2.686500,3.693072,-0.084515
2.686500,2.689420,-0.002880
2.686500,2.892001,0.026365
2.686500,10.482761,0.068964
2.686500,3.239854,-0.056458
2.686500,2.686506,-0.000015
2.686500,3.235677,0.056146
2.686500,10.517549,-0.068006
2.686500,2.893696,-0.026535
2.686500,2.689246,0.002847
2.686500,3.685357,0.084123
2.686500,7.538587,-0.121274
2.686500,2.790839,-0.015635
2.686500,2.718647,0.007035
2.686500,4.828794,0.120387
2.686500,4.969952,-0.122599
2.686500,2.722458,-0.007497
2.686500,2.787527,0.015247
2.686500,7.417009,0.122490
2.686500,3.712550,-0.085492
2.686500,2.689936,-0.002954
2.686500,2.890138,0.026176
2.686500,10.443624,0.070025
2.686500,3.244556,-0.056807
2.686500,2.686635,-0.000034
2.686500,3.235187,0.056109
2.686500,10.521683,-0.067891
2.686500,2.893911,-0.026555
2.686500,2.689531,0.002879
2.686500,3.694770,0.084600
2.686500,7.495897,-0.121710
2.686500,2.789684,-0.015497
2.686500,2.720304,0.007234
2.686500,4.889760,0.121388
2.686500,4.906758,-0.121655
2.686500,2.720764,-0.007290
2.686500,2.789284,0.015450
2.686500,7.481223,0.121858
2.686500,3.698039,-0.084765
2.686500,2.689614,-0.002892
2.686500,2.893475,0.026511
2.686500,10.512766,0.068139
2.686500,3.236259,-0.056189
2.686500,2.686651,0.000028
2.686500,3.243999,0.056765
2.686500,10.448278,-0.069900
2.686500,2.890361,-0.026198
2.686500,2.689950,0.002954
2.686500,3.712775,0.085503
2.686500,7.416028,-0.122499
2.686500,2.787503,-0.015243
2.686500,2.722549,0.007508
2.686500,4.973272,0.122646
2.686500,4.825686,-0.120334
2.686500,2.718564,-0.007024
2.686500,2.790969,0.015649
2.686500,7.543271,0.121226
2.686500,3.684334,-0.084070
2.686500,2.689229,-0.002842
2.686500,2.894106,0.026576
2.686500,10.525872,0.067775
2.686500,3.234678,-0.056072
2.686500,2.686516,0.000023
2.686500,3.241183,0.056557
2.686500,10.471689,-0.069266
2.686500,2.891468,-0.026312
2.686500,2.689501,0.002893
2.686500,3.696376,0.084682
2.686500,7.488651,-0.121783
2.686500,2.789469,-0.015476
2.686500,2.720017,0.007203
2.686500,4.879684,0.121228
2.686500,4.916955,-0.121812
2.686500,2.721024,-0.007325
2.686500,2.788598,0.015374
2.686500,7.456691,0.122102
2.686500,3.703537,-0.085042
2.686500,2.689683,-0.002922
2.686500,2.890555,0.026219
2.686500,10.452568,0.069784
2.686500,3.243479,-0.056727
2.686500,2.686551,-0.000036
2.686500,3.233511,0.055984
2.686500,10.535599,-0.067504
2.686500,2.894590,-0.026624
2.686500,2.689262,0.002842
2.686500,3.684950,0.084102
2.686500,7.540456,-0.121255
2.686500,2.790897,-0.015640
2.686500,2.718778,0.007050
2.686500,4.833463,0.120467
2.686500,4.964986,-0.122527
2.686500,2.722330,-0.007480
2.686500,2.787803,0.015277
2.686500,7.426925,0.122394
2.686500,3.710287,-0.085379
2.686500,2.689904,-0.002943
2.686500,2.891223,0.026284
2.686500,10.466269,0.069413
2.686500,3.241841,-0.056605
2.686500,2.686672,-0.000010
2.686500,3.239079,0.056399
2.686500,10.489288,-0.068785
2.686500,2.892333,-0.026396
2.686500,2.689783,0.002920
2.686500,3.705006,0.085115
2.686500,7.450205,-0.122166
2.686500,2.788439,-0.015351
2.686500,2.721689,0.007402
2.686500,4.941124,0.122177
2.686500,4.856181,-0.120846
2.686500,2.719396,-0.007124
2.686500,2.790437,0.015586
2.686500,7.523542,0.121429
2.686500,3.688660,-0.084290
2.686500,2.689370,-0.002855
2.686500,2.894512,0.026616
2.686500,10.533954,0.067550
2.686500,3.233711,-0.055999
2.686500,2.686593,0.000040
2.686500,3.244652,0.056814
2.686500,10.442807,-0.070047
2.686500,2.890095,-0.026172
2.686500,2.689837,0.002943
2.686500,3.709241,0.085327
2.686500,7.431506,-0.122349
2.686500,2.787916,-0.015293
2.686500,2.721886,0.007429
2.686500,4.948825,0.122291
2.686500,4.848793,-0.120724
2.686500,2.719184,-0.007101
2.686500,2.790256,0.015568
2.686500,7.517437,0.121492
2.686500,3.689999,-0.084359
2.686500,2.689347,-0.002867
2.686500,2.892574,0.026423
2.686500,10.494580,0.068640
2.686500,3.238435,-0.056352
2.686500,2.686501,-0.000005
2.686500,3.236919,0.056239
2.686500,10.507209,-0.068292
2.686500,2.893189,-0.026485
2.686500,2.689284,0.002855
2.686500,3.687201,0.084217
2.686500,7.530164,-0.121361
2.686500,2.790606,-0.015608
2.686500,2.718847,0.007060
2.686500,4.836259,0.120514
2.686500,4.962020,-0.122484
2.686500,2.722243,-0.007471
2.686500,2.787660,0.015263
2.686500,7.421980,0.122442
2.686500,3.711413,-0.085436
2.686500,2.689899,-0.002951
2.686500,2.890044,0.026167
2.686500,10.441699,0.070077
2.686500,3.244786,-0.056824
2.686500,2.686616,-0.000038
2.686500,3.234333,0.056045
2.686500,10.528785,-0.067694
2.686500,2.894259,-0.026590
2.686500,2.689450,0.002867
2.686500,3.691655,0.084442
2.686500,7.509957,-0.121568
2.686500,2.790068,-0.015542
2.686500,2.719851,0.007179
2.686500,4.872983,0.121120
2.686500,4.923796,-0.121916
2.686500,2.721223,-0.007345
2.686500,2.788872,0.015402
2.686500,7.466090,0.122009
2.686500,3.701428,-0.084936
2.686500,2.689697,-0.002905
2.686500,2.892956,0.026458
2.686500,10.502108,0.068433
2.686500,3.237540,-0.056284
2.686500,2.686663,0.000020
2.686500,3.243115,0.056700
2.686500,10.455651,-0.069701
2.686500,2.890713,-0.026233
2.686500,2.689940,0.002951
2.686500,3.712070,0.085468
2.686500,7.419112,-0.122470
2.686500,2.787588,-0.015253
2.686500,2.722513,0.007503
2.686500,4.971857,0.122626
2.686500,4.827010,-0.120357
2.686500,2.718602,-0.007029
2.686500,2.790994,0.015652
2.686500,7.544088,0.121217
2.686500,3.684156,-0.084061
2.686500,2.689233,-0.002840
2.686500,2.894408,0.026606
2.686500,10.531973,0.067605
2.686500,3.233946,-0.056017
2.686500,2.686531,0.000031
2.686500,3.242392,0.056647
2.686500,10.461623,-0.069539
2.686500,2.890986,-0.026263
2.686500,2.689588,0.002907
2.686500,3.699839,0.084856
2.686500,7.473146,-0.121939
2.686500,2.789046,-0.015426
2.686500,2.720495,0.007261
2.686500,4.897387,0.121509
2.686500,4.899095,-0.121535
2.686500,2.720541,-0.007266
2.686500,2.789006,0.015422
2.686500,7.471682,0.121953
2.686500,3.700167,-0.084873
2.686500,2.689596,-0.002908
2.686500,2.890945,0.026259
2.686500,10.460748,0.069563
2.686500,3.242497,-0.056655
2.686500,2.686532,-0.000031
2.686500,3.233892,0.056013
2.686500,10.532417,-0.067593
2.686500,2.894431,-0.026609
2.686500,2.689235,0.002840
2.686500,3.684185,0.084063
2.686500,7.543956,-0.121219
2.686500,2.790990,-0.015651
2.686500,2.718612,0.007030
2.686500,4.827369,0.120363
2.686500,4.971474,-0.122621
2.686500,2.722503,-0.007502
2.686500,2.787602,0.015254
2.686500,7.419615,0.122465
2.686500,3.711955,-0.085462
2.686500,2.689938,-0.002950
2.686500,2.890753,0.026237
2.686500,10.456478,0.069678
2.686500,3.243016,-0.056692
2.686500,2.686664,-0.000019
2.686500,3.237669,0.056294
2.686500,10.501031,-0.068463
2.686500,2.892903,-0.026453
2.686500,2.689705,0.002907
2.686500,3.701747,0.084952
2.686500,7.464668,-0.122023
2.686500,2.788833,-0.015397
2.686500,2.721265,0.007351
2.686500,4.925371,0.121940
2.686500,4.871444,-0.121095
2.686500,2.719809,-0.007174
2.686500,2.790102,0.015546
2.686500,7.511224,0.121555
2.686500,3.691375,-0.084428
2.686500,2.689443,-0.002866
2.686500,2.894287,0.026593
2.686500,10.529346,0.067678
2.686500,3.234266,-0.056040
2.686500,2.686614,0.000038
2.686500,3.244790,0.056824
2.686500,10.441664,-0.070078
2.686500,2.890042,-0.026167
2.686500,2.689895,0.002950
2.686500,3.711260,0.085428
2.686500,7.422648,-0.122435
2.686500,2.787678,-0.015265
2.686500,2.722217,0.007468
2.686500,4.961047,0.122470
2.686500,4.837178,-0.120529
2.686500,2.718871,-0.007063
2.686500,2.790579,0.015605
2.686500,7.529191,0.121371
2.686500,3.687415,-0.084227
2.686500,2.689289,-0.002856
2.686500,2.893137,0.026480
2.686500,10.506152,0.068322
2.686500,3.237045,-0.056249
2.686500,2.686500,0.000005
2.686500,3.238300,0.056342
2.686500,10.495705,-0.068609
2.686500,2.892628,-0.026429
2.686500,2.689341,0.002866
2.686500,3.689729,0.084345
2.686500,7.518662,-0.121479
2.686500,2.790290,-0.015571
2.686500,2.719150,0.007097
2.686500,4.847547,0.120703
2.686500,4.950130,-0.122311
2.686500,2.721921,-0.007433
2.686500,2.787890,0.015290
2.686500,7.430530,0.122359
2.686500,3.709463,-0.085339
2.686500,2.689843,-0.002944
2.686500,2.890084,0.026171
2.686500,10.442582,0.070053
2.686500,3.244679,-0.056816
2.686500,2.686595,-0.000039
2.686500,3.233751,0.056002
2.686500,10.533620,-0.067559
2.686500,2.894496,-0.026614
2.686500,2.689376,0.002856
2.686500,3.688898,0.084303
2.686500,7.522459,-0.121440
2.686500,2.790408,-0.015582
2.686500,2.719433,0.007128
2.686500,4.857548,0.120868
2.686500,4.939704,-0.122156
2.686500,2.721651,-0.007397
2.686500,2.788475,0.015356
2.686500,7.451530,0.122153
2.686500,3.704707,-0.085100
2.686500,2.689776,-0.002919
2.686500,2.892388,0.026401
2.686500,10.490426,0.068754
2.686500,3.238942,-0.056389
2.686500,2.686671,0.000011
2.686500,3.241962,0.056614
2.686500,10.465261,-0.069440
2.686500,2.891174,-0.026279
2.686500,2.689908,0.002943
2.686500,3.710480,0.085389
2.686500,7.426078,-0.122402
2.686500,2.787780,-0.015275
2.686500,2.722351,0.007483
2.686500,4.965788,0.122539
2.686500,4.832708,-0.120454
2.686500,2.718758,-0.007047
2.686500,2.790910,0.015642
2.686500,7.540950,0.121250
2.686500,3.684842,-0.084096
2.686500,2.689259,-0.002842
2.686500,2.894580,0.026623
2.686500,10.535414,0.067509
2.686500,3.233533,-0.055986
2.686500,2.686549,0.000036
2.686500,3.243396,0.056721
2.686500,10.453261,-0.069765
2.686500,2.890588,-0.026223
2.686500,2.689675,0.002920
2.686500,3.703225,0.085026
2.686500,7.458074,-0.122088
2.686500,2.788636,-0.015378
2.686500,2.720978,0.007319
2.686500,4.915278,0.121786
2.686500,4.881334,-0.121254
2.686500,2.720062,-0.007208
2.686500,2.789429,0.015471
2.686500,7.487179,0.121798
2.686500,3.696704,-0.084698
2.686500,2.689509,-0.002895
2.686500,2.891420,0.026307
2.686500,10.470671,0.069294
2.686500,3.241305,-0.056566
2.686500,2.686517,-0.000024
2.686500,3.234595,0.056065
2.686500,10.526561,-0.067756
2.686500,2.894140,-0.026580
2.686500,2.689228,0.002841
2.686500,3.684279,0.084068
2.686500,7.543523,-0.121223
2.686500,2.790976,-0.015650
2.686500,2.718563,0.007024
2.686500,4.825617,0.120333
2.686500,4.973346,-0.122648
2.686500,2.722552,-0.007508
2.686500,2.787506,0.015244
2.686500,7.416145,0.122498
2.686500,3.712748,-0.085502
2.686500,2.689950,-0.002954
2.686500,2.890389,0.026201
2.686500,10.448869,0.069884
2.686500,3.243928,-0.056760
2.686500,2.686653,-0.000027
2.686500,3.236374,0.056197
2.686500,10.511813,-0.068165
2.686500,2.893429,-0.026506
2.686500,2.689622,0.002893
2.686500,3.698361,0.084781
2.686500,7.479781,-0.121872
2.686500,2.789245,-0.015446
2.686500,2.720808,0.007295
2.686500,4.908403,0.121680
2.686500,4.888129,-0.121362
2.686500,2.720260,-0.007229
2.686500,2.789722,0.015501
2.686500,7.497283,0.121696
2.686500,3.694462,-0.084584
2.686500,2.689523,-0.002877
2.686500,2.893949,0.026558
2.686500,10.522449,0.067870
2.686500,3.235095,-0.056102
2.686500,2.686634,0.000034
2.686500,3.244593,0.056810
2.686500,10.443318,-0.070033
2.686500,2.890123,-0.026174
2.686500,2.689933,0.002954
2.686500,3.712480,0.085489
2.686500,7.417313,-0.122487
2.686500,2.787535,-0.015248
2.686500,2.722443,0.007495
2.686500,4.969388,0.122591
2.686500,4.829323,-0.120396
2.686500,2.718661,-0.007037
2.686500,2.790821,0.015633
2.686500,7.537937,0.121281
