init_r,r,ur
2.686600,3.239292,0.056416
2.686600,10.487481,-0.068835
2.686600,2.892239,-0.026388
2.686600,2.689621,0.002902
2.686600,3.699610,0.084844
2.686600,7.474186,-0.121928
2.686600,2.789084,-0.015429
2.686600,2.720746,0.007289
2.686600,4.906371,0.121649
2.686600,4.890143,-0.121394
2.686600,2.720308,-0.007236
2.686600,2.789465,0.015473
2.686600,7.488151,0.121788
2.686600,3.696491,-0.084687
2.686600,2.689542,-0.002889
2.686600,2.892646,0.026429
2.686600,10.495906,0.068604
2.686600,3.238280,-0.056340
2.686600,2.686585,0.000006
2.686600,3.239813,0.056454
2.686600,10.483135,-0.068954
2.686600,2.892027,-0.026367
2.686600,2.689607,0.002902
2.686600,3.699369,0.084832
2.686600,7.475257,-0.121917
2.686600,2.789111,-0.015432
2.686600,2.720656,0.007279
2.686600,4.903098,0.121598
2.686600,4.893396,-0.121446
2.686600,2.720394,-0.007247
2.686600,2.789339,0.015459
2.686600,7.483600,0.121834
2.686600,3.697505,-0.084738
2.686600,2.689559,-0.002894
2.686600,2.892269,0.026391
2.686600,10.488159,0.068816
2.686600,3.239209,-0.056410
2.686600,2.686576,-0.000002
2.686600,3.238590,0.056363
2.686600,10.493323,-0.068675
2.686600,2.892520,-0.026416
2.686600,2.689533,0.002889
2.686600,3.696343,0.084680
2.686600,7.488812,-0.121782
2.686600,2.789482,-0.015475
2.686600,2.720254,0.007230
2.686600,4.888169,0.121363
2.686600,4.908360,-0.121680
2.686600,2.720799,-0.007296
2.686600,2.789008,0.015420
2.686600,7.471445,0.121955
2.686600,3.700223,-0.084875
2.686600,2.689632,-0.002905
2.686600,2.892015,0.026365
2.686600,10.482855,0.068961
2.686600,3.239847,-0.056457
2.686600,2.686595,-0.000005
2.686600,3.238563,0.056361
2.686600,10.493550,-0.068668
2.686600,2.892533,-0.026417
2.686600,2.689577,0.002894
2.686600,3.697808,0.084754
2.686600,7.482245,-0.121848
2.686600,2.789304,-0.015454
2.686600,2.720507,0.007260
2.686600,4.897484,0.121510
2.686600,4.899000,-0.121534
2.686600,2.720547,-0.007265
2.686600,2.789269,0.015450
2.686600,7.480940,0.121861
2.686600,3.698099,-0.084768
2.686600,2.689584,-0.002896
2.686600,2.892495,0.026413
2.686600,10.492762,0.068690
2.686600,3.238658,-0.056368
2.686600,2.686596,0.000004
2.686600,3.239798,0.056453
2.686600,10.483261,-0.068950
2.686600,2.892034,-0.026367
2.686600,2.689633,0.002905
2.686600,3.700246,0.084876
2.686600,7.471345,-0.121956
2.686600,2.789006,-0.015420
2.686600,2.720807,0.007297
2.686600,4.908666,0.121684
2.686600,4.887866,-0.121358
2.686600,2.720246,-0.007229
2.686600,2.789493,0.015477
2.686600,7.489237,0.121777
2.686600,3.696248,-0.084675
2.686600,2.689531,-0.002889
2.686600,2.892555,0.026420
2.686600,10.494047,0.068655
2.686600,3.238503,-0.056357
2.686600,2.686576,0.000003
2.686600,3.239324,0.056418
2.686600,10.487206,-0.068842
2.686600,2.892223,-0.026386
2.686600,2.689566,0.002895
2.686600,3.697788,0.084753
2.686600,7.482331,-0.121847
2.686600,2.789304,-0.015455
2.686600,2.720432,0.007251
2.686600,4.894792,0.121468
2.686600,4.901696,-0.121576
2.686600,2.720618,-0.007274
2.686600,2.789142,0.015436
2.686600,7.476395,0.121906
2.686600,3.699115,-0.084820
2.686600,2.689600,-0.002901
2.686600,2.892051,0.026369
2.686600,10.483632,0.068940
2.686600,3.239753,-0.056450
2.686600,2.686583,-0.000005
2.686600,3.238282,0.056340
2.686600,10.495885,-0.068604
2.686600,2.892645,-0.026429
2.686600,2.689537,0.002889
2.686600,3.696354,0.084680
2.686600,7.488766,-0.121782
2.686600,2.789481,-0.015475
2.686600,2.720284,0.007233
2.686600,4.889271,0.121380
2.686600,4.907249,-0.121662
2.686600,2.720770,-0.007292
2.686600,2.789060,0.015426
2.686600,7.473297,0.121937
2.686600,3.699809,-0.084854
2.686600,2.689625,-0.002903
2.686600,2.892194,0.026383
2.686600,10.486553,0.068860
2.686600,3.239403,-0.056424
2.686600,2.686600,-0.000001
2.686600,3.239176,0.056407
2.686600,10.488444,-0.068808
2.686600,2.892285,-0.026392
2.686600,2.689615,0.002901
2.686600,3.699381,0.084833
2.686600,7.475207,-0.121918
2.686600,2.789112,-0.015432
2.686600,2.720718,0.007286
2.686600,4.905323,0.121632
2.686600,4.891183,-0.121411
2.686600,2.720336,-0.007239
2.686600,2.789444,0.015471
2.686600,7.487375,0.121796
2.686600,3.696663,-0.084696
2.686600,2.689547,-0.002890
2.686600,2.892641,0.026428
2.686600,10.495786,0.068607
2.686600,3.238294,-0.056341
2.686600,2.686587,0.000006
2.686600,3.239857,0.056458
2.686600,10.482766,-0.068964
2.686600,2.892009,-0.026365
2.686600,2.689613,0.002903
2.686600,3.699600,0.084844
2.686600,7.474228,-0.121928
2.686600,2.789084,-0.015429
2.686600,2.720691,0.007283
2.686600,4.904398,0.121618
2.686600,4.892102,-0.121425
2.686600,2.720359,-0.007243
2.686600,2.789372,0.015463
2.686600,7.484801,0.121822
2.686600,3.697237,-0.084725
2.686600,2.689553,-0.002893
2.686600,2.892316,0.026396
2.686600,10.489133,0.068790
2.686600,3.239093,-0.056401
2.686600,2.686575,-0.000001
2.686600,3.238687,0.056371
2.686600,10.492511,-0.068697
2.686600,2.892480,-0.026412
2.686600,2.689536,0.002890
2.686600,3.696477,0.084687
2.686600,7.488211,-0.121788
2.686600,2.789465,-0.015474
2.686600,2.720267,0.007231
2.686600,4.888684,0.121371
2.686600,4.907841,-0.121672
2.686600,2.720785,-0.007294
2.686600,2.789016,0.015421
2.686600,7.471734,0.121953
2.686600,3.700158,-0.084872
2.686600,2.689629,-0.002905
2.686600,2.892001,0.026364
2.686600,10.482582,0.068969
2.686600,3.239880,-0.056459
2.686600,2.686593,-0.000005
2.686600,3.238480,0.056355
2.686600,10.494245,-0.068649
2.686600,2.892566,-0.026421
2.686600,2.689570,0.002893
2.686600,3.697525,0.084739
2.686600,7.483512,-0.121835
2.686600,2.789339,-0.015458
2.686600,2.720466,0.007255
2.686600,4.895985,0.121486
2.686600,4.900501,-0.121557
2.686600,2.720588,-0.007270
2.686600,2.789233,0.015446
2.686600,7.479625,0.121874
2.686600,3.698393,-0.084783
2.686600,2.689592,-0.002897
2.686600,2.892453,0.026409
2.686600,10.491899,0.068714
2.686600,3.238762,-0.056376
2.686600,2.686597,0.000004
2.686600,3.239735,0.056449
2.686600,10.483793,-0.068936
2.686600,2.892060,-0.026370
2.686600,2.689633,0.002905
2.686600,3.700225,0.084875
2.686600,7.471438,-0.121956
2.686600,2.789009,-0.015420
2.686600,2.720810,0.007297
2.686600,4.908751,0.121686
2.686600,4.887782,-0.121357
2.686600,2.720243,-0.007228
2.686600,2.789500,0.015477
2.686600,7.489477,0.121775
2.686600,3.696195,-0.084672
2.686600,2.689531,-0.002889
2.686600,2.892585,0.026423
2.686600,10.494669,0.068638
2.686600,3.238428,-0.056351
2.686600,2.686578,0.000004
2.686600,3.239433,0.056426
2.686600,10.486295,-0.068867
2.686600,2.892179,-0.026382
2.686600,2.689573,0.002897
2.686600,3.698080,0.084767
2.686600,7.481023,-0.121860
2.686600,2.789268,-0.015451
2.686600,2.720471,0.007256
2.686600,4.896262,0.121491
2.686600,4.900222,-0.121553
2.686600,2.720578,-0.007269
2.686600,2.789176,0.015440
2.686600,7.477618,0.121894
2.686600,3.698841,-0.084806
2.686600,2.689593,-0.002900
2.686600,2.892080,0.026372
2.686600,10.484245,0.068923
2.686600,3.239680,-0.056445
2.686600,2.686581,-0.000005
2.686600,3.238302,0.056342
2.686600,10.495723,-0.068609
2.686600,2.892637,-0.026428
2.686600,2.689534,0.002889
2.686600,3.696255,0.084675
2.686600,7.489206,-0.121778
2.686600,2.789493,-0.015477
2.686600,2.720266,0.007231
2.686600,4.888588,0.121370
2.686600,4.907938,-0.121673
2.686600,2.720788,-0.007294
2.686600,2.789040,0.015423
2.686600,7.472557,0.121944
2.686600,3.699974,-0.084863
2.686600,2.689629,-0.002903
2.686600,2.892152,0.026379
2.686600,10.485681,0.068884
2.686600,3.239508,-0.056432
2.686600,2.686599,-0.000002
2.686600,3.239059,0.056398
2.686600,10.489423,-0.068782
2.686600,2.892333,-0.026397
2.686600,2.689610,0.002900
2.686600,3.699128,0.084820
2.686600,7.476337,-0.121907
2.686600,2.789143,-0.015435
2.686600,2.720686,0.007282
2.686600,4.904128,0.121614
2.686600,4.892372,-0.121429
2.686600,2.720368,-0.007243
2.686600,2.789419,0.015468
2.686600,7.486454,0.121805
2.686600,3.696869,-0.084706
2.686600,2.689552,-0.002891
2.686600,2.892628,0.026427
2.686600,10.495527,0.068614
2.686600,3.238326,-0.056344
2.686600,2.686588,0.000006
2.686600,3.239886,0.056460
2.686600,10.482531,-0.068970
2.686600,2.891998,-0.026364
2.686600,2.689619,0.002903
2.686600,3.699801,0.084854
2.686600,7.473331,-0.121937
2.686600,2.789059,-0.015426
2.686600,2.720723,0.007287
2.686600,4.905568,0.121636
2.686600,4.890939,-0.121407
2.686600,2.720328,-0.007239
2.686600,2.789402,0.015466
2.686600,7.485911,0.121811
2.686600,3.696989,-0.084712
2.686600,2.689547,-0.002892
2.686600,2.892364,0.026401
2.686600,10.490109,0.068763
2.686600,3.238975,-0.056392
2.686600,2.686575,-0.000001
2.686600,3.238793,0.056379
2.686600,10.491629,-0.068721
2.686600,2.892437,-0.026408
2.686600,2.689539,0.002891
2.686600,3.696647,0.084695
2.686600,7.487446,-0.121795
2.686600,2.789444,-0.015471
2.686600,2.720286,0.007234
2.686600,4.889400,0.121383
2.686600,4.907118,-0.121660
2.686600,2.720765,-0.007292
2.686600,2.789029,0.015422
2.686600,7.472208,0.121948
2.686600,3.700052,-0.084867
2.686600,2.689626,-0.002904
2.686600,2.891994,0.026363
2.686600,10.482449,0.068972
2.686600,3.239896,-0.056461
2.686600,2.686591,-0.000005
2.686600,3.238409,0.056350
2.686600,10.494833,-0.068633
2.686600,2.892595,-0.026423
2.686600,2.689563,0.002892
2.686600,3.697257,0.084726
2.686600,7.484715,-0.121823
2.686600,2.789371,-0.015462
2.686600,2.720427,0.007250
2.686600,4.894533,0.121464
2.686600,4.901957,-0.121580
2.686600,2.720627,-0.007275
2.686600,2.789197,0.015442
2.686600,7.478326,0.121887
2.686600,3.698683,-0.084798
2.686600,2.689599,-0.002898
2.686600,2.892408,0.026405
2.686600,10.490978,0.068739
2.686600,3.238872,-0.056384
2.686600,2.686598,0.000003
2.686600,3.239657,0.056443
2.686600,10.484438,-0.068918
2.686600,2.892091,-0.026373
2.686600,2.689632,0.002904
2.686600,3.700162,0.084872
2.686600,7.471720,-0.121953
2.686600,2.789016,-0.015421
2.686600,2.720806,0.007296
2.686600,4.908615,0.121683
2.686600,4.887917,-0.121359
2.686600,2.720247,-0.007229
2.686600,2.789502,0.015478
2.686600,7.489527,0.121774
2.686600,3.696184,-0.084672
2.686600,2.689531,-0.002888
2.686600,2.892610,0.026425
2.686600,10.495175,0.068624
2.686600,3.238367,-0.056347
2.686600,2.686579,0.000004
2.686600,3.239535,0.056434
2.686600,10.485444,-0.068891
2.686600,2.892138,-0.026378
2.686600,2.689581,0.002898
2.686600,3.698375,0.084782
2.686600,7.479702,-0.121873
2.686600,2.789232,-0.015446
2.686600,2.720512,0.007261
2.686600,4.897776,0.121515
2.686600,4.898707,-0.121529
2.686600,2.720537,-0.007264
2.686600,2.789211,0.015444
2.686600,7.478901,0.121881
2.686600,3.698554,-0.084791
2.686600,2.689585,-0.002899
2.686600,2.892115,0.026376
2.686600,10.484961,0.068904
2.686600,3.239593,-0.056438
2.686600,2.686580,-0.000005
2.686600,3.238338,0.056345
2.686600,10.495423,-0.068617
2.686600,2.892622,-0.026426
2.686600,2.689532,0.002888
2.686600,3.696198,0.084672
2.686600,7.489463,-0.121775
2.686600,2.789500,-0.015477
2.686600,2.720252,0.007229
2.686600,4.888107,0.121362
2.686600,4.908423,-0.121681
2.686600,2.720801,-0.007296
2.686600,2.789024,0.015422
2.686600,7.471983,0.121950
2.686600,3.700103,-0.084869
2.686600,2.689631,-0.002904
2.686600,2.892113,0.026375
2.686600,10.484882,0.068906
2.686600,3.239604,-0.056439
2.686600,2.686599,-0.000002
2.686600,3.238942,0.056389
2.686600,10.490395,-0.068755
2.686600,2.892380,-0.026402
2.686600,2.689603,0.002899
2.686600,3.698856,0.084806
2.686600,7.477552,-0.121895
2.686600,2.789176,-0.015439
2.686600,2.720650,0.007277
2.686600,4.902810,0.121593
2.686600,4.893683,-0.121450
2.686600,2.720404,-0.007248
2.686600,2.789390,0.015464
2.686600,7.485407,0.121816
2.686600,3.697102,-0.084718
2.686600,2.689559,-0.002892
2.686600,2.892609,0.026425
2.686600,10.495135,0.068625
2.686600,3.238373,-0.056347
2.686600,2.686590,0.000006
2.686600,3.239897,0.056461
2.686600,10.482437,-0.068973
2.686600,2.891994,-0.026363
2.686600,2.689623,0.002904
2.686600,3.699968,0.084862
2.686600,7.472584,-0.121944
2.686600,2.789039,-0.015424
2.686600,2.720750,0.007290
2.686600,4.906584,0.121652
2.686600,4.889931,-0.121391
2.686600,2.720301,-0.007235
2.686600,2.789429,0.015469
2.686600,7.486905,0.121801
2.686600,3.696768,-0.084701
2.686600,2.689542,-0.002891
2.686600,2.892410,0.026405
2.686600,10.491064,0.068737
2.686600,3.238861,-0.056384
2.686600,2.686575,0.000000
2.686600,3.238905,0.056387
2.686600,10.490696,-0.068747
2.686600,2.892392,-0.026403
2.686600,2.689544,0.002892
2.686600,3.696851,0.084705
2.686600,7.486533,-0.121805
2.686600,2.789419,-0.015468
2.686600,2.720311,0.007237
2.686600,4.890304,0.121397
2.686600,4.906208,-0.121646
2.686600,2.720740,-0.007289
2.686600,2.789046,0.015425
2.686600,7.472856,0.121941
2.686600,3.699907,-0.084859
2.686600,2.689622,-0.002904
2.686600,2.891995,0.026363
2.686600,10.482457,0.068972
2.686600,3.239895,-0.056461
2.686600,2.686589,-0.000006
2.686600,3.238353,0.056346
2.686600,10.495303,-0.068620
2.686600,2.892617,-0.026426
2.686600,2.689556,0.002891
2.686600,3.697008,0.084713
2.686600,7.485828,-0.121812
2.686600,2.789402,-0.015466
2.686600,2.720390,0.007246
2.686600,4.893160,0.121442
2.686600,4.903336,-0.121601
2.686600,2.720664,-0.007279
2.686600,2.789163,0.015438
2.686600,7.477070,0.121899
2.686600,3.698964,-0.084812
2.686600,2.689606,-0.002899
2.686600,2.892362,0.026400
2.686600,10.490019,0.068765
2.686600,3.238987,-0.056393
2.686600,2.686599,0.000002
2.686600,3.239568,0.056436
2.686600,10.485183,-0.068898
2.686600,2.892127,-0.026376
2.686600,2.689630,0.002904
2.686600,3.700058,0.084867
2.686600,7.472186,-0.121948
2.686600,2.789029,-0.015422
2.686600,2.720797,0.007295
2.686600,4.908259,0.121678
2.686600,4.888270,-0.121365
2.686600,2.720257,-0.007230
2.686600,2.789498,0.015477
2.686600,7.489385,0.121776
2.686600,3.696215,-0.084673
2.686600,2.689533,-0.002888
2.686600,2.892629,0.026427
2.686600,10.495556,0.068613
2.686600,3.238322,-0.056343
2.686600,2.686580,0.000005
2.686600,3.239628,0.056441
2.686600,10.484671,-0.068912
2.686600,2.892101,-0.026374
2.686600,2.689588,0.002899
2.686600,3.698667,0.084797
2.686600,7.478396,-0.121886
2.686600,2.789197,-0.015442
2.686600,2.720553,0.007266
2.686600,4.899300,0.121538
2.686600,4.897184,-0.121505
2.686600,2.720496,-0.007259
2.686600,2.789247,0.015448
2.686600,7.480216,0.121868
2.686600,3.698260,-0.084777
2.686600,2.689578,-0.002897
2.686600,2.892154,0.026379
2.686600,10.485767,0.068882
2.686600,3.239497,-0.056431
2.686600,2.686578,-0.000004
2.686600,3.238389,0.056348
2.686600,10.494993,-0.068629
2.686600,2.892601,-0.026424
2.686600,2.689531,0.002888
2.686600,3.696183,0.084672
2.686600,7.489530,-0.121774
2.686600,2.789502,-0.015478
2.686600,2.720245,0.007228
2.686600,4.887839,0.121358
2.686600,4.908694,-0.121685
2.686600,2.720808,-0.007297
2.686600,2.789013,0.015420
2.686600,7.471588,0.121954
2.686600,3.700192,-0.084874
2.686600,2.689633,-0.002904
2.686600,2.892079,0.026372
2.686600,10.484174,0.068925
2.686600,3.239689,-0.056445
2.686600,2.686598,-0.000003
2.686600,3.238828,0.056381
2.686600,10.491342,-0.068729
2.686600,2.892426,-0.026406
2.686600,2.689596,0.002897
2.686600,3.698571,0.084792
2.686600,7.478828,-0.121882
2.686600,2.789211,-0.015443
2.686600,2.720612,0.007273
2.686600,4.901398,0.121571
2.686600,4.895090,-0.121472
2.686600,2.720442,-0.007252
2.686600,2.789359,0.015461
2.686600,7.484256,0.121827
2.686600,3.697359,-0.084731
2.686600,2.689565,-0.002893
2.686600,2.892584,0.026422
2.686600,10.494618,0.068639
2.686600,3.238435,-0.056352
2.686600,2.686592,0.000005
2.686600,3.239891,0.056460
2.686600,10.482484,-0.068971
2.686600,2.891996,-0.026363
2.686600,2.689627,0.002904
2.686600,3.700098,0.084869
2.686600,7.472002,-0.121950
2.686600,2.789023,-0.015422
2.686600,2.720773,0.007293
2.686600,4.907423,0.121665
2.686600,4.889098,-0.121378
2.686600,2.720279,-0.007233
2.686600,2.789453,0.015472
2.686600,7.487762,0.121792
2.686600,3.696577,-0.084692
2.686600,2.689538,-0.002890
2.686600,2.892454,0.026410
2.686600,10.491980,0.068711
2.686600,3.238751,-0.056375
2.686600,2.686575,0.000001
2.686600,3.239021,0.056396
2.686600,10.489730,-0.068773
2.686600,2.892345,-0.026399
2.686600,2.689549,0.002893
2.686600,3.697083,0.084717
2.686600,7.485492,-0.121815
2.686600,2.789391,-0.015465
2.686600,2.720339,0.007240
2.686600,4.891375,0.121414
2.686600,4.905130,-0.121629
2.686600,2.720711,-0.007285
2.686600,2.789068,0.015427
2.686600,7.473663,0.121933
2.686600,3.699726,-0.084850
2.686600,2.689616,-0.002903
2.686600,2.892002,0.026364
2.686600,10.482606,0.068968
2.686600,3.239876,-0.056459
2.686600,2.686588,-0.000006
2.686600,3.238312,0.056343
2.686600,10.495644,-0.068611
2.686600,2.892634,-0.026427
2.686600,2.689550,0.002890
2.686600,3.696785,0.084702
2.686600,7.486828,-0.121802
2.686600,2.789429,-0.015469
2.686600,2.720355,0.007242
2.686600,4.891893,0.121422
2.686600,4.904609,-0.121621
2.686600,2.720699,-0.007283
2.686600,2.789131,0.015434
2.686600,7.475885,0.121911
2.686600,3.699229,-0.084825
2.686600,2.689612,-0.002900
2.686600,2.892314,0.026395
2.686600,10.489041,0.068792
2.686600,3.239105,-0.056402
2.686600,2.686600,0.000001
2.686600,3.239468,0.056429
2.686600,10.486012,-0.068875
2.686600,2.892168,-0.026380
2.686600,2.689628,0.002903
2.686600,3.699914,0.084860
2.686600,7.472826,-0.121942
2.686600,2.789047,-0.015424
2.686600,2.720782,0.007293
2.686600,4.907693,0.121669
2.686600,4.888831,-0.121373
2.686600,2.720272,-0.007232
2.686600,2.789489,0.015476
2.686600,7.489056,0.121779
2.686600,3.696289,-0.084677
2.686600,2.689536,-0.002889
2.686600,2.892641,0.026428
2.686600,10.495802,0.068607
2.686600,3.238292,-0.056341
2.686600,2.686582,0.000005
2.686600,3.239710,0.056447
2.686600,10.483993,-0.068930
2.686600,2.892068,-0.026371
2.686600,2.689596,0.002900
2.686600,3.698949,0.084811
2.686600,7.477133,-0.121899
2.686600,2.789162,-0.015438
2.686600,2.720594,0.007271
2.686600,4.900803,0.121562
2.686600,4.895683,-0.121482
2.686600,2.720456,-0.007254
2.686600,2.789282,0.015452
2.686600,7.481535,0.121855
2.686600,3.697966,-0.084762
2.686600,2.689571,-0.002896
2.686600,2.892196,0.026384
2.686600,10.486643,0.068858
2.686600,3.239392,-0.056423
2.686600,2.686577,-0.000003
2.686600,3.238456,0.056353
2.686600,10.494440,-0.068644
2.686600,2.892574,-0.026422
2.686600,2.689531,0.002889
2.686600,3.696211,0.084673
2.686600,7.489406,-0.121776
2.686600,2.789498,-0.015477
2.686600,2.720243,0.007228
2.686600,4.887789,0.121357
2.686600,4.908745,-0.121685
2.686600,2.720809,-0.007297
2.686600,2.789007,0.015420
2.686600,7.471379,0.121956
2.686600,3.700238,-0.084876
2.686600,2.689633,-0.002905
2.686600,2.892049,0.026369
2.686600,10.483572,0.068942
2.686600,3.239761,-0.056451
2.686600,2.686597,-0.000004
2.686600,3.238720,0.056373
2.686600,10.492243,-0.068704
2.686600,2.892469,-0.026411
2.686600,2.689589,0.002896
2.686600,3.698279,0.084777
2.686600,7.480136,-0.121869
2.686600,2.789247,-0.015448
2.686600,2.720572,0.007268
2.686600,4.899921,0.121548
2.686600,4.896564,-0.121496
2.686600,2.720482,-0.007257
2.686600,2.789325,0.015457
2.686600,7.483025,0.121840
2.686600,3.697634,-0.084745
2.686600,2.689572,-0.002894
2.686600,2.892554,0.026419
2.686600,10.493986,0.068656
2.686600,3.238511,-0.056357
2.686600,2.686594,0.000005
2.686600,3.239869,0.056459
2.686600,10.482672,-0.068966
2.686600,2.892005,-0.026364
2.686600,2.689630,0.002905
2.686600,3.700189,0.084874
2.686600,7.471599,-0.121954
2.686600,2.789013,-0.015420
2.686600,2.720791,0.007295
2.686600,4.908068,0.121675
2.686600,4.888459,-0.121368
2.686600,2.720261,-0.007231
2.686600,2.789472,0.015474
2.686600,7.488465,0.121785
2.686600,3.696420,-0.084684
2.686600,2.689535,-0.002890
2.686600,2.892496,0.026414
2.686600,10.492836,0.068688
2.686600,3.238648,-0.056368
2.686600,2.686575,0.000002
2.686600,3.239138,0.056404
2.686600,10.488753,-0.068800
2.686600,2.892298,-0.026394
2.686600,2.689555,0.002894
2.686600,3.697339,0.084730
2.686600,7.484343,-0.121827
2.686600,2.789359,-0.015461
2.686600,2.720372,0.007244
2.686600,4.892592,0.121433
2.686600,4.903906,-0.121610
2.686600,2.720678,-0.007281
2.686600,2.789094,0.015430
2.686600,7.474614,0.121924
2.686600,3.699513,-0.084840
2.686600,2.689611,-0.002902
2.686600,2.892015,0.026365
2.686600,10.482894,0.068960
2.686600,3.239842,-0.056457
2.686600,2.686586,-0.000006
2.686600,3.238287,0.056341
2.686600,10.495849,-0.068605
2.686600,2.892643,-0.026428
2.686600,2.689544,0.002890
2.686600,3.696592,0.084692
2.686600,7.487695,-0.121793
2.686600,2.789452,-0.015472
2.686600,2.720325,0.007238
2.686600,4.890759,0.121404
2.686600,4.905750,-0.121639
2.686600,2.720729,-0.007287
2.686600,2.789101,0.015431
2.686600,7.474795,0.121922
2.686600,3.699473,-0.084838
2.686600,2.689617,-0.002901
2.686600,2.892267,0.026390
2.686600,10.488066,0.068819
2.686600,3.239222,-0.056410
2.686600,2.686600,0.000001
2.686600,3.239361,0.056421
2.686600,10.486909,-0.068850
2.686600,2.892211,-0.026385
2.686600,2.689624,0.002902
2.686600,3.699735,0.084851
2.686600,7.473626,-0.121934
2.686600,2.789069,-0.015427
2.686600,2.720761,0.007291
2.686600,4.906929,0.121657
2.686600,4.889589,-0.121385
2.686600,2.720293,-0.007234
2.686600,2.789475,0.015474
2.686600,7.488547,0.121784
2.686600,3.696402,-0.084683
2.686600,2.689539,-0.002889
2.686600,2.892646,0.026429
2.686600,10.495910,0.068604
2.686600,3.238279,-0.056340
2.686600,2.686584,0.000005
2.686600,3.239778,0.056452
2.686600,10.483424,-0.068946
2.686600,2.892041,-0.026368
2.686600,2.689603,0.002901
2.686600,3.699216,0.084825
2.686600,7.475940,-0.121911
2.686600,2.789130,-0.015434
2.686600,2.720633,0.007276
2.686600,4.902252,0.121585
2.686600,4.894238,-0.121459
2.686600,2.720417,-0.007250
2.686600,2.789318,0.015456
2.686600,7.482831,0.121842
2.686600,3.697676,-0.084747
2.686600,2.689564,-0.002895
2.686600,2.892241,0.026388
2.686600,10.487573,0.068832
2.686600,3.239280,-0.056415
2.686600,2.686576,-0.000003
2.686600,3.238535,0.056359
2.686600,10.493777,-0.068662
2.686600,2.892542,-0.026418
2.686600,2.689532,0.002889
2.686600,3.696280,0.084677
2.686600,7.489094,-0.121779
2.686600,2.789490,-0.015476
2.686600,2.720248,0.007229
2.686600,4.887958,0.121360
2.686600,4.908573,-0.121683
2.686600,2.720804,-0.007296
2.686600,2.789006,0.015420
2.686600,7.471361,0.121956
2.686600,3.700242,-0.084876
2.686600,2.689632,-0.002905
2.686600,2.892026,0.026366
2.686600,10.483088,0.068955
2.686600,3.239819,-0.056455
2.686600,2.686595,-0.000004
2.686600,3.238620,0.056365
2.686600,10.493079,-0.068681
2.686600,2.892510,-0.026415
2.686600,2.689581,0.002895
2.686600,3.697985,0.084763
2.686600,7.481451,-0.121855
2.686600,2.789283,-0.015452
2.686600,2.720532,0.007263
2.686600,4.898410,0.121524
2.686600,4.898074,-0.121519
2.686600,2.720522,-0.007262
2.686600,2.789291,0.015453
2.686600,7.481740,0.121853
2.686600,3.697921,-0.084759
2.686600,2.689580,-0.002895
2.686600,2.892518,0.026416
2.686600,10.493253,0.068676
2.686600,3.238599,-0.056364
2.686600,2.686595,0.000004
2.686600,3.239830,0.056456
2.686600,10.482998,-0.068957
2.686600,2.892021,-0.026366
2.686600,2.689632,0.002905
2.686600,3.700237,0.084876
2.686600,7.471383,-0.121956
2.686600,2.789007,-0.015420
2.686600,2.720803,0.007296
2.686600,4.908505,0.121682
2.686600,4.888026,-0.121361
2.686600,2.720250,-0.007229
2.686600,2.789487,0.015476
2.686600,7.488999,0.121780
2.686600,3.696301,-0.084678
2.686600,2.689532,-0.002889
2.686600,2.892534,0.026418
2.686600,10.493616,0.068667
2.686600,3.238554,-0.056361
2.686600,2.686576,0.000003
2.686600,3.239254,0.056413
2.686600,10.487785,-0.068826
2.686600,2.892251,-0.026389
2.686600,2.689562,0.002895
2.686600,3.697613,0.084744
2.686600,7.483113,-0.121839
2.686600,2.789325,-0.015457
2.686600,2.720408,0.007249
2.686600,4.893928,0.121454
2.686600,4.902563,-0.121589
2.686600,2.720641,-0.007277
2.686600,2.789123,0.015434
2.686600,7.475688,0.121913
2.686600,3.699273,-0.084827
2.686600,2.689604,-0.002901
2.686600,2.892035,0.026367
2.686600,10.483314,0.068949
2.686600,3.239791,-0.056453
2.686600,2.686584,-0.000005
2.686600,3.238279,0.056340
2.686600,10.495914,-0.068603
2.686600,2.892646,-0.026429
2.686600,2.689540,0.002889
2.686600,3.696433,0.084684
2.686600,7.488410,-0.121786
2.686600,2.789472,-0.015474
2.686600,2.720298,0.007235
2.686600,4.889782,0.121389
2.686600,4.906734,-0.121654
2.686600,2.720756,-0.007290
2.686600,2.789074,0.015427
2.686600,7.473823,0.121932
2.686600,3.699691,-0.084848
2.686600,2.689622,-0.002902
2.686600,2.892221,0.026386
2.686600,10.487114,0.068845
2.686600,3.239336,-0.056419
2.686600,2.686600,-0.000000
2.686600,3.239247,0.056412
2.686600,10.487853,-0.068825
2.686600,2.892257,-0.026389
2.686600,2.689619,0.002901
2.686600,3.699524,0.084840
2.686600,7.474569,-0.121924
2.686600,2.789095,-0.015430
2.686600,2.720736,0.007288
2.686600,4.905982,0.121643
2.686600,4.890529,-0.121400
2.686600,2.720318,-0.007237
2.686600,2.789457,0.015472
2.686600,7.487867,0.121791
2.686600,3.696554,-0.084690
2.686600,2.689543,-0.002890
2.686600,2.892645,0.026429
2.686600,10.495876,0.068604
2.686600,3.238284,-0.056340
2.686600,2.686586,0.000006
2.686600,3.239832,0.056456
2.686600,10.482976,-0.068958
2.686600,2.892019,-0.026366
2.686600,2.689609,0.002902
2.686600,3.699462,0.084837
2.686600,7.474842,-0.121922
2.686600,2.789100,-0.015431
2.686600,2.720670,0.007280
2.686600,4.903618,0.121606
2.686600,4.892878,-0.121438
2.686600,2.720380,-0.007245
2.686600,2.789352,0.015460
2.686600,7.484077,0.121829
2.686600,3.697398,-0.084733
2.686600,2.689557,-0.002894
2.686600,2.892287,0.026393
2.686600,10.488537,0.068806
2.686600,3.239164,-0.056406
2.686600,2.686575,-0.000002
2.686600,3.238626,0.056366
2.686600,10.493016,-0.068683
2.686600,2.892505,-0.026415
2.686600,2.689534,0.002890
2.686600,3.696390,0.084682
2.686600,7.488599,-0.121784
2.686600,2.789476,-0.015475
2.686600,2.720258,0.007230
2.686600,4.888345,0.121366
2.686600,4.908183,-0.121677
2.686600,2.720794,-0.007295
2.686600,2.789011,0.015420
2.686600,7.471535,0.121955
2.686600,3.700203,-0.084874
2.686600,2.689631,-0.002905
2.686600,2.892008,0.026365
2.686600,10.482733,0.068965
2.686600,3.239862,-0.056458
2.686600,2.686594,-0.000005
2.686600,3.238529,0.056359
2.686600,10.493832,-0.068661
2.686600,2.892546,-0.026419
2.686600,2.689574,0.002894
2.686600,3.697696,0.084748
2.686600,7.482744,-0.121843
2.686600,2.789318,-0.015456
2.686600,2.720491,0.007258
2.686600,4.896897,0.121501
2.686600,4.899588,-0.121543
2.686600,2.720563,-0.007267
2.686600,2.789255,0.015448
2.686600,7.480428,0.121866
2.686600,3.698214,-0.084774
2.686600,2.689587,-0.002896
2.686600,2.892479,0.026412
2.686600,10.492434,0.068699
2.686600,3.238697,-0.056371
2.686600,2.686596,0.000004
2.686600,3.239775,0.056452
2.686600,10.483454,-0.068945
2.686600,2.892043,-0.026368
2.686600,2.689633,0.002905
2.686600,3.700243,0.084876
2.686600,7.471358,-0.121956
2.686600,2.789006,-0.015420
2.686600,2.720809,0.007297
2.686600,4.908726,0.121685
2.686600,4.887807,-0.121357
2.686600,2.720244,-0.007228
2.686600,2.789497,0.015477
2.686600,7.489353,0.121776
2.686600,3.696222,-0.084674
2.686600,2.689531,-0.002889
2.686600,2.892568,0.026421
2.686600,10.494302,0.068648
2.686600,3.238472,-0.056355
2.686600,2.686577,0.000003
2.686600,3.239367,0.056421
2.686600,10.486845,-0.068852
2.686600,2.892206,-0.026385
2.686600,2.689569,0.002896
2.686600,3.697901,0.084758
2.686600,7.481825,-0.121852
2.686600,2.789290,-0.015453
2.686600,2.720447,0.007253
2.686600,4.895357,0.121477
2.686600,4.901130,-0.121567
2.686600,2.720603,-0.007272
2.686600,2.789155,0.015437
2.686600,7.476862,0.121901
2.686600,3.699010,-0.084814
2.686600,2.689597,-0.002900
2.686600,2.892062,0.026370
2.686600,10.483857,0.068934
2.686600,3.239726,-0.056448
2.686600,2.686582,-0.000005
2.686600,3.238288,0.056341
2.686600,10.495838,-0.068606
2.686600,2.892643,-0.026428
2.686600,2.689536,0.002889
2.686600,3.696311,0.084678
2.686600,7.488959,-0.121780
2.686600,2.789487,-0.015476
2.686600,2.720276,0.007232
2.686600,4.888982,0.121376
2.686600,4.907540,-0.121667
2.686600,2.720777,-0.007293
2.686600,2.789052,0.015425
2.686600,7.472990,0.121940
2.686600,3.699877,-0.084858
2.686600,2.689627,-0.002903
2.686600,2.892177,0.026381
2.686600,10.486206,0.068870
2.686600,3.239445,-0.056427
2.686600,2.686600,-0.000001
2.686600,3.239131,0.056404
2.686600,10.488824,-0.068798
2.686600,2.892304,-0.026394
2.686600,2.689613,0.002900
2.686600,3.699285,0.084828
2.686600,7.475635,-0.121914
2.686600,2.789124,-0.015433
2.686600,2.720706,0.007284
2.686600,4.904874,0.121625
2.686600,4.891629,-0.121418
2.686600,2.720348,-0.007241
2.686600,2.789434,0.015470
2.686600,7.487033,0.121799
2.686600,3.696740,-0.084700
2.686600,2.689549,-0.002890
2.686600,2.892636,0.026428
2.686600,10.495701,0.068609
2.686600,3.238305,-0.056342
2.686600,2.686587,0.000006
2.686600,3.239870,0.056459
2.686600,10.482658,-0.068967
2.686600,2.892004,-0.026364
2.686600,2.689615,0.002903
2.686600,3.699682,0.084848
2.686600,7.473862,-0.121931
2.686600,2.789074,-0.015428
2.686600,2.720704,0.007284
2.686600,4.904870,0.121625
2.686600,4.891633,-0.121418
2.686600,2.720347,-0.007241
2.686600,2.789384,0.015464
2.686600,7.485246,0.121817
2.686600,3.697138,-0.084720
2.686600,2.689551,-0.002893
2.686600,2.892335,0.026398
2.686600,10.489514,0.068779
2.686600,3.239047,-0.056397
2.686600,2.686575,-0.000001
2.686600,3.238727,0.056374
2.686600,10.492175,-0.068706
2.686600,2.892464,-0.026411
2.686600,2.689537,0.002890
2.686600,3.696539,0.084690
2.686600,7.487932,-0.121790
2.686600,2.789457,-0.015473
2.686600,2.720274,0.007232
2.686600,4.888939,0.121375
2.686600,4.907583,-0.121668
2.686600,2.720777,-0.007293
2.686600,2.789021,0.015421
2.686600,7.471897,0.121951
2.686600,3.700122,-0.084870
2.686600,2.689628,-0.002904
2.686600,2.891998,0.026364
2.686600,10.482513,0.068971
2.686600,3.239888,-0.056460
2.686600,2.686592,-0.000005
2.686600,3.238451,0.056353
2.686600,10.494487,-0.068643
2.686600,2.892578,-0.026422
2.686600,2.689567,0.002893
2.686600,3.697418,0.084734
2.686600,7.483989,-0.121830
2.686600,2.789352,-0.015460
2.686600,2.720450,0.007253
2.686600,4.895412,0.121477
2.686600,4.901075,-0.121566
2.686600,2.720603,-0.007272
2.686600,2.789219,0.015444
2.686600,7.479116,0.121879
2.686600,3.698507,-0.084789
2.686600,2.689594,-0.002897
2.686600,2.892436,0.026407
2.686600,10.491546,0.068723
2.686600,3.238804,-0.056379
2.686600,2.686598,0.000003
2.686600,3.239706,0.056446
2.686600,10.484031,-0.068929
2.686600,2.892071,-0.026371
2.686600,2.689633,0.002904
2.686600,3.700206,0.084874
2.686600,7.471525,-0.121955
2.686600,2.789011,-0.015420
2.686600,2.720809,0.007297
2.686600,4.908725,0.121685
2.686600,4.887809,-0.121357
2.686600,2.720244,-0.007228
2.686600,2.789501,0.015478
2.686600,7.489519,0.121774
2.686600,3.696186,-0.084672
2.686600,2.689531,-0.002888
2.686600,2.892596,0.026424
2.686600,10.494881,0.068632
2.686600,3.238403,-0.056349
2.686600,2.686578,0.000004
2.686600,3.239474,0.056429
2.686600,10.485955,-0.068877
2.686600,2.892163,-0.026380
2.686600,2.689576,0.002897
2.686600,3.698195,0.084773
2.686600,7.480509,-0.121865
2.686600,2.789254,-0.015449
2.686600,2.720487,0.007258
2.686600,4.896848,0.121500
2.686600,4.899636,-0.121544
2.686600,2.720562,-0.007267
2.686600,2.789189,0.015441
2.686600,7.478112,0.121889
2.686600,3.698731,-0.084800
2.686600,2.689590,-0.002899
2.686600,2.892093,0.026373
2.686600,10.484512,0.068916
2.686600,3.239647,-0.056442
2.686600,2.686581,-0.000005
2.686600,3.238314,0.056343
2.686600,10.495622,-0.068611
2.686600,2.892632,-0.026427
2.686600,2.689533,0.002889
2.686600,3.696228,0.084674
2.686600,7.489329,-0.121776
2.686600,2.789497,-0.015477
2.686600,2.720260,0.007230
2.686600,4.888376,0.121366
2.686600,4.908152,-0.121676
2.686600,2.720794,-0.007295
2.686600,2.789033,0.015423
2.686600,7.472313,0.121947
2.686600,3.700029,-0.084866
2.686600,2.689630,-0.002904
2.686600,2.892136,0.026377
2.686600,10.485360,0.068893
2.686600,3.239547,-0.056435
2.686600,2.686599,-0.000002
2.686600,3.239013,0.056395
2.686600,10.489803,-0.068771
2.686600,2.892351,-0.026399
2.686600,2.689607,0.002899
2.686600,3.699024,0.084815
2.686600,7.476801,-0.121902
2.686600,2.789156,-0.015437
2.686600,2.720672,0.007280
2.686600,4.903628,0.121606
2.686600,4.892869,-0.121437
2.686600,2.720382,-0.007245
2.686600,2.789408,0.015466
2.686600,7.486060,0.121809
2.686600,3.696957,-0.084711
2.686600,2.689554,-0.002891
2.686600,2.892621,0.026426
2.686600,10.495390,0.068618
2.686600,3.238342,-0.056345
2.686600,2.686589,0.000006
2.686600,3.239892,0.056460
2.686600,10.482478,-0.068972
2.686600,2.891996,-0.026363
2.686600,2.689621,0.002904
2.686600,3.699870,0.084858
2.686600,7.473021,-0.121940
2.686600,2.789051,-0.015425
2.686600,2.720734,0.007288
2.686600,4.905983,0.121643
2.686600,4.890527,-0.121400
2.686600,2.720317,-0.007237
2.686600,2.789413,0.015467
2.686600,7.486313,0.121807
2.686600,3.696900,-0.084708
2.686600,2.689545,-0.002892
2.686600,2.892382,0.026402
2.686600,10.490484,0.068752
2.686600,3.238930,-0.056389
2.686600,2.686575,-0.000000
2.686600,3.238836,0.056382
2.686600,10.491271,-0.068731
2.686600,2.892420,-0.026406
2.686600,2.689541,0.002891
2.686600,3.696723,0.084699
2.686600,7.487107,-0.121799
2.686600,2.789435,-0.015470
2.686600,2.720295,0.007235
2.686600,4.889730,0.121388
2.686600,4.906786,-0.121655
2.686600,2.720756,-0.007291
2.686600,2.789035,0.015423
2.686600,7.472440,0.121946
2.686600,3.700000,-0.084864
2.686600,2.689624,-0.002904
2.686600,2.891994,0.026363
2.686600,10.482435,0.068973
2.686600,3.239897,-0.056461
2.686600,2.686590,-0.000005
2.686600,3.238385,0.056348
2.686600,10.495031,-0.068628
2.686600,2.892604,-0.026424
2.686600,2.689560,0.002892
2.686600,3.697157,0.084721
2.686600,7.485160,-0.121818
2.686600,2.789384,-0.015464
2.686600,2.720412,0.007249
2.686600,4.893988,0.121455
2.686600,4.902504,-0.121589
2.686600,2.720642,-0.007276
2.686600,2.789184,0.015440
2.686600,7.477830,0.121892
2.686600,3.698794,-0.084803
2.686600,2.689601,-0.002898
2.686600,2.892390,0.026403
2.686600,10.490608,0.068749
2.686600,3.238917,-0.056388
2.686600,2.686598,0.000003
2.686600,3.239624,0.056440
2.686600,10.484717,-0.068910
2.686600,2.892105,-0.026374
2.686600,2.689632,0.002904
2.686600,3.700126,0.084870
2.686600,7.471880,-0.121951
2.686600,2.789021,-0.015421
2.686600,2.720803,0.007296
2.686600,4.908502,0.121682
2.686600,4.888029,-0.121361
2.686600,2.720250,-0.007229
2.686600,2.789501,0.015478
2.686600,7.489494,0.121775
2.686600,3.696191,-0.084672
2.686600,2.689532,-0.002888
2.686600,2.892618,0.026426
2.686600,10.495339,0.068619
2.686600,3.238348,-0.056345
2.686600,2.686580,0.000004
2.686600,3.239573,0.056437
2.686600,10.485133,-0.068899
2.686600,2.892123,-0.026376
2.686600,2.689584,0.002898
2.686600,3.698489,0.084788
2.686600,7.479190,-0.121878
2.686600,2.789218,-0.015445
2.686600,2.720528,0.007263
2.686600,4.898370,0.121524
2.686600,4.898114,-0.121520
2.686600,2.720521,-0.007262
2.686600,2.789224,0.015445
2.686600,7.479410,0.121876
2.686600,3.698440,-0.084786
2.686600,2.689583,-0.002898
2.686600,2.892129,0.026377
2.686600,10.485265,0.068895
2.686600,3.239557,-0.056435
2.686600,2.686579,-0.000004
2.686600,3.238356,0.056346
2.686600,10.495271,-0.068621
2.686600,2.892615,-0.026426
2.686600,2.689531,0.002888
2.686600,3.696187,0.084672
2.686600,7.489512,-0.121775
2.686600,2.789501,-0.015478
2.686600,2.720249,0.007229
2.686600,4.887977,0.121360
2.686600,4.908555,-0.121683
2.686600,2.720804,-0.007296
2.686600,2.789019,0.015421
2.686600,7.471808,0.121952
2.686600,3.700142,-0.084871
2.686600,2.689632,-0.002904
2.686600,2.892099,0.026374
2.686600,10.484595,0.068914
2.686600,3.239638,-0.056441
2.686600,2.686598,-0.000003
2.686600,3.238897,0.056386
2.686600,10.490768,-0.068745
2.686600,2.892398,-0.026404
2.686600,2.689600,0.002898
2.686600,3.698747,0.084801
2.686600,7.478043,-0.121890
2.686600,2.789190,-0.015441
2.686600,2.720636,0.007276
2.686600,4.902270,0.121585
2.686600,4.894221,-0.121459
2.686600,2.720418,-0.007249
2.686600,2.789378,0.015463
2.686600,7.484970,0.121820
2.686600,3.697200,-0.084723
2.686600,2.689561,-0.002892
2.686600,2.892600,0.026424
2.686600,10.494948,0.068630
2.686600,3.238395,-0.056349
2.686600,2.686591,0.000005
2.686600,3.239897,0.056461
2.686600,10.482438,-0.068973
2.686600,2.891994,-0.026363
2.686600,2.689625,0.002904
2.686600,3.700023,0.084865
2.686600,7.472337,-0.121947
2.686600,2.789032,-0.015423
2.686600,2.720760,0.007291
2.686600,4.906933,0.121657
2.686600,4.889585,-0.121385
2.686600,2.720291,-0.007234
2.686600,2.789439,0.015470
2.686600,7.487256,0.121797
2.686600,3.696689,-0.084697
2.686600,2.689541,-0.002891
2.686600,2.892428,0.026407
2.686600,10.491426,0.068727
2.686600,3.238817,-0.056380
2.686600,2.686575,0.000000
2.686600,3.238950,0.056390
2.686600,10.490323,-0.068757
2.686600,2.892374,-0.026402
2.686600,2.689546,0.002892
2.686600,3.696938,0.084710
2.686600,7.486142,-0.121808
2.686600,2.789408,-0.015467
2.686600,2.720321,0.007238
2.686600,4.890702,0.121403
2.686600,4.905808,-0.121640
2.686600,2.720729,-0.007287
2.686600,2.789055,0.015425
2.686600,7.473152,0.121938
2.686600,3.699841,-0.084856
2.686600,2.689620,-0.002903
2.686600,2.891996,0.026363
2.686600,10.482498,0.068971
2.686600,3.239890,-0.056460
2.686600,2.686589,-0.000006
2.686600,3.238335,0.056344
2.686600,10.495452,-0.068616
2.686600,2.892624,-0.026427
2.686600,2.689553,0.002891
2.686600,3.696918,0.084709
2.686600,7.486232,-0.121808
2.686600,2.789413,-0.015467
2.686600,2.720376,0.007244
2.686600,4.892652,0.121434
2.686600,4.903845,-0.121609
2.686600,2.720678,-0.007281
2.686600,2.789150,0.015436
2.686600,7.476599,0.121904
2.686600,3.699070,-0.084817
2.686600,2.689608,-0.002899
2.686600,2.892343,0.026398
2.686600,10.489639,0.068776
2.686600,3.239033,-0.056396
2.686600,2.686599,0.000002
2.686600,3.239530,0.056433
2.686600,10.485497,-0.068889
2.686600,2.892143,-0.026378
2.686600,2.689629,0.002903
2.686600,3.700006,0.084864
2.686600,7.472415,-0.121946
2.686600,2.789036,-0.015423
2.686600,2.720791,0.007295
2.686600,4.908064,0.121675
2.686600,4.888463,-0.121368
2.686600,2.720262,-0.007230
2.686600,2.789495,0.015477
2.686600,7.489279,0.121777
2.686600,3.696239,-0.084675
2.686600,2.689534,-0.002889
2.686600,2.892634,0.026428
2.686600,10.495668,0.068610
2.686600,3.238308,-0.056342
2.686600,2.686581,0.000005
2.686600,3.239661,0.056443
2.686600,10.484395,-0.068919
2.686600,2.892088,-0.026373
2.686600,2.689591,0.002899
2.686600,3.698778,0.084803
2.686600,7.477898,-0.121891
2.686600,2.789183,-0.015441
2.686600,2.720569,0.007268
2.686600,4.899889,0.121548
2.686600,4.896595,-0.121496
2.686600,2.720480,-0.007257
2.686600,2.789260,0.015450
2.686600,7.480730,0.121863
2.686600,3.698145,-0.084771
2.686600,2.689575,-0.002897
2.686600,2.892170,0.026381
2.686600,10.486100,0.068873
2.686600,3.239457,-0.056428
2.686600,2.686578,-0.000004
2.686600,3.238413,0.056350
2.686600,10.494792,-0.068634
2.686600,2.892591,-0.026423
2.686600,2.689531,0.002889
2.686600,3.696189,0.084672
2.686600,7.489505,-0.121775
2.686600,2.789501,-0.015478
2.686600,2.720244,0.007228
2.686600,4.887793,0.121357
2.686600,4.908740,-0.121685
2.686600,2.720809,-0.007297
2.686600,2.789010,0.015420
2.686600,7.471484,0.121955
2.686600,3.700215,-0.084875
2.686600,2.689633,-0.002904
2.686600,2.892066,0.026370
2.686600,10.483926,0.068932
2.686600,3.239719,-0.056447
2.686600,2.686597,-0.000003
2.686600,3.238786,0.056378
2.686600,10.491699,-0.068719
2.686600,2.892443,-0.026408
2.686600,2.689593,0.002897
2.686600,3.698458,0.084786
2.686600,7.479335,-0.121877
2.686600,2.789225,-0.015445
2.686600,2.720597,0.007271
2.686600,4.900829,0.121562
2.686600,4.895658,-0.121481
2.686600,2.720457,-0.007254
2.686600,2.789346,0.015459
2.686600,7.483785,0.121832
2.686600,3.697464,-0.084736
2.686600,2.689568,-0.002893
2.686600,2.892573,0.026421
2.686600,10.494385,0.068645
2.686600,3.238463,-0.056354
2.686600,2.686593,0.000005
2.686600,3.239885,0.056460
2.686600,10.482540,-0.068970
2.686600,2.891999,-0.026364
2.686600,2.689629,0.002904
2.686600,3.700138,0.084871
2.686600,7.471824,-0.121952
2.686600,2.789019,-0.015421
2.686600,2.720781,0.007294
2.686600,4.907698,0.121669
2.686600,4.888825,-0.121373
2.686600,2.720271,-0.007232
2.686600,2.789461,0.015473
2.686600,7.488055,0.121789
2.686600,3.696511,-0.084688
2.686600,2.689537,-0.002890
2.686600,2.892471,0.026411
2.686600,10.492321,0.068702
2.686600,3.238710,-0.056372
2.686600,2.686575,0.000001
2.686600,3.239066,0.056399
2.686600,10.489350,-0.068784
2.686600,2.892327,-0.026397
2.686600,2.689552,0.002893
2.686600,3.697180,0.084722
2.686600,7.485056,-0.121819
2.686600,2.789379,-0.015463
2.686600,2.720352,0.007242
2.686600,4.891832,0.121421
2.686600,4.904670,-0.121622
2.686600,2.720699,-0.007284
2.686600,2.789078,0.015428
2.686600,7.474017,0.121930
2.686600,3.699647,-0.084846
2.686600,2.689614,-0.002903
2.686600,2.892006,0.026364
2.686600,10.482702,0.068965
2.686600,3.239865,-0.056458
2.686600,2.686587,-0.000006
2.686600,3.238300,0.056342
2.686600,10.495740,-0.068608
2.686600,2.892638,-0.026428
2.686600,2.689548,0.002890
2.686600,3.696706,0.084698
2.686600,7.487183,-0.121798
2.686600,2.789439,-0.015470
2.686600,2.720343,0.007240
2.686600,4.891434,0.121415
2.686600,4.905070,-0.121628
2.686600,2.720711,-0.007285
2.686600,2.789119,0.015433
2.686600,7.475448,0.121916
2.686600,3.699327,-0.084830
2.686600,2.689614,-0.002901
2.686600,2.892296,0.026393
2.686600,10.488660,0.068802
2.686600,3.239151,-0.056405
2.686600,2.686600,0.000001
2.686600,3.239427,0.056426
2.686600,10.486354,-0.068866
2.686600,2.892184,-0.026382
2.686600,2.689626,0.002903
2.686600,3.699849,0.084856
2.686600,7.473119,-0.121939
2.686600,2.789055,-0.015425
2.686600,2.720774,0.007293
2.686600,4.907419,0.121665
2.686600,4.889103,-0.121378
2.686600,2.720279,-0.007233
2.686600,2.789484,0.015476
2.686600,7.488879,0.121781
2.686600,3.696328,-0.084679
2.686600,2.689537,-0.002889
2.686600,2.892644,0.026429
2.686600,10.495861,0.068605
2.686600,3.238285,-0.056341
2.686600,2.686583,0.000005
2.686600,3.239738,0.056449
2.686600,10.483758,-0.068937
2.686600,2.892057,-0.026370
2.686600,2.689599,0.002900
2.686600,3.699055,0.084817
2.686600,7.476659,-0.121903
2.686600,2.789150,-0.015437
2.686600,2.720609,0.007273
2.686600,4.901375,0.121571
2.686600,4.895112,-0.121473
2.686600,2.720440,-0.007252
2.686600,2.789296,0.015454
2.686600,7.482044,0.121850
2.686600,3.697852,-0.084756
2.686600,2.689568,-0.002896
2.686600,2.892213,0.026385
2.686600,10.487000,0.068848
2.686600,3.239349,-0.056420
2.686600,2.686577,-0.000003
2.686600,3.238485,0.056356
2.686600,10.494194,-0.068651
2.686600,2.892562,-0.026420
2.686600,2.689531,0.002889
2.686600,3.696233,0.084674
2.686600,7.489307,-0.121777
2.686600,2.789495,-0.015477
2.686600,2.720244,0.007228
2.686600,4.887828,0.121358
2.686600,4.908704,-0.121685
2.686600,2.720808,-0.007297
2.686600,2.789006,0.015420
2.686600,7.471349,0.121956
2.686600,3.700245,-0.084876
2.686600,2.689633,-0.002905
2.686600,2.892039,0.026368
2.686600,10.483369,0.068947
2.686600,3.239785,-0.056452
2.686600,2.686596,-0.000004
2.686600,3.238680,0.056370
2.686600,10.492577,-0.068695
2.686600,2.892485,-0.026412
2.686600,2.689586,0.002896
2.686600,3.698164,0.084772
2.686600,7.480649,-0.121864
2.686600,2.789261,-0.015449
2.686600,2.720556,0.007266
2.686600,4.899335,0.121539
2.686600,4.897149,-0.121505
2.686600,2.720497,-0.007259
2.686600,2.789312,0.015455
2.686600,7.482530,0.121845
2.686600,3.697744,-0.084750
2.686600,2.689575,-0.002894
2.686600,2.892540,0.026418
2.686600,10.493712,0.068664
2.686600,3.238544,-0.056360
2.686600,2.686594,0.000005
2.686600,3.239856,0.056458
2.686600,10.482783,-0.068963
2.686600,2.892011,-0.026365
2.686600,2.689631,0.002905
2.686600,3.700213,0.084875
2.686600,7.471492,-0.121955
2.686600,2.789010,-0.015420
2.686600,2.720796,0.007295
2.686600,4.908264,0.121678
2.686600,4.888265,-0.121365
2.686600,2.720256,-0.007230
2.686600,2.789478,0.015475
2.686600,7.488694,0.121783
2.686600,3.696369,-0.084681
2.686600,2.689534,-0.002889
2.686600,2.892511,0.026415
2.686600,10.493150,0.068679
2.686600,3.238610,-0.056365
2.686600,2.686576,0.000002
2.686600,3.239184,0.056408
2.686600,10.488374,-0.068810
2.686600,2.892280,-0.026392
2.686600,2.689558,0.002894
2.686600,3.697444,0.084735
2.686600,7.483873,-0.121831
2.686600,2.789346,-0.015460
2.686600,2.720386,0.007246
2.686600,4.893099,0.121441
2.686600,4.903396,-0.121602
2.686600,2.720664,-0.007280
2.686600,2.789105,0.015431
2.686600,7.475019,0.121920
2.686600,3.699423,-0.084835
2.686600,2.689608,-0.002902
2.686600,2.892022,0.026366
2.686600,10.483042,0.068956
2.686600,3.239824,-0.056455
2.686600,2.686585,-0.000006
2.686600,3.238282,0.056340
2.686600,10.495891,-0.068604
2.686600,2.892645,-0.026429
2.686600,2.689542,0.002889
2.686600,3.696526,0.084689
2.686600,7.487993,-0.121790
2.686600,2.789461,-0.015473
2.686600,2.720314,0.007237
2.686600,4.890359,0.121398
2.686600,4.906153,-0.121645
2.686600,2.720740,-0.007288
2.686600,2.789090,0.015429
2.686600,7.474402,0.121926
2.686600,3.699561,-0.084842
2.686600,2.689619,-0.002902
2.686600,2.892249,0.026389
2.686600,10.487692,0.068829
2.686600,3.239267,-0.056414
2.686600,2.686600,0.000000
2.686600,3.239317,0.056417
2.686600,10.487271,-0.068840
2.686600,2.892229,-0.026387
2.686600,2.689622,0.002902
2.686600,3.699656,0.084847
2.686600,7.473977,-0.121930
2.686600,2.789079,-0.015428
2.686600,2.720752,0.007290
2.686600,4.906581,0.121652
2.686600,4.889934,-0.121391
2.686600,2.720302,-0.007235
2.686600,2.789469,0.015474
2.686600,7.488302,0.121787
2.686600,3.696457,-0.084685
2.686600,2.689540,-0.002889
2.686600,2.892646,0.026429
2.686600,10.495913,0.068603
2.686600,3.238279,-0.056340
2.686600,2.686584,0.000005
2.686600,3.239801,0.056454
2.686600,10.483235,-0.068951
2.686600,2.892032,-0.026367
2.686600,2.689606,0.002901
2.686600,3.699315,0.084830
2.686600,7.475500,-0.121915
2.686600,2.789118,-0.015433
2.686600,2.720648,0.007278
2.686600,4.902796,0.121593
2.686600,4.893697,-0.121450
2.686600,2.720402,-0.007248
2.686600,2.789331,0.015458
2.686600,7.483324,0.121837
2.686600,3.697566,-0.084742
2.686600,2.689561,-0.002895
2.686600,2.892259,0.026390
2.686600,10.487945,0.068822
2.686600,3.239235,-0.056411
2.686600,2.686576,-0.000002
2.686600,3.238569,0.056362
2.686600,10.493491,-0.068670
2.686600,2.892528,-0.026417
2.686600,2.689533,0.002889
2.686600,3.696318,0.084679
2.686600,7.488922,-0.121780
2.686600,2.789485,-0.015476
2.686600,2.720251,0.007229
2.686600,4.888083,0.121362
2.686600,4.908447,-0.121681
2.686600,2.720801,-0.007296
2.686600,2.789008,0.015420
2.686600,7.471406,0.121956
2.686600,3.700232,-0.084876
2.686600,2.689632,-0.002905
2.686600,2.892018,0.026366
2.686600,10.482934,0.068959
2.686600,3.239838,-0.056456
2.686600,2.686595,-0.000005
2.686600,3.238583,0.056363
2.686600,10.493383,-0.068673
2.686600,2.892524,-0.026416
2.686600,2.689578,0.002895
2.686600,3.697872,0.084757
2.686600,7.481959,-0.121850
2.686600,2.789297,-0.015453
2.686600,2.720515,0.007261
2.686600,4.897819,0.121515
2.686600,4.898664,-0.121528
2.686600,2.720538,-0.007264
2.686600,2.789277,0.015451
2.686600,7.481231,0.121858
2.686600,3.698034,-0.084765
2.686600,2.689582,-0.002895
2.686600,2.892503,0.026414
2.686600,10.492944,0.068685
2.686600,3.238636,-0.056367
2.686600,2.686596,0.000004
2.686600,3.239811,0.056454
2.686600,10.483160,-0.068953
2.686600,2.892029,-0.026367
2.686600,2.689633,0.002905
2.686600,3.700245,0.084876
2.686600,7.471350,-0.121956
2.686600,2.789006,-0.015420
2.686600,2.720806,0.007297
2.686600,4.908618,0.121684
2.686600,4.887914,-0.121359
2.686600,2.720247,-0.007229
2.686600,2.789491,0.015476
2.686600,7.489159,0.121778
2.686600,3.696266,-0.084676
2.686600,2.689532,-0.002889
2.686600,2.892548,0.026419
2.686600,10.493895,0.068659
2.686600,3.238521,-0.056358
2.686600,2.686577,0.000003
2.686600,3.239299,0.056416
2.686600,10.487414,-0.068837
2.686600,2.892233,-0.026387
2.686600,2.689565,0.002895
2.686600,3.697724,0.084749
2.686600,7.482617,-0.121844
2.686600,2.789312,-0.015456
2.686600,2.720423,0.007250
2.686600,4.894475,0.121463
2.686600,4.902014,-0.121581
2.686600,2.720627,-0.007275
2.686600,2.789135,0.015435
2.686600,7.476134,0.121909
2.686600,3.699173,-0.084822
2.686600,2.689602,-0.002901
2.686600,2.892045,0.026368
2.686600,10.483511,0.068943
2.686600,3.239768,-0.056451
2.686600,2.686583,-0.000005
2.686600,3.238281,0.056340
2.686600,10.495902,-0.068604
2.686600,2.892646,-0.026429
2.686600,2.689538,0.002889
2.686600,3.696381,0.084682
2.686600,7.488645,-0.121783
2.686600,2.789478,-0.015475
2.686600,2.720289,0.007234
2.686600,4.889448,0.121383
2.686600,4.907070,-0.121660
2.686600,2.720765,-0.007291
2.686600,2.789065,0.015426
2.686600,7.473481,0.121935
2.686600,3.699767,-0.084852
2.686600,2.689624,-0.002902
2.686600,2.892203,0.026384
2.686600,10.486754,0.068855
2.686600,3.239379,-0.056422
2.686600,2.686600,-0.000001
2.686600,3.239202,0.056409
2.686600,10.488229,-0.068814
2.686600,2.892275,-0.026391
2.686600,2.689617,0.002901
2.686600,3.699434,0.084836
2.686600,7.474970,-0.121920
2.686600,2.789106,-0.015431
2.686600,2.720724,0.007286
2.686600,4.905569,0.121636
2.686600,4.890939,-0.121407
2.686600,2.720329,-0.007239
2.686600,2.789449,0.015471
2.686600,7.487560,0.121794
2.686600,3.696622,-0.084694
2.686600,2.689545,-0.002890
2.686600,2.892642,0.026428
2.686600,10.495825,0.068606
2.686600,3.238290,-0.056341
2.686600,2.686586,0.000006
2.686600,3.239849,0.056457
2.686600,10.482836,-0.068962
2.686600,2.892013,-0.026365
2.686600,2.689612,0.002902
2.686600,3.699551,0.084841
2.686600,7.474445,-0.121926
2.686600,2.789089,-0.015430
2.686600,2.720684,0.007282
2.686600,4.904121,0.121614
2.686600,4.892378,-0.121430
2.686600,2.720367,-0.007243
2.686600,2.789364,0.015462
2.686600,7.484543,0.121825
2.686600,3.697294,-0.084728
2.686600,2.689555,-0.002893
2.686600,2.892306,0.026395
2.686600,10.488917,0.068795
2.686600,3.239118,-0.056403
2.686600,2.686575,-0.000002
2.686600,3.238665,0.056369
2.686600,10.492698,-0.068692
2.686600,2.892489,-0.026413
2.686600,2.689535,0.002890
2.686600,3.696444,0.084685
2.686600,7.488359,-0.121786
2.686600,2.789469,-0.015474
2.686600,2.720264,0.007231
2.686600,4.888552,0.121369
2.686600,4.907974,-0.121674
2.686600,2.720788,-0.007294
2.686600,2.789014,0.015421
2.686600,7.471654,0.121953
2.686600,3.700176,-0.084873
2.686600,2.689630,-0.002905
2.686600,2.892003,0.026364
2.686600,10.482631,0.068967
2.686600,3.239874,-0.056459
2.686600,2.686593,-0.000005
2.686600,3.238497,0.056356
2.686600,10.494100,-0.068653
2.686600,2.892559,-0.026420
2.686600,2.689571,0.002893
2.686600,3.697587,0.084742
2.686600,7.483236,-0.121838
2.686600,2.789331,-0.015457
2.686600,2.720475,0.007256
2.686600,4.896313,0.121492
2.686600,4.900172,-0.121552
2.686600,2.720579,-0.007269
2.686600,2.789241,0.015447
2.686600,7.479916,0.121871
2.686600,3.698328,-0.084780
2.686600,2.689590,-0.002896
2.686600,2.892462,0.026410
2.686600,10.492096,0.068708
2.686600,3.238738,-0.056374
2.686600,2.686597,0.000004
2.686600,3.239750,0.056450
2.686600,10.483665,-0.068939
2.686600,2.892054,-0.026369
2.686600,2.689633,0.002905
2.686600,3.700233,0.084876
2.686600,7.471400,-0.121956
2.686600,2.789008,-0.015420
2.686600,2.720810,0.007297
2.686600,4.908752,0.121686
2.686600,4.887781,-0.121357
2.686600,2.720243,-0.007228
2.686600,2.789499,0.015477
2.686600,7.489441,0.121775
2.686600,3.696203,-0.084673
2.686600,2.689531,-0.002889
2.686600,2.892579,0.026422
2.686600,10.494541,0.068641
2.686600,3.238444,-0.056352
2.686600,2.686577,0.000003
2.686600,3.239410,0.056424
2.686600,10.486492,-0.068862
2.686600,2.892189,-0.026383
2.686600,2.689572,0.002896
2.686600,3.698015,0.084764
2.686600,7.481315,-0.121857
2.686600,2.789276,-0.015452
2.686600,2.720462,0.007255
2.686600,4.895932,0.121486
2.686600,4.900553,-0.121558
2.686600,2.720587,-0.007270
2.686600,2.789168,0.015439
2.686600,7.477341,0.121897
2.686600,3.698903,-0.084809
2.686600,2.689595,-0.002900
2.686600,2.892073,0.026371
2.686600,10.484099,0.068927
2.686600,3.239697,-0.056446
2.686600,2.686582,-0.000005
2.686600,3.238296,0.056341
2.686600,10.495771,-0.068607
2.686600,2.892639,-0.026428
2.686600,2.689535,0.002889
2.686600,3.696274,0.084676
2.686600,7.489125,-0.121778
2.686600,2.789491,-0.015476
2.686600,2.720269,0.007231
2.686600,4.888722,0.121372
2.686600,4.907803,-0.121671
2.686600,2.720784,-0.007294
2.686600,2.789044,0.015424
2.686600,7.472707,0.121943
2.686600,3.699941,-0.084861
2.686600,2.689628,-0.002903
2.686600,2.892161,0.026380
2.686600,10.485868,0.068879
2.686600,3.239486,-0.056430
2.686600,2.686599,-0.000001
2.686600,3.239085,0.056400
2.686600,10.489206,-0.068787
2.686600,2.892322,-0.026396
2.686600,2.689611,0.002900
2.686600,3.699186,0.084823
2.686600,7.476078,-0.121909
2.686600,2.789136,-0.015435
2.686600,2.720693,0.007283
2.686600,4.904404,0.121618
2.686600,4.892097,-0.121425
2.686600,2.720361,-0.007242
2.686600,2.789425,0.015468
2.686600,7.486669,0.121803
2.686600,3.696821,-0.084704
2.686600,2.689551,-0.002891
2.686600,2.892631,0.026427
2.686600,10.495596,0.068612
2.686600,3.238317,-0.056343
2.686600,2.686588,0.000006
2.686600,3.239881,0.056460
2.686600,10.482571,-0.068969
2.686600,2.892000,-0.026364
2.686600,2.689618,0.002903
2.686600,3.699759,0.084852
2.686600,7.473517,-0.121935
2.686600,2.789064,-0.015427
2.686600,2.720716,0.007286
2.686600,4.905322,0.121632
2.686600,4.891184,-0.121411
2.686600,2.720334,-0.007240
2.686600,2.789395,0.015465
2.686600,7.485675,0.121813
2.686600,3.697042,-0.084715
2.686600,2.689549,-0.002892
2.686600,2.892353,0.026400
2.686600,10.489894,0.068769
2.686600,3.239001,-0.056394
2.686600,2.686575,-0.000001
2.686600,3.238769,0.056377
2.686600,10.491830,-0.068716
2.686600,2.892447,-0.026409
2.686600,2.689539,0.002891
2.686600,3.696606,0.084693
2.686600,7.487629,-0.121793
2.686600,2.789449,-0.015472
2.686600,2.720282,0.007233
2.686600,4.889225,0.121380
2.686600,4.907296,-0.121663
2.686600,2.720770,-0.007292
2.686600,2.789026,0.015422
2.686600,7.472087,0.121949
2.686600,3.700079,-0.084868
2.686600,2.689627,-0.002904
2.686600,2.891995,0.026363
2.686600,10.482466,0.068972
2.686600,3.239894,-0.056460
2.686600,2.686592,-0.000005
2.686600,3.238424,0.056351
2.686600,10.494713,-0.068636
2.686600,2.892589,-0.026423
2.686600,2.689564,0.002892
2.686600,3.697314,0.084729
2.686600,7.484455,-0.121825
2.686600,2.789365,-0.015461
2.686600,2.720435,0.007251
2.686600,4.894849,0.121469
2.686600,4.901640,-0.121575
2.686600,2.720619,-0.007274
2.686600,2.789205,0.015443
2.686600,7.478610,0.121884
2.686600,3.698620,-0.084795
2.686600,2.689597,-0.002898
2.686600,2.892418,0.026406
2.686600,10.491186,0.068733
2.686600,3.238847,-0.056382
2.686600,2.686598,0.000003
2.686600,3.239676,0.056444
2.686600,10.484286,-0.068922
2.686600,2.892084,-0.026372
2.686600,2.689633,0.002904
2.686600,3.700180,0.084873
2.686600,7.471641,-0.121954
2.686600,2.789015,-0.015421
2.686600,2.720807,0.007297
2.686600,4.908664,0.121684
2.686600,4.887868,-0.121358
2.686600,2.720246,-0.007229
2.686600,2.789502,0.015478
2.686600,7.489533,0.121774
2.686600,3.696183,-0.084672
2.686600,2.689531,-0.002888
2.686600,2.892605,0.026425
2.686600,10.495074,0.068627
2.686600,3.238380,-0.056348
2.686600,2.686579,0.000004
2.686600,3.239514,0.056432
2.686600,10.485626,-0.068886
2.686600,2.892147,-0.026379
2.686600,2.689580,0.002898
2.686600,3.698310,0.084779
2.686600,7.479994,-0.121870
2.686600,2.789240,-0.015447
2.686600,2.720503,0.007260
2.686600,4.897439,0.121509
2.686600,4.899045,-0.121534
2.686600,2.720547,-0.007265
2.686600,2.789203,0.015443
2.686600,7.478613,0.121884
2.686600,3.698618,-0.084795
2.686600,2.689587,-0.002899
2.686600,2.892107,0.026375
2.686600,10.484794,0.068908
2.686600,3.239614,-0.056440
2.686600,2.686580,-0.000005
2.686600,3.238328,0.056344
2.686600,10.495501,-0.068615
2.686600,2.892626,-0.026427
2.686600,2.689532,0.002888
2.686600,3.696207,0.084673
2.686600,7.489423,-0.121775
2.686600,2.789499,-0.015477
2.686600,2.720255,0.007230
2.686600,4.888195,0.121363
2.686600,4.908334,-0.121679
2.686600,2.720799,-0.007296
2.686600,2.789027,0.015422
2.686600,7.472095,0.121949
2.686600,3.700078,-0.084868
2.686600,2.689631,-0.002904
2.686600,2.892121,0.026376
2.686600,10.485051,0.068901
2.686600,3.239584,-0.056437
2.686600,2.686599,-0.000002
2.686600,3.238968,0.056391
2.686600,10.490182,-0.068761
2.686600,2.892369,-0.026401
2.686600,2.689604,0.002899
2.686600,3.698918,0.084810
2.686600,7.477277,-0.121897
2.686600,2.789169,-0.015438
2.686600,2.720658,0.007278
2.686600,4.903111,0.121598
2.686600,4.893383,-0.121445
2.686600,2.720395,-0.007247
2.686600,2.789397,0.015465
2.686600,7.485649,0.121813
2.686600,3.697048,-0.084715
2.686600,2.689557,-0.002891
2.686600,2.892614,0.026425
2.686600,10.495233,0.068622
2.686600,3.238361,-0.056346
2.686600,2.686590,0.000006
2.686600,3.239896,0.056461
2.686600,10.482445,-0.068973
2.686600,2.891994,-0.026363
2.686600,2.689623,0.002904
2.686600,3.699934,0.084861
2.686600,7.472735,-0.121943
2.686600,2.789043,-0.015424
2.686600,2.720745,0.007289
2.686600,4.906374,0.121649
2.686600,4.890139,-0.121394
2.686600,2.720306,-0.007236
2.686600,2.789423,0.015469
2.686600,7.486696,0.121803
2.686600,3.696814,-0.084704
2.686600,2.689543,-0.002891
2.686600,2.892400,0.026404
2.686600,10.490855,0.068742
2.686600,3.238886,-0.056385
2.686600,2.686575,-0.000000
2.686600,3.238880,0.056385
2.686600,10.490906,-0.068741
2.686600,2.892403,-0.026404
2.686600,2.689543,0.002891
2.686600,3.696803,0.084703
2.686600,7.486747,-0.121802
2.686600,2.789425,-0.015469
2.686600,2.720305,0.007236
2.686600,4.890088,0.121393
2.686600,4.906426,-0.121650
2.686600,2.720746,-0.007289
2.686600,2.789042,0.015424
2.686600,7.472697,0.121943
2.686600,3.699943,-0.084861
2.686600,2.689623,-0.002904
2.686600,2.891994,0.026363
2.686600,10.482442,0.068973
2.686600,3.239896,-0.056461
2.686600,2.686590,-0.000006
2.686600,3.238364,0.056346
2.686600,10.495210,-0.068623
2.686600,2.892613,-0.026425
2.686600,2.689557,0.002891
2.686600,3.697061,0.084716
2.686600,7.485590,-0.121814
2.686600,2.789395,-0.015465
2.686600,2.720397,0.007247
2.686600,4.893455,0.121447
2.686600,4.903039,-0.121597
2.686600,2.720656,-0.007278
2.686600,2.789171,0.015439
2.686600,7.477343,0.121897
2.686600,3.698903,-0.084809
2.686600,2.689604,-0.002899
2.686600,2.892372,0.026401
2.686600,10.490234,0.068759
2.686600,3.238962,-0.056391
2.686600,2.686599,0.000002
2.686600,3.239589,0.056438
2.686600,10.485010,-0.068902
2.686600,2.892119,-0.026376
2.686600,2.689631,0.002904
2.686600,3.700084,0.084868
2.686600,7.472067,-0.121949
2.686600,2.789026,-0.015422
2.686600,2.720799,0.007296
2.686600,4.908357,0.121679
2.686600,4.888173,-0.121363
2.686600,2.720254,-0.007230
2.686600,2.789499,0.015477
2.686600,7.489433,0.121775
2.686600,3.696205,-0.084673
2.686600,2.689532,-0.002888
2.686600,2.892625,0.026427
2.686600,10.495483,0.068615
2.686600,3.238331,-0.056344
2.686600,2.686580,0.000005
2.686600,3.239609,0.056439
2.686600,10.484834,-0.068907
2.686600,2.892109,-0.026375
2.686600,2.689587,0.002899
2.686600,3.698603,0.084794
2.686600,7.478682,-0.121883
2.686600,2.789205,-0.015443
2.686600,2.720544,0.007265
2.686600,4.898963,0.121533
2.686600,4.897520,-0.121511
2.686600,2.720505,-0.007260
2.686600,2.789238,0.015447
2.686600,7.479923,0.121871
2.686600,3.698326,-0.084780
2.686600,2.689580,-0.002898
2.686600,2.892145,0.026379
2.686600,10.485581,0.068887
2.686600,3.239519,-0.056433
2.686600,2.686579,-0.000004
2.686600,3.238377,0.056347
2.686600,10.495099,-0.068626
2.686600,2.892606,-0.026425
2.686600,2.689531,0.002888
2.686600,3.696183,0.084672
2.686600,7.489532,-0.121774
2.686600,2.789502,-0.015478
2.686600,2.720246,0.007229
2.686600,4.887879,0.121358
2.686600,4.908653,-0.121684
2.686600,2.720807,-0.007297
2.686600,2.789015,0.015421
2.686600,7.471659,0.121953
2.686600,3.700176,-0.084873
2.686600,2.689632,-0.002904
2.686600,2.892086,0.026372
2.686600,10.484322,0.068921
2.686600,3.239671,-0.056444
2.686600,2.686598,-0.000003
2.686600,3.238853,0.056383
2.686600,10.491136,-0.068735
2.686600,2.892416,-0.026405
2.686600,2.689597,0.002898
2.686600,3.698635,0.084795
2.686600,7.478541,-0.121885
2.686600,2.789203,-0.015442
2.686600,2.720621,0.007274
2.686600,4.901717,0.121576
2.686600,4.894772,-0.121467
2.686600,2.720433,-0.007251
2.686600,2.789366,0.015462
2.686600,7.484519,0.121825
2.686600,3.697300,-0.084728
2.686600,2.689564,-0.002892
2.686600,2.892590,0.026423
2.686600,10.494743,0.068636
2.686600,3.238420,-0.056351
2.686600,2.686591,0.000005
2.686600,3.239894,0.056460
2.686600,10.482461,-0.068972
2.686600,2.891995,-0.026363
2.686600,2.689627,0.002904
2.686600,3.700073,0.084868
2.686600,7.472116,-0.121949
2.686600,2.789027,-0.015422
2.686600,2.720769,0.007292
2.686600,4.907254,0.121662
2.686600,4.889266,-0.121380
2.686600,2.720283,-0.007233
2.686600,2.789448,0.015472
2.686600,7.487586,0.121794
2.686600,3.696616,-0.084694
2.686600,2.689539,-0.002891
2.686600,2.892445,0.026409
2.686600,10.491782,0.068717
2.686600,3.238775,-0.056377
2.686600,2.686575,0.000001
2.686600,3.238995,0.056394
2.686600,10.489946,-0.068767
2.686600,2.892356,-0.026400
2.686600,2.689548,0.002892
2.686600,3.697029,0.084714
2.686600,7.485732,-0.121813
2.686600,2.789397,-0.015466
2.686600,2.720333,0.007239
2.686600,4.891124,0.121410
2.686600,4.905382,-0.121633
2.686600,2.720718,-0.007286
2.686600,2.789063,0.015426
2.686600,7.473471,0.121935
2.686600,3.699769,-0.084852
2.686600,2.689618,-0.002903
2.686600,2.891999,0.026364
2.686600,10.482561,0.068969
2.686600,3.239882,-0.056460
2.686600,2.686588,-0.000006
2.686600,3.238319,0.056343
2.686600,10.495580,-0.068613
2.686600,2.892631,-0.026427
2.686600,2.689551,0.002891
2.686600,3.696832,0.084704
2.686600,7.486618,-0.121804
2.686600,2.789423,-0.015468
2.686600,2.720362,0.007243
2.686600,4.892163,0.121426
2.686600,4.904338,-0.121617
2.686600,2.720691,-0.007282
2.686600,2.789138,0.015435
2.686600,7.476140,0.121909
2.686600,3.699172,-0.084822
2.686600,2.689610,-0.002900
2.686600,2.892325,0.026396
2.686600,10.489258,0.068786
2.686600,3.239079,-0.056400
2.686600,2.686599,0.000001
2.686600,3.239491,0.056430
2.686600,10.485822,-0.068880
2.686600,2.892158,-0.026380
2.686600,2.689628,0.002903
2.686600,3.699949,0.084861
2.686600,7.472670,-0.121943
2.686600,2.789043,-0.015424
2.686600,2.720785,0.007294
2.686600,4.907837,0.121671
2.686600,4.888689,-0.121371
2.686600,2.720268,-0.007231
2.686600,2.789492,0.015476
2.686600,7.489145,0.121778
2.686600,3.696269,-0.084676
2.686600,2.689535,-0.002889
2.686600,2.892639,0.026428
2.686600,10.495760,0.068608
2.686600,3.238297,-0.056342
2.686600,2.686582,0.000005
2.686600,3.239693,0.056446
2.686600,10.484134,-0.068926
2.686600,2.892075,-0.026371
2.686600,2.689594,0.002900
2.686600,3.698888,0.084808
2.686600,7.477408,-0.121896
2.686600,2.789170,-0.015439
2.686600,2.720585,0.007270
2.686600,4.900474,0.121557
2.686600,4.896012,-0.121487
2.686600,2.720465,-0.007255
2.686600,2.789274,0.015451
2.686600,7.481244,0.121858
2.686600,3.698031,-0.084765
2.686600,2.689572,-0.002896
2.686600,2.892186,0.026383
2.686600,10.486444,0.068863
2.686600,3.239415,-0.056425
2.686600,2.686578,-0.000004
2.686600,3.238440,0.056352
2.686600,10.494573,-0.068640
2.686600,2.892581,-0.026422
2.686600,2.689531,0.002889
2.686600,3.696201,0.084673
2.686600,7.489450,-0.121775
2.686600,2.789499,-0.015477
2.686600,2.720243,0.007228
2.686600,4.887780,0.121357
2.686600,4.908753,-0.121686
2.686600,2.720810,-0.007297
2.686600,2.789008,0.015420
2.686600,7.471408,0.121956
2.686600,3.700232,-0.084876
2.686600,2.689633,-0.002905
2.686600,2.892055,0.026369
2.686600,10.483695,0.068938
2.686600,3.239746,-0.056449
2.686600,2.686597,-0.000004
2.686600,3.238744,0.056375
2.686600,10.492049,-0.068710
2.686600,2.892460,-0.026410
2.686600,2.689590,0.002896
2.686600,3.698344,0.084781
2.686600,7.479845,-0.121872
2.686600,2.789239,-0.015447
2.686600,2.720581,0.007269
2.686600,4.900252,0.121553
2.686600,4.896234,-0.121490
2.686600,2.720473,-0.007256
2.686600,2.789333,0.015458
2.686600,7.483303,0.121837
2.686600,3.697572,-0.084742
2.686600,2.689571,-0.002893
2.686600,2.892561,0.026420
2.686600,10.494136,0.068652
2.686600,3.238493,-0.056356
2.686600,2.686593,0.000005
2.686600,3.239875,0.056459
2.686600,10.482618,-0.068968
2.686600,2.892003,-0.026364
2.686600,2.689630,0.002905
2.686600,3.700172,0.084873
2.686600,7.471672,-0.121953
2.686600,2.789015,-0.015421
2.686600,2.720787,0.007294
2.686600,4.907943,0.121673
2.686600,4.888583,-0.121370
2.686600,2.720264,-0.007231
2.686600,2.789468,0.015474
2.686600,7.488324,0.121787
2.686600,3.696451,-0.084685
2.686600,2.689535,-0.002890
2.686600,2.892487,0.026413
2.686600,10.492653,0.068693
2.686600,3.238670,-0.056369
2.686600,2.686575,0.000002
2.686600,3.239112,0.056402
2.686600,10.488969,-0.068794
2.686600,2.892309,-0.026395
2.686600,2.689554,0.002893
2.686600,3.697280,0.084727
2.686600,7.484606,-0.121824
2.686600,2.789366,-0.015462
2.686600,2.720365,0.007243
2.686600,4.892311,0.121429
2.686600,4.904188,-0.121615
2.686600,2.720686,-0.007282
2.686600,2.789088,0.015429
2.686600,7.474392,0.121926
2.686600,3.699563,-0.084842
2.686600,2.689612,-0.002902
2.686600,2.892012,0.026365
2.686600,10.482818,0.068962
2.686600,3.239851,-0.056457
2.686600,2.686586,-0.000006
2.686600,3.238291,0.056341
2.686600,10.495816,-0.068606
2.686600,2.892642,-0.026428
2.686600,2.689545,0.002890
2.686600,3.696632,0.084694
2.686600,7.487516,-0.121795
2.686600,2.789448,-0.015471
2.686600,2.720331,0.007239
2.686600,4.890997,0.121408
2.686600,4.905510,-0.121635
2.686600,2.720723,-0.007286
2.686600,2.789107,0.015431
2.686600,7.475027,0.121920
2.686600,3.699421,-0.084835
2.686600,2.689616,-0.002901
2.686600,2.892277,0.026391
2.686600,10.488281,0.068813
2.686600,3.239196,-0.056408
2.686600,2.686600,0.000001
2.686600,3.239385,0.056422
2.686600,10.486705,-0.068856
2.686600,2.892201,-0.026384
2.686600,2.689624,0.002902
2.686600,3.699778,0.084853
2.686600,7.473436,-0.121936
2.686600,2.789064,-0.015426
2.686600,2.720766,0.007292
2.686600,4.907115,0.121660
2.686600,4.889405,-0.121383
2.686600,2.720288,-0.007234
2.686600,2.789479,0.015475
2.686600,7.488675,0.121783
2.686600,3.696374,-0.084681
2.686600,2.689538,-0.002889
2.686600,2.892646,0.026429
2.686600,10.495898,0.068604
2.686600,3.238281,-0.056340
2.686600,2.686583,0.000005
2.686600,3.239764,0.056451
2.686600,10.483540,-0.068943
2.686600,2.892046,-0.026369
2.686600,2.689601,0.002901
2.686600,3.699159,0.084822
2.686600,7.476197,-0.121908
2.686600,2.789137,-0.015435
2.686600,2.720625,0.007275
2.686600,4.901938,0.121580
2.686600,4.894552,-0.121464
2.686600,2.720425,-0.007251
2.686600,2.789310,0.015455
2.686600,7.482548,0.121845
2.686600,3.697740,-0.084750
2.686600,2.689565,-0.002895
2.686600,2.892231,0.026387
2.686600,10.487364,0.068838
2.686600,3.239305,-0.056417
2.686600,2.686577,-0.000003
2.686600,3.238516,0.056358
2.686600,10.493933,-0.068658
2.686600,2.892550,-0.026419
2.686600,2.689532,0.002889
2.686600,3.696261,0.084676
2.686600,7.489179,-0.121778
2.686600,2.789492,-0.015477
2.686600,2.720246,0.007229
2.686600,4.887902,0.121359
2.686600,4.908631,-0.121684
2.686600,2.720806,-0.007297
2.686600,2.789006,0.015420
2.686600,7.471348,0.121956
2.686600,3.700245,-0.084876
2.686600,2.689633,-0.002905
2.686600,2.892030,0.026367
2.686600,10.483184,0.068952
2.686600,3.239808,-0.056454
2.686600,2.686596,-0.000004
2.686600,3.238641,0.056367
2.686600,10.492900,-0.068686
2.686600,2.892501,-0.026414
2.686600,2.689583,0.002895
2.686600,3.698050,0.084766
2.686600,7.481161,-0.121858
2.686600,2.789275,-0.015451
2.686600,2.720540,0.007264
2.686600,4.898746,0.121530
2.686600,4.897738,-0.121514
2.686600,2.720513,-0.007261
2.686600,2.789299,0.015454
2.686600,7.482028,0.121850
2.686600,3.697856,-0.084756
2.686600,2.689578,-0.002895
2.686600,2.892526,0.026417
2.686600,10.493424,0.068672
2.686600,3.238579,-0.056362
2.686600,2.686595,0.000005
2.686600,3.239840,0.056456
2.686600,10.482914,-0.068960
2.686600,2.892017,-0.026365
2.686600,2.689632,0.002905
2.686600,3.700230,0.084876
2.686600,7.471414,-0.121956
2.686600,2.789008,-0.015420
2.686600,2.720801,0.007296
2.686600,4.908427,0.121681
2.686600,4.888103,-0.121362
2.686600,2.720252,-0.007229
2.686600,2.789484,0.015476
2.686600,7.488897,0.121781
2.686600,3.696324,-0.084679
2.686600,2.689533,-0.002889
2.686600,2.892526,0.026417
2.686600,10.493451,0.068671
2.686600,3.238574,-0.056362
2.686600,2.686576,0.000002
2.686600,3.239229,0.056411
2.686600,10.487997,-0.068821
2.686600,2.892261,-0.026390
2.686600,2.689561,0.002894
2.686600,3.697551,0.084741
2.686600,7.483391,-0.121836
2.686600,2.789333,-0.015458
2.686600,2.720400,0.007248
2.686600,4.893623,0.121449
2.686600,4.902869,-0.121594
2.686600,2.720650,-0.007278
2.686600,2.789116,0.015433
2.686600,7.475441,0.121916
2.686600,3.699328,-0.084830
2.686600,2.689606,-0.002902
2.686600,2.892031,0.026367
2.686600,10.483210,0.068952
2.686600,3.239804,-0.056454
2.686600,2.686584,-0.000006
2.686600,3.238279,0.056340
2.686600,10.495912,-0.068603
2.686600,2.892646,-0.026429
2.686600,2.689541,0.002889
2.686600,3.696465,0.084686
2.686600,7.488266,-0.121787
2.686600,2.789468,-0.015474
2.686600,2.720303,0.007235
2.686600,4.889984,0.121392
2.686600,4.906531,-0.121651
2.686600,2.720750,-0.007290
2.686600,2.789080,0.015428
2.686600,7.474027,0.121930
2.686600,3.699645,-0.084846
2.686600,2.689621,-0.002902
2.686600,2.892231,0.026387
2.686600,10.487322,0.068839
2.686600,3.239311,-0.056417
2.686600,2.686600,-0.000000
2.686600,3.239273,0.056414
2.686600,10.487641,-0.068830
2.686600,2.892246,-0.026388
2.686600,2.689620,0.002902
2.686600,3.699573,0.084843
2.686600,7.474349,-0.121927
2.686600,2.789089,-0.015429
2.686600,2.720741,0.007289
2.686600,4.906207,0.121646
2.686600,4.890306,-0.121397
2.686600,2.720312,-0.007236
2.686600,2.789462,0.015473
2.686600,7.488032,0.121789
2.686600,3.696517,-0.084689
2.686600,2.689542,-0.002889
2.686600,2.892646,0.026429
2.686600,10.495896,0.068604
2.686600,3.238281,-0.056340
2.686600,2.686585,0.000006
2.686600,3.239821,0.056455
2.686600,10.483064,-0.068956
2.686600,2.892023,-0.026366
2.686600,2.689608,0.002902
2.686600,3.699410,0.084834
2.686600,7.475076,-0.121919
2.686600,2.789107,-0.015432
2.686600,2.720662,0.007279
2.686600,4.903324,0.121601
2.686600,4.893170,-0.121442
2.686600,2.720388,-0.007246
2.686600,2.789344,0.015460
2.686600,7.483807,0.121832
2.686600,3.697458,-0.084736
2.686600,2.689558,-0.002894
2.686600,2.892277,0.026392
2.686600,10.488322,0.068812
2.686600,3.239190,-0.056408
2.686600,2.686576,-0.000002
2.686600,3.238605,0.056365
2.686600,10.493192,-0.068678
2.686600,2.892514,-0.026416
2.686600,2.689534,0.002889
2.686600,3.696362,0.084681
2.686600,7.488724,-0.121782
2.686600,2.789479,-0.015475
2.686600,2.720255,0.007230
2.686600,4.888240,0.121364
2.686600,4.908288,-0.121678
2.686600,2.720797,-0.007295
2.686600,2.789009,0.015420
2.686600,7.471480,0.121955
2.686600,3.700216,-0.084875
2.686600,2.689631,-0.002905
2.686600,2.892012,0.026365
2.686600,10.482800,0.068963
2.686600,3.239854,-0.056457
2.686600,2.686594,-0.000005
2.686600,3.238549,0.056360
2.686600,10.493673,-0.068665
2.686600,2.892539,-0.026418
2.686600,2.689575,0.002894
2.686600,3.697760,0.084751
2.686600,7.482461,-0.121845
2.686600,2.789310,-0.015455
2.686600,2.720499,0.007259
2.686600,4.897230,0.121506
2.686600,4.899254,-0.121538
2.686600,2.720554,-0.007266
2.686600,2.789263,0.015449
2.686600,7.480720,0.121863
2.686600,3.698148,-0.084771
2.686600,2.689585,-0.002896
2.686600,2.892488,0.026413
2.686600,10.492622,0.068694
2.686600,3.238675,-0.056370
2.686600,2.686596,0.000004
2.686600,3.239789,0.056453
2.686600,10.483342,-0.068948
2.686600,2.892038,-0.026368
2.686600,2.689633,0.002905
2.686600,3.700245,0.084876
2.686600,7.471347,-0.121956
2.686600,2.789006,-0.015420
2.686600,2.720808,0.007297
2.686600,4.908696,0.121685
2.686600,4.887836,-0.121358
2.686600,2.720245,-0.007228
2.686600,2.789495,0.015477
2.686600,7.489291,0.121777
2.686600,3.696236,-0.084674
2.686600,2.689531,-0.002889
2.686600,2.892560,0.026420
2.686600,10.494159,0.068652
2.686600,3.238489,-0.056356
2.686600,2.686577,0.000003
2.686600,3.239343,0.056420
2.686600,10.487050,-0.068847
2.686600,2.892216,-0.026386
2.686600,2.689568,0.002896
2.686600,3.697836,0.084755
2.686600,7.482114,-0.121849
2.686600,2.789298,-0.015454
2.686600,2.720438,0.007252
2.686600,4.895034,0.121471
2.686600,4.901453,-0.121572
2.686600,2.720612,-0.007273
2.686600,2.789148,0.015436
2.686600,7.476595,0.121904
2.686600,3.699070,-0.084817
2.686600,2.689599,-0.002901
2.686600,2.892055,0.026370
2.686600,10.483727,0.068937
2.686600,3.239742,-0.056449
2.686600,2.686583,-0.000005
2.686600,3.238285,0.056341
2.686600,10.495867,-0.068605
2.686600,2.892644,-0.026429
2.686600,2.689537,0.002889
2.686600,3.696334,0.084679
2.686600,7.488853,-0.121781
2.686600,2.789484,-0.015475
2.686600,2.720281,0.007233
2.686600,4.889143,0.121378
2.686600,4.907378,-0.121664
2.686600,2.720773,-0.007292
2.686600,2.789056,0.015425
2.686600,7.473162,0.121938
2.686600,3.699839,-0.084856
2.686600,2.689626,-0.002903
2.686600,2.892186,0.026382
2.686600,10.486402,0.068864
2.686600,3.239422,-0.056425
2.686600,2.686600,-0.000001
2.686600,3.239157,0.056405
2.686600,10.488608,-0.068804
2.686600,2.892293,-0.026393
2.686600,2.689614,0.002901
2.686600,3.699340,0.084831
2.686600,7.475389,-0.121916
2.686600,2.789117,-0.015432
2.686600,2.720713,0.007285
2.686600,4.905132,0.121629
2.686600,4.891373,-0.121414
2.686600,2.720341,-0.007240
2.686600,2.789440,0.015470
2.686600,7.487230,0.121797
2.686600,3.696696,-0.084698
2.686600,2.689547,-0.002890
2.686600,2.892639,0.026428
2.686600,10.495752,0.068608
2.686600,3.238299,-0.056342
2.686600,2.686587,0.000006
2.686600,3.239863,0.056458
2.686600,10.482717,-0.068965
2.686600,2.892007,-0.026365
2.686600,2.689614,0.002903
2.686600,3.699636,0.084846
2.686600,7.474068,-0.121929
2.686600,2.789079,-0.015428
2.686600,2.720697,0.007283
2.686600,4.904604,0.121621
2.686600,4.891897,-0.121422
2.686600,2.720354,-0.007242
2.686600,2.789377,0.015463
2.686600,7.484995,0.121820
2.686600,3.697193,-0.084723
2.686600,2.689552,-0.002893
2.686600,2.892324,0.026397
2.686600,10.489298,0.068785
2.686600,3.239073,-0.056399
2.686600,2.686575,-0.000001
2.686600,3.238704,0.056372
2.686600,10.492368,-0.068701
2.686600,2.892473,-0.026412
2.686600,2.689536,0.002890
2.686600,3.696503,0.084688
2.686600,7.488094,-0.121789
2.686600,2.789462,-0.015473
2.686600,2.720270,0.007232
2.686600,4.888790,0.121373
2.686600,4.907734,-0.121670
2.686600,2.720782,-0.007294
2.686600,2.789018,0.015421
2.686600,7.471801,0.121952
2.686600,3.700144,-0.084871
2.686600,2.689629,-0.002904
2.686600,2.891999,0.026364
2.686600,10.482550,0.068970
2.686600,3.239884,-0.056460
2.686600,2.686593,-0.000005
2.686600,3.238467,0.056354
2.686600,10.494352,-0.068646
2.686600,2.892571,-0.026421
2.686600,2.689568,0.002893
2.686600,3.697479,0.084737
2.686600,7.483719,-0.121833
2.686600,2.789344,-0.015459
2.686600,2.720459,0.007254
2.686600,4.895737,0.121483
2.686600,4.900750,-0.121561
2.686600,2.720595,-0.007271
2.686600,2.789227,0.015445
2.686600,7.479405,0.121876
2.686600,3.698442,-0.084786
2.686600,2.689593,-0.002897
2.686600,2.892445,0.026408
2.686600,10.491748,0.068718
2.686600,3.238780,-0.056377
2.686600,2.686597,0.000003
2.686600,3.239723,0.056448
2.686600,10.483893,-0.068933
2.686600,2.892065,-0.026370
2.686600,2.689633,0.002904
2.686600,3.700218,0.084875
2.686600,7.471471,-0.121955
2.686600,2.789010,-0.015420
2.686600,2.720809,0.007297
2.686600,4.908744,0.121685
2.686600,4.887789,-0.121357
2.686600,2.720243,-0.007228
2.686600,2.789501,0.015478
2.686600,7.489499,0.121775
2.686600,3.696190,-0.084672
2.686600,2.689531,-0.002889
2.686600,2.892590,0.026423
2.686600,10.494763,0.068635
2.686600,3.238417,-0.056350
2.686600,2.686578,0.000004
2.686600,3.239451,0.056428
2.686600,10.486147,-0.068871
2.686600,2.892172,-0.026381
2.686600,2.689575,0.002897
2.686600,3.698129,0.084770
2.686600,7.480801,-0.121862
2.686600,2.789262,-0.015450
2.686600,2.720478,0.007257
2.686600,4.896514,0.121495
2.686600,4.899970,-0.121549
2.686600,2.720571,-0.007268
2.686600,2.789181,0.015440
2.686600,7.477830,0.121892
2.686600,3.698794,-0.084803
2.686600,2.689592,-0.002899
2.686600,2.892086,0.026373
2.686600,10.484358,0.068920
2.686600,3.239666,-0.056444
2.686600,2.686581,-0.000005
2.686600,3.238307,0.056342
2.686600,10.495682,-0.068610
2.686600,2.892635,-0.026428
2.686600,2.689534,0.002889
2.686600,3.696243,0.084675
2.686600,7.489263,-0.121777
2.686600,2.789495,-0.015477
2.686600,2.720263,0.007231
2.686600,4.888493,0.121368
2.686600,4.908034,-0.121674
2.686600,2.720791,-0.007295
2.686600,2.789037,0.015423
2.686600,7.472449,0.121945
2.686600,3.699999,-0.084864
2.686600,2.689629,-0.002903
2.686600,2.892145,0.026378
2.686600,10.485541,0.068888
2.686600,3.239525,-0.056433
2.686600,2.686599,-0.000002
2.686600,3.239039,0.056397
2.686600,10.489587,-0.068777
2.686600,2.892341,-0.026398
2.686600,2.689608,0.002900
2.686600,3.699084,0.084818
2.686600,7.476535,-0.121905
2.686600,2.789149,-0.015436
2.686600,2.720680,0.007281
2.686600,4.903914,0.121610
2.686600,4.892584,-0.121433
2.686600,2.720374,-0.007244
2.686600,2.789414,0.015467
2.686600,7.486286,0.121807
2.686600,3.696906,-0.084708
2.686600,2.689553,-0.002891
2.686600,2.892625,0.026427
2.686600,10.495471,0.068616
2.686600,3.238332,-0.056344
2.686600,2.686589,0.000006
2.686600,3.239889,0.056460
2.686600,10.482505,-0.068971
2.686600,2.891997,-0.026364
2.686600,2.689619,0.002903
2.686600,3.699831,0.084856
2.686600,7.473194,-0.121938
2.686600,2.789056,-0.015426
2.686600,2.720728,0.007287
2.686600,4.905750,0.121639
2.686600,4.890758,-0.121404
2.686600,2.720323,-0.007238
2.686600,2.789407,0.015467
2.686600,7.486087,0.121809
2.686600,3.696950,-0.084710
2.686600,2.689546,-0.002892
2.686600,2.892372,0.026401
2.686600,10.490271,0.068758
2.686600,3.238956,-0.056391
2.686600,2.686575,-0.000001
2.686600,3.238811,0.056380
2.686600,10.491476,-0.068725
2.686600,2.892430,-0.026407
2.686600,2.689540,0.002891
2.686600,3.696679,0.084697
2.686600,7.487303,-0.121797
2.686600,2.789440,-0.015471
2.686600,2.720290,0.007234
2.686600,4.889539,0.121385
2.686600,4.906979,-0.121658
2.686600,2.720761,-0.007291
2.686600,2.789031,0.015423
2.686600,7.472305,0.121947
2.686600,3.700031,-0.084866
2.686600,2.689625,-0.002904
2.686600,2.891994,0.026363
2.686600,10.482440,0.068973
2.686600,3.239897,-0.056461
2.686600,2.686591,-0.000005
2.686600,3.238399,0.056349
2.686600,10.494921,-0.068631
2.686600,2.892599,-0.026424
2.686600,2.689561,0.002892
2.686600,3.697213,0.084724
2.686600,7.484908,-0.121821
2.686600,2.789377,-0.015463
2.686600,2.720420,0.007250
2.686600,4.894296,0.121460
2.686600,4.902194,-0.121584
2.686600,2.720634,-0.007275
2.686600,2.789192,0.015441
2.686600,7.478111,0.121889
2.686600,3.698731,-0.084800
2.686600,2.689600,-0.002898
2.686600,2.892400,0.026404
2.686600,10.490819,0.068743
2.686600,3.238891,-0.056386
2.686600,2.686598,0.000003
2.686600,3.239643,0.056442
2.686600,10.484556,-0.068915
2.686600,2.892097,-0.026373
2.686600,2.689632,0.002904
2.686600,3.700147,0.084871
2.686600,7.471785,-0.121952
2.686600,2.789018,-0.015421
2.686600,2.720805,0.007296
2.686600,4.908570,0.121683
2.686600,4.887961,-0.121360
2.686600,2.720248,-0.007229
2.686600,2.789502,0.015478
2.686600,7.489517,0.121775
2.686600,3.696186,-0.084672
2.686600,2.689531,-0.002888
2.686600,2.892614,0.026426
2.686600,10.495248,0.068622
2.686600,3.238359,-0.056346
2.686600,2.686579,0.000004
2.686600,3.239552,0.056435
2.686600,10.485308,-0.068894
2.686600,2.892131,-0.026377
2.686600,2.689582,0.002898
2.686600,3.698424,0.084785
2.686600,7.479481,-0.121875
2.686600,2.789226,-0.015446
2.686600,2.720519,0.007262
2.686600,4.898032,0.121519
2.686600,4.898452,-0.121525
2.686600,2.720530,-0.007263
2.686600,2.789216,0.015445
2.686600,7.479120,0.121879
2.686600,3.698505,-0.084789
2.686600,2.689584,-0.002898
2.686600,2.892121,0.026376
2.686600,10.485091,0.068900
2.686600,3.239578,-0.056437
2.686600,2.686580,-0.000004
2.686600,3.238345,0.056345
2.686600,10.495360,-0.068619
2.686600,2.892619,-0.026426
2.686600,2.689532,0.002888
2.686600,3.696193,0.084672
2.686600,7.489488,-0.121775
2.686600,2.789501,-0.015477
2.686600,2.720251,0.007229
2.686600,4.888047,0.121361
2.686600,4.908484,-0.121681
2.686600,2.720803,-0.007296
2.686600,2.789022,0.015421
2.686600,7.471904,0.121951
2.686600,3.700121,-0.084870
2.686600,2.689632,-0.002904
2.686600,2.892107,0.026374
2.686600,10.484756,0.068909
2.686600,3.239619,-0.056440
2.686600,2.686598,-0.000003
2.686600,3.238923,0.056388
2.686600,10.490557,-0.068750
2.686600,2.892388,-0.026403
2.686600,2.689602,0.002898
2.686600,3.698809,0.084804
2.686600,7.477763,-0.121892
2.686600,2.789182,-0.015440
2.686600,2.720644,0.007277
2.686600,4.902579,0.121590
2.686600,4.893913,-0.121454
2.686600,2.720410,-0.007248
2.686600,2.789385,0.015464
2.686600,7.485220,0.121818
2.686600,3.697144,-0.084720
2.686600,2.689559,-0.002892
2.686600,2.892605,0.026425
2.686600,10.495057,0.068627
2.686600,3.238382,-0.056348
2.686600,2.686590,0.000005
2.686600,3.239897,0.056461
2.686600,10.482434,-0.068973
2.686600,2.891994,-0.026363
2.686600,2.689624,0.002904
2.686600,3.699993,0.084864
2.686600,7.472474,-0.121945
2.686600,2.789036,-0.015423
2.686600,2.720755,0.007290
2.686600,4.906738,0.121654
2.686600,4.889778,-0.121389
2.686600,2.720297,-0.007235
2.686600,2.789433,0.015470
2.686600,7.487059,0.121799
2.686600,3.696733,-0.084699
2.686600,2.689541,-0.002891
2.686600,2.892418,0.026406
2.686600,10.491221,0.068732
2.686600,3.238842,-0.056382
2.686600,2.686575,0.000000
2.686600,3.238924,0.056388
2.686600,10.490536,-0.068751
2.686600,2.892384,-0.026403
2.686600,2.689545,0.002892
2.686600,3.696888,0.084707
2.686600,7.486367,-0.121806
2.686600,2.789414,-0.015468
2.686600,2.720315,0.007237
2.686600,4.890472,0.121399
2.686600,4.906039,-0.121644
2.686600,2.720736,-0.007288
2.686600,2.789050,0.015425
2.686600,7.472980,0.121940
2.686600,3.699879,-0.084858
2.686600,2.689621,-0.002904
2.686600,2.891995,0.026363
2.686600,10.482472,0.068972
2.686600,3.239893,-0.056460
2.686600,2.686589,-0.000006
2.686600,3.238345,0.056345
2.686600,10.495370,-0.068618
2.686600,2.892621,-0.026426
2.686600,2.689555,0.002891
2.686600,3.696969,0.084711
2.686600,7.486004,-0.121810
2.686600,2.789407,-0.015466
2.686600,2.720383,0.007245
2.686600,4.892939,0.121438
2.686600,4.903558,-0.121605
2.686600,2.720670,-0.007280
2.686600,2.789158,0.015437
2.686600,7.476866,0.121901
2.686600,3.699010,-0.084814
2.686600,2.689607,-0.002899
2.686600,2.892354,0.026399
2.686600,10.489855,0.068770
2.686600,3.239007,-0.056394
2.686600,2.686599,0.000002
2.686600,3.239552,0.056435
2.686600,10.485317,-0.068894
2.686600,2.892134,-0.026377
2.686600,2.689630,0.002904
2.686600,3.700036,0.084866
2.686600,7.472281,-0.121947
2.686600,2.789032,-0.015423
2.686600,2.720794,0.007295
2.686600,4.908179,0.121677
2.686600,4.888349,-0.121366
2.686600,2.720259,-0.007230
2.686600,2.789497,0.015477
2.686600,7.489343,0.121776
2.686600,3.696225,-0.084674
2.686600,2.689533,-0.002889
2.686600,2.892631,0.026427
2.686600,10.495607,0.068612
2.686600,3.238316,-0.056343
2.686600,2.686581,0.000005
2.686600,3.239643,0.056442
2.686600,10.484550,-0.068915
2.686600,2.892095,-0.026374
2.686600,2.689590,0.002899
2.686600,3.698715,0.084799
2.686600,7.478180,-0.121888
2.686600,2.789191,-0.015442
2.686600,2.720560,0.007267
2.686600,4.899555,0.121542
2.686600,4.896929,-0.121501
2.686600,2.720489,-0.007258
2.686600,2.789252,0.015449
2.686600,7.480437,0.121866
2.686600,3.698211,-0.084774
2.686600,2.689577,-0.002897
2.686600,2.892161,0.026380
2.686600,10.485909,0.068878
2.686600,3.239480,-0.056430
2.686600,2.686578,-0.000004
2.686600,3.238399,0.056349
2.686600,10.494908,-0.068631
2.686600,2.892597,-0.026424
2.686600,2.689531,0.002888
2.686600,3.696185,0.084672
2.686600,7.489523,-0.121774
2.686600,2.789501,-0.015478
2.686600,2.720244,0.007228
2.686600,4.887815,0.121357
2.686600,4.908719,-0.121685
2.686600,2.720809,-0.007297
2.686600,2.789011,0.015420
2.686600,7.471539,0.121955
2.686600,3.700202,-0.084874
2.686600,2.689633,-0.002904
2.686600,2.892073,0.026371
2.686600,10.484065,0.068928
2.686600,3.239702,-0.056446
2.686600,2.686598,-0.000003
2.686600,3.238810,0.056380
2.686600,10.491497,-0.068725
2.686600,2.892433,-0.026407
2.686600,2.689595,0.002897
2.686600,3.698523,0.084790
2.686600,7.479046,-0.121880
2.686600,2.789217,-0.015444
2.686600,2.720605,0.007272
2.686600,4.901154,0.121567
2.686600,4.895334,-0.121476
2.686600,2.720448,-0.007253
2.686600,2.789354,0.015460
2.686600,7.484054,0.121829
2.686600,3.697404,-0.084733
2.686600,2.689566,-0.002893
2.686600,2.892579,0.026422
2.686600,10.494520,0.068642
2.686600,3.238447,-0.056353
2.686600,2.686592,0.000005
2.686600,3.239889,0.056460
2.686600,10.482505,-0.068971
2.686600,2.891997,-0.026363
2.686600,2.689628,0.002904
2.686600,3.700116,0.084870
2.686600,7.471922,-0.121951
2.686600,2.789021,-0.015422
2.686600,2.720776,0.007293
2.686600,4.907546,0.121667
2.686600,4.888977,-0.121376
2.686600,2.720275,-0.007232
2.686600,2.789456,0.015472
2.686600,7.487892,0.121791
2.686600,3.696548,-0.084690
2.686600,2.689537,-0.002890
2.686600,2.892462,0.026410
2.686600,10.492128,0.068707
2.686600,3.238733,-0.056374
2.686600,2.686575,0.000001
2.686600,3.239040,0.056397
2.686600,10.489567,-0.068778
2.686600,2.892337,-0.026398
2.686600,2.689550,0.002893
2.686600,3.697124,0.084719
2.686600,7.485306,-0.121817
2.686600,2.789385,-0.015464
2.686600,2.720345,0.007241
2.686600,4.891569,0.121417
2.686600,4.904934,-0.121626
2.686600,2.720706,-0.007285
2.686600,2.789072,0.015428
2.686600,7.473813,0.121932
2.686600,3.699693,-0.084849
2.686600,2.689616,-0.002903
2.686600,2.892004,0.026364
2.686600,10.482645,0.068967
2.686600,3.239872,-0.056459
2.686600,2.686588,-0.000006
2.686600,3.238306,0.056342
2.686600,10.495688,-0.068610
2.686600,2.892636,-0.026428
2.686600,2.689549,0.002890
2.686600,3.696751,0.084700
2.686600,7.486984,-0.121800
2.686600,2.789433,-0.015469
2.686600,2.720350,0.007241
2.686600,4.891693,0.121419
2.686600,4.904810,-0.121624
2.686600,2.720704,-0.007284
2.686600,2.789126,0.015433
2.686600,7.475695,0.121913
2.686600,3.699272,-0.084827
2.686600,2.689613,-0.002900
2.686600,2.892306,0.026394
2.686600,10.488877,0.068797
2.686600,3.239125,-0.056403
2.686600,2.686599,0.000001
2.686600,3.239451,0.056427
2.686600,10.486159,-0.068871
2.686600,2.892175,-0.026381
2.686600,2.689627,0.002903
2.686600,3.699887,0.084858
2.686600,7.472949,-0.121940
2.686600,2.789050,-0.015425
2.686600,2.720778,0.007293
2.686600,4.907579,0.121667
2.686600,4.888944,-0.121375
2.686600,2.720275,-0.007232
2.686600,2.789487,0.015476
2.686600,7.488983,0.121780
2.686600,3.696305,-0.084678
2.686600,2.689536,-0.002889
2.686600,2.892642,0.026428
2.686600,10.495830,0.068606
2.686600,3.238289,-0.056341
2.686600,2.686582,0.000005
2.686600,3.239722,0.056448
2.686600,10.483889,-0.068933
2.686600,2.892063,-0.026370
2.686600,2.689597,0.002900
2.686600,3.698995,0.084814
2.686600,7.476927,-0.121901
2.686600,2.789157,-0.015438
2.686600,2.720601,0.007272
2.686600,4.901051,0.121566
2.686600,4.895436,-0.121478
2.686600,2.720449,-0.007253
2.686600,2.789288,0.015453
2.686600,7.481755,0.121852
2.686600,3.697916,-0.084759
2.686600,2.689569,-0.002896
2.686600,2.892203,0.026384
2.686600,10.486796,0.068854
2.686600,3.239373,-0.056422
2.686600,2.686577,-0.000003
2.686600,3.238468,0.056354
2.686600,10.494336,-0.068647
2.686600,2.892569,-0.026421
2.686600,2.689531,0.002889
2.686600,3.696219,0.084674
2.686600,7.489367,-0.121776
2.686600,2.789497,-0.015477
2.686600,2.720244,0.007228
2.686600,4.887801,0.121357
2.686600,4.908732,-0.121685
2.686600,2.720809,-0.007297
2.686600,2.789006,0.015420
2.686600,7.471362,0.121956
2.686600,3.700242,-0.084876
2.686600,2.689633,-0.002905
2.686600,2.892045,0.026368
2.686600,10.483482,0.068944
2.686600,3.239772,-0.056451
2.686600,2.686597,-0.000004
2.686600,3.238703,0.056372
2.686600,10.492388,-0.068700
2.686600,2.892476,-0.026412
2.686600,2.689587,0.002896
2.686600,3.698229,0.084775
2.686600,7.480357,-0.121866
2.686600,2.789253,-0.015448
2.686600,2.720565,0.007267
2.686600,4.899669,0.121544
2.686600,4.896816,-0.121499
2.686600,2.720488,-0.007258
2.686600,2.789320,0.015456
2.686600,7.482813,0.121842
2.686600,3.697681,-0.084747
2.686600,2.689574,-0.002894
2.686600,2.892548,0.026419
2.686600,10.493870,0.068660
2.686600,3.238525,-0.056358
2.686600,2.686594,0.000005
2.686600,3.239863,0.056458
2.686600,10.482717,-0.068965
2.686600,2.892008,-0.026365
2.686600,2.689631,0.002905
2.686600,3.700200,0.084874
2.686600,7.471549,-0.121954
2.686600,2.789011,-0.015420
2.686600,2.720793,0.007295
2.686600,4.908157,0.121676
2.686600,4.888371,-0.121366
2.686600,2.720259,-0.007230
2.686600,2.789475,0.015475
2.686600,7.488568,0.121784
2.686600,3.696397,-0.084683
2.686600,2.689534,-0.002890
2.686600,2.892503,0.026415
2.686600,10.492973,0.068684
2.686600,3.238632,-0.056366
2.686600,2.686575,0.000002
2.686600,3.239158,0.056406
2.686600,10.488589,-0.068804
2.686600,2.892290,-0.026393
2.686600,2.689557,0.002894
2.686600,3.697384,0.084732
2.686600,7.484142,-0.121829
2.686600,2.789354,-0.015461
2.686600,2.720378,0.007245
2.686600,4.892808,0.121436
2.686600,4.903688,-0.121607
2.686600,2.720672,-0.007280
2.686600,2.789099,0.015431
2.686600,7.474786,0.121922
2.686600,3.699475,-0.084838
2.686600,2.689610,-0.002902
2.686600,2.892018,0.026366
2.686600,10.482955,0.068959
2.686600,3.239835,-0.056456
2.686600,2.686586,-0.000006
2.686600,3.238284,0.056341
2.686600,10.495870,-0.068605
2.686600,2.892645,-0.026429
2.686600,2.689544,0.002890
2.686600,3.696563,0.084691
2.686600,7.487827,-0.121792
2.686600,2.789456,-0.015472
2.686600,2.720320,0.007237
2.686600,4.890583,0.121401
2.686600,4.905927,-0.121642
2.686600,2.720734,-0.007288
2.686600,2.789096,0.015430
2.686600,7.474623,0.121924
2.686600,3.699512,-0.084839
2.686600,2.689619,-0.002901
2.686600,2.892259,0.026390
2.686600,10.487904,0.068823
2.686600,3.239241,-0.056412
2.686600,2.686600,0.000000
2.686600,3.239342,0.056419
2.686600,10.487064,-0.068846
2.686600,2.892219,-0.026386
2.686600,2.689623,0.002902
2.686600,3.699702,0.084849
2.686600,7.473775,-0.121932
2.686600,2.789073,-0.015427
2.686600,2.720757,0.007290
2.686600,4.906782,0.121655
2.686600,4.889734,-0.121388
2.686600,2.720297,-0.007235
2.686600,2.789473,0.015474
2.686600,7.488444,0.121785
2.686600,3.696425,-0.084684
2.686600,2.689539,-0.002889
2.686600,2.892646,0.026429
2.686600,10.495914,0.068603
2.686600,3.238279,-0.056340
2.686600,2.686584,0.000005
2.686600,3.239788,0.056453
2.686600,10.483340,-0.068948
2.686600,2.892037,-0.026368
2.686600,2.689604,0.002901
2.686600,3.699259,0.084827
2.686600,7.475749,-0.121913
2.686600,2.789125,-0.015434
2.686600,2.720639,0.007277
2.686600,4.902488,0.121588
2.686600,4.894003,-0.121455
2.686600,2.720410,-0.007249
2.686600,2.789324,0.015457
2.686600,7.483045,0.121840
2.686600,3.697628,-0.084745
2.686600,2.689562,-0.002895
2.686600,2.892249,0.026389
2.686600,10.487733,0.068828
2.686600,3.239261,-0.056413
2.686600,2.686576,-0.000003
2.686600,3.238550,0.056360
2.686600,10.493655,-0.068665
2.686600,2.892536,-0.026418
2.686600,2.689532,0.002889
2.686600,3.696296,0.084677
2.686600,7.489023,-0.121779
2.686600,2.789487,-0.015476
2.686600,2.720249,0.007229
2.686600,4.888008,0.121360
2.686600,4.908523,-0.121682
2.686600,2.720803,-0.007296
2.686600,2.789007,0.015420
2.686600,7.471377,0.121956
2.686600,3.700239,-0.084876
2.686600,2.689632,-0.002905
2.686600,2.892022,0.026366
2.686600,10.483019,0.068957
2.686600,3.239827,-0.056455
2.686600,2.686595,-0.000004
2.686600,3.238604,0.056364
2.686600,10.493212,-0.068678
2.686600,2.892516,-0.026416
2.686600,2.689580,0.002895
2.686600,3.697936,0.084760
2.686600,7.481671,-0.121853
2.686600,2.789289,-0.015452
2.686600,2.720525,0.007262
2.686600,4.898155,0.121520
2.686600,4.898328,-0.121523
2.686600,2.720529,-0.007263
2.686600,2.789285,0.015452
2.686600,7.481521,0.121855
2.686600,3.697969,-0.084762
2.686600,2.689581,-0.002895
2.686600,2.892512,0.026415
2.686600,10.493122,0.068680
2.686600,3.238615,-0.056365
2.686600,2.686595,0.000004
2.686600,3.239822,0.056455
2.686600,10.483065,-0.068956
2.686600,2.892025,-0.026366
2.686600,2.689632,0.002905
2.686600,3.700241,0.084876
2.686600,7.471365,-0.121956
2.686600,2.789006,-0.015420
2.686600,2.720804,0.007296
2.686600,4.908558,0.121683
2.686600,4.887973,-0.121360
2.686600,2.720248,-0.007229
2.686600,2.789489,0.015476
2.686600,7.489072,0.121779
2.686600,3.696285,-0.084677
2.686600,2.689532,-0.002889
2.686600,2.892540,0.026418
2.686600,10.493738,0.068663
2.686600,3.238540,-0.056360
2.686600,2.686576,0.000003
2.686600,3.239274,0.056414
2.686600,10.487624,-0.068831
2.686600,2.892243,-0.026389
2.686600,2.689563,0.002895
2.686600,3.697661,0.084746
2.686600,7.482900,-0.121841
2.686600,2.789320,-0.015457
2.686600,2.720415,0.007249
2.686600,4.894163,0.121458
2.686600,4.902328,-0.121586
2.686600,2.720635,-0.007276
2.686600,2.789128,0.015434
2.686600,7.475879,0.121911
2.686600,3.699230,-0.084825
2.686600,2.689603,-0.002901
2.686600,2.892040,0.026368
2.686600,10.483397,0.068947
2.686600,3.239781,-0.056452
2.686600,2.686584,-0.000005
2.686600,3.238279,0.056340
2.686600,10.495912,-0.068604
2.686600,2.892646,-0.026429
2.686600,2.689539,0.002889
2.686600,3.696409,0.084683
2.686600,7.488515,-0.121785
2.686600,2.789475,-0.015474
2.686600,2.720294,0.007234
2.686600,4.889635,0.121386
2.686600,4.906882,-0.121657
2.686600,2.720760,-0.007291
2.686600,2.789070,0.015427
2.686600,7.473673,0.121933
2.686600,3.699725,-0.084850
2.686600,2.689623,-0.002902
2.686600,2.892213,0.026385
2.686600,10.486958,0.068849
2.686600,3.239355,-0.056420
2.686600,2.686600,-0.000000
2.686600,3.239228,0.056411
2.686600,10.488014,-0.068820
2.686600,2.892265,-0.026390
2.686600,2.689618,0.002901
2.686600,3.699486,0.084838
2.686600,7.474740,-0.121923
2.686600,2.789099,-0.015430
2.686600,2.720731,0.007287
2.686600,4.905807,0.121640
2.686600,4.890702,-0.121403
2.686600,2.720323,-0.007238
2.686600,2.789454,0.015472
2.686600,7.487738,0.121792
2.686600,3.696583,-0.084692
2.686600,2.689544,-0.002890
2.686600,2.892644,0.026429
2.686600,10.495856,0.068605
2.686600,3.238286,-0.056341
2.686600,2.686586,0.000006
2.686600,3.239840,0.056456
2.686600,10.482913,-0.068960
2.686600,2.892016,-0.026366
2.686600,2.689610,0.002902
2.686600,3.699501,0.084839
2.686600,7.474669,-0.121923
2.686600,2.789096,-0.015430
2.686600,2.720676,0.007281
2.686600,4.903837,0.121609
2.686600,4.892660,-0.121434
2.686600,2.720374,-0.007244
2.686600,2.789357,0.015461
2.686600,7.484279,0.121827
2.686600,3.697353,-0.084731
2.686600,2.689556,-0.002894
2.686600,2.892295,0.026394
2.686600,10.488701,0.068801
2.686600,3.239144,-0.056405
2.686600,2.686575,-0.000002
2.686600,3.238643,0.056367
2.686600,10.492881,-0.068687
2.686600,2.892498,-0.026414
2.686600,2.689535,0.002890
2.686600,3.696413,0.084683
2.686600,7.488499,-0.121785
2.686600,2.789473,-0.015474
2.686600,2.720261,0.007230
2.686600,4.888430,0.121367
2.686600,4.908097,-0.121675
2.686600,2.720792,-0.007295
2.686600,2.789012,0.015420
2.686600,7.471583,0.121954
2.686600,3.700193,-0.084874
2.686600,2.689631,-0.002905
2.686600,2.892006,0.026364
2.686600,10.482686,0.068966
2.686600,3.239867,-0.056458
2.686600,2.686594,-0.000005
2.686600,3.238515,0.056358
2.686600,10.493950,-0.068657
2.686600,2.892552,-0.026419
2.686600,2.689573,0.002894
2.686600,3.697649,0.084746
2.686600,7.482958,-0.121840
2.686600,2.789324,-0.015457
2.686600,2.720484,0.007257
2.686600,4.896644,0.121497
2.686600,4.899840,-0.121547
2.686600,2.720570,-0.007268
2.686600,2.789249,0.015448
2.686600,7.480207,0.121868
2.686600,3.698263,-0.084777
2.686600,2.689588,-0.002896
2.686600,2.892472,0.026411
2.686600,10.492290,0.068703
2.686600,3.238715,-0.056373
2.686600,2.686597,0.000004
2.686600,3.239765,0.056451
2.686600,10.483542,-0.068943
2.686600,2.892048,-0.026368
2.686600,2.689633,0.002905
2.686600,3.700240,0.084876
2.686600,7.471373,-0.121956
2.686600,2.789007,-0.015420
2.686600,2.720809,0.007297
2.686600,4.908741,0.121685
2.686600,4.887792,-0.121357
2.686600,2.720244,-0.007228
2.686600,2.789498,0.015477
2.686600,7.489394,0.121776
2.686600,3.696213,-0.084673
2.686600,2.689531,-0.002889
2.686600,2.892572,0.026422
2.686600,10.494407,0.068645
2.686600,3.238460,-0.056354
2.686600,2.686577,0.000003
2.686600,3.239386,0.056423
2.686600,10.486692,-0.068856
2.686600,2.892198,-0.026384
2.686600,2.689570,0.002896
2.686600,3.697950,0.084761
2.686600,7.481606,-0.121854
2.686600,2.789284,-0.015452
2.686600,2.720454,0.007254
2.686600,4.895604,0.121480
2.686600,4.900882,-0.121563
2.686600,2.720596,-0.007271
2.686600,2.789161,0.015438
2.686600,7.477067,0.121899
2.686600,3.698964,-0.084812
2.686600,2.689596,-0.002900
2.686600,2.892067,0.026371
2.686600,10.483959,0.068931
2.686600,3.239714,-0.056447
2.686600,2.686582,-0.000005
2.686600,3.238291,0.056341
2.686600,10.495812,-0.068606
2.686600,2.892641,-0.026428
2.686600,2.689536,0.002889
2.686600,3.696294,0.084677
2.686600,7.489034,-0.121779
2.686600,2.789489,-0.015476
2.686600,2.720273,0.007232
2.686600,4.888866,0.121374
2.686600,4.907657,-0.121669
2.686600,2.720781,-0.007293
2.686600,2.789048,0.015424
2.686600,7.472865,0.121941
2.686600,3.699906,-0.084859
2.686600,2.689627,-0.002903
2.686600,2.892170,0.026381
2.686600,10.486059,0.068874
2.686600,3.239463,-0.056428
2.686600,2.686600,-0.000001
2.686600,3.239111,0.056402
2.686600,10.488989,-0.068793
2.686600,2.892312,-0.026395
2.686600,2.689612,0.002900
2.686600,3.699243,0.084826
2.686600,7.475824,-0.121912
2.686600,2.789129,-0.015434
2.686600,2.720700,0.007284
2.686600,4.904674,0.121622
2.686600,4.891828,-0.121421
2.686600,2.720354,-0.007241
2.686600,2.789430,0.015469
2.686600,7.486879,0.121801
2.686600,3.696774,-0.084701
2.686600,2.689549,-0.002890
2.686600,2.892634,0.026428
2.686600,10.495659,0.068610
2.686600,3.238310,-0.056342
2.686600,2.686587,0.000006
2.686600,3.239875,0.056459
2.686600,10.482618,-0.068968
2.686600,2.892002,-0.026364
2.686600,2.689616,0.002903
2.686600,3.699715,0.084850
2.686600,7.473711,-0.121933
2.686600,2.789070,-0.015427
2.686600,2.720709,0.007285
2.686600,4.905068,0.121628
2.686600,4.891436,-0.121415
2.686600,2.720341,-0.007240
2.686600,2.789389,0.015465
2.686600,7.485433,0.121816
2.686600,3.697096,-0.084718
2.686600,2.689550,-0.002893
2.686600,2.892343,0.026399
2.686600,10.489678,0.068775
2.686600,3.239027,-0.056396
2.686600,2.686575,-0.000001
2.686600,3.238745,0.056375
2.686600,10.492028,-0.068710
2.686600,2.892457,-0.026410
2.686600,2.689538,0.002890
2.686600,3.696567,0.084691
2.686600,7.487805,-0.121792
2.686600,2.789454,-0.015472
2.686600,2.720277,0.007233
2.686600,4.889059,0.121377
2.686600,4.907463,-0.121666
2.686600,2.720774,-0.007293
2.686600,2.789023,0.015422
2.686600,7.471976,0.121950
2.686600,3.700104,-0.084869
2.686600,2.689628,-0.002904
2.686600,2.891997,0.026363
2.686600,10.482490,0.068971
2.686600,3.239891,-0.056460
2.686600,2.686592,-0.000005
2.686600,3.238439,0.056352
2.686600,10.494587,-0.068640
2.686600,2.892583,-0.026422
2.686600,2.689566,0.002893
2.686600,3.697373,0.084732
2.686600,7.484192,-0.121828
2.686600,2.789357,-0.015460
2.686600,2.720444,0.007252
2.686600,4.895168,0.121474
2.686600,4.901320,-0.121570
2.686600,2.720610,-0.007273
2.686600,2.789213,0.015444
2.686600,7.478897,0.121881
2.686600,3.698556,-0.084791
2.686600,2.689596,-0.002897
2.686600,2.892428,0.026407
2.686600,10.491392,0.068728
2.686600,3.238822,-0.056381
2.686600,2.686598,0.000003
2.686600,3.239693,0.056445
2.686600,10.484139,-0.068926
2.686600,2.892077,-0.026371
2.686600,2.689633,0.002904
2.686600,3.700195,0.084874
2.686600,7.471571,-0.121954
2.686600,2.789012,-0.015420
2.686600,2.720808,0.007297
2.686600,4.908703,0.121685
2.686600,4.887830,-0.121358
2.686600,2.720245,-0.007228
2.686600,2.789502,0.015478
2.686600,7.489529,0.121774
2.686600,3.696183,-0.084672
2.686600,2.689531,-0.002888
2.686600,2.892600,0.026424
2.686600,10.494966,0.068629
2.686600,3.238392,-0.056349
2.686600,2.686578,0.000004
2.686600,3.239491,0.056431
2.686600,10.485812,-0.068880
2.686600,2.892156,-0.026380
2.686600,2.689578,0.002897
2.686600,3.698244,0.084776
2.686600,7.480286,-0.121867
2.686600,2.789248,-0.015448
2.686600,2.720494,0.007259
2.686600,4.897102,0.121504
2.686600,4.899381,-0.121540
2.686600,2.720555,-0.007266
2.686600,2.789195,0.015442
2.686600,7.478327,0.121887
2.686600,3.698682,-0.084798
2.686600,2.689589,-0.002899
2.686600,2.892099,0.026374
2.686600,10.484632,0.068913
2.686600,3.239633,-0.056441
2.686600,2.686580,-0.000005
2.686600,3.238320,0.056343
2.686600,10.495573,-0.068613
2.686600,2.892630,-0.026427
2.686600,2.689533,0.002888
2.686600,3.696218,0.084673
2.686600,7.489373,-0.121776
2.686600,2.789498,-0.015477
2.686600,2.720258,0.007230
2.686600,4.888294,0.121365
2.686600,4.908235,-0.121678
2.686600,2.720796,-0.007295
2.686600,2.789030,0.015422
2.686600,7.472216,0.121948
2.686600,3.700051,-0.084867
2.686600,2.689630,-0.002904
2.686600,2.892129,0.026377
2.686600,10.485225,0.068896
2.686600,3.239563,-0.056436
2.686600,2.686599,-0.000002
2.686600,3.238994,0.056393
2.686600,10.489967,-0.068767
2.686600,2.892359,-0.026400
2.686600,2.689606,0.002899
2.686600,3.698979,0.084813
2.686600,7.477005,-0.121900
2.686600,2.789161,-0.015438
2.686600,2.720666,0.007279
2.686600,4.903407,0.121603
2.686600,4.893089,-0.121441
2.686600,2.720388,-0.007246
2.686600,2.789403,0.015466
2.686600,7.485885,0.121811
2.686600,3.696996,-0.084713
2.686600,2.689556,-0.002891
2.686600,2.892618,0.026426
2.686600,10.495325,0.068620
2.686600,3.238350,-0.056345
2.686600,2.686589,0.000006
2.686600,3.239894,0.056461
2.686600,10.482461,-0.068972
2.686600,2.891995,-0.026363
2.686600,2.689621,0.002904
2.686600,3.699898,0.084859
2.686600,7.472895,-0.121941
2.686600,2.789047,-0.015425
2.686600,2.720739,0.007289
2.686600,4.906155,0.121645
2.686600,4.890357,-0.121398
2.686600,2.720312,-0.007237
2.686600,2.789418,0.015468
2.686600,7.486481,0.121805
2.686600,3.696862,-0.084706
2.686600,2.689544,-0.002892
2.686600,2.892390,0.026403
2.686600,10.490645,0.068748
2.686600,3.238911,-0.056387
2.686600,2.686575,-0.000000
2.686600,3.238855,0.056383
2.686600,10.491115,-0.068735
2.686600,2.892412,-0.026405
2.686600,2.689542,0.002891
2.686600,3.696757,0.084701
2.686600,7.486955,-0.121800
2.686600,2.789431,-0.015470
2.686600,2.720299,0.007235
2.686600,4.889881,0.121390
2.686600,4.906634,-0.121653
2.686600,2.720752,-0.007290
2.686600,2.789038,0.015424
2.686600,7.472548,0.121945
2.686600,3.699976,-0.084863
2.686600,2.689624,-0.002904
2.686600,2.891994,0.026363
2.686600,10.482435,0.068973
2.686600,3.239897,-0.056461
2.686600,2.686590,-0.000005
2.686600,3.238376,0.056347
2.686600,10.495111,-0.068625
2.686600,2.892608,-0.026425
2.686600,2.689559,0.002892
2.686600,3.697116,0.084719
2.686600,7.485348,-0.121816
2.686600,2.789389,-0.015464
2.686600,2.720406,0.007248
2.686600,4.893756,0.121451
2.686600,4.902736,-0.121592
2.686600,2.720648,-0.007277
2.686600,2.789178,0.015440
2.686600,7.477619,0.121894
2.686600,3.698841,-0.084806
2.686600,2.689603,-0.002899
2.686600,2.892382,0.026402
2.686600,10.490447,0.068753
2.686600,3.238936,-0.056389
2.686600,2.686599,0.000002
2.686600,3.239609,0.056439
2.686600,10.484841,-0.068907
2.686600,2.892111,-0.026375
2.686600,2.689631,0.002904
2.686600,3.700109,0.084870
2.686600,7.471957,-0.121950
2.686600,2.789023,-0.015422
2.686600,2.720801,0.007296
2.686600,4.908444,0.121681
2.686600,4.888087,-0.121362
2.686600,2.720252,-0.007229
2.686600,2.789500,0.015477
2.686600,7.489472,0.121775
2.686600,3.696196,-0.084672
2.686600,2.689532,-0.002888
2.686600,2.892621,0.026426
2.686600,10.495404,0.068617
2.686600,3.238340,-0.056345
2.686600,2.686580,0.000005
2.686600,3.239589,0.056438
2.686600,10.485002,-0.068903
2.686600,2.892117,-0.026376
2.686600,2.689585,0.002898
2.686600,3.698539,0.084791
2.686600,7.478971,-0.121880
2.686600,2.789213,-0.015444
2.686600,2.720535,0.007264
2.686600,4.898625,0.121528
2.686600,4.897858,-0.121516
2.686600,2.720514,-0.007261
2.686600,2.789230,0.015446
2.686600,7.479631,0.121874
2.686600,3.698391,-0.084783
2.686600,2.689581,-0.002898
2.686600,2.892136,0.026378
2.686600,10.485400,0.068892
2.686600,3.239541,-0.056434
2.686600,2.686579,-0.000004
2.686600,3.238364,0.056347
2.686600,10.495199,-0.068623
2.686600,2.892611,-0.026425
2.686600,2.689531,0.002888
2.686600,3.696184,0.084672
2.686600,7.489524,-0.121774
2.686600,2.789502,-0.015478
2.686600,2.720248,0.007229
2.686600,4.887930,0.121359
2.686600,4.908602,-0.121683
2.686600,2.720806,-0.007296
2.686600,2.789017,0.015421
2.686600,7.471740,0.121953
2.686600,3.700158,-0.084872
2.686600,2.689632,-0.002904
2.686600,2.892093,0.026373
2.686600,10.484475,0.068917
2.686600,3.239653,-0.056442
2.686600,2.686598,-0.000003
2.686600,3.238878,0.056385
2.686600,10.490927,-0.068740
2.686600,2.892406,-0.026404
2.686600,2.689599,0.002898
2.686600,3.698699,0.084799
2.686600,7.478257,-0.121887
2.686600,2.789196,-0.015442
2.686600,2.720629,0.007275
2.686600,4.902033,0.121581
2.686600,4.894457,-0.121462
2.686600,2.720425,-0.007250
2.686600,2.789373,0.015462
2.686600,7.484777,0.121822
2.686600,3.697243,-0.084725
2.686600,2.689562,-0.002892
2.686600,2.892596,0.026424
2.686600,10.494862,0.068632
2.686600,3.238406,-0.056350
2.686600,2.686591,0.000005
2.686600,3.239896,0.056461
2.686600,10.482445,-0.068973
2.686600,2.891994,-0.026363
2.686600,2.689626,0.002904
2.686600,3.700045,0.084866
2.686600,7.472238,-0.121948
2.686600,2.789030,-0.015423
2.686600,2.720764,0.007292
2.686600,4.907075,0.121660
2.686600,4.889444,-0.121383
2.686600,2.720288,-0.007234
2.686600,2.789443,0.015471
2.686600,7.487401,0.121796
2.686600,3.696657,-0.084696
2.686600,2.689540,-0.002891
2.686600,2.892435,0.026408
2.686600,10.491580,0.068722
2.686600,3.238799,-0.056379
2.686600,2.686575,0.000001
2.686600,3.238969,0.056392
2.686600,10.490161,-0.068761
2.686600,2.892366,-0.026401
2.686600,2.689547,0.002892
2.686600,3.696977,0.084712
2.686600,7.485968,-0.121810
2.686600,2.789404,-0.015466
2.686600,2.720326,0.007239
2.686600,4.890881,0.121406
2.686600,4.905627,-0.121637
2.686600,2.720724,-0.007287
2.686600,2.789058,0.015426
2.686600,7.473286,0.121937
2.686600,3.699811,-0.084855
2.686600,2.689619,-0.002903
2.686600,2.891998,0.026364
2.686600,10.482522,0.068970
2.686600,3.239887,-0.056460
2.686600,2.686588,-0.000006
2.686600,3.238328,0.056344
2.686600,10.495510,-0.068615
2.686600,2.892627,-0.026427
2.686600,2.689553,0.002891
2.686600,3.696881,0.084707
2.686600,7.486401,-0.121806
2.686600,2.789417,-0.015468
2.686600,2.720370,0.007243
2.686600,4.892439,0.121431
2.686600,4.904060,-0.121613
2.686600,2.720684,-0.007281
2.686600,2.789145,0.015436
2.686600,7.476400,0.121906
2.686600,3.699114,-0.084819
2.686600,2.689609,-0.002900
2.686600,2.892335,0.026397
2.686600,10.489475,0.068780
2.686600,3.239053,-0.056398
2.686600,2.686599,0.000002
2.686600,3.239514,0.056432
2.686600,10.485635,-0.068885
2.686600,2.892149,-0.026379
2.686600,2.689629,0.002903
2.686600,3.699982,0.084863
2.686600,7.472522,-0.121945
2.686600,2.789039,-0.015423
2.686600,2.720789,0.007294
2.686600,4.907970,0.121673
2.686600,4.888556,-0.121369
2.686600,2.720265,-0.007231
2.686600,2.789494,0.015477
2.686600,7.489225,0.121777
2.686600,3.696251,-0.084675
2.686600,2.689534,-0.002889
2.686600,2.892636,0.026428
2.686600,10.495710,0.068609
2.686600,3.238303,-0.056342
2.686600,2.686581,0.000005
2.686600,3.239675,0.056444
2.686600,10.484280,-0.068922
2.686600,2.892082,-0.026372
2.686600,2.689592,0.002900
2.686600,3.698826,0.084805
2.686600,7.477685,-0.121893
2.686600,2.789178,-0.015440
2.686600,2.720576,0.007269
2.686600,4.900142,0.121552
2.686600,4.896343,-0.121492
2.686600,2.720473,-0.007256
2.686600,2.789267,0.015450
2.686600,7.480952,0.121861
2.686600,3.698096,-0.084768
2.686600,2.689574,-0.002897
2.686600,2.892177,0.026382
2.686600,10.486247,0.068869
2.686600,3.239439,-0.056427
2.686600,2.686578,-0.000004
2.686600,3.238424,0.056351
2.686600,10.494699,-0.068637
2.686600,2.892587,-0.026423
2.686600,2.689531,0.002889
2.686600,3.696193,0.084672
2.686600,7.489485,-0.121775
2.686600,2.789500,-0.015478
2.686600,2.720244,0.007228
2.686600,4.887783,0.121357
2.686600,4.908750,-0.121686
2.686600,2.720810,-0.007297
2.686600,2.789009,0.015420
2.686600,7.471448,0.121955
2.686600,3.700223,-0.084875
2.686600,2.689633,-0.002905
2.686600,2.892062,0.026370
2.686600,10.483824,0.068935
2.686600,3.239731,-0.056448
2.686600,2.686597,-0.000003
2.686600,3.238767,0.056376
2.686600,10.491851,-0.068715
2.686600,2.892450,-0.026409
2.686600,2.689592,0.002897
2.686600,3.698409,0.084784
2.686600,7.479554,-0.121874
2.686600,2.789231,-0.015446
2.686600,2.720590,0.007270
2.686600,4.900581,0.121558
2.686600,4.895905,-0.121485
2.686600,2.720464,-0.007255
2.686600,2.789341,0.015459
2.686600,7.483579,0.121834
2.686600,3.697510,-0.084739
2.686600,2.689569,-0.002893
2.686600,2.892568,0.026421
2.686600,10.494280,0.068648
2.686600,3.238476,-0.056355
2.686600,2.686593,0.000005
2.686600,3.239881,0.056460
2.686600,10.482571,-0.068969
2.686600,2.892001,-0.026364
2.686600,2.689629,0.002904
2.686600,3.700154,0.084872
2.686600,7.471755,-0.121952
2.686600,2.789017,-0.015421
2.686600,2.720784,0.007294
2.686600,4.907808,0.121671
2.686600,4.888717,-0.121372
2.686600,2.720268,-0.007231
2.686600,2.789464,0.015473
2.686600,7.488175,0.121788
2.686600,3.696485,-0.084687
2.686600,2.689536,-0.002890
2.686600,2.892478,0.026412
2.686600,10.492466,0.068698
2.686600,3.238693,-0.056371
2.686600,2.686575,0.000001
2.686600,3.239086,0.056400
2.686600,10.489186,-0.068788
2.686600,2.892319,-0.026396
2.686600,2.689553,0.002893
2.686600,3.697223,0.084724
2.686600,7.484864,-0.121821
2.686600,2.789373,-0.015463
2.686600,2.720357,0.007242
2.686600,4.892036,0.121424
2.686600,4.904465,-0.121619
2.686600,2.720693,-0.007283
2.686600,2.789082,0.015429
2.686600,7.474176,0.121928
2.686600,3.699611,-0.084845
2.686600,2.689613,-0.002903
2.686600,2.892009,0.026365
2.686600,10.482750,0.068964
2.686600,3.239859,-0.056458
2.686600,2.686587,-0.000006
2.686600,3.238296,0.056341
2.686600,10.495776,-0.068607
2.686600,2.892640,-0.026428
2.686600,2.689547,0.002890
2.686600,3.696674,0.084696
2.686600,7.487329,-0.121796
2.686600,2.789442,-0.015471
2.686600,2.720338,0.007240
2.686600,4.891243,0.121412
2.686600,4.905263,-0.121631
2.686600,2.720716,-0.007285
2.686600,2.789114,0.015432
2.686600,7.475265,0.121917
2.686600,3.699368,-0.084832
2.686600,2.689615,-0.002901
2.686600,2.892288,0.026393
2.686600,10.488496,0.068807
2.686600,3.239170,-0.056406
2.686600,2.686600,0.000001
2.686600,3.239409,0.056424
2.686600,10.486505,-0.068861
2.686600,2.892192,-0.026383
2.686600,2.689625,0.002903
2.686600,3.699819,0.084855
2.686600,7.473253,-0.121937
2.686600,2.789059,-0.015426
2.686600,2.720771,0.007292
2.686600,4.907291,0.121663
2.686600,4.889229,-0.121380
2.686600,2.720283,-0.007233
2.686600,2.789482,0.015475
2.686600,7.488795,0.121782
2.686600,3.696347,-0.084680
2.686600,2.689537,-0.002889
2.686600,2.892645,0.026429
2.686600,10.495880,0.068604
2.686600,3.238283,-0.056340
2.686600,2.686583,0.000005
2.686600,3.239750,0.056450
2.686600,10.483662,-0.068939
2.686600,2.892052,-0.026369
2.686600,2.689600,0.002901
2.686600,3.699100,0.084819
2.686600,7.476458,-0.121905
2.686600,2.789144,-0.015436
2.686600,2.720616,0.007274
2.686600,4.901619,0.121575
2.686600,4.894869,-0.121469
2.686600,2.720434,-0.007252
2.686600,2.789302,0.015455
2.686600,7.482262,0.121847
2.686600,3.697803,-0.084753
2.686600,2.689567,-0.002896
2.686600,2.892221,0.026386
2.686600,10.487156,0.068844
2.686600,3.239330,-0.056419
2.686600,2.686577,-0.000003
2.686600,3.238498,0.056357
2.686600,10.494083,-0.068654
2.686600,2.892557,-0.026420
2.686600,2.689531,0.002889
2.686600,3.696244,0.084675
2.686600,7.489255,-0.121777
2.686600,2.789494,-0.015477
2.686600,2.720245,0.007229
2.686600,4.887856,0.121358
2.686600,4.908677,-0.121684
2.686600,2.720807,-0.007297
2.686600,2.789006,0.015420
2.686600,7.471345,0.121956
2.686600,3.700246,-0.084876
2.686600,2.689633,-0.002905
2.686600,2.892036,0.026367
2.686600,10.483287,0.068949
2.686600,3.239795,-0.056453
2.686600,2.686596,-0.000004
2.686600,3.238663,0.056369
2.686600,10.492718,-0.068691
2.686600,2.892492,-0.026413
2.686600,2.689585,0.002896
2.686600,3.698115,0.084769
2.686600,7.480870,-0.121861
2.686600,2.789267,-0.015450
2.686600,2.720550,0.007265
2.686600,4.899081,0.121535
2.686600,4.897403,-0.121509
2.686600,2.720504,-0.007260
2.686600,2.789306,0.015454
2.686600,7.482315,0.121847
2.686600,3.697792,-0.084753
2.686600,2.689577,-0.002894
2.686600,2.892535,0.026417
2.686600,10.493590,0.068667
2.686600,3.238559,-0.056361
2.686600,2.686594,0.000005
2.686600,3.239849,0.056457
2.686600,10.482837,-0.068962
2.686600,2.892014,-0.026365
2.686600,2.689632,0.002905
2.686600,3.700221,0.084875
2.686600,7.471455,-0.121955
2.686600,2.789009,-0.015420
2.686600,2.720798,0.007296
2.686600,4.908339,0.121679
2.686600,4.888191,-0.121363
2.686600,2.720254,-0.007230
2.686600,2.789481,0.015475
2.686600,7.488785,0.121782
2.686600,3.696349,-0.084680
2.686600,2.689533,-0.002889
2.686600,2.892518,0.026416
2.686600,10.493282,0.068676
2.686600,3.238595,-0.056364
2.686600,2.686576,0.000002
2.686600,3.239203,0.056409
2.686600,10.488211,-0.068815
2.686600,2.892272,-0.026391
2.686600,2.689559,0.002894
2.686600,3.697490,0.084738
2.686600,7.483666,-0.121833
2.686600,2.789341,-0.015459
2.686600,2.720392,0.007247
2.686600,4.893323,0.121445
2.686600,4.903171,-0.121599
2.686600,2.720658,-0.007279
2.686600,2.789110,0.015432
2.686600,7.475198,0.121918
2.686600,3.699382,-0.084833
2.686600,2.689607,-0.002902
2.686600,2.892026,0.026367
2.686600,10.483112,0.068954
2.686600,3.239816,-0.056455
2.686600,2.686585,-0.000006
2.686600,3.238280,0.056340
2.686600,10.495903,-0.068604
2.686600,2.892646,-0.026429
2.686600,2.689542,0.002889
2.686600,3.696499,0.084688
2.686600,7.488114,-0.121789
2.686600,2.789464,-0.015473
2.686600,2.720309,0.007236
2.686600,4.890194,0.121395
2.686600,4.906319,-0.121648
2.686600,2.720745,-0.007289
2.686600,2.789086,0.015429
2.686600,7.474237,0.121928
2.686600,3.699598,-0.084844
2.686600,2.689620,-0.002902
2.686600,2.892241,0.026388
2.686600,10.487532,0.068833
2.686600,3.239286,-0.056415
2.686600,2.686600,0.000000
2.686600,3.239298,0.056416
2.686600,10.487430,-0.068836
2.686600,2.892236,-0.026387
2.686600,2.689621,0.002902
2.686600,3.699621,0.084845
2.686600,7.474135,-0.121929
2.686600,2.789083,-0.015428
2.686600,2.720747,0.007289
2.686600,4.906423,0.121649
2.686600,4.890091,-0.121393
2.686600,2.720306,-0.007236
2.686600,2.789466,0.015473
2.686600,7.488189,0.121788
2.686600,3.696482,-0.084687
2.686600,2.689541,-0.002889
2.686600,2.892646,0.026429
2.686600,10.495908,0.068604
2.686600,3.238280,-0.056340
2.686600,2.686585,0.000006
2.686600,3.239810,0.056454
2.686600,10.483159,-0.068953
2.686600,2.892028,-0.026367
2.686600,2.689606,0.002902
2.686600,3.699356,0.084832
2.686600,7.475315,-0.121917
2.686600,2.789113,-0.015432
2.686600,2.720654,0.007278
2.686600,4.903026,0.121597
2.686600,4.893468,-0.121447
2.686600,2.720396,-0.007247
2.686600,2.789337,0.015459
2.686600,7.483533,0.121835
2.686600,3.697519,-0.084739
2.686600,2.689560,-0.002894
2.686600,2.892267,0.026391
2.686600,10.488107,0.068818
2.686600,3.239216,-0.056410
2.686600,2.686576,-0.000002
2.686600,3.238585,0.056363
2.686600,10.493364,-0.068673
2.686600,2.892522,-0.026416
2.686600,2.689533,0.002889
2.686600,3.696337,0.084679
2.686600,7.488840,-0.121781
2.686600,2.789482,-0.015475
2.686600,2.720253,0.007230
2.686600,4.888147,0.121363
2.686600,4.908383,-0.121680
2.686600,2.720799,-0.007296
2.686600,2.789008,0.015420
2.686600,7.471434,0.121956
2.686600,3.700226,-0.084875
2.686600,2.689632,-0.002905
2.686600,2.892015,0.026365
2.686600,10.482873,0.068961
2.686600,3.239845,-0.056457
2.686600,2.686595,-0.000005
2.686600,3.238568,0.056362
2.686600,10.493510,-0.068669
2.686600,2.892531,-0.026417
2.686600,2.689577,0.002894
2.686600,3.697823,0.084754
2.686600,7.482176,-0.121848
2.686600,2.789302,-0.015454
2.686600,2.720509,0.007260
2.686600,4.897565,0.121511
2.686600,4.898919,-0.121532
2.686600,2.720545,-0.007265
2.686600,2.789271,0.015450
2.686600,7.481011,0.121860
2.686600,3.698083,-0.084768
2.686600,2.689584,-0.002895
2.686600,2.892497,0.026414
2.686600,10.492807,0.068689
2.686600,3.238653,-0.056368
2.686600,2.686596,0.000004
2.686600,3.239801,0.056454
2.686600,10.483236,-0.068951
2.686600,2.892033,-0.026367
2.686600,2.689633,0.002905
2.686600,3.700246,0.084876
2.686600,7.471345,-0.121956
2.686600,2.789006,-0.015420
2.686600,2.720807,0.007297
2.686600,4.908656,0.121684
2.686600,4.887877,-0.121358
2.686600,2.720246,-0.007229
2.686600,2.789493,0.015477
2.686600,7.489220,0.121777
2.686600,3.696252,-0.084675
2.686600,2.689531,-0.002889
2.686600,2.892553,0.026420
2.686600,10.494011,0.068656
2.686600,3.238507,-0.056357
2.686600,2.686576,0.000003
2.686600,3.239318,0.056418
2.686600,10.487256,-0.068841
2.686600,2.892226,-0.026387
2.686600,2.689566,0.002895
2.686600,3.697772,0.084752
2.686600,7.482401,-0.121846
2.686600,2.789306,-0.015455
2.686600,2.720429,0.007251
2.686600,4.894715,0.121466
2.686600,4.901774,-0.121577
2.686600,2.720620,-0.007274
2.686600,2.789141,0.015436
2.686600,7.476331,0.121907
2.686600,3.699129,-0.084820
2.686600,2.689600,-0.002901
2.686600,2.892049,0.026369
2.686600,10.483602,0.068941
2.686600,3.239757,-0.056450
2.686600,2.686583,-0.000005
2.686600,3.238282,0.056340
2.686600,10.495890,-0.068604
2.686600,2.892645,-0.026429
2.686600,2.689538,0.002889
2.686600,3.696360,0.084681
2.686600,7.488738,-0.121782
2.686600,2.789481,-0.015475
2.686600,2.720285,0.007233
2.686600,4.889313,0.121381
2.686600,4.907207,-0.121662
2.686600,2.720768,-0.007292
2.686600,2.789061,0.015426
2.686600,7.473340,0.121937
2.686600,3.699799,-0.084854
2.686600,2.689625,-0.002903
2.686600,2.892196,0.026383
2.686600,10.486601,0.068859
2.686600,3.239398,-0.056423
2.686600,2.686600,-0.000001
2.686600,3.239183,0.056407
2.686600,10.488392,-0.068810
2.686600,2.892283,-0.026392
2.686600,2.689616,0.002901
2.686600,3.699394,0.084834
2.686600,7.475149,-0.121919
2.686600,2.789111,-0.015432
2.686600,2.720720,0.007286
2.686600,4.905383,0.121633
2.686600,4.891123,-0.121410
2.686600,2.720334,-0.007239
2.686600,2.789445,0.015471
2.686600,7.487421,0.121796
2.686600,3.696653,-0.084695
2.686600,2.689546,-0.002890
2.686600,2.892641,0.026428
2.686600,10.495796,0.068607
2.686600,3.238293,-0.056341
2.686600,2.686586,0.000006
2.686600,3.239855,0.056458
2.686600,10.482782,-0.068963
2.686600,2.892010,-0.026365
2.686600,2.689613,0.002902
2.686600,3.699588,0.084843
2.686600,7.474280,-0.121927
2.686600,2.789085,-0.015429
2.686600,2.720689,0.007283
2.686600,4.904332,0.121617
2.686600,4.892168,-0.121426
2.686600,2.720361,-0.007243
2.686600,2.789370,0.015462
2.686600,7.484739,0.121823
2.686600,3.697250,-0.084726
2.686600,2.689553,-0.002893
2.686600,2.892314,0.026396
2.686600,10.489081,0.068791
2.686600,3.239099,-0.056401
2.686600,2.686575,-0.000002
2.686600,3.238682,0.056370
2.686600,10.492557,-0.068696
2.686600,2.892482,-0.026413
2.686600,2.689536,0.002890
2.686600,3.696469,0.084686
2.686600,7.488248,-0.121787
2.686600,2.789466,-0.015474
2.686600,2.720266,0.007231
2.686600,4.888651,0.121371
2.686600,4.907875,-0.121672
2.686600,2.720785,-0.007294
2.686600,2.789016,0.015421
2.686600,7.471714,0.121953
2.686600,3.700163,-0.084872
2.686600,2.689629,-0.002905
2.686600,2.892002,0.026364
2.686600,10.482593,0.068968
2.686600,3.239878,-0.056459
2.686600,2.686593,-0.000005
2.686600,3.238484,0.056355
2.686600,10.494211,-0.068650
2.686600,2.892565,-0.026420
2.686600,2.689570,0.002893
2.686600,3.697540,0.084740
2.686600,7.483446,-0.121835
2.686600,2.789337,-0.015458
2.686600,2.720468,0.007255
2.686600,4.896064,0.121488
2.686600,4.900422,-0.121556
2.686600,2.720586,-0.007270
2.686600,2.789235,0.015446
2.686600,7.479695,0.121873
2.686600,3.698377,-0.084782
2.686600,2.689591,-0.002897
2.686600,2.892455,0.026409
2.686600,10.491947,0.068712
2.686600,3.238756,-0.056376
2.686600,2.686597,0.000004
2.686600,3.239738,0.056449
2.686600,10.483761,-0.068937
2.686600,2.892058,-0.026370
2.686600,2.689633,0.002905
2.686600,3.700228,0.084876
2.686600,7.471427,-0.121956
2.686600,2.789008,-0.015420
2.686600,2.720810,0.007297
2.686600,4.908753,0.121686
2.686600,4.887780,-0.121357
2.686600,2.720243,-0.007228
2.686600,2.789500,0.015477
2.686600,7.489469,0.121775
2.686600,3.696197,-0.084672
2.686600,2.689531,-0.002889
2.686600,2.892584,0.026423
2.686600,10.494639,0.068638
2.686600,3.238432,-0.056352
2.686600,2.686577,0.000004
2.686600,3.239428,0.056426
2.686600,10.486342,-0.068866
2.686600,2.892181,-0.026382
2.686600,2.689573,0.002897
2.686600,3.698064,0.084767
2.686600,7.481093,-0.121859
2.686600,2.789270,-0.015451
2.686600,2.720469,0.007256
2.686600,4.896182,0.121490
2.686600,4.900303,-0.121554
2.686600,2.720580,-0.007269
2.686600,2.789174,0.015440
2.686600,7.477551,0.121895
2.686600,3.698856,-0.084807
2.686600,2.689593,-0.002900
2.686600,2.892079,0.026372
2.686600,10.484209,0.068924
2.686600,3.239684,-0.056445
2.686600,2.686581,-0.000005
2.686600,3.238300,0.056342
2.686600,10.495735,-0.068608
2.686600,2.892637,-0.026428
2.686600,2.689534,0.002889
2.686600,3.696260,0.084676
2.686600,7.489188,-0.121778
2.686600,2.789493,-0.015477
2.686600,2.720266,0.007231
2.686600,4.888619,0.121370
2.686600,4.907906,-0.121673
2.686600,2.720787,-0.007294
2.686600,2.789041,0.015424
2.686600,7.472592,0.121944
2.686600,3.699967,-0.084862
2.686600,2.689628,-0.002903
2.686600,2.892154,0.026379
2.686600,10.485725,0.068883
2.686600,3.239503,-0.056431
2.686600,2.686599,-0.000002
2.686600,3.239065,0.056399
2.686600,10.489370,-0.068783
2.686600,2.892330,-0.026397
2.686600,2.689610,0.002900
2.686600,3.699142,0.084821
2.686600,7.476274,-0.121907
2.686600,2.789141,-0.015435
2.686600,2.720688,0.007282
2.686600,4.904195,0.121615
2.686600,4.892304,-0.121428
2.686600,2.720366,-0.007243
2.686600,2.789420,0.015468
2.686600,7.486507,0.121805
2.686600,3.696857,-0.084706
2.686600,2.689552,-0.002891
2.686600,2.892629,0.026427
2.686600,10.495545,0.068614
2.686600,3.238324,-0.056343
2.686600,2.686588,0.000006
2.686600,3.239884,0.056460
2.686600,10.482540,-0.068970
2.686600,2.891999,-0.026364
2.686600,2.689618,0.002903
2.686600,3.699791,0.084854
2.686600,7.473375,-0.121936
2.686600,2.789060,-0.015426
2.686600,2.720721,0.007286
2.686600,4.905510,0.121635
2.686600,4.890997,-0.121408
2.686600,2.720329,-0.007239
2.686600,2.789400,0.015466
2.686600,7.485855,0.121811
2.686600,3.697002,-0.084713
2.686600,2.689547,-0.002892
2.686600,2.892361,0.026400
2.686600,10.490057,0.068764
2.686600,3.238982,-0.056393
2.686600,2.686575,-0.000001
2.686600,3.238787,0.056378
2.686600,10.491678,-0.068720
2.686600,2.892440,-0.026408
2.686600,2.689539,0.002891
2.686600,3.696637,0.084695
2.686600,7.487491,-0.121795
2.686600,2.789445,-0.015471
2.686600,2.720285,0.007234
2.686600,4.889357,0.121382
2.686600,4.907163,-0.121661
2.686600,2.720766,-0.007292
2.686600,2.789028,0.015422
2.686600,7.472178,0.121948
2.686600,3.700059,-0.084867
2.686600,2.689626,-0.002904
2.686600,2.891995,0.026363
2.686600,10.482452,0.068972
2.686600,3.239895,-0.056461
2.686600,2.686591,-0.000005
2.686600,3.238412,0.056350
2.686600,10.494805,-0.068634
2.686600,2.892593,-0.026423
2.686600,2.689563,0.002892
2.686600,3.697271,0.084727
2.686600,7.484653,-0.121823
2.686600,2.789370,-0.015462
2.686600,2.720429,0.007251
2.686600,4.894609,0.121465
2.686600,4.901881,-0.121579
2.686600,2.720625,-0.007274
2.686600,2.789199,0.015442
2.686600,7.478394,0.121886
2.686600,3.698668,-0.084797
2.686600,2.689598,-0.002898
2.686600,2.892411,0.026405
2.686600,10.491029,0.068738
2.686600,3.238866,-0.056384
2.686600,2.686598,0.000003
2.686600,3.239662,0.056443
2.686600,10.484400,-0.068919
2.686600,2.892089,-0.026373
2.686600,2.689632,0.002904
2.686600,3.700167,0.084872
2.686600,7.471700,-0.121953
2.686600,2.789016,-0.015421
2.686600,2.720806,0.007297
2.686600,4.908628,0.121684
2.686600,4.887904,-0.121359
2.686600,2.720247,-0.007229
2.686600,2.789502,0.015478
2.686600,7.489529,0.121774
2.686600,3.696183,-0.084672
2.686600,2.689531,-0.002888
2.686600,2.892609,0.026425
2.686600,10.495152,0.068624
2.686600,3.238370,-0.056347
2.686600,2.686579,0.000004
2.686600,3.239530,0.056433
2.686600,10.485487,-0.068889
2.686600,2.892140,-0.026378
2.686600,2.689581,0.002898
2.686600,3.698359,0.084781
2.686600,7.479772,-0.121872
2.686600,2.789234,-0.015447
2.686600,2.720510,0.007261
2.686600,4.897694,0.121513
2.686600,4.898789,-0.121530
2.686600,2.720539,-0.007264
2.686600,2.789209,0.015444
2.686600,7.478831,0.121882
2.686600,3.698570,-0.084792
2.686600,2.689586,-0.002899
2.686600,2.892113,0.026375
2.686600,10.484920,0.068905
2.686600,3.239598,-0.056439
2.686600,2.686580,-0.000005
2.686600,3.238335,0.056344
2.686600,10.495443,-0.068616
2.686600,2.892623,-0.026427
2.686600,2.689532,0.002888
2.686600,3.696200,0.084673
2.686600,7.489454,-0.121775
2.686600,2.789500,-0.015477
2.686600,2.720253,0.007229
2.686600,4.888127,0.121362
2.686600,4.908403,-0.121680
2.686600,2.720800,-0.007296
2.686600,2.789024,0.015422
2.686600,7.472009,0.121950
2.686600,3.700097,-0.084869
2.686600,2.689631,-0.002904
2.686600,2.892115,0.026375
2.686600,10.484922,0.068905
2.686600,3.239599,-0.056438
2.686600,2.686599,-0.000002
2.686600,3.238948,0.056390
2.686600,10.490344,-0.068756
2.686600,2.892377,-0.026402
2.686600,2.689603,0.002899
2.686600,3.698871,0.084807
2.686600,7.477485,-0.121895
2.686600,2.789174,-0.015439
2.686600,2.720652,0.007278
2.686600,4.902883,0.121594
2.686600,4.893610,-0.121449
2.686600,2.720402,-0.007247
2.686600,2.789392,0.015465
2.686600,7.485466,0.121815
2.686600,3.697089,-0.084717
2.686600,2.689558,-0.002892
2.686600,2.892611,0.026425
2.686600,10.495160,0.068624
2.686600,3.238370,-0.056347
2.686600,2.686590,0.000006
2.686600,3.239897,0.056461
2.686600,10.482438,-0.068973
2.686600,2.891994,-0.026363
2.686600,2.689623,0.002904
2.686600,3.699960,0.084862
2.686600,7.472619,-0.121944
2.686600,2.789040,-0.015424
2.686600,2.720749,0.007290
2.686600,4.906534,0.121651
2.686600,4.889980,-0.121392
2.686600,2.720302,-0.007236
2.686600,2.789428,0.015469
2.686600,7.486855,0.121801
2.686600,3.696779,-0.084702
2.686600,2.689542,-0.002891
2.686600,2.892408,0.026405
2.686600,10.491014,0.068738
2.686600,3.238867,-0.056384
2.686600,2.686575,0.000000
2.686600,3.238899,0.056386
2.686600,10.490747,-0.068745
2.686600,2.892395,-0.026404
2.686600,2.689544,0.002892
2.686600,3.696839,0.084705
2.686600,7.486586,-0.121804
2.686600,2.789421,-0.015468
2.686600,2.720309,0.007236
2.686600,4.890250,0.121396
2.686600,4.906262,-0.121647
2.686600,2.720742,-0.007289
2.686600,2.789045,0.015424
2.686600,7.472816,0.121942
2.686600,3.699916,-0.084860
2.686600,2.689622,-0.002904
2.686600,2.891994,0.026363
2.686600,10.482452,0.068972
2.686600,3.239895,-0.056461
2.686600,2.686589,-0.000006
2.686600,3.238355,0.056346
2.686600,10.495281,-0.068621
2.686600,2.892616,-0.026426
2.686600,2.689556,0.002891
2.686600,3.697021,0.084714
2.686600,7.485771,-0.121812
2.686600,2.789400,-0.015466
2.686600,2.720392,0.007246
2.686600,4.893231,0.121443
2.686600,4.903264,-0.121600
2.686600,2.720662,-0.007279
2.686600,2.789165,0.015438
2.686600,7.477136,0.121899
2.686600,3.698949,-0.084811
2.686600,2.689605,-0.002899
2.686600,2.892364,0.026400
2.686600,10.490071,0.068764
2.686600,3.238981,-0.056392
2.686600,2.686599,0.000002
2.686600,3.239573,0.056437
2.686600,10.485141,-0.068899
2.686600,2.892125,-0.026376
2.686600,2.689631,0.002904
2.686600,3.700064,0.084867
2.686600,7.472156,-0.121948
2.686600,2.789029,-0.015422
2.686600,2.720797,0.007295
2.686600,4.908284,0.121678
2.686600,4.888245,-0.121364
2.686600,2.720256,-0.007230
2.686600,2.789498,0.015477
2.686600,7.489398,0.121776
2.686600,3.696213,-0.084673
2.686600,2.689533,-0.002888
2.686600,2.892628,0.026427
2.686600,10.495539,0.068614
2.686600,3.238324,-0.056344
2.686600,2.686580,0.000005
2.686600,3.239624,0.056440
2.686600,10.484710,-0.068911
2.686600,2.892103,-0.026374
2.686600,2.689588,0.002899
2.686600,3.698652,0.084796
2.686600,7.478465,-0.121885
2.686600,2.789199,-0.015442
2.686600,2.720551,0.007266
2.686600,4.899219,0.121537
2.686600,4.897265,-0.121507
2.686600,2.720498,-0.007259
2.686600,2.789245,0.015448
2.686600,7.480145,0.121869
2.686600,3.698276,-0.084777
2.686600,2.689578,-0.002897
2.686600,2.892151,0.026379
2.686600,10.485721,0.068883
2.686600,3.239502,-0.056431
2.686600,2.686578,-0.000004
2.686600,3.238386,0.056348
2.686600,10.495019,-0.068628
2.686600,2.892602,-0.026424
2.686600,2.689531,0.002888
2.686600,3.696183,0.084672
2.686600,7.489532,-0.121774
2.686600,2.789502,-0.015478
2.686600,2.720245,0.007228
2.686600,4.887847,0.121358
2.686600,4.908686,-0.121685
2.686600,2.720808,-0.007297
2.686600,2.789013,0.015420
2.686600,7.471604,0.121954
2.686600,3.700188,-0.084874
2.686600,2.689633,-0.002904
2.686600,2.892080,0.026372
2.686600,10.484209,0.068924
2.686600,3.239685,-0.056445
2.686600,2.686598,-0.000003
2.686600,3.238834,0.056381
2.686600,10.491293,-0.068730
2.686600,2.892423,-0.026406
2.686600,2.689596,0.002897
2.686600,3.698587,0.084793
2.686600,7.478758,-0.121882
2.686600,2.789209,-0.015443
2.686600,2.720614,0.007273
2.686600,4.901475,0.121572
2.686600,4.895013,-0.121471
2.686600,2.720440,-0.007252
2.686600,2.789361,0.015461
2.686600,7.484320,0.121827
2.686600,3.697345,-0.084730
2.686600,2.689565,-0.002893
2.686600,2.892586,0.026423
2.686600,10.494649,0.068638
2.686600,3.238431,-0.056351
2.686600,2.686592,0.000005
2.686600,3.239892,0.056460
2.686600,10.482477,-0.068972
2.686600,2.891996,-0.026363
2.686600,2.689627,0.002904
2.686600,3.700093,0.084869
2.686600,7.472029,-0.121950
2.686600,2.789024,-0.015422
2.686600,2.720772,0.007293
2.686600,4.907383,0.121664
2.686600,4.889138,-0.121378
2.686600,2.720280,-0.007233
2.686600,2.789452,0.015472
2.686600,7.487721,0.121793
2.686600,3.696586,-0.084692
2.686600,2.689538,-0.002890
2.686600,2.892452,0.026409
2.686600,10.491932,0.068713
2.686600,3.238756,-0.056376
2.686600,2.686575,0.000001
2.686600,3.239015,0.056395
2.686600,10.489782,-0.068772
2.686600,2.892348,-0.026399
2.686600,2.689549,0.002892
2.686600,3.697070,0.084716
2.686600,7.485550,-0.121814
2.686600,2.789392,-0.015465
2.686600,2.720338,0.007240
2.686600,4.891313,0.121413
2.686600,4.905192,-0.121630
2.686600,2.720713,-0.007285
2.686600,2.789067,0.015427
2.686600,7.473616,0.121934
2.686600,3.699737,-0.084851
2.686600,2.689617,-0.002903
2.686600,2.892001,0.026364
2.686600,10.482594,0.068968
2.686600,3.239878,-0.056459
2.686600,2.686588,-0.000006
2.686600,3.238313,0.056343
2.686600,10.495629,-0.068611
2.686600,2.892633,-0.026427
2.686600,2.689550,0.002890
2.686600,3.696797,0.084703
2.686600,7.486778,-0.121802
2.686600,2.789428,-0.015469
2.686600,2.720357,0.007242
2.686600,4.891957,0.121423
2.686600,4.904544,-0.121620
2.686600,2.720697,-0.007283
2.686600,2.789132,0.015434
2.686600,7.475946,0.121911
2.686600,3.699216,-0.084825
2.686600,2.689611,-0.002900
2.686600,2.892317,0.026395
2.686600,10.489094,0.068791
2.686600,3.239098,-0.056401
2.686600,2.686600,0.000001
2.686600,3.239474,0.056429
2.686600,10.485966,-0.068876
2.686600,2.892165,-0.026380
2.686600,2.689628,0.002903
2.686600,3.699923,0.084860
2.686600,7.472787,-0.121942
2.686600,2.789046,-0.015424
2.686600,2.720783,0.007294
2.686600,4.907729,0.121670
2.686600,4.888795,-0.121373
2.686600,2.720271,-0.007232
2.686600,2.789490,0.015476
2.686600,7.489079,0.121779
2.686600,3.696284,-0.084677
2.686600,2.689535,-0.002889
2.686600,2.892640,0.026428
2.686600,10.495793,0.068607
2.686600,3.238293,-0.056341
2.686600,2.686582,0.000005
2.686600,3.239706,0.056447
2.686600,10.484026,-0.068929
2.686600,2.892070,-0.026371
2.686600,2.689595,0.002900
2.686600,3.698935,0.084810
2.686600,7.477199,-0.121898
2.686600,2.789164,-0.015438
2.686600,2.720592,0.007271
2.686600,4.900724,0.121561
2.686600,4.895762,-0.121483
2.686600,2.720458,-0.007255
2.686600,2.789281,0.015452
2.686600,7.481465,0.121855
2.686600,3.697981,-0.084762
2.686600,2.689571,-0.002896
2.686600,2.892194,0.026383
2.686600,10.486595,0.068859
2.686600,3.239397,-0.056424
2.686600,2.686577,-0.000003
2.686600,3.238452,0.056353
2.686600,10.494473,-0.068643
2.686600,2.892576,-0.026422
2.686600,2.689531,0.002889
2.686600,3.696208,0.084673
2.686600,7.489418,-0.121776
2.686600,2.789499,-0.015477
2.686600,2.720243,0.007228
2.686600,4.887785,0.121357
2.686600,4.908748,-0.121686
2.686600,2.720809,-0.007297
2.686600,2.789007,0.015420
2.686600,7.471385,0.121956
2.686600,3.700237,-0.084876
2.686600,2.689633,-0.002905
2.686600,2.892051,0.026369
2.686600,10.483601,0.068941
2.686600,3.239758,-0.056450
2.686600,2.686597,-0.000004
2.686600,3.238726,0.056373
2.686600,10.492197,-0.068705
2.686600,2.892467,-0.026411
2.686600,2.689589,0.002896
2.686600,3.698294,0.084778
2.686600,7.480066,-0.121869
2.686600,2.789245,-0.015447
2.686600,2.720574,0.007268
2.686600,4.900001,0.121549
2.686600,4.896484,-0.121494
2.686600,2.720479,-0.007257
2.686600,2.789327,0.015457
2.686600,7.483093,0.121839
2.686600,3.697619,-0.084744
2.686600,2.689572,-0.002894
2.686600,2.892556,0.026419
2.686600,10.494023,0.068655
2.686600,3.238507,-0.056357
2.686600,2.686594,0.000005
2.686600,3.239871,0.056459
2.686600,10.482658,-0.068967
2.686600,2.892005,-0.026364
2.686600,2.689630,0.002905
2.686600,3.700185,0.084873
2.686600,7.471616,-0.121954
2.686600,2.789013,-0.015421
2.686600,2.720790,0.007295
2.686600,4.908039,0.121675
2.686600,4.888487,-0.121368
2.686600,2.720262,-0.007231
2.686600,2.789471,0.015474
2.686600,7.488433,0.121785
2.686600,3.696427,-0.084684
2.686600,2.689535,-0.002890
2.686600,2.892494,0.026414
2.686600,10.492793,0.068689
2.686600,3.238653,-0.056368
2.686600,2.686575,0.000002
2.686600,3.239132,0.056404
2.686600,10.488805,-0.068799
2.686600,2.892301,-0.026394
2.686600,2.689555,0.002894
2.686600,3.697325,0.084729
2.686600,7.484407,-0.121826
2.686600,2.789361,-0.015461
2.686600,2.720370,0.007244
2.686600,4.892523,0.121432
2.686600,4.903975,-0.121611
2.686600,2.720680,-0.007281
2.686600,2.789093,0.015430
2.686600,7.474560,0.121924
2.686600,3.699525,-0.084840
2.686600,2.689611,-0.002902
2.686600,2.892014,0.026365
2.686600,10.482875,0.068961
2.686600,3.239844,-0.056457
2.686600,2.686586,-0.000006
2.686600,3.238288,0.056341
2.686600,10.495842,-0.068605
2.686600,2.892643,-0.026428
2.686600,2.689545,0.002890
2.686600,3.696602,0.084693
2.686600,7.487653,-0.121793
2.686600,2.789451,-0.015472
2.686600,2.720326,0.007238
2.686600,4.890816,0.121405
2.686600,4.905693,-0.121638
2.686600,2.720728,-0.007287
2.686600,2.789102,0.015431
2.686600,7.474850,0.121922
2.686600,3.699461,-0.084837
2.686600,2.689617,-0.002901
2.686600,2.892270,0.026391
2.686600,10.488118,0.068817
2.686600,3.239216,-0.056410
2.686600,2.686600,0.000001
2.686600,3.239367,0.056421
2.686600,10.486859,-0.068852
2.686600,2.892209,-0.026385
2.686600,2.689624,0.002902
2.686600,3.699746,0.084851
2.686600,7.473580,-0.121934
2.686600,2.789068,-0.015427
2.686600,2.720762,0.007291
2.686600,4.906974,0.121658
2.686600,4.889544,-0.121385
2.686600,2.720291,-0.007234
2.686600,2.789476,0.015475
2.686600,7.488579,0.121784
2.686600,3.696395,-0.084682
2.686600,2.689539,-0.002889
2.686600,2.892646,0.026429
2.686600,10.495908,0.068604
2.686600,3.238280,-0.056340
2.686600,2.686584,0.000005
2.686600,3.239775,0.056452
2.686600,10.483451,-0.068945
2.686600,2.892042,-0.026368
2.686600,2.689602,0.002901
2.686600,3.699203,0.084824
2.686600,7.476002,-0.121910
2.686600,2.789132,-0.015435
2.686600,2.720631,0.007276
2.686600,4.902177,0.121583
2.686600,4.894313,-0.121460
2.686600,2.720419,-0.007250
2.686600,2.789316,0.015456
2.686600,7.482763,0.121842
2.686600,3.697691,-0.084748
2.686600,2.689564,-0.002895
2.686600,2.892238,0.026388
2.686600,10.487523,0.068834
2.686600,3.239286,-0.056415
2.686600,2.686576,-0.000003
2.686600,3.238531,0.056359
2.686600,10.493815,-0.068661
2.686600,2.892544,-0.026419
2.686600,2.689532,0.002889
2.686600,3.696276,0.084676
2.686600,7.489115,-0.121779
2.686600,2.789490,-0.015476
2.686600,2.720247,0.007229
2.686600,4.887944,0.121359
2.686600,4.908588,-0.121683
2.686600,2.720805,-0.007296
2.686600,2.789006,0.015420
2.686600,7.471357,0.121956
2.686600,3.700243,-0.084876
2.686600,2.689633,-0.002905
2.686600,2.892027,0.026366
2.686600,10.483110,0.068954
2.686600,3.239816,-0.056455
2.686600,2.686595,-0.000004
2.686600,3.238625,0.056366
2.686600,10.493036,-0.068682
2.686600,2.892508,-0.026415
2.686600,2.689582,0.002895
2.686600,3.698001,0.084763
2.686600,7.481381,-0.121856
2.686600,2.789281,-0.015452
2.686600,2.720534,0.007263
2.686600,4.898491,0.121526
2.686600,4.897993,-0.121518
2.686600,2.720520,-0.007262
2.686600,2.789292,0.015453
2.686600,7.481810,0.121852
2.686600,3.697905,-0.084759
2.686600,2.689579,-0.002895
2.686600,2.892520,0.026416
2.686600,10.493295,0.068675
2.686600,3.238594,-0.056364
2.686600,2.686595,0.000004
2.686600,3.239832,0.056456
2.686600,10.482977,-0.068958
2.686600,2.892020,-0.026366
2.686600,2.689632,0.002905
2.686600,3.700236,0.084876
2.686600,7.471390,-0.121956
2.686600,2.789007,-0.015420
2.686600,2.720802,0.007296
2.686600,4.908488,0.121682
2.686600,4.888043,-0.121361
2.686600,2.720250,-0.007229
2.686600,2.789486,0.015476
2.686600,7.488976,0.121780
2.686600,3.696306,-0.084678
2.686600,2.689533,-0.002889
2.686600,2.892532,0.026417
2.686600,10.493577,0.068668
2.686600,3.238559,-0.056361
2.686600,2.686576,0.000002
2.686600,3.239248,0.056412
2.686600,10.487836,-0.068825
2.686600,2.892254,-0.026390
2.686600,2.689562,0.002895
2.686600,3.697598,0.084743
2.686600,7.483180,-0.121838
2.686600,2.789327,-0.015458
2.686600,2.720406,0.007248
2.686600,4.893854,0.121453
2.686600,4.902637,-0.121591
2.686600,2.720643,-0.007277
2.686600,2.789122,0.015433
2.686600,7.475628,0.121914
2.686600,3.699286,-0.084828
2.686600,2.689605,-0.002901
2.686600,2.892034,0.026367
2.686600,10.483288,0.068949
2.686600,3.239794,-0.056453
2.686600,2.686584,-0.000005
2.686600,3.238279,0.056340
2.686600,10.495915,-0.068603
2.686600,2.892646,-0.026429
2.686600,2.689540,0.002889
2.686600,3.696440,0.084685
2.686600,7.488377,-0.121786
2.686600,2.789471,-0.015474
2.686600,2.720299,0.007235
2.686600,4.889830,0.121389
2.686600,4.906686,-0.121654
2.686600,2.720754,-0.007290
2.686600,2.789076,0.015428
2.686600,7.473872,0.121931
2.686600,3.699680,-0.084848
2.686600,2.689622,-0.002902
2.686600,2.892223,0.026386
2.686600,10.487164,0.068843
2.686600,3.239330,-0.056418
2.686600,2.686600,-0.000000
2.686600,3.239254,0.056413
2.686600,10.487801,-0.068826
2.686600,2.892254,-0.026389
2.686600,2.689619,0.002901
2.686600,3.699536,0.084841
2.686600,7.474515,-0.121925
2.686600,2.789093,-0.015430
2.686600,2.720737,0.007288
2.686600,4.906037,0.121644
2.686600,4.890474,-0.121400
2.686600,2.720317,-0.007237
2.686600,2.789458,0.015472
2.686600,7.487908,0.121791
2.686600,3.696545,-0.084690
2.686600,2.689543,-0.002890
2.686600,2.892645,0.026429
2.686600,10.495881,0.068604
2.686600,3.238283,-0.056340
2.686600,2.686585,0.000006
2.686600,3.239830,0.056456
2.686600,10.482996,-0.068957
2.686600,2.892020,-0.026366
2.686600,2.689609,0.002902
2.686600,3.699450,0.084836
2.686600,7.474898,-0.121921
2.686600,2.789102,-0.015431
2.686600,2.720668,0.007280
2.686600,4.903548,0.121605
2.686600,4.892948,-0.121439
2.686600,2.720382,-0.007245
2.686600,2.789350,0.015460
2.686600,7.484012,0.121830
2.686600,3.697413,-0.084734
2.686600,2.689557,-0.002894
2.686600,2.892285,0.026393
2.686600,10.488485,0.068807
2.686600,3.239170,-0.056407
2.686600,2.686575,-0.000002
2.686600,3.238621,0.056366
2.686600,10.493059,-0.068682
2.686600,2.892507,-0.026415
2.686600,2.689534,0.002890
2.686600,3.696384,0.084682
2.686600,7.488630,-0.121783
2.686600,2.789477,-0.015475
2.686600,2.720257,0.007230
2.686600,4.888318,0.121365
2.686600,4.908210,-0.121677
2.686600,2.720795,-0.007295
2.686600,2.789011,0.015420
2.686600,7.471521,0.121955
2.686600,3.700206,-0.084874
2.686600,2.689631,-0.002905
2.686600,2.892009,0.026365
2.686600,10.482748,0.068964
2.686600,3.239860,-0.056458
2.686600,2.686594,-0.000005
2.686600,3.238534,0.056359
2.686600,10.493794,-0.068662
2.686600,2.892544,-0.026418
2.686600,2.689574,0.002894
2.686600,3.697711,0.084749
2.686600,7.482676,-0.121843
2.686600,2.789316,-0.015456
2.686600,2.720493,0.007258
2.686600,4.896977,0.121502
2.686600,4.899508,-0.121542
2.686600,2.720561,-0.007267
2.686600,2.789257,0.015449
2.686600,7.480498,0.121865
2.686600,3.698198,-0.084773
2.686600,2.689587,-0.002896
2.686600,2.892481,0.026412
2.686600,10.492480,0.068698
2.686600,3.238692,-0.056371
2.686600,2.686596,0.000004
2.686600,3.239779,0.056452
2.686600,10.483426,-0.068946
2.686600,2.892042,-0.026368
2.686600,2.689633,0.002905
2.686600,3.700244,0.084876
2.686600,7.471355,-0.121956
2.686600,2.789006,-0.015420
2.686600,2.720809,0.007297
2.686600,4.908720,0.121685
2.686600,4.887813,-0.121357
2.686600,2.720244,-0.007228
2.686600,2.789496,0.015477
2.686600,7.489339,0.121776
2.686600,3.696226,-0.084674
2.686600,2.689531,-0.002889
2.686600,2.892566,0.026421
2.686600,10.494268,0.068649
2.686600,3.238476,-0.056355
2.686600,2.686577,0.000003
2.686600,3.239361,0.056421
2.686600,10.486894,-0.068851
2.686600,2.892208,-0.026385
2.686600,2.689569,0.002896
2.686600,3.697885,0.084758
2.686600,7.481895,-0.121851
2.686600,2.789292,-0.015453
2.686600,2.720445,0.007253
2.686600,4.895279,0.121475
2.686600,4.901208,-0.121568
2.686600,2.720605,-0.007272
2.686600,2.789153,0.015437
2.686600,7.476797,0.121902
2.686600,3.699025,-0.084815
2.686600,2.689598,-0.002900
2.686600,2.892060,0.026370
2.686600,10.483825,0.068935
2.686600,3.239730,-0.056448
2.686600,2.686582,-0.000005
2.686600,3.238287,0.056341
2.686600,10.495846,-0.068605
2.686600,2.892643,-0.026428
2.686600,2.689536,0.002889
2.686600,3.696316,0.084678
2.686600,7.488934,-0.121780
2.686600,2.789486,-0.015476
2.686600,2.720277,0.007232
2.686600,4.889020,0.121376
2.686600,4.907502,-0.121666
2.686600,2.720776,-0.007293
2.686600,2.789053,0.015425
2.686600,7.473031,0.121940
2.686600,3.699868,-0.084857
2.686600,2.689626,-0.002903
2.686600,2.892179,0.026382
2.686600,10.486253,0.068868
2.686600,3.239439,-0.056427
2.686600,2.686600,-0.000001
2.686600,3.239137,0.056404
2.686600,10.488772,-0.068799
2.686600,2.892301,-0.026394
2.686600,2.689614,0.002900
2.686600,3.699299,0.084829
2.686600,7.475575,-0.121914
2.686600,2.789122,-0.015433
2.686600,2.720707,0.007284
2.686600,4.904937,0.121626
2.686600,4.891567,-0.121417
2.686600,2.720346,-0.007241
2.686600,2.789436,0.015470
2.686600,7.487081,0.121799
2.686600,3.696729,-0.084699
2.686600,2.689548,-0.002890
2.686600,2.892637,0.026428
2.686600,10.495714,0.068609
2.686600,3.238303,-0.056342
2.686600,2.686587,0.000006
2.686600,3.239869,0.056459
2.686600,10.482672,-0.068966
2.686600,2.892005,-0.026364
2.686600,2.689615,0.002903
2.686600,3.699671,0.084848
2.686600,7.473911,-0.121931
2.686600,2.789075,-0.015428
2.686600,2.720702,0.007284
2.686600,4.904807,0.121624
2.686600,4.891696,-0.121419
2.686600,2.720348,-0.007241
2.686600,2.789382,0.015464
2.686600,7.485186,0.121818
2.686600,3.697151,-0.084721
2.686600,2.689551,-0.002893
2.686600,2.892332,0.026397
2.686600,10.489462,0.068781
2.686600,3.239053,-0.056398
2.686600,2.686575,-0.000001
2.686600,3.238722,0.056373
2.686600,10.492222,-0.068705
2.686600,2.892466,-0.026411
2.686600,2.689537,0.002890
2.686600,3.696530,0.084689
2.686600,7.487972,-0.121790
2.686600,2.789459,-0.015473
2.686600,2.720273,0.007232
2.686600,4.888902,0.121375
2.686600,4.907621,-0.121668
2.686600,2.720778,-0.007293
2.686600,2.789020,0.015421
2.686600,7.471873,0.121951
2.686600,3.700127,-0.084870
2.686600,2.689628,-0.002904
2.686600,2.891998,0.026364
2.686600,10.482521,0.068970
2.686600,3.239887,-0.056460
2.686600,2.686592,-0.000005
2.686600,3.238455,0.056353
2.686600,10.494455,-0.068643
2.686600,2.892576,-0.026422
2.686600,2.689567,0.002893
2.686600,3.697433,0.084735
2.686600,7.483925,-0.121831
2.686600,2.789350,-0.015460
2.686600,2.720453,0.007253
2.686600,4.895490,0.121479
2.686600,4.900997,-0.121565
2.686600,2.720601,-0.007271
2.686600,2.789221,0.015444
2.686600,7.479185,0.121878
2.686600,3.698491,-0.084788
2.686600,2.689594,-0.002897
2.686600,2.892438,0.026408
2.686600,10.491595,0.068722
2.686600,3.238798,-0.056379
2.686600,2.686597,0.000003
2.686600,3.239710,0.056447
2.686600,10.483997,-0.068930
2.686600,2.892070,-0.026371
2.686600,2.689633,0.002904
2.686600,3.700209,0.084875
2.686600,7.471511,-0.121955
2.686600,2.789011,-0.015420
2.686600,2.720809,0.007297
2.686600,4.908730,0.121685
2.686600,4.887803,-0.121357
2.686600,2.720244,-0.007228
2.686600,2.789501,0.015478
2.686600,7.489515,0.121775
2.686600,3.696186,-0.084672
2.686600,2.689531,-0.002889
2.686600,2.892594,0.026424
2.686600,10.494853,0.068633
2.686600,3.238406,-0.056350
2.686600,2.686578,0.000004
2.686600,3.239469,0.056429
2.686600,10.486001,-0.068875
2.686600,2.892165,-0.026381
2.686600,2.689576,0.002897
2.686600,3.698179,0.084772
2.686600,7.480579,-0.121864
2.686600,2.789256,-0.015449
2.686600,2.720485,0.007258
2.686600,4.896768,0.121499
2.686600,4.899717,-0.121545
2.686600,2.720565,-0.007267
2.686600,2.789187,0.015441
2.686600,7.478043,0.121890
2.686600,3.698746,-0.084801
2.686600,2.689590,-0.002899
2.686600,2.892091,0.026373
2.686600,10.484474,0.068917
2.686600,3.239652,-0.056443
2.686600,2.686581,-0.000005
2.686600,3.238312,0.056343
2.686600,10.495637,-0.068611
2.686600,2.892633,-0.026427
2.686600,2.689533,0.002889
2.686600,3.696232,0.084674
2.686600,7.489314,-0.121777
2.686600,2.789496,-0.015477
2.686600,2.720260,0.007230
2.686600,4.888403,0.121367
2.686600,4.908125,-0.121676
2.686600,2.720793,-0.007295
2.686600,2.789034,0.015423
2.686600,7.472345,0.121947
2.686600,3.700022,-0.084865
2.686600,2.689630,-0.002904
2.686600,2.892138,0.026378
2.686600,10.485403,0.068892
2.686600,3.239541,-0.056434
2.686600,2.686599,-0.000002
2.686600,3.239020,0.056395
2.686600,10.489751,-0.068773
2.686600,2.892349,-0.026399
2.686600,2.689607,0.002899
2.686600,3.699039,0.084816
2.686600,7.476736,-0.121903
2.686600,2.789154,-0.015437
2.686600,2.720674,0.007280
2.686600,4.903697,0.121607
2.686600,4.892800,-0.121436
2.686600,2.720380,-0.007245
2.686600,2.789410,0.015467
2.686600,7.486115,0.121809
2.686600,3.696944,-0.084710
2.686600,2.689554,-0.002891
2.686600,2.892622,0.026426
2.686600,10.495410,0.068617
2.686600,3.238340,-0.056345
2.686600,2.686589,0.000006
2.686600,3.239891,0.056460
2.686600,10.482484,-0.068971
2.686600,2.891996,-0.026363
2.686600,2.689620,0.002903
2.686600,3.699861,0.084857
2.686600,7.473062,-0.121939
2.686600,2.789052,-0.015425
2.686600,2.720733,0.007288
2.686600,4.905928,0.121642
2.686600,4.890582,-0.121401
2.686600,2.720318,-0.007238
2.686600,2.789411,0.015467
2.686600,7.486259,0.121807
2.686600,3.696912,-0.084708
2.686600,2.689546,-0.002892
2.686600,2.892379,0.026402
2.686600,10.490433,0.068754
2.686600,3.238936,-0.056389
2.686600,2.686575,-0.000000
2.686600,3.238830,0.056381
2.686600,10.491321,-0.068730
2.686600,2.892422,-0.026406
2.686600,2.689541,0.002891
2.686600,3.696712,0.084698
2.686600,7.487155,-0.121798
2.686600,2.789436,-0.015470
2.686600,2.720294,0.007235
2.686600,4.889683,0.121387
2.686600,4.906833,-0.121656
2.686600,2.720757,-0.007291
2.686600,2.789034,0.015423
2.686600,7.472406,0.121946
2.686600,3.700008,-0.084864
2.686600,2.689625,-0.002904
2.686600,2.891994,0.026363
2.686600,10.482435,0.068973
2.686600,3.239897,-0.056461
2.686600,2.686591,-0.000005
2.686600,3.238388,0.056348
2.686600,10.495005,-0.068628
2.686600,2.892603,-0.026424
2.686600,2.689560,0.002892
2.686600,3.697171,0.084721
2.686600,7.485100,-0.121819
2.686600,2.789382,-0.015463
2.686600,2.720414,0.007249
2.686600,4.894062,0.121456
2.686600,4.902430,-0.121587
2.686600,2.720640,-0.007276
2.686600,2.789186,0.015440
2.686600,7.477898,0.121891
2.686600,3.698779,-0.084803
2.686600,2.689601,-0.002898
2.686600,2.892393,0.026403
2.686600,10.490659,0.068748
2.686600,3.238911,-0.056387
2.686600,2.686598,0.000003
2.686600,3.239629,0.056441
2.686600,10.484677,-0.068911
2.686600,2.892103,-0.026374
2.686600,2.689632,0.002904
2.686600,3.700131,0.084871
2.686600,7.471856,-0.121951
2.686600,2.789020,-0.015421
2.686600,2.720804,0.007296
2.686600,4.908520,0.121682
2.686600,4.888011,-0.121360
2.686600,2.720250,-0.007229
2.686600,2.789501,0.015478
2.686600,7.489501,0.121775
2.686600,3.696190,-0.084672
2.686600,2.689532,-0.002888
2.686600,2.892617,0.026426
2.686600,10.495318,0.068620
2.686600,3.238350,-0.056345
2.686600,2.686580,0.000004
2.686600,3.239568,0.056436
2.686600,10.485174,-0.068898
2.686600,2.892125,-0.026377
2.686600,2.689584,0.002898
2.686600,3.698474,0.084787
2.686600,7.479260,-0.121877
2.686600,2.789220,-0.015445
2.686600,2.720526,0.007263
2.686600,4.898288,0.121523
2.686600,4.898195,-0.121521
2.686600,2.720524,-0.007263
2.686600,2.789223,0.015445
2.686600,7.479340,0.121877
2.686600,3.698456,-0.084786
2.686600,2.689583,-0.002898
2.686600,2.892127,0.026377
2.686600,10.485223,0.068897
2.686600,3.239562,-0.056436
2.686600,2.686579,-0.000004
2.686600,3.238353,0.056346
2.686600,10.495293,-0.068620
2.686600,2.892616,-0.026426
2.686600,2.689531,0.002888
2.686600,3.696188,0.084672
2.686600,7.489507,-0.121775
2.686600,2.789501,-0.015478
2.686600,2.720249,0.007229
2.686600,4.887992,0.121360
2.686600,4.908539,-0.121682
2.686600,2.720804,-0.007296
2.686600,2.789020,0.015421
2.686600,7.471830,0.121952
2.686600,3.700137,-0.084871
2.686600,2.689632,-0.002904
2.686600,2.892101,0.026374
2.686600,10.484633,0.068913
2.686600,3.239634,-0.056441
2.686600,2.686598,-0.000003
2.686600,3.238904,0.056387
2.686600,10.490717,-0.068746
2.686600,2.892395,-0.026403
2.686600,2.689601,0.002898
2.686600,3.698762,0.084802
2.686600,7.477975,-0.121890
2.686600,2.789188,-0.015441
2.686600,2.720638,0.007276
2.686600,4.902345,0.121586
2.686600,4.894146,-0.121457
2.686600,2.720416,-0.007249
2.686600,2.789380,0.015463
2.686600,7.485031,0.121820
2.686600,3.697186,-0.084722
2.686600,2.689561,-0.002892
2.686600,2.892601,0.026424
2.686600,10.494975,0.068629
2.686600,3.238392,-0.056349
2.686600,2.686591,0.000005
2.686600,3.239897,0.056461
2.686600,10.482436,-0.068973
2.686600,2.891994,-0.026363
2.686600,2.689625,0.002904
2.686600,3.700016,0.084865
2.686600,7.472369,-0.121946
2.686600,2.789033,-0.015423
2.686600,2.720759,0.007291
2.686600,4.906887,0.121657
2.686600,4.889630,-0.121386
2.686600,2.720293,-0.007234
2.686600,2.789437,0.015470
2.686600,7.487209,0.121798
2.686600,3.696700,-0.084698
2.686600,2.689541,-0.002891
2.686600,2.892425,0.026407
2.686600,10.491377,0.068728
2.686600,3.238823,-0.056381
2.686600,2.686575,0.000000
2.686600,3.238943,0.056390
2.686600,10.490374,-0.068755
2.686600,2.892377,-0.026402
2.686600,2.689546,0.002892
2.686600,3.696925,0.084709
2.686600,7.486197,-0.121808
2.686600,2.789410,-0.015467
2.686600,2.720320,0.007238
2.686600,4.890645,0.121402
2.686600,4.905864,-0.121641
2.686600,2.720731,-0.007288
2.686600,2.789053,0.015425
2.686600,7.473109,0.121939
2.686600,3.699850,-0.084857
2.686600,2.689620,-0.002903
2.686600,2.891996,0.026363
2.686600,10.482491,0.068971
2.686600,3.239890,-0.056460
2.686600,2.686589,-0.000006
2.686600,3.238337,0.056344
2.686600,10.495433,-0.068617
2.686600,2.892623,-0.026426
2.686600,2.689554,0.002891
2.686600,3.696930,0.084709
2.686600,7.486178,-0.121808
2.686600,2.789411,-0.015467
2.686600,2.720378,0.007244
2.686600,4.892721,0.121435
2.686600,4.903777,-0.121608
2.686600,2.720676,-0.007281
2.686600,2.789152,0.015436
2.686600,7.476663,0.121903
2.686600,3.699055,-0.084816
2.686600,2.689608,-0.002899
2.686600,2.892346,0.026398
2.686600,10.489691,0.068774
2.686600,3.239027,-0.056396
2.686600,2.686599,0.000002
2.686600,3.239536,0.056434
2.686600,10.485453,-0.068890
2.686600,2.892140,-0.026378
2.686600,2.689629,0.002903
2.686600,3.700014,0.084865
2.686600,7.472382,-0.121946
2.686600,2.789035,-0.015423
2.686600,2.720792,0.007295
2.686600,4.908093,0.121675
2.686600,4.888435,-0.121367
2.686600,2.720261,-0.007230
2.686600,2.789496,0.015477
2.686600,7.489296,0.121777
2.686600,3.696235,-0.084674
2.686600,2.689534,-0.002889
2.686600,2.892634,0.026428
2.686600,10.495654,0.068611
2.686600,3.238310,-0.056342
2.686600,2.686581,0.000005
2.686600,3.239657,0.056443
2.686600,10.484432,-0.068918
2.686600,2.892089,-0.026373
2.686600,2.689591,0.002899
2.686600,3.698763,0.084802
2.686600,7.477966,-0.121890
2.686600,2.789185,-0.015441
2.686600,2.720567,0.007268
2.686600,4.899809,0.121546
2.686600,4.896675,-0.121497
2.686600,2.720483,-0.007258
2.686600,2.789258,0.015449
2.686600,7.480660,0.121863
2.686600,3.698161,-0.084772
2.686600,2.689576,-0.002897
2.686600,2.892167,0.026381
2.686600,10.486054,0.068874
2.686600,3.239462,-0.056428
2.686600,2.686578,-0.000004
2.686600,3.238410,0.056350
2.686600,10.494820,-0.068633
2.686600,2.892593,-0.026424
2.686600,2.689531,0.002889
2.686600,3.696188,0.084672
2.686600,7.489510,-0.121775
2.686600,2.789501,-0.015478
2.686600,2.720244,0.007228
2.686600,4.887797,0.121357
2.686600,4.908736,-0.121685
2.686600,2.720809,-0.007297
2.686600,2.789010,0.015420
2.686600,7.471496,0.121955
2.686600,3.700212,-0.084875
2.686600,2.689633,-0.002904
2.686600,2.892068,0.026371
2.686600,10.483959,0.068931
2.686600,3.239715,-0.056447
2.686600,2.686597,-0.000003
2.686600,3.238791,0.056378
2.686600,10.491651,-0.068720
2.686600,2.892441,-0.026408
2.686600,2.689593,0.002897
2.686600,3.698474,0.084787
2.686600,7.479265,-0.121877
2.686600,2.789223,-0.015445
2.686600,2.720599,0.007271
2.686600,4.900907,0.121564
2.686600,4.895579,-0.121480
2.686600,2.720455,-0.007254
2.686600,2.789348,0.015459
2.686600,7.483850,0.121831
2.686600,3.697449,-0.084736
2.686600,2.689567,-0.002893
2.686600,2.892575,0.026421
2.686600,10.494418,0.068645
2.686600,3.238459,-0.056353
2.686600,2.686592,0.000005
2.686600,3.239886,0.056460
2.686600,10.482531,-0.068970
2.686600,2.891998,-0.026364
2.686600,2.689629,0.002904
2.686600,3.700133,0.084871
2.686600,7.471846,-0.121951
2.686600,2.789019,-0.015421
2.686600,2.720780,0.007293
2.686600,4.907663,0.121669
2.686600,4.888861,-0.121374
2.686600,2.720272,-0.007232
2.686600,2.789460,0.015473
2.686600,7.488017,0.121790
2.686600,3.696520,-0.084689
2.686600,2.689537,-0.002890
2.686600,2.892469,0.026411
2.686600,10.492275,0.068703
2.686600,3.238715,-0.056373
2.686600,2.686575,0.000001
2.686600,3.239060,0.056398
2.686600,10.489402,-0.068782
2.686600,2.892330,-0.026397
2.686600,2.689551,0.002893
2.686600,3.697166,0.084721
2.686600,7.485117,-0.121819
2.686600,2.789380,-0.015464
2.686600,2.720350,0.007241
2.686600,4.891768,0.121420
2.686600,4.904734,-0.121623
2.686600,2.720700,-0.007284
2.686600,2.789077,0.015428
2.686600,7.473967,0.121930
2.686600,3.699658,-0.084847
2.686600,2.689615,-0.002903
2.686600,2.892005,0.026364
2.686600,10.482687,0.068966
2.686600,3.239867,-0.056458
2.686600,2.686587,-0.000006
2.686600,3.238301,0.056342
2.686600,10.495729,-0.068609
2.686600,2.892638,-0.026428
2.686600,2.689548,0.002890
2.686600,3.696717,0.084699
2.686600,7.487136,-0.121798
2.686600,2.789437,-0.015470
2.686600,2.720344,0.007240
2.686600,4.891496,0.121416
2.686600,4.905008,-0.121628
2.686600,2.720709,-0.007285
2.686600,2.789121,0.015433
2.686600,7.475507,0.121915
2.686600,3.699314,-0.084830
2.686600,2.689614,-0.002900
2.686600,2.892298,0.026394
2.686600,10.488712,0.068801
2.686600,3.239144,-0.056405
2.686600,2.686600,0.000001
2.686600,3.239433,0.056426
2.686600,10.486307,-0.068867
2.686600,2.892182,-0.026382
2.686600,2.689626,0.002903
2.686600,3.699858,0.084857
2.686600,7.473077,-0.121939
2.686600,2.789054,-0.015425
2.686600,2.720775,0.007293
2.686600,4.907458,0.121666
2.686600,4.889064,-0.121377
2.686600,2.720278,-0.007232
2.686600,2.789485,0.015476
2.686600,7.488905,0.121781
2.686600,3.696322,-0.084679
2.686600,2.689536,-0.002889
2.686600,2.892643,0.026429
2.686600,10.495854,0.068605
2.686600,3.238286,-0.056341
2.686600,2.686583,0.000005
2.686600,3.239734,0.056449
2.686600,10.483789,-0.068936
2.686600,2.892058,-0.026370
2.686600,2.689598,0.002900
2.686600,3.699041,0.084816
2.686600,7.476723,-0.121903
2.686600,2.789151,-0.015437
2.686600,2.720607,0.007273
2.686600,4.901297,0.121570
2.686600,4.895190,-0.121474
2.686600,2.720442,-0.007253
2.686600,2.789294,0.015454
2.686600,7.481975,0.121850
2.686600,3.697867,-0.084757
2.686600,2.689568,-0.002896
2.686600,2.892211,0.026385
2.686600,10.486951,0.068849
2.686600,3.239355,-0.056420
2.686600,2.686577,-0.000003
2.686600,3.238481,0.056355
2.686600,10.494229,-0.068650
2.686600,2.892564,-0.026421
2.686600,2.689531,0.002889
2.686600,3.696229,0.084674
2.686600,7.489322,-0.121776
2.686600,2.789496,-0.015477
2.686600,2.720244,0.007228
2.686600,4.887821,0.121357
2.686600,4.908712,-0.121685
2.686600,2.720808,-0.007297
2.686600,2.789006,0.015420
2.686600,7.471351,0.121956
2.686600,3.700244,-0.084876
2.686600,2.689633,-0.002905
2.686600,2.892041,0.026368
2.686600,10.483395,0.068947
2.686600,3.239782,-0.056452
2.686600,2.686596,-0.000004
2.686600,3.238686,0.056370
2.686600,10.492532,-0.068696
2.686600,2.892483,-0.026412
2.686600,2.689586,0.002896
2.686600,3.698180,0.084772
2.686600,7.480579,-0.121864
2.686600,2.789259,-0.015449
2.686600,2.720559,0.007266
2.686600,4.899416,0.121540
2.686600,4.897069,-0.121503
2.686600,2.720495,-0.007259
2.686600,2.789314,0.015455
2.686600,7.482598,0.121844
2.686600,3.697729,-0.084750
2.686600,2.689575,-0.002894
2.686600,2.892542,0.026418
2.686600,10.493751,0.068663
2.686600,3.238539,-0.056359
2.686600,2.686594,0.000005
2.686600,3.239858,0.056458
2.686600,10.482766,-0.068964
2.686600,2.892010,-0.026365
2.686600,2.689631,0.002905
2.686600,3.700210,0.084875
2.686600,7.471505,-0.121955
2.686600,2.789010,-0.015420
2.686600,2.720796,0.007295
2.686600,4.908239,0.121678
2.686600,4.888289,-0.121365
2.686600,2.720257,-0.007230
2.686600,2.789477,0.015475
2.686600,7.488665,0.121783
2.686600,3.696376,-0.084681
2.686600,2.689534,-0.002889
2.686600,2.892509,0.026415
2.686600,10.493108,0.068681
2.686600,3.238615,-0.056365
2.686600,2.686576,0.000002
2.686600,3.239177,0.056407
2.686600,10.488426,-0.068809
2.686600,2.892282,-0.026392
2.686600,2.689558,0.002894
2.686600,3.697429,0.084735
2.686600,7.483938,-0.121831
2.686600,2.789348,-0.015460
2.686600,2.720384,0.007246
2.686600,4.893028,0.121440
2.686600,4.903467,-0.121604
2.686600,2.720666,-0.007280
2.686600,2.789104,0.015431
2.686600,7.474962,0.121920
2.686600,3.699435,-0.084836
2.686600,2.689609,-0.002902
2.686600,2.892021,0.026366
2.686600,10.483021,0.068957
2.686600,3.239827,-0.056456
2.686600,2.686585,-0.000006
2.686600,3.238282,0.056340
2.686600,10.495887,-0.068604
2.686600,2.892645,-0.026429
2.686600,2.689543,0.002890
2.686600,3.696535,0.084689
2.686600,7.487954,-0.121790
2.686600,2.789460,-0.015473
2.686600,2.720315,0.007237
2.686600,4.890412,0.121399
2.686600,4.906099,-0.121644
2.686600,2.720739,-0.007288
2.686600,2.789092,0.015429
2.686600,7.474454,0.121925
2.686600,3.699550,-0.084841
2.686600,2.689619,-0.002901
2.686600,2.892251,0.026389
2.686600,10.487743,0.068828
2.686600,3.239261,-0.056413
2.686600,2.686600,0.000000
2.686600,3.239323,0.056418
2.686600,10.487221,-0.068842
2.686600,2.892226,-0.026386
2.686600,2.689622,0.002902
2.686600,3.699668,0.084847
2.686600,7.473928,-0.121931
2.686600,2.789077,-0.015428
2.686600,2.720753,0.007290
2.686600,4.906630,0.121653
2.686600,4.889885,-0.121390
2.686600,2.720301,-0.007235
2.686600,2.789470,0.015474
2.686600,7.488337,0.121786
2.686600,3.696449,-0.084685
2.686600,2.689540,-0.002889
2.686600,2.892646,0.026429
2.686600,10.495914,0.068603
2.686600,3.238279,-0.056340
2.686600,2.686584,0.000005
2.686600,3.239798,0.056453
2.686600,10.483259,-0.068950
2.686600,2.892033,-0.026367
2.686600,2.689605,0.002901
2.686600,3.699302,0.084829
2.686600,7.475559,-0.121914
2.686600,2.789120,-0.015433
2.686600,2.720646,0.007277
2.686600,4.902722,0.121592
2.686600,4.893770,-0.121452
2.686600,2.720404,-0.007248
2.686600,2.789329,0.015458
2.686600,7.483257,0.121837
2.686600,3.697581,-0.084742
2.686600,2.689561,-0.002895
2.686600,2.892256,0.026390
2.686600,10.487894,0.068823
2.686600,3.239241,-0.056412
2.686600,2.686576,-0.000002
2.686600,3.238565,0.056362
2.686600,10.493531,-0.068669
2.686600,2.892530,-0.026417
2.686600,2.689532,0.002889
2.686600,3.696313,0.084678
2.686600,7.488948,-0.121780
2.686600,2.789485,-0.015476
2.686600,2.720251,0.007229
2.686600,4.888064,0.121361
2.686600,4.908467,-0.121681
2.686600,2.720802,-0.007296
2.686600,2.789007,0.015420
2.686600,7.471398,0.121956
2.686600,3.700234,-0.084876
2.686600,2.689632,-0.002905
2.686600,2.892019,0.026366
2.686600,10.482954,0.068959
2.686600,3.239835,-0.056456
2.686600,2.686595,-0.000005
2.686600,3.238588,0.056363
2.686600,10.493342,-0.068674
2.686600,2.892522,-0.026416
2.686600,2.689579,0.002895
2.686600,3.697887,0.084758
2.686600,7.481889,-0.121851
2.686600,2.789295,-0.015453
2.686600,2.720518,0.007261
2.686600,4.897900,0.121516
2.686600,4.898583,-0.121527
2.686600,2.720536,-0.007264
2.686600,2.789279,0.015451
2.686600,7.481301,0.121857
2.686600,3.698019,-0.084764
2.686600,2.689582,-0.002895
2.686600,2.892505,0.026414
2.686600,10.492987,0.068684
2.686600,3.238631,-0.056366
2.686600,2.686595,0.000004
2.686600,3.239813,0.056454
2.686600,10.483137,-0.068954
2.686600,2.892028,-0.026367
2.686600,2.689633,0.002905
2.686600,3.700244,0.084876
2.686600,7.471353,-0.121956
2.686600,2.789006,-0.015420
2.686600,2.720805,0.007296
2.686600,4.908604,0.121683
2.686600,4.887928,-0.121359
2.686600,2.720247,-0.007229
2.686600,2.789491,0.015476
2.686600,7.489139,0.121778
2.686600,3.696270,-0.084676
2.686600,2.689532,-0.002889
2.686600,2.892546,0.026419
2.686600,10.493858,0.068660
2.686600,3.238525,-0.056359
2.686600,2.686576,0.000003
2.686600,3.239293,0.056416
2.686600,10.487465,-0.068835
2.686600,2.892236,-0.026388
2.686600,2.689564,0.002895
2.686600,3.697709,0.084749
2.686600,7.482685,-0.121843
2.686600,2.789314,-0.015456
2.686600,2.720421,0.007250
2.686600,4.894400,0.121461
2.686600,4.902090,-0.121582
2.686600,2.720629,-0.007275
2.686600,2.789134,0.015435
2.686600,7.476072,0.121909
2.686600,3.699187,-0.084823
2.686600,2.689602,-0.002901
2.686600,2.892044,0.026368
2.686600,10.483483,0.068944
2.686600,3.239771,-0.056451
2.686600,2.686583,-0.000005
2.686600,3.238280,0.056340
2.686600,10.495905,-0.068604
2.686600,2.892646,-0.026429
2.686600,2.689538,0.002889
2.686600,3.696387,0.084682
2.686600,7.488614,-0.121784
2.686600,2.789477,-0.015475
2.686600,2.720290,0.007234
2.686600,4.889492,0.121384
2.686600,4.907026,-0.121659
2.686600,2.720764,-0.007291
2.686600,2.789066,0.015426
2.686600,7.473527,0.121935
2.686600,3.699757,-0.084852
2.686600,2.689624,-0.002902
2.686600,2.892206,0.026384
2.686600,10.486803,0.068853
2.686600,3.239373,-0.056422
2.686600,2.686600,-0.000001
2.686600,3.239209,0.056409
2.686600,10.488177,-0.068816
2.686600,2.892272,-0.026391
2.686600,2.689617,0.002901
2.686600,3.699447,0.084836
2.686600,7.474914,-0.121921
2.686600,2.789104,-0.015431
2.686600,2.720726,0.007287
2.686600,4.905627,0.121637
2.686600,4.890881,-0.121406
2.686600,2.720328,-0.007238
2.686600,2.789450,0.015471
2.686600,7.487604,0.121794
2.686600,3.696612,-0.084693
2.686600,2.689545,-0.002890
2.686600,2.892643,0.026428
2.686600,10.495833,0.068606
2.686600,3.238289,-0.056341
2.686600,2.686586,0.000006
2.686600,3.239847,0.056457
2.686600,10.482854,-0.068961
2.686600,2.892013,-0.026365
2.686600,2.689612,0.002902
2.686600,3.699539,0.084841
2.686600,7.474499,-0.121925
2.686600,2.789091,-0.015430
2.686600,2.720682,0.007282
2.686600,4.904053,0.121613
2.686600,4.892446,-0.121431
2.686600,2.720368,-0.007244
2.686600,2.789363,0.015462
2.686600,7.484479,0.121825
2.686600,3.697308,-0.084729
2.686600,2.689555,-0.002893
2.686600,2.892303,0.026395
2.686600,10.488865,0.068797
2.686600,3.239125,-0.056403
2.686600,2.686575,-0.000002
2.686600,3.238659,0.056369
2.686600,10.492742,-0.068691
2.686600,2.892492,-0.026413
2.686600,2.689535,0.002890
2.686600,3.696436,0.084684
2.686600,7.488394,-0.121786
2.686600,2.789470,-0.015474
2.686600,2.720263,0.007231
2.686600,4.888521,0.121369
2.686600,4.908005,-0.121674
2.686600,2.720789,-0.007295
2.686600,2.789014,0.015421
2.686600,7.471636,0.121954
2.686600,3.700181,-0.084873
2.686600,2.689630,-0.002905
2.686600,2.892004,0.026364
2.686600,10.482643,0.068967
2.686600,3.239872,-0.056459
2.686600,2.686593,-0.000005
2.686600,3.238502,0.056357
2.686600,10.494064,-0.068654
2.686600,2.892557,-0.026420
2.686600,2.689571,0.002894
2.686600,3.697601,0.084743
2.686600,7.483169,-0.121838
2.686600,2.789330,-0.015457
2.686600,2.720477,0.007256
2.686600,4.896393,0.121493
2.686600,4.900092,-0.121551
2.686600,2.720577,-0.007268
2.686600,2.789243,0.015447
2.686600,7.479986,0.121870
2.686600,3.698312,-0.084779
2.686600,2.689589,-0.002896
2.686600,2.892464,0.026410
2.686600,10.492143,0.068707
2.686600,3.238732,-0.056374
2.686600,2.686597,0.000004
2.686600,3.239754,0.056450
2.686600,10.483635,-0.068940
2.686600,2.892052,-0.026369
2.686600,2.689633,0.002905
2.686600,3.700235,0.084876
2.686600,7.471393,-0.121956
2.686600,2.789008,-0.015420
2.686600,2.720810,0.007297
2.686600,4.908750,0.121686
2.686600,4.887783,-0.121357
2.686600,2.720243,-0.007228
2.686600,2.789499,0.015477
2.686600,7.489430,0.121775
2.686600,3.696205,-0.084673
2.686600,2.689531,-0.002889
2.686600,2.892578,0.026422
2.686600,10.494509,0.068642
2.686600,3.238447,-0.056353
2.686600,2.686577,0.000003
2.686600,3.239404,0.056424
2.686600,10.486540,-0.068861
2.686600,2.892191,-0.026383
2.686600,2.689572,0.002896
2.686600,3.697999,0.084763
2.686600,7.481385,-0.121856
2.686600,2.789278,-0.015452
2.686600,2.720460,0.007255
2.686600,4.895853,0.121484
2.686600,4.900633,-0.121559
2.686600,2.720590,-0.007270
2.686600,2.789166,0.015439
2.686600,7.477275,0.121897
2.686600,3.698918,-0.084810
2.686600,2.689595,-0.002900
2.686600,2.892072,0.026371
2.686600,10.484065,0.068928
2.686600,3.239701,-0.056446
2.686600,2.686582,-0.000005
2.686600,3.238295,0.056341
2.686600,10.495781,-0.068607
2.686600,2.892640,-0.026428
2.686600,2.689535,0.002889
2.686600,3.696278,0.084676
2.686600,7.489104,-0.121779
2.686600,2.789491,-0.015476
2.686600,2.720270,0.007231
2.686600,4.888756,0.121372
2.686600,4.907769,-0.121670
2.686600,2.720783,-0.007294
2.686600,2.789045,0.015424
2.686600,7.472744,0.121943
2.686600,3.699932,-0.084861
2.686600,2.689628,-0.002903
2.686600,2.892163,0.026380
2.686600,10.485914,0.068878
2.686600,3.239480,-0.056430
2.686600,2.686599,-0.000001
2.686600,3.239091,0.056401
2.686600,10.489153,-0.068789
2.686600,2.892320,-0.026396
2.686600,2.689611,0.002900
2.686600,3.699200,0.084824
2.686600,7.476016,-0.121910
2.686600,2.789135,-0.015434
2.686600,2.720695,0.007283
2.686600,4.904470,0.121619
2.686600,4.892031,-0.121424
2.686600,2.720359,-0.007242
2.686600,2.789426,0.015469
2.686600,7.486721,0.121803
2.686600,3.696809,-0.084703
2.686600,2.689550,-0.002891
2.686600,2.892632,0.026427
2.686600,10.495612,0.068612
2.686600,3.238316,-0.056343
2.686600,2.686588,0.000006
2.686600,3.239880,0.056459
2.686600,10.482582,-0.068969
2.686600,2.892000,-0.026364
2.686600,2.689617,0.002903
2.686600,3.699749,0.084851
2.686600,7.473563,-0.121934
2.686600,2.789066,-0.015427
2.686600,2.720715,0.007286
2.686600,4.905261,0.121631
2.686600,4.891244,-0.121412
2.686600,2.720336,-0.007240
2.686600,2.789394,0.015465
2.686600,7.485617,0.121814
2.686600,3.697055,-0.084716
2.686600,2.689549,-0.002892
2.686600,2.892351,0.026399
2.686600,10.489842,0.068770
2.686600,3.239007,-0.056395
2.686600,2.686575,-0.000001
2.686600,3.238763,0.056376
2.686600,10.491878,-0.068714
2.686600,2.892450,-0.026409
2.686600,2.689538,0.002890
2.686600,3.696597,0.084693
2.686600,7.487672,-0.121793
2.686600,2.789450,-0.015472
2.686600,2.720281,0.007233
2.686600,4.889184,0.121379
2.686600,4.907337,-0.121664
2.686600,2.720771,-0.007292
2.686600,2.789025,0.015422
2.686600,7.472060,0.121949
2.686600,3.700086,-0.084868
2.686600,2.689627,-0.002904
2.686600,2.891995,0.026363
2.686600,10.482471,0.068972
2.686600,3.239893,-0.056460
2.686600,2.686592,-0.000005
2.686600,3.238427,0.056351
2.686600,10.494683,-0.068637
2.686600,2.892587,-0.026423
2.686600,2.689564,0.002892
2.686600,3.697329,0.084729
2.686600,7.484392,-0.121826
2.686600,2.789363,-0.015461
2.686600,2.720437,0.007252
2.686600,4.894925,0.121470
2.686600,4.901563,-0.121574
2.686600,2.720616,-0.007273
2.686600,2.789207,0.015443
2.686600,7.478679,0.121883
2.686600,3.698604,-0.084794
2.686600,2.689597,-0.002898
2.686600,2.892421,0.026406
2.686600,10.491236,0.068732
2.686600,3.238841,-0.056382
2.686600,2.686598,0.000003
2.686600,3.239680,0.056444
2.686600,10.484250,-0.068923
2.686600,2.892082,-0.026372
2.686600,2.689633,0.002904
2.686600,3.700184,0.084873
2.686600,7.471623,-0.121954
2.686600,2.789014,-0.015420
2.686600,2.720808,0.007297
2.686600,4.908675,0.121684
2.686600,4.887858,-0.121358
2.686600,2.720245,-0.007229
2.686600,2.789502,0.015478
2.686600,7.489532,0.121774
2.686600,3.696183,-0.084672
2.686600,2.689531,-0.002888
2.686600,2.892604,0.026425
2.686600,10.495049,0.068627
2.686600,3.238383,-0.056348
2.686600,2.686579,0.000004
2.686600,3.239508,0.056432
2.686600,10.485670,-0.068884
2.686600,2.892149,-0.026379
2.686600,2.689579,0.002897
2.686600,3.698294,0.084778
2.686600,7.480064,-0.121869
2.686600,2.789242,-0.015448
2.686600,2.720501,0.007260
2.686600,4.897357,0.121508
2.686600,4.899126,-0.121536
2.686600,2.720549,-0.007266
2.686600,2.789201,0.015443
2.686600,7.478544,0.121885
2.686600,3.698634,-0.084795
2.686600,2.689588,-0.002899
2.686600,2.892105,0.026375
2.686600,10.484755,0.068909
2.686600,3.239618,-0.056440
2.686600,2.686580,-0.000005
2.686600,3.238326,0.056344
2.686600,10.495519,-0.068614
2.686600,2.892627,-0.026427
2.686600,2.689533,0.002888
2.686600,3.696210,0.084673
2.686600,7.489411,-0.121776
2.686600,2.789499,-0.015477
2.686600,2.720255,0.007230
2.686600,4.888218,0.121364
2.686600,4.908311,-0.121679
2.686600,2.720798,-0.007295
2.686600,2.789028,0.015422
2.686600,7.472124,0.121949
2.686600,3.700071,-0.084868
2.686600,2.689631,-0.002904
2.686600,2.892123,0.026376
2.686600,10.485093,0.068900
2.686600,3.239579,-0.056437
2.686600,2.686599,-0.000002
2.686600,3.238974,0.056392
2.686600,10.490130,-0.068762
2.686600,2.892367,-0.026400
2.686600,2.689605,0.002899
2.686600,3.698933,0.084810
2.686600,7.477211,-0.121898
2.686600,2.789167,-0.015438
2.686600,2.720660,0.007279
2.686600,4.903183,0.121599
2.686600,4.893312,-0.121444
2.686600,2.720394,-0.007246
2.686600,2.789399,0.015465
2.686600,7.485706,0.121813
2.686600,3.697036,-0.084715
2.686600,2.689556,-0.002891
2.686600,2.892615,0.026426
2.686600,10.495256,0.068622
2.686600,3.238358,-0.056346
2.686600,2.686590,0.000006
2.686600,3.239896,0.056461
2.686600,10.482448,-0.068972
2.686600,2.891994,-0.026363
2.686600,2.689622,0.002904
2.686600,3.699926,0.084860
2.686600,7.472773,-0.121942
2.686600,2.789044,-0.015424
2.686600,2.720743,0.007289
2.686600,4.906322,0.121648
2.686600,4.890191,-0.121395
2.686600,2.720308,-0.007236
2.686600,2.789422,0.015469
2.686600,7.486645,0.121803
2.686600,3.696826,-0.084704
2.686600,2.689543,-0.002891
2.686600,2.892398,0.026404
2.686600,10.490805,0.068744
2.686600,3.238892,-0.056386
2.686600,2.686575,-0.000000
2.686600,3.238874,0.056385
2.686600,10.490956,-0.068740
2.686600,2.892405,-0.026405
2.686600,2.689543,0.002891
2.686600,3.696791,0.084702
2.686600,7.486798,-0.121802
2.686600,2.789426,-0.015469
2.686600,2.720304,0.007236
2.686600,4.890037,0.121393
2.686600,4.906476,-0.121650
2.686600,2.720748,-0.007290
2.686600,2.789041,0.015424
2.686600,7.472661,0.121943
2.686600,3.699951,-0.084862
2.686600,2.689623,-0.002904
2.686600,2.891994,0.026363
2.686600,10.482440,0.068973
2.686600,3.239897,-0.056461
2.686600,2.686590,-0.000006
2.686600,3.238367,0.056347
2.686600,10.495187,-0.068623
2.686600,2.892612,-0.026425
2.686600,2.689558,0.002892
2.686600,3.697074,0.084717
2.686600,7.485532,-0.121815
2.686600,2.789394,-0.015465
2.686600,2.720399,0.007247
2.686600,4.893528,0.121448
2.686600,4.902966,-0.121596
2.686600,2.720654,-0.007278
2.686600,2.789173,0.015439
2.686600,7.477409,0.121896
2.686600,3.698888,-0.084808
2.686600,2.689604,-0.002899
2.686600,2.892374,0.026401
2.686600,10.490285,0.068758
2.686600,3.238956,-0.056390
2.686600,2.686599,0.000002
2.686600,3.239594,0.056438
2.686600,10.484969,-0.068903
2.686600,2.892117,-0.026375
2.686600,2.689631,0.002904
2.686600,3.700090,0.084869
2.686600,7.472040,-0.121950
2.686600,2.789026,-0.015422
2.686600,2.720800,0.007296
2.686600,4.908379,0.121680
2.686600,4.888151,-0.121363
2.686600,2.720253,-0.007229
2.686600,2.789500,0.015477
2.686600,7.489443,0.121775
2.686600,3.696203,-0.084673
2.686600,2.689532,-0.002888
2.686600,2.892624,0.026427
2.686600,10.495465,0.068616
2.686600,3.238333,-0.056344
2.686600,2.686580,0.000005
2.686600,3.239604,0.056439
2.686600,10.484874,-0.068906
2.686600,2.892111,-0.026375
2.686600,2.689587,0.002899
2.686600,3.698587,0.084793
2.686600,7.478752,-0.121883
2.686600,2.789206,-0.015443
2.686600,2.720542,0.007265
2.686600,4.898882,0.121532
2.686600,4.897601,-0.121512
2.686600,2.720507,-0.007261
2.686600,2.789236,0.015447
2.686600,7.479853,0.121872
2.686600,3.698341,-0.084781
2.686600,2.689580,-0.002898
2.686600,2.892143,0.026378
2.686600,10.485537,0.068888
2.686600,3.239524,-0.056433
2.686600,2.686579,-0.000004
2.686600,3.238374,0.056347
2.686600,10.495124,-0.068625
2.686600,2.892608,-0.026425
2.686600,2.689531,0.002888
2.686600,3.696183,0.084672
2.686600,7.489531,-0.121774
2.686600,2.789502,-0.015478
2.686600,2.720246,0.007229
2.686600,4.887890,0.121359
2.686600,4.908642,-0.121684
2.686600,2.720807,-0.007297
2.686600,2.789016,0.015421
2.686600,7.471678,0.121953
2.686600,3.700171,-0.084873
2.686600,2.689632,-0.002904
2.686600,2.892087,0.026372
2.686600,10.484358,0.068920
2.686600,3.239667,-0.056443
2.686600,2.686598,-0.000003
2.686600,3.238859,0.056383
2.686600,10.491086,-0.068736
2.686600,2.892413,-0.026405
2.686600,2.689598,0.002898
2.686600,3.698651,0.084796
2.686600,7.478473,-0.121885
2.686600,2.789202,-0.015442
2.686600,2.720623,0.007274
2.686600,4.901794,0.121577
2.686600,4.894696,-0.121466
2.686600,2.720431,-0.007251
2.686600,2.789368,0.015462
2.686600,7.484581,0.121824
2.686600,3.697286,-0.084727
2.686600,2.689563,-0.002892
2.686600,2.892592,0.026423
2.686600,10.494772,0.068635
2.686600,3.238417,-0.056350
2.686600,2.686591,0.000005
2.686600,3.239895,0.056461
2.686600,10.482456,-0.068972
2.686600,2.891995,-0.026363
2.686600,2.689626,0.002904
2.686600,3.700066,0.084867
2.686600,7.472144,-0.121949
2.686600,2.789027,-0.015422
2.686600,2.720767,0.007292
2.686600,4.907211,0.121662
2.686600,4.889308,-0.121381
2.686600,2.720284,-0.007233
2.686600,2.789447,0.015471
2.686600,7.487542,0.121794
2.686600,3.696626,-0.084694
2.686600,2.689539,-0.002891
2.686600,2.892443,0.026409
2.686600,10.491733,0.068718
2.686600,3.238780,-0.056378
2.686600,2.686575,0.000001
2.686600,3.238989,0.056393
2.686600,10.489998,-0.068766
2.686600,2.892358,-0.026400
2.686600,2.689548,0.002892
2.686600,3.697016,0.084714
2.686600,7.485790,-0.121812
2.686600,2.789399,-0.015466
2.686600,2.720331,0.007239
2.686600,4.891065,0.121409
2.686600,4.905442,-0.121634
2.686600,2.720720,-0.007286
2.686600,2.789062,0.015426
2.686600,7.473426,0.121936
2.686600,3.699779,-0.084853
2.686600,2.689618,-0.002903
2.686600,2.891999,0.026364
2.686600,10.482551,0.068970
2.686600,3.239883,-0.056460
2.686600,2.686588,-0.000006
2.686600,3.238321,0.056343
2.686600,10.495564,-0.068613
2.686600,2.892630,-0.026427
2.686600,2.689551,0.002891
2.686600,3.696844,0.084705
2.686600,7.486566,-0.121804
2.686600,2.789422,-0.015468
2.686600,2.720364,0.007243
2.686600,4.892229,0.121427
2.686600,4.904271,-0.121616
2.686600,2.720689,-0.007282
2.686600,2.789140,0.015435
2.686600,7.476202,0.121908
2.686600,3.699158,-0.084822
2.686600,2.689610,-0.002900
2.686600,2.892327,0.026396
2.686600,10.489310,0.068785
2.686600,3.239073,-0.056399
2.686600,2.686599,0.000002
2.686600,3.239497,0.056431
2.686600,10.485777,-0.068881
2.686600,2.892156,-0.026379
2.686600,2.689628,0.002903
2.686600,3.699957,0.084862
2.686600,7.472633,-0.121944
2.686600,2.789042,-0.015424
2.686600,2.720786,0.007294
2.686600,4.907870,0.121672
2.686600,4.888656,-0.121371
2.686600,2.720267,-0.007231
2.686600,2.789492,0.015476
2.686600,7.489165,0.121778
2.686600,3.696265,-0.084676
2.686600,2.689534,-0.002889
2.686600,2.892638,0.026428
2.686600,10.495748,0.068608
2.686600,3.238299,-0.056342
2.686600,2.686581,0.000005
2.686600,3.239689,0.056445
2.686600,10.484169,-0.068925
2.686600,2.892077,-0.026372
2.686600,2.689594,0.002900
2.686600,3.698873,0.084807
2.686600,7.477474,-0.121895
2.686600,2.789172,-0.015439
2.686600,2.720583,0.007270
2.686600,4.900394,0.121556
2.686600,4.896091,-0.121488
2.686600,2.720467,-0.007256
2.686600,2.789272,0.015451
2.686600,7.481174,0.121858
2.686600,3.698046,-0.084766
2.686600,2.689573,-0.002896
2.686600,2.892184,0.026383
2.686600,10.486396,0.068864
2.686600,3.239421,-0.056425
2.686600,2.686578,-0.000004
2.686600,3.238436,0.056352
2.686600,10.494604,-0.068639
2.686600,2.892582,-0.026422
2.686600,2.689531,0.002889
2.686600,3.696199,0.084672
2.686600,7.489459,-0.121775
2.686600,2.789500,-0.015477
2.686600,2.720243,0.007228
2.686600,4.887780,0.121357
2.686600,4.908753,-0.121686
2.686600,2.720810,-0.007297
2.686600,2.789008,0.015420
2.686600,7.471417,0.121956
2.686600,3.700230,-0.084876
2.686600,2.689633,-0.002905
2.686600,2.892057,0.026369
2.686600,10.483726,0.068937
2.686600,3.239743,-0.056449
2.686600,2.686597,-0.000004
2.686600,3.238749,0.056375
2.686600,10.492001,-0.068711
2.686600,2.892458,-0.026410
2.686600,2.689591,0.002897
2.686600,3.698360,0.084781
2.686600,7.479775,-0.121872
2.686600,2.789237,-0.015446
2.686600,2.720583,0.007269
2.686600,4.900331,0.121555
2.686600,4.896154,-0.121489
2.686600,2.720470,-0.007256
2.686600,2.789335,0.015458
2.686600,7.483370,0.121836
2.686600,3.697557,-0.084741
2.686600,2.689570,-0.002893
2.686600,2.892563,0.026420
2.686600,10.494171,0.068651
2.686600,3.238489,-0.056356
2.686600,2.686593,0.000005
2.686600,3.239877,0.056459
2.686600,10.482606,-0.068968
2.686600,2.892002,-0.026364
2.686600,2.689630,0.002905
2.686600,3.700168,0.084873
2.686600,7.471691,-0.121953
2.686600,2.789015,-0.015421
2.686600,2.720786,0.007294
2.686600,4.907911,0.121673
2.686600,4.888614,-0.121370
2.686600,2.720265,-0.007231
2.686600,2.789467,0.015474
2.686600,7.488289,0.121787
2.686600,3.696459,-0.084686
2.686600,2.689535,-0.002890
2.686600,2.892485,0.026413
2.686600,10.492608,0.068694
2.686600,3.238675,-0.056370
2.686600,2.686575,0.000002
2.686600,3.239106,0.056402
2.686600,10.489022,-0.068793
2.686600,2.892311,-0.026395
2.686600,2.689554,0.002893
2.686600,3.697266,0.084726
2.686600,7.484668,-0.121823
2.686600,2.789368,-0.015462
2.686600,2.720363,0.007243
2.686600,4.892244,0.121427
2.686600,4.904256,-0.121616
2.686600,2.720687,-0.007282
2.686600,2.789087,0.015429
2.686600,7.474340,0.121927
2.686600,3.699575,-0.084843
2.686600,2.689613,-0.002902
2.686600,2.892011,0.026365
2.686600,10.482801,0.068963
2.686600,3.239853,-0.056457
2.686600,2.686586,-0.000006
2.686600,3.238292,0.056341
2.686600,10.495807,-0.068606
2.686600,2.892641,-0.026428
2.686600,2.689546,0.002890
2.686600,3.696642,0.084695
2.686600,7.487472,-0.121795
2.686600,2.789446,-0.015471
2.686600,2.720332,0.007239
2.686600,4.891056,0.121409
2.686600,4.905451,-0.121634
2.686600,2.720721,-0.007286
2.686600,2.789109,0.015431
2.686600,7.475084,0.121919
2.686600,3.699409,-0.084834
2.686600,2.689616,-0.002901
2.686600,2.892280,0.026392
2.686600,10.488333,0.068811
2.686600,3.239190,-0.056408
2.686600,2.686600,0.000001
2.686600,3.239391,0.056423
2.686600,10.486657,-0.068857
2.686600,2.892199,-0.026384
2.686600,2.689625,0.002902
2.686600,3.699788,0.084853
2.686600,7.473391,-0.121936
2.686600,2.789063,-0.015426
2.686600,2.720767,0.007292
2.686600,4.907158,0.121661
2.686600,4.889362,-0.121382
2.686600,2.720286,-0.007233
2.686600,2.789480,0.015475
2.686600,7.488704,0.121783
2.686600,3.696367,-0.084681
2.686600,2.689538,-0.002889
2.686600,2.892645,0.026429
2.686600,10.495894,0.068604
2.686600,3.238281,-0.056340
2.686600,2.686583,0.000005
2.686600,3.239761,0.056451
2.686600,10.483569,-0.068942
2.686600,2.892048,-0.026369
2.686600,2.689601,0.002901
2.686600,3.699145,0.084821
2.686600,7.476260,-0.121907
2.686600,2.789139,-0.015435
2.686600,2.720623,0.007275
2.686600,4.901861,0.121578
2.686600,4.894628,-0.121465
2.686600,2.720427,-0.007251
2.686600,2.789308,0.015455
2.686600,7.482479,0.121845
2.686600,3.697755,-0.084751
2.686600,2.689566,-0.002895
2.686600,2.892228,0.026387
2.686600,10.487313,0.068839
2.686600,3.239311,-0.056417
2.686600,2.686577,-0.000003
2.686600,3.238512,0.056358
2.686600,10.493969,-0.068657
2.686600,2.892551,-0.026419
2.686600,2.689532,0.002889
2.686600,3.696257,0.084675
2.686600,7.489198,-0.121778
2.686600,2.789492,-0.015477
2.686600,2.720246,0.007229
2.686600,4.887890,0.121359
2.686600,4.908643,-0.121684
2.686600,2.720807,-0.007297
2.686600,2.789006,0.015420
2.686600,7.471346,0.121956
2.686600,3.700245,-0.084876
2.686600,2.689633,-0.002905
2.686600,2.892031,0.026367
2.686600,10.483208,0.068952
2.686600,3.239805,-0.056454
2.686600,2.686596,-0.000004
2.686600,3.238647,0.056367
2.686600,10.492857,-0.068687
2.686600,2.892499,-0.026414
2.686600,2.689583,0.002895
2.686600,3.698066,0.084767
2.686600,7.481091,-0.121859
2.686600,2.789273,-0.015451
2.686600,2.720543,0.007264
2.686600,4.898827,0.121531
2.686600,4.897657,-0.121513
2.686600,2.720511,-0.007261
2.686600,2.789300,0.015454
2.686600,7.482097,0.121849
2.686600,3.697841,-0.084755
2.686600,2.689578,-0.002894
2.686600,2.892528,0.026417
2.686600,10.493464,0.068671
2.686600,3.238574,-0.056362
2.686600,2.686595,0.000005
2.686600,3.239842,0.056457
2.686600,10.482895,-0.068960
2.686600,2.892016,-0.026365
2.686600,2.689632,0.002905
2.686600,3.700228,0.084876
2.686600,7.471423,-0.121956
2.686600,2.789008,-0.015420
2.686600,2.720800,0.007296
2.686600,4.908407,0.121680
2.686600,4.888123,-0.121362
2.686600,2.720252,-0.007229
2.686600,2.789483,0.015476
2.686600,7.488871,0.121781
2.686600,3.696330,-0.084679
2.686600,2.689533,-0.002889
2.686600,2.892524,0.026417
2.686600,10.493411,0.068672
2.686600,3.238579,-0.056363
2.686600,2.686576,0.000002
2.686600,3.239223,0.056411
2.686600,10.488049,-0.068819
2.686600,2.892264,-0.026391
2.686600,2.689560,0.002894
2.686600,3.697536,0.084740
2.686600,7.483458,-0.121835
2.686600,2.789335,-0.015458
2.686600,2.720398,0.007247
2.686600,4.893550,0.121448
2.686600,4.902943,-0.121595
2.686600,2.720652,-0.007278
2.686600,2.789115,0.015433
2.686600,7.475382,0.121916
2.686600,3.699341,-0.084831
2.686600,2.689606,-0.002902
2.686600,2.892029,0.026367
2.686600,10.483186,0.068952
2.686600,3.239807,-0.056454
2.686600,2.686585,-0.000006
2.686600,3.238280,0.056340
2.686600,10.495911,-0.068604
2.686600,2.892646,-0.026429
2.686600,2.689541,0.002889
2.686600,3.696473,0.084686
2.686600,7.488230,-0.121787
2.686600,2.789467,-0.015473
2.686600,2.720305,0.007236
2.686600,4.890034,0.121393
2.686600,4.906481,-0.121650
2.686600,2.720749,-0.007289
2.686600,2.789081,0.015428
2.686600,7.474077,0.121929
2.686600,3.699634,-0.084846
2.686600,2.689621,-0.002902
2.686600,2.892233,0.026387
2.686600,10.487372,0.068838
2.686600,3.239305,-0.056417
2.686600,2.686600,-0.000000
2.686600,3.239279,0.056415
2.686600,10.487590,-0.068832
2.686600,2.892244,-0.026388
2.686600,2.689620,0.002902
2.686600,3.699585,0.084843
2.686600,7.474297,-0.121927
2.686600,2.789087,-0.015429
2.686600,2.720743,0.007289
2.686600,4.906259,0.121647
2.686600,4.890253,-0.121396
2.686600,2.720311,-0.007236
2.686600,2.789463,0.015473
2.686600,7.488070,0.121789
2.686600,3.696509,-0.084688
2.686600,2.689542,-0.002889
2.686600,2.892646,0.026429
2.686600,10.495899,0.068604
2.686600,3.238281,-0.056340
2.686600,2.686585,0.000006
2.686600,3.239819,0.056455
2.686600,10.483086,-0.068955
2.686600,2.892025,-0.026366
2.686600,2.689608,0.002902
2.686600,3.699397,0.084834
2.686600,7.475133,-0.121919
2.686600,2.789108,-0.015432
2.686600,2.720660,0.007279
2.686600,4.903253,0.121600
2.686600,4.893242,-0.121443
2.686600,2.720390,-0.007246
2.686600,2.789343,0.015459
2.686600,7.483741,0.121833
2.686600,3.697473,-0.084737
2.686600,2.689559,-0.002894
2.686600,2.892275,0.026392
2.686600,10.488270,0.068813
2.686600,3.239196,-0.056409
2.686600,2.686576,-0.000002
2.686600,3.238600,0.056364
2.686600,10.493234,-0.068677
2.686600,2.892516,-0.026416
2.686600,2.689533,0.002889
2.686600,3.696356,0.084680
2.686600,7.488753,-0.121782
2.686600,2.789480,-0.015475
2.686600,2.720255,0.007230
2.686600,4.888217,0.121364
2.686600,4.908312,-0.121679
2.686600,2.720798,-0.007296
2.686600,2.789009,0.015420
2.686600,7.471468,0.121955
2.686600,3.700218,-0.084875
2.686600,2.689632,-0.002905
2.686600,2.892012,0.026365
2.686600,10.482817,0.068962
2.686600,3.239852,-0.056457
2.686600,2.686594,-0.000005
2.686600,3.238553,0.056361
2.686600,10.493635,-0.068666
2.686600,2.892537,-0.026418
2.686600,2.689576,0.002894
2.686600,3.697775,0.084752
2.686600,7.482393,-0.121846
2.686600,2.789308,-0.015455
2.686600,2.720502,0.007259
2.686600,4.897311,0.121507
2.686600,4.899173,-0.121536
2.686600,2.720552,-0.007265
2.686600,2.789265,0.015450
2.686600,7.480790,0.121862
2.686600,3.698133,-0.084770
2.686600,2.689585,-0.002896
2.686600,2.892490,0.026413
2.686600,10.492667,0.068693
2.686600,3.238669,-0.056369
2.686600,2.686596,0.000004
2.686600,3.239792,0.056453
2.686600,10.483316,-0.068949
2.686600,2.892037,-0.026367
2.686600,2.689633,0.002905
2.686600,3.700246,0.084876
2.686600,7.471346,-0.121956
2.686600,2.789006,-0.015420
2.686600,2.720808,0.007297
2.686600,4.908687,0.121685
2.686600,4.887845,-0.121358
2.686600,2.720245,-0.007229
2.686600,2.789495,0.015477
2.686600,7.489275,0.121777
2.686600,3.696240,-0.084675
2.686600,2.689531,-0.002889
2.686600,2.892559,0.026420
2.686600,10.494124,0.068653
2.686600,3.238494,-0.056356
2.686600,2.686577,0.000003
2.686600,3.239337,0.056419
2.686600,10.487099,-0.068845
2.686600,2.892218,-0.026386
2.686600,2.689567,0.002896
2.686600,3.697821,0.084754
2.686600,7.482183,-0.121848
2.686600,2.789300,-0.015454
2.686600,2.720436,0.007252
2.686600,4.894957,0.121470
2.686600,4.901531,-0.121573
2.686600,2.720614,-0.007273
2.686600,2.789146,0.015436
2.686600,7.476531,0.121905
2.686600,3.699084,-0.084818
2.686600,2.689599,-0.002901
2.686600,2.892054,0.026369
2.686600,10.483696,0.068938
2.686600,3.239745,-0.056449
2.686600,2.686583,-0.000005
2.686600,3.238284,0.056341
2.686600,10.495873,-0.068605
2.686600,2.892644,-0.026429
2.686600,2.689537,0.002889
2.686600,3.696340,0.084680
2.686600,7.488826,-0.121781
2.686600,2.789483,-0.015475
2.686600,2.720282,0.007233
2.686600,4.889183,0.121379
2.686600,4.907338,-0.121664
2.686600,2.720772,-0.007292
2.686600,2.789057,0.015425
2.686600,7.473204,0.121938
2.686600,3.699830,-0.084855
2.686600,2.689626,-0.002903
2.686600,2.892189,0.026383
2.686600,10.486450,0.068863
2.686600,3.239416,-0.056425
2.686600,2.686600,-0.000001
2.686600,3.239163,0.056406
2.686600,10.488556,-0.068805
2.686600,2.892291,-0.026393
2.686600,2.689615,0.002901
2.686600,3.699353,0.084831
2.686600,7.475331,-0.121917
2.686600,2.789116,-0.015432
2.686600,2.720714,0.007285
2.686600,4.905193,0.121630
2.686600,4.891312,-0.121413
2.686600,2.720339,-0.007240
2.686600,2.789441,0.015470
2.686600,7.487277,0.121797
2.686600,3.696685,-0.084697
2.686600,2.689547,-0.002890
2.686600,2.892639,0.026428
2.686600,10.495763,0.068608
2.686600,3.238297,-0.056341
2.686600,2.686587,0.000006
2.686600,3.239861,0.056458
2.686600,10.482732,-0.068965
2.686600,2.892008,-0.026365
2.686600,2.689614,0.002903
2.686600,3.699624,0.084845
2.686600,7.474118,-0.121929
2.686600,2.789081,-0.015429
2.686600,2.720695,0.007283
2.686600,4.904539,0.121620
2.686600,4.891962,-0.121423
2.686600,2.720355,-0.007242
2.686600,2.789375,0.015463
2.686600,7.484934,0.121821
2.686600,3.697207,-0.084723
2.686600,2.689552,-0.002893
2.686600,2.892322,0.026396
2.686600,10.489245,0.068786
2.686600,3.239079,-0.056400
2.686600,2.686575,-0.000001
2.686600,3.238699,0.056372
2.686600,10.492414,-0.068700
2.686600,2.892476,-0.026412
2.686600,2.689536,0.002890
2.686600,3.696494,0.084687
2.686600,7.488132,-0.121788
2.686600,2.789463,-0.015473
2.686600,2.720269,0.007232
2.686600,4.888756,0.121372
2.686600,4.907769,-0.121670
2.686600,2.720783,-0.007294
2.686600,2.789017,0.015421
2.686600,7.471779,0.121952
2.686600,3.700148,-0.084872
2.686600,2.689629,-0.002904
2.686600,2.892000,0.026364
2.686600,10.482560,0.068969
2.686600,3.239882,-0.056460
2.686600,2.686593,-0.000005
2.686600,3.238471,0.056354
2.686600,10.494318,-0.068647
2.686600,2.892570,-0.026421
2.686600,2.689569,0.002893
2.686600,3.697493,0.084738
2.686600,7.483654,-0.121833
2.686600,2.789343,-0.015459
2.686600,2.720461,0.007254
2.686600,4.895815,0.121484
2.686600,4.900671,-0.121560
2.686600,2.720592,-0.007270
2.686600,2.789229,0.015445
2.686600,7.479475,0.121875
2.686600,3.698427,-0.084785
2.686600,2.689592,-0.002897
2.686600,2.892448,0.026409
2.686600,10.491796,0.068716
2.686600,3.238774,-0.056377
2.686600,2.686597,0.000003
2.686600,3.239726,0.056448
2.686600,10.483861,-0.068934
2.686600,2.892063,-0.026370
2.686600,2.689633,0.002904
2.686600,3.700220,0.084875
2.686600,7.471460,-0.121955
2.686600,2.789009,-0.015420
2.686600,2.720809,0.007297
2.686600,4.908747,0.121686
2.686600,4.887786,-0.121357
2.686600,2.720243,-0.007228
2.686600,2.789501,0.015478
2.686600,7.489493,0.121775
2.686600,3.696192,-0.084672
2.686600,2.689531,-0.002889
2.686600,2.892588,0.026423
2.686600,10.494733,0.068636
2.686600,3.238420,-0.056351
2.686600,2.686578,0.000004
2.686600,3.239446,0.056427
2.686600,10.486194,-0.068870
2.686600,2.892174,-0.026382
2.686600,2.689574,0.002897
2.686600,3.698114,0.084769
2.686600,7.480872,-0.121861
2.686600,2.789264,-0.015450
2.686600,2.720476,0.007257
2.686600,4.896434,0.121493
2.686600,4.900050,-0.121550
2.686600,2.720574,-0.007269
2.686600,2.789179,0.015440
2.686600,7.477762,0.121892
2.686600,3.698809,-0.084804
2.686600,2.689592,-0.002900
2.686600,2.892084,0.026372
2.686600,10.484322,0.068921
2.686600,3.239670,-0.056444
2.686600,2.686581,-0.000005
2.686600,3.238305,0.056342
2.686600,10.495695,-0.068609
2.686600,2.892636,-0.026428
2.686600,2.689534,0.002889
2.686600,3.696247,0.084675
2.686600,7.489245,-0.121777
2.686600,2.789494,-0.015477
2.686600,2.720264,0.007231
2.686600,4.888522,0.121369
2.686600,4.908004,-0.121674
2.686600,2.720790,-0.007294
2.686600,2.789038,0.015423
2.686600,7.472483,0.121945
2.686600,3.699991,-0.084864
2.686600,2.689629,-0.002903
2.686600,2.892147,0.026378
2.686600,10.485585,0.068887
2.686600,3.239520,-0.056433
2.686600,2.686599,-0.000002
2.686600,3.239046,0.056397
2.686600,10.489535,-0.068778
2.686600,2.892338,-0.026398
2.686600,2.689609,0.002900
2.686600,3.699098,0.084819
2.686600,7.476472,-0.121905
2.686600,2.789147,-0.015436
2.686600,2.720682,0.007281
2.686600,4.903983,0.121612
2.686600,4.892516,-0.121432
2.686600,2.720372,-0.007244
2.686600,2.789416,0.015467
2.686600,7.486340,0.121806
2.686600,3.696894,-0.084708
2.686600,2.689553,-0.002891
2.686600,2.892626,0.026427
2.686600,10.495489,0.068615
2.686600,3.238330,-0.056344
2.686600,2.686588,0.000006
2.686600,3.239888,0.056460
2.686600,10.482513,-0.068971
2.686600,2.891997,-0.026364
2.686600,2.689619,0.002903
2.686600,3.699822,0.084855
2.686600,7.473237,-0.121938
2.686600,2.789057,-0.015426
2.686600,2.720726,0.007287
2.686600,4.905693,0.121638
2.686600,4.890815,-0.121405
2.686600,2.720324,-0.007238
2.686600,2.789405,0.015467
2.686600,7.486031,0.121810
2.686600,3.696962,-0.084711
2.686600,2.689547,-0.002892
2.686600,2.892369,0.026401
2.686600,10.490219,0.068760
2.686600,3.238962,-0.056391
2.686600,2.686575,-0.000001
2.686600,3.238805,0.056379
2.686600,10.491525,-0.068724
2.686600,2.892432,-0.026407
2.686600,2.689540,0.002891
2.686600,3.696669,0.084696
2.686600,7.487349,-0.121796
2.686600,2.789441,-0.015471
2.686600,2.720289,0.007234
2.686600,4.889494,0.121384
2.686600,4.907024,-0.121659
2.686600,2.720762,-0.007291
2.686600,2.789031,0.015423
2.686600,7.472273,0.121947
2.686600,3.700038,-0.084866
2.686600,2.689626,-0.002904
2.686600,2.891994,0.026363
2.686600,10.482442,0.068973
2.686600,3.239896,-0.056461
2.686600,2.686591,-0.000005
2.686600,3.238402,0.056349
2.686600,10.494894,-0.068631
2.686600,2.892598,-0.026424
2.686600,2.689562,0.002892
2.686600,3.697227,0.084724
2.686600,7.484847,-0.121821
2.686600,2.789375,-0.015463
2.686600,2.720422,0.007250
2.686600,4.894371,0.121461
2.686600,4.902119,-0.121583
2.686600,2.720632,-0.007275
2.686600,2.789194,0.015441
2.686600,7.478179,0.121888
2.686600,3.698716,-0.084799
2.686600,2.689599,-0.002898
2.686600,2.892403,0.026404
2.686600,10.490870,0.068742
2.686600,3.238885,-0.056385
2.686600,2.686598,0.000003
2.686600,3.239648,0.056442
2.686600,10.484518,-0.068916
2.686600,2.892095,-0.026373
2.686600,2.689632,0.002904
2.686600,3.700152,0.084872
2.686600,7.471764,-0.121952
2.686600,2.789018,-0.015421
2.686600,2.720805,0.007296
2.686600,4.908585,0.121683
2.686600,4.887946,-0.121359
2.686600,2.720248,-0.007229
2.686600,2.789502,0.015478
2.686600,7.489520,0.121774
2.686600,3.696185,-0.084672
2.686600,2.689531,-0.002888
2.686600,2.892612,0.026425
2.686600,10.495226,0.068622
2.686600,3.238361,-0.056346
2.686600,2.686579,0.000004
2.686600,3.239547,0.056435
2.686600,10.485351,-0.068893
2.686600,2.892134,-0.026377
2.686600,2.689582,0.002898
2.686600,3.698409,0.084784
2.686600,7.479551,-0.121875
2.686600,2.789228,-0.015446
2.686600,2.720517,0.007262
2.686600,4.897950,0.121517
2.686600,4.898533,-0.121526
2.686600,2.720533,-0.007264
2.686600,2.789215,0.015444
2.686600,7.479050,0.121880
2.686600,3.698521,-0.084790
2.686600,2.689585,-0.002898
2.686600,2.892119,0.026376
2.686600,10.485049,0.068901
2.686600,3.239583,-0.056437
2.686600,2.686580,-0.000004
2.686600,3.238343,0.056345
2.686600,10.495381,-0.068618
2.686600,2.892620,-0.026426
2.686600,2.689532,0.002888
2.686600,3.696194,0.084672
2.686600,7.489481,-0.121775
2.686600,2.789500,-0.015477
2.686600,2.720251,0.007229
2.686600,4.888065,0.121361
2.686600,4.908466,-0.121681
2.686600,2.720802,-0.007296
2.686600,2.789022,0.015421
2.686600,7.471929,0.121951
2.686600,3.700115,-0.084870
2.686600,2.689632,-0.002904
2.686600,2.892109,0.026375
2.686600,10.484796,0.068908
2.686600,3.239614,-0.056440
2.686600,2.686599,-0.000002
2.686600,3.238929,0.056388
2.686600,10.490506,-0.068752
2.686600,2.892385,-0.026402
2.686600,2.689602,0.002898
2.686600,3.698824,0.084805
2.686600,7.477695,-0.121893
2.686600,2.789180,-0.015440
2.686600,2.720646,0.007277
2.686600,4.902653,0.121591
2.686600,4.893840,-0.121453
2.686600,2.720408,-0.007248
2.686600,2.789387,0.015464
2.686600,7.485280,0.121817
2.686600,3.697131,-0.084719
2.686600,2.689559,-0.002892
2.686600,2.892607,0.026425
2.686600,10.495082,0.068626
2.686600,3.238379,-0.056348
2.686600,2.686590,0.000005
2.686600,3.239897,0.056461
2.686600,10.482435,-0.068973
2.686600,2.891994,-0.026363
2.686600,2.689624,0.002904
2.686600,3.699985,0.084863
2.686600,7.472508,-0.121945
2.686600,2.789037,-0.015423
2.686600,2.720753,0.007290
2.686600,4.906689,0.121654
2.686600,4.889826,-0.121389
2.686600,2.720298,-0.007235
2.686600,2.789432,0.015470
2.686600,7.487011,0.121800
2.686600,3.696744,-0.084700
2.686600,2.689542,-0.002891
2.686600,2.892415,0.026406
2.686600,10.491171,0.068734
2.686600,3.238848,-0.056383
2.686600,2.686575,0.000000
2.686600,3.238918,0.056388
2.686600,10.490587,-0.068750
2.686600,2.892387,-0.026403
2.686600,2.689545,0.002892
2.686600,3.696876,0.084707
2.686600,7.486420,-0.121806
2.686600,2.789416,-0.015468
2.686600,2.720314,0.007237
2.686600,4.890418,0.121399
2.686600,4.906093,-0.121644
2.686600,2.720737,-0.007288
2.686600,2.789049,0.015425
2.686600,7.472940,0.121941
2.686600,3.699888,-0.084858
2.686600,2.689621,-0.002904
2.686600,2.891995,0.026363
2.686600,10.482466,0.068972
2.686600,3.239893,-0.056460
2.686600,2.686589,-0.000006
2.686600,3.238347,0.056345
2.686600,10.495349,-0.068619
2.686600,2.892620,-0.026426
2.686600,2.689555,0.002891
2.686600,3.696981,0.084712
2.686600,7.485949,-0.121810
2.686600,2.789405,-0.015466
2.686600,2.720385,0.007245
2.686600,4.893009,0.121440
2.686600,4.903487,-0.121604
2.686600,2.720668,-0.007280
2.686600,2.789159,0.015437
2.686600,7.476931,0.121901
2.686600,3.698995,-0.084813
2.686600,2.689606,-0.002899
2.686600,2.892356,0.026399
2.686600,10.489907,0.068768
2.686600,3.239001,-0.056394
2.686600,2.686599,0.000002
2.686600,3.239557,0.056435
2.686600,10.485274,-0.068895
2.686600,2.892132,-0.026377
2.686600,2.689630,0.002904
2.686600,3.700043,0.084866
2.686600,7.472251,-0.121947
2.686600,2.789031,-0.015422
2.686600,2.720795,0.007295
2.686600,4.908205,0.121677
2.686600,4.888323,-0.121365
2.686600,2.720258,-0.007230
2.686600,2.789497,0.015477
2.686600,7.489357,0.121776
2.686600,3.696222,-0.084674
2.686600,2.689533,-0.002888
2.686600,2.892630,0.026427
2.686600,10.495591,0.068612
2.686600,3.238318,-0.056343
2.686600,2.686580,0.000005
2.686600,3.239638,0.056442
2.686600,10.484588,-0.068914
2.686600,2.892097,-0.026374
2.686600,2.689589,0.002899
2.686600,3.698700,0.084799
2.686600,7.478249,-0.121888
2.686600,2.789193,-0.015442
2.686600,2.720558,0.007267
2.686600,4.899474,0.121541
2.686600,4.897010,-0.121503
2.686600,2.720491,-0.007259
2.686600,2.789250,0.015449
2.686600,7.480367,0.121866
2.686600,3.698227,-0.084775
2.686600,2.689577,-0.002897
2.686600,2.892158,0.026380
2.686600,10.485863,0.068879
2.686600,3.239485,-0.056430
2.686600,2.686578,-0.000004
2.686600,3.238396,0.056349
2.686600,10.494936,-0.068630
2.686600,2.892598,-0.026424
2.686600,2.689531,0.002888
2.686600,3.696184,0.084672
2.686600,7.489526,-0.121774
2.686600,2.789501,-0.015478
2.686600,2.720244,0.007228
2.686600,4.887821,0.121357
2.686600,4.908712,-0.121685
2.686600,2.720809,-0.007297
2.686600,2.789012,0.015420
2.686600,7.471554,0.121954
2.686600,3.700199,-0.084874
2.686600,2.689633,-0.002904
2.686600,2.892075,0.026371
2.686600,10.484099,0.068927
2.686600,3.239698,-0.056446
2.686600,2.686598,-0.000003
2.686600,3.238816,0.056380
2.686600,10.491448,-0.068726
2.686600,2.892431,-0.026407
2.686600,2.689595,0.002897
2.686600,3.698538,0.084790
2.686600,7.478976,-0.121880
2.686600,2.789215,-0.015444
2.686600,2.720608,0.007272
2.686600,4.901231,0.121569
2.686600,4.895256,-0.121475
2.686600,2.720446,-0.007253
2.686600,2.789355,0.015460
2.686600,7.484119,0.121829
2.686600,3.697390,-0.084733
2.686600,2.689566,-0.002893
2.686600,2.892581,0.026422
2.686600,10.494551,0.068641
2.686600,3.238443,-0.056352
2.686600,2.686592,0.000005
2.686600,3.239890,0.056460
2.686600,10.482498,-0.068971
2.686600,2.891997,-0.026363
2.686600,2.689628,0.002904
2.686600,3.700111,0.084870
2.686600,7.471947,-0.121950
2.686600,2.789022,-0.015422
2.686600,2.720775,0.007293
2.686600,4.907507,0.121666
2.686600,4.889015,-0.121376
2.686600,2.720276,-0.007232
2.686600,2.789455,0.015472
2.686600,7.487851,0.121791
2.686600,3.696557,-0.084691
2.686600,2.689537,-0.002890
2.686600,2.892459,0.026410
2.686600,10.492081,0.068709
2.686600,3.238739,-0.056374
2.686600,2.686575,0.000001
2.686600,3.239034,0.056397
2.686600,10.489619,-0.068776
2.686600,2.892340,-0.026398
2.686600,2.689550,0.002893
2.686600,3.697111,0.084719
2.686600,7.485365,-0.121816
2.686600,2.789387,-0.015464
2.686600,2.720343,0.007241
2.686600,4.891507,0.121416
2.686600,4.904997,-0.121627
2.686600,2.720707,-0.007285
2.686600,2.789071,0.015427
2.686600,7.473765,0.121932
2.686600,3.699703,-0.084849
2.686600,2.689616,-0.002903
2.686600,2.892003,0.026364
2.686600,10.482632,0.068967
2.686600,3.239873,-0.056459
2.686600,2.686588,-0.000006
2.686600,3.238308,0.056342
2.686600,10.495675,-0.068610
2.686600,2.892635,-0.026428
2.686600,2.689549,0.002890
2.686600,3.696762,0.084701
2.686600,7.486935,-0.121800
2.686600,2.789432,-0.015469
2.686600,2.720351,0.007241
2.686600,4.891756,0.121420
2.686600,4.904747,-0.121623
2.686600,2.720702,-0.007284
2.686600,2.789127,0.015434
2.686600,7.475755,0.121912
2.686600,3.699258,-0.084827
2.686600,2.689613,-0.002900
2.686600,2.892309,0.026395
2.686600,10.488929,0.068795
2.686600,3.239118,-0.056403
2.686600,2.686599,0.000001
2.686600,3.239456,0.056428
2.686600,10.486112,-0.068872
2.686600,2.892172,-0.026381
2.686600,2.689627,0.002903
2.686600,3.699895,0.084859
2.686600,7.472910,-0.121941
2.686600,2.789049,-0.015425
2.686600,2.720779,0.007293
2.686600,4.907616,0.121668
2.686600,4.888907,-0.121375
2.686600,2.720274,-0.007232
2.686600,2.789488,0.015476
2.686600,7.489007,0.121780
2.686600,3.696300,-0.084678
2.686600,2.689536,-0.002889
2.686600,2.892642,0.026428
2.686600,10.495822,0.068606
2.686600,3.238290,-0.056341
2.686600,2.686582,0.000005
2.686600,3.239718,0.056447
2.686600,10.483922,-0.068932
2.686600,2.892065,-0.026370
2.686600,2.689596,0.002900
2.686600,3.698981,0.084813
2.686600,7.476993,-0.121900
2.686600,2.789159,-0.015438
2.686600,2.720598,0.007272
2.686600,4.900972,0.121565
2.686600,4.895514,-0.121479
2.686600,2.720451,-0.007254
2.686600,2.789286,0.015453
2.686600,7.481685,0.121853
2.686600,3.697932,-0.084760
2.686600,2.689570,-0.002896
2.686600,2.892201,0.026384
2.686600,10.486747,0.068855
2.686600,3.239379,-0.056422
2.686600,2.686577,-0.000003
2.686600,3.238464,0.056354
2.686600,10.494370,-0.068646
2.686600,2.892571,-0.026421
2.686600,2.689531,0.002889
2.686600,3.696216,0.084673
2.686600,7.489380,-0.121776
2.686600,2.789497,-0.015477
2.686600,2.720244,0.007228
2.686600,4.887797,0.121357
2.686600,4.908737,-0.121685
2.686600,2.720809,-0.007297
2.686600,2.789007,0.015420
2.686600,7.471367,0.121956
2.686600,3.700241,-0.084876
2.686600,2.689633,-0.002905
2.686600,2.892046,0.026368
2.686600,10.483510,0.068943
2.686600,3.239769,-0.056451
2.686600,2.686597,-0.000004
2.686600,3.238708,0.056372
2.686600,10.492342,-0.068701
2.686600,2.892474,-0.026411
2.686600,2.689588,0.002896
2.686600,3.698245,0.084776
2.686600,7.480287,-0.121867
2.686600,2.789251,-0.015448
2.686600,2.720568,0.007267
2.686600,4.899749,0.121545
2.686600,4.896736,-0.121498
2.686600,2.720486,-0.007257
2.686600,2.789322,0.015456
2.686600,7.482881,0.121841
2.686600,3.697666,-0.084746
2.686600,2.689573,-0.002894
2.686600,2.892550,0.026419
2.686600,10.493907,0.068659
2.686600,3.238520,-0.056358
2.686600,2.686594,0.000005
2.686600,3.239865,0.056458
2.686600,10.482702,-0.068965
2.686600,2.892007,-0.026364
2.686600,2.689631,0.002905
2.686600,3.700197,0.084874
2.686600,7.471565,-0.121954
2.686600,2.789012,-0.015420
2.686600,2.720792,0.007295
2.686600,4.908129,0.121676
2.686600,4.888398,-0.121367
2.686600,2.720260,-0.007230
2.686600,2.789474,0.015475
2.686600,7.488536,0.121784
2.686600,3.696404,-0.084683
2.686600,2.689534,-0.002890
2.686600,2.892501,0.026414
2.686600,10.492930,0.068685
2.686600,3.238637,-0.056367
2.686600,2.686575,0.000002
2.686600,3.239152,0.056405
2.686600,10.488641,-0.068803
2.686600,2.892293,-0.026393
2.686600,2.689556,0.002894
2.686600,3.697369,0.084732
2.686600,7.484206,-0.121828
2.686600,2.789355,-0.015461
2.686600,2.720376,0.007245
2.686600,4.892739,0.121435
2.686600,4.903758,-0.121608
2.686600,2.720674,-0.007281
2.686600,2.789097,0.015431
2.686600,7.474731,0.121923
2.686600,3.699487,-0.084838
2.686600,2.689610,-0.002902
2.686600,2.892017,0.026366
2.686600,10.482935,0.068959
2.686600,3.239837,-0.056456
2.686600,2.686586,-0.000006
2.686600,3.238285,0.056341
2.686600,10.495864,-0.068605
2.686600,2.892644,-0.026429
2.686600,2.689544,0.002890
2.686600,3.696572,0.084691
2.686600,7.487785,-0.121792
2.686600,2.789455,-0.015472
2.686600,2.720321,0.007238
2.686600,4.890639,0.121402
2.686600,4.905871,-0.121641
2.686600,2.720733,-0.007287
2.686600,2.789098,0.015430
2.686600,7.474677,0.121923
2.686600,3.699500,-0.084839
2.686600,2.689618,-0.002901
2.686600,2.892262,0.026390
2.686600,10.487956,0.068822
2.686600,3.239235,-0.056411
2.686600,2.686600,0.000000
2.686600,3.239348,0.056420
2.686600,10.487015,-0.068848
2.686600,2.892216,-0.026385
2.686600,2.689623,0.002902
2.686600,3.699712,0.084850
2.686600,7.473727,-0.121933
2.686600,2.789072,-0.015427
2.686600,2.720758,0.007291
2.686600,4.906829,0.121656
2.686600,4.889687,-0.121387
2.686600,2.720295,-0.007234
2.686600,2.789474,0.015474
2.686600,7.488478,0.121785
2.686600,3.696418,-0.084684
2.686600,2.689539,-0.002889
2.686600,2.892646,0.026429
2.686600,10.495913,0.068603
2.686600,3.238279,-0.056340
2.686600,2.686584,0.000005
2.686600,3.239785,0.056452
2.686600,10.483366,-0.068947
2.686600,2.892038,-0.026368
2.686600,2.689603,0.002901
2.686600,3.699246,0.084826
2.686600,7.475809,-0.121912
2.686600,2.789127,-0.015434
2.686600,2.720637,0.007276
2.686600,4.902414,0.121587
2.686600,4.894077,-0.121456
2.686600,2.720412,-0.007249
2.686600,2.789322,0.015457
2.686600,7.482977,0.121840
2.686600,3.697644,-0.084745
2.686600,2.689563,-0.002895
2.686600,2.892246,0.026389
2.686600,10.487682,0.068829
2.686600,3.239267,-0.056414
2.686600,2.686576,-0.000003
2.686600,3.238545,0.056360
2.686600,10.493694,-0.068664
2.686600,2.892538,-0.026418
2.686600,2.689532,0.002889
2.686600,3.696291,0.084677
2.686600,7.489046,-0.121779
2.686600,2.789488,-0.015476
2.686600,2.720249,0.007229
2.686600,4.887991,0.121360
2.686600,4.908540,-0.121682
2.686600,2.720804,-0.007296
2.686600,2.789007,0.015420
2.686600,7.471371,0.121956
2.686600,3.700240,-0.084876
2.686600,2.689633,-0.002905
2.686600,2.892023,0.026366
2.686600,10.483040,0.068956
2.686600,3.239825,-0.056455
2.686600,2.686595,-0.000004
2.686600,3.238609,0.056365
2.686600,10.493170,-0.068679
2.686600,2.892514,-0.026415
2.686600,2.689580,0.002895
2.686600,3.697952,0.084761
2.686600,7.481601,-0.121854
2.686600,2.789287,-0.015452
2.686600,2.720527,0.007262
2.686600,4.898236,0.121522
2.686600,4.898247,-0.121522
2.686600,2.720527,-0.007262
2.686600,2.789287,0.015452
2.686600,7.481591,0.121854
2.686600,3.697954,-0.084761
2.686600,2.689581,-0.002895
2.686600,2.892514,0.026415
2.686600,10.493164,0.068679
2.686600,3.238610,-0.056365
2.686600,2.686595,0.000004
2.686600,3.239824,0.056455
2.686600,10.483043,-0.068956
2.686600,2.892024,-0.026366
2.686600,2.689632,0.002905
2.686600,3.700240,0.084876
2.686600,7.471370,-0.121956
2.686600,2.789007,-0.015420
2.686600,2.720804,0.007296
2.686600,4.908542,0.121682
2.686600,4.887989,-0.121360
2.686600,2.720249,-0.007229
2.686600,2.789488,0.015476
2.686600,7.489050,0.121779
2.686600,3.696290,-0.084677
2.686600,2.689532,-0.002889
2.686600,2.892538,0.026418
2.686600,10.493700,0.068664
2.686600,3.238544,-0.056360
2.686600,2.686576,0.000003
2.686600,3.239268,0.056414
2.686600,10.487675,-0.068829
2.686600,2.892246,-0.026389
2.686600,2.689563,0.002895
2.686600,3.697646,0.084746
2.686600,7.482968,-0.121840
2.686600,2.789322,-0.015457
2.686600,2.720413,0.007249
2.686600,4.894088,0.121457
2.686600,4.902403,-0.121587
2.686600,2.720637,-0.007276
2.686600,2.789127,0.015434
2.686600,7.475818,0.121912
2.686600,3.699244,-0.084826
2.686600,2.689603,-0.002901
2.686600,2.892038,0.026368
2.686600,10.483370,0.068947
2.686600,3.239785,-0.056452
2.686600,2.686584,-0.000005
2.686600,3.238279,0.056340
2.686600,10.495913,-0.068603
2.686600,2.892647,-0.026429
2.686600,2.689539,0.002889
2.686600,3.696417,0.084683
2.686600,7.488482,-0.121785
2.686600,2.789474,-0.015474
2.686600,2.720295,0.007234
2.686600,4.889681,0.121387
2.686600,4.906836,-0.121656
2.686600,2.720759,-0.007291
2.686600,2.789072,0.015427
2.686600,7.473720,0.121933
2.686600,3.699714,-0.084850
2.686600,2.689623,-0.002902
2.686600,2.892216,0.026385
2.686600,10.487008,0.068848
2.686600,3.239349,-0.056420
2.686600,2.686600,-0.000000
2.686600,3.239234,0.056411
2.686600,10.487963,-0.068822
2.686600,2.892262,-0.026390
2.686600,2.689618,0.002901
2.686600,3.699498,0.084839
2.686600,7.474685,-0.121923
2.686600,2.789098,-0.015430
2.686600,2.720732,0.007287
2.686600,4.905863,0.121641
2.686600,4.890646,-0.121402
2.686600,2.720322,-0.007238
2.686600,2.789455,0.015472
2.686600,7.487780,0.121792
2.686600,3.696573,-0.084691
2.686600,2.689544,-0.002890
2.686600,2.892644,0.026429
2.686600,10.495863,0.068605
2.686600,3.238285,-0.056341
2.686600,2.686586,0.000006
2.686600,3.239837,0.056456
2.686600,10.482933,-0.068959
2.686600,2.892017,-0.026366
2.686600,2.689610,0.002902
2.686600,3.699489,0.084838
2.686600,7.474723,-0.121923
2.686600,2.789097,-0.015431
2.686600,2.720674,0.007281
2.686600,4.903768,0.121608
2.686600,4.892729,-0.121435
2.686600,2.720376,-0.007245
2.686600,2.789356,0.015461
2.686600,7.484215,0.121828
2.686600,3.697367,-0.084731
2.686600,2.689556,-0.002894
2.686600,2.892293,0.026393
2.686600,10.488648,0.068803
2.686600,3.239151,-0.056405
2.686600,2.686575,-0.000002
2.686600,3.238637,0.056367
2.686600,10.492924,-0.068686
2.686600,2.892500,-0.026414
2.686600,2.689534,0.002890
2.686600,3.696405,0.084683
2.686600,7.488531,-0.121784
2.686600,2.789474,-0.015475
2.686600,2.720260,0.007230
2.686600,4.888402,0.121367
2.686600,4.908126,-0.121676
2.686600,2.720792,-0.007295
2.686600,2.789012,0.015420
2.686600,7.471567,0.121954
2.686600,3.700196,-0.084874
2.686600,2.689631,-0.002905
2.686600,2.892007,0.026364
2.686600,10.482700,0.068966
2.686600,3.239866,-0.056458
2.686600,2.686594,-0.000005
2.686600,3.238520,0.056358
2.686600,10.493913,-0.068658
2.686600,2.892550,-0.026419
2.686600,2.689573,0.002894
2.686600,3.697664,0.084746
2.686600,7.482890,-0.121841
2.686600,2.789322,-0.015456
2.686600,2.720486,0.007257
2.686600,4.896724,0.121498
2.686600,4.899760,-0.121546
2.686600,2.720568,-0.007267
2.686600,2.789251,0.015448
2.686600,7.480277,0.121867
2.686600,3.698247,-0.084776
2.686600,2.689588,-0.002896
2.686600,2.892474,0.026411
2.686600,10.492336,0.068702
2.686600,3.238709,-0.056372
2.686600,2.686596,0.000004
2.686600,3.239768,0.056451
2.686600,10.483514,-0.068943
2.686600,2.892046,-0.026368
2.686600,2.689633,0.002905
2.686600,3.700241,0.084876
2.686600,7.471367,-0.121956
2.686600,2.789007,-0.015420
2.686600,2.720809,0.007297
2.686600,4.908737,0.121685
2.686600,4.887796,-0.121357
2.686600,2.720244,-0.007228
2.686600,2.789498,0.015477
2.686600,7.489382,0.121776
2.686600,3.696216,-0.084673
2.686600,2.689531,-0.002889
2.686600,2.892571,0.026421
2.686600,10.494374,0.068646
2.686600,3.238463,-0.056354
2.686600,2.686577,0.000003
2.686600,3.239380,0.056422
2.686600,10.486741,-0.068855
2.686600,2.892201,-0.026384
2.686600,2.689570,0.002896
2.686600,3.697934,0.084760
2.686600,7.481676,-0.121853
2.686600,2.789286,-0.015453
2.686600,2.720451,0.007254
2.686600,4.895525,0.121479
2.686600,4.900961,-0.121564
2.686600,2.720598,-0.007272
2.686600,2.789159,0.015438
2.686600,7.477002,0.121900
2.686600,3.698979,-0.084813
2.686600,2.689596,-0.002900
2.686600,2.892065,0.026370
2.686600,10.483926,0.068932
2.686600,3.239718,-0.056447
2.686600,2.686582,-0.000005
2.686600,3.238290,0.056341
2.686600,10.495821,-0.068606
2.686600,2.892642,-0.026428
2.686600,2.689536,0.002889
2.686600,3.696299,0.084678
2.686600,7.489011,-0.121780
2.686600,2.789488,-0.015476
2.686600,2.720274,0.007232
2.686600,4.888902,0.121375
2.686600,4.907621,-0.121668
2.686600,2.720780,-0.007293
2.686600,2.789049,0.015425
2.686600,7.472904,0.121941
2.686600,3.699897,-0.084859
2.686600,2.689627,-0.002903
2.686600,2.892172,0.026381
2.686600,10.486105,0.068872
2.686600,3.239457,-0.056428
2.686600,2.686600,-0.000001
2.686600,3.239117,0.056403
2.686600,10.488936,-0.068795
2.686600,2.892309,-0.026395
2.686600,2.689612,0.002900
2.686600,3.699257,0.084827
2.686600,7.475763,-0.121912
2.686600,2.789127,-0.015434
2.686600,2.720702,0.007284
2.686600,4.904738,0.121623
2.686600,4.891765,-0.121420
2.686600,2.720352,-0.007241
2.686600,2.789432,0.015469
2.686600,7.486928,0.121801
2.686600,3.696763,-0.084701
2.686600,2.689549,-0.002890
2.686600,2.892635,0.026428
2.686600,10.495673,0.068610
2.686600,3.238308,-0.056342
2.686600,2.686587,0.000006
2.686600,3.239874,0.056459
2.686600,10.482630,-0.068967
2.686600,2.892003,-0.026364
2.686600,2.689616,0.002903
2.686600,3.699705,0.084849
2.686600,7.473758,-0.121932
2.686600,2.789071,-0.015427
2.686600,2.720708,0.007285
2.686600,4.905006,0.121627
2.686600,4.891498,-0.121416
2.686600,2.720343,-0.007241
2.686600,2.789387,0.015464
2.686600,7.485374,0.121816
2.686600,3.697109,-0.084718
2.686600,2.689550,-0.002893
2.686600,2.892340,0.026398
2.686600,10.489626,0.068776
2.686600,3.239033,-0.056396
2.686600,2.686575,-0.000001
2.686600,3.238739,0.056375
2.686600,10.492075,-0.068709
2.686600,2.892459,-0.026410
2.686600,2.689538,0.002890
2.686600,3.696558,0.084691
2.686600,7.487846,-0.121791
2.686600,2.789455,-0.015472
2.686600,2.720276,0.007232
2.686600,4.889020,0.121376
2.686600,4.907502,-0.121666
2.686600,2.720775,-0.007293
2.686600,2.789022,0.015422
2.686600,7.471950,0.121950
2.686600,3.700110,-0.084870
2.686600,2.689628,-0.002904
2.686600,2.891997,0.026363
2.686600,10.482497,0.068971
2.686600,3.239890,-0.056460
2.686600,2.686592,-0.000005
2.686600,3.238442,0.056352
2.686600,10.494556,-0.068641
2.686600,2.892581,-0.026422
2.686600,2.689566,0.002893
2.686600,3.697388,0.084732
2.686600,7.484128,-0.121829
2.686600,2.789355,-0.015460
2.686600,2.720446,0.007253
2.686600,4.895245,0.121475
2.686600,4.901242,-0.121569
2.686600,2.720608,-0.007272
2.686600,2.789215,0.015444
2.686600,7.478966,0.121880
2.686600,3.698540,-0.084791
2.686600,2.689595,-0.002897
2.686600,2.892431,0.026407
2.686600,10.491441,0.068726
2.686600,3.238817,-0.056380
2.686600,2.686598,0.000003
2.686600,3.239697,0.056446
2.686600,10.484104,-0.068927
2.686600,2.892075,-0.026371
2.686600,2.689633,0.002904
2.686600,3.700199,0.084874
2.686600,7.471556,-0.121954
2.686600,2.789012,-0.015420
2.686600,2.720809,0.007297
2.686600,4.908711,0.121685
2.686600,4.887822,-0.121357
2.686600,2.720245,-0.007228
2.686600,2.789502,0.015478
2.686600,7.489526,0.121774
2.686600,3.696184,-0.084672
2.686600,2.689531,-0.002888
2.686600,2.892598,0.026424
2.686600,10.494940,0.068630
2.686600,3.238396,-0.056349
2.686600,2.686578,0.000004
2.686600,3.239486,0.056430
2.686600,10.485857,-0.068879
2.686600,2.892158,-0.026380
2.686600,2.689577,0.002897
2.686600,3.698229,0.084775
2.686600,7.480357,-0.121866
2.686600,2.789250,-0.015449
2.686600,2.720492,0.007259
2.686600,4.897021,0.121503
2.686600,4.899462,-0.121541
2.686600,2.720558,-0.007267
2.686600,2.789193,0.015442
2.686600,7.478258,0.121887
2.686600,3.698698,-0.084799
2.686600,2.689589,-0.002899
2.686600,2.892097,0.026374
2.686600,10.484593,0.068914
2.686600,3.239638,-0.056441
2.686600,2.686580,-0.000005
2.686600,3.238318,0.056343
2.686600,10.495589,-0.068612
2.686600,2.892630,-0.026427
2.686600,2.689533,0.002888
2.686600,3.696221,0.084674
2.686600,7.489360,-0.121776
2.686600,2.789497,-0.015477
2.686600,2.720258,0.007230
2.686600,4.888319,0.121365
2.686600,4.908209,-0.121677
2.686600,2.720795,-0.007295
2.686600,2.789031,0.015422
2.686600,7.472246,0.121948
2.686600,3.700044,-0.084866
2.686600,2.689630,-0.002904
2.686600,2.892132,0.026377
2.686600,10.485268,0.068895
2.686600,3.239558,-0.056435
2.686600,2.686599,-0.000002
2.686600,3.239000,0.056394
2.686600,10.489915,-0.068768
2.686600,2.892357,-0.026399
2.686600,2.689606,0.002899
2.686600,3.698993,0.084813
2.686600,7.476940,-0.121901
2.686600,2.789160,-0.015437
2.686600,2.720668,0.007280
2.686600,4.903478,0.121604
2.686600,4.893018,-0.121440
2.686600,2.720386,-0.007245
2.686600,2.789405,0.015466
2.686600,7.485941,0.121810
2.686600,3.696983,-0.084712
2.686600,2.689555,-0.002891
2.686600,2.892619,0.026426
2.686600,10.495346,0.068619
2.686600,3.238347,-0.056345
2.686600,2.686589,0.000006
2.686600,3.239893,0.056460
2.686600,10.482465,-0.068972
2.686600,2.891995,-0.026363
2.686600,2.689621,0.002904
2.686600,3.699889,0.084859
2.686600,7.472934,-0.121941
2.686600,2.789049,-0.015425
2.686600,2.720737,0.007288
2.686600,4.906101,0.121645
2.686600,4.890410,-0.121399
2.686600,2.720314,-0.007237
2.686600,2.789416,0.015468
2.686600,7.486428,0.121806
2.686600,3.696874,-0.084707
2.686600,2.689544,-0.002892
2.686600,2.892387,0.026403
2.686600,10.490594,0.068749
2.686600,3.238917,-0.056388
2.686600,2.686575,-0.000000
2.686600,3.238849,0.056383
2.686600,10.491164,-0.068734
2.686600,2.892415,-0.026406
2.686600,2.689542,0.002891
2.686600,3.696746,0.084700
2.686600,7.487004,-0.121800
2.686600,2.789432,-0.015470
2.686600,2.720298,0.007235
2.686600,4.889833,0.121389
2.686600,4.906683,-0.121654
2.686600,2.720753,-0.007290
2.686600,2.789037,0.015423
2.686600,7.472513,0.121945
2.686600,3.699984,-0.084863
2.686600,2.689624,-0.002904
2.686600,2.891994,0.026363
2.686600,10.482434,0.068973
2.686600,3.239897,-0.056461
2.686600,2.686590,-0.000005
2.686600,3.238379,0.056348
2.686600,10.495086,-0.068626
2.686600,2.892607,-0.026425
2.686600,2.689559,0.002892
2.686600,3.697129,0.084719
2.686600,7.485288,-0.121817
2.686600,2.789387,-0.015464
2.686600,2.720408,0.007248
2.686600,4.893829,0.121452
2.686600,4.902663,-0.121591
2.686600,2.720646,-0.007277
2.686600,2.789180,0.015440
2.686600,7.477686,0.121893
2.686600,3.698826,-0.084805
2.686600,2.689602,-0.002898
2.686600,2.892385,0.026402
2.686600,10.490498,0.068752
2.686600,3.238930,-0.056389
2.686600,2.686599,0.000002
2.686600,3.239614,0.056440
2.686600,10.484801,-0.068908
2.686600,2.892109,-0.026375
2.686600,2.689631,0.002904
2.686600,3.700114,0.084870
2.686600,7.471932,-0.121951
2.686600,2.789022,-0.015421
2.686600,2.720802,0.007296
2.686600,4.908463,0.121681
2.686600,4.888067,-0.121361
2.686600,2.720251,-0.007229
2.686600,2.789500,0.015477
2.686600,7.489480,0.121775
2.686600,3.696194,-0.084672
2.686600,2.689532,-0.002888
2.686600,2.892620,0.026426
2.686600,10.495384,0.068618
2.686600,3.238342,-0.056345
2.686600,2.686580,0.000004
2.686600,3.239584,0.056437
2.686600,10.485043,-0.068901
2.686600,2.892119,-0.026376
2.686600,2.689585,0.002898
2.686600,3.698523,0.084790
2.686600,7.479040,-0.121880
2.686600,2.789214,-0.015444
2.686600,2.720533,0.007264
2.686600,4.898544,0.121527
2.686600,4.897939,-0.121517
2.686600,2.720516,-0.007262
2.686600,2.789229,0.015446
2.686600,7.479561,0.121874
2.686600,3.698407,-0.084784
2.686600,2.689582,-0.002898
2.686600,2.892134,0.026377
2.686600,10.485357,0.068893
2.686600,3.239546,-0.056435
2.686600,2.686579,-0.000004
2.686600,3.238362,0.056346
2.686600,10.495223,-0.068622
2.686600,2.892612,-0.026425
2.686600,2.689531,0.002888
2.686600,3.696185,0.084672
2.686600,7.489521,-0.121774
2.686600,2.789501,-0.015478
2.686600,2.720248,0.007229
2.686600,4.887944,0.121359
2.686600,4.908588,-0.121683
2.686600,2.720805,-0.007296
2.686600,2.789018,0.015421
2.686600,7.471761,0.121952
2.686600,3.700153,-0.084872
2.686600,2.689632,-0.002904
2.686600,2.892095,0.026373
2.686600,10.484513,0.068916
2.686600,3.239648,-0.056442
2.686600,2.686598,-0.000003
2.686600,3.238884,0.056385
2.686600,10.490877,-0.068742
2.686600,2.892403,-0.026404
2.686600,2.689599,0.002898
2.686600,3.698714,0.084799
2.686600,7.478189,-0.121888
2.686600,2.789194,-0.015441
2.686600,2.720631,0.007275
2.686600,4.902109,0.121582
2.686600,4.894382,-0.121461
2.686600,2.720423,-0.007250
2.686600,2.789375,0.015463
2.686600,7.484839,0.121822
2.686600,3.697229,-0.084724
2.686600,2.689562,-0.002892
2.686600,2.892597,0.026424
2.686600,10.494890,0.068632
2.686600,3.238402,-0.056349
2.686600,2.686591,0.000005
2.686600,3.239896,0.056461
2.686600,10.482442,-0.068973
2.686600,2.891994,-0.026363
2.686600,2.689625,0.002904
2.686600,3.700039,0.084866
2.686600,7.472269,-0.121947
2.686600,2.789031,-0.015423
2.686600,2.720762,0.007291
2.686600,4.907030,0.121659
2.686600,4.889488,-0.121384
2.686600,2.720289,-0.007234
2.686600,2.789442,0.015471
2.686600,7.487356,0.121796
2.686600,3.696667,-0.084696
2.686600,2.689540,-0.002891
2.686600,2.892433,0.026408
2.686600,10.491532,0.068724
2.686600,3.238805,-0.056379
2.686600,2.686575,0.000001
2.686600,3.238963,0.056391
2.686600,10.490212,-0.068760
2.686600,2.892369,-0.026401
2.686600,2.689547,0.002892
2.686600,3.696964,0.084711
2.686600,7.486024,-0.121810
2.686600,2.789405,-0.015467
2.686600,2.720325,0.007238
2.686600,4.890823,0.121405
2.686600,4.905685,-0.121638
2.686600,2.720726,-0.007287
2.686600,2.789057,0.015426
2.686600,7.473243,0.121938
2.686600,3.699820,-0.084855
2.686600,2.689619,-0.002903
2.686600,2.891997,0.026364
2.686600,10.482514,0.068971
2.686600,3.239888,-0.056460
2.686600,2.686589,-0.000006
2.686600,3.238330,0.056344
2.686600,10.495492,-0.068615
2.686600,2.892626,-0.026427
2.686600,2.689553,0.002891
2.686600,3.696893,0.084707
2.686600,7.486348,-0.121806
2.686600,2.789416,-0.015467
2.686600,2.720372,0.007244
2.686600,4.892506,0.121432
2.686600,4.903992,-0.121612
2.686600,2.720682,-0.007281
2.686600,2.789147,0.015436
2.686600,7.476463,0.121905
2.686600,3.699100,-0.084819
2.686600,2.689609,-0.002900
2.686600,2.892338,0.026398
2.686600,10.489527,0.068779
2.686600,3.239046,-0.056397
2.686600,2.686599,0.000002
2.686600,3.239519,0.056432
2.686600,10.485591,-0.068886
2.686600,2.892147,-0.026378
2.686600,2.689629,0.002903
2.686600,3.699990,0.084864
2.686600,7.472487,-0.121945
2.686600,2.789038,-0.015423
2.686600,2.720790,0.007294
2.686600,4.908000,0.121674
2.686600,4.888526,-0.121369
2.686600,2.720264,-0.007231
2.686600,2.789494,0.015477
2.686600,7.489243,0.121777
2.686600,3.696247,-0.084675
2.686600,2.689534,-0.002889
2.686600,2.892636,0.026428
2.686600,10.495697,0.068609
2.686600,3.238305,-0.056342
2.686600,2.686581,0.000005
2.686600,3.239671,0.056444
2.686600,10.484316,-0.068921
2.686600,2.892084,-0.026372
2.686600,2.689592,0.002900
2.686600,3.698811,0.084804
2.686600,7.477753,-0.121893
2.686600,2.789179,-0.015440
2.686600,2.720574,0.007269
2.686600,4.900062,0.121550
2.686600,4.896423,-0.121493
2.686600,2.720476,-0.007257
2.686600,2.789265,0.015450
2.686600,7.480881,0.121861
2.686600,3.698112,-0.084769
2.686600,2.689574,-0.002897
2.686600,2.892175,0.026382
2.686600,10.486200,0.068870
2.686600,3.239445,-0.056427
2.686600,2.686578,-0.000004
2.686600,3.238421,0.056351
2.686600,10.494729,-0.068636
2.686600,2.892588,-0.026423
2.686600,2.689531,0.002889
2.686600,3.696192,0.084672
2.686600,7.489492,-0.121775
2.686600,2.789501,-0.015478
2.686600,2.720244,0.007228
2.686600,4.887785,0.121357
2.686600,4.908748,-0.121686
2.686600,2.720810,-0.007297
2.686600,2.789009,0.015420
2.686600,7.471458,0.121955
2.686600,3.700221,-0.084875
2.686600,2.689633,-0.002904
2.686600,2.892063,0.026370
2.686600,10.483856,0.068934
2.686600,3.239727,-0.056448
2.686600,2.686597,-0.000003
2.686600,3.238773,0.056377
2.686600,10.491803,-0.068716
2.686600,2.892448,-0.026409
2.686600,2.689592,0.002897
2.686600,3.698424,0.084785
2.686600,7.479484,-0.121875
2.686600,2.789229,-0.015445
2.686600,2.720592,0.007270
2.686600,4.900660,0.121560
2.686600,4.895826,-0.121484
2.686600,2.720462,-0.007255
2.686600,2.789342,0.015459
2.686600,7.483645,0.121833
2.686600,3.697495,-0.084738
2.686600,2.689569,-0.002893
2.686600,2.892570,0.026421
2.686600,10.494314,0.068647
2.686600,3.238472,-0.056354
2.686600,2.686593,0.000005
2.686600,3.239882,0.056460
2.686600,10.482561,-0.068969
2.686600,2.892000,-0.026364
2.686600,2.689629,0.002904
2.686600,3.700149,0.084872
2.686600,7.471776,-0.121952
2.686600,2.789017,-0.015421
2.686600,2.720783,0.007294
2.686600,4.907774,0.121670
2.686600,4.888750,-0.121372
2.686600,2.720269,-0.007232
2.686600,2.789463,0.015473
2.686600,7.488137,0.121788
2.686600,3.696493,-0.084687
2.686600,2.689536,-0.002890
2.686600,2.892476,0.026412
2.686600,10.492420,0.068699
2.686600,3.238698,-0.056371
2.686600,2.686575,0.000001
2.686600,3.239080,0.056400
2.686600,10.489238,-0.068787
2.686600,2.892321,-0.026396
2.686600,2.689552,0.002893
2.686600,3.697209,0.084723
2.686600,7.484925,-0.121821
2.686600,2.789375,-0.015463
2.686600,2.720356,0.007242
2.686600,4.891971,0.121423
2.686600,4.904530,-0.121620
2.686600,2.720695,-0.007283
2.686600,2.789081,0.015429
2.686600,7.474125,0.121929
2.686600,3.699623,-0.084845
2.686600,2.689614,-0.002903
2.686600,2.892008,0.026365
2.686600,10.482734,0.068965
2.686600,3.239861,-0.056458
2.686600,2.686587,-0.000006
2.686600,3.238297,0.056341
2.686600,10.495765,-0.068608
2.686600,2.892640,-0.026428
2.686600,2.689547,0.002890
2.686600,3.696684,0.084697
2.686600,7.487283,-0.121797
2.686600,2.789441,-0.015470
2.686600,2.720339,0.007240
2.686600,4.891303,0.121413
2.686600,4.905202,-0.121631
2.686600,2.720715,-0.007285
2.686600,2.789115,0.015432
2.686600,7.475322,0.121917
2.686600,3.699355,-0.084832
2.686600,2.689615,-0.002901
2.686600,2.892291,0.026393
2.686600,10.488548,0.068805
2.686600,3.239164,-0.056406
2.686600,2.686600,0.000001
2.686600,3.239415,0.056425
2.686600,10.486457,-0.068863
2.686600,2.892189,-0.026383
2.686600,2.689626,0.002903
2.686600,3.699828,0.084855
2.686600,7.473210,-0.121938
2.686600,2.789057,-0.015425
2.686600,2.720772,0.007292
2.686600,4.907332,0.121664
2.686600,4.889188,-0.121379
2.686600,2.720282,-0.007233
2.686600,2.789483,0.015475
2.686600,7.488822,0.121781
2.686600,3.696341,-0.084680
2.686600,2.689537,-0.002889
2.686600,2.892644,0.026429
2.686600,10.495874,0.068605
2.686600,3.238284,-0.056340
2.686600,2.686583,0.000005
2.686600,3.239746,0.056450
2.686600,10.483692,-0.068938
2.686600,2.892054,-0.026369
2.686600,2.689599,0.002901
2.686600,3.699086,0.084818
2.686600,7.476522,-0.121905
2.686600,2.789146,-0.015436
2.686600,2.720614,0.007273
2.686600,4.901542,0.121574
2.686600,4.894946,-0.121470
2.686600,2.720436,-0.007252
2.686600,2.789300,0.015454
2.686600,7.482193,0.121848
2.686600,3.697819,-0.084754
2.686600,2.689567,-0.002896
2.686600,2.892218,0.026386
2.686600,10.487106,0.068845
2.686600,3.239336,-0.056419
2.686600,2.686577,-0.000003
2.686600,3.238494,0.056356
2.686600,10.494119,-0.068653
2.686600,2.892558,-0.026420
2.686600,2.689531,0.002889
2.686600,3.696240,0.084675
2.686600,7.489273,-0.121777
2.686600,2.789494,-0.015477
2.686600,2.720245,0.007229
2.686600,4.887846,0.121358
2.686600,4.908686,-0.121685
2.686600,2.720808,-0.007297
2.686600,2.789006,0.015420
2.686600,7.471345,0.121956
2.686600,3.700246,-0.084876
2.686600,2.689633,-0.002905
2.686600,2.892037,0.026367
2.686600,10.483312,0.068949
2.686600,3.239792,-0.056453
2.686600,2.686596,-0.000004
2.686600,3.238669,0.056369
2.686600,10.492674,-0.068692
2.686600,2.892490,-0.026413
2.686600,2.689585,0.002896
2.686600,3.698131,0.084770
2.686600,7.480800,-0.121862
2.686600,2.789265,-0.015450
2.686600,2.720552,0.007265
2.686600,4.899162,0.121536
2.686600,4.897322,-0.121507
2.686600,2.720502,-0.007259
2.686600,2.789308,0.015455
2.686600,7.482383,0.121846
2.686600,3.697777,-0.084752
2.686600,2.689576,-0.002894
2.686600,2.892536,0.026418
2.686600,10.493629,0.068666
2.686600,3.238554,-0.056361
2.686600,2.686594,0.000005
2.686600,3.239851,0.056457
2.686600,10.482819,-0.068962
2.686600,2.892013,-0.026365
2.686600,2.689631,0.002905
2.686600,3.700219,0.084875
2.686600,7.471466,-0.121955
2.686600,2.789009,-0.015420
2.686600,2.720797,0.007296
2.686600,4.908316,0.121679
2.686600,4.888213,-0.121364
2.686600,2.720255,-0.007230
2.686600,2.789480,0.015475
2.686600,7.488757,0.121782
2.686600,3.696355,-0.084680
2.686600,2.689533,-0.002889
2.686600,2.892516,0.026416
2.686600,10.493240,0.068677
2.686600,3.238600,-0.056364
2.686600,2.686576,0.000002
2.686600,3.239197,0.056409
2.686600,10.488263,-0.068813
2.686600,2.892274,-0.026392
2.686600,2.689559,0.002894
2.686600,3.697475,0.084737
2.686600,7.483732,-0.121833
2.686600,2.789343,-0.015459
2.686600,2.720390,0.007246
2.686600,4.893251,0.121443
2.686600,4.903243,-0.121600
2.686600,2.720660,-0.007279
2.686600,2.789108,0.015432
2.686600,7.475141,0.121919
2.686600,3.699395,-0.084834
2.686600,2.689607,-0.002902
2.686600,2.892025,0.026366
2.686600,10.483089,0.068955
2.686600,3.239818,-0.056455
2.686600,2.686585,-0.000006
2.686600,3.238281,0.056340
2.686600,10.495900,-0.068604
2.686600,2.892646,-0.026429
2.686600,2.689542,0.002889
2.686600,3.696507,0.084688
2.686600,7.488076,-0.121789
2.686600,2.789463,-0.015473
2.686600,2.720311,0.007236
2.686600,4.890246,0.121396
2.686600,4.906267,-0.121647
2.686600,2.720743,-0.007289
2.686600,2.789087,0.015429
2.686600,7.474289,0.121927
2.686600,3.699587,-0.084843
2.686600,2.689620,-0.002902
2.686600,2.892244,0.026388
2.686600,10.487582,0.068832
2.686600,3.239280,-0.056415
2.686600,2.686600,0.000000
2.686600,3.239304,0.056416
2.686600,10.487379,-0.068838
2.686600,2.892234,-0.026387
2.686600,2.689621,0.002902
2.686600,3.699632,0.084846
2.686600,7.474084,-0.121929
2.686600,2.789081,-0.015428
2.686600,2.720749,0.007289
2.686600,4.906474,0.121650
2.686600,4.890040,-0.121393
2.686600,2.720305,-0.007236
2.686600,2.789467,0.015473
2.686600,7.488225,0.121787
2.686600,3.696474,-0.084686
2.686600,2.689541,-0.002889
2.686600,2.892646,0.026429
2.686600,10.495911,0.068604
2.686600,3.238279,-0.056340
2.686600,2.686585,0.000006
2.686600,3.239807,0.056454
2.686600,10.483182,-0.068952
2.686600,2.892029,-0.026367
2.686600,2.689606,0.002902
2.686600,3.699343,0.084831
2.686600,7.475373,-0.121916
2.686600,2.789115,-0.015433
2.686600,2.720652,0.007278
2.686600,4.902953,0.121596
2.686600,4.893540,-0.121448
2.686600,2.720398,-0.007247
2.686600,2.789335,0.015458
2.686600,7.483467,0.121835
2.686600,3.697534,-0.084740
2.686600,2.689560,-0.002894
2.686600,2.892264,0.026391
2.686600,10.488056,0.068819
2.686600,3.239222,-0.056411
2.686600,2.686576,-0.000002
2.686600,3.238580,0.056363
2.686600,10.493405,-0.068672
2.686600,2.892524,-0.026417
2.686600,2.689533,0.002889
2.686600,3.696331,0.084679
2.686600,7.488867,-0.121781
2.686600,2.789483,-0.015476
2.686600,2.720252,0.007229
2.686600,4.888126,0.121362
2.686600,4.908404,-0.121680
2.686600,2.720800,-0.007296
2.686600,2.789008,0.015420
2.686600,7.471424,0.121956
2.686600,3.700228,-0.084876
2.686600,2.689632,-0.002905
2.686600,2.892016,0.026365
2.686600,10.482892,0.068960
2.686600,3.239843,-0.056457
2.686600,2.686595,-0.000005
2.686600,3.238573,0.056362
2.686600,10.493470,-0.068671
2.686600,2.892529,-0.026417
2.686600,2.689578,0.002894
2.686600,3.697839,0.084755
2.686600,7.482107,-0.121849
2.686600,2.789301,-0.015454
2.686600,2.720511,0.007260
2.686600,4.897646,0.121513
2.686600,4.898838,-0.121531
2.686600,2.720543,-0.007264
2.686600,2.789273,0.015451
2.686600,7.481081,0.121859
2.686600,3.698068,-0.084767
2.686600,2.689583,-0.002895
2.686600,2.892499,0.026414
2.686600,10.492851,0.068688
2.686600,3.238647,-0.056368
2.686600,2.686596,0.000004
2.686600,3.239804,0.056454
2.686600,10.483211,-0.068952
2.686600,2.892032,-0.026367
2.686600,2.689633,0.002905
2.686600,3.700246,0.084876
2.686600,7.471346,-0.121956
2.686600,2.789006,-0.015420
2.686600,2.720807,0.007297
2.686600,4.908645,0.121684
2.686600,4.887888,-0.121359
2.686600,2.720246,-0.007229
2.686600,2.789492,0.015477
2.686600,7.489201,0.121778
2.686600,3.696256,-0.084675
2.686600,2.689532,-0.002889
2.686600,2.892551,0.026419
2.686600,10.493975,0.068657
2.686600,3.238511,-0.056358
2.686600,2.686576,0.000003
2.686600,3.239312,0.056417
2.686600,10.487306,-0.068840
2.686600,2.892228,-0.026387
2.686600,2.689566,0.002895
2.686600,3.697757,0.084751
2.686600,7.482469,-0.121845
2.686600,2.789308,-0.015455
2.686600,2.720427,0.007251
2.686600,4.894638,0.121465
2.686600,4.901851,-0.121578
2.686600,2.720622,-0.007274
2.686600,2.789139,0.015435
2.686600,7.476268,0.121907
2.686600,3.699143,-0.084821
2.686600,2.689601,-0.002901
2.686600,2.892048,0.026369
2.686600,10.483572,0.068942
2.686600,3.239760,-0.056451
2.686600,2.686583,-0.000005
2.686600,3.238281,0.056340
2.686600,10.495894,-0.068604
2.686600,2.892645,-0.026429
2.686600,2.689538,0.002889
2.686600,3.696366,0.084681
2.686600,7.488709,-0.121783
2.686600,2.789480,-0.015475
2.686600,2.720287,0.007233
2.686600,4.889355,0.121382
2.686600,4.907164,-0.121661
2.686600,2.720767,-0.007292
2.686600,2.789062,0.015426
2.686600,7.473384,0.121936
2.686600,3.699789,-0.084853
2.686600,2.689625,-0.002902
2.686600,2.892199,0.026384
2.686600,10.486650,0.068857
2.686600,3.239392,-0.056423
2.686600,2.686600,-0.000001
2.686600,3.239189,0.056408
2.686600,10.488340,-0.068811
2.686600,2.892280,-0.026392
2.686600,2.689616,0.002901
2.686600,3.699407,0.084834
2.686600,7.475092,-0.121919
2.686600,2.789109,-0.015431
2.686600,2.720721,0.007286
2.686600,4.905443,0.121634
2.686600,4.891064,-0.121409
2.686600,2.720333,-0.007239
2.686600,2.789446,0.015471
2.686600,7.487466,0.121795
2.686600,3.696643,-0.084695
2.686600,2.689546,-0.002890
2.686600,2.892641,0.026428
2.686600,10.495806,0.068606
2.686600,3.238292,-0.056341
2.686600,2.686586,0.000006
2.686600,3.239853,0.056457
2.686600,10.482799,-0.068963
2.686600,2.892011,-0.026365
2.686600,2.689612,0.002902
2.686600,3.699576,0.084843
2.686600,7.474332,-0.121927
2.686600,2.789086,-0.015429
2.686600,2.720688,0.007282
2.686600,4.904265,0.121616
2.686600,4.892234,-0.121427
2.686600,2.720363,-0.007243
2.686600,2.789368,0.015462
2.686600,7.484677,0.121823
2.686600,3.697264,-0.084726
2.686600,2.689554,-0.002893
2.686600,2.892311,0.026395
2.686600,10.489029,0.068792
2.686600,3.239105,-0.056402
2.686600,2.686575,-0.000002
2.686600,3.238676,0.056370
2.686600,10.492602,-0.068694
2.686600,2.892485,-0.026413
2.686600,2.689535,0.002890
2.686600,3.696460,0.084686
2.686600,7.488284,-0.121787
2.686600,2.789467,-0.015474
2.686600,2.720266,0.007231
2.686600,4.888618,0.121370
2.686600,4.907907,-0.121673
2.686600,2.720786,-0.007294
2.686600,2.789015,0.015421
2.686600,7.471694,0.121953
2.686600,3.700168,-0.084873
2.686600,2.689630,-0.002905
2.686600,2.892002,0.026364
2.686600,10.482604,0.068968
2.686600,3.239877,-0.056459
2.686600,2.686593,-0.000005
2.686600,3.238488,0.056356
2.686600,10.494176,-0.068651
2.686600,2.892563,-0.026420
2.686600,2.689570,0.002893
2.686600,3.697555,0.084741
2.686600,7.483380,-0.121836
2.686600,2.789335,-0.015458
2.686600,2.720470,0.007256
2.686600,4.896143,0.121489
2.686600,4.900343,-0.121555
2.686600,2.720584,-0.007269
2.686600,2.789237,0.015446
2.686600,7.479765,0.121872
2.686600,3.698362,-0.084782
2.686600,2.689591,-0.002897
2.686600,2.892457,0.026410
2.686600,10.491995,0.068711
2.686600,3.238750,-0.056375
2.686600,2.686597,0.000004
2.686600,3.239742,0.056449
2.686600,10.483730,-0.068937
2.686600,2.892057,-0.026369
2.686600,2.689633,0.002905
2.686600,3.700230,0.084876
2.686600,7.471418,-0.121956
2.686600,2.789008,-0.015420
2.686600,2.720810,0.007297
2.686600,4.908754,0.121686
2.686600,4.887780,-0.121357
2.686600,2.720243,-0.007228
2.686600,2.789500,0.015477
2.686600,7.489461,0.121775
2.686600,3.696198,-0.084672
2.686600,2.689531,-0.002889
2.686600,2.892582,0.026422
2.686600,10.494608,0.068639
2.686600,3.238435,-0.056352
2.686600,2.686577,0.000004
2.686600,3.239422,0.056425
2.686600,10.486389,-0.068865
2.686600,2.892184,-0.026382
2.686600,2.689573,0.002896
2.686600,3.698048,0.084766
2.686600,7.481164,-0.121858
2.686600,2.789272,-0.015451
2.686600,2.720467,0.007256
2.686600,4.896103,0.121488
2.686600,4.900382,-0.121555
2.686600,2.720582,-0.007270
2.686600,2.789172,0.015439
2.686600,7.477484,0.121895
2.686600,3.698871,-0.084807
2.686600,2.689594,-0.002900
2.686600,2.892077,0.026372
2.686600,10.484174,0.068925
2.686600,3.239688,-0.056445
2.686600,2.686581,-0.000005
2.686600,3.238299,0.056342
2.686600,10.495747,-0.068608
2.686600,2.892638,-0.026428
2.686600,2.689535,0.002889
2.686600,3.696264,0.084676
2.686600,7.489169,-0.121778
2.686600,2.789492,-0.015476
2.686600,2.720267,0.007231
2.686600,4.888651,0.121371
2.686600,4.907874,-0.121672
2.686600,2.720786,-0.007294
2.686600,2.789042,0.015424
2.686600,7.472628,0.121944
2.686600,3.699959,-0.084862
2.686600,2.689628,-0.002903
2.686600,2.892156,0.026379
2.686600,10.485770,0.068882
2.686600,3.239497,-0.056431
2.686600,2.686599,-0.000002
2.686600,3.239072,0.056399
2.686600,10.489318,-0.068784
2.686600,2.892328,-0.026397
2.686600,2.689610,0.002900
2.686600,3.699156,0.084822
2.686600,7.476211,-0.121908
2.686600,2.789140,-0.015435
2.686600,2.720689,0.007282
2.686600,4.904262,0.121616
2.686600,4.892238,-0.121427
2.686600,2.720365,-0.007243
2.686600,2.789422,0.015468
2.686600,7.486559,0.121804
2.686600,3.696845,-0.084705
2.686600,2.689552,-0.002891
2.686600,2.892630,0.026427
2.686600,10.495562,0.068613
2.686600,3.238321,-0.056343
2.686600,2.686588,0.000006
2.686600,3.239883,0.056460
2.686600,10.482549,-0.068970
2.686600,2.891999,-0.026364
2.686600,2.689618,0.002903
2.686600,3.699781,0.084853
2.686600,7.473419,-0.121936
2.686600,2.789062,-0.015426
2.686600,2.720720,0.007286
2.686600,4.905451,0.121634
2.686600,4.891056,-0.121409
2.686600,2.720331,-0.007239
2.686600,2.789399,0.015466
2.686600,7.485798,0.121812
2.686600,3.697014,-0.084714
2.686600,2.689548,-0.002892
2.686600,2.892359,0.026400
2.686600,10.490005,0.068766
2.686600,3.238988,-0.056393
2.686600,2.686575,-0.000001
2.686600,3.238781,0.056378
2.686600,10.491727,-0.068718
2.686600,2.892442,-0.026408
2.686600,2.689539,0.002891
2.686600,3.696627,0.084694
2.686600,7.487536,-0.121794
2.686600,2.789447,-0.015471
2.686600,2.720284,0.007233
2.686600,4.889314,0.121381
2.686600,4.907206,-0.121662
2.686600,2.720767,-0.007292
2.686600,2.789027,0.015422
2.686600,7.472148,0.121948
2.686600,3.700066,-0.084867
2.686600,2.689626,-0.002904
2.686600,2.891995,0.026363
2.686600,10.482456,0.068972
2.686600,3.239895,-0.056461
2.686600,2.686591,-0.000005
2.686600,3.238416,0.056350
2.686600,10.494777,-0.068635
2.686600,2.892592,-0.026423
2.686600,2.689563,0.002892
2.686600,3.697284,0.084727
2.686600,7.484590,-0.121824
2.686600,2.789368,-0.015462
2.686600,2.720431,0.007251
2.686600,4.894685,0.121466
2.686600,4.901805,-0.121578
2.686600,2.720623,-0.007274
2.686600,2.789201,0.015442
2.686600,7.478463,0.121885
2.686600,3.698653,-0.084796
2.686600,2.689598,-0.002898
2.686600,2.892413,0.026405
2.686600,10.491079,0.068736
2.686600,3.238860,-0.056383
2.686600,2.686598,0.000003
2.686600,3.239666,0.056443
2.686600,10.484363,-0.068920
2.686600,2.892088,-0.026372
2.686600,2.689633,0.002904
2.686600,3.700171,0.084873
2.686600,7.471680,-0.121953
2.686600,2.789015,-0.015421
2.686600,2.720807,0.007297
2.686600,4.908641,0.121684
2.686600,4.887892,-0.121359
2.686600,2.720247,-0.007229
2.686600,2.789502,0.015478
2.686600,7.489531,0.121774
2.686600,3.696183,-0.084672
2.686600,2.689531,-0.002888
2.686600,2.892608,0.026425
2.686600,10.495128,0.068625
2.686600,3.238373,-0.056347
2.686600,2.686579,0.000004
2.686600,3.239525,0.056433
2.686600,10.485531,-0.068888
2.686600,2.892142,-0.026378
2.686600,2.689580,0.002898
2.686600,3.698344,0.084781
2.686600,7.479842,-0.121872
2.686600,2.789236,-0.015447
2.686600,2.720508,0.007261
2.686600,4.897613,0.121512
2.686600,4.898870,-0.121532
2.686600,2.720542,-0.007265
2.686600,2.789207,0.015443
2.686600,7.478762,0.121882
2.686600,3.698585,-0.084793
2.686600,2.689586,-0.002899
2.686600,2.892111,0.026375
2.686600,10.484880,0.068906
2.686600,3.239603,-0.056439
2.686600,2.686580,-0.000005
2.686600,3.238333,0.056344
2.686600,10.495462,-0.068616
2.686600,2.892624,-0.026427
2.686600,2.689532,0.002888
2.686600,3.696202,0.084673
2.686600,7.489445,-0.121775
2.686600,2.789500,-0.015477
2.686600,2.720254,0.007229
2.686600,4.888148,0.121363
2.686600,4.908382,-0.121680
2.686600,2.720800,-0.007296
2.686600,2.789025,0.015422
2.686600,7.472036,0.121950
2.686600,3.700091,-0.084869
2.686600,2.689631,-0.002904
2.686600,2.892117,0.026375
2.686600,10.484963,0.068904
2.686600,3.239594,-0.056438
2.686600,2.686599,-0.000002
2.686600,3.238955,0.056390
2.686600,10.490293,-0.068758
2.686600,2.892375,-0.026401
2.686600,2.689604,0.002899
2.686600,3.698886,0.084808
2.686600,7.477419,-0.121896
2.686600,2.789173,-0.015439
2.686600,2.720654,0.007278
2.686600,4.902956,0.121596
2.686600,4.893538,-0.121448
2.686600,2.720400,-0.007247
2.686600,2.789393,0.015465
2.686600,7.485524,0.121815
2.686600,3.697076,-0.084717
2.686600,2.689558,-0.002892
2.686600,2.892612,0.026425
2.686600,10.495183,0.068623
2.686600,3.238367,-0.056347
2.686600,2.686590,0.000006
2.686600,3.239897,0.056461
2.686600,10.482439,-0.068973
2.686600,2.891994,-0.026363
2.686600,2.689623,0.002904
2.686600,3.699952,0.084862
2.686600,7.472655,-0.121943
2.686600,2.789041,-0.015424
2.686600,2.720748,0.007290
2.686600,4.906484,0.121650
2.686600,4.890030,-0.121392
2.686600,2.720304,-0.007236
2.686600,2.789426,0.015469
2.686600,7.486805,0.121802
2.686600,3.696790,-0.084702
2.686600,2.689543,-0.002891
2.686600,2.892405,0.026405
2.686600,10.490964,0.068739
2.686600,3.238873,-0.056384
2.686600,2.686575,0.000000
2.686600,3.238893,0.056386
2.686600,10.490797,-0.068744
2.686600,2.892397,-0.026404
2.686600,2.689543,0.002891
2.686600,3.696827,0.084704
2.686600,7.486637,-0.121803
2.686600,2.789422,-0.015469
2.686600,2.720308,0.007236
2.686600,4.890198,0.121395
2.686600,4.906314,-0.121648
2.686600,2.720743,-0.007289
2.686600,2.789044,0.015424
2.686600,7.472778,0.121942
2.686600,3.699924,-0.084860
2.686600,2.689622,-0.002904
2.686600,2.891994,0.026363
2.686600,10.482449,0.068972
2.686600,3.239896,-0.056461
2.686600,2.686590,-0.000006
2.686600,3.238358,0.056346
2.686600,10.495259,-0.068621
2.686600,2.892615,-0.026426
2.686600,2.689557,0.002891
2.686600,3.697034,0.084715
2.686600,7.485714,-0.121813
2.686600,2.789399,-0.015465
2.686600,2.720393,0.007246
2.686600,4.893301,0.121444
2.686600,4.903193,-0.121599
2.686600,2.720660,-0.007279
2.686600,2.789167,0.015438
2.686600,7.477201,0.121898
2.686600,3.698935,-0.084810
2.686600,2.689605,-0.002899
2.686600,2.892367,0.026400
2.686600,10.490122,0.068762
2.686600,3.238975,-0.056392
2.686600,2.686599,0.000002
2.686600,3.239578,0.056437
2.686600,10.485099,-0.068900
2.686600,2.892123,-0.026376
2.686600,2.689631,0.002904
2.686600,3.700071,0.084868
2.686600,7.472127,-0.121949
2.686600,2.789028,-0.015422
2.686600,2.720798,0.007295
2.686600,4.908308,0.121679
2.686600,4.888221,-0.121364
2.686600,2.720256,-0.007230
2.686600,2.789499,0.015477
2.686600,7.489410,0.121776
2.686600,3.696210,-0.084673
2.686600,2.689533,-0.002888
2.686600,2.892627,0.026427
2.686600,10.495522,0.068614
2.686600,3.238326,-0.056344
2.686600,2.686580,0.000005
2.686600,3.239619,0.056440
2.686600,10.484749,-0.068910
2.686600,2.892105,-0.026374
2.686600,2.689588,0.002899
2.686600,3.698636,0.084795
2.686600,7.478534,-0.121885
2.686600,2.789201,-0.015443
2.686600,2.720549,0.007266
2.686600,4.899138,0.121536
2.686600,4.897346,-0.121508
2.686600,2.720501,-0.007260
2.686600,2.789243,0.015448
2.686600,7.480075,0.121869
2.686600,3.698292,-0.084778
2.686600,2.689579,-0.002897
2.686600,2.892149,0.026379
2.686600,10.485677,0.068884
2.686600,3.239508,-0.056432
2.686600,2.686578,-0.000004
2.686600,3.238383,0.056348
2.686600,10.495045,-0.068627
2.686600,2.892604,-0.026425
2.686600,2.689531,0.002888
2.686600,3.696183,0.084672
2.686600,7.489533,-0.121774
2.686600,2.789502,-0.015478
2.686600,2.720245,0.007229
2.686600,4.887856,0.121358
2.686600,4.908676,-0.121684
2.686600,2.720808,-0.007297
2.686600,2.789014,0.015420
2.686600,7.471621,0.121954
2.686600,3.700184,-0.084873
2.686600,2.689633,-0.002904
2.686600,2.892082,0.026372
2.686600,10.484244,0.068923
2.686600,3.239680,-0.056445
2.686600,2.686598,-0.000003
2.686600,3.238840,0.056382
2.686600,10.491243,-0.068732
2.686600,2.892421,-0.026406
2.686600,2.689597,0.002898
2.686600,3.698602,0.084794
2.686600,7.478689,-0.121883
2.686600,2.789207,-0.015443
2.686600,2.720616,0.007273
2.686600,4.901552,0.121574
2.686600,4.894936,-0.121470
2.686600,2.720438,-0.007252
2.686600,2.789362,0.015461
2.686600,7.484383,0.121826
2.686600,3.697331,-0.084730
2.686600,2.689564,-0.002893
2.686600,2.892587,0.026423
2.686600,10.494679,0.068637
2.686600,3.238428,-0.056351
2.686600,2.686592,0.000005
2.686600,3.239893,0.056460
2.686600,10.482472,-0.068972
2.686600,2.891996,-0.026363
2.686600,2.689627,0.002904
2.686600,3.700087,0.084868
2.686600,7.472055,-0.121949
2.686600,2.789025,-0.015422
2.686600,2.720771,0.007292
2.686600,4.907343,0.121664
2.686600,4.889178,-0.121379
2.686600,2.720281,-0.007233
2.686600,2.789450,0.015472
2.686600,7.487679,0.121793
2.686600,3.696595,-0.084693
2.686600,2.689538,-0.002890
2.686600,2.892450,0.026409
2.686600,10.491885,0.068714
2.686600,3.238762,-0.056376
2.686600,2.686575,0.000001
2.686600,3.239008,0.056395
2.686600,10.489834,-0.068770
2.686600,2.892350,-0.026399
2.686600,2.689549,0.002892
2.686600,3.697057,0.084716
2.686600,7.485609,-0.121814
2.686600,2.789394,-0.015465
2.686600,2.720336,0.007240
2.686600,4.891253,0.121412
2.686600,4.905253,-0.121631
2.686600,2.720714,-0.007286
2.686600,2.789066,0.015427
2.686600,7.473569,0.121934
2.686600,3.699747,-0.084851
2.686600,2.689617,-0.002903
2.686600,2.892001,0.026364
2.686600,10.482583,0.068969
2.686600,3.239879,-0.056459
2.686600,2.686588,-0.000006
2.686600,3.238315,0.056343
2.686600,10.495614,-0.068612
2.686600,2.892632,-0.026427
2.686600,2.689550,0.002891
2.686600,3.696808,0.084703
2.686600,7.486728,-0.121803
2.686600,2.789426,-0.015469
2.686600,2.720359,0.007242
2.686600,4.892022,0.121424
2.686600,4.904479,-0.121619
2.686600,2.720695,-0.007283
2.686600,2.789134,0.015434
2.686600,7.476007,0.121910
2.686600,3.699202,-0.084824
2.686600,2.689611,-0.002900
2.686600,2.892319,0.026396
2.686600,10.489146,0.068789
2.686600,3.239092,-0.056401
2.686600,2.686599,0.000001
2.686600,3.239479,0.056430
2.686600,10.485920,-0.068877
2.686600,2.892163,-0.026380
2.686600,2.689628,0.002903
2.686600,3.699931,0.084861
2.686600,7.472749,-0.121942
2.686600,2.789045,-0.015424
2.686600,2.720784,0.007294
2.686600,4.907764,0.121670
2.686600,4.888761,-0.121372
2.686600,2.720270,-0.007231
2.686600,2.789490,0.015476
2.686600,7.489101,0.121779
2.686600,3.696279,-0.084677
2.686600,2.689535,-0.002889
2.686600,2.892640,0.026428
2.686600,10.495783,0.068607
2.686600,3.238295,-0.056341
2.686600,2.686582,0.000005
2.686600,3.239702,0.056446
2.686600,10.484060,-0.068928
2.686600,2.892072,-0.026371
2.686600,2.689595,0.002900
2.686600,3.698920,0.084810
2.686600,7.477265,-0.121897
2.686600,2.789166,-0.015439
2.686600,2.720590,0.007271
2.686600,4.900645,0.121559
2.686600,4.895841,-0.121484
2.686600,2.720460,-0.007255
2.686600,2.789279,0.015452
2.686600,7.481395,0.121856
2.686600,3.697997,-0.084763
2.686600,2.689571,-0.002896
2.686600,2.892191,0.026383
2.686600,10.486547,0.068860
2.686600,3.239403,-0.056424
2.686600,2.686577,-0.000003
2.686600,3.238448,0.056353
2.686600,10.494505,-0.068642
2.686600,2.892577,-0.026422
2.686600,2.689531,0.002889
2.686600,3.696206,0.084673
2.686600,7.489429,-0.121775
2.686600,2.789499,-0.015477
2.686600,2.720243,0.007228
2.686600,4.887783,0.121357
2.686600,4.908750,-0.121686
2.686600,2.720809,-0.007297
2.686600,2.789007,0.015420
2.686600,7.471391,0.121956
2.686600,3.700235,-0.084876
2.686600,2.689633,-0.002905
2.686600,2.892052,0.026369
2.686600,10.483630,0.068940
2.686600,3.239754,-0.056450
2.686600,2.686597,-0.000004
2.686600,3.238731,0.056374
2.686600,10.492150,-0.068707
2.686600,2.892465,-0.026410
2.686600,2.689590,0.002896
2.686600,3.698310,0.084779
2.686600,7.479996,-0.121870
2.686600,2.789243,-0.015447
2.686600,2.720577,0.007268
2.686600,4.900081,0.121551
2.686600,4.896405,-0.121493
2.686600,2.720477,-0.007256
2.686600,2.789329,0.015457
2.686600,7.483160,0.121838
2.686600,3.697604,-0.084743
2.686600,2.689572,-0.002894
2.686600,2.892557,0.026420
2.686600,10.494059,0.068654
2.686600,3.238502,-0.056357
2.686600,2.686594,0.000005
2.686600,3.239872,0.056459
2.686600,10.482645,-0.068967
2.686600,2.892004,-0.026364
2.686600,2.689630,0.002905
2.686600,3.700181,0.084873
2.686600,7.471633,-0.121954
2.686600,2.789013,-0.015421
2.686600,2.720789,0.007295
2.686600,4.908010,0.121674
2.686600,4.888517,-0.121369
2.686600,2.720263,-0.007231
2.686600,2.789470,0.015474
2.686600,7.488399,0.121786
2.686600,3.696435,-0.084684
2.686600,2.689535,-0.002890
2.686600,2.892492,0.026413
2.686600,10.492749,0.068690
2.686600,3.238658,-0.056369
2.686600,2.686575,0.000002
2.686600,3.239126,0.056403
2.686600,10.488857,-0.068797
2.686600,2.892303,-0.026395
2.686600,2.689555,0.002893
2.686600,3.697310,0.084729
2.686600,7.484470,-0.121825
2.686600,2.789363,-0.015462
2.686600,2.720369,0.007244
2.686600,4.892455,0.121431
2.686600,4.904043,-0.121613
2.686600,2.720682,-0.007282
2.686600,2.789091,0.015430
2.686600,7.474506,0.121925
2.686600,3.699537,-0.084841
2.686600,2.689611,-0.002902
2.686600,2.892014,0.026365
2.686600,10.482857,0.068961
2.686600,3.239846,-0.056457
2.686600,2.686586,-0.000006
2.686600,3.238289,0.056341
2.686600,10.495834,-0.068606
2.686600,2.892643,-0.026428
2.686600,2.689545,0.002890
2.686600,3.696611,0.084693
2.686600,7.487610,-0.121794
2.686600,2.789450,-0.015471
2.686600,2.720328,0.007238
2.686600,4.890873,0.121406
2.686600,4.905636,-0.121637
2.686600,2.720726,-0.007287
2.686600,2.789104,0.015431
2.686600,7.474906,0.121921
2.686600,3.699448,-0.084836
2.686600,2.689617,-0.002901
2.686600,2.892272,0.026391
2.686600,10.488169,0.068816
2.686600,3.239209,-0.056409
2.686600,2.686600,0.000001
2.686600,3.239373,0.056422
2.686600,10.486810,-0.068853
2.686600,2.892206,-0.026384
2.686600,2.689624,0.002902
2.686600,3.699756,0.084852
2.686600,7.473533,-0.121935
2.686600,2.789066,-0.015427
2.686600,2.720764,0.007291
2.686600,4.907020,0.121659
2.686600,4.889499,-0.121384
2.686600,2.720290,-0.007234
2.686600,2.789477,0.015475
2.686600,7.488610,0.121784
2.686600,3.696388,-0.084682
2.686600,2.689539,-0.002889
2.686600,2.892646,0.026429
2.686600,10.495905,0.068604
2.686600,3.238280,-0.056340
2.686600,2.686584,0.000005
2.686600,3.239772,0.056451
2.686600,10.483479,-0.068944
2.686600,2.892044,-0.026368
2.686600,2.689602,0.002901
2.686600,3.699189,0.084823
2.686600,7.476063,-0.121909
2.686600,2.789133,-0.015435
2.686600,2.720629,0.007275
2.686600,4.902101,0.121582
2.686600,4.894388,-0.121461
2.686600,2.720421,-0.007250
2.686600,2.789314,0.015456
2.686600,7.482695,0.121843
2.686600,3.697707,-0.084749
2.686600,2.689564,-0.002895
2.686600,2.892236,0.026388
2.686600,10.487472,0.068835
2.686600,3.239292,-0.056416
2.686600,2.686576,-0.000003
2.686600,3.238526,0.056359
2.686600,10.493853,-0.068660
2.686600,2.892545,-0.026419
2.686600,2.689532,0.002889
2.686600,3.696271,0.084676
2.686600,7.489136,-0.121778
2.686600,2.789491,-0.015476
2.686600,2.720247,0.007229
2.686600,4.887929,0.121359
2.686600,4.908603,-0.121683
2.686600,2.720805,-0.007296
2.686600,2.789006,0.015420
2.686600,7.471353,0.121956
2.686600,3.700244,-0.084876
2.686600,2.689633,-0.002905
2.686600,2.892028,0.026367
2.686600,10.483133,0.068954
2.686600,3.239814,-0.056454
2.686600,2.686595,-0.000004
2.686600,3.238630,0.056366
2.686600,10.492994,-0.068684
2.686600,2.892506,-0.026414
2.686600,2.689582,0.002895
2.686600,3.698016,0.084764
2.686600,7.481311,-0.121857
2.686600,2.789279,-0.015451
2.686600,2.720536,0.007264
2.686600,4.898572,0.121527
2.686600,4.897912,-0.121517
2.686600,2.720518,-0.007261
2.686600,2.789294,0.015453
2.686600,7.481879,0.121851
2.686600,3.697890,-0.084758
2.686600,2.689579,-0.002895
2.686600,2.892522,0.026416
2.686600,10.493336,0.068674
2.686600,3.238589,-0.056363
2.686600,2.686595,0.000004
2.686600,3.239835,0.056456
2.686600,10.482956,-0.068959
2.686600,2.892019,-0.026366
2.686600,2.689632,0.002905
2.686600,3.700234,0.084876
2.686600,7.471396,-0.121956
2.686600,2.789007,-0.015420
2.686600,2.720802,0.007296
2.686600,4.908470,0.121681
2.686600,4.888061,-0.121361
2.686600,2.720251,-0.007229
2.686600,2.789485,0.015476
2.686600,7.488952,0.121780
2.686600,3.696312,-0.084678
2.686600,2.689533,-0.002889
2.686600,2.892530,0.026417
2.686600,10.493537,0.068669
2.686600,3.238564,-0.056361
2.686600,2.686576,0.000002
2.686600,3.239242,0.056412
2.686600,10.487887,-0.068824
2.686600,2.892256,-0.026390
2.686600,2.689561,0.002895
2.686600,3.697583,0.084742
2.686600,7.483247,-0.121838
2.686600,2.789329,-0.015458
2.686600,2.720404,0.007248
2.686600,4.893781,0.121452
2.686600,4.902712,-0.121592
2.686600,2.720646,-0.007277
2.686600,2.789120,0.015433
2.686600,7.475568,0.121914
2.686600,3.699300,-0.084829
2.686600,2.689605,-0.002901
2.686600,2.892033,0.026367
2.686600,10.483263,0.068950
2.686600,3.239798,-0.056453
2.686600,2.686584,-0.000005
2.686600,3.238279,0.056340
2.686600,10.495915,-0.068603
2.686600,2.892646,-0.026429
2.686600,2.689540,0.002889
2.686600,3.696448,0.084685
2.686600,7.488342,-0.121786
2.686600,2.789470,-0.015474
2.686600,2.720301,0.007235
2.686600,4.889878,0.121390
2.686600,4.906638,-0.121653
2.686600,2.720753,-0.007290
2.686600,2.789077,0.015428
2.686600,7.473920,0.121931
2.686600,3.699669,-0.084847
2.686600,2.689622,-0.002902
2.686600,2.892226,0.026386
2.686600,10.487214,0.068842
2.686600,3.239324,-0.056418
2.686600,2.686600,-0.000000
2.686600,3.239260,0.056413
2.686600,10.487750,-0.068827
2.686600,2.892252,-0.026389
2.686600,2.689619,0.002901
2.686600,3.699548,0.084841
2.686600,7.474462,-0.121925
2.686600,2.789092,-0.015429
2.686600,2.720739,0.007288
2.686600,4.906092,0.121644
2.686600,4.890420,-0.121399
2.686600,2.720315,-0.007237
2.686600,2.789459,0.015473
2.686600,7.487948,0.121790
2.686600,3.696536,-0.084689
2.686600,2.689543,-0.002890
2.686600,2.892645,0.026429
2.686600,10.495887,0.068604
2.686600,3.238282,-0.056340
2.686600,2.686585,0.000006
2.686600,3.239827,0.056456
2.686600,10.483017,-0.068957
2.686600,2.892021,-0.026366
2.686600,2.689609,0.002902
2.686600,3.699437,0.084836
2.686600,7.474954,-0.121920
2.686600,2.789103,-0.015431
2.686600,2.720666,0.007280
2.686600,4.903477,0.121604
2.686600,4.893018,-0.121440
2.686600,2.720384,-0.007246
2.686600,2.789348,0.015460
2.686600,7.483948,0.121830
2.686600,3.697427,-0.084734
2.686600,2.689558,-0.002894
2.686600,2.892282,0.026392
2.686600,10.488433,0.068809
2.686600,3.239177,-0.056407
2.686600,2.686575,-0.000002
2.686600,3.238616,0.056365
2.686600,10.493102,-0.068681
2.686600,2.892509,-0.026415
2.686600,2.689534,0.002889
2.686600,3.696377,0.084681
2.686600,7.488661,-0.121783
2.686600,2.789478,-0.015475
2.686600,2.720257,0.007230
2.686600,4.888293,0.121365
2.686600,4.908236,-0.121678
2.686600,2.720795,-0.007295
2.686600,2.789010,0.015420
2.686600,7.471507,0.121955
2.686600,3.700209,-0.084875
2.686600,2.689631,-0.002905
2.686600,2.892010,0.026365
2.686600,10.482764,0.068964
2.686600,3.239858,-0.056458
2.686600,2.686594,-0.000005
2.686600,3.238538,0.056359
2.686600,10.493757,-0.068663
2.686600,2.892543,-0.026418
2.686600,2.689575,0.002894
2.686600,3.697727,0.084750
2.686600,7.482608,-0.121844
2.686600,2.789314,-0.015455
2.686600,2.720495,0.007259
2.686600,4.897057,0.121503
2.686600,4.899427,-0.121540
2.686600,2.720559,-0.007266
2.686600,2.789259,0.015449
2.686600,7.480569,0.121864
2.686600,3.698182,-0.084772
2.686600,2.689586,-0.002896
2.686600,2.892483,0.026412
2.686600,10.492526,0.068696
2.686600,3.238686,-0.056370
2.686600,2.686596,0.000004
2.686600,3.239782,0.056452
2.686600,10.483399,-0.068946
2.686600,2.892041,-0.026368
2.686600,2.689633,0.002905
2.686600,3.700245,0.084876
2.686600,7.471351,-0.121956
2.686600,2.789006,-0.015420
2.686600,2.720809,0.007297
2.686600,4.908713,0.121685
2.686600,4.887820,-0.121357
2.686600,2.720244,-0.007228
2.686600,2.789496,0.015477
2.686600,7.489325,0.121776
2.686600,3.696229,-0.084674
2.686600,2.689531,-0.002889
2.686600,2.892564,0.026421
2.686600,10.494234,0.068650
2.686600,3.238480,-0.056355
2.686600,2.686577,0.000003
2.686600,3.239355,0.056420
2.686600,10.486943,-0.068849
2.686600,2.892211,-0.026385
2.686600,2.689568,0.002896
2.686600,3.697870,0.084757
2.686600,7.481964,-0.121850
2.686600,2.789294,-0.015454
2.686600,2.720443,0.007253
2.686600,4.895201,0.121474
2.686600,4.901286,-0.121570
2.686600,2.720607,-0.007273
2.686600,2.789152,0.015437
2.686600,7.476733,0.121903
2.686600,3.699039,-0.084816
2.686600,2.689598,-0.002900
2.686600,2.892058,0.026370
2.686600,10.483793,0.068936
2.686600,3.239734,-0.056449
2.686600,2.686582,-0.000005
2.686600,3.238286,0.056341
2.686600,10.495853,-0.068605
2.686600,2.892643,-0.026429
2.686600,2.689536,0.002889
2.686600,3.696322,0.084679
2.686600,7.488909,-0.121781
2.686600,2.789485,-0.015476
2.686600,2.720278,0.007232
2.686600,4.889058,0.121377
2.686600,4.907464,-0.121666
2.686600,2.720775,-0.007293
2.686600,2.789054,0.015425
2.686600,7.473071,0.121939
2.686600,3.699859,-0.084857
2.686600,2.689626,-0.002903
2.686600,2.892182,0.026382
2.686600,10.486300,0.068867
2.686600,3.239434,-0.056426
2.686600,2.686600,-0.000001
2.686600,3.239143,0.056404
2.686600,10.488720,-0.068801
2.686600,2.892299,-0.026394
2.686600,2.689614,0.002900
2.686600,3.699312,0.084829
2.686600,7.475516,-0.121915
2.686600,2.789121,-0.015433
2.686600,2.720709,0.007285
2.686600,4.905000,0.121627
2.686600,4.891505,-0.121416
2.686600,2.720345,-0.007240
2.686600,2.789437,0.015470
2.686600,7.487129,0.121799
2.686600,3.696718,-0.084699
2.686600,2.689548,-0.002890
2.686600,2.892638,0.026428
2.686600,10.495727,0.068609
2.686600,3.238302,-0.056342
2.686600,2.686587,0.000006
2.686600,3.239867,0.056459
2.686600,10.482685,-0.068966
2.686600,2.892005,-0.026364
2.686600,2.689615,0.002903
2.686600,3.699660,0.084847
2.686600,7.473960,-0.121930
2.686600,2.789076,-0.015428
2.686600,2.720701,0.007284
2.686600,4.904744,0.121623
2.686600,4.891759,-0.121420
2.686600,2.720350,-0.007241
2.686600,2.789380,0.015464
2.686600,7.485126,0.121819
2.686600,3.697164,-0.084721
2.686600,2.689551,-0.002893
2.686600,2.892330,0.026397
2.686600,10.489410,0.068782
2.686600,3.239059,-0.056398
2.686600,2.686575,-0.000001
2.686600,3.238716,0.056373
2.686600,10.492269,-0.068704
2.686600,2.892468,-0.026411
2.686600,2.689537,0.002890
2.686600,3.696521,0.084689
2.686600,7.488012,-0.121790
2.686600,2.789460,-0.015473
2.686600,2.720272,0.007232
2.686600,4.888866,0.121374
2.686600,4.907658,-0.121669
2.686600,2.720779,-0.007293
2.686600,2.789019,0.015421
2.686600,7.471849,0.121951
2.686600,3.700133,-0.084871
2.686600,2.689628,-0.002904
2.686600,2.891998,0.026364
2.686600,10.482530,0.068970
2.686600,3.239886,-0.056460
2.686600,2.686592,-0.000005
2.686600,3.238458,0.056353
2.686600,10.494423,-0.068644
2.686600,2.892575,-0.026421
2.686600,2.689567,0.002893
2.686600,3.697447,0.084735
2.686600,7.483860,-0.121831
2.686600,2.789348,-0.015459
2.686600,2.720455,0.007254
2.686600,4.895568,0.121480
2.686600,4.900919,-0.121564
2.686600,2.720599,-0.007271
2.686600,2.789223,0.015445
2.686600,7.479255,0.121877
2.686600,3.698476,-0.084787
2.686600,2.689594,-0.002897
2.686600,2.892440,0.026408
2.686600,10.491644,0.068721
2.686600,3.238792,-0.056378
2.686600,2.686597,0.000003
2.686600,3.239714,0.056447
2.686600,10.483964,-0.068931
2.686600,2.892068,-0.026371
2.686600,2.689633,0.002904
2.686600,3.700212,0.084875
2.686600,7.471498,-0.121955
2.686600,2.789010,-0.015420
2.686600,2.720809,0.007297
2.686600,4.908736,0.121685
2.686600,4.887797,-0.121357
2.686600,2.720244,-0.007228
2.686600,2.789501,0.015478
2.686600,7.489511,0.121775
2.686600,3.696187,-0.084672
2.686600,2.689531,-0.002889
2.686600,2.892593,0.026424
2.686600,10.494825,0.068633
2.686600,3.238409,-0.056350
2.686600,2.686578,0.000004
2.686600,3.239463,0.056428
2.686600,10.486047,-0.068874
2.686600,2.892167,-0.026381
2.686600,2.689576,0.002897
2.686600,3.698163,0.084772
2.686600,7.480649,-0.121864
2.686600,2.789258,-0.015449
2.686600,2.720483,0.007258
2.686600,4.896687,0.121497
2.686600,4.899797,-0.121546
2.686600,2.720567,-0.007268
2.686600,2.789185,0.015441
2.686600,7.477976,0.121890
2.686600,3.698761,-0.084802
2.686600,2.689591,-0.002899
2.686600,2.892089,0.026373
2.686600,10.484437,0.068918
2.686600,3.239657,-0.056443
2.686600,2.686581,-0.000005
2.686600,3.238310,0.056342
2.686600,10.495652,-0.068611
2.686600,2.892633,-0.026428
2.686600,2.689533,0.002889
2.686600,3.696235,0.084674
2.686600,7.489298,-0.121777
2.686600,2.789496,-0.015477
2.686600,2.720261,0.007230
2.686600,4.888430,0.121367
2.686600,4.908097,-0.121675
2.686600,2.720792,-0.007295
2.686600,2.789035,0.015423
2.686600,7.472377,0.121946
2.686600,3.700015,-0.084865
2.686600,2.689629,-0.002903
2.686600,2.892140,0.026378
2.686600,10.485446,0.068890
2.686600,3.239536,-0.056434
2.686600,2.686599,-0.000002
2.686600,3.239026,0.056396
2.686600,10.489699,-0.068774
2.686600,2.892346,-0.026398
2.686600,2.689608,0.002899
2.686600,3.699053,0.084816
2.686600,7.476672,-0.121903
2.686600,2.789152,-0.015436
2.686600,2.720676,0.007281
2.686600,4.903767,0.121608
2.686600,4.892731,-0.121435
2.686600,2.720378,-0.007244
2.686600,2.789411,0.015467
2.686600,7.486170,0.121808
2.686600,3.696932,-0.084709
2.686600,2.689554,-0.002891
2.686600,2.892623,0.026426
2.686600,10.495430,0.068617
2.686600,3.238337,-0.056344
2.686600,2.686589,0.000006
2.686600,3.239891,0.056460
2.686600,10.482490,-0.068971
2.686600,2.891996,-0.026363
2.686600,2.689620,0.002903
2.686600,3.699852,0.084857
2.686600,7.473103,-0.121939
2.686600,2.789053,-0.015425
2.686600,2.720731,0.007288
2.686600,4.905872,0.121641
2.686600,4.890637,-0.121402
2.686600,2.720320,-0.007238
2.686600,2.789410,0.015467
2.686600,7.486205,0.121808
2.686600,3.696924,-0.084709
2.686600,2.689546,-0.002892
2.686600,2.892377,0.026402
2.686600,10.490382,0.068755
2.686600,3.238943,-0.056390
2.686600,2.686575,-0.000000
2.686600,3.238824,0.056381
2.686600,10.491370,-0.068728
2.686600,2.892425,-0.026407
2.686600,2.689541,0.002891
2.686600,3.696701,0.084698
2.686600,7.487203,-0.121798
2.686600,2.789437,-0.015470
2.686600,2.720293,0.007234
2.686600,4.889637,0.121386
2.686600,4.906880,-0.121657
2.686600,2.720758,-0.007291
2.686600,2.789034,0.015423
2.686600,7.472373,0.121946
2.686600,3.700015,-0.084865
2.686600,2.689625,-0.002904
2.686600,2.891994,0.026363
2.686600,10.482436,0.068973
2.686600,3.239897,-0.056461
2.686600,2.686591,-0.000005
2.686600,3.238392,0.056348
2.686600,10.494979,-0.068629
2.686600,2.892602,-0.026424
2.686600,2.689560,0.002892
2.686600,3.697184,0.084722
2.686600,7.485040,-0.121819
2.686600,2.789380,-0.015463
2.686600,2.720416,0.007249
2.686600,4.894135,0.121457
2.686600,4.902356,-0.121586
2.686600,2.720638,-0.007276
2.686600,2.789188,0.015441
2.686600,7.477965,0.121890
2.686600,3.698764,-0.084802
2.686600,2.689601,-0.002898
2.686600,2.892395,0.026403
2.686600,10.490710,0.068746
2.686600,3.238904,-0.056387
2.686600,2.686598,0.000003
2.686600,3.239633,0.056441
2.686600,10.484638,-0.068913
2.686600,2.892101,-0.026374
2.686600,2.689632,0.002904
2.686600,3.700137,0.084871
2.686600,7.471833,-0.121952
2.686600,2.789020,-0.015421
2.686600,2.720804,0.007296
2.686600,4.908537,0.121682
2.686600,4.887994,-0.121360
2.686600,2.720249,-0.007229
2.686600,2.789501,0.015478
2.686600,7.489507,0.121775
2.686600,3.696188,-0.084672
2.686600,2.689532,-0.002888
2.686600,2.892616,0.026426
2.686600,10.495297,0.068620
2.686600,3.238353,-0.056346
2.686600,2.686579,0.000004
2.686600,3.239563,0.056436
2.686600,10.485216,-0.068897
2.686600,2.892127,-0.026377
2.686600,2.689583,0.002898
2.686600,3.698458,0.084786
2.686600,7.479330,-0.121877
2.686600,2.789222,-0.015445
2.686600,2.720524,0.007263
2.686600,4.898207,0.121521
2.686600,4.898276,-0.121522
2.686600,2.720526,-0.007263
2.686600,2.789221,0.015445
2.686600,7.479270,0.121877
2.686600,3.698471,-0.084787
2.686600,2.689583,-0.002898
2.686600,2.892125,0.026377
2.686600,10.485180,0.068898
2.686600,3.239567,-0.056436
2.686600,2.686579,-0.000004
2.686600,3.238351,0.056346
2.686600,10.495315,-0.068620
2.686600,2.892617,-0.026426
2.686600,2.689532,0.002888
2.686600,3.696190,0.084672
2.686600,7.489502,-0.121775
2.686600,2.789501,-0.015478
2.686600,2.720250,0.007229
2.686600,4.888009,0.121360
2.686600,4.908523,-0.121682
2.686600,2.720804,-0.007296
2.686600,2.789020,0.015421
2.686600,7.471852,0.121951
2.686600,3.700132,-0.084871
2.686600,2.689632,-0.002904
2.686600,2.892103,0.026374
2.686600,10.484672,0.068912
2.686600,3.239629,-0.056441
2.686600,2.686598,-0.000003
2.686600,3.238910,0.056387
2.686600,10.490667,-0.068747
2.686600,2.892393,-0.026403
2.686600,2.689601,0.002898
2.686600,3.698777,0.084802
2.686600,7.477908,-0.121891
2.686600,2.789186,-0.015440
2.686600,2.720640,0.007276
2.686600,4.902419,0.121587
2.686600,4.894072,-0.121456
2.686600,2.720414,-0.007249
2.686600,2.789382,0.015463
2.686600,7.485091,0.121819
2.686600,3.697173,-0.084722
2.686600,2.689560,-0.002892
2.686600,2.892603,0.026424
2.686600,10.495002,0.068628
2.686600,3.238389,-0.056348
2.686600,2.686591,0.000005
2.686600,3.239897,0.056461
2.686600,10.482435,-0.068973
2.686600,2.891994,-0.026363
2.686600,2.689625,0.002904
2.686600,3.700009,0.084865
2.686600,7.472401,-0.121946
2.686600,2.789034,-0.015423
2.686600,2.720758,0.007291
2.686600,4.906840,0.121656
2.686600,4.889676,-0.121387
2.686600,2.720294,-0.007235
2.686600,2.789436,0.015470
2.686600,7.487163,0.121798
2.686600,3.696710,-0.084698
2.686600,2.689541,-0.002891
2.686600,2.892423,0.026407
2.686600,10.491328,0.068729
2.686600,3.238829,-0.056381
2.686600,2.686575,0.000000
2.686600,3.238937,0.056389
2.686600,10.490425,-0.068754
2.686600,2.892379,-0.026402
2.686600,2.689545,0.002892
2.686600,3.696913,0.084709
2.686600,7.486251,-0.121807
2.686600,2.789411,-0.015467
2.686600,2.720318,0.007238
2.686600,4.890590,0.121401
2.686600,4.905920,-0.121642
2.686600,2.720732,-0.007288
2.686600,2.789052,0.015425
2.686600,7.473068,0.121939
2.686600,3.699860,-0.084857
2.686600,2.689620,-0.002903
2.686600,2.891996,0.026363
2.686600,10.482484,0.068971
2.686600,3.239891,-0.056460
2.686600,2.686589,-0.000006
2.686600,3.238339,0.056345
2.686600,10.495413,-0.068617
2.686600,2.892623,-0.026426
2.686600,2.689554,0.002891
2.686600,3.696942,0.084710
2.686600,7.486123,-0.121809
2.686600,2.789410,-0.015467
2.686600,2.720379,0.007245
2.686600,4.892789,0.121436
2.686600,4.903708,-0.121607
2.686600,2.720674,-0.007280
2.686600,2.789154,0.015437
2.686600,7.476727,0.121903
2.686600,3.699041,-0.084816
2.686600,2.689607,-0.002899
2.686600,2.892348,0.026399
2.686600,10.489743,0.068773
2.686600,3.239021,-0.056395
2.686600,2.686599,0.000002
2.686600,3.239541,0.056434
2.686600,10.485409,-0.068891
2.686600,2.892138,-0.026378
2.686600,2.689630,0.002904
2.686600,3.700021,0.084865
2.686600,7.472349,-0.121946
2.686600,2.789034,-0.015423
2.686600,2.720793,0.007295
2.686600,4.908121,0.121676
2.686600,4.888407,-0.121367
2.686600,2.720260,-0.007230
2.686600,2.789496,0.015477
2.686600,7.489312,0.121777
2.686600,3.696232,-0.084674
2.686600,2.689533,-0.002889
2.686600,2.892633,0.026427
2.686600,10.495640,0.068611
2.686600,3.238312,-0.056343
2.686600,2.686581,0.000005
2.686600,3.239653,0.056443
2.686600,10.484469,-0.068917
2.686600,2.892091,-0.026373
2.686600,2.689591,0.002899
2.686600,3.698748,0.084801
2.686600,7.478033,-0.121890
2.686600,2.789187,-0.015441
2.686600,2.720565,0.007268
2.686600,4.899728,0.121545
2.686600,4.896756,-0.121499
2.686600,2.720485,-0.007258
2.686600,2.789257,0.015449
2.686600,7.480589,0.121864
2.686600,3.698177,-0.084772
2.686600,2.689576,-0.002897
2.686600,2.892165,0.026381
2.686600,10.486008,0.068875
2.686600,3.239468,-0.056429
2.686600,2.686578,-0.000004
2.686600,3.238407,0.056350
2.686600,10.494849,-0.068633
2.686600,2.892594,-0.026424
2.686600,2.689531,0.002889
2.686600,3.696187,0.084672
2.686600,7.489515,-0.121775
2.686600,2.789501,-0.015478
2.686600,2.720244,0.007228
2.686600,4.887802,0.121357
2.686600,4.908732,-0.121685
2.686600,2.720809,-0.007297
2.686600,2.789011,0.015420
2.686600,7.471509,0.121955
2.686600,3.700209,-0.084875
2.686600,2.689633,-0.002904
2.686600,2.892070,0.026371
2.686600,10.483992,0.068930
2.686600,3.239711,-0.056447
2.686600,2.686597,-0.000003
2.686600,3.238797,0.056379
2.686600,10.491603,-0.068722
2.686600,2.892438,-0.026408
2.686600,2.689594,0.002897
2.686600,3.698489,0.084788
2.686600,7.479195,-0.121878
2.686600,2.789221,-0.015445
2.686600,2.720601,0.007271
2.686600,4.900986,0.121565
2.686600,4.895501,-0.121479
2.686600,2.720453,-0.007253
2.686600,2.789350,0.015460
2.686600,7.483915,0.121831
2.686600,3.697435,-0.084735
2.686600,2.689567,-0.002893
2.686600,2.892576,0.026422
2.686600,10.494451,0.068644
2.686600,3.238455,-0.056353
2.686600,2.686592,0.000005
2.686600,3.239887,0.056460
2.686600,10.482522,-0.068970
2.686600,2.891998,-0.026364
2.686600,2.689628,0.002904
2.686600,3.700128,0.084871
2.686600,7.471869,-0.121951
2.686600,2.789020,-0.015421
2.686600,2.720779,0.007293
2.686600,4.907626,0.121668
2.686600,4.888897,-0.121375
2.686600,2.720273,-0.007232
2.686600,2.789459,0.015473
2.686600,7.487978,0.121790
2.686600,3.696529,-0.084689
2.686600,2.689537,-0.002890
2.686600,2.892467,0.026411
2.686600,10.492229,0.068705
2.686600,3.238721,-0.056373
2.686600,2.686575,0.000001
2.686600,3.239054,0.056398
2.686600,10.489454,-0.068781
2.686600,2.892332,-0.026397
2.686600,2.689551,0.002893
2.686600,3.697153,0.084721
2.686600,7.485177,-0.121818
2.686600,2.789382,-0.015464
2.686600,2.720348,0.007241
2.686600,4.891705,0.121419
2.686600,4.904798,-0.121624
2.686600,2.720702,-0.007284
2.686600,2.789075,0.015428
2.686600,7.473918,0.121931
2.686600,3.699669,-0.084847
2.686600,2.689615,-0.002903
2.686600,2.892005,0.026364
2.686600,10.482673,0.068966
2.686600,3.239868,-0.056459
2.686600,2.686587,-0.000006
2.686600,3.238303,0.056342
2.686600,10.495716,-0.068609
2.686600,2.892637,-0.026428
2.686600,2.689548,0.002890
2.686600,3.696727,0.084699
2.686600,7.487088,-0.121799
2.686600,2.789436,-0.015470
2.686600,2.720346,0.007241
2.686600,4.891557,0.121417
2.686600,4.904946,-0.121627
2.686600,2.720708,-0.007284
2.686600,2.789122,0.015433
2.686600,7.475566,0.121914
2.686600,3.699301,-0.084829
2.686600,2.689613,-0.002900
2.686600,2.892301,0.026394
2.686600,10.488764,0.068800
2.686600,3.239138,-0.056404
2.686600,2.686599,0.000001
2.686600,3.239439,0.056426
2.686600,10.486260,-0.068868
2.686600,2.892179,-0.026382
2.686600,2.689626,0.002903
2.686600,3.699867,0.084857
2.686600,7.473036,-0.121940
2.686600,2.789053,-0.015425
2.686600,2.720776,0.007293
2.686600,4.907497,0.121666
2.686600,4.889025,-0.121377
2.686600,2.720277,-0.007232
2.686600,2.789486,0.015476
2.686600,7.488931,0.121780
2.686600,3.696317,-0.084678
2.686600,2.689536,-0.002889
2.686600,2.892643,0.026428
2.686600,10.495847,0.068605
2.686600,3.238287,-0.056341
2.686600,2.686582,0.000005
2.686600,3.239731,0.056448
2.686600,10.483820,-0.068935
2.686600,2.892060,-0.026370
2.686600,2.689598,0.002900
2.686600,3.699027,0.084815
2.686600,7.476788,-0.121902
2.686600,2.789153,-0.015437
2.686600,2.720605,0.007272
2.686600,4.901219,0.121568
2.686600,4.895268,-0.121475
2.686600,2.720445,-0.007253
2.686600,2.789292,0.015453
2.686600,7.481905,0.121851
2.686600,3.697883,-0.084757
2.686600,2.689569,-0.002896
2.686600,2.892208,0.026385
2.686600,10.486901,0.068851
2.686600,3.239360,-0.056421
2.686600,2.686577,-0.000003
2.686600,3.238477,0.056355
2.686600,10.494263,-0.068649
2.686600,2.892566,-0.026421
2.686600,2.689531,0.002889
2.686600,3.696226,0.084674
2.686600,7.489337,-0.121776
2.686600,2.789496,-0.015477
2.686600,2.720244,0.007228
2.686600,4.887814,0.121357
2.686600,4.908719,-0.121685
2.686600,2.720809,-0.007297
2.686600,2.789006,0.015420
2.686600,7.471354,0.121956
2.686600,3.700244,-0.084876
2.686600,2.689633,-0.002905
2.686600,2.892042,0.026368
2.686600,10.483422,0.068946
2.686600,3.239779,-0.056452
2.686600,2.686596,-0.000004
2.686600,3.238691,0.056371
2.686600,10.492487,-0.068698
2.686600,2.892481,-0.026412
2.686600,2.689587,0.002896
2.686600,3.698196,0.084773
2.686600,7.480509,-0.121865
2.686600,2.789257,-0.015449
2.686600,2.720561,0.007267
2.686600,4.899496,0.121541
2.686600,4.896989,-0.121502
2.686600,2.720493,-0.007258
2.686600,2.789316,0.015456
2.686600,7.482667,0.121843
2.686600,3.697714,-0.084749
2.686600,2.689574,-0.002894
2.686600,2.892544,0.026418
2.686600,10.493789,0.068662
2.686600,3.238535,-0.056359
2.686600,2.686594,0.000005
2.686600,3.239860,0.056458
2.686600,10.482750,-0.068964
2.686600,2.892009,-0.026365
2.686600,2.689631,0.002905
2.686600,3.700207,0.084874
2.686600,7.471518,-0.121955
2.686600,2.789010,-0.015420
2.686600,2.720795,0.007295
2.686600,4.908214,0.121677
2.686600,4.888314,-0.121365
2.686600,2.720257,-0.007230
2.686600,2.789477,0.015475
2.686600,7.488635,0.121783
2.686600,3.696382,-0.084682
2.686600,2.689534,-0.002890
2.686600,2.892507,0.026415
2.686600,10.493066,0.068682
2.686600,3.238620,-0.056366
2.686600,2.686576,0.000002
2.686600,3.239171,0.056407
2.686600,10.488477,-0.068807
2.686600,2.892285,-0.026393
2.686600,2.689557,0.002894
2.686600,3.697415,0.084734
2.686600,7.484003,-0.121830
2.686600,2.789350,-0.015460
2.686600,2.720382,0.007245
2.686600,4.892958,0.121439
2.686600,4.903538,-0.121605
2.686600,2.720668,-0.007280
2.686600,2.789102,0.015431
2.686600,7.474906,0.121921
2.686600,3.699448,-0.084836
2.686600,2.689609,-0.002902
2.686600,2.892020,0.026366
2.686600,10.482999,0.068957
2.686600,3.239829,-0.056456
2.686600,2.686585,-0.000006
2.686600,3.238283,0.056340
2.686600,10.495882,-0.068604
2.686600,2.892645,-0.026429
2.686600,2.689543,0.002890
2.686600,3.696543,0.084690
2.686600,7.487914,-0.121791
2.686600,2.789458,-0.015472
2.686600,2.720316,0.007237
2.686600,4.890466,0.121399
2.686600,4.906045,-0.121644
2.686600,2.720737,-0.007288
2.686600,2.789093,0.015430
2.686600,7.474507,0.121925
2.686600,3.699538,-0.084841
2.686600,2.689619,-0.002901
2.686600,2.892254,0.026389
2.686600,10.487794,0.068826
2.686600,3.239255,-0.056413
2.686600,2.686600,0.000000
2.686600,3.239329,0.056418
2.686600,10.487171,-0.068843
2.686600,2.892224,-0.026386
2.686600,2.689622,0.002902
2.686600,3.699678,0.084848
2.686600,7.473879,-0.121931
2.686600,2.789076,-0.015428
2.686600,2.720754,0.007290
2.686600,4.906679,0.121653
2.686600,4.889836,-0.121389
2.686600,2.720299,-0.007235
2.686600,2.789471,0.015474
2.686600,7.488372,0.121786
2.686600,3.696441,-0.084685
2.686600,2.689540,-0.002889
2.686600,2.892646,0.026429
2.686600,10.495915,0.068603
2.686600,3.238279,-0.056340
2.686600,2.686584,0.000005
2.686600,3.239795,0.056453
2.686600,10.483284,-0.068950
2.686600,2.892034,-0.026367
2.686600,2.689605,0.002901
2.686600,3.699288,0.084828
2.686600,7.475619,-0.121914
2.686600,2.789121,-0.015433
2.686600,2.720644,0.007277
2.686600,4.902649,0.121591
2.686600,4.893843,-0.121453
2.686600,2.720406,-0.007248
2.686600,2.789327,0.015458
2.686600,7.483190,0.121838
2.686600,3.697596,-0.084743
2.686600,2.689562,-0.002895
2.686600,2.892254,0.026390
2.686600,10.487843,0.068825
2.686600,3.239247,-0.056412
2.686600,2.686576,-0.000002
2.686600,3.238560,0.056361
2.686600,10.493571,-0.068668
2.686600,2.892532,-0.026417
2.686600,2.689532,0.002889
2.686600,3.696307,0.084678
2.686600,7.488973,-0.121780
2.686600,2.789486,-0.015476
2.686600,2.720250,0.007229
2.686600,4.888045,0.121361
2.686600,4.908486,-0.121681
2.686600,2.720802,-0.007296
2.686600,2.789007,0.015420
2.686600,7.471390,0.121956
2.686600,3.700236,-0.084876
2.686600,2.689632,-0.002905
2.686600,2.892020,0.026366
2.686600,10.482974,0.068958
2.686600,3.239833,-0.056456
2.686600,2.686595,-0.000004
2.686600,3.238593,0.056363
2.686600,10.493301,-0.068675
2.686600,2.892520,-0.026416
2.686600,2.689579,0.002895
2.686600,3.697903,0.084758
2.686600,7.481820,-0.121852
2.686600,2.789293,-0.015453
2.686600,2.720520,0.007262
2.686600,4.897981,0.121518
2.686600,4.898503,-0.121526
2.686600,2.720534,-0.007263
2.686600,2.789281,0.015451
2.686600,7.481371,0.121856
2.686600,3.698003,-0.084763
2.686600,2.689582,-0.002895
2.686600,2.892507,0.026415
2.686600,10.493030,0.068683
2.686600,3.238626,-0.056366
2.686600,2.686595,0.000004
2.686600,3.239816,0.056455
2.686600,10.483113,-0.068954
2.686600,2.892027,-0.026366
2.686600,2.689633,0.002905
2.686600,3.700243,0.084876
2.686600,7.471356,-0.121956
2.686600,2.789006,-0.015420
2.686600,2.720805,0.007296
2.686600,4.908591,0.121683
2.686600,4.887941,-0.121359
2.686600,2.720247,-0.007229
2.686600,2.789490,0.015476
2.686600,7.489119,0.121779
2.686600,3.696275,-0.084676
2.686600,2.689532,-0.002889
2.686600,2.892544,0.026419
2.686600,10.493821,0.068661
2.686600,3.238530,-0.056359
2.686600,2.686576,0.000003
2.686600,3.239287,0.056415
2.686600,10.487515,-0.068834
2.686600,2.892238,-0.026388
2.686600,2.689564,0.002895
2.686600,3.697694,0.084748
2.686600,7.482753,-0.121842
2.686600,2.789316,-0.015456
2.686600,2.720419,0.007250
2.686600,4.894324,0.121460
2.686600,4.902166,-0.121583
2.686600,2.720631,-0.007276
2.686600,2.789132,0.015435
2.686600,7.476011,0.121910
2.686600,3.699201,-0.084824
2.686600,2.689602,-0.002901
2.686600,2.892042,0.026368
2.686600,10.483455,0.068945
2.686600,3.239775,-0.056452
2.686600,2.686583,-0.000005
2.686600,3.238280,0.056340
2.686600,10.495908,-0.068604
2.686600,2.892646,-0.026429
2.686600,2.689539,0.002889
2.686600,3.696394,0.084682
2.686600,7.488584,-0.121784
2.686600,2.789477,-0.015475
2.686600,2.720291,0.007234
2.686600,4.889536,0.121385
2.686600,4.906982,-0.121658
2.686600,2.720762,-0.007291
2.686600,2.789068,0.015427
2.686600,7.473572,0.121934
2.686600,3.699747,-0.084851
2.686600,2.689624,-0.002902
2.686600,2.892208,0.026385
2.686600,10.486852,0.068852
2.686600,3.239368,-0.056421
2.686600,2.686600,-0.000001
2.686600,3.239215,0.056410
2.686600,10.488125,-0.068817
2.686600,2.892270,-0.026391
2.686600,2.689617,0.002901
2.686600,3.699459,0.084837
2.686600,7.474858,-0.121921
2.686600,2.789103,-0.015431
2.686600,2.720727,0.007287
2.686600,4.905685,0.121638
2.686600,4.890824,-0.121405
2.686600,2.720326,-0.007238
2.686600,2.789451,0.015472
2.686600,7.487647,0.121793
2.686600,3.696603,-0.084693
2.686600,2.689545,-0.002890
2.686600,2.892643,0.026428
2.686600,10.495841,0.068605
2.686600,3.238288,-0.056341
2.686600,2.686586,0.000006
2.686600,3.239845,0.056457
2.686600,10.482872,-0.068961
2.686600,2.892014,-0.026365
2.686600,2.689611,0.002902
2.686600,3.699527,0.084840
2.686600,7.474552,-0.121925
2.686600,2.789092,-0.015430
2.686600,2.720680,0.007281
2.686600,4.903985,0.121612
2.686600,4.892513,-0.121432
2.686600,2.720370,-0.007244
2.686600,2.789361,0.015461
2.686600,7.484417,0.121826
2.686600,3.697322,-0.084729
2.686600,2.689555,-0.002894
2.686600,2.892301,0.026394
2.686600,10.488813,0.068798
2.686600,3.239131,-0.056404
2.686600,2.686575,-0.000002
2.686600,3.238654,0.056368
2.686600,10.492786,-0.068689
2.686600,2.892494,-0.026414
2.686600,2.689535,0.002890
2.686600,3.696428,0.084684
2.686600,7.488428,-0.121785
