init_r,r,ur
2.687600,3.255579,0.057614
2.687600,10.352186,-0.072440
2.687600,2.885967,-0.025737
2.687600,2.692871,0.003330
2.687600,3.816846,0.090455
2.687600,6.997800,-0.126041
2.687600,2.776383,-0.013905
2.687600,2.739022,0.009465
2.687600,5.585927,0.128453
2.687600,4.374082,-0.110418
2.687600,2.706550,-0.005481
2.687600,2.811721,0.017969
2.687600,8.268032,0.112410
2.687600,3.544073,-0.076458
2.687600,2.687125,-0.002109
2.687600,2.959406,0.032910
2.687600,11.467456,0.032297
2.687600,3.110074,-0.046241
2.687600,2.687062,0.000993
2.687600,3.385293,0.066656
2.687600,9.317905,-0.095251
2.687600,2.845277,-0.021547
2.687600,2.699145,0.004368
2.687600,4.077388,0.101046
2.687600,6.202913,-0.129554
2.687600,2.755407,-0.011402
2.687600,2.763368,0.012347
2.687600,6.504377,0.128783
2.687600,3.966466,-0.096833
2.687600,2.696523,-0.003925
2.687600,2.863624,0.023452
2.687600,9.819213,0.085087
2.687600,3.320523,-0.062262
2.687600,2.687506,-0.000478
2.687600,3.187976,0.052500
2.687600,10.909437,-0.056083
2.687600,2.915062,-0.028638
2.687600,2.689587,0.002728
2.687600,3.673985,0.083535
2.687600,7.591318,-0.120721
2.687600,2.792441,-0.015787
2.687600,2.721420,0.007341
2.687600,4.926648,0.121959
2.687600,4.870229,-0.121074
2.687600,2.719899,-0.007156
2.687600,2.793856,0.015951
2.687600,7.642697,0.120170
2.687600,3.663060,-0.082970
2.687600,2.689327,-0.002683
2.687600,2.917058,0.028835
2.687600,10.942034,0.054975
2.687600,3.183886,-0.052182
2.687600,2.687446,0.000501
2.687600,3.322697,0.062414
2.687600,9.801776,-0.085466
2.687600,2.862944,-0.023383
2.687600,2.696477,0.003924
2.687600,3.965657,0.096801
2.687600,6.506749,-0.128774
2.687600,2.763421,-0.012356
2.687600,2.755045,0.011362
2.687600,6.189562,0.129570
2.687600,4.082723,-0.101238
2.687600,2.699252,-0.004391
2.687600,2.843819,0.021395
2.687600,9.275854,0.096040
2.687600,3.390969,-0.067030
2.687600,2.686998,-0.001041
2.687600,3.102495,0.045610
2.687600,11.510979,-0.029662
2.687600,2.964550,-0.033394
2.687600,2.686975,0.002053
2.687600,3.533627,0.075854
2.687600,8.329140,-0.111552
2.687600,2.813532,-0.018169
2.687600,2.705545,0.005351
2.687600,4.336633,0.109375
2.687600,5.651754,-0.128769
2.687600,2.740756,-0.009675
2.687600,2.774459,0.013681
2.687600,6.926147,0.126542
2.687600,3.836541,-0.091343
2.687600,2.693279,-0.003417
2.687600,2.880679,0.025203
2.687600,10.234505,0.075432
2.687600,3.269722,-0.058649
2.687600,2.687453,-0.000119
2.687600,3.236687,0.056214
2.687600,10.509549,-0.068227
2.687600,2.893394,-0.026488
2.687600,2.691533,0.003118
2.687600,3.763264,0.087960
2.687600,7.204393,-0.124419
2.687600,2.781887,-0.014561
2.687600,2.731946,0.008622
2.687600,5.320807,0.126617
2.687600,4.543729,-0.114694
2.687600,2.711041,-0.006072
2.687600,2.802301,0.016928
2.687600,7.945368,0.116650
2.687600,3.602469,-0.079740
2.687600,2.687830,-0.002436
2.687600,2.926575,0.029771
2.687600,11.087728,0.049724
2.687600,3.165186,-0.050714
2.687600,2.686944,0.000578
2.687600,3.325200,0.062592
2.687600,9.781553,-0.085903
2.687600,2.862107,-0.023308
2.687600,2.695075,0.003767
2.687600,3.918377,0.094876
2.687600,6.650828,-0.128149
2.687600,2.767118,-0.012820
2.687600,2.747770,0.010520
2.687600,5.918036,0.129539
2.687600,4.200539,-0.105254
2.687600,2.701965,-0.004864
2.687600,2.822958,0.019194
2.687600,8.638818,0.106939
2.687600,3.483314,-0.072866
2.687600,2.686550,-0.001749
2.687600,2.998977,0.036579
2.687600,11.702334,0.012786
2.687600,3.057654,-0.041794
2.687600,2.686699,0.001335
2.687600,3.427274,0.069380
2.687600,9.014732,-0.100743
2.687600,2.835011,-0.020473
2.687600,2.700120,0.004559
2.687600,4.122706,0.102650
2.687600,6.092561,-0.129640
2.687600,2.752433,-0.011063
2.687600,2.764384,0.012482
2.687600,6.545216,0.128622
2.687600,3.952700,-0.096282
2.687600,2.696036,-0.003888
2.687600,2.860918,0.023179
2.687600,9.749671,0.086586
2.687600,3.329217,-0.062868
2.687600,2.687173,-0.000580
2.687600,3.168616,0.050984
2.687600,11.061509,-0.050708
2.687600,2.924791,-0.029595
2.687600,2.688341,0.002509
2.687600,3.621562,0.080776
2.687600,7.846666,-0.117848
2.687600,2.799531,-0.016607
2.687600,2.714080,0.006444
2.687600,4.655132,0.117128
2.687600,5.171571,-0.125147
2.687600,2.727987,-0.008138
2.687600,2.786255,0.015066
2.687600,7.364980,0.122985
2.687600,3.724613,-0.086086
2.687600,2.690748,-0.002943
2.687600,2.904485,0.027592
2.687600,10.724778,0.061989
2.687600,3.210718,-0.054252
2.687600,2.687634,0.000328
2.687600,3.301752,0.060944
2.687600,9.970977,-0.081706
2.687600,2.869629,-0.024069
2.687600,2.695706,0.003784
2.687600,3.931760,0.095427
2.687600,6.609086,-0.128345
2.687600,2.766131,-0.012676
2.687600,2.752330,0.011038
2.687600,6.086565,0.129641
2.687600,4.125265,-0.102738
2.687600,2.700298,-0.004555
2.687600,2.838254,0.020809
2.687600,9.111663,0.099036
2.687600,3.413582,-0.068501
2.687600,2.686928,-0.001210
2.687600,3.078251,0.043564
2.687600,11.630193,-0.020814
2.687600,2.982262,-0.035044
2.687600,2.686796,0.001901
2.687600,3.509017,0.074408
2.687600,8.477432,-0.109398
2.687600,2.818010,-0.018656
2.687600,2.703998,0.005138
2.687600,4.277235,0.107641
2.687600,5.762460,-0.129185
2.687600,2.743689,-0.010026
2.687600,2.771857,0.013373
2.687600,6.828243,0.127172
2.687600,3.864479,-0.092578
2.687600,2.693927,-0.003533
2.687600,2.875387,0.024665
2.687600,10.111517,0.078428
2.687600,3.284588,-0.059723
2.687600,2.687376,-0.000235
2.687600,3.219391,0.054914
2.687600,10.653142,-0.064133
2.687600,2.900644,-0.027214
2.687600,2.690556,0.002949
2.687600,3.722250,0.085970
2.687600,7.375080,-0.122890
2.687600,2.786492,-0.015102
2.687600,2.726644,0.007983
2.687600,5.122561,0.124590
2.687600,4.694691,-0.117926
2.687600,2.715112,-0.006580
2.687600,2.797206,0.016349
2.687600,7.765132,0.118801
2.687600,3.637791,-0.081645
2.687600,2.688534,-0.002600
2.687600,2.915658,0.028705
2.687600,10.919908,0.055730
2.687600,3.186641,-0.052400
2.687600,2.687001,0.000428
2.687600,3.305324,0.061201
2.687600,9.941641,-0.082373
2.687600,2.868378,-0.023954
2.687600,2.694071,0.003602
2.687600,3.877057,0.093125
2.687600,6.785483,-0.127428
2.687600,2.770672,-0.013244
2.687600,2.743497,0.010013
2.687600,5.756887,0.129168
2.687600,4.280113,-0.107728
2.687600,2.703993,-0.005157
2.687600,2.815349,0.018374
2.687600,8.390685,0.110671
2.687600,3.523279,-0.075251
2.687600,2.686720,-0.002011
2.687600,2.966286,0.033559
2.687600,11.524816,0.028774
2.687600,3.099974,-0.045400
2.687600,2.686829,0.001040
2.687600,3.387968,0.066834
2.687600,9.297954,-0.095627
2.687600,2.844556,-0.021478
2.687600,2.698445,0.004292
2.687600,4.053961,0.100192
2.687600,6.262657,-0.129462
2.687600,2.756925,-0.011596
2.687600,2.760102,0.011973
2.687600,6.383002,0.129184
2.687600,4.009019,-0.098500
2.687600,2.697369,-0.004114
2.687600,2.851519,0.022205
2.687600,9.495550,0.091813
2.687600,3.361752,-0.065089
2.687600,2.686967,-0.000836
2.687600,3.130024,0.047884
2.687600,11.341244,-0.038954
2.687600,2.946631,-0.031700
2.687600,2.687203,0.002213
2.687600,3.560173,0.077380
2.687600,8.175845,-0.113672
2.687600,2.808978,-0.017671
2.687600,2.707220,0.005580
2.687600,4.400845,0.111142
2.687600,5.540622,-0.128205
2.687600,2.737796,-0.009324
2.687600,2.776737,0.013953
2.687600,7.012125,0.125937
2.687600,3.812971,-0.090279
2.687600,2.692692,-0.003324
2.687600,2.883920,0.025533
2.687600,10.307519,0.073591
2.687600,3.260934,-0.058008
2.687600,2.687415,-0.000060
2.687600,3.244200,0.056774
2.687600,10.446937,-0.069935
2.687600,2.890371,-0.026185
2.687600,2.691814,0.003173
2.687600,3.776081,0.088567
2.687600,7.153334,-0.124844
2.687600,2.780510,-0.014400
2.687600,2.733347,0.008791
2.687600,5.373534,0.127058
2.687600,4.507328,-0.113837
2.687600,2.710056,-0.005949
2.687600,2.803571,0.017072
2.687600,7.989872,0.116095
2.687600,3.594061,-0.079278
2.687600,2.687663,-0.002396
2.687600,2.929207,0.030027
2.687600,11.125012,0.048289
2.687600,3.160270,-0.050324
2.687600,2.686916,0.000610
2.687600,3.329256,0.062873
2.687600,9.749245,-0.086596
2.687600,2.860870,-0.023181
2.687600,2.695229,0.003794
2.687600,3.924998,0.095151
2.687600,6.630023,-0.128249
2.687600,2.766567,-0.012755
2.687600,2.748340,0.010588
2.687600,5.939640,0.129568
2.687600,4.190459,-0.104928
2.687600,2.701707,-0.004827
2.687600,2.823914,0.019297
2.687600,8.669459,0.106459
2.687600,3.478554,-0.072576
2.687600,2.686532,-0.001717
2.687600,3.002963,0.036942
2.687600,11.714173,0.010921
2.687600,3.053039,-0.041393
2.687600,2.686667,0.001365
2.687600,3.430991,0.069616
2.687600,8.988772,-0.101193
2.687600,2.834154,-0.020383
2.687600,2.700179,0.004572
2.687600,4.125737,0.102755
2.687600,6.085417,-0.129642
2.687600,2.752238,-0.011041
2.687600,2.764349,0.012480
2.687600,6.544201,0.128626
2.687600,3.953036,-0.096296
2.687600,2.696023,-0.003892
2.687600,2.860222,0.023108
2.687600,9.731484,0.086973
2.687600,3.331505,-0.063027
2.687600,2.687124,-0.000602
2.687600,3.164784,0.050681
2.687600,11.090867,-0.049604
2.687600,2.926807,-0.029791
2.687600,2.688150,0.002472
2.687600,3.613003,0.080313
2.687600,7.890537,-0.117321
2.687600,2.800768,-0.016749
2.687600,2.712953,0.006305
2.687600,4.613512,0.116251
2.687600,5.225304,-0.125715
2.687600,2.729421,-0.008312
2.687600,2.784880,0.014906
2.687600,7.314327,0.123453
2.687600,3.736545,-0.086671
2.687600,2.691013,-0.002994
2.687600,2.901757,0.027321
2.687600,10.673862,0.063520
2.687600,3.216897,-0.054722
2.687600,2.687631,0.000283
2.687600,3.295424,0.060495
2.687600,10.022639,-0.080518
2.687600,2.871727,-0.024285
2.687600,2.695299,0.003721
2.687600,3.915474,0.094753
2.687600,6.660113,-0.128102
2.687600,2.767469,-0.012837
2.687600,2.750538,0.010828
2.687600,6.019159,0.129634
2.687600,4.154487,-0.103735
2.687600,2.700997,-0.004669
2.687600,2.833875,0.020347
2.687600,8.979365,0.101354
2.687600,3.432355,-0.069701
2.687600,2.686848,-0.001353
2.687600,3.057504,0.041780
2.687600,11.702761,-0.012723
2.687600,2.999119,-0.036591
2.687600,2.686723,0.001768
2.687600,3.488949,0.073206
2.687600,8.602910,-0.107497
2.687600,2.821870,-0.019071
2.687600,2.702986,0.004991
2.687600,4.237440,0.106424
2.687600,5.841308,-0.129397
2.687600,2.745783,-0.010274
2.687600,2.770193,0.013174
2.687600,6.765192,0.127544
2.687600,3.883136,-0.093385
2.687600,2.694384,-0.003607
2.687600,2.872615,0.024381
2.687600,10.044975,0.079999
2.687600,3.292683,-0.060302
2.687600,2.687368,-0.000294
2.687600,3.211084,0.054282
2.687600,10.721656,-0.062084
2.687600,2.904292,-0.027577
2.687600,2.690185,0.002878
2.687600,3.705768,0.085150
2.687600,7.446972,-0.122197
2.687600,2.788451,-0.015330
2.687600,2.724618,0.007737
2.687600,5.046877,0.123652
2.687600,4.759033,-0.119152
2.687600,2.716858,-0.006793
2.687600,2.795600,0.016163
2.687600,7.707236,0.119458
2.687600,3.649601,-0.082269
2.687600,2.688832,-0.002647
2.687600,2.914025,0.028543
2.687600,10.892835,0.056640
2.687600,3.190027,-0.052663
2.687600,2.687095,0.000415
2.687600,3.305001,0.061177
2.687600,9.944307,-0.082312
2.687600,2.868496,-0.023964
2.687600,2.694330,0.003632
2.687600,3.885805,0.093501
2.687600,6.756279,-0.127595
2.687600,2.769916,-0.013150
2.687600,2.744893,0.010176
2.687600,5.809013,0.129319
2.687600,4.253492,-0.106921
2.687600,2.703333,-0.005057
2.687600,2.818433,0.018705
2.687600,8.491912,0.109183
2.687600,3.506660,-0.074269
2.687600,2.686675,-0.001899
2.687600,2.980685,0.034899
2.687600,11.621464,0.021584
2.687600,3.080290,-0.043738
2.687600,2.686833,0.001184
2.687600,3.408364,0.068165
2.687600,9.149034,-0.098366
2.687600,2.839491,-0.020943
2.687600,2.699634,0.004468
2.687600,4.100815,0.101884
2.687600,6.145012,-0.129613
2.687600,2.753843,-0.011225
2.687600,2.763778,0.012404
2.687600,6.521323,0.128718
2.687600,3.960717,-0.096604
2.687600,2.696291,-0.003913
2.687600,2.861595,0.023247
2.687600,9.767059,0.086214
2.687600,3.327038,-0.062716
2.687600,2.687297,-0.000549
2.687600,3.174790,0.051470
2.687600,11.013663,-0.052458
2.687600,2.921610,-0.029283
2.687600,2.688750,0.002581
2.687600,3.638750,0.081694
2.687600,7.760458,-0.118855
2.687600,2.797121,-0.016329
2.687600,2.716507,0.006742
2.687600,4.744653,0.118885
2.687600,5.063388,-0.123864
2.687600,2.725095,-0.007787
2.687600,2.789047,0.015391
2.687600,7.467409,0.121994
2.687600,3.701176,-0.084919
2.687600,2.690225,-0.002842
2.687600,2.909828,0.028121
2.687600,10.820563,0.058999
2.687600,3.199000,-0.053353
2.687600,2.687616,0.000411
2.687600,3.312994,0.061735
2.687600,9.879816,-0.083756
2.687600,2.865999,-0.023695
2.687600,2.696373,0.003889
2.687600,3.958686,0.096522
2.687600,6.527395,-0.128693
2.687600,2.763988,-0.012418
2.687600,2.755111,0.011365
2.687600,6.191255,0.129568
2.687600,4.082050,-0.101214
2.687600,2.699282,-0.004383
2.687600,2.845360,0.021555
2.687600,9.320121,0.095209
2.687600,3.384998,-0.066636
2.687600,2.687104,-0.000986
2.687600,3.111722,0.046377
2.687600,11.457657,-0.032862
2.687600,2.958313,-0.032807
2.687600,2.687203,0.002126
2.687600,3.547825,0.076674
2.687600,8.246351,-0.112710
2.687600,2.811086,-0.017897
2.687600,2.707036,0.005542
2.687600,4.391930,0.110902
2.687600,5.555567,-0.128289
2.687600,2.738226,-0.009368
2.687600,2.777371,0.014019
2.687600,7.034412,0.125772
2.687600,3.807015,-0.090005
2.687600,2.692679,-0.003285
2.687600,2.889004,0.026042
2.687600,10.417460,0.070724
2.687600,3.247751,-0.057035
2.687600,2.687693,0.000067
2.687600,3.266451,0.058409
2.687600,10.261767,-0.074750
2.687600,2.881905,-0.025323
2.687600,2.693721,0.003460
2.687600,3.850307,0.091954
2.687600,6.877416,-0.126863
2.687600,2.773203,-0.013523
2.687600,2.743376,0.009980
2.687600,5.749300,0.129143
2.687600,4.284082,-0.107845
2.687600,2.704237,-0.005155
2.687600,2.819354,0.018796
2.687600,8.520607,0.108752
2.687600,3.502045,-0.073992
2.687600,2.686889,-0.001841
2.687600,2.991874,0.035928
2.687600,11.676169,0.016163
2.687600,3.066178,-0.042529
2.687600,2.687001,0.001308
2.687600,3.428468,0.069453
2.687600,9.006517,-0.100885
2.687600,2.834787,-0.020439
2.687600,2.701421,0.004712
2.687600,4.168240,0.104194
2.687600,5.988357,-0.129615
2.687600,2.749765,-0.010726
2.687600,2.769424,0.013059
2.687600,6.732220,0.127727
2.687600,3.893137,-0.093810
2.687600,2.694916,-0.003613
2.687600,2.880119,0.025134
2.687600,10.220316,0.075783
2.687600,3.271464,-0.058770
2.687600,2.688033,-0.000064
2.687600,3.253828,0.057481
2.687600,10.366966,-0.072055
2.687600,2.886689,-0.025801
2.687600,2.693862,0.003441
2.687600,3.849909,0.091936
2.687600,6.878862,-0.126854
2.687600,2.773291,-0.013522
2.687600,2.744746,0.010134
2.687600,5.799436,0.129292
2.687600,4.258345,-0.107068
2.687600,2.703652,-0.005053
2.687600,2.823970,0.019288
2.687600,8.668963,0.106466
2.687600,3.478659,-0.072580
2.687600,2.686951,-0.001669
2.687600,3.016229,0.038136
2.687600,11.739792,0.004855
2.687600,3.038453,-0.040113
2.687600,2.686994,0.001510
2.687600,3.456954,0.071244
2.687600,8.811708,-0.104171
2.687600,2.828488,-0.019769
2.687600,2.702864,0.004927
2.687600,4.225686,0.106054
2.687600,5.865415,-0.129448
2.687600,2.746516,-0.010339
2.687600,2.772420,0.013413
2.687600,6.845060,0.127068
2.687600,3.859627,-0.092363
2.687600,2.694163,-0.003472
2.687600,2.887206,0.025851
2.687600,10.377832,0.071770
2.687600,3.252531,-0.057385
2.687600,2.688184,0.000091
2.687600,3.277668,0.059218
2.687600,10.168999,-0.077042
2.687600,2.877916,-0.024906
2.687600,2.695708,0.003723
2.687600,3.922739,0.095053
2.687600,6.637268,-0.128213
2.687600,2.766953,-0.012756
2.687600,2.753742,0.011189
2.687600,6.137319,0.129618
2.687600,4.104013,-0.101995
2.687600,2.699932,-0.004455
2.687600,2.845902,0.021606
2.687600,9.334931,0.094928
2.687600,3.383021,-0.066504
2.687600,2.687316,-0.000947
2.687600,3.120453,0.047097
2.687600,11.403821,-0.035806
2.687600,2.952652,-0.032269
2.687600,2.687622,0.002218
2.687600,3.567848,0.077812
2.687600,8.132921,-0.114245
2.687600,2.807787,-0.017526
2.687600,2.709657,0.005871
2.687600,4.488311,0.113375
2.687600,5.401958,-0.127279
2.687600,2.734181,-0.008874
2.687600,2.782162,0.014574
2.687600,7.211415,0.124359
2.687600,3.761548,-0.087876
2.687600,2.691794,-0.003076
2.687600,2.903179,0.027455
2.687600,10.699879,0.062742
2.687600,3.213764,-0.054481
2.687600,2.688051,0.000355
2.687600,3.312317,0.061685
2.687600,9.885477,-0.083630
2.687600,2.866272,-0.023713
2.687600,2.697633,0.004035
2.687600,4.001799,0.098219
2.687600,6.403200,-0.129124
2.687600,2.760812,-0.012017
2.687600,2.761521,0.012102
2.687600,6.430026,0.129041
2.687600,3.992262,-0.097848
2.687600,2.697414,-0.003996
2.687600,2.868078,0.023898
2.687600,9.930938,0.082613
2.687600,3.306704,-0.061290
2.687600,2.688106,-0.000308
2.687600,3.221125,0.055039
2.687600,10.639098,-0.064544
2.687600,2.899979,-0.027135
2.687600,2.692274,0.003156
2.687600,3.781312,0.088811
2.687600,7.132918,-0.125009
2.687600,2.780062,-0.014324
2.687600,2.736810,0.009187
2.687600,5.500479,0.127962
2.687600,4.425298,-0.111785
2.687600,2.707991,-0.005651
2.687600,2.811379,0.017921
2.687600,8.254921,0.112591
2.687600,3.546354,-0.076588
2.687600,2.687385,-0.002095
2.687600,2.965496,0.033480
2.687600,11.518382,0.029189
2.687600,3.101170,-0.045497
2.687600,2.687293,0.001086
2.687600,3.402058,0.067752
2.687600,9.194825,-0.097535
2.687600,2.841101,-0.021100
2.687600,2.701040,0.004620
2.687600,4.147872,0.103510
2.687600,6.034247,-0.129638
2.687600,2.751038,-0.010864
2.687600,2.770061,0.013119
2.687600,6.753757,0.127607
2.687600,3.886626,-0.093531
2.687600,2.694958,-0.003564
2.687600,2.887406,0.025864
2.687600,10.381453,0.071675
2.687600,3.252114,-0.057351
2.687600,2.688513,0.000132
2.687600,3.288822,0.060017
2.687600,10.077183,-0.079242
2.687600,2.874075,-0.024506
2.687600,2.697355,0.003944
2.687600,3.983584,0.097508
2.687600,6.454802,-0.128959
2.687600,2.762231,-0.012173
2.687600,2.761747,0.012116
2.687600,6.436501,0.129020
2.687600,3.989994,-0.097759
2.687600,2.697500,-0.003970
2.687600,2.872789,0.024375
2.687600,10.046229,0.079968
2.687600,3.292591,-0.060287
2.687600,2.688471,-0.000164
2.687600,3.247023,0.056975
2.687600,10.423863,-0.070552
2.687600,2.889382,-0.026065
2.687600,2.694549,0.003501
2.687600,3.870466,0.092835
2.687600,6.807970,-0.127294
2.687600,2.771483,-0.013292
2.687600,2.748986,0.010623
2.687600,5.957183,0.129587
2.687600,4.182417,-0.104662
2.687600,2.701862,-0.004756
2.687600,2.835826,0.020544
2.687600,9.037333,0.100349
2.687600,3.424083,-0.069172
2.687600,2.687169,-0.001257
2.687600,3.075811,0.043354
2.687600,11.640311,-0.019883
2.687600,2.984181,-0.035219
2.687600,2.687100,0.001923
2.687600,3.517183,0.074889
2.687600,8.427662,-0.110132
2.687600,2.816545,-0.018487
2.687600,2.705767,0.005354
2.687600,4.341025,0.109498
2.687600,5.643909,-0.128734
2.687600,2.740613,-0.009643
2.687600,2.776572,0.013914
2.687600,7.002592,0.126006
2.687600,3.815568,-0.090395
2.687600,2.693036,-0.003302
2.687600,2.892328,0.026370
2.687600,10.486491,0.068860
2.687600,3.239485,-0.056419
2.687600,2.688024,0.000166
2.687600,3.285532,0.059785
2.687600,10.104032,-0.078606
2.687600,2.875143,-0.024626
2.687600,2.695775,0.003751
2.687600,3.928073,0.095274
2.687600,6.620579,-0.128292
2.687600,2.766492,-0.012706
2.687600,2.753639,0.011181
2.687600,6.134124,0.129620
2.687600,4.105329,-0.102042
2.687600,2.699924,-0.004465
2.687600,2.844472,0.021458
2.687600,9.293922,0.095702
2.687600,3.388537,-0.066869
2.687600,2.687219,-0.000998
2.687600,3.111968,0.046397
2.687600,11.456213,-0.032944
2.687600,2.958161,-0.032791
2.687600,2.687376,0.002148
2.687600,3.553790,0.077015
2.687600,8.212181,-0.113179
2.687600,2.810098,-0.017784
2.687600,2.708082,0.005671
2.687600,4.429958,0.111906
2.687600,5.492942,-0.127915
2.687600,2.736587,-0.009166
2.687600,2.779585,0.014274
2.687600,7.116075,0.125144
2.687600,3.785627,-0.089014
2.687600,2.692285,-0.003184
2.687600,2.896358,0.026776
2.687600,10.568489,0.066577
2.687600,3.229627,-0.055682
2.687600,2.687924,0.000226
2.687600,3.292193,0.060262
2.687600,10.049246,-0.079898
2.687600,2.872853,-0.024394
2.687600,2.695926,0.003786
2.687600,3.935769,0.095591
2.687600,6.596755,-0.128400
2.687600,2.765852,-0.012632
2.687600,2.754046,0.011232
2.687600,6.149865,0.129609
2.687600,4.098841,-0.101813
2.687600,2.699749,-0.004442
2.687600,2.844836,0.021497
2.687600,9.304586,0.095501
2.687600,3.387095,-0.066774
2.687600,2.687196,-0.000990
2.687600,3.112628,0.046452
2.687600,11.452236,-0.033170
2.687600,2.957722,-0.032750
2.687600,2.687349,0.002148
2.687600,3.553325,0.076988
2.687600,8.214825,-0.113143
2.687600,2.810171,-0.017793
2.687600,2.707922,0.005652
2.687600,4.424246,0.111758
2.687600,5.502173,-0.127973
2.687600,2.736827,-0.009196
2.687600,2.779214,0.014232
2.687600,7.102458,0.125251
2.687600,3.789143,-0.089178
2.687600,2.692346,-0.003201
2.687600,2.895002,0.026641
2.687600,10.541386,0.067340
2.687600,3.232884,-0.055927
2.687600,2.687879,0.000197
2.687600,3.287432,0.059923
2.687600,10.088328,-0.078979
2.687600,2.874470,-0.024560
2.687600,2.695494,0.003723
2.687600,3.919163,0.094906
2.687600,6.648477,-0.128159
2.687600,2.767201,-0.012797
2.687600,2.752026,0.010996
2.687600,6.074080,0.129643
2.687600,4.130600,-0.102922
2.687600,2.700483,-0.004569
2.687600,2.839248,0.020911
2.687600,9.140914,0.098512
2.687600,3.409505,-0.068237
2.687600,2.687034,-0.001169
2.687600,3.085626,0.044190
2.687600,11.597486,-0.023572
2.687600,2.976670,-0.034525
2.687600,2.686947,0.001961
2.687600,3.519957,0.075054
2.687600,8.410795,-0.110378
2.687600,2.816003,-0.018435
2.687600,2.705070,0.005277
2.687600,4.317146,0.108817
2.687600,5.687204,-0.128917
2.687600,2.741716,-0.009785
2.687600,2.774243,0.013650
2.687600,6.917141,0.126602
2.687600,3.839068,-0.091456
2.687600,2.693412,-0.003419
2.687600,2.882532,0.025388
2.687600,10.276076,0.074389
2.687600,3.264725,-0.058283
2.687600,2.687612,-0.000064
2.687600,3.246847,0.056969
2.687600,10.424961,-0.070524
2.687600,2.889350,-0.026078
2.687600,2.692433,0.003254
2.687600,3.798252,0.089602
2.687600,7.067504,-0.125523
2.687600,2.778242,-0.014125
2.687600,2.736839,0.009204
2.687600,5.503781,0.127983
2.687600,4.423248,-0.111732
2.687600,2.707848,-0.005654
2.687600,2.808760,0.017643
2.687600,8.167764,0.113780
2.687600,3.561613,-0.077461
2.687600,2.687313,-0.002210
2.687600,2.948754,0.031901
2.687600,11.363999,0.037839
2.687600,3.126601,-0.047604
2.687600,2.687065,0.000873
2.687600,3.368482,0.065539
2.687600,9.444248,-0.092823
2.687600,2.849702,-0.022012
2.687600,2.698124,0.004216
2.687600,4.037131,0.099566
2.687600,6.306855,-0.129374
2.687600,2.758127,-0.011731
2.687600,2.759985,0.011951
2.687600,6.377231,0.129200
2.687600,4.011120,-0.098580
2.687600,2.697506,-0.004112
2.687600,2.853911,0.022450
2.687600,9.561116,0.090500
2.687600,3.353249,-0.064513
2.687600,2.687162,-0.000753
2.687600,3.144644,0.049069
2.687600,11.239956,-0.043573
2.687600,2.937960,-0.030868
2.687600,2.687768,0.002344
2.687600,3.588277,0.078956
2.687600,8.020944,-0.115701
2.687600,2.804507,-0.017167
2.687600,2.710664,0.006012
2.687600,4.527805,0.114323
2.687600,5.343631,-0.126812
2.687600,2.732592,-0.008691
2.687600,2.782473,0.014620
2.687600,7.224545,0.124247
2.687600,3.758290,-0.087721
2.687600,2.691573,-0.003079
2.687600,2.899232,0.027067
2.687600,10.625280,0.064948
2.687600,3.222776,-0.055167
2.687600,2.687760,0.000256
2.687600,3.293717,0.060372
2.687600,10.036680,-0.080192
2.687600,2.872317,-0.024342
2.687600,2.695558,0.003747
2.687600,3.923723,0.095095
2.687600,6.634127,-0.128228
2.687600,2.766807,-0.012753
2.687600,2.752010,0.010997
2.687600,6.073978,0.129643
2.687600,4.130640,-0.102923
2.687600,2.700456,-0.004573
2.687600,2.838363,0.020819
2.687600,9.114712,0.098982
2.687600,3.413158,-0.068473
2.687600,2.686974,-0.001202
2.687600,3.080141,0.043725
2.687600,11.622132,-0.021526
2.687600,2.980812,-0.034909
2.687600,2.686857,0.001919
2.687600,3.512586,0.074620
2.687600,8.455566,-0.109722
2.687600,2.817352,-0.018583
2.687600,2.704408,0.005190
2.687600,4.292359,0.108092
2.687600,5.733509,-0.129090
2.687600,2.742933,-0.009933
2.687600,2.772846,0.013487
2.687600,6.865040,0.126943
2.687600,3.853840,-0.092111
2.687600,2.693716,-0.003485
2.687600,2.878524,0.024983
2.687600,10.184875,0.076656
2.687600,3.275712,-0.059082
2.687600,2.687489,-0.000158
2.687600,3.231876,0.055854
2.687600,10.549603,-0.067110
2.687600,2.895373,-0.026686
2.687600,2.691385,0.003086
2.687600,3.756057,0.087615
2.687600,7.233574,-0.124169
2.687600,2.782677,-0.014652
2.687600,2.731214,0.008533
2.687600,5.293183,0.126370
2.687600,4.563386,-0.115144
2.687600,2.711576,-0.006138
2.687600,2.801751,0.016865
2.687600,7.925902,0.116890
2.687600,3.606186,-0.079943
2.687600,2.687921,-0.002451
2.687600,2.925944,0.029709
2.687600,11.078577,0.050070
2.687600,3.166384,-0.050809
2.687600,2.686977,0.000573
2.687600,3.325072,0.062583
2.687600,9.782590,-0.085881
2.687600,2.862150,-0.023312
2.687600,2.695171,0.003777
2.687600,3.921611,0.095010
2.687600,6.640648,-0.128198
2.687600,2.766856,-0.012787
2.687600,2.748267,0.010578
2.687600,5.936617,0.129565
2.687600,4.191863,-0.104973
2.687600,2.701757,-0.004830
2.687600,2.824213,0.019328
2.687600,8.678888,0.106310
2.687600,3.477098,-0.072488
2.687600,2.686554,-0.001704
2.687600,3.005080,0.037134
2.687600,11.719662,0.009938
2.687600,3.050633,-0.041184
2.687600,2.686677,0.001384
2.687600,3.433828,0.069796
2.687600,8.969068,-0.101531
2.687600,2.833512,-0.020314
2.687600,2.700366,0.004599
2.687600,4.132956,0.103004
2.687600,6.068535,-0.129644
2.687600,2.751796,-0.010988
2.687600,2.764882,0.012542
2.687600,6.564226,0.128543
2.687600,3.946393,-0.096027
2.687600,2.695879,-0.003863
2.687600,2.861734,0.023264
2.687600,9.771082,0.086128
2.687600,3.326526,-0.062682
2.687600,2.687176,-0.000560
2.687600,3.171368,0.051201
2.687600,11.040249,-0.051493
2.687600,2.923358,-0.029455
2.687600,2.688422,0.002529
2.687600,3.625816,0.081004
2.687600,7.825090,-0.118103
2.687600,2.798922,-0.016538
2.687600,2.714553,0.006503
2.687600,4.672692,0.117486
2.687600,5.149578,-0.124902
2.687600,2.727397,-0.008067
2.687600,2.786727,0.015122
2.687600,7.382469,0.122820
2.687600,3.720546,-0.085885
2.687600,2.690644,-0.002927
2.687600,2.905016,0.027645
2.687600,10.734571,0.061690
2.687600,3.209525,-0.054161
2.687600,2.687610,0.000334
2.687600,3.302170,0.060974
2.687600,9.967562,-0.081784
2.687600,2.869488,-0.024055
2.687600,2.695662,0.003780
2.687600,3.930425,0.095373
2.687600,6.613219,-0.128326
2.687600,2.766236,-0.012690
2.687600,2.752079,0.011009
2.687600,6.077222,0.129643
2.687600,4.129247,-0.102876
2.687600,2.700387,-0.004571
2.687600,2.837454,0.020725
2.687600,9.087741,0.099462
2.687600,3.416937,-0.068717
2.687600,2.686903,-0.001237
2.687600,3.074194,0.043218
2.687600,11.646732,-0.019270
2.687600,2.985426,-0.035336
2.687600,2.686763,0.001874
2.687600,3.504602,0.074146
2.687600,8.504681,-0.108991
2.687600,2.818841,-0.018746
2.687600,2.703702,0.005097
2.687600,4.265918,0.107299
2.687600,5.784484,-0.129251
2.687600,2.744270,-0.010095
2.687600,2.771276,0.013305
2.687600,6.806420,0.127304
2.687600,3.870875,-0.092856
2.687600,2.694069,-0.003560
2.687600,2.873970,0.024521
2.687600,10.077758,0.079229
2.687600,3.288688,-0.060017
2.687600,2.687341,-0.000269
2.687600,3.214156,0.054516
2.687600,10.696355,-0.062849
2.687600,2.902927,-0.027442
2.687600,2.690253,0.002896
2.687600,3.709520,0.085338
2.687600,7.430429,-0.122359
2.687600,2.787995,-0.015278
2.687600,2.724957,0.007779
2.687600,5.059683,0.123817
2.687600,4.747855,-0.118945
2.687600,2.716550,-0.006757
2.687600,2.795731,0.016179
2.687600,7.712170,0.119403
2.687600,3.648584,-0.082215
2.687600,2.688783,-0.002646
2.687600,2.913415,0.028484
2.687600,10.882706,0.056976
2.687600,3.191286,-0.052761
2.687600,2.687050,0.000401
2.687600,3.302256,0.060984
2.687600,9.966607,-0.081806
2.687600,2.869386,-0.024057
2.687600,2.694037,0.003591
2.687600,3.874798,0.093027
2.687600,6.793099,-0.127383
2.687600,2.770880,-0.013267
2.687600,2.743460,0.010007
2.687600,5.755281,0.129163
2.687600,4.280948,-0.107753
2.687600,2.704026,-0.005159
2.687600,2.815597,0.018400
2.687600,8.398783,0.110553
2.687600,3.521934,-0.075172
2.687600,2.686733,-0.002000
2.687600,2.967959,0.033715
2.687600,11.537619,0.027928
2.687600,3.097596,-0.045201
2.687600,2.686846,0.001059
2.687600,3.390956,0.067030
2.687600,9.275881,-0.096040
2.687600,2.843799,-0.021398
2.687600,2.698681,0.004325
2.687600,4.062970,0.100523
2.687600,6.239440,-0.129502
2.687600,2.756320,-0.011523
2.687600,2.760936,0.012071
2.687600,6.414295,0.129092
2.687600,3.997792,-0.098067
2.687600,2.697122,-0.004067
2.687600,2.853983,0.022461
2.687600,9.563476,0.090452
2.687600,3.352938,-0.064493
2.687600,2.687054,-0.000763
2.687600,3.141459,0.048813
2.687600,11.262549,-0.042586
2.687600,2.939798,-0.031046
2.687600,2.687526,0.002302
2.687600,3.578209,0.078396
2.687600,8.075582,-0.114998
2.687600,2.806069,-0.017345
2.687600,2.709205,0.005831
2.687600,4.474315,0.113031
2.687600,5.423221,-0.127438
2.687600,2.734693,-0.008948
2.687600,2.780051,0.014339
2.687600,7.135173,0.124991
2.687600,3.780713,-0.088785
2.687600,2.692017,-0.003182
2.687600,2.892456,0.026391
2.687600,10.489965,0.068765
2.687600,3.239046,-0.056389
2.687600,2.687607,0.000120
2.687600,3.272370,0.058840
2.687600,10.212612,-0.075974
2.687600,2.879738,-0.025104
2.687600,2.693838,0.003490
2.687600,3.856664,0.092235
2.687600,6.855233,-0.127005
2.687600,2.772604,-0.013454
2.687600,2.743758,0.010028
2.687600,5.764076,0.129190
2.687600,4.276406,-0.107616
2.687600,2.704023,-0.005129
2.687600,2.819532,0.018816
2.687600,8.526614,0.108661
2.687600,3.501078,-0.073934
2.687600,2.686852,-0.001839
2.687600,2.991616,0.035904
2.687600,11.675103,0.016286
2.687600,3.066490,-0.042556
2.687600,2.686971,0.001302
2.687600,3.427141,0.069369
2.687600,9.015785,-0.100725
2.687600,2.835087,-0.020472
2.687600,2.701224,0.004687
2.687600,4.161049,0.103955
2.687600,6.004400,-0.129626
2.687600,2.750180,-0.010778
2.687600,2.768766,0.012983
2.687600,6.707784,0.127858
2.687600,3.900624,-0.094128
2.687600,2.695057,-0.003648
2.687600,2.877708,0.024891
2.687600,10.164785,0.077145
2.687600,3.278164,-0.059256
2.687600,2.687931,-0.000124
2.687600,3.243824,0.056742
2.687600,10.450298,-0.069844
2.687600,2.890581,-0.026196
2.687600,2.693049,0.003317
2.687600,3.817916,0.090502
2.687600,6.993902,-0.126069
2.687600,2.776327,-0.013888
2.687600,2.740515,0.009634
2.687600,5.640647,0.128719
2.687600,4.342849,-0.109550
2.687600,2.705797,-0.005363
2.687600,2.815865,0.018415
2.687600,8.405395,0.110457
2.687600,3.520861,-0.075106
2.687600,2.687086,-0.001951
2.687600,2.980195,0.034851
2.687600,11.618562,0.021834
2.687600,3.080969,-0.043794
2.687600,2.687149,0.001216
2.687600,3.418093,0.068789
2.687600,9.079646,-0.099605
2.687600,2.837222,-0.020693
2.687600,2.701435,0.004695
2.687600,4.165983,0.104119
2.687600,5.993397,-0.129619
2.687600,2.749933,-0.010738
2.687600,2.770323,0.013157
2.687600,6.764663,0.127546
2.687600,3.883336,-0.093390
2.687600,2.694805,-0.003559
2.687600,2.885626,0.025688
2.687600,10.343099,0.072675
2.687600,3.256709,-0.057691
2.687600,2.688340,0.000079
2.687600,3.278581,0.059283
2.687600,10.161523,-0.077224
2.687600,2.877612,-0.024872
2.687600,2.696190,0.003781
2.687600,3.939631,0.095748
2.687600,6.584959,-0.128452
2.687600,2.765607,-0.012588
2.687600,2.756281,0.011483
2.687600,6.232131,0.129512
2.687600,4.065871,-0.100626
2.687600,2.699099,-0.004296
2.687600,2.854206,0.022468
2.687600,9.567488,0.090371
2.687600,3.352455,-0.064455
2.687600,2.687651,-0.000690
2.687600,3.161195,0.050392
2.687600,11.118297,-0.048549
2.687600,2.928782,-0.029975
2.687600,2.689016,0.002559
2.687600,3.640058,0.081762
2.687600,7.754090,-0.118927
2.687600,2.796999,-0.016303
2.687600,2.718220,0.006940
2.687600,4.806199,0.119997
2.687600,4.994348,-0.122943
2.687600,2.723287,-0.007557
2.687600,2.792150,0.015741
2.687600,7.578789,0.120853
2.687600,3.676696,-0.083673
2.687600,2.689865,-0.002714
2.687600,2.921301,0.029244
2.687600,11.008237,0.052652
2.687600,3.175512,-0.051522
2.687600,2.687869,0.000611
2.687600,3.345061,0.063951
2.687600,9.625113,-0.089194
2.687600,2.856344,-0.022686
2.687600,2.699320,0.004306
2.687600,4.071113,0.100816
2.687600,6.218832,-0.129531
2.687600,2.755973,-0.011436
2.687600,2.767187,0.012765
2.687600,6.642957,0.128185
2.687600,3.920952,-0.094977
2.687600,2.695896,-0.003689
2.687600,2.885405,0.025657
2.687600,10.337327,0.072824
2.687600,3.257424,-0.057740
2.687600,2.688753,0.000122
2.687600,3.291338,0.060195
2.687600,10.056628,-0.079725
2.687600,2.873249,-0.024416
2.687600,2.698206,0.004049
2.687600,4.013833,0.098679
2.687600,6.369961,-0.129217
2.687600,2.760056,-0.011900
2.687600,2.765937,0.012596
2.687600,6.592236,0.128419
2.687600,3.937295,-0.095649
2.687600,2.696508,-0.003729
2.687600,2.889650,0.026077
2.687600,10.427865,0.070444
2.687600,3.246586,-0.056937
2.687600,2.689282,0.000262
2.687600,3.319530,0.062179
2.687600,9.827982,-0.084894
2.687600,2.864174,-0.023467
2.687600,2.701901,0.004548
2.687600,4.151932,0.103641
2.687600,6.025227,-0.129632
2.687600,2.751173,-0.010795
2.687600,2.781220,0.014342
2.687600,7.156245,0.124815
2.687600,3.775534,-0.088525
2.687600,2.693950,-0.002921
2.687600,2.958086,0.032733
2.687600,11.452878,0.033125
2.687600,3.112717,-0.046424
2.687600,2.691622,0.001510
2.687600,3.533681,0.075821
2.687600,8.330740,-0.111521
2.687600,2.814473,-0.018083
2.687600,2.729894,0.008143
2.687600,5.206648,0.125515
2.687600,4.627999,-0.116551
2.687600,2.714561,-0.006215
2.687600,2.837448,0.020616
2.687600,9.071633,0.099742
2.687600,3.419426,-0.068849
2.687600,2.690402,-0.000844
2.687600,3.184365,0.052196
2.687600,10.939375,-0.055062
2.687600,2.917136,-0.028798
2.687600,2.695183,0.003369
2.687600,3.861868,0.092453
2.687600,6.837652,-0.127111
2.687600,2.772548,-0.013355
2.687600,2.756037,0.011403
2.687600,6.214429,0.129536
2.687600,4.072902,-0.100878
2.687600,2.699766,-0.004266
2.687600,2.868622,0.023935
2.687600,9.942181,0.082358
2.687600,3.305365,-0.061189
2.687600,2.688938,-0.000201
2.687600,3.249462,0.057152
2.687600,10.403741,-0.071087
2.687600,2.888484,-0.025965
2.687600,2.695847,0.003660
2.687600,3.915896,0.094766
2.687600,6.658947,-0.128107
2.687600,2.767633,-0.012813
2.687600,2.756182,0.011456
2.687600,6.225941,0.129521
2.687600,4.068318,-0.100714
2.687600,2.699302,-0.004289
2.687600,2.858314,0.022888
2.687600,9.677790,0.088102
2.687600,3.338352,-0.063491
2.687600,2.688007,-0.000547
2.687600,3.186588,0.052388
2.687600,10.920727,-0.055701
2.687600,2.915791,-0.028702
2.687600,2.690536,0.002834
2.687600,3.705294,0.085124
2.687600,7.449204,-0.122174
2.687600,2.788607,-0.015328
2.687600,2.727222,0.008033
2.687600,5.140983,0.124803
2.687600,4.679654,-0.117625
2.687600,2.714807,-0.006519
2.687600,2.800743,0.016732
2.687600,7.887389,0.117359
2.687600,3.613634,-0.080345
2.687600,2.688451,-0.002441
2.687600,2.935710,0.030647
2.687600,11.211285,0.044795
2.687600,3.148640,-0.049389
2.687600,2.687511,0.000765
2.687600,3.360666,0.065011
2.687600,9.504117,-0.091642
2.687600,2.851898,-0.022230
2.687600,2.699175,0.004322
2.687600,4.071047,0.100815
2.687600,6.218957,-0.129532
2.687600,2.755912,-0.011444
2.687600,2.765327,0.012560
2.687600,6.575224,0.128495
2.687600,3.942814,-0.095878
2.687600,2.696203,-0.003801
2.687600,2.875120,0.024621
2.687600,10.103076,0.078628
2.687600,3.285656,-0.059793
2.687600,2.688175,-0.000149
2.687600,3.244297,0.056775
2.687600,10.446460,-0.069947
2.687600,2.890423,-0.026176
2.687600,2.693668,0.003390
2.687600,3.839211,0.091460
2.687600,6.916717,-0.126604
2.687600,2.774314,-0.013640
2.687600,2.744067,0.010050
2.687600,5.773259,0.129217
2.687600,4.271689,-0.107473
2.687600,2.704018,-0.005099
2.687600,2.823517,0.019237
2.687600,8.654153,0.106699
2.687600,3.480958,-0.072719
2.687600,2.687009,-0.001678
2.687600,3.015883,0.038105
2.687600,11.739374,0.005013
2.687600,3.038827,-0.040146
2.687600,2.687050,0.001514
2.687600,3.458429,0.071335
2.687600,8.801874,-0.104332
2.687600,2.828183,-0.019734
2.687600,2.703183,0.004967
2.687600,4.237177,0.106414
2.687600,5.841900,-0.129397
2.687600,2.745909,-0.010263
2.687600,2.773421,0.013528
2.687600,6.882084,0.126832
2.687600,3.849004,-0.091895
2.687600,2.693975,-0.003422
2.687600,2.891071,0.026238
2.687600,10.459723,0.069588
2.687600,3.242714,-0.056657
2.687600,2.688339,0.000180
2.687600,3.292603,0.060288
2.687600,10.046069,-0.079972
2.687600,2.872768,-0.024376
2.687600,2.697127,0.003927
2.687600,3.977171,0.097256
2.687600,6.473256,-0.128895
2.687600,2.762686,-0.012234
2.687600,2.760305,0.011952
2.687600,6.383164,0.129182
2.687600,4.009014,-0.098496
2.687600,2.697853,-0.004058
2.687600,2.866598,0.023744
2.687600,9.893469,0.083452
2.687600,3.311333,-0.061615
2.687600,2.688147,-0.000337
2.687600,3.217851,0.054791
2.687600,10.666200,-0.063747
2.687600,2.901399,-0.027276
2.687600,2.692203,0.003137
2.687600,3.777358,0.088625
2.687600,7.148432,-0.124883
2.687600,2.780484,-0.014373
2.687600,2.736496,0.009149
2.687600,5.488509,0.127886
2.687600,4.432720,-0.111977
2.687600,2.708195,-0.005676
2.687600,2.811182,0.017899
2.687600,8.248133,0.112685
2.687600,3.547531,-0.076655
2.687600,2.687419,-0.002099
2.687600,2.965438,0.033474
2.687600,11.517908,0.029220
2.687600,3.101257,-0.045504
2.687600,2.687316,0.001088
2.687600,3.402727,0.067796
2.687600,9.189979,-0.097624
2.687600,2.840941,-0.021082
2.687600,2.701169,0.004637
2.687600,4.152558,0.103668
2.687600,6.023592,-0.129635
2.687600,2.750763,-0.010830
2.687600,2.770531,0.013173
2.687600,6.771167,0.127509
2.687600,3.881396,-0.093306
2.687600,2.694865,-0.003539
2.687600,2.889264,0.026051
2.687600,10.421106,0.070626
2.687600,3.247360,-0.056999
2.687600,2.688592,0.000176
2.687600,3.296185,0.060541
2.687600,10.016847,-0.080651
2.687600,2.871598,-0.024250
2.687600,2.698094,0.004049
2.687600,4.011802,0.098602
2.687600,6.375528,-0.129202
2.687600,2.760176,-0.011920
2.687600,2.765004,0.012492
2.687600,6.558069,0.128567
2.687600,3.948508,-0.096107
2.687600,2.696679,-0.003785
2.687600,2.884806,0.025591
2.687600,10.323544,0.073178
2.687600,3.259094,-0.057860
2.687600,2.689018,0.000141
2.687600,3.298316,0.060689
2.687600,9.999626,-0.081048
2.687600,2.870944,-0.024173
2.687600,2.699471,0.004214
2.687600,4.060094,0.100411
2.687600,6.247079,-0.129486
2.687600,2.756899,-0.011505
2.687600,2.771708,0.013256
2.687600,6.806107,0.127302
2.687600,3.871093,-0.092855
2.687600,2.695371,-0.003410
2.687600,2.914555,0.028544
2.687600,10.897141,0.056491
2.687600,3.189651,-0.052608
2.687600,2.690349,0.000800
2.687600,3.412256,0.068389
2.687600,9.122660,-0.098835
2.687600,2.839130,-0.020798
2.687600,2.713697,0.006102
2.687600,4.595317,0.115846
2.687600,5.249848,-0.125952
2.687600,2.731034,-0.008284
2.687600,2.812972,0.017915
2.687600,8.279819,0.112238
2.687600,3.542370,-0.076324
2.687600,2.691717,-0.001559
2.687600,3.107404,0.045982
2.687600,11.484282,-0.031295
2.687600,2.961643,-0.033068
2.687600,2.693890,0.002887
2.687600,3.769660,0.088246
2.687600,7.179559,-0.124622
2.687600,2.781863,-0.014414
2.687600,2.750921,0.010762
2.687600,6.015184,0.129628
2.687600,4.156373,-0.103791
2.687600,2.702033,-0.004562
2.687600,2.864320,0.023480
2.687600,9.831573,0.084815
2.687600,3.319086,-0.062148
2.687600,2.689337,-0.000253
2.687600,3.248812,0.057101
2.687600,10.409334,-0.070938
2.687600,2.888785,-0.025988
2.687600,2.696791,0.003768
2.687600,3.947963,0.096084
2.687600,6.559753,-0.128559
2.687600,2.765096,-0.012492
2.687600,2.761479,0.012064
2.687600,6.423089,0.129062
2.687600,3.994754,-0.097943
2.687600,2.697822,-0.003965
2.687600,2.878552,0.024954
2.687600,10.181779,0.076730
2.687600,3.276168,-0.059103
2.687600,2.689005,0.000017
2.687600,3.280802,0.059438
2.687600,10.143475,-0.077660
2.687600,2.876915,-0.024787
2.687600,2.698152,0.004016
2.687600,4.007931,0.098452
2.687600,6.386261,-0.129172
2.687600,2.760520,-0.011948
2.687600,2.766464,0.012651
2.687600,6.610853,0.128335
2.687600,3.931269,-0.095401
2.687600,2.696467,-0.003692
2.687600,2.893884,0.026499
2.687600,10.515477,0.068060
2.687600,3.236084,-0.056153
2.687600,2.689552,0.000370
2.687600,3.338947,0.063519
2.687600,9.673813,-0.088183
2.687600,2.858359,-0.022854
2.687600,2.704348,0.004876
2.687600,4.243770,0.106611
2.687600,5.828836,-0.129363
2.687600,2.746107,-0.010162
2.687600,2.789745,0.015307
2.687600,7.465601,0.122006
2.687600,3.701818,-0.084928
2.687600,2.693100,-0.002511
2.687600,3.000034,0.036624
2.687600,11.704613,0.012425
2.687600,3.057019,-0.041695
2.687600,2.692343,0.002002
2.687600,3.616020,0.080444
2.687600,7.876609,-0.117482
2.687600,2.801302,-0.016608
2.687600,2.739004,0.009275
2.687600,5.554563,0.128277
2.687600,4.392726,-0.110914
2.687600,2.708318,-0.005400
2.687600,2.849832,0.021947
2.687600,9.437004,0.092960
2.687600,3.369607,-0.065592
2.687600,2.689939,-0.000544
2.687600,3.218326,0.054813
2.687600,10.663030,-0.063838
2.687600,2.901395,-0.027245
2.687600,2.696217,0.003607
2.687600,3.914446,0.094702
2.687600,6.663679,-0.128082
2.687600,2.767904,-0.012812
2.687600,2.760231,0.011905
2.687600,6.373890,0.129206
2.687600,4.012423,-0.098624
2.687600,2.698347,-0.004023
2.687600,2.878918,0.024987
2.687600,10.189740,0.076535
2.687600,3.275218,-0.059033
2.687600,2.689226,0.000049
2.687600,3.288945,0.060020
2.687600,10.076496,-0.079257
2.687600,2.874125,-0.024496
2.687600,2.699359,0.004177
2.687600,4.052680,0.100137
2.687600,6.266267,-0.129452
2.687600,2.757431,-0.011563
2.687600,2.771945,0.013278
2.687600,6.814020,0.127255
2.687600,3.868774,-0.092754
2.687600,2.695400,-0.003391
2.687600,2.917619,0.028843
2.687600,10.946991,0.054800
2.687600,3.183413,-0.052121
2.687600,2.690539,0.000867
2.687600,3.424923,0.069199
2.687600,9.032920,-0.100421
2.687600,2.836196,-0.020478
2.687600,2.715615,0.006345
2.687600,4.666976,0.117360
2.687600,5.157002,-0.124977
2.687600,2.728600,-0.007979
2.687600,2.816747,0.018334
2.687600,8.406862,0.110428
2.687600,3.520927,-0.075075
2.687600,2.691561,-0.001427
2.687600,3.123039,0.047276
2.687600,11.388510,-0.036593
2.687600,2.951421,-0.032101
2.687600,2.694267,0.003007
2.687600,3.793483,0.089365
2.687600,7.086391,-0.125372
2.687600,2.779336,-0.014122
2.687600,2.752971,0.011010
2.687600,6.093522,0.129636
2.687600,4.122432,-0.102632
2.687600,2.701195,-0.004433
2.687600,2.868614,0.023924
2.687600,9.940583,0.082393
2.687600,3.305589,-0.061201
2.687600,2.689418,-0.000147
2.687600,3.264859,0.058279
2.687600,10.275768,-0.074395
2.687600,2.882705,-0.025369
2.687600,2.698107,0.003967
2.687600,3.999963,0.098144
2.687600,6.408493,-0.129106
2.687600,2.761161,-0.012011
2.687600,2.767450,0.012755
2.687600,6.645964,0.128169
2.687600,3.920048,-0.094936
2.687600,2.696379,-0.003626
2.687600,2.901337,0.027238
2.687600,10.661805,0.063874
2.687600,3.218477,-0.054824
2.687600,2.690007,0.000551
2.687600,3.371694,0.065731
2.687600,9.421220,-0.093268
2.687600,2.849285,-0.021888
2.687600,2.708746,0.005454
2.687600,4.408409,0.111332
2.687600,5.528424,-0.128126
2.687600,2.738331,-0.009190
2.687600,2.802557,0.016747
2.687600,7.920394,0.116950
2.687600,3.607569,-0.079984
2.687600,2.692298,-0.001949
2.687600,3.063601,0.042265
2.687600,11.685306,-0.015051
2.687600,2.994482,-0.036117
2.687600,2.693232,0.002567
2.687600,3.712199,0.085449
2.687600,7.419748,-0.122456
2.687600,2.788480,-0.015163
2.687600,2.747054,0.010278
2.687600,5.865115,0.129443
2.687600,4.225970,-0.106055
2.687600,2.703892,-0.004811
2.687600,2.860038,0.023029
2.687600,9.718668,0.087241
2.687600,3.333263,-0.063129
2.687600,2.689559,-0.000328
2.687600,3.241949,0.056590
2.687600,10.466624,-0.069400
2.687600,2.891519,-0.026260
2.687600,2.696872,0.003757
2.687600,3.947759,0.096075
2.687600,6.560397,-0.128556
2.687600,2.765145,-0.012491
2.687600,2.762401,0.012166
2.687600,6.456721,0.128951
2.687600,3.982947,-0.097480
2.687600,2.697641,-0.003906
2.687600,2.883575,0.025460
2.687600,10.295536,0.073894
2.687600,3.262475,-0.058106
2.687600,2.689303,0.000150
2.687600,3.304228,0.061106
2.687600,9.951589,-0.082145
2.687600,2.869040,-0.023970
2.687600,2.700750,0.004378
2.687600,4.106534,0.102078
2.687600,6.131449,-0.129619
2.687600,2.753938,-0.011133
2.687600,2.777366,0.013900
2.687600,7.014348,0.125916
2.687600,3.812542,-0.090245
2.687600,2.694510,-0.003110
2.687600,2.941433,0.031148
2.687600,11.278506,0.041868
2.687600,3.139383,-0.048612
2.687600,2.691273,0.001274
2.687600,3.494458,0.073502
2.687600,8.569979,-0.107995
2.687600,2.821656,-0.018880
2.687600,2.725022,0.007534
2.687600,5.021703,0.123310
2.687600,4.781627,-0.119553
2.687600,2.718656,-0.006733
2.687600,2.831065,0.019918
2.687600,8.873260,0.103147
2.687600,3.448060,-0.070660
2.687600,2.690765,-0.001005
2.687600,3.168088,0.050914
2.687600,11.066896,-0.050502
2.687600,2.925438,-0.029606
2.687600,2.695007,0.003287
2.687600,3.846827,0.091790
2.687600,6.890105,-0.126777
2.687600,2.773989,-0.013515
2.687600,2.755794,0.011365
2.687600,6.203726,0.129550
2.687600,4.077161,-0.101031
2.687600,2.699954,-0.004273
2.687600,2.870642,0.024139
2.687600,9.991787,0.081228
2.687600,3.299284,-0.060757
2.687600,2.689160,-0.000131
2.687600,3.262763,0.058128
2.687600,10.293079,-0.073957
2.687600,2.883450,-0.025450
2.687600,2.697293,0.003867
2.687600,3.971132,0.097014
2.687600,6.490910,-0.128831
2.687600,2.763271,-0.012277
2.687600,2.763258,0.012275
2.687600,6.490415,0.128832
2.687600,3.971302,-0.097021
2.687600,2.697297,-0.003867
2.687600,2.883413,0.025447
2.687600,10.292254,0.073978
2.687600,3.262862,-0.058135
2.687600,2.689159,0.000131
2.687600,3.299146,0.060747
2.687600,9.992920,-0.081202
2.687600,2.870688,-0.024144
2.687600,2.699940,0.004271
2.687600,4.076623,0.101012
2.687600,6.205077,-0.129548
2.687600,2.755829,-0.011369
2.687600,2.773933,0.013509
2.687600,6.888029,0.126791
2.687600,3.847416,-0.091816
2.687600,2.695016,-0.003290
2.687600,2.925190,0.029582
2.687600,11.063262,0.050638
2.687600,3.168560,-0.050952
2.687600,2.690757,0.001001
2.687600,3.447307,0.070612
2.687600,8.878374,-0.103061
2.687600,2.831227,-0.019936
2.687600,2.718553,0.006720
2.687600,4.777754,0.119484
2.687600,5.026030,-0.123368
2.687600,2.725137,-0.007548
2.687600,2.821494,0.018862
2.687600,8.564659,0.108077
2.687600,3.495303,-0.073553
2.687600,2.691282,-0.001279
2.687600,3.138855,0.048569
2.687600,11.282191,-0.041702
2.687600,2.941745,-0.031178
2.687600,2.694501,0.003106
2.687600,3.811908,0.090216
2.687600,7.016707,-0.125899
2.687600,2.777431,-0.013907
2.687600,2.753903,0.011128
2.687600,6.130090,0.129620
2.687600,4.107097,-0.102097
2.687600,2.700765,-0.004380
2.687600,2.869011,0.023967
2.687600,9.950855,0.082161
2.687600,3.304318,-0.061112
2.687600,2.689306,-0.000151
2.687600,3.262476,0.058106
2.687600,10.295527,-0.073894
2.687600,2.883574,-0.025460
2.687600,2.697648,0.003907
2.687600,3.983200,0.097490
2.687600,6.455995,-0.128954
2.687600,2.762382,-0.012164
2.687600,2.765185,0.012495
2.687600,6.561852,0.128550
2.687600,3.947278,-0.096055
2.687600,2.696863,-0.003755
2.687600,2.891690,0.026277
2.687600,10.470169,0.069303
2.687600,3.241525,-0.056559
2.687600,2.689567,0.000332
2.687600,3.333962,0.063177
2.687600,9.713143,-0.087358
2.687600,2.859831,-0.023007
2.687600,2.703977,0.004822
2.687600,4.229172,0.106155
2.687600,5.858528,-0.129429
2.687600,2.746883,-0.010257
2.687600,2.788761,0.015195
2.687600,7.429888,0.122358
2.687600,3.709889,-0.085333
2.687600,2.693207,-0.002554
2.687600,2.995875,0.036245
2.687600,11.690520,0.014389
2.687600,3.061930,-0.042121
2.687600,2.692317,0.001963
2.687600,3.609985,0.080116
2.687600,7.907815,-0.117103
2.687600,2.802198,-0.016707
2.687600,2.738567,0.009219
2.687600,5.537500,0.128180
2.687600,4.402932,-0.111187
2.687600,2.708600,-0.005435
2.687600,2.849598,0.021921
2.687600,9.430150,0.093094
2.687600,3.370514,-0.065652
2.687600,2.689996,-0.000544
2.687600,3.219278,0.054885
2.687600,10.655176,-0.064070
2.687600,2.900989,-0.027203
2.687600,2.696405,0.003632
2.687600,3.921321,0.094989
2.687600,6.641957,-0.128188
2.687600,2.767343,-0.012742
2.687600,2.761260,0.012023
2.687600,6.412236,0.129095
2.687600,3.998628,-0.098092
2.687600,2.698076,-0.003962
2.687600,2.882966,0.025396
2.687600,10.281633,0.074247
2.687600,3.264154,-0.058227
2.687600,2.689425,0.000153
2.687600,3.306550,0.061268
2.687600,9.932784,-0.082569
2.687600,2.868304,-0.023891
2.687600,2.701294,0.004446
2.687600,4.126226,0.102763
2.687600,6.084590,-0.129638
2.687600,2.752740,-0.010981
2.687600,2.779708,0.014165
2.687600,7.100045,0.125266
2.687600,3.789935,-0.089200
2.687600,2.694218,-0.002988
2.687600,2.953166,0.032266
2.687600,11.406044,0.035682
2.687600,3.120295,-0.047050
2.687600,2.691602,0.001452
2.687600,3.525136,0.075322
2.687600,8.381572,-0.110794
2.687600,2.815993,-0.018250
2.687600,2.729138,0.008046
2.687600,5.177417,0.125203
2.687600,4.650761,-0.117028
2.687600,2.715184,-0.006290
2.687600,2.836943,0.020559
2.687600,9.055829,0.100020
2.687600,3.421668,-0.068992
2.687600,2.690506,-0.000848
2.687600,3.185534,0.052286
2.687600,10.930109,-0.055378
2.687600,2.916573,-0.028741
2.687600,2.695454,0.003405
2.687600,3.871748,0.092883
2.687600,6.803907,-0.127315
2.687600,2.771673,-0.013247
2.687600,2.757642,0.011588
2.687600,6.274347,0.129437
2.687600,4.049577,-0.100022
2.687600,2.699283,-0.004165
2.687600,2.874562,0.024541
2.687600,10.086971,0.079009
2.687600,3.287671,-0.059929
2.687600,2.689233,-0.000039
2.687600,3.276721,0.059142
2.687600,10.177305,-0.076839
2.687600,2.878384,-0.024932
2.687600,2.698475,0.004042
2.687600,4.017430,0.098815
2.687600,6.360167,-0.129243
2.687600,2.759875,-0.011861
2.687600,2.768450,0.012875
2.687600,6.683988,0.127979
2.687600,3.908088,-0.094436
2.687600,2.696102,-0.003577
2.687600,2.903598,0.027463
2.687600,10.704402,0.062603
2.687600,3.213315,-0.054431
2.687600,2.690029,0.000591
2.687600,3.377634,0.066126
2.687600,9.376458,-0.094132
2.687600,2.847721,-0.021722
2.687600,2.709355,0.005536
2.687600,4.431688,0.111941
2.687600,5.490482,-0.127892
2.687600,2.737337,-0.009067
2.687600,2.803889,0.016898
2.687600,7.967067,0.116372
2.687600,3.598687,-0.079497
2.687600,2.692207,-0.001897
2.687600,3.069171,0.042746
2.687600,11.666440,-0.017235
2.687600,2.989918,-0.035699
2.687600,2.693284,0.002607
2.687600,3.718844,0.085779
2.687600,7.390794,-0.122734
2.687600,2.787674,-0.015073
2.687600,2.747396,0.010323
2.687600,5.878670,0.129469
2.687600,4.219418,-0.105848
2.687600,2.703704,-0.004789
2.687600,2.860011,0.023028
2.687600,9.718156,0.087252
2.687600,3.333324,-0.063133
2.687600,2.689498,-0.000336
2.687600,3.239915,0.056439
2.687600,10.483552,-0.068938
2.687600,2.892328,-0.026343
2.687600,2.696591,0.003718
2.687600,3.937214,0.095645
2.687600,6.592512,-0.128417
2.687600,2.765976,-0.012594
2.687600,2.760963,0.012000
2.687600,6.403090,0.129123
2.687600,4.001880,-0.098219
2.687600,2.698012,-0.003991
2.687600,2.878026,0.024900
2.687600,10.169445,0.077030
2.687600,3.277661,-0.059211
2.687600,2.689037,0.000010
2.687600,3.280324,0.059403
2.687600,10.147435,-0.077564
2.687600,2.877086,-0.024804
2.687600,2.698203,0.004020
2.687600,4.009487,0.098512
2.687600,6.381961,-0.129184
2.687600,2.760413,-0.011933
2.687600,2.766762,0.012685
2.687600,6.621865,0.128284
2.687600,3.927727,-0.095255
2.687600,2.696409,-0.003675
2.687600,2.895292,0.026639
2.687600,10.543924,0.067267
2.687600,3.232669,-0.055897
2.687600,2.689622,0.000403
2.687600,3.344678,0.063911
2.687600,9.628901,-0.089114
2.687600,2.856706,-0.022679
2.687600,2.705061,0.004971
2.687600,4.270590,0.107431
2.687600,5.775694,-0.129220
2.687600,2.744733,-0.009991
2.687600,2.792002,0.015562
2.687600,7.546716,0.121182
2.687600,3.683883,-0.084018
2.687600,2.692921,-0.002407
2.687600,3.011234,0.037640
2.687600,11.731918,0.007239
2.687600,3.044374,-0.040591
2.687600,2.692489,0.002112
2.687600,3.634235,0.081424
2.687600,7.784348,-0.118572
2.687600,2.798681,-0.016313
2.687600,2.740657,0.009482
2.687600,5.618222,0.128608
2.687600,4.355697,-0.109901
2.687600,2.707332,-0.005271
2.687600,2.851876,0.022166
2.687600,9.494910,0.091821
2.687600,3.362005,-0.065083
2.687600,2.689849,-0.000500
2.687600,3.222918,0.055161
2.687600,10.624986,-0.064953
2.687600,2.899409,-0.027048
2.687600,2.696306,0.003632
2.687600,3.919679,0.094921
2.687600,6.647108,-0.128163
2.687600,2.767457,-0.012761
2.687600,2.760454,0.011933
2.687600,6.382601,0.129182
2.687600,4.009262,-0.098503
2.687600,2.698258,-0.004012
2.687600,2.878993,0.024995
2.687600,10.191537,0.076491
2.687600,3.275000,-0.059017
2.687600,2.689199,0.000048
2.687600,3.288269,0.059972
2.687600,10.082036,-0.079126
2.687600,2.874352,-0.024520
2.687600,2.699231,0.004161
2.687600,4.048031,0.099965
2.687600,6.278381,-0.129430
2.687600,2.757742,-0.011602
2.687600,2.771365,0.013212
2.687600,6.792598,0.127382
2.687600,3.875089,-0.093028
2.687600,2.695501,-0.003422
2.687600,2.914969,0.028584
2.687600,10.903880,0.056266
2.687600,3.188814,-0.052542
2.687600,2.690437,0.000816
2.687600,3.416022,0.068630
2.687600,9.095824,-0.099313
2.687600,2.838252,-0.020701
2.687600,2.714390,0.006189
2.687600,4.620954,0.116401
2.687600,5.215839,-0.125610
2.687600,2.730148,-0.008172
2.687600,2.814502,0.018084
2.687600,8.331394,0.111512
2.687600,3.533574,-0.075814
2.687600,2.691672,-0.001503
2.687600,3.114424,0.046565
2.687600,11.442548,-0.033706
2.687600,2.956968,-0.032626
2.687600,2.694091,0.002945
2.687600,3.781521,0.088806
2.687600,7.132733,-0.125006
2.687600,2.780596,-0.014267
2.687600,2.752080,0.010901
2.687600,6.059269,0.129640
2.687600,4.137085,-0.103137
2.687600,2.701566,-0.004487
2.687600,2.867058,0.023763
2.687600,9.901407,0.083273
2.687600,3.310423,-0.061541
2.687600,2.689413,-0.000182
2.687600,3.259895,0.057916
2.687600,10.317053,-0.073345
2.687600,2.884553,-0.025558
2.687600,2.697743,0.003911
2.687600,3.985368,0.097575
2.687600,6.449799,-0.128975
2.687600,2.762237,-0.012142
2.687600,2.765882,0.012574
2.687600,6.587483,0.128439
2.687600,3.938865,-0.095712
2.687600,2.696732,-0.003713
2.687600,2.895243,0.026632
2.687600,10.542688,0.067301
2.687600,3.232825,-0.055907
2.687600,2.689755,0.000417
2.687600,3.348907,0.064198
2.687600,9.595986,-0.089789
2.687600,2.855516,-0.022551
2.687600,2.705868,0.005074
2.687600,4.300186,0.108312
2.687600,5.719077,-0.129033
2.687600,2.743279,-0.009807
2.687600,2.794716,0.015866
2.687600,7.643446,0.120154
2.687600,3.663176,-0.082949
2.687600,2.692759,-0.002282
2.687600,3.025594,0.038929
2.687600,11.745782,0.000807
2.687600,3.029286,-0.039258
2.687600,2.692711,0.002249
2.687600,3.657645,0.082661
2.687600,7.669849,-0.119866
2.687600,2.795457,-0.015950
2.687600,2.742826,0.009750
2.687600,5.701580,0.128968
2.687600,4.309554,-0.108586
2.687600,2.706118,-0.005107
2.687600,2.854971,0.022493
2.687600,9.580962,0.090094
2.687600,3.350842,-0.064329
2.687600,2.689780,-0.000428
2.687600,3.231701,0.055823
2.687600,10.552044,-0.067039
2.687600,2.895710,-0.026678
2.687600,2.696715,0.003708
2.687600,3.937767,0.095667
2.687600,6.590851,-0.128425
2.687600,2.765974,-0.012584
2.687600,2.762216,0.012140
2.687600,6.448930,0.128978
2.687600,3.985672,-0.097587
2.687600,2.697755,-0.003911
2.687600,2.884673,0.025569
2.687600,10.319679,0.073277
2.687600,3.259580,-0.057893
2.687600,2.689427,0.000186
2.687600,3.311185,0.061594
2.687600,9.895250,-0.083410
2.687600,2.866817,-0.023737
2.687600,2.701668,0.004501
2.687600,4.140894,0.103267
2.687600,6.050475,-0.129639
2.687600,2.751854,-0.010872
2.687600,2.780991,0.014311
2.687600,7.147158,0.124889
2.687600,3.777844,-0.088633
2.687600,2.694044,-0.002925
2.687600,2.958898,0.032809
2.687600,11.460185,0.032708
2.687600,3.111503,-0.046323
2.687600,2.691716,0.001529
2.687600,3.538089,0.076076
2.687600,8.304833,-0.111887
2.687600,2.813717,-0.017996
2.687600,2.730718,0.008242
2.687600,5.237491,0.125830
2.687600,4.604555,-0.116048
2.687600,2.713955,-0.006133
2.687600,2.839059,0.020789
2.687600,9.120297,0.098877
2.687600,3.412590,-0.068410
2.687600,2.690406,-0.000795
2.687600,3.191186,0.052727
2.687600,10.884834,-0.056901
2.687600,2.913823,-0.028471
2.687600,2.695575,0.003439
2.687600,3.878863,0.093191
2.687600,6.779900,-0.127456
2.687600,2.771026,-0.013172
2.687600,2.758056,0.011639
2.687600,6.290326,0.129406
2.687600,4.043479,-0.099796
2.687600,2.699125,-0.004142
2.687600,2.875154,0.024602
2.687600,10.101162,0.078673
2.687600,3.285946,-0.059806
2.687600,2.689223,-0.000028
2.687600,3.278109,0.059242
2.687600,10.165822,-0.077118
2.687600,2.877891,-0.024882
2.687600,2.698548,0.004055
2.687600,4.020503,0.098932
2.687600,6.351791,-0.129265
2.687600,2.759655,-0.011835
2.687600,2.768718,0.012906
2.687600,6.694026,0.127928
2.687600,3.904967,-0.094305
2.687600,2.696042,-0.003563
2.687600,2.904562,0.027559
2.687600,10.722216,0.062063
2.687600,3.211152,-0.054266
2.687600,2.690062,0.000610
2.687600,3.380936,0.066345
2.687600,9.351734,-0.094605
2.687600,2.846866,-0.021630
2.687600,2.709774,0.005591
2.687600,4.447439,0.112345
2.687600,5.465376,-0.127727
2.687600,2.736682,-0.008986
2.687600,2.804879,0.017009
2.687600,8.001532,0.115939
2.687600,3.592214,-0.079140
2.687600,2.692155,-0.001858
2.687600,3.073687,0.043133
2.687600,11.649544,-0.018980
2.687600,2.986308,-0.035366
2.687600,2.693354,0.002642
2.687600,3.725081,0.086088
2.687600,7.363916,-0.122989
2.687600,2.786931,-0.014989
2.687600,2.747858,0.010380
2.687600,5.896539,0.129501
2.687600,4.210867,-0.105576
2.687600,2.703478,-0.004758
2.687600,2.860609,0.023091
2.687600,9.734066,0.086915
2.687600,3.331315,-0.062995
2.687600,2.689480,-0.000324
2.687600,3.241309,0.056543
2.687600,10.471928,-0.069255
2.687600,2.891766,-0.026287
2.687600,2.696639,0.003728
2.687600,3.939471,0.095738
2.687600,6.585592,-0.128448
2.687600,2.765792,-0.012572
2.687600,2.761138,0.012021
2.687600,6.409735,0.129103
2.687600,3.999505,-0.098127
2.687600,2.697958,-0.003981
2.687600,2.878490,0.024947
2.687600,10.180222,0.076768
2.687600,3.276359,-0.059117
2.687600,2.689051,0.000021
2.687600,3.282094,0.059530
2.687600,10.132831,-0.077916
2.687600,2.876469,-0.024740
2.687600,2.698370,0.004044
2.687600,4.015920,0.098758
2.687600,6.364275,-0.129232
2.687600,2.759954,-0.011877
2.687600,2.767485,0.012768
2.687600,6.648775,0.128155
2.687600,3.919146,-0.094899
2.687600,2.696252,-0.003635
2.687600,2.898182,0.026927
2.687600,10.601218,0.065640
2.687600,3.225779,-0.055378
2.687600,2.689745,0.000467
2.687600,3.355688,0.064658
2.687600,9.543437,-0.090853
2.687600,2.853606,-0.022350
2.687600,2.706422,0.005152
2.687600,4.321782,0.108940
2.687600,5.679030,-0.128879
2.687600,2.742230,-0.009679
2.687600,2.796034,0.016016
2.687600,7.690664,0.119635
2.687600,3.653318,-0.082434
2.687600,2.692638,-0.002228
2.687600,3.031068,0.039416
2.687600,11.745288,-0.001582
2.687600,3.023834,-0.038772
2.687600,2.692732,0.002292
2.687600,3.664121,0.082999
2.687600,7.638943,-0.120203
2.687600,2.794581,-0.015853
2.687600,2.743112,0.009789
2.687600,5.713143,0.129011
2.687600,4.303348,-0.108405
2.687600,2.705930,-0.005088
2.687600,2.854637,0.022460
2.687600,9.572087,0.090275
2.687600,3.351981,-0.064407
2.687600,2.689694,-0.000447
2.687600,3.227801,0.055531
2.687600,10.584418,-0.066122
2.687600,2.897325,-0.026842
2.687600,2.696264,0.003643
2.687600,3.920526,0.094956
2.687600,6.644420,-0.128177
2.687600,2.767364,-0.012755
2.687600,2.759899,0.011872
2.687600,6.362397,0.129237
2.687600,4.016605,-0.098784
2.687600,2.698371,-0.004049
2.687600,2.875890,0.024682
2.687600,10.119231,0.078242
2.687600,3.283741,-0.059649
2.687600,2.689008,-0.000038
2.687600,3.273317,0.058897
2.687600,10.205391,-0.076151
2.687600,2.879572,-0.025058
2.687600,2.697629,0.003935
2.687600,3.986953,0.097638
2.687600,6.445222,-0.128990
2.687600,2.762057,-0.012135
2.687600,2.764287,0.012398
2.687600,6.529505,0.128683
2.687600,3.958044,-0.096491
2.687600,2.696990,-0.003813
2.687600,2.885850,0.025693
2.687600,10.346078,0.072597
2.687600,3.256398,-0.057661
2.687600,2.689212,0.000183
2.687600,3.307366,0.061328
2.687600,9.926067,-0.082721
2.687600,2.868012,-0.023866
2.687600,2.700728,0.004383
2.687600,4.106921,0.102091
2.687600,6.130505,-0.129620
2.687600,2.753899,-0.011131
2.687600,2.776970,0.013856
2.687600,7.000128,0.126020
2.687600,3.816370,-0.090420
2.687600,2.694535,-0.003133
2.687600,2.938681,0.030885
2.687600,11.245267,0.043336
2.687600,3.144085,-0.048993
2.687600,2.691160,0.001226
2.687600,3.485862,0.072984
2.687600,8.624475,-0.107155
2.687600,2.823315,-0.019065
2.687600,2.723759,0.007377
2.687600,4.974138,0.122649
2.687600,4.825167,-0.120316
2.687600,2.719807,-0.006880
2.687600,2.829132,0.019707
2.687600,8.812103,0.104159
2.687600,3.457145,-0.071225
2.687600,2.690843,-0.001060
2.687600,3.161753,0.050411
2.687600,11.115231,-0.048664
2.687600,2.928808,-0.029933
2.687600,2.694827,0.003240
2.687600,3.837027,0.091353
2.687600,6.924925,-0.126546
2.687600,2.774923,-0.013624
2.687600,2.754968,0.011266
2.687600,6.172274,0.129586
2.687600,4.089793,-0.101485
2.687600,2.700256,-0.004323
2.687600,2.868702,0.023940
2.687600,9.943681,0.082324
2.687600,3.305190,-0.061175
2.687600,2.689109,-0.000180
2.687600,3.255211,0.057575
2.687600,10.355916,-0.072342
2.687600,2.886289,-0.025740
2.687600,2.696650,0.003770
2.687600,3.945880,0.096000
2.687600,6.566029,-0.128533
2.687600,2.765226,-0.012516
2.687600,2.760275,0.011930
2.687600,6.378869,0.129193
2.687600,4.010592,-0.098555
2.687600,2.698092,-0.004041
2.687600,2.872640,0.024355
2.687600,10.042071,0.080065
2.687600,3.293109,-0.060322
2.687600,2.688668,-0.000145
2.687600,3.252900,0.057408
2.687600,10.374972,-0.071845
2.687600,2.887122,-0.025833
2.687600,2.695395,0.003617
2.687600,3.901894,0.094179
2.687600,6.703768,-0.127879
2.687600,2.768770,-0.012959
2.687600,2.753449,0.011143
2.687600,6.124289,0.129626
2.687600,4.109429,-0.102184
2.687600,2.700173,-0.004464
2.687600,2.848524,0.021875
2.687600,9.409000,0.093508
2.687600,3.373165,-0.065848
2.687600,2.687560,-0.000848
2.687600,3.137958,0.048525
2.687600,11.287245,-0.041479
2.687600,2.941908,-0.031242
2.687600,2.688303,0.002378
2.687600,3.602088,0.079715
2.687600,7.947560,-0.116622
2.687600,2.802469,-0.016924
2.687600,2.713903,0.006401
2.687600,4.645371,0.116925
2.687600,5.183990,-0.125282
2.687600,2.728389,-0.008171
2.687600,2.788055,0.015259
2.687600,7.428213,0.122379
2.687600,3.710062,-0.085362
2.687600,2.690718,-0.002846
2.687600,2.917081,0.028827
2.687600,10.941466,0.054993
2.687600,3.183992,-0.052185
2.687600,2.688149,0.000583
2.687600,3.345655,0.063989
2.687600,9.620604,-0.089287
2.687600,2.856213,-0.022665
2.687600,2.700286,0.004419
2.687600,4.104742,0.102018
2.687600,6.135652,-0.129618
2.687600,2.753853,-0.011167
2.687600,2.771536,0.013260
2.687600,6.803707,0.127318
2.687600,3.871769,-0.092887
2.687600,2.695065,-0.003450
2.687600,2.904355,0.027546
2.687600,10.719144,0.062157
2.687600,3.211502,-0.054296
2.687600,2.689603,0.000554
2.687600,3.365501,0.065320
2.687600,9.468087,-0.092352
2.687600,2.850888,-0.022068
2.687600,2.706783,0.005215
2.687600,4.337552,0.109391
2.687600,5.650431,-0.128757
2.687600,2.741453,-0.009590
2.687600,2.796177,0.016038
2.687600,7.696575,0.119570
2.687600,3.652088,-0.082370
2.687600,2.692527,-0.002232
2.687600,3.028687,0.039206
2.687600,11.745881,-0.000550
2.687600,3.026171,-0.038982
2.687600,2.692559,0.002254
2.687600,3.655812,0.082566
2.687600,7.678602,-0.119769
2.687600,2.795670,-0.015981
2.687600,2.741755,0.009628
2.687600,5.662119,0.128808
2.687600,4.331067,-0.109207
2.687600,2.706609,-0.005192
2.687600,2.851211,0.022103
2.687600,9.477255,0.092171
2.687600,3.364298,-0.065239
2.687600,2.689583,-0.000548
2.687600,3.212026,0.054336
2.687600,10.714829,-0.062288
2.687600,2.904120,-0.027523
2.687600,2.695051,0.003450
2.687600,3.871546,0.092878
2.687600,6.804462,-0.127313
2.687600,2.771552,-0.013263
2.687600,2.753741,0.011155
2.687600,6.131532,0.129620
2.687600,4.106447,-0.102078
2.687600,2.700320,-0.004427
2.687600,2.855747,0.022617
2.687600,9.608014,0.089545
2.687600,3.347267,-0.064099
2.687600,2.688124,-0.000597
2.687600,3.181605,0.051998
2.687600,10.960387,-0.054340
2.687600,2.918260,-0.028943
2.687600,2.690578,0.002821
2.687600,3.704066,0.085062
2.687600,7.454667,-0.122120
2.687600,2.788775,-0.015343
2.687600,2.727576,0.008072
2.687600,5.153596,0.124946
2.687600,4.669478,-0.117420
2.687600,2.714552,-0.006482
2.687600,2.801647,0.016831
2.687600,7.918666,0.116978
2.687600,3.607607,-0.080017
2.687600,2.688408,-0.002404
2.687600,2.940042,0.031062
2.687600,11.265032,0.042475
2.687600,3.141131,-0.048782
2.687600,2.687584,0.000828
2.687600,3.370713,0.065684
2.687600,9.427556,-0.093148
2.687600,2.849181,-0.021943
2.687600,2.700095,0.004450
2.687600,4.105984,0.102063
2.687600,6.132586,-0.129621
2.687600,2.753670,-0.011169
2.687600,2.768628,0.012942
2.687600,6.698313,0.127907
2.687600,3.903581,-0.094251
2.687600,2.695439,-0.003624
2.687600,2.886956,0.025816
2.687600,10.371367,0.071939
2.687600,3.253333,-0.057440
2.687600,2.688675,0.000142
2.687600,3.292893,0.060307
2.687600,10.043840,-0.080024
2.687600,2.872714,-0.024363
2.687600,2.698096,0.004041
2.687600,4.010639,0.098557
2.687600,6.378742,-0.129193
2.687600,2.760273,-0.011929
2.687600,2.765261,0.012520
2.687600,6.567308,0.128528
2.687600,3.945458,-0.095983
2.687600,2.696644,-0.003768
2.687600,2.886476,0.025759
2.687600,10.359971,0.072236
2.687600,3.254725,-0.057539
2.687600,2.689119,0.000185
2.687600,3.306019,0.061233
2.687600,9.936957,-0.082476
2.687600,2.868435,-0.023912
2.687600,2.700350,0.004336
2.687600,4.093356,0.101612
2.687600,6.163502,-0.129594
2.687600,2.754742,-0.011238
2.687600,2.775300,0.013667
2.687600,6.938799,0.126452
2.687600,3.833165,-0.091180
2.687600,2.694768,-0.003221
2.687600,2.930509,0.030098
2.687600,11.138849,0.047740
2.687600,3.158617,-0.050161
2.687600,2.690896,0.001090
2.687600,3.462147,0.071535
2.687600,8.778805,-0.104702
2.687600,2.828088,-0.019592
2.687600,2.720489,0.006966
2.687600,4.850841,0.120748
2.687600,4.946994,-0.122255
2.687600,2.723039,-0.007287
2.687600,2.824337,0.019178
2.687600,8.657803,0.106635
2.687600,3.480664,-0.072669
2.687600,2.691102,-0.001197
2.687600,3.147240,0.049248
2.687600,11.222625,-0.044310
2.687600,2.936865,-0.030710
2.687600,2.694581,0.003152
2.687600,3.819913,0.090581
2.687600,6.987054,-0.126114
2.687600,2.776613,-0.013816
2.687600,2.754062,0.011152
2.687600,6.136935,0.129616
2.687600,4.104258,-0.101998
2.687600,2.700652,-0.004374
2.687600,2.868024,0.023868
2.687600,9.926441,0.082713
2.687600,3.307319,-0.061324
2.687600,2.689188,-0.000186
2.687600,3.255645,0.057606
2.687600,10.352338,-0.072434
2.687600,2.886133,-0.025722
2.687600,2.696877,0.003798
2.687600,3.953845,0.096322
2.687600,6.542041,-0.128633
2.687600,2.764611,-0.012439
2.687600,2.761490,0.012069
2.687600,6.424092,0.129059
2.687600,3.994394,-0.097929
2.687600,2.697775,-0.003968
2.687600,2.877401,0.024839
2.687600,10.155152,0.077378
2.687600,3.279383,-0.059336
2.687600,2.688904,-0.000018
2.687600,3.274280,0.058968
2.687600,10.197368,-0.076348
2.687600,2.879214,-0.025024
2.687600,2.697418,0.003913
2.687600,3.980092,0.097369
2.687600,6.464886,-0.128924
2.687600,2.762554,-0.012199
2.687600,2.763104,0.012264
2.687600,6.485689,0.128850
2.687600,3.972914,-0.097085
2.687600,2.697258,-0.003883
2.687600,2.880738,0.025178
2.687600,10.232278,0.075485
2.687600,3.270071,-0.058662
2.687600,2.688953,0.000054
2.687600,3.285211,0.059755
2.687600,10.107095,-0.078532
2.687600,2.875373,-0.024630
2.687600,2.698326,0.004048
2.687600,4.015640,0.098748
2.687600,6.365031,-0.129230
2.687600,2.759959,-0.011881
2.687600,2.767021,0.012717
2.687600,6.631877,0.128237
2.687600,3.924518,-0.095122
2.687600,2.696323,-0.003663
2.687600,2.895524,0.026663
2.687600,10.548644,0.067134
2.687600,3.232101,-0.055854
2.687600,2.689601,0.000404
2.687600,3.344560,0.063903
2.687600,9.629815,-0.089095
2.687600,2.856737,-0.022683
2.687600,2.704982,0.004962
2.687600,4.267771,0.107346
2.687600,5.781195,-0.129236
2.687600,2.744873,-0.010009
2.687600,2.791694,0.015528
2.687600,7.535721,0.121296
2.687600,3.686282,-0.084141
2.687600,2.692938,-0.002422
2.687600,3.009502,0.037484
2.687600,11.728679,0.008031
2.687600,3.046276,-0.040758
2.687600,2.692458,0.002095
2.687600,3.631188,0.081261
2.687600,7.799581,-0.118395
2.687600,2.799112,-0.016362
2.687600,2.740347,0.009443
2.687600,5.606349,0.128550
2.687600,4.362481,-0.110089
2.687600,2.707509,-0.005295
2.687600,2.851395,0.022115
2.687600,9.481378,0.092089
2.687600,3.363774,-0.065202
2.687600,2.689855,-0.000512
2.687600,3.221372,0.055044
2.687600,10.637792,-0.064580
2.687600,2.900071,-0.027114
2.687600,2.696222,0.003618
2.687600,3.916070,0.094771
2.687600,6.658515,-0.128108
2.687600,2.767757,-0.012797
2.687600,2.760066,0.011887
2.687600,6.368039,0.129222
2.687600,4.014550,-0.098705
2.687600,2.698369,-0.004035
2.687600,2.877704,0.024865
2.687600,10.161647,0.077220
2.687600,3.278610,-0.059279
2.687600,2.689143,0.000015
2.687600,3.282857,0.059584
2.687600,10.126583,-0.078066
2.687600,2.876214,-0.024712
2.687600,2.698678,0.004082
2.687600,4.026864,0.099173
2.687600,6.334565,-0.129308
2.687600,2.759195,-0.011781
2.687600,2.769009,0.012942
2.687600,6.705184,0.127869
2.687600,3.901513,-0.094159
2.687600,2.695954,-0.003550
2.687600,2.904972,0.027600
2.687600,10.729797,0.061832
2.687600,3.210229,-0.054196
2.687600,2.690048,0.000615
2.687600,3.381403,0.066376
2.687600,9.348239,-0.094671
2.687600,2.846743,-0.021617
2.687600,2.709764,0.005591
2.687600,4.447226,0.112340
2.687600,5.465711,-0.127729
2.687600,2.736688,-0.008987
2.687600,2.804778,0.016998
2.687600,7.998089,0.115983
2.687600,3.592857,-0.079176
2.687600,2.692150,-0.001863
2.687600,3.072917,0.043067
2.687600,11.652521,-0.018684
2.687600,2.986917,-0.035422
2.687600,2.693325,0.002634
2.687600,3.723438,0.086007
2.687600,7.370966,-0.122922
2.687600,2.787123,-0.015011
2.687600,2.747656,0.010356
2.687600,5.888879,0.129487
2.687600,4.214520,-0.105692
2.687600,2.703566,-0.004772
2.687600,2.860100,0.023038
2.687600,9.720632,0.087200
2.687600,3.333009,-0.063112
2.687600,2.689463,-0.000338
2.687600,3.239092,0.056378
2.687600,10.490391,-0.068751
2.687600,2.892655,-0.026376
2.687600,2.696453,0.003700
2.687600,3.932132,0.095437
2.687600,6.608170,-0.128347
2.687600,2.766381,-0.012644
2.687600,2.760243,0.011917
2.687600,6.376227,0.129200
2.687600,4.011561,-0.098592
2.687600,2.698205,-0.004034
2.687600,2.875281,0.024622
2.687600,10.105023,0.078581
2.687600,3.285459,-0.059773
2.687600,2.688903,-0.000062
2.687600,3.268185,0.058525
2.687600,10.247909,-0.075096
2.687600,2.881419,-0.025249
2.687600,2.696997,0.003847
2.687600,3.963164,0.096697
2.687600,6.514282,-0.128743
2.687600,2.763843,-0.012355
2.687600,2.761285,0.012052
2.687600,6.417558,0.129080
2.687600,3.996703,-0.098019
2.687600,2.697747,-0.003987
2.687600,2.874425,0.024539
2.687600,10.085159,0.079053
2.687600,3.287861,-0.059947
2.687600,2.688677,-0.000106
2.687600,3.258420,0.057814
2.687600,10.329001,-0.073039
2.687600,2.885019,-0.025619
2.687600,2.695767,0.003676
2.687600,3.916956,0.094811
2.687600,6.655555,-0.128124
2.687600,2.767506,-0.012806
2.687600,2.755200,0.011348
2.687600,6.190089,0.129569
2.687600,4.082548,-0.101230
2.687600,2.699559,-0.004355
2.687600,2.853528,0.022395
2.687600,9.548502,0.090754
2.687600,3.354914,-0.064621
2.687600,2.687737,-0.000697
2.687600,3.161581,0.050422
2.687600,11.115413,-0.048661
2.687600,2.928583,-0.029955
2.687600,2.689185,0.002580
2.687600,3.645943,0.082072
2.687600,7.725218,-0.119255
2.687600,2.796204,-0.016210
2.687600,2.719251,0.007064
2.687600,4.844135,0.120644
2.687600,4.953759,-0.122362
2.687600,2.722203,-0.007424
2.687600,2.793376,0.015882
2.687600,7.623033,0.120382
2.687600,3.667238,-0.083185
2.687600,2.689677,-0.002671
2.687600,2.924208,0.029528
2.687600,11.052101,0.051056
2.687600,3.169869,-0.051078
2.687600,2.687868,0.000652
2.687600,3.350773,0.064340
2.687600,9.580629,-0.090104
2.687600,2.854713,-0.022516
2.687600,2.699713,0.004364
2.687600,4.086577,0.101374
2.687600,6.180091,-0.129580
2.687600,2.754962,-0.011314
2.687600,2.768533,0.012921
2.687600,6.693214,0.127933
2.687600,3.905173,-0.094317
2.687600,2.695586,-0.003617
2.687600,2.890111,0.026130
2.687600,10.438322,0.070164
2.687600,3.245313,-0.056845
2.687600,2.688938,0.000231
2.687600,3.309569,0.061485
2.687600,9.908098,-0.083124
2.687600,2.867268,-0.023795
2.687600,2.700086,0.004313
2.687600,4.085505,0.101332
2.687600,6.182869,-0.129575
2.687600,2.755216,-0.011303
2.687600,2.773723,0.013490
2.687600,6.881207,0.126835
2.687600,3.849347,-0.091902
2.687600,2.694970,-0.003308
2.687600,2.921949,0.029268
2.687600,11.014870,0.052410
2.687600,3.174793,-0.051445
2.687600,2.690558,0.000932
2.687600,3.434372,0.069800
2.687600,8.967009,-0.101561
2.687600,2.834051,-0.020247
2.687600,2.716550,0.006469
2.687600,4.702853,0.118076
2.687600,5.112998,-0.124468
2.687600,2.727425,-0.007836
2.687600,2.817927,0.018468
2.687600,8.446728,0.109845
2.687600,3.514347,-0.074688
2.687600,2.691431,-0.001396
2.687600,3.125226,0.047457
2.687600,11.374295,-0.037317
2.687600,2.950035,-0.031970
2.687600,2.694154,0.003004
2.687600,3.791157,0.089258
2.687600,7.095305,-0.125303
2.687600,2.779554,-0.014153
2.687600,2.752134,0.010915
2.687600,6.062536,0.129640
2.687600,4.135666,-0.103089
2.687600,2.701465,-0.004490
2.687600,2.865176,0.023572
2.687600,9.853970,0.084324
2.687600,3.316292,-0.061954
2.687600,2.689224,-0.000246
2.687600,3.247907,0.057035
2.687600,10.416829,-0.070739
2.687600,2.889126,-0.026025
2.687600,2.696452,0.003726
2.687600,3.935948,0.095594
2.687600,6.596370,-0.128401
2.687600,2.766037,-0.012610
2.687600,2.759657,0.011855
2.687600,6.355245,0.129256
2.687600,4.019211,-0.098884
2.687600,2.698304,-0.004074
2.687600,2.871466,0.024235
2.687600,10.013452,0.080729
2.687600,3.296604,-0.060571
2.687600,2.688655,-0.000171
2.687600,3.248998,0.057120
2.687600,10.407488,-0.070988
2.687600,2.888632,-0.025986
2.687600,2.695120,0.003574
2.687600,3.890835,0.093710
2.687600,6.739873,-0.127684
2.687600,2.769717,-0.013073
2.687600,2.752122,0.010988
2.687600,6.074445,0.129642
2.687600,4.130466,-0.102916
2.687600,2.700661,-0.004548
2.687600,2.844864,0.021493
2.687600,9.304389,0.095505
2.687600,3.387137,-0.066775
2.687600,2.687442,-0.000962
2.687600,3.120510,0.047101
2.687600,11.403496,-0.035823
2.687600,2.952628,-0.032265
2.687600,2.687818,0.002241
2.687600,3.574444,0.078183
2.687600,8.096405,-0.114726
2.687600,2.806745,-0.017405
2.687600,2.710850,0.006017
2.687600,4.531810,0.114416
2.687600,5.337876,-0.126763
2.687600,2.732496,-0.008666
2.687600,2.784325,0.014822
2.687600,7.290682,0.123666
2.687600,3.742222,-0.086945
2.687600,2.691444,-0.002983
2.687600,2.910073,0.028136
2.687600,10.823946,0.058890
2.687600,3.198613,-0.053319
2.687600,2.688210,0.000484
2.687600,3.332832,0.063110
2.687600,9.721468,-0.087184
2.687600,2.859977,-0.023056
2.687600,2.699562,0.004307
2.687600,4.075461,0.100973
2.687600,6.207894,-0.129546
2.687600,2.755747,-0.011395
2.687600,2.769285,0.012998
2.687600,6.719572,0.127794
2.687600,3.897058,-0.093973
2.687600,2.695559,-0.003565
2.687600,2.896676,0.026783
2.687600,10.572179,0.066470
2.687600,3.229256,-0.055643
2.687600,2.689348,0.000395
2.687600,3.339178,0.063537
2.687600,9.671906,-0.088223
2.687600,2.858263,-0.022849
2.687600,2.703708,0.004802
2.687600,4.221552,0.105916
2.687600,5.874227,-0.129461
2.687600,2.747253,-0.010311
2.687600,2.787049,0.015006
2.687600,7.368846,0.122942
2.687600,3.723926,-0.086032
2.687600,2.693273,-0.002643
2.687600,2.984816,0.035229
2.687600,11.642063,0.019703
2.687600,3.075573,-0.043296
2.687600,2.692045,0.001831
2.687600,3.586567,0.078828
2.687600,8.031881,-0.115554
2.687600,2.805739,-0.017108
2.687600,2.735722,0.008871
2.687600,5.429321,0.127475
2.687600,4.470557,-0.112928
2.687600,2.710361,-0.005675
2.687600,2.844808,0.021413
2.687600,9.292220,0.095730
2.687600,3.388937,-0.066873
2.687600,2.690026,-0.000671
2.687600,3.202128,0.053575
2.687600,10.796084,-0.059774
2.687600,2.908642,-0.027965
2.687600,2.695424,0.003460
2.687600,3.879380,0.093215
2.687600,6.778110,-0.127467
2.687600,2.770923,-0.013173
2.687600,2.756521,0.011469
2.687600,6.234205,0.129507
2.687600,4.065107,-0.100595
2.687600,2.699499,-0.004245
2.687600,2.867324,0.023806
2.687600,9.910076,0.083080
2.687600,3.309314,-0.061468
2.687600,2.688748,-0.000252
2.687600,3.239358,0.056404
2.687600,10.487860,-0.068822
2.687600,2.892464,-0.026370
2.687600,2.694760,0.003503
2.687600,3.874298,0.093000
2.687600,6.795028,-0.127370
2.687600,2.771182,-0.013246
2.687600,2.750584,0.010805
2.687600,6.016195,0.129631
2.687600,4.155831,-0.103778
2.687600,2.701282,-0.004645
2.687600,2.841526,0.021142
2.687600,9.206992,0.097313
2.687600,3.400391,-0.067643
2.687600,2.687383,-0.001063
2.687600,3.105697,0.045874
2.687600,11.493007,-0.030777
2.687600,2.962390,-0.033187
2.687600,2.687555,0.002138
2.687600,3.555304,0.077100
2.687600,8.203619,-0.113295
2.687600,2.809878,-0.017753
2.687600,2.709086,0.005789
2.687600,4.465712,0.112816
2.687600,5.436498,-0.127533
2.687600,2.735123,-0.008982
2.687600,2.782007,0.014550
2.687600,7.204681,0.124416
2.687600,3.763227,-0.087955
2.687600,2.691923,-0.003072
2.687600,2.905668,0.027699
2.687600,10.745475,0.061354
2.687600,3.208227,-0.054057
2.687600,2.688230,0.000416
2.687600,3.323771,0.062483
2.687600,9.793546,-0.085643
2.687600,2.862721,-0.023341
2.687600,2.698978,0.004218
2.687600,4.052207,0.100123
2.687600,6.267385,-0.129452
2.687600,2.757300,-0.011584
2.687600,2.767251,0.012762
2.687600,6.643601,0.128181
2.687600,3.920760,-0.094968
2.687600,2.696020,-0.003673
2.687600,2.889455,0.026061
2.687600,10.424161,0.070543
2.687600,3.247019,-0.056970
2.687600,2.689071,0.000235
2.687600,3.312201,0.061668
2.687600,9.886882,-0.083597
2.687600,2.866447,-0.023707
2.687600,2.700685,0.004389
2.687600,4.107173,0.102101
2.687600,6.129882,-0.129620
2.687600,2.753860,-0.011132
2.687600,2.776321,0.013786
2.687600,6.976770,0.126187
2.687600,3.822711,-0.090708
2.687600,2.694581,-0.003171
2.687600,2.934291,0.030463
2.687600,11.189585,0.045693
2.687600,3.151777,-0.049613
2.687600,2.690978,0.001149
2.687600,3.471900,0.072134
2.687600,8.714616,-0.105736
2.687600,2.826086,-0.019372
2.687600,2.721713,0.007122
2.687600,4.897197,0.121496
2.687600,4.899587,-0.121533
2.687600,2.721777,-0.007130
2.687600,2.825993,0.019362
2.687600,8.711614,0.105784
2.687600,3.472360,-0.072163
2.687600,2.690983,-0.001152
2.687600,3.151496,0.049591
2.687600,11.191649,-0.045608
2.687600,2.934450,-0.030478
2.687600,2.694577,0.003169
2.687600,3.822390,0.090694
2.687600,6.977947,-0.126179
2.687600,2.776353,-0.013789
2.687600,2.753844,0.011130
2.687600,6.129264,0.129621
2.687600,4.107430,-0.102110
2.687600,2.700692,-0.004390
2.687600,2.866441,0.023707
2.687600,9.886728,0.083600
2.687600,3.312220,-0.061670
2.687600,2.689073,-0.000235
2.687600,3.247062,0.056973
2.687600,10.423804,-0.070553
2.687600,2.889439,-0.026059
2.687600,2.696027,0.003674
2.687600,3.921034,0.094980
2.687600,6.642740,-0.128185
2.687600,2.767228,-0.012759
2.687600,2.757339,0.011588
2.687600,6.268845,0.129449
2.687600,4.051646,-0.100102
2.687600,2.698967,-0.004216
2.687600,2.862857,0.023355
2.687600,9.797068,0.085567
2.687600,3.323331,-0.062452
2.687600,2.688236,-0.000412
2.687600,3.208867,0.054106
2.687600,10.740229,-0.061515
2.687600,2.905381,-0.027671
2.687600,2.691966,0.003079
2.687600,3.765018,0.088040
2.687600,7.197482,-0.124477
2.687600,2.781814,-0.014527
2.687600,2.735366,0.009011
2.687600,5.445616,0.127597
2.687600,4.459840,-0.112669
2.687600,2.708931,-0.005769
2.687600,2.810214,0.017790
2.687600,8.215034,0.113139
2.687600,3.553302,-0.076986
2.687600,2.687533,-0.002126
2.687600,2.963604,0.033301
2.687600,11.503088,0.030156
2.687600,3.103921,-0.045726
2.687600,2.687380,0.001076
2.687600,3.402106,0.067755
2.687600,9.194519,-0.097541
2.687600,2.841103,-0.021097
2.687600,2.701377,0.004660
2.687600,4.159599,0.103905
2.687600,6.007709,-0.129627
2.687600,2.750361,-0.010778
2.687600,2.771420,0.013274
2.687600,6.803947,0.127317
2.687600,3.871664,-0.092885
2.687600,2.694705,-0.003491
2.687600,2.893168,0.026441
2.687600,10.502330,0.068424
2.687600,3.237622,-0.056274
2.687600,2.688768,0.000267
2.687600,3.311734,0.061638
2.687600,9.890516,-0.083517
2.687600,2.866554,-0.023726
2.687600,2.699740,0.004278
2.687600,4.074315,0.100930
2.687600,6.210845,-0.129541
2.687600,2.755916,-0.011395
2.687600,2.771881,0.013283
2.687600,6.813605,0.127258
2.687600,3.868881,-0.092760
2.687600,2.695245,-0.003410
2.687600,2.912654,0.028359
2.687600,10.865432,0.057542
2.687600,3.193585,-0.052915
2.687600,2.690177,0.000751
2.687600,3.402590,0.067764
2.687600,9.192251,-0.097578
2.687600,2.841433,-0.021049
2.687600,2.712155,0.005907
2.687600,4.537929,0.114550
2.687600,5.329396,-0.126684
2.687600,2.733109,-0.008545
2.687600,2.809614,0.017541
2.687600,8.165545,0.113802
2.687600,3.562333,-0.077466
2.687600,2.691846,-0.001685
2.687600,3.092371,0.044723
2.687600,11.565769,-0.025959
2.687600,2.972162,-0.034055
2.687600,2.693542,0.002769
2.687600,3.746586,0.087140
2.687600,7.273287,-0.123816
2.687600,2.784417,-0.014707
2.687600,2.748886,0.010514
2.687600,5.937382,0.129561
2.687600,4.191661,-0.104957
2.687600,2.702917,-0.004695
2.687600,2.860304,0.023064
2.687600,9.726647,0.087073
2.687600,3.332239,-0.063060
2.687600,2.689279,-0.000354
2.687600,3.233876,0.055990
2.687600,10.533737,-0.067552
2.687600,2.894756,-0.026591
2.687600,2.695684,0.003594
2.687600,3.903441,0.094243
2.687600,6.698844,-0.127904
2.687600,2.768730,-0.012934
2.687600,2.756193,0.011449
2.687600,6.224972,0.129522
2.687600,4.068709,-0.100728
2.687600,2.699395,-0.004281
2.687600,2.860831,0.023145
2.687600,9.744008,0.086706
2.687600,3.329990,-0.062913
2.687600,2.688221,-0.000462
2.687600,3.201790,0.053563
2.687600,10.798108,-0.059713
2.687600,2.908601,-0.027990
2.687600,2.691609,0.003013
2.687600,3.749394,0.087292
2.687600,7.260987,-0.123930
2.687600,2.783524,-0.014728
2.687600,2.733410,0.008776
2.687600,5.372163,0.127046
2.687600,4.508281,-0.113859
2.687600,2.710221,-0.005936
2.687600,2.807810,0.017524
2.687600,8.132995,0.114244
2.687600,3.567842,-0.077811
2.687600,2.687722,-0.002206
2.687600,2.955834,0.032569
2.687600,11.434577,0.034155
2.687600,3.115538,-0.046691
2.687600,2.687423,0.000996
2.687600,3.391594,0.067068
2.687600,9.271435,-0.096122
2.687600,2.843728,-0.021373
2.687600,2.700875,0.004581
2.687600,4.139181,0.103214
2.687600,6.054208,-0.129642
2.687600,2.751588,-0.010924
2.687600,2.770244,0.013135
2.687600,6.759688,0.127574
2.687600,3.884846,-0.093454
2.687600,2.694991,-0.003548
2.687600,2.890064,0.026130
2.687600,10.437836,0.070178
2.687600,3.245359,-0.056850
2.687600,2.688693,0.000202
2.687600,3.301510,0.060918
2.687600,9.973434,-0.081649
2.687600,2.869848,-0.024067
2.687600,2.698768,0.004140
2.687600,4.037010,0.099556
2.687600,6.307372,-0.129371
2.687600,2.758417,-0.011703
2.687600,2.767975,0.012834
2.687600,6.668542,0.128058
2.687600,3.912901,-0.094639
2.687600,2.696022,-0.003619
2.687600,2.896706,0.026782
2.687600,10.572397,0.066464
2.687600,3.229240,-0.055640
2.687600,2.689549,0.000419
2.687600,3.345779,0.063987
2.687600,9.620271,-0.089292
2.687600,2.856379,-0.022647
2.687600,2.704917,0.004957
2.687600,4.265921,0.107290
2.687600,5.784813,-0.129247
2.687600,2.744958,-0.010022
2.687600,2.791290,0.015483
2.687600,7.521422,0.121443
2.687600,3.689416,-0.084301
2.687600,2.692947,-0.002443
2.687600,3.006828,0.037242
2.687600,11.722987,0.009261
2.687600,3.049247,-0.041018
2.687600,2.692394,0.002065
2.687600,3.625919,0.080978
2.687600,7.826110,-0.118083
2.687600,2.799860,-0.016447
2.687600,2.739739,0.009369
2.687600,5.583217,0.128432
2.687600,4.375857,-0.110457
2.687600,2.707855,-0.005343
2.687600,2.850314,0.022001
2.687600,9.450947,0.092688
2.687600,3.367766,-0.065470
2.687600,2.689853,-0.000541
2.687600,3.217370,0.054741
2.687600,10.670889,-0.063606
2.687600,2.901801,-0.027287
2.687600,2.695967,0.003575
2.687600,3.905439,0.094325
2.687600,6.692478,-0.127936
2.687600,2.768647,-0.012904
2.687600,2.758833,0.011744
2.687600,6.321775,0.129338
2.687600,4.031619,-0.099353
2.687600,2.698730,-0.004108
2.687600,2.873517,0.024439
2.687600,10.062542,0.079586
2.687600,3.290629,-0.060143
2.687600,2.688957,-0.000093
2.687600,3.264783,0.058277
2.687600,10.276198,-0.074385
2.687600,2.882676,-0.025376
2.687600,2.696906,0.003827
2.687600,3.958667,0.096517
2.687600,6.527621,-0.128691
2.687600,2.764200,-0.012397
2.687600,2.761029,0.012021
2.687600,6.407757,0.129109
2.687600,4.000196,-0.098155
2.687600,2.697834,-0.004000
2.687600,2.873989,0.024494
2.687600,10.074673,0.079300
2.687600,3.289137,-0.060038
2.687600,2.688676,-0.000115
2.687600,3.257121,0.057718
2.687600,10.339818,-0.072759
2.687600,2.885511,-0.025669
2.687600,2.695682,0.003663
2.687600,3.913496,0.094667
2.687600,6.666532,-0.128069
2.687600,2.767794,-0.012841
2.687600,2.754805,0.011302
2.687600,6.175242,0.129585
2.687600,4.088528,-0.101444
2.687600,2.699695,-0.004379
2.687600,2.852385,0.022276
2.687600,9.516994,0.091385
2.687600,3.359000,-0.064898
2.687600,2.687695,-0.000731
2.687600,3.156216,0.049994
2.687600,11.155648,-0.047077
2.687600,2.931498,-0.030238
2.687600,2.688961,0.002532
2.687600,3.635307,0.081509
2.687600,7.777645,-0.118656
2.687600,2.797669,-0.016378
2.687600,2.717912,0.006899
2.687600,4.794349,0.119788
2.687600,5.007331,-0.123122
2.687600,2.723647,-0.007598
2.687600,2.792144,0.015738
2.687600,7.578122,0.120860
2.687600,3.676844,-0.083680
2.687600,2.689917,-0.002709
2.687600,2.922803,0.029390
2.687600,11.030984,0.051830
2.687600,3.172598,-0.051292
2.687600,2.687948,0.000642
2.687600,3.350618,0.064328
2.687600,9.581864,-0.090079
2.687600,2.854768,-0.022519
2.687600,2.699969,0.004393
2.687600,4.095393,0.101688
2.687600,6.158380,-0.129601
2.687600,2.754410,-0.011243
2.687600,2.769700,0.013054
2.687600,6.736378,0.127703
2.687600,3.891919,-0.093755
2.687600,2.695362,-0.003553
2.687600,2.895210,0.026639
2.687600,10.543133,0.067290
2.687600,3.232741,-0.055906
2.687600,2.689172,0.000350
2.687600,3.329866,0.062897
2.687600,9.745419,-0.086674
2.687600,2.861000,-0.023139
2.687600,2.702386,0.004628
2.687600,4.172363,0.104324
2.687600,5.979471,-0.129605
2.687600,2.749964,-0.010651
2.687600,2.782342,0.014473
2.687600,7.197900,0.124469
2.687600,3.765070,-0.088029
2.687600,2.693751,-0.002872
2.687600,2.961540,0.033059
2.687600,11.483454,0.031345
2.687600,3.107542,-0.045995
2.687600,2.691618,0.001547
2.687600,3.538941,0.076126
2.687600,8.299799,-0.111958
2.687600,2.813548,-0.017982
2.687600,2.730261,0.008192
2.687600,5.221104,0.125665
2.687600,4.616935,-0.116315
2.687600,2.714251,-0.006179
2.687600,2.837465,0.020620
2.687600,9.072501,0.099726
2.687600,3.419299,-0.068842
2.687600,2.690328,-0.000852
2.687600,3.182082,0.052018
2.687600,10.957458,-0.054438
2.687600,2.918256,-0.028909
2.687600,2.694912,0.003329
2.687600,3.851402,0.091994
2.687600,6.873969,-0.126882
2.687600,2.773497,-0.013471
2.687600,2.754483,0.011223
2.687600,6.156287,0.129601
2.687600,4.096281,-0.101717
2.687600,2.700270,-0.004364
2.687600,2.863316,0.023392
2.687600,9.807585,0.085339
2.687600,3.322042,-0.062359
2.687600,2.688688,-0.000350
2.687600,3.224811,0.055313
2.687600,10.608800,-0.065424
2.687600,2.898471,-0.026974
2.687600,2.693785,0.003344
2.687600,3.834438,0.091245
2.687600,6.933877,-0.126488
2.687600,2.774843,-0.013686
2.687600,2.745617,0.010220
2.687600,5.829434,0.129368
2.687600,4.243345,-0.106605
2.687600,2.703410,-0.004981
2.687600,2.829738,0.019896
2.687600,8.849839,0.103542
2.687600,3.451291,-0.070890
2.687600,2.687183,-0.001448
2.687600,3.049979,0.041123
2.687600,11.721104,-0.009661
2.687600,3.005705,-0.037186
2.687600,2.687125,0.001767
2.687600,3.495464,0.073596
2.687600,8.561885,-0.108126
2.687600,2.820670,-0.018928
2.687600,2.705149,0.005252
2.687600,4.314601,0.108742
2.687600,5.691934,-0.128936
2.687600,2.741927,-0.009791
2.687600,2.776661,0.013913
2.687600,7.004143,0.125994
2.687600,3.815163,-0.090375
2.687600,2.693179,-0.003283
2.687600,2.897209,0.026854
2.687600,10.584585,0.066119
2.687600,3.227712,-0.055534
2.687600,2.688355,0.000290
2.687600,3.308205,0.061393
2.687600,9.918881,-0.082883
2.687600,2.867628,-0.023846
2.687600,2.698254,0.004097
2.687600,4.021729,0.098981
2.687600,6.348364,-0.129274
2.687600,2.759431,-0.011838
2.687600,2.764911,0.012487
2.687600,6.555595,0.128577
2.687600,3.949320,-0.096140
2.687600,2.696623,-0.003797
2.687600,2.882308,0.025341
2.687600,10.268228,0.074586
2.687600,3.265734,-0.058348
2.687600,2.688823,0.000070
2.687600,3.285309,0.059763
2.687600,10.106230,-0.078553
2.687600,2.875323,-0.024628
2.687600,2.697973,0.004007
2.687600,4.003522,0.098283
2.687600,6.398484,-0.129137
2.687600,2.760810,-0.011989
2.687600,2.765200,0.012509
2.687600,6.564390,0.128540
2.687600,3.946425,-0.096022
2.687600,2.696707,-0.003767
2.687600,2.887575,0.025868
2.687600,10.383589,0.071618
2.687600,3.251895,-0.057330
2.687600,2.689220,0.000217
2.687600,3.312159,0.061664
2.687600,9.887284,-0.083588
2.687600,2.866480,-0.023707
2.687600,2.701128,0.004441
2.687600,4.122496,0.102635
2.687600,6.093352,-0.129636
2.687600,2.752934,-0.011013
2.687600,2.778393,0.014020
2.687600,7.052574,0.125632
2.687600,3.802352,-0.089777
2.687600,2.694321,-0.003062
2.687600,2.944932,0.031484
2.687600,11.318983,0.040007
2.687600,3.133519,-0.048135
2.687600,2.691316,0.001322
2.687600,3.501952,0.073951
2.687600,8.523061,-0.108707
2.687600,2.820227,-0.018723
2.687600,2.725855,0.007639
2.687600,5.053459,0.123728
2.687600,4.753533,-0.119041
2.687600,2.717901,-0.006640
2.687600,2.831974,0.020019
2.687600,8.902050,0.102664
2.687600,3.443824,-0.070395
2.687600,2.690677,-0.000985
2.687600,3.169397,0.051018
2.687600,11.056786,-0.050879
2.687600,2.924745,-0.029539
2.687600,2.694912,0.003281
2.687600,3.844329,0.091679
2.687600,6.898914,-0.126720
2.687600,2.774209,-0.013544
2.687600,2.755126,0.011289
2.687600,6.178964,0.129579
2.687600,4.087082,-0.101388
2.687600,2.700153,-0.004316
2.687600,2.867902,0.023859
2.687600,9.923885,0.082770
2.687600,3.307624,-0.061347
2.687600,2.689011,-0.000209
2.687600,3.249589,0.057161
2.687600,10.402713,-0.071114
2.687600,2.888444,-0.025960
2.687600,2.696035,0.003682
2.687600,3.922411,0.095037
2.687600,6.638405,-0.128206
2.687600,2.767106,-0.012747
2.687600,2.757229,0.011577
2.687600,6.264979,0.129456
2.687600,4.053131,-0.100157
2.687600,2.698984,-0.004224
2.687600,2.862051,0.023273
2.687600,9.776183,0.086017
2.687600,3.325944,-0.062634
2.687600,2.688182,-0.000438
2.687600,3.204524,0.053773
2.687600,10.775778,-0.060415
2.687600,2.907342,-0.027866
2.687600,2.691650,0.003028
2.687600,3.752136,0.087424
2.687600,7.249717,-0.124028
2.687600,2.783214,-0.014693
2.687600,2.733580,0.008798
2.687600,5.378745,0.127099
2.687600,4.503832,-0.113752
2.687600,2.710095,-0.005921
2.687600,2.807793,0.017523
2.687600,8.132573,0.114249
2.687600,3.567916,-0.077816
2.687600,2.687700,-0.002209
2.687600,2.955049,0.032495
2.687600,11.427137,0.034561
2.687600,3.116741,-0.046790
2.687600,2.687398,0.000984
2.687600,3.389537,0.066933
2.687600,9.286603,-0.095839
2.687600,2.844245,-0.021429
2.687600,2.700650,0.004551
2.687600,4.130803,0.102927
2.687600,6.073652,-0.129642
2.687600,2.752092,-0.010986
2.687600,2.769478,0.013047
2.687600,6.731246,0.127732
2.687600,3.893457,-0.093822
2.687600,2.695151,-0.003588
2.687600,2.887196,0.025842
2.687600,10.376776,0.071798
2.687600,3.252679,-0.057392
2.687600,2.688576,0.000136
2.687600,3.290323,0.060124
2.687600,10.064880,-0.079531
2.687600,2.873572,-0.024453
2.687600,2.697636,0.003980
2.687600,3.993843,0.097909
2.687600,6.425609,-0.129054
2.687600,2.761479,-0.012080
2.687600,2.763096,0.012271
2.687600,6.486765,0.128846
2.687600,3.972535,-0.097071
2.687600,2.697158,-0.003892
2.687600,2.877933,0.024897
2.687600,10.168081,0.077064
2.687600,3.277808,-0.059224
2.687600,2.688717,-0.000029
2.687600,3.269742,0.058640
2.687600,10.234900,-0.075420
2.687600,2.880828,-0.025193
2.687600,2.696611,0.003806
2.687600,3.950542,0.096190
2.687600,6.551900,-0.128593
2.687600,2.764798,-0.012477
2.687600,2.759104,0.011803
2.687600,6.336542,0.129304
2.687600,4.026093,-0.099147
2.687600,2.698320,-0.004119
2.687600,2.865742,0.023654
2.687600,9.871403,0.083941
2.687600,3.314072,-0.061806
2.687600,2.688239,-0.000346
2.687600,3.218123,0.054811
2.687600,10.663993,-0.063812
2.687600,2.901292,-0.027264
2.687600,2.692421,0.003163
2.687600,3.784900,0.088978
2.687600,7.118952,-0.125120
2.687600,2.779708,-0.014278
2.687600,2.737790,0.009301
2.687600,5.536747,0.128181
2.687600,4.403198,-0.111203
2.687600,2.707433,-0.005571
2.687600,2.813464,0.018147
2.687600,8.324593,0.111616
2.687600,3.534422,-0.075898
2.687600,2.687332,-0.002017
2.687600,2.975122,0.034378
2.687600,11.587535,0.024349
2.687600,3.087745,-0.044367
2.687600,2.687316,0.001187
2.687600,3.416650,0.068695
2.687600,9.089968,-0.099422
2.687600,2.837590,-0.020727
2.687600,2.702019,0.004761
2.687600,4.185908,0.104776
2.687600,5.949609,-0.129579
2.687600,2.748821,-0.010596
2.687600,2.772719,0.013429
2.687600,6.852986,0.127017
2.687600,3.857362,-0.092261
2.687600,2.694379,-0.003432
2.687600,2.896036,0.026728
2.687600,10.560423,0.066804
2.687600,3.230643,-0.055751
2.687600,2.688803,0.000321
2.687600,3.319916,0.062210
2.687600,9.824664,-0.084967
2.687600,2.863989,-0.023459
2.687600,2.700463,0.004382
2.687600,4.102207,0.101927
2.687600,6.141865,-0.129613
2.687600,2.754127,-0.011175
2.687600,2.774582,0.013593
2.687600,6.913679,0.126622
2.687600,3.840165,-0.091494
2.687600,2.694765,-0.003269
2.687600,2.923967,0.029465
2.687600,11.045356,0.051301
2.687600,3.170871,-0.051136
2.687600,2.690558,0.000961
2.687600,3.438382,0.070053
2.687600,8.939314,-0.102034
2.687600,2.833155,-0.020150
2.687600,2.716909,0.006517
2.687600,4.716724,0.118346
2.687600,5.096402,-0.124268
2.687600,2.726978,-0.007782
2.687600,2.818293,0.018510
2.687600,8.459163,0.109661
2.687600,3.512308,-0.074567
2.687600,2.691374,-0.001388
2.687600,3.125373,0.047469
2.687600,11.373324,-0.037366
2.687600,2.949938,-0.031961
2.687600,2.694071,0.002995
2.687600,3.788435,0.089131
2.687600,7.105796,-0.125221
2.687600,2.779827,-0.014187
2.687600,2.751569,0.010849
2.687600,6.041505,0.129638
2.687600,4.144786,-0.103400
2.687600,2.701663,-0.004528
2.687600,2.863161,0.023365
2.687600,9.802201,0.085455
2.687600,3.322739,-0.062404
2.687600,2.689122,-0.000304
2.687600,3.238189,0.056314
2.687600,10.497761,-0.068549
2.687600,2.892979,-0.026415
2.687600,2.695581,0.003595
2.687600,3.901872,0.094177
2.687600,6.703900,-0.127877
2.687600,2.768840,-0.012952
2.687600,2.755352,0.011355
2.687600,6.194018,0.129564
2.687600,4.080987,-0.101173
2.687600,2.699631,-0.004336
2.687600,2.857169,0.022768
2.687600,9.646922,0.088744
2.687600,3.342283,-0.063760
2.687600,2.688023,-0.000573
2.687600,3.183233,0.052126
2.687600,10.947445,-0.054788
2.687600,2.917442,-0.028864
2.687600,2.690440,0.002811
2.687600,3.700281,0.084872
2.687600,7.471484,-0.121953
2.687600,2.789220,-0.015398
2.687600,2.726698,0.007969
2.687600,5.121236,0.124573
2.687600,4.695805,-0.117947
2.687600,2.715248,-0.006572
2.687600,2.800398,0.016692
2.687600,7.875005,0.117508
2.687600,3.616042,-0.080475
2.687600,2.688523,-0.002449
2.687600,2.935727,0.030648
2.687600,11.211457,0.044787
2.687600,3.148618,-0.049386
2.687600,2.687553,0.000770
2.687600,3.362071,0.065106
2.687600,9.493365,-0.091855
2.687600,2.851518,-0.022189
2.687600,2.699413,0.004353
2.687600,4.079721,0.101128
2.687600,6.197128,-0.129560
2.687600,2.755350,-0.011374
2.687600,2.766291,0.012671
2.687600,6.611114,0.128335
2.687600,3.931135,-0.095399
2.687600,2.695980,-0.003748
2.687600,2.878771,0.024990
2.687600,10.188496,0.076566
2.687600,3.275321,-0.059047
2.687600,2.688341,-0.000055
2.687600,3.259995,0.057932
2.687600,10.315743,-0.073379
2.687600,2.884385,-0.025562
2.687600,2.695009,0.003592
2.687600,3.891675,0.093747
2.687600,6.737067,-0.127700
2.687600,2.769597,-0.013069
2.687600,2.750899,0.010852
2.687600,6.029720,0.129637
2.687600,4.149854,-0.103577
2.687600,2.701048,-0.004633
2.687600,2.839598,0.020943
2.687600,9.150622,0.098337
2.687600,3.408166,-0.068149
2.687600,2.687199,-0.001140
2.687600,3.092220,0.044746
2.687600,11.565537,-0.025986
2.687600,2.971837,-0.034074
2.687600,2.687196,0.002026
2.687600,3.533339,0.075836
2.687600,8.330930,-0.111526
2.687600,2.813629,-0.018170
2.687600,2.706694,0.005484
2.687600,4.376982,0.110497
2.687600,5.580968,-0.128427
2.687600,2.738933,-0.009445
2.687600,2.777764,0.014057
2.687600,7.047671,0.125673
2.687600,3.803502,-0.089843
2.687600,2.692725,-0.003256
2.687600,2.893687,0.026508
2.687600,10.514524,0.068088
2.687600,3.236116,-0.056168
2.687600,2.687969,0.000184
2.687600,3.287122,0.059900
2.687600,10.090917,-0.078917
2.687600,2.874588,-0.024571
2.687600,2.695724,0.003749
2.687600,3.926951,0.095228
2.687600,6.624067,-0.128275
2.687600,2.766575,-0.012718
2.687600,2.753276,0.011140
2.687600,6.120729,0.129628
2.687600,4.110891,-0.102237
2.687600,2.700041,-0.004489
2.687600,2.843113,0.021316
2.687600,9.254561,0.096436
2.687600,3.393872,-0.067219
2.687600,2.687162,-0.001043
2.687600,3.104936,0.045812
2.687600,11.497288,-0.030515
2.687600,2.962888,-0.033237
2.687600,2.687228,0.002096
2.687600,3.543847,0.076445
2.687600,8.269383,-0.112391
2.687600,2.811782,-0.017971
2.687600,2.707097,0.005544
2.687600,4.393293,0.110939
2.687600,5.553281,-0.128276
2.687600,2.738181,-0.009359
2.687600,2.777904,0.014078
2.687600,7.053654,0.125628
2.687600,3.801913,-0.089770
2.687600,2.692623,-0.003256
2.687600,2.891956,0.026336
2.687600,10.479172,0.069060
2.687600,3.240353,-0.056485
2.687600,2.687832,0.000137
2.687600,3.278406,0.059274
2.687600,10.162743,-0.077195
2.687600,2.877610,-0.024883
2.687600,2.694803,0.003619
2.687600,3.892029,0.093764
2.687600,6.735832,-0.127708
2.687600,2.769489,-0.013074
2.687600,2.748782,0.010616
2.687600,5.952218,0.129582
2.687600,4.184679,-0.104737
2.687600,2.701777,-0.004780
2.687600,2.831185,0.020060
2.687600,8.896337,0.102766
2.687600,3.444418,-0.070462
2.687600,2.686885,-0.001434
2.687600,3.047073,0.040871
2.687600,11.726901,-0.008468
2.687600,3.008277,-0.037421
2.687600,2.686802,0.001710
2.687600,3.481989,0.072783
2.687600,8.647435,-0.106804
2.687600,2.823271,-0.019218
2.687600,2.703093,0.004993
2.687600,4.239582,0.106490
2.687600,5.836979,-0.129387
2.687600,2.745697,-0.010257
2.687600,2.771122,0.013277
2.687600,6.799054,0.127348
2.687600,3.873060,-0.092950
2.687600,2.694244,-0.003555
2.687600,2.877436,0.024869
2.687600,10.159198,0.077281
2.687600,3.278823,-0.059306
2.687600,2.687616,-0.000166
2.687600,3.232924,0.055932
2.687600,10.540941,-0.067353
2.687600,2.894955,-0.026641
2.687600,2.691733,0.003130
2.687600,3.768367,0.088202
2.687600,7.183967,-0.124591
2.687600,2.781361,-0.014493
2.687600,2.733232,0.008772
2.687600,5.368303,0.127016
2.687600,4.510881,-0.113922
2.687600,2.710185,-0.005957
2.687600,2.804465,0.017166
2.687600,8.020098,0.115712
2.687600,3.588428,-0.078965
2.687600,2.687686,-0.002354
2.687600,2.935238,0.030607
2.687600,11.205659,0.045031
2.687600,3.149393,-0.049453
2.687600,2.687060,0.000706
2.687600,3.345051,0.063956
2.687600,9.624828,-0.089201
2.687600,2.856231,-0.022695
2.687600,2.696654,0.003995
2.687600,3.979165,0.097338
2.687600,6.467330,-0.128918
2.687600,2.762325,-0.012238
2.687600,2.754551,0.011315
2.687600,6.172833,0.129589
2.687600,4.089453,-0.101480
2.687600,2.699300,-0.004431
2.687600,2.839299,0.020926
2.687600,9.143726,0.098462
2.687600,3.409096,-0.068213
2.687600,2.686738,-0.001201
2.687600,3.076503,0.043416
2.687600,11.637422,-0.020154
2.687600,2.983602,-0.035169
2.687600,2.686553,0.001863
2.687600,3.499507,0.073843
2.687600,8.536295,-0.108515
2.687600,2.819777,-0.018854
2.687600,2.702519,0.004952
2.687600,4.223482,0.105987
2.687600,5.869884,-0.129458
2.687600,2.746480,-0.010370
2.687600,2.767781,0.012903
2.687600,6.676606,0.128021
2.687600,3.910259,-0.094538
2.687600,2.694832,-0.003740
2.687600,2.861883,0.023287
2.687600,9.775987,0.086023
2.687600,3.325893,-0.062641
2.687600,2.686853,-0.000593
2.687600,3.161551,0.050426
2.687600,11.115321,-0.048666
2.687600,2.928509,-0.029960
2.687600,2.687578,0.002392
2.687600,3.591946,0.079162
2.687600,8.001150,-0.115953
2.687600,2.803884,-0.017109
2.687600,2.709552,0.005888
2.687600,4.489133,0.113396
2.687600,5.400686,-0.127270
2.687600,2.734059,-0.008879
2.687600,2.779552,0.014290
2.687600,7.118096,0.125128
2.687600,3.785081,-0.088990
2.687600,2.691982,-0.003216
2.687600,2.887326,0.025879
2.687600,10.382286,0.071655
2.687600,3.251952,-0.057349
2.687600,2.687322,-0.000006
2.687600,3.250157,0.057216
2.687600,10.397240,-0.071261
2.687600,2.888021,-0.025950
2.687600,2.691890,0.003200
2.687600,3.781191,0.088808
2.687600,7.133260,-0.125007
2.687600,2.779958,-0.014338
2.687600,2.733588,0.008823
2.687600,5.383012,0.127133
2.687600,4.500933,-0.113683
2.687600,2.709869,-0.005929
2.687600,2.803366,0.017051
2.687600,7.983129,0.116180
2.687600,3.595323,-0.079348
2.687600,2.687632,-0.002409
2.687600,2.927032,0.029817
2.687600,11.094397,0.049470
2.687600,3.164307,-0.050645
2.687600,2.686848,0.000573
2.687600,3.322929,0.062435
2.687600,9.799652,-0.085513
2.687600,2.862790,-0.023381
2.687600,2.694641,0.003711
2.687600,3.902734,0.094221
2.687600,6.700799,-0.127896
2.687600,2.768417,-0.012979
2.687600,2.745646,0.010272
2.687600,5.838481,0.129391
2.687600,4.238818,-0.106467
2.687600,2.702906,-0.005009
2.687600,2.818175,0.018681
2.687600,8.484079,0.109300
2.687600,3.507923,-0.074345
2.687600,2.686582,-0.001919
2.687600,2.976498,0.034512
2.687600,11.596514,0.023649
2.687600,3.085823,-0.044209
2.687600,2.686758,0.001135
2.687600,3.400183,0.067634
2.687600,9.208226,-0.097291
2.687600,2.841477,-0.021155
2.687600,2.698882,0.004366
2.687600,4.072531,0.100871
2.687600,6.215106,-0.129538
2.687600,2.755665,-0.011448
2.687600,2.761170,0.012102
2.687600,6.423696,0.129063
2.687600,3.994450,-0.097937
2.687600,2.697009,-0.004057
2.687600,2.853467,0.022408
2.687600,9.549514,0.090734
2.687600,3.354739,-0.064615
2.687600,2.686987,-0.000784
2.687600,3.137549,0.048497
2.687600,11.289907,-0.041359
2.687600,2.942094,-0.031267
2.687600,2.687349,0.002264
2.687600,3.569844,0.077927
2.687600,8.121693,-0.114394
2.687600,2.807398,-0.017496
2.687600,2.708133,0.005697
2.687600,4.434877,0.112034
2.687600,5.485017,-0.127864
2.687600,2.736324,-0.009146
2.687600,2.778201,0.014125
2.687600,7.066698,0.125529
2.687600,3.798459,-0.089612
2.687600,2.692376,-0.003262
2.687600,2.887355,0.025879
2.687600,10.382572,0.071647
2.687600,3.251926,-0.057345
2.687600,2.687481,0.000012
2.687600,3.255348,0.057598
2.687600,10.354054,-0.072392
2.687600,2.886040,-0.025746
2.687600,2.692558,0.003293
2.687600,3.806095,0.089964
2.687600,7.037829,-0.125747
2.687600,2.777431,-0.014033
2.687600,2.737243,0.009256
2.687600,5.519550,0.128080
2.687600,4.413586,-0.111479
2.687600,2.707569,-0.005623
2.687600,2.808590,0.017627
2.687600,8.162410,0.113852
2.687600,3.562560,-0.077516
2.687600,2.687261,-0.002223
2.687600,2.946205,0.031659
2.687600,11.336543,0.039180
2.687600,3.130726,-0.047941
2.687600,2.686997,0.000835
2.687600,3.362018,0.065106
2.687600,9.493526,-0.091853
2.687600,2.851450,-0.022197
2.687600,2.697488,0.004128
2.687600,4.013215,0.098661
2.687600,6.371443,-0.129216
2.687600,2.759804,-0.011936
2.687600,2.757468,0.011659
2.687600,6.282931,0.129424
2.687600,4.046189,-0.099904
2.687600,2.698276,-0.004259
2.687600,2.846290,0.021659
2.687600,9.347763,0.094685
2.687600,3.381276,-0.066392
2.687600,2.686891,-0.000985
2.687600,3.108478,0.046109
2.687600,11.476802,-0.031750
2.687600,2.960460,-0.033011
2.687600,2.686860,0.002070
2.687600,3.534095,0.075882
2.687600,8.326330,-0.111592
2.687600,2.813425,-0.018162
2.687600,2.704952,0.005283
2.687600,4.315952,0.108783
2.687600,5.689380,-0.128927
2.687600,2.741723,-0.009798
2.687600,2.772684,0.013479
2.687600,6.860690,0.126971
2.687600,3.855075,-0.092166
2.687600,2.693604,-0.003506
2.687600,2.873867,0.024514
2.687600,10.075736,0.079277
2.687600,3.288924,-0.060035
2.687600,2.687169,-0.000291
2.687600,3.208364,0.054076
2.687600,10.743917,-0.061404
2.687600,2.905489,-0.027699
2.687600,2.689646,0.002806
2.687600,3.686241,0.084165
2.687600,7.534690,-0.121314
2.687600,2.790828,-0.015612
2.687600,2.721459,0.007358
2.687600,4.929980,0.122009
2.687600,4.866974,-0.121022
2.687600,2.719760,-0.007151
2.687600,2.792368,0.015792
2.687600,7.590826,0.120727
2.687600,3.674071,-0.083542
2.687600,2.689349,-0.002756
2.687600,2.907460,0.027895
2.687600,10.779559,0.060298
2.687600,3.204008,-0.053742
2.687600,2.687108,0.000315
2.687600,3.291301,0.060205
2.687600,10.056189,-0.079737
2.687600,2.873049,-0.024432
2.687600,2.693568,0.003508
2.687600,3.854725,0.092151
2.687600,6.861898,-0.126963
2.687600,2.772706,-0.013483
2.687600,2.741420,0.009764
2.687600,5.678240,0.128882
2.687600,4.322017,-0.108958
2.687600,2.705098,-0.005306
2.687600,2.812577,0.018071
2.687600,8.298126,0.111990
2.687600,3.538893,-0.076161
2.687600,2.686871,-0.002103
2.687600,2.956232,0.032613
2.687600,11.438666,0.033930
2.687600,3.114847,-0.046638
2.687600,2.686863,0.000935
2.687600,3.373840,0.065899
2.687600,9.403587,-0.093614
2.687600,2.848239,-0.021864
2.687600,2.697734,0.004181
2.687600,4.025253,0.099120
2.687600,6.338635,-0.129301
2.687600,2.758921,-0.011835
2.687600,2.757836,0.011707
2.687600,6.297523,0.129394
2.687600,4.040641,-0.099698
2.687600,2.698103,-0.004242
2.687600,2.845879,0.021617
2.687600,9.336249,0.094904
2.687600,3.382814,-0.066494
2.687600,2.686818,-0.001004
2.687600,3.104643,0.045791
2.687600,11.498869,-0.030418
2.687600,2.963056,-0.033256
2.687600,2.686729,0.002036
2.687600,3.526986,0.075469
2.687600,8.368483,-0.110991
2.687600,2.814676,-0.018301
2.687600,2.704124,0.005177
2.687600,4.285439,0.107887
2.687600,5.746661,-0.129135
2.687600,2.743221,-0.009981
2.687600,2.770772,0.013257
2.687600,6.789489,0.127405
2.687600,3.875865,-0.093074
2.687600,2.694027,-0.003599
2.687600,2.868091,0.023926
2.687600,9.934535,0.082533
2.687600,3.306197,-0.061263
2.687600,2.686969,-0.000438
2.687600,3.184733,0.052252
2.687600,10.935109,-0.055213
2.687600,2.916590,-0.028797
2.687600,2.688411,0.002578
2.687600,3.632655,0.081372
2.687600,7.790669,-0.118506
2.687600,2.797919,-0.016431
2.687600,2.714397,0.006493
2.687600,4.668333,0.117398
2.687600,5.154991,-0.124963
2.687600,2.727511,-0.008088
2.687600,2.785671,0.015006
2.687600,7.344862,0.123173
2.687600,3.729313,-0.086318
2.687600,2.690716,-0.002979
2.687600,2.899135,0.027064
2.687600,10.624080,0.064983
2.687600,3.222901,-0.055179
2.687600,2.687379,0.000210
2.687600,3.281136,0.059475
2.687600,10.139989,-0.077746
2.687600,2.876592,-0.024788
2.687600,2.693733,0.003501
2.687600,3.856506,0.092229
2.687600,6.855748,-0.127002
2.687600,2.772584,-0.013460
2.687600,2.742778,0.009918
2.687600,5.728167,0.129071
2.687600,4.295177,-0.108175
2.687600,2.704458,-0.005203
2.687600,2.816428,0.018485
2.687600,8.425404,0.110165
2.687600,3.517537,-0.074912
2.687600,2.686840,-0.001956
2.687600,2.975544,0.034421
2.687600,11.590396,0.024128
2.687600,3.087129,-0.044318
2.687600,2.686950,0.001148
2.687600,3.405177,0.067958
2.687600,9.172076,-0.097950
2.687600,2.840283,-0.021023
2.687600,2.699905,0.004494
2.687600,4.109353,0.102184
2.687600,6.124393,-0.129627
2.687600,2.753327,-0.011157
2.687600,2.765147,0.012560
2.687600,6.571951,0.128510
2.687600,3.943864,-0.095923
2.687600,2.695981,-0.003834
2.687600,2.867212,0.023821
2.687600,9.910721,0.083067
2.687600,3.309168,-0.061467
2.687600,2.687567,-0.000389
2.687600,3.201199,0.053523
2.687600,10.802654,-0.059569
2.687600,2.908802,-0.028021
2.687600,2.690210,0.002848
2.687600,3.701761,0.084948
2.687600,7.464793,-0.122020
2.687600,2.788968,-0.015384
2.687600,2.724961,0.007772
2.687600,5.058636,0.123803
2.687600,4.748772,-0.118962
2.687600,2.716611,-0.006756
2.687600,2.796786,0.016293
2.687600,7.748709,0.118989
2.687600,3.641129,-0.081821
2.687600,2.688772,-0.002595
2.687600,2.920054,0.029131
2.687600,10.989715,0.053313
2.687600,3.177845,-0.051710
2.687600,2.687260,0.000523
2.687600,3.322737,0.062418
2.687600,9.801374,-0.085475
2.687600,2.862906,-0.023383
2.687600,2.695906,0.003858
2.687600,3.946054,0.096013
2.687600,6.565264,-0.128539
2.687600,2.764923,-0.012544
2.687600,2.752154,0.011028
2.687600,6.081646,0.129643
2.687600,4.127348,-0.102811
2.687600,2.700254,-0.004574
2.687600,2.835023,0.020473
2.687600,9.014949,0.100739
2.687600,3.427245,-0.069378
2.687600,2.686732,-0.001330
2.687600,3.058742,0.041888
2.687600,11.699299,-0.013222
2.687600,2.998053,-0.036495
2.687600,2.686584,0.001760
2.687600,3.485437,0.072995
2.687600,8.625234,-0.107151
2.687600,2.822541,-0.019148
2.687600,2.702204,0.004895
2.687600,4.209363,0.105537
2.687600,5.899356,-0.129510
2.687600,2.747284,-0.010460
2.687600,2.767791,0.012898
2.687600,6.675961,0.128024
2.687600,3.910469,-0.094546
2.687600,2.694913,-0.003732
2.687600,2.864220,0.023525
2.687600,9.836077,0.084720
2.687600,3.318394,-0.062118
2.687600,2.687024,-0.000519
2.687600,3.174465,0.051447
2.687600,11.016099,-0.052371
2.687600,2.921748,-0.029300
2.687600,2.688219,0.002517
2.687600,3.620709,0.080731
2.687600,7.850971,-0.117797
2.687600,2.799629,-0.016624
2.687600,2.713324,0.006356
2.687600,4.628061,0.116562
2.687600,5.206251,-0.125519
2.687600,2.728894,-0.008253
2.687600,2.784821,0.014903
2.687600,7.312883,0.123466
2.687600,3.736883,-0.086688
2.687600,2.690947,-0.003004
2.687600,2.899392,0.027087
2.687600,10.628847,0.064844
2.687600,3.222332,-0.055135
2.687600,2.687492,0.000228
2.687600,3.285420,0.059782
2.687600,10.104711,-0.078590
2.687600,2.875114,-0.024635
2.687600,2.694298,0.003578
2.687600,3.877442,0.093140
2.687600,6.784259,-0.127434
2.687600,2.770714,-0.013232
2.687600,2.745670,0.010257
2.687600,5.836525,0.129386
2.687600,4.239802,-0.106497
2.687600,2.703072,-0.004997
2.687600,2.822440,0.019131
2.687600,8.620991,0.107217
2.687600,3.486113,-0.073034
2.687600,2.686763,-0.001744
2.687600,3.003114,0.036954
2.687600,11.714550,0.010855
2.687600,3.052887,-0.041379
2.687600,2.686870,0.001390
2.687600,3.437876,0.070050
2.687600,8.941179,-0.102008
2.687600,2.832634,-0.020215
2.687600,2.701377,0.004723
2.687600,4.169131,0.104225
2.687600,5.986360,-0.129614
2.687600,2.749679,-0.010724
2.687600,2.768503,0.012958
2.687600,6.698821,0.127906
2.687600,3.903385,-0.094245
2.687600,2.695046,-0.003668
2.687600,2.874835,0.024601
2.687600,10.097406,0.078764
2.687600,3.286321,-0.059844
2.687600,2.687743,-0.000205
2.687600,3.229563,0.055678
2.687600,10.568945,-0.066564
2.687600,2.896364,-0.026780
2.687600,2.691862,0.003134
2.687600,3.771205,0.088336
2.687600,7.172690,-0.124684
2.687600,2.781076,-0.014456
2.687600,2.734092,0.008872
2.687600,5.400022,0.127264
2.687600,4.489586,-0.113407
2.687600,2.709637,-0.005881
2.687600,2.806071,0.017342
2.687600,8.075157,0.115004
2.687600,3.578292,-0.078401
2.687600,2.687600,-0.002293
2.687600,2.942090,0.031264
2.687600,11.289727,0.041367
2.687600,3.137582,-0.048498
2.687600,2.687139,0.000802
2.687600,3.359703,0.064949
2.687600,9.511345,-0.091499
2.687600,2.852108,-0.022262
2.687600,2.697834,0.004164
2.687600,4.024445,0.099088
2.687600,6.340855,-0.129295
2.687600,2.759030,-0.011837
2.687600,2.759240,0.011862
2.687600,6.348823,0.129275
2.687600,4.021505,-0.098976
2.687600,2.697765,-0.004152
2.687600,2.852587,0.022312
2.687600,9.524597,0.091234
2.687600,3.357980,-0.064833
2.687600,2.687150,-0.000788
2.687600,3.139632,0.048664
2.687600,11.275429,-0.042012
2.687600,2.940879,-0.031148
2.687600,2.687655,0.002309
2.687600,3.581401,0.078574
2.687600,8.058180,-0.115224
2.687600,2.805581,-0.017287
2.687600,2.709972,0.005924
2.687600,4.502026,0.113709
2.687600,5.381406,-0.127120
2.687600,2.733598,-0.008812
2.687600,2.781562,0.014513
2.687600,7.190685,0.124534
2.687600,3.766693,-0.088122
2.687600,2.691764,-0.003115
2.687600,2.897465,0.026890
2.687600,10.590746,0.065943
2.687600,3.226939,-0.055481
2.687600,2.687756,0.000225
2.687600,3.289396,0.060064
2.687600,10.072125,-0.079362
2.687600,2.873782,-0.024493
2.687600,2.695274,0.003703
2.687600,3.912388,0.094624
2.687600,6.669937,-0.128053
2.687600,2.767746,-0.012866
2.687600,2.750741,0.010848
2.687600,6.026273,0.129637
2.687600,4.151353,-0.103629
2.687600,2.700950,-0.004654
2.687600,2.835228,0.020489
2.687600,9.020350,0.100645
2.687600,3.426485,-0.069328
2.687600,2.686912,-0.001304
2.687600,3.065256,0.042450
2.687600,11.679252,-0.015803
2.687600,2.992623,-0.035997
2.687600,2.686782,0.001823
2.687600,3.497721,0.073734
2.687600,8.547564,-0.108344
2.687600,2.820166,-0.018887
2.687600,2.703576,0.005072
2.687600,4.260013,0.107120
2.687600,5.796105,-0.129284
2.687600,2.744592,-0.010131
2.687600,2.771435,0.013320
2.687600,6.811804,0.127272
2.687600,3.869296,-0.092787
2.687600,2.694082,-0.003548
2.687600,2.875821,0.024708
2.687600,10.121589,0.078188
2.687600,3.283370,-0.059635
2.687600,2.687458,-0.000217
2.687600,3.223268,0.055206
2.687600,10.621078,-0.065070
2.687600,2.898988,-0.027048
2.687600,2.690913,0.003003
2.687600,3.736152,0.086652
2.687600,7.315947,-0.123438
2.687600,2.784899,-0.014914
2.687600,2.728667,0.008226
2.687600,5.197900,0.125431
2.687600,4.634510,-0.116698
2.687600,2.713493,-0.006378
2.687600,2.799269,0.016584
2.687600,7.838374,0.117947
2.687600,3.623184,-0.080864
2.687600,2.688250,-0.002531
2.687600,2.920399,0.029169
2.687600,10.995389,0.053112
2.687600,3.177110,-0.051655
2.687600,2.687001,0.000498
2.687600,3.314974,0.061879
2.687600,9.863569,-0.084116
2.687600,2.865289,-0.023636
2.687600,2.694640,0.003692
2.687600,3.899943,0.094103
2.687600,6.709862,-0.127848
2.687600,2.768679,-0.013005
2.687600,2.746036,0.010314
2.687600,5.852487,0.129422
2.687600,4.231945,-0.106253
2.687600,2.702767,-0.004980
2.687600,2.819949,0.018870
2.687600,8.541551,0.108436
2.687600,3.498670,-0.073792
2.687600,2.686609,-0.001850
2.687600,2.986195,0.035408
2.687600,11.650577,0.018893
2.687600,3.073206,-0.043134
2.687600,2.686780,0.001230
2.687600,3.413894,0.068522
2.687600,9.109368,-0.099078
2.687600,2.838155,-0.020803
2.687600,2.699731,0.004490
2.687600,4.105671,0.102055
2.687600,6.133237,-0.129622
2.687600,2.753521,-0.011189
2.687600,2.763777,0.012407
2.687600,6.521707,0.128716
2.687600,3.960585,-0.096599
2.687600,2.696260,-0.003915
2.687600,2.860748,0.023160
2.687600,9.745009,0.086686
2.687600,3.329807,-0.062908
2.687600,2.687232,-0.000577
2.687600,3.169951,0.051089
2.687600,11.051236,-0.051089
2.687600,2.924100,-0.029526
2.687600,2.688488,0.002532
2.687600,3.627256,0.081081
2.687600,7.817837,-0.118189
2.687600,2.798726,-0.016514
2.687600,2.714959,0.006551
2.687600,4.687412,0.117781
2.687600,5.131442,-0.124693
2.687600,2.726918,-0.008008
2.687600,2.787367,0.015195
2.687600,7.405745,0.122597
2.687600,3.715178,-0.085619
2.687600,2.690548,-0.002901
2.687600,2.906989,0.027840
2.687600,10.770283,0.060587
2.687600,3.205169,-0.053827
2.687600,2.687651,0.000370
2.687600,3.307901,0.061377
2.687600,9.921023,-0.082836
2.687600,2.867631,-0.023863
2.687600,2.696148,0.003851
2.687600,3.949156,0.096137
2.687600,6.555939,-0.128577
2.687600,2.764741,-0.012508
2.687600,2.754267,0.011265
2.687600,6.159356,0.129601
2.687600,4.094950,-0.101675
2.687600,2.699590,-0.004434
2.687600,2.843370,0.021346
2.687600,9.262503,0.096289
2.687600,3.392785,-0.067149
2.687600,2.687059,-0.001047
2.687600,3.102696,0.045626
2.687600,11.509875,-0.029731
2.687600,2.964417,-0.033381
2.687600,2.687064,0.002065
2.687600,3.536741,0.076035
2.687600,8.310829,-0.111811
2.687600,2.812997,-0.018108
2.687600,2.706078,0.005417
2.687600,4.356024,0.109920
2.687600,5.617308,-0.128610
2.687600,2.739857,-0.009565
2.687600,2.775718,0.013826
2.687600,6.972764,0.126220
2.687600,3.823660,-0.090764
2.687600,2.693037,-0.003357
2.687600,2.884910,0.025630
2.687600,10.328995,0.073040
2.687600,3.258364,-0.057818
2.687600,2.687605,-0.000019
2.687600,3.252961,0.057421
2.687600,10.374001,-0.071872
2.687600,2.886971,-0.025838
2.687600,2.692741,0.003307
2.687600,3.811338,0.090203
2.687600,7.018235,-0.125892
2.687600,2.776927,-0.013970
2.687600,2.738383,0.009389
2.687600,5.561877,0.128324
2.687600,4.388188,-0.110802
2.687600,2.706921,-0.005531
2.687600,2.810828,0.017871
2.687600,8.237929,0.112826
2.687600,3.549285,-0.076758
2.687600,2.687177,-0.002140
2.687600,2.956111,0.032599
2.687600,11.437401,0.034000
2.687600,3.115062,-0.046654
2.687600,2.687065,0.000957
2.687600,3.380283,0.066325
2.687600,9.355270,-0.094541
2.687600,2.846575,-0.021684
2.687600,2.698850,0.004324
2.687600,4.065726,0.100623
2.687600,6.232427,-0.129512
2.687600,2.756180,-0.011496
2.687600,2.762432,0.012238
2.687600,6.469178,0.128911
2.687600,3.978541,-0.097313
2.687600,2.696787,-0.003976
2.687600,2.860926,0.023174
2.687600,9.749120,0.086598
2.687600,3.329300,-0.062872
2.687600,2.687409,-0.000552
2.687600,3.176187,0.051579
2.687600,11.002777,-0.052848
2.687600,2.920910,-0.029213
2.687600,2.689007,0.002616
2.687600,3.648159,0.082191
2.687600,7.714327,-0.119378
2.687600,2.795847,-0.016180
2.687600,2.718047,0.006928
2.687600,4.801340,0.119912
2.687600,4.999643,-0.123017
2.687600,2.723390,-0.007579
2.687600,2.790837,0.015598
2.687600,7.532557,0.121335
2.687600,3.686729,-0.084187
2.687600,2.689920,-0.002777
2.687600,2.913663,0.028499
2.687600,10.886059,0.056864
2.687600,3.190897,-0.052726
2.687600,2.687619,0.000470
2.687600,3.321264,0.062313
2.687600,9.813324,-0.085215
2.687600,2.863409,-0.023427
2.687600,2.696918,0.003972
2.687600,3.980310,0.097382
2.687600,6.464100,-0.128928
2.687600,2.762333,-0.012218
2.687600,2.757345,0.011626
2.687600,6.275243,0.129438
2.687600,4.049148,-0.100013
2.687600,2.698532,-0.004249
2.687600,2.851598,0.022204
2.687600,9.496525,0.091793
2.687600,3.361644,-0.065079
2.687600,2.687306,-0.000796
2.687600,3.141068,0.048779
2.687600,11.265387,-0.042460
2.687600,2.940051,-0.031067
2.687600,2.687942,0.002349
2.687600,3.591923,0.079157
2.687600,8.001417,-0.115949
2.687600,2.803970,-0.017102
2.687600,2.711708,0.006137
2.687600,4.565509,0.115192
2.687600,5.290255,-0.126343
2.687600,2.731192,-0.008517
2.687600,2.784443,0.014845
2.687600,7.296542,0.123613
2.687600,3.740804,-0.086877
2.687600,2.691268,-0.002994
2.687600,2.905862,0.027723
2.687600,10.749474,0.061231
2.687600,3.207725,-0.054021
2.687600,2.687936,0.000385
2.687600,3.314661,0.061850
2.687600,9.866522,-0.084050
2.687600,2.865515,-0.023637
2.687600,2.697447,0.004019
2.687600,3.996232,0.098003
2.687600,6.418795,-0.129077
2.687600,2.761201,-0.012069
2.687600,2.760431,0.011978
2.687600,6.389663,0.129164
2.687600,4.006655,-0.098407
2.687600,2.697688,-0.004061
2.687600,2.863590,0.023439
2.687600,9.817198,0.085131
2.687600,3.320795,-0.062278
2.687600,2.687879,-0.000436
2.687600,3.199794,0.053412
2.687600,10.814216,-0.059201
2.687600,2.909487,-0.028083
2.687600,2.690805,0.002913
2.687600,3.721188,0.085916
2.687600,7.379750,-0.122845
2.687600,2.786693,-0.015109
2.687600,2.728586,0.008203
2.687600,5.192783,0.125376
2.687600,4.638496,-0.116782
2.687600,2.713670,-0.006384
2.687600,2.801253,0.016795
2.687600,7.906283,0.117130
2.687600,3.609974,-0.080147
2.687600,2.688265,-0.002437
2.687600,2.933274,0.030414
2.687600,11.179751,0.046102
2.687600,3.152945,-0.049735
2.687600,2.687348,0.000714
2.687600,3.350893,0.064352
2.687600,9.579462,-0.090128
2.687600,2.854603,-0.022518
2.687600,2.697979,0.004162
2.687600,4.026692,0.099172
2.687600,6.334819,-0.129309
2.687600,2.758909,-0.011814
2.687600,2.760520,0.012005
2.687600,6.395821,0.129146
2.687600,4.004419,-0.098322
2.687600,2.697456,-0.004073
2.687600,2.858394,0.022910
2.687600,9.681792,0.088019
2.687600,3.337812,-0.063458
2.687600,2.687447,-0.000609
2.687600,3.169004,0.051013
2.687600,11.058619,-0.050815
2.687600,2.924616,-0.029574
2.687600,2.688863,0.002572
2.687600,3.639328,0.081724
2.687600,7.757644,-0.118887
2.687600,2.797066,-0.016318
2.687600,2.717229,0.006825
2.687600,4.770592,0.119363
2.687600,5.033792,-0.123479
2.687600,2.724320,-0.007689
2.687600,2.790354,0.015539
2.687600,7.514404,0.121521
2.687600,3.690725,-0.084390
2.687600,2.690068,-0.002788
2.687600,2.914599,0.028589
2.687600,10.901480,0.056350
2.687600,3.188981,-0.052576
2.687600,2.687727,0.000497
2.687600,3.326764,0.062694
2.687600,9.769443,-0.086163
2.687600,2.861738,-0.023251
2.687600,2.697619,0.004067
2.687600,4.006331,0.098395
2.687600,6.390545,-0.129161
2.687600,2.760429,-0.011983
2.687600,2.760450,0.011986
2.687600,6.391319,0.129159
2.687600,4.006052,-0.098384
2.687600,2.697613,-0.004066
2.687600,2.861788,0.023256
2.687600,9.770752,0.086135
2.687600,3.326599,-0.062683
2.687600,2.687729,-0.000495
2.687600,3.189189,0.052593
2.687600,10.899808,-0.056406
2.687600,2.914498,-0.028580
2.687600,2.690078,0.002790
2.687600,3.691194,0.084414
2.687600,7.512279,-0.121543
2.687600,2.790296,-0.015532
2.687600,2.724381,0.007696
2.687600,5.036081,0.123509
2.687600,4.768563,-0.119326
2.687600,2.717174,-0.006818
2.687600,2.797119,0.016324
2.687600,7.759560,0.118865
2.687600,3.638940,-0.081703
2.687600,2.688854,-0.002570
2.687600,2.924689,0.029581
2.687600,11.059694,0.050775
2.687600,3.168865,-0.051002
2.687600,2.687444,0.000610
2.687600,3.337863,0.063462
2.687600,9.681389,-0.088028
2.687600,2.858379,-0.022909
2.687600,2.697450,0.004072
2.687600,4.004243,0.098315
2.687600,6.396312,-0.129145
2.687600,2.760533,-0.012006
2.687600,2.758879,0.011810
2.687600,6.333683,0.129312
2.687600,4.027113,-0.099188
2.687600,2.697988,-0.004164
2.687600,2.854489,0.022506
2.687600,9.576343,0.090191
2.687600,3.351294,-0.064379
2.687600,2.687343,-0.000718
2.687600,3.152382,0.049690
2.687600,11.183888,-0.045933
2.687600,2.933587,-0.030444
2.687600,2.688243,0.002432
2.687600,3.608897,0.080089
2.687600,7.911877,-0.117062
2.687600,2.801412,-0.016813
2.687600,2.713537,0.006367
2.687600,4.633561,0.116678
2.687600,5.199143,-0.125444
2.687600,2.728756,-0.008224
2.687600,2.786535,0.015091
2.687600,7.373949,0.122900
2.687600,3.722535,-0.085982
2.687600,2.690836,-0.002918
2.687600,2.909193,0.028054
2.687600,10.809063,0.059366
2.687600,3.200428,-0.053461
2.687600,2.687881,0.000432
2.687600,3.320217,0.062238
2.687600,9.821838,-0.085030
2.687600,2.863770,-0.023458
2.687600,2.697655,0.004056
2.687600,4.005304,0.098354
2.687600,6.393415,-0.129153
2.687600,2.760529,-0.011989
2.687600,2.761076,0.012054
2.687600,6.414113,0.129091
2.687600,3.997896,-0.098068
2.687600,2.697483,-0.004026
2.687600,2.865136,0.023599
2.687600,9.856883,0.084262
2.687600,3.315857,-0.061933
2.687600,2.687922,-0.000396
2.687600,3.206061,0.053893
2.687600,10.763099,-0.060810
2.687600,2.906613,-0.027798
2.687600,2.691163,0.002976
2.687600,3.736424,0.086664
2.687600,7.314890,-0.123447
2.687600,2.784938,-0.014903
2.687600,2.730601,0.008446
2.687600,5.268136,0.126136
2.687600,4.581588,-0.115552
2.687600,2.712139,-0.006191
2.687600,2.803316,0.017028
2.687600,7.978636,0.116236
2.687600,3.596196,-0.079393
2.687600,2.688012,-0.002370
2.687600,2.938247,0.030894
2.687600,11.243367,0.043425
2.687600,3.144173,-0.049030
2.687600,2.687312,0.000774
2.687600,3.358649,0.064877
2.687600,9.519519,-0.091335
2.687600,2.852425,-0.022291
2.687600,2.698358,0.004223
2.687600,4.042190,0.099754
2.687600,6.293500,-0.129402
2.687600,2.757823,-0.011684
2.687600,2.761743,0.012149
2.687600,6.441917,0.129003
2.687600,3.988051,-0.097686
2.687600,2.697087,-0.004005
2.687600,2.861680,0.023249
2.687600,9.768480,0.086184
2.687600,3.326875,-0.062703
2.687600,2.687555,-0.000518
2.687600,3.183292,0.052135
2.687600,10.946796,-0.054811
2.687600,2.917363,-0.028864
2.687600,2.689522,0.002703
2.687600,3.669311,0.083294
2.687600,7.613203,-0.120488
2.687600,2.793054,-0.015856
2.687600,2.721086,0.007298
2.687600,4.913910,0.121764
2.687600,4.882719,-0.121275
2.687600,2.720246,-0.007196
2.687600,2.793841,0.015947
2.687600,7.641718,0.120180
2.687600,3.663270,-0.082981
2.687600,2.689379,-0.002678
2.687600,2.918490,0.028974
2.687600,10.964819,0.054187
2.687600,3.181015,-0.051957
2.687600,2.687521,0.000530
2.687600,3.328071,0.062786
2.687600,9.758943,-0.086388
2.687600,2.861313,-0.023212
2.687600,2.697059,0.004004
2.687600,3.987488,0.097664
2.687600,6.443516,-0.128998
2.687600,2.761779,-0.012154
2.687600,2.757606,0.011659
2.687600,6.285510,0.129418
2.687600,4.045225,-0.099867
2.687600,2.698416,-0.004236
2.687600,2.851511,0.022196
2.687600,9.494234,0.091838
2.687600,3.361941,-0.065099
2.687600,2.687267,-0.000803
2.687600,3.139514,0.048654
2.687600,11.276296,-0.041973
2.687600,2.940960,-0.031155
2.687600,2.687847,0.002331
2.687600,3.587772,0.078928
2.687600,8.023696,-0.115666
2.687600,2.804605,-0.017174
2.687600,2.711130,0.006065
2.687600,4.544232,0.114705
2.687600,5.320111,-0.126610
2.687600,2.731984,-0.008613
2.687600,2.783583,0.014745
2.687600,7.264895,0.123896
2.687600,3.748431,-0.087246
2.687600,2.691422,-0.003029
2.687600,2.903635,0.027503
2.687600,10.708620,0.062478
2.687600,3.212696,-0.054401
2.687600,2.687904,0.000346
2.687600,3.308581,0.061423
2.687600,9.915633,-0.082957
2.687600,2.867446,-0.023838
2.687600,2.696942,0.003945
2.687600,3.976680,0.097238
2.687600,6.474622,-0.128891
2.687600,2.762654,-0.012246
2.687600,2.758291,0.011729
2.687600,6.309475,0.129367
2.687600,4.036170,-0.099528
2.687600,2.698322,-0.004186
2.687600,2.856744,0.022735
2.687600,9.636881,0.088952
2.687600,3.343540,-0.063849
2.687600,2.687597,-0.000632
2.687600,3.168221,0.050949
2.687600,11.064708,-0.050588
2.687600,2.925042,-0.029613
2.687600,2.689120,0.002599
2.687600,3.647540,0.082157
2.687600,7.717388,-0.119343
2.687600,2.795962,-0.016187
2.687600,2.718801,0.007014
2.687600,4.828264,0.120377
2.687600,4.970559,-0.122606
2.687600,2.722634,-0.007481
2.687600,2.792327,0.015765
2.687600,7.585784,0.120780
2.687600,3.675185,-0.083596
2.687600,2.689766,-0.002715
2.687600,2.919586,0.029078
2.687600,10.981786,0.053592
2.687600,3.178877,-0.051787
2.687600,2.687757,0.000574
2.687600,3.337997,0.063468
2.687600,9.680477,-0.088046
2.687600,2.858384,-0.022902
2.687600,2.698473,0.004192
2.687600,4.039533,0.099653
2.687600,6.300575,-0.129386
2.687600,2.758086,-0.011698
2.687600,2.763765,0.012371
2.687600,6.515477,0.128739
2.687600,3.962730,-0.096682
2.687600,2.696703,-0.003878
2.687600,2.872652,0.024367
2.687600,10.043667,0.080028
2.687600,3.292887,-0.060310
2.687600,2.688183,-0.000200
2.687600,3.237348,0.056258
2.687600,10.504359,-0.068369
2.687600,2.893211,-0.026456
2.687600,2.693300,0.003326
2.687600,3.823604,0.090759
2.687600,6.973061,-0.126217
2.687600,2.775810,-0.013818
2.687600,2.742234,0.009832
2.687600,5.704230,0.128983
2.687600,4.307962,-0.108549
2.687600,2.704945,-0.005231
2.687600,2.820202,0.018880
2.687600,8.547114,0.108351
2.687600,3.497812,-0.073737
2.687600,2.687065,-0.001791
2.687600,3.001529,0.036807
2.687600,11.710062,0.011601
2.687600,3.054735,-0.041537
2.687600,2.687138,0.001408
2.687600,3.444835,0.070486
2.687600,8.893608,-0.102811
2.687600,2.831137,-0.020046
2.687600,2.702874,0.004909
2.687600,4.223033,0.105970
2.687600,5.870914,-0.129458
2.687600,2.746702,-0.010352
2.687600,2.773493,0.013530
2.687600,6.883680,0.126822
2.687600,3.848558,-0.091874
2.687600,2.694055,-0.003409
2.687600,2.893972,0.026526
2.687600,10.519235,0.067957
2.687600,3.235580,-0.056123
2.687600,2.688544,0.000255
2.687600,3.306457,0.061269
2.687600,9.933144,-0.082562
2.687600,2.868217,-0.023903
2.687600,2.698688,0.004143
2.687600,4.036049,0.099521
2.687600,6.309910,-0.129365
2.687600,2.758459,-0.011713
2.687600,2.767190,0.012747
2.687600,6.639904,0.128199
2.687600,3.921946,-0.095017
2.687600,2.696146,-0.003666
2.687600,2.892330,0.026346
2.687600,10.483965,0.068927
2.687600,3.239855,-0.056436
2.687600,2.689314,0.000315
2.687600,3.327354,0.062722
2.687600,9.765465,-0.086246
2.687600,2.861779,-0.023217
2.687600,2.702631,0.004651
2.687600,4.180015,0.104576
2.687600,5.962664,-0.129589
2.687600,2.749551,-0.010594
2.687600,2.783677,0.014622
2.687600,7.246070,0.124056
2.687600,3.753198,-0.087459
2.687600,2.693649,-0.002802
2.687600,2.969384,0.033795
2.687600,11.545878,0.027357
2.687600,3.096245,-0.045049
2.687600,2.691828,0.001654
2.687600,3.557711,0.077204
2.687600,8.191670,-0.113449
2.687600,2.810381,-0.017626
2.687600,2.732707,0.008494
2.687600,5.313833,0.126548
2.687600,4.548885,-0.114803
2.687600,2.712454,-0.005944
2.687600,2.841137,0.021016
2.687600,9.183230,0.097742
2.687600,3.403838,-0.067845
2.687600,2.690225,-0.000754
2.687600,3.193930,0.052941
2.687600,10.862665,-0.057632
2.687600,2.912495,-0.028343
2.687600,2.695364,0.003425
2.687600,3.873115,0.092943
2.687600,6.799238,-0.127343
2.687600,2.771509,-0.013236
2.687600,2.756619,0.011476
2.687600,6.237084,0.129503
2.687600,4.063986,-0.100553
2.687600,2.699525,-0.004234
2.687600,2.869124,0.023988
2.687600,9.954837,0.082071
2.687600,3.303806,-0.061079
2.687600,2.688895,-0.000195
2.687600,3.249632,0.057165
2.687600,10.402305,-0.071125
2.687600,2.888413,-0.025959
2.687600,2.695753,0.003649
2.687600,3.912743,0.094635
2.687600,6.668958,-0.128057
2.687600,2.767890,-0.012845
2.687600,2.755644,0.011395
2.687600,6.205902,0.129549
2.687600,4.076240,-0.101002
2.687600,2.699470,-0.004323
2.687600,2.856401,0.022691
2.687600,9.626501,0.089166
2.687600,3.344886,-0.063939
2.687600,2.687918,-0.000604
2.687600,3.177275,0.051660
2.687600,10.994445,-0.053144
2.687600,2.920412,-0.029157
2.687600,2.690020,0.002739
2.687600,3.682890,0.083990
2.687600,7.550200,-0.121152
2.687600,2.791368,-0.015650
2.687600,2.724215,0.007669
2.687600,5.028804,0.123413
2.687600,4.775034,-0.119443
2.687600,2.717382,-0.006836
2.687600,2.797937,0.016411
2.687600,7.787599,0.118541
2.687600,3.633305,-0.081403
2.687600,2.688876,-0.002528
2.687600,2.930687,0.030160
2.687600,11.144692,0.047513
2.687600,3.157682,-0.050112
2.687600,2.687626,0.000712
2.687600,3.355220,0.064643
2.687600,9.546086,-0.090802
2.687600,2.853426,-0.022387
2.687600,2.699202,0.004314
2.687600,4.070305,0.100788
2.687600,6.220852,-0.129529
2.687600,2.755983,-0.011448
2.687600,2.765866,0.012619
2.687600,6.594798,0.128409
2.687600,3.936423,-0.095616
2.687600,2.696116,-0.003768
2.687600,2.878198,0.024932
2.687600,10.175168,0.076892
2.687600,3.276932,-0.059164
2.687600,2.688352,-0.000065
2.687600,3.258758,0.057841
2.687600,10.326048,-0.073115
2.687600,2.884852,-0.025609
2.687600,2.694962,0.003583
2.687600,3.889549,0.093656
2.687600,6.744069,-0.127662
2.687600,2.769783,-0.013091
2.687600,2.750702,0.010828
2.687600,6.022282,0.129634
2.687600,4.153129,-0.103688
2.687600,2.701129,-0.004645
2.687600,2.839186,0.020900
2.687600,9.138356,0.098558
2.687600,3.409871,-0.068260
2.687600,2.687194,-0.001153
2.687600,3.090390,0.044592
2.687600,11.574659,-0.025320
2.687600,2.973168,-0.034198
2.687600,2.687180,0.002014
2.687600,3.531387,0.075722
2.687600,8.342481,-0.111362
2.687600,2.813974,-0.018208
2.687600,2.706560,0.005466
2.687600,4.371861,0.110357
2.687600,5.589769,-0.128472
2.687600,2.739167,-0.009473
2.687600,2.777567,0.014034
2.687600,7.040276,0.125728
2.687600,3.805465,-0.089933
2.687600,2.692771,-0.003264
2.687600,2.893320,0.026471
2.687600,10.507013,0.068296
2.687600,3.237018,-0.056235
2.687600,2.687968,0.000177
2.687600,3.286191,0.059833
2.687600,10.098577,-0.078736
2.687600,2.874909,-0.024603
2.687600,2.695663,0.003740
2.687600,3.924483,0.095126
2.687600,6.631775,-0.128239
2.687600,2.766777,-0.012742
2.687600,2.753001,0.011108
2.687600,6.110386,0.129633
2.687600,4.115216,-0.102388
2.687600,2.700142,-0.004506
2.687600,2.842386,0.021240
2.687600,9.233338,0.096829
2.687600,3.396766,-0.067409
2.687600,2.687142,-0.001066
2.687600,3.101478,0.045524
2.687600,11.516647,-0.029301
2.687600,2.965268,-0.033460
2.687600,2.687173,0.002071
2.687600,3.539505,0.076194
2.687600,8.294668,-0.112038
2.687600,2.812531,-0.018053
2.687600,2.706716,0.005494
2.687600,4.378999,0.110552
2.687600,5.577509,-0.128408
2.687600,2.738822,-0.009436
2.687600,2.777257,0.014002
2.687600,7.029556,0.125808
2.687600,3.808315,-0.090064
2.687600,2.692760,-0.003284
2.687600,2.890347,0.026175
2.687600,10.445638,0.069969
2.687600,3.244376,-0.056784
2.687600,2.687800,0.000104
2.687600,3.273326,0.058907
2.687600,10.204775,-0.076167
2.687600,2.879418,-0.025068
2.687600,2.694409,0.003559
2.687600,3.876542,0.093100
2.687600,6.787332,-0.127416
2.687600,2.770841,-0.013237
2.687600,2.746875,0.010391
2.687600,5.880567,0.129477
2.687600,4.218361,-0.105823
2.687600,2.702601,-0.004909
2.687600,2.826830,0.019597
2.687600,8.760295,0.105009
2.687600,3.464677,-0.071723
2.687600,2.686853,-0.001581
2.687600,3.026536,0.039059
2.687600,11.746090,0.000277
2.687600,3.027804,-0.039171
2.687600,2.686856,0.001572
2.687600,3.463454,0.071647
2.687600,8.768387,-0.104878
2.687600,2.827087,-0.019624
2.687600,2.702559,0.004902
2.687600,4.216599,0.105767
2.687600,5.884239,-0.129484
2.687600,2.746974,-0.010403
2.687600,2.770792,0.013231
2.687600,6.785432,0.127427
2.687600,3.877107,-0.093124
2.687600,2.694426,-0.003561
2.687600,2.879442,0.025070
2.687600,10.205302,0.076154
2.687600,3.273263,-0.058903
2.687600,2.687808,-0.000103
2.687600,3.244696,0.056808
2.687600,10.442973,-0.070041
2.687600,2.890221,-0.026162
2.687600,2.692796,0.003290
2.687600,3.809692,0.090127
2.687600,7.024407,-0.125846
2.687600,2.777121,-0.013986
2.687600,2.739020,0.009459
2.687600,5.584927,0.128447
2.687600,4.374670,-0.110434
2.687600,2.706604,-0.005479
2.687600,2.812867,0.018090
2.687600,8.305902,0.111880
2.687600,3.537587,-0.076083
2.687600,2.687160,-0.002060
2.687600,2.966665,0.033591
2.687600,11.527601,0.028591
2.687600,3.099474,-0.045356
2.687600,2.687142,0.001080
2.687600,3.398834,0.067544
2.687600,9.218231,-0.097107
2.687600,2.841872,-0.021186
2.687600,2.700268,0.004525
2.687600,4.120177,0.102561
2.687600,6.098600,-0.129638
2.687600,2.752693,-0.011071
2.687600,2.767144,0.012785
2.687600,6.645545,0.128173
2.687600,3.920099,-0.094944
2.687600,2.695571,-0.003721
2.687600,2.876024,0.024717
2.687600,10.124990,0.078105
2.687600,3.282988,-0.059603
2.687600,2.688009,-0.000149
2.687600,3.241530,0.056571
2.687600,10.469449,-0.069325
2.687600,2.891505,-0.026288
2.687600,2.693111,0.003317
2.687600,3.819017,0.090552
2.687600,6.989856,-0.126098
2.687600,2.776231,-0.013874
2.687600,2.740966,0.009686
2.687600,5.657242,0.128792
2.687600,4.333601,-0.109288
2.687600,2.705572,-0.005328
2.687600,2.817035,0.018540
2.687600,8.443852,0.109894
2.687600,3.514520,-0.074732
2.687600,2.687078,-0.001907
2.687600,2.985994,0.035386
2.687600,11.649479,0.019001
2.687600,3.073503,-0.043157
2.687600,2.687154,0.001272
2.687600,3.425953,0.069292
2.687600,9.024191,-0.100578
2.687600,2.835391,-0.020499
2.687600,2.701905,0.004764
2.687600,4.184427,0.104728
2.687600,5.952804,-0.129582
2.687600,2.748867,-0.010610
2.687600,2.771494,0.013294
2.687600,6.808506,0.127290
2.687600,3.870307,-0.092828
2.687600,2.694535,-0.003502
2.687600,2.889084,0.026035
2.687600,10.417565,0.070720
2.687600,3.247778,-0.057031
2.687600,2.688448,0.000156
2.687600,3.291047,0.060177
2.687600,10.058884,-0.079672
2.687600,2.873309,-0.024429
2.687600,2.697325,0.003946
2.687600,3.983407,0.097501
2.687600,6.455300,-0.128957
2.687600,2.762234,-0.012176
2.687600,2.761439,0.012082
2.687600,6.425214,0.129056
2.687600,3.993975,-0.097914
2.687600,2.697564,-0.003990
2.687600,2.871212,0.024215
2.687600,10.007959,0.080857
2.687600,3.297261,-0.060620
2.687600,2.688381,-0.000208
2.687600,3.239426,0.056412
2.687600,10.487137,-0.068842
2.687600,2.892393,-0.026370
2.687600,2.693887,0.003401
2.687600,3.844545,0.091697
2.687600,6.897805,-0.126730
2.687600,2.773843,-0.013577
2.687600,2.745551,0.010220
2.687600,5.828257,0.129366
2.687600,4.243920,-0.106623
2.687600,2.703360,-0.004991
2.687600,2.827701,0.019682
2.687600,8.786636,0.104581
2.687600,3.460718,-0.071476
2.687600,2.687065,-0.001529
2.687600,3.037105,0.039994
2.687600,11.741195,-0.004281
2.687600,3.017511,-0.038251
2.687600,2.687031,0.001669
2.687600,3.479980,0.072659
2.687600,8.660466,-0.106600
2.687600,2.823718,-0.019258
2.687600,2.704077,0.005104
2.687600,4.273545,0.107529
2.687600,5.769655,-0.129206
2.687600,2.743978,-0.010038
2.687600,2.774597,0.013672
2.687600,6.927043,0.126535
2.687600,3.836324,-0.091331
2.687600,2.693627,-0.003375
2.687600,2.891777,0.026311
2.687600,10.474661,0.069183
2.687600,3.240916,-0.056524
2.687600,2.688237,0.000181
2.687600,3.291067,0.060180
2.687600,10.058619,-0.079679
2.687600,2.873275,-0.024430
2.687600,2.696734,0.003877
2.687600,3.963104,0.096697
2.687600,6.514380,-0.128743
2.687600,2.763745,-0.012366
2.687600,2.758365,0.011729
2.687600,6.310826,0.129364
2.687600,4.035673,-0.099509
2.687600,2.698402,-0.004174
2.687600,2.859665,0.023033
2.687600,9.714419,0.087333
2.687600,3.333700,-0.063172
2.687600,2.687827,-0.000535
2.687600,3.185352,0.052293
2.687600,10.930514,-0.055368
2.687600,2.916377,-0.028763
2.687600,2.690132,0.002782
2.687600,3.690987,0.084403
2.687600,7.513239,-0.121533
2.687600,2.790337,-0.015534
2.687600,2.724771,0.007741
2.687600,5.050146,0.123694
2.687600,4.756184,-0.119099
2.687600,2.716854,-0.006776
2.687600,2.797898,0.016410
2.687600,7.786894,0.118550
2.687600,3.633440,-0.081411
2.687600,2.688794,-0.002539
2.687600,2.927975,0.029899
2.687600,11.107088,0.048983
2.687600,3.162669,-0.050510
2.687600,2.687506,0.000662
2.687600,3.346206,0.064032
2.687600,9.616006,-0.089382
2.687600,2.855963,-0.022656
2.687600,2.698201,0.004178
2.687600,4.032834,0.099403
2.687600,6.318358,-0.129348
2.687600,2.758507,-0.011759
2.687600,2.761890,0.012160
2.687600,6.446436,0.128988
2.687600,3.986474,-0.097623
2.687600,2.697120,-0.003991
2.687600,2.864140,0.023500
2.687600,9.831845,0.084812
2.687600,3.318961,-0.062152
2.687600,2.687734,-0.000440
2.687600,3.196910,0.053191
2.687600,10.837566,-0.058452
2.687600,2.910819,-0.028217
2.687600,2.690387,0.002853
2.687600,3.705575,0.085139
2.687600,7.447901,-0.122187
2.687600,2.788531,-0.015328
2.687600,2.726111,0.007907
2.687600,5.100791,0.124329
2.687600,4.712795,-0.118279
2.687600,2.715661,-0.006634
2.687600,2.798481,0.016482
2.687600,7.808505,0.118298
2.687600,3.629116,-0.081180
2.687600,2.688601,-0.002531
2.687600,2.925932,0.029703
2.687600,11.077988,0.050091
2.687600,3.166479,-0.050814
2.687600,2.687344,0.000615
2.687600,3.337016,0.063404
2.687600,9.688019,-0.087889
2.687600,2.858614,-0.022936
2.687600,2.697075,0.004027
2.687600,3.991015,0.097802
2.687600,6.433464,-0.129031
2.687600,2.761487,-0.012126
2.687600,2.757106,0.011606
2.687600,6.267533,0.129453
2.687600,4.052097,-0.100122
2.687600,2.698520,-0.004271
2.687600,2.848555,0.021891
2.687600,9.411651,0.093457
2.687600,3.372786,-0.065827
2.687600,2.687102,-0.000899
2.687600,3.123570,0.047355
2.687600,11.383785,-0.036843
2.687600,2.950655,-0.032082
2.687600,2.687331,0.002198
2.687600,3.560202,0.077381
2.687600,8.175736,-0.113673
2.687600,2.809001,-0.017668
2.687600,2.707929,0.005662
2.687600,4.425831,0.111799
2.687600,5.499597,-0.127957
2.687600,2.736735,-0.009190
2.687600,2.778583,0.014163
2.687600,7.079893,0.125427
2.687600,3.795007,-0.089451
2.687600,2.692390,-0.003236
2.687600,2.890981,0.026241
2.687600,10.459169,0.069604
2.687600,3.242746,-0.056664
2.687600,2.687683,0.000102
2.687600,3.271136,0.058749
2.687600,10.222874,-0.075720
2.687600,2.880194,-0.025149
2.687600,2.693967,0.003502
2.687600,3.860590,0.092407
2.687600,6.841663,-0.127089
2.687600,2.772257,-0.013410
2.687600,2.744535,0.010118
2.687600,5.792965,0.129275
2.687600,4.261612,-0.107168
2.687600,2.703663,-0.005073
2.687600,2.821434,0.019020
2.687600,8.588161,0.107724
2.687600,3.491282,-0.073346
2.687600,2.686848,-0.001770
2.687600,3.000855,0.036748
2.687600,11.708111,0.011912
2.687600,3.055494,-0.041605
2.687600,2.686950,0.001380
2.687600,3.437838,0.070047
2.687600,8.941478,-0.102002
2.687600,2.832657,-0.020214
2.687600,2.701712,0.004762
2.687600,4.180787,0.104609
2.687600,5.960710,-0.129591
2.687600,2.749024,-0.010640
2.687600,2.769780,0.013104
2.687600,6.746100,0.127651
2.687600,3.888918,-0.093631
2.687600,2.694786,-0.003600
2.687600,2.879918,0.025115
2.687600,10.215856,0.075894
2.687600,3.271998,-0.058810
2.687600,2.687972,-0.000075
2.687600,3.251301,0.057295
2.687600,10.387993,-0.071504
2.687600,2.887655,-0.025900
2.687600,2.693565,0.003399
2.687600,3.838699,0.091438
2.687600,6.918512,-0.126593
2.687600,2.774332,-0.013649
2.687600,2.743165,0.009948
2.687600,5.740192,0.129112
2.687600,4.288857,-0.107987
2.687600,2.704414,-0.005166
2.687600,2.820628,0.018929
2.687600,8.561439,0.108133
2.687600,3.495524,-0.073600
2.687600,2.686972,-0.001785
2.687600,3.000765,0.036739
2.687600,11.707823,0.011956
2.687600,3.055610,-0.041614
2.687600,2.687058,0.001392
2.687600,3.441305,0.070265
2.687600,8.917698,-0.102406
2.687600,2.831903,-0.020131
2.687600,2.702351,0.004842
2.687600,4.203912,0.105360
2.687600,5.910952,-0.129528
2.687600,2.747739,-0.010481
2.687600,2.771882,0.013345
2.687600,6.824007,0.127197
2.687600,3.865755,-0.092630
2.687600,2.694364,-0.003491
2.687600,2.887880,0.025916
2.687600,10.392112,0.071395
2.687600,3.250824,-0.057258
2.687600,2.688305,0.000117
2.687600,3.283331,0.059625
2.687600,10.122296,-0.078169
2.687600,2.875943,-0.024702
2.687600,2.696407,0.003819
2.687600,3.948919,0.096126
2.687600,6.556738,-0.128573
2.687600,2.764863,-0.012499
2.687600,2.757140,0.011584
2.687600,6.264540,0.129458
2.687600,4.053279,-0.100164
2.687600,2.698809,-0.004245
2.687600,2.856481,0.022704
2.687600,9.629324,0.089108
2.687600,3.344514,-0.063915
2.687600,2.687725,-0.000624
2.687600,3.171403,0.051200
2.687600,11.040182,-0.051495
2.687600,2.923397,-0.029451
2.687600,2.689457,0.002651
2.687600,3.660684,0.082845
2.687600,7.654068,-0.120045
2.687600,2.794216,-0.015983
2.687600,2.720835,0.007261
2.687600,4.903483,0.121602
2.687600,4.893054,-0.121439
2.687600,2.720555,-0.007226
2.687600,2.794482,0.016014
2.687600,7.663720,0.119940
2.687600,3.658662,-0.082740
2.687600,2.689410,-0.002642
2.687600,2.923799,0.029490
2.687600,11.046196,0.051274
2.687600,3.170626,-0.051139
2.687600,2.687713,0.000628
2.687600,3.344907,0.063942
2.687600,9.626248,-0.089171
2.687600,2.856366,-0.022692
2.687600,2.698796,0.004244
2.687600,4.052954,0.100152
2.687600,6.265382,-0.129456
2.687600,2.757160,-0.011587
2.687600,2.764772,0.012489
2.687600,6.553415,0.128587
2.687600,3.950021,-0.096170
2.687600,2.696426,-0.003824
2.687600,2.875515,0.024659
2.687600,10.112207,0.078411
2.687600,3.284553,-0.059713
2.687600,2.688282,-0.000129
2.687600,3.248866,0.057113
2.687600,10.408425,-0.070963
2.687600,2.888639,-0.025994
2.687600,2.694192,0.003465
2.687600,3.859061,0.092338
2.687600,6.847030,-0.127055
2.687600,2.772486,-0.013418
2.687600,2.746859,0.010377
2.687600,5.877894,0.129472
2.687600,4.219660,-0.105863
2.687600,2.702735,-0.004902
2.687600,2.829832,0.019911
2.687600,8.853554,0.103480
2.687600,3.450731,-0.070856
2.687600,2.687034,-0.001461
2.687600,3.045753,0.040754
2.687600,11.729310,-0.007918
2.687600,3.009484,-0.037529
2.687600,2.686970,0.001721
2.687600,3.486349,0.073047
2.687600,8.619576,-0.107238
2.687600,2.822432,-0.019122
2.687600,2.704056,0.005111
2.687600,4.274252,0.107550
2.687600,5.768272,-0.129202
2.687600,2.743919,-0.010036
2.687600,2.773970,0.013603
2.687600,6.904468,0.126686
2.687600,3.842649,-0.091614
2.687600,2.693690,-0.003411
2.687600,2.887972,0.025931
2.687600,10.394658,0.071328
2.687600,3.250505,-0.057236
2.687600,2.688041,0.000088
2.687600,3.275042,0.059030
2.687600,10.190665,-0.076514
2.687600,2.878833,-0.025003
2.687600,2.695158,0.003651
2.687600,3.902853,0.094222
2.687600,6.700579,-0.127896
2.687600,2.768593,-0.012959
2.687600,2.750901,0.010860
2.687600,6.031051,0.129638
2.687600,4.149260,-0.103558
2.687600,2.700966,-0.004638
2.687600,2.837574,0.020733
2.687600,9.090654,0.099410
2.687600,3.416537,-0.068690
2.687600,2.687054,-0.001217
2.687600,3.079427,0.043663
2.687600,11.625221,-0.021256
2.687600,2.981367,-0.034960
2.687600,2.686959,0.001927
2.687600,3.515413,0.074786
2.687600,8.438357,-0.109975
2.687600,2.816845,-0.018525
2.687600,2.705002,0.005263
2.687600,4.313793,0.108719
2.687600,5.693393,-0.128942
2.687600,2.741892,-0.009804
2.687600,2.774432,0.013669
2.687600,6.923741,0.126558
2.687600,3.837224,-0.091373
2.687600,2.693410,-0.003407
2.687600,2.884161,0.025552
2.687600,10.312221,0.073471
2.687600,3.260385,-0.057965
2.687600,2.687707,-0.000022
2.687600,3.254265,0.057516
2.687600,10.363180,-0.072154
2.687600,2.886482,-0.025787
2.687600,2.693068,0.003349
2.687600,3.823019,0.090734
2.687600,6.975126,-0.126203
2.687600,2.775796,-0.013832
2.687600,2.740202,0.009603
2.687600,5.629833,0.128669
2.687600,4.348926,-0.109721
2.687600,2.705913,-0.005389
2.687600,2.814102,0.018227
2.687600,8.347439,0.111291
2.687600,3.530543,-0.075674
2.687600,2.687059,-0.002022
2.687600,2.970145,0.033917
2.687600,11.553605,0.026833
2.687600,3.094556,-0.044944
2.687600,2.687091,0.001110
2.687600,3.402177,0.067762
2.687600,9.193872,-0.097553
2.687600,2.841039,-0.021099
2.687600,2.700271,0.004531
2.687600,4.121197,0.102597
2.687600,6.096180,-0.129639
2.687600,2.752618,-0.011064
2.687600,2.766895,0.012758
2.687600,6.636562,0.128216
2.687600,3.922953,-0.095063
2.687600,2.695604,-0.003736
2.687600,2.874477,0.024560
2.687600,10.088397,0.078977
2.687600,3.287426,-0.059922
2.687600,2.687919,-0.000192
2.687600,3.234186,0.056024
2.687600,10.530568,-0.067643
2.687600,2.894471,-0.026587
2.687600,2.692506,0.003224
2.687600,3.795189,0.089459
2.687600,7.079238,-0.125432
2.687600,2.778599,-0.014158
2.687600,2.737723,0.009302
2.687600,5.535669,0.128175
2.687600,4.403837,-0.111220
2.687600,2.707391,-0.005580
2.687600,2.811608,0.017950
2.687600,8.263272,0.112476
2.687600,3.544904,-0.076505
2.687600,2.687279,-0.002097
2.687600,2.963498,0.033293
2.687600,11.502309,0.030205
2.687600,3.104051,-0.045738
2.687600,2.687202,0.001054
2.687600,3.396109,0.067365
2.687600,9.238175,-0.096739
2.687600,2.842560,-0.021257
2.687600,2.700329,0.004527
2.687600,4.121533,0.102608
2.687600,6.095401,-0.129639
2.687600,2.752621,-0.011059
2.687600,2.767612,0.012837
2.687600,6.662683,0.128089
2.687600,3.914685,-0.094718
2.687600,2.695488,-0.003693
2.687600,2.878361,0.024953
2.687600,10.179503,0.076787
2.687600,3.276396,-0.059127
2.687600,2.688132,-0.000087
2.687600,3.252120,0.057355
2.687600,10.381237,-0.071681
2.687600,2.887358,-0.025867
2.687600,2.694010,0.003453
2.687600,3.854236,0.092126
2.687600,6.863754,-0.126950
2.687600,2.772906,-0.013473
2.687600,2.745667,0.010240
2.687600,5.833669,0.129379
2.687600,4.241232,-0.106540
2.687600,2.703241,-0.004987
2.687600,2.826407,0.019547
2.687600,8.746296,0.105235
2.687600,3.466807,-0.071853
2.687600,2.686974,-0.001582
2.687600,3.028360,0.039220
2.687600,11.746036,-0.000517
2.687600,3.025994,-0.039009
2.687600,2.686970,0.001599
2.687600,3.469115,0.071995
2.687600,8.731124,-0.105478
2.687600,2.825927,-0.019496
2.687600,2.703325,0.005000
2.687600,4.244685,0.106647
2.687600,5.826703,-0.129362
2.687600,2.745480,-0.010218
2.687600,2.772996,0.013485
2.687600,6.867255,0.126928
2.687600,3.853231,-0.092082
2.687600,2.693978,-0.003450
2.687600,2.887292,0.025861
2.687600,10.379855,0.071717
2.687600,3.252285,-0.057367
2.687600,2.688116,0.000084
2.687600,3.275693,0.059076
2.687600,10.185313,-0.076645
2.687600,2.878610,-0.024979
2.687600,2.695399,0.003681
2.687600,3.911366,0.094580
2.687600,6.673246,-0.128036
2.687600,2.767887,-0.012871
2.687600,2.752179,0.011008
2.687600,6.078818,0.129642
2.687600,4.128580,-0.102852
2.687600,2.700491,-0.004555
2.687600,2.841298,0.021124
2.687600,9.201213,0.097419
2.687600,3.401171,-0.067696
2.687600,2.687164,-0.001094
2.687600,3.097890,0.045223
2.687600,11.536123,-0.028027
2.687600,2.967781,-0.033695
2.687600,2.687180,0.002054
2.687600,3.537078,0.076053
2.687600,8.308896,-0.111838
2.687600,2.812961,-0.018099
2.687600,2.706698,0.005489
2.687600,4.377873,0.110521
2.687600,5.579438,-0.128419
2.687600,2.738880,-0.009441
2.687600,2.777430,0.014021
2.687600,7.035697,0.125763
2.687600,3.806680,-0.089989
2.687600,2.692750,-0.003274
2.687600,2.891549,0.026295
2.687600,10.470665,0.069292
2.687600,3.241376,-0.056561
2.687600,2.687862,0.000133
2.687600,3.278367,0.059271
2.687600,10.163079,-0.077187
2.687600,2.877628,-0.024884
2.687600,2.694882,0.003628
2.687600,3.894735,0.093879
2.687600,6.726962,-0.127756
2.687600,2.769260,-0.013045
2.687600,2.749219,0.010666
2.687600,5.968508,0.129599
2.687600,4.177224,-0.104492
2.687600,2.701601,-0.004751
2.687600,2.832377,0.020186
2.687600,8.933066,0.102145
2.687600,3.439057,-0.070125
2.687600,2.686909,-0.001393
2.687600,3.052987,0.041387
2.687600,11.714317,-0.010895
2.687600,3.003030,-0.036946
2.687600,2.686807,0.001749
2.687600,3.487659,0.073127
2.687600,8.611149,-0.107369
2.687600,2.822141,-0.019097
2.687600,2.703337,0.005030
2.687600,4.249394,0.106794
2.687600,5.817223,-0.129339
2.687600,2.745170,-0.010195
2.687600,2.771476,0.013320
2.687600,6.812560,0.127267
2.687600,3.869080,-0.092777
2.687600,2.694139,-0.003540
2.687600,2.877797,0.024907
2.687600,10.167687,0.077075
2.687600,3.277795,-0.059232
2.687600,2.687600,-0.000160
2.687600,3.233423,0.055969
2.687600,10.536782,-0.067470
2.687600,2.894747,-0.026621
2.687600,2.691720,0.003130
2.687600,3.768142,0.088191
2.687600,7.184865,-0.124583
2.687600,2.781383,-0.014497
2.687600,2.733139,0.008761
2.687600,5.364878,0.126988
2.687600,4.513211,-0.113977
2.687600,2.710245,-0.005965
2.687600,2.804282,0.017146
2.687600,8.013817,0.115792
2.687600,3.589595,-0.079030
2.687600,2.687695,-0.002361
2.687600,2.934444,0.030531
2.687600,11.195387,0.045459
2.687600,3.150800,-0.049566
2.687600,2.687049,0.000695
2.687600,3.343259,0.063834
2.687600,9.638836,-0.088913
2.687600,2.856747,-0.022749
2.687600,2.696508,0.003974
2.687600,3.973546,0.097116
2.687600,6.483609,-0.128860
2.687600,2.762749,-0.012290
2.687600,2.753944,0.011244
2.687600,6.150023,0.129610
2.687600,4.098748,-0.101811
2.687600,2.699516,-0.004468
2.687600,2.837686,0.020756
2.687600,9.095640,0.099322
2.687600,3.415814,-0.068646
2.687600,2.686700,-0.001253
2.687600,3.068765,0.042754
2.687600,11.667120,-0.017179
2.687600,2.989741,-0.035735
2.687600,2.686517,0.001813
2.687600,3.491874,0.073384
2.687600,8.584271,-0.107784
2.687600,2.821255,-0.019013
2.687600,2.702104,0.004893
2.687600,4.207304,0.105472
2.687600,5.903682,-0.129518
2.687600,2.747373,-0.010477
2.687600,2.766948,0.012804
2.687600,6.645131,0.128177
2.687600,3.920178,-0.094952
2.687600,2.695064,-0.003780
2.687600,2.860121,0.023105
2.687600,9.729784,0.087010
2.687600,3.331702,-0.063043
2.687600,2.686818,-0.000639
2.687600,3.154698,0.049880
2.687600,11.166617,-0.046637
2.687600,2.932247,-0.030322
2.687600,2.687369,0.002339
2.687600,3.580961,0.078552
2.687600,8.060464,-0.115195
2.687600,2.805589,-0.017301
2.687600,2.708314,0.005732
2.687600,4.443369,0.112252
2.687600,5.471464,-0.127775
2.687600,2.735933,-0.009106
2.687600,2.777622,0.014064
2.687600,7.046366,0.125684
2.687600,3.803817,-0.089860
2.687600,2.692384,-0.003297
2.687600,2.882707,0.025414
2.687600,10.280900,0.074268
2.687600,3.264125,-0.058243
2.687600,2.687229,-0.000105
2.687600,3.234968,0.056088
2.687600,10.523766,-0.067833
2.687600,2.894070,-0.026560
2.687600,2.690921,0.003041
2.687600,3.741720,0.086924
2.687600,7.292591,-0.123650
2.687600,2.784233,-0.014843
2.687600,2.728410,0.008202
2.687600,5.189365,0.125341
2.687600,4.641138,-0.116838
2.687600,2.713637,-0.006405
2.687600,2.797967,0.016442
2.687600,7.793269,0.118476
2.687600,3.632127,-0.081344
2.687600,2.688291,-0.002589
2.687600,2.913304,0.028477
2.687600,10.881183,0.057027
2.687600,3.191463,-0.052776
2.687600,2.686805,0.000370
2.687600,3.294050,0.060404
2.687600,10.033514,-0.080267
2.687600,2.872081,-0.024339
2.687600,2.692865,0.003433
2.687600,3.831781,0.091132
2.687600,6.943155,-0.126427
2.687600,2.774814,-0.013745
2.687600,2.737468,0.009301
2.687600,5.531024,0.128149
2.687600,4.406607,-0.111296
2.687600,2.707261,-0.005613
2.687600,2.805225,0.017270
2.687600,8.049451,0.115337
2.687600,3.582969,-0.078665
2.687600,2.687187,-0.002375
2.687600,2.924596,0.029585
2.687600,11.059355,0.050789
2.687600,3.168866,-0.051009
2.687600,2.686551,0.000505
2.687600,3.308575,0.061434
2.687600,9.915060,-0.082972
2.687600,2.867267,-0.023850
2.687600,2.692927,0.003476
2.687600,3.839116,0.091462
2.687600,6.916807,-0.126606
2.687600,2.774076,-0.013666
2.687600,2.737220,0.009279
2.687600,5.522856,0.128101
2.687600,4.411548,-0.111427
2.687600,2.707345,-0.005635
2.687600,2.803495,0.017084
2.687600,7.990631,0.116086
2.687600,3.593885,-0.079272
2.687600,2.687207,-0.002449
2.687600,2.914955,0.028646
2.687600,10.909290,0.056089
2.687600,3.187936,-0.052506
2.687600,2.686318,0.000339
2.687600,3.281679,0.059522
2.687600,10.135027,-0.077867
2.687600,2.876267,-0.024777
2.687600,2.690861,0.003167
2.687600,3.758932,0.087758
2.687600,7.221686,-0.124273
2.687600,2.782188,-0.014633
2.687600,2.726789,0.008032
2.687600,5.133011,0.124713
2.687600,4.686088,-0.117756
2.687600,2.714719,-0.006570
2.687600,2.792563,0.015851
2.687600,7.603992,0.120588
2.687600,3.671198,-0.083399
2.687600,2.688608,-0.002823
2.687600,2.886787,0.025851
2.687600,10.373591,0.071884
2.687600,3.252923,-0.057431
2.687600,2.685953,-0.000175
2.687600,3.204647,0.053800
2.687600,10.773864,-0.060477
2.687600,2.907041,-0.027873
2.687600,2.686917,0.002473
2.687600,3.592531,0.079199
2.687600,7.997757,-0.115997
2.687600,2.803642,-0.017113
2.687600,2.705629,0.005435
2.687600,4.350910,0.109779
2.687600,5.626231,-0.128654
2.687600,2.739901,-0.009614
2.687600,2.769802,0.013175
2.687600,6.758441,0.127584
2.687600,3.885105,-0.093475
2.687600,2.693818,-0.003686
2.687600,2.853126,0.022398
2.687600,9.543539,0.090856
2.687600,3.355457,-0.064671
2.687600,2.686034,-0.000901
2.687600,3.106114,0.045919
2.687600,11.490279,-0.030945
2.687600,2.961978,-0.033164
2.687600,2.685600,0.001910
2.687600,3.490395,0.073302
2.687600,8.593250,-0.107647
2.687600,2.821372,-0.019059
2.687600,2.697693,0.004378
2.687600,4.053769,0.100191
2.687600,6.262930,-0.129464
2.687600,2.756607,-0.011632
2.687600,2.750639,0.010921
2.687600,6.036488,0.129643
2.687600,4.146772,-0.103480
2.687600,2.700074,-0.004725
2.687600,2.812167,0.018066
2.687600,8.290663,0.112096
2.687600,3.540102,-0.076239
2.687600,2.685921,-0.002223
2.687600,2.924977,0.029631
2.687600,11.065724,0.050553
2.687600,3.168006,-0.050946
2.687600,2.685881,0.000432
2.687600,3.287507,0.059944
2.687600,10.086809,-0.079018
2.687600,2.874188,-0.024575
2.687600,2.689932,0.003073
2.687600,3.729629,0.086340
2.687600,7.343230,-0.123190
2.687600,2.785411,-0.015024
2.687600,2.721465,0.007399
2.687600,4.936652,0.122111
2.687600,4.860466,-0.120917
2.687600,2.719405,-0.007150
2.687600,2.787101,0.015224
2.687600,7.405792,0.122599
2.687600,3.715083,-0.085622
2.687600,2.689546,-0.003018
2.687600,2.875511,0.024711
2.687600,10.118504,0.078264
2.687600,3.283654,-0.059668
2.687600,2.685805,-0.000413
2.687600,3.169361,0.051054
2.687600,11.055259,-0.050942
2.687600,2.924260,-0.029563
2.687600,2.685804,0.002214
2.687600,3.536915,0.076055
2.687600,8.309287,-0.111835
2.687600,2.812707,-0.018128
2.687600,2.699429,0.004645
2.687600,4.123728,0.102691
2.687600,6.089943,-0.129644
2.687600,2.752025,-0.011092
2.687600,2.754529,0.011390
2.687600,6.184984,0.129579
2.687600,4.084458,-0.101308
2.687600,2.698420,-0.004499
2.687600,2.816460,0.018534
2.687600,8.433690,0.110046
2.687600,3.516090,-0.074836
2.687600,2.685650,-0.002086
2.687600,2.939122,0.030996
2.687600,11.255329,0.042905
2.687600,3.142427,-0.048900
2.687600,2.685931,0.000624
2.687600,3.315065,0.061894
2.687600,9.862351,-0.084144
2.687600,2.865116,-0.023643
2.687600,2.691409,0.003314
2.687600,3.789667,0.089210
2.687600,7.100105,-0.125272
2.687600,2.778865,-0.014255
2.687600,2.728798,0.008287
2.687600,5.209952,0.125559
2.687600,4.625169,-0.116503
2.687600,2.713000,-0.006374
2.687600,2.792225,0.015828
2.687600,7.594322,0.120692
2.687600,3.673244,-0.083507
2.687600,2.688372,-0.002865
2.687600,2.877439,0.024915
2.687600,10.164653,0.077152
2.687600,3.278047,-0.059267
2.687600,2.685465,-0.000413
2.687600,3.163869,0.050621
2.687600,11.097230,-0.049364
2.687600,2.927124,-0.029845
2.687600,2.685087,0.002108
2.687600,3.509906,0.074475
2.687600,8.471249,-0.109493
2.687600,2.817508,-0.018667
2.687600,2.695526,0.004153
2.687600,3.983120,0.097504
2.687600,6.455569,-0.128962
2.687600,2.761529,-0.012254
2.687600,2.740839,0.009783
2.687600,5.670812,0.128854
2.687600,4.325991,-0.109077
2.687600,2.704558,-0.005395
2.687600,2.792472,0.015919
2.687600,7.613554,0.120489
2.687600,3.669044,-0.083299
2.687600,2.687122,-0.002982
2.687600,2.842002,0.021300
2.687600,9.236491,0.096775
2.687600,3.396125,-0.067394
2.687600,2.683710,-0.001465
2.687600,2.992097,0.035973
2.687600,11.677731,0.015990
2.687600,3.065614,-0.042501
2.687600,2.684374,0.001002
2.687600,3.342276,0.063788
2.687600,9.645320,-0.088782
2.687600,2.856650,-0.022807
2.687600,2.687700,0.002941
2.687600,3.672840,0.083491
2.687600,7.595960,-0.120676
2.687600,2.792106,-0.015850
2.687600,2.708352,0.005838
2.687600,4.460251,0.112684
2.687600,5.444820,-0.127595
2.687600,2.734942,-0.009053
2.687600,2.769841,0.013217
2.687600,6.766153,0.127542
2.687600,3.882740,-0.093377
2.687600,2.693284,-0.003733
2.687600,2.838571,0.020896
2.687600,9.128926,0.098730
2.687600,3.411061,-0.068352
2.687600,2.685179,-0.001398
2.687600,3.024657,0.038904
2.687600,11.745847,0.001069
2.687600,3.029549,-0.039339
2.687600,2.685211,0.001366
2.687600,3.407067,0.068094
2.687600,9.157656,-0.098213
2.687600,2.839542,-0.020997
2.687600,2.693250,0.003721
2.687600,3.880550,0.093283
2.687600,6.773471,-0.127500
2.687600,2.770042,-0.013240
2.687600,2.734941,0.009051
2.687600,5.444527,0.127593
2.687600,4.460441,-0.112689
2.687600,2.708367,-0.005837
2.687600,2.792393,0.015881
2.687600,7.605989,0.120569
2.687600,3.670699,-0.083380
2.687600,2.687686,-0.002928
2.687600,2.858223,0.022968
2.687600,9.687246,0.087909
2.687600,3.336946,-0.063422
2.687600,2.684432,-0.000957
2.687600,3.072656,0.043105
2.687600,11.652341,-0.018725
2.687600,2.986415,-0.035451
2.687600,2.683672,0.001502
2.687600,3.400769,0.067697
2.687600,9.202580,-0.097399
2.687600,2.840839,-0.021179
2.687600,2.687101,0.002989
2.687600,3.669605,0.083328
2.687600,7.610907,-0.120518
2.687600,2.792391,-0.015911
2.687600,2.704386,0.005375
2.687600,4.320042,0.108906
2.687600,5.681678,-0.128899
2.687600,2.741120,-0.009818
2.687600,2.761069,0.012201
2.687600,6.438390,0.129019
2.687600,3.989132,-0.097740
2.687600,2.695662,-0.004178
2.687600,2.816325,0.018541
2.687600,8.432608,0.110063
2.687600,3.516231,-0.074849
2.687600,2.685103,-0.002151
2.687600,2.921627,0.029313
2.687600,11.016248,0.052368
2.687600,3.174367,-0.051452
2.687600,2.685390,0.000328
2.687600,3.265008,0.058321
2.687600,10.272738,-0.074477
2.687600,2.882154,-0.025395
2.687600,2.687652,0.002745
2.687600,3.643856,0.081974
2.687600,7.734862,-0.119149
2.687600,2.796120,-0.016277
2.687600,2.709211,0.005907
2.687600,4.486018,0.113322
2.687600,5.405321,-0.127307
2.687600,2.734002,-0.008914
2.687600,2.774063,0.013689
2.687600,6.920393,0.126583
2.687600,3.838079,-0.091418
2.687600,2.692565,-0.003511
2.687600,2.856901,0.022795
2.687600,9.647029,0.088745
2.687600,3.342145,-0.063767
2.687600,2.685864,-0.000826
2.687600,3.113668,0.046548
2.687600,11.445588,-0.033547
2.687600,2.956910,-0.032688
2.687600,2.685363,0.001920
2.687600,3.487795,0.073147
2.687600,8.609671,-0.107394
2.687600,2.821842,-0.019118
2.687600,2.696509,0.004236
2.687600,4.012274,0.098633
2.687600,6.373738,-0.129213
2.687600,2.759470,-0.011986
2.687600,2.745965,0.010375
2.687600,5.861363,0.129443
2.687600,4.227540,-0.106119
2.687600,2.702082,-0.005030
2.687600,2.802705,0.017040
2.687600,7.970239,0.116344
2.687600,3.597651,-0.079487
2.687600,2.686334,-0.002577
2.687600,2.883817,0.025572
2.687600,10.310833,0.073510
2.687600,3.260404,-0.057988
2.687600,2.684944,-0.000347
2.687600,3.164486,0.050674
2.687600,11.092346,-0.049551
2.687600,2.926742,-0.029816
2.687600,2.684139,0.001999
2.687600,3.478646,0.072601
2.687600,8.667837,-0.106488
2.687600,2.823452,-0.019333
2.687600,2.690630,0.003534
2.687600,3.808491,0.090089
2.687600,7.028166,-0.125824
2.687600,2.776559,-0.014068
2.687600,2.720071,0.007306
2.687600,4.896972,0.121505
2.687600,4.899409,-0.121543
2.687600,2.720137,-0.007314
2.687600,2.776515,0.014063
2.687600,7.026494,0.125837
2.687600,3.808938,-0.090110
2.687600,2.690644,-0.003536
2.687600,2.823467,0.019334
2.687600,8.668314,0.106481
2.687600,3.478572,-0.072596
2.687600,2.684142,-0.001998
2.687600,2.926911,0.029832
2.687600,11.094761,0.049459
2.687600,3.164169,-0.050649
2.687600,2.684947,0.000350
2.687600,3.260836,0.058020
2.687600,10.307242,-0.073601
2.687600,2.883655,-0.025555
2.687600,2.686358,0.002581
2.687600,3.598616,0.079540
2.687600,7.965132,-0.116408
2.687600,2.802560,-0.017023
2.687600,2.702205,0.005045
2.687600,4.232005,0.106259
2.687600,5.852207,-0.129424
2.687600,2.745726,-0.010346
2.687600,2.759775,0.012022
2.687600,6.385203,0.129181
2.687600,4.008119,-0.098473
2.687600,2.696411,-0.004219
2.687600,2.822517,0.019190
2.687600,8.631330,0.107058
2.687600,3.484403,-0.072942
2.687600,2.685358,-0.001897
2.687600,2.959987,0.032978
2.687600,11.473260,0.031961
2.687600,3.109037,-0.046164
2.687600,2.685866,0.000860
2.687600,3.346930,0.064094
2.687600,9.609618,-0.089515
2.687600,2.855519,-0.022651
2.687600,2.692814,0.003551
2.687600,3.848096,0.091863
2.687600,6.884893,-0.126817
2.687600,2.773120,-0.013577
2.687600,2.735112,0.009047
2.687600,5.446985,0.127609
2.687600,4.458889,-0.112648
2.687600,2.708479,-0.005814
2.687600,2.797181,0.016397
2.687600,7.772513,0.118719
2.687600,3.636225,-0.081569
2.687600,2.687505,-0.002709
2.687600,2.884648,0.025646
2.687600,10.328084,0.073066
2.687600,3.258358,-0.057835
2.687600,2.685431,-0.000275
2.687600,3.182308,0.052074
2.687600,10.953776,-0.054573
2.687600,2.917626,-0.028922
2.687600,2.685321,0.002206
2.687600,3.527748,0.075524
2.687600,8.363349,-0.111067
2.687600,2.814253,-0.018312
2.687600,2.696850,0.004332
2.687600,4.032520,0.099402
2.687600,6.318789,-0.129351
2.687600,2.757949,-0.011822
2.687600,2.745360,0.010319
2.687600,5.841063,0.129400
2.687600,4.237455,-0.106430
2.687600,2.702218,-0.005080
2.687600,2.798130,0.016547
2.687600,7.813128,0.118248
2.687600,3.628036,-0.081139
2.687600,2.686489,-0.002771
2.687600,2.860270,0.023187
2.687600,9.742379,0.086746
2.687600,3.329961,-0.062943
2.687600,2.684136,-0.000942
2.687600,3.069964,0.042877
2.687600,11.662416,-0.017691
2.687600,2.988539,-0.035649
2.687600,2.683346,0.001448
2.687600,3.387777,0.066849
2.687600,9.297807,-0.095634
2.687600,2.844061,-0.021526
2.687600,2.685546,0.002781
2.687600,3.613572,0.080365
2.687600,7.886575,-0.117374
2.687600,2.800070,-0.016797
2.687600,2.696828,0.004436
2.687600,4.047575,0.099967
2.687600,6.278855,-0.129437
2.687600,2.756721,-0.011716
2.687600,2.741320,0.009873
2.687600,5.694423,0.128951
2.687600,4.313085,-0.108707
2.687600,2.703966,-0.005378
2.687600,2.785546,0.015172
2.687600,7.370124,0.122943
2.687600,3.723150,-0.086038
2.687600,2.687580,-0.003304
2.687600,2.806320,0.017538
2.687600,8.110621,0.114547
2.687600,3.571576,-0.078054
2.687600,2.683730,-0.002701
2.687600,2.826086,0.019663
2.687600,8.758968,0.105037
2.687600,3.464603,-0.071751
2.687600,2.682643,-0.002076
2.687600,2.892611,0.026478
2.687600,10.500866,0.068471
2.687600,3.237535,-0.056307
2.687600,2.683698,-0.000329
2.687600,3.146812,0.049271
2.687600,11.223221,-0.044296
2.687600,2.936369,-0.030761
2.687600,2.681867,0.001659
2.687600,3.392934,0.067199
2.687600,9.259080,-0.096360
2.687600,2.842514,-0.021407
2.687600,2.680119,0.002151
2.687600,3.433082,0.069801
2.687600,8.971351,-0.101502
2.687600,2.832564,-0.020424
2.687600,2.673083,0.001389
2.687600,3.210196,0.054326
2.687600,10.723033,-0.062061
2.687600,2.903099,-0.027699
2.687600,2.659121,-0.000811
2.687600,2.686374,0.004271
2.687600,3.843324,0.091702
2.687600,6.899615,-0.126738
2.687600,2.771445,-0.013845
2.687600,2.675762,0.002165
2.687600,3.362659,0.065238
2.687600,9.483529,-0.092066
2.687600,2.849602,-0.022305
2.687600,2.658612,-0.000474
2.687600,2.722848,0.008518
2.687600,5.139604,0.124822
2.687600,4.679711,-0.117668
2.687600,2.709619,-0.007111
2.687600,2.643110,-0.001310
2.687600,2.364172,-0.039117
