init_r,r,ur
2.688000,3.262096,0.058088
2.688000,10.298115,-0.073830
2.688000,2.883557,-0.025484
2.688000,2.694261,0.003511
2.688000,3.866970,0.092684
2.688000,6.819811,-0.127223
2.688000,2.771727,-0.013336
2.688000,2.746607,0.010355
2.688000,5.869627,0.129456
2.688000,4.223640,-0.105990
2.688000,2.702775,-0.004924
2.688000,2.827529,0.019669
2.688000,8.781941,0.104658
2.688000,3.461415,-0.071521
2.688000,2.686925,-0.001550
2.688000,3.031983,0.039542
2.688000,11.744939,-0.002089
2.688000,3.022424,-0.038691
2.688000,2.686905,0.001618
2.688000,3.470690,0.072092
2.688000,8.720773,-0.105644
2.688000,2.825590,-0.019462
2.688000,2.703102,0.004977
2.688000,4.237284,0.106418
2.688000,5.841660,-0.129397
2.688000,2.745857,-0.010268
2.688000,2.772095,0.013383
2.688000,6.834126,0.127136
2.688000,3.862790,-0.092502
2.688000,2.694132,-0.003498
2.688000,2.883344,0.025464
2.688000,10.293512,0.073947
2.688000,3.262646,-0.058129
2.688000,2.687937,-0.000011
2.688000,3.259502,0.057899
2.688000,10.319665,-0.073279
2.688000,2.884521,-0.025584
2.688000,2.693948,0.003467
2.688000,3.855204,0.092169
2.688000,6.860354,-0.126972
2.688000,2.772788,-0.013465
2.688000,2.744969,0.010163
2.688000,5.808232,0.129316
2.688000,4.253909,-0.106932
2.688000,2.703520,-0.005039
2.688000,2.823820,0.019273
2.688000,8.664356,0.106539
2.688000,3.479370,-0.072623
2.688000,2.686916,-0.001678
2.688000,3.014439,0.037976
2.688000,11.737518,0.005662
2.688000,3.040361,-0.040281
2.688000,2.686968,0.001493
2.688000,3.454108,0.071067
2.688000,8.830775,-0.103858
2.688000,2.829092,-0.019834
2.688000,2.702612,0.004893
2.688000,4.216181,0.105753
2.688000,5.885128,-0.129485
2.688000,2.747031,-0.010402
2.688000,2.771757,0.013336
2.688000,6.820365,0.127219
2.688000,3.866812,-0.092677
2.688000,2.694303,-0.003505
2.688000,2.885014,0.025630
2.688000,10.330175,0.073009
2.688000,3.258249,-0.057806
2.688000,2.688105,0.000040
2.688000,3.269388,0.058619
2.688000,10.237566,-0.075355
2.688000,2.880881,-0.025210
2.688000,2.694978,0.003615
2.688000,3.894443,0.093866
2.688000,6.727951,-0.127750
2.688000,2.769322,-0.013044
2.688000,2.750220,0.010778
2.688000,6.005173,0.129626
2.688000,4.160710,-0.103943
2.688000,2.701256,-0.004681
2.688000,2.836354,0.020604
2.688000,9.053866,0.100059
2.688000,3.421729,-0.069023
2.688000,2.687052,-0.001254
2.688000,3.074349,0.043230
2.688000,11.646143,-0.019327
2.688000,2.985318,-0.035325
2.688000,2.686951,0.001897
2.688000,3.511006,0.074525
2.688000,8.465279,-0.109578
2.688000,2.817667,-0.018613
2.688000,2.704832,0.005237
2.688000,4.306873,0.108518
2.688000,5.706236,-0.128991
2.688000,2.742238,-0.009844
2.688000,2.774294,0.013652
2.688000,6.918309,0.126594
2.688000,3.838746,-0.091441
2.688000,2.693465,-0.003411
2.688000,2.884480,0.025583
2.688000,10.319189,0.073292
2.688000,3.259549,-0.057904
2.688000,2.687747,-0.000011
2.688000,3.256400,0.057673
2.688000,10.345411,-0.072616
2.688000,2.885672,-0.025704
2.688000,2.693287,0.003381
2.688000,3.831385,0.091111
2.688000,6.944729,-0.126415
2.688000,2.774994,-0.013735
2.688000,2.741364,0.009740
2.688000,5.673375,0.128861
2.688000,4.324699,-0.109034
2.688000,2.705291,-0.005302
2.688000,2.816195,0.018453
2.688000,8.416786,0.110291
2.688000,3.518970,-0.074996
2.688000,2.686997,-0.001948
2.688000,2.979165,0.034756
2.688000,11.612597,0.022339
2.688000,3.082315,-0.043909
2.688000,2.687078,0.001198
2.688000,3.414360,0.068550
2.688000,9.106173,-0.099134
2.688000,2.838093,-0.020788
2.688000,2.700937,0.004631
2.688000,4.147659,0.103504
2.688000,6.034704,-0.129639
2.688000,2.751002,-0.010871
2.688000,2.768651,0.012964
2.688000,6.702519,0.127886
2.688000,3.902255,-0.094197
2.688000,2.695160,-0.003647
2.688000,2.879436,0.025064
2.688000,10.204505,0.076174
2.688000,3.273374,-0.058909
2.688000,2.688081,-0.000072
2.688000,3.253461,0.057454
2.688000,10.370044,-0.071974
2.688000,2.886836,-0.025815
2.688000,2.693959,0.003451
2.688000,3.853072,0.092075
2.688000,6.867802,-0.126924
2.688000,2.773006,-0.013487
2.688000,2.745316,0.010200
2.688000,5.820674,0.129347
2.688000,4.247684,-0.106740
2.688000,2.703393,-0.005012
2.688000,2.825383,0.019438
2.688000,8.713917,0.105754
2.688000,3.471742,-0.072157
2.688000,2.686959,-0.001619
2.688000,3.023130,0.038754
2.688000,11.745261,0.001778
2.688000,3.031265,-0.039478
2.688000,2.686975,0.001561
2.688000,3.463812,0.071668
2.688000,8.766073,-0.104915
2.688000,2.827034,-0.019614
2.688000,2.703107,0.004966
2.688000,4.235829,0.106372
2.688000,5.844630,-0.129404
2.688000,2.745959,-0.010275
2.688000,2.772694,0.013448
2.688000,6.855717,0.127001
2.688000,3.856547,-0.092228
2.688000,2.694068,-0.003462
2.688000,2.887053,0.025836
2.688000,10.374638,0.071854
2.688000,3.252912,-0.057413
2.688000,2.688137,0.000082
2.688000,3.275755,0.059080
2.688000,10.184805,-0.076657
2.688000,2.878590,-0.024976
2.688000,2.695460,0.003688
2.688000,3.913475,0.094668
2.688000,6.666529,-0.128070
2.688000,2.767714,-0.012850
2.688000,2.752506,0.011046
2.688000,6.091043,0.129640
2.688000,4.123379,-0.102672
2.688000,2.700374,-0.004534
2.688000,2.842292,0.021228
2.688000,9.230352,0.096884
2.688000,3.397177,-0.067435
2.688000,2.687197,-0.001062
2.688000,3.102833,0.045637
2.688000,11.509143,-0.029777
2.688000,2.964336,-0.033372
2.688000,2.687262,0.002089
2.688000,3.543432,0.076420
2.688000,8.271811,-0.112357
2.688000,2.811861,-0.017978
2.688000,2.707267,0.005563
2.688000,4.399170,0.111096
2.688000,5.543440,-0.128220
2.688000,2.737929,-0.009326
2.688000,2.778402,0.014134
2.688000,7.071889,0.125489
2.688000,3.797114,-0.089548
2.688000,2.692548,-0.003232
2.688000,2.894016,0.026542
2.688000,10.521347,0.067899
2.688000,3.235294,-0.056107
2.688000,2.687912,0.000183
2.688000,3.286097,0.059827
2.688000,10.099326,-0.078718
2.688000,2.874934,-0.024607
2.688000,2.695502,0.003721
2.688000,3.918925,0.094896
2.688000,6.649231,-0.128155
2.688000,2.767226,-0.012798
2.688000,2.752144,0.011009
2.688000,6.078383,0.129642
2.688000,4.128760,-0.102858
2.688000,2.700448,-0.004561
2.688000,2.839782,0.020967
2.688000,9.156717,0.098227
2.688000,3.407311,-0.068095
2.688000,2.687058,-0.001150
2.688000,3.088517,0.044435
2.688000,11.583772,-0.024637
2.688000,2.974528,-0.034326
2.688000,2.686988,0.001981
2.688000,3.523571,0.075266
2.688000,8.389042,-0.110694
2.688000,2.815349,-0.018363
2.688000,2.705374,0.005318
2.688000,4.328569,0.109145
2.688000,5.666330,-0.128832
2.688000,2.741167,-0.009719
2.688000,2.774837,0.013719
2.688000,6.939289,0.126452
2.688000,3.832890,-0.091179
2.688000,2.693282,-0.003392
2.688000,2.884136,0.025550
2.688000,10.311784,0.073482
2.688000,3.260434,-0.057969
2.688000,2.687656,-0.000028
2.688000,3.252555,0.057390
2.688000,10.377406,-0.071782
2.688000,2.887133,-0.025853
2.688000,2.692847,0.003319
2.688000,3.814760,0.090359
2.688000,7.005524,-0.125985
2.688000,2.776596,-0.013929
2.688000,2.739004,0.009462
2.688000,5.584989,0.128448
2.688000,4.374630,-0.110433
2.688000,2.706575,-0.005482
2.688000,2.812004,0.017998
2.688000,8.277382,0.112280
2.688000,3.542465,-0.076366
2.688000,2.687136,-0.002097
2.688000,2.961259,0.033084
2.688000,11.483585,0.031346
2.688000,3.107321,-0.046012
2.688000,2.687085,0.001016
2.688000,3.388876,0.066892
2.688000,9.291350,-0.095750
2.688000,2.844364,-0.021450
2.688000,2.699448,0.004410
2.688000,4.088914,0.101460
2.688000,6.174212,-0.129587
2.688000,2.754661,-0.011311
2.688000,2.764421,0.012469
2.688000,6.543776,0.128628
2.688000,3.953201,-0.096301
2.688000,2.696246,-0.003867
2.688000,2.867032,0.023801
2.688000,9.905933,0.083174
2.688000,3.309764,-0.061509
2.688000,2.687644,-0.000385
2.688000,3.203089,0.053667
2.688000,10.787281,-0.060055
2.688000,2.907940,-0.027934
2.688000,2.690447,0.002882
2.688000,3.710724,0.085397
2.688000,7.425206,-0.122409
2.688000,2.787897,-0.015257
2.688000,2.726352,0.007939
2.688000,5.110303,0.124444
2.688000,4.704847,-0.118125
2.688000,2.715431,-0.006609
2.688000,2.798236,0.016458
2.688000,7.800337,0.118394
2.688000,3.630738,-0.081268
2.688000,2.688568,-0.002546
2.688000,2.923355,0.029454
2.688000,11.040111,0.051498
2.688000,3.171389,-0.051202
2.688000,2.687253,0.000569
2.688000,3.329037,0.062855
2.688000,9.751137,-0.086555
2.688000,2.860983,-0.023184
2.688000,2.696278,0.003916
2.688000,3.960942,0.096613
2.688000,6.520650,-0.128720
2.688000,2.763753,-0.012403
2.688000,2.753657,0.011204
2.688000,6.138248,0.129618
2.688000,4.103601,-0.101982
2.688000,2.699688,-0.004481
2.688000,2.838666,0.020857
2.688000,9.124565,0.098806
2.688000,3.411770,-0.068385
2.688000,2.686799,-0.001213
2.688000,3.075867,0.043362
2.688000,11.640022,-0.019911
2.688000,2.984103,-0.035215
2.688000,2.686631,0.001868
2.688000,3.501582,0.073966
2.688000,8.523381,-0.108710
2.688000,2.819393,-0.018810
2.688000,2.702962,0.005007
2.688000,4.239406,0.106485
2.688000,5.837300,-0.129388
2.688000,2.745637,-0.010266
2.688000,2.769101,0.013055
2.688000,6.725702,0.127764
2.688000,3.895084,-0.093897
2.688000,2.694532,-0.003671
2.688000,2.866349,0.023745
2.688000,9.890462,0.083520
2.688000,3.311643,-0.061645
2.688000,2.687031,-0.000470
2.688000,3.181369,0.051988
2.688000,10.961833,-0.054291
2.688000,2.918262,-0.028960
2.688000,2.688432,0.002568
2.688000,3.631589,0.081314
2.688000,7.796017,-0.118444
2.688000,2.798079,-0.016448
2.688000,2.714549,0.006509
2.688000,4.673553,0.117503
2.688000,5.148502,-0.124890
2.688000,2.727346,-0.008067
2.688000,2.786084,0.015053
2.688000,7.359723,0.123034
2.688000,3.725832,-0.086146
2.688000,2.690671,-0.002960
2.688000,2.900955,0.027244
2.688000,10.658953,0.063962
2.688000,3.218692,-0.054860
2.688000,2.687442,0.000248
2.688000,3.287429,0.059926
2.688000,10.088155,-0.078984
2.688000,2.874415,-0.024564
2.688000,2.694277,0.003581
2.688000,3.877500,0.093142
2.688000,6.784060,-0.127436
2.688000,2.770701,-0.013232
2.688000,2.745460,0.010234
2.688000,5.828832,0.129368
2.688000,4.243608,-0.106615
2.688000,2.703157,-0.005012
2.688000,2.821711,0.019053
2.688000,8.597626,0.107578
2.688000,3.489782,-0.073256
2.688000,2.686753,-0.001771
2.688000,2.999269,0.036604
2.688000,11.703236,0.012653
2.688000,3.057331,-0.041765
2.688000,2.686873,0.001357
2.688000,3.433366,0.069765
2.688000,8.972354,-0.101475
2.688000,2.833650,-0.020322
2.688000,2.701154,0.004689
2.688000,4.160217,0.103927
2.688000,6.006252,-0.129627
2.688000,2.750204,-0.010786
2.688000,2.768001,0.012899
2.688000,6.679885,0.128003
2.688000,3.909272,-0.094493
2.688000,2.695179,-0.003693
2.688000,2.873627,0.024478
2.688000,10.068519,0.079447
2.688000,3.289833,-0.060096
2.688000,2.687712,-0.000234
2.688000,3.225079,0.055341
2.688000,10.606162,-0.065501
2.688000,2.898246,-0.026969
2.688000,2.691574,0.003086
2.688000,3.759389,0.087774
2.688000,7.220085,-0.124285
2.688000,2.782346,-0.014606
2.688000,2.732530,0.008685
2.688000,5.341517,0.126795
2.688000,4.529267,-0.114357
2.688000,2.710695,-0.006018
2.688000,2.804198,0.017134
2.688000,8.010410,0.115835
2.688000,3.590234,-0.079065
2.688000,2.687772,-0.002357
2.688000,2.936247,0.030704
2.688000,11.218492,0.044491
2.688000,3.147627,-0.049310
2.688000,2.687130,0.000727
2.688000,3.349157,0.064236
2.688000,9.592851,-0.089856
2.688000,2.855065,-0.022571
2.688000,2.697143,0.004061
2.688000,3.997281,0.098047
2.688000,6.415742,-0.129087
2.688000,2.760987,-0.012074
2.688000,2.756656,0.011560
2.688000,6.251685,0.129481
2.688000,4.058209,-0.100348
2.688000,2.698595,-0.004303
2.688000,2.845396,0.021564
2.688000,9.321898,0.095175
2.688000,3.384748,-0.066621
2.688000,2.686921,-0.001006
2.688000,3.106077,0.045909
2.688000,11.490713,-0.030917
2.688000,2.962087,-0.033164
2.688000,2.686888,0.002061
2.688000,3.533305,0.075836
2.688000,8.331004,-0.111526
2.688000,2.813572,-0.018177
2.688000,2.705081,0.005297
2.688000,4.320305,0.108908
2.688000,5.681383,-0.128894
2.688000,2.741520,-0.009772
2.688000,2.773130,0.013529
2.688000,6.877129,0.126866
2.688000,3.850370,-0.091959
2.688000,2.693525,-0.003483
2.688000,2.875693,0.024699
2.688000,10.119092,0.078248
2.688000,3.283662,-0.059657
2.688000,2.687250,-0.000243
2.688000,3.216199,0.054672
2.688000,10.679462,-0.063354
2.688000,2.902019,-0.027353
2.688000,2.690138,0.002890
2.688000,3.706607,0.085193
2.688000,7.443241,-0.122234
2.688000,2.788332,-0.015320
2.688000,2.724234,0.007694
2.688000,5.033100,0.123471
2.688000,4.771189,-0.119374
2.688000,2.717170,-0.006836
2.688000,2.794774,0.016071
2.688000,7.678111,0.119782
2.688000,3.655625,-0.082585
2.688000,2.688898,-0.002681
2.688000,2.910481,0.028195
2.688000,10.832806,0.058607
2.688000,3.197461,-0.053239
2.688000,2.687005,0.000350
2.688000,3.294539,0.060437
2.688000,10.029600,-0.080357
2.688000,2.871942,-0.024320
2.688000,2.693461,0.003504
2.688000,3.852305,0.092045
2.688000,6.870321,-0.126910
2.688000,2.772914,-0.013512
2.688000,2.740700,0.009681
2.688000,5.651636,0.128769
2.688000,4.336685,-0.109377
2.688000,2.705459,-0.005361
2.688000,2.810857,0.017885
2.688000,8.240661,0.112789
2.688000,3.548791,-0.076732
2.688000,2.686909,-0.002168
2.688000,2.948058,0.031838
2.688000,11.356794,0.038196
2.688000,3.127681,-0.047694
2.688000,2.686802,0.000834
2.688000,3.358688,0.064884
2.688000,9.518990,-0.091347
2.688000,2.852339,-0.022295
2.688000,2.696615,0.004020
2.688000,3.982092,0.097455
2.688000,6.458865,-0.128947
2.688000,2.762058,-0.012216
2.688000,2.753533,0.011203
2.688000,6.135833,0.129620
2.688000,4.104583,-0.102018
2.688000,2.699582,-0.004500
2.688000,2.834508,0.020424
2.688000,9.000141,0.100996
2.688000,3.429352,-0.069513
2.688000,2.686542,-0.001368
2.688000,3.050621,0.041184
2.688000,11.719677,-0.009936
2.688000,3.005078,-0.037135
2.688000,2.686402,0.001686
2.688000,3.472028,0.072178
2.688000,8.711807,-0.105788
2.688000,2.825222,-0.019441
2.688000,2.700866,0.004719
2.688000,4.159643,0.103910
2.688000,6.007463,-0.129629
2.688000,2.750101,-0.010805
2.688000,2.763992,0.012456
2.688000,6.533858,0.128669
2.688000,3.956470,-0.096436
2.688000,2.695885,-0.003931
2.688000,2.852778,0.022346
2.688000,9.531824,0.091090
2.688000,3.357010,-0.064772
2.688000,2.686617,-0.000844
2.688000,3.123364,0.047342
2.688000,11.384972,-0.036783
2.688000,2.950737,-0.032095
2.688000,2.686571,0.002108
2.688000,3.534658,0.075918
2.688000,8.322886,-0.111641
2.688000,2.813266,-0.018157
2.688000,2.703444,0.005109
2.688000,4.263216,0.107219
2.688000,5.789734,-0.129267
2.688000,2.744305,-0.010124
2.688000,2.768063,0.012950
2.688000,6.689632,0.127955
2.688000,3.906180,-0.094368
2.688000,2.694560,-0.003743
2.688000,2.857121,0.022802
2.688000,9.650845,0.088665
2.688000,3.341693,-0.063732
2.688000,2.686482,-0.000750
2.688000,3.134039,0.048215
2.688000,11.313925,-0.040252
2.688000,2.944144,-0.031469
2.688000,2.686470,0.002145
2.688000,3.538234,0.076126
2.688000,8.301821,-0.111939
2.688000,2.812610,-0.018091
2.688000,2.702965,0.005058
2.688000,4.247211,0.106729
2.688000,5.821507,-0.129351
2.688000,2.745111,-0.010228
2.688000,2.766296,0.012749
2.688000,6.624240,0.128277
2.688000,3.926817,-0.095229
2.688000,2.694951,-0.003838
2.688000,2.850544,0.022123
2.688000,9.471076,0.092298
2.688000,3.364908,-0.065307
2.688000,2.686217,-0.000947
2.688000,3.102782,0.045640
2.688000,11.509190,-0.029776
2.688000,2.964278,-0.033378
2.688000,2.685859,0.001924
2.688000,3.496629,0.073676
2.688000,8.554027,-0.108247
2.688000,2.820201,-0.018925
2.688000,2.699082,0.004549
2.688000,4.103261,0.101975
2.688000,6.138894,-0.129620
2.688000,2.753398,-0.011236
2.688000,2.755677,0.011508
2.688000,6.225362,0.129526
2.688000,4.068416,-0.100726
2.688000,2.698201,-0.004417
2.688000,2.823995,0.019332
2.688000,8.676135,0.106355
2.688000,3.477472,-0.072516
2.688000,2.685781,-0.001798
2.688000,2.980079,0.034850
2.688000,11.618245,0.021863
2.688000,3.081000,-0.043804
2.688000,2.686145,0.001098
2.688000,3.384879,0.066636
2.688000,9.320572,-0.095201
2.688000,2.845242,-0.021570
2.688000,2.695753,0.003972
2.688000,3.960251,0.096590
2.688000,6.522540,-0.128715
2.688000,2.763607,-0.012430
2.688000,2.747950,0.010567
2.688000,5.929015,0.129556
2.688000,4.195372,-0.105089
2.688000,2.701620,-0.004870
2.688000,2.816852,0.018551
2.688000,8.442623,0.109914
2.688000,3.514667,-0.074747
2.688000,2.686291,-0.002000
2.688000,2.960818,0.033049
2.688000,11.480117,0.031554
2.688000,3.107893,-0.046064
2.688000,2.686504,0.000944
2.688000,3.369125,0.065587
2.688000,9.439109,-0.092924
2.688000,2.849445,-0.022000
2.688000,2.696187,0.003991
2.688000,3.970576,0.097001
2.688000,6.492192,-0.128829
2.688000,2.762878,-0.012327
2.688000,2.750881,0.010901
2.688000,6.037500,0.129641
2.688000,4.146385,-0.103464
2.688000,2.700506,-0.004672
2.688000,2.825870,0.019512
2.688000,8.732596,0.105456
2.688000,3.468850,-0.071984
2.688000,2.686349,-0.001670
2.688000,3.006449,0.037259
2.688000,11.722949,0.009301
2.688000,3.049073,-0.041049
2.688000,2.686488,0.001373
2.688000,3.429148,0.069501
2.688000,9.001537,-0.100972
2.688000,2.834545,-0.020430
2.688000,2.699347,0.004472
2.688000,4.096411,0.101729
2.688000,6.155698,-0.129605
2.688000,2.754043,-0.011267
2.688000,2.761116,0.012108
2.688000,6.423763,0.129063
2.688000,3.994412,-0.097937
2.688000,2.696869,-0.004073
2.688000,2.849149,0.021965
2.688000,9.430085,0.093100
2.688000,3.370325,-0.065666
2.688000,2.686678,-0.000932
2.688000,3.112318,0.046430
2.688000,11.453965,-0.033073
2.688000,2.957878,-0.032770
2.688000,2.686573,0.002055
2.688000,3.527209,0.075483
2.688000,8.367084,-0.111011
2.688000,2.814604,-0.018300
2.688000,2.703321,0.005084
2.688000,4.257382,0.107041
2.688000,5.801256,-0.129299
2.688000,2.744625,-0.010158
2.688000,2.768253,0.012969
2.688000,6.696150,0.127921
2.688000,3.904162,-0.094282
2.688000,2.694562,-0.003730
2.688000,2.859013,0.022996
2.688000,9.701134,0.087615
2.688000,3.335310,-0.063293
2.688000,2.686595,-0.000691
2.688000,3.143943,0.049017
2.688000,11.244773,-0.043365
2.688000,2.938308,-0.030909
2.688000,2.686792,0.002226
2.688000,3.555169,0.077098
2.688000,8.204076,-0.113290
2.688000,2.809738,-0.017770
2.688000,2.704895,0.005304
2.688000,4.318134,0.108847
2.688000,5.685333,-0.128911
2.688000,2.741548,-0.009793
2.688000,2.770775,0.013270
2.688000,6.791721,0.127392
2.688000,3.875187,-0.093046
2.688000,2.693847,-0.003615
2.688000,2.863077,0.023417
2.688000,9.807836,0.085336
2.688000,3.321892,-0.062365
2.688000,2.686610,-0.000593
2.688000,3.157642,0.050117
2.688000,11.144629,-0.047517
2.688000,2.930605,-0.030166
2.688000,2.687058,0.002315
2.688000,3.572261,0.078066
2.688000,8.108166,-0.114573
2.688000,2.806936,-0.017459
2.688000,2.706499,0.005511
2.688000,4.377763,0.110520
2.688000,5.579574,-0.128420
2.688000,2.738761,-0.009455
2.688000,2.773768,0.013620
2.688000,6.903695,0.126693
2.688000,3.842814,-0.091625
2.688000,2.693138,-0.003477
2.688000,2.870496,0.024176
2.688000,9.994720,0.081164
2.688000,3.298795,-0.060741
2.688000,2.686808,-0.000404
2.688000,3.186865,0.052419
2.688000,10.918042,-0.055793
2.688000,2.915528,-0.028695
2.688000,2.688157,0.002556
2.688000,3.625226,0.080975
2.688000,7.827974,-0.118070
2.688000,2.798945,-0.016553
2.688000,2.712879,0.006310
2.688000,4.612983,0.116240
2.688000,5.225986,-0.125722
2.688000,2.729392,-0.008320
2.688000,2.783440,0.014749
2.688000,7.263099,0.123912
2.688000,3.748839,-0.087269
2.688000,2.691100,-0.003069
2.688000,2.893103,0.026462
2.688000,10.503971,0.068381
2.688000,3.237347,-0.056265
2.688000,2.687257,0.000091
2.688000,3.262661,0.058135
2.688000,10.293083,-0.073959
2.688000,2.883255,-0.025469
2.688000,2.692379,0.003293
2.688000,3.803045,0.089824
2.688000,7.049283,-0.125662
2.688000,2.777704,-0.014073
2.688000,2.735957,0.009109
2.688000,5.472235,0.127780
2.688000,4.442884,-0.112240
2.688000,2.708306,-0.005730
2.688000,2.805766,0.017320
2.688000,8.066466,0.115117
2.688000,3.579862,-0.078490
2.688000,2.687368,-0.002332
2.688000,2.933259,0.030420
2.688000,11.180063,0.046090
2.688000,3.152878,-0.049734
2.688000,2.686838,0.000655
2.688000,3.334213,0.063216
2.688000,9.709912,-0.087430
2.688000,2.859373,-0.023027
2.688000,2.695277,0.003811
2.688000,3.928314,0.095288
2.688000,6.619671,-0.128297
2.688000,2.766282,-0.012723
2.688000,2.748323,0.010588
2.688000,5.939371,0.129568
2.688000,4.190581,-0.104932
2.688000,2.701691,-0.004830
2.688000,2.823304,0.019232
2.688000,8.650113,0.106763
2.688000,3.481552,-0.072759
2.688000,2.686505,-0.001742
2.688000,2.999225,0.036602
2.688000,11.703136,0.012669
2.688000,3.057360,-0.041769
2.688000,2.686659,0.001332
2.688000,3.426263,0.069316
2.688000,9.021800,-0.100620
2.688000,2.835237,-0.020498
2.688000,2.699905,0.004532
2.688000,4.114993,0.102382
2.688000,6.110850,-0.129634
2.688000,2.752905,-0.011121
2.688000,2.763591,0.012391
2.688000,6.515690,0.128740
2.688000,3.962609,-0.096681
2.688000,2.696237,-0.003932
2.688000,2.858200,0.022900
2.688000,9.677887,0.088102
2.688000,3.338285,-0.063494
2.688000,2.687060,-0.000658
2.688000,3.156042,0.049985
2.688000,11.156726,-0.047034
2.688000,2.931530,-0.030250
2.688000,2.687827,0.002398
2.688000,3.597097,0.079444
2.688000,7.973773,-0.116297
2.688000,2.803133,-0.017017
2.688000,2.711031,0.006065
2.688000,4.542435,0.114664
2.688000,5.322652,-0.126633
2.688000,2.732014,-0.008626
2.688000,2.782408,0.014617
2.688000,7.222931,0.124261
2.688000,3.758682,-0.087740
2.688000,2.691504,-0.003090
2.688000,2.896720,0.026818
2.688000,10.576283,0.066356
2.688000,3.228673,-0.055613
2.688000,2.687607,0.000195
2.688000,3.282781,0.059591
2.688000,10.126515,-0.078069
2.688000,2.876045,-0.024727
2.688000,2.694454,0.003590
2.688000,3.881802,0.093327
2.688000,6.769674,-0.127518
2.688000,2.770347,-0.013184
2.688000,2.746657,0.010371
2.688000,5.873160,0.129463
2.688000,4.221922,-0.105936
2.688000,2.702648,-0.004927
2.688000,2.825144,0.019419
2.688000,8.707255,0.105860
2.688000,3.472751,-0.072220
2.688000,2.686786,-0.001646
2.688000,3.016648,0.038175
2.688000,11.740284,0.004664
2.688000,3.037994,-0.040074
2.688000,2.686837,0.001495
2.688000,3.452213,0.070950
2.688000,8.843474,-0.103648
2.688000,2.829477,-0.019880
2.688000,2.701948,0.004813
2.688000,4.192596,0.104996
2.688000,5.935090,-0.129562
2.688000,2.748316,-0.010563
2.688000,2.769499,0.013078
2.688000,6.736777,0.127702
2.688000,3.891737,-0.093752
2.688000,2.694753,-0.003623
2.688000,2.876301,0.024751
2.688000,10.132236,0.077932
2.688000,3.282094,-0.059541
2.688000,2.687731,-0.000176
2.688000,3.233384,0.055965
2.688000,10.537168,-0.067459
2.688000,2.894779,-0.026622
2.688000,2.692024,0.003165
2.688000,3.778442,0.088677
2.688000,7.144097,-0.124919
2.688000,2.780308,-0.014366
2.688000,2.734923,0.008972
2.688000,5.431291,0.127496
2.688000,4.469068,-0.112901
2.688000,2.709087,-0.005811
2.688000,2.806983,0.017444
2.688000,8.106570,0.114593
2.688000,3.572582,-0.078081
2.688000,2.687513,-0.002264
2.688000,2.944696,0.031514
2.688000,11.319649,0.039983
2.688000,3.133229,-0.048144
2.688000,2.687129,0.000832
2.688000,3.363817,0.065226
2.688000,9.479823,-0.092124
2.688000,2.850977,-0.022144
2.688000,2.698058,0.004198
2.688000,4.033411,0.099426
2.688000,6.316767,-0.129352
2.688000,2.758398,-0.011761
2.688000,2.759997,0.011951
2.688000,6.377322,0.129199
2.688000,4.011089,-0.098579
2.688000,2.697528,-0.004109
2.688000,2.854629,0.022524
2.688000,9.580633,0.090105
2.688000,3.350734,-0.064342
2.688000,2.687216,-0.000728
2.688000,3.148850,0.049408
2.688000,11.209656,-0.044863
2.688000,2.935561,-0.030637
2.688000,2.687945,0.002382
2.688000,3.596784,0.079426
2.688000,7.975480,-0.116275
2.688000,2.803209,-0.017020
2.688000,2.711738,0.006146
2.688000,4.567442,0.115236
2.688000,5.287569,-0.126318
2.688000,2.731104,-0.008510
2.688000,2.783999,0.014797
2.688000,7.280847,0.123754
2.688000,3.744570,-0.087060
2.688000,2.691284,-0.003018
2.688000,2.902845,0.027426
2.688000,10.694055,0.062917
2.688000,3.214458,-0.054536
2.688000,2.687804,0.000321
2.688000,3.303529,0.061068
2.688000,9.956590,-0.082033
2.688000,2.869069,-0.024007
2.688000,2.696314,0.003860
2.688000,3.953297,0.096304
2.688000,6.543508,-0.128628
2.688000,2.764439,-0.012466
2.688000,2.755393,0.011393
2.688000,6.201036,0.129556
2.688000,4.078145,-0.101073
2.688000,2.699241,-0.004362
2.688000,2.847598,0.021786
2.688000,9.383864,0.093993
2.688000,3.376481,-0.066071
2.688000,2.687239,-0.000910
2.688000,3.124378,0.047420
2.688000,11.378587,-0.037107
2.688000,2.950160,-0.032033
2.688000,2.687556,0.002228
2.688000,3.568281,0.077837
2.688000,8.130481,-0.114277
2.688000,2.807701,-0.017519
2.688000,2.709292,0.005829
2.688000,4.475488,0.113060
2.688000,5.421440,-0.127424
2.688000,2.734684,-0.008938
2.688000,2.781229,0.014468
2.688000,7.177409,0.124645
2.688000,3.770026,-0.088279
2.688000,2.691923,-0.003119
2.688000,2.899398,0.027080
2.688000,10.628204,0.064862
2.688000,3.222431,-0.055139
2.688000,2.687922,0.000277
2.688000,3.299373,0.060773
2.688000,9.990505,-0.081259
2.688000,2.870451,-0.024147
2.688000,2.696387,0.003858
2.688000,3.954280,0.096343
2.688000,6.540579,-0.128640
2.688000,2.764381,-0.012455
2.688000,2.756028,0.011464
2.688000,6.224389,0.129524
2.688000,4.068899,-0.100737
2.688000,2.699061,-0.004321
2.688000,2.850295,0.022066
2.688000,9.459782,0.092518
2.688000,3.366458,-0.065401
2.688000,2.687369,-0.000823
2.688000,3.138379,0.048561
2.688000,11.284254,-0.041615
2.688000,2.941640,-0.031218
2.688000,2.687995,0.002343
2.688000,3.592035,0.079163
2.688000,8.000839,-0.115956
2.688000,2.803965,-0.017099
2.688000,2.712026,0.006173
2.688000,4.576794,0.115445
2.688000,5.274694,-0.126198
2.688000,2.730788,-0.008466
2.688000,2.785131,0.014923
2.688000,7.321539,0.123387
2.688000,3.734849,-0.086586
2.688000,2.691177,-0.002964
2.688000,2.908506,0.027984
2.688000,10.796754,0.059756
2.688000,3.201946,-0.053577
2.688000,2.688013,0.000436
2.688000,3.323001,0.062431
2.688000,9.799604,-0.085512
2.688000,2.862928,-0.023368
2.688000,2.698251,0.004132
2.688000,4.026839,0.099176
2.688000,6.334502,-0.129309
2.688000,2.759014,-0.011800
2.688000,2.763802,0.012368
2.688000,6.515653,0.128738
2.688000,3.962679,-0.096679
2.688000,2.696786,-0.003868
2.688000,2.875271,0.024631
2.688000,10.106102,0.078556
2.688000,3.285301,-0.059766
2.688000,2.688394,-0.000121
2.688000,3.251775,0.057327
2.688000,10.384226,-0.071602
2.688000,2.887523,-0.025879
2.688000,2.694643,0.003526
2.688000,3.875706,0.093062
2.688000,6.790229,-0.127399
2.688000,2.771004,-0.013237
2.688000,2.749275,0.010659
2.688000,5.968405,0.129598
2.688000,4.177286,-0.104493
2.688000,2.701720,-0.004738
2.688000,2.836006,0.020564
2.688000,9.042907,0.100251
2.688000,3.423289,-0.069122
2.688000,2.687145,-0.001254
2.688000,3.075820,0.043355
2.688000,11.640270,-0.019887
2.688000,2.984172,-0.035218
2.688000,2.687070,0.001920
2.688000,3.516190,0.074831
2.688000,8.433682,-0.110044
2.688000,2.816723,-0.018507
2.688000,2.705586,0.005332
2.688000,4.334450,0.109312
2.688000,5.655708,-0.128786
2.688000,2.740920,-0.009681
2.688000,2.776122,0.013862
2.688000,6.986011,0.126125
2.688000,3.820061,-0.090599
2.688000,2.693116,-0.003323
2.688000,2.890726,0.026210
2.688000,10.453246,0.069764
2.688000,3.243472,-0.056716
2.688000,2.687967,0.000131
2.688000,3.279684,0.059365
2.688000,10.152242,-0.077449
2.688000,2.877176,-0.024835
2.688000,2.695249,0.003674
2.688000,3.907783,0.094430
2.688000,6.684692,-0.127978
2.688000,2.768165,-0.012910
2.688000,2.751139,0.010890
2.688000,6.040345,0.129641
2.688000,4.145189,-0.103420
2.688000,2.700852,-0.004624
2.688000,2.837654,0.020743
2.688000,9.093194,0.099365
2.688000,3.416179,-0.068667
2.688000,2.687030,-0.001217
2.688000,3.079018,0.043629
2.688000,11.626963,-0.021102
2.688000,2.981680,-0.034989
2.688000,2.686928,0.001921
2.688000,3.514049,0.074706
2.688000,8.446656,-0.109853
2.688000,2.817093,-0.018552
2.688000,2.704806,0.005239
2.688000,4.306645,0.108511
2.688000,5.706654,-0.128993
2.688000,2.742237,-0.009846
2.688000,2.773953,0.013614
2.688000,6.905986,0.126677
2.688000,3.842205,-0.091595
2.688000,2.693505,-0.003430
2.688000,2.882548,0.025389
2.688000,10.276356,0.074382
2.688000,3.264693,-0.058281
2.688000,2.687649,-0.000060
2.688000,3.248059,0.057058
2.688000,10.414870,-0.070793
2.688000,2.888879,-0.026030
2.688000,2.692586,0.003275
2.688000,3.803988,0.089866
2.688000,7.045789,-0.125687
2.688000,2.777668,-0.014056
2.688000,2.737679,0.009304
2.688000,5.535204,0.128173
2.688000,4.404109,-0.111228
2.688000,2.707349,-0.005586
2.688000,2.810082,0.017788
2.688000,8.212568,0.113174
2.688000,3.553712,-0.077011
2.688000,2.687243,-0.002163
2.688000,2.953991,0.032398
2.688000,11.417147,0.035101
2.688000,3.118330,-0.046924
2.688000,2.687085,0.000936
2.688000,3.377599,0.066147
2.688000,9.375391,-0.094156
2.688000,2.847280,-0.021757
2.688000,2.698758,0.004308
2.688000,4.061751,0.100477
2.688000,6.242599,-0.129496
2.688000,2.756450,-0.011527
2.688000,2.762214,0.012211
2.688000,6.460864,0.128940
2.688000,3.981425,-0.097426
2.688000,2.696858,-0.003987
2.688000,2.860533,0.023134
2.688000,9.738782,0.086818
2.688000,3.330601,-0.062962
2.688000,2.687405,-0.000562
2.688000,3.174776,0.051468
2.688000,11.013817,-0.052452
2.688000,2.921629,-0.029283
2.688000,2.688957,0.002605
2.688000,3.645673,0.082060
2.688000,7.726451,-0.119242
2.688000,2.796185,-0.016219
2.688000,2.717751,0.006892
2.688000,4.790333,0.119718
2.688000,5.011751,-0.123183
2.688000,2.723717,-0.007618
2.688000,2.790581,0.015568
2.688000,7.523168,0.121431
2.688000,3.688791,-0.084292
2.688000,2.689975,-0.002785
2.688000,2.913475,0.028480
2.688000,10.882873,0.056970
2.688000,3.191294,-0.052757
2.688000,2.687638,0.000470
2.688000,3.321513,0.062330
2.688000,9.811339,-0.085258
2.688000,2.863335,-0.023419
2.688000,2.696995,0.003982
2.688000,3.983063,0.097490
2.688000,6.456187,-0.128955
2.688000,2.762130,-0.012192
2.688000,2.757717,0.011669
2.688000,6.289102,0.129411
2.688000,4.043862,-0.099816
2.688000,2.698419,-0.004227
2.688000,2.852834,0.022332
2.688000,9.530691,0.091112
2.688000,3.357200,-0.064779
2.688000,2.687357,-0.000758
2.688000,3.147058,0.049263
2.688000,11.222676,-0.044313
2.688000,2.936595,-0.030734
2.688000,2.688150,0.002399
2.688000,3.602576,0.079743
2.688000,7.944932,-0.116655
2.688000,2.802358,-0.016919
2.688000,2.712976,0.006295
2.688000,4.612475,0.116229
2.688000,5.226686,-0.125729
2.688000,2.729498,-0.008312
2.688000,2.786049,0.015032
2.688000,7.355774,0.123070
2.688000,3.726778,-0.086191
2.688000,2.690959,-0.002933
2.688000,2.909127,0.028047
2.688000,10.807817,0.059405
2.688000,3.200583,-0.053473
2.688000,2.687937,0.000437
2.688000,3.321882,0.062354
2.688000,9.808522,-0.085319
2.688000,2.863262,-0.023404
2.688000,2.697939,0.004093
2.688000,4.015685,0.098752
2.688000,6.364790,-0.129232
2.688000,2.759791,-0.011898
2.688000,2.762359,0.012202
2.688000,6.461938,0.128935
2.688000,3.981084,-0.097411
2.688000,2.697144,-0.003951
2.688000,2.869769,0.024072
2.688000,9.973059,0.081658
2.688000,3.301525,-0.060924
2.688000,2.688134,-0.000268
2.688000,3.227173,0.055496
2.688000,10.588965,-0.065994
2.688000,2.897410,-0.026878
2.688000,2.692644,0.003218
2.688000,3.796688,0.089527
2.688000,7.073547,-0.125476
2.688000,2.778479,-0.014136
2.688000,2.738788,0.009423
2.688000,5.574779,0.128394
2.688000,4.380608,-0.110596
2.688000,2.706820,-0.005493
2.688000,2.814333,0.018244
2.688000,8.353964,0.111198
2.688000,3.529457,-0.075609
2.688000,2.687239,-0.001993
2.688000,2.976892,0.034543
2.688000,11.598783,0.023468
2.688000,3.085356,-0.044165
2.688000,2.687255,0.001197
2.688000,3.417073,0.068723
2.688000,9.086933,-0.099476
2.688000,2.837480,-0.020717
2.688000,2.701798,0.004736
2.688000,4.178346,0.104528
2.688000,5.966094,-0.129596
2.688000,2.749240,-0.010649
2.688000,2.771828,0.013327
2.688000,6.820135,0.127220
2.688000,3.866902,-0.092679
2.688000,2.694533,-0.003479
2.688000,2.892133,0.026339
2.688000,10.481239,0.069003
2.688000,3.240147,-0.056463
2.688000,2.688633,0.000233
2.688000,3.304782,0.061150
2.688000,9.946783,-0.082254
2.688000,2.868771,-0.023958
2.688000,2.698829,0.004156
2.688000,4.040331,0.099681
2.688000,6.298565,-0.129390
2.688000,2.758178,-0.011676
2.688000,2.768021,0.012840
2.688000,6.670507,0.128048
2.688000,3.912282,-0.094613
2.688000,2.695991,-0.003619
2.688000,2.896297,0.026742
2.688000,10.564312,0.066693
2.688000,3.230211,-0.055713
2.688000,2.689509,0.000407
2.688000,3.343488,0.063831
2.688000,9.638162,-0.088923
2.688000,2.857033,-0.022716
2.688000,2.704592,0.004914
2.688000,4.253816,0.106921
2.688000,5.808715,-0.129312
2.688000,2.745574,-0.010099
2.688000,2.790233,0.015364
2.688000,7.483443,0.121828
2.688000,3.697824,-0.084727
2.688000,2.693027,-0.002491
2.688000,3.001485,0.036757
2.688000,11.709021,0.011744
2.688000,3.055330,-0.041549
2.688000,2.692320,0.002012
2.688000,3.617040,0.080499
2.688000,7.871356,-0.117545
2.688000,2.801146,-0.016591
2.688000,2.738908,0.009266
2.688000,5.551252,0.128259
2.688000,4.394694,-0.110967
2.688000,2.708355,-0.005409
2.688000,2.849253,0.021887
2.688000,9.420715,0.093278
2.688000,3.371754,-0.065736
2.688000,2.689895,-0.000564
2.688000,3.214799,0.054545
2.688000,10.692121,-0.062972
2.688000,2.902930,-0.027399
2.688000,2.695902,0.003559
2.688000,3.901951,0.094178
2.688000,6.703747,-0.127877
2.688000,2.768949,-0.012940
2.688000,2.758606,0.011716
2.688000,6.313066,0.129358
2.688000,4.034880,-0.099476
2.688000,2.698810,-0.004121
2.688000,2.873080,0.024394
2.688000,10.051976,0.079833
2.688000,3.291916,-0.060235
2.688000,2.688952,-0.000103
2.688000,3.263339,0.058172
2.688000,10.288194,-0.074081
2.688000,2.883210,-0.025430
2.688000,2.696796,0.003810
2.688000,3.954288,0.096341
2.688000,6.540685,-0.128638
2.688000,2.764540,-0.012438
2.688000,2.760530,0.011963
2.688000,6.389057,0.129164
2.688000,4.006905,-0.098414
2.688000,2.697973,-0.004030
2.688000,2.872266,0.024319
2.688000,10.033155,0.080273
2.688000,3.294193,-0.060400
2.688000,2.688599,-0.000161
2.688000,3.249577,0.057163
2.688000,10.402638,-0.071116
2.688000,2.888399,-0.025963
2.688000,2.695018,0.003564
2.688000,3.887570,0.093571
2.688000,6.750643,-0.127625
2.688000,2.769992,-0.013108
2.688000,2.751510,0.010917
2.688000,6.051638,0.129642
2.688000,4.140292,-0.103252
2.688000,2.700880,-0.004588
2.688000,2.842887,0.021286
2.688000,9.247091,0.096574
2.688000,3.394902,-0.067285
2.688000,2.687368,-0.001026
2.688000,3.110554,0.046278
2.688000,11.464691,-0.032457
2.688000,2.959115,-0.032879
2.688000,2.687582,0.002165
2.688000,3.559683,0.077350
2.688000,8.178767,-0.113631
2.688000,2.809142,-0.017673
2.688000,2.709314,0.005821
2.688000,4.474627,0.113038
2.688000,5.422769,-0.127434
2.688000,2.734751,-0.008938
2.688000,2.782140,0.014567
2.688000,7.209889,0.124372
2.688000,3.761932,-0.087893
2.688000,2.691867,-0.003070
2.688000,2.905119,0.027646
2.688000,10.735539,0.061659
2.688000,3.209436,-0.054150
2.688000,2.688178,0.000401
2.688000,3.320846,0.062280
2.688000,9.816925,-0.085136
2.688000,2.863615,-0.023435
2.688000,2.698611,0.004169
2.688000,4.038501,0.099614
2.688000,6.303358,-0.129380
2.688000,2.758229,-0.011699
2.688000,2.765707,0.012585
2.688000,6.586163,0.128446
2.688000,3.939257,-0.095731
2.688000,2.696366,-0.003758
2.688000,2.883429,0.025455
2.688000,10.293425,0.073948
2.688000,3.262702,-0.058126
2.688000,2.688802,0.000090
2.688000,3.287649,0.059931
2.688000,10.086954,-0.079010
2.688000,2.874514,-0.024545
2.688000,2.698080,0.004025
2.688000,4.008108,0.098460
2.688000,6.385748,-0.129174
2.688000,2.760475,-0.011949
2.688000,2.765575,0.012553
2.688000,6.578496,0.128479
2.688000,3.941785,-0.095833
2.688000,2.696610,-0.003747
2.688000,2.888759,0.025987
2.688000,10.408938,0.070948
2.688000,3.248856,-0.057105
2.688000,2.689263,0.000244
2.688000,3.316606,0.061975
2.688000,9.851458,-0.084380
2.688000,2.865083,-0.023561
2.688000,2.701608,0.004507
2.688000,4.140731,0.103262
2.688000,6.050834,-0.129639
2.688000,2.751836,-0.010877
2.688000,2.780178,0.014223
2.688000,7.118041,0.125123
2.688000,3.785283,-0.088983
2.688000,2.694084,-0.002972
2.688000,2.953247,0.032275
2.688000,11.406902,0.035637
2.688000,3.120155,-0.047040
2.688000,2.691518,0.001443
2.688000,3.522496,0.075167
2.688000,8.397393,-0.110565
2.688000,2.816454,-0.018304
2.688000,2.728504,0.007970
2.688000,5.153883,0.124942
2.688000,4.669473,-0.117411
2.688000,2.715664,-0.006356
2.688000,2.835581,0.020413
2.688000,9.014348,0.100744
2.688000,3.427568,-0.069368
2.688000,2.690493,-0.000892
2.688000,3.179319,0.051801
2.688000,10.979349,-0.053674
2.688000,2.919652,-0.029044
2.688000,2.695085,0.003339
2.688000,3.855779,0.092186
2.688000,6.858731,-0.126979
2.688000,2.773119,-0.013420
2.688000,2.755699,0.011361
2.688000,6.201322,0.129553
2.688000,4.078110,-0.101066
2.688000,2.699905,-0.004285
2.688000,2.868255,0.023897
2.688000,9.932918,0.082567
2.688000,3.306507,-0.061269
2.688000,2.688955,-0.000207
2.688000,3.248906,0.057111
2.688000,10.408382,-0.070964
2.688000,2.888703,-0.025987
2.688000,2.695855,0.003659
2.688000,3.915947,0.094768
2.688000,6.658787,-0.128107
2.688000,2.767632,-0.012812
2.688000,2.756263,0.011465
2.688000,6.228917,0.129516
2.688000,4.067149,-0.100671
2.688000,2.699280,-0.004284
2.688000,2.858689,0.022927
2.688000,9.687746,0.087894
2.688000,3.337090,-0.063404
2.688000,2.688027,-0.000536
2.688000,3.188506,0.052537
2.688000,10.905403,-0.056218
2.688000,2.914861,-0.028611
2.688000,2.690652,0.002855
2.688000,3.710223,0.085370
2.688000,7.427483,-0.122387
2.688000,2.788017,-0.015258
2.688000,2.727895,0.008115
2.688000,5.166101,0.125086
2.688000,4.659484,-0.117216
2.688000,2.714264,-0.006451
2.688000,2.801412,0.016808
2.688000,7.911001,0.117072
2.688000,3.609074,-0.080097
2.688000,2.688361,-0.002420
2.688000,2.937174,0.030788
2.688000,11.229845,0.044007
2.688000,3.146069,-0.049182
2.688000,2.687493,0.000781
2.688000,3.362686,0.065147
2.688000,9.488635,-0.091949
2.688000,2.851341,-0.022172
2.688000,2.699245,0.004334
2.688000,4.074106,0.100926
2.688000,6.211225,-0.129542
2.688000,2.755707,-0.011420
2.688000,2.765491,0.012580
2.688000,6.581484,0.128468
2.688000,3.940761,-0.095794
2.688000,2.696154,-0.003793
2.688000,2.875442,0.024654
2.688000,10.110742,0.078446
2.688000,3.284726,-0.059726
2.688000,2.688180,-0.000142
2.688000,3.245359,0.056854
2.688000,10.437609,-0.070185
2.688000,2.890003,-0.026133
2.688000,2.693738,0.003402
2.688000,3.842069,0.091587
2.688000,6.906546,-0.126672
2.688000,2.774045,-0.013608
2.688000,2.744424,0.010092
2.688000,5.786683,0.129257
2.688000,4.264820,-0.107265
2.688000,2.703845,-0.005073
2.688000,2.824228,0.019313
2.688000,8.676911,0.106341
2.688000,3.477434,-0.072504
2.688000,2.687004,-0.001654
2.688000,3.019096,0.038393
2.688000,11.742690,0.003571
2.688000,3.035438,-0.039847
2.688000,2.687034,0.001537
2.688000,3.461417,0.071520
2.688000,8.781973,-0.104657
2.688000,2.827548,-0.019667
2.688000,2.703256,0.004980
2.688000,4.240435,0.106515
2.688000,5.835290,-0.129382
2.688000,2.745729,-0.010243
2.688000,2.773418,0.013529
2.688000,6.882192,0.126832
2.688000,3.848971,-0.091893
2.688000,2.693956,-0.003424
2.688000,2.890487,0.026180
2.688000,10.447569,0.069917
2.688000,3.244170,-0.056765
2.688000,2.688297,0.000164
2.688000,3.289749,0.060085
2.688000,10.069470,-0.079424
2.688000,2.873731,-0.024476
2.688000,2.696813,0.003883
2.688000,3.965329,0.096785
2.688000,6.507824,-0.128768
2.688000,2.763582,-0.012345
2.688000,2.758866,0.011786
2.688000,6.329366,0.129322
2.688000,4.028744,-0.099248
2.688000,2.698267,-0.004143
2.688000,2.861688,0.023241
2.688000,9.767501,0.086204
2.688000,3.327019,-0.062710
2.688000,2.687929,-0.000475
2.688000,3.195250,0.053061
2.688000,10.851082,-0.058014
2.688000,2.911622,-0.028293
2.688000,2.690721,0.002887
2.688000,3.716040,0.085660
2.688000,7.402051,-0.122632
2.688000,2.787308,-0.015179
2.688000,2.728175,0.008152
2.688000,5.177117,0.125208
2.688000,4.650763,-0.117037
2.688000,2.714011,-0.006424
2.688000,2.801147,0.016781
2.688000,7.902236,0.117179
2.688000,3.610758,-0.080189
2.688000,2.688320,-0.002436
2.688000,2.934299,0.030512
2.688000,11.193158,0.045551
2.688000,3.151122,-0.049589
2.688000,2.687403,0.000734
2.688000,3.354588,0.064602
2.688000,9.550869,-0.090706
2.688000,2.853570,-0.022408
2.688000,2.698407,0.004220
2.688000,4.042632,0.099770
2.688000,6.292347,-0.129404
2.688000,2.757810,-0.011678
2.688000,2.762260,0.012206
2.688000,6.460853,0.128939
2.688000,3.981441,-0.097426
2.688000,2.696977,-0.003973
2.688000,2.864228,0.023510
2.688000,9.834234,0.084759
2.688000,3.318661,-0.062131
2.688000,2.687694,-0.000443
2.688000,3.195899,0.053113
2.688000,10.845739,-0.058188
2.688000,2.911290,-0.028264
2.688000,2.690263,0.002835
2.688000,3.700899,0.084904
2.688000,7.468657,-0.121982
2.688000,2.789093,-0.015394
2.688000,2.725384,0.007820
2.688000,5.073816,0.123996
2.688000,4.735672,-0.118716
2.688000,2.716275,-0.006710
2.688000,2.797716,0.016395
2.688000,7.781328,0.118614
2.688000,3.634548,-0.081470
2.688000,2.688706,-0.002557
2.688000,2.924155,0.029530
2.688000,11.051912,0.051064
2.688000,3.169869,-0.051082
2.688000,2.687350,0.000591
2.688000,3.333752,0.063180
2.688000,9.713789,-0.087347
2.688000,2.859582,-0.023036
2.688000,2.696883,0.003997
2.688000,3.983342,0.097502
2.688000,6.455350,-0.128959
2.688000,2.762060,-0.012195
2.688000,2.756375,0.011520
2.688000,6.240020,0.129501
2.688000,4.062754,-0.100514
2.688000,2.698765,-0.004314
2.688000,2.846595,0.021686
2.688000,9.355924,0.094529
2.688000,3.380194,-0.066319
2.688000,2.687043,-0.000959
2.688000,3.114441,0.046603
2.688000,11.441196,-0.033789
2.688000,2.956515,-0.032637
2.688000,2.687138,0.002132
2.688000,3.547541,0.076658
2.688000,8.247959,-0.112688
2.688000,2.811121,-0.017904
2.688000,2.706679,0.005501
2.688000,4.379319,0.110561
2.688000,5.576949,-0.128406
2.688000,2.738778,-0.009437
2.688000,2.776426,0.013912
2.688000,6.999653,0.126028
2.688000,3.816342,-0.090432
2.688000,2.692838,-0.003330
2.688000,2.885405,0.025681
2.688000,10.339977,0.072757
2.688000,3.257042,-0.057721
2.688000,2.687555,-0.000016
2.688000,3.252664,0.057399
2.688000,10.376455,-0.071807
2.688000,2.887079,-0.025850
2.688000,2.692601,0.003290
2.688000,3.806443,0.089979
2.688000,7.036537,-0.125757
2.688000,2.777408,-0.014028
2.688000,2.737591,0.009296
2.688000,5.532318,0.128156
2.688000,4.405847,-0.111274
2.688000,2.707378,-0.005594
2.688000,2.809459,0.017721
2.688000,8.191725,0.113457
2.688000,3.557372,-0.077221
2.688000,2.687238,-0.002189
2.688000,2.950388,0.032057
2.688000,11.381086,0.036981
2.688000,3.123984,-0.047389
2.688000,2.687039,0.000889
2.688000,3.370296,0.065661
2.688000,9.430468,-0.093092
2.688000,2.849211,-0.021961
2.688000,2.698144,0.004222
2.688000,4.038359,0.099612
2.688000,6.303593,-0.129381
2.688000,2.758037,-0.011721
2.688000,2.759952,0.011948
2.688000,6.376118,0.129203
2.688000,4.011522,-0.098596
2.688000,2.697506,-0.004115
2.688000,2.853532,0.022411
2.688000,9.550767,0.090709
2.688000,3.354585,-0.064604
2.688000,2.687137,-0.000765
2.688000,3.142526,0.048899
2.688000,11.255029,-0.042917
2.688000,2.939184,-0.030986
2.688000,2.687685,0.002325
2.688000,3.584207,0.078731
2.688000,8.042928,-0.115420
2.688000,2.805138,-0.017238
2.688000,2.710162,0.005949
2.688000,4.509294,0.113884
2.688000,5.370647,-0.127035
2.688000,2.733308,-0.008778
2.688000,2.781728,0.014533
2.688000,7.196992,0.124481
2.688000,3.765118,-0.088047
2.688000,2.691716,-0.003109
2.688000,2.897404,0.026885
2.688000,10.589587,0.065977
2.688000,3.227077,-0.055492
2.688000,2.687732,0.000221
2.688000,3.288474,0.059998
2.688000,10.079693,-0.079183
2.688000,2.874094,-0.024525
2.688000,2.695150,0.003686
2.688000,3.907771,0.094430
2.688000,6.684698,-0.127979
2.688000,2.768130,-0.012914
2.688000,2.750124,0.010776
2.688000,6.003130,0.129625
2.688000,4.161610,-0.103974
2.688000,2.701192,-0.004694
2.688000,2.833597,0.020317
2.688000,8.970712,0.101503
2.688000,3.433604,-0.069780
2.688000,2.686879,-0.001358
2.688000,3.057301,0.041762
2.688000,11.703318,-0.012641
2.688000,2.999295,-0.036606
2.688000,2.686760,0.001771
2.688000,3.489999,0.073269
2.688000,8.596255,-0.107599
2.688000,2.821670,-0.019049
2.688000,2.703200,0.005017
2.688000,4.245145,0.106663
2.688000,5.825738,-0.129360
2.688000,2.745380,-0.010224
2.688000,2.770826,0.013247
2.688000,6.788700,0.127409
2.688000,3.876121,-0.093083
2.688000,2.694251,-0.003575
2.688000,2.874858,0.024609
2.688000,10.098684,0.078734
2.688000,3.286151,-0.059834
2.688000,2.687460,-0.000237
2.688000,3.220547,0.055001
2.688000,10.643612,-0.064413
2.688000,2.900155,-0.027164
2.688000,2.690794,0.002981
2.688000,3.730847,0.086393
2.688000,7.338361,-0.123233
2.688000,2.785507,-0.014985
2.688000,2.728028,0.008149
2.688000,5.173956,0.125173
2.688000,4.653241,-0.117089
2.688000,2.714001,-0.006441
2.688000,2.798731,0.016522
2.688000,7.819182,0.118173
2.688000,3.626978,-0.081068
2.688000,2.688337,-0.002547
2.688000,2.919585,0.029089
2.688000,10.982701,0.053561
2.688000,3.178725,-0.051781
2.688000,2.687022,0.000488
2.688000,3.314029,0.061813
2.688000,9.871196,-0.083947
2.688000,2.865591,-0.023667
2.688000,2.694647,0.003690
2.688000,3.899866,0.094099
2.688000,6.710115,-0.127847
2.688000,2.768689,-0.013006
2.688000,2.746123,0.010323
2.688000,5.855636,0.129429
2.688000,4.230408,-0.106204
2.688000,2.702733,-0.004974
2.688000,2.820256,0.018903
2.688000,8.551458,0.108285
2.688000,3.497089,-0.073697
2.688000,2.686612,-0.001839
2.688000,2.987810,0.035557
2.688000,11.658313,0.018112
2.688000,3.071176,-0.042960
2.688000,2.686780,0.001245
2.688000,3.416010,0.068658
2.688000,9.094280,-0.099346
2.688000,2.837653,-0.020750
2.688000,2.699849,0.004507
2.688000,4.110352,0.102220
2.688000,6.121971,-0.129628
2.688000,2.753226,-0.011153
2.688000,2.764112,0.012446
2.688000,6.534292,0.128666
2.688000,3.956355,-0.096429
2.688000,2.696166,-0.003898
2.688000,2.861650,0.023253
2.688000,9.768618,0.086181
2.688000,3.326841,-0.062703
2.688000,2.687261,-0.000552
2.688000,3.173822,0.051394
2.688000,11.021203,-0.052186
2.688000,2.922102,-0.029331
2.688000,2.688654,0.002566
2.688000,3.634958,0.081493
2.688000,7.779265,-0.118638
2.688000,2.797644,-0.016390
2.688000,2.715930,0.006671
2.688000,4.723387,0.118483
2.688000,5.088222,-0.124176
2.688000,2.725759,-0.007868
2.688000,2.788381,0.015314
2.688000,7.443057,0.122235
2.688000,3.706666,-0.085194
2.688000,2.690345,-0.002866
2.688000,2.908484,0.027988
2.688000,10.796957,0.059750
2.688000,3.201901,-0.053576
2.688000,2.687618,0.000390
2.688000,3.310121,0.061534
2.688000,9.903035,-0.083239
2.688000,2.866914,-0.023789
2.688000,2.696193,0.003861
2.688000,3.951484,0.096232
2.688000,6.548928,-0.128606
2.688000,2.764552,-0.012486
2.688000,2.754363,0.011277
2.688000,6.163133,0.129598
2.688000,4.093410,-0.101620
2.688000,2.699545,-0.004429
2.688000,2.843372,0.021347
2.688000,9.262595,0.096287
2.688000,3.392772,-0.067148
2.688000,2.687048,-0.001048
2.688000,3.102335,0.045596
2.688000,11.511880,-0.029605
2.688000,2.964665,-0.033405
2.688000,2.687045,0.002061
2.688000,3.535842,0.075983
2.688000,8.316107,-0.111736
2.688000,2.813152,-0.018125
2.688000,2.705959,0.005402
2.688000,4.351640,0.109797
2.688000,5.625026,-0.128647
2.688000,2.740059,-0.009589
2.688000,2.775457,0.013796
2.688000,6.963102,0.126288
2.688000,3.826309,-0.090883
2.688000,2.693088,-0.003370
2.688000,2.884083,0.025546
2.688000,10.310782,0.073507
2.688000,3.260551,-0.057979
2.688000,2.687577,-0.000038
2.688000,3.249883,0.057194
2.688000,10.399640,-0.071197
2.688000,2.888158,-0.025959
2.688000,2.692508,0.003271
2.688000,3.802098,0.089779
2.688000,7.052912,-0.125634
2.688000,2.777848,-0.014080
2.688000,2.737160,0.009244
2.688000,5.516002,0.128059
2.688000,4.415753,-0.111536
2.688000,2.707644,-0.005629
2.688000,2.808999,0.017670
2.688000,8.175996,0.113669
2.688000,3.560152,-0.077379
2.688000,2.687280,-0.002204
2.688000,2.949073,0.031932
2.688000,11.367373,0.037671
2.688000,3.126087,-0.047562
2.688000,2.687048,0.000875
2.688000,3.368451,0.065537
2.688000,9.444478,-0.092818
2.688000,2.849708,-0.022013
2.688000,2.698063,0.004209
2.688000,4.035003,0.099486
2.688000,6.312511,-0.129362
2.688000,2.758272,-0.011749
2.688000,2.759706,0.011919
2.688000,6.366831,0.129228
2.688000,4.014902,-0.098725
2.688000,2.697585,-0.004129
2.688000,2.852944,0.022350
2.688000,9.534579,0.091034
2.688000,3.356682,-0.064746
2.688000,2.687122,-0.000782
2.688000,3.139973,0.048692
2.688000,11.273029,-0.042120
2.688000,2.940675,-0.031129
2.688000,2.687613,0.002305
2.688000,3.580203,0.078508
2.688000,8.064699,-0.115139
2.688000,2.805765,-0.017309
2.688000,2.709721,0.005893
2.688000,4.492914,0.113488
2.688000,5.395015,-0.127226
2.688000,2.733955,-0.008856
2.688000,2.781088,0.014458
2.688000,7.173267,0.124680
2.688000,3.771058,-0.088329
2.688000,2.691844,-0.003135
2.688000,2.895940,0.026738
2.688000,10.560536,0.066802
2.688000,3.230573,-0.055755
2.688000,2.687713,0.000194
2.688000,3.284354,0.059703
2.688000,10.113597,-0.078378
2.688000,2.875512,-0.024671
2.688000,2.694844,0.003639
2.688000,3.895717,0.093921
2.688000,6.723729,-0.127773
2.688000,2.769153,-0.013037
2.688000,2.748692,0.010608
2.688000,5.949311,0.129579
2.688000,4.186014,-0.104781
2.688000,2.701783,-0.004789
2.688000,2.830196,0.019956
2.688000,8.865871,0.103276
2.688000,3.448897,-0.070743
2.688000,2.686835,-0.001472
2.688000,3.041149,0.040352
2.688000,11.736477,-0.005997
2.688000,3.013693,-0.037910
2.688000,2.686771,0.001666
2.688000,3.475321,0.072377
2.688000,8.690517,-0.106126
2.688000,2.824615,-0.019363
2.688000,2.702684,0.004935
2.688000,4.223776,0.105995
2.688000,5.869320,-0.129456
2.688000,2.746549,-0.010359
2.688000,2.770263,0.013176
2.688000,6.766771,0.127535
2.688000,3.882670,-0.093365
2.688000,2.694455,-0.003596
2.688000,2.875269,0.024649
2.688000,10.108222,0.078507
2.688000,3.284998,-0.059751
2.688000,2.687559,-0.000217
2.688000,3.224900,0.055329
2.688000,10.607582,-0.065460
2.688000,2.898305,-0.026978
2.688000,2.691215,0.003044
2.688000,3.747155,0.087186
2.688000,7.270098,-0.123850
2.688000,2.783673,-0.014767
2.688000,2.730414,0.008434
2.688000,5.262880,0.126086
2.688000,4.585438,-0.115638
2.688000,2.712183,-0.006211
2.688000,2.801327,0.016815
2.688000,7.910655,0.117077
2.688000,3.609115,-0.080102
2.688000,2.688022,-0.002460
2.688000,2.926397,0.029753
2.688000,11.085058,0.049825
2.688000,3.165541,-0.050742
2.688000,2.687044,0.000587
2.688000,3.328105,0.062792
2.688000,9.758452,-0.086399
2.688000,2.861236,-0.023216
2.688000,2.695562,0.003830
2.688000,3.936045,0.095605
2.688000,6.595786,-0.128406
2.688000,2.765689,-0.012644
2.688000,2.750099,0.010792
2.688000,6.005281,0.129627
2.688000,4.160629,-0.103942
2.688000,2.701004,-0.004710
2.688000,2.828620,0.019797
2.688000,8.817977,0.104069
2.688000,3.455991,-0.071187
2.688000,2.686580,-0.001552
2.688000,3.026172,0.039028
2.688000,11.746068,0.000431
2.688000,3.028145,-0.039204
2.688000,2.686586,0.001538
2.688000,3.454136,0.071072
2.688000,8.830425,-0.103864
2.688000,2.829019,-0.019839
2.688000,2.700947,0.004700
2.688000,4.158202,0.103861
2.688000,6.010737,-0.129630
2.688000,2.750245,-0.010809
2.688000,2.765613,0.012635
2.688000,6.592853,0.128419
2.688000,3.937000,-0.095644
2.688000,2.695590,-0.003833
2.688000,2.861251,0.023217
2.688000,9.758817,0.086391
2.688000,3.328060,-0.062789
2.688000,2.687054,-0.000585
2.688000,3.165905,0.050770
2.688000,11.082277,-0.049930
2.688000,2.926206,-0.029734
2.688000,2.688049,0.002464
2.688000,3.610241,0.080163
2.688000,7.904813,-0.117148
2.688000,2.801162,-0.016796
2.688000,2.712345,0.006231
2.688000,4.591406,0.115770
2.688000,5.254799,-0.126008
2.688000,2.730200,-0.008408
2.688000,2.783899,0.014793
2.688000,7.278426,0.123776
2.688000,3.745143,-0.087089
2.688000,2.691173,-0.003035
2.688000,2.898845,0.027031
2.688000,10.618108,0.065156
2.688000,3.223631,-0.055233
2.688000,2.687566,0.000227
2.688000,3.286515,0.059859
2.688000,10.095727,-0.078804
2.688000,2.874745,-0.024595
2.688000,2.694567,0.003613
2.688000,3.887083,0.093554
2.688000,6.752109,-0.127618
2.688000,2.769878,-0.013129
2.688000,2.747082,0.010422
2.688000,5.889346,0.129493
2.688000,4.214148,-0.105689
2.688000,2.702445,-0.004899
2.688000,2.825760,0.019485
2.688000,8.726875,0.105547
2.688000,3.469750,-0.072036
2.688000,2.686770,-0.001627
2.688000,3.018995,0.038386
2.688000,11.742617,0.003612
2.688000,3.035523,-0.039856
2.688000,2.686810,0.001510
2.688000,3.453889,0.071055
2.688000,8.832176,-0.103835
2.688000,2.829111,-0.019841
2.688000,2.701911,0.004812
2.688000,4.191717,0.104967
2.688000,5.936976,-0.129564
2.688000,2.748358,-0.010570
2.688000,2.769228,0.013048
2.688000,6.726884,0.127756
2.688000,3.894750,-0.093880
2.688000,2.694797,-0.003638
2.688000,2.874950,0.024614
2.688000,10.100370,0.078693
2.688000,3.285957,-0.059819
2.688000,2.687661,-0.000212
2.688000,3.227281,0.055507
2.688000,10.587863,-0.066026
2.688000,2.897310,-0.026876
2.688000,2.691563,0.003092
2.688000,3.760031,0.087805
2.688000,7.217476,-0.124308
2.688000,2.782269,-0.014599
2.688000,2.732400,0.008671
2.688000,5.336892,0.126755
2.688000,4.532477,-0.114432
2.688000,2.710773,-0.006030
2.688000,2.803805,0.017091
2.688000,7.996963,0.116005
2.688000,3.592743,-0.079204
2.688000,2.687784,-0.002373
2.688000,2.934270,0.030514
2.688000,11.193073,0.045555
2.688000,3.151119,-0.049591
2.688000,2.687096,0.000698
2.688000,3.344473,0.063917
2.688000,9.629355,-0.089108
2.688000,2.856402,-0.022712
2.688000,2.696737,0.004004
2.688000,3.981815,0.097443
2.688000,6.459701,-0.128944
2.688000,2.762131,-0.012213
2.688000,2.754988,0.011365
2.688000,6.189102,0.129571
2.688000,4.082896,-0.101245
2.688000,2.699157,-0.004404
2.688000,2.840723,0.021075
2.688000,9.185820,0.097700
2.688000,3.403268,-0.067835
2.688000,2.686785,-0.001154
2.688000,3.083666,0.044026
2.688000,11.606460,-0.022849
2.688000,2.978117,-0.034662
2.688000,2.686614,0.001911
2.688000,3.507303,0.074308
2.688000,8.487914,-0.109242
2.688000,2.818299,-0.018693
2.688000,2.703048,0.005025
2.688000,4.243668,0.106618
2.688000,5.828682,-0.129368
2.688000,2.745396,-0.010240
2.688000,2.768934,0.013038
2.688000,6.719935,0.127795
2.688000,3.896845,-0.093972
2.688000,2.694533,-0.003683
2.688000,2.864771,0.023584
2.688000,9.850508,0.084404
2.688000,3.316593,-0.061993
2.688000,2.686934,-0.000517
2.688000,3.173348,0.051359
2.688000,11.024776,-0.052057
2.688000,2.922311,-0.029357
2.688000,2.688019,0.002490
2.688000,3.613359,0.080334
2.688000,7.888642,-0.117345
2.688000,2.800683,-0.016746
2.688000,2.712137,0.006211
2.688000,4.584576,0.115619
2.688000,5.264045,-0.126097
2.688000,2.730428,-0.008440
2.688000,2.783138,0.014709
2.688000,7.251001,0.124018
2.688000,3.751789,-0.087410
2.688000,2.691253,-0.003072
2.688000,2.895186,0.026668
2.688000,10.545959,0.067213
2.688000,3.232311,-0.055887
2.688000,2.687424,0.000147
2.688000,3.273146,0.058897
2.688000,10.206100,-0.076135
2.688000,2.879436,-0.025077
2.688000,2.693395,0.003440
2.688000,3.841842,0.091580
2.688000,6.907241,-0.126669
2.688000,2.773953,-0.013622
2.688000,2.741255,0.009736
2.688000,5.670685,0.128850
2.688000,4.326166,-0.109076
2.688000,2.705267,-0.005314
2.688000,2.814158,0.018237
2.688000,8.350073,0.111254
2.688000,3.530091,-0.075648
2.688000,2.686937,-0.002033
2.688000,2.966695,0.033596
2.688000,11.527909,0.028572
2.688000,3.099411,-0.045352
2.688000,2.686984,0.001062
2.688000,3.393681,0.067208
2.688000,9.255884,-0.096412
2.688000,2.843133,-0.021323
2.688000,2.699362,0.004409
2.688000,4.087305,0.101403
2.688000,6.178178,-0.129583
2.688000,2.754744,-0.011326
2.688000,2.763697,0.012389
2.688000,6.517236,0.128733
2.688000,3.962104,-0.096659
2.688000,2.696394,-0.003910
2.688000,2.863555,0.023446
2.688000,9.817574,0.085123
2.688000,3.320725,-0.062277
2.688000,2.687460,-0.000485
2.688000,3.186282,0.052369
2.688000,10.922957,-0.055626
2.688000,2.915883,-0.028720
2.688000,2.689436,0.002704
2.688000,3.667997,0.083226
2.688000,7.619360,-0.120422
2.688000,2.793211,-0.015877
2.688000,2.720528,0.007233
2.688000,4.893619,0.121448
2.688000,4.902906,-0.121594
2.688000,2.720778,-0.007263
2.688000,2.792978,0.015850
2.688000,7.610912,0.120513
2.688000,3.669794,-0.083319
2.688000,2.689479,-0.002712
2.688000,2.915556,0.028688
2.688000,10.917602,0.055807
2.688000,3.186953,-0.052421
2.688000,2.687470,0.000481
2.688000,3.320368,0.062252
2.688000,9.820434,-0.085061
2.688000,2.863667,-0.023457
2.688000,2.696401,0.003910
2.688000,3.962238,0.096665
2.688000,6.516840,-0.128735
2.688000,2.763689,-0.012387
2.688000,2.754804,0.011333
2.688000,6.180374,0.129581
2.688000,4.086419,-0.101371
2.688000,2.699344,-0.004406
2.688000,2.843370,0.021348
2.688000,9.262759,0.096284
2.688000,3.392747,-0.067147
2.688000,2.686995,-0.001054
2.688000,3.100643,0.045455
2.688000,11.521200,-0.029009
2.688000,2.965835,-0.033515
2.688000,2.686958,0.002042
2.688000,3.531711,0.075743
2.688000,8.340469,-0.111391
2.688000,2.813871,-0.018206
2.688000,2.705415,0.005333
2.688000,4.331677,0.109234
2.688000,5.660688,-0.128808
2.688000,2.740993,-0.009704
2.688000,2.774246,0.013656
2.688000,6.918170,0.126596
2.688000,3.838773,-0.091443
2.688000,2.693330,-0.003427
2.688000,2.880242,0.025159
2.688000,10.224540,0.075679
2.688000,3.270923,-0.058736
2.688000,2.687447,-0.000129
2.688000,3.235286,0.056110
2.688000,10.521209,-0.067904
2.688000,2.893965,-0.026545
2.688000,2.691450,0.003104
2.688000,3.759826,0.087796
2.688000,7.218268,-0.124301
2.688000,2.782259,-0.014605
2.688000,2.731502,0.008569
2.688000,5.304186,0.126470
2.688000,4.555506,-0.114965
2.688000,2.711357,-0.006112
2.688000,2.801827,0.016875
2.688000,7.928796,0.116855
2.688000,3.605630,-0.079913
2.688000,2.687884,-0.002451
2.688000,2.925315,0.029649
2.688000,11.069465,0.050412
2.688000,3.167571,-0.050903
2.688000,2.686942,0.000560
2.688000,3.322702,0.062418
2.688000,9.801512,-0.085473
2.688000,2.862873,-0.023388
2.688000,2.694919,0.003742
2.688000,3.912159,0.094617
2.688000,6.670557,-0.128051
2.688000,2.767636,-0.012882
2.688000,2.747093,0.010440
2.688000,5.892547,0.129499
2.688000,4.212601,-0.105641
2.688000,2.702266,-0.004909
2.688000,2.821590,0.019047
2.688000,8.594793,0.107622
2.688000,3.490216,-0.073284
2.688000,2.686562,-0.001796
2.688000,2.992781,0.036013
2.688000,11.679930,0.015723
2.688000,3.065045,-0.042433
2.688000,2.686730,0.001284
2.688000,3.420652,0.068957
2.688000,9.061332,-0.099929
2.688000,2.836552,-0.020635
2.688000,2.699896,0.004521
2.688000,4.113198,0.102319
2.688000,6.115146,-0.129632
2.688000,2.753035,-0.011133
2.688000,2.763962,0.012431
2.688000,6.529073,0.128687
2.688000,3.958103,-0.096500
2.688000,2.696176,-0.003908
2.688000,2.860392,0.023125
2.688000,9.735793,0.086882
2.688000,3.330965,-0.062989
2.688000,2.687183,-0.000591
2.688000,3.167215,0.050873
2.688000,11.072283,-0.050306
2.688000,2.925527,-0.029666
2.688000,2.688322,0.002501
2.688000,3.620141,0.080699
2.688000,7.853913,-0.117762
2.688000,2.799738,-0.016630
2.688000,2.713973,0.006430
2.688000,4.651065,0.117044
2.688000,5.176722,-0.125203
2.688000,2.728127,-0.008155
2.688000,2.786195,0.015059
2.688000,7.362673,0.123006
2.688000,3.725152,-0.086112
2.688000,2.690769,-0.002944
2.688000,2.904670,0.027610
2.688000,10.728141,0.061886
2.688000,3.210310,-0.054221
2.688000,2.687652,0.000333
2.688000,3.302758,0.061015
2.688000,9.962798,-0.081892
2.688000,2.869301,-0.024035
2.688000,2.695823,0.003800
2.688000,3.936132,0.095607
2.688000,6.595602,-0.128406
2.688000,2.765780,-0.012633
2.688000,2.752882,0.011102
2.688000,6.107270,0.129635
2.688000,4.116515,-0.102434
2.688000,2.700095,-0.004520
2.688000,2.839782,0.020970
2.688000,9.157114,0.098220
2.688000,3.407251,-0.068092
2.688000,2.686968,-0.001161
2.688000,3.085697,0.044197
2.688000,11.597143,-0.023599
2.688000,2.976611,-0.034520
2.688000,2.686860,0.001951
2.688000,3.517100,0.074887
2.688000,8.428061,-0.110126
2.688000,2.816513,-0.018493
2.688000,2.704550,0.005213
2.688000,4.298303,0.108267
2.688000,5.722272,-0.129050
2.688000,2.742628,-0.009898
2.688000,2.772904,0.013496
2.688000,6.867523,0.126927
2.688000,3.853125,-0.092080
2.688000,2.693676,-0.003485
2.688000,2.877898,0.024920
2.688000,10.170451,0.077008
2.688000,3.277452,-0.059209
2.688000,2.687436,-0.000177
2.688000,3.228434,0.055596
2.688000,10.578191,-0.066302
2.688000,2.896801,-0.026829
2.688000,2.691100,0.003042
2.688000,3.744851,0.087075
2.688000,7.279612,-0.123766
2.688000,2.783912,-0.014799
2.688000,2.729635,0.008344
2.688000,5.234265,0.125806
2.688000,4.606736,-0.116105
2.688000,2.712738,-0.006285
2.688000,2.800017,0.016670
2.688000,7.865024,0.117629
2.688000,3.617955,-0.080582
2.688000,2.688122,-0.002510
2.688000,2.921246,0.029252
2.688000,11.008497,0.052644
2.688000,3.175435,-0.051523
2.688000,2.686958,0.000505
2.688000,3.315275,0.061900
2.688000,9.861133,-0.084170
2.688000,2.865189,-0.023627
2.688000,2.694529,0.003679
2.688000,3.896243,0.093946
2.688000,6.721905,-0.127784
2.688000,2.768989,-0.013044
2.688000,2.745439,0.010244
2.688000,5.830197,0.129372
2.688000,4.242917,-0.106595
2.688000,2.703035,-0.005022
2.688000,2.818541,0.018719
2.688000,8.495774,0.109125
2.688000,3.506031,-0.074232
2.688000,2.686619,-0.001901
2.688000,2.979476,0.034788
2.688000,11.614524,0.022178
2.688000,3.081870,-0.043873
2.688000,2.686789,0.001168
2.688000,3.405267,0.067965
2.688000,9.171351,-0.097963
2.688000,2.840235,-0.021023
2.688000,2.699287,0.004422
2.688000,4.087951,0.101427
2.688000,6.176551,-0.129585
2.688000,2.754660,-0.011325
2.688000,2.762542,0.012261
2.688000,6.475130,0.128890
2.688000,3.976471,-0.097232
2.688000,2.696619,-0.003981
2.688000,2.857573,0.022833
2.688000,9.660817,0.088457
2.688000,3.340461,-0.063642
2.688000,2.687136,-0.000664
2.688000,3.156369,0.050011
2.688000,11.154318,-0.047131
2.688000,2.931357,-0.030232
2.688000,2.687970,0.002417
2.688000,3.602092,0.079718
2.688000,7.947407,-0.116625
2.688000,2.802391,-0.016931
2.688000,2.711888,0.006169
2.688000,4.573730,0.115377
2.688000,5.278887,-0.126238
2.688000,2.730858,-0.008484
2.688000,2.783773,0.014774
2.688000,7.273104,0.123823
2.688000,3.746434,-0.087151
2.688000,2.691266,-0.003033
2.688000,2.900564,0.027201
2.688000,10.651060,0.064194
2.688000,3.219659,-0.054931
2.688000,2.687688,0.000270
2.688000,3.294519,0.060430
2.688000,10.030078,-0.080345
2.688000,2.872038,-0.024315
2.688000,2.695405,0.003731
2.688000,3.918794,0.094891
2.688000,6.649614,-0.128154
2.688000,2.767202,-0.012803
2.688000,2.751155,0.010899
2.688000,6.042131,0.129641
2.688000,4.144401,-0.103394
2.688000,2.700768,-0.004629
2.688000,2.835753,0.020545
2.688000,9.036371,0.100366
2.688000,3.424202,-0.069182
2.688000,2.686898,-0.001289
2.688000,3.067003,0.042601
2.688000,11.673337,-0.016488
2.688000,2.991191,-0.035866
2.688000,2.686762,0.001831
2.688000,3.498552,0.073784
2.688000,8.542354,-0.108423
2.688000,2.820001,-0.018870
2.688000,2.703507,0.005066
2.688000,4.257768,0.107051
2.688000,5.800542,-0.129296
2.688000,2.744703,-0.010145
2.688000,2.771140,0.013286
2.688000,6.800933,0.127337
2.688000,3.872496,-0.092926
2.688000,2.694135,-0.003564
2.688000,2.874536,0.024578
2.688000,10.091163,0.078912
2.688000,3.287061,-0.059900
2.688000,2.687399,-0.000250
2.688000,3.217653,0.054782
2.688000,10.667524,-0.063709
2.688000,2.901401,-0.027289
2.688000,2.690530,0.002940
2.688000,3.720546,0.085886
2.688000,7.382424,-0.122820
2.688000,2.786695,-0.015125
2.688000,2.726528,0.007969
2.688000,5.118118,0.124537
2.688000,4.698358,-0.117998
2.688000,2.715215,-0.006592
2.688000,2.797217,0.016350
2.688000,7.765377,0.118799
2.688000,3.637743,-0.081642
2.688000,2.688549,-0.002597
2.688000,2.916201,0.028758
2.688000,10.928719,0.055431
2.688000,3.185538,-0.052314
2.688000,2.687026,0.000439
2.688000,3.307264,0.061338
2.688000,9.925902,-0.082728
2.688000,2.867753,-0.023889
2.688000,2.694259,0.003629
2.688000,3.884180,0.093431
2.688000,6.761666,-0.127565
2.688000,2.770047,-0.013168
2.688000,2.744405,0.010120
2.688000,5.790970,0.129270
2.688000,4.262606,-0.107199
2.688000,2.703551,-0.005093
2.688000,2.817101,0.018563
2.688000,8.448438,0.109827
2.688000,3.513741,-0.074689
2.688000,2.686680,-0.001948
2.688000,2.974067,0.034285
2.688000,11.580828,0.024860
2.688000,3.089115,-0.044487
2.688000,2.686827,0.001119
2.688000,3.399069,0.067561
2.688000,9.216371,-0.097141
2.688000,2.841764,-0.021183
2.688000,2.699081,0.004387
2.688000,4.079113,0.101109
2.688000,6.198556,-0.129560
2.688000,2.755245,-0.011394
2.688000,2.762105,0.012208
2.688000,6.458428,0.128948
2.688000,3.982260,-0.097460
2.688000,2.696767,-0.004003
2.688000,2.856930,0.022766
2.688000,9.643483,0.088816
2.688000,3.342671,-0.063793
2.688000,2.687139,-0.000680
2.688000,3.154289,0.049845
2.688000,11.169753,-0.046509
2.688000,2.932505,-0.030343
2.688000,2.687928,0.002403
2.688000,3.599471,0.079574
2.688000,7.961229,-0.116453
2.688000,2.802787,-0.016975
2.688000,2.711639,0.006138
2.688000,4.564423,0.115168
2.688000,5.291751,-0.126357
2.688000,2.731202,-0.008525
2.688000,2.783504,0.014743
2.688000,7.263080,0.123912
2.688000,3.748863,-0.087268
2.688000,2.691328,-0.003043
2.688000,2.900244,0.027169
2.688000,10.644903,0.064375
2.688000,3.220403,-0.054988
2.688000,2.687701,0.000266
2.688000,3.294161,0.060405
2.688000,10.033009,-0.080277
2.688000,2.872160,-0.024327
2.688000,2.695417,0.003731
2.688000,3.919062,0.094902
2.688000,6.648770,-0.128158
2.688000,2.767182,-0.012800
2.688000,2.751237,0.010908
2.688000,6.045168,0.129642
2.688000,4.143078,-0.103349
2.688000,2.700739,-0.004623
2.688000,2.836037,0.020575
2.688000,9.044933,0.100216
2.688000,3.422987,-0.069105
2.688000,2.686907,-0.001280
2.688000,3.068476,0.042727
2.688000,11.668179,-0.017062
2.688000,2.989994,-0.035756
2.688000,2.686772,0.001841
2.688000,3.500122,0.073878
2.688000,8.532546,-0.108572
2.688000,2.819701,-0.018837
2.688000,2.703604,0.005079
2.688000,4.261530,0.107166
2.688000,5.793110,-0.129275
2.688000,2.744507,-0.010122
2.688000,2.771329,0.013309
2.688000,6.808064,0.127294
2.688000,3.870394,-0.092835
2.688000,2.694087,-0.003555
2.688000,2.874981,0.024623
2.688000,10.101754,0.078661
2.688000,3.285775,-0.059808
2.688000,2.687409,-0.000240
2.688000,3.219268,0.054904
2.688000,10.654174,-0.064103
2.688000,2.900701,-0.027219
2.688000,2.690623,0.002957
2.688000,3.724472,0.086080
2.688000,7.365538,-0.122980
2.688000,2.786237,-0.015072
2.688000,2.727046,0.008031
2.688000,5.137462,0.124763
2.688000,4.682494,-0.117683
2.688000,2.714786,-0.006539
2.688000,2.797681,0.016403
2.688000,7.781969,0.118607
2.688000,3.634402,-0.081464
2.688000,2.688475,-0.002583
2.688000,2.916987,0.028835
2.688000,10.941459,0.054995
2.688000,3.183937,-0.052189
2.688000,2.687013,0.000450
2.688000,3.308471,0.061423
2.688000,9.916115,-0.082947
2.688000,2.867362,-0.023850
2.688000,2.694293,0.003636
2.688000,3.885763,0.093499
2.688000,6.756408,-0.127594
2.688000,2.769907,-0.013152
2.688000,2.744526,0.010135
2.688000,5.795570,0.129283
2.688000,4.260271,-0.107128
2.688000,2.703488,-0.005084
2.688000,2.817236,0.018578
2.688000,8.452908,0.109762
2.688000,3.513008,-0.074646
2.688000,2.686671,-0.001944
2.688000,2.974493,0.034325
2.688000,11.583635,0.024648
2.688000,3.088535,-0.044438
2.688000,2.686822,0.001123
2.688000,3.399487,0.067589
2.688000,9.213320,-0.097197
2.688000,2.841659,-0.021173
2.688000,2.699085,0.004388
2.688000,4.079348,0.101118
2.688000,6.197967,-0.129561
2.688000,2.755229,-0.011392
2.688000,2.762090,0.012207
2.688000,6.457901,0.128950
2.688000,3.982444,-0.097467
2.688000,2.696768,-0.004004
2.688000,2.856815,0.022754
2.688000,9.640392,0.088880
2.688000,3.343065,-0.063820
2.688000,2.687132,-0.000683
2.688000,3.153675,0.049796
2.688000,11.174291,-0.046325
2.688000,2.932846,-0.030376
2.688000,2.687902,0.002398
2.688000,3.598237,0.079507
2.688000,7.967754,-0.116372
2.688000,2.802973,-0.016997
2.688000,2.711484,0.006118
2.688000,4.558680,0.115037
2.688000,5.299753,-0.126429
2.688000,2.731415,-0.008551
2.688000,2.783291,0.014718
2.688000,7.255200,0.123981
2.688000,3.750778,-0.087360
2.688000,2.691368,-0.003051
2.688000,2.899761,0.027121
2.688000,10.635619,0.064647
2.688000,3.221525,-0.055073
2.688000,2.687696,0.000257
2.688000,3.292871,0.060313
2.688000,10.043583,-0.080031
2.688000,2.872594,-0.024372
2.688000,2.695322,0.003717
2.688000,3.915323,0.094746
2.688000,6.660600,-0.128100
2.688000,2.767492,-0.012838
2.688000,2.750803,0.010857
2.688000,6.028862,0.129638
2.688000,4.150212,-0.103591
2.688000,2.700909,-0.004651
2.688000,2.834956,0.020461
2.688000,9.012186,0.100787
2.688000,3.427650,-0.069402
2.688000,2.686887,-0.001315
2.688000,3.063312,0.042282
2.688000,11.685572,-0.015037
2.688000,2.994228,-0.036144
2.688000,2.686755,0.001808
2.688000,3.495132,0.073579
2.688000,8.563811,-0.108097
2.688000,2.820663,-0.018941
2.688000,2.703357,0.005043
2.688000,4.251769,0.106867
2.688000,5.812466,-0.129327
2.688000,2.745021,-0.010183
2.688000,2.770927,0.013260
2.688000,6.792814,0.127385
2.688000,3.874898,-0.093030
2.688000,2.694198,-0.003572
2.688000,2.874332,0.024556
2.688000,10.086257,0.079029
2.688000,3.287658,-0.059943
2.688000,2.687409,-0.000253
2.688000,3.217389,0.054762
2.688000,10.669703,-0.063644
2.688000,2.901517,-0.027301
2.688000,2.690541,0.002941
2.688000,3.720800,0.085898
2.688000,7.381331,-0.122831
2.688000,2.786667,-0.015122
2.688000,2.726600,0.007977
2.688000,5.120773,0.124569
2.688000,4.696166,-0.117955
2.688000,2.715157,-0.006585
2.688000,2.797322,0.016361
2.688000,7.769078,0.118756
2.688000,3.636996,-0.081602
2.688000,2.688539,-0.002593
2.688000,2.916561,0.028793
2.688000,10.934552,0.055232
2.688000,3.184806,-0.052257
2.688000,2.687032,0.000445
2.688000,3.308202,0.061404
2.688000,9.918305,-0.082898
2.688000,2.867452,-0.023858
2.688000,2.694332,0.003640
2.688000,3.887013,0.093553
2.688000,6.752265,-0.127618
2.688000,2.769801,-0.013139
2.688000,2.744748,0.010160
2.688000,5.803827,0.129305
2.688000,4.256099,-0.107001
2.688000,2.703386,-0.005068
2.688000,2.817757,0.018634
2.688000,8.469943,0.109510
2.688000,3.510227,-0.074481
2.688000,2.686666,-0.001925
2.688000,2.976972,0.034555
2.688000,11.599446,0.023416
2.688000,3.085195,-0.044155
2.688000,2.686822,0.001147
2.688000,3.402941,0.067813
2.688000,9.188212,-0.097656
2.688000,2.840809,-0.021083
2.688000,2.699284,0.004418
2.688000,4.087192,0.101399
2.688000,6.178436,-0.129583
2.688000,2.754717,-0.011330
2.688000,2.762694,0.012278
2.688000,6.480608,0.128871
2.688000,3.974585,-0.097157
2.688000,2.696593,-0.003971
2.688000,2.858467,0.022924
2.688000,9.684601,0.087961
2.688000,3.337440,-0.063435
2.688000,2.687186,-0.000637
2.688000,3.160963,0.050377
2.688000,11.119880,-0.048489
2.688000,2.928860,-0.029989
2.688000,2.688169,0.002459
2.688000,3.611449,0.080228
2.688000,7.898590,-0.117224
2.688000,2.801007,-0.016773
2.688000,2.713076,0.006317
2.688000,4.617625,0.116340
2.688000,5.219893,-0.125660
2.688000,2.729286,-0.008294
2.688000,2.785302,0.014953
2.688000,7.329510,0.123314
2.688000,3.732947,-0.086495
2.688000,2.690971,-0.002974
2.688000,2.903779,0.027520
2.688000,10.711605,0.062388
2.688000,3.212323,-0.054374
2.688000,2.687705,0.000325
2.688000,3.302439,0.060992
2.688000,9.965421,-0.081833
2.688000,2.869413,-0.024045
2.688000,2.695955,0.003815
2.688000,3.940547,0.095787
2.688000,6.582078,-0.128466
2.688000,2.765434,-0.012590
2.688000,2.753590,0.011184
2.688000,6.133662,0.129621
2.688000,4.105511,-0.102049
2.688000,2.699850,-0.004475
2.688000,2.841996,0.021202
2.688000,9.222298,0.097032
2.688000,3.398270,-0.067508
2.688000,2.687041,-0.001088
2.688000,3.096774,0.045130
2.688000,11.542018,-0.027630
2.688000,2.968559,-0.033769
2.688000,2.687002,0.002027
2.688000,3.530314,0.075661
2.688000,8.348771,-0.111272
2.688000,2.814131,-0.018232
2.688000,2.705612,0.005354
2.688000,4.338324,0.109423
2.688000,5.648723,-0.128755
2.688000,2.740689,-0.009664
2.688000,2.774945,0.013735
2.688000,6.943792,0.126421
2.688000,3.831638,-0.091123
2.688000,2.693216,-0.003391
2.688000,2.883211,0.025458
2.688000,10.291375,0.074002
2.688000,3.262883,-0.058149
2.688000,2.687577,-0.000055
2.688000,3.247528,0.057020
2.688000,10.419263,-0.070676
2.688000,2.889078,-0.026051
2.688000,2.692382,0.003250
2.688000,3.796798,0.089535
2.688000,7.073036,-0.125480
2.688000,2.778384,-0.014143
2.688000,2.736517,0.009167
2.688000,5.491870,0.127908
2.688000,4.430613,-0.111924
2.688000,2.708037,-0.005680
2.688000,2.808154,0.017577
2.688000,8.147205,0.114055
2.688000,3.565273,-0.077669
2.688000,2.687339,-0.002233
2.688000,2.946124,0.031651
2.688000,11.335617,0.039224
2.688000,3.130866,-0.047952
2.688000,2.687044,0.000839
2.688000,3.363438,0.065201
2.688000,9.482681,-0.092067
2.688000,2.851068,-0.022156
2.688000,2.697740,0.004161
2.688000,4.022330,0.099008
2.688000,6.346572,-0.129281
2.688000,2.759162,-0.011857
2.688000,2.758550,0.011784
2.688000,6.323373,0.129337
2.688000,4.030935,-0.099333
2.688000,2.697945,-0.004195
2.688000,2.849697,0.022013
2.688000,9.444292,0.092822
2.688000,3.368473,-0.065539
2.688000,2.687014,-0.000879
2.688000,3.124970,0.047470
2.688000,11.374667,-0.037305
2.688000,2.949767,-0.031998
2.688000,2.687212,0.002191
2.688000,3.557143,0.077208
2.688000,8.193012,-0.113440
2.688000,2.809492,-0.017726
2.688000,2.707229,0.005577
2.688000,4.400566,0.111134
2.688000,5.541091,-0.128207
2.688000,2.737819,-0.009324
2.688000,2.777036,0.013986
2.688000,7.022857,0.125858
2.688000,3.810094,-0.090147
2.688000,2.692664,-0.003308
2.688000,2.885705,0.025712
2.688000,10.346672,0.072584
2.688000,3.256236,-0.057663
2.688000,2.687504,-0.000016
2.688000,3.251798,0.057336
2.688000,10.383645,-0.071619
2.688000,2.887407,-0.025884
2.688000,2.692427,0.003267
2.688000,3.800151,0.089690
2.688000,7.060272,-0.125578
2.688000,2.778033,-0.014104
2.688000,2.736623,0.009182
2.688000,5.496172,0.127935
2.688000,4.427943,-0.111854
2.688000,2.707953,-0.005673
2.688000,2.807904,0.017551
2.688000,8.138927,0.114166
2.688000,3.566751,-0.077753
2.688000,2.687322,-0.002245
2.688000,2.944168,0.031465
2.688000,11.313776,0.040258
2.688000,3.134085,-0.048215
2.688000,2.687004,0.000811
2.688000,3.358822,0.064891
2.688000,9.518052,-0.091365
2.688000,2.852332,-0.022289
2.688000,2.697316,0.004102
2.688000,4.006308,0.098396
2.688000,6.390514,-0.129162
2.688000,2.760305,-0.011996
2.688000,2.756866,0.011588
2.688000,6.260239,0.129467
2.688000,4.054895,-0.100226
2.688000,2.698479,-0.004294
2.688000,2.844762,0.021499
2.688000,9.303838,0.095516
2.688000,3.387175,-0.066782
2.688000,2.686851,-0.001031
2.688000,3.101442,0.045523
2.688000,11.516775,-0.029293
2.688000,2.965265,-0.033463
2.688000,2.686759,0.002023
2.688000,3.525627,0.075389
2.688000,8.376618,-0.110874
2.688000,2.814929,-0.018327
2.688000,2.704243,0.005189
2.688000,4.289329,0.108003
2.688000,5.739242,-0.129110
2.688000,2.743035,-0.009957
2.688000,2.771249,0.013311
2.688000,6.807027,0.127301
2.688000,3.870684,-0.092849
2.688000,2.693939,-0.003574
2.688000,2.870090,0.024129
2.688000,9.983996,0.081409
2.688000,3.300123,-0.060833
2.688000,2.687060,-0.000384
2.688000,3.193696,0.052948
2.688000,10.863290,-0.057616
2.688000,2.912265,-0.028370
2.688000,2.688882,0.002666
2.688000,3.653162,0.082456
2.688000,7.689990,-0.119651
2.688000,2.795113,-0.016108
2.688000,2.717115,0.006827
2.688000,4.768816,0.119331
2.688000,5.035778,-0.123506
2.688000,2.724314,-0.007702
2.688000,2.788516,0.015340
2.688000,7.449628,0.122171
2.688000,3.705165,-0.085120
2.688000,2.690140,-0.002879
2.688000,2.903442,0.027494
2.688000,10.706005,0.062558
2.688000,3.212983,-0.054427
2.688000,2.687312,0.000274
2.688000,3.288923,0.060034
2.688000,10.075810,-0.079275
2.688000,2.873886,-0.024513
2.688000,2.694002,0.003553
2.688000,3.868672,0.092761
2.688000,6.813906,-0.127259
2.688000,2.771469,-0.013329
2.688000,2.743894,0.010052
2.688000,5.770459,0.129210
2.688000,4.273104,-0.107517
2.688000,2.703879,-0.005124
2.688000,2.817981,0.018654
2.688000,8.476635,0.109410
2.688000,3.509145,-0.074416
2.688000,2.686771,-0.001905
2.688000,2.981354,0.034960
2.688000,11.625198,0.021258
2.688000,3.079426,-0.043664
2.688000,2.686908,0.001199
2.688000,3.411712,0.068381
2.688000,9.125028,-0.098798
2.688000,2.838698,-0.020857
2.688000,2.700114,0.004530
2.688000,4.118372,0.102499
2.688000,6.102847,-0.129637
2.688000,2.752753,-0.011090
2.688000,2.765519,0.012605
2.688000,6.586249,0.128448
2.688000,3.939176,-0.095732
2.688000,2.695856,-0.003817
2.688000,2.867588,0.023860
2.688000,9.920233,0.082854
2.688000,3.307993,-0.061385
2.688000,2.687551,-0.000383
2.688000,3.201821,0.053571
2.688000,10.797580,-0.059730
2.688000,2.908513,-0.027992
2.688000,2.690200,0.002849
2.688000,3.701721,0.084946
2.688000,7.464967,-0.122019
2.688000,2.788971,-0.015385
2.688000,2.724886,0.007764
2.688000,5.055948,0.123769
2.688000,4.751109,-0.119005
2.688000,2.716672,-0.006764
2.688000,2.796650,0.016277
2.688000,7.743931,0.119044
2.688000,3.642099,-0.081872
2.688000,2.688784,-0.002600
2.688000,2.919512,0.029079
2.688000,10.981263,0.053611
2.688000,3.178919,-0.051795
2.688000,2.687249,0.000514
2.688000,3.321290,0.062318
2.688000,9.812950,-0.085224
2.688000,2.863351,-0.023430
2.688000,2.695783,0.003840
2.688000,3.941303,0.095820
2.688000,6.579708,-0.128477
2.688000,2.765300,-0.012590
2.688000,2.751606,0.010963
2.688000,6.061060,0.129644
2.688000,4.136176,-0.103114
2.688000,2.700463,-0.004609
2.688000,2.833629,0.020326
2.688000,8.972514,0.101472
2.688000,3.433333,-0.069764
2.688000,2.686707,-0.001377
2.688000,3.052046,0.041307
2.688000,11.716499,-0.010516
2.688000,3.003836,-0.037021
2.688000,2.686581,0.001717
2.688000,3.479287,0.072621
2.688000,8.664747,-0.106533
2.688000,2.823775,-0.019280
2.688000,2.701964,0.004858
2.688000,4.199562,0.105222
2.688000,5.920122,-0.129542
2.688000,2.747837,-0.010525
2.688000,2.767422,0.012853
2.688000,6.661808,0.128095
2.688000,3.914913,-0.094732
2.688000,2.695031,-0.003748
2.688000,2.863866,0.023488
2.688000,9.826922,0.084920
2.688000,3.319535,-0.062197
2.688000,2.687040,-0.000526
2.688000,3.173863,0.051399
2.688000,11.020797,-0.052201
2.688000,2.922058,-0.029330
2.688000,2.688234,0.002517
2.688000,3.620859,0.080739
2.688000,7.850208,-0.117806
2.688000,2.799610,-0.016621
2.688000,2.713412,0.006366
2.688000,4.631226,0.116629
2.688000,5.202148,-0.125476
2.688000,2.728787,-0.008239
2.688000,2.784984,0.014922
2.688000,7.318813,0.123412
2.688000,3.735474,-0.086619
2.688000,2.690924,-0.002997
2.688000,2.899952,0.027143
2.688000,10.639634,0.064530
2.688000,3.221030,-0.055037
2.688000,2.687508,0.000239
2.688000,3.287239,0.059912
2.688000,10.089744,-0.078946
2.688000,2.874489,-0.024570
2.688000,2.694450,0.003601
2.688000,3.883343,0.093394
2.688000,6.764523,-0.127548
2.688000,2.770196,-0.013169
2.688000,2.746409,0.010344
2.688000,5.864257,0.129446
2.688000,4.226228,-0.106072
2.688000,2.702735,-0.004946
2.688000,2.824007,0.019299
2.688000,8.671204,0.106431
2.688000,3.478299,-0.072559
2.688000,2.686756,-0.001689
2.688000,3.010355,0.037609
2.688000,11.730980,0.007516
2.688000,3.044776,-0.040670
2.688000,2.686836,0.001445
2.688000,3.445147,0.070508
2.688000,8.891347,-0.102850
2.688000,2.831016,-0.020044
2.688000,2.701600,0.004761
2.688000,4.178719,0.104542
2.688000,5.965216,-0.129596
2.688000,2.749112,-0.010658
2.688000,2.768770,0.012992
2.688000,6.709252,0.127851
2.688000,3.900161,-0.094109
2.688000,2.694946,-0.003658
2.688000,2.874648,0.024583
2.688000,10.093072,0.078867
2.688000,3.286845,-0.059882
2.688000,2.687695,-0.000214
2.688000,3.227493,0.055523
2.688000,10.586118,-0.066076
2.688000,2.897225,-0.026867
2.688000,2.691651,0.003103
2.688000,3.763103,0.087951
2.688000,7.205084,-0.124413
2.688000,2.781940,-0.014559
2.688000,2.732912,0.008731
2.688000,5.355934,0.126915
2.688000,4.519327,-0.114123
2.688000,2.710425,-0.005984
2.688000,2.804518,0.017170
2.688000,8.021594,0.115693
2.688000,3.588153,-0.078950
2.688000,2.687727,-0.002348
2.688000,2.936794,0.030756
2.688000,11.225414,0.044197
2.688000,3.146667,-0.049233
2.688000,2.687115,0.000733
2.688000,3.349644,0.064269
2.688000,9.589057,-0.089933
2.688000,2.854924,-0.022557
2.688000,2.697123,0.004060
2.688000,3.996771,0.098027
2.688000,6.417174,-0.129083
2.688000,2.761022,-0.012079
2.688000,2.756532,0.011546
2.688000,6.247106,0.129489
2.688000,4.059986,-0.100413
2.688000,2.698631,-0.004311
2.688000,2.844928,0.021515
2.688000,9.308451,0.095429
2.688000,3.386557,-0.066741
2.688000,2.686902,-0.001021
2.688000,3.103692,0.045711
2.688000,11.504260,-0.030084
2.688000,2.963716,-0.033317
2.688000,2.686844,0.002044
2.688000,3.530134,0.075652
2.688000,8.349774,-0.111258
2.688000,2.814131,-0.018238
2.688000,2.704787,0.005259
2.688000,4.309345,0.108591
2.688000,5.701607,-0.128974
2.688000,2.742051,-0.009836
2.688000,2.772525,0.013459
2.688000,6.854527,0.127010
2.688000,3.856850,-0.092244
2.688000,2.693661,-0.003512
2.688000,2.874015,0.024529
2.688000,10.079217,0.079195
2.688000,3.288503,-0.060005
2.688000,2.687198,-0.000284
2.688000,3.209722,0.054179
2.688000,10.732778,-0.061745
2.688000,2.904882,-0.027639
2.688000,2.689762,0.002824
2.688000,3.690809,0.084397
2.688000,7.513910,-0.121527
2.688000,2.790261,-0.015546
2.688000,2.722124,0.007438
2.688000,4.954627,0.122376
2.688000,4.843284,-0.120631
2.688000,2.719121,-0.007073
2.688000,2.792985,0.015863
2.688000,7.613243,0.120488
2.688000,3.669279,-0.083295
2.688000,2.689236,-0.002736
2.688000,2.908389,0.027988
2.688000,10.796096,0.059778
2.688000,3.201980,-0.053587
2.688000,2.687090,0.000328
2.688000,3.292763,0.060310
2.688000,10.044195,-0.080018
2.688000,2.872552,-0.024381
2.688000,2.693601,0.003516
2.688000,3.856417,0.092226
2.688000,6.856014,-0.127000
2.688000,2.772548,-0.013465
2.688000,2.741538,0.009778
2.688000,5.682776,0.128900
2.688000,4.319540,-0.108886
2.688000,2.705030,-0.005298
2.688000,2.812659,0.018080
2.688000,8.300924,0.111950
2.688000,3.538414,-0.076133
2.688000,2.686859,-0.002101
2.688000,2.956331,0.032622
2.688000,11.439596,0.033879
2.688000,3.114694,-0.046625
2.688000,2.686856,0.000935
2.688000,3.373781,0.065895
2.688000,9.404033,-0.093605
2.688000,2.848254,-0.021866
2.688000,2.697707,0.004178
2.688000,4.024309,0.099084
2.688000,6.341186,-0.129294
2.688000,2.758987,-0.011844
2.688000,2.757716,0.011693
2.688000,6.293065,0.129404
2.688000,4.042330,-0.099761
2.688000,2.698139,-0.004249
2.688000,2.845496,0.021578
2.688000,9.325268,0.095112
2.688000,3.384288,-0.066592
2.688000,2.686805,-0.001016
2.688000,3.102768,0.045634
2.688000,11.509408,-0.029761
2.688000,2.964343,-0.033377
2.688000,2.686699,0.002022
2.688000,3.524626,0.075331
2.688000,8.382591,-0.110788
2.688000,2.815099,-0.018348
2.688000,2.703917,0.005150
2.688000,4.277714,0.107656
2.688000,5.761508,-0.129182
2.688000,2.743611,-0.010029
2.688000,2.770325,0.013205
2.688000,6.772751,0.127502
2.688000,3.880852,-0.093289
2.688000,2.694134,-0.003621
2.688000,2.866871,0.023801
2.688000,9.903954,0.083220
2.688000,3.309969,-0.061529
2.688000,2.686930,-0.000470
2.688000,3.179770,0.051864
2.688000,10.974429,-0.053852
2.688000,2.919051,-0.029038
2.688000,2.688189,0.002534
2.688000,3.622574,0.080832
2.688000,7.841453,-0.117910
2.688000,2.799345,-0.016595
2.688000,2.713117,0.006334
2.688000,4.621010,0.116412
2.688000,5.215442,-0.125614
2.688000,2.729127,-0.008284
2.688000,2.784202,0.014834
2.688000,7.290571,0.123668
2.688000,3.742212,-0.086947
2.688000,2.691016,-0.003033
2.688000,2.896599,0.026810
2.688000,10.574272,0.066413
2.688000,3.228904,-0.055632
2.688000,2.687390,0.000168
2.688000,3.275482,0.059067
2.688000,10.186734,-0.076611
2.688000,2.878594,-0.024992
2.688000,2.693439,0.003452
2.688000,3.844271,0.091688
2.688000,6.898623,-0.126726
2.688000,2.773720,-0.013595
2.688000,2.741401,0.009754
2.688000,5.676308,0.128874
2.688000,4.323082,-0.108988
2.688000,2.705181,-0.005304
2.688000,2.814200,0.018243
2.688000,8.351576,0.111233
2.688000,3.529837,-0.075634
2.688000,2.686921,-0.002033
2.688000,2.966444,0.033572
2.688000,11.525965,0.028699
2.688000,3.099769,-0.045382
2.688000,2.686972,0.001058
2.688000,3.392903,0.067157
2.688000,9.261598,-0.096306
2.688000,2.843327,-0.021344
2.688000,2.699269,0.004397
2.688000,4.083869,0.101280
2.688000,6.186705,-0.129574
2.688000,2.754965,-0.011353
2.688000,2.763355,0.012349
2.688000,6.504430,0.128782
2.688000,3.966444,-0.096833
2.688000,2.696483,-0.003929
2.688000,2.862401,0.023327
2.688000,9.787761,0.085769
2.688000,3.324449,-0.062536
2.688000,2.687411,-0.000517
2.688000,3.181043,0.051960
2.688000,10.964556,-0.054196
2.688000,2.918465,-0.028974
2.688000,2.689165,0.002653
2.688000,3.656108,0.082608
2.688000,7.675889,-0.119806
2.688000,2.794774,-0.016058
2.688000,2.718955,0.007041
2.688000,4.835225,0.120495
2.688000,4.963149,-0.122500
2.688000,2.722403,-0.007460
2.688000,2.791560,0.015684
2.688000,7.559199,0.121059
2.688000,3.680916,-0.083891
2.688000,2.689756,-0.002756
2.688000,2.913902,0.028524
2.688000,10.890153,0.056728
2.688000,3.190383,-0.052687
2.688000,2.687547,0.000465
2.688000,3.319424,0.062185
2.688000,9.828042,-0.084895
2.688000,2.863970,-0.023487
2.688000,2.696577,0.003928
2.688000,3.967954,0.096893
2.688000,6.500013,-0.128799
2.688000,2.763261,-0.012333
2.688000,2.755750,0.011441
2.688000,6.215599,0.129537
2.688000,4.072355,-0.100864
2.688000,2.699040,-0.004346
2.688000,2.846539,0.021679
2.688000,9.354042,0.094565
2.688000,3.380450,-0.066336
2.688000,2.687115,-0.000953
2.688000,3.116496,0.046772
2.688000,11.428581,-0.034483
2.688000,2.955181,-0.032510
2.688000,2.687267,0.002157
2.688000,3.553282,0.076987
2.688000,8.215038,-0.113140
2.688000,2.810161,-0.017795
2.688000,2.707477,0.005600
2.688000,4.408536,0.111345
2.688000,5.527877,-0.128130
2.688000,2.737491,-0.009280
2.688000,2.778047,0.014099
2.688000,7.059672,0.125582
2.688000,3.800318,-0.089697
2.688000,2.692528,-0.003257
2.688000,2.890444,0.026186
2.688000,10.447863,0.069909
2.688000,3.244104,-0.056765
2.688000,2.687711,0.000096
2.688000,3.270683,0.058716
2.688000,10.226643,-0.075627
2.688000,2.880361,-0.025166
2.688000,2.694014,0.003506
2.688000,3.862018,0.092469
2.688000,6.836746,-0.127120
2.688000,2.772131,-0.013394
2.688000,2.744818,0.010151
2.688000,5.803506,0.129304
2.688000,4.256281,-0.107005
2.688000,2.703533,-0.005053
2.688000,2.822144,0.019096
2.688000,8.611011,0.107371
2.688000,3.487684,-0.073129
2.688000,2.686849,-0.001745
2.688000,3.004328,0.037063
2.688000,11.717734,0.010293
2.688000,3.051511,-0.041258
2.688000,2.686941,0.001408
2.688000,3.441665,0.070288
2.688000,8.915184,-0.102448
2.688000,2.831803,-0.020124
2.688000,2.701873,0.004787
2.688000,4.187353,0.104824
2.688000,5.946424,-0.129576
2.688000,2.748645,-0.010596
2.688000,2.770074,0.013139
2.688000,6.757260,0.127588
2.688000,3.885547,-0.093487
2.688000,2.694704,-0.003586
2.688000,2.880429,0.025167
2.688000,10.227553,0.075604
2.688000,3.270588,-0.058707
2.688000,2.687974,-0.000064
2.688000,3.252759,0.057403
2.688000,10.375845,-0.071823
2.688000,2.887093,-0.025843
2.688000,2.693652,0.003413
2.688000,3.842272,0.091597
2.688000,6.905797,-0.126677
2.688000,2.773995,-0.013609
2.688000,2.743596,0.009999
2.688000,5.756376,0.129165
2.688000,4.280406,-0.107735
2.688000,2.704199,-0.005135
2.688000,2.821426,0.019015
2.688000,8.587266,0.107737
2.688000,3.491430,-0.073354
2.688000,2.686959,-0.001758
2.688000,3.004260,0.037056
2.688000,11.717544,0.010327
2.688000,3.051599,-0.041265
2.688000,2.687039,0.001419
2.688000,3.444817,0.070486
2.688000,8.893690,-0.102810
2.688000,2.831124,-0.020048
2.688000,2.702452,0.004860
2.688000,4.208314,0.105502
2.688000,5.901643,-0.129513
2.688000,2.747488,-0.010452
2.688000,2.771958,0.013355
2.688000,6.827072,0.127178
2.688000,3.864859,-0.092591
2.688000,2.694327,-0.003489
2.688000,2.887547,0.025883
2.688000,10.385012,0.071582
2.688000,3.251674,-0.057321
2.688000,2.688270,0.000107
2.688000,3.281334,0.059482
2.688000,10.138756,-0.077774
2.688000,2.876635,-0.024774
2.688000,2.696180,0.003787
2.688000,3.940332,0.095777
2.688000,6.582807,-0.128462
2.688000,2.765539,-0.012583
2.688000,2.756053,0.011458
2.688000,6.223842,0.129525
2.688000,4.069124,-0.100745
2.688000,2.699155,-0.004311
2.688000,2.853013,0.022345
2.688000,9.534818,0.091029
2.688000,3.356678,-0.064742
2.688000,2.687583,-0.000728
2.688000,3.154870,0.049888
2.688000,11.165606,-0.046676
2.688000,2.932229,-0.030310
2.688000,2.688727,0.002499
2.688000,3.626639,0.081046
2.688000,7.821047,-0.118150
2.688000,2.798874,-0.016518
2.688000,2.716481,0.006725
2.688000,4.741666,0.118829
2.688000,5.066859,-0.123908
2.688000,2.725236,-0.007793
2.688000,2.790419,0.015539
2.688000,7.515571,0.121509
2.688000,3.690479,-0.084377
2.688000,2.690194,-0.002771
2.688000,2.918826,0.029001
2.688000,10.969579,0.054020
2.688000,3.180434,-0.051908
2.688000,2.687950,0.000585
2.688000,3.342729,0.063791
2.688000,9.643392,-0.088817
2.688000,2.857029,-0.022755
2.688000,2.699424,0.004313
2.688000,4.073965,0.100919
2.688000,6.211636,-0.129541
2.688000,2.755799,-0.011412
2.688000,2.767851,0.012840
2.688000,6.667360,0.128065
2.688000,3.913246,-0.094656
2.688000,2.695774,-0.003650
2.688000,2.888634,0.025981
2.688000,10.406975,0.071001
2.688000,3.249073,-0.057123
2.688000,2.688918,0.000202
2.688000,3.305126,0.061172
2.688000,9.944118,-0.082314
2.688000,2.868697,-0.023944
2.688000,2.699692,0.004257
2.688000,4.070233,0.100781
2.688000,6.221181,-0.129527
2.688000,2.756209,-0.011425
2.688000,2.772207,0.013316
2.688000,6.825076,0.127188
2.688000,3.865528,-0.092613
2.688000,2.695240,-0.003387
2.688000,2.915550,0.028643
2.688000,10.913596,0.055939
2.688000,3.187595,-0.052448
2.688000,2.690341,0.000814
2.688000,3.414095,0.068507
2.688000,9.109515,-0.099070
2.688000,2.838692,-0.020751
2.688000,2.713833,0.006121
2.688000,4.600648,0.115963
2.688000,5.242699,-0.125882
2.688000,2.730841,-0.008261
2.688000,2.813099,0.017930
2.688000,8.284254,0.112176
2.688000,3.541607,-0.076280
2.688000,2.691691,-0.001557
2.688000,3.107311,0.045975
2.688000,11.484808,-0.031264
2.688000,2.961703,-0.033074
2.688000,2.693849,0.002882
2.688000,3.768206,0.088177
2.688000,7.185355,-0.124574
2.688000,2.782015,-0.014432
2.688000,2.750642,0.010729
2.688000,6.004752,0.129623
2.688000,4.161009,-0.103946
2.688000,2.702136,-0.004581
2.688000,2.863367,0.023383
2.688000,9.807030,0.085350
2.688000,3.322145,-0.062361
2.688000,2.689290,-0.000280
2.688000,3.244253,0.056763
2.688000,10.447313,-0.069922
2.688000,2.890572,-0.026170
2.688000,2.696374,0.003706
2.688000,3.931704,0.095420
2.688000,6.609475,-0.128341
2.688000,2.766389,-0.012651
2.688000,2.759462,0.011831
2.688000,6.347661,0.129276
2.688000,4.022001,-0.098990
2.688000,2.698381,-0.004084
2.688000,2.871328,0.024220
2.688000,10.010018,0.080809
2.688000,3.297025,-0.060601
2.688000,2.688671,-0.000173
2.688000,3.249104,0.057128
2.688000,10.406610,-0.071011
2.688000,2.888592,-0.025981
2.688000,2.695167,0.003580
2.688000,3.892468,0.093780
2.688000,6.734505,-0.127714
2.688000,2.769578,-0.013056
2.688000,2.752378,0.011017
2.688000,6.084021,0.129641
2.688000,4.126378,-0.102775
2.688000,2.700568,-0.004531
2.688000,2.845653,0.021575
2.688000,9.327100,0.095076
2.688000,3.384082,-0.066573
2.688000,2.687471,-0.000937
2.688000,3.124416,0.047421
2.688000,11.378406,-0.037116
2.688000,2.950158,-0.032030
2.688000,2.687920,0.002271
2.688000,3.580483,0.078521
2.688000,8.063293,-0.115157
2.688000,2.805788,-0.017298
2.688000,2.711503,0.006099
2.688000,4.556082,0.114977
2.688000,5.303412,-0.126462
2.688000,2.731579,-0.008555
2.688000,2.785190,0.014923
2.688000,7.322624,0.123376
2.688000,3.734601,-0.086573
2.688000,2.691278,-0.002950
2.688000,2.911896,0.028316
2.688000,10.855355,0.057874
2.688000,3.194736,-0.053019
2.688000,2.688210,0.000512
2.688000,3.336767,0.063380
2.688000,9.690370,-0.087839
2.688000,2.858810,-0.022935
2.688000,2.699846,0.004349
2.688000,4.086589,0.101373
2.688000,6.180100,-0.129579
2.688000,2.755022,-0.011307
2.688000,2.770276,0.013113
2.688000,6.756516,0.127591
2.688000,3.885834,-0.093494
2.688000,2.695349,-0.003513
2.688000,2.900361,0.027149
2.688000,10.644020,0.064399
2.688000,3.220601,-0.054989
2.688000,2.689488,0.000474
2.688000,3.352495,0.064444
2.688000,9.568011,-0.090357
2.688000,2.854462,-0.022447
2.688000,2.705280,0.005014
2.688000,4.280794,0.107738
2.688000,5.755924,-0.129159
2.688000,2.744192,-0.009930
2.688000,2.791956,0.015561
2.688000,7.545775,0.121192
2.688000,3.684082,-0.084029
2.688000,2.692845,-0.002417
2.688000,3.008616,0.037405
2.688000,11.726898,0.008436
2.688000,3.047247,-0.040844
2.688000,2.692350,0.002075
2.688000,3.626547,0.081013
2.688000,7.822914,-0.118121
2.688000,2.799757,-0.016438
2.688000,2.739484,0.009341
2.688000,5.574000,0.128384
2.688000,4.381242,-0.110604
2.688000,2.707972,-0.005365
2.688000,2.849230,0.021888
2.688000,9.420478,0.093282
2.688000,3.371779,-0.065738
2.688000,2.689787,-0.000577
2.688000,3.211255,0.054276
2.688000,10.721257,-0.062093
2.688000,2.904485,-0.027556
2.688000,2.695449,0.003494
2.688000,3.884773,0.093447
2.688000,6.760080,-0.127570
2.688000,2.770414,-0.013119
2.688000,2.756148,0.011432
2.688000,6.221198,0.129527
2.688000,4.070210,-0.100781
2.688000,2.699552,-0.004273
2.688000,2.864391,0.023507
2.688000,9.835843,0.084723
2.688000,3.318509,-0.062114
2.688000,2.688540,-0.000342
2.688000,3.223497,0.055215
2.688000,10.619638,-0.065110
2.688000,2.899013,-0.027031
2.688000,2.693376,0.003292
2.688000,3.819900,0.090590
2.688000,6.986694,-0.126120
2.688000,2.776224,-0.013855
2.688000,2.743260,0.009944
2.688000,5.741299,0.129115
2.688000,4.288292,-0.107969
2.688000,2.704513,-0.005151
2.688000,2.824176,0.019303
2.688000,8.674475,0.106379
2.688000,3.477819,-0.072527
2.688000,2.687145,-0.001640
2.688000,3.023228,0.038761
2.688000,11.745293,0.001738
2.688000,3.031181,-0.039469
2.688000,2.687157,0.001583
2.688000,3.469935,0.072044
2.688000,8.725823,-0.105563
2.688000,2.825792,-0.019475
2.688000,2.704210,0.005104
2.688000,4.275837,0.107597
2.688000,5.765232,-0.129192
2.688000,2.743903,-0.010019
2.688000,2.775931,0.013818
2.688000,6.975314,0.126200
2.688000,3.823005,-0.090730
2.688000,2.693479,-0.003301
2.688000,2.899379,0.027067
2.688000,10.626623,0.064908
2.688000,3.222657,-0.055151
2.688000,2.688605,0.000356
2.688000,3.321495,0.062321
2.688000,9.811923,-0.085244
2.688000,2.863473,-0.023410
2.688000,2.699973,0.004329
2.688000,4.085813,0.101344
2.688000,6.182068,-0.129576
2.688000,2.755140,-0.011306
2.688000,2.772154,0.013319
2.688000,6.824493,0.127192
2.688000,3.865688,-0.092621
2.688000,2.695130,-0.003401
2.688000,2.911979,0.028294
2.688000,10.854066,0.057913
2.688000,3.194988,-0.053024
2.688000,2.690082,0.000730
2.688000,3.398036,0.067468
2.688000,9.225369,-0.096971
2.688000,2.842538,-0.021170
2.688000,2.711384,0.005810
2.688000,4.509338,0.113875
2.688000,5.370899,-0.127030
2.688000,2.734188,-0.008681
2.688000,2.807802,0.017340
2.688000,8.103413,0.114627
2.688000,3.573473,-0.078096
2.688000,2.691913,-0.001755
2.688000,3.083844,0.044001
2.688000,11.606616,-0.022823
2.688000,2.978458,-0.034641
2.688000,2.693356,0.002700
2.688000,3.733529,0.086504
2.688000,7.327906,-0.123323
2.688000,2.785912,-0.014879
2.688000,2.747730,0.010373
2.688000,5.893113,0.129495
2.688000,4.212489,-0.105628
2.688000,2.703446,-0.004773
2.688000,2.858171,0.022842
2.688000,9.669736,0.088269
2.688000,3.339448,-0.063556
2.688000,2.689261,-0.000408
2.688000,3.226136,0.055409
2.688000,10.598050,-0.065732
2.688000,2.897976,-0.026915
2.688000,2.695167,0.003510
2.688000,3.882216,0.093339
2.688000,6.768523,-0.127523
2.688000,2.770559,-0.013154
2.688000,2.753650,0.011152
2.688000,6.129449,0.129622
2.688000,4.107302,-0.102109
2.688000,2.700263,-0.004439
2.688000,2.853222,0.022358
2.688000,9.539404,0.090936
2.688000,3.356103,-0.064700
2.688000,2.687921,-0.000684
2.688000,3.166334,0.050798
2.688000,11.079308,-0.050041
2.688000,2.926068,-0.029708
2.688000,2.689663,0.002655
2.688000,3.664771,0.083057
2.688000,7.634703,-0.120256
2.688000,2.793708,-0.015918
2.688000,2.722156,0.007416
2.688000,4.951659,0.122331
2.688000,4.846137,-0.120678
2.688000,2.719314,-0.007069
2.688000,2.796443,0.016235
2.688000,7.733429,0.119162
2.688000,3.644267,-0.081984
2.688000,2.689191,-0.002568
2.688000,2.930358,0.030126
2.688000,11.140007,0.047699
2.688000,3.158316,-0.050161
2.688000,2.687792,0.000727
2.688000,3.360040,0.064967
2.688000,9.509049,-0.091543
2.688000,2.852112,-0.022245
2.688000,2.700097,0.004428
2.688000,4.102790,0.101950
2.688000,6.140337,-0.129615
2.688000,2.753911,-0.011189
2.688000,2.769501,0.013036
2.688000,6.729755,0.127739
2.688000,3.893929,-0.093841
2.688000,2.695338,-0.003570
2.688000,2.892609,0.026381
2.688000,10.490382,0.068752
2.688000,3.239069,-0.056380
2.688000,2.688997,0.000283
2.688000,3.317761,0.062058
2.688000,9.842057,-0.084586
2.688000,2.864686,-0.023527
2.688000,2.700889,0.004426
2.688000,4.116228,0.102418
2.688000,6.108186,-0.129631
2.688000,2.753283,-0.011064
2.688000,2.776761,0.013838
2.688000,6.993375,0.126069
2.688000,3.818190,-0.090503
2.688000,2.694480,-0.003152
2.688000,2.935283,0.030559
2.688000,11.202510,0.045157
2.688000,3.150008,-0.049472
2.688000,2.690968,0.001161
2.688000,3.473384,0.072226
2.688000,8.704922,-0.105891
2.688000,2.825781,-0.019340
2.688000,2.721796,0.007133
2.688000,4.900518,0.121548
2.688000,4.896266,-0.121481
2.688000,2.721682,-0.007119
2.688000,2.825946,0.019358
2.688000,8.710258,0.105806
2.688000,3.472566,-0.072175
2.688000,2.690959,-0.001156
2.688000,3.150507,0.049512
2.688000,11.198866,-0.045309
2.688000,2.935002,-0.030532
2.688000,2.694488,0.003155
2.688000,3.818750,0.090529
2.688000,6.991313,-0.126084
2.688000,2.776705,-0.013832
2.688000,2.753309,0.011067
2.688000,6.109220,0.129631
2.688000,4.115794,-0.102403
2.688000,2.700877,-0.004425
2.688000,2.864690,0.023527
2.688000,9.842159,0.084584
2.688000,3.317748,-0.062057
2.688000,2.688993,-0.000284
2.688000,3.238960,0.056372
2.688000,10.491286,-0.068727
2.688000,2.892653,-0.026385
2.688000,2.695322,0.003567
2.688000,3.893346,0.093816
2.688000,6.731667,-0.127729
2.688000,2.769550,-0.013042
2.688000,2.753828,0.011179
2.688000,6.137223,0.129617
2.688000,4.104075,-0.101996
2.688000,2.700126,-0.004433
2.688000,2.851851,0.022218
2.688000,9.501816,0.091687
2.688000,3.360982,-0.065030
2.688000,2.687782,-0.000735
2.688000,3.157051,0.050060
2.688000,11.149454,-0.047324
2.688000,2.931048,-0.030193
2.688000,2.689137,0.002556
2.688000,3.641717,0.081849
2.688000,7.745952,-0.119020
2.688000,2.796792,-0.016275
2.688000,2.718991,0.007030
2.688000,4.834103,0.120476
2.688000,4.964356,-0.122517
2.688000,2.722498,-0.007457
2.688000,2.793413,0.015884
2.688000,7.623968,0.120372
2.688000,3.667043,-0.083175
2.688000,2.689720,-0.002664
2.688000,2.925729,0.029675
2.688000,11.074364,0.050227
2.688000,3.166980,-0.050849
2.688000,2.687940,0.000682
2.688000,3.356089,0.064699
2.688000,9.539526,-0.090934
2.688000,2.853230,-0.022358
2.688000,2.700328,0.004447
2.688000,4.109563,0.102188
2.688000,6.124010,-0.129625
2.688000,2.753512,-0.011134
2.688000,2.770850,0.013188
2.688000,6.779256,0.127461
2.688000,3.879009,-0.093201
2.688000,2.695115,-0.003494
2.688000,2.899271,0.027043
2.688000,10.623261,0.065004
2.688000,3.223099,-0.055179
2.688000,2.689317,0.000436
2.688000,3.344382,0.063893
2.688000,9.631076,-0.089070
2.688000,2.856747,-0.022691
2.688000,2.704036,0.004852
2.688000,4.234719,0.106330
2.688000,5.847158,-0.129405
2.688000,2.746542,-0.010226
2.688000,2.787844,0.015098
2.688000,7.397906,0.122667
2.688000,3.717197,-0.085698
2.688000,2.693169,-0.002609
2.688000,2.987807,0.035506
2.688000,11.656810,0.018250
2.688000,3.071785,-0.042971
2.688000,2.692051,0.001860
2.688000,3.590741,0.079059
2.688000,8.009392,-0.115840
2.688000,2.805085,-0.017036
2.688000,2.735988,0.008906
2.688000,5.439823,0.127550
2.688000,4.463758,-0.112758
2.688000,2.710169,-0.005652
2.688000,2.844796,0.021413
2.688000,9.292080,0.095732
2.688000,3.388953,-0.066874
2.688000,2.689974,-0.000678
2.688000,3.200419,0.053444
2.688000,10.809982,-0.059333
2.688000,2.909426,-0.028043
2.688000,2.695216,0.003430
2.688000,3.871385,0.092869
2.688000,6.805064,-0.127309
2.688000,2.771626,-0.013259
2.688000,2.755360,0.011335
2.688000,6.190779,0.129567
2.688000,4.082309,-0.101219
2.688000,2.699868,-0.004317
2.688000,2.863346,0.023398
2.688000,9.808760,0.085313
2.688000,3.321888,-0.062349
2.688000,2.688562,-0.000364
2.688000,3.220854,0.055015
2.688000,10.641534,-0.064473
2.688000,2.900147,-0.027144
2.688000,2.693284,0.003273
2.688000,3.815530,0.090391
2.688000,7.002816,-0.126004
2.688000,2.776656,-0.013906
2.688000,2.742824,0.009892
2.688000,5.724780,0.129058
2.688000,4.297005,-0.108227
2.688000,2.704740,-0.005183
2.688000,2.823499,0.019230
2.688000,8.652715,0.106721
2.688000,3.481192,-0.072732
2.688000,2.687162,-0.001662
2.688000,3.020536,0.038521
2.688000,11.743799,0.002932
2.688000,3.033953,-0.039714
2.688000,2.687181,0.001566
2.688000,3.467862,0.071916
2.688000,8.739447,-0.105344
2.688000,2.826226,-0.019521
2.688000,2.704223,0.005102
2.688000,4.275793,0.107596
2.688000,5.765321,-0.129193
2.688000,2.743913,-0.010018
2.688000,2.776161,0.013844
2.688000,6.983595,0.126142
2.688000,3.820749,-0.090628
2.688000,2.693457,-0.003288
2.688000,2.900783,0.027206
2.688000,10.653545,0.064120
2.688000,3.219408,-0.054905
2.688000,2.688674,0.000387
2.688000,3.327008,0.062704
2.688000,9.767925,-0.086194
2.688000,2.861795,-0.023234
2.688000,2.700598,0.004414
2.688000,4.109337,0.102178
2.688000,6.124633,-0.129624
2.688000,2.753657,-0.011122
2.688000,2.774575,0.013596
2.688000,6.913992,0.126620
2.688000,3.840072,-0.091490
2.688000,2.694713,-0.003275
2.688000,2.922430,0.029316
2.688000,11.022332,0.052141
2.688000,3.173831,-0.051370
2.688000,2.690450,0.000927
2.688000,3.431777,0.069636
2.688000,8.984967,-0.101252
2.688000,2.834617,-0.020311
2.688000,2.715868,0.006386
2.688000,4.677840,0.117580
2.688000,5.143501,-0.124825
2.688000,2.728215,-0.007938
2.688000,2.816354,0.018295
2.688000,8.394476,0.110608
2.688000,3.522976,-0.075196
2.688000,2.691454,-0.001454
2.688000,3.117643,0.046833
2.688000,11.422656,-0.034797
2.688000,2.954854,-0.032428
2.688000,2.693887,0.002937
2.688000,3.776868,0.088588
2.688000,7.150951,-0.124858
2.688000,2.781052,-0.014328
2.688000,2.750586,0.010730
2.688000,6.003909,0.129622
2.688000,4.161376,-0.103959
2.688000,2.702077,-0.004591
2.688000,2.861211,0.023163
2.688000,9.751220,0.086551
2.688000,3.329132,-0.062847
2.688000,2.689092,-0.000354
2.688000,3.230892,0.055768
2.688000,10.558477,-0.066858
2.688000,2.895966,-0.026716
2.688000,2.695065,0.003513
2.688000,3.880912,0.093284
2.688000,6.772856,-0.127498
2.688000,2.770649,-0.013171
2.688000,2.752796,0.011056
2.688000,6.097982,0.129637
2.688000,4.120469,-0.102569
2.688000,2.700528,-0.004496
2.688000,2.849672,0.021991
2.688000,9.440822,0.092889
2.688000,3.368973,-0.065567
2.688000,2.687740,-0.000797
2.688000,3.147869,0.049325
2.688000,11.216946,-0.044556
2.688000,2.936171,-0.030688
2.688000,2.688826,0.002482
2.688000,3.625793,0.081000
2.688000,7.825362,-0.118099
2.688000,2.799022,-0.016529
2.688000,2.717117,0.006797
2.688000,4.764280,0.119247
2.688000,5.040941,-0.123573
2.688000,2.724564,-0.007706
2.688000,2.791765,0.015690
2.688000,7.563686,0.121011
2.688000,3.679970,-0.083840
2.688000,2.690059,-0.002714
2.688000,2.924360,0.029540
2.688000,11.054106,0.050982
2.688000,3.169620,-0.051056
2.688000,2.688076,0.000678
2.688000,3.357873,0.064819
2.688000,9.525840,-0.091208
2.688000,2.852753,-0.022305
2.688000,2.700918,0.004519
2.688000,4.130560,0.102917
2.688000,6.074298,-0.129641
2.688000,2.752240,-0.010974
2.688000,2.773284,0.013465
2.688000,6.869099,0.126914
2.688000,3.852771,-0.092056
2.688000,2.694689,-0.003364
2.688000,2.909981,0.028102
2.688000,10.820037,0.059013
2.688000,3.199171,-0.053349
2.688000,2.689755,0.000661
2.688000,3.383025,0.066485
2.688000,9.336001,-0.094904
2.688000,2.846278,-0.021576
2.688000,2.708842,0.005488
2.688000,4.415245,0.111513
2.688000,5.517155,-0.128059
2.688000,2.737982,-0.009159
2.688000,2.801349,0.016620
2.688000,7.879458,0.117448
2.688000,3.615455,-0.080414
2.688000,2.692183,-0.002017
2.688000,3.052443,0.041299
2.688000,11.716018,-0.010574
2.688000,3.003985,-0.036986
2.688000,2.692793,0.002445
2.688000,3.687255,0.084192
2.688000,7.531223,-0.121343
2.688000,2.791529,-0.015518
2.688000,2.743846,0.009895
2.688000,5.743783,0.129119
2.688000,4.287121,-0.107927
2.688000,2.705393,-0.005042
2.688000,2.852376,0.022232
2.688000,9.510750,0.091507
2.688000,3.359910,-0.064946
2.688000,2.689338,-0.000545
2.688000,3.208427,0.054063
2.688000,10.744296,-0.061389
2.688000,2.905701,-0.027684
2.688000,2.694317,0.003353
2.688000,3.844735,0.091702
2.688000,6.897274,-0.126732
2.688000,2.773968,-0.013560
2.688000,2.749541,0.010667
2.688000,5.974452,0.129603
2.688000,4.174563,-0.104402
2.688000,2.701863,-0.004703
2.688000,2.842853,0.021275
2.688000,9.245008,0.096612
2.688000,3.395202,-0.067303
2.688000,2.687624,-0.000998
2.688000,3.118491,0.046933
2.688000,11.416289,-0.035145
2.688000,2.953940,-0.032387
2.688000,2.688068,0.002261
2.688000,3.581443,0.078573
2.688000,8.058114,-0.115224
2.688000,2.805667,-0.017278
2.688000,2.712369,0.006200
2.688000,4.587026,0.115672
2.688000,5.260761,-0.126065
2.688000,2.730468,-0.008415
2.688000,2.787038,0.015132
2.688000,7.389599,0.122751
2.688000,3.718932,-0.085802
2.688000,2.691041,-0.002869
2.688000,2.919028,0.029014
2.688000,10.972202,0.053928
2.688000,3.180123,-0.051880
2.688000,2.688391,0.000639
2.688000,3.357536,0.064793
2.688000,9.528575,-0.091153
2.688000,2.852893,-0.022311
2.688000,2.701967,0.004640
2.688000,4.166892,0.104145
2.688000,5.991519,-0.129615
2.688000,2.750138,-0.010704
2.688000,2.777825,0.013979
2.688000,7.035671,0.125760
2.688000,3.806804,-0.089985
2.688000,2.694035,-0.003126
2.688000,2.931789,0.030227
2.688000,11.156680,0.047031
2.688000,3.156212,-0.049972
2.688000,2.690550,0.001066
2.688000,3.453156,0.070979
2.688000,8.838736,-0.103720
2.688000,2.829929,-0.019803
2.688000,2.718176,0.006687
2.688000,4.765796,0.119267
2.688000,5.039477,-0.123547
2.688000,2.725440,-0.007598
2.688000,2.819387,0.018637
2.688000,8.496434,0.109108
2.688000,3.506234,-0.074208
2.688000,2.691161,-0.001370
2.688000,3.124408,0.047392
2.688000,11.379543,-0.037052
2.688000,2.950521,-0.032020
2.688000,2.693699,0.002947
2.688000,3.775156,0.088509
2.688000,7.157650,-0.124804
2.688000,2.781186,-0.014354
2.688000,2.749099,0.010563
2.688000,5.949228,0.129576
2.688000,4.186158,-0.104779
2.688000,2.702589,-0.004696
2.688000,2.855036,0.022527
2.688000,9.586393,0.089985
2.688000,3.350082,-0.064286
2.688000,2.688743,-0.000545
2.688000,3.198860,0.053333
2.688000,10.822159,-0.058946
2.688000,2.910016,-0.028122
2.688000,2.692565,0.003115
2.688000,3.780364,0.088764
2.688000,7.136734,-0.124977
2.688000,2.780258,-0.014327
2.688000,2.739325,0.009470
2.688000,5.592213,0.128484
2.688000,4.370468,-0.110317
2.688000,2.706672,-0.005444
2.688000,2.818633,0.018701
2.688000,8.494421,0.109144
2.688000,3.506300,-0.074242
2.688000,2.687354,-0.001817
2.688000,3.002647,0.036907
2.688000,11.713187,0.011085
2.688000,3.053476,-0.041426
2.688000,2.687389,0.001446
2.688000,3.454497,0.071088
2.688000,8.828346,-0.103897
2.688000,2.829083,-0.019819
2.688000,2.704475,0.005110
2.688000,4.281373,0.107762
2.688000,5.754584,-0.129158
2.688000,2.743691,-0.009978
2.688000,2.778244,0.014073
2.688000,7.058890,0.125586
2.688000,3.800589,-0.089704
2.688000,2.693245,-0.003175
2.688000,2.912700,0.028379
2.688000,10.867611,0.057471
2.688000,3.193267,-0.052897
2.688000,2.689205,0.000639
2.688000,3.370929,0.065686
2.688000,9.426649,-0.093163
2.688000,2.849368,-0.021919
2.688000,2.705841,0.005117
2.688000,4.306235,0.108491
2.688000,5.707705,-0.128992
2.688000,2.742875,-0.009782
2.688000,2.791958,0.015571
2.688000,7.547500,0.121175
2.688000,3.683691,-0.084010
2.688000,2.692659,-0.002436
2.688000,3.003105,0.036907
2.688000,11.713674,0.010981
2.688000,3.053435,-0.041386
2.688000,2.692043,0.001993
2.688000,3.609720,0.080103
2.688000,7.909088,-0.117088
2.688000,2.802173,-0.016717
2.688000,2.736869,0.009027
2.688000,5.475505,0.127795
2.688000,4.441031,-0.112183
2.688000,2.709488,-0.005582
2.688000,2.843659,0.021300
2.688000,9.260000,0.096331
2.688000,3.393286,-0.067161
2.688000,2.689690,-0.000742
2.688000,3.186980,0.052405
2.688000,10.918257,-0.055782
2.688000,2.915780,-0.028675
2.688000,2.693908,0.003230
2.688000,3.819846,0.090583
2.688000,6.987073,-0.126115
2.688000,2.776402,-0.013839
2.688000,2.748036,0.010480
2.688000,5.916203,0.129534
2.688000,4.201480,-0.105280
2.688000,2.702595,-0.004798
2.688000,2.841588,0.021138
2.688000,9.207360,0.097305
2.688000,3.400361,-0.067638
2.688000,2.687727,-0.001022
2.688000,3.116782,0.046791
2.688000,11.426977,-0.034569
2.688000,2.955054,-0.032491
2.688000,2.688200,0.002268
2.688000,3.584693,0.078754
2.688000,8.040495,-0.115450
2.688000,2.805175,-0.017220
2.688000,2.713173,0.006297
2.688000,4.616195,0.116308
2.688000,5.221807,-0.125679
2.688000,2.729444,-0.008288
2.688000,2.788452,0.015294
2.688000,7.440931,0.122255
2.688000,3.707189,-0.085216
2.688000,2.690846,-0.002811
2.688000,2.923806,0.029480
2.688000,11.045415,0.051302
2.688000,3.170763,-0.051144
2.688000,2.688475,0.000717
2.688000,3.369812,0.065617
2.688000,9.434785,-0.093006
2.688000,2.849557,-0.021958
2.688000,2.703176,0.004806
2.688000,4.212777,0.105640
2.688000,5.892433,-0.129495
2.688000,2.747566,-0.010387
2.688000,2.781641,0.014415
2.688000,7.175850,0.124654
2.688000,3.770555,-0.088292
2.688000,2.693488,-0.002940
2.688000,2.948144,0.031796
2.688000,11.354639,0.038295
2.688000,3.128194,-0.047704
2.688000,2.690934,0.001316
2.688000,3.494756,0.073523
2.688000,8.567953,-0.108027
2.688000,2.821533,-0.018880
2.688000,2.723417,0.007351
2.688000,4.963952,0.122503
2.688000,4.834712,-0.120478
2.688000,2.719985,-0.006921
2.688000,2.826457,0.019424
2.688000,8.728307,0.105518
2.688000,3.469786,-0.072007
2.688000,2.690638,-0.001174
2.688000,3.142881,0.048900
2.688000,11.253663,-0.042971
2.688000,2.939326,-0.030954
2.688000,2.693599,0.003019
2.688000,3.783826,0.088919
2.688000,7.123550,-0.125081
2.688000,2.780189,-0.014255
2.688000,2.747813,0.010426
2.688000,5.903291,0.129513
2.688000,4.207604,-0.105475
2.688000,2.702972,-0.004795
2.688000,2.847840,0.021783
2.688000,9.386683,0.093938
2.688000,3.376169,-0.066042
2.688000,2.688285,-0.000785
2.688000,3.158395,0.050164
2.688000,11.139584,-0.047715
2.688000,2.930364,-0.030120
2.688000,2.690077,0.002672
2.688000,3.674141,0.083540
2.688000,7.590771,-0.120726
2.688000,2.792547,-0.015772
2.688000,2.724820,0.007729
2.688000,5.049242,0.123681
2.688000,4.756993,-0.119113
2.688000,2.716957,-0.006769
2.688000,2.800350,0.016673
2.688000,7.871228,0.117553
2.688000,3.616798,-0.080514
2.688000,2.688797,-0.002422
2.688000,2.943713,0.031410
2.688000,11.307877,0.040531
2.688000,3.134987,-0.048282
2.688000,2.687898,0.000910
2.688000,3.387334,0.066784
2.688000,9.303130,-0.095528
2.688000,2.844884,-0.021482
2.688000,2.702356,0.004745
2.688000,4.189464,0.104890
2.688000,5.941979,-0.129569
2.688000,2.748747,-0.010558
2.688000,2.776656,0.013861
2.688000,6.995327,0.126056
2.688000,3.817615,-0.090481
2.688000,2.693968,-0.003208
2.688000,2.919705,0.029057
2.688000,10.980907,0.053620
2.688000,3.179093,-0.051787
2.688000,2.689922,0.000826
2.688000,3.408979,0.068180
2.688000,9.145982,-0.098417
2.688000,2.839844,-0.020887
2.688000,2.711733,0.005870
2.688000,4.524826,0.114243
2.688000,5.348238,-0.126844
2.688000,2.733550,-0.008612
2.688000,2.807310,0.017292
2.688000,8.087605,0.114834
2.688000,3.576330,-0.078258
2.688000,2.691771,-0.001791
2.688000,3.076600,0.043385
2.688000,11.637856,-0.020100
2.688000,2.983989,-0.035156
2.688000,2.692956,0.002612
2.688000,3.714085,0.085545
2.688000,7.411395,-0.122538
2.688000,2.788170,-0.015145
2.688000,2.744977,0.010047
2.688000,5.789414,0.129261
2.688000,4.263552,-0.107219
2.688000,2.704676,-0.004969
2.688000,2.851021,0.022098
2.688000,9.474024,0.092236
2.688000,3.364688,-0.065270
2.688000,2.689017,-0.000617
2.688000,3.193335,0.052904
2.688000,10.866983,-0.057492
2.688000,2.912648,-0.028377
2.688000,2.692865,0.003131
2.688000,3.787723,0.089107
2.688000,7.108140,-0.125205
2.688000,2.779532,-0.014232
2.688000,2.741355,0.009705
2.688000,5.667441,0.128835
2.688000,4.327997,-0.109126
2.688000,2.705627,-0.005285
2.688000,2.823623,0.019236
2.688000,8.655615,0.106675
2.688000,3.480754,-0.072704
2.688000,2.687356,-0.001636
2.688000,3.027171,0.039111
2.688000,11.746097,0.000009
2.688000,3.027214,-0.039115
2.688000,2.687356,0.001636
2.688000,3.480711,0.072701
2.688000,8.655895,-0.106671
2.688000,2.823631,-0.019237
2.688000,2.705625,0.005285
2.688000,4.327924,0.109124
2.688000,5.667573,-0.128836
2.688000,2.741359,-0.009705
2.688000,2.779531,0.014232
2.688000,7.108082,0.125206
2.688000,3.787737,-0.089108
2.688000,2.692866,-0.003131
2.688000,2.912651,0.028377
2.688000,10.867037,0.057490
2.688000,3.193328,-0.052904
2.688000,2.689018,0.000617
2.688000,3.364708,0.065271
2.688000,9.473867,-0.092239
2.688000,2.851016,-0.022097
2.688000,2.704679,0.004970
2.688000,4.263667,0.107223
2.688000,5.789186,-0.129260
2.688000,2.744972,-0.010047
2.688000,2.788180,0.015146
2.688000,7.411756,0.122534
2.688000,3.714002,-0.085541
2.688000,2.692955,-0.002612
2.688000,2.984038,0.035160
2.688000,11.638112,0.020076
2.688000,3.076537,-0.043380
2.688000,2.691772,0.001792
2.688000,3.576419,0.078263
2.688000,8.087114,-0.114840
2.688000,2.807295,-0.017291
2.688000,2.733559,0.008614
2.688000,5.348591,0.126847
2.688000,4.524583,-0.114238
2.688000,2.711727,-0.005870
2.688000,2.839854,0.020888
2.688000,9.146301,0.098411
2.688000,3.408935,-0.068178
2.688000,2.689922,-0.000826
2.688000,3.179115,0.051789
2.688000,10.980739,-0.053626
2.688000,2.919694,-0.029056
2.688000,2.693967,0.003208
2.688000,3.817618,0.090481
2.688000,6.995316,-0.126056
2.688000,2.776656,-0.013861
2.688000,2.748745,0.010557
2.688000,5.941886,0.129568
2.688000,4.189507,-0.104891
2.688000,2.702357,-0.004745
2.688000,2.844873,0.021481
2.688000,9.302815,0.095534
2.688000,3.387377,-0.066787
2.688000,2.687897,-0.000910
2.688000,3.134928,0.048277
2.688000,11.308284,-0.040513
2.688000,2.943748,-0.031413
2.688000,2.688795,0.002422
2.688000,3.616687,0.080508
2.688000,7.871796,-0.117546
2.688000,2.800366,-0.016675
2.688000,2.716944,0.006767
2.688000,4.756489,0.119104
2.688000,5.049817,-0.123689
2.688000,2.724835,-0.007731
2.688000,2.792534,0.015771
2.688000,7.590282,0.120731
2.688000,3.674246,-0.083545
2.688000,2.690079,-0.002672
2.688000,2.930346,0.030118
2.688000,11.139334,0.047725
2.688000,3.158429,-0.050166
2.688000,2.688286,0.000784
2.688000,3.376162,0.066042
2.688000,9.386734,-0.093937
2.688000,2.847841,-0.021783
2.688000,2.702974,0.004795
2.688000,4.207689,0.105477
2.688000,5.903113,-0.129513
2.688000,2.747808,-0.010425
2.688000,2.780200,0.014256
2.688000,7.123937,0.125078
2.688000,3.783727,-0.088914
2.688000,2.693598,-0.003018
2.688000,2.939380,0.030959
2.688000,11.254328,0.042942
2.688000,3.142787,-0.048892
2.688000,2.690640,0.001175
2.688000,3.469936,0.072017
2.688000,8.727319,-0.105534
2.688000,2.826426,-0.019421
2.688000,2.720006,0.006923
2.688000,4.835468,0.120491
2.688000,4.963151,-0.122492
2.688000,2.723396,-0.007348
2.688000,2.821562,0.018883
2.688000,8.568902,0.108012
2.688000,3.494605,-0.073514
2.688000,2.690932,-0.001315
2.688000,3.128278,0.047711
2.688000,11.354078,-0.038322
2.688000,2.948091,-0.031791
2.688000,2.693488,0.002941
2.688000,3.770620,0.088295
2.688000,7.175591,-0.124656
2.688000,2.781633,-0.014414
2.688000,2.747565,0.010387
2.688000,5.892408,0.129495
2.688000,4.212788,-0.105640
2.688000,2.703175,-0.004806
2.688000,2.849540,0.021957
2.688000,9.434301,0.093015
2.688000,3.369876,-0.065622
2.688000,2.688473,-0.000718
2.688000,3.170655,0.051135
2.688000,11.046253,-0.051271
2.688000,2.923863,-0.029485
2.688000,2.690840,0.002810
2.688000,3.706904,0.085202
2.688000,7.442188,-0.122242
2.688000,2.788487,-0.015298
2.688000,2.729404,0.008283
2.688000,5.220332,0.125663
2.688000,4.617317,-0.116332
2.688000,2.713203,-0.006301
2.688000,2.805132,0.017215
2.688000,8.038978,0.115470
2.688000,3.584973,-0.078769
2.688000,2.688205,-0.002269
2.688000,2.954936,0.032480
2.688000,11.425848,0.034631
2.688000,3.116964,-0.046806
2.688000,2.687728,0.001021
2.688000,3.400216,0.067629
2.688000,9.208416,-0.097286
2.688000,2.841624,-0.021142
2.688000,2.702590,0.004797
2.688000,4.201274,0.105273
2.688000,5.916641,-0.129535
2.688000,2.748048,-0.010481
2.688000,2.776397,0.013838
2.688000,6.986869,0.126117
2.688000,3.819901,-0.090586
2.688000,2.693910,-0.003230
2.688000,2.915786,0.028676
2.688000,10.918354,0.055779
2.688000,3.186968,-0.052404
2.688000,2.689691,0.000742
2.688000,3.393338,0.067164
2.688000,9.259615,-0.096339
2.688000,2.843646,-0.021299
2.688000,2.709497,0.005583
2.688000,4.441366,0.112191
2.688000,5.474972,-0.127792
2.688000,2.736855,-0.009025
2.688000,2.802197,0.016720
2.688000,7.909911,0.117078
2.688000,3.609561,-0.080095
2.688000,2.692042,-0.001992
2.688000,3.053550,0.041396
2.688000,11.713398,-0.011027
2.688000,3.003004,-0.036898
2.688000,2.692661,0.002437
2.688000,3.683854,0.084019
2.688000,7.546752,-0.121182
2.688000,2.791937,-0.015569
2.688000,2.742888,0.009784
2.688000,5.708200,0.128994
2.688000,4.305969,-0.108483
2.688000,2.705834,-0.005116
2.688000,2.849382,0.021920
2.688000,9.427047,0.093155
2.688000,3.370877,-0.065683
2.688000,2.689204,-0.000639
2.688000,3.193293,0.052900
2.688000,10.867400,-0.057478
2.688000,2.912688,-0.028378
2.688000,2.693245,0.003175
2.688000,3.800592,0.089704
2.688000,7.058881,-0.125587
2.688000,2.778243,-0.014073
2.688000,2.743688,0.009977
2.688000,5.754473,0.129158
2.688000,4.281431,-0.107764
2.688000,2.704476,-0.005110
2.688000,2.829073,0.019818
2.688000,8.828005,0.103903
2.688000,3.454548,-0.071091
2.688000,2.687389,-0.001447
2.688000,3.053416,0.041421
2.688000,11.713330,-0.011061
2.688000,3.002698,-0.036911
2.688000,2.687354,0.001816
2.688000,3.506234,0.074238
2.688000,8.494826,-0.109138
2.688000,2.818646,-0.018702
2.688000,2.706668,0.005443
2.688000,4.370309,0.110313
2.688000,5.592487,-0.128486
2.688000,2.739332,-0.009471
2.688000,2.780252,0.014326
2.688000,7.136520,0.124979
2.688000,3.780419,-0.088766
2.688000,2.692566,-0.003115
2.688000,2.910007,0.028121
2.688000,10.821994,0.058952
2.688000,3.198880,-0.053335
2.688000,2.688743,0.000544
2.688000,3.350066,0.064285
2.688000,9.586512,-0.089983
2.688000,2.855040,-0.022527
2.688000,2.702589,0.004696
2.688000,4.186131,0.104778
2.688000,5.949286,-0.129576
2.688000,2.749101,-0.010563
2.688000,2.781185,0.014354
2.688000,7.157607,0.124804
2.688000,3.775167,-0.088509
2.688000,2.693699,-0.002947
2.688000,2.950519,0.032019
2.688000,11.379518,0.037053
2.688000,3.124411,-0.047392
2.688000,2.691161,0.001370
2.688000,3.506232,0.074208
2.688000,8.496446,-0.109107
2.688000,2.819387,-0.018638
2.688000,2.725440,0.007598
2.688000,5.039483,0.123547
2.688000,4.765791,-0.119267
2.688000,2.718176,-0.006687
2.688000,2.829930,0.019803
2.688000,8.838762,0.103720
2.688000,3.453152,-0.070979
2.688000,2.690550,-0.001066
2.688000,3.156218,0.049972
2.688000,11.156640,-0.047033
2.688000,2.931786,-0.030226
2.688000,2.694035,0.003126
2.688000,3.806819,0.089985
2.688000,7.035615,-0.125760
2.688000,2.777824,-0.013978
2.688000,2.750140,0.010705
2.688000,5.991593,0.129615
2.688000,4.166859,-0.104144
2.688000,2.701966,-0.004640
2.688000,2.852898,0.022312
2.688000,9.528727,0.091150
2.688000,3.357516,-0.064792
2.688000,2.688391,-0.000639
2.688000,3.180149,0.051882
2.688000,10.971998,-0.053935
2.688000,2.919015,-0.029013
2.688000,2.691043,0.002870
2.688000,3.718993,0.085805
2.688000,7.389334,-0.122753
2.688000,2.787030,-0.015132
2.688000,2.730476,0.008416
2.688000,5.261065,0.126068
2.688000,4.586801,-0.115667
2.688000,2.712363,-0.006200
2.688000,2.805675,0.017279
2.688000,8.058422,0.115220
2.688000,3.581387,-0.078570
2.688000,2.688067,-0.002260
2.688000,2.953964,0.032389
2.688000,11.416523,0.035133
2.688000,3.118454,-0.046930
2.688000,2.687624,0.000998
2.688000,3.395232,0.067305
2.688000,9.244788,-0.096616
2.688000,2.842845,-0.021274
2.688000,2.701864,0.004703
2.688000,4.174607,0.104403
2.688000,5.974355,-0.129603
2.688000,2.749539,-0.010666
2.688000,2.773970,0.013561
2.688000,6.897331,0.126732
2.688000,3.844719,-0.091701
2.688000,2.694317,-0.003353
2.688000,2.905701,0.027684
2.688000,10.744311,0.061389
2.688000,3.208425,-0.054063
2.688000,2.689338,0.000545
2.688000,3.359906,0.064946
2.688000,9.510777,-0.091507
2.688000,2.852377,-0.022232
2.688000,2.705392,0.005042
2.688000,4.287090,0.107926
2.688000,5.743842,-0.129120
2.688000,2.743847,-0.009895
2.688000,2.791526,0.015517
2.688000,7.531118,0.121344
2.688000,3.687278,-0.084193
2.688000,2.692793,-0.002446
2.688000,3.003970,0.036984
2.688000,11.715977,0.010581
2.688000,3.052460,-0.041300
2.688000,2.692182,0.002017
2.688000,3.615428,0.080413
2.688000,7.879594,-0.117446
2.688000,2.801352,-0.016621
2.688000,2.737979,0.009159
2.688000,5.517056,0.128059
2.688000,4.415306,-0.111515
2.688000,2.708844,-0.005488
2.688000,2.846275,0.021576
2.688000,9.335906,0.094906
2.688000,3.383038,-0.066486
2.688000,2.689755,-0.000661
2.688000,3.199163,0.053349
2.688000,10.820104,-0.059011
2.688000,2.909985,-0.028102
2.688000,2.694688,0.003364
2.688000,3.852761,0.092055
2.688000,6.869135,-0.126914
2.688000,2.773285,-0.013465
2.688000,2.752239,0.010974
2.688000,6.074272,0.129641
2.688000,4.130571,-0.102917
2.688000,2.700918,-0.004519
2.688000,2.852752,0.022305
2.688000,9.525815,0.091208
2.688000,3.357876,-0.064819
2.688000,2.688076,-0.000678
2.688000,3.169617,0.051056
2.688000,11.054127,-0.050981
2.688000,2.924361,-0.029540
2.688000,2.690059,0.002714
2.688000,3.679966,0.083840
2.688000,7.563702,-0.121011
2.688000,2.791766,-0.015690
2.688000,2.724564,0.007706
2.688000,5.040928,0.123573
2.688000,4.764291,-0.119248
2.688000,2.717118,-0.006798
2.688000,2.799022,0.016529
2.688000,7.825356,0.118099
2.688000,3.625794,-0.081000
2.688000,2.688826,-0.002482
2.688000,2.936171,0.030688
2.688000,11.216951,0.044555
2.688000,3.147869,-0.049325
2.688000,2.687740,0.000797
2.688000,3.368975,0.065567
2.688000,9.440806,-0.092889
2.688000,2.849671,-0.021991
2.688000,2.700528,0.004497
2.688000,4.120480,0.102569
2.688000,6.097958,-0.129637
2.688000,2.752795,-0.011056
2.688000,2.770650,0.013171
2.688000,6.772894,0.127498
2.688000,3.880900,-0.093283
2.688000,2.695065,-0.003513
2.688000,2.895971,0.026717
2.688000,10.558561,0.066856
2.688000,3.230882,-0.055767
2.688000,2.689093,0.000354
2.688000,3.329147,0.062848
2.688000,9.751095,-0.086553
2.688000,2.861206,-0.023163
2.688000,2.702078,0.004591
2.688000,4.161444,0.103961
2.688000,6.003758,-0.129622
2.688000,2.750582,-0.010730
2.688000,2.781058,0.014329
2.688000,7.151184,0.124857
2.688000,3.776809,-0.088585
2.688000,2.693886,-0.002937
2.688000,2.954884,0.032431
2.688000,11.422943,0.034781
2.688000,3.117597,-0.046829
2.688000,2.691455,0.001454
2.688000,3.523046,0.075200
2.688000,8.394058,-0.110614
2.688000,2.816342,-0.018294
2.688000,2.728223,0.007939
2.688000,5.143829,0.124828
2.688000,4.677574,-0.117575
2.688000,2.715861,-0.006385
2.688000,2.834629,0.020312
2.688000,8.985321,0.101246
2.688000,3.431726,-0.069633
2.688000,2.690449,-0.000926
2.688000,3.173861,0.051372
2.688000,11.022098,-0.052149
2.688000,2.922415,-0.029315
2.688000,2.694714,0.003275
2.688000,3.840102,0.091492
2.688000,6.913886,-0.126621
2.688000,2.774572,-0.013595
2.688000,2.753658,0.011122
2.688000,6.124672,0.129624
2.688000,4.109321,-0.102177
2.688000,2.700597,-0.004414
2.688000,2.861793,0.023234
2.688000,9.767878,0.086195
2.688000,3.327014,-0.062704
2.688000,2.688673,-0.000388
2.688000,3.219393,0.054904
2.688000,10.653676,-0.064116
2.688000,2.900790,-0.027206
2.688000,2.693456,0.003288
2.688000,3.820689,0.090625
2.688000,6.983815,-0.126140
2.688000,2.776167,-0.013844
2.688000,2.743905,0.010017
2.688000,5.765004,0.129192
2.688000,4.275956,-0.107601
2.688000,2.704227,-0.005103
2.688000,2.826208,0.019519
2.688000,8.738870,0.105354
2.688000,3.467949,-0.071922
2.688000,2.687181,-0.001566
2.688000,3.033868,0.039707
2.688000,11.743856,-0.002896
2.688000,3.020618,-0.038528
2.688000,2.687162,0.001661
2.688000,3.481113,0.072727
2.688000,8.653218,-0.106713
2.688000,2.823514,-0.019231
2.688000,2.704737,0.005182
2.688000,4.296904,0.108224
2.688000,5.724969,-0.129059
2.688000,2.742829,-0.009893
2.688000,2.776655,0.013906
2.688000,7.002791,0.126004
2.688000,3.815537,-0.090391
2.688000,2.693285,-0.003273
2.688000,2.900161,0.027145
2.688000,10.641801,0.064465
2.688000,3.220822,-0.055013
2.688000,2.688563,0.000364
2.688000,3.321955,0.062354
2.688000,9.808225,-0.085325
2.688000,2.863326,-0.023396
2.688000,2.699876,0.004318
2.688000,4.082616,0.101230
2.688000,6.190015,-0.129568
2.688000,2.755340,-0.011332
2.688000,2.771659,0.013263
2.688000,6.806282,0.127302
2.688000,3.871026,-0.092854
2.688000,2.695210,-0.003428
2.688000,2.909566,0.028057
2.688000,10.812433,0.059255
2.688000,3.200118,-0.053421
2.688000,2.689979,0.000681
2.688000,3.389436,0.066906
2.688000,9.288510,-0.095799
2.688000,2.844675,-0.021400
2.688000,2.710231,0.005661
2.688000,4.466121,0.112817
2.688000,5.436162,-0.127524
2.688000,2.735893,-0.008894
2.688000,2.805229,0.017052
2.688000,8.014381,0.115777
2.688000,3.589812,-0.079008
2.688000,2.692044,-0.001854
2.688000,3.072428,0.043026
2.688000,11.654376,-0.018498
2.688000,2.987295,-0.035458
2.688000,2.693178,0.002614
2.688000,3.718057,0.085741
2.688000,7.394172,-0.122702
2.688000,2.787741,-0.015086
2.688000,2.746603,0.010233
2.688000,5.849521,0.129410
2.688000,4.233561,-0.106294
2.688000,2.704005,-0.004848
2.688000,2.856812,0.022698
2.688000,9.632856,0.089033
2.688000,3.344154,-0.063878
2.688000,2.689314,-0.000435
2.688000,3.223204,0.055187
2.688000,10.622395,-0.065029
2.688000,2.899226,-0.027039
2.688000,2.695113,0.003494
2.688000,3.878982,0.093200
2.688000,6.779347,-0.127461
2.688000,2.770852,-0.013188
2.688000,2.753493,0.011132
2.688000,6.123319,0.129626
2.688000,4.109851,-0.102198
2.688000,2.700334,-0.004448
2.688000,2.853150,0.022350
2.688000,9.537354,0.090977
2.688000,3.356370,-0.064718
2.688000,2.687936,-0.000684
2.688000,3.166570,0.050816
2.688000,11.077504,-0.050109
2.688000,2.925945,-0.029696
2.688000,2.689699,0.002660
2.688000,3.666117,0.083127
2.688000,7.628341,-0.120325
2.688000,2.793534,-0.015898
2.688000,2.722375,0.007442
2.688000,4.959785,0.122450
2.688000,4.838419,-0.120549
2.688000,2.719107,-0.007044
2.688000,2.796682,0.016262
2.688000,7.741983,0.119065
2.688000,3.642524,-0.081892
2.688000,2.689156,-0.002560
2.688000,2.930898,0.030178
2.688000,11.147397,0.047406
2.688000,3.157327,-0.050082
2.688000,2.687788,0.000734
2.688000,3.360914,0.065026
2.688000,9.502338,-0.091677
2.688000,2.851870,-0.022220
2.688000,2.700144,0.004435
2.688000,4.104668,0.102016
2.688000,6.135791,-0.129618
2.688000,2.753792,-0.011175
2.688000,2.769634,0.013052
2.688000,6.734753,0.127712
2.688000,3.892406,-0.093776
2.688000,2.695307,-0.003563
2.688000,2.893028,0.026422
2.688000,10.498985,0.068516
2.688000,3.238036,-0.056303
2.688000,2.689010,0.000292
2.688000,3.319246,0.062162
2.688000,9.830135,-0.084847
2.688000,2.864225,-0.023478
2.688000,2.701046,0.004448
2.688000,4.122183,0.102625
2.688000,6.094068,-0.129636
2.688000,2.752918,-0.011019
2.688000,2.777347,0.013905
2.688000,7.014948,0.125912
2.688000,3.812370,-0.090238
2.688000,2.694393,-0.003122
2.688000,2.937927,0.030814
2.688000,11.236017,0.043737
2.688000,3.145374,-0.049098
2.688000,2.691042,0.001203
2.688000,3.480617,0.072667
2.688000,8.658078,-0.106631
2.688000,2.824335,-0.019180
2.688000,2.722759,0.007255
2.688000,4.936901,0.122105
2.688000,4.860543,-0.120908
2.688000,2.720733,-0.007000
2.688000,2.827301,0.019507
2.688000,8.753907,0.105106
2.688000,3.465909,-0.071767
2.688000,2.690877,-0.001118
2.688000,3.154340,0.049819
2.688000,11.170683,-0.046466
2.688000,2.932855,-0.030326
2.688000,2.694526,0.003175
2.688000,3.822372,0.090693
2.688000,6.977993,-0.126179
2.688000,2.776338,-0.013791
2.688000,2.753384,0.011079
2.688000,6.112429,0.129630
2.688000,4.114446,-0.102356
2.688000,2.700824,-0.004422
2.688000,2.864265,0.023484
2.688000,9.831375,0.084820
2.688000,3.319088,-0.062151
2.688000,2.688942,-0.000299
2.688000,3.235971,0.056149
2.688000,10.516154,-0.068042
2.688000,2.893859,-0.026507
2.688000,2.695018,0.003523
2.688000,3.881630,0.093315
2.688000,6.770433,-0.127512
2.688000,2.770563,-0.013165
2.688000,2.752252,0.010996
2.688000,6.078164,0.129642
2.688000,4.128883,-0.102861
2.688000,2.700690,-0.004534
2.688000,2.847168,0.021731
2.688000,9.370126,0.094257
2.688000,3.378332,-0.066191
2.688000,2.687608,-0.000879
2.688000,3.134458,0.048241
2.688000,11.311414,-0.040367
2.688000,2.944002,-0.031441
2.688000,2.688314,0.002363
2.688000,3.600221,0.079613
2.688000,7.957413,-0.116500
2.688000,2.802759,-0.016955
2.688000,2.713961,0.006406
2.688000,4.647101,0.116961
2.688000,5.181786,-0.125258
2.688000,2.728340,-0.008162
2.688000,2.788388,0.015295
2.688000,7.440029,0.122264
2.688000,3.707380,-0.085227
2.688000,2.690698,-0.002830
2.688000,2.918946,0.029009
2.688000,10.971142,0.053965
2.688000,3.180249,-0.051891
2.688000,2.688212,0.000617
2.688000,3.351523,0.064388
2.688000,9.574966,-0.090218
2.688000,2.854550,-0.022490
2.688000,2.700919,0.004506
2.688000,4.128593,0.102849
2.688000,6.078913,-0.129641
2.688000,2.752385,-0.010986
2.688000,2.773846,0.013525
2.688000,6.889251,0.126784
2.688000,3.847034,-0.091802
2.688000,2.694645,-0.003330
2.688000,2.913879,0.028484
2.688000,10.886403,0.056850
2.688000,3.190969,-0.052713
2.688000,2.689952,0.000744
2.688000,3.397869,0.067458
2.688000,9.226527,-0.096950
2.688000,2.842558,-0.021176
2.688000,2.710878,0.005751
2.688000,4.491405,0.113442
2.688000,5.397593,-0.127239
2.688000,2.734867,-0.008770
2.688000,2.806167,0.017160
2.688000,8.047424,0.115354
2.688000,3.583691,-0.078668
2.688000,2.691926,-0.001825
2.688000,3.074524,0.043207
2.688000,11.646223,-0.019305
2.688000,2.985628,-0.035306
2.688000,2.693092,0.002616
2.688000,3.716940,0.085686
2.688000,7.398995,-0.122656
2.688000,2.787854,-0.015103
2.688000,2.745969,0.010161
2.688000,5.826147,0.129357
2.688000,4.245088,-0.106653
2.688000,2.704258,-0.004895
2.688000,2.854422,0.022451
2.688000,9.567980,0.090358
2.688000,3.352481,-0.064445
2.688000,2.689184,-0.000510
2.688000,3.210775,0.054244
2.688000,10.724951,-0.061981
2.688000,2.904632,-0.027580
2.688000,2.694114,0.003337
2.688000,3.838964,0.091445
2.688000,6.917747,-0.126596
2.688000,2.774488,-0.013628
2.688000,2.748213,0.010514
2.688000,5.925065,0.129547
2.688000,4.197310,-0.105146
2.688000,2.702379,-0.004795
2.688000,2.838637,0.020833
2.688000,9.120686,0.098875
2.688000,3.412354,-0.068418
2.688000,2.687474,-0.001138
2.688000,3.096964,0.045143
2.688000,11.541110,-0.027691
2.688000,2.968465,-0.033756
2.688000,2.687606,0.002099
2.688000,3.550613,0.076831
2.688000,8.230467,-0.112928
2.688000,2.810690,-0.017838
2.688000,2.709274,0.005805
2.688000,4.471425,0.112958
2.688000,5.427696,-0.127470
2.688000,2.734914,-0.008951
2.688000,2.782954,0.014654
2.688000,7.238779,0.124123
2.688000,3.754822,-0.087552
2.688000,2.691835,-0.003024
2.688000,2.910687,0.028193
2.688000,10.834277,0.058557
2.688000,3.197350,-0.053219
2.688000,2.688425,0.000518
2.688000,3.341172,0.063681
2.688000,9.655823,-0.088559
2.688000,2.857550,-0.022798
2.688000,2.700864,0.004477
2.688000,4.123319,0.102666
2.688000,6.091327,-0.129638
2.688000,2.752746,-0.011021
2.688000,2.774518,0.013596
2.688000,6.913099,0.126626
2.688000,3.840313,-0.091502
2.688000,2.694617,-0.003287
2.688000,2.919194,0.029003
2.688000,10.972477,0.053915
2.688000,3.180178,-0.051870
2.688000,2.690228,0.000854
2.688000,3.417966,0.068757
2.688000,9.081910,-0.099560
2.688000,2.837761,-0.020655
2.688000,2.713733,0.006117
2.688000,4.598205,0.115910
2.688000,5.245961,-0.125914
2.688000,2.730900,-0.008275
2.688000,2.812180,0.017831
2.688000,8.253717,0.112600
2.688000,3.546863,-0.076584
2.688000,2.691633,-0.001601
2.688000,3.100393,0.045398
2.688000,11.523661,-0.028839
2.688000,2.966446,-0.033521
2.688000,2.693518,0.002808
2.688000,3.751902,0.087398
2.688000,7.251344,-0.124010
2.688000,2.783789,-0.014642
2.688000,2.748539,0.010480
2.688000,5.925433,0.129545
2.688000,4.197219,-0.105138
2.688000,2.702990,-0.004724
2.688000,2.857622,0.022789
2.688000,9.655569,0.088563
2.688000,3.341242,-0.063680
2.688000,2.689076,-0.000442
2.688000,3.218369,0.054823
2.688000,10.662303,-0.063861
2.688000,2.901279,-0.027248
2.688000,2.694298,0.003383
2.688000,3.848897,0.091887
2.688000,6.882568,-0.126828
2.688000,2.773541,-0.013518
2.688000,2.748948,0.010603
2.688000,5.953213,0.129582
2.688000,4.184257,-0.104721
2.688000,2.702039,-0.004747
2.688000,2.839670,0.020943
2.688000,9.151652,0.098318
2.688000,3.408039,-0.068139
2.688000,2.687455,-0.001109
2.688000,3.100567,0.045445
2.688000,11.521727,-0.028973
2.688000,2.965931,-0.033519
2.688000,2.687610,0.002118
2.688000,3.553432,0.076992
2.688000,8.214320,-0.113149
2.688000,2.810208,-0.017786
2.688000,2.709356,0.005818
2.688000,4.474867,0.113044
2.688000,5.422412,-0.127431
2.688000,2.734766,-0.008935
2.688000,2.782874,0.014647
2.688000,7.236090,0.124147
2.688000,3.755479,-0.087584
2.688000,2.691821,-0.003031
2.688000,2.909649,0.028091
2.688000,10.816301,0.059134
2.688000,3.199562,-0.053390
2.688000,2.688370,0.000496
2.688000,3.337141,0.063405
2.688000,9.687493,-0.087899
2.688000,2.858722,-0.022921
2.688000,2.700390,0.004413
2.688000,4.105546,0.102046
2.688000,6.133734,-0.129619
2.688000,2.753842,-0.011157
2.688000,2.772734,0.013392
2.688000,6.847135,0.127053
2.688000,3.859101,-0.092334
2.688000,2.694924,-0.003380
2.688000,2.911561,0.028255
2.688000,10.847087,0.058141
2.688000,3.195845,-0.053091
2.688000,2.689958,0.000709
2.688000,3.393092,0.067146
2.688000,9.261549,-0.096302
2.688000,2.843750,-0.021302
2.688000,2.710477,0.005696
2.688000,4.475872,0.113060
2.688000,5.421158,-0.127416
2.688000,2.735491,-0.008846
2.688000,2.805530,0.017087
2.688000,8.025077,0.115641
2.688000,3.587823,-0.078898
2.688000,2.691994,-0.001846
2.688000,3.072740,0.043053
2.688000,11.653177,-0.018619
2.688000,2.987043,-0.035436
2.688000,2.693125,0.002610
2.688000,3.716539,0.085666
2.688000,7.400752,-0.122640
2.688000,2.787913,-0.015108
2.688000,2.746221,0.010189
2.688000,5.835293,0.129378
2.688000,4.240559,-0.106512
2.688000,2.704165,-0.004876
2.688000,2.855551,0.022567
2.688000,9.598702,0.089734
2.688000,3.348528,-0.064176
2.688000,2.689253,-0.000474
2.688000,3.216913,0.054711
2.688000,10.674408,-0.063502
2.688000,2.901932,-0.027310
2.688000,2.694609,0.003415
2.688000,3.858815,0.092323
2.688000,6.848021,-0.127048
2.688000,2.772654,-0.013406
2.688000,2.750863,0.010825
2.688000,6.024566,0.129635
2.688000,4.152147,-0.103653
2.688000,2.701309,-0.004618
2.688000,2.845623,0.021566
2.688000,9.325445,0.095107
2.688000,3.384316,-0.066587
2.688000,2.687669,-0.000915
2.688000,3.130558,0.047922
2.688000,11.337879,-0.039115
2.688000,2.946373,-0.031667
2.688000,2.688338,0.002349
2.688000,3.598525,0.079519
2.688000,7.966400,-0.116388
2.688000,2.803028,-0.016982
2.688000,2.714100,0.006420
2.688000,4.651748,0.117057
2.688000,5.175883,-0.125194
2.688000,2.728193,-0.008142
2.688000,2.788873,0.015349
2.688000,7.457353,0.122093
2.688000,3.703469,-0.085031
2.688000,2.690659,-0.002807
2.688000,2.921380,0.029246
2.688000,11.008930,0.052627
2.688000,3.175443,-0.051514
2.688000,2.688285,0.000661
2.688000,3.358817,0.064881
2.688000,9.518668,-0.091351
2.688000,2.852522,-0.022275
2.688000,2.701700,0.004612
2.688000,4.158029,0.103849
2.688000,6.011344,-0.129628
2.688000,2.750636,-0.010770
2.688000,2.776571,0.013837
2.688000,6.989870,0.126095
2.688000,3.819114,-0.090548
2.688000,2.694192,-0.003192
2.688000,2.925370,0.029606
2.688000,11.066400,0.050521
2.688000,3.168132,-0.050921
2.688000,2.690325,0.000953
2.688000,3.433491,0.069746
2.688000,8.973011,-0.101458
2.688000,2.834209,-0.020271
2.688000,2.715502,0.006347
2.688000,4.665280,0.117326
2.688000,5.159104,-0.125001
2.688000,2.728600,-0.007992
2.688000,2.814992,0.018148
2.688000,8.349364,0.111256
2.688000,3.530523,-0.075638
2.688000,2.691419,-0.001511
2.688000,3.109253,0.046139
2.688000,11.473429,-0.031940
2.688000,2.960370,-0.032951
2.688000,2.693521,0.002853
2.688000,3.758533,0.087717
2.688000,7.224249,-0.124245
2.688000,2.783022,-0.014560
2.688000,2.748339,0.010464
2.688000,5.919040,0.129537
2.688000,4.200206,-0.105235
2.688000,2.703002,-0.004742
2.688000,2.855327,0.022553
2.688000,9.593847,0.089833
2.688000,3.349131,-0.064220
2.688000,2.688889,-0.000521
2.688000,3.204522,0.053768
2.688000,10.776086,-0.060404
2.688000,2.907421,-0.027862
2.688000,2.693151,0.003203
2.688000,3.803096,0.089820
2.688000,7.049355,-0.125659
2.688000,2.777943,-0.014048
2.688000,2.742677,0.009866
2.688000,5.717816,0.129033
2.688000,4.300715,-0.108336
2.688000,2.704901,-0.005189
2.688000,2.825204,0.019408
2.688000,8.706488,0.105872
2.688000,3.472901,-0.072225
2.688000,2.687278,-0.001590
2.688000,3.032203,0.039558
2.688000,11.744830,-0.002177
2.688000,3.022241,-0.038672
2.688000,2.687266,0.001662
2.688000,3.482885,0.072834
2.688000,8.641874,-0.106891
2.688000,2.823178,-0.019192
2.688000,2.705300,0.005250
2.688000,4.317043,0.108812
2.688000,5.687458,-0.128917
2.688000,2.741860,-0.009771
2.688000,2.778297,0.014093
2.688000,7.063126,0.125555
2.688000,3.799455,-0.089653
2.688000,2.693024,-0.003193
2.688000,2.906806,0.027803
2.688000,10.765194,0.060744
2.688000,3.205849,-0.053870
2.688000,2.688798,0.000500
2.688000,3.344803,0.063926
2.688000,9.627553,-0.089143
2.688000,2.856552,-0.022684
2.688000,2.702361,0.004659
2.688000,4.176524,0.104463
2.688000,5.970265,-0.129597
2.688000,2.749658,-0.010629
2.688000,2.780740,0.014301
2.688000,7.140953,0.124940
2.688000,3.779399,-0.088709
2.688000,2.693790,-0.002966
2.688000,2.949465,0.031919
2.688000,11.368510,0.037607
2.688000,3.126100,-0.047530
2.688000,2.691177,0.001360
2.688000,3.505001,0.074135
2.688000,8.504071,-0.108993
2.688000,2.819622,-0.018663
2.688000,2.725419,0.007594
2.688000,5.038437,0.123533
2.688000,4.766717,-0.119284
2.688000,2.718208,-0.006689
2.688000,2.830113,0.019822
2.688000,8.844369,0.103627
2.688000,3.452321,-0.070927
2.688000,2.690574,-0.001058
2.688000,3.157796,0.050098
2.688000,11.144880,-0.047502
2.688000,2.930924,-0.030142
2.688000,2.694151,0.003146
2.688000,3.811702,0.090209
2.688000,7.017358,-0.125895
2.688000,2.777340,-0.013920
2.688000,2.750820,0.010784
2.688000,6.017157,0.129630
2.688000,4.155459,-0.103762
2.688000,2.701702,-0.004594
2.688000,2.854851,0.022515
2.688000,9.582322,0.090069
2.688000,3.350590,-0.064322
2.688000,2.688466,-0.000581
2.688000,3.189389,0.052602
2.688000,10.898494,-0.056449
2.688000,2.914480,-0.028566
2.688000,2.691569,0.002965
2.688000,3.741725,0.086919
2.688000,7.292804,-0.123646
2.688000,2.784420,-0.014825
2.688000,2.733507,0.008780
2.688000,5.374590,0.127065
2.688000,4.506646,-0.113819
2.688000,2.710222,-0.005925
2.688000,2.809256,0.017678
2.688000,8.181478,0.113595
2.688000,3.559216,-0.077322
2.688000,2.687748,-0.002143
2.688000,2.964808,0.033413
2.688000,11.512767,0.029548
2.688000,3.102197,-0.045581
2.688000,2.687541,0.001107
2.688000,3.409203,0.068214
2.688000,9.143315,-0.098468
2.688000,2.839403,-0.020912
2.688000,2.702447,0.004797
2.688000,4.198808,0.105194
2.688000,5.921873,-0.129543
2.688000,2.748144,-0.010502
2.688000,2.775030,0.013687
2.688000,6.937413,0.126463
2.688000,3.833482,-0.091200
2.688000,2.694051,-0.003307
2.688000,2.907691,0.027882
2.688000,10.780238,0.060273
2.688000,3.204035,-0.053727
2.688000,2.689325,0.000575
2.688000,3.363949,0.065218
2.688000,9.479804,-0.092121
2.688000,2.851268,-0.022116
2.688000,2.705686,0.005085
2.688000,4.298633,0.108268
2.688000,5.721958,-0.129044
2.688000,2.743272,-0.009825
2.688000,2.792190,0.015593
2.688000,7.555112,0.121095
2.688000,3.682042,-0.083925
2.688000,2.692717,-0.002418
2.688000,3.006492,0.037214
2.688000,11.722240,0.009411
2.688000,3.049603,-0.041051
2.688000,2.692181,0.002038
2.688000,3.618376,0.080573
2.688000,7.864448,-0.117628
2.688000,2.800915,-0.016573
2.688000,2.738091,0.009175
2.688000,5.521683,0.128087
2.688000,4.412484,-0.111440
2.688000,2.708755,-0.005480
2.688000,2.846023,0.021551
2.688000,9.328784,0.095041
2.688000,3.383991,-0.066549
2.688000,2.689709,-0.000673
2.688000,3.196713,0.053160
2.688000,10.839958,-0.058372
2.688000,2.911125,-0.028216
2.688000,2.694457,0.003329
2.688000,3.843626,0.091651
2.688000,6.901254,-0.126705
2.688000,2.774128,-0.013567
2.688000,2.750957,0.010824
2.688000,6.026161,0.129635
2.688000,4.151458,-0.103629
2.688000,2.701397,-0.004603
2.688000,2.848983,0.021913
2.688000,9.420598,0.093283
2.688000,3.371653,-0.065744
2.688000,2.687934,-0.000794
2.688000,3.151495,0.049615
2.688000,11.190608,-0.045655
2.688000,2.934143,-0.030490
2.688000,2.689255,0.002547
2.688000,3.642387,0.081883
2.688000,7.742699,-0.119057
2.688000,2.796726,-0.016262
2.688000,2.719755,0.007118
2.688000,4.861619,0.120933
2.688000,4.935538,-0.122092
2.688000,2.721744,-0.007361
2.688000,2.794790,0.016038
2.688000,7.672955,0.119838
2.688000,3.656751,-0.082639
2.688000,2.689582,-0.002609
2.688000,2.931011,0.030186
2.688000,11.148695,0.047354
2.688000,3.157165,-0.050068
2.688000,2.688029,0.000764
2.688000,3.369006,0.065567
2.688000,9.440698,-0.092891
2.688000,2.849706,-0.021986
2.688000,2.701547,0.004615
2.688000,4.155868,0.103777
2.688000,6.016187,-0.129630
2.688000,2.750714,-0.010790
2.688000,2.774996,0.013664
2.688000,6.932927,0.126493
2.688000,3.834755,-0.091255
2.688000,2.694343,-0.003281
2.688000,2.915709,0.028665
2.688000,10.916807,0.055831
2.688000,3.187172,-0.052419
2.688000,2.689903,0.000765
2.688000,3.400110,0.067605
2.688000,9.210163,-0.097251
2.688000,2.841998,-0.021117
2.688000,2.710886,0.005756
2.688000,4.492350,0.113465
2.688000,5.396169,-0.127228
2.688000,2.734817,-0.008767
2.688000,2.805871,0.017129
2.688000,8.037440,0.115483
2.688000,3.585529,-0.078771
2.688000,2.691901,-0.001841
2.688000,3.071944,0.042986
2.688000,11.656191,-0.018314
2.688000,2.987667,-0.035494
2.688000,2.692986,0.002589
2.688000,3.711162,0.085399
2.688000,7.424208,-0.122413
2.688000,2.788541,-0.015183
2.688000,2.745227,0.010073
2.688000,5.798109,0.129285
2.688000,4.259146,-0.107085
2.688000,2.704603,-0.004948
2.688000,2.852659,0.022267
2.688000,9.519374,0.091336
2.688000,3.358775,-0.064871
2.688000,2.689134,-0.000561
2.688000,3.202961,0.053646
2.688000,10.788933,-0.060001
2.688000,2.908162,-0.027932
2.688000,2.693590,0.003249
2.688000,3.817276,0.090468
2.688000,6.996453,-0.126049
2.688000,2.776570,-0.013877
2.688000,2.745406,0.010183
2.688000,5.819532,0.129344
2.688000,4.248285,-0.106757
2.688000,2.703627,-0.004989
2.688000,2.832096,0.020141
2.688000,8.922150,0.102330
2.688000,3.440676,-0.070223
2.688000,2.687368,-0.001351
2.688000,3.066134,0.042522
2.688000,11.676368,-0.016139
2.688000,2.991944,-0.035930
2.688000,2.687334,0.001893
2.688000,3.516826,0.074867
2.688000,8.429922,-0.110098
2.688000,2.816657,-0.018490
2.688000,2.706935,0.005489
2.688000,4.381981,0.110632
2.688000,5.572459,-0.128381
2.688000,2.738776,-0.009410
2.688000,2.780003,0.014303
2.688000,7.128298,0.125045
2.688000,3.782514,-0.088865
2.688000,2.692517,-0.003136
2.688000,2.906531,0.027780
2.688000,10.760629,0.060886
2.688000,3.206394,-0.053914
2.688000,2.688548,0.000467
2.688000,3.336055,0.063329
2.688000,9.696139,-0.087717
2.688000,2.859068,-0.022953
2.688000,2.700881,0.004467
2.688000,4.122211,0.102627
2.688000,6.093955,-0.129637
2.688000,2.752837,-0.011027
2.688000,2.775053,0.013654
2.688000,6.932290,0.126497
2.688000,3.834953,-0.091262
2.688000,2.694576,-0.003255
2.688000,2.922843,0.029358
2.688000,11.028658,0.051911
2.688000,3.173016,-0.051306
2.688000,2.690400,0.000927
2.688000,3.430958,0.069585
2.688000,8.990648,-0.101155
2.688000,2.834794,-0.020332
2.688000,2.715587,0.006353
2.688000,4.667647,0.117374
2.688000,5.156152,-0.124968
2.688000,2.728541,-0.007980
2.688000,2.815662,0.018219
2.688000,8.371421,0.110940
2.688000,3.526823,-0.075422
2.688000,2.691461,-0.001480
2.688000,3.114149,0.046544
2.688000,11.444166,-0.033616
2.688000,2.957128,-0.032644
2.688000,2.693763,0.002906
2.688000,3.770224,0.088274
2.688000,7.177266,-0.124642
2.688000,2.781761,-0.014411
2.688000,2.749854,0.010643
2.688000,5.976170,0.129602
2.688000,4.173852,-0.104374
2.688000,2.702376,-0.004639
2.688000,2.859387,0.022974
2.688000,9.703042,0.087571
2.688000,3.335209,-0.063267
2.688000,2.689035,-0.000404
2.688000,3.223006,0.055174
2.688000,10.623915,-0.064986
2.688000,2.899279,-0.027049
2.688000,2.694469,0.003418
2.688000,3.856933,0.092242
2.688000,6.854507,-0.127007
2.688000,2.772793,-0.013430
2.688000,2.749732,0.010697
2.688000,5.982918,0.129610
2.688000,4.170721,-0.104275
2.688000,2.701703,-0.004696
2.688000,2.841308,0.021116
2.688000,9.200157,0.097438
2.688000,3.401336,-0.067704
2.688000,2.687478,-0.001059
2.688000,3.107810,0.046049
2.688000,11.480850,-0.031509
2.688000,2.960966,-0.033052
2.688000,2.687714,0.002167
2.688000,3.562128,0.077488
2.688000,8.165023,-0.113816
2.688000,2.808760,-0.017626
2.688000,2.710084,0.005913
2.688000,4.502333,0.113715
2.688000,5.380977,-0.127116
2.688000,2.733661,-0.008802
2.688000,2.783782,0.014754
2.688000,7.269899,0.123851
2.688000,3.747239,-0.087187
2.688000,2.691625,-0.002997
2.688000,2.911123,0.028237
2.688000,10.841912,0.058311
2.688000,3.196404,-0.053147
2.688000,2.688344,0.000515
2.688000,3.339473,0.063565
2.688000,9.669130,-0.088282
2.688000,2.858034,-0.022850
2.688000,2.700475,0.004428
2.688000,4.109286,0.102177
2.688000,6.124720,-0.129624
2.688000,2.753602,-0.011129
2.688000,2.772920,0.013414
2.688000,6.854197,0.127008
2.688000,3.857062,-0.092244
2.688000,2.694878,-0.003372
2.688000,2.911967,0.028295
2.688000,10.854048,0.057914
2.688000,3.194984,-0.053025
2.688000,2.689959,0.000715
2.688000,3.393987,0.067205
2.688000,9.254973,-0.096424
2.688000,2.843526,-0.021278
2.688000,2.710559,0.005707
2.688000,4.479003,0.113137
2.688000,5.416376,-0.127381
2.688000,2.735365,-0.008831
2.688000,2.805672,0.017103
2.688000,8.030052,0.115577
2.688000,3.586900,-0.078847
2.688000,2.691981,-0.001841
2.688000,3.073208,0.043094
2.688000,11.651372,-0.018799
2.688000,2.986671,-0.035401
2.688000,2.693123,0.002612
2.688000,3.716853,0.085682
2.688000,7.399383,-0.122653
2.688000,2.787874,-0.015104
2.688000,2.746199,0.010187
2.688000,5.834542,0.129377
2.688000,4.240929,-0.106523
2.688000,2.704170,-0.004878
2.688000,2.855391,0.022551
2.688000,9.594369,0.089822
2.688000,3.349085,-0.064214
2.688000,2.689241,-0.000479
2.688000,3.215972,0.054639
2.688000,10.682175,-0.063271
2.688000,2.902342,-0.027351
2.688000,2.694528,0.003402
2.688000,3.855619,0.092183
2.688000,6.859103,-0.126978
2.688000,2.772945,-0.013441
2.688000,2.750433,0.010774
2.688000,6.008448,0.129627
2.688000,4.159283,-0.103893
2.688000,2.701476,-0.004646
2.688000,2.844440,0.021443
2.688000,9.291320,0.095750
2.688000,3.388913,-0.066890
2.688000,2.687631,-0.000952
2.688000,3.124855,0.047456
2.688000,11.375597,-0.037258
2.688000,2.949899,-0.032003
2.688000,2.688178,0.002304
2.688000,3.589425,0.079017
2.688000,8.014923,-0.115777
2.688000,2.804418,-0.017139
2.688000,2.713091,0.006293
2.688000,4.614154,0.116264
2.688000,5.224487,-0.125706
2.688000,2.729494,-0.008299
2.688000,2.787742,0.015216
2.688000,7.415767,0.122500
2.688000,3.712912,-0.085503
2.688000,2.690881,-0.002847
2.688000,2.919558,0.029067
2.688000,10.980616,0.053632
2.688000,3.179053,-0.051797
2.688000,2.688330,0.000640
2.688000,3.356602,0.064731
2.688000,9.535740,-0.091009
2.688000,2.853143,-0.022339
2.688000,2.701688,0.004606
2.688000,4.156914,0.103812
2.688000,6.013860,-0.129629
2.688000,2.750710,-0.010777
2.688000,2.776724,0.013854
2.688000,6.995300,0.126056
2.688000,3.817643,-0.090480
2.688000,2.694188,-0.003182
2.688000,2.926592,0.029724
2.688000,11.084126,0.049855
2.688000,3.165822,-0.050738
2.688000,2.690384,0.000977
2.688000,3.437784,0.070017
2.688000,8.943353,-0.101965
2.688000,2.833258,-0.020167
2.688000,2.716122,0.006426
2.688000,4.688519,0.117794
2.688000,5.130375,-0.124673
2.688000,2.727844,-0.007897
2.688000,2.816101,0.018271
2.688000,8.386639,0.110721
2.688000,3.524275,-0.075273
2.688000,2.691362,-0.001474
2.688000,3.113458,0.046488
2.688000,11.448339,-0.033382
2.688000,2.957574,-0.032687
2.688000,2.693590,0.002882
2.688000,3.763884,0.087973
2.688000,7.202621,-0.124429
2.688000,2.782429,-0.014492
2.688000,2.748696,0.010508
2.688000,5.932885,0.129556
2.688000,4.193733,-0.105026
2.688000,2.702828,-0.004719
2.688000,2.855707,0.022594
2.688000,9.604326,0.089619
2.688000,3.347784,-0.064129
2.688000,2.688869,-0.000513
2.688000,3.205196,0.053820
2.688000,10.770565,-0.060576
2.688000,2.907111,-0.027832
2.688000,2.693142,0.003204
2.688000,3.803130,0.089822
2.688000,7.049224,-0.125660
2.688000,2.777936,-0.014048
2.688000,2.742597,0.009857
2.688000,5.714896,0.129022
2.688000,4.302271,-0.108381
2.688000,2.704936,-0.005195
2.688000,2.824933,0.019379
2.688000,8.697916,0.106008
2.688000,3.474216,-0.072306
2.688000,2.687272,-0.001600
2.688000,3.030758,0.039430
2.688000,11.745453,-0.001553
2.688000,3.023653,-0.038798
2.688000,2.687264,0.001651
2.688000,3.481334,0.072740
2.688000,8.651845,-0.106735
2.688000,2.823489,-0.019225
2.688000,2.705221,0.005239
2.688000,4.313892,0.108720
2.688000,5.693268,-0.128940
2.688000,2.742015,-0.009789
2.688000,2.778189,0.014080
2.688000,7.059032,0.125586
2.688000,3.800534,-0.089703
2.688000,2.693052,-0.003197
2.688000,2.906674,0.027790
2.688000,10.762793,0.060818
2.688000,3.206143,-0.053893
2.688000,2.688804,0.000499
2.688000,3.344700,0.063919
2.688000,9.628361,-0.089126
2.688000,2.856582,-0.022687
2.688000,2.702373,0.004660
2.688000,4.176891,0.104475
2.688000,5.969461,-0.129597
2.688000,2.749638,-0.010626
2.688000,2.780799,0.014307
2.688000,7.143113,0.124922
2.688000,3.778849,-0.088683
2.688000,2.693785,-0.002963
2.688000,2.949799,0.031950
2.688000,11.372004,0.037432
2.688000,3.125567,-0.047487
2.688000,2.691187,0.001365
2.688000,3.505883,0.074187
2.688000,8.498615,-0.109075
2.688000,2.819458,-0.018644
2.688000,2.725538,0.007609
2.688000,5.042935,0.123592
2.688000,4.762748,-0.119211
2.688000,2.718102,-0.006676
2.688000,2.830278,0.019840
2.688000,8.849617,0.103540
2.688000,3.451542,-0.070879
2.688000,2.690565,-0.001053
2.688000,3.158275,0.050136
2.688000,11.141292,-0.047644
2.688000,2.930662,-0.030117
2.688000,2.694158,0.003148
2.688000,3.812225,0.090233
2.688000,7.015409,-0.125909
2.688000,2.777287,-0.013914
2.688000,2.750845,0.010788
2.688000,6.018131,0.129631
2.688000,4.155028,-0.103748
2.688000,2.701689,-0.004593
2.688000,2.854852,0.022515
2.688000,9.582343,0.090068
2.688000,3.350587,-0.064322
2.688000,2.688462,-0.000581
2.688000,3.189275,0.052594
2.688000,10.899412,-0.056418
2.688000,2.914535,-0.028572
2.688000,2.691557,0.002963
2.688000,3.741251,0.086896
2.688000,7.294778,-0.123629
2.688000,2.784473,-0.014831
2.688000,2.733435,0.008771
2.688000,5.371896,0.127044
2.688000,4.508470,-0.113863
2.688000,2.710270,-0.005932
2.688000,2.809154,0.017667
2.688000,8.178010,0.113641
2.688000,3.559830,-0.077357
2.688000,2.687754,-0.002146
2.688000,2.964437,0.033378
2.688000,11.509783,0.029736
2.688000,3.102733,-0.045626
2.688000,2.687542,0.001103
2.688000,3.408683,0.068180
2.688000,9.147053,-0.098401
2.688000,2.839529,-0.020926
2.688000,2.702418,0.004793
2.688000,4.197652,0.105157
2.688000,5.924342,-0.129546
2.688000,2.748209,-0.010510
2.688000,2.774963,0.013680
2.688000,6.934939,0.126480
2.688000,3.834170,-0.091231
2.688000,2.694065,-0.003310
2.688000,2.907497,0.027863
2.688000,10.776779,0.060382
2.688000,3.204458,-0.053760
2.688000,2.689321,0.000572
2.688000,3.363384,0.065180
2.688000,9.484124,-0.092036
2.688000,2.851422,-0.022132
2.688000,2.705625,0.005076
2.688000,4.296307,0.108199
2.688000,5.726343,-0.129060
2.688000,2.743386,-0.009839
2.688000,2.792019,0.015574
2.688000,7.548999,0.121159
2.688000,3.683371,-0.083993
2.688000,2.692732,-0.002426
2.688000,3.005705,0.037142
2.688000,11.720369,0.009775
2.688000,3.050490,-0.041128
2.688000,2.692173,0.002030
2.688000,3.617199,0.080509
2.688000,7.870482,-0.117556
2.688000,2.801088,-0.016592
2.688000,2.737997,0.009163
2.688000,5.518046,0.128065
2.688000,4.414699,-0.111499
2.688000,2.708816,-0.005487
2.688000,2.845950,0.021543
2.688000,9.326643,0.095082
2.688000,3.384279,-0.066568
2.688000,2.689718,-0.000674
2.688000,3.196743,0.053162
2.688000,10.839715,-0.058380
2.688000,2.911112,-0.028214
2.688000,2.694479,0.003331
2.688000,3.844381,0.091685
2.688000,6.898585,-0.126723
2.688000,2.774058,-0.013559
2.688000,2.751087,0.010839
2.688000,6.031035,0.129636
2.688000,4.149316,-0.103557
2.688000,2.701349,-0.004594
2.688000,2.849394,0.021956
2.688000,9.432164,0.093058
2.688000,3.370127,-0.065642
2.688000,2.687950,-0.000781
2.688000,3.153525,0.049777
2.688000,11.175680,-0.046267
2.688000,2.933011,-0.030381
2.688000,2.689339,0.002565
2.688000,3.646429,0.082097
2.688000,7.722898,-0.119281
2.688000,2.796173,-0.016199
2.688000,2.720264,0.007180
2.688000,4.880596,0.121241
2.688000,4.916083,-0.121797
2.688000,2.721219,-0.007297
2.688000,2.795245,0.016091
2.688000,7.689451,0.119655
2.688000,3.653322,-0.082459
2.688000,2.689496,-0.002595
2.688000,2.931515,0.030235
2.688000,11.155575,0.047079
2.688000,3.156240,-0.049994
2.688000,2.687996,0.000766
2.688000,3.368860,0.065557
2.688000,9.441793,-0.092870
2.688000,2.849741,-0.021991
2.688000,2.701421,0.004600
2.688000,4.151421,0.103628
2.688000,6.026253,-0.129635
2.688000,2.750971,-0.010823
2.688000,2.774474,0.013605
2.688000,6.913745,0.126622
2.688000,3.840114,-0.091494
2.688000,2.694423,-0.003309
2.688000,2.913297,0.028429
2.688000,10.876823,0.057167
2.688000,3.192153,-0.052806
2.688000,2.689812,0.000719
2.688000,3.392034,0.067078
2.688000,9.269268,-0.096159
2.688000,2.843992,-0.021332
2.688000,2.709837,0.005620
2.688000,4.452955,0.112486
2.688000,5.456667,-0.127668
2.688000,2.736398,-0.008964
2.688000,2.803527,0.016866
2.688000,7.955892,0.116512
2.688000,3.600787,-0.079614
2.688000,2.692033,-0.001932
2.688000,3.061638,0.042098
2.688000,11.691377,-0.014278
2.688000,2.996094,-0.036267
2.688000,2.692863,0.002512
2.688000,3.698024,0.084738
2.688000,7.482487,-0.121838
2.688000,2.790163,-0.015366
2.688000,2.744380,0.009965
2.688000,5.765054,0.129188
2.688000,4.276050,-0.107597
2.688000,2.705069,-0.005006
2.688000,2.852131,0.022209
2.688000,9.504337,0.091635
2.688000,3.360739,-0.065003
2.688000,2.689224,-0.000564
2.688000,3.203908,0.053718
2.688000,10.781235,-0.060242
2.688000,2.907738,-0.027888
2.688000,2.693828,0.003280
2.688000,3.825852,0.090857
2.688000,6.965021,-0.126272
2.688000,2.775747,-0.013776
2.688000,2.746806,0.010347
2.688000,5.871914,0.129459
2.688000,4.222570,-0.105954
2.688000,2.703008,-0.004890
2.688000,2.835686,0.020521
2.688000,9.031802,0.100445
2.688000,3.424887,-0.069222
2.688000,2.687439,-0.001231
2.688000,3.083709,0.044024
2.688000,11.606388,-0.022853
2.688000,2.978145,-0.034658
2.688000,2.687475,0.002012
2.688000,3.536049,0.075991
2.688000,8.315067,-0.111750
2.688000,2.813204,-0.018113
2.688000,2.708231,0.005665
2.688000,4.431649,0.111949
2.688000,5.490247,-0.127897
2.688000,2.736585,-0.009149
2.688000,2.781705,0.014506
2.688000,7.192045,0.124522
2.688000,3.766385,-0.088104
2.688000,2.692126,-0.003070
2.688000,2.909125,0.028038
2.688000,10.806931,0.059432
2.688000,3.200720,-0.053479
2.688000,2.688491,0.000501
2.688000,3.339911,0.063594
2.688000,9.665751,-0.088353
2.688000,2.857926,-0.022835
2.688000,2.700983,0.004488
2.688000,4.127051,0.102795
2.688000,6.082555,-0.129640
2.688000,2.752529,-0.010992
2.688000,2.775166,0.013669
2.688000,6.936769,0.126466
2.688000,3.833706,-0.091206
2.688000,2.694531,-0.003252
2.688000,2.922579,0.029332
2.688000,11.024696,0.052055
2.688000,3.173523,-0.051346
2.688000,2.690362,0.000919
2.688000,3.429203,0.069473
2.688000,9.002864,-0.100944
2.688000,2.835186,-0.020375
2.688000,2.715277,0.006314
2.688000,4.656138,0.117139
2.688000,5.170596,-0.125129
2.688000,2.728918,-0.008028
2.688000,2.815031,0.018149
2.688000,8.350255,0.111244
2.688000,3.530377,-0.075629
2.688000,2.691482,-0.001503
2.688000,3.111419,0.046318
2.688000,11.460622,-0.032684
2.688000,2.958932,-0.032815
2.688000,2.693694,0.002884
2.688000,3.765919,0.088070
2.688000,7.194469,-0.124498
2.688000,2.782228,-0.014465
2.688000,2.749458,0.010595
2.688000,5.961074,0.129588
2.688000,4.180729,-0.104601
2.688000,2.702548,-0.004665
2.688000,2.858576,0.022890
2.688000,9.681415,0.088025
2.688000,3.337951,-0.063455
2.688000,2.689020,-0.000425
2.688000,3.219826,0.054934
2.688000,10.650235,-0.064217
2.688000,2.900642,-0.027186
2.688000,2.694256,0.003383
2.688000,3.848164,0.091855
2.688000,6.885137,-0.126812
2.688000,2.773601,-0.013527
2.688000,2.748630,0.010567
2.688000,5.941493,0.129569
2.688000,4.189662,-0.104898
2.688000,2.702157,-0.004770
2.688000,2.838550,0.020826
2.688000,9.118381,0.098916
2.688000,3.412672,-0.068439
2.688000,2.687412,-0.001147
2.688000,3.094686,0.044952
2.688000,11.553007,-0.026874
2.688000,2.970082,-0.033908
2.688000,2.687504,0.002075
2.688000,3.545485,0.076537
2.688000,8.260000,-0.112521
2.688000,2.811554,-0.017935
2.688000,2.708610,0.005721
2.688000,4.446945,0.112342
2.688000,5.465853,-0.127736
2.688000,2.735919,-0.009074
2.688000,2.781767,0.014517
2.688000,7.195091,0.124497
2.688000,3.765619,-0.088068
2.688000,2.692038,-0.003075
2.688000,2.907094,0.027839
2.688000,10.771068,0.060561
2.688000,3.205109,-0.053817
2.688000,2.688352,0.000453
2.688000,3.330936,0.062978
2.688000,9.736559,-0.086864
2.688000,2.860565,-0.023114
2.688000,2.699878,0.004339
2.688000,4.085747,0.101343
2.688000,6.182203,-0.129577
2.688000,2.755101,-0.011311
2.688000,2.770910,0.013182
2.688000,6.779426,0.127460
2.688000,3.878974,-0.093198
2.688000,2.695276,-0.003475
2.688000,2.904349,0.027544
2.688000,10.718894,0.062165
2.688000,3.211538,-0.054298
2.688000,2.689699,0.000565
2.688000,3.368612,0.065527
2.688000,9.444447,-0.092815
2.688000,2.850063,-0.021978
2.688000,2.707387,0.005291
2.688000,4.359705,0.110012
2.688000,5.611182,-0.128574
2.688000,2.740443,-0.009462
2.688000,2.798029,0.016245
2.688000,7.762064,0.118829
2.688000,3.638712,-0.081663
2.688000,2.692432,-0.002150
2.688000,3.038330,0.040060
2.688000,11.740049,-0.004698
2.688000,3.016837,-0.038146
2.688000,2.692704,0.002340
2.688000,3.670602,0.083336
2.688000,7.608327,-0.120533
2.688000,2.793701,-0.015758
2.688000,2.743039,0.009787
2.688000,5.711534,0.129006
2.688000,4.304200,-0.108431
2.688000,2.705897,-0.005097
2.688000,2.852889,0.022281
2.688000,9.524326,0.091236
2.688000,3.358155,-0.064826
2.688000,2.689528,-0.000510
2.688000,3.216325,0.054664
2.688000,10.679376,-0.063354
2.688000,2.902220,-0.027334
2.688000,2.695184,0.003480
2.688000,3.878166,0.093164
2.688000,6.782115,-0.127444
2.688000,2.770956,-0.013193
2.688000,2.754293,0.011221
2.688000,6.152516,0.129605
2.688000,4.097800,-0.101773
2.688000,2.700109,-0.004393
2.688000,2.856956,0.022743
2.688000,9.640712,0.088872
2.688000,3.343083,-0.063814
2.688000,2.688151,-0.000564
2.688000,3.186609,0.052389
2.688000,10.920620,-0.055704
2.688000,2.915797,-0.028701
2.688000,2.690825,0.002868
2.688000,3.715081,0.085612
2.688000,7.406267,-0.122592
2.688000,2.787456,-0.015189
2.688000,2.728996,0.008244
2.688000,5.206749,0.125523
2.688000,4.627700,-0.116554
2.688000,2.713425,-0.006342
2.688000,2.803016,0.016986
2.688000,7.966812,0.116383
2.688000,3.598438,-0.079515
2.688000,2.688226,-0.002361
2.688000,2.942895,0.031336
2.688000,11.298770,0.040953
2.688000,3.136294,-0.048391
2.688000,2.687533,0.000857
2.688000,3.373974,0.065902
2.688000,9.402882,-0.093626
2.688000,2.848305,-0.021853
2.688000,2.700130,0.004460
2.688000,4.108184,0.102141
2.688000,6.127278,-0.129624
2.688000,2.753522,-0.011153
2.688000,2.768519,0.012931
2.688000,6.694554,0.127927
2.688000,3.904743,-0.094300
2.688000,2.695440,-0.003631
2.688000,2.885923,0.025712
2.688000,10.349013,0.072521
2.688000,3.256013,-0.057638
2.688000,2.688608,0.000115
2.688000,3.288028,0.059960
2.688000,10.083757,-0.079086
2.688000,2.874359,-0.024533
2.688000,2.697566,0.003966
2.688000,3.990560,0.097781
2.688000,6.434909,-0.129025
2.688000,2.761727,-0.012108
2.688000,2.762899,0.012247
2.688000,6.479253,0.128873
2.688000,3.975117,-0.097173
2.688000,2.697220,-0.003902
2.688000,2.877526,0.024856
2.688000,10.158580,0.077295
2.688000,3.278957,-0.059307
2.688000,2.688710,-0.000038
2.688000,3.268390,0.058542
2.688000,10.246118,-0.075141
2.688000,2.881320,-0.025243
2.688000,2.696504,0.003790
2.688000,3.946333,0.096019
2.688000,6.564606,-0.128540
2.688000,2.765130,-0.012518
2.688000,2.758616,0.011746
2.688000,6.318250,0.129347
2.688000,4.032904,-0.099404
2.688000,2.698466,-0.004148
2.688000,2.864137,0.023489
2.688000,9.830426,0.084842
2.688000,3.319162,-0.062162
2.688000,2.688169,-0.000390
2.688000,3.210819,0.054255
2.688000,10.724168,-0.062007
2.688000,2.904499,-0.027584
2.688000,2.691913,0.003080
2.688000,3.764168,0.088000
2.688000,7.200885,-0.124448
2.688000,2.781896,-0.014538
2.688000,2.734986,0.008967
2.688000,5.431654,0.127498
2.688000,4.468847,-0.112894
2.688000,2.709159,-0.005801
2.688000,2.809381,0.017699
2.688000,8.186944,0.113521
2.688000,3.558238,-0.077267
2.688000,2.687558,-0.002158
2.688000,2.959730,0.032937
2.688000,11.470145,0.032140
2.688000,3.109632,-0.046202
2.688000,2.687359,0.001031
2.688000,3.395537,0.067327
2.688000,9.242429,-0.096660
2.688000,2.842727,-0.021270
2.688000,2.700884,0.004590
2.688000,4.140628,0.103264
2.688000,6.050864,-0.129642
2.688000,2.751487,-0.010915
2.688000,2.769958,0.013105
2.688000,6.749450,0.127631
2.688000,3.887930,-0.093586
2.688000,2.695020,-0.003566
2.688000,2.888143,0.025938
2.688000,10.397182,0.071261
2.688000,3.250231,-0.057212
2.688000,2.688584,0.000154
2.688000,3.293039,0.060318
2.688000,10.042608,-0.080053
2.688000,2.872653,-0.024359
2.688000,2.697849,0.004012
2.688000,4.002180,0.098232
2.688000,6.402199,-0.129126
2.688000,2.760870,-0.012005
2.688000,2.763990,0.012375
2.688000,6.520151,0.128720
2.688000,3.961179,-0.096618
2.688000,2.696930,-0.003841
2.688000,2.881124,0.025220
2.688000,10.241303,0.075261
2.688000,3.268978,-0.058583
2.688000,2.688857,0.000051
2.688000,3.283160,0.059609
2.688000,10.123950,-0.078129
2.688000,2.876072,-0.024704
2.688000,2.697914,0.003994
2.688000,4.000649,0.098172
2.688000,6.406508,-0.129113
2.688000,2.761024,-0.012014
2.688000,2.765053,0.012491
2.688000,6.558780,0.128564
2.688000,3.948280,-0.096097
2.688000,2.696753,-0.003775
2.688000,2.887337,0.025844
2.688000,10.378444,0.071753
2.688000,3.252513,-0.057375
2.688000,2.689222,0.000213
2.688000,3.311605,0.061625
2.688000,9.891766,-0.083488
2.688000,2.866656,-0.023726
2.688000,2.701090,0.004435
2.688000,4.120996,0.102583
2.688000,6.096897,-0.129635
2.688000,2.753027,-0.011024
2.688000,2.778271,0.014005
2.688000,7.048069,0.125666
2.688000,3.803544,-0.089832
2.688000,2.694341,-0.003068
2.688000,2.944426,0.031435
2.688000,11.313263,0.040275
2.688000,3.134357,-0.048204
2.688000,2.691306,0.001314
2.688000,3.500729,0.073878
2.688000,8.530673,-0.108593
2.688000,2.820458,-0.018749
2.688000,2.725702,0.007620
2.688000,5.047660,0.123653
2.688000,4.758606,-0.119135
2.688000,2.718036,-0.006657
2.688000,2.831776,0.019997
2.688000,8.895823,0.102769
2.688000,3.444738,-0.070452
2.688000,2.690690,-0.000990
2.688000,3.168910,0.050980
2.688000,11.060546,-0.050739
2.688000,2.925001,-0.029564
2.688000,2.694910,0.003278
2.688000,3.843988,0.091664
2.688000,6.900120,-0.126712
2.688000,2.774243,-0.013548
2.688000,2.755139,0.011290
2.688000,6.179397,0.129579
2.688000,4.086908,-0.101382
2.688000,2.700152,-0.004315
2.688000,2.868038,0.023873
2.688000,9.927274,0.082694
2.688000,3.307207,-0.061318
2.688000,2.689021,-0.000205
2.688000,3.250347,0.057217
2.688000,10.396401,-0.071281
2.688000,2.888150,-0.025930
2.688000,2.696111,0.003693
2.688000,3.925311,0.095157
2.688000,6.629324,-0.128249
2.688000,2.766869,-0.012718
2.688000,2.757601,0.011620
2.688000,6.278911,0.129430
2.688000,4.047788,-0.099959
2.688000,2.698869,-0.004201
2.688000,2.863290,0.023400
2.688000,9.808301,0.085324
2.688000,3.321927,-0.062354
2.688000,2.688237,-0.000402
2.688000,3.210280,0.054214
2.688000,10.728630,-0.061870
2.688000,2.904748,-0.027608
2.688000,2.692035,0.003092
2.688000,3.768026,0.088183
2.688000,7.185441,-0.124578
2.688000,2.781491,-0.014489
2.688000,2.735734,0.009055
2.688000,5.459441,0.127693
2.688000,4.451008,-0.112446
2.688000,2.708696,-0.005738
2.688000,2.810683,0.017842
2.688000,8.230927,0.112922
2.688000,3.550526,-0.076827
2.688000,2.687500,-0.002111
2.688000,2.965184,0.033450
2.688000,11.515862,0.029351
2.688000,3.101630,-0.045535
2.688000,2.687371,0.001091
2.688000,3.404163,0.067888
2.688000,9.179598,-0.097812
2.688000,2.840598,-0.021044
2.688000,2.701471,0.004674
2.688000,4.163423,0.104033
2.688000,5.999138,-0.129622
2.688000,2.750134,-0.010751
2.688000,2.771623,0.013298
2.688000,6.811577,0.127272
2.688000,3.869418,-0.092788
2.688000,2.694655,-0.003482
2.688000,2.893656,0.026490
2.688000,10.512318,0.068148
2.688000,3.236423,-0.056184
2.688000,2.688777,0.000277
2.688000,3.313232,0.061743
2.688000,9.878426,-0.083785
2.688000,2.866080,-0.023676
2.688000,2.699879,0.004298
2.688000,4.079643,0.101122
2.688000,6.197461,-0.129558
2.688000,2.755569,-0.011352
2.688000,2.772415,0.013344
2.688000,6.833425,0.127137
2.688000,3.863091,-0.092507
2.688000,2.695147,-0.003381
2.688000,2.914888,0.028579
2.688000,10.902786,0.056303
2.688000,3.188942,-0.052554
2.688000,2.690257,0.000794
2.688000,3.409965,0.068241
2.688000,9.139045,-0.098541
2.688000,2.839662,-0.020857
2.688000,2.713130,0.006033
2.688000,4.574579,0.115387
2.688000,5.278033,-0.126222
2.688000,2.731762,-0.008377
2.688000,2.811568,0.017760
2.688000,8.232348,0.112895
2.688000,3.550580,-0.076796
2.688000,2.691744,-0.001614
2.688000,3.100401,0.045398
2.688000,11.523645,-0.028840
2.688000,2.966451,-0.033521
2.688000,2.693676,0.002827
2.688000,3.757259,0.087655
2.688000,7.229488,-0.124199
2.688000,2.783215,-0.014571
2.688000,2.749637,0.010608
2.688000,5.966408,0.129593
2.688000,4.178302,-0.104520
2.688000,2.702565,-0.004647
2.688000,2.861265,0.023165
2.688000,9.752136,0.086531
2.688000,3.329025,-0.062839
2.688000,2.689250,-0.000334
2.688000,3.236117,0.056158
2.688000,10.515072,-0.068071
2.688000,2.893836,-0.026499
2.688000,2.695756,0.003609
2.688000,3.906911,0.094389
2.688000,6.687661,-0.127962
2.688000,2.768432,-0.012899
2.688000,2.756471,0.011483
2.688000,6.235512,0.129506
2.688000,4.064573,-0.100577
2.688000,2.699296,-0.004265
2.688000,2.861468,0.023211
2.688000,9.760722,0.086349
2.688000,3.327888,-0.062768
2.688000,2.688237,-0.000445
2.688000,3.204397,0.053763
2.688000,10.776835,-0.060381
2.688000,2.907406,-0.027871
2.688000,2.691762,0.003040
2.688000,3.755866,0.087603
2.688000,7.234486,-0.124161
2.688000,2.782811,-0.014644
2.688000,2.734262,0.008878
2.688000,5.404080,0.127295
2.688000,4.486911,-0.113341
2.688000,2.709653,-0.005862
2.688000,2.808879,0.017642
2.688000,8.169535,0.113756
2.688000,3.561322,-0.077442
2.688000,2.687639,-0.002170
2.688000,2.959345,0.032900
2.688000,11.466711,0.032340
2.688000,3.110215,-0.046250
2.688000,2.687409,0.001033
2.688000,3.396587,0.067395
2.688000,9.234766,-0.096802
2.688000,2.842473,-0.021241
2.688000,2.701139,0.004622
2.688000,4.149780,0.103574
2.688000,6.029913,-0.129637
2.688000,2.750949,-0.010847
2.688000,2.770917,0.013214
2.688000,6.784949,0.127429
2.688000,3.877290,-0.093129
2.688000,2.694833,-0.003515
2.688000,2.892028,0.026327
2.688000,10.478837,0.069068
2.688000,3.240442,-0.056484
2.688000,2.688751,0.000244
2.688000,3.308341,0.061400
2.688000,9.917956,-0.082904
2.688000,2.867636,-0.023838
2.688000,2.699438,0.004235
2.688000,4.062635,0.100504
2.688000,6.240529,-0.129497
2.688000,2.756686,-0.011489
2.688000,2.770707,0.013148
2.688000,6.770058,0.127513
2.688000,3.881787,-0.093318
2.688000,2.695469,-0.003472
2.688000,2.907829,0.027884
2.688000,10.781653,0.060228
2.688000,3.203896,-0.053711
2.688000,2.689998,0.000655
2.688000,3.386219,0.066694
2.688000,9.312346,-0.095351
2.688000,2.845496,-0.021487
2.688000,2.710015,0.005629
2.688000,4.457535,0.112602
2.688000,5.449511,-0.127618
2.688000,2.736250,-0.008936
2.688000,2.804955,0.017020
2.688000,8.004632,0.115900
2.688000,3.591631,-0.079108
2.688000,2.692088,-0.001862
2.688000,3.072086,0.042997
2.688000,11.655681,-0.018366
2.688000,2.987571,-0.035483
2.688000,2.693222,0.002617
2.688000,3.719261,0.085801
2.688000,7.388966,-0.122752
2.688000,2.787605,-0.015069
2.688000,2.746925,0.010270
2.688000,5.861478,0.129435
2.688000,4.227727,-0.106110
2.688000,2.703874,-0.004824
2.688000,2.857903,0.022811
2.688000,9.662147,0.088426
2.688000,3.340421,-0.063622
2.688000,2.689368,-0.000402
2.688000,3.228652,0.055597
2.688000,10.577211,-0.066327
2.688000,2.896931,-0.026808
2.688000,2.695566,0.003564
2.688000,3.897027,0.093971
2.688000,6.719675,-0.127793
2.688000,2.769290,-0.012998
2.688000,2.755824,0.011404
2.688000,6.210717,0.129542
2.688000,4.074342,-0.100932
2.688000,2.699542,-0.004302
2.688000,2.860350,0.023095
2.688000,9.731272,0.086976
2.688000,3.331595,-0.063024
2.688000,2.688231,-0.000472
2.688000,3.200532,0.053466
2.688000,10.808359,-0.059387
2.688000,2.909183,-0.028048
2.688000,2.691574,0.003005
2.688000,3.747580,0.087204
2.688000,7.268469,-0.123864
2.688000,2.783727,-0.014751
2.688000,2.733233,0.008754
2.688000,5.365449,0.126992
2.688000,4.512842,-0.113968
2.688000,2.710345,-0.005951
2.688000,2.807666,0.017507
2.688000,8.127998,0.114310
2.688000,3.568740,-0.077862
2.688000,2.687742,-0.002210
2.688000,2.955611,0.032547
2.688000,11.432465,0.034270
2.688000,3.115881,-0.046719
2.688000,2.687433,0.000994
2.688000,3.391579,0.067067
2.688000,9.271553,-0.096120
2.688000,2.843733,-0.021374
2.688000,2.700912,0.004586
2.688000,4.140466,0.103258
2.688000,6.051246,-0.129642
2.688000,2.751513,-0.010914
2.688000,2.770399,0.013153
2.688000,6.765413,0.127541
2.688000,3.883126,-0.093380
2.688000,2.694962,-0.003540
2.688000,2.890727,0.026196
2.688000,10.451741,0.069804
2.688000,3.243692,-0.056726
2.688000,2.688723,0.000218
2.688000,3.304158,0.061105
2.688000,9.951894,-0.082138
2.688000,2.868986,-0.023978
2.688000,2.699048,0.004179
2.688000,4.047637,0.099952
2.688000,6.279358,-0.129428
2.688000,2.757692,-0.011613
2.688000,2.769145,0.012968
2.688000,6.712034,0.127834
2.688000,3.899390,-0.094070
2.688000,2.695780,-0.003555
2.688000,2.901465,0.027255
2.688000,10.664695,0.063789
2.688000,3.218114,-0.054798
2.688000,2.689748,0.000523
2.688000,3.363565,0.065189
2.688000,9.482927,-0.092059
2.688000,2.851436,-0.022122
2.688000,2.707120,0.005250
2.688000,4.348767,0.109707
2.688000,5.630441,-0.128666
2.688000,2.740958,-0.009523
2.688000,2.797687,0.016204
2.688000,7.749597,0.118971
2.688000,3.641239,-0.081797
2.688000,2.692499,-0.002160
2.688000,3.038055,0.040035
2.688000,11.740341,-0.004580
2.688000,3.017102,-0.038169
2.688000,2.692767,0.002346
2.688000,3.672451,0.083431
2.688000,7.599680,-0.120626
2.688000,2.793471,-0.015730
2.688000,2.743506,0.009842
2.688000,5.728921,0.129068
2.688000,4.294956,-0.108159
2.688000,2.705680,-0.005061
2.688000,2.854323,0.022430
2.688000,9.563794,0.090443
2.688000,3.353045,-0.064480
2.688000,2.689593,-0.000466
2.688000,3.223459,0.055204
2.688000,10.620400,-0.065087
2.688000,2.899149,-0.027026
2.688000,2.695760,0.003570
2.688000,3.901230,0.094148
2.688000,6.706041,-0.127866
2.688000,2.768965,-0.012952
2.688000,2.757253,0.011566
2.688000,6.263494,0.129458
2.688000,4.053720,-0.100178
2.688000,2.699141,-0.004209
2.688000,2.866425,0.023717
2.688000,9.887840,0.083576
2.688000,3.312053,-0.061662
2.688000,2.688560,-0.000294
2.688000,3.230552,0.055746
2.688000,10.561074,-0.066786
2.688000,2.896046,-0.026734
2.688000,2.693809,0.003365
2.688000,3.837896,0.091400
2.688000,6.921468,-0.126572
2.688000,2.774496,-0.013649
2.688000,2.745500,0.010209
2.688000,5.825572,0.129359
2.688000,4.245259,-0.106664
2.688000,2.703431,-0.004992
2.688000,2.828701,0.019787
2.688000,8.817669,0.104073
2.688000,3.456073,-0.071188
2.688000,2.687132,-0.001488
2.688000,3.043741,0.040577
2.688000,11.732682,-0.007078
2.688000,3.011328,-0.037694
2.688000,2.687083,0.001721
2.688000,3.488182,0.073157
2.688000,8.607939,-0.107418
2.688000,2.822090,-0.019082
2.688000,2.704662,0.005184
2.688000,4.295892,0.108195
2.688000,5.726866,-0.129066
2.688000,2.742851,-0.009902
2.688000,2.775775,0.013809
2.688000,6.971026,0.126231
2.688000,3.824166,-0.090784
2.688000,2.693374,-0.003322
2.688000,2.895021,0.026635
2.688000,10.540937,0.067352
2.688000,3.232961,-0.055929
2.688000,2.688316,0.000248
2.688000,3.301657,0.060932
2.688000,9.972063,-0.081680
2.688000,2.869750,-0.024066
2.688000,2.697683,0.004014
2.688000,3.999669,0.098136
2.688000,6.409189,-0.129106
2.688000,2.761010,-0.012032
2.688000,2.762524,0.012211
2.688000,6.466434,0.128919
2.688000,3.979536,-0.097349
2.688000,2.697226,-0.003931
2.688000,2.873726,0.024472
2.688000,10.068976,0.079435
2.688000,3.289817,-0.060089
2.688000,2.688442,-0.000148
2.688000,3.248833,0.057109
2.688000,10.408767,-0.070954
2.688000,2.888670,-0.025994
2.688000,2.694585,0.003511
2.688000,3.872476,0.092922
2.688000,6.801149,-0.127334
2.688000,2.771299,-0.013270
2.688000,2.749099,0.010637
2.688000,5.961553,0.129592
2.688000,4.180415,-0.104596
2.688000,2.701807,-0.004749
2.688000,2.835901,0.020553
2.688000,9.039654,0.100308
2.688000,3.423752,-0.069151
2.688000,2.687160,-0.001255
2.688000,3.075846,0.043357
2.688000,11.640169,-0.019896
2.688000,2.984153,-0.035216
2.688000,2.687089,0.001922
2.688000,3.516837,0.074869
2.688000,8.429757,-0.110101
2.688000,2.816607,-0.018494
2.688000,2.705701,0.005346
2.688000,4.338597,0.109430
2.688000,5.648257,-0.128753
2.688000,2.740726,-0.009657
2.688000,2.776404,0.013894
2.688000,6.996407,0.126051
2.688000,3.817240,-0.090471
2.688000,2.693066,-0.003310
2.688000,2.891724,0.026310
2.688000,10.474021,0.069200
2.688000,3.240981,-0.056530
2.688000,2.688002,0.000153
2.688000,3.283332,0.059628
2.688000,10.122150,-0.078173
2.688000,2.875904,-0.024705
2.688000,2.695575,0.003722
2.688000,3.920384,0.094956
2.688000,6.644645,-0.128177
2.688000,2.767119,-0.012783
2.688000,2.752697,0.011072
2.688000,6.098786,0.129638
2.688000,4.120099,-0.102558
2.688000,2.700265,-0.004524
2.688000,2.841838,0.021182
2.688000,9.217240,0.097125
2.688000,3.398969,-0.067552
2.688000,2.687139,-0.001082
2.688000,3.099245,0.045337
2.688000,11.528842,-0.028510
2.688000,2.966826,-0.033606
2.688000,2.687154,0.002058
2.688000,3.537224,0.076062
2.688000,8.308028,-0.111850
2.688000,2.812930,-0.018097
2.688000,2.706566,0.005474
2.688000,4.373242,0.110395
2.688000,5.587384,-0.128460
2.688000,2.739085,-0.009467
2.688000,2.777046,0.013977
2.688000,7.021642,0.125867
2.688000,3.810432,-0.090161
2.688000,2.692811,-0.003293
2.688000,2.890005,0.026140
2.688000,10.438426,0.070163
2.688000,3.245241,-0.056848
2.688000,2.687802,0.000098
2.688000,3.272522,0.058849
2.688000,10.211440,-0.076003
2.688000,2.879708,-0.025097
2.688000,2.694366,0.003552
2.688000,3.874751,0.093022
2.688000,6.793366,-0.127381
2.688000,2.771000,-0.013256
2.688000,2.746677,0.010368
2.688000,5.873103,0.129463
2.688000,4.221955,-0.105937
2.688000,2.702691,-0.004922
2.688000,2.826429,0.019554
2.688000,8.747619,0.105213
2.688000,3.466599,-0.071841
2.688000,2.686854,-0.001595
2.688000,3.024720,0.038897
2.688000,11.745801,0.001074
2.688000,3.029636,-0.039334
2.688000,2.686865,0.001560
2.688000,3.461855,0.071548
2.688000,8.778994,-0.104706
2.688000,2.827426,-0.019660
2.688000,2.702527,0.004896
2.688000,4.215108,0.105719
2.688000,5.887354,-0.129489
2.688000,2.747059,-0.010412
2.688000,2.770810,0.013232
2.688000,6.785997,0.127424
2.688000,3.876940,-0.093117
2.688000,2.694432,-0.003559
2.688000,2.879800,0.025106
2.688000,10.213495,0.075952
2.688000,3.272276,-0.058831
2.688000,2.687833,-0.000093
2.688000,3.246487,0.056941
2.688000,10.428058,-0.070441
2.688000,2.889517,-0.026091
2.688000,2.692954,0.003313
2.688000,3.815817,0.090407
2.688000,7.001639,-0.126013
2.688000,2.776519,-0.013914
2.688000,2.739858,0.009559
2.688000,5.616337,0.128605
2.688000,4.356583,-0.109935
2.688000,2.706136,-0.005414
2.688000,2.814273,0.018243
2.688000,8.352813,0.111215
2.688000,3.529641,-0.075621
2.688000,2.687106,-0.002010
2.688000,2.972499,0.034136
2.688000,11.570137,0.025652
2.688000,3.091299,-0.044669
2.688000,2.687137,0.001139
2.688000,3.407048,0.068077
2.688000,9.158649,-0.098192
2.688000,2.839858,-0.020973
2.688000,2.700738,0.004594
2.688000,4.138775,0.103201
2.688000,6.055110,-0.129643
2.688000,2.751551,-0.010934
2.688000,2.768433,0.012936
2.688000,6.693894,0.127931
2.688000,3.904928,-0.094309
2.688000,2.695250,-0.003655
2.688000,2.879811,0.025101
2.688000,10.213001,0.075964
2.688000,3.272352,-0.058834
2.688000,2.688138,-0.000058
2.688000,3.256363,0.057667
2.688000,10.345892,-0.072603
2.688000,2.885733,-0.025702
2.688000,2.694275,0.003496
2.688000,3.865063,0.092601
2.688000,6.826354,-0.127183
2.688000,2.771919,-0.013355
2.688000,2.746964,0.010393
2.688000,5.882480,0.129480
2.688000,4.217452,-0.105793
2.688000,2.702650,-0.004897
2.688000,2.829157,0.019841
2.688000,8.832741,0.103825
2.688000,3.453816,-0.071049
2.688000,2.686980,-0.001490
2.688000,3.041028,0.040340
2.688000,11.736645,-0.005943
2.688000,3.013818,-0.037920
2.688000,2.686926,0.001684
2.688000,3.480366,0.072684
2.688000,8.657933,-0.106640
2.688000,2.823621,-0.019251
2.688000,2.703610,0.005050
2.688000,4.257275,0.107035
2.688000,5.801549,-0.129298
2.688000,2.744794,-0.010141
2.688000,2.773005,0.013491
2.688000,6.868427,0.126921
2.688000,3.852889,-0.092067
2.688000,2.693902,-0.003457
2.688000,2.885207,0.025653
2.688000,10.334744,0.072891
2.688000,3.257692,-0.057766
2.688000,2.687961,0.000027
2.688000,3.265218,0.058317
2.688000,10.272140,-0.074488
2.688000,2.882393,-0.025367
2.688000,2.694345,0.003530
2.688000,3.871118,0.092865
2.688000,6.805684,-0.127308
2.688000,2.771348,-0.013292
2.688000,2.746924,0.010393
2.688000,5.881734,0.129479
2.688000,4.217805,-0.105805
2.688000,2.702621,-0.004903
2.688000,2.827950,0.019714
2.688000,8.795252,0.104441
2.688000,3.459413,-0.071397
2.688000,2.686912,-0.001537
2.688000,3.033477,0.039674
2.688000,11.744108,-0.002733
2.688000,3.020972,-0.038562
2.688000,2.686885,0.001626
2.688000,3.471530,0.072144
2.688000,8.715270,-0.105732
2.688000,2.825413,-0.019444
2.688000,2.703047,0.004972
2.688000,4.235546,0.106364
2.688000,5.845192,-0.129405
2.688000,2.745945,-0.010279
2.688000,2.771833,0.013353
2.688000,6.824513,0.127194
2.688000,3.865590,-0.092624
2.688000,2.694175,-0.003512
2.688000,2.882138,0.025343
2.688000,10.266586,0.074628
2.688000,3.265882,-0.058366
2.688000,2.687880,-0.000041
2.688000,3.254410,0.057525
2.688000,10.362043,-0.072184
2.688000,2.886447,-0.025780
2.688000,2.693511,0.003402
2.688000,3.838172,0.091415
2.688000,6.920379,-0.126580
2.688000,2.774368,-0.013656
2.688000,2.742722,0.009898
2.688000,5.723884,0.129056
2.688000,4.297460,-0.108242
2.688000,2.704616,-0.005200
2.688000,2.819291,0.018786
2.688000,8.518117,0.108789
2.688000,3.502451,-0.074016
2.688000,2.686964,-0.001835
2.688000,2.993871,0.036110
2.688000,11.684153,0.015212
2.688000,3.063762,-0.042320
2.688000,2.687061,0.001332
2.688000,3.432961,0.069738
2.688000,8.975253,-0.101425
2.688000,2.833774,-0.020330
2.688000,2.701915,0.004777
2.688000,4.186595,0.104799
2.688000,5.948085,-0.129577
2.688000,2.748720,-0.010598
2.688000,2.770947,0.013235
2.688000,6.788874,0.127407
2.688000,3.876103,-0.093079
2.688000,2.694591,-0.003535
2.688000,2.885537,0.025680
2.688000,10.341343,0.072721
2.688000,3.256915,-0.057707
2.688000,2.688250,0.000067
2.688000,3.275453,0.059058
2.688000,10.187357,-0.076594
2.688000,2.878712,-0.024986
2.688000,2.695746,0.003721
2.688000,3.923155,0.095070
2.688000,6.635972,-0.128219
2.688000,2.766929,-0.012751
2.688000,2.754075,0.011227
2.688000,6.149580,0.129609
2.688000,4.098967,-0.101816
2.688000,2.699832,-0.004433
2.688000,2.847290,0.021750
2.688000,9.374522,0.094173
2.688000,3.377733,-0.066153
2.688000,2.687381,-0.000902
2.688000,3.127729,0.047693
2.688000,11.356650,-0.038202
2.688000,2.948085,-0.031834
2.688000,2.687830,0.002276
2.688000,3.579660,0.078475
2.688000,8.067758,-0.115099
2.688000,2.805901,-0.017314
2.688000,2.710974,0.006037
2.688000,4.537208,0.114542
2.688000,5.330128,-0.126697
2.688000,2.732275,-0.008643
2.688000,2.784069,0.014796
2.688000,7.281865,0.123745
2.688000,3.744338,-0.087048
2.688000,2.691430,-0.002999
2.688000,2.907678,0.027901
2.688000,10.781921,0.060222
2.688000,3.203768,-0.053716
2.688000,2.688095,0.000433
2.688000,3.323849,0.062489
2.688000,9.792863,-0.085658
2.688000,2.862679,-0.023340
2.688000,2.698565,0.004170
2.688000,4.037943,0.099593
2.688000,6.304828,-0.129377
2.688000,2.758253,-0.011705
2.688000,2.765257,0.012535
2.688000,6.569701,0.128518
2.688000,3.944651,-0.095951
2.688000,2.696446,-0.003786
2.688000,2.881039,0.025215
2.688000,10.239818,0.075298
2.688000,3.269147,-0.058597
2.688000,2.688669,0.000028
2.688000,3.276857,0.059156
2.688000,10.175930,-0.076873
2.688000,2.878265,-0.024932
2.688000,2.696965,0.003867
2.688000,3.965525,0.096792
2.688000,6.507291,-0.128770
2.688000,2.763625,-0.012337
2.688000,2.760522,0.011969
2.688000,6.389916,0.129162
2.688000,4.006587,-0.098402
2.688000,2.697891,-0.004037
2.688000,2.869985,0.024088
2.688000,9.977641,0.081553
2.688000,3.300977,-0.060883
2.688000,2.688404,-0.000232
2.688000,3.236495,0.056193
2.688000,10.511562,-0.068170
2.688000,2.893583,-0.026489
2.688000,2.693777,0.003380
2.688000,3.839492,0.091472
2.688000,6.915749,-0.126611
2.688000,2.774321,-0.013633
2.688000,2.745047,0.010160
2.688000,5.809172,0.129318
2.688000,4.253450,-0.106917
2.688000,2.703604,-0.005026
2.688000,2.826822,0.019588
2.688000,8.758870,0.105032
2.688000,3.464908,-0.071735
2.688000,2.687075,-0.001557
2.688000,3.033391,0.039665
2.688000,11.744162,-0.002693
2.688000,3.021070,-0.038569
2.688000,2.687054,0.001645
2.688000,3.477029,0.072479
2.688000,8.679551,-0.106299
2.688000,2.824320,-0.019321
2.688000,2.704057,0.005097
2.688000,4.272136,0.107486
2.688000,5.772396,-0.129215
2.688000,2.744060,-0.010045
2.688000,2.774787,0.013692
2.688000,6.933833,0.126489
2.688000,3.834435,-0.091246
2.688000,2.693615,-0.003364
2.688000,2.893148,0.026447
2.688000,10.502831,0.068411
2.688000,3.237538,-0.056271
2.688000,2.688312,0.000214
2.688000,3.296889,0.060594
2.688000,10.010965,-0.080787
2.688000,2.871326,-0.024228
2.688000,2.697340,0.003963
2.688000,3.986104,0.097607
2.688000,6.447563,-0.128984
2.688000,2.762011,-0.012154
2.688000,2.761110,0.012047
2.688000,6.413472,0.129093
2.688000,3.998138,-0.098076
2.688000,2.697614,-0.004012
2.688000,2.868983,0.023989
2.688000,9.953207,0.082109
2.688000,3.303970,-0.061096
2.688000,2.688238,-0.000273
2.688000,3.228115,0.055566
2.688000,10.581187,-0.066216
2.688000,2.897026,-0.026838
2.688000,2.692931,0.003255
2.688000,3.806907,0.089998
2.688000,7.034904,-0.125768
2.688000,2.777463,-0.014013
2.688000,2.740450,0.009618
2.688000,5.636844,0.128701
2.688000,4.344992,-0.109610
2.688000,2.705911,-0.005364
2.688000,2.817503,0.018587
2.688000,8.458677,0.109676
2.688000,3.512099,-0.074588
2.688000,2.687161,-0.001880
2.688000,2.990942,0.035840
2.688000,11.672198,0.016615
2.688000,3.067345,-0.042627
2.688000,2.687225,0.001325
2.688000,3.434677,0.069845
2.688000,8.963426,-0.101627
2.688000,2.833414,-0.020286
2.688000,2.702690,0.004870
2.688000,4.214047,0.105684
2.688000,5.889627,-0.129492
2.688000,2.747220,-0.010408
2.688000,2.773702,0.013549
2.688000,6.890604,0.126776
2.688000,3.846598,-0.091787
2.688000,2.694088,-0.003392
2.688000,2.896821,0.026809
2.688000,10.576220,0.066356
2.688000,3.228738,-0.055609
2.688000,2.688725,0.000326
2.688000,3.319278,0.062166
2.688000,9.829748,-0.084856
2.688000,2.864176,-0.023480
2.688000,2.700175,0.004347
2.688000,4.092023,0.101566
2.688000,6.166738,-0.129592
2.688000,2.754761,-0.011255
2.688000,2.773293,0.013447
2.688000,6.866233,0.126932
2.688000,3.853617,-0.092091
2.688000,2.694964,-0.003338
2.688000,2.917846,0.028869
2.688000,10.950905,0.054665
2.688000,3.182909,-0.052083
2.688000,2.690331,0.000847
2.688000,3.418576,0.068795
2.688000,9.077628,-0.099636
2.688000,2.837635,-0.020638
2.688000,2.714200,0.006172
2.688000,4.614951,0.116273
2.688000,5.223714,-0.125691
2.688000,2.730332,-0.008200
2.688000,2.813511,0.017977
2.688000,8.298490,0.111976
2.688000,3.539166,-0.076139
2.688000,2.691629,-0.001547
2.688000,3.107655,0.046004
2.688000,11.482801,-0.031384
2.688000,2.961464,-0.033052
2.688000,2.693770,0.002874
2.688000,3.765800,0.088063
2.688000,7.194976,-0.124493
2.688000,2.782265,-0.014464
2.688000,2.750092,0.010666
2.688000,5.984271,0.129609
2.688000,4.170194,-0.104252
2.688000,2.702337,-0.004619
2.688000,2.861414,0.023182
2.688000,9.756263,0.086443
2.688000,3.328503,-0.062803
2.688000,2.689191,-0.000338
2.688000,3.234715,0.056053
2.688000,10.526719,-0.067748
2.688000,2.894402,-0.026557
2.688000,2.695529,0.003579
2.688000,3.898510,0.094035
2.688000,6.714820,-0.127819
2.688000,2.769137,-0.012986
2.688000,2.755254,0.011342
2.688000,6.190035,0.129568
2.688000,4.082585,-0.101230
2.688000,2.699684,-0.004340
2.688000,2.857372,0.022789
2.688000,9.652297,0.088633
2.688000,3.341599,-0.063713
2.688000,2.688054,-0.000565
2.688000,3.184907,0.052257
2.688000,10.934146,-0.055244
2.688000,2.916620,-0.028783
2.688000,2.690565,0.002831
2.688000,3.705378,0.085128
2.688000,7.448840,-0.122178
2.688000,2.788604,-0.015326
2.688000,2.727431,0.008057
2.688000,5.148560,0.124890
2.688000,4.673527,-0.117502
2.688000,2.714649,-0.006497
2.688000,2.801158,0.016778
2.688000,7.901820,0.117184
2.688000,3.610845,-0.080193
2.688000,2.688424,-0.002425
2.688000,2.937500,0.030819
2.688000,11.233883,0.043834
2.688000,3.145509,-0.049136
2.688000,2.687537,0.000791
2.688000,3.364710,0.065283
2.688000,9.473187,-0.092254
2.688000,2.850795,-0.022114
2.688000,2.699532,0.004372
2.688000,4.084660,0.101306
2.688000,6.184811,-0.129575
2.688000,2.755025,-0.011335
2.688000,2.766621,0.012710
2.688000,6.623530,0.128277
2.688000,3.927141,-0.095235
2.688000,2.695892,-0.003731
2.688000,2.879666,0.025081
2.688000,10.209098,0.076060
2.688000,3.272835,-0.058867
2.688000,2.688369,-0.000034
2.688000,3.263373,0.058179
2.688000,10.287654,-0.074095
2.688000,2.883126,-0.025433
2.688000,2.695290,0.003635
2.688000,3.902670,0.094213
2.688000,6.701215,-0.127892
2.688000,2.768659,-0.012956
2.688000,2.752272,0.011012
2.688000,6.081281,0.129642
2.688000,4.127536,-0.102815
2.688000,2.700526,-0.004544
2.688000,2.843293,0.021331
2.688000,9.259230,0.096349
2.688000,3.393245,-0.067177
2.688000,2.687302,-0.001022
2.688000,3.110033,0.046235
2.688000,11.467766,-0.032279
2.688000,2.959457,-0.032912
2.688000,2.687479,0.002150
2.688000,3.555851,0.077132
2.688000,8.200472,-0.113338
2.688000,2.809769,-0.017744
2.688000,2.708678,0.005743
2.688000,4.451405,0.112456
2.688000,5.458809,-0.127689
2.688000,2.735698,-0.009055
2.688000,2.780919,0.014426
2.688000,7.165025,0.124747
2.688000,3.773152,-0.088427
2.688000,2.692072,-0.003123
2.688000,2.901170,0.027255
2.688000,10.661960,0.063872
2.688000,3.218360,-0.054830
2.688000,2.688077,0.000325
2.688000,3.308528,0.061418
2.688000,9.916139,-0.082945
2.688000,2.867486,-0.023838
2.688000,2.697451,0.004004
2.688000,3.994196,0.097924
2.688000,6.424552,-0.129058
2.688000,2.761374,-0.012085
2.688000,2.760874,0.012025
2.688000,6.405643,0.129117
2.688000,4.000924,-0.098185
2.688000,2.697606,-0.004032
2.688000,2.866216,0.023708
2.688000,9.884097,0.083660
2.688000,3.312488,-0.061697
2.688000,2.688038,-0.000358
2.688000,3.213176,0.054436
2.688000,10.704719,-0.062596
2.688000,2.903438,-0.027481
2.688000,2.691738,0.003067
2.688000,3.759367,0.087771
2.688000,7.220232,-0.124284
2.688000,2.782398,-0.014602
2.688000,2.733863,0.008836
2.688000,5.390067,0.127188
2.688000,4.496225,-0.113568
2.688000,2.709866,-0.005898
2.688000,2.807351,0.017477
2.688000,8.117995,0.114442
2.688000,3.570532,-0.077964
2.688000,2.687653,-0.002233
2.688000,2.951102,0.032121
2.688000,11.388213,0.036616
2.688000,3.122894,-0.047298
2.688000,2.687314,0.000929
2.688000,3.380479,0.066336
2.688000,9.353912,-0.094567
2.688000,2.846562,-0.021675
2.688000,2.699766,0.004431
2.688000,4.097503,0.101765
2.688000,6.153144,-0.129606
2.688000,2.754155,-0.011240
2.688000,2.766432,0.012696
2.688000,6.617755,0.128305
2.688000,3.928986,-0.095312
2.688000,2.695837,-0.003750
2.688000,2.876247,0.024737
2.688000,10.129979,0.077986
2.688000,3.282389,-0.059559
2.688000,2.688119,-0.000132
2.688000,3.245733,0.056882
2.688000,10.434465,-0.070269
2.688000,2.889848,-0.026119
2.688000,2.693613,0.003388
2.688000,3.837955,0.091404
2.688000,6.921190,-0.126575
2.688000,2.774424,-0.013655
2.688000,2.743686,0.010006
2.688000,5.759173,0.129174
2.688000,4.278958,-0.107692
2.688000,2.704191,-0.005127
2.688000,2.822464,0.019125
2.688000,8.620428,0.107225
2.688000,3.486217,-0.073039
2.688000,2.687000,-0.001716
2.688000,3.010561,0.037626
2.688000,11.731332,0.007426
2.688000,3.044572,-0.040651
2.688000,2.687059,0.001473
2.688000,3.452753,0.070982
2.688000,8.839929,-0.103706
2.688000,2.829400,-0.019864
2.688000,2.702941,0.004929
2.688000,4.227339,0.106106
2.688000,5.862019,-0.129441
2.688000,2.746445,-0.010326
2.688000,2.773052,0.013483
2.688000,6.868035,0.126923
2.688000,3.853017,-0.092072
2.688000,2.694078,-0.003437
2.688000,2.890610,0.026191
2.688000,10.450028,0.069850
2.688000,3.243878,-0.056743
2.688000,2.688354,0.000173
2.688000,3.291914,0.060239
2.688000,10.051722,-0.079840
2.688000,2.873003,-0.024400
2.688000,2.697121,0.003924
2.688000,3.976729,0.097238
2.688000,6.474538,-0.128891
2.688000,2.762722,-0.012238
2.688000,2.760324,0.011954
2.688000,6.383820,0.129180
2.688000,4.008777,-0.098487
2.688000,2.697852,-0.004056
2.688000,2.866781,0.023763
2.688000,9.898071,0.083349
2.688000,3.310765,-0.061575
2.688000,2.688160,-0.000331
2.688000,3.218831,0.054865
2.688000,10.658108,-0.063986
2.688000,2.900975,-0.027234
2.688000,2.692279,0.003149
2.688000,3.780430,0.088769
2.688000,7.136376,-0.124981
2.688000,2.780163,-0.014335
2.688000,2.736922,0.009199
2.688000,5.504457,0.127987
2.688000,4.422848,-0.111721
2.688000,2.707936,-0.005641
2.688000,2.811822,0.017969
2.688000,8.269696,0.112386
2.688000,3.543805,-0.076441
2.688000,2.687385,-0.002077
2.688000,2.967908,0.033706
2.688000,11.537010,0.027967
2.688000,3.097730,-0.045208
2.688000,2.687311,0.001113
2.688000,3.406201,0.068021
2.688000,9.164840,-0.098080
2.688000,2.840092,-0.020992
2.688000,2.701365,0.004666
2.688000,4.160323,0.103929
2.688000,6.006074,-0.129626
2.688000,2.750303,-0.010774
2.688000,2.771030,0.013232
2.688000,6.789866,0.127400
2.688000,3.875824,-0.093066
2.688000,2.694749,-0.003515
2.688000,2.890747,0.026200
2.688000,10.452325,0.069788
2.688000,3.243617,-0.056721
2.688000,2.688637,0.000208
2.688000,3.301426,0.060913
2.688000,9.974089,-0.081634
2.688000,2.869868,-0.024071
2.688000,2.698599,0.004120
2.688000,4.031148,0.099336
2.688000,6.323000,-0.129336
2.688000,2.758815,-0.011753
2.688000,2.767141,0.012738
2.688000,6.637681,0.128209
2.688000,3.922657,-0.095046
2.688000,2.696190,-0.003666
2.688000,2.893040,0.026417
2.688000,10.498507,0.068528
2.688000,3.238113,-0.056306
2.688000,2.689379,0.000335
2.688000,3.331245,0.062991
2.688000,9.734568,-0.086905
2.688000,2.860615,-0.023094
2.688000,2.703154,0.004720
2.688000,4.199557,0.105213
2.688000,5.920471,-0.129538
2.688000,2.748464,-0.010459
2.688000,2.785545,0.014833
2.688000,7.313949,0.123451
2.688000,3.736844,-0.086666
2.688000,2.693459,-0.002711
2.688000,2.978619,0.034655
2.688000,11.607553,0.022746
2.688000,3.083641,-0.043983
2.688000,2.691996,0.001766
2.688000,3.576471,0.078264
2.688000,8.086916,-0.114842
2.688000,2.807336,-0.017285
2.688000,2.734847,0.008759
2.688000,5.395472,0.127223
2.688000,4.492826,-0.113476
2.688000,2.710967,-0.005750
2.688000,2.844073,0.021332
2.688000,9.270370,0.096138
2.688000,3.391903,-0.067067
2.688000,2.690118,-0.000682
2.688000,3.202164,0.053577
2.688000,10.795832,-0.059782
2.688000,2.908636,-0.027963
2.688000,2.695619,0.003483
2.688000,3.886027,0.093500
2.688000,6.755961,-0.127593
2.688000,2.770354,-0.013101
2.688000,2.757683,0.011603
2.688000,6.277513,0.129432
2.688000,4.048354,-0.099978
2.688000,2.699157,-0.004172
2.688000,2.871730,0.024255
2.688000,10.019043,0.080600
2.688000,3.295938,-0.060521
2.688000,2.688970,-0.000130
2.688000,3.259907,0.057920
2.688000,10.316755,-0.073353
2.688000,2.884494,-0.025560
2.688000,2.696611,0.003779
2.688000,3.946524,0.096026
2.688000,6.564062,-0.128542
2.688000,2.765154,-0.012512
2.688000,2.759752,0.011872
2.688000,6.359827,0.129245
2.688000,4.017524,-0.098821
2.688000,2.698203,-0.004075
2.688000,2.869819,0.024069
2.688000,9.973267,0.081653
2.688000,3.301519,-0.060920
2.688000,2.688499,-0.000225
2.688000,3.239017,0.056380
2.688000,10.490593,-0.068747
2.688000,2.892572,-0.026386
2.688000,2.694145,0.003430
2.688000,3.853160,0.092077
2.688000,6.867557,-0.126925
2.688000,2.773060,-0.013480
2.688000,2.747061,0.010396
2.688000,5.884595,0.129484
2.688000,4.216448,-0.105761
2.688000,2.702701,-0.004885
2.688000,2.831632,0.020100
2.688000,8.908995,0.102552
2.688000,3.442581,-0.070345
2.688000,2.687125,-0.001393
2.688000,3.056512,0.041692
2.688000,11.705463,-0.012319
2.688000,2.999994,-0.036668
2.688000,2.687048,0.001800
2.688000,3.498846,0.073799
2.688000,8.540632,-0.108449
2.688000,2.819999,-0.018859
2.688000,2.704899,0.005228
2.688000,4.306599,0.108509
2.688000,5.706765,-0.128993
2.688000,2.742295,-0.009841
2.688000,2.775575,0.013792
2.688000,6.964517,0.126277
2.688000,3.825944,-0.090865
2.688000,2.693331,-0.003339
2.688000,2.892041,0.026339
2.688000,10.480346,0.069028
2.688000,3.240228,-0.056473
2.688000,2.688130,0.000173
2.688000,3.288255,0.059980
2.688000,10.081670,-0.079136
2.688000,2.874220,-0.024529
2.688000,2.696247,0.003813
2.688000,3.945311,0.095980
2.688000,6.567631,-0.128527
2.688000,2.765121,-0.012537
2.688000,2.755984,0.011453
2.688000,6.221837,0.129528
2.688000,4.069910,-0.100774
2.688000,2.699137,-0.004319
2.688000,2.851759,0.022216
2.688000,9.500330,0.091717
2.688000,3.361159,-0.065045
2.688000,2.687491,-0.000771
2.688000,3.147502,0.049297
2.688000,11.219519,-0.044447
2.688000,2.936355,-0.030709
2.688000,2.688390,0.002429
2.688000,3.610902,0.080197
2.688000,7.901511,-0.117188
2.688000,2.801142,-0.016778
2.688000,2.714437,0.006473
2.688000,4.665970,0.117349
2.688000,5.157967,-0.124996
2.688000,2.727676,-0.008088
2.688000,2.788165,0.015276
2.688000,7.432989,0.122333
2.688000,3.708969,-0.085308
2.688000,2.690616,-0.002850
2.688000,2.914892,0.028614
2.688000,10.905933,0.056200
2.688000,3.188438,-0.052532
2.688000,2.688011,0.000534
2.688000,3.336611,0.063371
2.688000,9.691513,-0.087815
2.688000,2.858828,-0.022941
2.688000,2.699193,0.004272
2.688000,4.063973,0.100556
2.688000,6.237019,-0.129504
2.688000,2.756472,-0.011491
2.688000,2.767262,0.012770
2.688000,6.645060,0.128174
2.688000,3.920289,-0.094949
2.688000,2.695934,-0.003680
2.688000,2.887212,0.025838
2.688000,10.376457,0.071806
2.688000,3.252734,-0.057394
2.688000,2.688888,0.000172
2.688000,3.300467,0.060843
2.688000,9.982020,-0.081452
2.688000,2.870217,-0.024101
2.688000,2.699256,0.004195
2.688000,4.053497,0.100168
2.688000,6.264107,-0.129457
2.688000,2.757321,-0.011562
2.688000,2.770475,0.013117
2.688000,6.760821,0.127566
2.688000,3.884562,-0.093437
2.688000,2.695565,-0.003479
2.688000,2.908304,0.027930
2.688000,10.790003,0.059966
2.688000,3.202876,-0.053632
2.688000,2.690072,0.000671
2.688000,3.389688,0.066922
2.688000,9.286693,-0.095833
2.688000,2.844625,-0.021392
2.688000,2.710599,0.005703
2.688000,4.479171,0.113141
2.688000,5.416130,-0.127379
2.688000,2.735384,-0.008827
2.688000,2.806431,0.017184
2.688000,8.055690,0.115248
2.688000,3.582179,-0.078583
2.688000,2.692030,-0.001802
2.688000,3.079282,0.043612
2.688000,11.626709,-0.021111
2.688000,2.981938,-0.034963
2.688000,2.693367,0.002676
2.688000,3.730175,0.086339
2.688000,7.342148,-0.123192
2.688000,2.786318,-0.014922
2.688000,2.747876,0.010387
2.688000,5.897959,0.129503
2.688000,4.210187,-0.105554
2.688000,2.703424,-0.004760
2.688000,2.859545,0.022982
2.688000,9.706161,0.087505
2.688000,3.334833,-0.063238
2.688000,2.689372,-0.000362
2.688000,3.234303,0.056021
2.688000,10.530222,-0.067650
2.688000,2.894591,-0.026573
2.688000,2.695928,0.003624
2.688000,3.911978,0.094601
2.688000,6.671458,-0.128044
2.688000,2.768025,-0.012846
2.688000,2.757563,0.011607
2.688000,6.276035,0.129435
2.688000,4.048897,-0.100000
2.688000,2.698981,-0.004196
2.688000,2.865770,0.023652
2.688000,9.871480,0.083939
2.688000,3.314075,-0.061805
2.688000,2.688458,-0.000320
2.688000,3.225230,0.055347
2.688000,10.605227,-0.065527
2.688000,2.898267,-0.026958
2.688000,2.693282,0.003287
2.688000,3.817522,0.090482
2.688000,6.995438,-0.126057
2.688000,2.776444,-0.013884
2.688000,2.742635,0.009872
2.688000,5.718147,0.129034
2.688000,4.300526,-0.108331
2.688000,2.704809,-0.005198
2.688000,2.822537,0.019128
2.688000,8.622044,0.107200
2.688000,3.485973,-0.073023
2.688000,2.687133,-0.001699
2.688000,3.015043,0.038028
2.688000,11.738309,0.005394
2.688000,3.039733,-0.040224
2.688000,2.687169,0.001522
2.688000,3.461454,0.071521
2.688000,8.781788,-0.104660
2.688000,2.827564,-0.019664
2.688000,2.703860,0.005050
2.688000,4.261557,0.107165
2.688000,5.793127,-0.129274
2.688000,2.744649,-0.010106
2.688000,2.775505,0.013766
2.688000,6.958992,0.126315
2.688000,3.827485,-0.090932
2.688000,2.693607,-0.003317
2.688000,2.899276,0.027055
2.688000,10.624536,0.064968
2.688000,3.222911,-0.055170
2.688000,2.688656,0.000360
2.688000,3.322893,0.062418
2.688000,9.800762,-0.085486
2.688000,2.863050,-0.023365
2.688000,2.700233,0.004362
2.688000,4.095303,0.101683
2.688000,6.158678,-0.129599
2.688000,2.754540,-0.011231
2.688000,2.773251,0.013444
2.688000,6.864998,0.126940
2.688000,3.853969,-0.092107
2.688000,2.694944,-0.003343
2.688000,2.916902,0.028777
2.688000,10.935762,0.055186
2.688000,3.184813,-0.052232
2.688000,2.690269,0.000826
2.688000,3.414576,0.068539
2.688000,9.106050,-0.099132
2.688000,2.838566,-0.020740
2.688000,2.713593,0.006095
2.688000,4.592265,0.115779
2.688000,5.253951,-0.125992
2.688000,2.731123,-0.008299
2.688000,2.812281,0.017841
2.688000,8.256815,0.112557
2.688000,3.546331,-0.076553
2.688000,2.691681,-0.001592
2.688000,3.102451,0.045570
2.688000,11.512350,-0.029566
2.688000,2.965022,-0.033387
2.688000,2.693659,0.002835
2.688000,3.758191,0.087700
2.688000,7.225686,-0.124232
2.688000,2.783102,-0.014560
2.688000,2.749462,0.010589
2.688000,5.960126,0.129587
2.688000,4.181171,-0.104615
2.688000,2.702615,-0.004660
2.688000,2.860281,0.023064
2.688000,9.726352,0.087079
2.688000,3.332271,-0.063063
2.688000,2.689183,-0.000365
2.688000,3.230734,0.055755
2.688000,10.559826,-0.066820
2.688000,2.896042,-0.026722
2.688000,2.695267,0.003536
2.688000,3.887739,0.093576
2.688000,6.750164,-0.127627
2.688000,2.770065,-0.013098
2.688000,2.753972,0.011192
2.688000,6.141868,0.129614
2.688000,4.102165,-0.101928
2.688000,2.700127,-0.004420
2.688000,2.853594,0.022397
2.688000,9.549711,0.090729
2.688000,3.354767,-0.064610
2.688000,2.687908,-0.000676
2.688000,3.167240,0.050869
2.688000,11.072357,-0.050302
2.688000,2.925589,-0.029662
2.688000,2.689668,0.002659
2.688000,3.665460,0.083093
2.688000,7.631439,-0.120291
2.688000,2.793616,-0.015908
2.688000,2.722178,0.007419
2.688000,4.952573,0.122345
2.688000,4.845266,-0.120663
2.688000,2.719289,-0.007067
2.688000,2.796393,0.016230
2.688000,7.731746,0.119181
2.688000,3.644610,-0.082002
2.688000,2.689188,-0.002570
2.688000,2.929932,0.030085
2.688000,11.134155,0.047929
2.688000,3.159095,-0.050223
2.688000,2.687778,0.000720
2.688000,3.358785,0.064882
2.688000,9.518687,-0.091351
2.688000,2.852457,-0.022282
2.688000,2.699963,0.004410
2.688000,4.097745,0.101772
2.688000,6.152608,-0.129606
2.688000,2.754229,-0.011228
2.688000,2.769007,0.012979
2.688000,6.711396,0.127838
2.688000,3.899552,-0.094080
2.688000,2.695441,-0.003596
2.688000,2.890705,0.026190
2.688000,10.450881,0.069826
2.688000,3.243805,-0.056733
2.688000,2.688918,0.000240
2.688000,3.310405,0.061544
2.688000,9.901321,-0.083276
2.688000,2.866997,-0.023768
2.688000,2.700088,0.004316
2.688000,4.085854,0.101345
2.688000,6.182000,-0.129576
2.688000,2.755190,-0.011300
2.688000,2.773656,0.013483
2.688000,6.878824,0.126851
2.688000,3.850025,-0.091932
2.688000,2.694974,-0.003312
2.688000,2.921448,0.029219
2.688000,11.007214,0.052685
2.688000,3.175772,-0.051522
2.688000,2.690533,0.000922
2.688000,3.432542,0.069684
2.688000,8.979690,-0.101343
2.688000,2.834458,-0.020291
2.688000,2.716281,0.006435
2.688000,4.692776,0.117878
2.688000,5.125196,-0.124612
2.688000,2.727746,-0.007876
2.688000,2.817446,0.018414
2.688000,8.430683,0.110080
2.688000,3.516985,-0.074843
2.688000,2.691453,-0.001412
2.688000,3.123397,0.047307
2.688000,11.386167,-0.036714
2.688000,2.951185,-0.032079
2.688000,2.694114,0.002991
2.688000,3.788556,0.089136
2.688000,7.105343,-0.125224
2.688000,2.779827,-0.014184
2.688000,2.751930,0.010890
2.688000,6.054737,0.129640
2.688000,4.139037,-0.103204
2.688000,2.701550,-0.004502
2.688000,2.864801,0.023533
2.688000,9.844344,0.084536
2.688000,3.317489,-0.062037
2.688000,2.689221,-0.000255
2.688000,3.246612,0.056939
2.688000,10.427622,-0.070451
2.688000,2.889633,-0.026076
2.688000,2.696358,0.003711
2.688000,3.932196,0.095440
2.688000,6.607941,-0.128348
2.688000,2.766339,-0.012647
2.688000,2.759222,0.011804
2.688000,6.338941,0.129298
2.688000,4.025219,-0.099113
2.688000,2.698431,-0.004100
2.688000,2.870002,0.024086
2.688000,9.977546,0.081555
2.688000,3.300999,-0.060883
2.688000,2.688590,-0.000211
2.688000,3.242511,0.056640
2.688000,10.461527,-0.069539
2.688000,2.891181,-0.026244
2.688000,2.694569,0.003490
2.688000,3.869189,0.092779
2.688000,6.812329,-0.127267
2.688000,2.771615,-0.013303
2.688000,2.749330,0.010661
2.688000,5.969648,0.129599
2.688000,4.176725,-0.104474
2.688000,2.701749,-0.004731
2.688000,2.837414,0.020711
2.688000,9.085011,0.099510
2.688000,3.417342,-0.068740
2.688000,2.687238,-0.001201
2.688000,3.084575,0.044099
2.688000,11.602388,-0.023179
2.688000,2.977475,-0.034598
2.688000,2.687214,0.001986
2.688000,3.528026,0.075526
2.688000,8.362477,-0.111076
2.688000,2.814586,-0.018272
2.688000,2.706655,0.005472
2.688000,4.374514,0.110429
2.688000,5.585211,-0.128449
2.688000,2.739062,-0.009456
2.688000,2.778148,0.014098
2.688000,7.061293,0.125570
2.688000,3.799908,-0.089676
2.688000,2.692705,-0.003233
2.688000,2.896383,0.026776
2.688000,10.568650,0.066572
2.688000,3.229617,-0.055680
2.688000,2.688106,0.000247
2.688000,3.298143,0.060684
2.688000,10.000627,-0.081026
2.688000,2.870882,-0.024187
2.688000,2.696835,0.003907
2.688000,3.969210,0.096941
2.688000,6.496403,-0.128812
2.688000,2.763255,-0.012312
2.688000,2.758426,0.011739
2.688000,6.313692,0.129358
2.688000,4.034593,-0.099468
2.688000,2.698343,-0.004173
2.688000,2.858803,0.022946
2.688000,9.691735,0.087811
2.688000,3.336568,-0.063370
2.688000,2.687747,-0.000565
2.688000,3.179959,0.051872
2.688000,10.973247,-0.053892
2.688000,2.919042,-0.029025
2.688000,2.689784,0.002721
2.688000,3.676366,0.083657
2.688000,7.580293,-0.120838
2.688000,2.792173,-0.015748
2.688000,2.722727,0.007493
2.688000,4.974107,0.122657
2.688000,4.824943,-0.120320
2.688000,2.718709,-0.007003
2.688000,2.795981,0.016190
2.688000,7.718152,0.119335
2.688000,3.647382,-0.082149
2.688000,2.689106,-0.002599
2.688000,2.924739,0.029584
2.688000,11.060280,0.050753
2.688000,3.168795,-0.050995
2.688000,2.687580,0.000626
2.688000,3.342404,0.063772
2.688000,9.645772,-0.088768
2.688000,2.857071,-0.022769
2.688000,2.698192,0.004169
2.688000,4.031287,0.099345
2.688000,6.322504,-0.129338
2.688000,2.758628,-0.011770
2.688000,2.762117,0.012184
2.688000,6.454560,0.128961
2.688000,3.983638,-0.097512
2.688000,2.697084,-0.003976
2.688000,2.865584,0.023647
2.688000,9.868621,0.084003
2.688000,3.314394,-0.061832
2.688000,2.687822,-0.000397
2.688000,3.204282,0.053758
2.688000,10.777609,-0.060358
2.688000,2.907413,-0.027879
2.688000,2.690875,0.002936
2.688000,3.725767,0.086142
2.688000,7.360074,-0.123030
2.688000,2.786149,-0.015048
2.688000,2.728902,0.008243
2.688000,5.204892,0.125504
2.688000,4.629119,-0.116584
2.688000,2.713407,-0.006353
2.688000,2.801245,0.016797
2.688000,7.906342,0.117129
2.688000,3.609960,-0.080147
2.688000,2.688222,-0.002442
2.688000,2.931931,0.030285
2.688000,11.161901,0.046826
2.688000,3.155356,-0.049929
2.688000,2.687291,0.000690
2.688000,3.346588,0.064060
2.688000,9.612929,-0.089445
2.688000,2.855822,-0.022646
2.688000,2.697515,0.004099
2.688000,4.009312,0.098511
2.688000,6.382235,-0.129186
2.688000,2.760139,-0.011965
2.688000,2.758610,0.011783
2.688000,6.324347,0.129334
2.688000,4.030581,-0.099319
2.688000,2.698018,-0.004184
2.688000,2.852295,0.022280
2.688000,9.516283,0.091400
2.688000,3.359064,-0.064906
2.688000,2.687205,-0.000789
2.688000,3.140313,0.048719
2.688000,11.270668,-0.042225
2.688000,2.940484,-0.031110
2.688000,2.687757,0.002324
2.688000,3.585263,0.078789
2.688000,8.037228,-0.115493
2.688000,2.804985,-0.017219
2.688000,2.710591,0.006000
2.688000,4.524668,0.114249
2.688000,5.348173,-0.126850
2.688000,2.732721,-0.008705
2.688000,2.782612,0.014634
2.688000,7.229334,0.124206
2.688000,3.757114,-0.087664
2.688000,2.691580,-0.003070
2.688000,2.900536,0.027196
2.688000,10.650292,0.064217
2.688000,3.219759,-0.054938
2.688000,2.687827,0.000285
2.688000,3.298931,0.060742
2.688000,9.994072,-0.081177
2.688000,2.870585,-0.024163
2.688000,2.696082,0.003821
2.688000,3.943633,0.095913
2.688000,6.572689,-0.128506
2.688000,2.765207,-0.012558
2.688000,2.754464,0.011283
2.688000,6.165995,0.129595
2.688000,4.092252,-0.101579
2.688000,2.699572,-0.004418
2.688000,2.845232,0.021539
2.688000,9.316134,0.095284
2.688000,3.385538,-0.066671
2.688000,2.687174,-0.000982
2.688000,3.113443,0.046519
2.688000,11.447303,-0.033448
2.688000,2.957183,-0.032699
2.688000,2.687324,0.002149
2.688000,3.553082,0.076975
2.688000,8.216204,-0.113124
2.688000,2.810208,-0.017798
2.688000,2.707786,0.005636
2.688000,4.419383,0.111631
2.688000,5.510081,-0.128022
2.688000,2.737032,-0.009221
2.688000,2.778880,0.014194
2.688000,7.090182,0.125347
2.688000,3.792329,-0.089326
2.688000,2.692399,-0.003217
2.688000,2.893742,0.026516
2.688000,10.515902,0.068050
2.688000,3.235944,-0.056156
2.688000,2.687835,0.000169
2.688000,3.282914,0.059599
2.688000,10.125519,-0.078093
2.688000,2.876028,-0.024721
2.688000,2.695088,0.003664
2.688000,3.903536,0.094252
2.688000,6.698345,-0.127908
2.688000,2.768504,-0.012955
2.688000,2.750093,0.010770
2.688000,6.001527,0.129624
2.688000,4.162328,-0.103998
2.688000,2.701233,-0.004694
2.688000,2.834224,0.020382
2.688000,8.989695,0.101176
2.688000,3.430874,-0.069607
2.688000,2.686924,-0.001334
2.688000,3.061374,0.042115
2.688000,11.691598,-0.014268
2.688000,2.995849,-0.036292
2.688000,2.686803,0.001802
2.688000,3.495029,0.073572
2.688000,8.564482,-0.108087
2.688000,2.820693,-0.018942
2.688000,2.703583,0.005069
2.688000,4.259654,0.107109
2.688000,5.796819,-0.129286
2.688000,2.744620,-0.010132
2.688000,2.771681,0.013346
2.688000,6.820672,0.127218
2.688000,3.866698,-0.092674
2.688000,2.694052,-0.003534
2.688000,2.877257,0.024853
2.688000,10.155227,0.077378
2.688000,3.279299,-0.059341
2.688000,2.687535,-0.000178
2.688000,3.229818,0.055699
2.688000,10.566739,-0.066627
2.688000,2.896234,-0.026771
2.688000,2.691394,0.003080
2.688000,3.755460,0.087586
2.688000,7.236015,-0.124148
2.688000,2.782750,-0.014659
2.688000,2.731331,0.008545
2.688000,5.297353,0.126408
2.688000,4.560394,-0.115076
2.688000,2.711503,-0.006127
2.688000,2.802094,0.016902
2.688000,7.937741,0.116745
2.688000,3.603926,-0.079819
2.688000,2.687907,-0.002437
2.688000,2.927645,0.029874
2.688000,11.102939,0.049143
2.688000,3.163192,-0.050555
2.688000,2.687013,0.000600
2.688000,3.329467,0.062887
2.688000,9.747613,-0.086630
2.688000,2.860820,-0.023173
2.688000,2.695547,0.003831
2.688000,3.935978,0.095603
2.688000,6.595990,-0.128405
2.688000,2.765689,-0.012645
2.688000,2.749946,0.010775
2.688000,5.999672,0.129624
2.688000,4.163132,-0.104026
2.688000,2.701057,-0.004720
2.688000,2.828048,0.019736
2.688000,8.800118,0.104362
2.688000,3.458661,-0.071353
2.688000,2.686566,-0.001573
2.688000,3.023142,0.038758
2.688000,11.745283,0.001765
2.688000,3.031216,-0.039476
2.688000,2.686590,0.001516
2.688000,3.451071,0.070881
2.688000,8.851063,-0.103522
2.688000,2.829681,-0.019910
2.688000,2.700825,0.004681
2.688000,4.153212,0.103693
2.688000,6.022006,-0.129636
2.688000,2.750544,-0.010844
2.688000,2.765380,0.012607
2.688000,6.583947,0.128458
2.688000,3.939907,-0.095763
2.688000,2.695663,-0.003844
2.688000,2.860877,0.023178
2.688000,9.748986,0.086601
2.688000,3.329296,-0.062875
2.688000,2.687053,-0.000594
2.688000,3.164658,0.050671
2.688000,11.091802,-0.049569
2.688000,2.926867,-0.029798
2.688000,2.688017,0.002455
2.688000,3.608431,0.080065
2.688000,7.914218,-0.117033
2.688000,2.801430,-0.016826
2.688000,2.712152,0.006207
2.688000,4.584235,0.115612
2.688000,5.264515,-0.126102
2.688000,2.730459,-0.008439
2.688000,2.783679,0.014767
2.688000,7.270276,0.123848
2.688000,3.747113,-0.087184
2.688000,2.691221,-0.003043
2.688000,2.898513,0.026998
2.688000,10.611632,0.065343
2.688000,3.224413,-0.055292
2.688000,2.687571,0.000222
2.688000,3.285891,0.059815
2.688000,10.100871,-0.078682
2.688000,2.874961,-0.024617
2.688000,2.694543,0.003608
2.688000,3.886022,0.093508
2.688000,6.755629,-0.127598
2.688000,2.769971,-0.013140
2.688000,2.746983,0.010410
2.688000,5.885590,0.129486
2.688000,4.215945,-0.105746
2.688000,2.702491,-0.004906
2.688000,2.825586,0.019467
2.688000,8.721346,0.105635
2.688000,3.470594,-0.072088
2.688000,2.686772,-0.001633
2.688000,3.018255,0.038319
2.688000,11.741948,0.003943
2.688000,3.036298,-0.039924
2.688000,2.686815,0.001505
2.688000,3.453270,0.071016
2.688000,8.836344,-0.103766
2.688000,2.829245,-0.019856
2.688000,2.701906,0.004810
2.688000,4.191396,0.104957
2.688000,5.937669,-0.129565
2.688000,2.748378,-0.010572
2.688000,2.769260,0.013051
2.688000,6.728011,0.127750
2.688000,3.894406,-0.093866
2.688000,2.694795,-0.003636
2.688000,2.875181,0.024638
2.688000,10.105821,0.078564
2.688000,3.285295,-0.059771
2.688000,2.687675,-0.000205
2.688000,3.228383,0.055590
2.688000,10.578722,-0.066287
2.688000,2.896849,-0.026830
2.688000,2.691647,0.003105
2.688000,3.763401,0.087965
2.688000,7.203879,-0.124423
2.688000,2.781905,-0.014556
2.688000,2.732866,0.008726
2.688000,5.354313,0.126902
2.688000,4.520438,-0.114149
2.688000,2.710451,-0.005988
2.688000,2.804367,0.017154
2.688000,8.016443,0.115759
2.688000,3.589110,-0.079003
2.688000,2.687731,-0.002354
2.688000,2.936018,0.030682
2.688000,11.215600,0.044613
2.688000,3.148025,-0.049342
2.688000,2.687102,0.000721
2.688000,3.347821,0.064145
2.688000,9.603237,-0.089644
2.688000,2.855442,-0.022612
2.688000,2.696965,0.004037
2.688000,3.990740,0.097792
2.688000,6.434211,-0.129029
2.688000,2.761465,-0.012133
2.688000,2.755886,0.011470
2.688000,6.222852,0.129527
2.688000,4.069477,-0.100760
2.688000,2.698846,-0.004350
2.688000,2.843100,0.021324
2.688000,9.255484,0.096419
2.688000,3.393727,-0.067212
2.688000,2.686847,-0.001079
2.688000,3.094933,0.044977
2.688000,11.551601,-0.026973
2.688000,2.969852,-0.033892
2.688000,2.686723,0.001985
2.688000,3.519636,0.075037
2.688000,8.412641,-0.110352
2.688000,2.816017,-0.018445
2.688000,2.703923,0.005144
2.688000,4.276880,0.107631
2.688000,5.763127,-0.129187
2.688000,2.743670,-0.010032
2.688000,2.770748,0.013251
2.688000,6.788032,0.127413
2.688000,3.876302,-0.093092
2.688000,2.694079,-0.003596
2.688000,2.869305,0.024048
2.688000,9.964569,0.081853
2.688000,3.302507,-0.061002
2.688000,2.687060,-0.000401
2.688000,3.191334,0.052764
2.688000,10.882323,-0.056989
2.688000,2.913393,-0.028481
2.688000,2.688803,0.002648
2.688000,3.649287,0.082252
2.688000,7.708755,-0.119441
2.688000,2.795637,-0.016168
2.688000,2.716670,0.006771
2.688000,4.752240,0.119027
2.688000,5.054642,-0.123752
2.688000,2.724823,-0.007763
2.688000,2.788137,0.015295
2.688000,7.435610,0.122308
2.688000,3.708342,-0.085279
2.688000,2.690228,-0.002891
2.688000,2.903233,0.027472
2.688000,10.702072,0.062677
2.688000,3.213462,-0.054463
2.688000,2.687343,0.000274
2.688000,3.289445,0.060071
2.688000,10.071533,-0.079376
2.688000,2.873711,-0.024494
2.688000,2.694119,0.003568
2.688000,3.872862,0.092942
2.688000,6.799686,-0.127344
2.688000,2.771098,-0.013283
2.688000,2.744505,0.010123
2.688000,5.793309,0.129276
2.688000,4.261427,-0.107163
2.688000,2.703588,-0.005080
2.688000,2.819283,0.018793
2.688000,8.519102,0.108775
2.688000,3.502278,-0.074007
2.688000,2.686754,-0.001859
2.688000,2.987375,0.035516
2.688000,11.656234,0.018325
2.688000,3.071733,-0.043007
2.688000,2.686895,0.001254
2.688000,3.419228,0.068864
2.688000,9.071482,-0.099749
2.688000,2.836913,-0.020668
2.688000,2.700484,0.004587
2.688000,4.133229,0.103012
2.688000,6.067933,-0.129644
2.688000,2.751833,-0.010980
2.688000,2.766452,0.012715
2.688000,6.621427,0.128288
2.688000,3.927784,-0.095264
2.688000,2.695600,-0.003769
2.688000,2.869950,0.024102
2.688000,9.978988,0.081523
2.688000,3.300768,-0.060874
2.688000,2.687619,-0.000323
2.688000,3.211211,0.054290
2.688000,10.720718,-0.062112
2.688000,2.904264,-0.027570
2.688000,2.690736,0.002943
2.688000,3.724477,0.086079
2.688000,7.365562,-0.122979
2.688000,2.786269,-0.015068
2.688000,2.727909,0.008129
2.688000,5.168734,0.125116
2.688000,4.657379,-0.117174
2.688000,2.714139,-0.006452
2.688000,2.799394,0.016592
2.688000,7.841858,0.117905
2.688000,3.622507,-0.080827
2.688000,2.688352,-0.002514
2.688000,2.924239,0.029541
2.688000,11.053372,0.051010
2.688000,3.169671,-0.051068
2.688000,2.687163,0.000571
2.688000,3.327832,0.062772
2.688000,9.760681,-0.086351
2.688000,2.861336,-0.023223
2.688000,2.695920,0.003871
2.688000,3.948248,0.096102
2.688000,6.558616,-0.128567
2.688000,2.764733,-0.012525
2.688000,2.751929,0.011004
2.688000,6.073602,0.129644
2.688000,4.130782,-0.102929
2.688000,2.700311,-0.004591
2.688000,2.833729,0.020337
2.688000,8.975708,0.101417
2.688000,3.432871,-0.069735
2.688000,2.686676,-0.001377
2.688000,3.051501,0.041259
2.688000,11.717735,-0.010294
2.688000,3.004312,-0.037064
2.688000,2.686549,0.001709
2.688000,3.477703,0.072524
2.688000,8.674973,-0.106372
2.688000,2.824090,-0.019315
2.688000,2.701753,0.004831
2.688000,4.191849,0.104973
2.688000,5.936646,-0.129565
2.688000,2.748266,-0.010578
2.688000,2.766794,0.012780
2.688000,6.638397,0.128209
2.688000,3.922327,-0.095040
2.688000,2.695182,-0.003781
2.688000,2.861829,0.023279
2.688000,9.774249,0.086061
2.688000,3.326117,-0.062655
2.688000,2.686961,-0.000582
2.688000,3.164814,0.050685
2.688000,11.090575,-0.049616
2.688000,2.926774,-0.029790
2.688000,2.687851,0.002437
2.688000,3.602970,0.079767
2.688000,7.942743,-0.116683
2.688000,2.802229,-0.016919
2.688000,2.711167,0.006087
2.688000,4.548306,0.114800
2.688000,5.314323,-0.126560
2.688000,2.731775,-0.008601
2.688000,2.782114,0.014587
2.688000,7.212743,0.124348
2.688000,3.761194,-0.087861
2.688000,2.691495,-0.003108
2.688000,2.894112,0.026559
2.688000,10.524143,0.067822
2.688000,3.234935,-0.056083
2.688000,2.687473,0.000134
2.688000,3.272133,0.058823
2.688000,10.214519,-0.075927
2.688000,2.879807,-0.025114
2.688000,2.693469,0.003446
2.688000,3.843978,0.091675
2.688000,6.899673,-0.126719
2.688000,2.773760,-0.013597
2.688000,2.741714,0.009789
2.688000,5.687727,0.128920
2.688000,4.316858,-0.108808
2.688000,2.705036,-0.005279
2.688000,2.815193,0.018349
2.688000,8.384335,0.110762
2.688000,3.524350,-0.075313
2.688000,2.686918,-0.001995
2.688000,2.971567,0.034051
2.688000,11.563744,0.026115
2.688000,3.092567,-0.044777
2.688000,2.686995,0.001113
2.688000,3.401065,0.067690
2.688000,9.201912,-0.097406
2.688000,2.841298,-0.021129
2.688000,2.699838,0.004479
2.688000,4.105894,0.102062
2.688000,6.132730,-0.129621
2.688000,2.753556,-0.011182
2.688000,2.765175,0.012561
2.688000,6.572693,0.128506
2.688000,3.943623,-0.095913
2.688000,2.695998,-0.003831
2.688000,2.867974,0.023899
2.688000,9.929722,0.082641
2.688000,3.306827,-0.061302
2.688000,2.687624,-0.000366
2.688000,3.205345,0.053841
2.688000,10.768836,-0.060632
2.688000,2.906906,-0.027832
2.688000,2.690498,0.002896
2.688000,3.713537,0.085537
2.688000,7.412893,-0.122529
2.688000,2.787558,-0.015218
2.688000,2.726607,0.007971
2.688000,5.119945,0.124559
2.688000,4.696857,-0.117968
2.688000,2.715210,-0.006583
2.688000,2.798343,0.016471
2.688000,7.804310,0.118347
2.688000,3.629945,-0.081225
2.688000,2.688532,-0.002545
2.688000,2.922968,0.029416
2.688000,11.034338,0.051709
2.688000,3.172132,-0.051261
2.688000,2.687223,0.000560
2.688000,3.327295,0.062735
2.688000,9.764981,-0.086259
2.688000,2.861507,-0.023239
2.688000,2.696074,0.003888
2.688000,3.953354,0.096308
2.688000,6.543261,-0.128630
2.688000,2.764341,-0.012475
2.688000,2.752737,0.011097
2.688000,6.103734,0.129637
2.688000,4.117989,-0.102486
2.688000,2.700020,-0.004539
2.688000,2.836142,0.020591
2.688000,9.048904,0.100147
2.688000,3.422412,-0.069069
2.688000,2.686737,-0.001295
2.688000,3.063586,0.042307
2.688000,11.684678,-0.015148
2.688000,2.993987,-0.036123
2.688000,2.686576,0.001789
2.688000,3.489393,0.073234
2.688000,8.600023,-0.107541
2.688000,2.821755,-0.019064
2.688000,2.702301,0.004912
2.688000,4.213621,0.105674
2.688000,5.890412,-0.129495
2.688000,2.747041,-0.010433
2.688000,2.767819,0.012903
2.688000,6.677276,0.128017
2.688000,3.910055,-0.094529
2.688000,2.694883,-0.003732
2.688000,2.863674,0.023470
2.688000,9.822129,0.085025
2.688000,3.320129,-0.062239
2.688000,2.686980,-0.000537
2.688000,3.171343,0.051201
2.688000,11.040365,-0.051489
2.688000,2.923351,-0.029457
2.688000,2.688053,0.002486
2.688000,3.613384,0.080335
2.688000,7.888526,-0.117346
2.688000,2.800687,-0.016745
2.688000,2.712345,0.006235
2.688000,4.591957,0.115782
2.688000,5.254050,-0.126001
2.688000,2.730168,-0.008407
2.688000,2.783571,0.014758
2.688000,7.266789,0.123879
2.688000,3.747953,-0.087225
2.688000,2.691191,-0.003052
2.688000,2.896780,0.026827
2.688000,10.577705,0.066316
2.688000,3.228495,-0.055600
2.688000,2.687475,0.000181
2.688000,3.278636,0.059294
2.688000,10.160685,-0.077245
2.688000,2.877484,-0.024877
2.688000,2.693847,0.003508
2.688000,3.859453,0.092358
2.688000,6.845558,-0.127065
2.688000,2.772329,-0.013426
2.688000,2.743524,0.010004
2.688000,5.755821,0.129164
2.688000,4.280680,-0.107744
2.688000,2.704106,-0.005148
2.688000,2.818309,0.018687
2.688000,8.486999,0.109256
2.688000,3.507466,-0.074316
2.688000,2.686827,-0.001887
2.688000,2.984734,0.035272
2.688000,11.643221,0.019608
2.688000,3.075080,-0.043293
2.688000,2.686953,0.001237
2.688000,3.417704,0.068766
2.688000,9.082319,-0.099558
2.688000,2.837282,-0.020705
2.688000,2.700632,0.004601
2.688000,4.137976,0.103175
2.688000,6.056932,-0.129643
2.688000,2.751557,-0.010944
2.688000,2.767166,0.012796
2.688000,6.647792,0.128163
2.688000,3.919375,-0.094915
2.688000,2.695452,-0.003729
2.688000,2.872972,0.024409
2.688000,10.052544,0.079821
2.688000,3.291782,-0.060234
2.688000,2.687766,-0.000241
2.688000,3.224888,0.055326
2.688000,10.607768,-0.065454
2.688000,2.898333,-0.026977
2.688000,2.691687,0.003099
2.688000,3.763148,0.087953
2.688000,7.204916,-0.124414
2.688000,2.781946,-0.014557
2.688000,2.733207,0.008765
2.688000,5.366684,0.127003
2.688000,4.511986,-0.113948
2.688000,2.710240,-0.005958
2.688000,2.805200,0.017245
2.688000,8.044933,0.115394
2.688000,3.583838,-0.078710
2.688000,2.687699,-0.002321
2.688000,2.939966,0.031061
2.688000,11.264487,0.042500
2.688000,3.141189,-0.048790
2.688000,2.687160,0.000778
2.688000,3.356699,0.064747
2.688000,9.534464,-0.091036
2.688000,2.852945,-0.022349
2.688000,2.697716,0.004144
2.688000,4.019431,0.098898
2.688000,6.354464,-0.129261
2.688000,2.759390,-0.011879
2.688000,2.758888,0.011820
2.688000,6.335460,0.129308
2.688000,4.026444,-0.099164
2.688000,2.697882,-0.004172
2.688000,2.851803,0.022230
2.688000,9.502853,0.091668
2.688000,3.360809,-0.065024
2.688000,2.687133,-0.000810
2.688000,3.136298,0.048394
2.688000,11.298614,-0.040960
2.688000,2.942853,-0.031338
2.688000,2.687568,0.002284
2.688000,3.576412,0.078295
2.688000,8.085465,-0.114869
2.688000,2.806370,-0.017376
2.688000,2.709439,0.005856
2.688000,4.482246,0.113227
2.688000,5.411125,-0.127348
2.688000,2.734387,-0.008907
2.688000,2.780788,0.014422
2.688000,7.161997,0.124773
2.688000,3.773901,-0.088463
2.688000,2.691920,-0.003146
2.688000,2.895712,0.026715
2.688000,10.555931,0.066932
2.688000,3.231128,-0.055796
2.688000,2.687735,0.000192
2.688000,3.284483,0.059712
2.688000,10.112543,-0.078403
2.688000,2.875470,-0.024666
2.688000,2.694910,0.003647
2.688000,3.898024,0.094019
2.688000,6.716205,-0.127814
2.688000,2.768958,-0.013013
2.688000,2.749042,0.010649
2.688000,5.962414,0.129593
2.688000,4.180001,-0.104584
2.688000,2.701640,-0.004765
2.688000,2.831123,0.020054
2.688000,8.894586,0.102795
2.688000,3.444673,-0.070478
2.688000,2.686851,-0.001440
2.688000,3.045711,0.040752
2.688000,11.729375,-0.007904
2.688000,3.009506,-0.037532
2.688000,2.686768,0.001697
2.688000,3.479602,0.072638
2.688000,8.662792,-0.106564
2.688000,2.823746,-0.019270
2.688000,2.702844,0.004960
2.688000,4.230361,0.106202
2.688000,5.855765,-0.129428
2.688000,2.746186,-0.010317
2.688000,2.770469,0.013201
2.688000,6.774707,0.127490
2.688000,3.880293,-0.093262
2.688000,2.694387,-0.003587
2.688000,2.875316,0.024654
2.688000,10.109388,0.078479
2.688000,3.284855,-0.059741
2.688000,2.687537,-0.000218
2.688000,3.224345,0.055287
2.688000,10.612181,-0.065327
2.688000,2.898538,-0.027001
2.688000,2.691141,0.003033
2.688000,3.744369,0.087051
2.688000,7.281633,-0.123748
2.688000,2.783981,-0.014804
2.688000,2.729987,0.008383
2.688000,5.246986,0.125932
2.688000,4.597210,-0.115898
2.688000,2.712497,-0.006251
2.688000,2.800825,0.016758
2.688000,7.893069,0.117291
2.688000,3.612508,-0.080287
2.688000,2.688076,-0.002477
2.688000,2.924923,0.029609
2.688000,11.063607,0.050630
2.688000,3.168337,-0.050963
2.688000,2.687034,0.000565
2.688000,3.324967,0.062575
2.688000,9.783452,-0.085862
2.688000,2.862190,-0.023315
2.688000,2.695343,0.003797
2.688000,3.927465,0.095253
2.688000,6.622341,-0.128285
2.688000,2.766384,-0.012728
2.688000,2.749153,0.010681
2.688000,5.969706,0.129601
2.688000,4.176653,-0.104475
2.688000,2.701395,-0.004771
2.688000,2.826493,0.019570
2.688000,8.751128,0.105157
2.688000,3.466048,-0.071810
2.688000,2.686571,-0.001624
2.688000,3.016218,0.038138
2.688000,11.739808,0.004853
2.688000,3.038430,-0.040114
2.688000,2.686635,0.001468
2.688000,3.445088,0.070506
2.688000,8.891665,-0.102845
2.688000,2.830994,-0.020048
2.688000,2.700741,0.004661
2.688000,4.148831,0.103545
2.688000,6.031967,-0.129639
2.688000,2.750820,-0.010874
2.688000,2.765507,0.012619
2.688000,6.588256,0.128439
2.688000,3.938503,-0.095706
2.688000,2.695667,-0.003834
2.688000,2.862276,0.023321
2.688000,9.785356,0.085821
2.688000,3.324735,-0.062558
2.688000,2.687143,-0.000551
2.688000,3.172081,0.051258
2.688000,11.034702,-0.051696
2.688000,2.922986,-0.029419
2.688000,2.688380,0.002527
2.688000,3.624812,0.080951
2.688000,7.830160,-0.118044
2.688000,2.799060,-0.016555
2.688000,2.714299,0.006473
2.688000,4.663487,0.117299
2.688000,5.161056,-0.125031
2.688000,2.727700,-0.008105
2.688000,2.786335,0.015077
2.688000,7.368189,0.122955
2.688000,3.723862,-0.086049
2.688000,2.690705,-0.002943
2.688000,2.903846,0.027529
2.688000,10.713048,0.062345
2.688000,3.212142,-0.054361
2.688000,2.687587,0.000312
2.688000,3.298755,0.060732
2.688000,9.995393,-0.081147
2.688000,2.870611,-0.024171
2.688000,2.695379,0.003739
2.688000,3.919452,0.094919
2.688000,6.647526,-0.128164
2.688000,2.767132,-0.012798
2.688000,2.750779,0.010857
2.688000,6.028416,0.129637
2.688000,4.150405,-0.103597
2.688000,2.700888,-0.004655
2.688000,2.834131,0.020375
2.688000,8.987261,0.101218
2.688000,3.431218,-0.069629
2.688000,2.686836,-0.001346
2.688000,3.058220,0.041842
2.688000,11.700780,-0.013011
2.688000,2.998507,-0.036535
2.688000,2.686707,0.001771
2.688000,3.489055,0.073213
2.688000,8.602226,-0.107507
2.688000,2.821846,-0.019069
2.688000,2.702914,0.004983
2.688000,4.234946,0.106346
2.688000,5.846381,-0.129408
2.688000,2.745913,-0.010290
2.688000,2.769940,0.013145
2.688000,6.755859,0.127597
2.688000,3.885942,-0.093506
2.688000,2.694435,-0.003620
2.688000,2.871636,0.024282
2.688000,10.021254,0.080551
2.688000,3.295577,-0.060508
2.688000,2.687325,-0.000320
2.688000,3.206814,0.053956
2.688000,10.756690,-0.061009
2.688000,2.906207,-0.027768
2.688000,2.689920,0.002833
2.688000,3.694717,0.084594
2.688000,7.496282,-0.121705
2.688000,2.789796,-0.015488
2.688000,2.723114,0.007555
2.688000,4.990916,0.122895
2.688000,4.809334,-0.120052
2.688000,2.718218,-0.006960
2.688000,2.794281,0.016010
2.688000,7.659609,0.119986
2.688000,3.659494,-0.082786
2.688000,2.689067,-0.002688
2.688000,2.912192,0.028362
2.688000,10.861931,0.057661
2.688000,3.193869,-0.052960
2.688000,2.687147,0.000393
2.688000,3.302820,0.061023
2.688000,9.962064,-0.081910
2.688000,2.869214,-0.024037
2.688000,2.694353,0.003629
2.688000,3.885800,0.093500
2.688000,6.756303,-0.127595
2.688000,2.769925,-0.013149
2.688000,2.745121,0.010201
2.688000,5.817352,0.129340
2.688000,4.249316,-0.106792
2.688000,2.703239,-0.005041
2.688000,2.819189,0.018786
2.688000,8.516475,0.108814
2.688000,3.502696,-0.074033
2.688000,2.686680,-0.001870
2.688000,2.984620,0.035262
2.688000,11.642676,0.019660
2.688000,3.075211,-0.043305
2.688000,2.686838,0.001222
2.688000,3.413735,0.068512
2.688000,9.110529,-0.099057
2.688000,2.838203,-0.020807
2.688000,2.699950,0.004515
2.688000,4.113239,0.102320
2.688000,6.115064,-0.129632
2.688000,2.753057,-0.011130
2.688000,2.764695,0.012512
2.688000,6.555784,0.128578
2.688000,3.949196,-0.096140
2.688000,2.696038,-0.003864
2.688000,2.864161,0.023510
2.688000,9.833471,0.084776
2.688000,3.318739,-0.062139
2.688000,2.687385,-0.000480
2.688000,3.185821,0.052333
2.688000,10.926606,-0.055502
2.688000,2.916100,-0.028742
2.688000,2.689271,0.002683
2.688000,3.662208,0.082926
2.688000,7.646732,-0.120126
2.688000,2.793959,-0.015965
2.688000,2.719540,0.007114
2.688000,4.857202,0.120862
2.688000,4.940092,-0.122161
2.688000,2.721775,-0.007386
2.688000,2.791887,0.015724
2.688000,7.571454,0.120931
2.688000,3.678259,-0.083755
2.688000,2.689655,-0.002750
2.688000,2.913212,0.028457
2.688000,10.878700,0.057108
2.688000,3.191804,-0.052798
2.688000,2.687472,0.000446
2.688000,3.315526,0.061914
2.688000,9.859337,-0.084209
2.688000,2.865179,-0.023614
2.688000,2.696098,0.003863
2.688000,3.950148,0.096178
2.688000,6.552927,-0.128590
2.688000,2.764634,-0.012501
2.688000,2.753555,0.011186
2.688000,6.133399,0.129621
2.688000,4.105612,-0.102053
2.688000,2.699793,-0.004482
2.688000,2.840134,0.021009
2.688000,9.167820,0.098027
2.688000,3.405764,-0.067996
2.688000,2.686912,-0.001157
2.688000,3.085346,0.044167
2.688000,11.598763,-0.023470
2.688000,2.976868,-0.034545
2.688000,2.686785,0.001940
2.688000,3.514330,0.074723
2.688000,8.444887,-0.109880
2.688000,2.817012,-0.018549
2.688000,2.704097,0.005157
2.688000,4.281852,0.107780
2.688000,5.753556,-0.129157
2.688000,2.743442,-0.009999
2.688000,2.771729,0.013361
2.688000,6.823923,0.127199
2.688000,3.865737,-0.092633
2.688000,2.693918,-0.003543
2.688000,2.873932,0.024518
2.688000,10.076995,0.079248
2.688000,3.288778,-0.060024
2.688000,2.687285,-0.000276
2.688000,3.212249,0.054371
2.688000,10.712040,-0.062376
2.688000,2.903765,-0.027526
2.688000,2.690051,0.002866
2.688000,3.701792,0.084951
2.688000,7.464595,-0.122023
2.688000,2.788921,-0.015388
2.688000,2.723796,0.007640
2.688000,5.016597,0.123249
2.688000,4.785947,-0.119640
2.688000,2.717577,-0.006884
2.688000,2.794605,0.016050
2.688000,7.671703,0.119853
2.688000,3.656963,-0.082655
2.688000,2.688963,-0.002683
2.688000,2.911282,0.028274
2.688000,10.846519,0.058163
2.688000,3.195772,-0.053108
2.688000,2.687065,0.000370
2.688000,3.298197,0.060696
2.688000,9.999713,-0.081048
2.688000,2.870728,-0.024195
2.688000,2.693843,0.003558
2.688000,3.866669,0.092674
2.688000,6.820703,-0.127219
2.688000,2.771611,-0.013354
2.688000,2.742602,0.009905
2.688000,5.722909,0.129053
2.688000,4.297954,-0.108258
2.688000,2.704466,-0.005220
2.688000,2.814234,0.018252
2.688000,8.353529,0.111205
2.688000,3.529499,-0.075615
2.688000,2.686785,-0.002047
2.688000,2.962440,0.033198
2.688000,11.493716,0.030734
2.688000,3.105550,-0.045866
2.688000,2.686853,0.001002
2.688000,3.383030,0.066508
2.688000,9.334654,-0.094934
2.688000,2.845829,-0.021611
2.688000,2.698242,0.004259
2.688000,4.045528,0.099880
2.688000,6.284660,-0.129421
2.688000,2.757506,-0.011665
2.688000,2.759533,0.011906
2.688000,6.361475,0.129243
2.688000,4.016850,-0.098800
2.688000,2.697556,-0.004145
2.688000,2.850276,0.022076
2.688000,9.460848,0.092498
2.688000,3.366292,-0.065394
2.688000,2.686941,-0.000872
2.688000,3.124749,0.047453
2.688000,11.376089,-0.037234
2.688000,2.949898,-0.032012
2.688000,2.687094,0.002176
2.688000,3.553068,0.076976
2.688000,8.216188,-0.113124
2.688000,2.810161,-0.017803
2.688000,2.706529,0.005491
2.688000,4.375118,0.110447
2.688000,5.584134,-0.128444
2.688000,2.738944,-0.009463
2.688000,2.775520,0.013811
2.688000,6.966790,0.126262
2.688000,3.825286,-0.090838
2.688000,2.692953,-0.003378
2.688000,2.880805,0.025218
2.688000,10.237651,0.075354
2.688000,3.269337,-0.058621
2.688000,2.687338,-0.000130
2.688000,3.233318,0.055963
2.688000,10.537542,-0.067449
2.688000,2.894760,-0.026627
2.688000,2.691100,0.003057
2.688000,3.747052,0.087182
2.688000,7.270483,-0.123847
2.688000,2.783652,-0.014772
2.688000,2.729503,0.008331
2.688000,5.229762,0.125760
2.688000,4.610129,-0.116179
2.688000,2.712814,-0.006299
2.688000,2.799427,0.016606
2.688000,7.844650,0.117872
2.688000,3.621942,-0.080798
2.688000,2.688140,-0.002535
2.688000,2.918088,0.028945
2.688000,10.959266,0.054381
2.688000,3.181686,-0.052014
2.688000,2.686877,0.000450
2.688000,3.306279,0.061269
2.688000,9.933829,-0.082549
2.688000,2.868052,-0.023924
2.688000,2.693762,0.003568
2.688000,3.866828,0.092682
2.688000,6.820134,-0.127222
2.688000,2.771567,-0.013355
2.688000,2.741801,0.009815
2.688000,5.693621,0.128943
2.688000,4.313645,-0.108716
2.688000,2.704834,-0.005282
2.688000,2.811789,0.017989
2.688000,8.272376,0.112350
2.688000,3.543302,-0.076417
2.688000,2.686807,-0.002141
2.688000,2.950042,0.032027
2.688000,11.377705,0.037153
2.688000,3.124492,-0.047433
2.688000,2.686760,0.000852
2.688000,3.360590,0.065012
2.688000,9.504363,-0.091638
2.688000,2.851808,-0.022241
2.688000,2.696586,0.004020
2.688000,3.981699,0.097439
2.688000,6.459989,-0.128944
2.688000,2.762080,-0.012221
2.688000,2.753283,0.011175
2.688000,6.126633,0.129626
2.688000,4.108394,-0.102152
2.688000,2.699661,-0.004516
2.688000,2.833543,0.020323
2.688000,8.970808,0.101502
2.688000,3.433566,-0.069781
2.688000,2.686511,-0.001401
2.688000,3.045550,0.040741
2.688000,11.729638,-0.007844
2.688000,3.009620,-0.037545
2.688000,2.686396,0.001652
2.688000,3.467083,0.071875
2.688000,8.744231,-0.105269
2.688000,2.826245,-0.019550
2.688000,2.700646,0.004686
2.688000,4.150854,0.103615
2.688000,6.027321,-0.129638
2.688000,2.750626,-0.010867
2.688000,2.763532,0.012402
2.688000,6.516389,0.128738
2.688000,3.962351,-0.096672
2.688000,2.696028,-0.003954
2.688000,2.851926,0.022257
2.688000,9.508207,0.091562
2.688000,3.360080,-0.064979
2.688000,2.686607,-0.000867
2.688000,3.120041,0.047068
2.688000,11.406231,-0.035681
2.688000,2.952847,-0.032295
2.688000,2.686526,0.002087
2.688000,3.530911,0.075700
2.688000,8.345029,-0.111327
2.688000,2.813927,-0.018229
2.688000,2.703142,0.005069
2.688000,4.251895,0.106873
2.688000,5.812153,-0.129327
2.688000,2.744893,-0.010195
2.688000,2.767404,0.012873
2.688000,6.664903,0.128080
2.688000,3.913911,-0.094692
2.688000,2.694733,-0.003776
2.688000,2.855459,0.022630
2.688000,9.606016,0.089588
2.688000,3.347425,-0.064123
2.688000,2.686436,-0.000796
2.688000,3.126943,0.047637
2.688000,11.361559,-0.037961
2.688000,2.948480,-0.031883
2.688000,2.686322,0.002095
2.688000,3.528692,0.075572
2.688000,8.358138,-0.111140
2.688000,2.814285,-0.018276
2.688000,2.702045,0.004938
2.688000,4.213120,0.105660
2.688000,5.891393,-0.129498
2.688000,2.746939,-0.010450
2.688000,2.764030,0.012485
2.688000,6.539262,0.128648
2.688000,3.954633,-0.096364
2.688000,2.695568,-0.003955
2.688000,2.844565,0.021501
2.688000,9.301363,0.095564
2.688000,3.387461,-0.066807
2.688000,2.686059,-0.001127
2.688000,3.075717,0.043354
2.688000,11.640509,-0.019867
2.688000,2.984152,-0.035227
2.688000,2.685692,0.001757
2.688000,3.470246,0.072075
2.688000,8.723155,-0.105608
2.688000,2.825460,-0.019491
2.688000,2.697574,0.004333
2.688000,4.045076,0.099868
2.688000,6.285650,-0.129421
2.688000,2.757249,-0.011699
2.688000,2.751283,0.010988
2.688000,6.059291,0.129646
2.688000,4.136868,-0.103142
2.688000,2.699906,-0.004678
2.688000,2.815754,0.018448
2.688000,8.408846,0.110408
2.688000,3.520210,-0.075077
2.688000,2.685931,-0.002082
2.688000,2.944140,0.031473
2.688000,11.314140,0.040243
2.688000,3.133992,-0.048214
2.688000,2.686152,0.000712
2.688000,3.330888,0.062992
2.688000,9.735939,-0.086880
2.688000,2.860272,-0.023137
2.688000,2.692907,0.003526
2.688000,3.846093,0.091774
2.688000,6.891997,-0.126771
2.688000,2.773356,-0.013594
2.688000,2.736228,0.009172
2.688000,5.487483,0.127881
2.688000,4.433300,-0.111995
2.688000,2.707849,-0.005720
2.688000,2.800049,0.016710
2.688000,7.872186,0.117545
2.688000,3.616500,-0.080510
2.688000,2.687334,-0.002592
2.688000,2.897730,0.026951
2.688000,10.599444,0.065697
2.688000,3.225793,-0.055410
2.688000,2.685843,0.000008
2.688000,3.228142,0.055586
2.688000,10.579943,-0.066254
2.688000,2.896740,-0.026852
2.688000,2.687414,0.002608
2.688000,3.620235,0.080711
2.688000,7.853075,-0.117773
2.688000,2.799508,-0.016649
2.688000,2.708277,0.005773
2.688000,4.449040,0.112398
2.688000,5.462444,-0.127716
2.688000,2.735566,-0.009092
2.688000,2.774030,0.013673
2.688000,6.917215,0.126604
2.688000,3.838984,-0.091457
2.688000,2.692746,-0.003496
2.688000,2.861730,0.023288
2.688000,9.774137,0.086064
2.688000,3.326086,-0.062659
2.688000,2.686181,-0.000674
2.688000,3.139667,0.048675
2.688000,11.274874,-0.042039
2.688000,2.940762,-0.031150
2.688000,2.686040,0.002119
2.688000,3.527387,0.075498
2.688000,8.365800,-0.111030
2.688000,2.814464,-0.018306
2.688000,2.700565,0.004765
2.688000,4.161267,0.103967
2.688000,6.003719,-0.129628
2.688000,2.749832,-0.010812
2.688000,2.759115,0.011918
2.688000,6.355834,0.129259
2.688000,4.018844,-0.098881
2.688000,2.696955,-0.004228
2.688000,2.829792,0.019951
2.688000,8.858987,0.103392
2.688000,3.449842,-0.070811
2.688000,2.685709,-0.001611
2.688000,3.004236,0.037064
2.688000,11.717656,0.010312
2.688000,3.051512,-0.041266
2.688000,2.685933,0.001289
2.688000,3.408262,0.068165
2.688000,9.149363,-0.098362
2.688000,2.839369,-0.020957
2.688000,2.696115,0.004058
2.688000,3.979240,0.097346
2.688000,6.466946,-0.128921
2.688000,2.762101,-0.012260
2.688000,2.748386,0.010627
2.688000,5.946893,0.129578
2.688000,4.187067,-0.104819
2.688000,2.701335,-0.004847
2.688000,2.815416,0.018401
2.688000,8.396087,0.110593
2.688000,3.522345,-0.075201
2.688000,2.686205,-0.002065
2.688000,2.950792,0.032103
2.688000,11.385694,0.036747
2.688000,3.123242,-0.047333
2.688000,2.686383,0.000817
2.688000,3.349430,0.064260
2.688000,9.590386,-0.089907
2.688000,2.854879,-0.022571
2.688000,2.694665,0.003773
2.688000,3.912244,0.094622
2.688000,6.670203,-0.128054
2.688000,2.767535,-0.012891
2.688000,2.744457,0.010145
2.688000,5.795977,0.129284
2.688000,4.260045,-0.107122
2.688000,2.703338,-0.005100
2.688000,2.812798,0.018108
2.688000,8.307570,0.111858
2.688000,3.537259,-0.076069
2.688000,2.686543,-0.002130
2.688000,2.947388,0.031777
2.688000,11.349765,0.038541
2.688000,3.128729,-0.047782
2.688000,2.686564,0.000798
2.688000,3.349816,0.064285
2.688000,9.587473,-0.089966
2.688000,2.854795,-0.022558
2.688000,2.695294,0.003847
2.688000,3.933944,0.095521
2.688000,6.602190,-0.128378
2.688000,2.765777,-0.012673
2.688000,2.747583,0.010509
2.688000,5.912853,0.129532
2.688000,4.202963,-0.105333
2.688000,2.701931,-0.004884
2.688000,2.819755,0.018856
2.688000,8.536277,0.108516
2.688000,3.499501,-0.073843
2.688000,2.686432,-0.001877
2.688000,2.979754,0.034815
2.688000,11.616195,0.022037
2.688000,3.081486,-0.043842
2.688000,2.686646,0.001153
2.688000,3.400922,0.067684
2.688000,9.202793,-0.097391
2.688000,2.841277,-0.021137
2.688000,2.698493,0.004322
2.688000,4.059262,0.100388
2.688000,6.248934,-0.129487
2.688000,2.756528,-0.011557
2.688000,2.759432,0.011902
2.688000,6.359018,0.129249
2.688000,4.017740,-0.098835
2.688000,2.697490,-0.004159
2.688000,2.847439,0.021783
2.688000,9.381245,0.094045
2.688000,3.376800,-0.066096
2.688000,2.686746,-0.000970
2.688000,3.108199,0.046087
2.688000,11.478396,-0.031656
2.688000,2.960634,-0.033029
2.688000,2.686647,0.002044
2.688000,3.526770,0.075457
2.688000,8.369735,-0.110973
2.688000,2.814698,-0.018307
2.688000,2.703692,0.005127
2.688000,4.270292,0.107433
2.688000,5.775900,-0.129227
2.688000,2.743974,-0.010076
2.688000,2.769454,0.013106
2.688000,6.740639,0.127682
2.688000,3.890522,-0.093703
2.688000,2.694303,-0.003667
2.688000,2.863347,0.023441
2.688000,9.814316,0.085195
2.688000,3.321093,-0.062308
2.688000,2.686773,-0.000568
2.688000,3.163696,0.050597
2.688000,11.099029,-0.049293
2.688000,2.927351,-0.029849
2.688000,2.687481,0.002389
2.688000,3.589900,0.079049
2.688000,8.012093,-0.115814
2.688000,2.804185,-0.017146
2.688000,2.708977,0.005819
2.688000,4.468422,0.112885
2.688000,5.432264,-0.127504
2.688000,2.734886,-0.008982
2.688000,2.778393,0.014157
2.688000,7.075425,0.125462
2.688000,3.796156,-0.089506
2.688000,2.692186,-0.003268
2.688000,2.883532,0.025498
2.688000,10.299392,0.073799
2.688000,3.261899,-0.058080
2.688000,2.687198,-0.000093
2.688000,3.236175,0.056178
2.688000,10.513701,-0.068112
2.688000,2.893573,-0.026510
2.688000,2.690904,0.003043
2.688000,3.741677,0.086922
2.688000,7.292766,-0.123648
2.688000,2.784233,-0.014844
2.688000,2.728279,0.008187
2.688000,5.184586,0.125289
2.688000,4.644872,-0.116916
2.688000,2.713733,-0.006418
2.688000,2.797711,0.016414
2.688000,7.784321,0.118580
2.688000,3.633918,-0.081440
2.688000,2.688311,-0.002599
2.688000,2.912240,0.028372
2.688000,10.863273,0.057617
2.688000,3.193684,-0.052949
2.688000,2.686780,0.000351
2.688000,3.290996,0.060186
2.688000,10.058543,-0.079682
2.688000,2.873110,-0.024445
2.688000,2.692627,0.003397
2.688000,3.822541,0.090716
2.688000,6.976727,-0.126193
2.688000,2.775702,-0.013851
2.688000,2.736284,0.009161
2.688000,5.486621,0.127875
2.688000,4.433856,-0.112009
2.688000,2.707981,-0.005708
2.688000,2.803632,0.017094
2.688000,7.994522,0.116037
2.688000,3.593165,-0.079231
2.688000,2.687314,-0.002431
2.688000,2.918998,0.029040
2.688000,10.974174,0.053861
2.688000,3.179780,-0.051868
2.688000,2.686480,0.000417
2.688000,3.295200,0.060488
2.688000,10.023955,-0.080489
2.688000,2.871652,-0.024302
2.688000,2.692001,0.003335
2.688000,3.802744,0.089813
2.688000,7.050290,-0.125655
2.688000,2.777617,-0.014088
2.688000,2.732684,0.008738
2.688000,5.352897,0.126891
2.688000,4.521375,-0.114173
2.688000,2.710277,-0.006015
2.688000,2.798209,0.016494
2.688000,7.805833,0.118331
2.688000,3.629582,-0.081212
2.688000,2.687759,-0.002633
2.688000,2.898891,0.027062
2.688000,10.621666,0.065055
2.688000,3.223126,-0.055206
2.688000,2.686069,0.000054
2.688000,3.238191,0.056338
2.688000,10.496421,-0.068590
2.688000,2.892622,-0.026436
2.688000,2.688309,0.002745
2.688000,3.654854,0.082549
2.688000,7.681602,-0.119745
2.688000,2.794733,-0.016097
2.688000,2.713238,0.006383
2.688000,4.630719,0.116620
2.688000,5.202763,-0.125483
2.688000,2.728675,-0.008256
2.688000,2.781119,0.014502
2.688000,7.181077,0.124616
2.688000,3.769042,-0.088238
2.688000,2.691186,-0.003198
2.688000,2.877130,0.024862
2.688000,10.154891,0.077387
2.688000,3.279283,-0.059348
2.688000,2.686481,-0.000302
2.688000,3.195589,0.053099
2.688000,10.847760,-0.058124
2.688000,2.911305,-0.028285
2.688000,2.687755,0.002540
2.688000,3.616199,0.080490
2.688000,7.873896,-0.117523
2.688000,2.800193,-0.016706
2.688000,2.710472,0.006022
2.688000,4.526005,0.114282
2.688000,5.346196,-0.126835
2.688000,2.732556,-0.008711
2.688000,2.779299,0.014273
2.688000,7.110898,0.125186
2.688000,3.786918,-0.089078
2.688000,2.691822,-0.003247
2.688000,2.880621,0.025208
2.688000,10.234490,0.075433
2.688000,3.269694,-0.058651
2.688000,2.686901,-0.000184
2.688000,3.218772,0.054870
2.688000,10.658065,-0.063989
2.688000,2.900859,-0.027244
2.688000,2.689468,0.002820
2.688000,3.685197,0.084113
2.688000,7.539404,-0.121265
2.688000,2.790919,-0.015631
2.688000,2.720233,0.007216
2.688000,4.885723,0.121324
2.688000,4.910843,-0.121718
2.688000,2.720911,-0.007299
2.688000,2.790315,0.015561
2.688000,7.517349,0.121492
2.688000,3.690038,-0.084359
2.688000,2.689589,-0.002839
2.688000,2.900140,0.027172
2.688000,10.644265,0.064395
2.688000,3.220441,-0.054997
2.688000,2.686925,0.000175
2.688000,3.268793,0.058585
2.688000,10.241977,-0.075246
2.688000,2.880952,-0.025242
2.688000,2.691838,0.003246
2.688000,3.787098,0.089086
2.688000,7.110204,-0.125191
2.688000,2.779284,-0.014271
2.688000,2.732676,0.008724
2.688000,5.350570,0.126871
2.688000,4.522989,-0.114210
2.688000,2.710395,-0.006012
2.688000,2.800430,0.016732
2.688000,7.882136,0.117424
2.688000,3.614598,-0.080403
2.688000,2.687739,-0.002531
2.688000,2.912316,0.028384
2.688000,10.864957,0.057562
2.688000,3.193462,-0.052934
2.688000,2.686504,0.000320
2.688000,3.282192,0.059557
2.688000,10.130875,-0.077966
2.688000,2.876111,-0.024758
2.688000,2.691397,0.003231
2.688000,3.777321,0.088629
2.688000,7.148295,-0.124886
2.688000,2.780242,-0.014398
2.688000,2.729765,0.008386
2.688000,5.243438,0.125898
2.688000,4.599827,-0.115956
2.688000,2.712403,-0.006279
2.688000,2.795728,0.016211
2.688000,7.717255,0.119347
2.688000,3.647491,-0.082163
2.688000,2.688152,-0.002712
2.688000,2.894544,0.026628
2.688000,10.535588,0.067505
2.688000,3.233488,-0.055986
2.688000,2.686078,-0.000019
2.688000,3.228112,0.055582
2.688000,10.580291,-0.066244
2.688000,2.896780,-0.026852
2.688000,2.687956,0.002672
2.688000,3.638453,0.081685
2.688000,7.761625,-0.118843
2.688000,2.796969,-0.016352
2.688000,2.711343,0.006147
2.688000,4.560676,0.115084
2.688000,5.296916,-0.126405
2.688000,2.731193,-0.008558
2.688000,2.779003,0.014251
2.688000,7.101996,0.125257
2.688000,3.789203,-0.089186
2.688000,2.691685,-0.003279
2.688000,2.874207,0.024563
2.688000,10.085619,0.079045
2.688000,3.287686,-0.059952
2.688000,2.686507,-0.000360
2.688000,3.188093,0.052517
2.688000,10.908108,-0.056129
2.688000,2.914898,-0.028638
2.688000,2.687589,0.002494
2.688000,3.606793,0.079979
2.688000,7.922598,-0.116932
2.688000,2.801581,-0.016862
2.688000,2.709551,0.005905
2.688000,4.491738,0.113461
2.688000,5.396746,-0.127240
2.688000,2.733904,-0.008872
2.688000,2.778144,0.014137
2.688000,7.067698,0.125522
2.688000,3.798171,-0.089601
2.688000,2.692093,-0.003293
2.688000,2.878751,0.025018
2.688000,10.191569,0.076493
2.688000,3.274872,-0.059026
2.688000,2.686901,-0.000221
2.688000,3.213614,0.054478
2.688000,10.700637,-0.062721
2.688000,2.903117,-0.027468
2.688000,2.689266,0.002779
2.688000,3.675936,0.083639
2.688000,7.582103,-0.120820
2.688000,2.792096,-0.015767
2.688000,2.719126,0.007081
2.688000,4.844542,0.120652
2.688000,4.953298,-0.122357
2.688000,2.722061,-0.007437
2.688000,2.789474,0.015461
2.688000,7.486257,0.121807
2.688000,3.696932,-0.084708
2.688000,2.689786,-0.002864
2.688000,2.899933,0.027150
2.688000,10.640157,0.064515
2.688000,3.220941,-0.055034
2.688000,2.687004,0.000180
2.688000,3.270858,0.058735
2.688000,10.224878,-0.075672
2.688000,2.880210,-0.025165
2.688000,2.692154,0.003289
2.688000,3.798661,0.089623
2.688000,7.065849,-0.125536
2.688000,2.778109,-0.014129
2.688000,2.734387,0.008928
2.688000,5.414419,0.127374
2.688000,4.480059,-0.113174
2.688000,2.709255,-0.005863
2.688000,2.802629,0.016977
2.688000,7.958754,0.116485
2.688000,3.599909,-0.079602
2.688000,2.687532,-0.002453
2.688000,2.919568,0.029094
2.688000,10.982951,0.053553
2.688000,3.178673,-0.051780
2.688000,2.686607,0.000440
2.688000,3.300489,0.060862
2.688000,9.980808,-0.081483
2.688000,2.869909,-0.024121
2.688000,2.692649,0.003424
2.688000,3.826780,0.090908
2.688000,6.961237,-0.126302
2.688000,2.775265,-0.013805
2.688000,2.736040,0.009136
2.688000,5.478241,0.127821
2.688000,4.439091,-0.112144
2.688000,2.708090,-0.005730
2.688000,2.802407,0.016962
2.688000,7.952645,0.116561
2.688000,3.601052,-0.079666
2.688000,2.687340,-0.002483
2.688000,2.912423,0.028398
2.688000,10.867030,0.057494
2.688000,3.193196,-0.052915
2.688000,2.686313,0.000300
2.688000,3.276195,0.059127
2.688000,10.180351,-0.076768
2.688000,2.878204,-0.024975
2.688000,2.690579,0.003119
2.688000,3.747246,0.087196
2.688000,7.269497,-0.123857
2.688000,2.783477,-0.014784
2.688000,2.725358,0.007859
2.688000,5.079614,0.124070
2.688000,4.730667,-0.118623
2.688000,2.715932,-0.006718
2.688000,2.791519,0.015729
2.688000,7.565868,0.120991
2.688000,3.679398,-0.083820
2.688000,2.688828,-0.002854
2.688000,2.886074,0.025778
2.688000,10.358009,0.072291
2.688000,3.254796,-0.057568
2.688000,2.686010,-0.000181
2.688000,3.204630,0.053799
2.688000,10.774026,-0.060472
2.688000,2.907055,-0.027873
2.688000,2.687037,0.002487
2.688000,3.596567,0.079421
2.688000,7.976274,-0.116267
2.688000,2.803036,-0.017043
2.688000,2.706309,0.005519
2.688000,4.375555,0.110461
2.688000,5.583324,-0.128441
2.688000,2.738778,-0.009476
2.688000,2.771244,0.013343
2.688000,6.812222,0.127271
2.688000,3.869115,-0.092784
2.688000,2.693480,-0.003617
2.688000,2.857141,0.022813
2.688000,9.652508,0.088631
2.688000,3.341462,-0.063718
2.688000,2.686155,-0.000787
2.688000,3.123714,0.047374
2.688000,11.382578,-0.036906
2.688000,2.950473,-0.032076
2.688000,2.685853,0.002025
2.688000,3.510917,0.074529
2.688000,8.465366,-0.109579
2.688000,2.817468,-0.018634
2.688000,2.699353,0.004601
2.688000,4.115721,0.102412
2.688000,6.108948,-0.129637
2.688000,2.752587,-0.011145
2.688000,2.755814,0.011529
2.688000,6.231417,0.129517
2.688000,4.066032,-0.100640
2.688000,2.698090,-0.004414
2.688000,2.822696,0.019196
2.688000,8.635032,0.107000
2.688000,3.483849,-0.072905
2.688000,2.685719,-0.001850
2.688000,2.971999,0.034100
2.688000,11.567131,0.025873
2.688000,3.091857,-0.044724
2.688000,2.686118,0.001015
2.688000,3.372828,0.065837
2.688000,9.410888,-0.093474
2.688000,2.848395,-0.021901
2.688000,2.695023,0.003863
2.688000,3.931667,0.095429
2.688000,6.609157,-0.128347
2.688000,2.765881,-0.012704
2.688000,2.745069,0.010226
2.688000,5.820495,0.129349
2.688000,4.247712,-0.106745
2.688000,2.702951,-0.005063
2.688000,2.811729,0.017997
2.688000,8.272678,0.112346
2.688000,3.543226,-0.076415
2.688000,2.686456,-0.002182
2.688000,2.938960,0.030974
2.688000,11.252940,0.043009
2.688000,3.142786,-0.048925
2.688000,2.686406,0.000677
2.688000,3.330294,0.062949
2.688000,9.740769,-0.086777
2.688000,2.860486,-0.023153
2.688000,2.693680,0.003615
2.688000,3.872297,0.092921
2.688000,6.801456,-0.127335
2.688000,2.771000,-0.013304
2.688000,2.740298,0.009650
2.688000,5.639289,0.128714
2.688000,4.343565,-0.109573
2.688000,2.705518,-0.005400
2.688000,2.806635,0.017434
2.688000,8.099225,0.114691
2.688000,3.573865,-0.078158
2.688000,2.686885,-0.002346
2.688000,2.923618,0.029492
2.688000,11.045084,0.051317
2.688000,3.170704,-0.051155
2.688000,2.686368,0.000470
2.688000,3.300716,0.060880
2.688000,9.978846,-0.081528
2.688000,2.869803,-0.024115
2.688000,2.691968,0.003345
2.688000,3.803651,0.089855
2.688000,7.046848,-0.125681
2.688000,2.777508,-0.014079
2.688000,2.732315,0.008697
2.688000,5.339595,0.126780
2.688000,4.530560,-0.114389
2.688000,2.710506,-0.006048
2.688000,2.797295,0.016394
2.688000,7.773939,0.118701
2.688000,3.635962,-0.081553
2.688000,2.687817,-0.002671
2.688000,2.894743,0.026651
2.688000,10.539859,0.067386
2.688000,3.232968,-0.055948
2.688000,2.685943,-0.000032
2.688000,3.224242,0.055292
2.688000,10.612358,-0.065324
2.688000,2.898400,-0.027016
2.688000,2.687511,0.002608
2.688000,3.621747,0.080792
2.688000,7.845398,-0.117865
2.688000,2.799306,-0.016623
2.688000,2.708860,0.005842
2.688000,4.469904,0.112923
2.688000,5.429938,-0.127488
2.688000,2.734716,-0.008987
2.688000,2.775225,0.013811
2.688000,6.961477,0.126300
2.688000,3.826700,-0.090906
2.688000,2.692503,-0.003441
2.688000,2.865375,0.023661
2.688000,9.867850,0.084022
2.688000,3.314404,-0.061845
2.688000,2.686304,-0.000575
2.688000,3.155137,0.049919
2.688000,11.163180,-0.046776
2.688000,2.931952,-0.030301
2.688000,2.686468,0.002235
2.688000,3.551050,0.076865
2.688000,8.227493,-0.112971
2.688000,2.810375,-0.017852
2.688000,2.703092,0.005090
2.688000,4.254190,0.106944
2.688000,5.807552,-0.129316
2.688000,2.744711,-0.010187
2.688000,2.765741,0.012691
2.688000,6.604520,0.128368
2.688000,3.933162,-0.095491
2.688000,2.695013,-0.003874
2.688000,2.846733,0.021729
2.688000,9.363900,0.094378
2.688000,3.379068,-0.066253
2.688000,2.686025,-0.001071
2.688000,3.082784,0.043957
2.688000,11.610300,-0.022534
2.688000,2.978712,-0.034725
2.688000,2.685617,0.001789
2.688000,3.473453,0.072272
2.688000,8.702173,-0.105943
2.688000,2.824786,-0.019422
2.688000,2.697331,0.004310
2.688000,4.037404,0.099582
2.688000,6.305887,-0.129379
2.688000,2.757761,-0.011765
2.688000,2.750106,0.010853
2.688000,6.015464,0.129635
2.688000,4.156036,-0.103793
2.688000,2.700357,-0.004754
2.688000,2.812676,0.018118
2.688000,8.307162,0.111864
2.688000,3.537289,-0.076075
2.688000,2.685979,-0.002196
2.688000,2.929455,0.030064
2.688000,11.129436,0.048117
2.688000,3.159639,-0.050281
2.688000,2.685989,0.000506
2.688000,3.299512,0.060798
2.688000,9.988492,-0.081308
2.688000,2.870151,-0.024159
2.688000,2.690811,0.003206
2.688000,3.763857,0.087994
2.688000,7.201748,-0.124443
2.688000,2.781603,-0.014575
2.688000,2.726007,0.007948
2.688000,5.105397,0.124387
2.688000,4.708885,-0.118205
2.688000,2.715291,-0.006651
2.688000,2.790544,0.015628
2.688000,7.532435,0.121339
2.688000,3.686663,-0.084193
2.688000,2.688782,-0.002910
2.688000,2.877862,0.024954
2.688000,10.174072,0.076922
2.688000,3.276917,-0.059184
2.688000,2.685634,-0.000385
2.688000,3.170468,0.051142
2.688000,11.046637,-0.051261
2.688000,2.923665,-0.029507
2.688000,2.685501,0.002183
2.688000,3.527396,0.075502
2.688000,8.365522,-0.111035
2.688000,2.814353,-0.018315
2.688000,2.697779,0.004440
2.688000,4.064579,0.100589
2.688000,6.235043,-0.129512
2.688000,2.755789,-0.011554
2.688000,2.748972,0.010741
2.688000,5.976319,0.129610
2.688000,4.173557,-0.104378
2.688000,2.700610,-0.004841
2.688000,2.804948,0.017291
2.688000,8.048262,0.115354
2.688000,3.583104,-0.078682
2.688000,2.686044,-0.002510
2.688000,2.888320,0.026024
2.688000,10.408579,0.070964
2.688000,3.248674,-0.057125
2.688000,2.684983,-0.000258
2.688000,3.177395,0.051693
2.688000,10.992382,-0.053221
2.688000,2.920043,-0.029164
2.688000,2.684369,0.002076
2.688000,3.493357,0.073491
2.688000,8.573989,-0.107945
2.688000,2.820556,-0.019018
2.688000,2.691861,0.003701
2.688000,3.853763,0.092122
2.688000,6.864688,-0.126950
2.688000,2.772222,-0.013552
2.688000,2.725387,0.007947
2.688000,5.094225,0.124254
2.688000,4.718182,-0.118388
2.688000,2.715172,-0.006724
2.688000,2.779040,0.014377
2.688000,7.123623,0.125090
2.688000,3.783462,-0.088932
2.688000,2.689729,-0.003468
2.688000,2.818176,0.018782
2.688000,8.499828,0.109069
2.688000,3.505192,-0.074203
2.688000,2.683920,-0.002212
2.688000,2.894591,0.026665
2.688000,10.539953,0.067385
2.688000,3.232870,-0.055954
2.688000,2.684281,-0.000227
2.688000,3.170335,0.051143
2.688000,11.047167,-0.051243
2.688000,2.923594,-0.029520
2.688000,2.682958,0.001883
2.688000,3.442574,0.070377
2.688000,8.907213,-0.102589
2.688000,2.830911,-0.020160
2.688000,2.684991,0.002814
2.688000,3.608923,0.080116
2.688000,7.910465,-0.117085
2.688000,2.800649,-0.016884
2.688000,2.693593,0.004053
2.688000,3.935165,0.095585
2.688000,6.597875,-0.128402
2.688000,2.765018,-0.012729
2.688000,2.729159,0.008432
2.688000,5.239903,0.125867
2.688000,4.602347,-0.116016
2.688000,2.711817,-0.006362
2.688000,2.775660,0.014033
2.688000,7.006243,0.125988
2.688000,3.814285,-0.090362
2.688000,2.689780,-0.003673
2.688000,2.791581,0.015935
2.688000,7.600897,0.120629
2.688000,3.671570,-0.083447
2.688000,2.685008,-0.003248
2.688000,2.773289,0.013977
2.688000,6.954639,0.126363
2.688000,3.828071,-0.091011
2.688000,2.687045,-0.004088
2.688000,2.693785,0.004932
2.688000,4.068694,0.100772
2.688000,6.223338,-0.129544
2.688000,2.753661,-0.011716
2.688000,2.696382,0.004733
2.688000,4.084066,0.101310
2.688000,6.185358,-0.129586
2.688000,2.753622,-0.011492
2.688000,2.725301,0.008078
2.688000,5.113538,0.124492
2.688000,4.701880,-0.118077
2.688000,2.714014,-0.006752
2.688000,2.757678,0.012030
2.688000,6.348486,0.129288
2.688000,4.021212,-0.098995
2.688000,2.694039,-0.004583
2.688000,2.737164,0.009879
2.688000,5.619794,0.128644
2.688000,4.353922,-0.109897
2.688000,2.701528,-0.005927
2.688000,2.675190,0.002624
2.688000,3.417516,0.068847
2.688000,9.078433,-0.099644
2.688000,2.835380,-0.020868
2.688000,2.653590,-0.000976
2.688000,2.576012,-0.009330
