init_r,r,ur
2.686900,3.244177,0.056777
2.686900,10.446900,-0.069936
2.686900,2.890319,-0.026189
2.686900,2.690562,0.003027
2.686900,3.733582,0.086529
2.686900,7.326674,-0.123341
2.686900,2.785109,-0.014956
2.686900,2.726085,0.007930
2.686900,5.103978,0.124369
2.686900,4.710099,-0.118228
2.686900,2.715458,-0.006640
2.686900,2.794613,0.016067
2.686900,7.674648,0.119821
2.686900,3.656325,-0.082624
2.686900,2.688646,-0.002715
2.686900,2.901871,0.027350
2.686900,10.677812,0.063404
2.686900,3.216365,-0.054690
2.686900,2.686573,0.000163
2.686900,3.261392,0.058048
2.686900,10.303335,-0.073699
2.686900,2.883645,-0.025522
2.686900,2.690554,0.003075
2.686900,3.740530,0.086869
2.686900,7.297434,-0.123607
2.686900,2.784270,-0.014869
2.686900,2.725606,0.007882
2.686900,5.087631,0.124169
2.686900,4.723855,-0.118493
2.686900,2.715784,-0.006691
2.686900,2.792824,0.015871
2.686900,7.611789,0.120505
2.686900,3.669550,-0.083312
2.686900,2.688754,-0.002795
2.686900,2.892913,0.026461
2.686900,10.502015,0.068436
2.686900,3.237530,-0.056287
2.686900,2.686267,-0.000026
2.686900,3.230210,0.055739
2.686900,10.562931,-0.066736
2.686900,2.895924,-0.026763
2.686900,2.688469,0.002739
2.686900,3.656710,0.082645
2.686900,7.672730,-0.119843
2.686900,2.794515,-0.016066
2.686900,2.714256,0.006502
2.686900,4.667260,0.117377
2.686900,5.156301,-0.124978
2.686900,2.727453,-0.008103
2.686900,2.782842,0.014699
2.686900,7.244190,0.124078
2.686900,3.753418,-0.087492
2.686900,2.690894,-0.003125
2.686900,2.882417,0.025396
2.686900,10.275741,0.074399
2.686900,3.264714,-0.058290
2.686900,2.686643,-0.000178
2.686900,3.215326,0.054611
2.686900,10.686417,-0.063147
2.686900,2.902334,-0.027395
2.686900,2.688762,0.002726
2.686900,3.659748,0.082802
2.686900,7.658281,-0.120001
2.686900,2.794168,-0.016014
2.686900,2.716148,0.006722
2.686900,4.735288,0.118710
2.686900,5.074235,-0.124002
2.686900,2.725293,-0.007833
2.686900,2.785996,0.015059
2.686900,7.359199,0.123040
2.686900,3.725931,-0.086154
2.686900,2.690403,-0.002992
2.686900,2.892429,0.026401
2.686900,10.490752,0.068745
2.686900,3.238917,-0.056385
2.686900,2.686934,0.000042
2.686900,3.250561,0.057249
2.686900,10.393704,-0.071355
2.686900,2.887818,-0.025936
2.686900,2.690948,0.003091
2.686900,3.749393,0.087297
2.686900,7.260757,-0.123933
2.686900,2.783331,-0.014747
2.686900,2.728148,0.008179
2.686900,5.180957,0.125250
2.686900,4.647710,-0.116975
2.686900,2.713769,-0.006432
2.686900,2.796389,0.016271
2.686900,7.738488,0.119106
2.686900,3.643172,-0.081932
2.686900,2.688343,-0.002659
2.686900,2.904617,0.027623
2.686900,10.728996,0.061862
2.686900,3.210149,-0.054217
2.686900,2.686536,0.000203
2.686900,3.266431,0.058416
2.686900,10.261419,-0.074760
2.686900,2.881770,-0.025333
2.686900,2.690700,0.003107
2.686900,3.747510,0.087207
2.686900,7.268448,-0.123866
2.686900,2.783481,-0.014777
2.686900,2.726302,0.007967
2.686900,5.113807,0.124487
2.686900,4.701901,-0.118068
2.686900,2.715182,-0.006619
2.686900,2.793172,0.015914
2.686900,7.624720,0.120366
2.686900,3.666799,-0.083170
2.686900,2.688652,-0.002787
2.686900,2.892286,0.026400
2.686900,10.489243,0.068787
2.686900,3.239060,-0.056401
2.686900,2.686199,-0.000045
2.686900,3.226471,0.055458
2.686900,10.593968,-0.065853
2.686900,2.897484,-0.026920
2.686900,2.688173,0.002692
2.686900,3.645050,0.082033
2.686900,7.729201,-0.119212
2.686900,2.796080,-0.016247
2.686900,2.712606,0.006300
2.686900,4.606607,0.116103
2.686900,5.234403,-0.125808
2.686900,2.729538,-0.008356
2.686900,2.780879,0.014469
2.686900,7.171397,0.124696
2.686900,3.771481,-0.088353
2.686900,2.691313,-0.003200
2.686900,2.878882,0.025038
2.686900,10.195299,0.076402
2.686900,3.274406,-0.058995
2.686900,2.686619,-0.000251
2.686900,3.204917,0.053816
2.686900,10.771923,-0.060537
2.686900,2.906991,-0.027857
2.686900,2.688343,0.002642
2.686900,3.640605,0.081796
2.686900,7.751133,-0.118962
2.686900,2.796755,-0.016311
2.686900,2.713818,0.006434
2.686900,4.649009,0.117002
2.686900,5.179308,-0.125232
2.686900,2.728115,-0.008172
2.686900,2.783693,0.014787
2.686900,7.273723,0.123818
2.686900,3.746255,-0.087145
2.686900,2.690918,-0.003072
2.686900,2.889797,0.026134
2.686900,10.435660,0.070238
2.686900,3.245532,-0.056876
2.686900,2.687020,0.000004
2.686900,3.246741,0.056966
2.686900,10.425584,-0.070508
2.686900,2.889321,-0.026086
2.686900,2.690976,0.003083
2.686900,3.748731,0.087265
2.686900,7.263498,-0.123909
2.686900,2.783417,-0.014754
2.686900,2.728416,0.008209
2.686900,5.190586,0.125354
2.686900,4.640180,-0.116818
2.686900,2.713578,-0.006405
2.686900,2.797004,0.016339
2.686900,7.760049,0.118860
2.686900,3.638798,-0.081700
2.686900,2.688300,-0.002634
2.686900,2.907345,0.027892
2.686900,10.778284,0.060338
2.686900,3.204139,-0.053756
2.686900,2.686611,0.000256
2.686900,3.274942,0.059034
2.686900,10.190856,-0.076511
2.686900,2.878690,-0.025018
2.686900,2.691320,0.003202
2.686900,3.771920,0.088374
2.686900,7.169654,-0.124711
2.686900,2.780831,-0.014464
2.686900,2.729560,0.008358
2.686900,5.235249,0.125816
2.686900,4.605971,-0.116090
2.686900,2.712587,-0.006298
2.686900,2.796062,0.016245
2.686900,7.728619,0.119219
2.686900,3.645169,-0.082040
2.686900,2.688171,-0.002693
2.686900,2.897300,0.026902
2.686900,10.590344,0.065957
2.686900,3.226907,-0.055491
2.686900,2.686191,0.000041
2.686900,3.238364,0.056350
2.686900,10.495038,-0.068628
2.686900,2.892566,-0.026428
2.686900,2.688606,0.002780
2.686900,3.664927,0.083073
2.686900,7.633563,-0.120270
2.686900,2.793416,-0.015942
2.686900,2.714926,0.006587
2.686900,4.692484,0.117883
2.686900,5.125212,-0.124622
2.686900,2.726608,-0.008004
2.686900,2.783216,0.014746
2.686900,7.258596,0.123953
2.686900,3.749901,-0.087323
2.686900,2.690759,-0.003116
2.686900,2.881403,0.025295
2.686900,10.253123,0.074968
2.686900,3.267430,-0.058489
2.686900,2.686540,-0.000210
2.686900,3.209285,0.054151
2.686900,10.736099,-0.061644
2.686900,2.905005,-0.027662
2.686900,2.688322,0.002654
2.686900,3.642039,0.081872
2.686900,7.744054,-0.119043
2.686900,2.796545,-0.016289
2.686900,2.713655,0.006417
2.686900,4.643435,0.116886
2.686900,5.186413,-0.125309
2.686900,2.728295,-0.008196
2.686900,2.783227,0.014734
2.686900,7.256879,0.123967
2.686900,3.750336,-0.087342
2.686900,2.690974,-0.003094
2.686900,2.887767,0.025931
2.686900,10.392584,0.071384
2.686900,3.250696,-0.057259
2.686900,2.686942,-0.000042
2.686900,3.239040,0.056394
2.686900,10.489732,-0.068773
2.686900,2.892381,-0.026396
2.686900,2.690428,0.002996
2.686900,3.726814,0.086197
2.686900,7.355427,-0.123075
2.686900,2.785895,-0.015047
2.686900,2.725432,0.007850
2.686900,5.079405,0.124067
2.686900,4.730864,-0.118626
2.686900,2.716029,-0.006708
2.686900,2.794308,0.016030
2.686900,7.663284,0.119946
2.686900,3.658700,-0.082747
2.686900,2.688740,-0.002721
2.686900,2.902623,0.027424
2.686900,10.691830,0.062985
2.686900,3.214670,-0.054561
2.686900,2.686644,0.000183
2.686900,3.265407,0.058341
2.686900,10.269976,-0.074545
2.686900,2.882161,-0.025370
2.686900,2.690931,0.003131
2.686900,3.754941,0.087565
2.686900,7.237973,-0.124132
2.686900,2.782674,-0.014679
2.686900,2.727641,0.008126
2.686900,5.163351,0.125057
2.686900,4.661628,-0.117262
2.686900,2.714103,-0.006483
2.686900,2.794666,0.016083
2.686900,7.678181,0.119782
2.686900,3.655575,-0.082586
2.686900,2.688442,-0.002734
2.686900,2.896112,0.026782
2.686900,10.566683,0.066630
2.686900,3.229759,-0.055705
2.686900,2.686262,0.000029
2.686900,3.237834,0.056309
2.686900,10.499484,-0.068506
2.686900,2.892789,-0.026449
2.686900,2.688755,0.002796
2.686900,3.669725,0.083321
2.686900,7.610967,-0.120513
2.686900,2.792801,-0.015869
2.686900,2.715787,0.006691
2.686900,4.723975,0.118495
2.686900,5.087489,-0.124168
2.686900,2.725601,-0.007881
2.686900,2.784256,0.014867
2.686900,7.296933,0.123612
2.686900,3.740650,-0.086875
2.686900,2.690555,-0.003076
2.686900,2.883547,0.025512
2.686900,10.301166,0.073754
2.686900,3.261652,-0.058067
2.686900,2.686568,-0.000165
2.686900,3.215954,0.054659
2.686900,10.681201,-0.063303
2.686900,2.902050,-0.027368
2.686900,2.688621,0.002711
2.686900,3.655277,0.082569
2.686900,7.679681,-0.119765
2.686900,2.794753,-0.016083
2.686900,2.715316,0.006622
2.686900,4.704848,0.118126
2.686900,5.110274,-0.124444
2.686900,2.726254,-0.007950
2.686900,2.784960,0.014939
2.686900,7.321166,0.123391
2.686900,3.734888,-0.086593
2.686900,2.690593,-0.003032
2.686900,2.890101,0.026167
2.686900,10.442309,0.070060
2.686900,3.244728,-0.056817
2.686900,2.686902,-0.000004
2.686900,3.243706,0.056742
2.686900,10.450828,-0.069831
2.686900,2.890506,-0.026208
2.686900,2.690546,0.003023
2.686900,3.732841,0.086493
2.686900,7.329807,-0.123312
2.686900,2.785194,-0.014966
2.686900,2.726005,0.007920
2.686900,5.100967,0.124332
2.686900,4.712621,-0.118277
2.686900,2.715527,-0.006648
2.686900,2.794563,0.016061
2.686900,7.672816,0.119841
2.686900,3.656707,-0.082644
2.686900,2.688658,-0.002717
2.686900,2.901885,0.027351
2.686900,10.678074,0.063396
2.686900,3.216333,-0.054688
2.686900,2.686579,0.000164
2.686900,3.261614,0.058064
2.686900,10.301490,-0.073746
2.686900,2.883563,-0.025513
2.686900,2.690580,0.003079
2.686900,3.741487,0.086916
2.686900,7.293441,-0.123643
2.686900,2.784163,-0.014856
2.686900,2.725745,0.007898
2.686900,5.092825,0.124233
2.686900,4.719461,-0.118409
2.686900,2.715665,-0.006676
2.686900,2.792951,0.015886
2.686900,7.616392,0.120455
2.686900,3.668570,-0.083262
2.686900,2.688731,-0.002790
2.686900,2.893130,0.026483
2.686900,10.506454,0.068314
2.686900,3.236997,-0.056247
2.686900,2.686266,-0.000023
2.686900,3.230730,0.055778
2.686900,10.558609,-0.066858
2.686900,2.895708,-0.026741
2.686900,2.688488,0.002743
2.686900,3.657578,0.082691
2.686900,7.668569,-0.119888
2.686900,2.794399,-0.016052
2.686900,2.714357,0.006514
2.686900,4.671009,0.117453
2.686900,5.151631,-0.124926
2.686900,2.727327,-0.008088
2.686900,2.782940,0.014711
2.686900,7.247842,0.124047
2.686900,3.752525,-0.087449
2.686900,2.690871,-0.003121
2.686900,2.882510,0.025406
2.686900,10.277836,0.074346
2.686900,3.264462,-0.058272
2.686900,2.686638,-0.000177
2.686900,3.215439,0.054619
2.686900,10.685482,-0.063175
2.686900,2.902284,-0.027390
2.686900,2.688757,0.002725
2.686900,3.659626,0.082796
2.686900,7.658861,-0.119994
2.686900,2.794184,-0.016016
2.686900,2.716116,0.006719
2.686900,4.734132,0.118688
2.686900,5.075583,-0.124019
2.686900,2.725329,-0.007837
2.686900,2.785952,0.015054
2.686900,7.357577,0.123055
2.686900,3.726311,-0.086172
2.686900,2.690411,-0.002994
2.686900,2.892309,0.026389
2.686900,10.488276,0.068813
2.686900,3.239214,-0.056407
2.686900,2.686932,0.000040
2.686900,3.250180,0.057221
2.686900,10.396877,-0.071271
2.686900,2.887966,-0.025951
2.686900,2.690923,0.003087
2.686900,3.748395,0.087249
2.686900,7.264866,-0.123897
2.686900,2.783441,-0.014760
2.686900,2.728017,0.008163
2.686900,5.176041,0.125197
2.686900,4.651579,-0.117055
2.686900,2.713874,-0.006445
2.686900,2.796270,0.016258
2.686900,7.734234,0.119155
2.686900,3.644039,-0.081978
2.686900,2.688362,-0.002663
2.686900,2.904401,0.027602
2.686900,10.725023,0.061983
2.686900,3.210633,-0.054254
2.686900,2.686537,0.000200
2.686900,3.265977,0.058383
2.686900,10.265198,-0.074665
2.686900,2.881937,-0.025350
2.686900,2.690681,0.003103
2.686900,3.746667,0.087167
2.686900,7.271928,-0.123835
2.686900,2.783575,-0.014788
2.686900,2.726204,0.007955
2.686900,5.110136,0.124443
2.686900,4.704951,-0.118128
2.686900,2.715265,-0.006629
2.686900,2.793104,0.015906
2.686900,7.622237,0.120393
2.686900,3.667326,-0.083198
2.686900,2.688667,-0.002789
2.686900,2.892258,0.026397
2.686900,10.488667,0.068803
2.686900,3.239129,-0.056407
2.686900,2.686204,-0.000045
2.686900,3.226564,0.055465
2.686900,10.593194,-0.065875
2.686900,2.897446,-0.026916
2.686900,2.688188,0.002694
2.686900,3.645594,0.082062
2.686900,7.726542,-0.119242
2.686900,2.796006,-0.016238
2.686900,2.712690,0.006310
2.686900,4.609689,0.116170
2.686900,5.230315,-0.125767
2.686900,2.729429,-0.008342
2.686900,2.780990,0.014482
2.686900,7.175487,0.124663
2.686900,3.770452,-0.088305
2.686900,2.691291,-0.003196
2.686900,2.879115,0.025061
2.686900,10.200663,0.076270
2.686900,3.273759,-0.058948
2.686900,2.686623,-0.000246
2.686900,3.205680,0.053874
2.686900,10.765688,-0.060731
2.686900,2.906644,-0.027823
2.686900,2.688376,0.002648
2.686900,3.642112,0.081876
2.686900,7.743714,-0.119047
2.686900,2.796548,-0.016287
2.686900,2.714007,0.006458
2.686900,4.655996,0.117146
2.686900,5.170455,-0.125135
2.686900,2.727878,-0.008144
2.686900,2.783900,0.014811
2.686900,7.281378,0.123750
2.686900,3.744407,-0.087055
2.686900,2.690874,-0.003065
2.686900,2.890107,0.026166
2.686900,10.442194,0.070063
2.686900,3.244748,-0.056818
2.686900,2.687017,0.000010
2.686900,3.247428,0.057017
2.686900,10.419857,-0.070661
2.686900,2.889051,-0.026059
2.686900,2.691002,0.003088
2.686900,3.749894,0.087321
2.686900,7.258709,-0.123951
2.686900,2.783287,-0.014739
2.686900,2.728546,0.008224
2.686900,5.195443,0.125406
2.686900,4.636402,-0.116739
2.686900,2.713475,-0.006392
2.686900,2.797098,0.016350
2.686900,7.763430,0.118822
2.686900,3.638114,-0.081664
2.686900,2.688282,-0.002631
2.686900,2.907420,0.027900
2.686900,10.779629,0.060296
2.686900,3.203974,-0.053744
2.686900,2.686606,0.000256
2.686900,3.274918,0.059032
2.686900,10.191056,-0.076506
2.686900,2.878697,-0.025019
2.686900,2.691303,0.003200
2.686900,3.771337,0.088347
2.686900,7.171966,-0.124692
2.686900,2.780893,-0.014471
2.686900,2.729465,0.008347
2.686900,5.231753,0.125781
2.686900,4.608604,-0.116147
2.686900,2.712657,-0.006307
2.686900,2.795956,0.016233
2.686900,7.724856,0.119261
2.686900,3.645939,-0.082080
2.686900,2.688185,-0.002697
2.686900,2.897012,0.026873
2.686900,10.584687,0.066119
2.686900,3.227588,-0.055542
2.686900,2.686186,0.000036
2.686900,3.237523,0.056287
2.686900,10.502039,-0.068435
2.686900,2.892907,-0.026462
2.686900,2.688561,0.002772
2.686900,3.663054,0.082976
2.686900,7.642439,-0.120174
2.686900,2.793662,-0.015970
2.686900,2.714683,0.006558
2.686900,4.683515,0.117705
2.686900,5.136174,-0.124749
2.686900,2.726902,-0.008039
2.686900,2.782969,0.014717
2.686900,7.249425,0.124033
2.686900,3.752135,-0.087430
2.686900,2.690815,-0.003125
2.686900,2.881096,0.025264
2.686900,10.246157,0.075142
2.686900,3.268269,-0.058550
2.686900,2.686546,-0.000215
2.686900,3.208639,0.054101
2.686900,10.741406,-0.061482
2.686900,2.905296,-0.027691
2.686900,2.688313,0.002651
2.686900,3.641400,0.081839
2.686900,7.747196,-0.119007
2.686900,2.796634,-0.016299
2.686900,2.713605,0.006411
2.686900,4.641555,0.116847
2.686900,5.188820,-0.125335
2.686900,2.728360,-0.008204
2.686900,2.783197,0.014731
2.686900,7.255727,0.123977
2.686900,3.750617,-0.087356
2.686900,2.690985,-0.003095
2.686900,2.887836,0.025938
2.686900,10.394062,0.071345
2.686900,3.250519,-0.057246
2.686900,2.686950,-0.000040
2.686900,3.239466,0.056426
2.686900,10.486183,-0.068870
2.686900,2.892209,-0.026378
2.686900,2.690466,0.003001
2.686900,3.728279,0.086269
2.686900,7.349179,-0.123133
2.686900,2.785726,-0.015027
2.686900,2.725642,0.007875
2.686900,5.087186,0.124163
2.686900,4.724244,-0.118500
2.686900,2.715850,-0.006686
2.686900,2.794499,0.016052
2.686900,7.670173,0.119870
2.686900,3.657261,-0.082672
2.686900,2.688708,-0.002715
2.686900,2.902950,0.027456
2.686900,10.697947,0.062802
2.686900,3.213928,-0.054504
2.686900,2.686642,0.000188
2.686900,3.266078,0.058390
2.686900,10.264403,-0.074685
2.686900,2.881913,-0.025345
2.686900,2.690958,0.003136
2.686900,3.756122,0.087622
2.686900,7.233160,-0.124174
2.686900,2.782544,-0.014664
2.686900,2.727775,0.008142
2.686900,5.168357,0.125113
2.686900,4.657648,-0.117180
2.686900,2.713994,-0.006470
2.686900,2.794760,0.016094
2.686900,7.681581,0.119745
2.686900,3.654868,-0.082549
2.686900,2.688422,-0.002731
2.686900,2.896166,0.026787
2.686900,10.567784,0.066599
2.686900,3.229626,-0.055695
2.686900,2.686256,0.000029
2.686900,3.237767,0.056305
2.686900,10.500035,-0.068491
2.686900,2.892816,-0.026452
2.686900,2.688738,0.002794
2.686900,3.669114,0.083290
2.686900,7.613831,-0.120483
2.686900,2.792879,-0.015878
2.686900,2.715689,0.006679
2.686900,4.720390,0.118427
2.686900,5.091725,-0.124220
2.686900,2.725715,-0.007895
2.686900,2.784147,0.014854
2.686900,7.292906,0.123648
2.686900,3.741615,-0.086922
2.686900,2.690577,-0.003080
2.686900,2.883354,0.025492
2.686900,10.296854,0.073864
2.686900,3.262171,-0.058105
2.686900,2.686567,-0.000169
2.686900,3.215407,0.054618
2.686900,10.685712,-0.063169
2.686900,2.902290,-0.027392
2.686900,2.688599,0.002707
2.686900,3.654278,0.082517
2.686900,7.684492,-0.119712
2.686900,2.794886,-0.016099
2.686900,2.715195,0.006607
2.686900,4.700355,0.118038
2.686900,5.115686,-0.124509
2.686900,2.726399,-0.007968
2.686900,2.784844,0.014925
2.686900,7.316844,0.123431
2.686900,3.735914,-0.086643
2.686900,2.690620,-0.003036
2.686900,2.889982,0.026155
2.686900,10.439786,0.070128
2.686900,3.245031,-0.056840
2.686900,2.686907,-0.000005
2.686900,3.243568,0.056731
2.686900,10.451979,-0.069800
2.686900,2.890562,-0.026213
2.686900,2.690552,0.003024
2.686900,3.732982,0.086500
2.686900,7.329211,-0.123318
2.686900,2.785179,-0.014964
2.686900,2.726042,0.007925
2.686900,5.102350,0.124349
2.686900,4.711462,-0.118254
2.686900,2.715496,-0.006644
2.686900,2.794614,0.016067
2.686900,7.674632,0.119821
2.686900,3.656329,-0.082624
2.686900,2.688652,-0.002715
2.686900,2.902047,0.027367
2.686900,10.681114,0.063306
2.686900,3.215965,-0.054660
2.686900,2.686582,0.000167
2.686900,3.262093,0.058099
2.686900,10.297507,-0.073847
2.686900,2.883384,-0.025495
2.686900,2.690611,0.003084
2.686900,3.742749,0.086977
2.686900,7.288186,-0.123690
2.686900,2.784021,-0.014839
2.686900,2.725912,0.007918
2.686900,5.099037,0.124309
2.686900,4.714231,-0.118308
2.686900,2.715524,-0.006659
2.686900,2.793088,0.015902
2.686900,7.621348,0.120402
2.686900,3.667517,-0.083207
2.686900,2.688706,-0.002786
2.686900,2.893298,0.026500
2.686900,10.509910,0.068218
2.686900,3.236582,-0.056216
2.686900,2.686262,-0.000020
2.686900,3.231016,0.055799
2.686900,10.556228,-0.066926
2.686900,2.895588,-0.026729
2.686900,2.688490,0.002744
2.686900,3.657764,0.082700
2.686900,7.667679,-0.119898
2.686900,2.794374,-0.016050
2.686900,2.714363,0.006515
2.686900,4.671253,0.117458
2.686900,5.151328,-0.124922
2.686900,2.727319,-0.008087
2.686900,2.782931,0.014710
2.686900,7.247560,0.124049
2.686900,3.752594,-0.087452
2.686900,2.690871,-0.003122
2.686900,2.882431,0.025398
2.686900,10.276073,0.074391
2.686900,3.264673,-0.058287
2.686900,2.686635,-0.000179
2.686900,3.215093,0.054593
2.686900,10.688335,-0.063090
2.686900,2.902435,-0.027405
2.686900,2.688735,0.002722
2.686900,3.658723,0.082749
2.686900,7.663176,-0.119947
2.686900,2.794303,-0.016029
2.686900,2.715992,0.006704
2.686900,4.729572,0.118602
2.686900,5.080920,-0.124086
2.686900,2.725472,-0.007855
2.686900,2.785826,0.015039
2.686900,7.352937,0.123098
2.686900,3.727397,-0.086226
2.686900,2.690437,-0.002998
2.686900,2.892133,0.026371
2.686900,10.484632,0.068912
2.686900,3.239651,-0.056440
2.686900,2.686934,0.000037
2.686900,3.249831,0.057195
2.686900,10.399787,-0.071194
2.686900,2.888102,-0.025965
2.686900,2.690913,0.003084
2.686900,3.747909,0.087225
2.686900,7.266872,-0.123879
2.686900,2.783496,-0.014766
2.686900,2.727969,0.008157
2.686900,5.174231,0.125177
2.686900,4.653007,-0.117085
2.686900,2.713913,-0.006449
2.686900,2.796244,0.016255
2.686900,7.733267,0.119166
2.686900,3.644237,-0.081989
2.686900,2.688369,-0.002664
2.686900,2.904426,0.027604
2.686900,10.725469,0.061969
2.686900,3.210579,-0.054250
2.686900,2.686541,0.000201
2.686900,3.266159,0.058396
2.686900,10.263685,-0.074703
2.686900,2.881871,-0.025343
2.686900,2.690700,0.003106
2.686900,3.747386,0.087201
2.686900,7.268960,-0.123861
2.686900,2.783496,-0.014779
2.686900,2.726307,0.007967
2.686900,5.113965,0.124489
2.686900,4.701770,-0.118066
2.686900,2.715179,-0.006618
2.686900,2.793198,0.015916
2.686900,7.625599,0.120356
2.686900,3.666613,-0.083161
2.686900,2.688651,-0.002786
2.686900,2.892417,0.026413
2.686900,10.491943,0.068713
2.686900,3.238736,-0.056377
2.686900,2.686204,-0.000043
2.686900,3.226951,0.055494
2.686900,10.589986,-0.065967
2.686900,2.897283,-0.026900
2.686900,2.688202,0.002697
2.686900,3.646230,0.082095
2.686900,7.723435,-0.119277
2.686900,2.795919,-0.016228
2.686900,2.712764,0.006319
2.686900,4.612421,0.116229
2.686900,5.226703,-0.125730
2.686900,2.729332,-0.008331
2.686900,2.781070,0.014491
2.686900,7.178492,0.124638
2.686900,3.769697,-0.088269
2.686900,2.691272,-0.003193
2.686900,2.879223,0.025072
2.686900,10.203139,0.076209
2.686900,3.273460,-0.058926
2.686900,2.686621,-0.000244
2.686900,3.205931,0.053894
2.686900,10.763627,-0.060795
2.686900,2.906529,-0.027811
2.686900,2.688382,0.002650
2.686900,3.642423,0.081892
2.686900,7.742182,-0.119064
2.686900,2.796505,-0.016282
2.686900,2.714037,0.006462
2.686900,4.657122,0.117169
2.686900,5.169034,-0.125120
2.686900,2.727840,-0.008139
2.686900,2.783925,0.014814
2.686900,7.282322,0.123742
2.686900,3.744179,-0.087044
2.686900,2.690867,-0.003064
2.686900,2.890109,0.026166
2.686900,10.442239,0.070062
2.686900,3.244742,-0.056818
2.686900,2.687014,0.000009
2.686900,3.247348,0.057011
2.686900,10.420521,-0.070643
2.686900,2.889082,-0.026062
2.686900,2.690992,0.003086
2.686900,3.749512,0.087302
2.686900,7.260281,-0.123937
2.686900,2.783329,-0.014744
2.686900,2.728489,0.008218
2.686900,5.193318,0.125383
2.686900,4.638053,-0.116773
2.686900,2.713520,-0.006398
2.686900,2.797038,0.016343
2.686900,7.761308,0.118846
2.686900,3.638543,-0.081687
2.686900,2.688291,-0.002633
2.686900,2.907275,0.027885
2.686900,10.777042,0.060377
2.686900,3.204290,-0.053768
2.686900,2.686605,0.000254
2.686900,3.274561,0.059006
2.686900,10.194011,-0.076433
2.686900,2.878825,-0.025032
2.686900,2.691282,0.003197
2.686900,3.770481,0.088306
2.686900,7.175371,-0.124664
2.686900,2.780984,-0.014482
2.686900,2.729357,0.008334
2.686900,5.227719,0.125741
2.686900,4.611651,-0.116213
2.686900,2.712740,-0.006317
2.686900,2.795861,0.016222
2.686900,7.721452,0.119300
2.686900,3.646636,-0.082117
2.686900,2.688200,-0.002700
2.686900,2.896841,0.026856
2.686900,10.581311,0.066215
2.686900,3.227995,-0.055573
2.686900,2.686186,0.000033
2.686900,3.237121,0.056257
2.686900,10.505391,-0.068343
2.686900,2.893070,-0.026479
2.686900,2.688546,0.002769
2.686900,3.662358,0.082940
2.686900,7.645742,-0.120138
2.686900,2.793753,-0.015981
2.686900,2.714601,0.006547
2.686900,4.680469,0.117644
2.686900,5.139921,-0.124792
2.686900,2.727003,-0.008051
2.686900,2.782891,0.014708
2.686900,7.246513,0.124058
2.686900,3.752846,-0.087465
2.686900,2.690833,-0.003128
2.686900,2.881027,0.025257
2.686900,10.244572,0.075182
2.686900,3.268461,-0.058564
2.686900,2.686549,-0.000216
2.686900,3.208565,0.054096
2.686900,10.742012,-0.061463
2.686900,2.905330,-0.027694
2.686900,2.688318,0.002651
2.686900,3.641539,0.081846
2.686900,7.746512,-0.119015
2.686900,2.796616,-0.016297
2.686900,2.713636,0.006415
2.686900,4.642681,0.116870
2.686900,5.187378,-0.125320
2.686900,2.728322,-0.008199
2.686900,2.783243,0.014736
2.686900,7.257399,0.123963
2.686900,3.750210,-0.087336
2.686900,2.690976,-0.003093
2.686900,2.887958,0.025950
2.686900,10.396660,0.071276
2.686900,3.250207,-0.057223
2.686900,2.686953,-0.000037
2.686900,3.239868,0.056456
2.686900,10.482836,-0.068961
2.686900,2.892048,-0.026362
2.686900,2.690491,0.003005
2.686900,3.729303,0.086319
2.686900,7.344824,-0.123173
2.686900,2.785609,-0.015013
2.686900,2.725778,0.007891
2.686900,5.092245,0.124226
2.686900,4.719962,-0.118418
2.686900,2.715734,-0.006671
2.686900,2.794614,0.016065
2.686900,7.674321,0.119825
2.686900,3.656396,-0.082627
2.686900,2.688687,-0.002711
2.686900,2.903107,0.027472
2.686900,10.700887,0.062713
2.686900,3.213570,-0.054477
2.686900,2.686638,0.000191
2.686900,3.266323,0.058408
2.686900,10.262362,-0.074736
2.686900,2.881822,-0.025336
2.686900,2.690961,0.003137
2.686900,3.756322,0.087631
2.686900,7.232345,-0.124181
2.686900,2.782522,-0.014661
2.686900,2.727785,0.008143
2.686900,5.168750,0.125117
2.686900,4.657336,-0.117174
2.686900,2.713985,-0.006469
2.686900,2.794752,0.016093
2.686900,7.681319,0.119748
2.686900,3.654922,-0.082552
2.686900,2.688421,-0.002732
2.686900,2.896081,0.026779
2.686900,10.566086,0.066647
2.686900,3.229830,-0.055710
2.686900,2.686252,0.000027
2.686900,3.237439,0.056280
2.686900,10.502766,-0.068415
2.686900,2.892948,-0.026465
2.686900,2.688716,0.002790
2.686900,3.668227,0.083244
2.686900,7.618006,-0.120438
2.686900,2.792994,-0.015891
2.686900,2.715568,0.006664
2.686900,4.715911,0.118341
2.686900,5.097038,-0.124285
2.686900,2.725857,-0.007912
2.686900,2.784024,0.014840
2.686900,7.288361,0.123689
2.686900,3.742707,-0.086975
2.686900,2.690604,-0.003085
2.686900,2.883193,0.025476
2.686900,10.293268,0.073955
2.686900,3.262602,-0.058137
2.686900,2.686570,-0.000172
2.686900,3.215059,0.054591
2.686900,10.688584,-0.063083
2.686900,2.902443,-0.027407
2.686900,2.688592,0.002705
2.686900,3.653873,0.082495
2.686900,7.686442,-0.119691
2.686900,2.794941,-0.016105
2.686900,2.715157,0.006603
2.686900,4.698962,0.118010
2.686900,5.117369,-0.124529
2.686900,2.726445,-0.007973
2.686900,2.784818,0.014922
2.686900,7.315887,0.123440
2.686900,3.736142,-0.086654
2.686900,2.690627,-0.003037
2.686900,2.890009,0.026158
2.686900,10.440356,0.070113
2.686900,3.244963,-0.056835
2.686900,2.686912,-0.000004
2.686900,3.243780,0.056747
2.686900,10.450214,-0.069847
2.686900,2.890478,-0.026205
2.686900,2.690572,0.003027
2.686900,3.733769,0.086538
2.686900,7.325886,-0.123348
2.686900,2.785089,-0.014953
2.686900,2.726156,0.007938
2.686900,5.106577,0.124400
2.686900,4.707929,-0.118186
2.686900,2.715401,-0.006632
2.686900,2.794720,0.016079
2.686900,7.678446,0.119779
2.686900,3.655535,-0.082582
2.686900,2.688634,-0.002711
2.686900,2.902241,0.027387
2.686900,10.684779,0.063197
2.686900,3.215521,-0.054626
2.686900,2.686582,0.000170
2.686900,3.262523,0.058131
2.686900,10.293930,-0.073938
2.686900,2.883224,-0.025479
2.686900,2.690631,0.003088
2.686900,3.743578,0.087017
2.686900,7.284740,-0.123721
2.686900,2.783928,-0.014828
2.686900,2.726011,0.007930
2.686900,5.102718,0.124354
2.686900,4.711143,-0.118248
2.686900,2.715440,-0.006649
2.686900,2.793158,0.015910
2.686900,7.623907,0.120375
2.686900,3.666974,-0.083179
2.686900,2.688691,-0.002784
2.686900,2.893335,0.026504
2.686900,10.510672,0.068197
2.686900,3.236490,-0.056209
2.686900,2.686258,-0.000020
2.686900,3.230953,0.055794
2.686900,10.556751,-0.066911
2.686900,2.895614,-0.026732
2.686900,2.688476,0.002742
2.686900,3.657281,0.082675
2.686900,7.669991,-0.119873
2.686900,2.794437,-0.016057
2.686900,2.714286,0.006506
2.686900,4.668448,0.117401
2.686900,5.154819,-0.124962
2.686900,2.727412,-0.008099
2.686900,2.782840,0.014699
2.686900,7.244165,0.124079
2.686900,3.753424,-0.087492
2.686900,2.690889,-0.003125
2.686900,2.882253,0.025380
2.686900,10.272078,0.074492
2.686900,3.265154,-0.058322
2.686900,2.686632,-0.000183
2.686900,3.214556,0.054552
2.686900,10.692763,-0.062957
2.686900,2.902672,-0.027429
2.686900,2.688711,0.002717
2.686900,3.657670,0.082694
2.686900,7.668213,-0.119892
2.686900,2.794443,-0.016046
2.686900,2.715861,0.006687
2.686900,4.724710,0.118509
2.686900,5.086637,-0.124157
2.686900,2.725626,-0.007873
2.686900,2.785702,0.015024
2.686900,7.348330,0.123141
2.686900,3.728478,-0.086279
2.686900,2.690465,-0.003003
2.686900,2.892004,0.026358
2.686900,10.481963,0.068985
2.686900,3.239972,-0.056464
2.686900,2.686940,0.000035
2.686900,3.249689,0.057185
2.686900,10.400974,-0.071162
2.686900,2.888158,-0.025971
2.686900,2.690920,0.003085
2.686900,3.748079,0.087233
2.686900,7.266173,-0.123885
2.686900,2.783478,-0.014764
2.686900,2.728011,0.008162
2.686900,5.175810,0.125194
2.686900,4.651761,-0.117059
2.686900,2.713880,-0.006445
2.686900,2.796304,0.016261
2.686900,7.735384,0.119142
2.686900,3.643805,-0.081966
2.686900,2.688362,-0.002662
2.686900,2.904625,0.027624
2.686900,10.729126,0.061858
2.686900,3.210134,-0.054216
2.686900,2.686545,0.000204
2.686900,3.266741,0.058439
2.686900,10.258848,-0.074825
2.686900,2.881657,-0.025321
2.686900,2.690739,0.003112
2.686900,3.748941,0.087277
2.686900,7.262547,-0.123918
2.686900,2.783323,-0.014758
2.686900,2.726512,0.007992
2.686900,5.121614,0.124579
2.686900,4.695446,-0.117941
2.686900,2.715007,-0.006597
2.686900,2.793368,0.015936
2.686900,7.631758,0.120290
2.686900,3.665309,-0.083093
2.686900,2.688620,-0.002781
2.686900,2.892643,0.026436
2.686900,10.496604,0.068585
2.686900,3.238176,-0.056335
2.686900,2.686200,-0.000039
2.686900,3.227383,0.055527
2.686900,10.586396,-0.066070
2.686900,2.897100,-0.026881
2.686900,2.688209,0.002699
2.686900,3.646658,0.082118
2.686900,7.721347,-0.119301
2.686900,2.795860,-0.016222
2.686900,2.712798,0.006324
2.686900,4.613713,0.116257
2.686900,5.224998,-0.125713
2.686900,2.729286,-0.008325
2.686900,2.781094,0.014494
2.686900,7.179413,0.124630
2.686900,3.769466,-0.088258
2.686900,2.691264,-0.003192
2.686900,2.879193,0.025069
2.686900,10.202464,0.076226
2.686900,3.273541,-0.058932
2.686900,2.686617,-0.000245
2.686900,3.205707,0.053876
2.686900,10.765464,-0.060738
2.686900,2.906631,-0.027821
2.686900,2.688365,0.002647
2.686900,3.641737,0.081856
2.686900,7.745556,-0.119026
2.686900,2.796599,-0.016293
2.686900,2.713939,0.006450
2.686900,4.653527,0.117095
2.686900,5.173577,-0.125170
2.686900,2.727961,-0.008154
2.686900,2.783809,0.014800
2.686900,7.278042,0.123780
2.686900,3.745211,-0.087094
2.686900,2.690891,-0.003068
2.686900,2.889892,0.026144
2.686900,10.437664,0.070185
2.686900,3.245291,-0.056858
2.686900,2.687014,0.000005
2.686900,3.246764,0.056968
2.686900,10.425384,-0.070513
2.686900,2.889311,-0.026085
2.686900,2.690961,0.003081
2.686900,3.748226,0.087240
2.686900,7.265580,-0.123891
2.686900,2.783472,-0.014761
2.686900,2.728328,0.008198
2.686900,5.187304,0.125319
2.686900,4.642741,-0.116871
2.686900,2.713647,-0.006414
2.686900,2.796900,0.016327
2.686900,7.756359,0.118903
2.686900,3.639545,-0.081740
2.686900,2.688313,-0.002638
2.686900,2.907050,0.027863
2.686900,10.773016,0.060503
2.686900,3.204783,-0.053806
2.686900,2.686607,0.000251
2.686900,3.274157,0.058977
2.686900,10.197354,-0.076351
2.686900,2.878970,-0.025047
2.686900,2.691269,0.003194
2.686900,3.769890,0.088278
2.686900,7.177721,-0.124644
2.686900,2.781047,-0.014489
2.686900,2.729298,0.008327
2.686900,5.225480,0.125718
2.686900,4.613347,-0.116249
2.686900,2.712786,-0.006323
2.686900,2.795825,0.016218
2.686900,7.720144,0.119314
2.686900,3.646904,-0.082131
2.686900,2.688208,-0.002701
2.686900,2.896846,0.026856
2.686900,10.581395,0.066212
2.686900,3.227985,-0.055572
2.686900,2.686190,0.000033
2.686900,3.237250,0.056266
2.686900,10.504313,-0.068373
2.686900,2.893018,-0.026473
2.686900,2.688560,0.002771
2.686900,3.662880,0.082967
2.686900,7.643264,-0.120165
2.686900,2.793685,-0.015973
2.686900,2.714678,0.006557
2.686900,4.683297,0.117700
2.686900,5.136442,-0.124752
2.686900,2.726910,-0.008040
2.686900,2.782977,0.014718
2.686900,7.249715,0.124030
2.686900,3.752064,-0.087427
2.686900,2.690815,-0.003125
2.686900,2.881173,0.025272
2.686900,10.247878,0.075099
2.686900,3.268062,-0.058535
2.686900,2.686550,-0.000213
2.686900,3.208974,0.054127
2.686900,10.738658,-0.061566
2.686900,2.905146,-0.027676
2.686900,2.688333,0.002654
2.686900,3.642239,0.081883
2.686900,7.743073,-0.119054
2.686900,2.796519,-0.016286
2.686900,2.713718,0.006425
2.686900,4.645736,0.116934
2.686900,5.183474,-0.125277
2.686900,2.728218,-0.008187
2.686900,2.783329,0.014746
2.686900,7.260627,0.123934
2.686900,3.749425,-0.087298
2.686900,2.690957,-0.003090
2.686900,2.888070,0.025962
2.686900,10.399070,0.071213
2.686900,3.249918,-0.057201
2.686900,2.686950,-0.000036
2.686900,3.240083,0.056472
2.686900,10.481039,-0.069010
2.686900,2.891961,-0.026353
2.686900,2.690495,0.003007
2.686900,3.729547,0.086331
2.686900,7.343783,-0.123183
2.686900,2.785580,-0.015010
2.686900,2.725798,0.007894
2.686900,5.093026,0.124235
2.686900,4.719302,-0.118405
2.686900,2.715716,-0.006669
2.686900,2.794619,0.016066
2.686900,7.674540,0.119822
2.686900,3.656351,-0.082625
2.686900,2.688685,-0.002711
2.686900,2.903058,0.027467
2.686900,10.699985,0.062741
2.686900,3.213680,-0.054486
2.686900,2.686635,0.000189
2.686900,3.266111,0.058392
2.686900,10.264124,-0.074692
2.686900,2.881900,-0.025344
2.686900,2.690942,0.003134
2.686900,3.755606,0.087597
2.686900,7.235259,-0.124156
2.686900,2.782600,-0.014671
2.686900,2.727686,0.008132
2.686900,5.165046,0.125076
2.686900,4.660278,-0.117234
2.686900,2.714065,-0.006479
2.686900,2.794660,0.016083
2.686900,7.678026,0.119784
2.686900,3.655606,-0.082588
2.686900,2.688436,-0.002735
2.686900,2.895908,0.026761
2.686900,10.562636,0.066745
2.686900,3.230245,-0.055741
2.686900,2.686252,0.000024
2.686900,3.237011,0.056248
2.686900,10.506330,-0.068317
2.686900,2.893122,-0.026483
2.686900,2.688698,0.002787
2.686900,3.667436,0.083203
2.686900,7.621728,-0.120398
2.686900,2.793097,-0.015903
2.686900,2.715472,0.006653
2.686900,4.712357,0.118272
2.686900,5.101269,-0.124336
2.686900,2.725971,-0.007926
2.686900,2.783936,0.014829
2.686900,7.285082,0.123718
2.686900,3.743495,-0.087013
2.686900,2.690625,-0.003088
2.686900,2.883120,0.025469
2.686900,10.291642,0.073997
2.686900,3.262798,-0.058151
2.686900,2.686574,-0.000173
2.686900,3.215010,0.054587
2.686900,10.688993,-0.063071
2.686900,2.902465,-0.027409
2.686900,2.688600,0.002705
2.686900,3.654122,0.082508
2.686900,7.685242,-0.119704
2.686900,2.794908,-0.016101
2.686900,2.715205,0.006608
2.686900,4.700703,0.118044
2.686900,5.115265,-0.124504
2.686900,2.726389,-0.007966
2.686900,2.784880,0.014929
2.686900,7.318145,0.123419
2.686900,3.735606,-0.086628
2.686900,2.690616,-0.003034
2.686900,2.890153,0.026172
2.686900,10.443368,0.070032
2.686900,3.244602,-0.056808
2.686900,2.686914,-0.000001
2.686900,3.244216,0.056779
2.686900,10.446581,-0.069945
2.686900,2.890305,-0.026187
2.686900,2.690598,0.003031
2.686900,3.734832,0.086590
2.686900,7.321404,-0.123389
2.686900,2.784968,-0.014939
2.686900,2.726295,0.007955
2.686900,5.111746,0.124462
2.686900,4.703624,-0.118102
2.686900,2.715285,-0.006618
2.686900,2.794836,0.016092
2.686900,7.682631,0.119733
2.686900,3.654665,-0.082537
2.686900,2.688614,-0.002708
2.686900,2.902398,0.027402
2.686900,10.687738,0.063108
2.686900,3.215162,-0.054599
2.686900,2.686578,0.000172
2.686900,3.262769,0.058149
2.686900,10.291880,-0.073991
2.686900,2.883132,-0.025470
2.686900,2.690634,0.003089
2.686900,3.743772,0.087026
2.686900,7.283935,-0.123728
2.686900,2.783906,-0.014826
2.686900,2.726020,0.007932
2.686900,5.103082,0.124358
2.686900,4.710839,-0.118242
2.686900,2.715431,-0.006648
2.686900,2.793150,0.015909
2.686900,7.623621,0.120378
2.686900,3.667035,-0.083182
2.686900,2.688690,-0.002785
2.686900,2.893248,0.026495
2.686900,10.508894,0.068246
2.686900,3.236703,-0.056225
2.686900,2.686254,-0.000022
2.686900,3.230611,0.055769
2.686900,10.559595,-0.066831
2.686900,2.895756,-0.026746
2.686900,2.688454,0.002738
2.686900,3.656378,0.082628
2.686900,7.674320,-0.119825
2.686900,2.794557,-0.016071
2.686900,2.714163,0.006491
2.686900,4.663917,0.117309
2.686900,5.160480,-0.125025
2.686900,2.727563,-0.008117
2.686900,2.782704,0.014683
2.686900,7.239140,0.124122
2.686900,3.754654,-0.087551
2.686900,2.690919,-0.003130
2.686900,2.882042,0.025358
2.686900,10.267336,0.074611
2.686900,3.265724,-0.058364
2.686900,2.686633,-0.000187
2.686900,3.214008,0.054511
2.686900,10.697279,-0.062822
2.686900,2.902913,-0.027453
2.686900,2.688693,0.002713
2.686900,3.656781,0.082647
2.686900,7.672474,-0.119845
2.686900,2.794562,-0.016059
2.686900,2.715759,0.006675
2.686900,4.720922,0.118437
2.686900,5.091109,-0.124212
2.686900,2.725746,-0.007888
2.686900,2.785613,0.015014
2.686900,7.345004,0.123172
2.686900,3.729260,-0.086317
2.686900,2.690486,-0.003006
2.686900,2.891950,0.026352
2.686900,10.480819,0.069016
2.686900,3.240110,-0.056474
2.686900,2.686946,0.000035
2.686900,3.249756,0.057189
2.686900,10.400422,-0.071177
2.686900,2.888132,-0.025968
2.686900,2.690939,0.003087
2.686900,3.748741,0.087265
2.686900,7.263443,-0.123909
2.686900,2.783405,-0.014755
2.686900,2.728117,0.008175
2.686900,5.179746,0.125237
2.686900,4.648662,-0.116995
2.686900,2.713797,-0.006435
2.686900,2.796418,0.016274
2.686900,7.739473,0.119095
2.686900,3.642971,-0.081922
2.686900,2.688347,-0.002658
2.686900,2.904916,0.027653
2.686900,10.734462,0.061694
2.686900,3.209485,-0.054166
2.686900,2.686548,0.000210
2.686900,3.267501,0.058494
2.686900,10.252543,-0.074983
2.686900,2.881378,-0.025293
2.686900,2.690784,0.003119
2.686900,3.750782,0.087365
2.686900,7.254976,-0.123984
2.686900,2.783119,-0.014734
2.686900,2.726748,0.008021
2.686900,5.130424,0.124683
2.686900,4.688210,-0.117798
2.686900,2.714811,-0.006573
2.686900,2.793558,0.015958
2.686900,7.638650,0.120215
2.686900,3.663853,-0.083018
2.686900,2.688584,-0.002775
2.686900,2.892874,0.026459
2.686900,10.501351,0.068454
2.686900,3.237606,-0.056293
2.686900,2.686194,-0.000036
2.686900,3.227770,0.055556
2.686900,10.583180,-0.066162
2.686900,2.896937,-0.026865
2.686900,2.688210,0.002701
2.686900,3.646877,0.082130
2.686900,7.720278,-0.119313
2.686900,2.795830,-0.016218
2.686900,2.712801,0.006324
2.686900,4.613853,0.116260
2.686900,5.224813,-0.125711
2.686900,2.729280,-0.008325
2.686900,2.781078,0.014493
2.686900,7.178840,0.124635
2.686900,3.769609,-0.088265
2.686900,2.691265,-0.003193
2.686900,2.879081,0.025058
2.686900,10.199899,0.076289
2.686900,3.273850,-0.058955
2.686900,2.686612,-0.000248
2.686900,3.205218,0.053839
2.686900,10.769459,-0.060614
2.686900,2.906853,-0.027843
2.686900,2.688336,0.002642
2.686900,3.640540,0.081793
2.686900,7.751451,-0.118959
2.686900,2.796763,-0.016312
2.686900,2.713778,0.006430
2.686900,4.647582,0.116972
2.686900,5.181124,-0.125252
2.686900,2.728163,-0.008178
2.686900,2.783623,0.014779
2.686900,7.271160,0.123841
2.686900,3.746874,-0.087175
2.686900,2.690929,-0.003075
2.686900,2.889568,0.026111
2.686900,10.430824,0.070368
2.686900,3.246112,-0.056919
2.686900,2.687013,-0.000001
2.686900,3.245938,0.056906
2.686900,10.432270,-0.070329
2.686900,2.889636,-0.026118
2.686900,2.690921,0.003074
2.686900,3.746519,0.087158
2.686900,7.272628,-0.123828
2.686900,2.783663,-0.014783
2.686900,2.728119,0.008173
2.686900,5.179507,0.125234
2.686900,4.648852,-0.116999
2.686900,2.713812,-0.006434
2.686900,2.796728,0.016308
2.686900,7.750179,0.118973
2.686900,3.640798,-0.081806
2.686900,2.688342,-0.002643
2.686900,2.906803,0.027839
2.686900,10.768570,0.060642
2.686900,3.205327,-0.053847
2.686900,2.686613,0.000247
2.686900,3.273778,0.058949
2.686900,10.200499,-0.076274
2.686900,2.879107,-0.025061
2.686900,2.691264,0.003193
2.686900,3.769560,0.088262
2.686900,7.179037,-0.124633
2.686900,2.781084,-0.014493
2.686900,2.729279,0.008325
2.686900,5.224758,0.125711
2.686900,4.613895,-0.116261
2.686900,2.712802,-0.006324
2.686900,2.795834,0.016219
2.686900,7.720422,0.119311
2.686900,3.646847,-0.082128
2.686900,2.688210,-0.002701
2.686900,2.896967,0.026868
2.686900,10.583771,0.066145
2.686900,3.227699,-0.055550
2.686900,2.686195,0.000036
2.686900,3.237715,0.056301
2.686900,10.500441,-0.068479
2.686900,2.892830,-0.026454
2.686900,2.688591,0.002776
2.686900,3.664139,0.083033
2.686900,7.637293,-0.120230
2.686900,2.793520,-0.015954
2.686900,2.714850,0.006578
2.686900,4.689643,0.117827
2.686900,5.128674,-0.124662
2.686900,2.726701,-0.008015
2.686900,2.783160,0.014739
2.686900,7.256490,0.123971
2.686900,3.750413,-0.087348
2.686900,2.690775,-0.003118
2.686900,2.881436,0.025298
2.686900,10.253839,0.074950
2.686900,3.267344,-0.058483
2.686900,2.686548,-0.000208
2.686900,3.209622,0.054177
2.686900,10.733335,-0.061729
2.686900,2.904855,-0.027647
2.686900,2.688351,0.002658
2.686900,3.643157,0.081932
2.686900,7.738562,-0.119106
2.686900,2.796393,-0.016271
2.686900,2.713816,0.006437
2.686900,4.649377,0.117010
2.686900,5.178837,-0.125227
2.686900,2.728093,-0.008172
2.686900,2.783422,0.014757
2.686900,7.264102,0.123904
2.686900,3.748581,-0.087258
2.686900,2.690935,-0.003087
2.686900,2.888143,0.025969
2.686900,10.400650,0.071171
2.686900,3.249728,-0.057187
2.686900,2.686945,-0.000035
2.686900,3.240097,0.056473
2.686900,10.480925,-0.069014
2.686900,2.891955,-0.026353
2.686900,2.690483,0.003005
2.686900,3.729134,0.086311
2.686900,7.345538,-0.123167
2.686900,2.785627,-0.015015
2.686900,2.725726,0.007885
2.686900,5.090357,0.124203
2.686900,4.721558,-0.118449
2.686900,2.715776,-0.006677
2.686900,2.794541,0.016057
2.686900,7.671729,0.119853
2.686900,3.656936,-0.082655
2.686900,2.688696,-0.002714
2.686900,2.902867,0.027448
2.686900,10.696425,0.062848
2.686900,3.214112,-0.054518
2.686900,2.686633,0.000186
2.686900,3.265611,0.058356
2.686900,10.268279,-0.074587
2.686900,2.882084,-0.025363
2.686900,2.690913,0.003129
2.686900,3.754395,0.087539
2.686900,7.240198,-0.124113
2.686900,2.782733,-0.014686
2.686900,2.727531,0.008113
2.686900,5.159264,0.125012
2.686900,4.664889,-0.117329
2.686900,2.714190,-0.006494
2.686900,2.794531,0.016068
2.686900,7.673364,0.119836
2.686900,3.656577,-0.082638
2.686900,2.688459,-0.002739
2.686900,2.895721,0.026743
2.686900,10.558893,0.066850
2.686900,3.230696,-0.055775
2.686900,2.686255,0.000021
2.686900,3.236641,0.056220
2.686900,10.509414,-0.068232
2.686900,2.893273,-0.026498
2.686900,2.688689,0.002784
2.686900,3.666978,0.083179
2.686900,7.623887,-0.120375
2.686900,2.793157,-0.015910
2.686900,2.715427,0.006647
2.686900,4.710688,0.118240
2.686900,5.103262,-0.124360
2.686900,2.726025,-0.007932
2.686900,2.783904,0.014826
2.686900,7.283888,0.123729
2.686900,3.743783,-0.087027
2.686900,2.690634,-0.003089
2.686900,2.883144,0.025471
2.686900,10.292146,0.073984
2.686900,3.262737,-0.058146
2.686900,2.686579,-0.000172
2.686900,3.215222,0.054603
2.686900,10.687242,-0.063123
2.686900,2.902372,-0.027400
2.686900,2.688618,0.002708
2.686900,3.654832,0.082545
2.686900,7.681828,-0.119742
2.686900,2.794814,-0.016090
2.686900,2.715308,0.006621
2.686900,4.704479,0.118118
2.686900,5.110717,-0.124450
2.686900,2.726267,-0.007952
2.686900,2.784993,0.014942
2.686900,7.322322,0.123381
2.686900,3.734614,-0.086579
2.686900,2.690593,-0.003030
2.686900,2.890344,0.026191
2.686900,10.447396,0.069923
2.686900,3.244119,-0.056772
2.686900,2.686914,0.000002
2.686900,3.244691,0.056815
2.686900,10.442625,-0.070052
2.686900,2.890117,-0.026169
2.686900,2.690620,0.003035
2.686900,3.735763,0.086636
2.686900,7.317483,-0.123425
2.686900,2.784862,-0.014927
2.686900,2.726407,0.007969
2.686900,5.115942,0.124512
2.686900,4.700143,-0.118033
2.686900,2.715190,-0.006606
2.686900,2.794921,0.016102
2.686900,7.685703,0.119699
2.686900,3.654027,-0.082503
2.686900,2.688597,-0.002705
2.686900,2.902471,0.027410
2.686900,10.689103,0.063067
2.686900,3.214997,-0.054586
2.686900,2.686573,0.000173
2.686900,3.262779,0.058149
2.686900,10.291796,-0.073993
2.686900,2.883127,-0.025469
2.686900,2.690621,0.003087
2.686900,3.743372,0.087007
2.686900,7.285596,-0.123713
2.686900,2.783950,-0.014831
2.686900,2.725952,0.007924
2.686900,5.100565,0.124328
2.686900,4.712948,-0.118283
2.686900,2.715488,-0.006655
2.686900,2.793079,0.015901
2.686900,7.621071,0.120405
2.686900,3.667576,-0.083210
2.686900,2.688701,-0.002787
2.686900,2.893087,0.026479
2.686900,10.505606,0.068337
2.686900,3.237098,-0.056255
2.686900,2.686252,-0.000025
2.686900,3.230152,0.055734
2.686900,10.563407,-0.066723
2.686900,2.895946,-0.026765
2.686900,2.688432,0.002734
2.686900,3.655432,0.082578
2.686900,7.678863,-0.119775
2.686900,2.794684,-0.016085
2.686900,2.714044,0.006476
2.686900,4.659489,0.117218
2.686900,5.166039,-0.125087
2.686900,2.727712,-0.008135
2.686900,2.782578,0.014668
2.686900,7.234441,0.124163
2.686900,3.755807,-0.087607
2.686900,2.690948,-0.003135
2.686900,2.881873,0.025341
2.686900,10.263518,0.074707
2.686900,3.266184,-0.058397
2.686900,2.686636,-0.000190
2.686900,3.213625,0.054481
2.686900,10.700433,-0.062727
2.686900,2.903082,-0.027469
2.686900,2.688684,0.002711
2.686900,3.656300,0.082622
2.686900,7.674782,-0.119819
2.686900,2.794626,-0.016066
2.686900,2.715712,0.006669
2.686900,4.719165,0.118403
2.686900,5.093189,-0.124237
2.686900,2.725803,-0.007894
2.686900,2.785579,0.015009
2.686900,7.343739,0.123184
2.686900,3.729558,-0.086332
2.686900,2.690496,-0.003007
2.686900,2.891972,0.026354
2.686900,10.481263,0.069004
2.686900,3.240057,-0.056470
2.686900,2.686951,0.000036
2.686900,3.249970,0.057205
2.686900,10.398634,-0.071224
2.686900,2.888050,-0.025960
2.686900,2.690961,0.003090
2.686900,3.749599,0.087307
2.686900,7.259913,-0.123941
2.686900,2.783310,-0.014744
2.686900,2.728242,0.008190
2.686900,5.184379,0.125287
2.686900,4.645027,-0.116919
2.686900,2.713699,-0.006422
2.686900,2.796543,0.016289
2.686900,7.743911,0.119045
2.686900,3.642068,-0.081874
2.686900,2.688329,-0.002653
2.686900,2.905196,0.027680
2.686900,10.739564,0.061538
2.686900,3.208863,-0.054119
2.686900,2.686550,0.000214
2.686900,3.268178,0.058543
2.686900,10.246916,-0.075123
2.686900,2.881130,-0.025267
2.686900,2.690821,0.003126
2.686900,3.752316,0.087439
2.686900,7.248686,-0.124039
2.686900,2.782950,-0.014715
2.686900,2.726941,0.008044
2.686900,5.137601,0.124766
2.686900,4.682355,-0.117681
2.686900,2.714652,-0.006554
2.686900,2.793709,0.015976
2.686900,7.644133,0.120156
2.686900,3.662697,-0.082958
2.686900,2.688555,-0.002770
2.686900,2.893043,0.026476
2.686900,10.504822,0.068359
2.686900,3.237189,-0.056262
2.686900,2.686189,-0.000033
2.686900,3.228015,0.055574
2.686900,10.581142,-0.066220
2.686900,2.896833,-0.026855
2.686900,2.688207,0.002701
2.686900,3.646882,0.082130
2.686900,7.720251,-0.119313
2.686900,2.795828,-0.016218
2.686900,2.712780,0.006322
2.686900,4.613115,0.116244
2.686900,5.225786,-0.125721
2.686900,2.729306,-0.008328
2.686900,2.781037,0.014488
2.686900,7.177343,0.124647
2.686900,3.769985,-0.088283
2.686900,2.691271,-0.003195
2.686900,2.878941,0.025044
2.686900,10.196686,0.076368
2.686900,3.274238,-0.058983
2.686900,2.686606,-0.000251
2.686900,3.204676,0.053797
2.686900,10.773887,-0.060476
2.686900,2.907099,-0.027868
2.686900,2.688308,0.002637
2.686900,3.639313,0.081728
2.686900,7.757503,-0.118889
2.686900,2.796932,-0.016331
2.686900,2.713616,0.006410
2.686900,4.641631,0.116848
2.686900,5.188725,-0.125334
2.686900,2.728366,-0.008203
2.686900,2.783438,0.014757
2.686900,7.264309,0.123902
2.686900,3.748534,-0.087255
2.686900,2.690968,-0.003082
2.686900,2.889254,0.026080
2.686900,10.424170,0.070546
2.686900,3.246910,-0.056978
2.686900,2.687014,-0.000006
2.686900,3.245149,0.056848
2.686900,10.438847,-0.070153
2.686900,2.889948,-0.026150
2.686900,2.690884,0.003067
2.686900,3.744931,0.087081
2.686900,7.279205,-0.123770
2.686900,2.783840,-0.014804
2.686900,2.727927,0.008150
2.686900,5.172316,0.125156
2.686900,4.654523,-0.117116
2.686900,2.713966,-0.006453
2.686900,2.796572,0.016290
2.686900,7.744589,0.119037
2.686900,3.641934,-0.081866
2.686900,2.688370,-0.002648
2.686900,2.906597,0.027818
2.686900,10.764857,0.060757
2.686900,3.205781,-0.053882
2.686900,2.686618,0.000245
2.686900,3.273500,0.058929
2.686900,10.202801,-0.076217
2.686900,2.879208,-0.025071
2.686900,2.691265,0.003192
2.686900,3.769475,0.088258
2.686900,7.179375,-0.124630
2.686900,2.781094,-0.014494
2.686900,2.729292,0.008326
2.686900,5.225197,0.125715
2.686900,4.613562,-0.116254
2.686900,2.712794,-0.006323
2.686900,2.795870,0.016223
2.686900,7.721678,0.119297
2.686900,3.646590,-0.082114
2.686900,2.688208,-0.002699
2.686900,2.897136,0.026885
2.686900,10.587108,0.066049
2.686900,3.227297,-0.055520
2.686900,2.686201,0.000040
2.686900,3.238294,0.056344
2.686900,10.495622,-0.068612
2.686900,2.892595,-0.026431
2.686900,2.688627,0.002782
2.686900,3.665597,0.083108
2.686900,7.630395,-0.120305
2.686900,2.793330,-0.015932
2.686900,2.715046,0.006602
2.686900,4.696862,0.117969
2.686900,5.119897,-0.124559
2.686900,2.726466,-0.007987
2.686900,2.783362,0.014763
2.686900,7.264005,0.123905
2.686900,3.748587,-0.087259
2.686900,2.690730,-0.003111
2.686900,2.881708,0.025326
2.686900,10.260003,0.074796
2.686900,3.266602,-0.058429
2.686900,2.686544,-0.000204
2.686900,3.210247,0.054224
2.686900,10.728199,-0.061886
2.686900,2.904574,-0.027619
2.686900,2.688365,0.002662
2.686900,3.643933,0.081973
2.686900,7.734753,-0.119149
2.686900,2.796286,-0.016259
2.686900,2.713892,0.006447
2.686900,4.652199,0.117068
2.686900,5.175255,-0.125188
2.686900,2.727996,-0.008160
2.686900,2.783487,0.014765
2.686900,7.266512,0.123882
2.686900,3.747997,-0.087229
2.686900,2.690917,-0.003085
2.686900,2.888153,0.025970
2.686900,10.400887,0.071165
2.686900,3.249699,-0.057185
2.686900,2.686939,-0.000035
2.686900,3.239922,0.056460
2.686900,10.482382,-0.068974
2.686900,2.892025,-0.026360
2.686900,2.690460,0.003002
2.686900,3.728278,0.086269
2.686900,7.349182,-0.123133
2.686900,2.785725,-0.015027
2.686900,2.725597,0.007870
2.686900,5.085547,0.124143
2.686900,4.725634,-0.118527
2.686900,2.715886,-0.006690
2.686900,2.794415,0.016042
2.686900,7.667223,0.119903
2.686900,3.657877,-0.082704
2.686900,2.688716,-0.002718
2.686900,2.902621,0.027424
2.686900,10.691819,0.062986
2.686900,3.214670,-0.054561
2.686900,2.686633,0.000182
2.686900,3.265044,0.058314
2.686900,10.272993,-0.074469
2.686900,2.882294,-0.025384
2.686900,2.690884,0.003124
2.686900,3.753211,0.087482
2.686900,7.245037,-0.124071
2.686900,2.782863,-0.014702
2.686900,2.727386,0.008095
2.686900,5.153876,0.124951
2.686900,4.669205,-0.117416
2.686900,2.714307,-0.006509
2.686900,2.794419,0.016055
2.686900,7.669312,0.119880
2.686900,3.657423,-0.082682
2.686900,2.688480,-0.002742
2.686900,2.895598,0.026730
2.686900,10.556424,0.066920
2.686900,3.230992,-0.055797
2.686900,2.686259,0.000020
2.686900,3.236481,0.056208
2.686900,10.510746,-0.068195
2.686900,2.893339,-0.026504
2.686900,2.688693,0.002784
2.686900,3.667033,0.083182
2.686900,7.623627,-0.120378
2.686900,2.793151,-0.015909
2.686900,2.715450,0.006650
2.686900,4.711541,0.118256
2.686900,5.102244,-0.124348
2.686900,2.725998,-0.007929
2.686900,2.783941,0.014830
2.686900,7.285228,0.123717
2.686900,3.743461,-0.087011
2.686900,2.690628,-0.003087
2.686900,2.883252,0.025482
2.686900,10.294550,0.073923
2.686900,3.262448,-0.058125
2.686900,2.686582,-0.000169
2.686900,3.215608,0.054633
2.686900,10.684063,-0.063218
2.686900,2.902203,-0.027383
2.686900,2.688639,0.002712
2.686900,3.655712,0.082592
2.686900,7.677596,-0.119788
2.686900,2.794696,-0.016076
2.686900,2.715424,0.006635
2.686900,4.708755,0.118202
2.686900,5.105586,-0.124388
2.686900,2.726129,-0.007935
2.686900,2.785111,0.014956
2.686900,7.326704,0.123341
2.686900,3.733576,-0.086529
2.686900,2.690568,-0.003026
2.686900,2.890504,0.026208
2.686900,10.450764,0.069832
2.686900,3.243714,-0.056742
2.686900,2.686911,0.000005
2.686900,3.245005,0.056838
2.686900,10.440008,-0.070122
2.686900,2.889993,-0.026156
2.686900,2.690627,0.003037
2.686900,3.736164,0.086655
2.686900,7.315794,-0.123440
2.686900,2.784815,-0.014922
2.686900,2.726444,0.007973
2.686900,5.117360,0.124529
2.686900,4.698969,-0.118010
2.686900,2.715157,-0.006603
2.686900,2.794937,0.016104
2.686900,7.686317,0.119692
2.686900,3.653899,-0.082497
2.686900,2.688592,-0.002705
2.686900,2.902422,0.027405
2.686900,10.688199,0.063094
2.686900,3.215106,-0.054595
2.686900,2.686569,0.000171
2.686900,3.262532,0.058131
2.686900,10.293852,-0.073940
2.686900,2.883219,-0.025479
2.686900,2.690599,0.003084
2.686900,3.742502,0.086965
2.686900,7.289215,-0.123681
2.686900,2.784047,-0.014843
2.686900,2.725829,0.007909
2.686900,5.096003,0.124272
2.686900,4.716782,-0.118357
2.686900,2.715591,-0.006667
2.686900,2.792971,0.015889
2.686900,7.617156,0.120447
2.686900,3.668407,-0.083253
2.686900,2.688720,-0.002791
2.686900,2.892916,0.026462
2.686900,10.502104,0.068434
2.686900,3.237519,-0.056286
2.686900,2.686253,-0.000028
2.686900,3.229767,0.055705
2.686900,10.566613,-0.066632
2.686900,2.896107,-0.026781
2.686900,2.688420,0.002732
2.686900,3.654851,0.082548
2.686900,7.681657,-0.119744
2.686900,2.794761,-0.016094
2.686900,2.713979,0.006468
2.686900,4.657100,0.117169
2.686900,5.169048,-0.125120
2.686900,2.727793,-0.008144
2.686900,2.782517,0.014661
2.686900,7.232171,0.124183
2.686900,3.756364,-0.087633
2.686900,2.690962,-0.003137
2.686900,2.881826,0.025336
2.686900,10.262442,0.074734
2.686900,3.266314,-0.058407
2.686900,2.686639,-0.000190
2.686900,3.213603,0.054480
2.686900,10.700620,-0.062721
2.686900,2.903093,-0.027470
2.686900,2.688690,0.002711
2.686900,3.656504,0.082633
2.686900,7.673806,-0.119830
2.686900,2.794599,-0.016063
2.686900,2.715750,0.006673
2.686900,4.720534,0.118429
2.686900,5.091568,-0.124217
2.686900,2.725760,-0.007889
2.686900,2.785626,0.015015
2.686900,7.345442,0.123168
2.686900,3.729157,-0.086312
2.686900,2.690487,-0.003005
2.686900,2.892076,0.026365
2.686900,10.483406,0.068946
2.686900,3.239800,-0.056451
2.686900,2.686952,0.000038
2.686900,3.250272,0.057228
2.686900,10.396121,-0.071291
2.686900,2.887932,-0.025948
2.686900,2.690979,0.003093
2.686900,3.750333,0.087342
2.686900,7.256892,-0.123967
2.686900,2.783229,-0.014734
2.686900,2.728337,0.008201
2.686900,5.187922,0.125325
2.686900,4.642256,-0.116861
2.686900,2.713624,-0.006413
2.686900,2.796627,0.016298
2.686900,7.746922,0.119010
2.686900,3.641456,-0.081842
2.686900,2.688316,-0.002651
2.686900,2.905344,0.027695
2.686900,10.742263,0.061455
2.686900,3.208534,-0.054093
2.686900,2.686549,0.000217
2.686900,3.268476,0.058565
2.686900,10.244442,-0.075185
2.686900,2.881021,-0.025256
2.686900,2.690833,0.003128
2.686900,3.752838,0.087464
2.686900,7.246549,-0.124058
2.686900,2.782892,-0.014708
2.686900,2.727000,0.008051
2.686900,5.139813,0.124791
2.686900,4.680556,-0.117645
2.686900,2.714603,-0.006548
2.686900,2.793749,0.015980
2.686900,7.645590,0.120140
2.686900,3.662390,-0.082942
2.686900,2.688546,-0.002769
2.686900,2.893056,0.026477
2.686900,10.505098,0.068351
2.686900,3.237156,-0.056259
2.686900,2.686186,-0.000033
2.686900,3.227947,0.055569
2.686900,10.581702,-0.066204
2.686900,2.896861,-0.026858
2.686900,2.688197,0.002700
2.686900,3.646527,0.082111
2.686900,7.721980,-0.119294
2.686900,2.795876,-0.016224
2.686900,2.712726,0.006315
2.686900,4.611127,0.116201
2.686900,5.228411,-0.125748
2.686900,2.729376,-0.008336
2.686900,2.780967,0.014480
2.686900,7.174742,0.124669
2.686900,3.770639,-0.088314
2.686900,2.691286,-0.003198
2.686900,2.878796,0.025029
2.686900,10.193341,0.076450
2.686900,3.274642,-0.059012
2.686900,2.686604,-0.000254
2.686900,3.204206,0.053761
2.686900,10.777734,-0.060356
2.686900,2.907314,-0.027889
2.686900,2.688287,0.002633
2.686900,3.638397,0.081679
2.686900,7.762032,-0.118838
2.686900,2.797059,-0.016346
2.686900,2.713502,0.006396
2.686900,4.637410,0.116760
2.686900,5.194144,-0.125392
2.686900,2.728511,-0.008220
2.686900,2.783311,0.014742
2.686900,7.259587,0.123943
2.686900,3.749681,-0.087310
2.686900,2.690996,-0.003087
2.686900,2.889056,0.026060
2.686900,10.419973,0.070658
2.686900,3.247414,-0.057016
2.686900,2.687015,-0.000010
2.686900,3.244690,0.056814
2.686900,10.442679,-0.070050
2.686900,2.890130,-0.026168
2.686900,2.690866,0.003064
2.686900,3.744105,0.087041
2.686900,7.282630,-0.123739
2.686900,2.783933,-0.014815
2.686900,2.727832,0.008138
2.686900,5.168755,0.125117
2.686900,4.657344,-0.117174
2.686900,2.714043,-0.006462
2.686900,2.796501,0.016281
2.686900,7.742029,0.119066
2.686900,3.642455,-0.081894
2.686900,2.688383,-0.002650
2.686900,2.906532,0.027812
2.686900,10.763685,0.060793
2.686900,3.205924,-0.053893
2.686900,2.686622,0.000244
2.686900,3.273486,0.058928
2.686900,10.202919,-0.076215
2.686900,2.879213,-0.025071
2.686900,2.691274,0.003193
2.686900,3.769807,0.088274
2.686900,7.178054,-0.124641
2.686900,2.781059,-0.014490
2.686900,2.729348,0.008333
2.686900,5.227287,0.125736
2.686900,4.611979,-0.116220
2.686900,2.712752,-0.006318
2.686900,2.795935,0.016230
2.686900,7.723998,0.119271
2.686900,3.646115,-0.082089
2.686900,2.688199,-0.002697
2.686900,2.897319,0.026903
2.686900,10.590707,0.065947
2.686900,3.226864,-0.055487
2.686900,2.686204,0.000043
2.686900,3.238836,0.056385
2.686900,10.491111,-0.068736
2.686900,2.892377,-0.026409
2.686900,2.688656,0.002787
2.686900,3.666822,0.083172
2.686900,7.624611,-0.120367
2.686900,2.793170,-0.015913
2.686900,2.715206,0.006621
2.686900,4.702753,0.118085
2.686900,5.112780,-0.124475
2.686900,2.726275,-0.007964
2.686900,2.783521,0.014782
2.686900,7.269924,0.123853
2.686900,3.747152,-0.087190
2.686900,2.690694,-0.003105
2.686900,2.881899,0.025346
2.686900,10.264322,0.074687
2.686900,3.266082,-0.058391
2.686900,2.686540,-0.000200
2.686900,3.210627,0.054253
2.686900,10.725074,-0.061981
2.686900,2.904404,-0.027602
2.686900,2.688369,0.002664
2.686900,3.644252,0.081989
2.686900,7.733190,-0.119166
2.686900,2.796241,-0.016254
2.686900,2.713911,0.006449
2.686900,4.652946,0.117083
2.686900,5.174309,-0.125178
2.686900,2.727971,-0.008157
2.686900,2.783491,0.014766
2.686900,7.266688,0.123881
2.686900,3.747954,-0.087227
2.686900,2.690914,-0.003085
2.686900,2.888080,0.025963
2.686900,10.399316,0.071206
2.686900,3.249888,-0.057199
2.686900,2.686933,-0.000037
2.686900,3.239567,0.056433
2.686900,10.485331,-0.068893
2.686900,2.892167,-0.026374
2.686900,2.690431,0.002998
2.686900,3.727162,0.086214
2.686900,7.353940,-0.123089
2.686900,2.785853,-0.015042
2.686900,2.725440,0.007851
2.686900,5.079728,0.124071
2.686900,4.730588,-0.118621
2.686900,2.716020,-0.006707
2.686900,2.794275,0.016026
2.686900,7.662174,0.119958
2.686900,3.658932,-0.082759
2.686900,2.688740,-0.002723
2.686900,2.902395,0.027401
2.686900,10.687572,0.063113
2.686900,3.215185,-0.054600
2.686900,2.686635,0.000178
2.686900,3.264603,0.058282
2.686900,10.276661,-0.074376
2.686900,2.882457,-0.025400
2.686900,2.690869,0.003121
2.686900,3.752509,0.087448
2.686900,7.247908,-0.124046
2.686900,2.782941,-0.014711
2.686900,2.727311,0.008086
2.686900,5.151044,0.124919
2.686900,4.671481,-0.117463
2.686900,2.714369,-0.006516
2.686900,2.794371,0.016049
2.686900,7.667578,0.119899
2.686900,3.657785,-0.082701
2.686900,2.688491,-0.002744
2.686900,2.895601,0.026731
2.686900,10.556478,0.066918
2.686900,3.230986,-0.055797
2.686900,2.686263,0.000020
2.686900,3.236643,0.056220
2.686900,10.509406,-0.068232
2.686900,2.893274,-0.026498
2.686900,2.688710,0.002787
2.686900,3.667699,0.083217
2.686900,7.620490,-0.120411
2.686900,2.793065,-0.015899
2.686900,2.715549,0.006662
2.686900,4.715171,0.118326
2.686900,5.097917,-0.124295
2.686900,2.725882,-0.007915
2.686900,2.784047,0.014842
2.686900,7.289164,0.123681
2.686900,3.742514,-0.086965
2.686900,2.690605,-0.003083
2.686900,2.883422,0.025499
2.686900,10.298340,0.073826
2.686900,3.261993,-0.058092
2.686900,2.686582,-0.000166
2.686900,3.216053,0.054666
2.686900,10.680390,-0.063327
2.686900,2.902008,-0.027364
2.686900,2.688654,0.002715
2.686900,3.656451,0.082630
2.686900,7.674046,-0.119828
2.686900,2.794598,-0.016065
2.686900,2.715509,0.006646
2.686900,4.711941,0.118263
2.686900,5.101778,-0.124342
2.686900,2.726027,-0.007923
2.686900,2.785189,0.014965
2.686900,7.329599,0.123314
2.686900,3.732890,-0.086495
2.686900,2.690549,-0.003023
2.686900,2.890563,0.026214
2.686900,10.452001,0.069799
2.686900,3.243566,-0.056731
2.686900,2.686906,0.000005
2.686900,3.245000,0.056838
2.686900,10.440049,-0.070121
2.686900,2.889994,-0.026156
2.686900,2.690616,0.003035
2.686900,3.735764,0.086636
2.686900,7.317476,-0.123425
2.686900,2.784860,-0.014927
2.686900,2.726377,0.007965
2.686900,5.114848,0.124499
2.686900,4.701049,-0.118051
2.686900,2.715214,-0.006610
2.686900,2.794864,0.016096
2.686900,7.683705,0.119721
2.686900,3.654441,-0.082525
2.686900,2.688602,-0.002707
2.686900,2.902245,0.027387
2.686900,10.684872,0.063194
2.686900,3.215509,-0.054625
2.686900,2.686567,0.000168
2.686900,3.262064,0.058097
2.686900,10.297738,-0.073842
2.686900,2.883393,-0.025496
2.686900,2.690572,0.003079
2.686900,3.741389,0.086911
2.686900,7.293848,-0.123639
2.686900,2.784172,-0.014857
2.686900,2.725687,0.007892
2.686900,5.090683,0.124207
2.686900,4.721270,-0.118444
2.686900,2.715713,-0.006682
2.686900,2.792858,0.015876
2.686900,7.613071,0.120491
2.686900,3.669276,-0.083298
2.686900,2.688742,-0.002794
2.686900,2.892800,0.026450
2.686900,10.499704,0.068500
2.686900,3.237807,-0.056307
2.686900,2.686257,-0.000030
2.686900,3.229623,0.055695
2.686900,10.567808,-0.066598
2.686900,2.896168,-0.026787
2.686900,2.688425,0.002732
2.686900,3.654951,0.082553
2.686900,7.681178,-0.119749
2.686900,2.794749,-0.016093
2.686900,2.714009,0.006472
2.686900,4.658178,0.117191
2.686900,5.167689,-0.125105
2.686900,2.727757,-0.008140
2.686900,2.782563,0.014666
2.686900,7.233845,0.124168
2.686900,3.755953,-0.087614
2.686900,2.690954,-0.003135
2.686900,2.881953,0.025349
2.686900,10.265305,0.074662
2.686900,3.265969,-0.058382
2.686900,2.686642,-0.000187
2.686900,3.214056,0.054514
2.686900,10.696889,-0.062834
2.686900,2.902893,-0.027451
2.686900,2.688714,0.002716
2.686900,3.657527,0.082686
2.686900,7.668900,-0.119884
2.686900,2.794463,-0.016048
2.686900,2.715884,0.006690
2.686900,4.725496,0.118524
2.686900,5.085711,-0.124145
2.686900,2.725602,-0.007870
2.686900,2.785759,0.015031
2.686900,7.350393,0.123122
2.686900,3.727994,-0.086255
2.686900,2.690458,-0.003000
2.686900,2.892247,0.026382
2.686900,10.486961,0.068849
2.686900,3.239373,-0.056419
2.686900,2.686949,0.000040
2.686900,3.250572,0.057250
2.686900,10.393617,-0.071357
2.686900,2.887815,-0.025936
2.686900,2.690984,0.003095
2.686900,3.750623,0.087356
2.686900,7.255700,-0.123978
2.686900,2.783196,-0.014731
2.686900,2.728356,0.008204
2.686900,5.188668,0.125333
2.686900,4.641674,-0.116849
2.686900,2.713608,-0.006411
2.686900,2.796625,0.016298
2.686900,7.746876,0.119011
2.686900,3.641465,-0.081842
2.686900,2.688313,-0.002651
2.686900,2.905257,0.027687
2.686900,10.740687,0.061504
2.686900,3.208726,-0.054108
2.686900,2.686545,0.000215
2.686900,3.268146,0.058541
2.686900,10.247181,-0.075117
2.686900,2.881141,-0.025269
2.686900,2.690806,0.003124
2.686900,3.751786,0.087414
2.686900,7.250856,-0.124020
2.686900,2.783007,-0.014721
2.686900,2.726855,0.008034
2.686900,5.134436,0.124729
2.686900,4.684932,-0.117733
2.686900,2.714721,-0.006562
2.686900,2.793622,0.015966
2.686900,7.641001,0.120190
2.686900,3.663357,-0.082992
2.686900,2.688568,-0.002773
2.686900,2.892847,0.026456
2.686900,10.500817,0.068469
2.686900,3.237670,-0.056298
2.686900,2.686187,-0.000037
2.686900,3.227460,0.055532
2.686900,10.585754,-0.066088
2.686900,2.897066,-0.026878
2.686900,2.688181,0.002696
2.686900,3.645765,0.082071
2.686900,7.725702,-0.119252
2.686900,2.795980,-0.016236
2.686900,2.712639,0.006304
2.686900,4.607933,0.116132
2.686900,5.232642,-0.125790
2.686900,2.729489,-0.008350
2.686900,2.780875,0.014469
2.686900,7.171290,0.124697
2.686900,3.771508,-0.088355
2.686900,2.691308,-0.003201
2.686900,2.878681,0.025017
2.686900,10.190681,0.076515
2.686900,3.274963,-0.059035
2.686900,2.686607,-0.000256
2.686900,3.203955,0.053742
2.686900,10.779780,-0.060291
2.686900,2.907429,-0.027901
2.686900,2.688284,0.002631
2.686900,3.638144,0.081666
2.686900,7.763286,-0.118823
2.686900,2.797094,-0.016350
2.686900,2.713482,0.006393
2.686900,4.636648,0.116744
2.686900,5.195126,-0.125402
2.686900,2.728537,-0.008223
2.686900,2.783297,0.014740
2.686900,7.259085,0.123948
2.686900,3.749803,-0.087316
2.686900,2.691000,-0.003087
2.686900,2.889079,0.026062
2.686900,10.420453,0.070645
2.686900,3.247356,-0.057011
2.686900,2.687018,-0.000009
2.686900,3.244841,0.056825
2.686900,10.441418,-0.070084
2.686900,2.890070,-0.026162
2.686900,2.690880,0.003066
2.686900,3.744652,0.087067
2.686900,7.280361,-0.123759
2.686900,2.783872,-0.014808
2.686900,2.727910,0.008148
2.686900,5.171669,0.125149
2.686900,4.655035,-0.117126
2.686900,2.713981,-0.006455
2.686900,2.796578,0.016290
2.686900,7.744770,0.119035
2.686900,3.641897,-0.081864
2.686900,2.688372,-0.002647
2.686900,2.906698,0.027828
2.686900,10.766660,0.060701
2.686900,3.205561,-0.053865
2.686900,2.686622,0.000247
2.686900,3.273869,0.058956
2.686900,10.199750,-0.076292
2.686900,2.879076,-0.025057
2.686900,2.691295,0.003197
2.686900,3.770658,0.088314
2.686900,7.174668,-0.124669
2.686900,2.780968,-0.014479
2.686900,2.729453,0.008345
2.686900,5.231200,0.125776
2.686900,4.609021,-0.116156
2.686900,2.712671,-0.006308
2.686900,2.796024,0.016240
2.686900,7.727201,0.119235
2.686900,3.645459,-0.082055
2.686900,2.688185,-0.002694
2.686900,2.897468,0.026918
2.686900,10.593639,0.065863
2.686900,3.226511,-0.055461
2.686900,2.686203,0.000046
2.686900,3.239164,0.056409
2.686900,10.488375,-0.068811
2.686900,2.892244,-0.026395
2.686900,2.688667,0.002789
2.686900,3.667341,0.083198
2.686900,7.622164,-0.120393
2.686900,2.793102,-0.015905
2.686900,2.715264,0.006629
2.686900,4.704937,0.118128
2.686900,5.110153,-0.124443
2.686900,2.726204,-0.007955
2.686900,2.783573,0.014788
2.686900,7.271838,0.123836
2.686900,3.746689,-0.087168
2.686900,2.690681,-0.003103
2.686900,2.881925,0.025348
2.686900,10.264913,0.074672
2.686900,3.266011,-0.058386
2.686900,2.686536,-0.000200
2.686900,3.210581,0.054250
2.686900,10.725450,-0.061970
2.686900,2.904424,-0.027604
2.686900,2.688359,0.002663
2.686900,3.643913,0.081972
2.686900,7.734849,-0.119148
2.686900,2.796287,-0.016260
2.686900,2.713857,0.006443
2.686900,4.650958,0.117042
2.686900,5.176829,-0.125205
2.686900,2.728038,-0.008166
2.686900,2.783422,0.014758
2.686900,7.264155,0.123903
2.686900,3.748568,-0.087257
2.686900,2.690927,-0.003087
2.686900,2.887933,0.025948
2.686900,10.396180,0.071289
2.686900,3.250264,-0.057227
2.686900,2.686932,-0.000040
2.686900,3.239131,0.056401
2.686900,10.488969,-0.068794
2.686900,2.892343,-0.026392
2.686900,2.690407,0.002993
2.686900,3.726147,0.086164
2.686900,7.358275,-0.123048
2.686900,2.785971,-0.015056
2.686900,2.725309,0.007835
2.686900,5.074843,0.124010
2.686900,4.734766,-0.118700
2.686900,2.716133,-0.006721
2.686900,2.794169,0.016014
2.686900,7.658324,0.120000
2.686900,3.659738,-0.082801
2.686900,2.688760,-0.002726
2.686900,2.902274,0.027389
2.686900,10.685289,0.063181
2.686900,3.215462,-0.054621
2.686900,2.686640,0.000177
2.686900,3.264470,0.058272
2.686900,10.277769,-0.074348
2.686900,2.882507,-0.025405
2.686900,2.690874,0.003122
2.686900,3.752628,0.087454
2.686900,7.247425,-0.124050
2.686900,2.782928,-0.014709
2.686900,2.727344,0.008090
2.686900,5.152236,0.124933
2.686900,4.670522,-0.117443
2.686900,2.714344,-0.006513
2.686900,2.794416,0.016054
2.686900,7.669174,0.119882
2.686900,3.657452,-0.082684
2.686900,2.688485,-0.002742
2.686900,2.895747,0.026745
2.686900,10.559392,0.066836
2.686900,3.230636,-0.055771
2.686900,2.686267,0.000023
2.686900,3.237107,0.056255
2.686900,10.505542,-0.068339
2.686900,2.893085,-0.026479
2.686900,2.688737,0.002791
2.686900,3.668802,0.083274
2.686900,7.615301,-0.120467
2.686900,2.792921,-0.015882
2.686900,2.715695,0.006680
2.686900,4.720555,0.118430
2.686900,5.091530,-0.124217
2.686900,2.725711,-0.007894
2.686900,2.784191,0.014859
2.686900,7.294488,0.123634
2.686900,3.741236,-0.086903
2.686900,2.690573,-0.003078
2.686900,2.883592,0.025516
2.686900,10.302136,0.073730
2.686900,3.261537,-0.058059
2.686900,2.686578,-0.000163
2.686900,3.216376,0.054691
2.686900,10.677725,-0.063407
2.686900,2.901867,-0.027350
2.686900,2.688657,0.002717
2.686900,3.656699,0.082643
2.686900,7.672855,-0.119841
2.686900,2.794564,-0.016061
2.686900,2.715522,0.006647
2.686900,4.712428,0.118273
2.686900,5.101198,-0.124335
2.686900,2.726011,-0.007921
2.686900,2.785185,0.014965
2.686900,7.329478,0.123315
2.686900,3.732919,-0.086497
2.686900,2.690547,-0.003024
2.686900,2.890477,0.026205
2.686900,10.450219,0.069847
2.686900,3.243779,-0.056747
2.686900,2.686901,0.000003
2.686900,3.244628,0.056810
2.686900,10.443143,-0.070038
2.686900,2.890141,-0.026171
2.686900,2.690587,0.003031
2.686900,3.734618,0.086580
2.686900,7.322302,-0.123381
2.686900,2.784990,-0.014942
2.686900,2.726217,0.007946
2.686900,5.108926,0.124428
2.686900,4.705969,-0.118147
2.686900,2.715346,-0.006626
2.686900,2.794721,0.016080
2.686900,7.678554,0.119778
2.686900,3.655512,-0.082581
2.686900,2.688627,-0.002712
2.686900,2.902003,0.027363
2.686900,10.680310,0.063330
2.686900,3.216062,-0.054667
2.686900,2.686569,0.000164
2.686900,3.261566,0.058061
2.686900,10.301885,-0.073736
2.686900,2.883580,-0.025515
2.686900,2.690552,0.003076
2.686900,3.740535,0.086869
2.686900,7.297415,-0.123607
2.686900,2.784269,-0.014869
2.686900,2.725590,0.007880
2.686900,5.087067,0.124162
2.686900,4.724333,-0.118502
2.686900,2.715797,-0.006692
2.686900,2.792796,0.015868
2.686900,7.610772,0.120516
2.686900,3.669766,-0.083324
2.686900,2.688756,-0.002796
2.686900,2.892802,0.026450
2.686900,10.499744,0.068499
2.686900,3.237803,-0.056307
2.686900,2.686263,-0.000029
2.686900,3.229829,0.055710
2.686900,10.566097,-0.066647
2.686900,2.896082,-0.026779
2.686900,2.688447,0.002735
2.686900,3.655791,0.082597
2.686900,7.677143,-0.119794
2.686900,2.794637,-0.016080
2.686900,2.714133,0.006487
2.686900,4.662748,0.117285
2.686900,5.161945,-0.125042
2.686900,2.727604,-0.008121
2.686900,2.782709,0.014683
2.686900,7.239254,0.124121
2.686900,3.754627,-0.087550
2.686900,2.690924,-0.003130
2.686900,2.882219,0.025376
2.686900,10.271282,0.074512
2.686900,3.265250,-0.058329
2.686900,2.686644,-0.000182
2.686900,3.214830,0.054573
2.686900,10.690510,-0.063025
2.686900,2.902552,-0.027417
2.686900,2.688747,0.002722
2.686900,3.658983,0.082762
2.686900,7.661933,-0.119961
2.686900,2.794270,-0.016025
2.686900,2.716062,0.006712
2.686900,4.732116,0.118650
2.686900,5.077940,-0.124049
2.686900,2.725393,-0.007845
2.686900,2.785925,0.015050
2.686900,7.356555,0.123064
2.686900,3.726550,-0.086184
2.686900,2.690421,-0.002995
2.686900,2.892405,0.026398
2.686900,10.490228,0.068759
2.686900,3.238980,-0.056390
2.686900,2.686940,0.000042
2.686900,3.250697,0.057259
2.686900,10.392575,-0.071384
2.686900,2.887766,-0.025931
2.686900,2.690970,0.003094
2.686900,3.750186,0.087335
2.686900,7.257497,-0.123962
2.686900,2.783243,-0.014736
2.686900,2.728269,0.008193
2.686900,5.185463,0.125299
2.686900,4.644178,-0.116901
2.686900,2.713674,-0.006420
2.686900,2.796516,0.016286
2.686900,7.743013,0.119055
2.686900,3.642250,-0.081884
2.686900,2.688326,-0.002655
2.686900,2.904925,0.027654
2.686900,10.734635,0.061689
2.686900,3.209463,-0.054165
2.686900,2.686539,0.000209
2.686900,3.267215,0.058473
2.686900,10.254913,-0.074923
2.686900,2.881482,-0.025303
2.686900,2.690745,0.003114
2.686900,3.749361,0.087297
2.686900,7.260816,-0.123933
2.686900,2.783275,-0.014753
2.686900,2.726538,0.007996
2.686900,5.122606,0.124591
2.686900,4.694628,-0.117925
2.686900,2.714984,-0.006595
2.686900,2.793359,0.015935
2.686900,7.631504,0.120293
2.686900,3.665362,-0.083096
2.686900,2.688616,-0.002782
2.686900,2.892495,0.026421
2.686900,10.493569,0.068668
2.686900,3.238540,-0.056363
2.686900,2.686192,-0.000042
2.686900,3.226781,0.055481
2.686900,10.591392,-0.065927
2.686900,2.897353,-0.026907
2.686900,2.688170,0.002693
2.686900,3.645076,0.082035
2.686900,7.729076,-0.119213
2.686900,2.796075,-0.016247
2.686900,2.712582,0.006297
2.686900,4.605788,0.116086
2.686900,5.235491,-0.125819
2.686900,2.729566,-0.008359
2.686900,2.780831,0.014464
2.686900,7.169648,0.124711
2.686900,3.771921,-0.088374
2.686900,2.691321,-0.003202
2.686900,2.878714,0.025021
2.686900,10.191417,0.076497
2.686900,3.274874,-0.059029
2.686900,2.686613,-0.000255
2.686900,3.204257,0.053765
2.686900,10.777316,-0.060369
2.686900,2.907291,-0.027887
2.686900,2.688308,0.002635
2.686900,3.639103,0.081716
2.686900,7.758542,-0.118878
2.686900,2.796962,-0.016334
2.686900,2.713620,0.006410
2.686900,4.641714,0.116850
2.686900,5.188619,-0.125333
2.686900,2.728364,-0.008202
2.686900,2.783466,0.014760
2.686900,7.265323,0.123893
2.686900,3.748288,-0.087243
2.686900,2.690966,-0.003081
2.686900,2.889411,0.026095
2.686900,10.427495,0.070457
2.686900,3.246512,-0.056949
2.686900,2.687020,-0.000003
2.686900,3.245772,0.056894
2.686900,10.433658,-0.070292
2.686900,2.889702,-0.026125
2.686900,2.690931,0.003075
2.686900,3.746773,0.087170
2.686900,7.271577,-0.123837
2.686900,2.783635,-0.014780
2.686900,2.728179,0.008180
2.686900,5.181720,0.125258
2.686900,4.647114,-0.116962
2.686900,2.713766,-0.006428
2.686900,2.796810,0.016317
2.686900,7.753087,0.118940
2.686900,3.640208,-0.081775
2.686900,2.688334,-0.002640
2.686900,2.907074,0.027865
2.686900,10.773420,0.060490
2.686900,3.204734,-0.053802
2.686900,2.686618,0.000252
2.686900,3.274546,0.059005
2.686900,10.194142,-0.076430
2.686900,2.878832,-0.025032
2.686900,2.691317,0.003201
2.686900,3.771650,0.088361
2.686900,7.170725,-0.124702
2.686900,2.780861,-0.014467
2.686900,2.729552,0.008357
2.686900,5.234960,0.125813
2.686900,4.606188,-0.116094
2.686900,2.712594,-0.006298
2.686900,2.796085,0.016248
2.686900,7.729420,0.119210
2.686900,3.645005,-0.082031
2.686900,2.688171,-0.002692
2.686900,2.897465,0.026918
2.686900,10.593594,0.065864
2.686900,3.226516,-0.055461
2.686900,2.686197,0.000045
2.686900,3.238964,0.056394
2.686900,10.490041,-0.068765
2.686900,2.892324,-0.026404
2.686900,2.688645,0.002786
2.686900,3.666504,0.083155
2.686900,7.626114,-0.120351
2.686900,2.793211,-0.015918
2.686900,2.715140,0.006614
2.686900,4.700371,0.118038
2.686900,5.115653,-0.124509
2.686900,2.726351,-0.007973
2.686900,2.783437,0.014772
2.686900,7.266822,0.123880
2.686900,3.747904,-0.087227
2.686900,2.690710,-0.003108
2.686900,2.881706,0.025326
2.686900,10.259968,0.074796
2.686900,3.266606,-0.058429
2.686900,2.686537,-0.000204
2.686900,3.209990,0.054205
2.686900,10.730309,-0.061821
2.686900,2.904689,-0.027630
2.686900,2.688339,0.002658
2.686900,3.642940,0.081920
2.686900,7.739626,-0.119093
2.686900,2.796421,-0.016275
2.686900,2.713744,0.006429
2.686900,4.646778,0.116956
2.686900,5.182145,-0.125263
2.686900,2.728180,-0.008183
2.686900,2.783306,0.014744
2.686900,7.259854,0.123941
2.686900,3.749612,-0.087307
2.686900,2.690954,-0.003091
2.686900,2.887797,0.025934
2.686900,10.393252,0.071366
2.686900,3.250615,-0.057253
2.686900,2.686936,-0.000042
2.686900,3.238904,0.056384
2.686900,10.490856,-0.068742
2.686900,2.892435,-0.026401
2.686900,2.690406,0.002993
2.686900,3.726011,0.086157
2.686900,7.358860,-0.123043
2.686900,2.785987,-0.015058
2.686900,2.725308,0.007835
2.686900,5.074784,0.124009
2.686900,4.734817,-0.118701
2.686900,2.716135,-0.006721
2.686900,2.794185,0.016016
2.686900,7.658880,0.119994
2.686900,3.659622,-0.082795
2.686900,2.688760,-0.002725
2.686900,2.902377,0.027399
2.686900,10.687213,0.063124
2.686900,3.215229,-0.054603
2.686900,2.686643,0.000179
2.686900,3.264828,0.058299
2.686900,10.274790,-0.074423
2.686900,2.882375,-0.025392
2.686900,2.690901,0.003126
2.686900,3.753702,0.087505
2.686900,7.243032,-0.124088
2.686900,2.782811,-0.014695
2.686900,2.727489,0.008108
2.686900,5.157664,0.124994
2.686900,4.666169,-0.117355
2.686900,2.714226,-0.006498
2.686900,2.794545,0.016069
2.686900,7.673835,0.119830
2.686900,3.656480,-0.082633
2.686900,2.688464,-0.002738
2.686900,2.895969,0.026767
2.686900,10.563825,0.066711
2.686900,3.230103,-0.055731
2.686900,2.686266,0.000027
2.686900,3.237619,0.056293
2.686900,10.501271,-0.068457
2.686900,2.892877,-0.026458
2.686900,2.688756,0.002795
2.686900,3.669663,0.083318
2.686900,7.611256,-0.120510
2.686900,2.792809,-0.015870
2.686900,2.715795,0.006692
2.686900,4.724277,0.118501
2.686900,5.087133,-0.124163
2.686900,2.725592,-0.007880
2.686900,2.784278,0.014869
2.686900,7.297735,0.123604
2.686900,3.740458,-0.086866
2.686900,2.690552,-0.003075
2.686900,2.883640,0.025521
2.686900,10.303214,0.073702
2.686900,3.261406,-0.058049
2.686900,2.686572,-0.000163
2.686900,3.216313,0.054686
2.686900,10.678242,-0.063391
2.686900,2.901893,-0.027352
2.686900,2.688642,0.002715
2.686900,3.656149,0.082614
2.686900,7.675491,-0.119812
2.686900,2.794636,-0.016070
2.686900,2.715433,0.006637
2.686900,4.709163,0.118210
2.686900,5.105098,-0.124382
2.686900,2.726115,-0.007934
2.686900,2.785081,0.014953
2.686900,7.325649,0.123350
2.686900,3.733825,-0.086541
2.686900,2.690568,-0.003028
2.686900,2.890273,0.026184
2.686900,10.445927,0.069963
2.686900,3.244294,-0.056785
2.686900,2.686900,-0.000001
2.686900,3.244064,0.056768
2.686900,10.447842,-0.069911
2.686900,2.890364,-0.026194
2.686900,2.690557,0.003026
2.686900,3.733365,0.086518
2.686900,7.327592,-0.123332
2.686900,2.785134,-0.014959
2.686900,2.726059,0.007927
2.686900,5.103007,0.124357
2.686900,4.710912,-0.118244
2.686900,2.715480,-0.006642
2.686900,2.794594,0.016065
2.686900,7.673950,0.119829
2.686900,3.656471,-0.082631
2.686900,2.688650,-0.002716
2.686900,2.901857,0.027349
2.686900,10.677548,0.063412
2.686900,3.216397,-0.054693
2.686900,2.686574,0.000163
2.686900,3.261399,0.058049
2.686900,10.303274,-0.073701
2.686900,2.883643,-0.025522
2.686900,2.690558,0.003076
2.686900,3.740651,0.086875
2.686900,7.296930,-0.123612
2.686900,2.784256,-0.014867
2.686900,2.725625,0.007884
2.686900,5.088356,0.124178
2.686900,4.723240,-0.118481
2.686900,2.715768,-0.006689
2.686900,2.792844,0.015874
2.686900,7.612493,0.120497
2.686900,3.669400,-0.083305
2.686900,2.688751,-0.002794
2.686900,2.892954,0.026465
2.686900,10.502845,0.068413
2.686900,3.237431,-0.056279
2.686900,2.686267,-0.000026
2.686900,3.230321,0.055747
2.686900,10.562011,-0.066762
2.686900,2.895878,-0.026758
2.686900,2.688474,0.002740
2.686900,3.656928,0.082657
2.686900,7.671685,-0.119854
2.686900,2.794486,-0.016062
2.686900,2.714283,0.006505
2.686900,4.668264,0.117397
2.686900,5.155048,-0.124964
2.686900,2.727419,-0.008099
2.686900,2.782870,0.014702
2.686900,7.245230,0.124069
2.686900,3.753164,-0.087480
2.686900,2.690888,-0.003124
2.686900,2.882452,0.025400
2.686900,10.276525,0.074379
2.686900,3.264619,-0.058283
2.686900,2.686642,-0.000178
2.686900,3.215398,0.054616
2.686900,10.685825,-0.063165
2.686900,2.902302,-0.027392
2.686900,2.688763,0.002726
2.686900,3.659820,0.082806
2.686900,7.657935,-0.120005
2.686900,2.794159,-0.016013
2.686900,2.716154,0.006723
2.686900,4.735504,0.118714
2.686900,5.073983,-0.123999
2.686900,2.725286,-0.007832
2.686900,2.785999,0.015059
2.686900,7.359293,0.123039
2.686900,3.725909,-0.086152
2.686900,2.690402,-0.002992
2.686900,2.892417,0.026399
2.686900,10.490491,0.068752
2.686900,3.238948,-0.056387
2.686900,2.686933,0.000042
2.686900,3.250496,0.057244
2.686900,10.394246,-0.071340
2.686900,2.887843,-0.025939
2.686900,2.690942,0.003090
2.686900,3.749172,0.087286
2.686900,7.261668,-0.123925
2.686900,2.783355,-0.014750
2.686900,2.728117,0.008175
2.686900,5.179799,0.125238
2.686900,4.648621,-0.116994
2.686900,2.713794,-0.006435
2.686900,2.796359,0.016268
2.686900,7.737413,0.119119
2.686900,3.643391,-0.081944
2.686900,2.688348,-0.002660
2.686900,2.904554,0.027617
2.686900,10.727830,0.061897
2.686900,3.210291,-0.054228
2.686900,2.686536,0.000202
2.686900,3.266282,0.058405
2.686900,10.262659,-0.074729
2.686900,2.881825,-0.025338
2.686900,2.690692,0.003105
2.686900,3.747187,0.087192
2.686900,7.269780,-0.123854
2.686900,2.783517,-0.014782
2.686900,2.726262,0.007962
2.686900,5.112317,0.124469
2.686900,4.703137,-0.118093
2.686900,2.715215,-0.006623
2.686900,2.793142,0.015910
2.686900,7.623620,0.120378
2.686900,3.667032,-0.083183
2.686900,2.688659,-0.002788
2.686900,2.892259,0.026397
2.686900,10.488684,0.068802
2.686900,3.239127,-0.056406
2.686900,2.686200,-0.000046
2.686900,3.226450,0.055456
2.686900,10.594143,-0.065848
2.686900,2.897493,-0.026921
2.686900,2.688176,0.002693
2.686900,3.645124,0.082037
2.686900,7.728839,-0.119216
2.686900,2.796070,-0.016246
2.686900,2.712620,0.006301
2.686900,4.607133,0.116115
2.686900,5.233705,-0.125801
2.686900,2.729519,-0.008353
2.686900,2.780900,0.014471
2.686900,7.172170,0.124690
2.686900,3.771287,-0.088344
2.686900,2.691309,-0.003199
2.686900,2.878934,0.025043
2.686900,10.196489,0.076373
2.686900,3.274262,-0.058984
2.686900,2.686620,-0.000250
2.686900,3.205098,0.053830
2.686900,10.770441,-0.060583
2.686900,2.906908,-0.027849
2.686900,2.688351,0.002643
2.686900,3.640985,0.081816
2.686900,7.749259,-0.118984
2.686900,2.796703,-0.016305
2.686900,2.713866,0.006441
2.686900,4.650810,0.117039
2.686900,5.177020,-0.125207
2.686900,2.728054,-0.008165
2.686900,2.783748,0.014793
2.686900,7.275739,0.123801
2.686900,3.745767,-0.087121
2.686900,2.690907,-0.003070
2.686900,2.889884,0.026143
2.686900,10.437487,0.070189
2.686900,3.245313,-0.056860
2.686900,2.687020,0.000006
2.686900,3.246945,0.056981
2.686900,10.423884,-0.070554
2.686900,2.889241,-0.026078
2.686900,2.690985,0.003084
2.686900,3.749111,0.087283
2.686900,7.261934,-0.123923
2.686900,2.783375,-0.014749
2.686900,2.728461,0.008214
2.686900,5.192245,0.125372
2.686900,4.638887,-0.116791
2.686900,2.713543,-0.006401
2.686900,2.797039,0.016343
2.686900,7.761292,0.118846
2.686900,3.638547,-0.081687
2.686900,2.688294,-0.002633
2.686900,2.907386,0.027896
2.686900,10.779014,0.060315
2.686900,3.204049,-0.053749
2.686900,2.686610,0.000256
2.686900,3.274983,0.059037
2.686900,10.190514,-0.076519
2.686900,2.878675,-0.025017
2.686900,2.691318,0.003202
2.686900,3.771871,0.088372
2.686900,7.169848,-0.124709
2.686900,2.780836,-0.014464
2.686900,2.729547,0.008357
2.686900,5.234805,0.125812
2.686900,4.606305,-0.116097
2.686900,2.712596,-0.006299
2.686900,2.796045,0.016243
2.686900,7.728015,0.119225
2.686900,3.645292,-0.082046
2.686900,2.688173,-0.002694
2.686900,2.897242,0.026896
2.686900,10.589205,0.065990
2.686900,3.227044,-0.055501
2.686900,2.686189,0.000040
2.686900,3.238181,0.056336
2.686900,10.496558,-0.068586
2.686900,2.892640,-0.026435
2.686900,2.688595,0.002778
2.686900,3.664493,0.083051
2.686900,7.635616,-0.120248
2.686900,2.793473,-0.015948
2.686900,2.714869,0.006580
2.686900,4.690368,0.117841
2.686900,5.127789,-0.124652
2.686900,2.726677,-0.008012
2.686900,2.783157,0.014739
2.686900,7.256414,0.123972
2.686900,3.750432,-0.087348
2.686900,2.690772,-0.003118
2.686900,2.881327,0.025288
2.686900,10.251398,0.075011
2.686900,3.267638,-0.058504
2.686900,2.686541,-0.000211
2.686900,3.209117,0.054138
2.686900,10.737479,-0.061602
2.686900,2.905081,-0.027669
2.686900,2.688319,0.002653
2.686900,3.641850,0.081862
2.686900,7.744984,-0.119033
2.686900,2.796572,-0.016292
2.686900,2.713638,0.006415
2.686900,4.642800,0.116873
2.686900,5.187225,-0.125318
2.686900,2.728317,-0.008199
2.686900,2.783214,0.014733
2.686900,7.256384,0.123972
2.686900,3.750457,-0.087348
2.686900,2.690978,-0.003094
2.686900,2.887773,0.025932
2.686900,10.392706,0.071381
2.686900,3.250681,-0.057258
2.686900,2.686944,-0.000042
2.686900,3.239113,0.056399
2.686900,10.489126,-0.068789
2.686900,2.892352,-0.026393
2.686900,2.690435,0.002997
2.686900,3.727103,0.086211
2.686900,7.354193,-0.123086
2.686900,2.785862,-0.015043
2.686900,2.725475,0.007855
2.686900,5.080980,0.124087
2.686900,4.729521,-0.118601
2.686900,2.715993,-0.006703
2.686900,2.794347,0.016034
2.686900,7.664713,0.119930
2.686900,3.658401,-0.082732
2.686900,2.688734,-0.002720
2.686900,2.902695,0.027431
2.686900,10.693177,0.062945
2.686900,3.214506,-0.054548
2.686900,2.686644,0.000184
2.686900,3.265563,0.058352
2.686900,10.268682,-0.074577
2.686900,2.882103,-0.025364
2.686900,2.690938,0.003132
2.686900,3.755239,0.087579
2.686900,7.236756,-0.124143
2.686900,2.782641,-0.014675
2.686900,2.727676,0.008130
2.686900,5.164664,0.125072
2.686900,4.660582,-0.117241
2.686900,2.714074,-0.006480
2.686900,2.794692,0.016086
2.686900,7.679127,0.119772
2.686900,3.655378,-0.082576
2.686900,2.688436,-0.002733
2.686900,2.896135,0.026784
2.686900,10.567152,0.066617
2.686900,3.229702,-0.055701
2.686900,2.686261,0.000029
2.686900,3.237849,0.056311
2.686900,10.499357,-0.068509
2.686900,2.892783,-0.026448
2.686900,2.688753,0.002796
2.686900,3.669649,0.083318
2.686900,7.611320,-0.120510
2.686900,2.792810,-0.015870
2.686900,2.715773,0.006689
2.686900,4.723457,0.118486
2.686900,5.088100,-0.124175
2.686900,2.725618,-0.007883
2.686900,2.784238,0.014865
2.686900,7.296301,0.123617
2.686900,3.740801,-0.086882
2.686900,2.690558,-0.003077
2.686900,2.883511,0.025508
2.686900,10.300358,0.073775
2.686900,3.261750,-0.058074
2.686900,2.686568,-0.000166
2.686900,3.215841,0.054650
2.686900,10.682137,-0.063275
2.686900,2.902100,-0.027373
2.686900,2.688616,0.002710
2.686900,3.655046,0.082557
2.686900,7.680794,-0.119753
2.686900,2.794783,-0.016087
2.686900,2.715287,0.006619
2.686900,4.703764,0.118104
2.686900,5.111577,-0.124460
2.686900,2.726289,-0.007955
2.686900,2.784931,0.014935
2.686900,7.320086,0.123401
2.686900,3.735144,-0.086605
2.686900,2.690600,-0.003033
2.686900,2.890066,0.026164
2.686900,10.441567,0.070080
2.686900,3.244817,-0.056824
2.686900,2.686903,-0.000004
2.686900,3.243648,0.056737
2.686900,10.451315,-0.069817
2.686900,2.890530,-0.026210
2.686900,2.690546,0.003023
2.686900,3.732802,0.086491
2.686900,7.329974,-0.123311
2.686900,2.785199,-0.014967
2.686900,2.726004,0.007920
2.686900,5.100925,0.124332
2.686900,4.712656,-0.118277
2.686900,2.715528,-0.006648
2.686900,2.794566,0.016061
2.686900,7.672934,0.119840
2.686900,3.656683,-0.082642
2.686900,2.688658,-0.002716
2.686900,2.901910,0.027354
2.686900,10.678541,0.063383
2.686900,3.216277,-0.054684
2.686900,2.686580,0.000164
2.686900,3.261702,0.058071
2.686900,10.300756,-0.073765
2.686900,2.883530,-0.025510
2.686900,2.690587,0.003080
2.686900,3.741750,0.086928
2.686900,7.292346,-0.123653
2.686900,2.784133,-0.014852
2.686900,2.725781,0.007903
2.686900,5.094158,0.124250
2.686900,4.718336,-0.118387
2.686900,2.715635,-0.006672
2.686900,2.792982,0.015889
2.686900,7.617492,0.120444
2.686900,3.668336,-0.083250
2.686900,2.688726,-0.002790
2.686900,2.893172,0.026487
2.686900,10.507319,0.068290
2.686900,3.236893,-0.056239
2.686900,2.686266,-0.000022
2.686900,3.230814,0.055784
2.686900,10.557912,-0.066878
2.686900,2.895673,-0.026738
2.686900,2.688490,0.002743
2.686900,3.657675,0.082696
2.686900,7.668104,-0.119893
2.686900,2.794386,-0.016051
2.686900,2.714366,0.006516
2.686900,4.671345,0.117460
2.686900,5.151213,-0.124921
2.686900,2.727316,-0.008087
2.686900,2.782946,0.014711
2.686900,7.248092,0.124044
2.686900,3.752465,-0.087446
2.686900,2.690869,-0.003121
2.686900,2.882506,0.025405
2.686900,10.277740,0.074349
2.686900,3.264473,-0.058273
2.686900,2.686637,-0.000177
2.686900,3.215396,0.054616
2.686900,10.685833,-0.063165
2.686900,2.902303,-0.027392
2.686900,2.688753,0.002725
2.686900,3.659481,0.082788
2.686900,7.659551,-0.119987
2.686900,2.794203,-0.016018
2.686900,2.716095,0.006716
2.686900,4.733358,0.118674
2.686900,5.076487,-0.124030
2.686900,2.725353,-0.007840
2.686900,2.785930,0.015051
2.686900,7.356755,0.123062
2.686900,3.726503,-0.086182
2.686900,2.690415,-0.002995
2.686900,2.892273,0.026385
2.686900,10.487538,0.068833
2.686900,3.239303,-0.056414
2.686900,2.686932,0.000039
2.686900,3.250098,0.057215
2.686900,10.397559,-0.071253
2.686900,2.887997,-0.025955
2.686900,2.690920,0.003086
2.686900,3.748245,0.087241
2.686900,7.265485,-0.123891
2.686900,2.783458,-0.014762
2.686900,2.727999,0.008161
2.686900,5.175390,0.125190
2.686900,4.652093,-0.117066
2.686900,2.713888,-0.006446
2.686900,2.796257,0.016256
2.686900,7.733760,0.119160
2.686900,3.644136,-0.081983
2.686900,2.688365,-0.002664
2.686900,2.904388,0.027601
2.686900,10.724786,0.061990
2.686900,3.210662,-0.054256
2.686900,2.686538,0.000200
2.686900,3.265969,0.058383
2.686900,10.265260,-0.074663
2.686900,2.881940,-0.025350
2.686900,2.690682,0.003103
2.686900,3.746711,0.087169
2.686900,7.271746,-0.123837
2.686900,2.783570,-0.014788
2.686900,2.726212,0.007956
2.686900,5.110433,0.124447
2.686900,4.704704,-0.118123
2.686900,2.715258,-0.006628
2.686900,2.793113,0.015907
2.686900,7.622555,0.120389
2.686900,3.667258,-0.083194
2.686900,2.688666,-0.002789
2.686900,2.892280,0.026399
2.686900,10.489116,0.068790
2.686900,3.239075,-0.056402
2.686900,2.686204,-0.000045
2.686900,3.226630,0.055470
2.686900,10.592652,-0.065891
2.686900,2.897418,-0.026913
2.686900,2.688191,0.002695
2.686900,3.645732,0.082069
2.686900,7.725871,-0.119250
2.686900,2.795987,-0.016236
2.686900,2.712707,0.006312
2.686900,4.610336,0.116184
2.686900,5.229459,-0.125758
2.686900,2.729406,-0.008340
2.686900,2.781010,0.014484
2.686900,7.176251,0.124656
2.686900,3.770260,-0.088296
2.686900,2.691286,-0.003195
2.686900,2.879149,0.025065
2.686900,10.201445,0.076251
2.686900,3.273664,-0.058941
2.686900,2.686623,-0.000245
2.686900,3.205776,0.053882
2.686900,10.764902,-0.060756
2.686900,2.906600,-0.027818
2.686900,2.688380,0.002649
2.686900,3.642274,0.081884
2.686900,7.742918,-0.119056
2.686900,2.796526,-0.016284
2.686900,2.714026,0.006460
2.686900,4.656700,0.117161
2.686900,5.169567,-0.125126
2.686900,2.727854,-0.008141
2.686900,2.783919,0.014813
2.686900,7.282101,0.123744
2.686900,3.744233,-0.087047
2.686900,2.690869,-0.003064
2.686900,2.890130,0.026168
2.686900,10.442689,0.070050
2.686900,3.244689,-0.056814
2.686900,2.687016,0.000010
2.686900,3.247466,0.057020
2.686900,10.419535,-0.070670
2.686900,2.889036,-0.026058
2.686900,2.691002,0.003088
2.686900,3.749920,0.087322
2.686900,7.258603,-0.123952
2.686900,2.783284,-0.014739
2.686900,2.728546,0.008225
2.686900,5.195466,0.125406
2.686900,4.636384,-0.116738
2.686900,2.713475,-0.006392
2.686900,2.797096,0.016350
2.686900,7.763343,0.118823
2.686900,3.638132,-0.081665
2.686900,2.688282,-0.002631
2.686900,2.907403,0.027898
2.686900,10.779318,0.060306
2.686900,3.204012,-0.053747
2.686900,2.686605,0.000256
2.686900,3.274859,0.059028
2.686900,10.191541,-0.076494
2.686900,2.878718,-0.025021
2.686900,2.691298,0.003200
2.686900,3.771158,0.088338
2.686900,7.172679,-0.124686
2.686900,2.780912,-0.014473
2.686900,2.729441,0.008344
2.686900,5.230851,0.125772
2.686900,4.609284,-0.116161
2.686900,2.712676,-0.006309
2.686900,2.795933,0.016231
2.686900,7.724034,0.119270
2.686900,3.646107,-0.082089
2.686900,2.688188,-0.002698
2.686900,2.896964,0.026868
2.686900,10.583728,0.066146
2.686900,3.227703,-0.055551
2.686900,2.686186,0.000035
2.686900,3.237396,0.056277
2.686900,10.503095,-0.068406
2.686900,2.892958,-0.026467
2.686900,2.688555,0.002771
2.686900,3.662804,0.082963
2.686900,7.643627,-0.120161
2.686900,2.793695,-0.015974
2.686900,2.714652,0.006554
2.686900,4.682362,0.117682
2.686900,5.137591,-0.124766
2.686900,2.726940,-0.008044
2.686900,2.782938,0.014713
2.686900,7.248273,0.124043
2.686900,3.752416,-0.087444
2.686900,2.690822,-0.003126
2.686900,2.881062,0.025261
2.686900,10.245372,0.075162
2.686900,3.268364,-0.058557
2.686900,2.686547,-0.000216
2.686900,3.208576,0.054097
2.686900,10.741918,-0.061466
2.686900,2.905324,-0.027693
2.686900,2.688313,0.002650
2.686900,3.641369,0.081837
2.686900,7.747351,-0.119006
2.686900,2.796639,-0.016300
2.686900,2.713605,0.006411
2.686900,4.641565,0.116847
2.686900,5.188807,-0.125335
2.686900,2.728360,-0.008204
2.686900,2.783201,0.014731
2.686900,7.255873,0.123976
2.686900,3.750581,-0.087354
2.686900,2.690984,-0.003095
2.686900,2.887859,0.025940
2.686900,10.394552,0.071332
2.686900,3.250460,-0.057241
2.686900,2.686951,-0.000039
2.686900,3.239558,0.056433
2.686900,10.485420,-0.068891
2.686900,2.892173,-0.026374
2.686900,2.690472,0.003002
2.686900,3.728543,0.086282
2.686900,7.348055,-0.123143
2.686900,2.785696,-0.015023
2.686900,2.725678,0.007879
2.686900,5.088534,0.124180
2.686900,4.723101,-0.118478
2.686900,2.715819,-0.006682
2.686900,2.794531,0.016055
2.686900,7.671320,0.119858
2.686900,3.657022,-0.082660
2.686900,2.688703,-0.002714
2.686900,2.902998,0.027461
2.686900,10.698862,0.062774
2.686900,3.213816,-0.054496
2.686900,2.686641,0.000189
2.686900,3.266168,0.058396
2.686900,10.263659,-0.074704
2.686900,2.881880,-0.025342
2.686900,2.690961,0.003136
2.686900,3.756247,0.087628
2.686900,7.232649,-0.124178
2.686900,2.782530,-0.014662
2.686900,2.727788,0.008144
2.686900,5.168826,0.125118
2.686900,4.657276,-0.117173
2.686900,2.713984,-0.006469
2.686900,2.794766,0.016095
2.686900,7.681826,0.119742
2.686900,3.654817,-0.082546
2.686900,2.688421,-0.002731
2.686900,2.896159,0.026786
2.686900,10.567642,0.066603
2.686900,3.229643,-0.055696
2.686900,2.686255,0.000029
2.686900,3.237717,0.056301
2.686900,10.500456,-0.068479
2.686900,2.892836,-0.026454
2.686900,2.688733,0.002793
2.686900,3.668942,0.083281
2.686900,7.614642,-0.120474
2.686900,2.792902,-0.015881
2.686900,2.715664,0.006676
2.686900,4.719478,0.118409
2.686900,5.092805,-0.124233
2.686900,2.725744,-0.007898
2.686900,2.784121,0.014851
2.686900,7.291950,0.123656
2.686900,3.741845,-0.086933
2.686900,2.690582,-0.003081
2.686900,2.883315,0.025489
2.686900,10.296006,0.073886
2.686900,3.262273,-0.058112
2.686900,2.686568,-0.000170
2.686900,3.215315,0.054610
2.686900,10.686477,-0.063146
2.686900,2.902330,-0.027396
2.686900,2.688596,0.002706
2.686900,3.654140,0.082509
2.686900,7.685154,-0.119705
2.686900,2.794905,-0.016101
2.686900,2.715180,0.006605
2.686900,4.699797,0.118027
2.686900,5.116360,-0.124517
2.686900,2.726417,-0.007970
2.686900,2.784830,0.014923
2.686900,7.316359,0.123435
2.686900,3.736030,-0.086649
2.686900,2.690623,-0.003036
2.686900,2.889976,0.026154
2.686900,10.439656,0.070131
2.686900,3.245047,-0.056841
2.686900,2.686908,-0.000005
2.686900,3.243586,0.056733
2.686900,10.451833,-0.069803
2.686900,2.890555,-0.026213
2.686900,2.690555,0.003024
2.686900,3.733101,0.086505
2.686900,7.328710,-0.123322
2.686900,2.785165,-0.014962
2.686900,2.726061,0.007927
2.686900,5.103038,0.124357
2.686900,4.710886,-0.118243
2.686900,2.715481,-0.006642
2.686900,2.794633,0.016069
2.686900,7.675300,0.119814
2.686900,3.656190,-0.082617
2.686900,2.688649,-0.002714
2.686900,2.902086,0.027371
2.686900,10.681859,0.063284
2.686900,3.215875,-0.054653
2.686900,2.686582,0.000167
2.686900,3.262190,0.058106
2.686900,10.296697,-0.073868
2.686900,2.883348,-0.025492
2.686900,2.690616,0.003085
2.686900,3.742964,0.086987
2.686900,7.287291,-0.123698
2.686900,2.783997,-0.014836
2.686900,2.725939,0.007922
2.686900,5.100041,0.124321
2.686900,4.713387,-0.118292
2.686900,2.715501,-0.006656
2.686900,2.793109,0.015904
2.686900,7.622099,0.120394
2.686900,3.667358,-0.083199
2.686900,2.688701,-0.002786
2.686900,2.893317,0.026502
2.686900,10.510296,0.068207
2.686900,3.236535,-0.056212
2.686900,2.686262,-0.000020
2.686900,3.231031,0.055800
2.686900,10.556102,-0.066929
2.686900,2.895582,-0.026729
2.686900,2.688488,0.002744
2.686900,3.657714,0.082698
2.686900,7.667915,-0.119896
2.686900,2.794380,-0.016050
2.686900,2.714353,0.006514
2.686900,4.670897,0.117451
2.686900,5.151770,-0.124927
2.686900,2.727330,-0.008089
2.686900,2.782918,0.014708
2.686900,7.247083,0.124053
2.686900,3.752711,-0.087458
2.686900,2.690873,-0.003122
2.686900,2.882401,0.025395
2.686900,10.275395,0.074408
2.686900,3.264755,-0.058293
2.686900,2.686634,-0.000180
2.686900,3.214993,0.054585
2.686900,10.689160,-0.063065
2.686900,2.902479,-0.027410
2.686900,2.688730,0.002721
2.686900,3.658508,0.082737
2.686900,7.664201,-0.119936
2.686900,2.794332,-0.016033
2.686900,2.715965,0.006700
2.686900,4.728549,0.118582
2.686900,5.082120,-0.124101
2.686900,2.725504,-0.007858
2.686900,2.785799,0.015036
2.686900,7.351943,0.123107
2.686900,3.727630,-0.086237
2.686900,2.690443,-0.002999
2.686900,2.892101,0.026368
2.686900,10.483979,0.068930
2.686900,3.239730,-0.056446
2.686900,2.686935,0.000036
2.686900,3.249784,0.057192
2.686900,10.400181,-0.071183
2.686900,2.888120,-0.025967
2.686900,2.690913,0.003084
2.686900,3.747893,0.087224
2.686900,7.266940,-0.123879
2.686900,2.783498,-0.014766
2.686900,2.727970,0.008157
2.686900,5.174298,0.125178
2.686900,4.652955,-0.117084
2.686900,2.713912,-0.006449
2.686900,2.796249,0.016255
2.686900,7.733473,0.119163
2.686900,3.644194,-0.081986
2.686900,2.688369,-0.002663
2.686900,2.904455,0.027607
2.686900,10.725997,0.061953
2.686900,3.210515,-0.054245
2.686900,2.686542,0.000201
2.686900,3.266252,0.058403
2.686900,10.262912,-0.074723
2.686900,2.881837,-0.025339
2.686900,2.690706,0.003107
2.686900,3.747653,0.087214
2.686900,7.267858,-0.123871
2.686900,2.783466,-0.014775
2.686900,2.726343,0.007972
2.686900,5.115302,0.124505
2.686900,4.700662,-0.118044
2.686900,2.715149,-0.006614
2.686900,2.793228,0.015920
2.686900,7.626697,0.120345
2.686900,3.666380,-0.083149
2.686900,2.688645,-0.002785
2.686900,2.892460,0.026417
2.686900,10.492827,0.068689
2.686900,3.238630,-0.056369
2.686900,2.686203,-0.000042
2.686900,3.227039,0.055501
2.686900,10.589255,-0.065988
2.686900,2.897246,-0.026896
2.686900,2.688204,0.002698
2.686900,3.646336,0.082101
2.686900,7.722919,-0.119283
2.686900,2.795904,-0.016227
2.686900,2.712774,0.006320
2.686900,4.612800,0.116237
2.686900,5.226203,-0.125725
2.686900,2.729319,-0.008329
2.686900,2.781079,0.014492
2.686900,7.178838,0.124635
2.686900,3.769610,-0.088265
2.686900,2.691269,-0.003192
2.686900,2.879226,0.025073
2.686900,10.203226,0.076207
2.686900,3.273449,-0.058925
2.686900,2.686621,-0.000244
2.686900,3.205918,0.053893
2.686900,10.763732,-0.060792
2.686900,2.906535,-0.027812
2.686900,2.688380,0.002649
2.686900,3.642351,0.081888
2.686900,7.742540,-0.119060
2.686900,2.796515,-0.016283
2.686900,2.714025,0.006460
2.686900,4.656704,0.117161
2.686900,5.169562,-0.125126
2.686900,2.727854,-0.008141
2.686900,2.783910,0.014812
2.686900,7.281796,0.123747
2.686900,3.744306,-0.087051
2.686900,2.690870,-0.003065
2.686900,2.890079,0.026163
2.686900,10.441610,0.070079
2.686900,3.244818,-0.056823
2.686900,2.687014,0.000009
2.686900,3.247262,0.057004
2.686900,10.421240,-0.070624
2.686900,2.889115,-0.026066
2.686900,2.690987,0.003086
2.686900,3.749307,0.087292
2.686900,7.261124,-0.123930
2.686900,2.783352,-0.014747
2.686900,2.728462,0.008214
2.686900,5.192336,0.125373
2.686900,4.638816,-0.116789
2.686900,2.713540,-0.006401
2.686900,2.797015,0.016341
2.686900,7.760473,0.118855
2.686900,3.638712,-0.081696
2.686900,2.688294,-0.002634
2.686900,2.907234,0.027881
2.686900,10.776298,0.060400
2.686900,3.204381,-0.053775
2.686900,2.686605,0.000253
2.686900,3.274479,0.059000
2.686900,10.194689,-0.076417
2.686900,2.878855,-0.025035
2.686900,2.691279,0.003196
2.686900,3.770336,0.088299
2.686900,7.175948,-0.124659
2.686900,2.781000,-0.014484
2.686900,2.729341,0.008332
2.686900,5.227110,0.125734
2.686900,4.612112,-0.116222
2.686900,2.712753,-0.006318
2.686900,2.795849,0.016221
2.686900,7.721017,0.119304
2.686900,3.646725,-0.082122
2.686900,2.688202,-0.002701
2.686900,2.896829,0.026855
2.686900,10.581069,0.066222
2.686900,3.228024,-0.055575
2.686900,2.686187,0.000033
2.686900,3.237108,0.056256
2.686900,10.505493,-0.068340
2.686900,2.893075,-0.026479
2.686900,2.688547,0.002769
2.686900,3.662378,0.082941
2.686900,7.645649,-0.120139
2.686900,2.793751,-0.015980
2.686900,2.714605,0.006548
2.686900,4.680630,0.117647
2.686900,5.139723,-0.124790
2.686900,2.726998,-0.008051
2.686900,2.782897,0.014708
2.686900,7.246735,0.124056
2.686900,3.752792,-0.087462
2.686900,2.690832,-0.003128
2.686900,2.881042,0.025258
2.686900,10.244909,0.075174
2.686900,3.268420,-0.058561
2.686900,2.686550,-0.000216
2.686900,3.208616,0.054100
2.686900,10.741596,-0.061476
2.686900,2.905307,-0.027692
2.686900,2.688320,0.002651
2.686900,3.641646,0.081852
2.686900,7.745987,-0.119021
2.686900,2.796601,-0.016295
2.686900,2.713649,0.006416
2.686900,4.643186,0.116881
2.686900,5.186732,-0.125313
2.686900,2.728305,-0.008197
2.686900,2.783258,0.014738
2.686900,7.257970,0.123958
2.686900,3.750071,-0.087329
2.686900,2.690973,-0.003092
2.686900,2.887982,0.025953
2.686900,10.397189,0.071263
2.686900,3.250144,-0.057218
2.686900,2.686952,-0.000037
2.686900,3.239928,0.056460
2.686900,10.482334,-0.068975
2.686900,2.892024,-0.026359
2.686900,2.690493,0.003006
2.686900,3.729414,0.086325
2.686900,7.344348,-0.123178
2.686900,2.785596,-0.015011
2.686900,2.725791,0.007893
2.686900,5.092740,0.124232
2.686900,4.719545,-0.118410
2.686900,2.715723,-0.006670
2.686900,2.794623,0.016066
2.686900,7.674669,0.119821
2.686900,3.656324,-0.082623
2.686900,2.688686,-0.002711
2.686900,2.903112,0.027472
2.686900,10.700991,0.062710
2.686900,3.213558,-0.054476
2.686900,2.686637,0.000191
2.686900,3.266313,0.058407
2.686900,10.262444,-0.074734
2.686900,2.881826,-0.025336
2.686900,2.690959,0.003137
2.686900,3.756240,0.087627
2.686900,7.232677,-0.124178
2.686900,2.782530,-0.014663
2.686900,2.727772,0.008142
2.686900,5.168279,0.125112
2.686900,4.657710,-0.117182
2.686900,2.713995,-0.006470
2.686900,2.794739,0.016092
2.686900,7.680852,0.119753
2.686900,3.655019,-0.082557
2.686900,2.688423,-0.002732
2.686900,2.896051,0.026776
2.686900,10.565487,0.066664
2.686900,3.229902,-0.055716
2.686900,2.686252,0.000027
2.686900,3.237356,0.056274
2.686900,10.503462,-0.068396
2.686900,2.892982,-0.026469
2.686900,2.688711,0.002789
2.686900,3.668050,0.083235
2.686900,7.618836,-0.120429
2.686900,2.793017,-0.015894
2.686900,2.715545,0.006662
2.686900,4.715080,0.118325
2.686900,5.098026,-0.124297
2.686900,2.725884,-0.007915
2.686900,2.784002,0.014837
2.686900,7.287562,0.123696
2.686900,3.742899,-0.086984
2.686900,2.690609,-0.003085
2.686900,2.883170,0.025474
2.686900,10.292767,0.073968
2.686900,3.262662,-0.058141
2.686900,2.686571,-0.000172
2.686900,3.215025,0.054588
2.686900,10.688865,-0.063074
2.686900,2.902458,-0.027409
2.686900,2.688592,0.002705
2.686900,3.653875,0.082495
2.686900,7.686434,-0.119691
2.686900,2.794941,-0.016105
2.686900,2.715161,0.006603
2.686900,4.699087,0.118013
2.686900,5.117218,-0.124527
2.686900,2.726441,-0.007973
2.686900,2.784825,0.014923
2.686900,7.316116,0.123437
2.686900,3.736088,-0.086651
2.686900,2.690627,-0.003036
2.686900,2.890031,0.026160
2.686900,10.440807,0.070100
2.686900,3.244909,-0.056831
2.686900,2.686912,-0.000004
2.686900,3.243856,0.056753
2.686900,10.449585,-0.069864
2.686900,2.890448,-0.026202
2.686900,2.690577,0.003028
2.686900,3.733975,0.086548
2.686900,7.325020,-0.123356
2.686900,2.785066,-0.014951
2.686900,2.726184,0.007942
2.686900,5.107607,0.124412
2.686900,4.707069,-0.118169
2.686900,2.715378,-0.006629
2.686900,2.794744,0.016082
2.686900,7.679310,0.119769
2.686900,3.655355,-0.082573
2.686900,2.688630,-0.002710
2.686900,2.902278,0.027390
2.686900,10.685465,0.063176
2.686900,3.215438,-0.054620
2.686900,2.686581,0.000170
2.686900,3.262590,0.058136
2.686900,10.293374,-0.073953
2.686900,2.883199,-0.025477
2.686900,2.690632,0.003088
2.686900,3.743669,0.087021
2.686900,7.284364,-0.123724
2.686900,2.783917,-0.014827
2.686900,2.726020,0.007932
2.686900,5.103054,0.124358
2.686900,4.710863,-0.118243
2.686900,2.715432,-0.006648
2.686900,2.793163,0.015911
2.686900,7.624067,0.120373
2.686900,3.666940,-0.083177
2.686900,2.688690,-0.002784
2.686900,2.893326,0.026503
2.686900,10.510491,0.068202
2.686900,3.236512,-0.056211
2.686900,2.686257,-0.000020
2.686900,3.230902,0.055791
2.686900,10.557176,-0.066899
2.686900,2.895635,-0.026734
2.686900,2.688472,0.002741
2.686900,3.657121,0.082667
2.686900,7.670755,-0.119864
2.686900,2.794459,-0.016059
2.686900,2.714264,0.006503
2.686900,4.667618,0.117384
2.686900,5.155855,-0.124973
2.686900,2.727439,-0.008102
2.686900,2.782814,0.014696
2.686900,7.243223,0.124087
2.686900,3.753654,-0.087503
2.686900,2.690895,-0.003126
2.686900,2.882211,0.025375
2.686900,10.271131,0.074516
2.686900,3.265268,-0.058331
2.686900,2.686633,-0.000184
2.686900,3.214441,0.054543
2.686900,10.693711,-0.062929
2.686900,2.902722,-0.027434
2.686900,2.688707,0.002716
2.686900,3.657470,0.082683
2.686900,7.669172,-0.119881
2.686900,2.794470,-0.016049
2.686900,2.715838,0.006684
2.686900,4.723829,0.118492
2.686900,5.087675,-0.124170
2.686900,2.725654,-0.007876
2.686900,2.785681,0.015022
2.686900,7.347532,0.123148
2.686900,3.728666,-0.086288
2.686900,2.690470,-0.003003
2.686900,2.891988,0.026356
2.686900,10.481607,0.068995
2.686900,3.240015,-0.056467
2.686900,2.686941,0.000035
2.686900,3.249688,0.057184
2.686900,10.400988,-0.071162
2.686900,2.888158,-0.025971
2.686900,2.690923,0.003085
2.686900,3.748182,0.087238
2.686900,7.265749,-0.123889
2.686900,2.783467,-0.014763
2.686900,2.728029,0.008164
2.686900,5.176465,0.125201
2.686900,4.651245,-0.117048
2.686900,2.713866,-0.006443
2.686900,2.796324,0.016264
2.686900,7.736099,0.119133
2.686900,3.643659,-0.081958
2.686900,2.688360,-0.002661
2.686900,2.904680,0.027629
2.686900,10.730125,0.061827
2.686900,3.210012,-0.054207
2.686900,2.686546,0.000205
2.686900,3.266888,0.058449
2.686900,10.257630,-0.074855
2.686900,2.881603,-0.025315
2.686900,2.690748,0.003113
2.686900,3.749307,0.087294
2.686900,7.261040,-0.123931
2.686900,2.783282,-0.014754
2.686900,2.726560,0.007998
2.686900,5.123381,0.124600
2.686900,4.693990,-0.117913
2.686900,2.714968,-0.006592
2.686900,2.793406,0.015940
2.686900,7.633152,0.120275
2.686900,3.665014,-0.083078
2.686900,2.688612,-0.002780
2.686900,2.892691,0.026440
2.686900,10.497592,0.068558
2.686900,3.238058,-0.056327
2.686900,2.686199,-0.000038
2.686900,3.227467,0.055533
2.686900,10.585699,-0.066090
2.686900,2.897065,-0.026878
2.686900,2.688209,0.002700
2.686900,3.646717,0.082121
2.686900,7.721058,-0.119304
2.686900,2.795852,-0.016221
2.686900,2.712801,0.006324
2.686900,4.613817,0.116259
2.686900,5.224861,-0.125712
2.686900,2.729283,-0.008325
2.686900,2.781093,0.014494
2.686900,7.179389,0.124630
2.686900,3.769472,-0.088258
2.686900,2.691263,-0.003192
2.686900,2.879175,0.025067
2.686900,10.202049,0.076236
2.686900,3.273591,-0.058936
2.686900,2.686616,-0.000245
2.686900,3.205621,0.053870
2.686900,10.766162,-0.060716
2.686900,2.906669,-0.027825
2.686900,2.688360,0.002646
2.686900,3.641519,0.081845
2.686900,7.746628,-0.119014
2.686900,2.796629,-0.016296
2.686900,2.713909,0.006446
2.686900,4.652433,0.117073
2.686900,5.174962,-0.125185
2.686900,2.727998,-0.008158
2.686900,2.783775,0.014796
2.686900,7.276771,0.123791
2.686900,3.745518,-0.087109
2.686900,2.690898,-0.003070
2.686900,2.889831,0.026138
2.686900,10.436385,0.070219
2.686900,3.245445,-0.056870
2.686900,2.687013,0.000004
2.686900,3.246609,0.056956
2.686900,10.426684,-0.070479
2.686900,2.889372,-0.026092
2.686900,2.690953,0.003080
2.686900,3.747899,0.087224
2.686900,7.266926,-0.123879
2.686900,2.783509,-0.014765
2.686900,2.728288,0.008193
2.686900,5.185807,0.125303
2.686900,4.643911,-0.116896
2.686900,2.713678,-0.006418
2.686900,2.796867,0.016324
2.686900,7.755162,0.118916
2.686900,3.639787,-0.081753
2.686900,2.688319,-0.002639
2.686900,2.907001,0.027858
2.686900,10.772125,0.060531
2.686900,3.204892,-0.053814
2.686900,2.686608,0.000250
2.686900,3.274077,0.058971
2.686900,10.198015,-0.076335
2.686900,2.878999,-0.025050
2.686900,2.691268,0.003194
2.686900,3.769806,0.088274
2.686900,7.178057,-0.124641
2.686900,2.781057,-0.014490
2.686900,2.729292,0.008326
2.686900,5.225236,0.125715
2.686900,4.613532,-0.116253
2.686900,2.712792,-0.006323
2.686900,2.795824,0.016218
2.686900,7.720102,0.119315
2.686900,3.646913,-0.082132
2.686900,2.688209,-0.002701
2.686900,2.896864,0.026858
2.686900,10.581742,0.066203
2.686900,3.227943,-0.055569
2.686900,2.686191,0.000034
2.686900,3.237325,0.056272
2.686900,10.503688,-0.068390
2.686900,2.892987,-0.026470
2.686900,2.688565,0.002772
2.686900,3.663094,0.082978
2.686900,7.642250,-0.120176
2.686900,2.793657,-0.015970
2.686900,2.714707,0.006560
2.686900,4.684386,0.117722
2.686900,5.135106,-0.124737
2.686900,2.726874,-0.008036
2.686900,2.783009,0.014722
2.686900,7.250893,0.124020
2.686900,3.751777,-0.087413
2.686900,2.690808,-0.003123
2.686900,2.881220,0.025277
2.686900,10.248952,0.075073
2.686900,3.267933,-0.058526
2.686900,2.686549,-0.000213
2.686900,3.209094,0.054136
2.686900,10.737669,-0.061596
2.686900,2.905092,-0.027670
2.686900,2.688336,0.002655
2.686900,3.642418,0.081892
2.686900,7.742190,-0.119064
2.686900,2.796495,-0.016283
2.686900,2.713738,0.006427
2.686900,4.646470,0.116949
2.686900,5.182539,-0.125267
2.686900,2.728193,-0.008184
2.686900,2.783349,0.014749
2.686900,7.261351,0.123928
2.686900,3.749249,-0.087290
2.686900,2.690952,-0.003089
2.686900,2.888088,0.025963
2.686900,10.399472,0.071202
2.686900,3.249870,-0.057198
2.686900,2.686949,-0.000035
2.686900,3.240102,0.056473
2.686900,10.480886,-0.069015
2.686900,2.891953,-0.026352
2.686900,2.690494,0.003006
2.686900,3.729509,0.086329
2.686900,7.343944,-0.123182
2.686900,2.785584,-0.015010
2.686900,2.725790,0.007893
2.686900,5.092720,0.124232
2.686900,4.719561,-0.118410
2.686900,2.715723,-0.006670
2.686900,2.794609,0.016065
2.686900,7.674171,0.119826
2.686900,3.656427,-0.082629
2.686900,2.688686,-0.002711
2.686900,2.903028,0.027464
2.686900,10.699427,0.062757
2.686900,3.213747,-0.054491
2.686900,2.686634,0.000189
2.686900,3.266026,0.058386
2.686900,10.264831,-0.074674
2.686900,2.881931,-0.025347
2.686900,2.690937,0.003133
2.686900,3.755384,0.087586
2.686900,7.236163,-0.124148
2.686900,2.782624,-0.014674
2.686900,2.727657,0.008128
2.686900,5.163966,0.125064
2.686900,4.661138,-0.117252
2.686900,2.714088,-0.006482
2.686900,2.794635,0.016080
2.686900,7.677130,0.119794
2.686900,3.655793,-0.082597
2.686900,2.688440,-0.002736
2.686900,2.895869,0.026757
2.686900,10.561851,0.066767
2.686900,3.230339,-0.055748
2.686900,2.686252,0.000024
2.686900,3.236927,0.056242
2.686900,10.507035,-0.068298
2.686900,2.893157,-0.026486
2.686900,2.688695,0.002786
2.686900,3.667310,0.083197
2.686900,7.622321,-0.120392
2.686900,2.793114,-0.015905
2.686900,2.715458,0.006651
2.686900,4.711845,0.118262
2.686900,5.101881,-0.124344
2.686900,2.725988,-0.007928
2.686900,2.783924,0.014828
2.686900,7.284655,0.123722
2.686900,3.743598,-0.087018
2.686900,2.690628,-0.003088
2.686900,2.883118,0.025468
2.686900,10.291576,0.073998
2.686900,3.262806,-0.058151
2.686900,2.686575,-0.000173
2.686900,3.215034,0.054589
2.686900,10.688792,-0.063077
2.686900,2.902455,-0.027408
2.686900,2.688603,0.002706
2.686900,3.654237,0.082514
2.686900,7.684688,-0.119710
2.686900,2.794893,-0.016099
2.686900,2.715223,0.006610
2.686900,4.701350,0.118057
2.686900,5.114486,-0.124495
2.686900,2.726368,-0.007964
2.686900,2.784900,0.014931
2.686900,7.318888,0.123412
2.686900,3.735429,-0.086619
2.686900,2.690612,-0.003034
2.686900,2.890190,0.026176
2.686900,10.444154,0.070010
2.686900,3.244507,-0.056801
2.686900,2.686914,-0.000001
2.686900,3.244316,0.056787
2.686900,10.445753,-0.069967
2.686900,2.890266,-0.026183
2.686900,2.690603,0.003032
2.686900,3.735044,0.086600
2.686900,7.320509,-0.123397
2.686900,2.784944,-0.014936
2.686900,2.726321,0.007958
2.686900,5.112735,0.124474
2.686900,4.702802,-0.118086
2.686900,2.715262,-0.006615
2.686900,2.794857,0.016095
2.686900,7.683389,0.119724
2.686900,3.654507,-0.082529
2.686900,2.688610,-0.002707
2.686900,2.902421,0.027405
2.686900,10.688167,0.063095
2.686900,3.215110,-0.054595
2.686900,2.686577,0.000172
2.686900,3.262791,0.058150
2.686900,10.291696,-0.073995
2.686900,2.883123,-0.025469
2.686900,2.690632,0.003089
2.686900,3.743735,0.087025
2.686900,7.284086,-0.123727
2.686900,2.783909,-0.014826
2.686900,2.726012,0.007931
2.686900,5.102781,0.124355
2.686900,4.711091,-0.118247
2.686900,2.715438,-0.006648
2.686900,2.793140,0.015908
2.686900,7.623262,0.120382
2.686900,3.667111,-0.083186
2.686900,2.688691,-0.002785
2.686900,2.893219,0.026492
2.686900,10.508310,0.068262
2.686900,3.236774,-0.056230
2.686900,2.686253,-0.000023
2.686900,3.230521,0.055762
2.686900,10.560339,-0.066810
2.686900,2.895793,-0.026750
2.686900,2.688449,0.002737
2.686900,3.656177,0.082617
2.686900,7.675286,-0.119814
2.686900,2.794584,-0.016074
2.686900,2.714137,0.006488
2.686900,4.662949,0.117289
2.686900,5.161694,-0.125039
2.686900,2.727596,-0.008121
2.686900,2.782676,0.014680
2.686900,7.238094,0.124131
2.686900,3.754910,-0.087564
2.686900,2.690925,-0.003131
2.686900,2.882002,0.025354
2.686900,10.266430,0.074634
2.686900,3.265834,-0.058372
2.686900,2.686633,-0.000188
2.686900,3.213911,0.054503
2.686900,10.698079,-0.062798
2.686900,2.902956,-0.027457
2.686900,2.688690,0.002712
2.686900,3.656642,0.082640
2.686900,7.673141,-0.119838
2.686900,2.794580,-0.016061
2.686900,2.715744,0.006673
2.686900,4.720369,0.118426
2.686900,5.091764,-0.124220
2.686900,2.725764,-0.007890
2.686900,2.785601,0.015012
2.686900,7.344553,0.123176
2.686900,3.729366,-0.086322
2.686900,2.690489,-0.003006
2.686900,2.891948,0.026352
2.686900,10.480778,0.069018
2.686900,3.240115,-0.056474
2.686900,2.686947,0.000035
2.686900,3.249789,0.057192
2.686900,10.400143,-0.071184
2.686900,2.888119,-0.025967
2.686900,2.690943,0.003088
2.686900,3.748909,0.087273
2.686900,7.262751,-0.123916
2.686900,2.783386,-0.014753
2.686900,2.728143,0.008178
2.686900,5.180686,0.125247
2.686900,4.647924,-0.116979
2.686900,2.713777,-0.006432
2.686900,2.796444,0.016277
2.686900,7.740400,0.119085
2.686900,3.642783,-0.081912
2.686900,2.688343,-0.002657
2.686900,2.904978,0.027659
2.686900,10.735582,0.061660
2.686900,3.209348,-0.054156
2.686900,2.686549,0.000211
2.686900,3.267654,0.058505
2.686900,10.251273,-0.075014
2.686900,2.881322,-0.025287
2.686900,2.690793,0.003121
2.686900,3.751139,0.087383
2.686900,7.253511,-0.123997
2.686900,2.783079,-0.014730
2.686900,2.726794,0.008026
2.686900,5.132110,0.124702
2.686900,4.686831,-0.117771
2.686900,2.714774,-0.006569
2.686900,2.793594,0.015962
2.686900,7.639953,0.120201
2.686900,3.663578,-0.083003
2.686900,2.688577,-0.002774
2.686900,2.892916,0.026463
2.686900,10.502212,0.068431
2.686900,3.237503,-0.056285
2.686900,2.686193,-0.000035
2.686900,3.227836,0.055561
2.686900,10.582634,-0.066177
2.686900,2.896909,-0.026862
2.686900,2.688210,0.002701
2.686900,3.646898,0.082131
2.686900,7.720174,-0.119314
2.686900,2.795827,-0.016218
2.686900,2.712799,0.006324
2.686900,4.613778,0.116258
2.686900,5.224912,-0.125712
2.686900,2.729283,-0.008325
2.686900,2.781072,0.014492
2.686900,7.178607,0.124637
2.686900,3.769668,-0.088268
2.686900,2.691265,-0.003193
2.686900,2.879054,0.025055
2.686900,10.199274,0.076304
2.686900,3.273926,-0.058960
2.686900,2.686610,-0.000249
2.686900,3.205107,0.053831
2.686900,10.770363,-0.060586
2.686900,2.906903,-0.027848
2.686900,2.688330,0.002641
2.686900,3.640281,0.081779
2.686900,7.752728,-0.118944
2.686900,2.796799,-0.016316
2.686900,2.713744,0.006426
2.686900,4.646313,0.116946
2.686900,5.182741,-0.125270
2.686900,2.728206,-0.008183
2.686900,2.783583,0.014774
2.686900,7.269694,0.123854
2.686900,3.747229,-0.087192
2.686900,2.690938,-0.003077
2.686900,2.889500,0.026104
2.686900,10.429385,0.070407
2.686900,3.246284,-0.056932
2.686900,2.687013,-0.000002
2.686900,3.245766,0.056894
2.686900,10.433706,-0.070291
2.686900,2.889704,-0.026125
2.686900,2.690913,0.003072
2.686900,3.746168,0.087141
2.686900,7.274079,-0.123815
2.686900,2.783702,-0.014788
2.686900,2.728077,0.008168
2.686900,5.177911,0.125217
2.686900,4.650108,-0.117025
2.686900,2.713846,-0.006438
2.686900,2.796693,0.016304
2.686900,7.748928,0.118987
2.686900,3.641052,-0.081820
2.686900,2.688348,-0.002644
2.686900,2.906755,0.027834
2.686900,10.767708,0.060668
2.686900,3.205432,-0.053855
2.686900,2.686614,0.000247
2.686900,3.273709,0.058944
2.686900,10.201069,-0.076260
2.686900,2.879132,-0.025063
2.686900,2.691263,0.003192
2.686900,3.769520,0.088260
2.686900,7.179198,-0.124632
2.686900,2.781088,-0.014494
2.686900,2.729279,0.008325
2.686900,5.224747,0.125710
2.686900,4.613903,-0.116261
2.686900,2.712802,-0.006324
2.686900,2.795839,0.016219
2.686900,7.720602,0.119309
2.686900,3.646810,-0.082126
2.686900,2.688210,-0.002700
2.686900,2.896999,0.026871
2.686900,10.584399,0.066127
2.686900,3.227623,-0.055545
2.686900,2.686196,0.000037
2.686900,3.237829,0.056310
2.686900,10.499494,-0.068506
2.686900,2.892784,-0.026450
2.686900,2.688598,0.002777
2.686900,3.664434,0.083048
2.686900,7.635898,-0.120245
2.686900,2.793482,-0.015949
2.686900,2.714890,0.006583
2.686900,4.691111,0.117856
2.686900,5.126884,-0.124641
2.686900,2.726653,-0.008009
2.686900,2.783201,0.014744
2.686900,7.258034,0.123958
2.686900,3.750038,-0.087329
2.686900,2.690766,-0.003116
2.686900,2.881493,0.025304
2.686900,10.255143,0.074918
2.686900,3.267188,-0.058471
2.686900,2.686547,-0.000207
2.686900,3.209758,0.054187
2.686900,10.732216,-0.061763
2.686900,2.904794,-0.027641
2.686900,2.688354,0.002659
2.686900,3.643337,0.081941
2.686900,7.737679,-0.119116
2.686900,2.796368,-0.016269
2.686900,2.713835,0.006439
2.686900,4.650059,0.117024
2.686900,5.177971,-0.125218
2.686900,2.728070,-0.008169
2.686900,2.783439,0.014759
2.686900,7.264718,0.123898
2.686900,3.748432,-0.087250
2.686900,2.690930,-0.003086
2.686900,2.888151,0.025970
2.686900,10.400824,0.071166
2.686900,3.249707,-0.057186
2.686900,2.686944,-0.000035
2.686900,3.240076,0.056471
2.686900,10.481095,-0.069009
2.686900,2.891963,-0.026354
2.686900,2.690479,0.003005
2.686900,3.728991,0.086304
2.686900,7.346149,-0.123161
2.686900,2.785643,-0.015017
2.686900,2.725703,0.007882
2.686900,5.089518,0.124192
2.686900,4.722268,-0.118462
2.686900,2.715795,-0.006679
2.686900,2.794518,0.016054
2.686900,7.670914,0.119862
2.686900,3.657106,-0.082664
2.686900,2.688699,-0.002715
2.686900,2.902819,0.027443
2.686900,10.695529,0.062875
2.686900,3.214220,-0.054527
2.686900,2.686633,0.000185
2.686900,3.265495,0.058347
2.686900,10.269244,-0.074563
2.686900,2.882127,-0.025367
2.686900,2.690907,0.003128
2.686900,3.754137,0.087526
2.686900,7.241252,-0.124104
2.686900,2.782761,-0.014690
2.686900,2.727499,0.008109
2.686900,5.158065,0.124998
2.686900,4.665848,-0.117348
2.686900,2.714216,-0.006497
2.686900,2.794505,0.016065
2.686900,7.672433,0.119846
2.686900,3.656771,-0.082648
2.686900,2.688463,-0.002740
2.686900,2.895688,0.026739
2.686900,10.558243,0.066869
2.686900,3.230774,-0.055781
2.686900,2.686255,0.000021
2.686900,3.236587,0.056216
2.686900,10.509862,-0.068219
2.686900,2.893295,-0.026500
2.686900,2.688689,0.002784
2.686900,3.666943,0.083178
2.686900,7.624052,-0.120373
2.686900,2.793162,-0.015911
2.686900,2.715426,0.006647
2.686900,4.710641,0.118239
2.686900,5.103318,-0.124361
2.686900,2.726027,-0.007932
2.686900,2.783906,0.014826
2.686900,7.283945,0.123728
2.686900,3.743769,-0.087026
2.686900,2.690634,-0.003089
2.686900,2.883159,0.025473
2.686900,10.292491,0.073975
2.686900,3.262696,-0.058143
2.686900,2.686580,-0.000171
2.686900,3.215290,0.054608
2.686900,10.686687,-0.063139
2.686900,2.902343,-0.027397
2.686900,2.688622,0.002709
2.686900,3.655006,0.082555
2.686900,7.680990,-0.119751
2.686900,2.794791,-0.016087
2.686900,2.715331,0.006624
2.686900,4.705356,0.118135
2.686900,5.109664,-0.124437
2.686900,2.726239,-0.007948
2.686900,2.785018,0.014945
2.686900,7.323248,0.123372
2.686900,3.734395,-0.086569
2.686900,2.690588,-0.003029
2.686900,2.890382,0.026195
2.686900,10.448183,0.069902
2.686900,3.244024,-0.056765
2.686900,2.686913,0.000003
2.686900,3.244773,0.056821
2.686900,10.441937,-0.070070
2.686900,2.890084,-0.026165
2.686900,2.690623,0.003036
2.686900,3.735898,0.086642
2.686900,7.316913,-0.123430
2.686900,2.784846,-0.014925
2.686900,2.726422,0.007970
2.686900,5.116504,0.124519
2.686900,4.699678,-0.118024
2.686900,2.715177,-0.006605
2.686900,2.794931,0.016103
2.686900,7.686062,0.119695
2.686900,3.653952,-0.082499
2.686900,2.688595,-0.002705
2.686900,2.902472,0.027410
2.686900,10.689118,0.063067
2.686900,3.214995,-0.054586
2.686900,2.686573,0.000172
2.686900,3.262750,0.058147
2.686900,10.292040,-0.073987
2.686900,2.883138,-0.025471
2.686900,2.690618,0.003087
2.686900,3.743228,0.087000
2.686900,7.286192,-0.123708
2.686900,2.783966,-0.014833
2.686900,2.725931,0.007921
2.686900,5.099774,0.124318
2.686900,4.713611,-0.118296
2.686900,2.715505,-0.006657
2.686900,2.793059,0.015899
2.686900,7.620356,0.120413
2.686900,3.667727,-0.083218
2.686900,2.688704,-0.002788
2.686900,2.893051,0.026475
2.686900,10.504873,0.068357
2.686900,3.237186,-0.056261
2.686900,2.686252,-0.000026
2.686900,3.230063,0.055728
2.686900,10.564154,-0.066702
2.686900,2.895984,-0.026769
2.686900,2.688428,0.002734
2.686900,3.655273,0.082570
2.686900,7.679628,-0.119766
2.686900,2.794705,-0.016088
2.686900,2.714025,0.006474
2.686900,4.658784,0.117204
2.686900,5.166926,-0.125097
2.686900,2.727736,-0.008138
2.686900,2.782558,0.014666
2.686900,7.233724,0.124169
2.686900,3.755983,-0.087615
2.686900,2.690952,-0.003136
2.686900,2.881851,0.025339
2.686900,10.263025,0.074720
2.686900,3.266244,-0.058402
2.686900,2.686636,-0.000190
2.686900,3.213586,0.054478
2.686900,10.700757,-0.062717
2.686900,2.903100,-0.027471
2.686900,2.688684,0.002711
2.686900,3.656278,0.082621
2.686900,7.674889,-0.119818
2.686900,2.794629,-0.016067
2.686900,2.715712,0.006669
2.686900,4.719158,0.118403
2.686900,5.093198,-0.124237
2.686900,2.725803,-0.007894
2.686900,2.785581,0.015010
2.686900,7.343818,0.123183
2.686900,3.729539,-0.086331
2.686900,2.690496,-0.003006
2.686900,2.891986,0.026356
2.686900,10.481557,0.068996
2.686900,3.240021,-0.056467
2.686900,2.686952,0.000036
2.686900,3.250026,0.057209
2.686900,10.398168,-0.071237
2.686900,2.888028,-0.025957
2.686900,2.690966,0.003091
2.686900,3.749767,0.087315
2.686900,7.259220,-0.123947
2.686900,2.783292,-0.014742
2.686900,2.728265,0.008192
2.686900,5.185240,0.125297
2.686900,4.644353,-0.116905
2.686900,2.713681,-0.006420
2.686900,2.796565,0.016291
2.686900,7.744691,0.119036
2.686900,3.641910,-0.081866
2.686900,2.688326,-0.002653
2.686900,2.905240,0.027685
2.686900,10.740373,0.061513
2.686900,3.208765,-0.054111
2.686900,2.686550,0.000215
2.686900,3.268279,0.058551
2.686900,10.246082,-0.075144
2.686900,2.881093,-0.025264
2.686900,2.690826,0.003126
2.686900,3.752525,0.087449
2.686900,7.247828,-0.124047
2.686900,2.782926,-0.014712
2.686900,2.726966,0.008047
2.686900,5.138555,0.124777
2.686900,4.681579,-0.117666
2.686900,2.714631,-0.006551
2.686900,2.793728,0.015978
2.686900,7.644837,0.120148
2.686900,3.662549,-0.082950
2.686900,2.688551,-0.002770
2.686900,2.893061,0.026478
2.686900,10.505199,0.068348
2.686900,3.237144,-0.056259
2.686900,2.686188,-0.000033
2.686900,3.228033,0.055576
2.686900,10.580997,-0.066224
2.686900,2.896826,-0.026854
2.686900,2.688206,0.002701
2.686900,3.646845,0.082128
2.686900,7.720430,-0.119311
2.686900,2.795833,-0.016219
2.686900,2.712772,0.006321
2.686900,4.612832,0.116238
2.686900,5.226160,-0.125725
2.686900,2.729316,-0.008329
2.686900,2.781026,0.014487
2.686900,7.176919,0.124651
2.686900,3.770092,-0.088288
2.686900,2.691273,-0.003195
2.686900,2.878912,0.025041
2.686900,10.196012,0.076384
2.686900,3.274319,-0.058989
2.686900,2.686606,-0.000252
2.686900,3.204573,0.053790
2.686900,10.774736,-0.060449
2.686900,2.907146,-0.027873
2.686900,2.688303,0.002636
2.686900,3.639094,0.081716
2.686900,7.758586,-0.118877
2.686900,2.796962,-0.016335
2.686900,2.713588,0.006406
2.686900,4.640592,0.116827
2.686900,5.190057,-0.125348
2.686900,2.728401,-0.008207
2.686900,2.783406,0.014753
2.686900,7.263124,0.123912
2.686900,3.748822,-0.087269
2.686900,2.690975,-0.003084
2.686900,2.889201,0.026074
2.686900,10.423055,0.070576
2.686900,3.247044,-0.056988
2.686900,2.687014,-0.000007
2.686900,3.245021,0.056838
2.686900,10.439919,-0.070124
2.686900,2.889998,-0.026155
2.686900,2.690879,0.003066
2.686900,3.744681,0.087069
2.686900,7.280238,-0.123761
2.686900,2.783868,-0.014807
2.686900,2.727898,0.008146
2.686900,5.171204,0.125144
2.686900,4.655403,-0.117134
2.686900,2.713990,-0.006456
2.686900,2.796549,0.016287
2.686900,7.743746,0.119047
2.686900,3.642105,-0.081876
2.686900,2.688374,-0.002648
2.686900,2.906569,0.027815
2.686900,10.764353,0.060773
2.686900,3.205842,-0.053887
2.686900,2.686619,0.000244
2.686900,3.273471,0.058927
2.686900,10.203048,-0.076211
2.686900,2.879218,-0.025072
2.686900,2.691266,0.003192
2.686900,3.769502,0.088260
2.686900,7.179268,-0.124631
2.686900,2.781091,-0.014494
2.686900,2.729299,0.008327
2.686900,5.225464,0.125718
2.686900,4.613359,-0.116249
2.686900,2.712789,-0.006322
2.686900,2.795880,0.016224
2.686900,7.722053,0.119293
2.686900,3.646513,-0.082110
2.686900,2.688207,-0.002699
2.686900,2.897173,0.026889
2.686900,10.587831,0.066029
2.686900,3.227210,-0.055514
2.686900,2.686202,0.000040
2.686900,3.238411,0.056353
2.686900,10.494651,-0.068639
2.686900,2.892548,-0.026426
2.686900,2.688633,0.002783
2.686900,3.665876,0.083123
2.686900,7.629077,-0.120319
2.686900,2.793293,-0.015927
2.686900,2.715083,0.006606
2.686900,4.698225,0.117996
2.686900,5.118246,-0.124540
2.686900,2.726422,-0.007981
2.686900,2.783400,0.014768
2.686900,7.265398,0.123893
2.686900,3.748249,-0.087243
2.686900,2.690722,-0.003109
2.686900,2.881756,0.025331
2.686900,10.261083,0.074768
2.686900,3.266472,-0.058419
2.686900,2.686544,-0.000203
2.686900,3.210349,0.054232
2.686900,10.727354,-0.061912
2.686900,2.904528,-0.027614
2.686900,2.688367,0.002663
2.686900,3.644043,0.081978
2.686900,7.734214,-0.119155
2.686900,2.796271,-0.016258
2.686900,2.713901,0.006448
2.686900,4.652550,0.117075
2.686900,5.174810,-0.125183
2.686900,2.727984,-0.008159
2.686900,2.783493,0.014766
2.686900,7.266757,0.123880
2.686900,3.747937,-0.087227
2.686900,2.690916,-0.003084
2.686900,2.888146,0.025969
2.686900,10.400724,0.071169
2.686900,3.249719,-0.057187
2.686900,2.686937,-0.000036
2.686900,3.239864,0.056456
2.686900,10.482866,-0.068961
2.686900,2.892048,-0.026362
2.686900,2.690454,0.003001
2.686900,3.728067,0.086259
2.686900,7.350083,-0.123125
2.686900,2.785749,-0.015030
2.686900,2.725566,0.007866
2.686900,5.084413,0.124129
2.686900,4.726598,-0.118545
2.686900,2.715912,-0.006694
2.686900,2.794387,0.016039
2.686900,7.666208,0.119914
2.686900,3.658089,-0.082715
2.686900,2.688721,-0.002719
2.686900,2.902572,0.027419
2.686900,10.690889,0.063014
2.686900,3.214783,-0.054570
2.686900,2.686633,0.000181
2.686900,3.264939,0.058307
2.686900,10.273865,-0.074447
2.686900,2.882333,-0.025388
2.686900,2.690880,0.003124
2.686900,3.753018,0.087473
2.686900,7.245827,-0.124064
2.686900,2.782884,-0.014704
2.686900,2.727364,0.008093
2.686900,5.153039,0.124942
2.686900,4.669877,-0.117430
2.686900,2.714325,-0.006511
2.686900,2.794403,0.016053
2.686900,7.668729,0.119887
2.686900,3.657544,-0.082689
2.686900,2.688483,-0.002743
2.686900,2.895587,0.026729
2.686900,10.556203,0.066926
2.686900,3.231019,-0.055799
2.686900,2.686260,0.000020
2.686900,3.236486,0.056209
2.686900,10.510707,-0.068196
2.686900,2.893337,-0.026504
2.686900,2.688695,0.002785
2.686900,3.667119,0.083187
2.686900,7.623226,-0.120382
2.686900,2.793140,-0.015908
2.686900,2.715464,0.006652
2.686900,4.712056,0.118266
2.686900,5.101629,-0.124341
2.686900,2.725982,-0.007927
2.686900,2.783957,0.014832
2.686900,7.285826,0.123711
2.686900,3.743317,-0.087004
2.686900,2.690625,-0.003086
2.686900,2.883282,0.025485
2.686900,10.295230,0.073905
2.686900,3.262367,-0.058119
2.686900,2.686583,-0.000169
2.686900,3.215697,0.054639
2.686900,10.683324,-0.063240
2.686900,2.902164,-0.027379
2.686900,2.688642,0.002713
2.686900,3.655883,0.082600
2.686900,7.676774,-0.119798
2.686900,2.794674,-0.016074
2.686900,2.715445,0.006638
2.686900,4.709538,0.118217
2.686900,5.104649,-0.124377
2.686900,2.726104,-0.007932
2.686900,2.785132,0.014958
2.686900,7.327461,0.123334
2.686900,3.733396,-0.086520
2.686900,2.690563,-0.003025
2.686900,2.890526,0.026210
2.686900,10.451226,0.069820
2.686900,3.243659,-0.056738
2.686900,2.686910,0.000005
2.686900,3.245033,0.056840
2.686900,10.439771,-0.070128
2.686900,2.889981,-0.026155
2.686900,2.690627,0.003037
2.686900,3.736153,0.086655
2.686900,7.315842,-0.123440
2.686900,2.784817,-0.014922
2.686900,2.726440,0.007973
2.686900,5.117186,0.124527
2.686900,4.699113,-0.118013
2.686900,2.715161,-0.006603
2.686900,2.794930,0.016103
2.686900,7.686056,0.119695
2.686900,3.653953,-0.082500
2.686900,2.688593,-0.002705
2.686900,2.902396,0.027402
2.686900,10.687710,0.063109
2.686900,3.215165,-0.054599
2.686900,2.686568,0.000171
2.686900,3.262452,0.058126
2.686900,10.294516,-0.073924
2.686900,2.883249,-0.025482
2.686900,2.690593,0.003083
2.686900,3.742285,0.086954
2.686900,7.290115,-0.123673
2.686900,2.784071,-0.014845
2.686900,2.725801,0.007905
2.686900,5.094932,0.124259
2.686900,4.717684,-0.118375
2.686900,2.715616,-0.006670
2.686900,2.792947,0.015886
2.686900,7.616296,0.120456
2.686900,3.668590,-0.083263
2.686900,2.688724,-0.002791
2.686900,2.892886,0.026459
2.686900,10.501487,0.068451
2.686900,3.237593,-0.056292
2.686900,2.686253,-0.000028
2.686900,3.229713,0.055701
2.686900,10.567056,-0.066620
2.686900,2.896130,-0.026784
2.686900,2.688420,0.002731
2.686900,3.654810,0.082546
2.686900,7.681858,-0.119742
2.686900,2.794767,-0.016095
2.686900,2.713977,0.006468
2.686900,4.657010,0.117167
2.686900,5.169162,-0.125122
2.686900,2.727796,-0.008145
2.686900,2.782517,0.014661
2.686900,7.232164,0.124183
2.686900,3.756366,-0.087633
2.686900,2.690963,-0.003137
2.686900,2.881837,0.025337
2.686900,10.262689,0.074728
2.686900,3.266284,-0.058405
2.686900,2.686640,-0.000190
2.686900,3.213656,0.054484
2.686900,10.700185,-0.062735
2.686900,2.903069,-0.027468
2.686900,2.688694,0.002712
2.686900,3.656646,0.082640
2.686900,7.673121,-0.119838
2.686900,2.794580,-0.016061
2.686900,2.715769,0.006676
2.686900,4.721261,0.118443
2.686900,5.090708,-0.124207
2.686900,2.725736,-0.007886
2.686900,2.785646,0.015017
2.686900,7.346200,0.123161
2.686900,3.728979,-0.086303
2.686900,2.690483,-0.003004
2.686900,2.892106,0.026368
2.686900,10.484039,0.068928
2.686900,3.239724,-0.056445
2.686900,2.686952,0.000038
2.686900,3.250337,0.057232
2.686900,10.395579,-0.071305
2.686900,2.887907,-0.025945
2.686900,2.690981,0.003094
2.686900,3.750439,0.087347
2.686900,7.256459,-0.123971
2.686900,2.783217,-0.014733
2.686900,2.728348,0.008202
2.686900,5.188352,0.125330
2.686900,4.641920,-0.116854
2.686900,2.713615,-0.006412
2.686900,2.796635,0.016299
2.686900,7.747206,0.119007
2.686900,3.641398,-0.081838
2.686900,2.688314,-0.002650
2.686900,2.905348,0.027696
2.686900,10.742334,0.061453
2.686900,3.208526,-0.054093
2.686900,2.686548,0.000216
2.686900,3.268465,0.058564
2.686900,10.244531,-0.075183
2.686900,2.881025,-0.025257
2.686900,2.690831,0.003128
2.686900,3.752762,0.087461
2.686900,7.246857,-0.124055
2.686900,2.782900,-0.014709
2.686900,2.726988,0.008050
2.686900,5.139384,0.124786
2.686900,4.680905,-0.117652
2.686900,2.714612,-0.006549
2.686900,2.793738,0.015979
2.686900,7.645182,0.120144
2.686900,3.662476,-0.082946
2.686900,2.688548,-0.002770
2.686900,2.893032,0.026475
2.686900,10.504610,0.068365
2.686900,3.237214,-0.056264
2.686900,2.686185,-0.000034
2.686900,3.227882,0.055564
2.686900,10.582245,-0.066188
2.686900,2.896889,-0.026861
2.686900,2.688194,0.002699
2.686900,3.646400,0.082105
2.686900,7.722600,-0.119287
2.686900,2.795893,-0.016226
2.686900,2.712710,0.006313
2.686900,4.610545,0.116189
2.686900,5.229182,-0.125755
2.686900,2.729397,-0.008339
2.686900,2.780949,0.014478
2.686900,7.174068,0.124674
2.686900,3.770808,-0.088322
2.686900,2.691290,-0.003198
2.686900,2.878768,0.025026
2.686900,10.192690,0.076466
2.686900,3.274720,-0.059018
2.686900,2.686604,-0.000255
2.686900,3.204129,0.053756
2.686900,10.778360,-0.060336
2.686900,2.907349,-0.027893
2.686900,2.688285,0.002632
2.686900,3.638276,0.081673
2.686900,7.762629,-0.118831
2.686900,2.797075,-0.016348
2.686900,2.713489,0.006394
2.686900,4.636904,0.116749
2.686900,5.194796,-0.125399
2.686900,2.728528,-0.008222
2.686900,2.783297,0.014740
2.686900,7.259061,0.123948
2.686900,3.749809,-0.087317
2.686900,2.690999,-0.003088
2.686900,2.889039,0.026058
2.686900,10.419613,0.070667
2.686900,3.247457,-0.057019
2.686900,2.687015,-0.000010
2.686900,3.244662,0.056812
2.686900,10.442910,-0.070044
2.686900,2.890141,-0.026169
2.686900,2.690865,0.003064
2.686900,3.744088,0.087040
2.686900,7.282704,-0.123739
2.686900,2.783935,-0.014815
2.686900,2.727832,0.008138
2.686900,5.168744,0.125117
2.686900,4.657353,-0.117174
2.686900,2.714043,-0.006462
2.686900,2.796503,0.016282
2.686900,7.742097,0.119065
2.686900,3.642441,-0.081893
2.686900,2.688383,-0.002650
2.686900,2.906545,0.027813
2.686900,10.763918,0.060786
2.686900,3.205896,-0.053891
2.686900,2.686622,0.000244
2.686900,3.273530,0.058931
2.686900,10.202559,-0.076223
2.686900,2.879198,-0.025070
2.686900,2.691278,0.003194
2.686900,3.769940,0.088280
2.686900,7.177525,-0.124646
2.686900,2.781044,-0.014488
2.686900,2.729366,0.008335
2.686900,5.227954,0.125743
2.686900,4.611474,-0.116209
2.686900,2.712738,-0.006316
2.686900,2.795952,0.016232
2.686900,7.724604,0.119264
2.686900,3.645991,-0.082083
2.686900,2.688197,-0.002696
2.686900,2.897355,0.026907
2.686900,10.591407,0.065927
2.686900,3.226780,-0.055481
2.686900,2.686204,0.000044
2.686900,3.238928,0.056392
2.686900,10.490344,-0.068757
2.686900,2.892339,-0.026405
2.686900,2.688660,0.002788
2.686900,3.667004,0.083181
2.686900,7.623754,-0.120376
2.686900,2.793146,-0.015910
2.686900,2.715228,0.006624
2.686900,4.703591,0.118101
2.686900,5.111771,-0.124463
2.686900,2.726248,-0.007960
2.686900,2.783543,0.014784
2.686900,7.270730,0.123846
2.686900,3.746957,-0.087181
2.686900,2.690689,-0.003104
2.686900,2.881921,0.025348
2.686900,10.264809,0.074675
2.686900,3.266024,-0.058387
2.686900,2.686539,-0.000200
2.686900,3.210657,0.054256
2.686900,10.724821,-0.061989
2.686900,2.904390,-0.027601
2.686900,2.688368,0.002664
2.686900,3.644240,0.081989
2.686900,7.733247,-0.119166
2.686900,2.796243,-0.016255
2.686900,2.713906,0.006449
2.686900,4.652769,0.117080
2.686900,5.174533,-0.125180
2.686900,2.727976,-0.008158
2.686900,2.783483,0.014765
2.686900,7.266389,0.123883
2.686900,3.748026,-0.087231
2.686900,2.690915,-0.003085
2.686900,2.888054,0.025960
2.686900,10.398775,0.071221
2.686900,3.249953,-0.057204
2.686900,2.686933,-0.000038
2.686900,3.239479,0.056427
2.686900,10.486066,-0.068873
2.686900,2.892202,-0.026378
2.686900,2.690426,0.002997
2.686900,3.726929,0.086203
2.686900,7.354934,-0.123079
2.686900,2.785880,-0.015045
2.686900,2.725409,0.007847
2.686900,5.078564,0.124056
2.686900,4.731582,-0.118640
2.686900,2.716047,-0.006710
2.686900,2.794249,0.016023
2.686900,7.661213,0.119969
2.686900,3.659133,-0.082770
2.686900,2.688745,-0.002723
2.686900,2.902358,0.027398
2.686900,10.686884,0.063134
2.686900,3.215269,-0.054606
2.686900,2.686636,0.000178
2.686900,3.264544,0.058278
2.686900,10.277146,-0.074364
2.686900,2.882479,-0.025402
2.686900,2.690868,0.003121
2.686900,3.752458,0.087446
2.686900,7.248117,-0.124044
2.686900,2.782947,-0.014711
2.686900,2.727308,0.008086
2.686900,5.150929,0.124918
2.686900,4.671574,-0.117464
2.686900,2.714372,-0.006516
2.686900,2.794372,0.016049
2.686900,7.667616,0.119899
2.686900,3.657777,-0.082701
2.686900,2.688491,-0.002744
2.686900,2.895620,0.026732
2.686900,10.556852,0.066908
2.686900,3.230941,-0.055794
2.686900,2.686264,0.000021
2.686900,3.236716,0.056226
2.686900,10.508791,-0.068249
2.686900,2.893244,-0.026495
2.686900,2.688716,0.002788
2.686900,3.667902,0.083227
2.686900,7.619538,-0.120422
2.686900,2.793038,-0.015896
2.686900,2.715577,0.006665
2.686900,4.716194,0.118346
2.686900,5.096701,-0.124281
2.686900,2.725850,-0.007911
2.686900,2.784075,0.014846
2.686900,7.290209,0.123672
2.686900,3.742263,-0.086953
2.686900,2.690599,-0.003082
2.686900,2.883459,0.025503
2.686900,10.299179,0.073805
2.686900,3.261892,-0.058085
2.686900,2.686581,-0.000165
2.686900,3.216136,0.054673
2.686900,10.679702,-0.063348
2.686900,2.901972,-0.027360
2.686900,2.688656,0.002716
2.686900,3.656553,0.082636
2.686900,7.673555,-0.119833
2.686900,2.794584,-0.016063
2.686900,2.715519,0.006647
2.686900,4.712309,0.118271
2.686900,5.101339,-0.124337
2.686900,2.726015,-0.007921
2.686900,2.785196,0.014966
2.686900,7.329863,0.123312
2.686900,3.732828,-0.086492
2.686900,2.690547,-0.003023
2.686900,2.890558,0.026213
2.686900,10.451895,0.069802
2.686900,3.243578,-0.056732
2.686900,2.686905,0.000005
2.686900,3.244952,0.056834
2.686900,10.440443,-0.070110
2.686900,2.890013,-0.026158
2.686900,2.690611,0.003035
2.686900,3.735581,0.086627
2.686900,7.318247,-0.123418
2.686900,2.784881,-0.014929
2.686900,2.726350,0.007962
2.686900,5.113860,0.124487
2.686900,4.701869,-0.118067
2.686900,2.715235,-0.006612
2.686900,2.794839,0.016093
2.686900,7.682803,0.119731
2.686900,3.654629,-0.082535
2.686900,2.688606,-0.002708
2.686900,2.902197,0.027383
2.686900,10.683973,0.063221
2.686900,3.215618,-0.054634
2.686900,2.686567,0.000167
2.686900,3.261956,0.058089
2.686900,10.298640,-0.073819
2.686900,2.883434,-0.025501
2.686900,2.690566,0.003078
2.686900,3.741173,0.086900
2.686900,7.294752,-0.123631
2.686900,2.784196,-0.014860
2.686900,2.725660,0.007888
2.686900,5.089706,0.124195
2.686900,4.722097,-0.118460
2.686900,2.715735,-0.006685
2.686900,2.792839,0.015873
2.686900,7.612380,0.120498
2.686900,3.669423,-0.083306
2.686900,2.688746,-0.002795
2.686900,2.892788,0.026449
2.686900,10.499475,0.068506
2.686900,3.237835,-0.056310
2.686900,2.686258,-0.000030
2.686900,3.229635,0.055695
2.686900,10.567708,-0.066601
2.686900,2.896163,-0.026787
2.686900,2.688428,0.002732
2.686900,3.655067,0.082559
2.686900,7.680620,-0.119755
2.686900,2.794733,-0.016091
2.686900,2.714027,0.006474
2.686900,4.658862,0.117205
2.686900,5.166827,-0.125096
2.686900,2.727734,-0.008137
2.686900,2.782586,0.014669
2.686900,7.234696,0.124161
2.686900,3.755745,-0.087604
2.686900,2.690950,-0.003134
2.686900,2.882000,0.025354
2.686900,10.266347,0.074636
2.686900,3.265844,-0.058373
2.686900,2.686643,-0.000187
2.686900,3.214199,0.054525
2.686900,10.695708,-0.062869
2.686900,2.902830,-0.027444
2.686900,2.688721,0.002717
2.686900,3.657814,0.082701
2.686900,7.667527,-0.119899
2.686900,2.794425,-0.016043
2.686900,2.715920,0.006694
2.686900,4.726830,0.118550
2.686900,5.084141,-0.124126
2.686900,2.725560,-0.007865
2.686900,2.785794,0.015035
2.686900,7.351669,0.123110
2.686900,3.727695,-0.086240
2.686900,2.690451,-0.002999
2.686900,2.892284,0.026386
2.686900,10.487733,0.068827
2.686900,3.239280,-0.056412
2.686900,2.686947,0.000041
2.686900,3.250619,0.057253
2.686900,10.393230,-0.071367
2.686900,2.887797,-0.025934
2.686900,2.690983,0.003095
2.686900,3.750598,0.087355
2.686900,7.255802,-0.123977
2.686900,2.783199,-0.014731
2.686900,2.728347,0.008202
2.686900,5.188345,0.125330
2.686900,4.641926,-0.116855
2.686900,2.713614,-0.006412
2.686900,2.796611,0.016297
2.686900,7.746389,0.119017
2.686900,3.641564,-0.081847
2.686900,2.688314,-0.002652
2.686900,2.905206,0.027682
2.686900,10.739769,0.061532
2.686900,3.208838,-0.054117
2.686900,2.686544,0.000214
2.686900,3.267996,0.058530
2.686900,10.248429,-0.075086
2.686900,2.881196,-0.025274
2.686900,2.690796,0.003122
2.686900,3.751374,0.087394
2.686900,7.252544,-0.124006
2.686900,2.783053,-0.014727
2.686900,2.726801,0.008027
2.686900,5.132403,0.124706
2.686900,4.686592,-0.117766
2.686900,2.714767,-0.006568
2.686900,2.793576,0.015960
2.686900,7.639338,0.120208
2.686900,3.663708,-0.083010
2.686900,2.688577,-0.002775
2.686900,2.892781,0.026450
2.686900,10.499455,0.068507
2.686900,3.237833,-0.056310
2.686900,2.686187,-0.000038
2.686900,3.227322,0.055522
2.686900,10.586899,-0.066055
2.686900,2.897124,-0.026884
2.686900,2.688178,0.002696
2.686900,3.645594,0.082062
2.686900,7.726541,-0.119242
2.686900,2.796004,-0.016239
2.686900,2.712623,0.006302
2.686900,4.607301,0.116119
2.686900,5.233481,-0.125799
2.686900,2.729512,-0.008353
2.686900,2.780859,0.014467
2.686900,7.170685,0.124702
2.686900,3.771660,-0.088362
2.686900,2.691312,-0.003202
2.686900,2.878671,0.025016
2.686900,10.190448,0.076521
2.686900,3.274991,-0.059037
2.686900,2.686608,-0.000257
2.686900,3.203960,0.053743
2.686900,10.779738,-0.060293
2.686900,2.907427,-0.027900
2.686900,2.688286,0.002632
2.686900,3.638225,0.081670
2.686900,7.762885,-0.118828
2.686900,2.797083,-0.016348
2.686900,2.713496,0.006395
2.686900,4.637145,0.116754
2.686900,5.194486,-0.125395
2.686900,2.728520,-0.008221
2.686900,2.783316,0.014742
2.686900,7.259752,0.123942
2.686900,3.749641,-0.087308
2.686900,2.690997,-0.003087
2.686900,2.889120,0.026066
2.686900,10.421336,0.070621
2.686900,3.247250,-0.057004
2.686900,2.687018,-0.000008
2.686900,3.244969,0.056834
2.686900,10.440353,-0.070112
2.686900,2.890020,-0.026157
2.686900,2.690888,0.003067
2.686900,3.744968,0.087083
2.686900,7.279052,-0.123771
2.686900,2.783837,-0.014804
2.686900,2.727952,0.008153
2.686900,5.173206,0.125166
2.686900,4.653820,-0.117101
2.686900,2.713948,-0.006451
2.686900,2.796614,0.016294
2.686900,7.746079,0.119020
2.686900,3.641631,-0.081850
2.686900,2.688366,-0.002646
2.686900,2.906761,0.027834
2.686900,10.767807,0.060665
2.686900,3.205421,-0.053854
2.686900,2.686622,0.000248
2.686900,3.273993,0.058965
2.686900,10.198720,-0.076318
2.686900,2.879031,-0.025053
2.686900,2.691300,0.003198
2.686900,3.770873,0.088325
2.686900,7.173815,-0.124676
2.686900,2.780945,-0.014477
2.686900,2.729476,0.008348
2.686900,5.232089,0.125785
2.686900,4.608350,-0.116141
2.686900,2.712653,-0.006305
2.686900,2.796042,0.016242
2.686900,7.727826,0.119228
2.686900,3.645332,-0.082048
2.686900,2.688182,-0.002693
2.686900,2.897484,0.026920
2.686900,10.593962,0.065853
2.686900,3.226472,-0.055458
2.686900,2.686202,0.000046
2.686900,3.239177,0.056410
2.686900,10.488270,-0.068814
2.686900,2.892239,-0.026395
2.686900,2.688666,0.002789
2.686900,3.667299,0.083196
2.686900,7.622365,-0.120391
2.686900,2.793108,-0.015906
2.686900,2.715256,0.006628
2.686900,4.704632,0.118122
2.686900,5.110520,-0.124448
2.686900,2.726214,-0.007956
2.686900,2.783562,0.014787
2.686900,7.271451,0.123839
2.686900,3.746783,-0.087172
2.686900,2.690683,-0.003104
2.686900,2.881902,0.025346
2.686900,10.264388,0.074685
2.686900,3.266074,-0.058390
2.686900,2.686536,-0.000201
2.686900,3.210505,0.054244
2.686900,10.726070,-0.061951
2.686900,2.904458,-0.027608
2.686900,2.688356,0.002662
2.686900,3.643760,0.081963
2.686900,7.735601,-0.119139
2.686900,2.796308,-0.016262
2.686900,2.713838,0.006440
2.686900,4.650241,0.117027
2.686900,5.177739,-0.125215
2.686900,2.728062,-0.008168
2.686900,2.783401,0.014755
2.686900,7.263364,0.123910
2.686900,3.748760,-0.087266
2.686900,2.690932,-0.003088
2.686900,2.887901,0.025945
2.686900,10.395489,0.071307
2.686900,3.250347,-0.057233
2.686900,2.686932,-0.000041
2.686900,3.239056,0.056395
2.686900,10.489590,-0.068777
2.686900,2.892373,-0.026395
2.686900,2.690404,0.002993
2.686900,3.726021,0.086158
2.686900,7.358815,-0.123043
2.686900,2.785985,-0.015058
2.686900,2.725295,0.007833
2.686900,5.074307,0.124003
2.686900,4.735226,-0.118709
2.686900,2.716146,-0.006722
2.686900,2.794160,0.016013
2.686900,7.657974,0.120004
2.686900,3.659812,-0.082805
2.686900,2.688762,-0.002726
2.686900,2.902273,0.027389
2.686900,10.685275,0.063182
2.686900,3.215464,-0.054621
2.686900,2.686641,0.000177
2.686900,3.264499,0.058275
2.686900,10.277526,-0.074354
2.686900,2.882496,-0.025404
2.686900,2.690878,0.003122
2.686900,3.752771,0.087461
2.686900,7.246838,-0.124055
2.686900,2.782913,-0.014707
2.686900,2.727365,0.008093
2.686900,5.153026,0.124942
2.686900,4.669888,-0.117430
2.686900,2.714327,-0.006511
2.686900,2.794437,0.016057
2.686900,7.669913,0.119874
2.686900,3.657297,-0.082676
2.686900,2.688482,-0.002741
2.686900,2.895789,0.026749
2.686900,10.560243,0.066812
2.686900,3.230534,-0.055763
2.686900,2.686267,0.000024
2.686900,3.237219,0.056263
2.686900,10.504610,-0.068364
2.686900,2.893040,-0.026474
2.686900,2.688742,0.002792
2.686900,3.669025,0.083285
2.686900,7.614256,-0.120478
2.686900,2.792893,-0.015879
2.686900,2.715723,0.006683
2.686900,4.721581,0.118450
2.686900,5.090316,-0.124202
2.686900,2.725678,-0.007890
2.686900,2.784217,0.014862
2.686900,7.295448,0.123625
2.686900,3.741006,-0.086892
2.686900,2.690567,-0.003077
2.686900,2.883615,0.025519
2.686900,10.302666,0.073716
2.686900,3.261473,-0.058054
2.686900,2.686576,-0.000163
2.686900,3.216401,0.054693
2.686900,10.677512,-0.063413
2.686900,2.901855,-0.027349
2.686900,2.688656,0.002717
2.686900,3.656656,0.082641
2.686900,7.673061,-0.119838
2.686900,2.794570,-0.016062
2.686900,2.715512,0.006646
2.686900,4.712070,0.118266
2.686900,5.101624,-0.124340
2.686900,2.726022,-0.007922
2.686900,2.785172,0.014963
2.686900,7.328988,0.123320
2.686900,3.733035,-0.086502
2.686900,2.690550,-0.003024
2.686900,2.890443,0.026202
2.686900,10.449499,0.069866
2.686900,3.243866,-0.056753
2.686900,2.686901,0.000002
2.686900,3.244519,0.056802
2.686900,10.444050,-0.070013
2.686900,2.890184,-0.026175
2.686900,2.690580,0.003030
2.686900,3.734344,0.086566
2.686900,7.323461,-0.123370
2.686900,2.785022,-0.014946
2.686900,2.726181,0.007942
2.686900,5.107576,0.124412
2.686900,4.707095,-0.118169
2.686900,2.715377,-0.006630
2.686900,2.794691,0.016076
2.686900,7.677447,0.119790
2.686900,3.655742,-0.082593
2.686900,2.688632,-0.002713
2.686900,2.901960,0.027359
2.686900,10.679495,0.063354
2.686900,3.216161,-0.054675
2.686900,2.686570,0.000164
2.686900,3.261494,0.058055
2.686900,10.302484,-0.073721
2.686900,2.883607,-0.025518
2.686900,2.690551,0.003075
2.686900,3.740462,0.086866
2.686900,7.297719,-0.123605
2.686900,2.784277,-0.014869
2.686900,2.725585,0.007879
2.686900,5.086859,0.124160
2.686900,4.724510,-0.118506
2.686900,2.715801,-0.006693
2.686900,2.792795,0.015868
2.686900,7.610753,0.120516
2.686900,3.669770,-0.083324
2.686900,2.688757,-0.002796
2.686900,2.892821,0.026452
2.686900,10.500139,0.068488
2.686900,3.237755,-0.056304
2.686900,2.686265,-0.000028
2.686900,3.229913,0.055716
2.686900,10.565407,-0.066666
2.686900,2.896048,-0.026775
2.686900,2.688453,0.002736
2.686900,3.656020,0.082609
2.686900,7.676041,-0.119806
2.686900,2.794607,-0.016076
2.686900,2.714165,0.006491
2.686900,4.663912,0.117309
2.686900,5.160487,-0.125025
2.686900,2.727565,-0.008117
2.686900,2.782744,0.014687
2.686900,7.240563,0.124110
2.686900,3.754306,-0.087534
2.686900,2.690916,-0.003128
2.686900,2.882276,0.025382
2.686900,10.272557,0.074480
2.686900,3.265097,-0.058318
2.686900,2.686644,-0.000181
2.686900,3.214981,0.054584
2.686900,10.689263,-0.063062
2.686900,2.902486,-0.027410
2.686900,2.688752,0.002723
2.686900,3.659238,0.082775
2.686900,7.660712,-0.119974
2.686900,2.794236,-0.016021
2.686900,2.716092,0.006716
2.686900,4.733226,0.118671
2.686900,5.076643,-0.124032
2.686900,2.725358,-0.007841
2.686900,2.785952,0.015053
2.686900,7.357533,0.123055
2.686900,3.726321,-0.086173
2.686900,2.690415,-0.002994
2.686900,2.892422,0.026400
2.686900,10.490592,0.068749
2.686900,3.238936,-0.056386
2.686900,2.686938,0.000042
2.686900,3.250683,0.057258
2.686900,10.392688,-0.071381
2.686900,2.887771,-0.025932
2.686900,2.690965,0.003093
2.686900,3.750009,0.087327
2.686900,7.258222,-0.123955
2.686900,2.783263,-0.014739
2.686900,2.728241,0.008190
2.686900,5.184402,0.125288
2.686900,4.645009,-0.116919
2.686900,2.713697,-0.006423
2.686900,2.796485,0.016282
2.686900,7.741893,0.119068
2.686900,3.642478,-0.081896
2.686900,2.688330,-0.002656
2.686900,2.904843,0.027646
2.686900,10.733135,0.061735
2.686900,3.209646,-0.054179
2.686900,2.686538,0.000207
2.686900,3.266999,0.058458
2.686900,10.256707,-0.074878
2.686900,2.881561,-0.025311
2.686900,2.690732,0.003112
2.686900,3.748832,0.087271
2.686900,7.262995,-0.123914
2.686900,2.783334,-0.014760
2.686900,2.726470,0.007987
2.686900,5.120065,0.124561
2.686900,4.696723,-0.117967
2.686900,2.715041,-0.006601
2.686900,2.793305,0.015929
2.686900,7.629515,0.120314
2.686900,3.665783,-0.083118
2.686900,2.688627,-0.002783
2.686900,2.892429,0.026414
2.686900,10.492206,0.068706
2.686900,3.238704,-0.056375
2.686900,2.686194,-0.000043
2.686900,3.226671,0.055473
2.686900,10.592308,-0.065901
2.686900,2.897400,-0.026911
2.686900,2.688170,0.002693
2.686900,3.645017,0.082031
2.686900,7.729365,-0.119210
2.686900,2.796083,-0.016248
2.686900,2.712582,0.006297
2.686900,4.605769,0.116085
2.686900,5.235517,-0.125819
2.686900,2.729567,-0.008359
2.686900,2.780837,0.014464
2.686900,7.169838,0.124709
2.686900,3.771874,-0.088372
2.686900,2.691321,-0.003202
2.686900,2.878747,0.025024
2.686900,10.192184,0.076478
2.686900,3.274782,-0.059022
2.686900,2.686615,-0.000254
2.686900,3.204402,0.053776
2.686900,10.776138,-0.060405
2.686900,2.907226,-0.027880
2.686900,2.688316,0.002637
2.686900,3.639452,0.081735
2.686900,7.756817,-0.118897
2.686900,2.796914,-0.016329
2.686900,2.713667,0.006416
2.686900,4.643443,0.116886
2.686900,5.186406,-0.125309
2.686900,2.728305,-0.008195
2.686900,2.783521,0.014766
2.686900,7.267350,0.123875
2.686900,3.747797,-0.087219
2.686900,2.690955,-0.003079
2.686900,2.889508,0.026105
2.686900,10.429551,0.070402
2.686900,3.246265,-0.056931
2.686900,2.687021,-0.000001
2.686900,3.246024,0.056913
2.686900,10.431556,-0.070348
2.686900,2.889603,-0.026115
2.686900,2.690943,0.003077
2.686900,3.747304,0.087196
2.686900,7.269385,-0.123857
2.686900,2.783576,-0.014773
2.686900,2.728245,0.008188
2.686900,5.184162,0.125285
2.686900,4.645199,-0.116923
2.686900,2.713714,-0.006422
2.686900,2.796865,0.016323
2.686900,7.755042,0.118918
2.686900,3.639812,-0.081754
2.686900,2.688324,-0.002638
2.686900,2.907155,0.027873
2.686900,10.774870,0.060445
2.686900,3.204557,-0.053788
2.686900,2.686616,0.000253
2.686900,3.274675,0.059014
2.686900,10.193071,-0.076457
2.686900,2.878786,-0.025028
2.686900,2.691319,0.003202
2.686900,3.771785,0.088368
2.686900,7.170190,-0.124706
2.686900,2.780847,-0.014465
2.686900,2.729562,0.008359
2.686900,5.235342,0.125817
2.686900,4.605900,-0.116088
2.686900,2.712586,-0.006297
2.686900,2.796087,0.016248
2.686900,7.729475,0.119209
2.686900,3.644994,-0.082030
2.686900,2.688170,-0.002692
2.686900,2.897436,0.026915
2.686900,10.593022,0.065880
2.686900,3.226585,-0.055466
2.686900,2.686196,0.000044
2.686900,3.238841,0.056385
2.686900,10.491062,-0.068737
2.686900,2.892374,-0.026409
2.686900,2.688636,0.002785
2.686900,3.666154,0.083137
2.686900,7.627765,-0.120333
2.686900,2.793256,-0.015923
2.686900,2.715092,0.006608
2.686900,4.698587,0.118003
2.686900,5.117808,-0.124534
2.686900,2.726409,-0.007980
2.686900,2.783386,0.014766
2.686900,7.264945,0.123897
2.686900,3.748359,-0.087248
2.686900,2.690721,-0.003110
2.686900,2.881634,0.025319
2.686900,10.258347,0.074837
2.686900,3.266801,-0.058443
2.686900,2.686537,-0.000206
2.686900,3.209816,0.054192
2.686900,10.731731,-0.061778
2.686900,2.904766,-0.027638
2.686900,2.688334,0.002657
2.686900,3.642702,0.081907
2.686900,7.740794,-0.119080
2.686900,2.796454,-0.016279
2.686900,2.713719,0.006425
2.686900,4.645852,0.116936
2.686900,5.183326,-0.125276
2.686900,2.728212,-0.008186
2.686900,2.783283,0.014741
2.686900,7.258986,0.123949
2.686900,3.749824,-0.087318
2.686900,2.690960,-0.003092
2.686900,2.887781,0.025933
2.686900,10.392907,0.071376
2.686900,3.250657,-0.057256
2.686900,2.686937,-0.000042
2.686900,3.238912,0.056385
2.686900,10.490797,-0.068743
2.686900,2.892432,-0.026401
2.686900,2.690410,0.002993
2.686900,3.726146,0.086164
2.686900,7.358282,-0.123048
2.686900,2.785972,-0.015056
2.686900,2.725330,0.007837
2.686900,5.075617,0.124019
2.686900,4.734103,-0.118688
2.686900,2.716116,-0.006719
2.686900,2.794208,0.016018
2.686900,7.659720,0.119985
2.686900,3.659446,-0.082786
2.686900,2.688756,-0.002724
2.686900,2.902429,0.027404
2.686900,10.688193,0.063094
2.686900,3.215110,-0.054594
2.686900,2.686644,0.000180
2.686900,3.264960,0.058308
2.686900,10.273695,-0.074451
2.686900,2.882326,-0.025387
2.686900,2.690909,0.003127
2.686900,3.754006,0.087520
2.686900,7.241787,-0.124099
2.686900,2.782777,-0.014691
2.686900,2.727528,0.008112
2.686900,5.159100,0.125010
2.686900,4.665021,-0.117331
2.686900,2.714195,-0.006494
2.686900,2.794577,0.016073
2.686900,7.674970,0.119818
2.686900,3.656243,-0.082621
2.686900,2.688458,-0.002737
2.686900,2.896011,0.026771
2.686900,10.564672,0.066687
2.686900,3.230001,-0.055723
2.686900,2.686266,0.000028
2.686900,3.237696,0.056299
2.686900,10.500632,-0.068474
2.686900,2.892846,-0.026455
2.686900,2.688757,0.002796
2.686900,3.669738,0.083322
2.686900,7.610907,-0.120514
2.686900,2.792800,-0.015868
2.686900,2.715801,0.006693
2.686900,4.724494,0.118505
2.686900,5.086877,-0.124160
2.686900,2.725585,-0.007879
2.686900,2.784280,0.014870
2.686900,7.297826,0.123604
2.686900,3.740436,-0.086865
2.686900,2.690551,-0.003075
2.686900,2.883626,0.025520
2.686900,10.302917,0.073710
2.686900,3.261442,-0.058052
2.686900,2.686571,-0.000163
2.686900,3.216242,0.054681
2.686900,10.678824,-0.063374
2.686900,2.901924,-0.027355
2.686900,2.688637,0.002714
2.686900,3.655949,0.082604
2.686900,7.676454,-0.119801
2.686900,2.794663,-0.016073
2.686900,2.715405,0.006633
2.686900,4.708130,0.118189
2.686900,5.106335,-0.124397
2.686900,2.726148,-0.007938
2.686900,2.785051,0.014949
2.686900,7.324546,0.123360
2.686900,3.734086,-0.086554
2.686900,2.690574,-0.003029
2.686900,2.890226,0.026180
2.686900,10.444951,0.069989
2.686900,3.244411,-0.056794
2.686900,2.686900,-0.000002
2.686900,3.243958,0.056760
2.686900,10.448730,-0.069887
2.686900,2.890406,-0.026198
2.686900,2.690553,0.003025
2.686900,3.733179,0.086509
2.686900,7.328379,-0.123325
2.686900,2.785155,-0.014962
2.686900,2.726037,0.007924
2.686900,5.102207,0.124347
2.686900,4.711582,-0.118256
2.686900,2.715499,-0.006645
2.686900,2.794579,0.016063
2.686900,7.673413,0.119835
2.686900,3.656583,-0.082637
2.686900,2.688653,-0.002716
2.686900,2.901852,0.027348
2.686900,10.677452,0.063415
2.686900,3.216409,-0.054694
2.686900,2.686575,0.000163
2.686900,3.261428,0.058051
2.686900,10.303038,-0.073707
2.686900,2.883632,-0.025521
2.686900,2.690562,0.003077
2.686900,3.740816,0.086883
2.686900,7.296242,-0.123618
2.686900,2.784238,-0.014865
2.686900,2.725650,0.007887
2.686900,5.089284,0.124190
2.686900,4.722454,-0.118466
2.686900,2.715747,-0.006686
2.686900,2.792867,0.015876
2.686900,7.613344,0.120488
2.686900,3.669219,-0.083295
2.686900,2.688746,-0.002793
2.686900,2.892997,0.026470
2.686900,10.503736,0.068389
2.686900,3.237324,-0.056271
2.686900,2.686267,-0.000025
2.686900,3.230432,0.055755
2.686900,10.561091,-0.066788
2.686900,2.895832,-0.026754
2.686900,2.688479,0.002741
2.686900,3.657128,0.082667
2.686900,7.670724,-0.119865
2.686900,2.794459,-0.016059
2.686900,2.714307,0.006508
2.686900,4.669160,0.117415
2.686900,5.153933,-0.124952
2.686900,2.727389,-0.008096
2.686900,2.782894,0.014705
2.686900,7.246130,0.124062
2.686900,3.752944,-0.087469
2.686900,2.690883,-0.003123
2.686900,2.882479,0.025402
2.686900,10.277128,0.074364
2.686900,3.264547,-0.058278
2.686900,2.686641,-0.000177
2.686900,3.215444,0.054620
2.686900,10.685444,-0.063177
2.686900,2.902282,-0.027390
2.686900,2.688763,0.002726
2.686900,3.659839,0.082807
2.686900,7.657842,-0.120006
2.686900,2.794156,-0.016012
2.686900,2.716153,0.006723
2.686900,4.735471,0.118713
2.686900,5.074022,-0.123999
2.686900,2.725287,-0.007832
2.686900,2.785995,0.015059
2.686900,7.359150,0.123040
2.686900,3.725943,-0.086154
2.686900,2.690403,-0.002992
2.686900,2.892397,0.026397
2.686900,10.490086,0.068763
2.686900,3.238997,-0.056391
2.686900,2.686932,0.000041
2.686900,3.250422,0.057239
2.686900,10.394861,-0.071324
2.686900,2.887872,-0.025942
2.686900,2.690937,0.003089
2.686900,3.748955,0.087276
2.686900,7.262560,-0.123917
2.686900,2.783379,-0.014753
2.686900,2.728088,0.008172
2.686900,5.178699,0.125226
2.686900,4.649486,-0.117012
2.686900,2.713817,-0.006438
2.686900,2.796331,0.016265
2.686900,7.736429,0.119130
2.686900,3.643591,-0.081955
2.686900,2.688352,-0.002661
2.686900,2.904500,0.027612
2.686900,10.726836,0.061927
2.686900,3.210412,-0.054237
2.686900,2.686536,0.000201
2.686900,3.266161,0.058397
2.686900,10.263665,-0.074704
2.686900,2.881869,-0.025343
2.686900,2.690686,0.003104
2.686900,3.746942,0.087180
2.686900,7.270793,-0.123845
2.686900,2.783544,-0.014785
2.686900,2.726233,0.007959
2.686900,5.111210,0.124456
2.686900,4.704057,-0.118111
2.686900,2.715240,-0.006626
2.686900,2.793120,0.015907
2.686900,7.622828,0.120386
2.686900,3.667200,-0.083191
2.686900,2.688663,-0.002789
2.686900,2.892243,0.026395
2.686900,10.488363,0.068811
2.686900,3.239166,-0.056409
2.686900,2.686201,-0.000046
2.686900,3.226452,0.055456
2.686900,10.594131,-0.065849
2.686900,2.897493,-0.026921
2.686900,2.688179,0.002693
2.686900,3.645222,0.082042
2.686900,7.728360,-0.119222
2.686900,2.796056,-0.016244
2.686900,2.712636,0.006303
2.686900,4.607736,0.116128
2.686900,5.232904,-0.125793
2.686900,2.729498,-0.008351
2.686900,2.780923,0.014474
2.686900,7.173004,0.124683
2.686900,3.771077,-0.088334
2.686900,2.691305,-0.003198
2.686900,2.878985,0.025048
2.686900,10.197663,0.076344
2.686900,3.274121,-0.058974
2.686900,2.686621,-0.000249
2.686900,3.205271,0.053843
2.686900,10.769031,-0.060627
2.686900,2.906830,-0.027841
2.686900,2.688359,0.002645
2.686900,3.641336,0.081835
2.686900,7.747531,-0.119003
2.686900,2.796655,-0.016299
2.686900,2.713911,0.006446
2.686900,4.652455,0.117073
2.686900,5.174935,-0.125185
2.686900,2.727998,-0.008158
2.686900,2.783797,0.014799
2.686900,7.277559,0.123784
2.686900,3.745328,-0.087100
2.686900,2.690896,-0.003069
2.686900,2.889960,0.026151
2.686900,10.439086,0.070146
2.686900,3.245121,-0.056846
2.686900,2.687019,0.000007
2.686900,3.247118,0.056994
2.686900,10.422440,-0.070592
2.686900,2.889172,-0.026071
2.686900,2.690992,0.003086
2.686900,3.749419,0.087298
2.686900,7.260665,-0.123934
2.686900,2.783340,-0.014745
2.686900,2.728496,0.008218
2.686900,5.193564,0.125386
2.686900,4.637862,-0.116769
2.686900,2.713515,-0.006397
2.686900,2.797065,0.016346
2.686900,7.762248,0.118835
2.686900,3.638353,-0.081677
2.686900,2.688289,-0.002632
2.686900,2.907413,0.027899
2.686900,10.779499,0.060300
2.686900,3.203990,-0.053745
2.686900,2.686609,0.000256
2.686900,3.274999,0.059038
2.686900,10.190387,-0.076522
2.686900,2.878669,-0.025016
2.686900,2.691315,0.003202
2.686900,3.771779,0.088367
2.686900,7.170212,-0.124706
2.686900,2.780846,-0.014465
2.686900,2.729531,0.008355
2.686900,5.234188,0.125806
2.686900,4.606769,-0.116107
2.686900,2.712608,-0.006300
2.686900,2.796025,0.016241
2.686900,7.727295,0.119234
2.686900,3.645440,-0.082054
2.686900,2.688175,-0.002695
2.686900,2.897181,0.026890
2.686900,10.588020,0.066023
2.686900,3.227187,-0.055512
2.686900,2.686188,0.000039
2.686900,3.237999,0.056322
2.686900,10.498074,-0.068545
2.686900,2.892714,-0.026443
2.686900,2.688585,0.002776
2.686900,3.664075,0.083029
2.686900,7.637595,-0.120227
2.686900,2.793528,-0.015955
2.686900,2.714814,0.006574
2.686900,4.688351,0.117801
2.686900,5.130252,-0.124681
2.686900,2.726743,-0.008020
2.686900,2.783101,0.014733
2.686900,7.254342,0.123990
2.686900,3.750936,-0.087373
2.686900,2.690785,-0.003120
2.686900,2.881256,0.025280
2.686900,10.249793,0.075052
2.686900,3.267832,-0.058518
2.686900,2.686542,-0.000213
2.686900,3.208964,0.054126
2.686900,10.738732,-0.061564
2.686900,2.905149,-0.027676
2.686900,2.688316,0.002652
2.686900,3.641688,0.081854
2.686900,7.745779,-0.119023
2.686900,2.796594,-0.016295
2.686900,2.713624,0.006413
2.686900,4.642288,0.116862
2.686900,5.187880,-0.125325
2.686900,2.728335,-0.008201
2.686900,2.783205,0.014732
2.686900,7.256021,0.123975
2.686900,3.750545,-0.087352
2.686900,2.690981,-0.003095
2.686900,2.887783,0.025933
2.686900,10.392933,0.071375
2.686900,3.250654,-0.057256
2.686900,2.686946,-0.000041
2.686900,3.239195,0.056406
2.686900,10.488436,-0.068808
2.686900,2.892318,-0.026389
2.686900,2.690443,0.002998
2.686900,3.727406,0.086226
2.686900,7.352901,-0.123098
2.686900,2.785827,-0.015039
2.686900,2.725519,0.007860
2.686900,5.082608,0.124107
2.686900,4.728134,-0.118574
2.686900,2.715955,-0.006699
2.686900,2.794388,0.016039
2.686900,7.666170,0.119914
2.686900,3.658097,-0.082716
2.686900,2.688727,-0.002718
2.686900,2.902766,0.027438
2.686900,10.694507,0.062905
2.686900,3.214345,-0.054536
2.686900,2.686643,0.000186
2.686900,3.265713,0.058363
2.686900,10.267440,-0.074608
2.686900,2.882048,-0.025359
2.686900,2.690944,0.003133
2.686900,3.755514,0.087592
2.686900,7.235636,-0.124153
2.686900,2.782611,-0.014672
2.686900,2.727708,0.008134
2.686900,5.165850,0.125085
2.686900,4.659639,-0.117221
2.686900,2.714049,-0.006476
2.686900,2.794715,0.016089
2.686900,7.679958,0.119763
2.686900,3.655205,-0.082567
2.686900,2.688432,-0.002733
2.686900,2.896152,0.026786
2.686900,10.567498,0.066607
2.686900,3.229661,-0.055697
2.686900,2.686260,0.000030
2.686900,3.237848,0.056311
2.686900,10.499360,-0.068509
2.686900,2.892783,-0.026448
2.686900,2.688749,0.002795
2.686900,3.669545,0.083312
2.686900,7.611812,-0.120504
2.686900,2.792824,-0.015871
2.686900,2.715755,0.006687
2.686900,4.722807,0.118473
2.686900,5.088867,-0.124185
2.686900,2.725638,-0.007886
2.686900,2.784218,0.014863
2.686900,7.295548,0.123624
2.686900,3.740982,-0.086891
2.686900,2.690562,-0.003078
2.686900,2.883472,0.025504
2.686900,10.299489,0.073797
2.686900,3.261854,-0.058082
2.686900,2.686567,-0.000167
2.686900,3.215725,0.054642
2.686900,10.683088,-0.063247
2.686900,2.902150,-0.027378
2.686900,2.688611,0.002709
2.686900,3.654824,0.082545
2.686900,7.681862,-0.119741
2.686900,2.794813,-0.016090
2.686900,2.715259,0.006615
2.686900,4.702746,0.118084
2.686900,5.112803,-0.124475
2.686900,2.726322,-0.007959
2.686900,2.784904,0.014932
2.686900,7.319090,0.123410
2.686900,3.735381,-0.086617
2.686900,2.690606,-0.003034
2.686900,2.890036,0.026161
2.686900,10.440932,0.070097
2.686900,3.244893,-0.056830
2.686900,2.686904,-0.000005
2.686900,3.243605,0.056734
2.686900,10.451675,-0.069808
2.686900,2.890547,-0.026212
2.686900,2.690546,0.003023
2.686900,3.732799,0.086491
2.686900,7.329986,-0.123311
2.686900,2.785199,-0.014967
2.686900,2.726008,0.007920
2.686900,5.101061,0.124333
2.686900,4.712542,-0.118275
2.686900,2.715525,-0.006648
2.686900,2.794574,0.016062
2.686900,7.673193,0.119837
2.686900,3.656628,-0.082639
2.686900,2.688657,-0.002716
2.686900,2.901940,0.027357
2.686900,10.679103,0.063366
2.686900,3.216209,-0.054678
2.686900,2.686581,0.000165
2.686900,3.261798,0.058078
2.686900,10.299962,-0.073785
2.686900,2.883494,-0.025506
2.686900,2.690593,0.003081
2.686900,3.742016,0.086941
2.686900,7.291238,-0.123663
2.686900,2.784103,-0.014849
2.686900,2.725817,0.007907
2.686900,5.095485,0.124266
2.686900,4.717218,-0.118366
2.686900,2.715605,-0.006669
2.686900,2.793012,0.015893
2.686900,7.618569,0.120432
2.686900,3.668108,-0.083238
2.686900,2.688721,-0.002789
2.686900,2.893211,0.026491
2.686900,10.508117,0.068268
2.686900,3.236797,-0.056232
2.686900,2.686265,-0.000021
2.686900,3.230886,0.055789
2.686900,10.557315,-0.066895
2.686900,2.895643,-0.026735
2.686900,2.688491,0.002743
2.686900,3.657742,0.082699
2.686900,7.667785,-0.119897
2.686900,2.794377,-0.016050
2.686900,2.714371,0.006516
2.686900,4.671532,0.117464
2.686900,5.150981,-0.124919
2.686900,2.727309,-0.008086
2.686900,2.782948,0.014712
2.686900,7.248178,0.124044
2.686900,3.752443,-0.087445
2.686900,2.690868,-0.003121
2.686900,2.882495,0.025404
2.686900,10.277496,0.074355
2.686900,3.264502,-0.058275
2.686900,2.686637,-0.000178
2.686900,3.215337,0.054612
2.686900,10.686320,-0.063150
2.686900,2.902328,-0.027395
2.686900,2.688749,0.002724
2.686900,3.659311,0.082779
2.686900,7.660363,-0.119978
2.686900,2.794225,-0.016020
2.686900,2.716071,0.006713
2.686900,4.732480,0.118657
2.686900,5.077515,-0.124043
2.686900,2.725381,-0.007844
2.686900,2.785905,0.015048
2.686900,7.355846,0.123071
2.686900,3.726716,-0.086192
2.686900,2.690420,-0.002996
2.686900,2.892237,0.026381
2.686900,10.486780,0.068853
2.686900,3.239393,-0.056421
2.686900,2.686932,0.000038
2.686900,3.250021,0.057209
2.686900,10.398208,-0.071236
2.686900,2.888028,-0.025958
2.686900,2.690917,0.003085
2.686900,3.748120,0.087235
2.686900,7.266002,-0.123887
2.686900,2.783472,-0.014764
2.686900,2.727986,0.008159
2.686900,5.174880,0.125184
2.686900,4.652495,-0.117074
2.686900,2.713899,-0.006448
2.686900,2.796248,0.016255
2.686900,7.733430,0.119164
2.686900,3.644203,-0.081987
2.686900,2.688367,-0.002664
2.686900,2.904385,0.027600
2.686900,10.724726,0.061992
2.686900,3.210669,-0.054257
2.686900,2.686538,0.000200
2.686900,3.265987,0.058384
2.686900,10.265116,-0.074667
2.686900,2.881934,-0.025349
2.686900,2.690685,0.003104
2.686900,3.746814,0.087174
2.686900,7.271323,-0.123840
2.686900,2.783559,-0.014786
2.686900,2.726227,0.007958
2.686900,5.111008,0.124453
2.686900,4.704226,-0.118114
2.686900,2.715245,-0.006626
2.686900,2.793128,0.015908
2.686900,7.623085,0.120383
2.686900,3.667146,-0.083188
2.686900,2.688663,-0.002789
2.686900,2.892308,0.026402
2.686900,10.489698,0.068775
2.686900,3.239006,-0.056397
2.686900,2.686204,-0.000044
2.686900,3.226704,0.055475
2.686900,10.592036,-0.065909
2.686900,2.897387,-0.026910
2.686900,2.688194,0.002696
2.686900,3.645867,0.082076
2.686900,7.725208,-0.119257
2.686900,2.795969,-0.016234
2.686900,2.712724,0.006314
2.686900,4.610944,0.116197
2.686900,5.228654,-0.125750
2.686900,2.729385,-0.008337
2.686900,2.781029,0.014486
2.686900,7.176945,0.124650
2.686900,3.770086,-0.088287
2.686900,2.691282,-0.003194
2.686900,2.879177,0.025067
2.686900,10.202085,0.076235
2.686900,3.273587,-0.058935
2.686900,2.686623,-0.000245
2.686900,3.205848,0.053887
2.686900,10.764307,-0.060774
2.686900,2.906567,-0.027815
2.686900,2.688382,0.002649
2.686900,3.642383,0.081890
2.686900,7.742379,-0.119062
2.686900,2.796511,-0.016283
2.686900,2.714038,0.006462
2.686900,4.657150,0.117170
2.686900,5.168999,-0.125119
2.686900,2.727839,-0.008139
2.686900,2.783931,0.014815
2.686900,7.282539,0.123740
2.686900,3.744127,-0.087042
2.686900,2.690867,-0.003064
2.686900,2.890141,0.026169
2.686900,10.442919,0.070043
2.686900,3.244661,-0.056812
2.686900,2.687016,0.000010
2.686900,3.247475,0.057020
2.686900,10.419467,-0.070671
2.686900,2.889032,-0.026057
2.686900,2.691001,0.003088
2.686900,3.749887,0.087320
2.686900,7.258737,-0.123951
2.686900,2.783288,-0.014739
2.686900,2.728540,0.008224
2.686900,5.195229,0.125403
2.686900,4.636568,-0.116742
2.686900,2.713480,-0.006393
2.686900,2.797087,0.016349
2.686900,7.763057,0.118826
2.686900,3.638190,-0.081668
2.686900,2.688283,-0.002632
2.686900,2.907378,0.027896
2.686900,10.778875,0.060320
2.686900,3.204066,-0.053751
2.686900,2.686605,0.000255
2.686900,3.274791,0.059023
2.686900,10.192106,-0.076480
2.686900,2.878743,-0.025024
2.686900,2.691294,0.003199
2.686900,3.770976,0.088330
2.686900,7.173401,-0.124680
2.686900,2.780931,-0.014476
2.686900,2.729418,0.008342
2.686900,5.229971,0.125763
2.686900,4.609949,-0.116176
2.686900,2.712694,-0.006311
2.686900,2.795912,0.016228
2.686900,7.723264,0.119279
2.686900,3.646265,-0.082097
2.686900,2.688191,-0.002699
2.686900,2.896922,0.026864
2.686900,10.582898,0.066170
2.686900,3.227803,-0.055558
2.686900,2.686185,0.000034
2.686900,3.237292,0.056270
2.686900,10.503966,-0.068382
2.686900,2.893001,-0.026472
2.686900,2.688551,0.002770
2.686900,3.662609,0.082953
2.686900,7.644553,-0.120151
2.686900,2.793720,-0.015977
2.686900,2.714628,0.006551
2.686900,4.681483,0.117664
2.686900,5.138673,-0.124778
2.686900,2.726969,-0.008047
2.686900,2.782915,0.014711
2.686900,7.247409,0.124051
2.686900,3.752627,-0.087454
2.686900,2.690827,-0.003127
2.686900,2.881038,0.025258
2.686900,10.244827,0.075176
2.686900,3.268430,-0.058562
2.686900,2.686548,-0.000216
2.686900,3.208539,0.054094
2.686900,10.742226,-0.061456
2.686900,2.905342,-0.027695
2.686900,2.688313,0.002650
2.686900,3.641370,0.081837
2.686900,7.747347,-0.119006
2.686900,2.796639,-0.016300
2.686900,2.713609,0.006411
2.686900,4.641696,0.116850
2.686900,5.188640,-0.125333
2.686900,2.728356,-0.008203
2.686900,2.783208,0.014732
2.686900,7.256129,0.123974
2.686900,3.750519,-0.087351
2.686900,2.690983,-0.003094
2.686900,2.887884,0.025943
2.686900,10.395072,0.071318
2.686900,3.250398,-0.057237
2.686900,2.686952,-0.000039
2.686900,3.239646,0.056439
2.686900,10.484688,-0.068911
2.686900,2.892137,-0.026371
2.686900,2.690478,0.003003
2.686900,3.728781,0.086294
2.686900,7.347042,-0.123153
2.686900,2.785669,-0.015020
2.686900,2.725710,0.007883
2.686900,5.089731,0.124195
2.686900,4.722088,-0.118459
2.686900,2.715792,-0.006679
2.686900,2.794558,0.016059
2.686900,7.672321,0.119847
2.686900,3.656813,-0.082649
2.686900,2.688698,-0.002713
2.686900,2.903039,0.027465
2.686900,10.699620,0.062752
2.686900,3.213724,-0.054489
2.686900,2.686640,0.000190
2.686900,3.266237,0.058401
2.686900,10.263080,-0.074718
2.686900,2.881854,-0.025339
2.686900,2.690962,0.003137
2.686900,3.756329,0.087632
2.686900,7.232316,-0.124181
2.686900,2.782521,-0.014661
2.686900,2.727794,0.008145
2.686900,5.169093,0.125121
2.686900,4.657065,-0.117169
2.686900,2.713978,-0.006468
2.686900,2.794769,0.016095
2.686900,7.681914,0.119741
2.686900,3.654798,-0.082545
2.686900,2.688420,-0.002731
2.686900,2.896146,0.026785
2.686900,10.567389,0.066610
2.686900,3.229673,-0.055698
2.686900,2.686254,0.000029
2.686900,3.237657,0.056296
2.686900,10.500955,-0.068465
2.686900,2.892860,-0.026456
2.686900,2.688729,0.002792
2.686900,3.668763,0.083272
2.686900,7.615485,-0.120465
2.686900,2.792925,-0.015883
2.686900,2.715639,0.006673
2.686900,4.718553,0.118391
2.686900,5.093900,-0.124246
2.686900,2.725773,-0.007902
2.686900,2.784095,0.014848
2.686900,7.290996,0.123665
2.686900,3.742074,-0.086944
2.686900,2.690588,-0.003082
2.686900,2.883280,0.025485
2.686900,10.295210,0.073906
2.686900,3.262369,-0.058119
2.686900,2.686568,-0.000170
2.686900,3.215232,0.054604
2.686900,10.687156,-0.063125
2.686900,2.902367,-0.027399
2.686900,2.688594,0.002706
2.686900,3.654031,0.082504
2.686900,7.685683,-0.119699
2.686900,2.794920,-0.016102
2.686900,2.715168,0.006604
2.686900,4.699378,0.118018
2.686900,5.116865,-0.124523
2.686900,2.726431,-0.007972
2.686900,2.784821,0.014922
2.686900,7.316023,0.123438
2.686900,3.736110,-0.086652
2.686900,2.690625,-0.003037
2.686900,2.889976,0.026154
2.686900,10.439656,0.070131
2.686900,3.245047,-0.056841
2.686900,2.686909,-0.000005
2.686900,3.243617,0.056735
2.686900,10.451572,-0.069810
2.686900,2.890543,-0.026211
2.686900,2.690559,0.003025
2.686900,3.733243,0.086512
2.686900,7.328109,-0.123328
2.686900,2.785149,-0.014961
2.686900,2.726082,0.007929
2.686900,5.103827,0.124367
2.686900,4.710226,-0.118230
2.686900,2.715463,-0.006640
2.686900,2.794653,0.016071
2.686900,7.676033,0.119806
2.686900,3.656037,-0.082609
2.686900,2.688646,-0.002713
2.686900,2.902126,0.027375
2.686900,10.682614,0.063261
2.686900,3.215784,-0.054646
2.686900,2.686583,0.000168
2.686900,3.262284,0.058113
2.686900,10.295921,-0.073888
2.686900,2.883313,-0.025488
2.686900,2.690621,0.003086
2.686900,3.743157,0.086997
2.686900,7.286489,-0.123705
2.686900,2.783975,-0.014834
2.686900,2.725963,0.007925
2.686900,5.100921,0.124332
2.686900,4.712650,-0.118278
2.686900,2.715481,-0.006653
2.686900,2.793126,0.015906
2.686900,7.622735,0.120387
2.686900,3.667223,-0.083192
2.686900,2.688698,-0.002785
2.686900,2.893330,0.026503
2.686900,10.510564,0.068200
2.686900,3.236503,-0.056210
2.686900,2.686261,-0.000020
2.686900,3.231032,0.055800
2.686900,10.556098,-0.066929
2.686900,2.895582,-0.026729
2.686900,2.688486,0.002743
2.686900,3.657638,0.082694
2.686900,7.668278,-0.119892
2.686900,2.794390,-0.016051
2.686900,2.714340,0.006513
2.686900,4.670423,0.117441
2.686900,5.152359,-0.124934
2.686900,2.727346,-0.008091
2.686900,2.782902,0.014706
2.686900,7.246487,0.124058
2.686900,3.752856,-0.087465
2.686900,2.690876,-0.003123
2.686900,2.882367,0.025391
2.686900,10.274639,0.074427
2.686900,3.264846,-0.058300
2.686900,2.686633,-0.000180
2.686900,3.214887,0.054577
2.686900,10.690032,-0.063039
2.686900,2.902526,-0.027414
2.686900,2.688725,0.002720
2.686900,3.658292,0.082726
2.686900,7.665235,-0.119925
2.686900,2.794360,-0.016036
2.686900,2.715938,0.006697
2.686900,4.727536,0.118563
2.686900,5.083310,-0.124116
2.686900,2.725536,-0.007862
2.686900,2.785773,0.015033
2.686900,7.350971,0.123116
2.686900,3.727858,-0.086248
2.686900,2.690449,-0.003000
2.686900,2.892073,0.026365
2.686900,10.483379,0.068947
2.686900,3.239802,-0.056451
2.686900,2.686936,0.000036
2.686900,3.249746,0.057189
2.686900,10.400498,-0.071175
2.686900,2.888135,-0.025968
2.686900,2.690914,0.003084
2.686900,3.747903,0.087225
2.686900,7.266896,-0.123879
2.686900,2.783497,-0.014766
2.686900,2.727976,0.008158
2.686900,5.174500,0.125180
2.686900,4.652795,-0.117080
2.686900,2.713907,-0.006449
2.686900,2.796259,0.016256
2.686900,7.733801,0.119160
2.686900,3.644128,-0.081983
2.686900,2.688368,-0.002663
2.686900,2.904490,0.027611
2.686900,10.726644,0.061933
2.686900,3.210436,-0.054239
2.686900,2.686543,0.000202
2.686900,3.266359,0.058411
2.686900,10.262021,-0.074745
2.686900,2.881797,-0.025335
2.686900,2.690714,0.003108
2.686900,3.747948,0.087229
2.686900,7.266640,-0.123882
2.686900,2.783433,-0.014771
2.686900,2.726382,0.007977
2.686900,5.116766,0.124522
2.686900,4.699449,-0.118020
2.686900,2.715116,-0.006610
2.686900,2.793261,0.015924
2.686900,7.627885,0.120332
2.686900,3.666129,-0.083136
2.686900,2.688639,-0.002784
2.686900,2.892505,0.026422
2.686900,10.493751,0.068663
2.686900,3.238519,-0.056361
2.686900,2.686203,-0.000041
2.686900,3.227127,0.055507
2.686900,10.588521,-0.066009
2.686900,2.897208,-0.026892
2.686900,2.688205,0.002698
2.686900,3.646432,0.082106
2.686900,7.722451,-0.119288
2.686900,2.795891,-0.016225
2.686900,2.712782,0.006322
2.686900,4.613116,0.116244
2.686900,5.225786,-0.125721
2.686900,2.729308,-0.008328
2.686900,2.781086,0.014493
2.686900,7.179098,0.124633
2.686900,3.769545,-0.088262
2.686900,2.691267,-0.003192
2.686900,2.879225,0.025072
2.686900,10.203188,0.076208
2.686900,3.273454,-0.058926
2.686900,2.686620,-0.000244
2.686900,3.205887,0.053890
2.686900,10.763988,-0.060784
2.686900,2.906549,-0.027813
2.686900,2.688377,0.002649
2.686900,3.642240,0.081883
2.686900,7.743083,-0.119054
2.686900,2.796530,-0.016285
2.686900,2.714009,0.006458
2.686900,4.656109,0.117148
2.686900,5.170313,-0.125134
2.686900,2.727874,-0.008143
2.686900,2.783891,0.014810
2.686900,7.281077,0.123753
2.686900,3.744479,-0.087059
2.686900,2.690874,-0.003065
2.686900,2.890041,0.026159
2.686900,10.440811,0.070100
2.686900,3.244914,-0.056830
2.686900,2.687014,0.000008
2.686900,3.247157,0.056997
2.686900,10.422110,-0.070601
2.686900,2.889157,-0.026070
2.686900,2.690981,0.003085
2.686900,3.749071,0.087281
2.686900,7.262098,-0.123921
2.686900,2.783378,-0.014750
2.686900,2.728433,0.008211
2.686900,5.191220,0.125361
2.686900,4.639685,-0.116808
2.686900,2.713564,-0.006403
2.686900,2.796989,0.016338
2.686900,7.759542,0.118866
2.686900,3.638900,-0.081706
2.686900,2.688298,-0.002635
2.686900,2.907190,0.027877
2.686900,10.775511,0.060425
2.686900,3.204478,-0.053782
2.686900,2.686605,0.000253
2.686900,3.274397,0.058994
2.686900,10.195370,-0.076400
2.686900,2.878884,-0.025038
2.686900,2.691276,0.003196
2.686900,3.770204,0.088293
2.686900,7.176472,-0.124654
2.686900,2.781014,-0.014485
2.686900,2.729327,0.008331
2.686900,5.226583,0.125729
2.686900,4.612511,-0.116231
2.686900,2.712763,-0.006320
2.686900,2.795840,0.016220
2.686900,7.720674,0.119308
2.686900,3.646795,-0.082125
2.686900,2.688204,-0.002701
2.686900,2.896824,0.026854
2.686900,10.580970,0.066225
2.686900,3.228036,-0.055576
2.686900,2.686187,0.000033
2.686900,3.237117,0.056257
2.686900,10.505419,-0.068342
2.686900,2.893072,-0.026479
2.686900,2.688548,0.002769
2.686900,3.662445,0.082945
2.686900,7.645329,-0.120143
2.686900,2.793742,-0.015979
2.686900,2.714616,0.006549
2.686900,4.681019,0.117655
2.686900,5.139244,-0.124785
2.686900,2.726985,-0.008049
2.686900,2.782909,0.014710
2.686900,7.247195,0.124052
2.686900,3.752680,-0.087457
2.686900,2.690830,-0.003127
2.686900,2.881065,0.025261
2.686900,10.245432,0.075161
2.686900,3.268357,-0.058556
2.686900,2.686550,-0.000216
2.686900,3.208685,0.054105
2.686900,10.741030,-0.061493
2.686900,2.905276,-0.027688
2.686900,2.688323,0.002652
2.686900,3.641773,0.081858
2.686900,7.745362,-0.119028
2.686900,2.796584,-0.016293
2.686900,2.713665,0.006418
2.686900,4.643759,0.116893
2.686900,5.185999,-0.125305
2.686900,2.728285,-0.008195
2.686900,2.783275,0.014740
2.686900,7.258593,0.123952
2.686900,3.749920,-0.087322
2.686900,2.690970,-0.003092
2.686900,2.888006,0.025955
2.686900,10.397702,0.071249
2.686900,3.250082,-0.057213
2.686900,2.686952,-0.000036
2.686900,3.239980,0.056464
2.686900,10.481901,-0.068987
2.686900,2.892003,-0.026357
2.686900,2.690495,0.003006
2.686900,3.729494,0.086329
2.686900,7.344012,-0.123181
2.686900,2.785586,-0.015010
2.686900,2.725799,0.007894
2.686900,5.093056,0.124236
2.686900,4.719278,-0.118405
2.686900,2.715715,-0.006669
2.686900,2.794628,0.016067
2.686900,7.674855,0.119819
2.686900,3.656285,-0.082621
2.686900,2.688684,-0.002711
2.686900,2.903110,0.027472
2.686900,10.700939,0.062712
2.686900,3.213564,-0.054477
2.686900,2.686637,0.000190
2.686900,3.266285,0.058405
2.686900,10.262677,-0.074728
2.686900,2.881836,-0.025337
2.686900,2.690956,0.003136
2.686900,3.756123,0.087622
2.686900,7.233153,-0.124174
2.686900,2.782543,-0.014664
2.686900,2.727756,0.008140
2.686900,5.167650,0.125105
2.686900,4.658209,-0.117192
2.686900,2.714009,-0.006472
2.686900,2.794723,0.016090
2.686900,7.680271,0.119759
2.686900,3.655139,-0.082563
2.686900,2.688425,-0.002733
2.686900,2.896017,0.026772
2.686900,10.564825,0.066683
2.686900,3.229982,-0.055722
2.686900,2.686252,0.000026
2.686900,3.237269,0.056267
2.686900,10.504181,-0.068376
2.686900,2.893017,-0.026472
2.686900,2.688707,0.002789
2.686900,3.667880,0.083226
2.686900,7.619636,-0.120421
2.686900,2.793039,-0.015897
2.686900,2.715524,0.006659
2.686900,4.714298,0.118309
2.686900,5.098957,-0.124308
2.686900,2.725909,-0.007918
2.686900,2.783983,0.014835
2.686900,7.286825,0.123702
2.686900,3.743076,-0.086993
2.686900,2.690614,-0.003086
2.686900,2.883152,0.025472
2.686900,10.292351,0.073979
2.686900,3.262712,-0.058145
2.686900,2.686572,-0.000172
2.686900,3.215004,0.054587
2.686900,10.689043,-0.063069
2.686900,2.902467,-0.027409
2.686900,2.688593,0.002705
2.686900,3.653903,0.082497
2.686900,7.686299,-0.119692
2.686900,2.794937,-0.016104
2.686900,2.715168,0.006604
2.686900,4.699336,0.118018
2.686900,5.116916,-0.124523
2.686900,2.726433,-0.007972
2.686900,2.784834,0.014924
2.686900,7.316471,0.123434
2.686900,3.736003,-0.086647
2.686900,2.690625,-0.003036
2.686900,2.890057,0.026162
2.686900,10.441350,0.070086
2.686900,3.244844,-0.056826
2.686900,2.686913,-0.000003
2.686900,3.243939,0.056759
2.686900,10.448890,-0.069883
2.686900,2.890415,-0.026199
2.686900,2.690583,0.003028
2.686900,3.734188,0.086559
2.686900,7.324119,-0.123364
2.686900,2.785041,-0.014948
2.686900,2.726212,0.007945
2.686900,5.108661,0.124425
2.686900,4.706191,-0.118152
2.686900,2.715354,-0.006627
2.686900,2.794768,0.016085
2.686900,7.680178,0.119760
2.686900,3.655175,-0.082563
2.686900,2.688626,-0.002710
2.686900,2.902312,0.027394
2.686900,10.686114,0.063157
2.686900,3.215359,-0.054614
2.686900,2.686580,0.000171
2.686900,3.262648,0.058140
2.686900,10.292886,-0.073965
2.686900,2.883177,-0.025474
2.686900,2.690634,0.003088
2.686900,3.743733,0.087025
2.686900,7.284097,-0.123727
2.686900,2.783910,-0.014826
2.686900,2.726025,0.007932
2.686900,5.103252,0.124360
2.686900,4.710697,-0.118240
2.686900,2.715427,-0.006647
2.686900,2.793164,0.015911
2.686900,7.624112,0.120372
2.686900,3.666931,-0.083177
2.686900,2.688689,-0.002784
2.686900,2.893312,0.026502
2.686900,10.510210,0.068210
2.686900,3.236545,-0.056213
2.686900,2.686256,-0.000021
2.686900,3.230841,0.055786
2.686900,10.557688,-0.066884
2.686900,2.895660,-0.026737
2.686900,2.688468,0.002741
2.686900,3.656947,0.082658
2.686900,7.671591,-0.119855
2.686900,2.794482,-0.016062
2.686900,2.714240,0.006500
2.686900,4.666729,0.117366
2.686900,5.156964,-0.124986
2.686900,2.727469,-0.008105
2.686900,2.782787,0.014693
2.686900,7.242228,0.124095
2.686900,3.753898,-0.087515
2.686900,2.690901,-0.003127
2.686900,2.882168,0.025371
2.686900,10.270164,0.074540
2.686900,3.265384,-0.058339
2.686900,2.686633,-0.000184
2.686900,3.214327,0.054535
2.686900,10.694654,-0.062901
2.686900,2.902772,-0.027439
2.686900,2.688703,0.002715
2.686900,3.657278,0.082673
2.686900,7.670091,-0.119871
2.686900,2.794495,-0.016052
2.686900,2.715815,0.006682
2.686900,4.722999,0.118476
2.686900,5.088654,-0.124182
2.686900,2.725680,-0.007880
2.686900,2.785661,0.015019
2.686900,7.346791,0.123155
2.686900,3.728840,-0.086296
2.686900,2.690475,-0.003004
2.686900,2.891973,0.026355
2.686900,10.481314,0.069003
2.686900,3.240050,-0.056469
2.686900,2.686942,0.000035
2.686900,3.249694,0.057185
2.686900,10.400933,-0.071164
2.686900,2.888156,-0.025970
2.686900,2.690927,0.003086
2.686900,3.748303,0.087244
2.686900,7.265250,-0.123894
2.686900,2.783453,-0.014761
2.686900,2.728049,0.008167
2.686900,5.177205,0.125209
2.686900,4.650662,-0.117036
2.686900,2.713851,-0.006441
2.686900,2.796346,0.016266
2.686900,7.736884,0.119125
2.686900,3.643499,-0.081950
2.686900,2.688357,-0.002660
2.686900,2.904737,0.027635
2.686900,10.731180,0.061795
2.686900,3.209884,-0.054197
2.686900,2.686547,0.000206
2.686900,3.267040,0.058461
2.686900,10.256366,-0.074887
2.686900,2.881547,-0.025310
2.686900,2.690757,0.003115
2.686900,3.749681,0.087312
2.686900,7.259501,-0.123945
2.686900,2.783241,-0.014749
2.686900,2.726608,0.008004
2.686900,5.125178,0.124621
2.686900,4.692512,-0.117883
2.686900,2.714928,-0.006587
2.686900,2.793445,0.015945
2.686900,7.634563,0.120260
2.686900,3.664716,-0.083062
2.686900,2.688605,-0.002779
2.686900,2.892739,0.026445
2.686900,10.498576,0.068531
2.686900,3.237939,-0.056318
2.686900,2.686197,-0.000038
2.686900,3.227549,0.055539
2.686900,10.585020,-0.066109
2.686900,2.897030,-0.026874
2.686900,2.688210,0.002700
2.686900,3.646769,0.082124
2.686900,7.720807,-0.119307
2.686900,2.795845,-0.016220
2.686900,2.712802,0.006324
2.686900,4.613879,0.116260
2.686900,5.224779,-0.125711
2.686900,2.729280,-0.008325
2.686900,2.781091,0.014494
2.686900,7.179313,0.124631
2.686900,3.769491,-0.088259
2.686900,2.691263,-0.003192
2.686900,2.879154,0.025065
2.686900,10.201570,0.076248
2.686900,3.273649,-0.058940
2.686900,2.686615,-0.000246
2.686900,3.205527,0.053863
2.686900,10.766930,-0.060693
2.686900,2.906712,-0.027830
2.686900,2.688354,0.002645
2.686900,3.641285,0.081832
2.686900,7.747782,-0.119001
2.686900,2.796661,-0.016300
2.686900,2.713878,0.006442
2.686900,4.651263,0.117048
2.686900,5.176445,-0.125201
2.686900,2.728038,-0.008163
2.686900,2.783738,0.014792
2.686900,7.275416,0.123803
2.686900,3.745845,-0.087125
2.686900,2.690905,-0.003071
2.686900,2.889767,0.026131
2.686900,10.435033,0.070255
2.686900,3.245607,-0.056882
2.686900,2.687013,0.000003
2.686900,3.246445,0.056944
2.686900,10.428050,-0.070442
2.686900,2.889437,-0.026098
2.686900,2.690945,0.003078
2.686900,3.747559,0.087208
2.686900,7.268330,-0.123866
2.686900,2.783547,-0.014770
2.686900,2.728246,0.008188
2.686900,5.184251,0.125286
2.686900,4.645130,-0.116921
2.686900,2.713712,-0.006422
2.686900,2.796832,0.016320
2.686900,7.753924,0.118930
2.686900,3.640038,-0.081766
2.686900,2.688325,-0.002640
2.686900,2.906951,0.027853
2.686900,10.771222,0.060559
2.686900,3.205002,-0.053822
2.686900,2.686609,0.000249
2.686900,3.273999,0.058965
2.686900,10.198668,-0.076319
2.686900,2.879027,-0.025053
2.686900,2.691266,0.003194
2.686900,3.769731,0.088270
2.686900,7.178357,-0.124639
2.686900,2.781065,-0.014491
2.686900,2.729286,0.008326
2.686900,5.225046,0.125713
2.686900,4.613676,-0.116256
2.686900,2.712796,-0.006324
2.686900,2.795825,0.016218
2.686900,7.720116,0.119315
2.686900,3.646910,-0.082131
2.686900,2.688209,-0.002701
2.686900,2.896885,0.026860
2.686900,10.582169,0.066190
2.686900,3.227892,-0.055565
2.686900,2.686192,0.000034
2.686900,3.237412,0.056278
2.686900,10.502967,-0.068410
2.686900,2.892952,-0.026467
2.686900,2.688571,0.002773
2.686900,3.663333,0.082991
2.686900,7.641116,-0.120189
2.686900,2.793626,-0.015966
2.686900,2.714740,0.006564
2.686900,4.685597,0.117746
2.686900,5.133622,-0.124720
2.686900,2.726834,-0.008031
2.686900,2.783044,0.014726
2.686900,7.252193,0.124009
2.686900,3.751460,-0.087398
2.686900,2.690800,-0.003122
2.686900,2.881271,0.025282
2.686900,10.250113,0.075043
2.686900,3.267793,-0.058515
2.686900,2.686549,-0.000212
2.686900,3.209222,0.054146
2.686900,10.736617,-0.061628
2.686900,2.905034,-0.027665
2.686900,2.688340,0.002656
2.686900,3.642604,0.081902
2.686900,7.741277,-0.119075
2.686900,2.796469,-0.016280
2.686900,2.713758,0.006430
2.686900,4.647217,0.116965
2.686900,5.181586,-0.125257
2.686900,2.728167,-0.008181
2.686900,2.783368,0.014751
2.686900,7.262076,0.123921
2.686900,3.749073,-0.087281
2.686900,2.690948,-0.003088
2.686900,2.888105,0.025965
2.686900,10.399837,0.071193
2.686900,3.249826,-0.057195
2.686900,2.686948,-0.000035
2.686900,3.240112,0.056474
2.686900,10.480799,-0.069017
2.686900,2.891949,-0.026352
2.686900,2.690492,0.003006
2.686900,3.729447,0.086326
2.686900,7.344211,-0.123179
2.686900,2.785591,-0.015011
2.686900,2.725778,0.007891
2.686900,5.092285,0.124226
2.686900,4.719929,-0.118417
2.686900,2.715733,-0.006671
2.686900,2.794595,0.016063
2.686900,7.673689,0.119831
2.686900,3.656528,-0.082634
2.686900,2.688688,-0.002712
2.686900,2.902993,0.027461
2.686900,10.698772,0.062777
2.686900,3.213827,-0.054497
2.686900,2.686634,0.000188
2.686900,3.265931,0.058379
2.686900,10.265621,-0.074654
2.686900,2.881966,-0.025351
2.686900,2.690931,0.003132
2.686900,3.755146,0.087575
2.686900,7.237133,-0.124140
2.686900,2.782650,-0.014677
2.686900,2.727626,0.008124
2.686900,5.162819,0.125051
2.686900,4.662051,-0.117271
2.686900,2.714113,-0.006485
2.686900,2.794609,0.016077
2.686900,7.676193,0.119804
2.686900,3.655988,-0.082608
2.686900,2.688445,-0.002737
2.686900,2.895829,0.026754
2.686900,10.561067,0.066789
2.686900,3.230434,-0.055756
2.686900,2.686253,0.000023
2.686900,3.236846,0.056236
2.686900,10.507710,-0.068279
2.686900,2.893190,-0.026489
2.686900,2.688693,0.002785
2.686900,3.667200,0.083191
2.686900,7.622842,-0.120386
2.686900,2.793128,-0.015907
2.686900,2.715446,0.006650
2.686900,4.711415,0.118254
2.686900,5.102394,-0.124350
2.686900,2.726001,-0.007929
2.686900,2.783915,0.014827
2.686900,7.284318,0.123725
2.686900,3.743679,-0.087022
2.686900,2.690630,-0.003088
2.686900,2.883119,0.025468
2.686900,10.291597,0.073998
2.686900,3.262803,-0.058151
2.686900,2.686576,-0.000172
2.686900,3.215069,0.054592
2.686900,10.688508,-0.063085
2.686900,2.902439,-0.027407
2.686900,2.688606,0.002706
2.686900,3.654369,0.082521
2.686900,7.684053,-0.119717
2.686900,2.794875,-0.016097
2.686900,2.715242,0.006613
2.686900,4.702068,0.118071
2.686900,5.113619,-0.124484
2.686900,2.726345,-0.007961
2.686900,2.784922,0.014934
2.686900,7.319697,0.123405
2.686900,3.735237,-0.086610
2.686900,2.690608,-0.003033
2.686900,2.890229,0.026180
2.686900,10.444969,0.069988
2.686900,3.244410,-0.056794
2.686900,2.686914,0.000000
2.686900,3.244415,0.056794
2.686900,10.444924,-0.069990
2.686900,2.890227,-0.026180
2.686900,2.690608,0.003033
2.686900,3.735248,0.086610
2.686900,7.319651,-0.123405
2.686900,2.784920,-0.014934
2.686900,2.726346,0.007961
2.686900,5.113669,0.124485
2.686900,4.702027,-0.118070
2.686900,2.715241,-0.006613
2.686900,2.794876,0.016097
2.686900,7.684090,0.119717
2.686900,3.654362,-0.082521
2.686900,2.688606,-0.002706
2.686900,2.902440,0.027407
2.686900,10.688526,0.063084
2.686900,3.215067,-0.054592
2.686900,2.686576,0.000172
2.686900,3.262804,0.058151
2.686900,10.291594,-0.073998
2.686900,2.883118,-0.025468
2.686900,2.690630,0.003088
2.686900,3.743676,0.087022
2.686900,7.284334,-0.123725
2.686900,2.783916,-0.014827
2.686900,2.726001,0.007929
2.686900,5.102369,0.124350
2.686900,4.711436,-0.118254
2.686900,2.715447,-0.006650
2.686900,2.793127,0.015907
2.686900,7.622816,0.120386
2.686900,3.667205,-0.083191
2.686900,2.688693,-0.002786
2.686900,2.893188,0.026489
2.686900,10.507674,0.068280
2.686900,3.236850,-0.056236
2.686900,2.686252,-0.000023
2.686900,3.230429,0.055755
2.686900,10.561110,-0.066788
2.686900,2.895831,-0.026754
2.686900,2.688445,0.002737
2.686900,3.655977,0.082607
2.686900,7.676246,-0.119804
2.686900,2.794611,-0.016077
2.686900,2.714111,0.006485
2.686900,4.662000,0.117270
2.686900,5.162883,-0.125052
2.686900,2.727628,-0.008125
2.686900,2.782649,0.014677
2.686900,7.237078,0.124140
2.686900,3.755160,-0.087575
2.686900,2.690931,-0.003132
2.686900,2.881964,0.025350
2.686900,10.265575,0.074655
2.686900,3.265936,-0.058379
2.686900,2.686634,-0.000188
2.686900,3.213822,0.054496
2.686900,10.698811,-0.062776
2.686900,2.902995,-0.027461
2.686900,2.688688,0.002712
2.686900,3.656522,0.082634
2.686900,7.673718,-0.119831
2.686900,2.794596,-0.016063
2.686900,2.715732,0.006671
2.686900,4.719906,0.118417
2.686900,5.092312,-0.124227
2.686900,2.725779,-0.007891
2.686900,2.785591,0.015011
2.686900,7.344193,0.123179
2.686900,3.729451,-0.086326
2.686900,2.690492,-0.003006
2.686900,2.891949,0.026352
2.686900,10.480802,0.069017
2.686900,3.240112,-0.056474
2.686900,2.686948,0.000035
2.686900,3.249828,0.057195
2.686900,10.399818,-0.071193
2.686900,2.888104,-0.025965
2.686900,2.690948,0.003089
2.686900,3.749083,0.087282
2.686900,7.262036,-0.123922
2.686900,2.783367,-0.014751
2.686900,2.728168,0.008181
2.686900,5.181639,0.125258
2.686900,4.647176,-0.116964
2.686900,2.713757,-0.006430
2.686900,2.796470,0.016280
2.686900,7.741327,0.119074
2.686900,3.642594,-0.081902
2.686900,2.688340,-0.002656
2.686900,2.905038,0.027665
2.686900,10.736676,0.061627
2.686900,3.209215,-0.054146
2.686900,2.686549,0.000212
2.686900,3.267801,0.058516
2.686900,10.250048,-0.075045
2.686900,2.881268,-0.025281
2.686900,2.690801,0.003122
2.686900,3.751478,0.087399
2.686900,7.252119,-0.124009
2.686900,2.783042,-0.014725
2.686900,2.726836,0.008031
2.686900,5.133707,0.124721
2.686900,4.685527,-0.117745
2.686900,2.714738,-0.006564
2.686900,2.793628,0.015966
2.686900,7.641181,0.120188
2.686900,3.663319,-0.082990
2.686900,2.688571,-0.002773
2.686900,2.892954,0.026467
2.686900,10.503009,0.068409
2.686900,3.237407,-0.056278
2.686900,2.686192,-0.000034
2.686900,3.227895,0.055565
2.686900,10.582144,-0.066191
2.686900,2.896884,-0.026860
2.686900,2.688209,0.002701
2.686900,3.646910,0.082131
2.686900,7.720114,-0.119315
2.686900,2.795825,-0.016218
2.686900,2.712796,0.006324
2.686900,4.613669,0.116256
2.686900,5.225055,-0.125714
2.686900,2.729287,-0.008326
2.686900,2.781064,0.014491
2.686900,7.178341,0.124639
2.686900,3.769735,-0.088271
2.686900,2.691266,-0.003194
2.686900,2.879026,0.025052
2.686900,10.198632,0.076320
2.686900,3.274003,-0.058966
2.686900,2.686609,-0.000249
2.686900,3.204996,0.053822
2.686900,10.771272,-0.060557
2.686900,2.906953,-0.027853
2.686900,2.688324,0.002640
2.686900,3.640024,0.081765
2.686900,7.753993,-0.118930
2.686900,2.796834,-0.016320
2.686900,2.713710,0.006421
2.686900,4.645062,0.116920
2.686900,5.184337,-0.125287
2.686900,2.728249,-0.008189
2.686900,2.783545,0.014769
2.686900,7.268251,0.123867
2.686900,3.747578,-0.087209
2.686900,2.690946,-0.003078
2.686900,2.889433,0.026098
2.686900,10.427974,0.070444
2.686900,3.246454,-0.056945
2.686900,2.687013,-0.000003
2.686900,3.245598,0.056881
2.686900,10.435109,-0.070253
2.686900,2.889771,-0.026132
2.686900,2.690905,0.003071
2.686900,3.745827,0.087124
2.686900,7.275492,-0.123803
2.686900,2.783740,-0.014792
2.686900,2.728035,0.008163
2.686900,5.176361,0.125200
2.686900,4.651329,-0.117050
2.686900,2.713880,-0.006442
2.686900,2.796659,0.016300
2.686900,7.747716,0.119001
2.686900,3.641298,-0.081833
2.686900,2.688354,-0.002645
2.686900,2.906710,0.027829
2.686900,10.766887,0.060694
2.686900,3.205533,-0.053863
2.686900,2.686615,0.000246
2.686900,3.273645,0.058940
2.686900,10.201597,-0.076247
2.686900,2.879155,-0.025065
2.686900,2.691263,0.003192
2.686900,3.769489,0.088259
2.686900,7.179318,-0.124631
2.686900,2.781091,-0.014494
2.686900,2.729280,0.008325
2.686900,5.224782,0.125711
2.686900,4.613876,-0.116260
2.686900,2.712802,-0.006324
2.686900,2.795845,0.016220
2.686900,7.720819,0.119307
2.686900,3.646766,-0.082124
2.686900,2.688210,-0.002700
2.686900,2.897032,0.026875
2.686900,10.585057,0.066108
2.686900,3.227544,-0.055539
2.686900,2.686198,0.000038
2.686900,3.237946,0.056318
2.686900,10.498522,-0.068532
2.686900,2.892736,-0.026445
2.686900,2.688606,0.002779
2.686900,3.664732,0.083063
2.686900,7.634486,-0.120260
2.686900,2.793443,-0.015945
2.686900,2.714930,0.006588
2.686900,4.692594,0.117885
2.686900,5.125079,-0.124620
2.686900,2.726605,-0.008003
2.686900,2.783243,0.014749
2.686900,7.259586,0.123944
2.686900,3.749660,-0.087311
2.686900,2.690756,-0.003115
2.686900,2.881550,0.025310
2.686900,10.256436,0.074885
2.686900,3.267032,-0.058460
2.686900,2.686546,-0.000206
2.686900,3.209891,0.054197
2.686900,10.731121,-0.061797
2.686900,2.904734,-0.027635
2.686900,2.688357,0.002660
2.686900,3.643508,0.081950
2.686900,7.736840,-0.119125
2.686900,2.796344,-0.016266
2.686900,2.713852,0.006441
2.686900,4.650696,0.117037
2.686900,5.177162,-0.125209
2.686900,2.728048,-0.008166
2.686900,2.783454,0.014761
2.686900,7.265279,0.123893
2.686900,3.748296,-0.087244
2.686900,2.690926,-0.003086
2.686900,2.888156,0.025970
2.686900,10.400938,0.071163
2.686900,3.249694,-0.057185
2.686900,2.686942,-0.000035
2.686900,3.240048,0.056469
2.686900,10.481328,-0.069003
2.686900,2.891974,-0.026355
2.686900,2.690474,0.003004
2.686900,3.728831,0.086296
2.686900,7.346830,-0.123155
2.686900,2.785662,-0.015019
2.686900,2.725679,0.007879
2.686900,5.088602,0.124181
2.686900,4.723043,-0.118477
2.686900,2.715816,-0.006682
2.686900,2.794494,0.016051
2.686900,7.670042,0.119872
2.686900,3.657288,-0.082674
2.686900,2.688703,-0.002715
2.686900,2.902770,0.027438
2.686900,10.694602,0.062902
2.686900,3.214333,-0.054535
2.686900,2.686633,0.000184
2.686900,3.265378,0.058339
2.686900,10.270217,-0.074539
2.686900,2.882170,-0.025371
2.686900,2.690900,0.003127
2.686900,3.753884,0.087514
2.686900,7.242284,-0.124095
2.686900,2.782789,-0.014693
2.686900,2.727467,0.008105
2.686900,5.156902,0.124985
2.686900,4.666779,-0.117367
2.686900,2.714241,-0.006500
2.686900,2.794480,0.016062
2.686900,7.671543,0.119856
2.686900,3.656957,-0.082658
2.686900,2.688468,-0.002741
2.686900,2.895659,0.026736
2.686900,10.557658,0.066885
2.686900,3.230844,-0.055786
2.686900,2.686256,0.000021
2.686900,3.236543,0.056213
2.686900,10.510228,-0.068209
2.686900,2.893313,-0.026502
2.686900,2.688689,0.002784
2.686900,3.666931,0.083177
2.686900,7.624112,-0.120372
2.686900,2.793164,-0.015911
2.686900,2.715428,0.006647
2.686900,4.710703,0.118240
2.686900,5.103245,-0.124360
2.686900,2.726025,-0.007932
2.686900,2.783910,0.014826
2.686900,7.284109,0.123727
2.686900,3.743730,-0.087024
2.686900,2.690634,-0.003088
2.686900,2.883178,0.025474
2.686900,10.292911,0.073964
2.686900,3.262646,-0.058140
2.686900,2.686580,-0.000171
2.686900,3.215364,0.054614
2.686900,10.686080,-0.063158
2.686900,2.902311,-0.027394
2.686900,2.688626,0.002710
2.686900,3.655185,0.082564
2.686900,7.680130,-0.119760
2.686900,2.794767,-0.016084
2.686900,2.715355,0.006627
2.686900,4.706240,0.118153
2.686900,5.108602,-0.124424
2.686900,2.726210,-0.007945
2.686900,2.785043,0.014948
2.686900,7.324169,0.123364
2.686900,3.734176,-0.086558
2.686900,2.690582,-0.003028
2.686900,2.890417,0.026199
2.686900,10.448929,0.069882
2.686900,3.243934,-0.056758
2.686900,2.686913,0.000003
2.686900,3.244848,0.056826
2.686900,10.441318,-0.070087
2.686900,2.890055,-0.026162
2.686900,2.690625,0.003036
2.686900,3.736009,0.086648
2.686900,7.316449,-0.123434
2.686900,2.784834,-0.014924
2.686900,2.726434,0.007972
2.686900,5.116937,0.124524
2.686900,4.699320,-0.118017
2.686900,2.715168,-0.006604
2.686900,2.794938,0.016104
2.686900,7.686309,0.119692
2.686900,3.653901,-0.082497
2.686900,2.688593,-0.002705
2.686900,2.902467,0.027409
2.686900,10.689036,0.063069
2.686900,3.215005,-0.054587
2.686900,2.686572,0.000172
2.686900,3.262710,0.058144
2.686900,10.292372,-0.073978
2.686900,2.883153,-0.025472
2.686900,2.690613,0.003086
2.686900,3.743067,0.086992
2.686900,7.286863,-0.123702
2.686900,2.783984,-0.014835
2.686900,2.725907,0.007918
2.686900,5.098907,0.124308
2.686900,4.714339,-0.118310
2.686900,2.715525,-0.006659
2.686900,2.793038,0.015896
2.686900,7.619593,0.120421
2.686900,3.667889,-0.083227
2.686900,2.688708,-0.002789
2.686900,2.893015,0.026472
2.686900,10.504141,0.068377
2.686900,3.237274,-0.056268
2.686900,2.686252,-0.000026
2.686900,3.229977,0.055721
2.686900,10.564863,-0.066682
2.686900,2.896019,-0.026773
2.686900,2.688425,0.002733
2.686900,3.655132,0.082563
2.686900,7.680306,-0.119759
2.686900,2.794723,-0.016090
2.686900,2.714008,0.006472
2.686900,4.658178,0.117191
2.686900,5.167689,-0.125105
2.686900,2.727757,-0.008140
2.686900,2.782542,0.014664
2.686900,7.233123,0.124174
2.686900,3.756130,-0.087622
2.686900,2.690956,-0.003136
2.686900,2.881835,0.025337
2.686900,10.262660,0.074729
2.686900,3.266287,-0.058405
2.686900,2.686637,-0.000190
2.686900,3.213563,0.054477
2.686900,10.700946,-0.062712
2.686900,2.903110,-0.027472
2.686900,2.688684,0.002711
2.686900,3.656286,0.082621
2.686900,7.674849,-0.119819
2.686900,2.794628,-0.016067
2.686900,2.715716,0.006669
2.686900,4.719288,0.118405
2.686900,5.093043,-0.124236
2.686900,2.725799,-0.007894
2.686900,2.785587,0.015010
2.686900,7.344026,0.123181
2.686900,3.729490,-0.086328
2.686900,2.690495,-0.003006
2.686900,2.892004,0.026357
2.686900,10.481923,0.068986
2.686900,3.239978,-0.056464
2.686900,2.686952,0.000036
2.686900,3.250086,0.057214
2.686900,10.397675,-0.071250
2.686900,2.888005,-0.025955
2.686900,2.690970,0.003092
2.686900,3.749928,0.087323
2.686900,7.258557,-0.123952
2.686900,2.783274,-0.014740
2.686900,2.728286,0.008195
2.686900,5.186041,0.125305
2.686900,4.643726,-0.116892
2.686900,2.713664,-0.006418
2.686900,2.796585,0.016293
2.686900,7.745398,0.119028
2.686900,3.641766,-0.081858
2.686900,2.688323,-0.002652
2.686900,2.905278,0.027689
2.686900,10.741065,0.061492
2.686900,3.208680,-0.054105
2.686900,2.686550,0.000216
2.686900,3.268361,0.058557
2.686900,10.245399,-0.075161
2.686900,2.881063,-0.025261
2.686900,2.690830,0.003127
2.686900,3.752687,0.087457
2.686900,7.247164,-0.124053
2.686900,2.782908,-0.014710
2.686900,2.726986,0.008049
2.686900,5.139277,0.124785
2.686900,4.680992,-0.117654
2.686900,2.714615,-0.006549
2.686900,2.793743,0.015979
2.686900,7.645352,0.120142
2.686900,3.662440,-0.082944
2.686900,2.688548,-0.002769
2.686900,2.893072,0.026479
2.686900,10.505428,0.068342
2.686900,3.237116,-0.056256
2.686900,2.686187,-0.000033
2.686900,3.228035,0.055576
2.686900,10.580972,-0.066224
2.686900,2.896824,-0.026854
2.686900,2.688204,0.002701
2.686900,3.646792,0.082125
2.686900,7.720691,-0.119308
2.686900,2.795840,-0.016220
2.686900,2.712763,0.006320
2.686900,4.612491,0.116231
2.686900,5.226610,-0.125729
2.686900,2.729328,-0.008331
2.686900,2.781013,0.014485
2.686900,7.176445,0.124655
2.686900,3.770211,-0.088293
2.686900,2.691276,-0.003196
2.686900,2.878882,0.025038
2.686900,10.195333,0.076401
2.686900,3.274401,-0.058995
2.686900,2.686605,-0.000253
2.686900,3.204472,0.053782
2.686900,10.775556,-0.060424
2.686900,2.907192,-0.027877
2.686900,2.688298,0.002635
2.686900,3.638889,0.081705
2.686900,7.759596,-0.118865
2.686900,2.796991,-0.016338
2.686900,2.713562,0.006403
2.686900,4.639635,0.116807
2.686900,5.191285,-0.125361
2.686900,2.728434,-0.008211
2.686900,2.783377,0.014750
2.686900,7.262041,0.123922
2.686900,3.749085,-0.087282
2.686900,2.690981,-0.003085
2.686900,2.889154,0.026070
2.686900,10.422058,0.070602
2.686900,3.247163,-0.056997
2.686900,2.687014,-0.000008
2.686900,3.244908,0.056830
2.686900,10.440859,-0.070099
2.686900,2.890043,-0.026159
2.686900,2.690874,0.003065
2.686900,3.744469,0.087058
2.686900,7.281121,-0.123753
2.686900,2.783892,-0.014810
2.686900,2.727872,0.008143
2.686900,5.170266,0.125133
2.686900,4.656146,-0.117149
2.686900,2.714010,-0.006458
2.686900,2.796529,0.016285
2.686900,7.743048,0.119054
2.686900,3.642247,-0.081883
2.686900,2.688377,-0.002649
2.686900,2.906548,0.027813
2.686900,10.763970,0.060785
2.686900,3.205889,-0.053890
2.686900,2.686620,0.000244
2.686900,3.273453,0.058926
2.686900,10.203193,-0.076208
2.686900,2.879225,-0.025072
2.686900,2.691267,0.003192
2.686900,3.769548,0.088262
2.686900,7.179086,-0.124633
2.686900,2.781086,-0.014493
2.686900,2.729308,0.008328
2.686900,5.225807,0.125721
2.686900,4.613100,-0.116244
2.686900,2.712782,-0.006321
2.686900,2.795892,0.016225
2.686900,7.722475,0.119288
2.686900,3.646427,-0.082106
2.686900,2.688205,-0.002698
2.686900,2.897210,0.026892
2.686900,10.588562,0.066008
2.686900,3.227122,-0.055507
2.686900,2.686202,0.000041
2.686900,3.238525,0.056361
2.686900,10.493699,-0.068665
2.686900,2.892502,-0.026421
2.686900,2.688640,0.002784
2.686900,3.666143,0.083136
2.686900,7.627818,-0.120332
2.686900,2.793259,-0.015923
2.686900,2.715118,0.006611
2.686900,4.699519,0.118022
2.686900,5.116682,-0.124521
2.686900,2.726380,-0.007976
2.686900,2.783435,0.014772
2.686900,7.266710,0.123881
2.686900,3.747931,-0.087228
2.686900,2.690713,-0.003108
2.686900,2.881799,0.025335
2.686900,10.262073,0.074744
2.686900,3.266353,-0.058411
2.686900,2.686543,-0.000202
2.686900,3.210441,0.054239
2.686900,10.726605,-0.061934
2.686900,2.904488,-0.027610
2.686900,2.688368,0.002663
2.686900,3.644132,0.081983
2.686900,7.733780,-0.119160
2.686900,2.796258,-0.016256
2.686900,2.713908,0.006449
2.686900,4.652806,0.117080
2.686900,5.174486,-0.125180
2.686900,2.727976,-0.008158
2.686900,2.783497,0.014766
2.686900,7.266901,0.123879
2.686900,3.747902,-0.087225
2.686900,2.690914,-0.003084
2.686900,2.888134,0.025968
2.686900,10.400482,0.071175
2.686900,3.249748,-0.057189
2.686900,2.686936,-0.000036
2.686900,3.239798,0.056451
2.686900,10.483411,-0.068946
2.686900,2.892074,-0.026365
2.686900,2.690448,0.003000
2.686900,3.727846,0.086248
2.686900,7.351024,-0.123116
2.686900,2.785774,-0.015033
2.686900,2.725534,0.007862
2.686900,5.083245,0.124115
2.686900,4.727592,-0.118564
2.686900,2.715939,-0.006697
2.686900,2.794359,0.016036
2.686900,7.665178,0.119925
2.686900,3.658304,-0.082727
2.686900,2.688726,-0.002720
2.686900,2.902523,0.027414
2.686900,10.689983,0.063041
2.686900,3.214893,-0.054578
2.686900,2.686633,0.000180
2.686900,3.264841,0.058300
2.686900,10.274683,-0.074426
2.686900,2.882369,-0.025391
2.686900,2.690876,0.003123
2.686900,3.752848,0.087464
2.686900,7.246523,-0.124058
2.686900,2.782903,-0.014706
2.686900,2.727345,0.008090
2.686900,5.152323,0.124934
2.686900,4.670452,-0.117442
2.686900,2.714341,-0.006513
2.686900,2.794390,0.016051
2.686900,7.668255,0.119892
2.686900,3.657643,-0.082694
2.686900,2.688486,-0.002743
2.686900,2.895581,0.026729
2.686900,10.556095,0.066929
2.686900,3.231032,-0.055800
2.686900,2.686261,0.000020
2.686900,3.236505,0.056210
2.686900,10.510552,-0.068200
2.686900,2.893329,-0.026503
2.686900,2.688698,0.002785
2.686900,3.667230,0.083192
2.686900,7.622703,-0.120388
2.686900,2.793125,-0.015906
2.686900,2.715482,0.006654
2.686900,4.712687,0.118278
2.686900,5.100876,-0.124331
2.686900,2.725962,-0.007924
2.686900,2.783976,0.014834
2.686900,7.286531,0.123705
2.686900,3.743147,-0.086996
2.686900,2.690621,-0.003086
2.686900,2.883315,0.025488
2.686900,10.295963,0.073887
2.686900,3.262279,-0.058113
2.686900,2.686582,-0.000168
2.686900,3.215789,0.054646
2.686900,10.682572,-0.063262
2.686900,2.902124,-0.027375
2.686900,2.688646,0.002713
2.686900,3.656046,0.082609
2.686900,7.675991,-0.119806
2.686900,2.794652,-0.016071
2.686900,2.715464,0.006640
2.686900,4.710264,0.118231
2.686900,5.103781,-0.124366
2.686900,2.726081,-0.007929
2.686900,2.785150,0.014961
2.686900,7.328145,0.123327
2.686900,3.733235,-0.086512
2.686900,2.690559,-0.003025
2.686900,2.890544,0.026212
2.686900,10.451589,0.069810
2.686900,3.243615,-0.056735
2.686900,2.686909,0.000005
2.686900,3.245047,0.056841
2.686900,10.439653,-0.070131
2.686900,2.889976,-0.026154
2.686900,2.690625,0.003037
2.686900,3.736106,0.086652
2.686900,7.316037,-0.123438
2.686900,2.784822,-0.014922
2.686900,2.726430,0.007972
2.686900,5.116842,0.124523
2.686900,4.699398,-0.118019
2.686900,2.715169,-0.006604
2.686900,2.794919,0.016102
2.686900,7.685657,0.119699
2.686900,3.654036,-0.082504
2.686900,2.688594,-0.002706
2.686900,2.902365,0.027399
2.686900,10.687121,0.063127
2.686900,3.215237,-0.054605
2.686900,2.686568,0.000170
2.686900,3.262363,0.058119
2.686900,10.295253,-0.073905
2.686900,2.883282,-0.025485
2.686900,2.690588,0.003082
2.686900,3.742061,0.086944
2.686900,7.291048,-0.123664
2.686900,2.784096,-0.014848
2.686900,2.725771,0.007902
2.686900,5.093840,0.124246
2.686900,4.718604,-0.118392
2.686900,2.715641,-0.006673
2.686900,2.792923,0.015883
2.686900,7.615438,0.120466
2.686900,3.668773,-0.083272
2.686900,2.688729,-0.002792
2.686900,2.892859,0.026456
2.686900,10.500925,0.068466
2.686900,3.237660,-0.056297
2.686900,2.686254,-0.000029
2.686900,3.229671,0.055698
2.686900,10.567406,-0.066610
2.686900,2.896147,-0.026785
2.686900,2.688420,0.002731
2.686900,3.654798,0.082545
2.686900,7.681913,-0.119741
2.686900,2.794769,-0.016095
2.686900,2.713979,0.006468
2.686900,4.657072,0.117169
2.686900,5.169083,-0.125121
2.686900,2.727794,-0.008145
2.686900,2.782521,0.014661
2.686900,7.232330,0.124181
2.686900,3.756326,-0.087631
2.686900,2.690962,-0.003137
2.686900,2.881855,0.025339
2.686900,10.263107,0.074717
2.686900,3.266234,-0.058401
2.686900,2.686640,-0.000190
2.686900,3.213729,0.054489
2.686900,10.699583,-0.062753
2.686900,2.903037,-0.027465
2.686900,2.688698,0.002713
2.686900,3.656824,0.082649
2.686900,7.672270,-0.119847
2.686900,2.794557,-0.016058
2.686900,2.715793,0.006679
2.686900,4.722140,0.118460
2.686900,5.089669,-0.124194
2.686900,2.725708,-0.007883
2.686900,2.785670,0.015020
2.686900,7.347095,0.123152
2.686900,3.728769,-0.086293
2.686900,2.690478,-0.003003
2.686900,2.892139,0.026371
2.686900,10.484727,0.068910
2.686900,3.239641,-0.056439
2.686900,2.686951,0.000039
2.686900,3.250401,0.057237
2.686900,10.395043,-0.071319
2.686900,2.887882,-0.025943
2.686900,2.690983,0.003094
2.686900,3.750523,0.087351
2.686900,7.256112,-0.123974
2.686900,2.783208,-0.014732
2.686900,2.728356,0.008203
2.686900,5.188653,0.125333
2.686900,4.641685,-0.116849
2.686900,2.713608,-0.006411
2.686900,2.796639,0.016300
2.686900,7.747351,0.119006
2.686900,3.641369,-0.081837
2.686900,2.688313,-0.002650
2.686900,2.905341,0.027695
2.686900,10.742215,0.061457
2.686900,3.208540,-0.054094
2.686900,2.686548,0.000216
2.686900,3.268427,0.058561
2.686900,10.244850,-0.075175
2.686900,2.881039,-0.025258
2.686900,2.690827,0.003127
2.686900,3.752618,0.087454
2.686900,7.247448,-0.124050
2.686900,2.782916,-0.014711
2.686900,2.726968,0.008047
2.686900,5.138622,0.124778
2.686900,4.681524,-0.117665
2.686900,2.714629,-0.006551
2.686900,2.793719,0.015977
2.686900,7.644509,0.120152
2.686900,3.662618,-0.082954
2.686900,2.688551,-0.002770
2.686900,2.892998,0.026471
2.686900,10.503923,0.068384
2.686900,3.237297,-0.056270
2.686900,2.686185,-0.000034
2.686900,3.227798,0.055558
2.686900,10.582940,-0.066168
2.686900,2.896924,-0.026864
2.686900,2.688191,0.002699
2.686900,3.646256,0.082097
2.686900,7.723304,-0.119279
2.686900,2.795913,-0.016228
2.686900,2.712693,0.006311
2.686900,4.609913,0.116175
2.686900,5.230018,-0.125764
2.686900,2.729419,-0.008342
2.686900,2.780930,0.014475
2.686900,7.173361,0.124680
2.686900,3.770986,-0.088330
2.686900,2.691294,-0.003199
2.686900,2.878741,0.025024
2.686900,10.192073,0.076481
2.686900,3.274795,-0.059023
2.686900,2.686605,-0.000255
2.686900,3.204063,0.053750
2.686900,10.778902,-0.060319
2.686900,2.907379,-0.027896
2.686900,2.688283,0.002632
2.686900,3.638186,0.081668
2.686900,7.763078,-0.118826
2.686900,2.797088,-0.016349
2.686900,2.713479,0.006393
2.686900,4.636552,0.116742
2.686900,5.195249,-0.125404
2.686900,2.728540,-0.008224
2.686900,2.783288,0.014739
2.686900,7.258724,0.123951
2.686900,3.749891,-0.087320
2.686900,2.691001,-0.003088
2.686900,2.889032,0.026057
2.686900,10.419464,0.070671
2.686900,3.247475,-0.057020
2.686900,2.687016,-0.000010
2.686900,3.244662,0.056812
2.686900,10.442914,-0.070044
2.686900,2.890141,-0.026169
2.686900,2.690867,0.003064
2.686900,3.744131,0.087042
2.686900,7.282522,-0.123740
2.686900,2.783930,-0.014815
2.686900,2.727840,0.008139
2.686900,5.169022,0.125120
2.686900,4.657132,-0.117169
2.686900,2.714038,-0.006462
2.686900,2.796511,0.016283
2.686900,7.742401,0.119062
2.686900,3.642379,-0.081890
2.686900,2.688382,-0.002649
2.686900,2.906568,0.027815
2.686900,10.764335,0.060773
2.686900,3.205845,-0.053887
2.686900,2.686623,0.000245
2.686900,3.273591,0.058936
2.686900,10.202054,-0.076236
2.686900,2.879176,-0.025067
2.686900,2.691282,0.003194
2.686900,3.770095,0.088288
2.686900,7.176908,-0.124651
2.686900,2.781028,-0.014486
2.686900,2.729386,0.008337
2.686900,5.228697,0.125750
2.686900,4.610912,-0.116197
2.686900,2.712723,-0.006314
2.686900,2.795970,0.016234
2.686900,7.725244,0.119257
2.686900,3.645860,-0.082076
2.686900,2.688194,-0.002696
2.686900,2.897389,0.026910
2.686900,10.592072,0.065907
2.686900,3.226700,-0.055475
2.686900,2.686204,0.000044
2.686900,3.239010,0.056398
2.686900,10.489663,-0.068775
2.686900,2.892306,-0.026402
2.686900,2.688663,0.002789
2.686900,3.667153,0.083189
2.686900,7.623051,-0.120384
2.686900,2.793127,-0.015908
2.686900,2.715246,0.006626
2.686900,4.704258,0.118114
2.686900,5.110970,-0.124453
2.686900,2.726226,-0.007958
2.686900,2.783560,0.014786
2.686900,7.271352,0.123840
2.686900,3.746807,-0.087174
2.686900,2.690685,-0.003104
2.686900,2.881935,0.025349
2.686900,10.265129,0.074667
2.686900,3.265985,-0.058384
2.686900,2.686538,-0.000200
2.686900,3.210669,0.054257
2.686900,10.724724,-0.061992
2.686900,2.904385,-0.027600
2.686900,2.688367,0.002664
2.686900,3.644200,0.081987
2.686900,7.733444,-0.119164
2.686900,2.796248,-0.016255
2.686900,2.713898,0.006448
2.686900,4.652476,0.117074
2.686900,5.174904,-0.125184
2.686900,2.727986,-0.008159
2.686900,2.783471,0.014763
2.686900,7.265976,0.123887
2.686900,3.748126,-0.087236
2.686900,2.690917,-0.003085
2.686900,2.888026,0.025958
2.686900,10.398173,0.071237
2.686900,3.250025,-0.057209
2.686900,2.686932,-0.000038
2.686900,3.239389,0.056420
2.686900,10.486822,-0.068852
2.686900,2.892239,-0.026381
2.686900,2.690420,0.002996
2.686900,3.726704,0.086192
2.686900,7.355898,-0.123070
2.686900,2.785906,-0.015048
2.686900,2.725379,0.007843
2.686900,5.077455,0.124043
2.686900,4.732530,-0.118658
2.686900,2.716073,-0.006713
2.686900,2.794224,0.016020
2.686900,7.660316,0.119978
2.686900,3.659321,-0.082780
2.686900,2.688749,-0.002724
2.686900,2.902327,0.027394
2.686900,10.686290,0.063151
2.686900,3.215341,-0.054612
2.686900,2.686637,0.000178
2.686900,3.264500,0.058275
2.686900,10.277514,-0.074354
2.686900,2.882496,-0.025404
2.686900,2.690868,0.003121
2.686900,3.752443,0.087445
2.686900,7.248178,-0.124044
2.686900,2.782948,-0.014712
2.686900,2.727310,0.008086
2.686900,5.150989,0.124919
2.686900,4.671526,-0.117463
2.686900,2.714371,-0.006516
2.686900,2.794377,0.016050
2.686900,7.667798,0.119897
2.686900,3.657739,-0.082699
2.686900,2.688491,-0.002743
2.686900,2.895644,0.026735
2.686900,10.557345,0.066894
2.686900,3.230882,-0.055789
2.686900,2.686265,0.000021
2.686900,3.236802,0.056232
2.686900,10.508075,-0.068269
2.686900,2.893209,-0.026491
2.686900,2.688721,0.002789
2.686900,3.668120,0.083238
2.686900,7.618511,-0.120433
2.686900,2.793010,-0.015893
2.686900,2.715606,0.006669
2.686900,4.717278,0.118367
2.686900,5.095413,-0.124265
2.686900,2.725815,-0.007907
2.686900,2.784105,0.014849
2.686900,7.291299,0.123662
2.686900,3.742001,-0.086941
2.686900,2.690593,-0.003081
2.686900,2.883496,0.025507
2.686900,10.300007,0.073784
2.686900,3.261792,-0.058077
2.686900,2.686581,-0.000165
2.686900,3.216213,0.054679
2.686900,10.679070,-0.063367
2.686900,2.901938,-0.027357
2.686900,2.688657,0.002716
2.686900,3.656632,0.082640
2.686900,7.673175,-0.119837
2.686900,2.794573,-0.016062
2.686900,2.715526,0.006648
2.686900,4.712553,0.118275
2.686900,5.101049,-0.124333
2.686900,2.726007,-0.007920
2.686900,2.785199,0.014967
2.686900,7.329989,0.123310
2.686900,3.732798,-0.086491
2.686900,2.690546,-0.003023
2.686900,2.890546,0.026212
2.686900,10.451659,0.069808
2.686900,3.243607,-0.056734
2.686900,2.686904,0.000005
2.686900,3.244890,0.056829
2.686900,10.440964,-0.070096
2.686900,2.890038,-0.026161
2.686900,2.690605,0.003034
2.686900,3.735368,0.086616
2.686900,7.319142,-0.123410
2.686900,2.784905,-0.014932
2.686900,2.726320,0.007958
2.686900,5.112738,0.124474
2.686900,4.702800,-0.118085
2.686900,2.715261,-0.006615
2.686900,2.794812,0.016090
2.686900,7.681805,0.119742
2.686900,3.654836,-0.082546
2.686900,2.688611,-0.002709
2.686900,2.902147,0.027378
2.686900,10.683036,0.063249
2.686900,3.215732,-0.054642
2.686900,2.686567,0.000167
2.686900,3.261848,0.058081
2.686900,10.299538,-0.073796
2.686900,2.883474,-0.025505
2.686900,2.690562,0.003078
2.686900,3.740971,0.086891
2.686900,7.295592,-0.123624
2.686900,2.784219,-0.014863
2.686900,2.725637,0.007886
2.686900,5.088821,0.124184
2.686900,4.722846,-0.118474
2.686900,2.715756,-0.006687
2.686900,2.792823,0.015871
2.686900,7.611781,0.120505
2.686900,3.669551,-0.083313
2.686900,2.688750,-0.002795
2.686900,2.892783,0.026448
2.686900,10.499357,0.068509
2.686900,3.237849,-0.056311
2.686900,2.686260,-0.000030
2.686900,3.229663,0.055698
2.686900,10.567482,-0.066608
2.686900,2.896152,-0.026786
2.686900,2.688432,0.002733
2.686900,3.655214,0.082567
2.686900,7.679915,-0.119763
2.686900,2.794714,-0.016089
2.686900,2.714050,0.006477
2.686900,4.659688,0.117222
2.686900,5.165789,-0.125084
2.686900,2.727706,-0.008134
2.686900,2.782613,0.014672
2.686900,7.235695,0.124152
2.686900,3.755499,-0.087592
2.686900,2.690944,-0.003133
2.686900,2.882051,0.025359
2.686900,10.267506,0.074607
2.686900,3.265705,-0.058362
2.686900,2.686643,-0.000185
2.686900,3.214354,0.054537
2.686900,10.694435,-0.062907
2.686900,2.902762,-0.027437
2.686900,2.688727,0.002718
2.686900,3.658114,0.082717
2.686900,7.666090,-0.119915
2.686900,2.794385,-0.016039
2.686900,2.715957,0.006699
2.686900,4.728211,0.118576
2.686900,5.082518,-0.124106
2.686900,2.725516,-0.007860
2.686900,2.785829,0.015039
2.686900,7.352973,0.123098
2.686900,3.727389,-0.086225
2.686900,2.690443,-0.002998
2.686900,2.892320,0.026389
2.686900,10.488476,0.068807
2.686900,3.239191,-0.056405
2.686900,2.686946,0.000041
2.686900,3.250656,0.057256
2.686900,10.392918,-0.071375
2.686900,2.887783,-0.025933
2.686900,2.690980,0.003095
2.686900,3.750541,0.087352
2.686900,7.256037,-0.123975
2.686900,2.783205,-0.014732
2.686900,2.728334,0.008201
2.686900,5.187849,0.125325
2.686900,4.642313,-0.116863
2.686900,2.713625,-0.006413
2.686900,2.796593,0.016295
2.686900,7.745739,0.119024
2.686900,3.641696,-0.081854
2.686900,2.688317,-0.002652
2.686900,2.905146,0.027676
2.686900,10.738667,0.061566
2.686900,3.208972,-0.054127
2.686900,2.686542,0.000213
2.686900,3.267821,0.058517
2.686900,10.249877,-0.075049
2.686900,2.881260,-0.025281
2.686900,2.690784,0.003120
2.686900,3.750909,0.087371
2.686900,7.254452,-0.123989
2.686900,2.783104,-0.014733
2.686900,2.726740,0.008020
2.686900,5.130121,0.124679
2.686900,4.688458,-0.117803
2.686900,2.714817,-0.006574
2.686900,2.793525,0.015954
2.686900,7.637489,0.120228
2.686900,3.664098,-0.083030
2.686900,2.688586,-0.002776
2.686900,2.892710,0.026442
2.686900,10.497992,0.068547
2.686900,3.238009,-0.056323
2.686900,2.686188,-0.000039
2.686900,3.227179,0.055511
2.686900,10.588085,-0.066022
2.686900,2.897185,-0.026890
2.686900,2.688175,0.002695
2.686900,3.645431,0.082053
2.686900,7.727337,-0.119233
2.686900,2.796026,-0.016241
2.686900,2.712608,0.006300
2.686900,4.606740,0.116106
2.686900,5.234226,-0.125806
2.686900,2.729532,-0.008355
2.686900,2.780845,0.014465
2.686900,7.170188,0.124706
2.686900,3.771785,-0.088368
2.686900,2.691315,-0.003202
2.686900,2.878669,0.025016
2.686900,10.190388,0.076522
2.686900,3.274999,-0.059038
2.686900,2.686609,-0.000256
2.686900,3.203992,0.053745
2.686900,10.779478,-0.060301
2.686900,2.907412,-0.027899
2.686900,2.688290,0.002632
2.686900,3.638362,0.081677
2.686900,7.762204,-0.118836
2.686900,2.797064,-0.016346
2.686900,2.713517,0.006397
2.686900,4.637911,0.116770
2.686900,5.193501,-0.125385
2.686900,2.728494,-0.008218
2.686900,2.783342,0.014745
2.686900,7.260727,0.123933
2.686900,3.749404,-0.087297
2.686900,2.690991,-0.003086
2.686900,2.889176,0.026072
2.686900,10.422512,0.070590
2.686900,3.247109,-0.056993
2.686900,2.687019,-0.000007
2.686900,3.245131,0.056846
2.686900,10.439005,-0.070149
2.686900,2.889956,-0.026150
2.686900,2.690897,0.003069
2.686900,3.745351,0.087101
2.686900,7.277465,-0.123785
2.686900,2.783794,-0.014798
2.686900,2.728001,0.008159
2.686900,5.175043,0.125186
2.686900,4.652369,-0.117071
2.686900,2.713909,-0.006446
2.686900,2.796657,0.016299
2.686900,7.747621,0.119002
2.686900,3.641318,-0.081834
2.686900,2.688359,-0.002645
2.686900,2.906834,0.027841
2.686900,10.769106,0.060625
2.686900,3.205262,-0.053842
2.686900,2.686621,0.000249
2.686900,3.274128,0.058975
2.686900,10.197600,-0.076345
2.686900,2.878982,-0.025048
2.686900,2.691305,0.003198
2.686900,3.771089,0.088335
2.686900,7.172957,-0.124684
2.686900,2.780922,-0.014474
2.686900,2.729499,0.008351
2.686900,5.232950,0.125793
2.686900,4.607702,-0.116127
2.686900,2.712636,-0.006303
2.686900,2.796057,0.016244
2.686900,7.728389,0.119221
2.686900,3.645217,-0.082042
2.686900,2.688178,-0.002693
2.686900,2.897493,0.026921
2.686900,10.594136,0.065848
2.686900,3.226451,-0.055456
2.686900,2.686201,0.000046
2.686900,3.239164,0.056409
2.686900,10.488374,-0.068811
2.686900,2.892244,-0.026395
2.686900,2.688663,0.002789
2.686900,3.667193,0.083191
2.686900,7.622863,-0.120386
2.686900,2.793121,-0.015908
2.686900,2.715239,0.006626
2.686900,4.704015,0.118110
2.686900,5.111261,-0.124457
2.686900,2.726234,-0.007959
2.686900,2.783543,0.014785
2.686900,7.270746,0.123845
2.686900,3.746953,-0.087181
2.686900,2.690687,-0.003104
2.686900,2.881867,0.025342
2.686900,10.263616,0.074705
2.686900,3.266167,-0.058397
2.686900,2.686536,-0.000201
2.686900,3.210406,0.054237
2.686900,10.726886,-0.061926
2.686900,2.904502,-0.027612
2.686900,2.688352,0.002661
2.686900,3.643581,0.081954
2.686900,7.736480,-0.119129
2.686900,2.796333,-0.016265
2.686900,2.713816,0.006437
2.686900,4.649440,0.117011
2.686900,5.178757,-0.125226
2.686900,2.728089,-0.008172
2.686900,2.783378,0.014752
2.686900,7.262512,0.123918
2.686900,3.748967,-0.087276
2.686900,2.690937,-0.003089
2.686900,2.887870,0.025942
2.686900,10.394826,0.071325
2.686900,3.250426,-0.057239
2.686900,2.686932,-0.000041
2.686900,3.238994,0.056391
2.686900,10.490112,-0.068762
2.686900,2.892398,-0.026397
2.686900,2.690403,0.002992
2.686900,3.725940,0.086154
2.686900,7.359164,-0.123040
2.686900,2.785995,-0.015059
2.686900,2.725287,0.007832
2.686900,5.074012,0.123999
2.686900,4.735479,-0.118714
2.686900,2.716153,-0.006723
2.686900,2.794156,0.016012
2.686900,7.657841,0.120006
2.686900,3.659840,-0.082807
2.686900,2.688763,-0.002726
2.686900,2.902283,0.027390
2.686900,10.685459,0.063176
2.686900,3.215442,-0.054620
2.686900,2.686641,0.000177
2.686900,3.264550,0.058278
2.686900,10.277100,-0.074365
2.686900,2.882477,-0.025402
2.686900,2.690883,0.003123
2.686900,3.752955,0.087470
2.686900,7.246085,-0.124062
2.686900,2.782893,-0.014705
2.686900,2.727391,0.008096
2.686900,5.153990,0.124952
2.686900,4.669114,-0.117415
2.686900,2.714306,-0.006508
2.686900,2.794461,0.016059
2.686900,7.670774,0.119864
2.686900,3.657118,-0.082667
2.686900,2.688478,-0.002741
2.686900,2.895834,0.026754
2.686900,10.561141,0.066787
2.686900,3.230426,-0.055755
2.686900,2.686267,0.000025
2.686900,3.237330,0.056272
2.686900,10.503686,-0.068390
2.686900,2.892995,-0.026470
2.686900,2.688747,0.002793
2.686900,3.669229,0.083296
2.686900,7.613294,-0.120489
2.686900,2.792866,-0.015876
2.686900,2.715748,0.006686
2.686900,4.722501,0.118467
2.686900,5.089229,-0.124189
2.686900,2.725649,-0.007887
2.686900,2.784239,0.014865
2.686900,7.296285,0.123617
2.686900,3.740806,-0.086883
2.686900,2.690562,-0.003076
2.686900,2.883633,0.025521
2.686900,10.303055,0.073706
2.686900,3.261426,-0.058050
2.686900,2.686575,-0.000163
2.686900,3.216409,0.054694
2.686900,10.677452,-0.063415
2.686900,2.901852,-0.027348
2.686900,2.688653,0.002716
2.686900,3.656577,0.082637
2.686900,7.673438,-0.119834
2.686900,2.794580,-0.016063
2.686900,2.715498,0.006645
2.686900,4.711549,0.118256
2.686900,5.102246,-0.124348
2.686900,2.726039,-0.007924
2.686900,2.785154,0.014961
2.686900,7.328340,0.123326
2.686900,3.733188,-0.086510
2.686900,2.690553,-0.003025
2.686900,2.890404,0.026198
2.686900,10.448683,0.069888
2.686900,3.243963,-0.056761
2.686900,2.686900,0.000002
2.686900,3.244405,0.056793
2.686900,10.445004,-0.069988
2.686900,2.890229,-0.026180
2.686900,2.690573,0.003029
2.686900,3.734072,0.086553
2.686900,7.324608,-0.123360
2.686900,2.785053,-0.014950
2.686900,2.726146,0.007937
2.686900,5.106264,0.124396
2.686900,4.708189,-0.118191
2.686900,2.715407,-0.006633
2.686900,2.794661,0.016073
2.686900,7.676398,0.119802
2.686900,3.655960,-0.082605
2.686900,2.688637,-0.002714
2.686900,2.901922,0.027355
2.686900,10.678788,0.063375
2.686900,3.216246,-0.054681
2.686900,2.686571,0.000163
2.686900,3.261440,0.058052
2.686900,10.302938,-0.073709
2.686900,2.883627,-0.025520
2.686900,2.690551,0.003075
2.686900,3.740436,0.086865
2.686900,7.297826,-0.123604
2.686900,2.784280,-0.014870
2.686900,2.725585,0.007879
2.686900,5.086885,0.124160
2.686900,4.724488,-0.118505
2.686900,2.715801,-0.006693
2.686900,2.792800,0.015869
2.686900,7.610921,0.120514
2.686900,3.669735,-0.083322
2.686900,2.688757,-0.002796
2.686900,2.892847,0.026455
2.686900,10.500664,0.068473
2.686900,3.237692,-0.056299
2.686900,2.686265,-0.000028
2.686900,3.230006,0.055723
2.686900,10.564627,-0.066688
2.686900,2.896009,-0.026771
2.686900,2.688458,0.002737
2.686900,3.656256,0.082622
2.686900,7.674907,-0.119819
2.686900,2.794575,-0.016073
2.686900,2.714197,0.006495
2.686900,4.665085,0.117333
2.686900,5.159019,-0.125009
2.686900,2.727525,-0.008112
2.686900,2.782779,0.014691
2.686900,7.241857,0.124099
2.686900,3.753989,-0.087519
2.686900,2.690908,-0.003127
2.686900,2.882329,0.025387
2.686900,10.273758,0.074449
2.686900,3.264952,-0.058308
2.686900,2.686644,-0.000180
2.686900,3.215118,0.054595
2.686900,10.688135,-0.063096
2.686900,2.902426,-0.027404
2.686900,2.688757,0.002724
2.686900,3.659457,0.082787
2.686900,7.659668,-0.119986
2.686900,2.794207,-0.016018
2.686900,2.716117,0.006719
2.686900,4.734149,0.118688
2.686900,5.075564,-0.124019
2.686900,2.725329,-0.007837
2.686900,2.785973,0.015056
2.686900,7.358320,0.123048
2.686900,3.726137,-0.086164
2.686900,2.690409,-0.002993
2.686900,2.892432,0.026401
2.686900,10.490804,0.068743
2.686900,3.238911,-0.056384
2.686900,2.686937,0.000042
2.686900,3.250655,0.057256
2.686900,10.392923,-0.071375
2.686900,2.887782,-0.025933
2.686900,2.690959,0.003092
2.686900,3.749812,0.087317
2.686900,7.259032,-0.123948
2.686900,2.783284,-0.014741
2.686900,2.728210,0.008186
2.686900,5.183262,0.125275
2.686900,4.645902,-0.116937
2.686900,2.713721,-0.006426
2.686900,2.796452,0.016279
2.686900,7.740730,0.119081
2.686900,3.642715,-0.081908
2.686900,2.688335,-0.002657
2.686900,2.904762,0.027638
2.686900,10.731651,0.061780
2.686900,3.209826,-0.054192
2.686900,2.686537,0.000206
2.686900,3.266790,0.058442
2.686900,10.258440,-0.074835
2.686900,2.881638,-0.025319
2.686900,2.690720,0.003110
2.686900,3.748332,0.087247
2.686900,7.265054,-0.123896
2.686900,2.783389,-0.014767
2.686900,2.726406,0.007980
2.686900,5.117682,0.124533
2.686900,4.698691,-0.118005
2.686900,2.715094,-0.006608
2.686900,2.793254,0.015923
2.686900,7.627668,0.120334
2.686900,3.666174,-0.083138
2.686900,2.688637,-0.002785
2.686900,2.892370,0.026408
2.686900,10.491000,0.068739
2.686900,3.238849,-0.056386
2.686900,2.686196,-0.000044
2.686900,3.226580,0.055466
2.686900,10.593058,-0.065879
2.686900,2.897438,-0.026915
2.686900,2.688170,0.002692
2.686900,3.644994,0.082030
2.686900,7.729476,-0.119209
2.686900,2.796087,-0.016248
2.686900,2.712586,0.006297
2.686900,4.605912,0.116088
2.686900,5.235326,-0.125817
2.686900,2.729562,-0.008359
2.686900,2.780847,0.014465
2.686900,7.170215,0.124706
2.686900,3.771779,-0.088367
2.686900,2.691319,-0.003202
2.686900,2.878788,0.025028
2.686900,10.193127,0.076455
2.686900,3.274668,-0.059014
2.686900,2.686616,-0.000253
2.686900,3.204566,0.053789
2.686900,10.774793,-0.060447
2.686900,2.907151,-0.027873
2.686900,2.688325,0.002638
2.686900,3.639833,0.081755
2.686900,7.754936,-0.118919
2.686900,2.796862,-0.016323
2.686900,2.713717,0.006422
2.686900,4.645303,0.116925
2.686900,5.184029,-0.125283
2.686900,2.728241,-0.008188
2.686900,2.783579,0.014773
2.686900,7.269505,0.123856
2.686900,3.747275,-0.087194
2.686900,2.690943,-0.003077
2.686900,2.889608,0.026115
2.686900,10.431672,0.070345
2.686900,3.246010,-0.056912
2.686900,2.687021,0.000001
2.686900,3.246279,0.056932
2.686900,10.429436,-0.070405
2.686900,2.889503,-0.026105
2.686900,2.690955,0.003079
2.686900,3.747825,0.087221
2.686900,7.267235,-0.123876
2.686900,2.783518,-0.014766
2.686900,2.728308,0.008196
2.686900,5.186533,0.125310
2.686900,4.643344,-0.116884
2.686900,2.713664,-0.006416
2.686900,2.796917,0.016329
2.686900,7.756916,0.118896
2.686900,3.639432,-0.081734
2.686900,2.688315,-0.002637
2.686900,2.907229,0.027881
2.686900,10.776207,0.060403
2.686900,3.204393,-0.053776
2.686900,2.686615,0.000254
2.686900,3.274788,0.059022
2.686900,10.192137,-0.076479
2.686900,2.878745,-0.025024
2.686900,2.691320,0.003202
2.686900,3.771878,0.088372
2.686900,7.169822,-0.124709
2.686900,2.780836,-0.014464
2.686900,2.729567,0.008359
2.686900,5.235521,0.125819
2.686900,4.605765,-0.116085
2.686900,2.712582,-0.006297
2.686900,2.796083,0.016247
2.686900,7.729354,0.119210
2.686900,3.645019,-0.082032
2.686900,2.688170,-0.002693
2.686900,2.897397,0.026911
2.686900,10.592262,0.065902
2.686900,3.226676,-0.055473
2.686900,2.686194,0.000043
2.686900,3.238695,0.056374
2.686900,10.492277,-0.068704
2.686900,2.892432,-0.026415
2.686900,2.688626,0.002783
2.686900,3.665761,0.083117
2.686900,7.629621,-0.120313
2.686900,2.793308,-0.015929
2.686900,2.715038,0.006601
2.686900,4.696610,0.117964
2.686900,5.120201,-0.124563
2.686900,2.726473,-0.007988
2.686900,2.783331,0.014760
2.686900,7.262878,0.123915
2.686900,3.748860,-0.087273
2.686900,2.690733,-0.003112
2.686900,2.881557,0.025311
2.686900,10.256609,0.074881
2.686900,3.267011,-0.058458
2.686900,2.686538,-0.000207
2.686900,3.209636,0.054178
2.686900,10.733218,-0.061733
2.686900,2.904848,-0.027646
2.686900,2.688330,0.002656
2.686900,3.642465,0.081895
2.686900,7.741956,-0.119067
2.686900,2.796486,-0.016282
2.686900,2.713695,0.006422
2.686900,4.644962,0.116918
2.686900,5.184462,-0.125288
2.686900,2.728243,-0.008190
2.686900,2.783262,0.014739
2.686900,7.258180,0.123956
2.686900,3.750020,-0.087327
2.686900,2.690965,-0.003093
2.686900,2.887771,0.025932
2.686900,10.392679,0.071382
2.686900,3.250684,-0.057258
2.686900,2.686939,-0.000042
2.686900,3.238938,0.056387
2.686900,10.490576,-0.068749
2.686900,2.892421,-0.026400
2.686900,2.690415,0.002994
2.686900,3.726333,0.086173
2.686900,7.357484,-0.123056
2.686900,2.785950,-0.015053
2.686900,2.725360,0.007841
2.686900,5.076709,0.124033
2.686900,4.733169,-0.118670
2.686900,2.716091,-0.006715
2.686900,2.794238,0.016022
2.686900,7.660775,0.119973
2.686900,3.659225,-0.082775
2.686900,2.688752,-0.002723
2.686900,2.902489,0.027410
2.686900,10.689329,0.063060
2.686900,3.214973,-0.054584
2.686900,2.686644,0.000181
2.686900,3.265105,0.058319
2.686900,10.272489,-0.074481
2.686900,2.882272,-0.025381
2.686900,2.690917,0.003128
2.686900,3.754324,0.087535
2.686900,7.240491,-0.124111
2.686900,2.782742,-0.014687
2.686900,2.727567,0.008117
2.686900,5.160568,0.125026
2.686900,4.663848,-0.117307
2.686900,2.714163,-0.006490
2.686900,2.794608,0.016076
2.686900,7.676103,0.119805
2.686900,3.656007,-0.082608
2.686900,2.688452,-0.002736
2.686900,2.896050,0.026775
2.686900,10.565447,0.066665
2.686900,3.229908,-0.055716
2.686900,2.686265,0.000028
2.686900,3.237758,0.056304
2.686900,10.500114,-0.068488
2.686900,2.892820,-0.026452
2.686900,2.688757,0.002796
2.686900,3.669771,0.083324
2.686900,7.610749,-0.120516
2.686900,2.792795,-0.015868
2.686900,2.715801,0.006693
2.686900,4.724505,0.118506
2.686900,5.086864,-0.124160
2.686900,2.725585,-0.007879
2.686900,2.784277,0.014869
2.686900,7.297707,0.123605
2.686900,3.740465,-0.086866
2.686900,2.690551,-0.003075
2.686900,2.883605,0.025518
2.686900,10.302455,0.073721
2.686900,3.261498,-0.058056
2.686900,2.686570,-0.000164
2.686900,3.216156,0.054674
2.686900,10.679537,-0.063353
2.686900,2.901962,-0.027359
2.686900,2.688632,0.002713
2.686900,3.655730,0.082593
2.686900,7.677507,-0.119789
2.686900,2.794692,-0.016076
2.686900,2.715375,0.006630
2.686900,4.707034,0.118168
2.686900,5.107649,-0.124413
2.686900,2.726183,-0.007942
2.686900,2.785020,0.014946
2.686900,7.323397,0.123371
2.686900,3.734359,-0.086567
2.686900,2.690580,-0.003030
2.686900,2.890181,0.026175
2.686900,10.443998,0.070015
2.686900,3.244525,-0.056802
2.686900,2.686901,-0.000002
2.686900,3.243861,0.056753
2.686900,10.449541,-0.069865
2.686900,2.890445,-0.026202
2.686900,2.690549,0.003024
2.686900,3.733027,0.086502
2.686900,7.329019,-0.123319
2.686900,2.785172,-0.014964
2.686900,2.726021,0.007922
2.686900,5.101596,0.124340
2.686900,4.712094,-0.118266
2.686900,2.715513,-0.006646
2.686900,2.794569,0.016062
2.686900,7.673045,0.119839
2.686900,3.656659,-0.082641
2.686900,2.688656,-0.002717
2.686900,2.901856,0.027349
2.686900,10.677520,0.063413
2.686900,3.216401,-0.054693
2.686900,2.686577,0.000163
2.686900,3.261476,0.058054
2.686900,10.302640,-0.073717
2.686900,2.883614,-0.025519
2.686900,2.690568,0.003077
2.686900,3.741018,0.086893
2.686900,7.295398,-0.123625
2.686900,2.784215,-0.014862
2.686900,2.725680,0.007890
2.686900,5.090379,0.124203
2.686900,4.721528,-0.118449
2.686900,2.715721,-0.006683
2.686900,2.792894,0.015879
2.686900,7.614312,0.120478
2.686900,3.669013,-0.083285
2.686900,2.688742,-0.002792
2.686900,2.893042,0.026474
2.686900,10.504662,0.068363
2.686900,3.237212,-0.056263
2.686900,2.686267,-0.000024
2.686900,3.230540,0.055763
2.686900,10.560195,-0.066814
2.686900,2.895787,-0.026749
2.686900,2.688482,0.002741
2.686900,3.657307,0.082676
2.686900,7.669870,-0.119874
2.686900,2.794435,-0.016056
2.686900,2.714328,0.006511
2.686900,4.669927,0.117431
2.686900,5.152978,-0.124941
2.686900,2.727364,-0.008092
2.686900,2.782914,0.014707
2.686900,7.246874,0.124055
2.686900,3.752762,-0.087460
2.686900,2.690878,-0.003122
2.686900,2.882497,0.025404
2.686900,10.277544,0.074354
2.686900,3.264497,-0.058274
2.686900,2.686640,-0.000177
2.686900,3.215465,0.054621
2.686900,10.685271,-0.063182
2.686900,2.902273,-0.027389
2.686900,2.688762,0.002726
2.686900,3.659809,0.082805
2.686900,7.657988,-0.120004
2.686900,2.794160,-0.016013
2.686900,2.716145,0.006722
2.686900,4.735206,0.118708
2.686900,5.074330,-0.124003
2.686900,2.725295,-0.007833
2.686900,2.785985,0.015057
2.686900,7.358790,0.123043
2.686900,3.726027,-0.086158
2.686900,2.690404,-0.002993
2.686900,2.892371,0.026395
2.686900,10.489558,0.068777
2.686900,3.239060,-0.056396
2.686900,2.686932,0.000041
2.686900,3.250342,0.057233
2.686900,10.395526,-0.071306
2.686900,2.887903,-0.025945
2.686900,2.690932,0.003088
2.686900,3.748749,0.087266
2.686900,7.263409,-0.123910
2.686900,2.783402,-0.014755
2.686900,2.728061,0.008168
2.686900,5.177686,0.125215
2.686900,4.650283,-0.117028
2.686900,2.713839,-0.006440
2.686900,2.796307,0.016262
2.686900,7.735557,0.119140
2.686900,3.643769,-0.081964
2.686900,2.688356,-0.002662
2.686900,2.904456,0.027607
2.686900,10.726031,0.061952
2.686900,3.210510,-0.054245
2.686900,2.686536,0.000201
2.686900,3.266070,0.058390
2.686900,10.264424,-0.074685
2.686900,2.881903,-0.025346
2.686900,2.690683,0.003104
2.686900,3.746776,0.087172
2.686900,7.271480,-0.123839
2.686900,2.783563,-0.014787
2.686900,2.726213,0.007956
2.686900,5.110490,0.124447
2.686900,4.704656,-0.118122
2.686900,2.715256,-0.006628
2.686900,2.793107,0.015906
2.686900,7.622347,0.120391
2.686900,3.667303,-0.083196
2.686900,2.688666,-0.002789
2.686900,2.892239,0.026395
2.686900,10.488270,0.068814
2.686900,3.239177,-0.056410
2.686900,2.686202,-0.000046
2.686900,3.226474,0.055458
2.686900,10.593948,-0.065854
2.686900,2.897484,-0.026920
2.686900,2.688182,0.002693
2.686900,3.645338,0.082048
2.686900,7.727793,-0.119228
2.686900,2.796041,-0.016242
2.686900,2.712654,0.006306
2.686900,4.608387,0.116142
2.686900,5.232041,-0.125784
2.686900,2.729475,-0.008348
2.686900,2.780946,0.014477
2.686900,7.173862,0.124676
2.686900,3.770861,-0.088324
2.686900,2.691300,-0.003197
2.686900,2.879034,0.025053
2.686900,10.198779,0.076316
2.686900,3.273986,-0.058964
2.686900,2.686622,-0.000248
2.686900,3.205429,0.053855
2.686900,10.767740,-0.060667
2.686900,2.906758,-0.027834
2.686900,2.688366,0.002646
2.686900,3.641647,0.081851
2.686900,7.746001,-0.119021
2.686900,2.796612,-0.016294
2.686900,2.713950,0.006451
2.686900,4.653893,0.117103
2.686900,5.173113,-0.125165
2.686900,2.727949,-0.008152
2.686900,2.783839,0.014804
2.686900,7.279131,0.123770
2.686900,3.744949,-0.087082
2.686900,2.690887,-0.003067
2.686900,2.890023,0.026157
2.686900,10.440419,0.070111
2.686900,3.244961,-0.056834
2.686900,2.687018,0.000008
2.686900,3.247257,0.057004
2.686900,10.421280,-0.070623
2.686900,2.889118,-0.026066
2.686900,2.690997,0.003087
2.686900,3.749652,0.087309
2.686900,7.259707,-0.123942
2.686900,2.783314,-0.014742
2.686900,2.728522,0.008221
2.686900,5.194530,0.125396
2.686900,4.637111,-0.116754
2.686900,2.713495,-0.006395
2.686900,2.797084,0.016348
2.686900,7.762914,0.118827
2.686900,3.638219,-0.081670
2.686900,2.688286,-0.002632
2.686900,2.907427,0.027900
2.686900,10.779746,0.060293
2.686900,3.203960,-0.053742
2.686900,2.686608,0.000257
2.686900,3.274990,0.059037
2.686900,10.190457,-0.076521
2.686900,2.878672,-0.025016
2.686900,2.691312,0.003202
2.686900,3.771652,0.088361
2.686900,7.170716,-0.124702
2.686900,2.780859,-0.014467
2.686900,2.729510,0.008353
2.686900,5.233437,0.125798
2.686900,4.607334,-0.116119
2.686900,2.712623,-0.006302
2.686900,2.796002,0.016238
2.686900,7.726496,0.119243
2.686900,3.645603,-0.082062
2.686900,2.688178,-0.002696
2.686900,2.897121,0.026884
2.686900,10.586835,0.066057
2.686900,3.227330,-0.055523
2.686900,2.686187,0.000038
2.686900,3.237824,0.056309
2.686900,10.499533,-0.068504
2.686900,2.892784,-0.026450
2.686900,2.688576,0.002775
2.686900,3.663687,0.083009
2.686900,7.639434,-0.120207
2.686900,2.793579,-0.015961
2.686900,2.714764,0.006567
2.686900,4.686495,0.117764
2.686900,5.132521,-0.124707
2.686900,2.726804,-0.008028
2.686900,2.783050,0.014727
2.686900,7.252445,0.124007
2.686900,3.751398,-0.087395
2.686900,2.690796,-0.003122
2.686900,2.881193,0.025274
2.686900,10.248355,0.075087
2.686900,3.268005,-0.058531
2.686900,2.686544,-0.000214
2.686900,3.208831,0.054116
2.686900,10.739824,-0.061530
2.686900,2.905209,-0.027682
2.686900,2.688314,0.002651
2.686900,3.641558,0.081847
2.686900,7.746420,-0.119016
2.686900,2.796612,-0.016297
2.686900,2.713614,0.006412
2.686900,4.641909,0.116854
2.686900,5.188367,-0.125330
2.686900,2.728348,-0.008203
2.686900,2.783199,0.014731
2.686900,7.255793,0.123977
2.686900,3.750601,-0.087355
2.686900,2.690983,-0.003095
2.686900,2.887798,0.025934
2.686900,10.393249,0.071367
2.686900,3.250616,-0.057253
2.686900,2.686947,-0.000041
2.686900,3.239285,0.056412
2.686900,10.487691,-0.068829
2.686900,2.892282,-0.026386
2.686900,2.690451,0.002999
2.686900,3.727712,0.086241
2.686900,7.351598,-0.123111
2.686900,2.785792,-0.015034
2.686900,2.725562,0.007865
2.686900,5.084229,0.124127
2.686900,4.726755,-0.118548
2.686900,2.715918,-0.006694
2.686900,2.794427,0.016043
2.686900,7.667604,0.119898
2.686900,3.657798,-0.082700
2.686900,2.688720,-0.002717
2.686900,2.902834,0.027445
2.686900,10.695776,0.062867
2.686900,3.214191,-0.054524
2.686900,2.686643,0.000187
2.686900,3.265851,0.058373
2.686900,10.266286,-0.074638
2.686900,2.881997,-0.025353
2.686900,2.690950,0.003134
2.686900,3.755757,0.087604
2.686900,7.234645,-0.124161
2.686900,2.782584,-0.014669
2.686900,2.727736,0.008137
2.686900,5.166879,0.125096
2.686900,4.658821,-0.117205
2.686900,2.714026,-0.006474
2.686900,2.794734,0.016091
2.686900,7.680654,0.119755
2.686900,3.655060,-0.082559
2.686900,2.688428,-0.002732
2.686900,2.896163,0.026787
2.686900,10.567717,0.066601
2.686900,3.229634,-0.055695
2.686900,2.686258,0.000030
2.686900,3.237833,0.056309
2.686900,10.499484,-0.068506
2.686900,2.892789,-0.026449
2.686900,2.688746,0.002795
2.686900,3.669416,0.083306
2.686900,7.612416,-0.120498
2.686900,2.792840,-0.015873
2.686900,2.715734,0.006685
2.686900,4.722054,0.118459
2.686900,5.089757,-0.124196
2.686900,2.725662,-0.007889
2.686900,2.784195,0.014860
2.686900,7.294704,0.123632
2.686900,3.741184,-0.086901
2.686900,2.690567,-0.003079
2.686900,2.883431,0.025500
2.686900,10.298591,0.073820
2.686900,3.261962,-0.058090
2.686900,2.686567,-0.000167
2.686900,3.215612,0.054633
2.686900,10.684024,-0.063219
2.686900,2.902200,-0.027383
2.686900,2.688606,0.002708
2.686900,3.654618,0.082534
2.686900,7.682855,-0.119730
2.686900,2.794841,-0.016093
2.686900,2.715234,0.006612
2.686900,4.701820,0.118066
2.686900,5.113918,-0.124488
2.686900,2.726352,-0.007962
2.686900,2.784880,0.014929
2.686900,7.318201,0.123418
2.686900,3.735592,-0.086627
2.686900,2.690611,-0.003035
2.686900,2.890012,0.026158
2.686900,10.440418,0.070111
2.686900,3.244955,-0.056834
2.686900,2.686905,-0.000005
2.686900,3.243577,0.056732
2.686900,10.451904,-0.069802
2.686900,2.890558,-0.026213
2.686900,2.690547,0.003023
2.686900,3.732831,0.086492
2.686900,7.329852,-0.123312
2.686900,2.785196,-0.014966
2.686900,2.726015,0.007921
2.686900,5.101359,0.124337
2.686900,4.712292,-0.118270
2.686900,2.715519,-0.006647
2.686900,2.794585,0.016063
2.686900,7.673579,0.119833
2.686900,3.656548,-0.082635
2.686900,2.688656,-0.002716
2.686900,2.901974,0.027360
2.686900,10.679739,0.063347
2.686900,3.216132,-0.054672
2.686900,2.686581,0.000165
2.686900,3.261897,0.058085
2.686900,10.299134,-0.073806
2.686900,2.883457,-0.025503
2.686900,2.690600,0.003082
2.686900,3.742277,0.086954
2.686900,7.290150,-0.123673
2.686900,2.784074,-0.014845
2.686900,2.725852,0.007911
2.686900,5.096770,0.124281
2.686900,4.716136,-0.118345
2.686900,2.715576,-0.006665
2.686900,2.793040,0.015896
2.686900,7.619593,0.120421
2.686900,3.667890,-0.083227
2.686900,2.688715,-0.002788
2.686900,2.893246,0.026495
2.686900,10.508827,0.068248
2.686900,3.236712,-0.056226
2.686900,2.686264,-0.000021
2.686900,3.230944,0.055794
2.686900,10.556828,-0.066909
2.686900,2.895618,-0.026732
2.686900,2.688491,0.002744
2.686900,3.657778,0.082701
2.686900,7.667610,-0.119899
2.686900,2.794372,-0.016049
2.686900,2.714372,0.006516
2.686900,4.671572,0.117464
2.686900,5.150930,-0.124918
2.686900,2.727308,-0.008086
2.686900,2.782946,0.014711
2.686900,7.248109,0.124044
2.686900,3.752460,-0.087446
2.686900,2.690868,-0.003121
2.686900,2.882478,0.025402
2.686900,10.277122,0.074364
2.686900,3.264547,-0.058278
2.686900,2.686636,-0.000178
2.686900,3.215265,0.054606
2.686900,10.686919,-0.063132
2.686900,2.902360,-0.027398
2.686900,2.688745,0.002723
2.686900,3.659123,0.082769
2.686900,7.661264,-0.119968
2.686900,2.794250,-0.016023
2.686900,2.716046,0.006710
2.686900,4.731529,0.118639
2.686900,5.078627,-0.124057
2.686900,2.725410,-0.007847
2.686900,2.785879,0.015045
2.686900,7.354880,0.123080
2.686900,3.726942,-0.086203
2.686900,2.690426,-0.002997
2.686900,2.892200,0.026378
2.686900,10.486025,0.068874
2.686900,3.239484,-0.056427
2.686900,2.686933,0.000038
2.686900,3.249949,0.057204
2.686900,10.398807,-0.071220
2.686900,2.888056,-0.025960
2.686900,2.690915,0.003085
2.686900,3.748021,0.087231
2.686900,7.266408,-0.123883
2.686900,2.783483,-0.014765
2.686900,2.727976,0.008158
2.686900,5.174516,0.125180
2.686900,4.652782,-0.117080
2.686900,2.713907,-0.006449
2.686900,2.796243,0.016255
2.686900,7.733240,0.119166
2.686900,3.644242,-0.081989
2.686900,2.688368,-0.002664
2.686900,2.904391,0.027601
2.686900,10.724831,0.061989
2.686900,3.210656,-0.054256
2.686900,2.686539,0.000200
2.686900,3.266026,0.058387
2.686900,10.264787,-0.074675
2.686900,2.881920,-0.025348
2.686900,2.690689,0.003104
2.686900,3.746967,0.087181
2.686900,7.270691,-0.123846
2.686900,2.783542,-0.014784
2.686900,2.726249,0.007961
2.686900,5.111821,0.124463
2.686900,4.703550,-0.118101
2.686900,2.715227,-0.006624
2.686900,2.793148,0.015910
2.686900,7.623797,0.120376
2.686900,3.666995,-0.083181
2.686900,2.688660,-0.002788
2.686900,2.892341,0.026405
2.686900,10.490384,0.068756
2.686900,3.238923,-0.056391
2.686900,2.686204,-0.000044
2.686900,3.226784,0.055481
2.686900,10.591369,-0.065928
2.686900,2.897353,-0.026907
2.686900,2.688197,0.002696
2.686900,3.645998,0.082083
2.686900,7.724569,-0.119264
2.686900,2.795951,-0.016232
2.686900,2.712739,0.006316
2.686900,4.611503,0.116209
2.686900,5.227915,-0.125743
2.686900,2.729365,-0.008335
2.686900,2.781045,0.014488
2.686900,7.177557,0.124645
2.686900,3.769932,-0.088280
2.686900,2.691278,-0.003194
2.686900,2.879199,0.025070
2.686900,10.202582,0.076223
2.686900,3.273527,-0.058931
2.686900,2.686622,-0.000244
2.686900,3.205898,0.053891
2.686900,10.763901,-0.060787
2.686900,2.906544,-0.027813
2.686900,2.688383,0.002650
2.686900,3.642443,0.081893
2.686900,7.742087,-0.119065
2.686900,2.796503,-0.016282
2.686900,2.714043,0.006462
2.686900,4.657358,0.117174
2.686900,5.168737,-0.125117
2.686900,2.727832,-0.008138
2.686900,2.783935,0.014815
2.686900,7.282706,0.123739
2.686900,3.744087,-0.087040
2.686900,2.690865,-0.003064
2.686900,2.890140,0.026169
2.686900,10.442903,0.070044
2.686900,3.244663,-0.056812
2.686900,2.687015,0.000010
2.686900,3.247455,0.057019
2.686900,10.419628,-0.070667
2.686900,2.889040,-0.026058
2.686900,2.690999,0.003088
2.686900,3.749803,0.087316
2.686900,7.259085,-0.123948
2.686900,2.783297,-0.014740
2.686900,2.728528,0.008222
2.686900,5.194766,0.125398
2.686900,4.636927,-0.116750
2.686900,2.713489,-0.006394
2.686900,2.797075,0.016347
2.686900,7.762600,0.118831
2.686900,3.638282,-0.081673
2.686900,2.688285,-0.002632
2.686900,2.907347,0.027893
2.686900,10.778328,0.060337
2.686900,3.204133,-0.053756
2.686900,2.686604,0.000255
2.686900,3.274716,0.059017
2.686900,10.192724,-0.076465
2.686900,2.878770,-0.025026
2.686900,2.691290,0.003198
2.686900,3.770799,0.088321
2.686900,7.174106,-0.124674
2.686900,2.780950,-0.014478
2.686900,2.729395,0.008339
2.686900,5.229138,0.125755
2.686900,4.610578,-0.116189
2.686900,2.712711,-0.006313
2.686900,2.795892,0.016226
2.686900,7.722564,0.119287
2.686900,3.646408,-0.082105
2.686900,2.688194,-0.002699
2.686900,2.896887,0.026860
2.686900,10.582212,0.066189
2.686900,3.227886,-0.055565
2.686900,2.686185,0.000034
2.686900,3.237210,0.056264
2.686900,10.504642,-0.068364
2.686900,2.893034,-0.026475
2.686900,2.688548,0.002770
2.686900,3.662470,0.082946
2.686900,7.645211,-0.120144
2.686900,2.793739,-0.015979
2.686900,2.714612,0.006549
2.686900,4.680878,0.117652
2.686900,5.139417,-0.124787
2.686900,2.726989,-0.008050
2.686900,2.782899,0.014709
2.686900,7.246832,0.124056
2.686900,3.752768,-0.087461
2.686900,2.690831,-0.003128
2.686900,2.881024,0.025257
2.686900,10.244520,0.075183
2.686900,3.268467,-0.058564
2.686900,2.686548,-0.000216
2.686900,3.208525,0.054093
2.686900,10.742335,-0.061453
2.686900,2.905348,-0.027696
2.686900,2.688314,0.002650
2.686900,3.641401,0.081839
2.686900,7.747194,-0.119007
2.686900,2.796634,-0.016299
2.686900,2.713615,0.006412
2.686900,4.641936,0.116855
2.686900,5.188332,-0.125330
2.686900,2.728348,-0.008202
2.686900,2.783218,0.014733
2.686900,7.256481,0.123971
2.686900,3.750434,-0.087347
2.686900,2.690981,-0.003094
2.686900,2.887909,0.025945
2.686900,10.395608,0.071304
2.686900,3.250334,-0.057232
2.686900,2.686952,-0.000038
2.686900,3.239728,0.056445
2.686900,10.484003,-0.068929
2.686900,2.892104,-0.026368
2.686900,2.690483,0.003004
2.686900,3.728990,0.086304
2.686900,7.346155,-0.123161
2.686900,2.785645,-0.015017
2.686900,2.725738,0.007886
2.686900,5.090760,0.124208
2.686900,4.721218,-0.118442
2.686900,2.715768,-0.006676
2.686900,2.794582,0.016061
2.686900,7.673163,0.119837
2.686900,3.656638,-0.082640
2.686900,2.688693,-0.002712
2.686900,2.903071,0.027468
2.686900,10.700214,0.062734
2.686900,3.213652,-0.054483
2.686900,2.686639,0.000190
2.686900,3.266286,0.058405
2.686900,10.262671,-0.074728
2.686900,2.881836,-0.025337
2.686900,2.690963,0.003137
2.686900,3.756367,0.087633
2.686900,7.232159,-0.124183
2.686900,2.782517,-0.014661
2.686900,2.727796,0.008145
2.686900,5.169161,0.125122
2.686900,4.657010,-0.117167
2.686900,2.713977,-0.006468
2.686900,2.794767,0.016095
2.686900,7.681851,0.119742
2.686900,3.654811,-0.082546
2.686900,2.688419,-0.002731
2.686900,2.896129,0.026783
2.686900,10.567034,0.066620
2.686900,3.229716,-0.055702
2.686900,2.686253,0.000028
2.686900,3.237589,0.056291
2.686900,10.501519,-0.068450
2.686900,2.892888,-0.026459
2.686900,2.688724,0.002791
2.686900,3.668580,0.083262
2.686900,7.616343,-0.120456
2.686900,2.792948,-0.015886
2.686900,2.715614,0.006670
2.686900,4.717634,0.118374
2.686900,5.094991,-0.124260
2.686900,2.725802,-0.007906
2.686900,2.784070,0.014845
2.686900,7.290065,0.123673
2.686900,3.742297,-0.086955
2.686900,2.690594,-0.003083
2.686900,2.883247,0.025482
2.686900,10.294478,0.073925
2.686900,3.262457,-0.058126
2.686900,2.686568,-0.000171
2.686900,3.215162,0.054599
2.686900,10.687739,-0.063108
2.686900,2.902398,-0.027403
2.686900,2.688593,0.002705
2.686900,3.653949,0.082499
2.686900,7.686074,-0.119695
2.686900,2.794931,-0.016104
2.686900,2.715161,0.006603
2.686900,4.699101,0.118013
2.686900,5.117200,-0.124527
2.686900,2.726440,-0.007973
2.686900,2.784816,0.014922
2.686900,7.315835,0.123440
2.686900,3.736154,-0.086655
2.686900,2.690627,-0.003037
2.686900,2.889982,0.026155
2.686900,10.439781,0.070128
2.686900,3.245032,-0.056840
2.686900,2.686910,-0.000005
2.686900,3.243662,0.056738
2.686900,10.451204,-0.069820
2.686900,2.890525,-0.026210
2.686900,2.690563,0.003025
2.686900,3.733406,0.086520
2.686900,7.327422,-0.123334
2.686900,2.785131,-0.014958
2.686900,2.726106,0.007932
2.686900,5.104699,0.124377
2.686900,4.709497,-0.118216
2.686900,2.715444,-0.006638
2.686900,2.794675,0.016074
2.686900,7.676818,0.119797
2.686900,3.655874,-0.082600
2.686900,2.688642,-0.002713
2.686900,2.902166,0.027379
2.686900,10.683365,0.063239
2.686900,3.215693,-0.054639
2.686900,2.686582,0.000169
2.686900,3.262371,0.058120
2.686900,10.295192,-0.073906
2.686900,2.883280,-0.025485
2.686900,2.690625,0.003087
2.686900,3.743325,0.087005
2.686900,7.285790,-0.123712
2.686900,2.783956,-0.014831
2.686900,2.725983,0.007927
2.686900,5.101666,0.124341
2.686900,4.712025,-0.118265
2.686900,2.715464,-0.006651
2.686900,2.793140,0.015908
2.686900,7.623251,0.120382
2.686900,3.667113,-0.083186
2.686900,2.688695,-0.002785
2.686900,2.893337,0.026504
2.686900,10.510712,0.068196
2.686900,3.236485,-0.056209
2.686900,2.686259,-0.000020
2.686900,3.231018,0.055799
2.686900,10.556212,-0.066926
2.686900,2.895587,-0.026729
2.686900,2.688483,0.002743
2.686900,3.657538,0.082689
2.686900,7.668758,-0.119886
2.686900,2.794403,-0.016053
2.686900,2.714324,0.006511
2.686900,4.669843,0.117429
2.686900,5.153081,-0.124942
2.686900,2.727365,-0.008093
2.686900,2.782883,0.014704
2.686900,7.245786,0.124065
2.686900,3.753028,-0.087473
2.686900,2.690880,-0.003124
2.686900,2.882331,0.025387
2.686900,10.273819,0.074448
2.686900,3.264945,-0.058307
2.686900,2.686633,-0.000181
2.686900,3.214777,0.054569
2.686900,10.690939,-0.063012
2.686900,2.902574,-0.027419
2.686900,2.688720,0.002719
2.686900,3.658077,0.082715
2.686900,7.666264,-0.119913
2.686900,2.794389,-0.016039
2.686900,2.715911,0.006694
2.686900,4.726545,0.118544
2.686900,5.084476,-0.124130
2.686900,2.725568,-0.007866
2.686900,2.785748,0.015030
2.686900,7.350032,0.123125
2.686900,3.728079,-0.086259
2.686900,2.690454,-0.003001
2.686900,2.892046,0.026362
2.686900,10.482838,0.068961
2.686900,3.239867,-0.056456
2.686900,2.686938,0.000036
2.686900,3.249718,0.057187
2.686900,10.400735,-0.071169
2.686900,2.888146,-0.025970
2.686900,2.690916,0.003084
2.686900,3.747940,0.087227
2.686900,7.266746,-0.123880
2.686900,2.783493,-0.014766
2.686900,2.727985,0.008159
2.686900,5.174832,0.125184
2.686900,4.652534,-0.117075
2.686900,2.713901,-0.006448
2.686900,2.796271,0.016258
2.686900,7.734241,0.119155
2.686900,3.644038,-0.081978
2.686900,2.688366,-0.002663
2.686900,2.904531,0.027615
2.686900,10.727398,0.061910
2.686900,3.210344,-0.054232
2.686900,2.686544,0.000203
2.686900,3.266479,0.058420
2.686900,10.261027,-0.074770
2.686900,2.881753,-0.025331
2.686900,2.690722,0.003109
2.686900,3.748267,0.087244
2.686900,7.265324,-0.123893
2.686900,2.783398,-0.014767
2.686900,2.726424,0.007982
2.686900,5.118334,0.124541
2.686900,4.698152,-0.117995
2.686900,2.715081,-0.006606
2.686900,2.793295,0.015928
2.686900,7.629147,0.120318
2.686900,3.665861,-0.083122
2.686900,2.688633,-0.002783
2.686900,2.892551,0.026426
2.686900,10.494703,0.068637
2.686900,3.238405,-0.056352
2.686900,2.686202,-0.000040
2.686900,3.227215,0.055514
2.686900,10.587791,-0.066030
2.686900,2.897171,-0.026888
2.686900,2.688207,0.002699
2.686900,3.646518,0.082111
2.686900,7.722032,-0.119293
2.686900,2.795880,-0.016224
2.686900,2.712789,0.006322
2.686900,4.613372,0.116250
2.686900,5.225448,-0.125718
2.686900,2.729298,-0.008327
2.686900,2.781091,0.014494
2.686900,7.179276,0.124631
2.686900,3.769500,-0.088260
2.686900,2.691266,-0.003192
2.686900,2.879218,0.025072
2.686900,10.203037,0.076212
2.686900,3.273472,-0.058927
2.686900,2.686619,-0.000244
2.686900,3.205840,0.053887
2.686900,10.764377,-0.060772
2.686900,2.906570,-0.027815
2.686900,2.688374,0.002648
2.686900,3.642097,0.081875
2.686900,7.743788,-0.119046
2.686900,2.796550,-0.016287
2.686900,2.713989,0.006456
2.686900,4.655359,0.117133
2.686900,5.171260,-0.125144
2.686900,2.727899,-0.008146
2.686900,2.783867,0.014807
2.686900,7.280186,0.123761
2.686900,3.744694,-0.087069
2.686900,2.690879,-0.003066
2.686900,2.889996,0.026154
2.686900,10.439864,0.070126
2.686900,3.245027,-0.056839
2.686900,2.687014,0.000007
2.686900,3.247037,0.056988
2.686900,10.423113,-0.070574
2.686900,2.889204,-0.026075
2.686900,2.690975,0.003083
2.686900,3.748806,0.087268
2.686900,7.263186,-0.123912
2.686900,2.783408,-0.014753
2.686900,2.728400,0.008207
2.686900,5.189987,0.125347
2.686900,4.640647,-0.116828
2.686900,2.713590,-0.006407
2.686900,2.796961,0.016334
2.686900,7.758529,0.118878
2.686900,3.639105,-0.081717
2.686900,2.688303,-0.002636
2.686900,2.907144,0.027872
2.686900,10.774690,0.060451
2.686900,3.204578,-0.053790
2.686900,2.686606,0.000252
2.686900,3.274315,0.058988
2.686900,10.196049,-0.076383
2.686900,2.878914,-0.025041
2.686900,2.691273,0.003195
2.686900,3.770085,0.088287
2.686900,7.176944,-0.124650
2.686900,2.781026,-0.014487
2.686900,2.729315,0.008329
2.686900,5.226138,0.125725
2.686900,4.612849,-0.116238
2.686900,2.712773,-0.006321
2.686900,2.795832,0.016219
2.686900,7.720418,0.119311
2.686900,3.646848,-0.082128
2.686900,2.688206,-0.002701
2.686900,2.896826,0.026854
2.686900,10.581002,0.066224
2.686900,3.228032,-0.055575
2.686900,2.686188,0.000033
2.686900,3.237146,0.056259
2.686900,10.505182,-0.068349
2.686900,2.893060,-0.026478
2.686900,2.688551,0.002770
2.686900,3.662556,0.082950
2.686900,7.644803,-0.120148
2.686900,2.793728,-0.015978
2.686900,2.714632,0.006551
2.686900,4.681616,0.117667
2.686900,5.138509,-0.124776
2.686900,2.726965,-0.008047
2.686900,2.782927,0.014712
2.686900,7.247869,0.124046
2.686900,3.752515,-0.087449
2.686900,2.690826,-0.003126
2.686900,2.881095,0.025264
2.686900,10.246124,0.075143
2.686900,3.268274,-0.058550
2.686900,2.686550,-0.000215
2.686900,3.208770,0.054111
2.686900,10.740332,-0.061515
2.686900,2.905238,-0.027685
2.686900,2.688326,0.002653
2.686900,3.641918,0.081866
2.686900,7.744651,-0.119036
2.686900,2.796564,-0.016291
2.686900,2.713682,0.006420
2.686900,4.644389,0.116906
2.686900,5.185194,-0.125296
2.686900,2.728264,-0.008192
2.686900,2.783293,0.014742
2.686900,7.259257,0.123946
2.686900,3.749758,-0.087314
2.686900,2.690965,-0.003091
2.686900,2.888029,0.025957
2.686900,10.398194,0.071236
2.686900,3.250023,-0.057209
2.686900,2.686952,-0.000036
2.686900,3.240023,0.056467
2.686900,10.481539,-0.068997
2.686900,2.891985,-0.026356
2.686900,2.690496,0.003006
2.686900,3.729541,0.086331
2.686900,7.343810,-0.123183
2.686900,2.785581,-0.015010
2.686900,2.725803,0.007894
2.686900,5.093201,0.124238
2.686900,4.719155,-0.118403
2.686900,2.715712,-0.006669
2.686900,2.794629,0.016067
2.686900,7.674887,0.119818
2.686900,3.656278,-0.082621
2.686900,2.688684,-0.002711
2.686900,2.903099,0.027471
2.686900,10.700743,0.062718
2.686900,3.213588,-0.054479
2.686900,2.686636,0.000190
2.686900,3.266241,0.058402
2.686900,10.263049,-0.074719
2.686900,2.881852,-0.025339
2.686900,2.690952,0.003136
2.686900,3.755974,0.087615
2.686900,7.233760,-0.124169
2.686900,2.782559,-0.014666
2.686900,2.727735,0.008137
2.686900,5.166881,0.125096
2.686900,4.658820,-0.117205
2.686900,2.714026,-0.006474
2.686900,2.794704,0.016088
2.686900,7.679589,0.119767
2.686900,3.655281,-0.082571
2.686900,2.688429,-0.002734
2.686900,2.895982,0.026769
2.686900,10.564114,0.066703
2.686900,3.230067,-0.055728
2.686900,2.686252,0.000026
2.686900,3.237181,0.056261
2.686900,10.504913,-0.068356
2.686900,2.893053,-0.026476
2.686900,2.688704,0.002788
2.686900,3.667719,0.083218
2.686900,7.620397,-0.120412
2.686900,2.793060,-0.015899
2.686900,2.715504,0.006657
2.686900,4.713573,0.118295
2.686900,5.099819,-0.124319
2.686900,2.725932,-0.007921
2.686900,2.783965,0.014833
2.686900,7.286157,0.123708
2.686900,3.743237,-0.087001
2.686900,2.690618,-0.003087
2.686900,2.883137,0.025470
2.686900,10.292024,0.073987
2.686900,3.262752,-0.058147
2.686900,2.686572,-0.000172
2.686900,3.214994,0.054586
2.686900,10.689120,-0.063067
2.686900,2.902472,-0.027410
2.686900,2.688595,0.002705
2.686900,3.653956,0.082500
2.686900,7.686045,-0.119695
2.686900,2.794930,-0.016103
2.686900,2.715178,0.006605
2.686900,4.699701,0.118025
2.686900,5.116476,-0.124518
2.686900,2.726421,-0.007970
2.686900,2.784847,0.014925
2.686900,7.316942,0.123430
2.686900,3.735892,-0.086642
2.686900,2.690622,-0.003035
2.686900,2.890086,0.026165
2.686900,10.441973,0.070069
2.686900,3.244769,-0.056820
2.686900,2.686913,-0.000003
2.686900,3.244029,0.056766
2.686900,10.448141,-0.069903
2.686900,2.890380,-0.026195
2.686900,2.690588,0.003029
2.686900,3.734406,0.086569
2.686900,7.323198,-0.123373
2.686900,2.785017,-0.014945
2.686900,2.726240,0.007948
2.686900,5.109721,0.124438
2.686900,4.705308,-0.118134
2.686900,2.715330,-0.006624
2.686900,2.794792,0.016087
2.686900,7.681036,0.119750
2.686900,3.654996,-0.082554
2.686900,2.688622,-0.002709
2.686900,2.902344,0.027397
2.686900,10.686719,0.063139
2.686900,3.215286,-0.054608
2.686900,2.686580,0.000171
2.686900,3.262698,0.058143
2.686900,10.292470,-0.073976
2.686900,2.883158,-0.025472
2.686900,2.690634,0.003089
2.686900,3.743771,0.087026
2.686900,7.283939,-0.123728
2.686900,2.783906,-0.014826
2.686900,2.726027,0.007932
2.686900,5.103319,0.124361
2.686900,4.710641,-0.118239
2.686900,2.715426,-0.006647
2.686900,2.793162,0.015911
2.686900,7.624046,0.120373
2.686900,3.666945,-0.083178
2.686900,2.688689,-0.002784
2.686900,2.893294,0.026500
2.686900,10.509840,0.068220
2.686900,3.236590,-0.056217
2.686900,2.686255,-0.000021
2.686900,3.230770,0.055781
2.686900,10.558277,-0.066868
2.686900,2.895690,-0.026740
2.686900,2.688463,0.002740
2.686900,3.656761,0.082648
2.686900,7.672483,-0.119845
2.686900,2.794506,-0.016065
2.686900,2.714214,0.006497
2.686900,4.665796,0.117347
2.686900,5.158129,-0.124999
2.686900,2.727500,-0.008109
2.686900,2.782759,0.014690
2.686900,7.241195,0.124104
2.686900,3.754151,-0.087527
2.686900,2.690907,-0.003128
2.686900,2.882125,0.025367
2.686900,10.269191,0.074564
2.686900,3.265501,-0.058348
2.686900,2.686633,-0.000185
2.686900,3.214214,0.054526
2.686900,10.695578,-0.062873
2.686900,2.902822,-0.027444
2.686900,2.688699,0.002715
2.686900,3.657097,0.082664
2.686900,7.670960,-0.119862
2.686900,2.794520,-0.016054
2.686900,2.715794,0.006679
2.686900,4.722227,0.118462
2.686900,5.089566,-0.124193
2.686900,2.725705,-0.007883
2.686900,2.785642,0.015017
2.686900,7.346114,0.123162
2.686900,3.728999,-0.086304
2.686900,2.690479,-0.003005
2.686900,2.891962,0.026353
2.686900,10.481084,0.069009
2.686900,3.240078,-0.056471
2.686900,2.686944,0.000035
2.686900,3.249708,0.057186
2.686900,10.400816,-0.071167
2.686900,2.888151,-0.025970
2.686900,2.690931,0.003086
2.686900,3.748440,0.087251
2.686900,7.264686,-0.123899
2.686900,2.783438,-0.014759
2.686900,2.728071,0.008169
2.686900,5.178016,0.125218
2.686900,4.650023,-0.117023
2.686900,2.713833,-0.006439
2.686900,2.796369,0.016269
2.686900,7.737726,0.119115
2.686900,3.643327,-0.081941
2.686900,2.688354,-0.002659
2.686900,2.904797,0.027641
2.686900,10.732276,0.061761
2.686900,3.209751,-0.054186
2.686900,2.686547,0.000207
2.686900,3.267196,0.058472
2.686900,10.255072,-0.074919
2.686900,2.881490,-0.025304
2.686900,2.690766,0.003116
2.686900,3.750058,0.087330
2.686900,7.257950,-0.123958
2.686900,2.783199,-0.014744
2.686900,2.726656,0.008010
2.686900,5.126982,0.124642
2.686900,4.691031,-0.117854
2.686900,2.714888,-0.006582
2.686900,2.793484,0.015949
2.686900,7.635975,0.120244
2.686900,3.664418,-0.083047
2.686900,2.688598,-0.002777
2.686900,2.892786,0.026450
2.686900,10.499546,0.068504
2.686900,3.237823,-0.056309
2.686900,2.686196,-0.000037
2.686900,3.227627,0.055545
2.686900,10.584364,-0.066128
2.686900,2.896997,-0.026871
2.686900,2.688210,0.002700
2.686900,3.646813,0.082126
2.686900,7.720592,-0.119309
2.686900,2.795839,-0.016219
2.686900,2.712802,0.006324
2.686900,4.613903,0.116261
2.686900,5.224747,-0.125710
2.686900,2.729279,-0.008325
2.686900,2.781088,0.014494
2.686900,7.179190,0.124632
2.686900,3.769522,-0.088261
2.686900,2.691264,-0.003192
2.686900,2.879131,0.025063
2.686900,10.201039,0.076261
2.686900,3.273713,-0.058945
2.686900,2.686614,-0.000247
2.686900,3.205427,0.053855
2.686900,10.767754,-0.060667
2.686900,2.906758,-0.027834
2.686900,2.688348,0.002644
2.686900,3.641038,0.081819
2.686900,7.748995,-0.118987
2.686900,2.796695,-0.016304
2.686900,2.713845,0.006438
2.686900,4.650040,0.117023
2.686900,5.177997,-0.125218
2.686900,2.728079,-0.008168
2.686900,2.783700,0.014788
2.686900,7.274001,0.123816
2.686900,3.746187,-0.087142
2.686900,2.690914,-0.003073
2.686900,2.889700,0.026125
2.686900,10.433628,0.070293
2.686900,3.245775,-0.056894
2.686900,2.687013,0.000002
2.686900,3.246275,0.056931
2.686900,10.429463,-0.070404
2.686900,2.889503,-0.026105
2.686900,2.690937,0.003077
2.686900,3.747210,0.087191
2.686900,7.269774,-0.123853
2.686900,2.783585,-0.014774
2.686900,2.728203,0.008183
2.686900,5.182653,0.125269
2.686900,4.646381,-0.116947
2.686900,2.713745,-0.006426
2.686900,2.796797,0.016316
2.686900,7.752659,0.118945
2.686900,3.640295,-0.081780
2.686900,2.688331,-0.002641
2.686900,2.906900,0.027848
2.686900,10.770314,0.060587
2.686900,3.205113,-0.053831
2.686900,2.686610,0.000249
2.686900,3.273922,0.058960
2.686900,10.199308,-0.076303
2.686900,2.879055,-0.025055
2.686900,2.691266,0.003193
2.686900,3.769664,0.088267
2.686900,7.178621,-0.124637
2.686900,2.781072,-0.014492
2.686900,2.729283,0.008325
2.686900,5.224905,0.125712
2.686900,4.613783,-0.116258
2.686900,2.712799,-0.006324
2.686900,2.795827,0.016218
2.686900,7.720179,0.119314
2.686900,3.646897,-0.082131
2.686900,2.688210,-0.002701
2.686900,2.896910,0.026863
2.686900,10.582663,0.066176
2.686900,3.227832,-0.055560
2.686900,2.686193,0.000035
2.686900,3.237508,0.056286
2.686900,10.502167,-0.068432
2.686900,2.892913,-0.026463
2.686900,2.688577,0.002774
2.686900,3.663593,0.083004
2.686900,7.639884,-0.120202
2.686900,2.793592,-0.015962
2.686900,2.714776,0.006569
2.686900,4.686904,0.117772
2.686900,5.132021,-0.124701
2.686900,2.726791,-0.008026
2.686900,2.783082,0.014730
2.686900,7.253589,0.123996
2.686900,3.751120,-0.087382
2.686900,2.690792,-0.003121
2.686900,2.881325,0.025287
2.686900,10.251341,0.075013
2.686900,3.267645,-0.058505
2.686900,2.686549,-0.000211
2.686900,3.209356,0.054156
2.686900,10.735522,-0.061662
2.686900,2.904974,-0.027659
2.686900,2.688344,0.002657
2.686900,3.642793,0.081912
2.686900,7.740349,-0.119085
2.686900,2.796443,-0.016277
2.686900,2.713778,0.006432
2.686900,4.647965,0.116980
2.686900,5.180634,-0.125247
2.686900,2.728141,-0.008178
2.686900,2.783387,0.014753
2.686900,7.262789,0.123915
2.686900,3.748900,-0.087273
2.686900,2.690943,-0.003088
2.686900,2.888120,0.025967
2.686900,10.400159,0.071184
2.686900,3.249787,-0.057192
2.686900,2.686947,-0.000035
2.686900,3.240115,0.056474
2.686900,10.480779,-0.069018
2.686900,2.891948,-0.026352
2.686900,2.690489,0.003006
2.686900,3.729361,0.086322
2.686900,7.344576,-0.123176
2.686900,2.785601,-0.015012
2.686900,2.725763,0.007890
2.686900,5.091731,0.124219
2.686900,4.720397,-0.118426
2.686900,2.715745,-0.006673
2.686900,2.794579,0.016061
2.686900,7.673107,0.119838
2.686900,3.656649,-0.082640
2.686900,2.688690,-0.002712
2.686900,2.902954,0.027457
2.686900,10.698037,0.062799
2.686900,3.213916,-0.054504
2.686900,2.686633,0.000187
2.686900,3.265828,0.058372
2.686900,10.266478,-0.074633
2.686900,2.882004,-0.025354
2.686900,2.690925,0.003131
2.686900,3.754897,0.087563
2.686900,7.238150,-0.124131
2.686900,2.782677,-0.014680
2.686900,2.727594,0.008121
2.686900,5.161628,0.125038
2.686900,4.663001,-0.117290
2.686900,2.714139,-0.006488
2.686900,2.794583,0.016074
2.686900,7.675234,0.119815
2.686900,3.656188,-0.082618
2.686900,2.688449,-0.002737
2.686900,2.895791,0.026750
2.686900,10.560298,0.066811
2.686900,3.230526,-0.055762
2.686900,2.686253,0.000023
2.686900,3.236770,0.056230
2.686900,10.508343,-0.068261
2.686900,2.893221,-0.026492
2.686900,2.688691,0.002785
2.686900,3.667106,0.083186
2.686900,7.623284,-0.120381
2.686900,2.793140,-0.015908
2.686900,2.715437,0.006648
2.686900,4.711074,0.118247
2.686900,5.102801,-0.124355
2.686900,2.726012,-0.007931
2.686900,2.783909,0.014826
2.686900,7.284075,0.123727
2.686900,3.743738,-0.087025
2.686900,2.690632,-0.003089
2.686900,2.883124,0.025469
2.686900,10.291704,0.073995
2.686900,3.262790,-0.058150
2.686900,2.686577,-0.000172
2.686900,3.215113,0.054595
2.686900,10.688146,-0.063096
2.686900,2.902420,-0.027405
2.686900,2.688610,0.002707
2.686900,3.654516,0.082529
2.686900,7.683350,-0.119725
2.686900,2.794856,-0.016095
2.686900,2.715263,0.006615
2.686900,4.702846,0.118086
2.686900,5.112682,-0.124473
2.686900,2.726320,-0.007958
2.686900,2.784945,0.014937
2.686900,7.320557,0.123397
2.686900,3.735033,-0.086600
2.686900,2.690603,-0.003032
2.686900,2.890268,0.026184
2.686900,10.445798,0.069966
2.686900,3.244310,-0.056786
2.686900,2.686914,0.000001
2.686900,3.244513,0.056801
2.686900,10.444111,-0.070012
2.686900,2.890188,-0.026176
2.686900,2.690612,0.003034
2.686900,3.735439,0.086620
2.686900,7.318845,-0.123413
2.686900,2.784899,-0.014931
2.686900,2.726369,0.007964
2.686900,5.114531,0.124495
2.686900,4.701312,-0.118056
2.686900,2.715222,-0.006610
2.686900,2.794894,0.016099
2.686900,7.684721,0.119710
2.686900,3.654231,-0.082514
2.686900,2.688603,-0.002706
2.686900,2.902455,0.027408
2.686900,10.688806,0.063076
2.686900,3.215033,-0.054589
2.686900,2.686575,0.000173
2.686900,3.262806,0.058151
2.686900,10.291578,-0.073998
2.686900,2.883118,-0.025468
2.686900,2.690628,0.003088
2.686900,3.743593,0.087018
2.686900,7.284676,-0.123722
2.686900,2.783925,-0.014828
2.686900,2.725987,0.007928
2.686900,5.101851,0.124343
2.686900,4.711870,-0.118262
2.686900,2.715459,-0.006651
2.686900,2.793113,0.015905
2.686900,7.622291,0.120392
2.686900,3.667317,-0.083197
2.686900,2.688695,-0.002786
2.686900,2.893155,0.026486
2.686900,10.506998,0.068299
2.686900,3.236931,-0.056242
2.686900,2.686252,-0.000024
2.686900,3.230334,0.055748
2.686900,10.561894,-0.066766
2.686900,2.895871,-0.026758
2.686900,2.688440,0.002736
2.686900,3.655782,0.082597
2.686900,7.677180,-0.119793
2.686900,2.794637,-0.016080
2.686900,2.714087,0.006481
2.686900,4.661090,0.117251
2.686900,5.164027,-0.125065
2.686900,2.727658,-0.008128
2.686900,2.782623,0.014673
2.686900,7.236112,0.124149
2.686900,3.755397,-0.087587
2.686900,2.690937,-0.003133
2.686900,2.881929,0.025347
2.686900,10.264790,0.074675
2.686900,3.266031,-0.058386
2.686900,2.686634,-0.000189
2.686900,3.213743,0.054490
2.686900,10.699460,-0.062756
2.686900,2.903030,-0.027464
2.686900,2.688686,0.002711
2.686900,3.656423,0.082628
2.686900,7.674194,-0.119826
2.686900,2.794610,-0.016065
2.686900,2.715722,0.006670
2.686900,4.719544,0.118410
2.686900,5.092741,-0.124232
2.686900,2.725790,-0.007893
2.686900,2.785584,0.015010
2.686900,7.343932,0.123182
2.686900,3.729512,-0.086329
2.686900,2.690494,-0.003006
2.686900,2.891954,0.026352
2.686900,10.480892,0.069014
2.686900,3.240101,-0.056473
2.686900,2.686949,0.000035
2.686900,3.249872,0.057198
2.686900,10.399451,-0.071203
2.686900,2.888088,-0.025963
2.686900,2.690952,0.003089
2.686900,3.749259,0.087290
2.686900,7.261312,-0.123928
2.686900,2.783348,-0.014748
2.686900,2.728194,0.008184
2.686900,5.182590,0.125268
2.686900,4.646429,-0.116948
2.686900,2.713737,-0.006427
2.686900,2.796496,0.016283
2.686900,7.742239,0.119064
2.686900,3.642408,-0.081892
2.686900,2.688336,-0.002655
2.686900,2.905095,0.027670
2.686900,10.737725,0.061595
2.686900,3.209087,-0.054136
2.686900,2.686549,0.000213
2.686900,3.267940,0.058526
2.686900,10.248891,-0.075074
2.686900,2.881217,-0.025276
2.686900,2.690808,0.003123
2.686900,3.751794,0.087414
2.686900,7.250826,-0.124021
2.686900,2.783007,-0.014721
2.686900,2.726876,0.008036
2.686900,5.135183,0.124738
2.686900,4.684324,-0.117721
2.686900,2.714706,-0.006560
2.686900,2.793659,0.015970
2.686900,7.642309,0.120176
2.686900,3.663081,-0.082978
2.686900,2.688565,-0.002772
2.686900,2.892989,0.026470
2.686900,10.503725,0.068389
2.686900,3.237321,-0.056272
2.686900,2.686191,-0.000034
2.686900,3.227945,0.055569
2.686900,10.581721,-0.066203
2.686900,2.896863,-0.026858
2.686900,2.688209,0.002701
2.686900,3.646913,0.082131
2.686900,7.720103,-0.119315
2.686900,2.795824,-0.016218
2.686900,2.712791,0.006323
2.686900,4.613523,0.116253
2.686900,5.225248,-0.125716
2.686900,2.729292,-0.008326
2.686900,2.781056,0.014490
2.686900,7.178040,0.124641
2.686900,3.769810,-0.088274
2.686900,2.691268,-0.003194
2.686900,2.878998,0.025049
2.686900,10.197979,0.076336
2.686900,3.274082,-0.058971
2.686900,2.686608,-0.000250
2.686900,3.204886,0.053814
2.686900,10.772174,-0.060529
2.686900,2.907004,-0.027858
2.686900,2.688318,0.002639
2.686900,3.639774,0.081752
2.686900,7.755228,-0.118916
2.686900,2.796869,-0.016324
2.686900,2.713677,0.006417
2.686900,4.643846,0.116894
2.686900,5.185890,-0.125303
2.686900,2.728290,-0.008194
2.686900,2.783507,0.014765
2.686900,7.266851,0.123879
2.686900,3.747918,-0.087225
2.686900,2.690954,-0.003080
2.686900,2.889369,0.026091
2.686900,10.426611,0.070481
2.686900,3.246617,-0.056957
2.686900,2.687013,-0.000004
2.686900,3.245436,0.056869
2.686900,10.436457,-0.070217
2.686900,2.889834,-0.026138
2.686900,2.690897,0.003070
2.686900,3.745501,0.087108
2.686900,7.276843,-0.123791
2.686900,2.783777,-0.014797
2.686900,2.727996,0.008158
2.686900,5.174884,0.125184
2.686900,4.652495,-0.117074
2.686900,2.713911,-0.006446
2.686900,2.796627,0.016296
2.686900,7.746567,0.119014
2.686900,3.641532,-0.081845
2.686900,2.688360,-0.002646
2.686900,2.906667,0.027825
2.686900,10.766121,0.060718
2.686900,3.205626,-0.053870
2.686900,2.686616,0.000245
2.686900,3.273588,0.058936
2.686900,10.202073,-0.076235
2.686900,2.879176,-0.025067
2.686900,2.691263,0.003192
2.686900,3.769471,0.088258
2.686900,7.179392,-0.124630
2.686900,2.781094,-0.014494
2.686900,2.729283,0.008325
2.686900,5.224867,0.125712
2.686900,4.613812,-0.116259
2.686900,2.712801,-0.006324
2.686900,2.795852,0.016221
2.686900,7.721072,0.119304
2.686900,3.646714,-0.082121
2.686900,2.688209,-0.002700
2.686900,2.897067,0.026878
2.686900,10.585737,0.066089
2.686900,3.227462,-0.055533
2.686900,2.686199,0.000038
2.686900,3.238064,0.056327
2.686900,10.497538,-0.068559
2.686900,2.892688,-0.026440
2.686900,2.688613,0.002780
2.686900,3.665030,0.083079
2.686900,7.633076,-0.120276
2.686900,2.793404,-0.015940
2.686900,2.714970,0.006593
2.686900,4.694070,0.117914
2.686900,5.123284,-0.124599
2.686900,2.726557,-0.007998
2.686900,2.783284,0.014754
2.686900,7.261123,0.123930
2.686900,3.749287,-0.087293
2.686900,2.690747,-0.003113
2.686900,2.881606,0.025316
2.686900,10.257697,0.074853
2.686900,3.266880,-0.058449
2.686900,2.686546,-0.000205
2.686900,3.210019,0.054207
2.686900,10.730069,-0.061829
2.686900,2.904676,-0.027629
2.686900,2.688360,0.002661
2.686900,3.643667,0.081958
2.686900,7.736058,-0.119134
2.686900,2.796322,-0.016264
2.686900,2.713867,0.006443
2.686900,4.651275,0.117049
2.686900,5.176427,-0.125201
2.686900,2.728028,-0.008164
2.686900,2.783467,0.014763
2.686900,7.265774,0.123889
2.686900,3.748175,-0.087238
2.686900,2.690923,-0.003085
2.686900,2.888158,0.025971
2.686900,10.400989,0.071162
2.686900,3.249687,-0.057184
2.686900,2.686941,-0.000035
2.686900,3.240013,0.056467
2.686900,10.481624,-0.068994
2.686900,2.891988,-0.026356
2.686900,2.690470,0.003003
2.686900,3.728656,0.086287
2.686900,7.347573,-0.123148
2.686900,2.785682,-0.015022
2.686900,2.725652,0.007876
2.686900,5.087620,0.124169
2.686900,4.723875,-0.118493
2.686900,2.715839,-0.006685
2.686900,2.794468,0.016048
2.686900,7.669121,0.119882
2.686900,3.657480,-0.082684
2.686900,2.688707,-0.002716
2.686900,2.902720,0.027433
2.686900,10.693660,0.062931
2.686900,3.214447,-0.054544
2.686900,2.686632,0.000184
2.686900,3.265262,0.058330
2.686900,10.271183,-0.074514
2.686900,2.882213,-0.025376
2.686900,2.690895,0.003126
2.686900,3.753641,0.087503
2.686900,7.243276,-0.124086
2.686900,2.782816,-0.014696
2.686900,2.727438,0.008102
2.686900,5.155796,0.124973
2.686900,4.667664,-0.117385
2.686900,2.714265,-0.006503
2.686900,2.794457,0.016059
2.686900,7.670711,0.119865
2.686900,3.657131,-0.082667
2.686900,2.688472,-0.002741
2.686900,2.895634,0.026734
2.686900,10.557150,0.066900
2.686900,3.230905,-0.055791
2.686900,2.686257,0.000020
2.686900,3.236510,0.056211
2.686900,10.510503,-0.068202
2.686900,2.893327,-0.026503
2.686900,2.688690,0.002784
2.686900,3.666941,0.083178
2.686900,7.624061,-0.120373
2.686900,2.793163,-0.015911
2.686900,2.715432,0.006648
2.686900,4.710875,0.118243
2.686900,5.103039,-0.124358
2.686900,2.726019,-0.007931
2.686900,2.783918,0.014827
2.686900,7.284381,0.123724
2.686900,3.743664,-0.087021
2.686900,2.690632,-0.003088
2.686900,2.883200,0.025477
2.686900,10.293402,0.073952
2.686900,3.262587,-0.058135
2.686900,2.686581,-0.000170
2.686900,3.215442,0.054620
2.686900,10.685429,-0.063177
2.686900,2.902276,-0.027390
2.686900,2.688631,0.002711
2.686900,3.655365,0.082573
2.686900,7.679263,-0.119770
2.686900,2.794743,-0.016082
2.686900,2.715379,0.006630
2.686900,4.707117,0.118170
2.686900,5.107550,-0.124412
2.686900,2.726182,-0.007941
2.686900,2.785067,0.014951
2.686900,7.325068,0.123356
2.686900,3.733963,-0.086548
2.686900,2.690577,-0.003027
2.686900,2.890450,0.026202
2.686900,10.449621,0.069863
2.686900,3.243851,-0.056752
2.686900,2.686913,0.000004
2.686900,3.244912,0.056831
2.686900,10.440780,-0.070101
2.686900,2.890030,-0.026160
2.686900,2.690626,0.003036
2.686900,3.736091,0.086652
2.686900,7.316100,-0.123438
2.686900,2.784824,-0.014922
2.686900,2.726441,0.007973
2.686900,5.117230,0.124527
2.686900,4.699077,-0.118012
2.686900,2.715161,-0.006603
2.686900,2.794941,0.016105
2.686900,7.686438,0.119691
2.686900,3.653874,-0.082495
2.686900,2.688592,-0.002705
2.686900,2.902457,0.027408
2.686900,10.688853,0.063075
2.686900,3.215027,-0.054589
2.686900,2.686571,0.000172
2.686900,3.262659,0.058141
2.686900,10.292792,-0.073967
2.686900,2.883172,-0.025474
2.686900,2.690609,0.003085
2.686900,3.742889,0.086984
2.686900,7.287603,-0.123695
2.686900,2.784004,-0.014837
2.686900,2.725882,0.007915
2.686900,5.097974,0.124296
2.686900,4.715123,-0.118325
2.686900,2.715546,-0.006662
2.686900,2.793016,0.015894
2.686900,7.618792,0.120430
2.686900,3.668060,-0.083235
2.686900,2.688712,-0.002789
2.686900,2.892980,0.026468
2.686900,10.503423,0.068397
2.686900,3.237360,-0.056274
2.686900,2.686252,-0.000027
2.686900,3.229898,0.055715
2.686900,10.565521,-0.066663
2.686900,2.896053,-0.026776
2.686900,2.688423,0.002732
2.686900,3.655013,0.082557
2.686900,7.680881,-0.119753
2.686900,2.794739,-0.016092
2.686900,2.713995,0.006470
2.686900,4.657686,0.117181
2.686900,5.168309,-0.125112
2.686900,2.727773,-0.008142
2.686900,2.782530,0.014662
2.686900,7.232655,0.124178
2.686900,3.756246,-0.087628
2.686900,2.690959,-0.003137
2.686900,2.881825,0.025336
2.686900,10.262435,0.074734
2.686900,3.266314,-0.058407
2.686900,2.686637,-0.000191
2.686900,3.213558,0.054476
2.686900,10.700990,-0.062710
2.686900,2.903112,-0.027472
2.686900,2.688686,0.002711
2.686900,3.656327,0.082623
2.686900,7.674655,-0.119821
2.686900,2.794623,-0.016066
2.686900,2.715723,0.006670
2.686900,4.719563,0.118410
2.686900,5.092718,-0.124232
2.686900,2.725790,-0.007893
2.686900,2.785596,0.015011
2.686900,7.344370,0.123178
2.686900,3.729409,-0.086324
2.686900,2.690493,-0.003006
2.686900,2.892025,0.026360
2.686900,10.482359,0.068974
2.686900,3.239925,-0.056460
2.686900,2.686953,0.000037
2.686900,3.250147,0.057218
2.686900,10.397161,-0.071263
2.686900,2.887981,-0.025953
2.686900,2.690973,0.003092
2.686900,3.750079,0.087330
2.686900,7.257937,-0.123958
2.686900,2.783257,-0.014738
2.686900,2.728306,0.008197
2.686900,5.186770,0.125313
2.686900,4.643156,-0.116880
2.686900,2.713648,-0.006416
2.686900,2.796602,0.016295
2.686900,7.746018,0.119021
2.686900,3.641640,-0.081851
2.686900,2.688320,-0.002651
2.686900,2.905309,0.027692
2.686900,10.741623,0.061475
2.686900,3.208612,-0.054099
2.686900,2.686550,0.000216
2.686900,3.268423,0.058561
2.686900,10.244885,-0.075174
2.686900,2.881041,-0.025258
2.686900,2.690832,0.003128
2.686900,3.752797,0.087462
2.686900,7.246716,-0.124057
2.686900,2.782896,-0.014708
2.686900,2.726998,0.008051
2.686900,5.139742,0.124790
2.686900,4.680614,-0.117647
2.686900,2.714605,-0.006548
2.686900,2.793751,0.015980
2.686900,7.645660,0.120139
2.686900,3.662376,-0.082941
2.686900,2.688547,-0.002769
2.686900,2.893075,0.026479
2.686900,10.505493,0.068340
2.686900,3.237108,-0.056256
2.686900,2.686187,-0.000033
2.686900,3.228023,0.055575
2.686900,10.581079,-0.066221
2.686900,2.896830,-0.026855
2.686900,2.688202,0.002701
2.686900,3.646721,0.082121
2.686900,7.721038,-0.119304
2.686900,2.795850,-0.016221
2.686900,2.712752,0.006318
2.686900,4.612089,0.116222
2.686900,5.227140,-0.125735
2.686900,2.729342,-0.008332
2.686900,2.780999,0.014484
2.686900,7.175918,0.124659
2.686900,3.770343,-0.088300
2.686900,2.691279,-0.003196
2.686900,2.878853,0.025035
2.686900,10.194652,0.076418
2.686900,3.274483,-0.059000
2.686900,2.686605,-0.000253
2.686900,3.204376,0.053774
2.686900,10.776340,-0.060399
2.686900,2.907236,-0.027882
2.686900,2.688294,0.002634
2.686900,3.638702,0.081695
2.686900,7.760521,-0.118855
2.686900,2.797016,-0.016341
2.686900,2.713539,0.006400
2.686900,4.638772,0.116788
2.686900,5.192394,-0.125373
2.686900,2.728464,-0.008215
2.686900,2.783351,0.014747
2.686900,7.261074,0.123930
2.686900,3.749319,-0.087293
2.686900,2.690987,-0.003086
2.686900,2.889113,0.026066
2.686900,10.421196,0.070625
2.686900,3.247267,-0.057005
2.686900,2.687014,-0.000009
2.686900,3.244813,0.056823
2.686900,10.441649,-0.070078
2.686900,2.890081,-0.026163
2.686900,2.690870,0.003065
2.686900,3.744298,0.087050
2.686900,7.281830,-0.123746
2.686900,2.783911,-0.014812
2.686900,2.727853,0.008141
2.686900,5.169527,0.125125
2.686900,4.656731,-0.117161
2.686900,2.714026,-0.006460
2.686900,2.796514,0.016283
2.686900,7.742516,0.119061
2.686900,3.642356,-0.081889
2.686900,2.688380,-0.002649
2.686900,2.906534,0.027812
2.686900,10.763722,0.060792
2.686900,3.205920,-0.053893
2.686900,2.686621,0.000244
2.686900,3.273449,0.058926
2.686900,10.203224,-0.076207
2.686900,2.879226,-0.025073
2.686900,2.691269,0.003192
2.686900,3.769614,0.088265
2.686900,7.178822,-0.124635
2.686900,2.781079,-0.014492
2.686900,2.729320,0.008329
2.686900,5.226228,0.125725
2.686900,4.612781,-0.116237
2.686900,2.712773,-0.006320
2.686900,2.795905,0.016227
2.686900,7.722945,0.119283
2.686900,3.646331,-0.082101
2.686900,2.688204,-0.002698
2.686900,2.897247,0.026896
2.686900,10.589295,0.065987
2.686900,3.227034,-0.055500
2.686900,2.686203,0.000042
2.686900,3.238636,0.056370
2.686900,10.492778,-0.068690
2.686900,2.892458,-0.026417
2.686900,2.688646,0.002785
2.686900,3.666394,0.083149
2.686900,7.626634,-0.120345
2.686900,2.793226,-0.015920
2.686900,2.715150,0.006615
2.686900,4.700725,0.118045
2.686900,5.115226,-0.124504
2.686900,2.726341,-0.007972
2.686900,2.783468,0.014776
2.686900,7.267922,0.123870
2.686900,3.747637,-0.087214
2.686900,2.690706,-0.003107
2.686900,2.881839,0.025339
2.686900,10.262958,0.074721
2.686900,3.266246,-0.058403
2.686900,2.686542,-0.000201
2.686900,3.210518,0.054245
2.686900,10.725964,-0.061954
2.686900,2.904453,-0.027607
2.686900,2.688369,0.002664
2.686900,3.644197,0.081987
2.686900,7.733458,-0.119163
2.686900,2.796249,-0.016255
2.686900,2.713912,0.006449
2.686900,4.652961,0.117084
2.686900,5.174290,-0.125178
2.686900,2.727970,-0.008157
2.686900,2.783498,0.014766
2.686900,7.266939,0.123879
2.686900,3.747893,-0.087224
2.686900,2.690913,-0.003084
2.686900,2.888119,0.025967
2.686900,10.400162,0.071184
2.686900,3.249786,-0.057192
2.686900,2.686935,-0.000036
2.686900,3.239726,0.056445
2.686900,10.484013,-0.068929
2.686900,2.892103,-0.026368
2.686900,2.690443,0.002999
2.686900,3.727618,0.086236
2.686900,7.351997,-0.123107
2.686900,2.785801,-0.015036
2.686900,2.725502,0.007858
2.686900,5.082055,0.124100
2.686900,4.728605,-0.118583
2.686900,2.715966,-0.006700
2.686900,2.794330,0.016033
2.686900,7.664145,0.119936
2.686900,3.658520,-0.082738
2.686900,2.688730,-0.002721
2.686900,2.902477,0.027409
2.686900,10.689114,0.063067
2.686900,3.214998,-0.054586
2.686900,2.686634,0.000180
2.686900,3.264750,0.058293
2.686900,10.275434,-0.074407
2.686900,2.882402,-0.025395
2.686900,2.690873,0.003122
2.686900,3.752704,0.087457
2.686900,7.247112,-0.124053
2.686900,2.782919,-0.014708
2.686900,2.727330,0.008089
2.686900,5.151742,0.124927
2.686900,4.670919,-0.117451
2.686900,2.714354,-0.006514
2.686900,2.794380,0.016050
2.686900,7.667899,0.119896
2.686900,3.657718,-0.082698
2.686900,2.688488,-0.002744
2.686900,2.895582,0.026729
2.686900,10.556105,0.066929
2.686900,3.231031,-0.055800
2.686900,2.686261,0.000020
2.686900,3.236538,0.056213
2.686900,10.510278,-0.068208
2.686900,2.893316,-0.026502
2.686900,2.688702,0.002786
2.686900,3.667366,0.083199
2.686900,7.622061,-0.120394
